ISO-10303-21;
HEADER;
FILE_DESCRIPTION (( 'STEP AP214' ),
    '1' );
FILE_NAME ('Part5 washer spot 2.STEP',
    '2025-08-01T10:42:33',
    ( '' ),
    ( '' ),
    'SwSTEP 2.0',
    'SolidWorks 2025',
    '' );
FILE_SCHEMA (( 'AUTOMOTIVE_DESIGN' ));
ENDSEC;

DATA;
#1 = FACE_OUTER_BOUND ( 'NONE', #4, .T. ) ;
#2 = DIRECTION ( 'NONE',  ( 0.000000000000000000, 0.000000000000000000, 1.000000000000000000 ) ) ;
#3 = CARTESIAN_POINT ( 'NONE',  ( -2.636462167466073758, 0.06661796840007426501, 2.313253583262054658 ) ) ;
#4 = EDGE_LOOP ( 'NONE', ( #331 ) ) ;
#5 = CARTESIAN_POINT ( 'NONE',  ( -4.756062980848327015, 0.6826548371168680296, 7.359241073209101813 ) ) ;
#6 = CARTESIAN_POINT ( 'NONE',  ( -5.234123256668296698, -1.341643872512838120, -7.409016235616080692 ) ) ;
#7 = AXIS2_PLACEMENT_3D ( 'NONE', #1071, #991, #569 ) ;
#8 = DIRECTION ( 'NONE',  ( 0.000000000000000000, 0.9924053780081172338, -0.1230104292349477463 ) ) ;
#9 = DIRECTION ( 'NONE',  ( 0.000000000000000000, 0.000000000000000000, -1.000000000000000000 ) ) ;
#10 = DIRECTION ( 'NONE',  ( 0.000000000000000000, 0.9924053780081161236, -0.1230104292349562811 ) ) ;
#11 = CARTESIAN_POINT ( 'NONE',  ( -3.643172212549974809, -1.208038696371645848, -8.118431092441666053 ) ) ;
#12 = DIRECTION ( 'NONE',  ( -0.000000000000000000, 1.000000000000000000, -0.000000000000000000 ) ) ;
#13 = CARTESIAN_POINT ( 'NONE',  ( -6.149999996275722580, -1.657405323562188393, 5.357000435908615188 ) ) ;
#14 = CARTESIAN_POINT ( 'NONE',  ( -4.014804974551348771, -1.238439868425599277, 7.963181639926868449 ) ) ;
#15 = CARTESIAN_POINT ( 'NONE',  ( 5.768262639697977257, -1.477163152851518557, -6.608322868466720124 ) ) ;
#16 = CARTESIAN_POINT ( 'NONE',  ( 3.441816481483213952, -1.223443170285947623, 8.039137589704859366 ) ) ;
#17 = CARTESIAN_POINT ( 'NONE',  ( 6.000219519586539541, -2.000031359936068398, 0.3884744463916663948 ) ) ;
#18 = DIRECTION ( 'NONE',  ( 0.000000000000000000, 0.000000000000000000, 1.000000000000000000 ) ) ;
#19 = CARTESIAN_POINT ( 'NONE',  ( -5.856465242939033367, -1.502998179490218300, -6.444511720822116985 ) ) ;
#20 = CARTESIAN_POINT ( 'NONE',  ( 3.039274057094742076, 0.03787791907654267098, 1.750734215203941568 ) ) ;
#21 = DIRECTION ( 'NONE',  ( -0.000000000000000000, 0.9810509352220218027, 0.1937499999999900691 ) ) ;
#22 = CIRCLE ( 'NONE', #472, 0.09999999999999939493 ) ;
#23 = EDGE_LOOP ( 'NONE', ( #290, #456, #418, #28 ) ) ;
#24 = CARTESIAN_POINT ( 'NONE',  ( 4.705825955312850084, -1.295642163148216675, -7.660369403631817065 ) ) ;
#25 = CARTESIAN_POINT ( 'NONE',  ( -4.217272225864530988, -1.233761345516231067, -7.986970363125402983 ) ) ;
#26 = LINE ( 'NONE', #963, #633 ) ;
#27 = CARTESIAN_POINT ( 'NONE',  ( 5.999778581054855842, -1.999968368727025103, -0.3952260834535445966 ) ) ;
#28 = ORIENTED_EDGE ( 'NONE', *, *, #710, .T. ) ;
#29 = DIRECTION ( 'NONE',  ( -0.000000000000000000, 0.9810509352220219137, 0.1937499999999900691 ) ) ;
#30 = CARTESIAN_POINT ( 'NONE',  ( 3.644804543155010457, -1.105917115111878957, -8.118101879440668966 ) ) ;
#31 = CARTESIAN_POINT ( 'NONE',  ( -4.581469551845314570, -1.163284315889050902, 7.818981607877851125 ) ) ;
#32 = CARTESIAN_POINT ( 'NONE',  ( -3.644817213397807620, -1.204256630763971270, 8.137523170664460181 ) ) ;
#33 = CARTESIAN_POINT ( 'NONE',  ( -4.768847995842070198, -1.841309369447958755, 3.662157351134153416 ) ) ;
#34 = LINE ( 'NONE', #136, #1029 ) ;
#35 = CARTESIAN_POINT ( 'NONE',  ( -4.185753072731985824, -1.251745612526376394, -7.892960470290371511 ) ) ;
#36 = CARTESIAN_POINT ( 'NONE',  ( 0.000000000000000000, 0.1534192182064408883, 3.500000000000000000 ) ) ;
#37 = CARTESIAN_POINT ( 'NONE',  ( 6.250000000000000000, 40.00000000000000000, 0.000000000000000000 ) ) ;
#38 = CARTESIAN_POINT ( 'NONE',  ( -5.204343451782594165, -1.893179030798306961, 3.011331417795209298 ) ) ;
#39 = ORIENTED_EDGE ( 'NONE', *, *, #858, .F. ) ;
#40 = CARTESIAN_POINT ( 'NONE',  ( 4.581558284872396136, 0.7000133678642478374, -7.450951050404780673 ) ) ;
#41 = AXIS2_PLACEMENT_3D ( 'NONE', #244, #670, #939 ) ;
#42 = CIRCLE ( 'NONE', #58, 0.09999999999999997780 ) ;
#43 = CARTESIAN_POINT ( 'NONE',  ( 5.639237957709411830, -1.416048473811297281, -6.981511692106221467 ) ) ;
#44 = CARTESIAN_POINT ( 'NONE',  ( -6.150000000000001243, -1.681025876340908498, 5.166438027867965133 ) ) ;
#45 = CARTESIAN_POINT ( 'NONE',  ( -2.123621042283414528, -1.623038481609751171, -5.615015061825928910 ) ) ;
#46 = EDGE_CURVE ( 'NONE', #115, #918, #679, .T. ) ;
#47 = VERTEX_POINT ( 'NONE', #508 ) ;
#48 = CARTESIAN_POINT ( 'NONE',  ( 3.250000000000000444, -1.105917115118596028, 8.118101879442049196 ) ) ;
#49 = CARTESIAN_POINT ( 'NONE',  ( 6.250000000000000000, -1.532093095852893549, 5.547365124537513736 ) ) ;
#50 = CARTESIAN_POINT ( 'NONE',  ( -5.797513307058642873, -1.971513398626437263, 1.558079623437026218 ) ) ;
#51 = EDGE_LOOP ( 'NONE', ( #944, #70, #643, #145 ) ) ;
#52 = FACE_OUTER_BOUND ( 'NONE', #297, .T. ) ;
#53 = CARTESIAN_POINT ( 'NONE',  ( 3.448179704839568149, -1.105917115118596028, 8.118101879442047419 ) ) ;
#54 = CARTESIAN_POINT ( 'NONE',  ( 1.561908868233275571, -1.596773065530786351, 5.806420447612985036 ) ) ;
#55 = EDGE_LOOP ( 'NONE', ( #818 ) ) ;
#56 = CARTESIAN_POINT ( 'NONE',  ( 6.073335627267148595, -1.581347039798460585, 5.925701239699047385 ) ) ;
#57 = AXIS2_PLACEMENT_3D ( 'NONE', #1018, #249, #677 ) ;
#58 = AXIS2_PLACEMENT_3D ( 'NONE', #824, #644, #302 ) ;
#59 = EDGE_CURVE ( 'NONE', #235, #937, #759, .T. ) ;
#60 = CARTESIAN_POINT ( 'NONE',  ( -4.026433098747090433, -1.124145342872493014, -8.024221856570754596 ) ) ;
#61 = CARTESIAN_POINT ( 'NONE',  ( 3.633629161346789704, -1.223443170285958947, -8.039137589704811404 ) ) ;
#62 = CARTESIAN_POINT ( 'NONE',  ( -0.4588025284080675670, 0.1514058130812741265, 3.477288429303833972 ) ) ;
#63 = ORIENTED_EDGE ( 'NONE', *, *, #410, .F. ) ;
#64 = CARTESIAN_POINT ( 'NONE',  ( 5.635406028280993240, -1.415197362124106295, 6.986579611496128273 ) ) ;
#65 = CARTESIAN_POINT ( 'NONE',  ( 5.511198082663056219, -1.289851412944124753, -7.115980208297878029 ) ) ;
#66 = PRODUCT_DEFINITION ( 'General', '', #977, #922 ) ;
#67 = CARTESIAN_POINT ( 'NONE',  ( 4.026486946297288760, 0.7395255127673243667, 7.656147504381148217 ) ) ;
#68 = CARTESIAN_POINT ( 'NONE',  ( -6.250000000000000000, -1.581785338540100838, -5.154136984944421407 ) ) ;
#69 = CARTESIAN_POINT ( 'NONE',  ( -3.477384388914965818, 0.001997271366481207476, -0.4584593179881546465 ) ) ;
#70 = ORIENTED_EDGE ( 'NONE', *, *, #465, .F. ) ;
#71 = CARTESIAN_POINT ( 'NONE',  ( 5.766409065973965298, -1.476634675541624642, 6.611658066526606703 ) ) ;
#72 = CARTESIAN_POINT ( 'NONE',  ( 3.250000000000000444, 0.7579625911192031662, 7.750000000000000000 ) ) ;
#73 = CARTESIAN_POINT ( 'NONE',  ( -3.250000000000001332, -1.105917115118593363, 8.118101879442047419 ) ) ;
#74 = CARTESIAN_POINT ( 'NONE',  ( 2.310993091379431430, 0.08678527336055880115, -2.638440637913399112 ) ) ;
#75 = ORIENTED_EDGE ( 'NONE', *, *, #210, .T. ) ;
#76 = CARTESIAN_POINT ( 'NONE',  ( 6.250000000000000888, -1.532295241179481460, 5.545765491169266426 ) ) ;
#77 = B_SPLINE_CURVE_WITH_KNOTS ( 'NONE', 3,
 ( #486, #232, #1012, #60, #420, #333, #663, #503, #511, #745, #156, #498, #248, #1004, #843, #1085 ),
 .UNSPECIFIED., .F., .F.,
 ( 4, 2, 2, 2, 2, 2, 2, 4 ),
 ( 0.000000000000000000, 0.0005861014159842197315, 0.001172202831968438162, 0.001758304247952656484, 0.002344405663936874589, 0.002930507079921093345, 0.003516608495905311667, 0.004688811327873748311 ),
 .UNSPECIFIED. ) ;
#78 = AXIS2_PLACEMENT_3D ( 'NONE', #1036, #782, #9 ) ;
#79 = CARTESIAN_POINT ( 'NONE',  ( 0.000000000000000000, -2.250000000000000000, 0.000000000000000000 ) ) ;
#80 = CARTESIAN_POINT ( 'NONE',  ( -6.250000000000000000, 0.2872364647110783875, -4.785019580965855113 ) ) ;
#81 = CARTESIAN_POINT ( 'NONE',  ( -2.313771378374127163, 0.08662372446285762639, 2.636007759770699010 ) ) ;
#82 = CARTESIAN_POINT ( 'NONE',  ( -6.250000000000000000, 40.00000000000000000, 0.000000000000000000 ) ) ;
#83 = CARTESIAN_POINT ( 'NONE',  ( 4.217001639689121006, 0.7284751551763932742, 7.599539788956785280 ) ) ;
#84 = CARTESIAN_POINT ( 'NONE',  ( 5.511141513684118642, -1.289840558055751485, -7.116043327139636610 ) ) ;
#85 = DIRECTION ( 'NONE',  ( -0.000000000000000000, -1.000000000000000000, -0.000000000000000000 ) ) ;
#86 = ORIENTED_EDGE ( 'NONE', *, *, #666, .F. ) ;
#87 = CARTESIAN_POINT ( 'NONE',  ( 0.000000000000000000, -2.250000000000000000, 0.000000000000000000 ) ) ;
#88 = CARTESIAN_POINT ( 'NONE',  ( -6.250000000000001776, -1.581785338540103725, -5.154136984944423183 ) ) ;
#89 = CARTESIAN_POINT ( 'NONE',  ( -6.098766739659216896, -1.551027399741931712, 6.127506876039271688 ) ) ;
#90 = ORIENTED_EDGE ( 'NONE', *, *, #1077, .F. ) ;
#91 = EDGE_CURVE ( 'NONE', #896, #568, #619, .T. ) ;
#92 = FACE_OUTER_BOUND ( 'NONE', #761, .T. ) ;
#93 = AXIS2_PLACEMENT_3D ( 'NONE', #178, #1051, #8 ) ;
#94 = CARTESIAN_POINT ( 'NONE',  ( -3.629959866663721169, -1.227061584702832775, -8.020645598099008566 ) ) ;
#95 = CARTESIAN_POINT ( 'NONE',  ( 3.629959866663680312, -1.227061584702858088, 8.020645598098854023 ) ) ;
#96 = CIRCLE ( 'NONE', #709, 42.00000000000000711 ) ;
#97 = CARTESIAN_POINT ( 'NONE',  ( -5.948695501258454144, -1.496286480242198458, 6.487947869525838129 ) ) ;
#98 = CARTESIAN_POINT ( 'NONE',  ( 6.250000000000000000, -1.105917115118603133, -8.118101879441997681 ) ) ;
#99 = EDGE_LOOP ( 'NONE', ( #602, #853, #742, #443 ) ) ;
#100 = CARTESIAN_POINT ( 'NONE',  ( 5.857150188167239868, -1.503189556119957748, -6.443311425298113626 ) ) ;
#101 = VERTEX_POINT ( 'NONE', #549 ) ;
#102 = CARTESIAN_POINT ( 'NONE',  ( 2.315545282219878764, 0.08652059291945930763, 2.634455483313746793 ) ) ;
#103 = CARTESIAN_POINT ( 'NONE',  ( 5.797335429007619112, -1.971489014476591750, -1.558679369097437206 ) ) ;
#104 = ORIENTED_EDGE ( 'NONE', *, *, #596, .F. ) ;
#105 = CARTESIAN_POINT ( 'NONE',  ( 6.250000000000000000, 40.00000000000000000, 0.000000000000000000 ) ) ;
#106 = CARTESIAN_POINT ( 'NONE',  ( -4.580261584190463253, -1.163157701574937475, -7.819657794861689659 ) ) ;
#107 = CARTESIAN_POINT ( 'NONE',  ( -6.150000000000001243, -1.681025876340908276, 5.166438027867966909 ) ) ;
#108 = CARTESIAN_POINT ( 'NONE',  ( 6.250000000000000000, 0.1767125911192393706, -4.806847194333934148 ) ) ;
#109 = EDGE_CURVE ( 'NONE', #952, #952, #851, .T. ) ;
#110 = CARTESIAN_POINT ( 'NONE',  ( 4.537129630170548822, -1.278979387875020191, -7.749266903336931023 ) ) ;
#111 = CARTESIAN_POINT ( 'NONE',  ( -4.535919531876045241, -1.278853132008097804, -7.749942312321755900 ) ) ;
#112 = CARTESIAN_POINT ( 'NONE',  ( 0.000000000000000000, -1.569219381653066847, -6.000000000000000888 ) ) ;
#113 = CARTESIAN_POINT ( 'NONE',  ( 1.355252715606880543E-17, 0.1534192182064408883, 3.500000000000000888 ) ) ;
#114 = CARTESIAN_POINT ( 'NONE',  ( 3.250000000000000444, -1.223443170285947179, 8.039137589704859366 ) ) ;
#115 = VERTEX_POINT ( 'NONE', #1056 ) ;
#116 = CARTESIAN_POINT ( 'NONE',  ( -5.555476000136597925, -1.425642749287102440, -6.923970566034300056 ) ) ;
#117 = CARTESIAN_POINT ( 'NONE',  ( -4.755977505544956685, -1.180508988637571477, 7.727250308697953152 ) ) ;
#118 = DIRECTION ( 'NONE',  ( 0.000000000000000000, -0.9810509352220218027, -0.1937499999999900691 ) ) ;
#119 = CARTESIAN_POINT ( 'NONE',  ( -4.707153412600368902, -1.295782028110038953, 7.659617160563096050 ) ) ;
#120 = CARTESIAN_POINT ( 'NONE',  ( 3.250000000000000444, 0.7579625911192031662, -7.750000000000000000 ) ) ;
#121 = CARTESIAN_POINT ( 'NONE',  ( -3.630408686795286055, -1.227070426679538473, -8.020600526112350082 ) ) ;
#122 = FACE_OUTER_BOUND ( 'NONE', #648, .T. ) ;
#123 = CARTESIAN_POINT ( 'NONE',  ( 2.480423606309341888, -1.642762324194895651, 5.466819516410084567 ) ) ;
#124 = VERTEX_POINT ( 'NONE', #114 ) ;
#125 = CARTESIAN_POINT ( 'NONE',  ( -6.250000000000000000, 0.2872364647110783875, -4.785019580965855113 ) ) ;
#126 = CARTESIAN_POINT ( 'NONE',  ( -5.767168772743617389, -1.476843907775791775, -6.610345304208743222 ) ) ;
#127 = EDGE_CURVE ( 'NONE', #368, #514, #930, .T. ) ;
#128 = CARTESIAN_POINT ( 'NONE',  ( -5.637753014563708476, -1.315806816310514993, 6.963647947902122937 ) ) ;
#129 = CARTESIAN_POINT ( 'NONE',  ( -3.668265464252987051, -1.729477766002413652, -4.764418055467682045 ) ) ;
#130 = VERTEX_POINT ( 'NONE', #523 ) ;
#131 = CARTESIAN_POINT ( 'NONE',  ( 6.250000000000000000, 0.2872364647110783875, -4.785019580965856001 ) ) ;
#132 = TOROIDAL_SURFACE ( 'NONE', #599, 5.900000000000000355, 0.1000000000000000056 ) ;
#133 = CARTESIAN_POINT ( 'NONE',  ( 4.752518478789778733, -1.180158100813531341, 7.729124823415214784 ) ) ;
#134 = CARTESIAN_POINT ( 'NONE',  ( -0.7892163248149125510, -1.574904362033218819, -5.960995084441567116 ) ) ;
#135 = ORIENTED_EDGE ( 'NONE', *, *, #358, .F. ) ;
#136 = CARTESIAN_POINT ( 'NONE',  ( 6.250000000000000000, -1.223443170285949622, 8.039137589704861142 ) ) ;
#137 = CARTESIAN_POINT ( 'NONE',  ( -5.235751719739370813, -1.341896588852337313, 7.407607420981137558 ) ) ;
#138 = CARTESIAN_POINT ( 'NONE',  ( 6.250000000000002665, -1.556939648397800635, -5.350747642528567383 ) ) ;
#139 = EDGE_LOOP ( 'NONE', ( #341 ) ) ;
#140 = CARTESIAN_POINT ( 'NONE',  ( 0.000000000000000000, -2.000000000000008882, 0.000000000000000000 ) ) ;
#141 = PRODUCT ( 'Part5 washer spot 2', 'Part5 washer spot 2', '', ( #528 ) ) ;
#142 = CARTESIAN_POINT ( 'NONE',  ( -6.250000000000000000, 39.41874999999982521, -2.943152805666708005 ) ) ;
#143 = CARTESIAN_POINT ( 'NONE',  ( 4.014804974551346106, -1.238439868425606605, -7.963181639926814270 ) ) ;
#144 = CARTESIAN_POINT ( 'NONE',  ( -3.146674245788936286, 0.02946176722429373271, -1.549529547556871556 ) ) ;
#145 = ORIENTED_EDGE ( 'NONE', *, *, #149, .F. ) ;
#146 = CARTESIAN_POINT ( 'NONE',  ( 5.166948470593814235, -1.354962809749930663, 7.333828226442358655 ) ) ;
#147 = AXIS2_PLACEMENT_3D ( 'NONE', #754, #85, #573 ) ;
#148 = CARTESIAN_POINT ( 'NONE',  ( 5.234676924120809538, -1.242156000797668414, -7.388853155043432430 ) ) ;
#149 = EDGE_CURVE ( 'NONE', #301, #737, #533, .T. ) ;
#150 = AXIS2_PLACEMENT_3D ( 'NONE', #332, #605, #400 ) ;
#151 = DIRECTION ( 'NONE',  ( 0.000000000000000000, 1.000000000000000000, -0.000000000000000000 ) ) ;
#152 = DIRECTION ( 'NONE',  ( 0.000000000000000000, -0.9810509352220165846, 0.1937500000000164369 ) ) ;
#153 = CARTESIAN_POINT ( 'NONE',  ( -1.128557000120539389, 0.1380034830273825786, -3.320994967058941594 ) ) ;
#154 = ORIENTED_EDGE ( 'NONE', *, *, #46, .F. ) ;
#155 = CARTESIAN_POINT ( 'NONE',  ( 4.702480807553238940, -1.295302609197056309, 7.662186830180902852 ) ) ;
#156 = CARTESIAN_POINT ( 'NONE',  ( -5.633870329090673756, -1.314948282448315187, -6.968772494348838720 ) ) ;
#157 = CARTESIAN_POINT ( 'NONE',  ( 5.767168772743617389, -1.476843907775785558, 6.610345304208792072 ) ) ;
#158 = CARTESIAN_POINT ( 'NONE',  ( 0.9058775454101478664, 0.1437626853752915213, -3.388563448173012471 ) ) ;
#159 = EDGE_LOOP ( 'NONE', ( #1080 ) ) ;
#160 = CYLINDRICAL_SURFACE ( 'NONE', #185, 3.500000000000000000 ) ;
#161 = CARTESIAN_POINT ( 'NONE',  ( 6.250000000000000000, 0.3346540666862033442, 5.178556949577506785 ) ) ;
#162 = CARTESIAN_POINT ( 'NONE',  ( 4.040216694591590496, -1.121352282606868700, -8.039925429908635124 ) ) ;
#163 = ADVANCED_FACE ( 'NONE', ( #546 ), #1047, .T. ) ;
#164 = CARTESIAN_POINT ( 'NONE',  ( 1.751725287531915143, 0.1153919612665713357, -3.038826972660678916 ) ) ;
#165 = VERTEX_POINT ( 'NONE', #274 ) ;
#166 = MECHANICAL_DESIGN_GEOMETRIC_PRESENTATION_REPRESENTATION (  '', ( #1011 ), #813 ) ;
#167 = CARTESIAN_POINT ( 'NONE',  ( 3.250000000000000444, 39.41875000000010942, 2.943152805665668392 ) ) ;
#168 = CYLINDRICAL_SURFACE ( 'NONE', #327, 0.09999999999999939493 ) ;
#169 = CARTESIAN_POINT ( 'NONE',  ( -3.500123459247334701, -1.080268256620415739E-05, -0.2264751795521373623 ) ) ;
#170 = ORIENTED_EDGE ( 'NONE', *, *, #149, .T. ) ;
#171 = CARTESIAN_POINT ( 'NONE',  ( 6.231449262948133061, -1.631125505022706479, -5.557552180978620804 ) ) ;
#172 = CARTESIAN_POINT ( 'NONE',  ( 3.250000000000000444, -1.223443170285947179, 8.039137589704859366 ) ) ;
#173 = CARTESIAN_POINT ( 'NONE',  ( 1.132842643532996574, 0.1378740803746224264, 3.319430742588186156 ) ) ;
#174 = ORIENTED_EDGE ( 'NONE', *, *, #264, .T. ) ;
#175 = CARTESIAN_POINT ( 'NONE',  ( -6.097287861833450506, 0.4141170045184714432, 5.743769966343710287 ) ) ;
#176 = CARTESIAN_POINT ( 'NONE',  ( -3.250000000000001332, -1.223443170285947179, 8.039137589704859366 ) ) ;
#177 = CARTESIAN_POINT ( 'NONE',  ( 4.026460023430859181, -1.124146619578138662, 8.024215248753838736 ) ) ;
#178 = CARTESIAN_POINT ( 'NONE',  ( -6.150000000000001243, -1.581785338540096841, 5.154136984944471145 ) ) ;
#179 = CARTESIAN_POINT ( 'NONE',  ( -5.023969371699434916, -1.334106106390905655, 7.450034949259415562 ) ) ;
#180 = ORIENTED_EDGE ( 'NONE', *, *, #879, .F. ) ;
#181 = DIRECTION ( 'NONE',  ( 0.000000000000000000, 0.000000000000000000, 1.000000000000000000 ) ) ;
#182 = CIRCLE ( 'NONE', #921, 5.900000000000000355 ) ;
#183 = CARTESIAN_POINT ( 'NONE',  ( -6.170692028083006875, -1.477250417373057401, -5.937382874650172226 ) ) ;
#184 = APPLICATION_PROTOCOL_DEFINITION ( 'draft international standard', 'automotive_design', 1998, #699 ) ;
#185 = AXIS2_PLACEMENT_3D ( 'NONE', #140, #12, #502 ) ;
#186 = CARTESIAN_POINT ( 'NONE',  ( -5.855099281624404739, -1.368716501516310968, 6.641661570405844373 ) ) ;
#187 = CARTESIAN_POINT ( 'NONE',  ( 2.117546596292497085, -1.622723724149045754, -5.617352161636124386 ) ) ;
#188 = B_SPLINE_CURVE_WITH_KNOTS ( 'NONE', 3,
 ( #532, #527, #200, #722, #461, #1060, #628, #544, #803, #888, #970, #117, #31, #372, #488, #747 ),
 .UNSPECIFIED., .F., .F.,
 ( 4, 2, 2, 2, 2, 2, 2, 4 ),
 ( 1.748223473168675632E-18, 0.0005861064339046218432, 0.001172212867809241952, 0.001758319301713862168, 0.002344425735618482168, 0.002930532169523102169, 0.003516638603427722602, 0.004688851471236961735 ),
 .UNSPECIFIED. ) ;
#189 = EDGE_CURVE ( 'NONE', #990, #124, #220, .T. ) ;
#190 = CARTESIAN_POINT ( 'NONE',  ( -5.083822278659414273, 0.6428392528646340587, 7.143245603718567871 ) ) ;
#191 = CARTESIAN_POINT ( 'NONE',  ( -5.017702296801304307, -1.333265120730557696, -7.454684370592355336 ) ) ;
#192 = EDGE_CURVE ( 'NONE', #737, #165, #367, .T. ) ;
#193 = DIRECTION ( 'NONE',  ( -1.000000000000000000, 0.000000000000000000, 0.000000000000000000 ) ) ;
#194 = ORIENTED_EDGE ( 'NONE', *, *, #1021, .T. ) ;
#195 = CARTESIAN_POINT ( 'NONE',  ( 6.149999996275721692, -1.657405323562191723, -5.357000435908558345 ) ) ;
#196 = CARTESIAN_POINT ( 'NONE',  ( -5.079597705748517100, -1.318982681413620073, -7.533927080660951958 ) ) ;
#197 = CARTESIAN_POINT ( 'NONE',  ( 0.000000000000000000, -2.149999999999999911, 0.000000000000000000 ) ) ;
#198 = EDGE_CURVE ( 'NONE', #780, #780, #552, .T. ) ;
#199 = CARTESIAN_POINT ( 'NONE',  ( 6.150000000000000355, 40.00000000000000000, 0.000000000000000000 ) ) ;
#200 = CARTESIAN_POINT ( 'NONE',  ( -6.230648006181585430, -1.531204429056364447, 5.543920757805715027 ) ) ;
#201 = VECTOR ( 'NONE', #247, 1000.000000000000000 ) ;
#202 = CARTESIAN_POINT ( 'NONE',  ( -3.250000000000000888, -1.204256629748066354, 8.137523175804350473 ) ) ;
#203 = CARTESIAN_POINT ( 'NONE',  ( -6.150000000000003020, -1.657432872980413086, 5.356778176780102818 ) ) ;
#204 = CARTESIAN_POINT ( 'NONE',  ( -5.078716042134493236, 0.6435244220126945525, -7.147004954740313387 ) ) ;
#205 = DIRECTION ( 'NONE',  ( 0.000000000000000000, 1.000000000000000000, -0.000000000000000000 ) ) ;
#206 = CARTESIAN_POINT ( 'NONE',  ( 3.250000000000000444, 0.7579625911192050536, 7.750000000000000000 ) ) ;
#207 = CARTESIAN_POINT ( 'NONE',  ( -3.659929321972181793, -1.728748491991151770, 4.770754923959189320 ) ) ;
#208 = ORIENTED_EDGE ( 'NONE', *, *, #264, .F. ) ;
#209 = CARTESIAN_POINT ( 'NONE',  ( -5.946396775419984237, 0.4681381667879542241, -6.104464208489635446 ) ) ;
#210 = EDGE_CURVE ( 'NONE', #896, #301, #751, .T. ) ;
#211 = DIRECTION ( 'NONE',  ( -1.000000000000000000, -0.000000000000000000, -0.000000000000000000 ) ) ;
#212 = DIRECTION ( 'NONE',  ( -1.000000000000000000, -0.000000000000000000, -0.000000000000000000 ) ) ;
#213 = CARTESIAN_POINT ( 'NONE',  ( -5.619167336034960769, -1.947222730014048553, -2.112716075891172274 ) ) ;
#214 = ORIENTED_EDGE ( 'NONE', *, *, #645, .T. ) ;
#215 = CARTESIAN_POINT ( 'NONE',  ( -3.643075722475975997, 0.7541815037323191806, -7.730923756544433978 ) ) ;
#216 = CARTESIAN_POINT ( 'NONE',  ( -3.250000000000000888, -1.105917115118594918, 8.118101879442047419 ) ) ;
#217 = CARTESIAN_POINT ( 'NONE',  ( -1.360783752805707847, -1.591034971158214795, 5.846992108991289072 ) ) ;
#218 = VERTEX_POINT ( 'NONE', #73 ) ;
#219 = CARTESIAN_POINT ( 'NONE',  ( -3.250000000000001332, -1.125292115118611713, -8.019996785919797588 ) ) ;
#220 = CIRCLE ( 'NONE', #360, 0.09999999999999939493 ) ;
#221 = VECTOR ( 'NONE', #211, 1000.000000000000000 ) ;
#222 = CARTESIAN_POINT ( 'NONE',  ( 3.643048122018187840, -1.109652239977024557, 8.099019338591219253 ) ) ;
#223 = CARTESIAN_POINT ( 'NONE',  ( -5.960260781480443804, -1.994272758397274803, 0.7926460349599943056 ) ) ;
#224 = EDGE_LOOP ( 'NONE', ( #996 ) ) ;
#225 = CARTESIAN_POINT ( 'NONE',  ( -3.250000000000001332, 0.7579625911192031662, -7.750000000000000000 ) ) ;
#226 = CARTESIAN_POINT ( 'NONE',  ( 3.250000000000000444, 39.41874999999982521, -2.943152805666708005 ) ) ;
#227 = CARTESIAN_POINT ( 'NONE',  ( -0.3895143802999346261, -1.569197837942026830, 6.000149259219526243 ) ) ;
#228 = EDGE_LOOP ( 'NONE', ( #588, #1070, #913, #857 ) ) ;
#229 = CARTESIAN_POINT ( 'NONE',  ( 4.216968185406558156, -1.135079080758254255, 7.967588474488223937 ) ) ;
#230 = DIRECTION ( 'NONE',  ( 0.000000000000000000, 0.000000000000000000, -1.000000000000000000 ) ) ;
#231 = UNCERTAINTY_MEASURE_WITH_UNIT (LENGTH_MEASURE( 1.000000000000000082E-05 ), #889, 'distance_accuracy_value', 'NONE');
#232 = CARTESIAN_POINT ( 'NONE',  ( -3.448179704839569037, -1.105917115118603133, -8.118101879441997681 ) ) ;
#233 = CARTESIAN_POINT ( 'NONE',  ( 3.646358231379710269, -1.105917115118606020, -8.118101879441995905 ) ) ;
#234 = CARTESIAN_POINT ( 'NONE',  ( -3.477615951701928942, 0.001977487742146286694, 0.4574371215311666683 ) ) ;
#235 = VERTEX_POINT ( 'NONE', #80 ) ;
#236 = FACE_OUTER_BOUND ( 'NONE', #469, .T. ) ;
#237 = DIRECTION ( 'NONE',  ( 0.000000000000000000, 0.000000000000000000, 1.000000000000000000 ) ) ;
#238 = CIRCLE ( 'NONE', #344, 40.00000000000000000 ) ;
#239 = CARTESIAN_POINT ( 'NONE',  ( 5.946396775419984237, 0.4681381667879538910, 6.104464208489637222 ) ) ;
#240 = CARTESIAN_POINT ( 'NONE',  ( 5.019039773054692510, -1.333446566301714098, 7.453680216864512431 ) ) ;
#241 = CARTESIAN_POINT ( 'NONE',  ( 0.2271854965228679579, 0.1534265078232997515, -3.500082990379062675 ) ) ;
#242 = EDGE_LOOP ( 'NONE', ( #581 ) ) ;
#243 = CARTESIAN_POINT ( 'NONE',  ( 4.752566352107002956, -1.180163074347600594, 7.729098172989968596 ) ) ;
#244 = CARTESIAN_POINT ( 'NONE',  ( -3.250000000000001332, -1.125292115118599501, 8.019996785919847326 ) ) ;
#245 = LINE ( 'NONE', #765, #992 ) ;
#246 = CARTESIAN_POINT ( 'NONE',  ( 3.036246956983078338, 0.03810935000439002324, -1.755997662733604914 ) ) ;
#247 = DIRECTION ( 'NONE',  ( -1.000000000000000000, -0.000000000000000000, -0.000000000000000000 ) ) ;
#248 = CARTESIAN_POINT ( 'NONE',  ( -5.946302954783018180, -1.395581720469927234, -6.472729551544228244 ) ) ;
#249 = DIRECTION ( 'NONE',  ( 0.000000000000000000, -0.1937500000000164646, -0.9810509352220166956 ) ) ;
#250 = CARTESIAN_POINT ( 'NONE',  ( 3.500222369638344766, -1.945733425269416741E-05, 0.2277305245862432104 ) ) ;
#251 = ORIENTED_EDGE ( 'NONE', *, *, #772, .T. ) ;
#252 = CIRCLE ( 'NONE', #289, 3.600000000000000089 ) ;
#253 = FACE_OUTER_BOUND ( 'NONE', #835, .T. ) ;
#254 = DIRECTION ( 'NONE',  ( 0.000000000000000000, -0.1937499999999900968, 0.9810509352220219137 ) ) ;
#255 =( BOUNDED_SURFACE ( )  B_SPLINE_SURFACE ( 3, 2, ( 
 ( #775, #865, #966 ),
 ( #876, #346, #276 ),
 ( #94, #11, #882 ),
 ( #1038, #962, #872 ),
 ( #536, #25, #365 ),
 ( #111, #712, #106 ),
 ( #445, #452, #434 ),
 ( #191, #196, #796 ),
 ( #1050, #6, #717 ),
 ( #350, #1054, #281 ),
 ( #1033, #790, #611 ),
 ( #947, #617, #516 ),
 ( #19, #779, #439 ),
 ( #697, #860, #183 ),
 ( #260, #604, #951 ),
 ( #430, #266, #88 ) ),
 .UNSPECIFIED., .F., .F., .T. ) 
 B_SPLINE_SURFACE_WITH_KNOTS ( ( 4, 2, 2, 2, 2, 2, 2, 4 ),
 ( 3, 3 ),
 ( 0.000000000000000000, 0.0005665847657146770707, 0.001133169531429354141, 0.001699754297144031104, 0.002266339062858708283, 0.002832923828573385462, 0.003399508594288062208, 0.004532678125717416566 ),
 ( 0.000000000000000000, 1.000000000000000000 ),
 .UNSPECIFIED. ) 
 GEOMETRIC_REPRESENTATION_ITEM ( )  RATIONAL_B_SPLINE_SURFACE ( (
 ( 1.000000000000000000, 0.7062624742810356127, 1.000000000000000000),
 ( 1.000000000000000000, 0.7062629890649809727, 1.000000000000000000),
 ( 1.000000000000000000, 0.7061062646294581358, 1.000000000000000000),
 ( 1.000000000000000000, 0.7055289921145374565, 1.000000000000000000),
 ( 1.000000000000000000, 0.7051014055753480614, 1.000000000000000000),
 ( 1.000000000000000000, 0.7040992234126316474, 1.000000000000000000),
 ( 1.000000000000000000, 0.7035295181917651242, 1.000000000000000000),
 ( 1.000000000000000000, 0.7024062127975814196, 1.000000000000000000),
 ( 1.000000000000000000, 0.7018510045318604451, 1.000000000000000000),
 ( 1.000000000000000000, 0.7009870283668060420, 1.000000000000000000),
 ( 1.000000000000000000, 0.7006711270825761728, 1.000000000000000000),
 ( 1.000000000000000000, 0.7004619586730082004, 1.000000000000000000),
 ( 1.000000000000000000, 0.7005757328698485331, 1.000000000000000000),
 ( 1.000000000000000000, 0.7017698858039772558, 1.000000000000000000),
 ( 1.000000000000000000, 0.7037558824347975861, 1.000000000000000000),
 ( 1.000000000000000000, 0.7071067811865475727, 1.000000000000000000) ) ) 
 REPRESENTATION_ITEM ( '' )  SURFACE ( )  );
#256 =( NAMED_UNIT ( * ) SI_UNIT ( $, .STERADIAN. ) SOLID_ANGLE_UNIT ( ) );
#257 = ORIENTED_EDGE ( 'NONE', *, *, #772, .F. ) ;
#258 = ADVANCED_FACE ( 'NONE', ( #512 ), #855, .F. ) ;
#259 = CARTESIAN_POINT ( 'NONE',  ( 6.097251539242985352, -1.450580061361906647, -6.112143434508913842 ) ) ;
#260 = CARTESIAN_POINT ( 'NONE',  ( -6.149999995211015147, -1.633966938915719425, -5.546093174789743507 ) ) ;
#261 = CARTESIAN_POINT ( 'NONE',  ( 4.753198395193939163, -1.279330651666202856, 7.748316028727080251 ) ) ;
#262 = CARTESIAN_POINT ( 'NONE',  ( -6.097251539242897422, -1.450580061361860906, 6.112143434509172302 ) ) ;
#263 = CARTESIAN_POINT ( 'NONE',  ( -5.169807692720731929, -1.355403033478321806, 7.331348745248705612 ) ) ;
#264 = EDGE_CURVE ( 'NONE', #47, #653, #1076, .T. ) ;
#265 = FACE_OUTER_BOUND ( 'NONE', #638, .T. ) ;
#266 = CARTESIAN_POINT ( 'NONE',  ( -6.250000000000002665, -1.681025876340915381, -5.166438027867917171 ) ) ;
#267 = CARTESIAN_POINT ( 'NONE',  ( 6.170692028082915392, -1.477250417373072722, 5.937382874650446674 ) ) ;
#268 = CARTESIAN_POINT ( 'NONE',  ( -6.230653099211761692, -1.531210538250366238, 5.543875171980572780 ) ) ;
#269 = CARTESIAN_POINT ( 'NONE',  ( 4.767616063028501827, -1.841160878367369858, -3.664070934177469319 ) ) ;
#270 = CARTESIAN_POINT ( 'NONE',  ( 6.250000000000000000, -1.556944466828066975, -5.350709510864482432 ) ) ;
#271 = VECTOR ( 'NONE', #455, 1000.000000000000114 ) ;
#272 = DIRECTION ( 'NONE',  ( 0.000000000000000000, 0.000000000000000000, 1.000000000000000000 ) ) ;
#273 = CARTESIAN_POINT ( 'NONE',  ( -5.947051917599523563, -1.395793529146600376, 6.471409418108869716 ) ) ;
#274 = CARTESIAN_POINT ( 'NONE',  ( -3.250000000000001332, 0.7579625911192031662, -7.750000000000000000 ) ) ;
#275 = CARTESIAN_POINT ( 'NONE',  ( -6.250000000000000888, 0.3109447435548492455, 4.981783931794556253 ) ) ;
#276 = CARTESIAN_POINT ( 'NONE',  ( -3.448174656282750217, -1.105917115108966398, -8.118101879440095203 ) ) ;
#277 = DIRECTION ( 'NONE',  ( 0.000000000000000000, 0.000000000000000000, 1.000000000000000000 ) ) ;
#278 = SURFACE_SIDE_STYLE ('',( #366 ) ) ;
#279 = CARTESIAN_POINT ( 'NONE',  ( -6.058122747107863582, -1.582309273247232362, 5.911514026231537322 ) ) ;
#280 = CARTESIAN_POINT ( 'NONE',  ( 5.022638545076408612, -1.333924581472891724, -7.451040179732910218 ) ) ;
#281 = CARTESIAN_POINT ( 'NONE',  ( -5.509764392344851380, -1.289574510732552914, -7.117591719806514838 ) ) ;
#282 = CARTESIAN_POINT ( 'NONE',  ( -4.582013122208739908, -1.262274056590025673, 7.838276742258726060 ) ) ;
#283 = CARTESIAN_POINT ( 'NONE',  ( -3.250000000000001332, 0.7579625911192031662, -7.750000000000000000 ) ) ;
#284 = ORIENTED_EDGE ( 'NONE', *, *, #973, .T. ) ;
#285 = CARTESIAN_POINT ( 'NONE',  ( 4.040272090740637978, 0.7423235095406351958, -7.671852444927577785 ) ) ;
#286 = CARTESIAN_POINT ( 'NONE',  ( 4.756026851233379205, -1.180514141699681385, -7.727222681769831070 ) ) ;
#287 = CARTESIAN_POINT ( 'NONE',  ( -4.581513410531890429, -1.163288236005522114, 7.818960807343994901 ) ) ;
#288 = CARTESIAN_POINT ( 'NONE',  ( 5.198201877169191576, -1.892873255956321499, 3.002901585139550633 ) ) ;
#289 = AXIS2_PLACEMENT_3D ( 'NONE', #79, #998, #425 ) ;
#290 = ORIENTED_EDGE ( 'NONE', *, *, #912, .T. ) ;
#291 = CARTESIAN_POINT ( 'NONE',  ( -5.509829090234060089, 0.5733343965316453072, -6.749607183169067604 ) ) ;
#292 = DIRECTION ( 'NONE',  ( 0.000000000000000000, 0.000000000000000000, -1.000000000000000000 ) ) ;
#293 = CARTESIAN_POINT ( 'NONE',  ( 0.000000000000000000, 0.000000000000000000, 0.000000000000000000 ) ) ;
#294 = B_SPLINE_CURVE_WITH_KNOTS ( 'NONE', 3,
 ( #1030, #318, #62, #513, #766, #678, #404, #665, #81, #3, #340, #427, #856, #1112, #507, #234, #852, #169, #69, #687, #592, #144, #1006, #330, #411, #834, #580, #926, #422, #153, #1098, #672, #1014, #241, #931, #158, #500, #417, #164, #846, #74, #760, #1105, #246, #1019, #936, #335, #683, #1025, #250, #597, #943, #861, #436, #20, #347, #883, #102, #606, #538, #356, #173, #441, #705, #352, #113 ),
 .UNSPECIFIED., .T., .F.,
 ( 4, 2, 2, 2, 2, 2, 2, 2, 2, 2, 2, 2, 2, 2, 2, 2, 2, 2, 2, 2, 2, 2, 2, 2, 2, 2, 2, 2, 2, 2, 2, 2, 4 ),
 ( 0.000000000000000000, 0.0006841595744112050634, 0.001368319148822410127, 0.002052478723233615299, 0.002736638297644820254, 0.003420797872056025209, 0.004104957446467230597, 0.004789117020878435119, 0.005473276595289640507, 0.006157436169700845896, 0.006841595744112050417, 0.007525755318523255806, 0.008209914892934461195, 0.008894074467345665716, 0.009578234041756870237, 0.01026239361616807649, 0.01094655319057928101, 0.01163071276499048554, 0.01231487233940169179, 0.01299903191381289631, 0.01368319148822410083, 0.01436735106263530709, 0.01505151063704651161, 0.01573567021145771613, 0.01641982978586892239, 0.01710398936028012518, 0.01778814893469133143, 0.01847230850910253769, 0.01915646808351374047, 0.01984062765792494673, 0.02052478723233615299, 0.02120894680674735577, 0.02189310638115856203 ),
 .UNSPECIFIED. ) ;
#295 = LINE ( 'NONE', #299, #1082 ) ;
#296 = CARTESIAN_POINT ( 'NONE',  ( -1.553439720972336513, -1.597811523008999535, 5.798740073024868380 ) ) ;
#297 = EDGE_LOOP ( 'NONE', ( #615, #313, #902, #90 ) ) ;
#298 = CARTESIAN_POINT ( 'NONE',  ( 5.511262685444292764, 0.5730581516108089746, -6.747995455308759993 ) ) ;
#299 = CARTESIAN_POINT ( 'NONE',  ( -6.250000000000000000, 39.41875000000010942, 2.943152805665667504 ) ) ;
#300 = CARTESIAN_POINT ( 'NONE',  ( -4.521970707081346852, -1.813547931129010582, -3.962883589605578294 ) ) ;
#301 = VERTEX_POINT ( 'NONE', #426 ) ;
#302 = DIRECTION ( 'NONE',  ( 0.000000000000000000, 0.9924053780081172338, 0.1230104292349477463 ) ) ;
#303 = EDGE_CURVE ( 'NONE', #918, #218, #245, .T. ) ;
#304 = ADVANCED_FACE ( 'NONE', ( #1005 ), #504, .F. ) ;
#305 = DIRECTION ( 'NONE',  ( 0.000000000000000000, 0.1230104292349528672, -0.9924053780081166787 ) ) ;
#306 = CARTESIAN_POINT ( 'NONE',  ( -2.998082832196154346, -1.676835573836306104, 5.200967440049072188 ) ) ;
#307 = ORIENTED_EDGE ( 'NONE', *, *, #631, .T. ) ;
#308 = CARTESIAN_POINT ( 'NONE',  ( 6.250000000000000000, 40.00000000000000000, 0.000000000000000000 ) ) ;
#309 = AXIS2_PLACEMENT_3D ( 'NONE', #1075, #383, #997 ) ;
#310 = EDGE_CURVE ( 'NONE', #218, #990, #839, .T. ) ;
#311 = CARTESIAN_POINT ( 'NONE',  ( -6.150000000000001243, 40.00000000000000000, 0.000000000000000000 ) ) ;
#312 = CARTESIAN_POINT ( 'NONE',  ( 3.662082948533939231, -1.728960756024284562, 4.768827421161462965 ) ) ;
#313 = ORIENTED_EDGE ( 'NONE', *, *, #666, .T. ) ;
#314 = CARTESIAN_POINT ( 'NONE',  ( 3.250000000000000444, -1.105917115118594918, 8.118101879442049196 ) ) ;
#315 = FACE_OUTER_BOUND ( 'NONE', #23, .T. ) ;
#316 = DIRECTION ( 'NONE',  ( -0.000000000000000000, -1.000000000000000000, 0.000000000000000000 ) ) ;
#317 = CARTESIAN_POINT ( 'NONE',  ( 6.149999999999999467, -1.657432872980411753, -5.356778176780054856 ) ) ;
#318 = CARTESIAN_POINT ( 'NONE',  ( -0.2313453394003969488, 0.1534192182064408883, 3.499999999999999112 ) ) ;
#319 = ORIENTED_EDGE ( 'NONE', *, *, #358, .T. ) ;
#320 = CARTESIAN_POINT ( 'NONE',  ( 4.184735912067766073, -1.251682235334244497, 7.893290473130906371 ) ) ;
#321 = FACE_OUTER_BOUND ( 'NONE', #862, .T. ) ;
#322 = CARTESIAN_POINT ( 'NONE',  ( 6.150000000000000355, -1.681025876340913383, -5.166438027867918059 ) ) ;
#323 = CARTESIAN_POINT ( 'NONE',  ( 5.435567472369629449, -1.401171732885454047, 7.068308482386429503 ) ) ;
#324 = DIRECTION ( 'NONE',  ( -1.000000000000000000, 0.000000000000000000, -0.000000000000000000 ) ) ;
#325 = VERTEX_POINT ( 'NONE', #68 ) ;
#326 = CARTESIAN_POINT ( 'NONE',  ( 4.535919531876126953, -1.278853132008052285, 7.749942312322010807 ) ) ;
#327 = AXIS2_PLACEMENT_3D ( 'NONE', #769, #409, #2 ) ;
#328 = CARTESIAN_POINT ( 'NONE',  ( 5.633988657614703577, 0.5480323210495013919, 6.600692303402957428 ) ) ;
#329 = CARTESIAN_POINT ( 'NONE',  ( 5.947011494739165016, -1.395780735226735736, -6.471491123923423849 ) ) ;
#330 = CARTESIAN_POINT ( 'NONE',  ( -2.783881005256811925, 0.05648933617926210626, -2.133537999437260080 ) ) ;
#331 = ORIENTED_EDGE ( 'NONE', *, *, #655, .T. ) ;
#332 = CARTESIAN_POINT ( 'NONE',  ( -6.250000000000000000, 40.00000000000000000, 0.000000000000000000 ) ) ;
#333 = CARTESIAN_POINT ( 'NONE',  ( -4.580218016931556058, -1.163153808927663180, -7.819678448226619061 ) ) ;
#334 = DIRECTION ( 'NONE',  ( 1.000000000000000000, -0.000000000000000000, -0.000000000000000000 ) ) ;
#335 = CARTESIAN_POINT ( 'NONE',  ( 3.387513361059219630, 0.009710370490385341127, -0.9092838897406021470 ) ) ;
#336 = EDGE_LOOP ( 'NONE', ( #104, #475, #1000, #496 ) ) ;
#337 = ADVANCED_FACE ( 'NONE', ( #940 ), #168, .T. ) ;
#338 = DIRECTION ( 'NONE',  ( 0.000000000000000000, -0.9810509352220166956, 0.1937500000000164646 ) ) ;
#339 = CARTESIAN_POINT ( 'NONE',  ( 6.149999999999997691, -1.633838683631689603, 5.547127893832819900 ) ) ;
#340 = CARTESIAN_POINT ( 'NONE',  ( -2.781303125767385254, 0.05667306120928893715, 2.137125407286584622 ) ) ;
#341 = ORIENTED_EDGE ( 'NONE', *, *, #655, .F. ) ;
#342 = PRODUCT_DEFINITION_SHAPE ( 'NONE', 'NONE',  #66 ) ;
#343 = COLOUR_RGB ( '',0.7921568627450980005, 0.8196078431372548767, 0.9333333333333333481 ) ;
#344 = AXIS2_PLACEMENT_3D ( 'NONE', #934, #849, #656 ) ;
#345 = CARTESIAN_POINT ( 'NONE',  ( -5.947106063017744582, 0.4679409921041241538, 6.103223456048794127 ) ) ;
#346 = CARTESIAN_POINT ( 'NONE',  ( -3.448190094726685473, -1.204256630523109939, -8.137523171873640493 ) ) ;
#347 = CARTESIAN_POINT ( 'NONE',  ( 2.785731258647546227, 0.05636079346416065367, 2.131187096669096892 ) ) ;
#348 = CARTESIAN_POINT ( 'NONE',  ( 8.131516293641283255E-16, -1.569219381653066847, -6.000000000000001776 ) ) ;
#349 = CARTESIAN_POINT ( 'NONE',  ( -4.040272090740639754, 0.7423235095406349737, 7.671852444927577785 ) ) ;
#350 = CARTESIAN_POINT ( 'NONE',  ( -5.434438913068263766, -1.400954214327198466, -7.069581005543801311 ) ) ;
#351 = CARTESIAN_POINT ( 'NONE',  ( 6.250944325184128125, -1.632124332726247573, 5.560958678018176116 ) ) ;
#352 = CARTESIAN_POINT ( 'NONE',  ( 0.2313453394003969765, 0.1534192182064409160, 3.500000000000002665 ) ) ;
#353 = CARTESIAN_POINT ( 'NONE',  ( 0.3969330072068335546, -1.569219381653067069, -6.000000000000000888 ) ) ;
#354 = PLANE ( 'NONE',  #923 ) ;
#355 = FACE_OUTER_BOUND ( 'NONE', #620, .T. ) ;
#356 = CARTESIAN_POINT ( 'NONE',  ( 1.553793535432195227, 0.1236909339917293404, 3.144467929411192575 ) ) ;
#357 = CARTESIAN_POINT ( 'NONE',  ( 1.930205516186523695, -1.613581761554846894, -5.684465488567458813 ) ) ;
#358 = EDGE_CURVE ( 'NONE', #755, #124, #1061, .T. ) ;
#359 = CARTESIAN_POINT ( 'NONE',  ( -6.150000000000001243, -1.681025876340922487, -5.166438027867918947 ) ) ;
#360 = AXIS2_PLACEMENT_3D ( 'NONE', #799, #530, #449 ) ;
#361 = AXIS2_PLACEMENT_3D ( 'NONE', #640, #1002, #230 ) ;
#362 = CARTESIAN_POINT ( 'NONE',  ( -6.231449262948135726, -1.631125505023311328, 5.557552180978738932 ) ) ;
#363 = CARTESIAN_POINT ( 'NONE',  ( 2.662308363933477029, -1.652807736599789301, -5.391355094645655655 ) ) ;
#364 = LINE ( 'NONE', #634, #582 ) ;
#365 = CARTESIAN_POINT ( 'NONE',  ( -4.216968185406670067, -1.135079080758847558, -7.967588474488239925 ) ) ;
#366 = SURFACE_STYLE_FILL_AREA ( #624 ) ;
#367 = LINE ( 'NONE', #283, #432 ) ;
#368 = VERTEX_POINT ( 'NONE', #176 ) ;
#369 = CARTESIAN_POINT ( 'NONE',  ( -4.580306031192264093, 0.7001449133246551160, -7.451648059849119932 ) ) ;
#370 = B_SPLINE_CURVE_WITH_KNOTS ( 'NONE', 3,
 ( #542, #899, #807, #978, #126, #116, #726, #583, #795, #716, #384, #35, #1053, #121, #983, #1059 ),
 .UNSPECIFIED., .F., .F.,
 ( 4, 2, 2, 2, 2, 2, 2, 4 ),
 ( 0.000000000000000000, 0.001143742524471986132, 0.001715613786707978657, 0.002287485048943970964, 0.002859356311179963705, 0.003431227573415956012, 0.004003098835651951355, 0.004574970097887946265 ),
 .UNSPECIFIED. ) ;
#371 = LINE ( 'NONE', #548, #221 ) ;
#372 = CARTESIAN_POINT ( 'NONE',  ( -4.040216694591593161, -1.121352282606860040, 8.039925429908684862 ) ) ;
#373 = CARTESIAN_POINT ( 'NONE',  ( -4.013903103270680894, -1.238400393052285775, 7.963381216377791283 ) ) ;
#374 = CARTESIAN_POINT ( 'NONE',  ( -3.168539826649847679, -1.689482926147840569, 5.098936326677549147 ) ) ;
#375 = ORIENTED_EDGE ( 'NONE', *, *, #596, .T. ) ;
#376 = CARTESIAN_POINT ( 'NONE',  ( -3.250000000000001332, 0.7579625911192031662, 7.750000000000000000 ) ) ;
#377 = PLANE ( 'NONE',  #361 ) ;
#378 = VECTOR ( 'NONE', #731, 1000.000000000000114 ) ;
#379 = CARTESIAN_POINT ( 'NONE',  ( -4.705825955312850972, -1.295642163148219117, 7.660369403631821505 ) ) ;
#380 = CARTESIAN_POINT ( 'NONE',  ( -5.800263109635573677, -1.971893626473886441, -1.547851669881139314 ) ) ;
#381 = TOROIDAL_SURFACE ( 'NONE', #675, 3.600000000000000089, 0.1000000000000000056 ) ;
#382 = ORIENTED_EDGE ( 'NONE', *, *, #773, .T. ) ;
#383 = DIRECTION ( 'NONE',  ( 1.000000000000000000, 0.000000000000000000, 0.000000000000000000 ) ) ;
#384 = CARTESIAN_POINT ( 'NONE',  ( -4.537155848261599900, -1.278964203736313587, -7.749351929859136234 ) ) ;
#385 = CARTESIAN_POINT ( 'NONE',  ( -4.040833681566517122, -1.219917858538492217, 8.059178694721159886 ) ) ;
#386 = CARTESIAN_POINT ( 'NONE',  ( -1.370763991898608536, -1.591362642953886741, -5.844663145086887113 ) ) ;
#387 = ADVANCED_FACE ( 'NONE', ( #692 ), #255, .T. ) ;
#388 = ORIENTED_EDGE ( 'NONE', *, *, #863, .T. ) ;
#389 = CARTESIAN_POINT ( 'NONE',  ( 5.855160010455923825, 0.4946934714366024721, -6.273546094199037526 ) ) ;
#390 = ADVANCED_FACE ( 'NONE', ( #955, #355 ), #132, .T. ) ;
#391 = CARTESIAN_POINT ( 'NONE',  ( -5.083764011238212532, -1.220123616063844896, 7.511210794157044290 ) ) ;
#392 = CARTESIAN_POINT ( 'NONE',  ( 2.660125141105531110, -1.653886597309591089, 5.381684003133863747 ) ) ;
#393 = ORIENTED_EDGE ( 'NONE', *, *, #863, .F. ) ;
#394 = DIRECTION ( 'NONE',  ( 0.000000000000000000, -0.9810509352220165846, 0.1937500000000164369 ) ) ;
#395 = B_SPLINE_CURVE_WITH_KNOTS ( 'NONE', 3,
 ( #225, #914, #215, #1064, #559, #369, #975, #204, #719, #291, #903, #639, #209, #554, #897, #125 ),
 .UNSPECIFIED., .F., .F.,
 ( 4, 2, 2, 2, 2, 2, 2, 4 ),
 ( 0.000000000000000000, 0.0005861428406834429984, 0.001172285681366885997, 0.001758428522050328995, 0.002344571362733771994, 0.002930714203417214992, 0.003516857044100657990, 0.004689142725467543987 ),
 .UNSPECIFIED. ) ;
#396 = PRODUCT_RELATED_PRODUCT_CATEGORY ( 'part', '', ( #141 ) ) ;
#397 = CARTESIAN_POINT ( 'NONE',  ( -5.084710947463751296, -1.319671691430208904, 7.530159925686807476 ) ) ;
#398 = CARTESIAN_POINT ( 'NONE',  ( 5.694480598633497870, -1.957179060029362372, 1.930717352392912423 ) ) ;
#399 = ORIENTED_EDGE ( 'NONE', *, *, #905, .T. ) ;
#400 = DIRECTION ( 'NONE',  ( 0.000000000000000000, 0.000000000000000000, -1.000000000000000000 ) ) ;
#401 = CIRCLE ( 'NONE', #563, 6.000000000000000888 ) ;
#402 = DIRECTION ( 'NONE',  ( 0.000000000000000000, 0.1937500000000157152, 0.9810509352220169177 ) ) ;
#403 = CARTESIAN_POINT ( 'NONE',  ( 4.707153412600365350, -1.295782028110052275, -7.659617160563048088 ) ) ;
#404 = CARTESIAN_POINT ( 'NONE',  ( -1.753385522264833574, 0.1153127699896189517, 3.037752022305633126 ) ) ;
#405 = ORIENTED_EDGE ( 'NONE', *, *, #945, .F. ) ;
#406 = CARTESIAN_POINT ( 'NONE',  ( 3.441568834362850104, -1.223443171028778531, 8.039137585895723248 ) ) ;
#407 = CARTESIAN_POINT ( 'NONE',  ( 5.083764011238268488, -1.220123616063215843, -7.511210794156828463 ) ) ;
#408 = LINE ( 'NONE', #142, #777 ) ;
#409 = DIRECTION ( 'NONE',  ( -1.000000000000000000, -0.000000000000000000, -0.000000000000000000 ) ) ;
#410 = EDGE_CURVE ( 'NONE', #130, #218, #188, .T. ) ;
#411 = CARTESIAN_POINT ( 'NONE',  ( -2.639291414339766551, 0.06643899119929105868, -2.310307954815572273 ) ) ;
#412 = ORIENTED_EDGE ( 'NONE', *, *, #109, .F. ) ;
#413 = CARTESIAN_POINT ( 'NONE',  ( 5.856465242938949878, -1.502998179490250275, 6.444511720821925138 ) ) ;
#414 = DIRECTION ( 'NONE',  ( 0.000000000000000000, -0.9810509352220219137, -0.1937499999999900691 ) ) ;
#415 = CARTESIAN_POINT ( 'NONE',  ( 5.857746160254328593, -1.503378889858234313, -6.442088743229755998 ) ) ;
#416 =( BOUNDED_SURFACE ( )  B_SPLINE_SURFACE ( 3, 2, ( 
 ( #107, #454, #447 ),
 ( #13, #786, #1045 ),
 ( #601, #362, #268 ),
 ( #948, #1035, #700 ),
 ( #517, #89, #262 ),
 ( #867, #97, #273 ),
 ( #1040, #613, #186 ),
 ( #529, #618, #128 ),
 ( #566, #979, #809 ),
 ( #556, #137, #900 ),
 ( #971, #397, #391 ),
 ( #379, #462, #727 ),
 ( #473, #282, #287 ),
 ( #373, #385, #641 ),
 ( #1072, #32, #816 ),
 ( #910, #202, #216 ) ),
 .UNSPECIFIED., .F., .F., .T. ) 
 B_SPLINE_SURFACE_WITH_KNOTS ( ( 4, 2, 2, 2, 2, 2, 2, 4 ),
 ( 3, 3 ),
 ( -1.734723475976807094E-18, 0.0005665882736561012826, 0.001133176547312204300, 0.001699764820968307317, 0.002266353094624410335, 0.002832941368280513135, 0.003399529641936616369, 0.004532706189248822404 ),
 ( 0.000000000000000000, 1.000000000000000000 ),
 .UNSPECIFIED. ) 
 GEOMETRIC_REPRESENTATION_ITEM ( )  RATIONAL_B_SPLINE_SURFACE ( (
 ( 1.000000000000000000, 0.7071067811865505703, 1.000000000000000000),
 ( 1.000000000000000000, 0.7054388720048589967, 1.000000000000000000),
 ( 1.000000000000000000, 0.7041106868657741602, 1.000000000000000000),
 ( 1.000000000000000000, 0.7020838116848989729, 1.000000000000000000),
 ( 1.000000000000000000, 0.7013824772063106394, 1.000000000000000000),
 ( 1.000000000000000000, 0.7005760546429473656, 1.000000000000000000),
 ( 1.000000000000000000, 0.7004636381662278088, 1.000000000000000000),
 ( 1.000000000000000000, 0.7006640571794094940, 1.000000000000000000),
 ( 1.000000000000000000, 0.7009830910568379814, 1.000000000000000000),
 ( 1.000000000000000000, 0.7018453921512641802, 1.000000000000000000),
 ( 1.000000000000000000, 0.7023882234874958552, 1.000000000000000000),
 ( 1.000000000000000000, 0.7035179860441616029, 1.000000000000000000),
 ( 1.000000000000000000, 0.7040949220968489852, 1.000000000000000000),
 ( 1.000000000000000000, 0.7055905944746757585, 1.000000000000000000),
 ( 1.000000000000000000, 0.7062833077595328524, 1.000000000000000000),
 ( 1.000000000000000000, 0.7062624742810266198, 1.000000000000000000) ) ) 
 REPRESENTATION_ITEM ( '' )  SURFACE ( )  );
#417 = CARTESIAN_POINT ( 'NONE',  ( 1.548290908507472974, 0.1239059443424127827, -3.147183403154655057 ) ) ;
#418 = ORIENTED_EDGE ( 'NONE', *, *, #91, .T. ) ;
#419 = CARTESIAN_POINT ( 'NONE',  ( 5.946343354826669980, -1.395594512330591730, 6.472647848594496267 ) ) ;
#420 = CARTESIAN_POINT ( 'NONE',  ( -4.216934668927145857, -1.135077015784703436, -7.967599208495851570 ) ) ;
#421 = CARTESIAN_POINT ( 'NONE',  ( 6.131343334559307579, -1.632927370820823620, -5.543807456457502170 ) ) ;
#422 = CARTESIAN_POINT ( 'NONE',  ( -1.552469119794782859, 0.1237503545715522985, -3.145232599639573134 ) ) ;
#423 = EDGE_LOOP ( 'NONE', ( #553, #135, #257, #823 ) ) ;
#424 = EDGE_CURVE ( 'NONE', #301, #47, #22, .T. ) ;
#425 = DIRECTION ( 'NONE',  ( 0.000000000000000000, 0.000000000000000000, 1.000000000000000000 ) ) ;
#426 = CARTESIAN_POINT ( 'NONE',  ( 3.250000000000000444, -1.105917115118602911, -8.118101879441999458 ) ) ;
#427 = CARTESIAN_POINT ( 'NONE',  ( -3.037169662438516049, 0.03804159678661110655, 1.754580441426491166 ) ) ;
#428 = ORIENTED_EDGE ( 'NONE', *, *, #858, .T. ) ;
#429 = CARTESIAN_POINT ( 'NONE',  ( 6.250000000000000000, -1.681025876340910497, -5.166438027867917171 ) ) ;
#430 = CARTESIAN_POINT ( 'NONE',  ( -6.150000000000002132, -1.681025876340915381, -5.166438027867918059 ) ) ;
#431 = VERTEX_POINT ( 'NONE', #770 ) ;
#432 = VECTOR ( 'NONE', #21, 1000.000000000000114 ) ;
#433 = CARTESIAN_POINT ( 'NONE',  ( -6.250000000000000000, 0.2872364647110783875, 4.785019580965851560 ) ) ;
#434 = CARTESIAN_POINT ( 'NONE',  ( -4.752566352107002068, -1.180163074348849150, -7.729098172990163995 ) ) ;
#435 = CARTESIAN_POINT ( 'NONE',  ( 4.580261584190573387, -1.163157701575512570, 7.819657794861808675 ) ) ;
#436 = CARTESIAN_POINT ( 'NONE',  ( 3.146634394505275711, 0.02946505194969718452, 1.549638397273464863 ) ) ;
#437 = DIRECTION ( 'NONE',  ( 0.000000000000000000, 0.000000000000000000, 1.000000000000000000 ) ) ;
#438 = CARTESIAN_POINT ( 'NONE',  ( 6.150000000000000355, -1.681025876340910497, -5.166438027867917171 ) ) ;
#439 = CARTESIAN_POINT ( 'NONE',  ( -5.946343354826627348, -1.395594512330607273, -6.472647848594558440 ) ) ;
#440 = CARTESIAN_POINT ( 'NONE',  ( 0.000000000000000000, -2.149999999999999911, 6.000000000000000888 ) ) ;
#441 = CARTESIAN_POINT ( 'NONE',  ( 0.9128474277570423068, 0.1436068159468717464, 3.386736973997965805 ) ) ;
#442 = CARTESIAN_POINT ( 'NONE',  ( 5.845796077847151828, -1.978230934815204067, -1.365894792915068434 ) ) ;
#443 = ORIENTED_EDGE ( 'NONE', *, *, #310, .F. ) ;
#444 = CARTESIAN_POINT ( 'NONE',  ( -3.250000000000001332, 0.7579625911192031662, 7.750000000000000000 ) ) ;
#445 = CARTESIAN_POINT ( 'NONE',  ( -4.702480807553240716, -1.295302609197051869, -7.662186830180948149 ) ) ;
#446 =( NAMED_UNIT ( * ) PLANE_ANGLE_UNIT ( ) SI_UNIT ( $, .RADIAN. ) );
#447 = CARTESIAN_POINT ( 'NONE',  ( -6.250000000000000888, -1.581785338540096619, 5.154136984944472033 ) ) ;
#448 = ADVANCED_BREP_SHAPE_REPRESENTATION ( 'Part5 washer spot 2', ( #506, #510 ), #690 ) ;
#449 = DIRECTION ( 'NONE',  ( 0.000000000000000000, 0.000000000000000000, -1.000000000000000000 ) ) ;
#450 = FACE_OUTER_BOUND ( 'NONE', #159, .T. ) ;
#451 = AXIS2_PLACEMENT_3D ( 'NONE', #987, #29, #649 ) ;
#452 = CARTESIAN_POINT ( 'NONE',  ( -4.753198395193868997, -1.279330651667594188, -7.748316028727294302 ) ) ;
#453 = VERTEX_POINT ( 'NONE', #36 ) ;
#454 = CARTESIAN_POINT ( 'NONE',  ( -6.250000000000000888, -1.681025876340907610, 5.166438027867966909 ) ) ;
#455 = DIRECTION ( 'NONE',  ( -0.000000000000000000, 0.9810509352220218027, 0.1937499999999900691 ) ) ;
#456 = ORIENTED_EDGE ( 'NONE', *, *, #960, .T. ) ;
#457 = CARTESIAN_POINT ( 'NONE',  ( 6.230661357480219209, 0.3357197511398921086, -5.175097625238068488 ) ) ;
#458 = ADVANCED_FACE ( 'NONE', ( #587, #840 ), #1092, .T. ) ;
#459 = EDGE_CURVE ( 'NONE', #453, #453, #294, .T. ) ;
#460 = CARTESIAN_POINT ( 'NONE',  ( 4.581513410531719011, -1.163288236004270448, -7.818960807343770192 ) ) ;
#461 = CARTESIAN_POINT ( 'NONE',  ( -6.097224689689106469, -1.450568317995451162, 6.112222632444873405 ) ) ;
#462 = CARTESIAN_POINT ( 'NONE',  ( -4.756663047416153312, -1.279685567360070442, 7.746437786449395624 ) ) ;
#463 = CARTESIAN_POINT ( 'NONE',  ( -2.651584985929503535, -1.653343511865706494, 5.385875977364605660 ) ) ;
#464 = CARTESIAN_POINT ( 'NONE',  ( 5.947106063017741917, 0.4679409921041246534, -6.103223456048798568 ) ) ;
#465 = EDGE_CURVE ( 'NONE', #733, #47, #26, .T. ) ;
#466 = CARTESIAN_POINT ( 'NONE',  ( 6.250000000000000000, -1.581785338540098840, -5.154136984944422295 ) ) ;
#467 = CYLINDRICAL_SURFACE ( 'NONE', #958, 40.00000000000000000 ) ;
#468 = CARTESIAN_POINT ( 'NONE',  ( -6.000340439822551275, -2.000048634242538093, -0.3914550663605272374 ) ) ;
#469 = EDGE_LOOP ( 'NONE', ( #1087 ) ) ;
#470 = FACE_OUTER_BOUND ( 'NONE', #423, .T. ) ;
#471 = CARTESIAN_POINT ( 'NONE',  ( 3.250000000000000444, -1.105917115118603800, -8.118101879441997681 ) ) ;
#472 = AXIS2_PLACEMENT_3D ( 'NONE', #495, #324, #917 ) ;
#473 = CARTESIAN_POINT ( 'NONE',  ( -4.537129630170714023, -1.278979387874991769, 7.749266903337063361 ) ) ;
#474 = CARTESIAN_POINT ( 'NONE',  ( -5.845243477796494780, -1.978154203056335048, 1.367983101239011345 ) ) ;
#475 = ORIENTED_EDGE ( 'NONE', *, *, #584, .T. ) ;
#476 = CARTESIAN_POINT ( 'NONE',  ( 6.154766883345399009, 0.3871541901636126326, -5.555106653970428354 ) ) ;
#477 = CYLINDRICAL_SURFACE ( 'NONE', #976, 0.09999999999999939493 ) ;
#478 = CARTESIAN_POINT ( 'NONE',  ( -0.3969330072068305570, -1.569219381653066847, -6.000000000000003553 ) ) ;
#479 = ORIENTED_EDGE ( 'NONE', *, *, #46, .T. ) ;
#480 = DIRECTION ( 'NONE',  ( -1.000000000000000000, -0.000000000000000000, -0.000000000000000000 ) ) ;
#481 = CARTESIAN_POINT ( 'NONE',  ( 6.250000000000000000, 0.2872364647110783875, -4.785019580965856001 ) ) ;
#482 = CARTESIAN_POINT ( 'NONE',  ( 6.230648006181584542, -1.531204429056367111, -5.543920757805664401 ) ) ;
#483 = ORIENTED_EDGE ( 'NONE', *, *, #540, .T. ) ;
#484 = CARTESIAN_POINT ( 'NONE',  ( 5.853181793725036997, -1.368166791334848753, 6.645102710570820470 ) ) ;
#485 =( BOUNDED_SURFACE ( )  B_SPLINE_SURFACE ( 3, 2, ( 
 ( #438, #429, #526 ),
 ( #195, #946, #270 ),
 ( #783, #171, #961 ),
 ( #696, #774, #871 ),
 ( #691, #1032, #259 ),
 ( #100, #603, #864 ),
 ( #15, #616, #789 ),
 ( #661, #43, #887 ),
 ( #837, #721, #65 ),
 ( #492, #920, #148 ),
 ( #280, #1010, #407 ),
 ( #24, #627, #286 ),
 ( #110, #802, #460 ),
 ( #1067, #814, #969 ),
 ( #750, #1089, #30 ),
 ( #1095, #669, #471 ) ),
 .UNSPECIFIED., .F., .F., .T. ) 
 B_SPLINE_SURFACE_WITH_KNOTS ( ( 4, 2, 2, 2, 2, 2, 2, 4 ),
 ( 3, 3 ),
 ( 0.000000000000000000, 0.0005665882736561025836, 0.001133176547312205167, 0.001699764820968307751, 0.002266353094624410335, 0.002832941368280513135, 0.003399529641936615502, 0.004532706189248820669 ),
 ( 0.000000000000000000, 1.000000000000000000 ),
 .UNSPECIFIED. ) 
 GEOMETRIC_REPRESENTATION_ITEM ( )  RATIONAL_B_SPLINE_SURFACE ( (
 ( 1.000000000000000000, 0.7071067811865482389, 1.000000000000000000),
 ( 1.000000000000000000, 0.7054388720048386796, 1.000000000000000000),
 ( 1.000000000000000000, 0.7041106868658095763, 1.000000000000000000),
 ( 1.000000000000000000, 0.7020838116848713284, 1.000000000000000000),
 ( 1.000000000000000000, 0.7013824772063144142, 1.000000000000000000),
 ( 1.000000000000000000, 0.7005760546429511404, 1.000000000000000000),
 ( 1.000000000000000000, 0.7004636381661003552, 1.000000000000000000),
 ( 1.000000000000000000, 0.7006640571795553774, 1.000000000000000000),
 ( 1.000000000000000000, 0.7009830910567081963, 1.000000000000000000),
 ( 1.000000000000000000, 0.7018453921514075100, 1.000000000000000000),
 ( 1.000000000000000000, 0.7023882234881065889, 1.000000000000000000),
 ( 1.000000000000000000, 0.7035179860435655241, 1.000000000000000000),
 ( 1.000000000000000000, 0.7040949220966475908, 1.000000000000000000),
 ( 1.000000000000000000, 0.7055905944751034164, 1.000000000000000000),
 ( 1.000000000000000000, 0.7062833077592254316, 1.000000000000000000),
 ( 1.000000000000000000, 0.7062624742810363898, 1.000000000000000000) ) ) 
 REPRESENTATION_ITEM ( '' )  SURFACE ( )  );
#486 = CARTESIAN_POINT ( 'NONE',  ( -3.250000000000001332, -1.105917115118602911, -8.118101879441997681 ) ) ;
#487 = CARTESIAN_POINT ( 'NONE',  ( 5.855052843363786508, -1.368703721347348523, -6.641741055954566875 ) ) ;
#488 = CARTESIAN_POINT ( 'NONE',  ( -3.646358231379712489, -1.105917115118597138, 8.118101879442047419 ) ) ;
#489 = ORIENTED_EDGE ( 'NONE', *, *, #572, .F. ) ;
#490 = CARTESIAN_POINT ( 'NONE',  ( 4.580761809817444963, -1.262142269552597895, 7.838973783968497422 ) ) ;
#491 = AXIS2_PLACEMENT_3D ( 'NONE', #167, #414, #740 ) ;
#492 = CARTESIAN_POINT ( 'NONE',  ( 5.168521027104707954, -1.355204811322042735, -7.332465296273208644 ) ) ;
#493 = CARTESIAN_POINT ( 'NONE',  ( 5.853241712149034548, 0.4952371361437330477, 6.276990018762231394 ) ) ;
#494 = CARTESIAN_POINT ( 'NONE',  ( 5.637697982752950310, -1.315794895803071629, -6.963718779615252430 ) ) ;
#495 = CARTESIAN_POINT ( 'NONE',  ( 3.250000000000000444, -1.125292115118602165, -8.019996785919795812 ) ) ;
#496 = ORIENTED_EDGE ( 'NONE', *, *, #645, .F. ) ;
#497 = CARTESIAN_POINT ( 'NONE',  ( 3.643172212549940614, -1.208038696371097620, 8.118431092441234398 ) ) ;
#498 = CARTESIAN_POINT ( 'NONE',  ( -5.853134542380316496, -1.368153850684122208, -6.645183123695337812 ) ) ;
#499 = CARTESIAN_POINT ( 'NONE',  ( 6.002675938595378291, -1.555903492117307829, -6.094083327672032091 ) ) ;
#500 = CARTESIAN_POINT ( 'NONE',  ( 1.126971290685162108, 0.1380414845392720080, -3.321430989864222028 ) ) ;
#501 = ORIENTED_EDGE ( 'NONE', *, *, #941, .F. ) ;
#502 = DIRECTION ( 'NONE',  ( 0.000000000000000000, 0.000000000000000000, 1.000000000000000000 ) ) ;
#503 = CARTESIAN_POINT ( 'NONE',  ( -5.078602783346083172, -1.219433655483667556, -7.515012024782429023 ) ) ;
#504 = PLANE ( 'NONE',  #579 ) ;
#505 = EDGE_CURVE ( 'NONE', #514, #130, #739, .T. ) ;
#506 = MANIFOLD_SOLID_BREP ( 'Fillet2', #689 ) ;
#507 = CARTESIAN_POINT ( 'NONE',  ( -3.387666702161562959, 0.009697702211745578421, 0.9092720950036055072 ) ) ;
#508 = CARTESIAN_POINT ( 'NONE',  ( 3.250000000000000444, -1.223443170285959170, -8.039137589704809628 ) ) ;
#509 = ADVANCED_FACE ( 'NONE', ( #522 ), #416, .T. ) ;
#510 = AXIS2_PLACEMENT_3D ( 'NONE', #293, #277, #956 ) ;
#511 = CARTESIAN_POINT ( 'NONE',  ( -5.232993598201632679, -1.241896702456551038, -7.390308007278996172 ) ) ;
#512 = FACE_OUTER_BOUND ( 'NONE', #626, .T. ) ;
#513 = CARTESIAN_POINT ( 'NONE',  ( -0.9062654592046284208, 0.1437423232410514895, 3.388320748998918663 ) ) ;
#514 = VERTEX_POINT ( 'NONE', #44 ) ;
#515 = FACE_BOUND ( 'NONE', #908, .T. ) ;
#516 = CARTESIAN_POINT ( 'NONE',  ( -5.853181793725079629, -1.368166791335467369, -6.645102710570827576 ) ) ;
#517 = CARTESIAN_POINT ( 'NONE',  ( -6.002343153447099233, -1.555756401139557488, 6.095089448379760633 ) ) ;
#518 = ORIENTED_EDGE ( 'NONE', *, *, #960, .F. ) ;
#519 = DIRECTION ( 'NONE',  ( -1.000000000000000000, -0.000000000000000000, -0.000000000000000000 ) ) ;
#520 = CARTESIAN_POINT ( 'NONE',  ( 4.001410929795382820, -1.241136761726737481, 7.947956175421415637 ) ) ;
#521 = CARTESIAN_POINT ( 'NONE',  ( 5.017702296801303419, -1.333265120730527054, 7.454684370592500997 ) ) ;
#522 = FACE_OUTER_BOUND ( 'NONE', #574, .T. ) ;
#523 = CARTESIAN_POINT ( 'NONE',  ( -6.250000000000000000, -1.581785338540087071, 5.154136984944470257 ) ) ;
#524 = VERTEX_POINT ( 'NONE', #1078 ) ;
#525 = AXIS2_PLACEMENT_3D ( 'NONE', #1062, #305, #545 ) ;
#526 = CARTESIAN_POINT ( 'NONE',  ( 6.250000000000000000, -1.581785338540098840, -5.154136984944422295 ) ) ;
#527 = CARTESIAN_POINT ( 'NONE',  ( -6.250000000000000000, -1.556939648397797971, 5.350747642528612680 ) ) ;
#528 = PRODUCT_CONTEXT ( 'NONE', #699, 'mechanical' ) ;
#529 = CARTESIAN_POINT ( 'NONE',  ( -5.558161246617196127, -1.426238514952184566, 6.920387044411349997 ) ) ;
#530 = DIRECTION ( 'NONE',  ( 1.000000000000000000, 0.000000000000000000, -0.000000000000000000 ) ) ;
#531 = CARTESIAN_POINT ( 'NONE',  ( -5.855160010455925601, 0.4946934714366020280, 6.273546094199034862 ) ) ;
#532 = CARTESIAN_POINT ( 'NONE',  ( -6.250000000000000000, -1.581785338540087071, 5.154136984944470257 ) ) ;
#533 = LINE ( 'NONE', #98, #560 ) ;
#534 = VERTEX_POINT ( 'NONE', #1055 ) ;
#535 = CARTESIAN_POINT ( 'NONE',  ( -5.234740205861373674, 0.6207378020218662362, 7.020889895449218265 ) ) ;
#536 = CARTESIAN_POINT ( 'NONE',  ( -4.184735912067849561, -1.251682235334212523, -7.893290473131060914 ) ) ;
#537 = APPLICATION_PROTOCOL_DEFINITION ( 'draft international standard', 'automotive_design', 1998, #1003 ) ;
#538 = CARTESIAN_POINT ( 'NONE',  ( 1.757529263538772701, 0.1151343525065652434, 3.035451955150645809 ) ) ;
#539 = CARTESIAN_POINT ( 'NONE',  ( 5.096597688706483886, -1.880346860810169662, -3.172315665764474879 ) ) ;
#540 = EDGE_CURVE ( 'NONE', #235, #325, #295, .T. ) ;
#541 = ADVANCED_FACE ( 'NONE', ( #1068 ), #477, .T. ) ;
#542 = CARTESIAN_POINT ( 'NONE',  ( -6.150000000000001243, -1.681025876340922487, -5.166438027867918947 ) ) ;
#543 = CIRCLE ( 'NONE', #1048, 42.00000000000000711 ) ;
#544 = CARTESIAN_POINT ( 'NONE',  ( -5.637697982752952086, -1.315794895803065856, 6.963718779615303056 ) ) ;
#545 = DIRECTION ( 'NONE',  ( 0.000000000000000000, 0.9924053780081161236, 0.1230104292349562811 ) ) ;
#546 = FACE_OUTER_BOUND ( 'NONE', #228, .T. ) ;
#547 = DIRECTION ( 'NONE',  ( 1.000000000000000000, 0.000000000000000000, 0.000000000000000000 ) ) ;
#548 = CARTESIAN_POINT ( 'NONE',  ( 6.250000000000000000, 0.7579625911192031662, -7.750000000000000000 ) ) ;
#549 = CARTESIAN_POINT ( 'NONE',  ( 0.000000000000000000, -2.250000000000000000, 3.600000000000000089 ) ) ;
#550 = CARTESIAN_POINT ( 'NONE',  ( 5.232993598201633567, -1.241896702456543489, 7.390308007279048574 ) ) ;
#551 = CARTESIAN_POINT ( 'NONE',  ( -5.682882730848981545, -1.955833117197637527, 1.934842765164700884 ) ) ;
#552 = B_SPLINE_CURVE_WITH_KNOTS ( 'NONE', 3,
 ( #348, #353, #891, #701, #791, #357, #187, #363, #868, #1052, #695, #1041, #269, #539, #957, #614, #884, #874, #103, #442, #787, #27, #17, #706, #1063, #398, #652, #562, #288, #637, #1079, #657, #999, #312, #741, #995, #392, #123, #736, #54, #1069, #1086, #227, #980, #217, #296, #571, #916, #463, #306, #374, #207, #642, #805, #33, #38, #810, #724, #551, #50, #474, #223, #895, #468, #647, #989, #380, #728, #213, #985, #1073, #557, #300, #901, #129, #817, #911, #45, #907, #567, #386, #134, #478, #732 ),
 .UNSPECIFIED., .T., .F.,
 ( 4, 2, 2, 2, 2, 2, 2, 2, 1, 2, 2, 2, 2, 2, 2, 2, 2, 2, 2, 2, 2, 2, 2, 2, 1, 2, 2, 2, 2, 2, 2, 2, 2, 2, 2, 2, 2, 2, 2, 2, 2, 2, 4 ),
 ( 0.000000000000000000, 0.001173778540164772391, 0.001760667810247158694, 0.002347557080329544781, 0.003521335620494317822, 0.004695114160659090430, 0.005868892700823863037, 0.006455781970906250208, 0.007042671240988636512, 0.007629560511071021948, 0.008216449781153408252, 0.009390228321318182594, 0.01056400686148295867, 0.01173778540164773128, 0.01232467467173011672, 0.01291156394181250389, 0.01408534248197727476, 0.01525912102214204216, 0.01584601029222442933, 0.01643289956230681650, 0.01760667810247158391, 0.01878045664263635131, 0.01995423518280112565, 0.02054112445288350935, 0.02112801372296590000, 0.02171490299304828370, 0.02230179226313066740, 0.02347557080329543827, 0.02464934934346020221, 0.02582312788362496614, 0.02641001715370734637, 0.02699690642378973007, 0.02817068496395449054, 0.02934446350411925794, 0.02993135277420164164, 0.03051824204428402187, 0.03169202058444878928, 0.03286579912461354974, 0.03403957766477831715, 0.03521335620494307761, 0.03580024547502545784, 0.03638713474510783807, 0.03756091328527260548 ),
 .UNSPECIFIED. ) ;
#553 = ORIENTED_EDGE ( 'NONE', *, *, #189, .T. ) ;
#554 = CARTESIAN_POINT ( 'NONE',  ( -6.170721285437293702, 0.3879119278673804905, -5.568914764763635894 ) ) ;
#555 = CARTESIAN_POINT ( 'NONE',  ( 0.000000000000000000, -2.149999999999999911, 0.000000000000000000 ) ) ;
#556 = CARTESIAN_POINT ( 'NONE',  ( -5.168521027104709731, -1.355204811322028746, 7.332465296273269040 ) ) ;
#557 = CARTESIAN_POINT ( 'NONE',  ( -4.774688269983719202, -1.841976507228423987, -3.654605420892977463 ) ) ;
#558 = EDGE_LOOP ( 'NONE', ( #251, #39, #489, #518 ) ) ;
#559 = CARTESIAN_POINT ( 'NONE',  ( -4.217001639689122783, 0.7284751551763932742, -7.599539788956782616 ) ) ;
#560 = VECTOR ( 'NONE', #193, 1000.000000000000000 ) ;
#561 = DIRECTION ( 'NONE',  ( 0.000000000000000000, 0.000000000000000000, 1.000000000000000000 ) ) ;
#562 = CARTESIAN_POINT ( 'NONE',  ( 5.383786204726406233, -1.916305667150790759, 2.655855189507998482 ) ) ;
#563 = AXIS2_PLACEMENT_3D ( 'NONE', #577, #151, #1103 ) ;
#564 = ORIENTED_EDGE ( 'NONE', *, *, #465, .T. ) ;
#565 = CARTESIAN_POINT ( 'NONE',  ( 6.250000000000000000, 0.3109447435548499672, -4.981783931794558917 ) ) ;
#566 = CARTESIAN_POINT ( 'NONE',  ( -5.435824812786362870, -1.401221195480144788, 7.068019229626507638 ) ) ;
#567 = CARTESIAN_POINT ( 'NONE',  ( -1.563530458133366885, -1.598189319551071907, -5.796033092240000961 ) ) ;
#568 = VERTEX_POINT ( 'NONE', #481 ) ;
#569 = DIRECTION ( 'NONE',  ( 0.000000000000000000, 0.000000000000000000, -1.000000000000000000 ) ) ;
#570 = DIRECTION ( 'NONE',  ( 1.000000000000000000, 0.000000000000000000, 0.000000000000000000 ) ) ;
#571 = CARTESIAN_POINT ( 'NONE',  ( -1.929276506952055215, -1.613542188591822413, 5.684756296658496133 ) ) ;
#572 = EDGE_CURVE ( 'NONE', #896, #653, #830, .T. ) ;
#573 = DIRECTION ( 'NONE',  ( 0.000000000000000000, 0.000000000000000000, -1.000000000000000000 ) ) ;
#574 = EDGE_LOOP ( 'NONE', ( #1093, #63, #608, #1042 ) ) ;
#575 = CARTESIAN_POINT ( 'NONE',  ( 4.026649096740712253, -1.222698135685365672, 8.043635191028654319 ) ) ;
#576 = DIRECTION ( 'NONE',  ( -0.000000000000000000, -0.9810509352220218027, -0.1937499999999900691 ) ) ;
#577 = CARTESIAN_POINT ( 'NONE',  ( 0.000000000000000000, -2.149999999999999911, 0.000000000000000000 ) ) ;
#578 = CARTESIAN_POINT ( 'NONE',  ( 5.234620637482543692, -1.242147390371519444, -7.388901399908449186 ) ) ;
#579 = AXIS2_PLACEMENT_3D ( 'NONE', #1024, #254, #850 ) ;
#580 = CARTESIAN_POINT ( 'NONE',  ( -2.135918687586380482, 0.09666245519847187218, -2.782050994197618365 ) ) ;
#581 = ORIENTED_EDGE ( 'NONE', *, *, #459, .T. ) ;
#582 = VECTOR ( 'NONE', #576, 1000.000000000000114 ) ;
#583 = CARTESIAN_POINT ( 'NONE',  ( -5.168243180974780415, -1.355162151822179473, -7.332705438959360222 ) ) ;
#584 = EDGE_CURVE ( 'NONE', #990, #431, #938, .T. ) ;
#585 = CARTESIAN_POINT ( 'NONE',  ( 6.170721285437292813, 0.3879119278673800464, 5.568914764763635006 ) ) ;
#586 = CARTESIAN_POINT ( 'NONE',  ( 4.703777724343126465, -1.295438596315557689, 7.661455799162951941 ) ) ;
#587 = FACE_OUTER_BOUND ( 'NONE', #55, .T. ) ;
#588 = ORIENTED_EDGE ( 'NONE', *, *, #505, .T. ) ;
#589 = CARTESIAN_POINT ( 'NONE',  ( 6.250000000000001776, -1.681025876340904723, 5.166438027867966909 ) ) ;
#590 = CARTESIAN_POINT ( 'NONE',  ( 5.509829090234060089, 0.5733343965316450852, 6.749607183169067604 ) ) ;
#591 = CARTESIAN_POINT ( 'NONE',  ( 5.083709218474433911, -1.220116183475998151, -7.511251803430277540 ) ) ;
#592 = CARTESIAN_POINT ( 'NONE',  ( -3.321973713339860801, 0.01527945376141376550, -1.125651489468270539 ) ) ;
#593 = ORIENTED_EDGE ( 'NONE', *, *, #879, .T. ) ;
#594 = CARTESIAN_POINT ( 'NONE',  ( 4.580306031192264093, 0.7001449133246550049, 7.451648059849121708 ) ) ;
#595 = CARTESIAN_POINT ( 'NONE',  ( 4.538366786037888012, -1.279090644441719160, -7.748675481720724179 ) ) ;
#596 = EDGE_CURVE ( 'NONE', #990, #115, #984, .T. ) ;
#597 = CARTESIAN_POINT ( 'NONE',  ( 3.477690195087072667, 0.001970263295823429864, 0.4557347656862306140 ) ) ;
#598 = ORIENTED_EDGE ( 'NONE', *, *, #1077, .T. ) ;
#599 = AXIS2_PLACEMENT_3D ( 'NONE', #704, #1044, #272 ) ;
#600 = CARTESIAN_POINT ( 'NONE',  ( 3.250000000000000444, -1.223443170285959170, -8.039137589704809628 ) ) ;
#601 = CARTESIAN_POINT ( 'NONE',  ( -6.131297996254805760, -1.632869064649101087, 5.544251739143041036 ) ) ;
#602 = ORIENTED_EDGE ( 'NONE', *, *, #658, .F. ) ;
#603 = CARTESIAN_POINT ( 'NONE',  ( 5.948695501258451479, -1.496286480242168038, -6.487947869526037969 ) ) ;
#604 = CARTESIAN_POINT ( 'NONE',  ( -6.250944325184129902, -1.632124332725706672, -5.560958678018383949 ) ) ;
#605 = DIRECTION ( 'NONE',  ( 1.000000000000000000, 0.000000000000000000, 0.000000000000000000 ) ) ;
#606 = CARTESIAN_POINT ( 'NONE',  ( 2.139568222397885133, 0.09647445670117749117, 2.779410999821395389 ) ) ;
#607 = CARTESIAN_POINT ( 'NONE',  ( -5.857746160254329482, -1.503378889858220768, 6.442088743229803960 ) ) ;
#608 = ORIENTED_EDGE ( 'NONE', *, *, #505, .F. ) ;
#609 = ADVANCED_FACE ( 'NONE', ( #894, #122 ), #467, .F. ) ;
#610 = CYLINDRICAL_SURFACE ( 'NONE', #1066, 2.999999999999999556 ) ;
#611 = CARTESIAN_POINT ( 'NONE',  ( -5.633924308436672135, -1.314959906616096186, -6.968703506639103651 ) ) ;
#612 = CARTESIAN_POINT ( 'NONE',  ( 5.511164849898851692, -1.389665795791275249, 7.135778136134822702 ) ) ;
#613 = CARTESIAN_POINT ( 'NONE',  ( -5.856768695908860067, -1.469172477943749389, 6.658609310414169258 ) ) ;
#614 = CARTESIAN_POINT ( 'NONE',  ( 5.383576054727242877, -1.916279775928041662, -2.656236089562110436 ) ) ;
#615 = ORIENTED_EDGE ( 'NONE', *, *, #192, .F. ) ;
#616 = CARTESIAN_POINT ( 'NONE',  ( 5.856768695908878719, -1.469172477944477251, -6.658609310413924121 ) ) ;
#617 = CARTESIAN_POINT ( 'NONE',  ( -5.854851177782513183, -1.468621664217855782, -6.662059980865159048 ) ) ;
#618 = CARTESIAN_POINT ( 'NONE',  ( -5.639237957709393179, -1.416048473812007602, 6.981511692106138867 ) ) ;
#619 = LINE ( 'NONE', #108, #271 ) ;
#620 = EDGE_LOOP ( 'NONE', ( #1026 ) ) ;
#621 = CARTESIAN_POINT ( 'NONE',  ( -6.230661357480219209, 0.3357197511398845591, 5.175097625238064936 ) ) ;
#622 = CARTESIAN_POINT ( 'NONE',  ( 4.185753072731983160, -1.251745612526356632, 7.892960470290420361 ) ) ;
#623 = ADVANCED_FACE ( 'NONE', ( #676 ), #1096, .T. ) ;
#624 = FILL_AREA_STYLE ('',( #798 ) ) ;
#625 = CARTESIAN_POINT ( 'NONE',  ( -3.250000000000001332, -1.223443170285947179, 8.039137589704859366 ) ) ;
#626 = EDGE_LOOP ( 'NONE', ( #847, #659, #375, #479 ) ) ;
#627 = CARTESIAN_POINT ( 'NONE',  ( 4.756663047416093804, -1.279685567360823395, -7.746437786449519081 ) ) ;
#628 = CARTESIAN_POINT ( 'NONE',  ( -5.855052843363786508, -1.368703721347343416, 6.641741055954615724 ) ) ;
#629 = CARTESIAN_POINT ( 'NONE',  ( 5.853134542380313832, -1.368153850684115547, 6.645183123695386662 ) ) ;
#630 = CARTESIAN_POINT ( 'NONE',  ( -6.150000000000001243, -1.681025876340908498, 5.166438027867965133 ) ) ;
#631 = EDGE_CURVE ( 'NONE', #130, #937, #408, .T. ) ;
#632 = CARTESIAN_POINT ( 'NONE',  ( 3.646385554538855267, 0.7579625911192018339, -7.750000000000000888 ) ) ;
#633 = VECTOR ( 'NONE', #776, 1000.000000000000000 ) ;
#634 = CARTESIAN_POINT ( 'NONE',  ( 3.250000000000000444, -1.204139279324854872, -8.137499999999983302 ) ) ;
#635 = CIRCLE ( 'NONE', #831, 0.09999999999999939493 ) ;
#636 = CARTESIAN_POINT ( 'NONE',  ( 4.580218016931557834, -1.163153808927653632, 7.819678448226669687 ) ) ;
#637 = CARTESIAN_POINT ( 'NONE',  ( 5.097472089579838439, -1.880456270083053383, 3.170791892697105041 ) ) ;
#638 = EDGE_LOOP ( 'NONE', ( #771, #932, #811, #1074 ) ) ;
#639 = CARTESIAN_POINT ( 'NONE',  ( -5.853241712149033660, 0.4952371361437337138, -6.276990018762230505 ) ) ;
#640 = CARTESIAN_POINT ( 'NONE',  ( 6.250000000000000000, 40.00000000000000000, 0.000000000000000000 ) ) ;
#641 = CARTESIAN_POINT ( 'NONE',  ( -4.040244589569435441, -1.121353399281004082, 8.039919836145573484 ) ) ;
#642 = CARTESIAN_POINT ( 'NONE',  ( -3.961809417515070209, -1.756677324021753028, 4.522943541447856930 ) ) ;
#643 = ORIENTED_EDGE ( 'NONE', *, *, #941, .T. ) ;
#644 = DIRECTION ( 'NONE',  ( -8.679925893809333351E-15, 0.1230104292349477879, -0.9924053780081173448 ) ) ;
#645 = EDGE_CURVE ( 'NONE', #115, #534, #788, .T. ) ;
#646 = CARTESIAN_POINT ( 'NONE',  ( 5.633870329090672868, -1.314948282448308303, 6.968772494348889346 ) ) ;
#647 = CARTESIAN_POINT ( 'NONE',  ( -5.961733856412241295, -1.994483025616031968, -0.7815988656164776227 ) ) ;
#648 = EDGE_LOOP ( 'NONE', ( #593, #598, #841, #382, #154, #214, #729, #1106 ) ) ;
#649 = DIRECTION ( 'NONE',  ( 0.000000000000000000, -0.1937499999999900968, 0.9810509352220219137 ) ) ;
#650 = AXIS2_PLACEMENT_3D ( 'NONE', #82, #767, #1113 ) ;
#651 = CARTESIAN_POINT ( 'NONE',  ( 5.078602783346084948, -1.219433655483659340, 7.515012024782480538 ) ) ;
#652 = CARTESIAN_POINT ( 'NONE',  ( 5.468831002911358041, -1.927348519614181521, 2.476001243407739860 ) ) ;
#653 = VERTEX_POINT ( 'NONE', #322 ) ;
#654 = DIRECTION ( 'NONE',  ( 1.000000000000000000, 0.000000000000000000, 0.000000000000000000 ) ) ;
#655 = EDGE_CURVE ( 'NONE', #785, #785, #182, .T. ) ;
#656 = DIRECTION ( 'NONE',  ( 0.000000000000000000, 0.000000000000000000, -1.000000000000000000 ) ) ;
#657 = CARTESIAN_POINT ( 'NONE',  ( 4.523671259664132194, -1.813708894447664033, 3.961416328438059242 ) ) ;
#658 = EDGE_CURVE ( 'NONE', #368, #218, #1065, .T. ) ;
#659 = ORIENTED_EDGE ( 'NONE', *, *, #310, .T. ) ;
#660 = CARTESIAN_POINT ( 'NONE',  ( 5.234123256668291368, -1.341643872512190860, 7.409016235615893287 ) ) ;
#661 = CARTESIAN_POINT ( 'NONE',  ( 5.558161246617195239, -1.426238514952170799, -6.920387044411412170 ) ) ;
#662 = UNCERTAINTY_MEASURE_WITH_UNIT (LENGTH_MEASURE( 1.000000000000000082E-05 ), #713, 'distance_accuracy_value', 'NONE');
#663 = CARTESIAN_POINT ( 'NONE',  ( -4.752518478789779621, -1.180158100813540001, -7.729124823415164158 ) ) ;
#664 = CARTESIAN_POINT ( 'NONE',  ( 6.150000000000000355, -1.681025876340913383, -5.166438027867918059 ) ) ;
#665 = CARTESIAN_POINT ( 'NONE',  ( -2.133760105784828109, 0.09678149779012970577, 2.783768300284883424 ) ) ;
#666 = EDGE_CURVE ( 'NONE', #737, #325, #77, .T. ) ;
#667 = ORIENTED_EDGE ( 'NONE', *, *, #91, .F. ) ;
#668 = CARTESIAN_POINT ( 'NONE',  ( 5.633924308436712991, -1.314959906616687046, 6.968703506639208456 ) ) ;
#669 = CARTESIAN_POINT ( 'NONE',  ( 3.250000000000000000, -1.204256629748073015, -8.137523175804297182 ) ) ;
#670 = DIRECTION ( 'NONE',  ( -1.000000000000000000, 0.000000000000000000, 0.000000000000000000 ) ) ;
#671 = CARTESIAN_POINT ( 'NONE',  ( 4.581469551845311905, -1.163284315889059117, -7.818981607877799611 ) ) ;
#672 = CARTESIAN_POINT ( 'NONE',  ( -0.4617787804095188631, 0.1513746844582781470, -3.476936300559224868 ) ) ;
#673 = EDGE_LOOP ( 'NONE', ( #667, #75, #974, #405 ) ) ;
#674 = CARTESIAN_POINT ( 'NONE',  ( 6.172020044511940640, -1.577631003019237532, 5.952477670693760103 ) ) ;
#675 = AXIS2_PLACEMENT_3D ( 'NONE', #555, #205, #237 ) ;
#676 = FACE_OUTER_BOUND ( 'NONE', #336, .T. ) ;
#677 = DIRECTION ( 'NONE',  ( 0.000000000000000000, 0.9810509352220165846, -0.1937500000000164369 ) ) ;
#678 = CARTESIAN_POINT ( 'NONE',  ( -1.552399320410213779, 0.1237527785240951500, 3.145262655296257037 ) ) ;
#679 = LINE ( 'NONE', #1020, #201 ) ;
#680 = ADVANCED_FACE ( 'NONE', ( #757 ), #1090, .T. ) ;
#681 = DIRECTION ( 'NONE',  ( 0.000000000000000000, 0.000000000000000000, 1.000000000000000000 ) ) ;
#682 = CARTESIAN_POINT ( 'NONE',  ( 5.169807692720731040, -1.355403033478328689, -7.331348745248654986 ) ) ;
#683 = CARTESIAN_POINT ( 'NONE',  ( 3.476885061846503699, 0.002040706881046319872, -0.4618595351458753551 ) ) ;
#684 = ORIENTED_EDGE ( 'NONE', *, *, #192, .T. ) ;
#685 = CARTESIAN_POINT ( 'NONE',  ( -3.250000000000001332, -1.105917115118602911, -8.118101879441997681 ) ) ;
#686 = CARTESIAN_POINT ( 'NONE',  ( 5.857062233517638994, -1.503187660690299410, 6.443288283694458940 ) ) ;
#687 = CARTESIAN_POINT ( 'NONE',  ( -3.388062442795173101, 0.009663827272168155902, -0.9074249380750366578 ) ) ;
#688 = ORIENTED_EDGE ( 'NONE', *, *, #424, .F. ) ;
#689 = CLOSED_SHELL ( 'NONE', ( #781, #609, #258, #304, #898, #1109, #1022, #680, #744, #623, #1108, #458, #763, #337, #1099, #509, #1009, #163, #822, #387, #541, #390, #845 ) ) ;
#690 =( GEOMETRIC_REPRESENTATION_CONTEXT ( 3 ) GLOBAL_UNCERTAINTY_ASSIGNED_CONTEXT ( ( #231 ) ) GLOBAL_UNIT_ASSIGNED_CONTEXT ( ( #889, #446, #808 ) ) REPRESENTATION_CONTEXT ( 'NONE', 'WORKASPACE' ) );
#691 = CARTESIAN_POINT ( 'NONE',  ( 6.002343153447098345, -1.555756401139604117, -6.095089448379471087 ) ) ;
#692 = FACE_OUTER_BOUND ( 'NONE', #1007, .T. ) ;
#693 = FACE_OUTER_BOUND ( 'NONE', #949, .T. ) ;
#694 = SURFACE_STYLE_USAGE ( .BOTH. , #278 ) ;
#695 = CARTESIAN_POINT ( 'NONE',  ( 3.966772738029204159, -1.757151662182351970, -4.518568811637349469 ) ) ;
#696 = CARTESIAN_POINT ( 'NONE',  ( 6.057915379760822283, -1.582192974632040894, -5.912338058811315911 ) ) ;
#697 = CARTESIAN_POINT ( 'NONE',  ( -6.073335627266986059, -1.581347039798538079, -5.925701239698510925 ) ) ;
#698 = CARTESIAN_POINT ( 'NONE',  ( 6.250000000000000888, -1.581785338540093955, 5.154136984944472033 ) ) ;
#699 = APPLICATION_CONTEXT ( 'automotive_design' ) ;
#700 = CARTESIAN_POINT ( 'NONE',  ( -6.154740048390697105, -1.478182810689579352, 5.923603534245374114 ) ) ;
#701 = CARTESIAN_POINT ( 'NONE',  ( 1.362759157017323419, -1.591108727419339397, -5.846465734118909019 ) ) ;
#702 = EDGE_CURVE ( 'NONE', #514, #748, #543, .T. ) ;
#703 = DIRECTION ( 'NONE',  ( 0.000000000000000000, 1.000000000000000000, -0.000000000000000000 ) ) ;
#704 = CARTESIAN_POINT ( 'NONE',  ( 0.000000000000000000, -2.149999999999999911, 0.000000000000000000 ) ) ;
#705 = CARTESIAN_POINT ( 'NONE',  ( 0.4601754219351552599, 0.1514046843000096954, 3.477285771755657784 ) ) ;
#706 = CARTESIAN_POINT ( 'NONE',  ( 5.961154498205996966, -1.994399688015431993, 0.7865705361433315002 ) ) ;
#707 = EDGE_CURVE ( 'NONE', #893, #893, #401, .T. ) ;
#708 = AXIS2_PLACEMENT_3D ( 'NONE', #197, #714, #437 ) ;
#709 = AXIS2_PLACEMENT_3D ( 'NONE', #199, #892, #292 ) ;
#710 = EDGE_CURVE ( 'NONE', #568, #534, #238, .T. ) ;
#711 = DIRECTION ( 'NONE',  ( -2.667363492298272964E-16, -0.1230104292349562950, -0.9924053780081162346 ) ) ;
#712 = CARTESIAN_POINT ( 'NONE',  ( -4.580761809817206043, -1.262142269551937757, -7.838973783968308240 ) ) ;
#713 =( LENGTH_UNIT ( ) NAMED_UNIT ( * ) SI_UNIT ( .MILLI., .METRE. ) );
#714 = DIRECTION ( 'NONE',  ( -0.000000000000000000, -1.000000000000000000, 0.000000000000000000 ) ) ;
#715 = EDGE_CURVE ( 'NONE', #101, #101, #252, .T. ) ;
#716 = CARTESIAN_POINT ( 'NONE',  ( -4.703777724343127353, -1.295438596315572122, -7.661455799162901315 ) ) ;
#717 = CARTESIAN_POINT ( 'NONE',  ( -5.233050142478157696, -1.241905350709668898, -7.390259549123775251 ) ) ;
#718 = CARTESIAN_POINT ( 'NONE',  ( -5.436959804531419138, -1.401440073888287952, 7.066738589627086675 ) ) ;
#719 = CARTESIAN_POINT ( 'NONE',  ( -5.233112188014167998, 0.6209891352706026213, -7.022297419671586383 ) ) ;
#720 =( BOUNDED_SURFACE ( )  B_SPLINE_SURFACE ( 3, 2, ( 
 ( #1101, #848, #314 ),
 ( #406, #756, #933 ),
 ( #95, #497, #743 ),
 ( #919, #575, #177 ),
 ( #320, #1034, #229 ),
 ( #326, #490, #435 ),
 ( #155, #261, #243 ),
 ( #521, #842, #1016 ),
 ( #146, #660, #866 ),
 ( #1039, #612, #1001 ),
 ( #836, #64, #668 ),
 ( #71, #749, #484 ),
 ( #413, #828, #419 ),
 ( #56, #674, #267 ),
 ( #1094, #351, #76 ),
 ( #762, #589, #698 ) ),
 .UNSPECIFIED., .F., .F., .T. ) 
 B_SPLINE_SURFACE_WITH_KNOTS ( ( 4, 2, 2, 2, 2, 2, 2, 4 ),
 ( 3, 3 ),
 ( -4.336808689942017736E-19, 0.0005665847657146772876, 0.001133169531429355009, 0.001699754297144032839, 0.002266339062858710451, 0.002832923828573388064, 0.003399508594288066111, 0.004532678125717421770 ),
 ( 0.000000000000000000, 1.000000000000000000 ),
 .UNSPECIFIED. ) 
 GEOMETRIC_REPRESENTATION_ITEM ( )  RATIONAL_B_SPLINE_SURFACE ( (
 ( 1.000000000000000000, 0.7062624742810258427, 1.000000000000000000),
 ( 1.000000000000000000, 0.7062629890650700126, 1.000000000000000000),
 ( 1.000000000000000000, 0.7061062646293213563, 1.000000000000000000),
 ( 1.000000000000000000, 0.7055289921146524756, 1.000000000000000000),
 ( 1.000000000000000000, 0.7051014055756190668, 1.000000000000000000),
 ( 1.000000000000000000, 0.7040992234123328863, 1.000000000000000000),
 ( 1.000000000000000000, 0.7035295181924229313, 1.000000000000000000),
 ( 1.000000000000000000, 0.7024062127969136204, 1.000000000000000000),
 ( 1.000000000000000000, 0.7018510045318198109, 1.000000000000000000),
 ( 1.000000000000000000, 0.7009870283668284685, 1.000000000000000000),
 ( 1.000000000000000000, 0.7006711270824659277, 1.000000000000000000),
 ( 1.000000000000000000, 0.7004619586731097858, 1.000000000000000000),
 ( 1.000000000000000000, 0.7005757328696102793, 1.000000000000000000),
 ( 1.000000000000000000, 0.7017698858044310040, 1.000000000000000000),
 ( 1.000000000000000000, 0.7037558824344525288, 1.000000000000000000),
 ( 1.000000000000000000, 0.7071067811865513475, 1.000000000000000000) ) ) 
 REPRESENTATION_ITEM ( '' )  SURFACE ( )  );
#721 = CARTESIAN_POINT ( 'NONE',  ( 5.512600029812603886, -1.389944491812698635, -7.134162928104495371 ) ) ;
#722 = CARTESIAN_POINT ( 'NONE',  ( -6.154721609859842957, -1.478172483116103830, 5.923675650551909477 ) ) ;
#723 = DIRECTION ( 'NONE',  ( -1.000000000000000000, -0.000000000000000000, -0.000000000000000000 ) ) ;
#724 = CARTESIAN_POINT ( 'NONE',  ( -5.615599802134545904, -1.946744266119844857, 2.122202031888114071 ) ) ;
#725 = CARTESIAN_POINT ( 'NONE',  ( 5.637816762924546587, 0.5471901460121324501, -6.595636370879734756 ) ) ;
#726 = CARTESIAN_POINT ( 'NONE',  ( -5.435567472369625008, -1.401171732885466481, -7.068308482386376213 ) ) ;
#727 = CARTESIAN_POINT ( 'NONE',  ( -4.756026851233437824, -1.180514141699037234, 7.727222681769717383 ) ) ;
#728 = CARTESIAN_POINT ( 'NONE',  ( -5.686095095660960830, -1.956268660212618249, -1.925414110276944424 ) ) ;
#729 = ORIENTED_EDGE ( 'NONE', *, *, #710, .F. ) ;
#730 = CYLINDRICAL_SURFACE ( 'NONE', #451, 3.000000000000000000 ) ;
#731 = DIRECTION ( 'NONE',  ( -0.000000000000000000, 0.9810509352220165846, -0.1937500000000164369 ) ) ;
#732 = CARTESIAN_POINT ( 'NONE',  ( 8.131516293641283255E-16, -1.569219381653066847, -6.000000000000001776 ) ) ;
#733 = VERTEX_POINT ( 'NONE', #778 ) ;
#734 = DIRECTION ( 'NONE',  ( 0.000000000000000000, 0.000000000000000000, -1.000000000000000000 ) ) ;
#735 = CARTESIAN_POINT ( 'NONE',  ( 5.946302954783016403, -1.395581720469913911, 6.472729551544278870 ) ) ;
#736 = CARTESIAN_POINT ( 'NONE',  ( 1.935878247034589883, -1.612693201449193037, 5.692700851055978006 ) ) ;
#737 = VERTEX_POINT ( 'NONE', #685 ) ;
#738 = CARTESIAN_POINT ( 'NONE',  ( 4.756062980848327015, 0.6826548371168683627, -7.359241073209103590 ) ) ;
#739 = CIRCLE ( 'NONE', #93, 0.09999999999999997780 ) ;
#740 = DIRECTION ( 'NONE',  ( 0.000000000000000000, 0.1937499999999902356, -0.9810509352220219137 ) ) ;
#741 = CARTESIAN_POINT ( 'NONE',  ( 3.175193582594138864, -1.689994997012358446, 5.094731331164002341 ) ) ;
#742 = ORIENTED_EDGE ( 'NONE', *, *, #189, .F. ) ;
#743 = CARTESIAN_POINT ( 'NONE',  ( 3.643061930969167417, -1.109652503152534830, 8.099017999230593290 ) ) ;
#744 = ADVANCED_FACE ( 'NONE', ( #265 ), #610, .T. ) ;
#745 = CARTESIAN_POINT ( 'NONE',  ( -5.509708531966183820, -1.289563795643322353, -7.117654019653540942 ) ) ;
#746 = CARTESIAN_POINT ( 'NONE',  ( 5.436959804531415585, -1.401440073888294835, -7.066738589627040490 ) ) ;
#747 = CARTESIAN_POINT ( 'NONE',  ( -3.250000000000001332, -1.105917115118593363, 8.118101879442047419 ) ) ;
#748 = VERTEX_POINT ( 'NONE', #359 ) ;
#749 = CARTESIAN_POINT ( 'NONE',  ( 5.854851177782247618, -1.468621664217239386, 6.662059980865067566 ) ) ;
#750 = CARTESIAN_POINT ( 'NONE',  ( 3.631644391692734786, -1.223443171257623030, -8.039137584722222840 ) ) ;
#751 = B_SPLINE_CURVE_WITH_KNOTS ( 'NONE', 3,
 ( #821, #138, #482, #826, #1104, #329, #487, #494, #84, #578, #591, #844, #671, #162, #233, #758 ),
 .UNSPECIFIED., .F., .F.,
 ( 4, 2, 2, 2, 2, 2, 2, 4 ),
 ( 0.000000000000000000, 0.0005861064339046200000, 0.001172212867809240000, 0.001758319301713860217, 0.002344425735618480000, 0.002930532169523100000, 0.003516638603427720434, 0.004688851471236959133 ),
 .UNSPECIFIED. ) ;
#752 = CARTESIAN_POINT ( 'NONE',  ( 4.752615832198035406, 0.6830069922132862015, 7.361107971592621091 ) ) ;
#753 = CARTESIAN_POINT ( 'NONE',  ( 6.150000000000000355, -1.681025876340906944, 5.166438027867966021 ) ) ;
#754 = CARTESIAN_POINT ( 'NONE',  ( 0.000000000000000000, 0.7599625911192029459, 0.000000000000000000 ) ) ;
#755 = VERTEX_POINT ( 'NONE', #1027 ) ;
#756 = CARTESIAN_POINT ( 'NONE',  ( 3.448190094726657051, -1.204256630522493099, 8.137523171873858985 ) ) ;
#757 = FACE_OUTER_BOUND ( 'NONE', #673, .T. ) ;
#758 = CARTESIAN_POINT ( 'NONE',  ( 3.250000000000000444, -1.105917115118602911, -8.118101879441999458 ) ) ;
#759 = CIRCLE ( 'NONE', #650, 40.00000000000000000 ) ;
#760 = CARTESIAN_POINT ( 'NONE',  ( 2.633974696119275372, 0.06678270604507470509, -2.316081900192585419 ) ) ;
#761 = EDGE_LOOP ( 'NONE', ( #388, #564, #174, #428, #319, #284, #827, #981 ) ) ;
#762 = CARTESIAN_POINT ( 'NONE',  ( 6.150000000000001243, -1.681025876340905389, 5.166438027867966021 ) ) ;
#763 = ADVANCED_FACE ( 'NONE', ( #1, #515 ), #354, .F. ) ;
#764 = DIRECTION ( 'NONE',  ( -0.000000000000000000, 0.9810509352220165846, -0.1937500000000164369 ) ) ;
#765 = CARTESIAN_POINT ( 'NONE',  ( -3.250000000000001332, 0.7579625911192031662, 7.750000000000000000 ) ) ;
#766 = CARTESIAN_POINT ( 'NONE',  ( -1.128597753269355186, 0.1380020356864279929, 3.320976954470888032 ) ) ;
#767 = DIRECTION ( 'NONE',  ( -1.000000000000000000, -0.000000000000000000, -0.000000000000000000 ) ) ;
#768 = DIRECTION ( 'NONE',  ( 0.000000000000000000, -0.1937500000000164646, -0.9810509352220168067 ) ) ;
#769 = CARTESIAN_POINT ( 'NONE',  ( 6.250000000000000000, -1.125292115118595060, 8.019996785919847326 ) ) ;
#770 = CARTESIAN_POINT ( 'NONE',  ( 6.250000000000000000, -1.581785338540095509, 5.154136984944471145 ) ) ;
#771 = ORIENTED_EDGE ( 'NONE', *, *, #631, .F. ) ;
#772 = EDGE_CURVE ( 'NONE', #431, #755, #815, .T. ) ;
#773 = EDGE_CURVE ( 'NONE', #937, #918, #885, .T. ) ;
#774 = CARTESIAN_POINT ( 'NONE',  ( 6.156079123892727267, -1.578503076692594931, -5.938501757565401995 ) ) ;
#775 = CARTESIAN_POINT ( 'NONE',  ( -3.250000000000001332, -1.223443170285958059, -8.039137589704809628 ) ) ;
#776 = DIRECTION ( 'NONE',  ( 1.000000000000000000, 0.000000000000000000, 0.000000000000000000 ) ) ;
#777 = VECTOR ( 'NONE', #764, 1000.000000000000114 ) ;
#778 = CARTESIAN_POINT ( 'NONE',  ( -3.250000000000001332, -1.223443170285959170, -8.039137589704809628 ) ) ;
#779 = CARTESIAN_POINT ( 'NONE',  ( -5.947987263645126532, -1.496087206736133490, -6.489188161591426862 ) ) ;
#780 = VERTEX_POINT ( 'NONE', #112 ) ;
#781 = ADVANCED_FACE ( 'NONE', ( #92, #954 ), #965, .T. ) ;
#782 = DIRECTION ( 'NONE',  ( 1.000000000000000000, 0.000000000000000000, 0.000000000000000000 ) ) ;
#783 = CARTESIAN_POINT ( 'NONE',  ( 6.131297996254886584, -1.632869064649109303, -5.544251739143004620 ) ) ;
#784 = CARTESIAN_POINT ( 'NONE',  ( 3.630408686795285611, -1.227070426679524706, 8.020600526112399820 ) ) ;
#785 = VERTEX_POINT ( 'NONE', #797 ) ;
#786 = CARTESIAN_POINT ( 'NONE',  ( -6.250472855241567594, -1.656539164612042425, 5.363988302925069007 ) ) ;
#787 = CARTESIAN_POINT ( 'NONE',  ( 5.961543608878138834, -1.994453975878362151, -0.7848562134470791207 ) ) ;
#788 = B_SPLINE_CURVE_WITH_KNOTS ( 'NONE', 3,
 ( #72, #838, #1023, #67, #83, #594, #752, #1017, #1110, #590, #328, #493, #239, #585, #161, #854 ),
 .UNSPECIFIED., .F., .F.,
 ( 4, 2, 2, 2, 2, 2, 2, 4 ),
 ( 0.000000000000000000, 0.0005861428406834434321, 0.001172285681366886864, 0.001758428522050330513, 0.002344571362733773728, 0.002930714203417217160, 0.003516857044100661026, 0.004689142725467545722 ),
 .UNSPECIFIED. ) ;
#789 = CARTESIAN_POINT ( 'NONE',  ( 5.855099281624469576, -1.368716501517047490, -6.641661570405839932 ) ) ;
#790 = CARTESIAN_POINT ( 'NONE',  ( -5.635406028280762314, -1.415197362123523650, -6.986579611495886688 ) ) ;
#791 = CARTESIAN_POINT ( 'NONE',  ( 1.553012545795017907, -1.597792509438406894, -5.798878620736483747 ) ) ;
#792 = VECTOR ( 'NONE', #334, 1000.000000000000000 ) ;
#793 = PRESENTATION_LAYER_ASSIGNMENT (  '', '', ( #1011 ) ) ;
#794 = AXIS2_PLACEMENT_3D ( 'NONE', #308, #654, #734 ) ;
#795 = CARTESIAN_POINT ( 'NONE',  ( -5.019039773054692510, -1.333446566301727643, -7.453680216864459140 ) ) ;
#796 = CARTESIAN_POINT ( 'NONE',  ( -5.078657548949423450, -1.219441044646851768, -7.514971279146632988 ) ) ;
#797 = CARTESIAN_POINT ( 'NONE',  ( 0.000000000000000000, -2.250000000000000000, 5.900000000000000355 ) ) ;
#798 = FILL_AREA_STYLE_COLOUR ( '', #343 ) ;
#799 = CARTESIAN_POINT ( 'NONE',  ( 3.250000000000000444, -1.125292115118595060, 8.019996785919845550 ) ) ;
#800 = EDGE_LOOP ( 'NONE', ( #986, #170, #684, #180 ) ) ;
#801 = LINE ( 'NONE', #812, #942 ) ;
#802 = CARTESIAN_POINT ( 'NONE',  ( 4.582013122208628886, -1.262274056588813087, -7.838276742258325491 ) ) ;
#803 = CARTESIAN_POINT ( 'NONE',  ( -5.511141513684121307, -1.289840558055744824, 7.116043327139688124 ) ) ;
#804 = CARTESIAN_POINT ( 'NONE',  ( 6.250000000000000000, -1.581785338540095509, 5.154136984944471145 ) ) ;
#805 = CARTESIAN_POINT ( 'NONE',  ( -4.515419908430768459, -1.812835161361807668, 3.970382247389167230 ) ) ;
#806 = FACE_OUTER_BOUND ( 'NONE', #558, .T. ) ;
#807 = CARTESIAN_POINT ( 'NONE',  ( -6.073536574371554586, -1.581472277630286749, -5.924809097831073679 ) ) ;
#808 =( NAMED_UNIT ( * ) SI_UNIT ( $, .STERADIAN. ) SOLID_ANGLE_UNIT ( ) );
#809 = CARTESIAN_POINT ( 'NONE',  ( -5.511198082663026021, -1.289851412944198916, 7.115980208297977505 ) ) ;
#810 = CARTESIAN_POINT ( 'NONE',  ( -5.388981748554925844, -1.916806866033513357, 2.667149437372466902 ) ) ;
#811 = ORIENTED_EDGE ( 'NONE', *, *, #303, .F. ) ;
#812 = CARTESIAN_POINT ( 'NONE',  ( 6.250000000000000000, -1.785389279324880896, 5.194347194333984952 ) ) ;
#813 =( GEOMETRIC_REPRESENTATION_CONTEXT ( 3 ) GLOBAL_UNCERTAINTY_ASSIGNED_CONTEXT ( ( #662 ) ) GLOBAL_UNIT_ASSIGNED_CONTEXT ( ( #713, #877, #256 ) ) REPRESENTATION_CONTEXT ( 'NONE', 'WORKASPACE' ) );
#814 = CARTESIAN_POINT ( 'NONE',  ( 4.040833681567057134, -1.219917858540975786, -8.059178694721678582 ) ) ;
#815 = CIRCLE ( 'NONE', #886, 0.1000000000000000888 ) ;
#816 = CARTESIAN_POINT ( 'NONE',  ( -3.644804543155265364, -1.105917115107994286, 8.118101879439954871 ) ) ;
#817 = CARTESIAN_POINT ( 'NONE',  ( -3.012378671177414091, -1.676942886512479358, -5.203981712586336350 ) ) ;
#818 = ORIENTED_EDGE ( 'NONE', *, *, #707, .T. ) ;
#819 = CARTESIAN_POINT ( 'NONE',  ( 5.234740205861372786, 0.6207378020218667913, -7.020889895449220930 ) ) ;
#820 = CARTESIAN_POINT ( 'NONE',  ( 4.026433098747092210, -1.124145342872476805, 8.024221856570806111 ) ) ;
#821 = CARTESIAN_POINT ( 'NONE',  ( 6.250000000000000000, -1.581785338540098840, -5.154136984944422295 ) ) ;
#822 = ADVANCED_FACE ( 'NONE', ( #253 ), #485, .T. ) ;
#823 = ORIENTED_EDGE ( 'NONE', *, *, #584, .F. ) ;
#824 = CARTESIAN_POINT ( 'NONE',  ( -6.150000000000001243, -1.581785338540110608, -5.154136984944424071 ) ) ;
#825 = CARTESIAN_POINT ( 'NONE',  ( 3.250000000000000444, -1.105917115118596028, 8.118101879442049196 ) ) ;
#826 = CARTESIAN_POINT ( 'NONE',  ( 6.154721609859841180, -1.478172483116107605, -5.923675650551858851 ) ) ;
#827 = ORIENTED_EDGE ( 'NONE', *, *, #127, .T. ) ;
#828 = CARTESIAN_POINT ( 'NONE',  ( 5.947987263644938238, -1.496087206736244513, 6.489188161591208370 ) ) ;
#829 = EDGE_CURVE ( 'NONE', #524, #301, #364, .T. ) ;
#830 = CIRCLE ( 'NONE', #525, 0.1000000000000000888 ) ;
#831 = AXIS2_PLACEMENT_3D ( 'NONE', #219, #547, #1081 ) ;
#832 = CARTESIAN_POINT ( 'NONE',  ( 0.000000000000000000, -2.250000000000000000, 0.000000000000000000 ) ) ;
#833 = CARTESIAN_POINT ( 'NONE',  ( 5.769000889062334103, -1.477367386538836813, -6.607040362621922291 ) ) ;
#834 = CARTESIAN_POINT ( 'NONE',  ( -2.312691384198140909, 0.08669423472486913196, -2.637203173315890936 ) ) ;
#835 = EDGE_LOOP ( 'NONE', ( #959, #208, #688, #1100 ) ) ;
#836 = CARTESIAN_POINT ( 'NONE',  ( 5.554460166115727127, -1.425422754106114631, 6.925286711797252082 ) ) ;
#837 = CARTESIAN_POINT ( 'NONE',  ( 5.435824812786361093, -1.401221195480155002, -7.068019229626468558 ) ) ;
#838 = CARTESIAN_POINT ( 'NONE',  ( 3.448193743291071645, 0.7579625911192032772, 7.750000000000002665 ) ) ;
#839 = LINE ( 'NONE', #1111, #792 ) ;
#840 = FACE_OUTER_BOUND ( 'NONE', #870, .T. ) ;
#841 = ORIENTED_EDGE ( 'NONE', *, *, #59, .T. ) ;
#842 = CARTESIAN_POINT ( 'NONE',  ( 5.079597705748754244, -1.318982681415023173, 7.533927080661066533 ) ) ;
#843 = CARTESIAN_POINT ( 'NONE',  ( -6.250000000000001776, -1.532093095852904652, -5.547365124537463998 ) ) ;
#844 = CARTESIAN_POINT ( 'NONE',  ( 4.755977505544955797, -1.180508988637579249, -7.727250308697904302 ) ) ;
#845 = ADVANCED_FACE ( 'NONE', ( #321, #450 ), #381, .T. ) ;
#846 = CARTESIAN_POINT ( 'NONE',  ( 2.134713977287584274, 0.09673671633800517977, -2.783164940840169965 ) ) ;
#847 = ORIENTED_EDGE ( 'NONE', *, *, #303, .T. ) ;
#848 = CARTESIAN_POINT ( 'NONE',  ( 3.249999999999999556, -1.204256629748066798, 8.137523175804355802 ) ) ;
#849 = DIRECTION ( 'NONE',  ( -1.000000000000000000, -0.000000000000000000, -0.000000000000000000 ) ) ;
#850 = DIRECTION ( 'NONE',  ( 0.000000000000000000, -0.9810509352220218027, -0.1937499999999900691 ) ) ;
#851 = CIRCLE ( 'NONE', #708, 3.500000000000000000 ) ;
#852 = CARTESIAN_POINT ( 'NONE',  ( -3.499875509326580314, 1.089293232745088875E-05, 0.2302751748293927203 ) ) ;
#853 = ORIENTED_EDGE ( 'NONE', *, *, #973, .F. ) ;
#854 = CARTESIAN_POINT ( 'NONE',  ( 6.250000000000000000, 0.2872364647110783875, 4.785019580965853336 ) ) ;
#855 = PLANE ( 'NONE',  #57 ) ;
#856 = CARTESIAN_POINT ( 'NONE',  ( -3.145834486744263803, 0.02952709740882787301, 1.551024394317446875 ) ) ;
#857 = ORIENTED_EDGE ( 'NONE', *, *, #702, .F. ) ;
#858 = EDGE_CURVE ( 'NONE', #653, #755, #96, .T. ) ;
#859 = CARTESIAN_POINT ( 'NONE',  ( -6.154766883345399897, 0.3871541901636051386, 5.555106653970426578 ) ) ;
#860 = CARTESIAN_POINT ( 'NONE',  ( -6.172020044511710601, -1.577631003019521749, -5.952477670692820411 ) ) ;
#861 = CARTESIAN_POINT ( 'NONE',  ( 3.322069196172107386, 0.01527166823835199479, 1.125408117454407275 ) ) ;
#862 = EDGE_LOOP ( 'NONE', ( #412 ) ) ;
#863 = EDGE_CURVE ( 'NONE', #748, #733, #370, .T. ) ;
#864 = CARTESIAN_POINT ( 'NONE',  ( 5.947051917599433857, -1.395793529146577727, -6.471409418109032252 ) ) ;
#865 = CARTESIAN_POINT ( 'NONE',  ( -3.250000000000000888, -1.204256629748081231, -8.137523175804298958 ) ) ;
#866 = CARTESIAN_POINT ( 'NONE',  ( 5.233050142478138156, -1.241905350709028966, 7.390259549123721960 ) ) ;
#867 = CARTESIAN_POINT ( 'NONE',  ( -5.857150188167240756, -1.503189556119983727, 6.443311425297919115 ) ) ;
#868 = CARTESIAN_POINT ( 'NONE',  ( 3.006725965363422848, -1.676550494864683438, -5.207034415743360789 ) ) ;
#869 = CIRCLE ( 'NONE', #7, 41.90000000000000568 ) ;
#870 = EDGE_LOOP ( 'NONE', ( #1031 ) ) ;
#871 = CARTESIAN_POINT ( 'NONE',  ( 6.154740048390686447, -1.478182810690221949, -5.923603534245504676 ) ) ;
#872 = CARTESIAN_POINT ( 'NONE',  ( -4.026460023430890267, -1.124146619577491180, -8.024215248753652219 ) ) ;
#873 = SHAPE_DEFINITION_REPRESENTATION ( #342, #448 ) ;
#874 = CARTESIAN_POINT ( 'NONE',  ( 5.682982400339415818, -1.955846803258182387, -1.934500061904737223 ) ) ;
#875 = CARTESIAN_POINT ( 'NONE',  ( -3.646385554538855711, 0.7579625911192013898, 7.750000000000000000 ) ) ;
#876 = CARTESIAN_POINT ( 'NONE',  ( -3.441568834362820350, -1.223443171028910204, -8.039137585895065996 ) ) ;
#877 =( NAMED_UNIT ( * ) PLANE_ANGLE_UNIT ( ) SI_UNIT ( $, .RADIAN. ) );
#878 = CARTESIAN_POINT ( 'NONE',  ( -5.769000889062334103, -1.477367386538830818, 6.607040362621972029 ) ) ;
#879 = EDGE_CURVE ( 'NONE', #524, #165, #371, .T. ) ;
#880 = ORIENTED_EDGE ( 'NONE', *, *, #59, .F. ) ;
#881 = CARTESIAN_POINT ( 'NONE',  ( -3.250000000000001332, 0.1767125911191537169, 4.806847194333949247 ) ) ;
#882 = CARTESIAN_POINT ( 'NONE',  ( -3.643061930969137219, -1.109652503153215841, -8.099017999230682108 ) ) ;
#883 = CARTESIAN_POINT ( 'NONE',  ( 2.638108085015039350, 0.06650900943353077466, 2.311383001441103424 ) ) ;
#884 = CARTESIAN_POINT ( 'NONE',  ( 5.550811224932716392, -1.937991466084765468, -2.302777076559079816 ) ) ;
#885 = B_SPLINE_CURVE_WITH_KNOTS ( 'NONE', 3,
 ( #433, #275, #621, #859, #175, #345, #531, #1043, #1049, #535, #190, #5, #1037, #349, #875, #444 ),
 .UNSPECIFIED., .F., .F.,
 ( 4, 2, 2, 2, 2, 2, 2, 4 ),
 ( 0.000000000000000000, 0.0005861469406243900726, 0.001172293881248780145, 0.001758440821873170218, 0.002344587762497560290, 0.002930734703121950363, 0.003516881643746340436, 0.004689175524995120581 ),
 .UNSPECIFIED. ) ;
#886 = AXIS2_PLACEMENT_3D ( 'NONE', #950, #711, #10 ) ;
#887 = CARTESIAN_POINT ( 'NONE',  ( 5.637753014563640974, -1.315806816309789573, -6.963647947902032342 ) ) ;
#888 = CARTESIAN_POINT ( 'NONE',  ( -5.234620637482546357, -1.242147390371511673, 7.388901399908498036 ) ) ;
#889 =( LENGTH_UNIT ( ) NAMED_UNIT ( * ) SI_UNIT ( .MILLI., .METRE. ) );
#890 = CARTESIAN_POINT ( 'NONE',  ( 6.170672853095239496, -1.477239614569690218, 5.937457985669179372 ) ) ;
#891 = CARTESIAN_POINT ( 'NONE',  ( 0.7871301320480401653, -1.574901376536129272, -5.961000130537371433 ) ) ;
#892 = DIRECTION ( 'NONE',  ( -1.000000000000000000, -0.000000000000000000, -0.000000000000000000 ) ) ;
#893 = VERTEX_POINT ( 'NONE', #440 ) ;
#894 = FACE_BOUND ( 'NONE', #242, .T. ) ;
#895 = CARTESIAN_POINT ( 'NONE',  ( -5.999655081644199583, -1.999950725967141407, 0.4018225529386202921 ) ) ;
#896 = VERTEX_POINT ( 'NONE', #466 ) ;
#897 = CARTESIAN_POINT ( 'NONE',  ( -6.250000000000000000, 0.3346540666862039548, -5.178556949577508561 ) ) ;
#898 = ADVANCED_FACE ( 'NONE', ( #315 ), #377, .T. ) ;
#899 = CARTESIAN_POINT ( 'NONE',  ( -6.150000000000001243, -1.633838683631705369, -5.547127893832772827 ) ) ;
#900 = CARTESIAN_POINT ( 'NONE',  ( -5.234676924120843289, -1.242156000797566051, 7.388853155043431542 ) ) ;
#901 = CARTESIAN_POINT ( 'NONE',  ( -3.969827943979848506, -1.757443712683426140, -4.515875498246566089 ) ) ;
#902 = ORIENTED_EDGE ( 'NONE', *, *, #540, .F. ) ;
#903 = CARTESIAN_POINT ( 'NONE',  ( -5.633988657614703577, 0.5480323210495016140, -6.600692303402957428 ) ) ;
#904 = AXIS2_PLACEMENT_3D ( 'NONE', #105, #519, #181 ) ;
#905 = EDGE_CURVE ( 'NONE', #325, #130, #869, .T. ) ;
#906 = CARTESIAN_POINT ( 'NONE',  ( 4.216934668927144969, -1.135077015784694110, 7.967599208495903085 ) ) ;
#907 = CARTESIAN_POINT ( 'NONE',  ( -1.939484973431383708, -1.614016017849903228, -5.681287278221880399 ) ) ;
#908 = EDGE_LOOP ( 'NONE', ( #1057 ) ) ;
#909 = CARTESIAN_POINT ( 'NONE',  ( 6.097287861833450506, 0.4141170045184721649, -5.743769966343713840 ) ) ;
#910 = CARTESIAN_POINT ( 'NONE',  ( -3.250000000000000888, -1.223443170285944070, 8.039137589704857589 ) ) ;
#911 = CARTESIAN_POINT ( 'NONE',  ( -2.664732613576499709, -1.652983858821028829, -5.389976066847183667 ) ) ;
#912 = EDGE_CURVE ( 'NONE', #534, #431, #801, .T. ) ;
#913 = ORIENTED_EDGE ( 'NONE', *, *, #1021, .F. ) ;
#914 = CARTESIAN_POINT ( 'NONE',  ( -3.448193743291072089, 0.7579625911192031662, -7.750000000000000888 ) ) ;
#915 = DIRECTION ( 'NONE',  ( 0.000000000000000000, 0.9810509352220166956, -0.1937500000000164646 ) ) ;
#916 = CARTESIAN_POINT ( 'NONE',  ( -2.297712808131909590, -1.631502122294758994, 5.552918110272060837 ) ) ;
#917 = DIRECTION ( 'NONE',  ( 0.000000000000000000, 0.000000000000000000, 1.000000000000000000 ) ) ;
#918 = VERTEX_POINT ( 'NONE', #376 ) ;
#919 = CARTESIAN_POINT ( 'NONE',  ( 4.000578022589679428, -1.241097035977229757, 7.948161925143121920 ) ) ;
#920 = CARTESIAN_POINT ( 'NONE',  ( 5.235751719739395682, -1.341896588852416139, -7.407607420981059398 ) ) ;
#921 = AXIS2_PLACEMENT_3D ( 'NONE', #832, #316, #928 ) ;
#922 = PRODUCT_DEFINITION_CONTEXT ( 'detailed design', #1003, 'design' ) ;
#923 = AXIS2_PLACEMENT_3D ( 'NONE', #87, #703, #18 ) ;
#924 = DIRECTION ( 'NONE',  ( 0.000000000000000000, 0.000000000000000000, -1.000000000000000000 ) ) ;
#925 = CARTESIAN_POINT ( 'NONE',  ( 5.559175847083974276, -1.426459349558095502, -6.919064491001758022 ) ) ;
#926 = CARTESIAN_POINT ( 'NONE',  ( -1.757042152753207187, 0.1151482928551162827, -3.035582192553031078 ) ) ;
#927 = EDGE_LOOP ( 'NONE', ( #1015 ) ) ;
#928 = DIRECTION ( 'NONE',  ( 0.000000000000000000, 0.000000000000000000, 1.000000000000000000 ) ) ;
#929 = CARTESIAN_POINT ( 'NONE',  ( 4.537155848261599012, -1.278964203736294047, 7.749351929859188637 ) ) ;
#930 = B_SPLINE_CURVE_WITH_KNOTS ( 'NONE', 3,
 ( #625, #1046, #14, #964, #119, #179, #263, #718, #968, #878, #607, #953, #279, #972, #203, #630 ),
 .UNSPECIFIED., .F., .F.,
 ( 4, 2, 2, 2, 2, 2, 2, 4 ),
 ( 0.000000000000000000, 0.001143715776795952007, 0.001715573665193927903, 0.002287431553591904015, 0.002859289441989880127, 0.003431147330387855805, 0.004003005218785831917, 0.004574863107183808029 ),
 .UNSPECIFIED. ) ;
#931 = CARTESIAN_POINT ( 'NONE',  ( 0.4543198266911697147, 0.1514687189436129955, -3.478012343947012308 ) ) ;
#932 = ORIENTED_EDGE ( 'NONE', *, *, #410, .T. ) ;
#933 = CARTESIAN_POINT ( 'NONE',  ( 3.448174656282724904, -1.105917115108369764, 8.118101879440029478 ) ) ;
#934 = CARTESIAN_POINT ( 'NONE',  ( 6.250000000000000000, 40.00000000000000000, 0.000000000000000000 ) ) ;
#935 = CARTESIAN_POINT ( 'NONE',  ( 5.023969371699432251, -1.334106106390919422, -7.450034949259366712 ) ) ;
#936 = CARTESIAN_POINT ( 'NONE',  ( 3.319901752209899470, 0.01545230459235883563, -1.131730191296383969 ) ) ;
#937 = VERTEX_POINT ( 'NONE', #1058 ) ;
#938 = B_SPLINE_CURVE_WITH_KNOTS ( 'NONE', 3,
 ( #825, #53, #222, #820, #906, #636, #133, #651, #550, #994, #646, #629, #735, #890, #49, #804 ),
 .UNSPECIFIED., .F., .F.,
 ( 4, 2, 2, 2, 2, 2, 2, 4 ),
 ( 0.000000000000000000, 0.0005861014159842189725, 0.001172202831968437945, 0.001758304247952656918, 0.002344405663936875890, 0.002930507079921094646, 0.003516608495905313835, 0.004688811327873751780 ),
 .UNSPECIFIED. ) ;
#939 = DIRECTION ( 'NONE',  ( 0.000000000000000000, 0.000000000000000000, 1.000000000000000000 ) ) ;
#940 = FACE_OUTER_BOUND ( 'NONE', #99, .T. ) ;
#941 = EDGE_CURVE ( 'NONE', #733, #737, #635, .T. ) ;
#942 = VECTOR ( 'NONE', #394, 1000.000000000000114 ) ;
#943 = CARTESIAN_POINT ( 'NONE',  ( 3.389130047894665321, 0.009572942930338041931, 0.9032279823595812385 ) ) ;
#944 = ORIENTED_EDGE ( 'NONE', *, *, #424, .T. ) ;
#945 = EDGE_CURVE ( 'NONE', #568, #524, #1084, .T. ) ;
#946 = CARTESIAN_POINT ( 'NONE',  ( 6.250472855241230974, -1.656539164613592297, -5.363988302925219998 ) ) ;
#947 = CARTESIAN_POINT ( 'NONE',  ( -5.766409065974048787, -1.476634675541639963, -6.611658066526538313 ) ) ;
#948 = CARTESIAN_POINT ( 'NONE',  ( -6.057915379760904884, -1.582192974632029125, 5.912338058811374530 ) ) ;
#949 = EDGE_LOOP ( 'NONE', ( #483, #399, #307, #880 ) ) ;
#950 = CARTESIAN_POINT ( 'NONE',  ( 6.150000000000000355, -1.581785338540095287, 5.154136984944471145 ) ) ;
#951 = CARTESIAN_POINT ( 'NONE',  ( -6.250000000000001776, -1.532295241179613576, -5.545765491169401429 ) ) ;
#952 = VERTEX_POINT ( 'NONE', #1088 ) ;
#953 = CARTESIAN_POINT ( 'NONE',  ( -6.002675938595378291, -1.555903492117294507, 6.094083327672078276 ) ) ;
#954 = FACE_BOUND ( 'NONE', #927, .T. ) ;
#955 = FACE_OUTER_BOUND ( 'NONE', #139, .T. ) ;
#956 = DIRECTION ( 'NONE',  ( 1.000000000000000000, 0.000000000000000000, 0.000000000000000000 ) ) ;
#957 = CARTESIAN_POINT ( 'NONE',  ( 5.198580379836880816, -1.892920864156485194, -3.002206139709913568 ) ) ;
#958 = AXIS2_PLACEMENT_3D ( 'NONE', #37, #212, #681 ) ;
#959 = ORIENTED_EDGE ( 'NONE', *, *, #572, .T. ) ;
#960 = EDGE_CURVE ( 'NONE', #431, #896, #993, .T. ) ;
#961 = CARTESIAN_POINT ( 'NONE',  ( 6.230653099211771462, -1.531210538249744291, -5.543875171980348959 ) ) ;
#962 = CARTESIAN_POINT ( 'NONE',  ( -4.026649096740745115, -1.222698135684848753, -8.043635191028103648 ) ) ;
#963 = CARTESIAN_POINT ( 'NONE',  ( 6.250000000000000000, -1.223443170285963610, -8.039137589704811404 ) ) ;
#964 = CARTESIAN_POINT ( 'NONE',  ( -4.538366786037889788, -1.279090644441712055, 7.748675481720776581 ) ) ;
#965 = CYLINDRICAL_SURFACE ( 'NONE', #904, 42.00000000000000711 ) ;
#966 = CARTESIAN_POINT ( 'NONE',  ( -3.250000000000001332, -1.105917115118611571, -8.118101879441999458 ) ) ;
#967 = PRESENTATION_STYLE_ASSIGNMENT (( #694 ) ) ;
#968 = CARTESIAN_POINT ( 'NONE',  ( -5.559175847083977828, -1.426459349558089507, 6.919064491001806871 ) ) ;
#969 = CARTESIAN_POINT ( 'NONE',  ( 4.040244589569772948, -1.121353399283552710, -8.039919836145882570 ) ) ;
#970 = CARTESIAN_POINT ( 'NONE',  ( -5.083709218474433911, -1.220116183475990601, 7.511251803430323726 ) ) ;
#971 = CARTESIAN_POINT ( 'NONE',  ( -5.022638545076410388, -1.333924581472877735, 7.451040179733007918 ) ) ;
#972 = CARTESIAN_POINT ( 'NONE',  ( -6.131343334559309355, -1.632927370820811408, 5.543807456457550131 ) ) ;
#973 = EDGE_CURVE ( 'NONE', #124, #368, #34, .T. ) ;
#974 = ORIENTED_EDGE ( 'NONE', *, *, #829, .F. ) ;
#975 = CARTESIAN_POINT ( 'NONE',  ( -4.752615832198036294, 0.6830069922132860905, -7.361107971592621091 ) ) ;
#976 = AXIS2_PLACEMENT_3D ( 'NONE', #988, #723, #561 ) ;
#977 = PRODUCT_DEFINITION_FORMATION_WITH_SPECIFIED_SOURCE ( 'Symmetric', '', #141, .NOT_KNOWN. ) ;
#978 = CARTESIAN_POINT ( 'NONE',  ( -5.857062233517639882, -1.503187660690312066, -6.443288283694410090 ) ) ;
#979 = CARTESIAN_POINT ( 'NONE',  ( -5.512600029812579905, -1.389944491812743044, 7.134162928104574419 ) ) ;
#980 = CARTESIAN_POINT ( 'NONE',  ( -0.7792785337567984527, -1.574717139554847378, 5.962291635340510432 ) ) ;
#981 = ORIENTED_EDGE ( 'NONE', *, *, #702, .T. ) ;
#982 = CARTESIAN_POINT ( 'NONE',  ( 5.083822278659411609, 0.6428392528646343917, -7.143245603718568759 ) ) ;
#983 = CARTESIAN_POINT ( 'NONE',  ( -3.441816481483214396, -1.223443170285955173, -8.039137589704809628 ) ) ;
#984 = LINE ( 'NONE', #206, #378 ) ;
#985 = CARTESIAN_POINT ( 'NONE',  ( -5.393758691157577445, -1.917424129621993156, -2.657406678009036405 ) ) ;
#986 = ORIENTED_EDGE ( 'NONE', *, *, #829, .T. ) ;
#987 = CARTESIAN_POINT ( 'NONE',  ( -3.250000000000001332, 0.1767125911192328758, -4.806847194333934148 ) ) ;
#988 = CARTESIAN_POINT ( 'NONE',  ( 6.250000000000000000, -1.125292115118602165, -8.019996785919797588 ) ) ;
#989 = CARTESIAN_POINT ( 'NONE',  ( -5.847698600274707559, -1.978496428804720653, -1.357465624132529136 ) ) ;
#990 = VERTEX_POINT ( 'NONE', #48 ) ;
#991 = DIRECTION ( 'NONE',  ( -1.000000000000000000, -0.000000000000000000, -0.000000000000000000 ) ) ;
#992 = VECTOR ( 'NONE', #152, 1000.000000000000114 ) ;
#993 = CIRCLE ( 'NONE', #794, 41.90000000000000568 ) ;
#994 = CARTESIAN_POINT ( 'NONE',  ( 5.509708531966183820, -1.289563795643314803, 7.117654019653593345 ) ) ;
#995 = CARTESIAN_POINT ( 'NONE',  ( 3.007322496633414666, -1.677499822973347543, 5.195652016558772068 ) ) ;
#996 = ORIENTED_EDGE ( 'NONE', *, *, #459, .F. ) ;
#997 = DIRECTION ( 'NONE',  ( 0.000000000000000000, 0.000000000000000000, -1.000000000000000000 ) ) ;
#998 = DIRECTION ( 'NONE',  ( 0.000000000000000000, 1.000000000000000000, -0.000000000000000000 ) ) ;
#999 = CARTESIAN_POINT ( 'NONE',  ( 3.964541780750580724, -1.756918485149469245, 4.520932366383068057 ) ) ;
#1000 = ORIENTED_EDGE ( 'NONE', *, *, #912, .F. ) ;
#1001 = CARTESIAN_POINT ( 'NONE',  ( 5.509764392344871808, -1.289574510733167756, 7.117591719806668493 ) ) ;
#1002 = DIRECTION ( 'NONE',  ( 1.000000000000000000, 0.000000000000000000, 0.000000000000000000 ) ) ;
#1003 = APPLICATION_CONTEXT ( 'automotive_design' ) ;
#1004 = CARTESIAN_POINT ( 'NONE',  ( -6.170672853095240384, -1.477239614569701986, -5.937457985669129634 ) ) ;
#1005 = FACE_OUTER_BOUND ( 'NONE', #800, .T. ) ;
#1006 = CARTESIAN_POINT ( 'NONE',  ( -3.037134983005474798, 0.03804009305440742700, -1.754362830624487168 ) ) ;
#1007 = EDGE_LOOP ( 'NONE', ( #194, #86, #501, #393 ) ) ;
#1008 = FACE_OUTER_BOUND ( 'NONE', #224, .T. ) ;
#1009 = ADVANCED_FACE ( 'NONE', ( #806 ), #1083, .T. ) ;
#1010 = CARTESIAN_POINT ( 'NONE',  ( 5.084710947463523034, -1.319671691429431748, -7.530159925686763955 ) ) ;
#1011 = STYLED_ITEM ( 'NONE', ( #967 ), #506 ) ;
#1012 = CARTESIAN_POINT ( 'NONE',  ( -3.643048122018187396, -1.109652239977041210, -8.099019338591167738 ) ) ;
#1013 = CARTESIAN_POINT ( 'NONE',  ( 5.168243180974780415, -1.355162151822165706, 7.332705438959408184 ) ) ;
#1014 = CARTESIAN_POINT ( 'NONE',  ( -0.2297354263737371172, 0.1534118877947135418, -3.499916545182192529 ) ) ;
#1015 = ORIENTED_EDGE ( 'NONE', *, *, #198, .F. ) ;
#1016 = CARTESIAN_POINT ( 'NONE',  ( 5.078657548949420786, -1.219441044648069905, 7.514971279146927863 ) ) ;
#1017 = CARTESIAN_POINT ( 'NONE',  ( 5.078716042134492348, 0.6435244220126948855, 7.147004954740316052 ) ) ;
#1018 = CARTESIAN_POINT ( 'NONE',  ( 6.250000000000000000, 0.7579625911192031662, 7.750000000000000000 ) ) ;
#1019 = CARTESIAN_POINT ( 'NONE',  ( 3.143903469921537130, 0.02968056432139536474, -1.555130811871930918 ) ) ;
#1020 = CARTESIAN_POINT ( 'NONE',  ( 6.250000000000000000, 0.7579625911192031662, 7.750000000000000000 ) ) ;
#1021 = EDGE_CURVE ( 'NONE', #748, #325, #42, .T. ) ;
#1022 = ADVANCED_FACE ( 'NONE', ( #52 ), #730, .T. ) ;
#1023 = CARTESIAN_POINT ( 'NONE',  ( 3.643075722475974221, 0.7541815037323190696, 7.730923756544433978 ) ) ;
#1024 = CARTESIAN_POINT ( 'NONE',  ( 6.250000000000000000, 0.7579625911192031662, -7.750000000000000000 ) ) ;
#1025 = CARTESIAN_POINT ( 'NONE',  ( 3.499774342369142754, 1.974503352951006527E-05, -0.2345152047088276126 ) ) ;
#1026 = ORIENTED_EDGE ( 'NONE', *, *, #707, .F. ) ;
#1027 = CARTESIAN_POINT ( 'NONE',  ( 6.150000000000000355, -1.681025876340906944, 5.166438027867966021 ) ) ;
#1028 = CARTESIAN_POINT ( 'NONE',  ( 5.555476000136598813, -1.425642749287095334, 6.923970566034348906 ) ) ;
#1029 = VECTOR ( 'NONE', #480, 1000.000000000000000 ) ;
#1030 = CARTESIAN_POINT ( 'NONE',  ( 1.355252715606880543E-17, 0.1534192182064408883, 3.500000000000000888 ) ) ;
#1031 = ORIENTED_EDGE ( 'NONE', *, *, #198, .T. ) ;
#1032 = CARTESIAN_POINT ( 'NONE',  ( 6.098766739659216007, -1.551027399741983226, -6.127506876038976813 ) ) ;
#1033 = CARTESIAN_POINT ( 'NONE',  ( -5.554460166115645414, -1.425422754106124623, -6.925286711797220107 ) ) ;
#1034 = CARTESIAN_POINT ( 'NONE',  ( 4.217272225864438617, -1.233761345515571817, 7.986970363125261763 ) ) ;
#1035 = CARTESIAN_POINT ( 'NONE',  ( -6.156079123892729932, -1.578503076691970763, 5.938501757565357586 ) ) ;
#1036 = CARTESIAN_POINT ( 'NONE',  ( -6.150000000000001243, 40.00000000000000000, 0.000000000000000000 ) ) ;
#1037 = CARTESIAN_POINT ( 'NONE',  ( -4.581558284872397024, 0.7000133678642475044, 7.450951050404778897 ) ) ;
#1038 = CARTESIAN_POINT ( 'NONE',  ( -4.000578022589638572, -1.241097035977283269, -7.948161925142867013 ) ) ;
#1039 = CARTESIAN_POINT ( 'NONE',  ( 5.434438913068428967, -1.400954214327192471, 7.069581005543824404 ) ) ;
#1040 = CARTESIAN_POINT ( 'NONE',  ( -5.768262639697979921, -1.477163152851496575, 6.608322868466879996 ) ) ;
#1041 = CARTESIAN_POINT ( 'NONE',  ( 4.519433162937774640, -1.813271877450445491, -3.965787935128617825 ) ) ;
#1042 = ORIENTED_EDGE ( 'NONE', *, *, #127, .F. ) ;
#1043 = CARTESIAN_POINT ( 'NONE',  ( -5.637816762924547476, 0.5471901460121318950, 6.595636370879731203 ) ) ;
#1044 = DIRECTION ( 'NONE',  ( 0.000000000000000000, 1.000000000000000000, -0.000000000000000000 ) ) ;
#1045 = CARTESIAN_POINT ( 'NONE',  ( -6.250000000000000888, -1.556944466825987305, 5.350709510864196439 ) ) ;
#1046 = CARTESIAN_POINT ( 'NONE',  ( -3.633629161346792369, -1.223443170285947179, 8.039137589704857589 ) ) ;
#1047 = TOROIDAL_SURFACE ( 'NONE', #78, 41.90000000000000568, 0.1000000000000000056 ) ;
#1048 = AXIS2_PLACEMENT_3D ( 'NONE', #311, #570, #924 ) ;
#1049 = CARTESIAN_POINT ( 'NONE',  ( -5.511262685444295428, 0.5730581516108083084, 6.747995455308756441 ) ) ;
#1050 = CARTESIAN_POINT ( 'NONE',  ( -5.166948470593976772, -1.354962809749946429, -7.333828226442280496 ) ) ;
#1051 = DIRECTION ( 'NONE',  ( 8.607744534581568152E-15, -0.1230104292349477324, -0.9924053780081172338 ) ) ;
#1052 = CARTESIAN_POINT ( 'NONE',  ( 3.658548708729855381, -1.728640509539296710, -4.771648539381071252 ) ) ;
#1053 = CARTESIAN_POINT ( 'NONE',  ( -4.001410929795381932, -1.241136761726751248, -7.947956175421367675 ) ) ;
#1054 = CARTESIAN_POINT ( 'NONE',  ( -5.511164849898855245, -1.389665795790651082, -7.135778136134518945 ) ) ;
#1055 = CARTESIAN_POINT ( 'NONE',  ( 6.250000000000000000, 0.2872364647110783875, 4.785019580965853336 ) ) ;
#1056 = CARTESIAN_POINT ( 'NONE',  ( 3.250000000000000444, 0.7579625911192031662, 7.750000000000000000 ) ) ;
#1057 = ORIENTED_EDGE ( 'NONE', *, *, #715, .T. ) ;
#1058 = CARTESIAN_POINT ( 'NONE',  ( -6.250000000000000000, 0.2872364647110783875, 4.785019580965851560 ) ) ;
#1059 = CARTESIAN_POINT ( 'NONE',  ( -3.250000000000001332, -1.223443170285959170, -8.039137589704809628 ) ) ;
#1060 = CARTESIAN_POINT ( 'NONE',  ( -5.947011494739165016, -1.395780735226730629, 6.471491123923476252 ) ) ;
#1061 = B_SPLINE_CURVE_WITH_KNOTS ( 'NONE', 3,
 ( #753, #339, #1097, #686, #157, #1028, #323, #1013, #240, #586, #929, #622, #520, #784, #16, #172 ),
 .UNSPECIFIED., .F., .F.,
 ( 4, 2, 2, 2, 2, 2, 2, 4 ),
 ( 0.000000000000000000, 0.001143742524471985265, 0.001715613786707978873, 0.002287485048943972699, 0.002859356311179965873, 0.003431227573415959915, 0.004003098835651953090, 0.004574970097887947132 ),
 .UNSPECIFIED. ) ;
#1062 = CARTESIAN_POINT ( 'NONE',  ( 6.150000000000000355, -1.581785338540098840, -5.154136984944422295 ) ) ;
#1063 = CARTESIAN_POINT ( 'NONE',  ( 5.807881204156836397, -1.972916580658380603, 1.556461396312862178 ) ) ;
#1064 = CARTESIAN_POINT ( 'NONE',  ( -4.026486946297288760, 0.7395255127673241446, -7.656147504381146440 ) ) ;
#1065 = CIRCLE ( 'NONE', #41, 0.09999999999999939493 ) ;
#1066 = AXIS2_PLACEMENT_3D ( 'NONE', #881, #338, #768 ) ;
#1067 = CARTESIAN_POINT ( 'NONE',  ( 4.013903103271006856, -1.238400393052266679, -7.963381216377910299 ) ) ;
#1068 = FACE_OUTER_BOUND ( 'NONE', #51, .T. ) ;
#1069 = CARTESIAN_POINT ( 'NONE',  ( 0.7921075332256318768, -1.574985321666615423, 5.960423087577858325 ) ) ;
#1070 = ORIENTED_EDGE ( 'NONE', *, *, #905, .F. ) ;
#1071 = CARTESIAN_POINT ( 'NONE',  ( -6.250000000000000000, 40.00000000000000000, 0.000000000000000000 ) ) ;
#1072 = CARTESIAN_POINT ( 'NONE',  ( -3.631644391692982143, -1.223443171257715623, 8.039137584721766316 ) ) ;
#1073 = CARTESIAN_POINT ( 'NONE',  ( -5.209764635413696610, -1.893853934823690244, -3.002022868256208898 ) ) ;
#1074 = ORIENTED_EDGE ( 'NONE', *, *, #773, .F. ) ;
#1075 = CARTESIAN_POINT ( 'NONE',  ( 6.150000000000000355, 40.00000000000000000, 0.000000000000000000 ) ) ;
#1076 = B_SPLINE_CURVE_WITH_KNOTS ( 'NONE', 3,
 ( #600, #61, #143, #595, #403, #935, #682, #746, #925, #833, #415, #499, #1091, #421, #317, #664 ),
 .UNSPECIFIED., .F., .F.,
 ( 4, 2, 2, 2, 2, 2, 2, 4 ),
 ( 0.000000000000000000, 0.001143715776795950273, 0.001715573665193925301, 0.002287431553591900545, 0.002859289441989875790, 0.003431147330387850601, 0.004003005218785825846, 0.004574863107183801091 ),
 .UNSPECIFIED. ) ;
#1077 = EDGE_CURVE ( 'NONE', #165, #235, #395, .T. ) ;
#1078 = CARTESIAN_POINT ( 'NONE',  ( 3.250000000000000444, 0.7579625911192031662, -7.750000000000000000 ) ) ;
#1079 = CARTESIAN_POINT ( 'NONE',  ( 4.771983002074233760, -1.841670670723180248, 3.657970742265593156 ) ) ;
#1080 = ORIENTED_EDGE ( 'NONE', *, *, #715, .F. ) ;
#1081 = DIRECTION ( 'NONE',  ( 0.000000000000000000, 0.000000000000000000, -1.000000000000000000 ) ) ;
#1082 = VECTOR ( 'NONE', #118, 1000.000000000000114 ) ;
#1083 = TOROIDAL_SURFACE ( 'NONE', #309, 41.90000000000000568, 0.1000000000000000056 ) ;
#1084 = B_SPLINE_CURVE_WITH_KNOTS ( 'NONE', 3,
 ( #131, #565, #457, #476, #909, #464, #389, #725, #298, #819, #982, #738, #40, #285, #632, #120 ),
 .UNSPECIFIED., .F., .F.,
 ( 4, 2, 2, 2, 2, 2, 2, 4 ),
 ( 0.000000000000000000, 0.0005861469406243894221, 0.001172293881248778844, 0.001758440821873168483, 0.002344587762497557688, 0.002930734703121947327, 0.003516881643746336966, 0.004689175524995118846 ),
 .UNSPECIFIED. ) ;
#1085 = CARTESIAN_POINT ( 'NONE',  ( -6.250000000000000000, -1.581785338540100838, -5.154136984944421407 ) ) ;
#1086 = CARTESIAN_POINT ( 'NONE',  ( 0.3940992055032758179, -1.569241051783491603, 5.999849864921184661 ) ) ;
#1087 = ORIENTED_EDGE ( 'NONE', *, *, #109, .T. ) ;
#1088 = CARTESIAN_POINT ( 'NONE',  ( 0.000000000000000000, -2.149999999999999911, 3.500000000000000000 ) ) ;
#1089 = CARTESIAN_POINT ( 'NONE',  ( 3.644817213397745004, -1.204256630767908787, -8.137523170667051886 ) ) ;
#1090 = CYLINDRICAL_SURFACE ( 'NONE', #491, 3.000000000000000000 ) ;
#1091 = CARTESIAN_POINT ( 'NONE',  ( 6.058122747107861805, -1.582309273247245240, -5.911514026231490249 ) ) ;
#1092 = CYLINDRICAL_SURFACE ( 'NONE', #147, 6.000000000000000888 ) ;
#1093 = ORIENTED_EDGE ( 'NONE', *, *, #658, .T. ) ;
#1094 = CARTESIAN_POINT ( 'NONE',  ( 6.149999995211014259, -1.633966938915754508, 5.546093174789425539 ) ) ;
#1095 = CARTESIAN_POINT ( 'NONE',  ( 3.250000000000000444, -1.223443170285950066, -8.039137589704807851 ) ) ;
#1096 = CYLINDRICAL_SURFACE ( 'NONE', #1102, 2.999999999999999112 ) ;
#1097 = CARTESIAN_POINT ( 'NONE',  ( 6.073536574371551922, -1.581472277630274537, 5.924809097831119864 ) ) ;
#1098 = CARTESIAN_POINT ( 'NONE',  ( -0.9103989582998658348, 0.1436513694534535257, -3.387255440162357356 ) ) ;
#1099 = ADVANCED_FACE ( 'NONE', ( #470 ), #720, .T. ) ;
#1100 = ORIENTED_EDGE ( 'NONE', *, *, #210, .F. ) ;
#1101 = CARTESIAN_POINT ( 'NONE',  ( 3.250000000000000444, -1.223443170285944293, 8.039137589704859366 ) ) ;
#1102 = AXIS2_PLACEMENT_3D ( 'NONE', #226, #915, #402 ) ;
#1103 = DIRECTION ( 'NONE',  ( 0.000000000000000000, 0.000000000000000000, 1.000000000000000000 ) ) ;
#1104 = CARTESIAN_POINT ( 'NONE',  ( 6.097224689689103805, -1.450568317995455159, -6.112222632444825443 ) ) ;
#1105 = CARTESIAN_POINT ( 'NONE',  ( 2.781869071893822376, 0.05663128538634459863, -2.136241522430339490 ) ) ;
#1106 = ORIENTED_EDGE ( 'NONE', *, *, #945, .T. ) ;
#1107 = PLANE ( 'NONE',  #150 ) ;
#1108 = ADVANCED_FACE ( 'NONE', ( #236, #1008 ), #160, .F. ) ;
#1109 = ADVANCED_FACE ( 'NONE', ( #693 ), #1107, .F. ) ;
#1110 = CARTESIAN_POINT ( 'NONE',  ( 5.233112188014167998, 0.6209891352706021772, 7.022297419671587271 ) ) ;
#1111 = CARTESIAN_POINT ( 'NONE',  ( 6.250000000000000000, -1.105917115118593586, 8.118101879442047419 ) ) ;
#1112 = CARTESIAN_POINT ( 'NONE',  ( -3.320424324159979346, 0.01540737820055172388, 1.129926368080719890 ) ) ;
#1113 = DIRECTION ( 'NONE',  ( 0.000000000000000000, 0.000000000000000000, -1.000000000000000000 ) ) ;
ENDSEC;
END-ISO-10303-21;
