ISO-10303-21;
HEADER;
FILE_DESCRIPTION (( 'STEP AP214' ),
    '1' );
FILE_NAME ('Part 2 Gear.STEP',
    '2025-07-24T08:03:09',
    ( '' ),
    ( '' ),
    'SwSTEP 2.0',
    'SolidWorks 2025',
    '' );
FILE_SCHEMA (( 'AUTOMOTIVE_DESIGN' ));
ENDSEC;

DATA;
#1 = LINE ( 'NONE', #231, #3692 ) ;
#2 = AXIS2_PLACEMENT_3D ( 'NONE', #2379, #2111, #2054 ) ;
#3 = LINE ( 'NONE', #36, #2399 ) ;
#4 = ORIENTED_EDGE ( 'NONE', *, *, #3502, .T. ) ;
#5 = CIRCLE ( 'NONE', #1441, 33.00000000003299760 ) ;
#6 = CARTESIAN_POINT ( 'NONE',  ( 10.00000000000000000, 28.58190819155622009, -5.162692366396045784 ) ) ;
#7 = DIRECTION ( 'NONE',  ( -1.000000000000000000, 0.000000000000000000, 0.000000000000000000 ) ) ;
#8 = EDGE_CURVE ( 'NONE', #2740, #3185, #3307, .T. ) ;
#9 = EDGE_LOOP ( 'NONE', ( #2181, #834, #2316, #1600 ) ) ;
#10 = EDGE_LOOP ( 'NONE', ( #254, #2507, #1670, #289 ) ) ;
#11 = DIRECTION ( 'NONE',  ( 0.000000000000000000, 0.000000000000000000, 1.000000000000000000 ) ) ;
#12 = CYLINDRICAL_SURFACE ( 'NONE', #120, 12.00000000001199751 ) ;
#13 = ADVANCED_FACE ( 'NONE', ( #2121 ), #90, .F. ) ;
#14 = ORIENTED_EDGE ( 'NONE', *, *, #915, .T. ) ;
#15 = DIRECTION ( 'NONE',  ( -1.000000000000000000, -0.000000000000000000, 0.000000000000000000 ) ) ;
#16 = VERTEX_POINT ( 'NONE', #2985 ) ;
#17 = VERTEX_POINT ( 'NONE', #2697 ) ;
#18 = FACE_OUTER_BOUND ( 'NONE', #3385, .T. ) ;
#19 = FACE_OUTER_BOUND ( 'NONE', #1433, .T. ) ;
#20 = VERTEX_POINT ( 'NONE', #3063 ) ;
#21 = ADVANCED_FACE ( 'NONE', ( #3625 ), #1534, .T. ) ;
#22 = CARTESIAN_POINT ( 'NONE',  ( 0.000000000000000000, -25.45134530200257572, 6.421761699067420004 ) ) ;
#23 = CARTESIAN_POINT ( 'NONE',  ( -14.50005080000000035, 0.000000000000000000, 0.000000000000000000 ) ) ;
#24 = ORIENTED_EDGE ( 'NONE', *, *, #853, .F. ) ;
#25 = CYLINDRICAL_SURFACE ( 'NONE', #426, 29.38720356573499615 ) ;
#26 = EDGE_CURVE ( 'NONE', #3233, #1087, #3027, .T. ) ;
#27 = DIRECTION ( 'NONE',  ( -1.000000000000000000, 0.000000000000000000, 0.000000000000000000 ) ) ;
#28 = VERTEX_POINT ( 'NONE', #1853 ) ;
#29 = ADVANCED_FACE ( 'NONE', ( #401 ), #107, .T. ) ;
#30 = CARTESIAN_POINT ( 'NONE',  ( 10.00000000000000000, 16.81595405857669334, -20.15523976789202010 ) ) ;
#31 = CYLINDRICAL_SURFACE ( 'NONE', #751, 12.00000000001199929 ) ;
#32 = DIRECTION ( 'NONE',  ( 0.000000000000000000, 0.000000000000000000, -1.000000000000000000 ) ) ;
#33 = ORIENTED_EDGE ( 'NONE', *, *, #3485, .T. ) ;
#34 = EDGE_CURVE ( 'NONE', #2599, #2328, #531, .T. ) ;
#35 = DIRECTION ( 'NONE',  ( -1.000000000000000000, 0.000000000000000000, 0.000000000000000000 ) ) ;
#36 = CARTESIAN_POINT ( 'NONE',  ( 10.00000000000000000, 26.19010129678557419, 1.757439918030896830 ) ) ;
#37 = EDGE_LOOP ( 'NONE', ( #2764, #1806, #2998, #2841 ) ) ;
#38 = VECTOR ( 'NONE', #2470, 1000.000000000000000 ) ;
#39 = CARTESIAN_POINT ( 'NONE',  ( 10.00000000000000000, 25.58765035578316471, -13.74230757954361337 ) ) ;
#40 = PLANE ( 'NONE',  #420 ) ;
#41 = DIRECTION ( 'NONE',  ( -1.000000000000000000, 0.000000000000000000, 0.000000000000000000 ) ) ;
#42 = ORIENTED_EDGE ( 'NONE', *, *, #3794, .F. ) ;
#43 = DIRECTION ( 'NONE',  ( 0.000000000000000000, 0.8090169943749445647, 0.5877852522924771339 ) ) ;
#44 = DIRECTION ( 'NONE',  ( 0.000000000000000000, 0.000000000000000000, 1.000000000000000000 ) ) ;
#45 = EDGE_LOOP ( 'NONE', ( #1730, #3015, #2309, #3626 ) ) ;
#46 = CYLINDRICAL_SURFACE ( 'NONE', #3266, 6.000000000000000000 ) ;
#47 = DIRECTION ( 'NONE',  ( 0.000000000000000000, 0.3090169943749411785, 0.9510565162951556406 ) ) ;
#48 = AXIS2_PLACEMENT_3D ( 'NONE', #3809, #581, #1765 ) ;
#49 = CIRCLE ( 'NONE', #3008, 33.00000000003299760 ) ;
#50 = CARTESIAN_POINT ( 'NONE',  ( 10.00000000000000000, 14.00272098155366507, 21.60867432569866509 ) ) ;
#51 = ADVANCED_FACE ( 'NONE', ( #3002 ), #417, .T. ) ;
#52 = EDGE_LOOP ( 'NONE', ( #706, #3215, #2870, #2041, #783, #1034, #964, #546 ) ) ;
#53 = AXIS2_PLACEMENT_3D ( 'NONE', #3551, #2724, #75 ) ;
#54 = DIRECTION ( 'NONE',  ( 1.000000000000000000, -0.000000000000000000, -0.000000000000000000 ) ) ;
#55 = CARTESIAN_POINT ( 'NONE',  ( 10.00000000000000000, -20.15523976789232208, 16.81595405857633452 ) ) ;
#56 = ORIENTED_EDGE ( 'NONE', *, *, #2838, .T. ) ;
#57 = VECTOR ( 'NONE', #2868, 1000.000000000000000 ) ;
#58 = ADVANCED_FACE ( 'NONE', ( #1299 ), #1590, .T. ) ;
#59 = CIRCLE ( 'NONE', #2651, 12.00000000001199929 ) ;
#60 = CIRCLE ( 'NONE', #2226, 12.00000000001199929 ) ;
#61 = VECTOR ( 'NONE', #1671, 1000.000000000000000 ) ;
#62 = DIRECTION ( 'NONE',  ( -1.000000000000000000, 0.000000000000000000, -0.000000000000000000 ) ) ;
#63 = DIRECTION ( 'NONE',  ( -1.000000000000000000, 0.000000000000000000, 0.000000000000000000 ) ) ;
#64 = CYLINDRICAL_SURFACE ( 'NONE', #3059, 33.00000000003299760 ) ;
#65 = AXIS2_PLACEMENT_3D ( 'NONE', #3095, #3057, #2174 ) ;
#66 = ORIENTED_EDGE ( 'NONE', *, *, #99, .T. ) ;
#67 = CARTESIAN_POINT ( 'NONE',  ( 0.000000000000000000, -16.81595405857654413, 20.15523976789214444 ) ) ;
#68 = CYLINDRICAL_SURFACE ( 'NONE', #2900, 33.00000000003299760 ) ;
#69 = CIRCLE ( 'NONE', #2047, 12.00000000001199574 ) ;
#70 = VERTEX_POINT ( 'NONE', #2721 ) ;
#71 = LINE ( 'NONE', #306, #1612 ) ;
#72 = DIRECTION ( 'NONE',  ( 0.000000000000000000, 0.000000000000000000, 1.000000000000000000 ) ) ;
#73 = CARTESIAN_POINT ( 'NONE',  ( 10.00000000000000000, -20.97672997851849175, 20.08869502354286851 ) ) ;
#74 = ORIENTED_EDGE ( 'NONE', *, *, #388, .T. ) ;
#75 = DIRECTION ( 'NONE',  ( 0.000000000000000000, 0.000000000000000000, 1.000000000000000000 ) ) ;
#76 = EDGE_CURVE ( 'NONE', #3591, #1410, #2679, .T. ) ;
#77 = EDGE_LOOP ( 'NONE', ( #2846, #3535, #2770, #2970 ) ) ;
#78 = EDGE_CURVE ( 'NONE', #3080, #261, #1654, .T. ) ;
#79 = CYLINDRICAL_SURFACE ( 'NONE', #1064, 9.000000000000000000 ) ;
#80 = DIRECTION ( 'NONE',  ( 0.000000000000000000, 0.000000000000000000, 1.000000000000000000 ) ) ;
#81 = CARTESIAN_POINT ( 'NONE',  ( 0.000000000000000000, 0.000000000000000000, 0.000000000000000000 ) ) ;
#82 = ORIENTED_EDGE ( 'NONE', *, *, #3035, .F. ) ;
#83 = CARTESIAN_POINT ( 'NONE',  ( -5.000050800000000351, 34.64999999999999858, 0.000000000000000000 ) ) ;
#84 = ADVANCED_FACE ( 'NONE', ( #2428 ), #2873, .T. ) ;
#85 = CARTESIAN_POINT ( 'NONE',  ( 5.000000000000000000, -22.57029131341969830, -24.07450830296537703 ) ) ;
#86 = ORIENTED_EDGE ( 'NONE', *, *, #2061, .T. ) ;
#87 = DIRECTION ( 'NONE',  ( 0.000000000000000000, 0.000000000000000000, 1.000000000000000000 ) ) ;
#88 = CARTESIAN_POINT ( 'NONE',  ( 0.000000000000000000, -32.41039017722563642, 6.210201974346230891 ) ) ;
#89 = CARTESIAN_POINT ( 'NONE',  ( 10.00000000000000000, -20.08869502354309589, 20.97672997851826793 ) ) ;
#90 = PLANE ( 'NONE',  #2323 ) ;
#91 = VERTEX_POINT ( 'NONE', #3046 ) ;
#92 = DIRECTION ( 'NONE',  ( 0.000000000000000000, 0.000000000000000000, 1.000000000000000000 ) ) ;
#93 = ORIENTED_EDGE ( 'NONE', *, *, #3051, .F. ) ;
#94 = CYLINDRICAL_SURFACE ( 'NONE', #191, 12.00000000001200107 ) ;
#95 = CARTESIAN_POINT ( 'NONE',  ( 0.000000000000000000, 0.000000000000000000, 0.000000000000000000 ) ) ;
#96 = LINE ( 'NONE', #1881, #2813 ) ;
#97 = CLOSED_SHELL ( 'NONE', ( #1447, #2281, #3096, #580, #3644, #663, #1204, #2863, #2305, #2371, #13, #3223, #2678, #1316, #3410, #1008, #3573, #130, #1810, #1298, #2892, #2904, #3172, #1072, #1217, #1138, #3269, #3808, #51, #526, #279, #3669, #3430, #292, #1172, #909, #3113, #2930, #1632, #840, #1340, #936, #2913, #3343, #770, #863, #896, #3455, #3230, #2010, #3688, #722, #3475, #1826, #58, #604, #3613, #1674, #940, #2324, #3624, #2234, #174, #2440, #2859, #1461, #1442, #2790, #3818, #21, #1779, #2415, #3708, #3177, #1513, #323, #273, #1102, #1254, #2809, #360, #3521, #1802, #3650, #2661, #3436, #3619, #3469, #984, #2917, #2976, #2368, #3656, #1601, #1493, #440, #1933, #2554, #1486, #3379, #84, #1689, #748, #1106, #845, #123, #29, #2203, #1335, #1897, #2129, #1058 ) ) ;
#98 = ORIENTED_EDGE ( 'NONE', *, *, #1768, .T. ) ;
#99 = EDGE_CURVE ( 'NONE', #3351, #3542, #2756, .T. ) ;
#100 = CARTESIAN_POINT ( 'NONE',  ( 10.00000000000000000, 0.000000000000000000, 0.000000000000000000 ) ) ;
#101 = CIRCLE ( 'NONE', #161, 26.24900000002624623 ) ;
#102 = EDGE_CURVE ( 'NONE', #1819, #3778, #1887, .T. ) ;
#103 = ORIENTED_EDGE ( 'NONE', *, *, #388, .F. ) ;
#104 = CARTESIAN_POINT ( 'NONE',  ( -5.000050799999999462, 15.13921348143991175, 21.44327904413795594 ) ) ;
#105 = DIRECTION ( 'NONE',  ( 0.000000000000000000, 0.000000000000000000, -1.000000000000000000 ) ) ;
#106 = CARTESIAN_POINT ( 'NONE',  ( -10.00000000000000000, 0.000000000000000000, 0.000000000000000000 ) ) ;
#107 = CYLINDRICAL_SURFACE ( 'NONE', #2752, 0.5000000000000004441 ) ;
#108 = ORIENTED_EDGE ( 'NONE', *, *, #2390, .F. ) ;
#109 = DIRECTION ( 'NONE',  ( -1.000000000000000000, 0.000000000000000000, 0.000000000000000000 ) ) ;
#110 = CYLINDRICAL_SURFACE ( 'NONE', #993, 33.00000000003299760 ) ;
#111 = EDGE_CURVE ( 'NONE', #2638, #230, #2177, .T. ) ;
#112 = ORIENTED_EDGE ( 'NONE', *, *, #8, .T. ) ;
#113 = AXIS2_PLACEMENT_3D ( 'NONE', #911, #3283, #92 ) ;
#114 = CARTESIAN_POINT ( 'NONE',  ( -1.000050799999999906, 34.64999999999999858, 0.000000000000000000 ) ) ;
#115 = CIRCLE ( 'NONE', #1361, 33.00000000003299760 ) ;
#116 = CARTESIAN_POINT ( 'NONE',  ( 0.000000000000000000, -29.87082158197690163, 14.02619043147072198 ) ) ;
#117 = CIRCLE ( 'NONE', #1184, 12.00000000001199751 ) ;
#118 = CARTESIAN_POINT ( 'NONE',  ( -4.988012605684389200, 14.38955397210605369, 21.95344285572156551 ) ) ;
#119 = ORIENTED_EDGE ( 'NONE', *, *, #955, .F. ) ;
#120 = AXIS2_PLACEMENT_3D ( 'NONE', #2964, #3310, #44 ) ;
#121 = CIRCLE ( 'NONE', #1618, 26.24900000002624623 ) ;
#122 = CARTESIAN_POINT ( 'NONE',  ( 10.00000000000000000, 0.000000000000000000, -1.500000000000000000 ) ) ;
#123 = ADVANCED_FACE ( 'NONE', ( #788 ), #3726, .T. ) ;
#124 = CIRCLE ( 'NONE', #1187, 12.00000000001199929 ) ;
#125 = ORIENTED_EDGE ( 'NONE', *, *, #3056, .T. ) ;
#126 = CARTESIAN_POINT ( 'NONE',  ( -5.052898754571987006, 14.59372737578119761, 21.14827835531467670 ) ) ;
#127 = CIRCLE ( 'NONE', #1623, 26.24900000002600109 ) ;
#128 = CARTESIAN_POINT ( 'NONE',  ( 10.00000000000000000, 13.97235653801689637, -22.22123429910936565 ) ) ;
#129 = FACE_OUTER_BOUND ( 'NONE', #615, .T. ) ;
#130 = ADVANCED_FACE ( 'NONE', ( #1086 ), #441, .F. ) ;
#131 = CARTESIAN_POINT ( 'NONE',  ( 10.00000000000000000, 0.000000000000000000, 0.000000000000000000 ) ) ;
#132 = EDGE_LOOP ( 'NONE', ( #2474, #56, #1446, #1374, #1772, #588, #521, #3157, #3812, #2675, #3652, #1506, #1882, #844, #1530, #2932, #134, #572, #2655, #1704, #976, #1068, #3805, #951, #2411, #3346, #256, #555, #1230, #3682, #2502, #1133, #2448, #1108, #919, #1628, #1165, #3362, #527, #2555, #1420, #3342, #3404, #3367, #2604, #3527, #3816, #2163, #3303, #2925, #2709, #1312, #2608, #907, #2464, #3282, #3058, #3183, #939, #3501, #3827, #2641, #3127, #3701, #3757, #2584, #24, #3484, #1459, #2173, #1095, #1846, #2894, #2168, #2647, #1190, #3181, #616, #1643, #202 ) ) ;
#133 = CARTESIAN_POINT ( 'NONE',  ( 10.00000000000000000, -20.15523976789207339, -16.81595405857662229 ) ) ;
#134 = ORIENTED_EDGE ( 'NONE', *, *, #3029, .T. ) ;
#135 = DIRECTION ( 'NONE',  ( -1.000000000000000000, 0.000000000000000000, -0.000000000000000000 ) ) ;
#136 = LINE ( 'NONE', #2800, #3258 ) ;
#137 = DIRECTION ( 'NONE',  ( 0.000000000000000000, 0.9510565162951544194, -0.3090169943749446757 ) ) ;
#138 = ORIENTED_EDGE ( 'NONE', *, *, #1876, .F. ) ;
#139 = EDGE_CURVE ( 'NONE', #478, #3553, #754, .T. ) ;
#140 = DIRECTION ( 'NONE',  ( -1.000000000000000000, -0.000000000000000000, -0.000000000000000000 ) ) ;
#141 = VERTEX_POINT ( 'NONE', #1067 ) ;
#142 = EDGE_CURVE ( 'NONE', #2210, #3003, #908, .T. ) ;
#143 = CARTESIAN_POINT ( 'NONE',  ( -4.500050799999999462, 15.13921348143990997, 21.44327904413795594 ) ) ;
#144 = DIRECTION ( 'NONE',  ( -1.000000000000000000, 0.000000000000000000, 0.000000000000000000 ) ) ;
#145 = CARTESIAN_POINT ( 'NONE',  ( -5.500050799999999462, 34.64999999999999858, 6.000000000000000000 ) ) ;
#146 = DIRECTION ( 'NONE',  ( 0.000000000000000000, 0.000000000000000000, 1.000000000000000000 ) ) ;
#147 = ORIENTED_EDGE ( 'NONE', *, *, #2816, .T. ) ;
#148 = EDGE_CURVE ( 'NONE', #16, #449, #1098, .T. ) ;
#149 = CARTESIAN_POINT ( 'NONE',  ( 0.000000000000000000, 0.000000000000000000, 0.000000000000000000 ) ) ;
#150 = DIRECTION ( 'NONE',  ( 0.000000000000000000, 0.000000000000000000, 1.000000000000000000 ) ) ;
#151 = ORIENTED_EDGE ( 'NONE', *, *, #853, .T. ) ;
#152 = EDGE_CURVE ( 'NONE', #3790, #3351, #1379, .T. ) ;
#153 = DIRECTION ( 'NONE',  ( 0.000000000000000000, 0.000000000000000000, -1.000000000000000000 ) ) ;
#154 = DIRECTION ( 'NONE',  ( -1.000000000000000000, 0.000000000000000000, 0.000000000000000000 ) ) ;
#155 = CARTESIAN_POINT ( 'NONE',  ( -14.50005080000000035, 34.64999999999999858, 0.000000000000000000 ) ) ;
#156 = VERTEX_POINT ( 'NONE', #1648 ) ;
#157 = DIRECTION ( 'NONE',  ( -1.000000000000000000, -0.000000000000000000, 0.000000000000000000 ) ) ;
#158 = CARTESIAN_POINT ( 'NONE',  ( 0.000000000000000000, 29.87082158197679860, 14.02619043147093869 ) ) ;
#159 = EDGE_CURVE ( 'NONE', #478, #3758, #2136, .T. ) ;
#160 = ORIENTED_EDGE ( 'NONE', *, *, #1741, .F. ) ;
#161 = AXIS2_PLACEMENT_3D ( 'NONE', #2400, #3785, #3802 ) ;
#162 = DIRECTION ( 'NONE',  ( 0.000000000000000000, 0.000000000000000000, -1.000000000000000000 ) ) ;
#163 = DIRECTION ( 'NONE',  ( 0.000000000000000000, -0.5877852522924623679, -0.8090169943749551118 ) ) ;
#164 = LINE ( 'NONE', #1022, #1800 ) ;
#165 = CARTESIAN_POINT ( 'NONE',  ( 10.00000000000000000, 0.000000000000000000, 0.000000000000000000 ) ) ;
#166 = ORIENTED_EDGE ( 'NONE', *, *, #1357, .T. ) ;
#167 = CARTESIAN_POINT ( 'NONE',  ( 10.00000000000000000, -24.36518769947367247, 9.764611071148440402 ) ) ;
#168 = CARTESIAN_POINT ( 'NONE',  ( -5.229455146379873298, 14.41000205737778828, 21.22343682636692819 ) ) ;
#169 = EDGE_CURVE ( 'NONE', #1896, #2407, #1283, .T. ) ;
#170 = EDGE_LOOP ( 'NONE', ( #1544, #1055, #865, #1815 ) ) ;
#171 = DIRECTION ( 'NONE',  ( 0.000000000000000000, 0.000000000000000000, 1.000000000000000000 ) ) ;
#172 = DIRECTION ( 'NONE',  ( 0.000000000000000000, 0.000000000000000000, 1.000000000000000000 ) ) ;
#173 = FACE_OUTER_BOUND ( 'NONE', #1198, .T. ) ;
#174 = ADVANCED_FACE ( 'NONE', ( #206 ), #3139, .T. ) ;
#175 = ORIENTED_EDGE ( 'NONE', *, *, #1926, .T. ) ;
#176 = VECTOR ( 'NONE', #832, 1000.000000000000000 ) ;
#177 = AXIS2_PLACEMENT_3D ( 'NONE', #23, #3597, #901 ) ;
#178 = CIRCLE ( 'NONE', #3452, 33.00000000003299760 ) ;
#179 = CIRCLE ( 'NONE', #2829, 26.24900000002600109 ) ;
#180 = CARTESIAN_POINT ( 'NONE',  ( 10.00000000000000000, -28.77836971167558033, 3.922283146167000911 ) ) ;
#181 = CIRCLE ( 'NONE', #807, 33.00000000003299760 ) ;
#182 = VECTOR ( 'NONE', #2541, 1000.000000000000000 ) ;
#183 = ORIENTED_EDGE ( 'NONE', *, *, #3029, .F. ) ;
#184 = DIRECTION ( 'NONE',  ( 0.000000000000000000, -0.5767539137271788796, -0.8169179414117319071 ) ) ;
#185 = CARTESIAN_POINT ( 'NONE',  ( 0.000000000000000000, -32.74317072229276704, 4.109108303874132950 ) ) ;
#186 = APPLICATION_PROTOCOL_DEFINITION ( 'draft international standard', 'automotive_design', 1998, #657 ) ;
#187 = DIRECTION ( 'NONE',  ( -1.000000000000000000, -0.000000000000000000, -0.000000000000000000 ) ) ;
#188 = ORIENTED_EDGE ( 'NONE', *, *, #1768, .F. ) ;
#189 = AXIS2_PLACEMENT_3D ( 'NONE', #447, #423, #3052 ) ;
#190 = DIRECTION ( 'NONE',  ( -1.000000000000000000, 0.000000000000000000, 0.000000000000000000 ) ) ;
#191 = AXIS2_PLACEMENT_3D ( 'NONE', #1286, #701, #1878 ) ;
#192 = DIRECTION ( 'NONE',  ( -1.000000000000000000, 0.000000000000000000, 0.000000000000000000 ) ) ;
#193 = VERTEX_POINT ( 'NONE', #474 ) ;
#194 = EDGE_CURVE ( 'NONE', #226, #2882, #1663, .T. ) ;
#195 = DIRECTION ( 'NONE',  ( 0.000000000000000000, 0.000000000000000000, 1.000000000000000000 ) ) ;
#196 = CARTESIAN_POINT ( 'NONE',  ( 10.00000000000000000, 0.000000000000000000, 0.000000000000000000 ) ) ;
#197 = LINE ( 'NONE', #3500, #3205 ) ;
#198 = EDGE_LOOP ( 'NONE', ( #351, #2994, #2329, #517 ) ) ;
#199 = EDGE_CURVE ( 'NONE', #2071, #2118, #349, .T. ) ;
#200 = LINE ( 'NONE', #262, #3216 ) ;
#201 = CARTESIAN_POINT ( 'NONE',  ( 10.00000000000000000, -6.421761699067341844, -25.45134530200259704 ) ) ;
#202 = ORIENTED_EDGE ( 'NONE', *, *, #1537, .T. ) ;
#203 = EDGE_CURVE ( 'NONE', #1421, #1819, #3454, .T. ) ;
#204 = CARTESIAN_POINT ( 'NONE',  ( 10.00000000000000000, 25.58765035578316471, 13.74230757954361337 ) ) ;
#205 = CARTESIAN_POINT ( 'NONE',  ( 4.999999999999999112, 32.41039017722567905, -6.210201974346015952 ) ) ;
#206 = FACE_OUTER_BOUND ( 'NONE', #3378, .T. ) ;
#207 = ORIENTED_EDGE ( 'NONE', *, *, #2088, .F. ) ;
#208 = DIRECTION ( 'NONE',  ( -1.000000000000000000, -0.000000000000000000, 0.000000000000000000 ) ) ;
#209 = CARTESIAN_POINT ( 'NONE',  ( 10.00000000000000000, 28.77836971167555546, 3.922283146167203860 ) ) ;
#210 = ORIENTED_EDGE ( 'NONE', *, *, #1031, .F. ) ;
#211 = ORIENTED_EDGE ( 'NONE', *, *, #232, .F. ) ;
#212 = CARTESIAN_POINT ( 'NONE',  ( 10.00000000000000000, 16.81595405857640557, 20.15523976789225813 ) ) ;
#213 = CARTESIAN_POINT ( 'NONE',  ( 5.000000000000000000, 32.74317072229273862, -4.109108303874362988 ) ) ;
#214 = CARTESIAN_POINT ( 'NONE',  ( 10.00000000000000000, 0.000000000000000000, 0.000000000000000000 ) ) ;
#215 = ORIENTED_EDGE ( 'NONE', *, *, #700, .F. ) ;
#216 = FACE_OUTER_BOUND ( 'NONE', #418, .T. ) ;
#217 = DIRECTION ( 'NONE',  ( -1.000000000000000000, -0.000000000000000000, 0.000000000000000000 ) ) ;
#218 = EDGE_CURVE ( 'NONE', #3418, #1222, #2629, .T. ) ;
#219 = VERTEX_POINT ( 'NONE', #1353 ) ;
#220 = EDGE_LOOP ( 'NONE', ( #3730, #2942, #3067, #2515 ) ) ;
#221 = DIRECTION ( 'NONE',  ( 0.000000000000000000, 0.000000000000000000, -1.000000000000000000 ) ) ;
#222 = DIRECTION ( 'NONE',  ( 0.000000000000000000, 0.5877852522924741363, -0.8090169943749466741 ) ) ;
#223 = EDGE_CURVE ( 'NONE', #2804, #2882, #970, .T. ) ;
#224 = FACE_OUTER_BOUND ( 'NONE', #725, .T. ) ;
#225 = AXIS2_PLACEMENT_3D ( 'NONE', #2830, #187, #3102 ) ;
#226 = VERTEX_POINT ( 'NONE', #3374 ) ;
#227 = DIRECTION ( 'NONE',  ( -1.000000000000000000, 0.000000000000000000, -0.000000000000000000 ) ) ;
#228 = AXIS2_PLACEMENT_3D ( 'NONE', #3013, #3693, #684 ) ;
#229 = EDGE_LOOP ( 'NONE', ( #2941, #895, #2314, #1210 ) ) ;
#230 = VERTEX_POINT ( 'NONE', #730 ) ;
#231 = CARTESIAN_POINT ( 'NONE',  ( 5.000000000000000000, 22.57029131341987949, 24.07450830296521005 ) ) ;
#232 = EDGE_CURVE ( 'NONE', #2057, #2091, #2993, .T. ) ;
#233 = CYLINDRICAL_SURFACE ( 'NONE', #1679, 12.00000000001199751 ) ;
#234 = DIRECTION ( 'NONE',  ( 0.000000000000000000, 0.000000000000000000, -1.000000000000000000 ) ) ;
#235 = EDGE_LOOP ( 'NONE', ( #2683 ) ) ;
#236 = DIRECTION ( 'NONE',  ( -1.000000000000000000, -0.000000000000000000, -0.000000000000000000 ) ) ;
#237 = AXIS2_PLACEMENT_3D ( 'NONE', #2302, #1150, #3774 ) ;
#238 = AXIS2_PLACEMENT_3D ( 'NONE', #3381, #1879, #761 ) ;
#239 = ORIENTED_EDGE ( 'NONE', *, *, #34, .T. ) ;
#240 = ORIENTED_EDGE ( 'NONE', *, *, #3123, .T. ) ;
#241 = CIRCLE ( 'NONE', #53, 33.00000000003299760 ) ;
#242 = VECTOR ( 'NONE', #779, 1000.000000000000000 ) ;
#243 = CARTESIAN_POINT ( 'NONE',  ( -5.500050800000001239, 14.34814103687991427, -21.24717054234583813 ) ) ;
#244 = EDGE_CURVE ( 'NONE', #3392, #1186, #409, .T. ) ;
#245 = DIRECTION ( 'NONE',  ( -0.000000000000000000, 1.000000000000000000, -0.000000000000000000 ) ) ;
#246 = CIRCLE ( 'NONE', #2402, 12.00000000001199751 ) ;
#247 = CIRCLE ( 'NONE', #742, 12.00000000001199574 ) ;
#248 = CARTESIAN_POINT ( 'NONE',  ( 0.000000000000000000, 13.74230757954352278, 25.58765035578321090 ) ) ;
#249 = EDGE_LOOP ( 'NONE', ( #715, #2982, #3471, #1226 ) ) ;
#250 = VECTOR ( 'NONE', #245, 1000.000000000000000 ) ;
#251 = EDGE_CURVE ( 'NONE', #1120, #611, #3370, .T. ) ;
#252 = CIRCLE ( 'NONE', #746, 26.24900000002600109 ) ;
#253 = FACE_OUTER_BOUND ( 'NONE', #1024, .T. ) ;
#254 = ORIENTED_EDGE ( 'NONE', *, *, #3416, .F. ) ;
#255 = AXIS2_PLACEMENT_3D ( 'NONE', #3780, #2012, #1979 ) ;
#256 = ORIENTED_EDGE ( 'NONE', *, *, #2100, .F. ) ;
#257 = DIRECTION ( 'NONE',  ( 0.000000000000000000, 0.5877852522924741363, -0.8090169943749466741 ) ) ;
#258 = AXIS2_PLACEMENT_3D ( 'NONE', #390, #1916, #3092 ) ;
#259 = LINE ( 'NONE', #1449, #1862 ) ;
#260 = DIRECTION ( 'NONE',  ( -1.000000000000000000, -0.000000000000000000, 0.000000000000000000 ) ) ;
#261 = VERTEX_POINT ( 'NONE', #2090 ) ;
#262 = CARTESIAN_POINT ( 'NONE',  ( 10.00000000000000000, -9.764611071148705079, 24.36518769947357299 ) ) ;
#263 = DIRECTION ( 'NONE',  ( 0.000000000000000000, 0.000000000000000000, 1.000000000000000000 ) ) ;
#264 = EDGE_LOOP ( 'NONE', ( #2310, #2293, #3574, #175 ) ) ;
#265 = ORIENTED_EDGE ( 'NONE', *, *, #3766, .T. ) ;
#266 = CARTESIAN_POINT ( 'NONE',  ( -5.234970563212877792, 14.29820569687121079, -22.01304551801531773 ) ) ;
#267 = CYLINDRICAL_SURFACE ( 'NONE', #1244, 12.00000000001199396 ) ;
#268 = CARTESIAN_POINT ( 'NONE',  ( 10.00000000000000000, -32.41039017722555116, -6.210201974346691856 ) ) ;
#269 = EDGE_CURVE ( 'NONE', #299, #2257, #1162, .T. ) ;
#270 = ORIENTED_EDGE ( 'NONE', *, *, #2469, .F. ) ;
#271 = CARTESIAN_POINT ( 'NONE',  ( 0.000000000000000000, 3.922283146167101275, 28.77836971167556257 ) ) ;
#272 = ORIENTED_EDGE ( 'NONE', *, *, #3132, .T. ) ;
#273 = ADVANCED_FACE ( 'NONE', ( #3764 ), #2686, .T. ) ;
#274 = ORIENTED_EDGE ( 'NONE', *, *, #2115, .F. ) ;
#275 = CARTESIAN_POINT ( 'NONE',  ( 10.00000000000000000, -1.757439918030988535, 26.19010129678556709 ) ) ;
#276 = PLANE ( 'NONE',  #2167 ) ;
#277 = CARTESIAN_POINT ( 'NONE',  ( 5.000000000000000000, 15.92161441429672308, 28.90505482514497260 ) ) ;
#278 = VERTEX_POINT ( 'NONE', #2886 ) ;
#279 = ADVANCED_FACE ( 'NONE', ( #2002 ), #1126, .T. ) ;
#280 = DIRECTION ( 'NONE',  ( 0.000000000000000000, 0.000000000000000000, 1.000000000000000000 ) ) ;
#281 = DIRECTION ( 'NONE',  ( 0.000000000000000000, 0.000000000000000000, 1.000000000000000000 ) ) ;
#282 = ORIENTED_EDGE ( 'NONE', *, *, #507, .T. ) ;
#283 = EDGE_LOOP ( 'NONE', ( #690, #2021, #1912, #2494 ) ) ;
#284 = DIRECTION ( 'NONE',  ( 0.000000000000000000, 0.9510565162951544194, -0.3090169943749446757 ) ) ;
#285 = FACE_OUTER_BOUND ( 'NONE', #3195, .T. ) ;
#286 = EDGE_LOOP ( 'NONE', ( #1840, #2621, #215, #3247 ) ) ;
#287 = DIRECTION ( 'NONE',  ( 0.000000000000000000, 0.000000000000000000, 1.000000000000000000 ) ) ;
#288 = EDGE_LOOP ( 'NONE', ( #1567, #968, #3620, #3256 ) ) ;
#289 = ORIENTED_EDGE ( 'NONE', *, *, #345, .T. ) ;
#290 = CARTESIAN_POINT ( 'NONE',  ( -5.500050799999999462, 14.27462903587692722, -22.02827653016634102 ) ) ;
#291 = CIRCLE ( 'NONE', #352, 12.00000000001199751 ) ;
#292 = ADVANCED_FACE ( 'NONE', ( #224 ), #64, .T. ) ;
#293 = CARTESIAN_POINT ( 'NONE',  ( -14.50005080000000035, 14.00272098155366862, -21.60867432569866509 ) ) ;
#294 = ORIENTED_EDGE ( 'NONE', *, *, #700, .T. ) ;
#295 = EDGE_CURVE ( 'NONE', #594, #1793, #3554, .T. ) ;
#296 = DIRECTION ( 'NONE',  ( 1.000000000000000000, -0.000000000000000000, -0.000000000000000000 ) ) ;
#297 = FACE_OUTER_BOUND ( 'NONE', #2562, .T. ) ;
#298 = ORIENTED_EDGE ( 'NONE', *, *, #2110, .F. ) ;
#299 = VERTEX_POINT ( 'NONE', #829 ) ;
#300 = CARTESIAN_POINT ( 'NONE',  ( -5.000050799999975482, 15.13921348143990997, -21.44327904413795949 ) ) ;
#301 = VECTOR ( 'NONE', #7, 1000.000000000000000 ) ;
#302 = DIRECTION ( 'NONE',  ( -1.000000000000000000, 0.000000000000000000, 0.000000000000000000 ) ) ;
#303 = CIRCLE ( 'NONE', #2765, 12.00000000001199574 ) ;
#304 = AXIS2_PLACEMENT_3D ( 'NONE', #1729, #2901, #2840 ) ;
#305 = EDGE_LOOP ( 'NONE', ( #833, #2149, #3748, #1636 ) ) ;
#306 = CARTESIAN_POINT ( 'NONE',  ( 5.000000000000000000, 6.210201974346349019, 32.41039017722561510 ) ) ;
#307 = VECTOR ( 'NONE', #2718, 1000.000000000000000 ) ;
#308 = CIRCLE ( 'NONE', #2034, 12.00000000001199751 ) ;
#309 = ORIENTED_EDGE ( 'NONE', *, *, #2876, .F. ) ;
#310 = VERTEX_POINT ( 'NONE', #1720 ) ;
#311 = VECTOR ( 'NONE', #3474, 1000.000000000000000 ) ;
#312 = AXIS2_PLACEMENT_3D ( 'NONE', #1972, #3441, #195 ) ;
#313 = DIRECTION ( 'NONE',  ( 1.000000000000000000, 0.000000000000000000, 0.000000000000000000 ) ) ;
#314 = AXIS2_PLACEMENT_3D ( 'NONE', #3155, #236, #1406 ) ;
#315 = DIRECTION ( 'NONE',  ( -1.000000000000000000, 0.000000000000000000, 0.000000000000000000 ) ) ;
#316 = EDGE_LOOP ( 'NONE', ( #2668, #3487, #2635, #1931 ) ) ;
#317 = EDGE_CURVE ( 'NONE', #3553, #1087, #2327, .T. ) ;
#318 = AXIS2_PLACEMENT_3D ( 'NONE', #464, #519, #2230 ) ;
#319 = DIRECTION ( 'NONE',  ( 0.000000000000000000, 0.5877852522924742473, -0.8090169943749466741 ) ) ;
#320 = CARTESIAN_POINT ( 'NONE',  ( 10.00000000000000000, -6.210201974346584386, 32.41039017722556537 ) ) ;
#321 = CIRCLE ( 'NONE', #3091, 26.24900000002624978 ) ;
#322 = VERTEX_POINT ( 'NONE', #2296 ) ;
#323 = ADVANCED_FACE ( 'NONE', ( #1542 ), #1805, .T. ) ;
#324 = CARTESIAN_POINT ( 'NONE',  ( -5.012887640189998883, 14.72272790308219825, -21.09246544492724951 ) ) ;
#325 = DIRECTION ( 'NONE',  ( 1.000000000000000000, 0.000000000000000000, 0.000000000000000000 ) ) ;
#326 = EDGE_CURVE ( 'NONE', #3072, #3722, #1439, .T. ) ;
#327 = ORIENTED_EDGE ( 'NONE', *, *, #3035, .T. ) ;
#328 = CARTESIAN_POINT ( 'NONE',  ( 5.000000000000000000, 22.57029131342022765, -24.07450830296488320 ) ) ;
#329 = VERTEX_POINT ( 'NONE', #1145 ) ;
#330 = ORIENTED_EDGE ( 'NONE', *, *, #3506, .F. ) ;
#331 = LINE ( 'NONE', #654, #860 ) ;
#332 = DIRECTION ( 'NONE',  ( 0.000000000000000000, 0.6908401106524953983, 0.7230075667056659050 ) ) ;
#333 = EDGE_CURVE ( 'NONE', #1756, #2599, #3438, .T. ) ;
#334 = EDGE_LOOP ( 'NONE', ( #2945, #1471, #33, #3727 ) ) ;
#335 = DIRECTION ( 'NONE',  ( 1.000000000000000000, 0.000000000000000000, 0.000000000000000000 ) ) ;
#336 = CARTESIAN_POINT ( 'NONE',  ( 0.000000000000000000, 22.57029131341987949, 24.07450830296521005 ) ) ;
#337 = CARTESIAN_POINT ( 'NONE',  ( 10.00000000000000000, 0.000000000000000000, 0.000000000000000000 ) ) ;
#338 = EDGE_LOOP ( 'NONE', ( #3472, #3749, #1501, #2716 ) ) ;
#339 = DIRECTION ( 'NONE',  ( -1.000000000000000000, 0.000000000000000000, 0.000000000000000000 ) ) ;
#340 = FACE_OUTER_BOUND ( 'NONE', #2801, .T. ) ;
#341 = EDGE_CURVE ( 'NONE', #3494, #2748, #101, .T. ) ;
#342 = VERTEX_POINT ( 'NONE', #268 ) ;
#343 = CARTESIAN_POINT ( 'NONE',  ( 10.00000000000000000, 5.162692366396340660, -28.58190819155615614 ) ) ;
#344 = CARTESIAN_POINT ( 'NONE',  ( 10.00000000000000000, -28.58190819155624851, 5.162692366395842392 ) ) ;
#345 = EDGE_CURVE ( 'NONE', #3758, #3676, #470, .T. ) ;
#346 = DIRECTION ( 'NONE',  ( -1.000000000000000000, -0.000000000000000000, 0.000000000000000000 ) ) ;
#347 = ORIENTED_EDGE ( 'NONE', *, *, #392, .T. ) ;
#348 = DIRECTION ( 'NONE',  ( -1.000000000000000000, -0.000000000000000000, -0.000000000000000000 ) ) ;
#349 = CIRCLE ( 'NONE', #1890, 12.00000000001199929 ) ;
#350 = CYLINDRICAL_SURFACE ( 'NONE', #3012, 33.00000000003299760 ) ;
#351 = ORIENTED_EDGE ( 'NONE', *, *, #2940, .T. ) ;
#352 = AXIS2_PLACEMENT_3D ( 'NONE', #2802, #157, #1346 ) ;
#353 = DIRECTION ( 'NONE',  ( 0.000000000000000000, 0.000000000000000000, 1.000000000000000000 ) ) ;
#354 = CARTESIAN_POINT ( 'NONE',  ( -15.00005080000000035, 14.34814103687991782, -21.24717054234583102 ) ) ;
#355 = CARTESIAN_POINT ( 'NONE',  ( 10.00000000000000000, 26.15780389372400094, 12.62331825622999659 ) ) ;
#356 = EDGE_LOOP ( 'NONE', ( #3586, #3090, #640, #2457 ) ) ;
#357 = CARTESIAN_POINT ( 'NONE',  ( -5.000050799999974593, 14.78776736455390406, -21.06365876375314272 ) ) ;
#358 = DIRECTION ( 'NONE',  ( 1.000000000000000000, 0.000000000000000000, 0.000000000000000000 ) ) ;
#359 = ORIENTED_EDGE ( 'NONE', *, *, #2255, .F. ) ;
#360 = ADVANCED_FACE ( 'NONE', ( #2113 ), #918, .T. ) ;
#361 = CYLINDRICAL_SURFACE ( 'NONE', #3390, 12.00000000001199751 ) ;
#362 = DIRECTION ( 'NONE',  ( -1.000000000000000000, 0.000000000000000000, 0.000000000000000000 ) ) ;
#363 = VECTOR ( 'NONE', #3745, 1000.000000000000000 ) ;
#364 = VECTOR ( 'NONE', #63, 1000.000000000000000 ) ;
#365 = CARTESIAN_POINT ( 'NONE',  ( -10.00000000000000000, 0.000000000000000000, 0.000000000000000000 ) ) ;
#366 = VERTEX_POINT ( 'NONE', #3272 ) ;
#367 = EDGE_CURVE ( 'NONE', #1477, #2732, #2633, .T. ) ;
#368 = AXIS2_PLACEMENT_3D ( 'NONE', #2258, #190, #1382 ) ;
#369 = AXIS2_PLACEMENT_3D ( 'NONE', #1424, #798, #1450 ) ;
#370 = DIRECTION ( 'NONE',  ( 0.000000000000000000, 0.3090169943749412895, 0.9510565162951555296 ) ) ;
#371 = ORIENTED_EDGE ( 'NONE', *, *, #1991, .T. ) ;
#372 = CIRCLE ( 'NONE', #3517, 26.24900000002624978 ) ;
#373 = CIRCLE ( 'NONE', #1306, 26.24900000002624978 ) ;
#374 = LINE ( 'NONE', #2145, #3465 ) ;
#375 = DIRECTION ( 'NONE',  ( 1.000000000000000000, 0.000000000000000000, 0.000000000000000000 ) ) ;
#376 = CARTESIAN_POINT ( 'NONE',  ( -4.622275702036644951, 14.71408221282655404, 21.73755727106072300 ) ) ;
#377 = AXIS2_PLACEMENT_3D ( 'NONE', #764, #467, #1659 ) ;
#378 = ORIENTED_EDGE ( 'NONE', *, *, #2037, .F. ) ;
#379 = CARTESIAN_POINT ( 'NONE',  ( -5.232606772987052679, 14.29868871540083042, -22.01273346194868452 ) ) ;
#380 = CARTESIAN_POINT ( 'NONE',  ( 4.999999999999999112, -32.74317072229276704, 4.109108303874132950 ) ) ;
#381 = EDGE_LOOP ( 'NONE', ( #1616, #2902, #3568, #125 ) ) ;
#382 = CARTESIAN_POINT ( 'NONE',  ( -5.310496341548386567, 14.82917842015847043, 21.66526372577312642 ) ) ;
#383 = DIRECTION ( 'NONE',  ( 0.000000000000000000, 0.5877852522924743583, -0.8090169943749465631 ) ) ;
#384 = DIRECTION ( 'NONE',  ( 0.000000000000000000, -1.000000000000000000, -1.040834085585043749E-14 ) ) ;
#385 = VERTEX_POINT ( 'NONE', #2421 ) ;
#386 = LINE ( 'NONE', #1576, #3007 ) ;
#387 = DIRECTION ( 'NONE',  ( 0.000000000000000000, 0.000000000000000000, 1.000000000000000000 ) ) ;
#388 = EDGE_CURVE ( 'NONE', #1401, #2425, #1100, .T. ) ;
#389 = ORIENTED_EDGE ( 'NONE', *, *, #2575, .T. ) ;
#390 = CARTESIAN_POINT ( 'NONE',  ( 15.00005080000000035, 6.799999999999999822, -1.500000000000000000 ) ) ;
#391 = DIRECTION ( 'NONE',  ( 0.000000000000000000, 0.000000000000000000, -1.000000000000000000 ) ) ;
#392 = EDGE_CURVE ( 'NONE', #596, #70, #1077, .T. ) ;
#393 = CARTESIAN_POINT ( 'NONE',  ( -4.500050800000000351, 15.13921348143990997, 21.44327904413795594 ) ) ;
#394 = ORIENTED_EDGE ( 'NONE', *, *, #979, .F. ) ;
#395 = CARTESIAN_POINT ( 'NONE',  ( -14.50005079999999857, 14.00272098155366507, -21.60867432569866153 ) ) ;
#396 = ORIENTED_EDGE ( 'NONE', *, *, #3049, .F. ) ;
#397 = CARTESIAN_POINT ( 'NONE',  ( -5.000050800000000351, 5.801767301128951004, -1.500000000000000000 ) ) ;
#398 = EDGE_CURVE ( 'NONE', #2292, #3545, #3325, .T. ) ;
#399 = DIRECTION ( 'NONE',  ( -1.000000000000000000, -0.000000000000000000, 0.000000000000000000 ) ) ;
#400 = DIRECTION ( 'NONE',  ( -1.000000000000000000, 0.000000000000000000, -0.000000000000000000 ) ) ;
#401 = FACE_OUTER_BOUND ( 'NONE', #3712, .T. ) ;
#402 = ORIENTED_EDGE ( 'NONE', *, *, #2956, .T. ) ;
#403 = CARTESIAN_POINT ( 'NONE',  ( -14.59123741706722299, 4.769696007084727185, 1.499999999999999778 ) ) ;
#404 = EDGE_LOOP ( 'NONE', ( #2850, #2358, #1216, #3795 ) ) ;
#405 = EDGE_CURVE ( 'NONE', #1503, #496, #3556, .T. ) ;
#406 = FACE_OUTER_BOUND ( 'NONE', #2889, .T. ) ;
#407 = DIRECTION ( 'NONE',  ( -1.000000000000000000, 0.000000000000000000, 0.000000000000000000 ) ) ;
#408 = FACE_OUTER_BOUND ( 'NONE', #2931, .T. ) ;
#409 = CIRCLE ( 'NONE', #1342, 12.00000000001199751 ) ;
#410 = VERTEX_POINT ( 'NONE', #3366 ) ;
#411 = EDGE_CURVE ( 'NONE', #449, #1036, #1056, .T. ) ;
#412 = DIRECTION ( 'NONE',  ( 0.000000000000000000, -0.3090169943749547787, 0.9510565162951511997 ) ) ;
#413 = AXIS2_PLACEMENT_3D ( 'NONE', #3199, #3180, #2992 ) ;
#414 = EDGE_LOOP ( 'NONE', ( #506, #2004, #1467, #98 ) ) ;
#415 = CARTESIAN_POINT ( 'NONE',  ( -5.500050800000006568, 14.34814103687991782, 21.24717054234583813 ) ) ;
#416 = CARTESIAN_POINT ( 'NONE',  ( 10.00000000000000000, 29.87082158197699400, -14.02619043147052302 ) ) ;
#417 = CYLINDRICAL_SURFACE ( 'NONE', #1593, 33.00000000003299760 ) ;
#418 = EDGE_LOOP ( 'NONE', ( #1723, #3237, #1131, #1090 ) ) ;
#419 = DIRECTION ( 'NONE',  ( -1.000000000000000000, -0.000000000000000000, 0.000000000000000000 ) ) ;
#420 = AXIS2_PLACEMENT_3D ( 'NONE', #3815, #1228, #917 ) ;
#421 = DIRECTION ( 'NONE',  ( -1.000000000000000000, -0.000000000000000000, -0.000000000000000000 ) ) ;
#422 = ORIENTED_EDGE ( 'NONE', *, *, #159, .F. ) ;
#423 = DIRECTION ( 'NONE',  ( -1.000000000000000000, -0.000000000000000000, -0.000000000000000000 ) ) ;
#424 = AXIS2_PLACEMENT_3D ( 'NONE', #2062, #2737, #2968 ) ;
#425 = DIRECTION ( 'NONE',  ( 0.000000000000000000, 0.000000000000000000, 1.000000000000000000 ) ) ;
#426 = AXIS2_PLACEMENT_3D ( 'NONE', #630, #2072, #3529 ) ;
#427 = EDGE_CURVE ( 'NONE', #3494, #193, #96, .T. ) ;
#428 = DIRECTION ( 'NONE',  ( -1.000000000000000000, 0.000000000000000000, 0.000000000000000000 ) ) ;
#429 = VERTEX_POINT ( 'NONE', #2513 ) ;
#430 = AXIS2_PLACEMENT_3D ( 'NONE', #493, #1682, #3740 ) ;
#431 = VECTOR ( 'NONE', #2245, 1000.000000000000000 ) ;
#432 = LINE ( 'NONE', #705, #2529 ) ;
#433 = VECTOR ( 'NONE', #3674, 1000.000000000000000 ) ;
#434 = EDGE_CURVE ( 'NONE', #3140, #594, #1289, .T. ) ;
#435 = VERTEX_POINT ( 'NONE', #2477 ) ;
#436 = DIRECTION ( 'NONE',  ( -1.000000000000000000, 0.000000000000000000, 0.000000000000000000 ) ) ;
#437 = VECTOR ( 'NONE', #2283, 1000.000000000000000 ) ;
#438 = DIRECTION ( 'NONE',  ( 0.000000000000000000, -0.8090169943749403458, -0.5877852522924829071 ) ) ;
#439 = DIRECTION ( 'NONE',  ( 0.000000000000000000, -0.8090169943749531134, 0.5877852522924653655 ) ) ;
#440 = ADVANCED_FACE ( 'NONE', ( #408 ), #3655, .T. ) ;
#441 = PLANE ( 'NONE',  #1221 ) ;
#442 = PRODUCT_DEFINITION_FORMATION_WITH_SPECIFIED_SOURCE ( 'Symmetric', '', #3643, .NOT_KNOWN. ) ;
#443 = ORIENTED_EDGE ( 'NONE', *, *, #2630, .F. ) ;
#444 = DIRECTION ( 'NONE',  ( -1.000000000000000000, -0.000000000000000000, -0.000000000000000000 ) ) ;
#445 = VERTEX_POINT ( 'NONE', #1582 ) ;
#446 = FACE_OUTER_BOUND ( 'NONE', #45, .T. ) ;
#447 = CARTESIAN_POINT ( 'NONE',  ( 0.000000000000000000, 0.000000000000000000, 0.000000000000000000 ) ) ;
#448 = DIRECTION ( 'NONE',  ( 0.000000000000000000, 0.000000000000000000, 1.000000000000000000 ) ) ;
#449 = VERTEX_POINT ( 'NONE', #1015 ) ;
#450 = DIRECTION ( 'NONE',  ( 0.000000000000000000, 0.000000000000000000, 1.000000000000000000 ) ) ;
#451 = DIRECTION ( 'NONE',  ( 0.000000000000000000, 0.000000000000000000, 1.000000000000000000 ) ) ;
#452 = EDGE_LOOP ( 'NONE', ( #1777, #1242, #1381, #2248 ) ) ;
#453 = DIRECTION ( 'NONE',  ( 0.000000000000000000, 0.000000000000000000, -1.000000000000000000 ) ) ;
#454 = EDGE_CURVE ( 'NONE', #825, #678, #2266, .T. ) ;
#455 = CARTESIAN_POINT ( 'NONE',  ( 0.000000000000000000, 20.08869502354294312, 20.97672997851841714 ) ) ;
#456 = DIRECTION ( 'NONE',  ( 0.000000000000000000, 0.000000000000000000, 1.000000000000000000 ) ) ;
#457 = DIRECTION ( 'NONE',  ( -1.000000000000000000, 0.000000000000000000, 0.000000000000000000 ) ) ;
#458 = ORIENTED_EDGE ( 'NONE', *, *, #3737, .F. ) ;
#459 = EDGE_CURVE ( 'NONE', #2969, #3207, #2878, .T. ) ;
#460 = CARTESIAN_POINT ( 'NONE',  ( -14.68049545545278356, 4.796222907290096593, 1.500000000000000222 ) ) ;
#461 = DIRECTION ( 'NONE',  ( 0.000000000000000000, 0.000000000000000000, 1.000000000000000000 ) ) ;
#462 = VERTEX_POINT ( 'NONE', #1622 ) ;
#463 = DIRECTION ( 'NONE',  ( -6.938893903907222067E-15, 0.000000000000000000, 1.000000000000000000 ) ) ;
#464 = CARTESIAN_POINT ( 'NONE',  ( 10.00000000000000000, 0.000000000000000000, 0.000000000000000000 ) ) ;
#465 = CARTESIAN_POINT ( 'NONE',  ( 10.00000000000000000, 0.000000000000000000, 0.000000000000000000 ) ) ;
#466 = ORIENTED_EDGE ( 'NONE', *, *, #1921, .F. ) ;
#467 = DIRECTION ( 'NONE',  ( -1.000000000000000000, 0.000000000000000000, 0.000000000000000000 ) ) ;
#468 = AXIS2_PLACEMENT_3D ( 'NONE', #1574, #346, #2139 ) ;
#469 = EDGE_LOOP ( 'NONE', ( #1159, #2261, #3065, #1981 ) ) ;
#470 = CIRCLE ( 'NONE', #912, 33.00000000003299760 ) ;
#471 = CARTESIAN_POINT ( 'NONE',  ( -5.245792969508421777, 14.41426279575610536, -21.22119846298292956 ) ) ;
#472 = CARTESIAN_POINT ( 'NONE',  ( 0.000000000000000000, 0.000000000000000000, 0.000000000000000000 ) ) ;
#473 = DIRECTION ( 'NONE',  ( 0.000000000000000000, 0.000000000000000000, 1.000000000000000000 ) ) ;
#474 = CARTESIAN_POINT ( 'NONE',  ( 0.000000000000000000, 1.757439918031171278, -26.19010129678555998 ) ) ;
#475 = EDGE_CURVE ( 'NONE', #3336, #2351, #598, .T. ) ;
#476 = DIRECTION ( 'NONE',  ( 0.000000000000000000, 0.000000000000000000, -1.000000000000000000 ) ) ;
#477 = CARTESIAN_POINT ( 'NONE',  ( -5.049370725858321585, 14.60022896007846605, 21.14555014772800945 ) ) ;
#478 = VERTEX_POINT ( 'NONE', #1566 ) ;
#479 = EDGE_CURVE ( 'NONE', #3207, #3299, #3375, .T. ) ;
#480 = AXIS2_PLACEMENT_3D ( 'NONE', #1804, #1469, #1212 ) ;
#481 = CARTESIAN_POINT ( 'NONE',  ( 10.00000000000000000, -29.87082158197690163, 14.02619043147072375 ) ) ;
#482 = CARTESIAN_POINT ( 'NONE',  ( 0.000000000000000000, 22.57029131342022765, -24.07450830296488320 ) ) ;
#483 = FACE_OUTER_BOUND ( 'NONE', #3594, .T. ) ;
#484 = ORIENTED_EDGE ( 'NONE', *, *, #2049, .F. ) ;
#485 = CIRCLE ( 'NONE', #3387, 12.00000000001200107 ) ;
#486 = EDGE_CURVE ( 'NONE', #3790, #16, #2206, .T. ) ;
#487 = AXIS2_PLACEMENT_3D ( 'NONE', #1153, #1094, #520 ) ;
#488 = CARTESIAN_POINT ( 'NONE',  ( 5.000000000000000000, 32.74317072229273862, 4.109108303874362988 ) ) ;
#489 = CARTESIAN_POINT ( 'NONE',  ( 0.000000000000000000, -6.421761699067341844, -25.45134530200259704 ) ) ;
#490 = CIRCLE ( 'NONE', #874, 12.00000000001199929 ) ;
#491 = ORIENTED_EDGE ( 'NONE', *, *, #1968, .F. ) ;
#492 = CARTESIAN_POINT ( 'NONE',  ( -4.991535135998936390, 14.38775483350118023, -21.95462069768726820 ) ) ;
#493 = CARTESIAN_POINT ( 'NONE',  ( 0.000000000000000000, 0.000000000000000000, 0.000000000000000000 ) ) ;
#494 = AXIS2_PLACEMENT_3D ( 'NONE', #3540, #1522, #3270 ) ;
#495 = DIRECTION ( 'NONE',  ( -1.000000000000000000, 0.000000000000000000, 0.000000000000000000 ) ) ;
#496 = VERTEX_POINT ( 'NONE', #3614 ) ;
#497 = AXIS2_PLACEMENT_3D ( 'NONE', #3605, #929, #966 ) ;
#498 = PLANE ( 'NONE',  #2033 ) ;
#499 = CARTESIAN_POINT ( 'NONE',  ( 10.00000000000000000, 32.74317072229273862, 4.109108303874361212 ) ) ;
#500 = ORIENTED_EDGE ( 'NONE', *, *, #102, .T. ) ;
#501 = VERTEX_POINT ( 'NONE', #1641 ) ;
#502 = DIRECTION ( 'NONE',  ( -1.000000000000000000, -0.000000000000000000, 0.000000000000000000 ) ) ;
#503 = EDGE_CURVE ( 'NONE', #2624, #2781, #291, .T. ) ;
#504 = DIRECTION ( 'NONE',  ( -1.000000000000000000, -0.000000000000000000, -0.000000000000000000 ) ) ;
#505 = DIRECTION ( 'NONE',  ( -1.000000000000000000, 0.000000000000000000, -0.000000000000000000 ) ) ;
#506 = ORIENTED_EDGE ( 'NONE', *, *, #3243, .T. ) ;
#507 = EDGE_CURVE ( 'NONE', #1982, #219, #1535, .T. ) ;
#508 = FACE_OUTER_BOUND ( 'NONE', #469, .T. ) ;
#509 = PLANE ( 'NONE',  #2385 ) ;
#510 = ORIENTED_EDGE ( 'NONE', *, *, #1944, .F. ) ;
#511 = CYLINDRICAL_SURFACE ( 'NONE', #2955, 12.00000000001200107 ) ;
#512 = CARTESIAN_POINT ( 'NONE',  ( 0.000000000000000000, 0.000000000000000000, 0.000000000000000000 ) ) ;
#513 = CARTESIAN_POINT ( 'NONE',  ( 4.999999999999999112, 14.02619043147083389, 29.87082158197684834 ) ) ;
#514 = ORIENTED_EDGE ( 'NONE', *, *, #3737, .T. ) ;
#515 = DIRECTION ( 'NONE',  ( -1.000000000000000000, -0.000000000000000000, -0.000000000000000000 ) ) ;
#516 = ORIENTED_EDGE ( 'NONE', *, *, #3664, .T. ) ;
#517 = ORIENTED_EDGE ( 'NONE', *, *, #1371, .T. ) ;
#518 = CARTESIAN_POINT ( 'NONE',  ( 10.00000000000000000, -25.58765035578326064, 13.74230757954343396 ) ) ;
#519 = DIRECTION ( 'NONE',  ( -1.000000000000000000, 0.000000000000000000, -0.000000000000000000 ) ) ;
#520 = DIRECTION ( 'NONE',  ( 1.000000000000000000, 0.000000000000000000, -0.000000000000000000 ) ) ;
#521 = ORIENTED_EDGE ( 'NONE', *, *, #1470, .F. ) ;
#522 = EDGE_CURVE ( 'NONE', #1323, #594, #3677, .T. ) ;
#523 = CARTESIAN_POINT ( 'NONE',  ( -5.000050799999998574, 5.669629135232583828, 1.500000000000000222 ) ) ;
#524 = FILL_AREA_STYLE_COLOUR ( '', #2569 ) ;
#525 = ORIENTED_EDGE ( 'NONE', *, *, #3502, .F. ) ;
#526 = ADVANCED_FACE ( 'NONE', ( #543 ), #1712, .T. ) ;
#527 = ORIENTED_EDGE ( 'NONE', *, *, #2885, .F. ) ;
#528 = DIRECTION ( 'NONE',  ( -1.000000000000000000, -0.000000000000000000, 0.000000000000000000 ) ) ;
#529 = CARTESIAN_POINT ( 'NONE',  ( 0.000000000000000000, 24.36518769947373997, -9.764611071148280530 ) ) ;
#530 = DIRECTION ( 'NONE',  ( -1.000000000000000000, -0.000000000000000000, 0.000000000000000000 ) ) ;
#531 = CIRCLE ( 'NONE', #468, 12.00000000001199574 ) ;
#532 = ORIENTED_EDGE ( 'NONE', *, *, #3546, .F. ) ;
#533 = CARTESIAN_POINT ( 'NONE',  ( 0.000000000000000000, 0.000000000000000000, 0.000000000000000000 ) ) ;
#534 = VECTOR ( 'NONE', #1097, 1000.000000000000000 ) ;
#535 = ORIENTED_EDGE ( 'NONE', *, *, #1543, .T. ) ;
#536 = EDGE_LOOP ( 'NONE', ( #2374, #1706, #1697, #1105 ) ) ;
#537 = CARTESIAN_POINT ( 'NONE',  ( 10.00000000000000000, 14.27462903587692900, 22.02827653016634812 ) ) ;
#538 = LINE ( 'NONE', #3482, #1311 ) ;
#539 = DIRECTION ( 'NONE',  ( 0.000000000000000000, 0.000000000000000000, 1.000000000000000000 ) ) ;
#540 = VERTEX_POINT ( 'NONE', #1140 ) ;
#541 = CARTESIAN_POINT ( 'NONE',  ( -10.00000000000000000, 0.000000000000000000, 0.000000000000000000 ) ) ;
#542 = CIRCLE ( 'NONE', #3382, 26.24900000002624623 ) ;
#543 = FACE_OUTER_BOUND ( 'NONE', #1811, .T. ) ;
#544 = EDGE_CURVE ( 'NONE', #230, #2386, #1716, .T. ) ;
#545 = ORIENTED_EDGE ( 'NONE', *, *, #559, .F. ) ;
#546 = ORIENTED_EDGE ( 'NONE', *, *, #486, .T. ) ;
#547 = CIRCLE ( 'NONE', #2397, 6.000000000000000000 ) ;
#548 = AXIS2_PLACEMENT_3D ( 'NONE', #2590, #3793, #3467 ) ;
#549 = CARTESIAN_POINT ( 'NONE',  ( -4.500050800000000351, 14.85083652457632120, 21.03482007343209048 ) ) ;
#550 = DIRECTION ( 'NONE',  ( 0.000000000000000000, 0.9510565162951521989, 0.3090169943749515591 ) ) ;
#551 = EDGE_CURVE ( 'NONE', #2091, #3591, #3498, .T. ) ;
#552 = VECTOR ( 'NONE', #3372, 1000.000000000000000 ) ;
#553 = AXIS2_PLACEMENT_3D ( 'NONE', #1901, #2736, #87 ) ;
#554 = DIRECTION ( 'NONE',  ( -1.000000000000000000, 0.000000000000000000, 0.000000000000000000 ) ) ;
#555 = ORIENTED_EDGE ( 'NONE', *, *, #3741, .T. ) ;
#556 = CIRCLE ( 'NONE', #2714, 0.5000000000000013323 ) ;
#557 = CIRCLE ( 'NONE', #1546, 26.24900000002624978 ) ;
#558 = CARTESIAN_POINT ( 'NONE',  ( 5.000000000000000000, 24.07450830296545874, -22.57029131341961659 ) ) ;
#559 = EDGE_CURVE ( 'NONE', #435, #3206, #2447, .T. ) ;
#560 = VERTEX_POINT ( 'NONE', #1431 ) ;
#561 = CIRCLE ( 'NONE', #1561, 26.24900000002600109 ) ;
#562 = ORIENTED_EDGE ( 'NONE', *, *, #111, .F. ) ;
#563 = CARTESIAN_POINT ( 'NONE',  ( 10.00000000000000000, -16.81595405857654413, 20.15523976789214444 ) ) ;
#564 = AXIS2_PLACEMENT_3D ( 'NONE', #3280, #1813, #983 ) ;
#565 = CARTESIAN_POINT ( 'NONE',  ( 10.00000000000000000, 0.000000000000000000, 0.000000000000000000 ) ) ;
#566 = DIRECTION ( 'NONE',  ( -1.000000000000000000, 0.000000000000000000, 0.000000000000000000 ) ) ;
#567 = ORIENTED_EDGE ( 'NONE', *, *, #1856, .T. ) ;
#568 = EDGE_CURVE ( 'NONE', #1041, #560, #3720, .T. ) ;
#569 = DIRECTION ( 'NONE',  ( 0.000000000000000000, -1.000000000000000000, -1.040834085585043749E-14 ) ) ;
#570 = LINE ( 'NONE', #957, #1832 ) ;
#571 = ORIENTED_EDGE ( 'NONE', *, *, #1940, .T. ) ;
#572 = ORIENTED_EDGE ( 'NONE', *, *, #1713, .T. ) ;
#573 = DIRECTION ( 'NONE',  ( 0.000000000000000000, 0.000000000000000000, -1.000000000000000000 ) ) ;
#574 = DIRECTION ( 'NONE',  ( 3.469446951953611033E-15, -1.000000000000000000, 1.387778780781444413E-14 ) ) ;
#575 = ORIENTED_EDGE ( 'NONE', *, *, #2962, .F. ) ;
#576 = EDGE_CURVE ( 'NONE', #780, #2973, #2250, .T. ) ;
#577 = CARTESIAN_POINT ( 'NONE',  ( 10.00000000000000000, -12.62331825622971060, -26.15780389372413950 ) ) ;
#578 = VERTEX_POINT ( 'NONE', #489 ) ;
#579 = EDGE_LOOP ( 'NONE', ( #584, #655, #2232, #103 ) ) ;
#580 = ADVANCED_FACE ( 'NONE', ( #3755 ), #509, .F. ) ;
#581 = DIRECTION ( 'NONE',  ( -1.000000000000000000, 0.000000000000000000, -0.000000000000000000 ) ) ;
#582 = MANIFOLD_SOLID_BREP ( 'Fillet1', #97 ) ;
#583 = CARTESIAN_POINT ( 'NONE',  ( 10.00000000000000000, 15.92161441429672308, 28.90505482514497260 ) ) ;
#584 = ORIENTED_EDGE ( 'NONE', *, *, #1127, .F. ) ;
#585 = DIRECTION ( 'NONE',  ( 0.000000000000000000, 0.000000000000000000, 1.000000000000000000 ) ) ;
#586 = FACE_OUTER_BOUND ( 'NONE', #3607, .T. ) ;
#587 = EDGE_LOOP ( 'NONE', ( #759, #1967, #980, #914 ) ) ;
#588 = ORIENTED_EDGE ( 'NONE', *, *, #3534, .T. ) ;
#589 = CARTESIAN_POINT ( 'NONE',  ( 10.00000000000000000, 26.15780389372418568, -12.62331825622962000 ) ) ;
#590 = CARTESIAN_POINT ( 'NONE',  ( 10.00000000000000000, -26.19010129678556353, -1.757439918031079795 ) ) ;
#591 = ORIENTED_EDGE ( 'NONE', *, *, #2330, .F. ) ;
#592 = CARTESIAN_POINT ( 'NONE',  ( 0.000000000000000000, -15.92161441429650814, -28.90505482514509339 ) ) ;
#593 = EDGE_CURVE ( 'NONE', #1193, #578, #2036, .T. ) ;
#594 = VERTEX_POINT ( 'NONE', #842 ) ;
#595 = VECTOR ( 'NONE', #771, 1000.000000000000000 ) ;
#596 = VERTEX_POINT ( 'NONE', #1735 ) ;
#597 = DIRECTION ( 'NONE',  ( -1.000000000000000000, 0.000000000000000000, 0.000000000000000000 ) ) ;
#598 = CIRCLE ( 'NONE', #1347, 12.00000000001199929 ) ;
#599 = FACE_OUTER_BOUND ( 'NONE', #2912, .T. ) ;
#600 = EDGE_CURVE ( 'NONE', #1207, #1798, #2692, .T. ) ;
#601 = ORIENTED_EDGE ( 'NONE', *, *, #34, .F. ) ;
#602 = CYLINDRICAL_SURFACE ( 'NONE', #2717, 12.00000000001199751 ) ;
#603 = CARTESIAN_POINT ( 'NONE',  ( -14.50005080000000035, 14.00272098155366152, -21.60867432569866509 ) ) ;
#604 = ADVANCED_FACE ( 'NONE', ( #2615 ), #3797, .T. ) ;
#605 = EDGE_LOOP ( 'NONE', ( #1801, #327, #1762, #2279 ) ) ;
#606 = CARTESIAN_POINT ( 'NONE',  ( 10.00000000000000000, 0.000000000000000000, 0.000000000000000000 ) ) ;
#607 = TOROIDAL_SURFACE ( 'NONE', #3384, 5.500000000000000000, 0.5000000000000000000 ) ;
#608 = DIRECTION ( 'NONE',  ( 0.000000000000000000, 0.000000000000000000, -1.000000000000000000 ) ) ;
#609 = CIRCLE ( 'NONE', #3074, 12.00000000001199574 ) ;
#610 = CIRCLE ( 'NONE', #1427, 26.24900000002624623 ) ;
#611 = VERTEX_POINT ( 'NONE', #3218 ) ;
#612 = CARTESIAN_POINT ( 'NONE',  ( 10.00000000000000000, -25.58765035578306524, -13.74230757954379278 ) ) ;
#613 = CIRCLE ( 'NONE', #3208, 33.00000000003299760 ) ;
#614 = CIRCLE ( 'NONE', #2162, 12.00000000001199751 ) ;
#615 = EDGE_LOOP ( 'NONE', ( #3649, #1775, #2949, #2064 ) ) ;
#616 = ORIENTED_EDGE ( 'NONE', *, *, #459, .T. ) ;
#617 = AXIS2_PLACEMENT_3D ( 'NONE', #2980, #2117, #3530 ) ;
#618 = VECTOR ( 'NONE', #1690, 1000.000000000000000 ) ;
#619 = DIRECTION ( 'NONE',  ( 0.000000000000000000, 0.000000000000000000, 1.000000000000000000 ) ) ;
#620 = AXIS2_PLACEMENT_3D ( 'NONE', #3075, #2209, #1883 ) ;
#621 = DIRECTION ( 'NONE',  ( 0.000000000000000000, 0.000000000000000000, 1.000000000000000000 ) ) ;
#622 = ORIENTED_EDGE ( 'NONE', *, *, #3132, .F. ) ;
#623 = CIRCLE ( 'NONE', #318, 26.24900000002624978 ) ;
#624 = EDGE_CURVE ( 'NONE', #1186, #299, #570, .T. ) ;
#625 = DIRECTION ( 'NONE',  ( 0.000000000000000000, 0.8090169943749487835, -0.5877852522924712497 ) ) ;
#626 = DIRECTION ( 'NONE',  ( -1.000000000000000000, 0.000000000000000000, 0.000000000000000000 ) ) ;
#627 = DIRECTION ( 'NONE',  ( -1.000000000000000000, 0.000000000000000000, 0.000000000000000000 ) ) ;
#628 = ORIENTED_EDGE ( 'NONE', *, *, #1012, .F. ) ;
#629 = EDGE_CURVE ( 'NONE', #3165, #637, #2420, .T. ) ;
#630 = CARTESIAN_POINT ( 'NONE',  ( -15.00005080000000035, 34.64999999999999858, 0.000000000000000000 ) ) ;
#631 = CARTESIAN_POINT ( 'NONE',  ( 5.000000000000000000, -15.92161441429650814, -28.90505482514509339 ) ) ;
#632 = VERTEX_POINT ( 'NONE', #2991 ) ;
#633 = LINE ( 'NONE', #668, #2648 ) ;
#634 = CARTESIAN_POINT ( 'NONE',  ( 10.00000000000000000, -13.74230757954334514, -25.58765035578330682 ) ) ;
#635 = EDGE_LOOP ( 'NONE', ( #1693, #1148, #1276, #3240 ) ) ;
#636 = EDGE_CURVE ( 'NONE', #1259, #16, #1175, .T. ) ;
#637 = VERTEX_POINT ( 'NONE', #2670 ) ;
#638 = DIRECTION ( 'NONE',  ( 0.000000000000000000, 0.000000000000000000, -1.000000000000000000 ) ) ;
#639 = CYLINDRICAL_SURFACE ( 'NONE', #1965, 33.00000000003299760 ) ;
#640 = ORIENTED_EDGE ( 'NONE', *, *, #1321, .F. ) ;
#641 = CARTESIAN_POINT ( 'NONE',  ( 10.00000000000000000, -13.74230757954334514, -25.58765035578330682 ) ) ;
#642 = CARTESIAN_POINT ( 'NONE',  ( 10.00000000000000000, 22.22123429910952197, 13.97235653801665656 ) ) ;
#643 = EDGE_CURVE ( 'NONE', #1036, #1259, #2947, .T. ) ;
#644 = CARTESIAN_POINT ( 'NONE',  ( -10.00000000000000000, 0.000000000000000000, 0.000000000000000000 ) ) ;
#645 = EDGE_LOOP ( 'NONE', ( #1989 ) ) ;
#646 = DIRECTION ( 'NONE',  ( 0.000000000000000000, -0.5877852522924624790, -0.8090169943749551118 ) ) ;
#647 = DIRECTION ( 'NONE',  ( -1.000000000000000000, -0.000000000000000000, 0.000000000000000000 ) ) ;
#648 = EDGE_CURVE ( 'NONE', #3260, #2417, #671, .T. ) ;
#649 = ORIENTED_EDGE ( 'NONE', *, *, #2607, .T. ) ;
#650 = CARTESIAN_POINT ( 'NONE',  ( 0.000000000000000000, 0.000000000000000000, 0.000000000000000000 ) ) ;
#651 = DIRECTION ( 'NONE',  ( 0.000000000000000000, 0.000000000000000000, 1.000000000000000000 ) ) ;
#652 = DIRECTION ( 'NONE',  ( -1.000000000000000000, 0.000000000000000000, 0.000000000000000000 ) ) ;
#653 = ORIENTED_EDGE ( 'NONE', *, *, #1185, .T. ) ;
#654 = CARTESIAN_POINT ( 'NONE',  ( 5.000000000000000000, -32.41039017722554405, -6.210201974346695408 ) ) ;
#655 = ORIENTED_EDGE ( 'NONE', *, *, #2776, .T. ) ;
#656 = VECTOR ( 'NONE', #996, 1000.000000000000000 ) ;
#657 = APPLICATION_CONTEXT ( 'automotive_design' ) ;
#658 = CARTESIAN_POINT ( 'NONE',  ( 10.00000000000000000, 32.41039017722559379, 6.210201974346464482 ) ) ;
#659 = CARTESIAN_POINT ( 'NONE',  ( -15.00005080000000035, 4.871970606353783317, -2.552234787558690154 ) ) ;
#660 = CARTESIAN_POINT ( 'NONE',  ( -14.83107377866864418, 5.186039816612709075, -1.500000000000000222 ) ) ;
#661 = ORIENTED_EDGE ( 'NONE', *, *, #2626, .F. ) ;
#662 = CARTESIAN_POINT ( 'NONE',  ( -14.50005080000000035, 14.00272098155366685, -21.60867432569866153 ) ) ;
#663 = ADVANCED_FACE ( 'NONE', ( #2087 ), #40, .F. ) ;
#664 = PLANE ( 'NONE',  #679 ) ;
#665 = VERTEX_POINT ( 'NONE', #3271 ) ;
#666 = CARTESIAN_POINT ( 'NONE',  ( -4.881203089098325343, 14.45327554352624233, 21.91169161895852469 ) ) ;
#667 = EDGE_CURVE ( 'NONE', #2328, #2512, #1667, .T. ) ;
#668 = CARTESIAN_POINT ( 'NONE',  ( 10.00000000000000000, 13.97235653801689637, -22.22123429910936565 ) ) ;
#669 = DIRECTION ( 'NONE',  ( -1.000000000000000000, 0.000000000000000000, 0.000000000000000000 ) ) ;
#670 = CIRCLE ( 'NONE', #2458, 12.00000000001199751 ) ;
#671 = CIRCLE ( 'NONE', #480, 12.00000000001199751 ) ;
#672 = CARTESIAN_POINT ( 'NONE',  ( 10.00000000000000000, -24.36518769947353746, -9.764611071148788568 ) ) ;
#673 = VERTEX_POINT ( 'NONE', #320 ) ;
#674 = CIRCLE ( 'NONE', #2768, 12.00000000001199751 ) ;
#675 = EDGE_CURVE ( 'NONE', #3097, #2702, #2653, .T. ) ;
#676 = AXIS2_PLACEMENT_3D ( 'NONE', #293, #2920, #332 ) ;
#677 = CARTESIAN_POINT ( 'NONE',  ( -4.500050800000000351, 0.000000000000000000, 0.000000000000000000 ) ) ;
#678 = VERTEX_POINT ( 'NONE', #1770 ) ;
#679 = AXIS2_PLACEMENT_3D ( 'NONE', #962, #2673, #27 ) ;
#680 = CIRCLE ( 'NONE', #3829, 12.00000000001199751 ) ;
#681 = CIRCLE ( 'NONE', #255, 33.00000000003299760 ) ;
#682 = DIRECTION ( 'NONE',  ( 1.000000000000000000, 0.000000000000000000, -0.000000000000000000 ) ) ;
#683 = FACE_OUTER_BOUND ( 'NONE', #132, .T. ) ;
#684 = DIRECTION ( 'NONE',  ( 0.000000000000000000, 0.000000000000000000, -1.000000000000000000 ) ) ;
#685 = AXIS2_PLACEMENT_3D ( 'NONE', #1672, #1728, #2263 ) ;
#686 = EDGE_CURVE ( 'NONE', #70, #902, #3567, .T. ) ;
#687 = ORIENTED_EDGE ( 'NONE', *, *, #26, .T. ) ;
#688 = LINE ( 'NONE', #3731, #431 ) ;
#689 = CARTESIAN_POINT ( 'NONE',  ( 0.000000000000000000, 24.07450830296545874, -22.57029131341961659 ) ) ;
#690 = ORIENTED_EDGE ( 'NONE', *, *, #2199, .T. ) ;
#691 = VECTOR ( 'NONE', #2468, 1000.000000000000000 ) ;
#692 = CARTESIAN_POINT ( 'NONE',  ( -5.500050799999999462, 5.301103369735552739, -1.500000000000000000 ) ) ;
#693 = LINE ( 'NONE', #1871, #3141 ) ;
#694 = DIRECTION ( 'NONE',  ( -1.000000000000000000, -0.000000000000000000, 0.000000000000000000 ) ) ;
#695 = DIRECTION ( 'NONE',  ( 0.000000000000000000, 0.000000000000000000, 1.000000000000000000 ) ) ;
#696 = EDGE_CURVE ( 'NONE', #17, #3042, #3541, .T. ) ;
#697 = ORIENTED_EDGE ( 'NONE', *, *, #2580, .F. ) ;
#698 = CARTESIAN_POINT ( 'NONE',  ( -1.000050800000000795, 24.65785880812399355, 9.000000000000000000 ) ) ;
#699 = VERTEX_POINT ( 'NONE', #1786 ) ;
#700 = EDGE_CURVE ( 'NONE', #3042, #762, #2084, .T. ) ;
#701 = DIRECTION ( 'NONE',  ( -1.000000000000000000, 0.000000000000000000, 0.000000000000000000 ) ) ;
#702 = CARTESIAN_POINT ( 'NONE',  ( 10.00000000000000000, 25.58765035578316471, 13.74230757954361337 ) ) ;
#703 = CARTESIAN_POINT ( 'NONE',  ( -4.500050800000000351, 15.02901831464991389, 21.52107816017906572 ) ) ;
#704 = ORIENTED_EDGE ( 'NONE', *, *, #3741, .F. ) ;
#705 = CARTESIAN_POINT ( 'NONE',  ( 5.000000000000000000, -4.109108303874020152, -32.74317072229278125 ) ) ;
#706 = ORIENTED_EDGE ( 'NONE', *, *, #636, .F. ) ;
#707 = CARTESIAN_POINT ( 'NONE',  ( 0.000000000000000000, -3.922283146166886336, -28.77836971167559810 ) ) ;
#708 = CARTESIAN_POINT ( 'NONE',  ( 5.000000000000000000, 15.92161441429713875, -28.90505482514474167 ) ) ;
#709 = DIRECTION ( 'NONE',  ( 0.000000000000000000, -1.000000000000000000, 0.000000000000000000 ) ) ;
#710 = ORIENTED_EDGE ( 'NONE', *, *, #2597, .F. ) ;
#711 = DIRECTION ( 'NONE',  ( 1.000000000000000000, -0.000000000000000000, -0.000000000000000000 ) ) ;
#712 = EDGE_CURVE ( 'NONE', #2512, #3122, #2517, .T. ) ;
#713 = PRODUCT_DEFINITION_SHAPE ( 'NONE', 'NONE',  #2451 ) ;
#714 = PRODUCT_DEFINITION_CONTEXT ( 'detailed design', #2189, 'design' ) ;
#715 = ORIENTED_EDGE ( 'NONE', *, *, #2016, .F. ) ;
#716 = EDGE_CURVE ( 'NONE', #2141, #2057, #2685, .T. ) ;
#717 = FACE_OUTER_BOUND ( 'NONE', #2961, .T. ) ;
#718 = DIRECTION ( 'NONE',  ( -1.000000000000000000, -0.000000000000000000, -0.000000000000000000 ) ) ;
#719 = DIRECTION ( 'NONE',  ( 0.000000000000000000, 0.000000000000000000, 1.000000000000000000 ) ) ;
#720 = AXIS2_PLACEMENT_3D ( 'NONE', #73, #1006, #3298 ) ;
#721 = ORIENTED_EDGE ( 'NONE', *, *, #3684, .F. ) ;
#722 = ADVANCED_FACE ( 'NONE', ( #586 ), #2939, .T. ) ;
#723 = DIRECTION ( 'NONE',  ( 0.000000000000000000, 0.9510565162951545304, -0.3090169943749447312 ) ) ;
#724 = PRESENTATION_LAYER_ASSIGNMENT (  '', '', ( #784 ) ) ;
#725 = EDGE_LOOP ( 'NONE', ( #886, #1866, #808, #1445 ) ) ;
#726 = ORIENTED_EDGE ( 'NONE', *, *, #367, .F. ) ;
#727 = CARTESIAN_POINT ( 'NONE',  ( -5.054102453265760353, 5.540387070524741553, -1.500000000000000222 ) ) ;
#728 = CARTESIAN_POINT ( 'NONE',  ( 0.000000000000000000, 24.36518769947360852, 9.764611071148616261 ) ) ;
#729 = VERTEX_POINT ( 'NONE', #2792 ) ;
#730 = CARTESIAN_POINT ( 'NONE',  ( -14.50005080000000035, 5.301103369735552739, 1.500000000000000000 ) ) ;
#731 = ORIENTED_EDGE ( 'NONE', *, *, #2158, .F. ) ;
#732 = EDGE_CURVE ( 'NONE', #1154, #1999, #981, .T. ) ;
#733 = DIRECTION ( 'NONE',  ( 0.000000000000000000, 0.000000000000000000, 1.000000000000000000 ) ) ;
#734 = VECTOR ( 'NONE', #2625, 1000.000000000000000 ) ;
#735 = AXIS2_PLACEMENT_3D ( 'NONE', #603, #2112, #2398 ) ;
#736 = ORIENTED_EDGE ( 'NONE', *, *, #3167, .T. ) ;
#737 = VECTOR ( 'NONE', #419, 1000.000000000000000 ) ;
#738 =( BOUNDED_SURFACE ( )  B_SPLINE_SURFACE ( 3, 2, ( 
 ( #1003, #104, #143 ),
 ( #3023, #1063, #3642 ),
 ( #126, #1629, #1350 ),
 ( #1037, #2157, #666 ),
 ( #2176, #382, #1331 ),
 ( #1571, #2213, #3355 ),
 ( #1885, #2789, #3060 ),
 ( #415, #2497, #1606 ) ),
 .UNSPECIFIED., .F., .F., .T. ) 
 B_SPLINE_SURFACE_WITH_KNOTS ( ( 4, 2, 2, 4 ),
 ( 3, 3 ),
 ( 0.0006928785616978757819, 0.001483910069240024698, 0.001879425823011099048, 0.002274941576782173614 ),
 ( 0.000000000000000000, 1.000000000000000000 ),
 .UNSPECIFIED. ) 
 GEOMETRIC_REPRESENTATION_ITEM ( )  RATIONAL_B_SPLINE_SURFACE ( (
 ( 1.000000000000000000, 0.7071067811865475727, 1.000000000000000000),
 ( 1.000000000000000000, 0.6890059155051179163, 1.000000000000000000),
 ( 1.000000000000000000, 0.6670064333558167746, 1.000000000000000000),
 ( 1.000000000000000000, 0.6408931434700104735, 1.000000000000000000),
 ( 1.000000000000000000, 0.6333302795906466942, 1.000000000000000000),
 ( 1.000000000000000000, 0.6229370515158653143, 1.000000000000000000),
 ( 1.000000000000000000, 0.6200121617639430260, 1.000000000000000000),
 ( 1.000000000000000000, 0.6200559825527746094, 1.000000000000000000) ) ) 
 REPRESENTATION_ITEM ( '' )  SURFACE ( )  );
#739 = CARTESIAN_POINT ( 'NONE',  ( -15.00005079999999857, 14.00272098155366507, -21.60867432569866153 ) ) ;
#740 = CIRCLE ( 'NONE', #1788, 12.00000000001199574 ) ;
#741 = DIRECTION ( 'NONE',  ( 0.000000000000000000, 0.000000000000000000, 1.000000000000000000 ) ) ;
#742 = AXIS2_PLACEMENT_3D ( 'NONE', #1045, #2224, #1966 ) ;
#743 = CARTESIAN_POINT ( 'NONE',  ( 10.00000000000000000, 0.000000000000000000, 1.500000000000000000 ) ) ;
#744 = EDGE_CURVE ( 'NONE', #2882, #2452, #3694, .T. ) ;
#745 = AXIS2_PLACEMENT_3D ( 'NONE', #1790, #358, #608 ) ;
#746 = AXIS2_PLACEMENT_3D ( 'NONE', #1169, #836, #2052 ) ;
#747 = CARTESIAN_POINT ( 'NONE',  ( -14.50005080000000035, 14.34814103687991427, -21.24717054234583458 ) ) ;
#748 = ADVANCED_FACE ( 'NONE', ( #297 ), #607, .T. ) ;
#749 = VERTEX_POINT ( 'NONE', #336 ) ;
#750 = CYLINDRICAL_SURFACE ( 'NONE', #553, 33.00000000003299760 ) ;
#751 = AXIS2_PLACEMENT_3D ( 'NONE', #344, #694, #72 ) ;
#752 = DIRECTION ( 'NONE',  ( 0.000000000000000000, 0.3090169943749411785, 0.9510565162951555296 ) ) ;
#753 = CARTESIAN_POINT ( 'NONE',  ( 10.00000000000000000, 5.162692366395940979, 28.58190819155623430 ) ) ;
#754 = LINE ( 'NONE', #1927, #595 ) ;
#755 = CIRCLE ( 'NONE', #1626, 33.00000000003299760 ) ;
#756 = ORIENTED_EDGE ( 'NONE', *, *, #1968, .T. ) ;
#757 = CARTESIAN_POINT ( 'NONE',  ( 10.00000000000000000, 16.81595405857640557, 20.15523976789225813 ) ) ;
#758 = CYLINDRICAL_SURFACE ( 'NONE', #1733, 12.00000000001199929 ) ;
#759 = ORIENTED_EDGE ( 'NONE', *, *, #2720, .F. ) ;
#760 = DIRECTION ( 'NONE',  ( 1.000000000000000000, 0.000000000000000000, 0.000000000000000000 ) ) ;
#761 = DIRECTION ( 'NONE',  ( 0.000000000000000000, 0.000000000000000000, 1.000000000000000000 ) ) ;
#762 = VERTEX_POINT ( 'NONE', #1935 ) ;
#763 = B_SPLINE_CURVE_WITH_KNOTS ( 'NONE', 3,
 ( #3420, #2833, #477, #168, #2526, #3105 ),
 .UNSPECIFIED., .F., .F.,
 ( 4, 2, 4 ),
 ( 0.000000000000000000, 0.0004085707043121453619, 0.0008171414086242907238 ),
 .UNSPECIFIED. ) ;
#764 = CARTESIAN_POINT ( 'NONE',  ( 10.00000000000000000, -28.58190819155617746, -5.162692366396253618 ) ) ;
#765 = EDGE_CURVE ( 'NONE', #2732, #2702, #2746, .T. ) ;
#766 = ORIENTED_EDGE ( 'NONE', *, *, #2749, .F. ) ;
#767 = CARTESIAN_POINT ( 'NONE',  ( 10.00000000000000000, 0.000000000000000000, 0.000000000000000000 ) ) ;
#768 = CARTESIAN_POINT ( 'NONE',  ( 0.000000000000000000, -1.757439918030625936, -26.19010129678559196 ) ) ;
#769 = FACE_OUTER_BOUND ( 'NONE', #2401, .T. ) ;
#770 = ADVANCED_FACE ( 'NONE', ( #974 ), #2434, .T. ) ;
#771 = DIRECTION ( 'NONE',  ( -1.000000000000000000, -0.000000000000000000, 0.000000000000000000 ) ) ;
#772 = ORIENTED_EDGE ( 'NONE', *, *, #3564, .F. ) ;
#773 = CARTESIAN_POINT ( 'NONE',  ( -14.83447071152852281, 4.892815794524693729, -1.500000000000000222 ) ) ;
#774 = EDGE_CURVE ( 'NONE', #1207, #2881, #3565, .T. ) ;
#775 = CARTESIAN_POINT ( 'NONE',  ( 10.00000000000000000, -13.74230757954370397, 25.58765035578311497 ) ) ;
#776 = EDGE_LOOP ( 'NONE', ( #4, #3253, #2966, #2378 ) ) ;
#777 = DIRECTION ( 'NONE',  ( -1.000000000000000000, 0.000000000000000000, 0.000000000000000000 ) ) ;
#778 = DIRECTION ( 'NONE',  ( 0.000000000000000000, 0.000000000000000000, 1.000000000000000000 ) ) ;
#779 = DIRECTION ( 'NONE',  ( -1.000000000000000000, 0.000000000000000000, 0.000000000000000000 ) ) ;
#780 = VERTEX_POINT ( 'NONE', #1581 ) ;
#781 = DIRECTION ( 'NONE',  ( 1.000000000000000000, -0.000000000000000000, -0.000000000000000000 ) ) ;
#782 = AXIS2_PLACEMENT_3D ( 'NONE', #355, #2381, #943 ) ;
#783 = ORIENTED_EDGE ( 'NONE', *, *, #3118, .T. ) ;
#784 = STYLED_ITEM ( 'NONE', ( #1391 ), #582 ) ;
#785 = DIRECTION ( 'NONE',  ( 0.000000000000000000, -6.938893903900291924E-15, 1.000000000000000000 ) ) ;
#786 = CARTESIAN_POINT ( 'NONE',  ( 15.00005080000000035, 6.799999999999999822, 1.500000000000000000 ) ) ;
#787 = CARTESIAN_POINT ( 'NONE',  ( 0.000000000000000000, 0.000000000000000000, 0.000000000000000000 ) ) ;
#788 = FACE_OUTER_BOUND ( 'NONE', #3782, .T. ) ;
#789 = EDGE_CURVE ( 'NONE', #1860, #2292, #1294, .T. ) ;
#790 = DIRECTION ( 'NONE',  ( 0.000000000000000000, 0.000000000000000000, 1.000000000000000000 ) ) ;
#791 = DIRECTION ( 'NONE',  ( -1.000000000000000000, -0.000000000000000000, 0.000000000000000000 ) ) ;
#792 = VERTEX_POINT ( 'NONE', #3612 ) ;
#793 = ORIENTED_EDGE ( 'NONE', *, *, #3550, .F. ) ;
#794 = EDGE_CURVE ( 'NONE', #1491, #3488, #1110, .T. ) ;
#795 = AXIS2_PLACEMENT_3D ( 'NONE', #995, #375, #1030 ) ;
#796 = CARTESIAN_POINT ( 'NONE',  ( 0.000000000000000000, 0.000000000000000000, 0.000000000000000000 ) ) ;
#797 = CARTESIAN_POINT ( 'NONE',  ( 0.000000000000000000, -28.58190819155624851, 5.162692366395842392 ) ) ;
#798 = DIRECTION ( 'NONE',  ( -1.000000000000000000, -0.000000000000000000, -0.000000000000000000 ) ) ;
#799 = ORIENTED_EDGE ( 'NONE', *, *, #1579, .F. ) ;
#800 = CIRCLE ( 'NONE', #3323, 26.24900000002624623 ) ;
#801 = CIRCLE ( 'NONE', #2951, 26.24900000002624978 ) ;
#802 = CIRCLE ( 'NONE', #1116, 0.5000000000000009992 ) ;
#803 = CIRCLE ( 'NONE', #2222, 0.5000000000000009992 ) ;
#804 = CARTESIAN_POINT ( 'NONE',  ( 0.000000000000000000, -6.210201974346128750, -32.41039017722565774 ) ) ;
#805 = CARTESIAN_POINT ( 'NONE',  ( 0.000000000000000000, -26.15780389372390857, -12.62331825623019377 ) ) ;
#806 = EDGE_CURVE ( 'NONE', #2583, #299, #921, .T. ) ;
#807 = AXIS2_PLACEMENT_3D ( 'NONE', #2910, #2601, #1759 ) ;
#808 = ORIENTED_EDGE ( 'NONE', *, *, #2208, .F. ) ;
#809 = DIRECTION ( 'NONE',  ( 0.000000000000000000, 0.000000000000000000, 1.000000000000000000 ) ) ;
#810 = DIRECTION ( 'NONE',  ( 0.000000000000000000, 0.000000000000000000, 1.000000000000000000 ) ) ;
#811 = CIRCLE ( 'NONE', #1125, 12.00000000001199929 ) ;
#812 = DIRECTION ( 'NONE',  ( 0.000000000000000000, 0.5877852522924684742, 0.8090169943749506709 ) ) ;
#813 = ORIENTED_EDGE ( 'NONE', *, *, #392, .F. ) ;
#814 = DIRECTION ( 'NONE',  ( -1.000000000000000000, 0.000000000000000000, 0.000000000000000000 ) ) ;
#815 = EDGE_CURVE ( 'NONE', #699, #1952, #136, .T. ) ;
#816 = ORIENTED_EDGE ( 'NONE', *, *, #1292, .T. ) ;
#817 = EDGE_LOOP ( 'NONE', ( #1250, #2822, #998, #947 ) ) ;
#818 = CARTESIAN_POINT ( 'NONE',  ( 10.00000000000000000, 13.74230757954352278, 25.58765035578321090 ) ) ;
#819 = CARTESIAN_POINT ( 'NONE',  ( 10.00000000000000000, -5.162692366396147925, 28.58190819155619877 ) ) ;
#820 = DIRECTION ( 'NONE',  ( 0.000000000000000000, 0.000000000000000000, 1.000000000000000000 ) ) ;
#821 = EDGE_CURVE ( 'NONE', #1798, #3798, #1605, .T. ) ;
#822 = ORIENTED_EDGE ( 'NONE', *, *, #915, .F. ) ;
#823 = CARTESIAN_POINT ( 'NONE',  ( 0.000000000000000000, -20.08869502354309589, 20.97672997851826793 ) ) ;
#824 = DIRECTION ( 'NONE',  ( 1.000000000000000000, 0.000000000000000000, 0.000000000000000000 ) ) ;
#825 = VERTEX_POINT ( 'NONE', #1639 ) ;
#826 = ORIENTED_EDGE ( 'NONE', *, *, #3073, .F. ) ;
#827 = CARTESIAN_POINT ( 'NONE',  ( 10.00000000000000000, -3.922283146167302448, 28.77836971167553770 ) ) ;
#828 = DIRECTION ( 'NONE',  ( 0.000000000000000000, 0.000000000000000000, -1.000000000000000000 ) ) ;
#829 = CARTESIAN_POINT ( 'NONE',  ( 10.00000000000000000, 28.90505482514514668, -15.92161441429640334 ) ) ;
#830 = ORIENTED_EDGE ( 'NONE', *, *, #1880, .F. ) ;
#831 = EDGE_CURVE ( 'NONE', #2657, #366, #3628, .T. ) ;
#832 = DIRECTION ( 'NONE',  ( 1.000000000000000000, -0.000000000000000000, 0.000000000000000000 ) ) ;
#833 = ORIENTED_EDGE ( 'NONE', *, *, #1389, .T. ) ;
#834 = ORIENTED_EDGE ( 'NONE', *, *, #269, .T. ) ;
#835 = EDGE_CURVE ( 'NONE', #673, #926, #1598, .T. ) ;
#836 = DIRECTION ( 'NONE',  ( -1.000000000000000000, 0.000000000000000000, 0.000000000000000000 ) ) ;
#837 = DIRECTION ( 'NONE',  ( -1.000000000000000000, 0.000000000000000000, 0.000000000000000000 ) ) ;
#838 = DIRECTION ( 'NONE',  ( -1.000000000000000000, 0.000000000000000000, 0.000000000000000000 ) ) ;
#839 = ORIENTED_EDGE ( 'NONE', *, *, #1705, .F. ) ;
#840 = ADVANCED_FACE ( 'NONE', ( #1014 ), #3328, .T. ) ;
#841 = CARTESIAN_POINT ( 'NONE',  ( 0.000000000000000000, 13.97235653801689637, -22.22123429910936565 ) ) ;
#842 = CARTESIAN_POINT ( 'NONE',  ( 10.00000000000000000, -22.57029131342005357, 24.07450830296505373 ) ) ;
#843 = VERTEX_POINT ( 'NONE', #116 ) ;
#844 = ORIENTED_EDGE ( 'NONE', *, *, #2630, .T. ) ;
#845 = ADVANCED_FACE ( 'NONE', ( #2454 ), #1547, .T. ) ;
#846 = CARTESIAN_POINT ( 'NONE',  ( -5.407411092031837896, 14.80924890100129154, -21.68101885544481888 ) ) ;
#847 = CARTESIAN_POINT ( 'NONE',  ( 10.00000000000000000, -15.92161441429692381, 28.90505482514486246 ) ) ;
#848 = CARTESIAN_POINT ( 'NONE',  ( 10.00000000000000000, -28.77836971167558033, 3.922283146167000911 ) ) ;
#849 = MECHANICAL_DESIGN_GEOMETRIC_PRESENTATION_REPRESENTATION (  '', ( #784 ), #2202 ) ;
#850 = EDGE_LOOP ( 'NONE', ( #2908, #726, #1714, #1099 ) ) ;
#851 = CARTESIAN_POINT ( 'NONE',  ( 0.000000000000000000, 9.764611071148873833, -24.36518769947349838 ) ) ;
#852 = ORIENTED_EDGE ( 'NONE', *, *, #1977, .F. ) ;
#853 = EDGE_CURVE ( 'NONE', #3034, #322, #1344, .T. ) ;
#854 = ORIENTED_EDGE ( 'NONE', *, *, #3580, .T. ) ;
#855 = CARTESIAN_POINT ( 'NONE',  ( 10.00000000000000000, 29.87082158197679860, 14.02619043147094047 ) ) ;
#856 = CARTESIAN_POINT ( 'NONE',  ( 10.00000000000000000, -12.62331825623009074, 26.15780389372395831 ) ) ;
#857 = DIRECTION ( 'NONE',  ( -1.000000000000000000, -0.000000000000000000, -0.000000000000000000 ) ) ;
#858 = EDGE_LOOP ( 'NONE', ( #2244, #294, #93 ) ) ;
#859 = DIRECTION ( 'NONE',  ( -1.000000000000000000, -0.000000000000000000, 0.000000000000000000 ) ) ;
#860 = VECTOR ( 'NONE', #1560, 1000.000000000000000 ) ;
#861 = CARTESIAN_POINT ( 'NONE',  ( 10.00000000000000000, -26.19010129678558840, 1.757439918030717418 ) ) ;
#862 = AXIS2_PLACEMENT_3D ( 'NONE', #1157, #2326, #1696 ) ;
#863 = ADVANCED_FACE ( 'NONE', ( #3069, #683 ), #1917, .T. ) ;
#864 = ORIENTED_EDGE ( 'NONE', *, *, #2876, .T. ) ;
#865 = ORIENTED_EDGE ( 'NONE', *, *, #2418, .T. ) ;
#866 = CIRCLE ( 'NONE', #1552, 12.00000000001199929 ) ;
#867 = AXIS2_PLACEMENT_3D ( 'NONE', #3572, #1780, #1753 ) ;
#868 = CARTESIAN_POINT ( 'NONE',  ( 0.000000000000000000, -26.19010129678556353, -1.757439918031079795 ) ) ;
#869 = DIRECTION ( 'NONE',  ( -1.000000000000000000, 0.000000000000000000, 0.000000000000000000 ) ) ;
#870 = CIRCLE ( 'NONE', #3575, 26.24900000002600109 ) ;
#871 = EDGE_CURVE ( 'NONE', #2881, #3798, #2888, .T. ) ;
#872 = CIRCLE ( 'NONE', #1613, 33.00000000003299760 ) ;
#873 = ORIENTED_EDGE ( 'NONE', *, *, #3198, .F. ) ;
#874 = AXIS2_PLACEMENT_3D ( 'NONE', #3431, #2019, #222 ) ;
#875 = CIRCLE ( 'NONE', #3768, 12.00000000001199574 ) ;
#876 = DIRECTION ( 'NONE',  ( 0.000000000000000000, -0.9510565162951499785, -0.3090169943749582759 ) ) ;
#877 = ORIENTED_EDGE ( 'NONE', *, *, #2165, .T. ) ;
#878 = AXIS2_PLACEMENT_3D ( 'NONE', #1540, #859, #569 ) ;
#879 = ORIENTED_EDGE ( 'NONE', *, *, #199, .T. ) ;
#880 = DIRECTION ( 'NONE',  ( 1.000000000000000000, 0.000000000000000000, 0.000000000000000000 ) ) ;
#881 = CIRCLE ( 'NONE', #1376, 26.24900000002624623 ) ;
#882 = CARTESIAN_POINT ( 'NONE',  ( 0.000000000000000000, -25.45134530200248690, -6.421761699067782381 ) ) ;
#883 = ORIENTED_EDGE ( 'NONE', *, *, #2558, .T. ) ;
#884 = FACE_OUTER_BOUND ( 'NONE', #1899, .T. ) ;
#885 = DIRECTION ( 'NONE',  ( 0.000000000000000000, 0.000000000000000000, 1.000000000000000000 ) ) ;
#886 = ORIENTED_EDGE ( 'NONE', *, *, #2999, .F. ) ;
#887 = ORIENTED_EDGE ( 'NONE', *, *, #1991, .F. ) ;
#888 = CARTESIAN_POINT ( 'NONE',  ( -1.000050799999999906, 34.64999999999999858, 9.000000000000000000 ) ) ;
#889 = EDGE_CURVE ( 'NONE', #843, #445, #49, .T. ) ;
#890 = DIRECTION ( 'NONE',  ( -1.000000000000000000, 0.000000000000000000, 0.000000000000000000 ) ) ;
#891 = ORIENTED_EDGE ( 'NONE', *, *, #1584, .T. ) ;
#892 = EDGE_CURVE ( 'NONE', #1999, #2657, #2205, .T. ) ;
#893 = CARTESIAN_POINT ( 'NONE',  ( -15.00005080000000035, 34.64999999999999858, 0.000000000000000000 ) ) ;
#894 = ORIENTED_EDGE ( 'NONE', *, *, #1223, .F. ) ;
#895 = ORIENTED_EDGE ( 'NONE', *, *, #522, .T. ) ;
#896 = ADVANCED_FACE ( 'NONE', ( #2550 ), #3152, .T. ) ;
#897 = CARTESIAN_POINT ( 'NONE',  ( 10.00000000000000000, 0.000000000000000000, 0.000000000000000000 ) ) ;
#898 = DIRECTION ( 'NONE',  ( 0.000000000000000000, -0.5877852522924800205, 0.8090169943749423442 ) ) ;
#899 = ORIENTED_EDGE ( 'NONE', *, *, #3485, .F. ) ;
#900 = DIRECTION ( 'NONE',  ( 0.000000000000000000, 0.3090169943749478398, -0.9510565162951534202 ) ) ;
#901 = DIRECTION ( 'NONE',  ( 0.000000000000000000, 0.000000000000000000, 1.000000000000000000 ) ) ;
#902 = VERTEX_POINT ( 'NONE', #1692 ) ;
#903 = FACE_OUTER_BOUND ( 'NONE', #249, .T. ) ;
#904 = LINE ( 'NONE', #2073, #1432 ) ;
#905 = EDGE_LOOP ( 'NONE', ( #272, #3278, #1171, #3359 ) ) ;
#906 = CARTESIAN_POINT ( 'NONE',  ( 0.000000000000000000, 24.07450830296512834, 22.57029131341996120 ) ) ;
#907 = ORIENTED_EDGE ( 'NONE', *, *, #2762, .T. ) ;
#908 = CIRCLE ( 'NONE', #225, 33.00000000003299760 ) ;
#909 = ADVANCED_FACE ( 'NONE', ( #3109 ), #3189, .T. ) ;
#910 = ORIENTED_EDGE ( 'NONE', *, *, #2065, .F. ) ;
#911 = CARTESIAN_POINT ( 'NONE',  ( 10.00000000000000000, 13.74230757954388160, -25.58765035578302260 ) ) ;
#912 = AXIS2_PLACEMENT_3D ( 'NONE', #1822, #1163, #2020 ) ;
#913 = DIRECTION ( 'NONE',  ( 0.000000000000000000, 0.000000000000000000, 1.000000000000000000 ) ) ;
#914 = ORIENTED_EDGE ( 'NONE', *, *, #1408, .T. ) ;
#915 = EDGE_CURVE ( 'NONE', #2068, #1167, #1044, .T. ) ;
#916 = CARTESIAN_POINT ( 'NONE',  ( 10.00000000000000000, -15.92161441429650814, -28.90505482514508984 ) ) ;
#917 = DIRECTION ( 'NONE',  ( 0.000000000000000000, 0.000000000000000000, -1.000000000000000000 ) ) ;
#918 = CYLINDRICAL_SURFACE ( 'NONE', #413, 12.00000000001200107 ) ;
#919 = ORIENTED_EDGE ( 'NONE', *, *, #26, .F. ) ;
#920 = CARTESIAN_POINT ( 'NONE',  ( 10.00000000000000000, 6.421761699067515039, 25.45134530200255796 ) ) ;
#921 = CIRCLE ( 'NONE', #2152, 33.00000000003299760 ) ;
#922 = DIRECTION ( 'NONE',  ( -1.000000000000000000, 0.000000000000000000, 0.000000000000000000 ) ) ;
#923 = EDGE_CURVE ( 'NONE', #3072, #1027, #1842, .T. ) ;
#924 = AXIS2_PLACEMENT_3D ( 'NONE', #3571, #1265, #1246 ) ;
#925 = AXIS2_PLACEMENT_3D ( 'NONE', #2611, #260, #2285 ) ;
#926 = VERTEX_POINT ( 'NONE', #2247 ) ;
#927 = FACE_OUTER_BOUND ( 'NONE', #3110, .T. ) ;
#928 = AXIS2_PLACEMENT_3D ( 'NONE', #3356, #1296, #2239 ) ;
#929 = DIRECTION ( 'NONE',  ( 1.000000000000000000, 0.000000000000000000, 0.000000000000000000 ) ) ;
#930 = AXIS2_PLACEMENT_3D ( 'NONE', #3338, #2805, #162 ) ;
#931 = DIRECTION ( 'NONE',  ( 0.000000000000000000, -1.000000000000000000, 0.000000000000000000 ) ) ;
#932 = ORIENTED_EDGE ( 'NONE', *, *, #3580, .F. ) ;
#933 = VECTOR ( 'NONE', #2690, 1000.000000000000000 ) ;
#934 = VECTOR ( 'NONE', #2360, 1000.000000000000000 ) ;
#935 = CARTESIAN_POINT ( 'NONE',  ( 0.000000000000000000, 0.000000000000000000, 0.000000000000000000 ) ) ;
#936 = ADVANCED_FACE ( 'NONE', ( #483 ), #2567, .T. ) ;
#937 = CIRCLE ( 'NONE', #1438, 29.88720356573499970 ) ;
#938 = LINE ( 'NONE', #277, #986 ) ;
#939 = ORIENTED_EDGE ( 'NONE', *, *, #1807, .F. ) ;
#940 = ADVANCED_FACE ( 'NONE', ( #2857 ), #3443, .T. ) ;
#941 = DIRECTION ( 'NONE',  ( -1.000000000000000000, 0.000000000000000000, -0.000000000000000000 ) ) ;
#942 = CARTESIAN_POINT ( 'NONE',  ( -14.97135083718862347, 4.998958959044708550, -1.852145090360300062 ) ) ;
#943 = DIRECTION ( 'NONE',  ( 0.000000000000000000, 0.000000000000000000, 1.000000000000000000 ) ) ;
#944 = ORIENTED_EDGE ( 'NONE', *, *, #1527, .F. ) ;
#945 = CARTESIAN_POINT ( 'NONE',  ( -5.259416331976792591, 14.84580087943049875, -21.65250476519974754 ) ) ;
#946 = DIRECTION ( 'NONE',  ( 1.000000000000000000, 0.000000000000000000, 0.000000000000000000 ) ) ;
#947 = ORIENTED_EDGE ( 'NONE', *, *, #1268, .T. ) ;
#948 = DIRECTION ( 'NONE',  ( 0.000000000000000000, 0.000000000000000000, -1.000000000000000000 ) ) ;
#949 = FACE_OUTER_BOUND ( 'NONE', #605, .T. ) ;
#950 = DIRECTION ( 'NONE',  ( 0.000000000000000000, 0.000000000000000000, 1.000000000000000000 ) ) ;
#951 = ORIENTED_EDGE ( 'NONE', *, *, #2580, .T. ) ;
#952 = DIRECTION ( 'NONE',  ( 0.000000000000000000, 0.8090169943749487835, -0.5877852522924712497 ) ) ;
#953 = UNCERTAINTY_MEASURE_WITH_UNIT (LENGTH_MEASURE( 1.000000000000000082E-05 ), #3357, 'distance_accuracy_value', 'NONE');
#954 = ORIENTED_EDGE ( 'NONE', *, *, #333, .F. ) ;
#955 = EDGE_CURVE ( 'NONE', #342, #2015, #2277, .T. ) ;
#956 = DIRECTION ( 'NONE',  ( 0.000000000000000000, 0.7230075667056573563, 0.6908401106525042801 ) ) ;
#957 = CARTESIAN_POINT ( 'NONE',  ( 5.000000000000000000, 28.90505482514514668, -15.92161441429640689 ) ) ;
#958 = DIRECTION ( 'NONE',  ( 0.000000000000000000, 1.000000000000000000, 3.469446951950145567E-15 ) ) ;
#959 = EDGE_LOOP ( 'NONE', ( #3807, #1071, #1739, #1046 ) ) ;
#960 = EDGE_CURVE ( 'NONE', #2702, #3351, #197, .T. ) ;
#961 = CARTESIAN_POINT ( 'NONE',  ( -4.877136416408442976, 14.45610961489978585, -21.90982260303121976 ) ) ;
#962 = CARTESIAN_POINT ( 'NONE',  ( -1.000050799999999906, 34.64999999999999858, -9.000000000000000000 ) ) ;
#963 = EDGE_CURVE ( 'NONE', #902, #3548, #2893, .T. ) ;
#964 = ORIENTED_EDGE ( 'NONE', *, *, #152, .F. ) ;
#965 = LINE ( 'NONE', #2663, #1301 ) ;
#966 = DIRECTION ( 'NONE',  ( 0.000000000000000000, 0.000000000000000000, -1.000000000000000000 ) ) ;
#967 = CARTESIAN_POINT ( 'NONE',  ( -14.50005080000000035, 34.64999999999999858, 0.000000000000000000 ) ) ;
#968 = ORIENTED_EDGE ( 'NONE', *, *, #398, .T. ) ;
#969 = CARTESIAN_POINT ( 'NONE',  ( 0.000000000000000000, -6.421761699067693563, 25.45134530200250822 ) ) ;
#970 = CIRCLE ( 'NONE', #3249, 26.24900000002600109 ) ;
#971 = VERTEX_POINT ( 'NONE', #3716 ) ;
#972 = AXIS2_PLACEMENT_3D ( 'NONE', #3306, #1599, #719 ) ;
#973 = DIRECTION ( 'NONE',  ( 0.000000000000000000, 0.000000000000000000, -1.000000000000000000 ) ) ;
#974 = FACE_OUTER_BOUND ( 'NONE', #905, .T. ) ;
#975 = CARTESIAN_POINT ( 'NONE',  ( -4.694333849180718055, 14.61849518821889582, 21.80181381794790596 ) ) ;
#976 = ORIENTED_EDGE ( 'NONE', *, *, #1288, .T. ) ;
#977 = DIRECTION ( 'NONE',  ( -1.000000000000000000, 0.000000000000000000, -0.000000000000000000 ) ) ;
#978 = CARTESIAN_POINT ( 'NONE',  ( 0.000000000000000000, -20.97672997851820753, -20.08869502354315628 ) ) ;
#979 = EDGE_CURVE ( 'NONE', #3122, #2624, #610, .T. ) ;
#980 = ORIENTED_EDGE ( 'NONE', *, *, #3587, .F. ) ;
#981 = CIRCLE ( 'NONE', #2640, 12.00000000001199574 ) ;
#982 = DIRECTION ( 'NONE',  ( 1.000000000000000000, 0.000000000000000000, 0.000000000000000000 ) ) ;
#983 = DIRECTION ( 'NONE',  ( 0.000000000000000000, 0.000000000000000000, 1.000000000000000000 ) ) ;
#984 = ADVANCED_FACE ( 'NONE', ( #1404 ), #1656, .T. ) ;
#985 = CIRCLE ( 'NONE', #2823, 12.00000000001199929 ) ;
#986 = VECTOR ( 'NONE', #1538, 1000.000000000000000 ) ;
#987 = DIRECTION ( 'NONE',  ( 1.000000000000000000, -0.000000000000000000, -0.000000000000000000 ) ) ;
#988 = ORIENTED_EDGE ( 'NONE', *, *, #1537, .F. ) ;
#989 = AXIS2_PLACEMENT_3D ( 'NONE', #3804, #1166, #1685 ) ;
#990 = DIRECTION ( 'NONE',  ( -1.000000000000000000, 0.000000000000000000, 0.000000000000000000 ) ) ;
#991 = ORIENTED_EDGE ( 'NONE', *, *, #2726, .F. ) ;
#992 = AXIS2_PLACEMENT_3D ( 'NONE', #1103, #1700, #3509 ) ;
#993 = AXIS2_PLACEMENT_3D ( 'NONE', #1010, #421, #3301 ) ;
#994 = CARTESIAN_POINT ( 'NONE',  ( -5.000050800000000351, 14.85083652457632120, -21.03482007343209048 ) ) ;
#995 = CARTESIAN_POINT ( 'NONE',  ( 0.000000000000000000, 28.58190819155614193, 5.162692366396441024 ) ) ;
#996 = DIRECTION ( 'NONE',  ( -1.000000000000000000, 0.000000000000000000, 0.000000000000000000 ) ) ;
#997 = AXIS2_PLACEMENT_3D ( 'NONE', #634, #3623, #384 ) ;
#998 = ORIENTED_EDGE ( 'NONE', *, *, #1669, .F. ) ;
#999 = DIRECTION ( 'NONE',  ( -2.049668076159716235E-15, -0.8392044089353620784, -0.5438161086465256311 ) ) ;
#1000 = CIRCLE ( 'NONE', #3032, 12.00000000001199751 ) ;
#1001 = ORIENTED_EDGE ( 'NONE', *, *, #3546, .T. ) ;
#1002 = EDGE_CURVE ( 'NONE', #3758, #2192, #1709, .T. ) ;
#1003 = CARTESIAN_POINT ( 'NONE',  ( -5.000050799999999462, 14.85083652457632120, 21.03482007343209048 ) ) ;
#1004 = LINE ( 'NONE', #1317, #2896 ) ;
#1005 = CARTESIAN_POINT ( 'NONE',  ( 10.00000000000000000, 0.000000000000000000, 0.000000000000000000 ) ) ;
#1006 = DIRECTION ( 'NONE',  ( -1.000000000000000000, 0.000000000000000000, 0.000000000000000000 ) ) ;
#1007 = ORIENTED_EDGE ( 'NONE', *, *, #3788, .F. ) ;
#1008 = ADVANCED_FACE ( 'NONE', ( #173 ), #1974, .F. ) ;
#1009 = DIRECTION ( 'NONE',  ( 0.000000000000000000, 0.9510565162951521989, 0.3090169943749515591 ) ) ;
#1010 = CARTESIAN_POINT ( 'NONE',  ( -10.00000000000000000, 0.000000000000000000, 0.000000000000000000 ) ) ;
#1011 = EDGE_LOOP ( 'NONE', ( #1570, #899, #2921, #1521 ) ) ;
#1012 = EDGE_CURVE ( 'NONE', #141, #2210, #1905, .T. ) ;
#1013 = CYLINDRICAL_SURFACE ( 'NONE', #2722, 12.00000000001199751 ) ;
#1014 = FACE_OUTER_BOUND ( 'NONE', #37, .T. ) ;
#1015 = CARTESIAN_POINT ( 'NONE',  ( 10.00000000000000000, 4.769696007084728073, -1.500000000000000000 ) ) ;
#1016 = ORIENTED_EDGE ( 'NONE', *, *, #765, .T. ) ;
#1017 = CARTESIAN_POINT ( 'NONE',  ( 0.000000000000000000, 25.45134530200252954, 6.421761699067601192 ) ) ;
#1018 = EDGE_CURVE ( 'NONE', #1793, #1737, #2304, .T. ) ;
#1019 = EDGE_LOOP ( 'NONE', ( #347, #877, #2322, #1634, #3823, #2978, #166, #1114 ) ) ;
#1020 = CARTESIAN_POINT ( 'NONE',  ( 0.000000000000000000, 6.421761699067515039, 25.45134530200255796 ) ) ;
#1021 = CARTESIAN_POINT ( 'NONE',  ( 10.00000000000000000, -28.58190819155617746, -5.162692366396253618 ) ) ;
#1022 = CARTESIAN_POINT ( 'NONE',  ( 10.00000000000000000, -16.81595405857625636, -20.15523976789238247 ) ) ;
#1023 = DIRECTION ( 'NONE',  ( -1.000000000000000000, 0.000000000000000000, 0.000000000000000000 ) ) ;
#1024 = EDGE_LOOP ( 'NONE', ( #2105, #396, #3133, #510 ) ) ;
#1025 = LINE ( 'NONE', #2796, #737 ) ;
#1026 = EDGE_CURVE ( 'NONE', #1323, #678, #2008, .T. ) ;
#1027 = VERTEX_POINT ( 'NONE', #583 ) ;
#1028 = VECTOR ( 'NONE', #931, 1000.000000000000000 ) ;
#1029 = DIRECTION ( 'NONE',  ( 0.000000000000000000, 0.000000000000000000, -1.000000000000000000 ) ) ;
#1030 = DIRECTION ( 'NONE',  ( 0.000000000000000000, 0.000000000000000000, -1.000000000000000000 ) ) ;
#1031 = EDGE_CURVE ( 'NONE', #3548, #3042, #2459, .T. ) ;
#1032 = DIRECTION ( 'NONE',  ( 0.000000000000000000, 0.000000000000000000, -1.000000000000000000 ) ) ;
#1033 = AXIS2_PLACEMENT_3D ( 'NONE', #3383, #3672, #1032 ) ;
#1034 = ORIENTED_EDGE ( 'NONE', *, *, #99, .F. ) ;
#1035 = CARTESIAN_POINT ( 'NONE',  ( 0.000000000000000000, 26.19010129678557419, -1.757439918030900161 ) ) ;
#1036 = VERTEX_POINT ( 'NONE', #1520 ) ;
#1037 = CARTESIAN_POINT ( 'NONE',  ( -5.190626945885498777, 14.45252930426388538, 21.20598833458074850 ) ) ;
#1038 = FACE_OUTER_BOUND ( 'NONE', #850, .T. ) ;
#1039 = CYLINDRICAL_SURFACE ( 'NONE', #1380, 12.00000000001199751 ) ;
#1040 = DIRECTION ( 'NONE',  ( 0.000000000000000000, 0.000000000000000000, -1.000000000000000000 ) ) ;
#1041 = VERTEX_POINT ( 'NONE', #1483 ) ;
#1042 = CARTESIAN_POINT ( 'NONE',  ( 0.000000000000000000, -20.08869502354279390, -20.97672997851855570 ) ) ;
#1043 = AXIS2_PLACEMENT_3D ( 'NONE', #2933, #3186, #3245 ) ;
#1044 = CIRCLE ( 'NONE', #3511, 26.24900000002624623 ) ;
#1045 = CARTESIAN_POINT ( 'NONE',  ( 10.00000000000000000, 20.08869502354323444, -20.97672997851813648 ) ) ;
#1046 = ORIENTED_EDGE ( 'NONE', *, *, #1830, .T. ) ;
#1047 = AXIS2_PLACEMENT_3D ( 'NONE', #2758, #109, #1009 ) ;
#1048 = AXIS2_PLACEMENT_3D ( 'NONE', #2067, #566, #898 ) ;
#1049 = EDGE_CURVE ( 'NONE', #278, #3207, #3, .T. ) ;
#1050 = DIRECTION ( 'NONE',  ( 0.000000000000000000, 0.000000000000000000, 1.000000000000000000 ) ) ;
#1051 = DIRECTION ( 'NONE',  ( -1.000000000000000000, 0.000000000000000000, 0.000000000000000000 ) ) ;
#1052 = CIRCLE ( 'NONE', #928, 33.00000000003299760 ) ;
#1053 = CARTESIAN_POINT ( 'NONE',  ( 10.00000000000000000, 0.000000000000000000, 0.000000000000000000 ) ) ;
#1054 = CIRCLE ( 'NONE', #1909, 33.00000000003299760 ) ;
#1055 = ORIENTED_EDGE ( 'NONE', *, *, #1080, .T. ) ;
#1056 = LINE ( 'NONE', #2731, #656 ) ;
#1057 = CIRCLE ( 'NONE', #1736, 12.00000000001199751 ) ;
#1058 = ADVANCED_FACE ( 'NONE', ( #19, #2646 ), #1236, .F. ) ;
#1059 = CIRCLE ( 'NONE', #2040, 33.00000000003299760 ) ;
#1060 = DIRECTION ( 'NONE',  ( -1.000000000000000000, -0.000000000000000000, 0.000000000000000000 ) ) ;
#1061 = CIRCLE ( 'NONE', #3273, 33.00000000003299760 ) ;
#1062 = ORIENTED_EDGE ( 'NONE', *, *, #1818, .F. ) ;
#1063 = CARTESIAN_POINT ( 'NONE',  ( -5.026968645114405554, 15.01791067010109870, 21.52892028865912266 ) ) ;
#1064 = AXIS2_PLACEMENT_3D ( 'NONE', #114, #154, #1308 ) ;
#1065 = LINE ( 'NONE', #2791, #1732 ) ;
#1066 =( NAMED_UNIT ( * ) SI_UNIT ( $, .STERADIAN. ) SOLID_ANGLE_UNIT ( ) );
#1067 = CARTESIAN_POINT ( 'NONE',  ( 10.00000000000000000, 20.15523976789244287, -16.81595405857618530 ) ) ;
#1068 = ORIENTED_EDGE ( 'NONE', *, *, #1085, .T. ) ;
#1069 = CARTESIAN_POINT ( 'NONE',  ( -14.89669899390557362, 4.961699810438495284, -1.499999999999999778 ) ) ;
#1070 = DIRECTION ( 'NONE',  ( 0.000000000000000000, 1.000000000000000000, 3.469446951950145567E-15 ) ) ;
#1071 = ORIENTED_EDGE ( 'NONE', *, *, #1223, .T. ) ;
#1072 = ADVANCED_FACE ( 'NONE', ( #1192 ), #350, .T. ) ;
#1073 = SPHERICAL_SURFACE ( 'NONE', #1725, 0.5000000000000000000 ) ;
#1074 = DIRECTION ( 'NONE',  ( -1.000000000000000000, 0.000000000000000000, 0.000000000000000000 ) ) ;
#1075 = CARTESIAN_POINT ( 'NONE',  ( 10.00000000000000000, 28.58190819155622009, -5.162692366396045784 ) ) ;
#1076 = EDGE_LOOP ( 'NONE', ( #766, #1001, #883, #2122 ) ) ;
#1077 = B_SPLINE_CURVE_WITH_KNOTS ( 'NONE', 3,
 ( #1326, #3350, #1865, #660, #2747, #3329 ),
 .UNSPECIFIED., .F., .F.,
 ( 4, 2, 4 ),
 ( 0.000000000000000000, 0.0002660684299418292643, 0.0005321368598836585286 ),
 .UNSPECIFIED. ) ;
#1078 = FACE_OUTER_BOUND ( 'NONE', #3176, .T. ) ;
#1079 = DIRECTION ( 'NONE',  ( 0.000000000000000000, 0.000000000000000000, 1.000000000000000000 ) ) ;
#1080 = EDGE_CURVE ( 'NONE', #3042, #596, #1845, .T. ) ;
#1081 = ORIENTED_EDGE ( 'NONE', *, *, #102, .F. ) ;
#1082 = DIRECTION ( 'NONE',  ( -1.000000000000000000, 0.000000000000000000, 0.000000000000000000 ) ) ;
#1083 = DIRECTION ( 'NONE',  ( 0.000000000000000000, 0.000000000000000000, -1.000000000000000000 ) ) ;
#1084 = APPLICATION_PROTOCOL_DEFINITION ( 'draft international standard', 'automotive_design', 1998, #2189 ) ;
#1085 = EDGE_CURVE ( 'NONE', #2617, #578, #2707, .T. ) ;
#1086 = FACE_OUTER_BOUND ( 'NONE', #3665, .T. ) ;
#1087 = VERTEX_POINT ( 'NONE', #1170 ) ;
#1088 = CARTESIAN_POINT ( 'NONE',  ( -15.00005080000000035, 4.871970606353783317, 2.552234787558691487 ) ) ;
#1089 = DIRECTION ( 'NONE',  ( 0.000000000000000000, -1.000000000000000000, -1.040834085585043591E-14 ) ) ;
#1090 = ORIENTED_EDGE ( 'NONE', *, *, #3056, .F. ) ;
#1091 = FACE_OUTER_BOUND ( 'NONE', #858, .T. ) ;
#1092 = EDGE_CURVE ( 'NONE', #3553, #2192, #3514, .T. ) ;
#1093 = DIRECTION ( 'NONE',  ( -1.000000000000000000, 0.000000000000000000, 0.000000000000000000 ) ) ;
#1094 = DIRECTION ( 'NONE',  ( 0.000000000000000000, 0.000000000000000000, 1.000000000000000000 ) ) ;
#1095 = ORIENTED_EDGE ( 'NONE', *, *, #194, .F. ) ;
#1096 = DIRECTION ( 'NONE',  ( -1.000000000000000000, -0.000000000000000000, -0.000000000000000000 ) ) ;
#1097 = DIRECTION ( 'NONE',  ( -1.000000000000000000, -0.000000000000000000, 0.000000000000000000 ) ) ;
#1098 = CIRCLE ( 'NONE', #2937, 5.000000000000000000 ) ;
#1099 = ORIENTED_EDGE ( 'NONE', *, *, #2694, .F. ) ;
#1100 = CIRCLE ( 'NONE', #3120, 12.00000000001199751 ) ;
#1101 = DIRECTION ( 'NONE',  ( 0.000000000000000000, 0.000000000000000000, 1.000000000000000000 ) ) ;
#1102 = ADVANCED_FACE ( 'NONE', ( #2667 ), #3593, .T. ) ;
#1103 = CARTESIAN_POINT ( 'NONE',  ( 0.000000000000000000, 0.000000000000000000, 0.000000000000000000 ) ) ;
#1104 = DIRECTION ( 'NONE',  ( 0.000000000000000000, 0.000000000000000000, 1.000000000000000000 ) ) ;
#1105 = ORIENTED_EDGE ( 'NONE', *, *, #1196, .F. ) ;
#1106 = ADVANCED_FACE ( 'NONE', ( #599 ), #2521, .T. ) ;
#1107 = CARTESIAN_POINT ( 'NONE',  ( 10.00000000000000000, 15.92161441429713875, -28.90505482514474167 ) ) ;
#1108 = ORIENTED_EDGE ( 'NONE', *, *, #317, .T. ) ;
#1109 = ORIENTED_EDGE ( 'NONE', *, *, #2088, .T. ) ;
#1110 = CIRCLE ( 'NONE', #2456, 26.24900000002624623 ) ;
#1111 = DIRECTION ( 'NONE',  ( 1.000000000000000000, 0.000000000000000000, 0.000000000000000000 ) ) ;
#1112 = DIRECTION ( 'NONE',  ( -1.000000000000000000, -0.000000000000000000, -0.000000000000000000 ) ) ;
#1113 = DIRECTION ( 'NONE',  ( -1.000000000000000000, 0.000000000000000000, 0.000000000000000000 ) ) ;
#1114 = ORIENTED_EDGE ( 'NONE', *, *, #2418, .F. ) ;
#1115 = AXIS2_PLACEMENT_3D ( 'NONE', #935, #348, #3344 ) ;
#1116 = AXIS2_PLACEMENT_3D ( 'NONE', #1828, #1203, #2983 ) ;
#1117 = CARTESIAN_POINT ( 'NONE',  ( 15.00005080000000035, 0.000000000000000000, 0.000000000000000000 ) ) ;
#1118 = FILL_AREA_STYLE ('',( #524 ) ) ;
#1119 = AXIS2_PLACEMENT_3D ( 'NONE', #2557, #1377, #810 ) ;
#1120 = VERTEX_POINT ( 'NONE', #3284 ) ;
#1121 = AXIS2_PLACEMENT_3D ( 'NONE', #83, #2798, #3687 ) ;
#1122 = ORIENTED_EDGE ( 'NONE', *, *, #3600, .F. ) ;
#1123 = CARTESIAN_POINT ( 'NONE',  ( 0.000000000000000000, -25.58765035578326064, 13.74230757954343396 ) ) ;
#1124 = CARTESIAN_POINT ( 'NONE',  ( -5.000050799999999462, 6.799999999999999822, -1.500000000000000000 ) ) ;
#1125 = AXIS2_PLACEMENT_3D ( 'NONE', #180, #2249, #3426 ) ;
#1126 = CYLINDRICAL_SURFACE ( 'NONE', #1409, 33.00000000003299760 ) ;
#1127 = EDGE_CURVE ( 'NONE', #1952, #1401, #179, .T. ) ;
#1128 = VERTEX_POINT ( 'NONE', #2393 ) ;
#1129 = AXIS2_PLACEMENT_3D ( 'NONE', #2303, #504, #2509 ) ;
#1130 = DIRECTION ( 'NONE',  ( 0.000000000000000000, 0.000000000000000000, 1.000000000000000000 ) ) ;
#1131 = ORIENTED_EDGE ( 'NONE', *, *, #551, .T. ) ;
#1132 = EDGE_CURVE ( 'NONE', #91, #1027, #938, .T. ) ;
#1133 = ORIENTED_EDGE ( 'NONE', *, *, #1603, .T. ) ;
#1134 = LINE ( 'NONE', #275, #734 ) ;
#1135 = FACE_OUTER_BOUND ( 'NONE', #52, .T. ) ;
#1136 = CARTESIAN_POINT ( 'NONE',  ( -10.00000000000000000, 0.000000000000000000, 0.000000000000000000 ) ) ;
#1137 = ORIENTED_EDGE ( 'NONE', *, *, #3294, .F. ) ;
#1138 = ADVANCED_FACE ( 'NONE', ( #2107 ), #639, .T. ) ;
#1139 = DIRECTION ( 'NONE',  ( 0.000000000000000000, 0.000000000000000000, 1.000000000000000000 ) ) ;
#1140 = CARTESIAN_POINT ( 'NONE',  ( 10.00000000000000000, -4.109108303874475787, 32.74317072229272441 ) ) ;
#1141 = ORIENTED_EDGE ( 'NONE', *, *, #3014, .T. ) ;
#1142 = ORIENTED_EDGE ( 'NONE', *, *, #2395, .F. ) ;
#1143 = CARTESIAN_POINT ( 'NONE',  ( -5.433878625280700980, 14.34814104079931063, -21.24717054609085665 ) ) ;
#1144 = FACE_OUTER_BOUND ( 'NONE', #2563, .T. ) ;
#1145 = CARTESIAN_POINT ( 'NONE',  ( -1.000050799999999906, 34.64999999999999858, 9.000000000000000000 ) ) ;
#1146 = ORIENTED_EDGE ( 'NONE', *, *, #576, .F. ) ;
#1147 = CARTESIAN_POINT ( 'NONE',  ( -5.500050799999999462, 14.27462903587692722, 22.02827653016634102 ) ) ;
#1148 = ORIENTED_EDGE ( 'NONE', *, *, #1527, .T. ) ;
#1149 = VERTEX_POINT ( 'NONE', #2627 ) ;
#1150 = DIRECTION ( 'NONE',  ( -1.000000000000000000, 0.000000000000000000, 0.000000000000000000 ) ) ;
#1151 = EDGE_CURVE ( 'NONE', #2407, #825, #2701, .T. ) ;
#1152 = PLANE ( 'NONE',  #1251 ) ;
#1153 = CARTESIAN_POINT ( 'NONE',  ( -1.000050799999999906, 34.64999999999999858, 9.000000000000000000 ) ) ;
#1154 = VERTEX_POINT ( 'NONE', #2416 ) ;
#1155 = EDGE_CURVE ( 'NONE', #3233, #3409, #801, .T. ) ;
#1156 = CARTESIAN_POINT ( 'NONE',  ( 10.00000000000000000, 24.36518769947373997, -9.764611071148280530 ) ) ;
#1157 = CARTESIAN_POINT ( 'NONE',  ( 10.00000000000000000, 28.58190819155614193, 5.162692366396441024 ) ) ;
#1158 = ORIENTED_EDGE ( 'NONE', *, *, #2999, .T. ) ;
#1159 = ORIENTED_EDGE ( 'NONE', *, *, #411, .T. ) ;
#1160 = CARTESIAN_POINT ( 'NONE',  ( -4.880462319950800598, 14.45381214320516960, -21.91133719308600547 ) ) ;
#1161 = FACE_OUTER_BOUND ( 'NONE', #1833, .T. ) ;
#1162 = CIRCLE ( 'NONE', #2565, 12.00000000001199574 ) ;
#1163 = DIRECTION ( 'NONE',  ( -1.000000000000000000, -0.000000000000000000, -0.000000000000000000 ) ) ;
#1164 = VECTOR ( 'NONE', #1271, 1000.000000000000000 ) ;
#1165 = ORIENTED_EDGE ( 'NONE', *, *, #2469, .T. ) ;
#1166 = DIRECTION ( 'NONE',  ( 1.000000000000000000, 0.000000000000000000, 0.000000000000000000 ) ) ;
#1167 = VERTEX_POINT ( 'NONE', #3520 ) ;
#1168 = VERTEX_POINT ( 'NONE', #882 ) ;
#1169 = CARTESIAN_POINT ( 'NONE',  ( 0.000000000000000000, 0.000000000000000000, 0.000000000000000000 ) ) ;
#1170 = CARTESIAN_POINT ( 'NONE',  ( 0.000000000000000000, -24.36518769947353746, -9.764611071148788568 ) ) ;
#1171 = ORIENTED_EDGE ( 'NONE', *, *, #1049, .T. ) ;
#1172 = ADVANCED_FACE ( 'NONE', ( #1766 ), #110, .T. ) ;
#1173 = DIRECTION ( 'NONE',  ( -1.000000000000000000, 0.000000000000000000, -0.000000000000000000 ) ) ;
#1174 = CIRCLE ( 'NONE', #1964, 33.00000000003299760 ) ;
#1175 = LINE ( 'NONE', #3235, #2824 ) ;
#1176 = AXIS2_PLACEMENT_3D ( 'NONE', #2706, #2632, #2347 ) ;
#1177 = ORIENTED_EDGE ( 'NONE', *, *, #2613, .T. ) ;
#1178 = EDGE_CURVE ( 'NONE', #2190, #2936, #1054, .T. ) ;
#1179 = ORIENTED_EDGE ( 'NONE', *, *, #2354, .F. ) ;
#1180 = AXIS2_PLACEMENT_3D ( 'NONE', #577, #208, #1399 ) ;
#1181 = DIRECTION ( 'NONE',  ( -1.000000000000000000, 0.000000000000000000, 0.000000000000000000 ) ) ;
#1182 = CARTESIAN_POINT ( 'NONE',  ( -5.000050800000000351, 24.12490416564077833, 9.000000000000000000 ) ) ;
#1183 = VECTOR ( 'NONE', #1569, 1000.000000000000000 ) ;
#1184 = AXIS2_PLACEMENT_3D ( 'NONE', #2243, #1686, #1359 ) ;
#1185 = EDGE_CURVE ( 'NONE', #3548, #1354, #2586, .T. ) ;
#1186 = VERTEX_POINT ( 'NONE', #1338 ) ;
#1187 = AXIS2_PLACEMENT_3D ( 'NONE', #6, #62, #900 ) ;
#1188 = CARTESIAN_POINT ( 'NONE',  ( 10.00000000000000000, -20.08869502354279390, -20.97672997851855570 ) ) ;
#1189 = EDGE_LOOP ( 'NONE', ( #2616, #2539, #1480, #1675, #562 ) ) ;
#1190 = ORIENTED_EDGE ( 'NONE', *, *, #1478, .T. ) ;
#1191 = CARTESIAN_POINT ( 'NONE',  ( -5.500050799999999462, 14.34814103687992137, 21.24717054234583458 ) ) ;
#1192 = FACE_OUTER_BOUND ( 'NONE', #1304, .T. ) ;
#1193 = VERTEX_POINT ( 'NONE', #3667 ) ;
#1194 = CARTESIAN_POINT ( 'NONE',  ( 10.00000000000000000, 24.07450830296513189, 22.57029131341996830 ) ) ;
#1195 = CARTESIAN_POINT ( 'NONE',  ( 10.00000000000000000, -13.97235653801672939, 22.22123429910946868 ) ) ;
#1196 = EDGE_CURVE ( 'NONE', #578, #3206, #3576, .T. ) ;
#1197 = EDGE_LOOP ( 'NONE', ( #147, #1349, #2547, #3686 ) ) ;
#1198 = EDGE_LOOP ( 'NONE', ( #2391, #1562, #1109, #2023 ) ) ;
#1199 = CARTESIAN_POINT ( 'NONE',  ( -4.623826101314988613, 14.71171459940936010, -21.73915893781160236 ) ) ;
#1200 = FACE_OUTER_BOUND ( 'NONE', #3112, .T. ) ;
#1201 = EDGE_CURVE ( 'NONE', #1976, #1388, #3332, .T. ) ;
#1202 = ORIENTED_EDGE ( 'NONE', *, *, #3317, .F. ) ;
#1203 = DIRECTION ( 'NONE',  ( -0.000000000000000000, -0.8169179414117320182, -0.5767539137271788796 ) ) ;
#1204 = ADVANCED_FACE ( 'NONE', ( #1835 ), #1594, .F. ) ;
#1205 = ORIENTED_EDGE ( 'NONE', *, *, #551, .F. ) ;
#1206 = B_SPLINE_CURVE_WITH_KNOTS ( 'NONE', 3,
 ( #397, #3081, #727, #1587, #2482, #3660 ),
 .UNSPECIFIED., .F., .F.,
 ( 4, 2, 4 ),
 ( 0.000000000000000000, 0.0003908000697452618244, 0.0007816001394905236488 ),
 .UNSPECIFIED. ) ;
#1207 = VERTEX_POINT ( 'NONE', #3609 ) ;
#1208 = DIRECTION ( 'NONE',  ( -1.000000000000000000, 0.000000000000000000, 0.000000000000000000 ) ) ;
#1209 = DIRECTION ( 'NONE',  ( -1.000000000000000000, 0.000000000000000000, 0.000000000000000000 ) ) ;
#1210 = ORIENTED_EDGE ( 'NONE', *, *, #2649, .F. ) ;
#1211 = PLANE ( 'NONE',  #2 ) ;
#1212 = DIRECTION ( 'NONE',  ( 0.000000000000000000, 0.000000000000000000, -1.000000000000000000 ) ) ;
#1213 = ORIENTED_EDGE ( 'NONE', *, *, #2880, .F. ) ;
#1214 = DIRECTION ( 'NONE',  ( 0.000000000000000000, 0.3090169943749480619, -0.9510565162951533091 ) ) ;
#1215 = DIRECTION ( 'NONE',  ( -1.000000000000000000, -0.000000000000000000, -0.000000000000000000 ) ) ;
#1216 = ORIENTED_EDGE ( 'NONE', *, *, #139, .F. ) ;
#1217 = ADVANCED_FACE ( 'NONE', ( #3711 ), #1930, .T. ) ;
#1218 = CARTESIAN_POINT ( 'NONE',  ( -15.00005080000000035, 14.34814103687992137, 21.24717054234583458 ) ) ;
#1219 = FACE_OUTER_BOUND ( 'NONE', #1557, .T. ) ;
#1220 = DIRECTION ( 'NONE',  ( -1.000000000000000000, -0.000000000000000000, -0.000000000000000000 ) ) ;
#1221 = AXIS2_PLACEMENT_3D ( 'NONE', #2808, #3742, #1040 ) ;
#1222 = VERTEX_POINT ( 'NONE', #499 ) ;
#1223 = EDGE_CURVE ( 'NONE', #2948, #3494, #680, .T. ) ;
#1224 = FACE_OUTER_BOUND ( 'NONE', #959, .T. ) ;
#1225 = DIRECTION ( 'NONE',  ( 0.000000000000000000, 0.000000000000000000, 1.000000000000000000 ) ) ;
#1226 = ORIENTED_EDGE ( 'NONE', *, *, #3049, .T. ) ;
#1227 = CARTESIAN_POINT ( 'NONE',  ( -4.768565928946461696, 24.59551800271782795, -9.000000000000000000 ) ) ;
#1228 = DIRECTION ( 'NONE',  ( 1.000000000000000000, 0.000000000000000000, 0.000000000000000000 ) ) ;
#1229 = DIRECTION ( 'NONE',  ( 0.000000000000000000, -0.8090169943749402348, -0.5877852522924831291 ) ) ;
#1230 = ORIENTED_EDGE ( 'NONE', *, *, #3746, .T. ) ;
#1231 = CARTESIAN_POINT ( 'NONE',  ( -5.000050799999974593, 14.85083652457632297, -21.03482007343209403 ) ) ;
#1232 = AXIS2_PLACEMENT_3D ( 'NONE', #3254, #2712, #1214 ) ;
#1233 = AXIS2_PLACEMENT_3D ( 'NONE', #1053, #2492, #1864 ) ;
#1234 = LINE ( 'NONE', #590, #3767 ) ;
#1235 = TOROIDAL_SURFACE ( 'NONE', #2705, 5.500000000000000000, 0.5000000000000000000 ) ;
#1236 = TOROIDAL_SURFACE ( 'NONE', #3388, 6.500000000000000888, 0.5000000000000000000 ) ;
#1237 = VERTEX_POINT ( 'NONE', #3121 ) ;
#1238 = DIRECTION ( 'NONE',  ( 1.000000000000000000, -0.000000000000000000, 0.000000000000000000 ) ) ;
#1239 = CIRCLE ( 'NONE', #2221, 12.00000000001199929 ) ;
#1240 = LINE ( 'NONE', #2719, #3526 ) ;
#1241 = EDGE_CURVE ( 'NONE', #1360, #3781, #117, .T. ) ;
#1242 = ORIENTED_EDGE ( 'NONE', *, *, #3193, .T. ) ;
#1243 = ORIENTED_EDGE ( 'NONE', *, *, #2720, .T. ) ;
#1244 = AXIS2_PLACEMENT_3D ( 'NONE', #3585, #890, #2424 ) ;
#1245 = CIRCLE ( 'NONE', #1043, 12.00000000001199751 ) ;
#1246 = DIRECTION ( 'NONE',  ( 0.000000000000000000, 0.000000000000000000, 1.000000000000000000 ) ) ;
#1247 = AXIS2_PLACEMENT_3D ( 'NONE', #1390, #1096, #2267 ) ;
#1248 = DIRECTION ( 'NONE',  ( -1.000000000000000000, 0.000000000000000000, 0.000000000000000000 ) ) ;
#1249 = EDGE_CURVE ( 'NONE', #1976, #1860, #763, .T. ) ;
#1250 = ORIENTED_EDGE ( 'NONE', *, *, #2461, .T. ) ;
#1251 = AXIS2_PLACEMENT_3D ( 'NONE', #2138, #1533, #2388 ) ;
#1252 = CARTESIAN_POINT ( 'NONE',  ( 10.00000000000000000, -24.36518769947353746, -9.764611071148788568 ) ) ;
#1253 = DIRECTION ( 'NONE',  ( 0.000000000000000000, 0.000000000000000000, -1.000000000000000000 ) ) ;
#1254 = ADVANCED_FACE ( 'NONE', ( #2852 ), #758, .T. ) ;
#1255 = CARTESIAN_POINT ( 'NONE',  ( -5.000050800000000351, 34.64999999999999858, 0.000000000000000000 ) ) ;
#1256 = ORIENTED_EDGE ( 'NONE', *, *, #1151, .F. ) ;
#1257 = CARTESIAN_POINT ( 'NONE',  ( -4.525512863242454387, 14.91886303329269836, -21.59752069144055753 ) ) ;
#1258 = CARTESIAN_POINT ( 'NONE',  ( 10.00000000000000000, 24.36518769947360852, 9.764611071148616261 ) ) ;
#1259 = VERTEX_POINT ( 'NONE', #3685 ) ;
#1260 = CARTESIAN_POINT ( 'NONE',  ( 0.000000000000000000, -4.109108303874477564, 32.74317072229272441 ) ) ;
#1261 = FACE_OUTER_BOUND ( 'NONE', #2056, .T. ) ;
#1262 = CARTESIAN_POINT ( 'NONE',  ( 0.000000000000000000, 25.58765035578316471, -13.74230757954361337 ) ) ;
#1263 = ORIENTED_EDGE ( 'NONE', *, *, #1577, .F. ) ;
#1264 = EDGE_CURVE ( 'NONE', #445, #792, #3439, .T. ) ;
#1265 = DIRECTION ( 'NONE',  ( -1.000000000000000000, 0.000000000000000000, 0.000000000000000000 ) ) ;
#1266 = CARTESIAN_POINT ( 'NONE',  ( 0.000000000000000000, 5.162692366396340660, -28.58190819155615614 ) ) ;
#1267 = ORIENTED_EDGE ( 'NONE', *, *, #2165, .F. ) ;
#1268 = EDGE_CURVE ( 'NONE', #3086, #2583, #247, .T. ) ;
#1269 = CARTESIAN_POINT ( 'NONE',  ( -15.00005080000000035, 4.941999496081253440, 2.203747409148262726 ) ) ;
#1270 = CARTESIAN_POINT ( 'NONE',  ( -5.000050800000000351, 0.000000000000000000, -1.500000000000000000 ) ) ;
#1271 = DIRECTION ( 'NONE',  ( 0.000000000000000000, -1.000000000000000000, 0.000000000000000000 ) ) ;
#1272 = ORIENTED_EDGE ( 'NONE', *, *, #2220, .F. ) ;
#1273 = EDGE_CURVE ( 'NONE', #540, #3077, #614, .T. ) ;
#1274 = DIRECTION ( 'NONE',  ( 1.000000000000000000, -0.000000000000000000, -0.000000000000000000 ) ) ;
#1275 = DIRECTION ( 'NONE',  ( -1.000000000000000000, 0.000000000000000000, -0.000000000000000000 ) ) ;
#1276 = ORIENTED_EDGE ( 'NONE', *, *, #1419, .T. ) ;
#1277 = FACE_OUTER_BOUND ( 'NONE', #288, .T. ) ;
#1278 = DIRECTION ( 'NONE',  ( -1.000000000000000000, 0.000000000000000000, 0.000000000000000000 ) ) ;
#1279 = CYLINDRICAL_SURFACE ( 'NONE', #564, 12.00000000001199751 ) ;
#1280 = CARTESIAN_POINT ( 'NONE',  ( 0.000000000000000000, 0.000000000000000000, 0.000000000000000000 ) ) ;
#1281 = ORIENTED_EDGE ( 'NONE', *, *, #1652, .T. ) ;
#1282 = DIRECTION ( 'NONE',  ( 1.000000000000000000, -0.000000000000000000, 0.000000000000000000 ) ) ;
#1283 = CIRCLE ( 'NONE', #2011, 26.24900000002624978 ) ;
#1284 = ORIENTED_EDGE ( 'NONE', *, *, #503, .F. ) ;
#1285 = VECTOR ( 'NONE', #3054, 1000.000000000000000 ) ;
#1286 = CARTESIAN_POINT ( 'NONE',  ( 10.00000000000000000, 20.08869502354294312, 20.97672997851841714 ) ) ;
#1287 = DIRECTION ( 'NONE',  ( 1.000000000000000000, -0.000000000000000000, -0.000000000000000000 ) ) ;
#1288 = EDGE_CURVE ( 'NONE', #2748, #2617, #3403, .T. ) ;
#1289 = LINE ( 'NONE', #2455, #1285 ) ;
#1290 = VERTEX_POINT ( 'NONE', #2753 ) ;
#1291 = CARTESIAN_POINT ( 'NONE',  ( 10.00000000000000000, 4.109108303874704937, -32.74317072229270309 ) ) ;
#1292 = EDGE_CURVE ( 'NONE', #2969, #2076, #59, .T. ) ;
#1293 = ORIENTED_EDGE ( 'NONE', *, *, #1763, .F. ) ;
#1294 = CIRCLE ( 'NONE', #3324, 0.5000000000000004441 ) ;
#1295 = PLANE ( 'NONE',  #930 ) ;
#1296 = DIRECTION ( 'NONE',  ( -1.000000000000000000, -0.000000000000000000, -0.000000000000000000 ) ) ;
#1297 = AXIS2_PLACEMENT_3D ( 'NONE', #3464, #597, #1402 ) ;
#1298 = ADVANCED_FACE ( 'NONE', ( #1848 ), #3314, .F. ) ;
#1299 = FACE_OUTER_BOUND ( 'NONE', #817, .T. ) ;
#1300 = VERTEX_POINT ( 'NONE', #692 ) ;
#1301 = VECTOR ( 'NONE', #15, 1000.000000000000000 ) ;
#1302 = CIRCLE ( 'NONE', #2711, 12.00000000001199574 ) ;
#1303 = DIRECTION ( 'NONE',  ( 0.000000000000000000, 0.000000000000000000, 1.000000000000000000 ) ) ;
#1304 = EDGE_LOOP ( 'NONE', ( #3228, #1778, #108, #3610 ) ) ;
#1305 = AXIS2_PLACEMENT_3D ( 'NONE', #3544, #922, #2405 ) ;
#1306 = AXIS2_PLACEMENT_3D ( 'NONE', #2733, #2150, #2228 ) ;
#1307 = CIRCLE ( 'NONE', #65, 29.38720356573499615 ) ;
#1308 = DIRECTION ( 'NONE',  ( 0.000000000000000000, 0.000000000000000000, 1.000000000000000000 ) ) ;
#1309 = DIRECTION ( 'NONE',  ( 1.000000000000000000, 0.000000000000000000, 0.000000000000000000 ) ) ;
#1310 = DIRECTION ( 'NONE',  ( -1.000000000000000000, 0.000000000000000000, -0.000000000000000000 ) ) ;
#1311 = VECTOR ( 'NONE', #1343, 1000.000000000000000 ) ;
#1312 = ORIENTED_EDGE ( 'NONE', *, *, #3788, .T. ) ;
#1313 = LINE ( 'NONE', #1329, #3020 ) ;
#1314 = ORIENTED_EDGE ( 'NONE', *, *, #1371, .F. ) ;
#1315 = CARTESIAN_POINT ( 'NONE',  ( -15.00005080000000035, 14.00272098155366862, 21.60867432569866509 ) ) ;
#1316 = ADVANCED_FACE ( 'NONE', ( #1645 ), #1295, .F. ) ;
#1317 = CARTESIAN_POINT ( 'NONE',  ( 10.00000000000000000, 26.19010129678557419, -1.757439918030900161 ) ) ;
#1318 = CARTESIAN_POINT ( 'NONE',  ( -5.000050800000000351, 24.12490416564077833, -9.000000000000000000 ) ) ;
#1319 = DIRECTION ( 'NONE',  ( -1.000000000000000000, -0.000000000000000000, -0.000000000000000000 ) ) ;
#1320 = ORIENTED_EDGE ( 'NONE', *, *, #152, .T. ) ;
#1321 = EDGE_CURVE ( 'NONE', #17, #2471, #1852, .T. ) ;
#1322 = CARTESIAN_POINT ( 'NONE',  ( -14.93846535154493615, 5.041168590857531662, -1.500000000000000000 ) ) ;
#1323 = VERTEX_POINT ( 'NONE', #3371 ) ;
#1324 = DIRECTION ( 'NONE',  ( 0.000000000000000000, 0.000000000000000000, 1.000000000000000000 ) ) ;
#1325 = DIRECTION ( 'NONE',  ( -1.000000000000000000, -0.000000000000000000, -0.000000000000000000 ) ) ;
#1326 = CARTESIAN_POINT ( 'NONE',  ( -14.50005080000000035, 5.301103369735552739, -1.500000000000000000 ) ) ;
#1327 = EDGE_CURVE ( 'NONE', #2560, #2422, #2524, .T. ) ;
#1328 = EDGE_LOOP ( 'NONE', ( #3229, #1575, #3428, #2050 ) ) ;
#1329 = CARTESIAN_POINT ( 'NONE',  ( 10.00000000000000000, 6.421761699067872975, -25.45134530200246203 ) ) ;
#1330 = EDGE_LOOP ( 'NONE', ( #2664, #3536, #622, #3219 ) ) ;
#1331 = CARTESIAN_POINT ( 'NONE',  ( -4.992634924304533151, 14.38728214229251456, 21.95492963315183843 ) ) ;
#1332 = DIRECTION ( 'NONE',  ( -1.000000000000000000, 0.000000000000000000, -0.000000000000000000 ) ) ;
#1333 = VERTEX_POINT ( 'NONE', #2499 ) ;
#1334 = CARTESIAN_POINT ( 'NONE',  ( 15.00005080000000035, 6.799999999999999822, 1.500000000000000000 ) ) ;
#1335 = ADVANCED_FACE ( 'NONE', ( #1277 ), #738, .T. ) ;
#1336 = ORIENTED_EDGE ( 'NONE', *, *, #1698, .F. ) ;
#1337 = DIRECTION ( 'NONE',  ( 0.000000000000000000, 0.9510565162951521989, 0.3090169943749515591 ) ) ;
#1338 = CARTESIAN_POINT ( 'NONE',  ( 0.000000000000000000, 28.90505482514514668, -15.92161441429640334 ) ) ;
#1339 = ORIENTED_EDGE ( 'NONE', *, *, #3312, .F. ) ;
#1340 = ADVANCED_FACE ( 'NONE', ( #3393 ), #750, .T. ) ;
#1341 = DIRECTION ( 'NONE',  ( 0.000000000000000000, 0.000000000000000000, 1.000000000000000000 ) ) ;
#1342 = AXIS2_PLACEMENT_3D ( 'NONE', #3681, #2218, #3476 ) ;
#1343 = DIRECTION ( 'NONE',  ( 1.000000000000000000, 0.000000000000000000, -0.000000000000000000 ) ) ;
#1344 = LINE ( 'NONE', #1894, #1900 ) ;
#1345 = VERTEX_POINT ( 'NONE', #1870 ) ;
#1346 = DIRECTION ( 'NONE',  ( 0.000000000000000000, -0.9510565162951499785, -0.3090169943749582759 ) ) ;
#1347 = AXIS2_PLACEMENT_3D ( 'NONE', #2785, #3094, #137 ) ;
#1348 = CARTESIAN_POINT ( 'NONE',  ( -4.768360668758961474, 24.59588950891322767, 9.000000000000000000 ) ) ;
#1349 = ORIENTED_EDGE ( 'NONE', *, *, #2981, .T. ) ;
#1350 = CARTESIAN_POINT ( 'NONE',  ( -4.605746714489348470, 14.69551313298435957, 21.75062079389596548 ) ) ;
#1351 = CARTESIAN_POINT ( 'NONE',  ( 0.000000000000000000, 3.922283146167516055, -28.77836971167550928 ) ) ;
#1352 = VERTEX_POINT ( 'NONE', #2774 ) ;
#1353 = CARTESIAN_POINT ( 'NONE',  ( 0.000000000000000000, 4.109108303874701384, -32.74317072229269598 ) ) ;
#1354 = VERTEX_POINT ( 'NONE', #1315 ) ;
#1355 = DIRECTION ( 'NONE',  ( -1.000000000000000000, 0.000000000000000000, 0.000000000000000000 ) ) ;
#1356 = CIRCLE ( 'NONE', #3510, 26.24900000002600109 ) ;
#1357 = EDGE_CURVE ( 'NONE', #2732, #1300, #1206, .T. ) ;
#1358 = AXIS2_PLACEMENT_3D ( 'NONE', #1075, #1113, #820 ) ;
#1359 = DIRECTION ( 'NONE',  ( 0.000000000000000000, 0.000000000000000000, -1.000000000000000000 ) ) ;
#1360 = VERTEX_POINT ( 'NONE', #1020 ) ;
#1361 = AXIS2_PLACEMENT_3D ( 'NONE', #1607, #2214, #2772 ) ;
#1362 = LINE ( 'NONE', #2548, #2530 ) ;
#1363 = EDGE_CURVE ( 'NONE', #429, #3265, #3142, .T. ) ;
#1364 = CARTESIAN_POINT ( 'NONE',  ( -5.000050800000000351, 34.64999999999999858, 9.000000000000000000 ) ) ;
#1365 = AXIS2_PLACEMENT_3D ( 'NONE', #3451, #2254, #828 ) ;
#1366 = CARTESIAN_POINT ( 'NONE',  ( 10.00000000000000000, 12.62331825623028436, -26.15780389372386239 ) ) ;
#1367 = AXIS2_PLACEMENT_3D ( 'NONE', #1266, #2183, #1615 ) ;
#1368 = ORIENTED_EDGE ( 'NONE', *, *, #2996, .F. ) ;
#1369 = CIRCLE ( 'NONE', #3582, 12.00000000001199574 ) ;
#1370 = AXIS2_PLACEMENT_3D ( 'NONE', #2027, #2339, #257 ) ;
#1371 = EDGE_CURVE ( 'NONE', #1041, #3106, #1302, .T. ) ;
#1372 = DIRECTION ( 'NONE',  ( -1.000000000000000000, 0.000000000000000000, 0.000000000000000000 ) ) ;
#1373 = CIRCLE ( 'NONE', #878, 12.00000000001199574 ) ;
#1374 = ORIENTED_EDGE ( 'NONE', *, *, #1705, .T. ) ;
#1375 = FACE_BOUND ( 'NONE', #2534, .T. ) ;
#1376 = AXIS2_PLACEMENT_3D ( 'NONE', #1553, #2696, #47 ) ;
#1377 = DIRECTION ( 'NONE',  ( 1.000000000000000000, -0.000000000000000000, -0.000000000000000000 ) ) ;
#1378 = DIRECTION ( 'NONE',  ( 0.000000000000000000, 0.000000000000000000, 1.000000000000000000 ) ) ;
#1379 = LINE ( 'NONE', #1334, #3184 ) ;
#1380 = AXIS2_PLACEMENT_3D ( 'NONE', #753, #1631, #2215 ) ;
#1381 = ORIENTED_EDGE ( 'NONE', *, *, #1719, .T. ) ;
#1382 = DIRECTION ( 'NONE',  ( 0.000000000000000000, 0.9510565162951521989, 0.3090169943749515591 ) ) ;
#1383 = CARTESIAN_POINT ( 'NONE',  ( 5.000000000000000000, -28.90505482514502944, 15.92161441429662183 ) ) ;
#1384 = ORIENTED_EDGE ( 'NONE', *, *, #2767, .F. ) ;
#1385 = CARTESIAN_POINT ( 'NONE',  ( 10.00000000000000000, 0.000000000000000000, 0.000000000000000000 ) ) ;
#1386 = DIRECTION ( 'NONE',  ( 0.000000000000000000, 0.000000000000000000, 1.000000000000000000 ) ) ;
#1387 = DIRECTION ( 'NONE',  ( 0.000000000000000000, 0.000000000000000000, 1.000000000000000000 ) ) ;
#1388 = VERTEX_POINT ( 'NONE', #3450 ) ;
#1389 = EDGE_CURVE ( 'NONE', #1976, #3545, #803, .T. ) ;
#1390 = CARTESIAN_POINT ( 'NONE',  ( 10.00000000000000000, 0.000000000000000000, 0.000000000000000000 ) ) ;
#1391 = PRESENTATION_STYLE_ASSIGNMENT (( #2290 ) ) ;
#1392 = B_SPLINE_CURVE_WITH_KNOTS ( 'NONE', 3,
 ( #3149, #1841, #1257, #3422, #3601, #961, #2132, #379, #2006, #290 ),
 .UNSPECIFIED., .F., .F.,
 ( 4, 2, 2, 2, 4 ),
 ( 0.000000000000000000, 0.0004017397951623425702, 0.0008034795903246851403, 0.001205219385487027711, 0.001606959180649370281 ),
 .UNSPECIFIED. ) ;
#1393 = EDGE_CURVE ( 'NONE', #1222, #278, #308, .T. ) ;
#1394 = ORIENTED_EDGE ( 'NONE', *, *, #78, .F. ) ;
#1395 = DIRECTION ( 'NONE',  ( -1.000000000000000000, -0.000000000000000000, -0.000000000000000000 ) ) ;
#1396 = DIRECTION ( 'NONE',  ( 1.000000000000000000, -0.000000000000000000, 0.000000000000000000 ) ) ;
#1397 = CARTESIAN_POINT ( 'NONE',  ( -14.50005080000000035, 14.00272098155366507, 21.60867432569866153 ) ) ;
#1398 = ORIENTED_EDGE ( 'NONE', *, *, #2061, .F. ) ;
#1399 = DIRECTION ( 'NONE',  ( 0.000000000000000000, 0.000000000000000000, 1.000000000000000000 ) ) ;
#1400 = ORIENTED_EDGE ( 'NONE', *, *, #1603, .F. ) ;
#1401 = VERTEX_POINT ( 'NONE', #1436 ) ;
#1402 = DIRECTION ( 'NONE',  ( 0.000000000000000000, 0.000000000000000000, 1.000000000000000000 ) ) ;
#1403 = FACE_OUTER_BOUND ( 'NONE', #1328, .T. ) ;
#1404 = FACE_OUTER_BOUND ( 'NONE', #2723, .T. ) ;
#1405 = ORIENTED_EDGE ( 'NONE', *, *, #2274, .T. ) ;
#1406 = DIRECTION ( 'NONE',  ( 0.000000000000000000, 0.000000000000000000, 1.000000000000000000 ) ) ;
#1407 = CARTESIAN_POINT ( 'NONE',  ( 0.000000000000000000, 0.000000000000000000, 0.000000000000000000 ) ) ;
#1408 = EDGE_CURVE ( 'NONE', #501, #1154, #2897, .T. ) ;
#1409 = AXIS2_PLACEMENT_3D ( 'NONE', #1458, #3557, #1744 ) ;
#1410 = VERTEX_POINT ( 'NONE', #3723 ) ;
#1411 = ORIENTED_EDGE ( 'NONE', *, *, #2838, .F. ) ;
#1412 = AXIS2_PLACEMENT_3D ( 'NONE', #1255, #627, #3289 ) ;
#1413 = CARTESIAN_POINT ( 'NONE',  ( 10.00000000000000000, 0.000000000000000000, 0.000000000000000000 ) ) ;
#1414 = FACE_OUTER_BOUND ( 'NONE', #579, .T. ) ;
#1415 = EDGE_CURVE ( 'NONE', #560, #2797, #1554, .T. ) ;
#1416 = DIRECTION ( 'NONE',  ( -1.000000000000000000, -0.000000000000000000, 0.000000000000000000 ) ) ;
#1417 = ORIENTED_EDGE ( 'NONE', *, *, #398, .F. ) ;
#1418 = DIRECTION ( 'NONE',  ( -1.000000000000000000, 0.000000000000000000, 0.000000000000000000 ) ) ;
#1419 = EDGE_CURVE ( 'NONE', #2916, #2489, #1983, .T. ) ;
#1420 = ORIENTED_EDGE ( 'NONE', *, *, #568, .T. ) ;
#1421 = VERTEX_POINT ( 'NONE', #1681 ) ;
#1422 = CYLINDRICAL_SURFACE ( 'NONE', #48, 12.00000000001199751 ) ;
#1423 = CARTESIAN_POINT ( 'NONE',  ( 10.00000000000000000, 3.922283146167516055, -28.77836971167550928 ) ) ;
#1424 = CARTESIAN_POINT ( 'NONE',  ( 10.00000000000000000, 0.000000000000000000, 0.000000000000000000 ) ) ;
#1425 = EDGE_LOOP ( 'NONE', ( #1062, #2382, #3492, #2693 ) ) ;
#1426 = TOROIDAL_SURFACE ( 'NONE', #3449, 25.74900000002624623, 0.5000000000000000000 ) ;
#1427 = AXIS2_PLACEMENT_3D ( 'NONE', #214, #3733, #3170 ) ;
#1428 = CIRCLE ( 'NONE', #2154, 12.00000000001199751 ) ;
#1429 = AXIS2_PLACEMENT_3D ( 'NONE', #2814, #3144, #2260 ) ;
#1430 = CYLINDRICAL_SURFACE ( 'NONE', #1859, 5.000000000000000000 ) ;
#1431 = CARTESIAN_POINT ( 'NONE',  ( 0.000000000000000000, -26.19010129678558840, 1.757439918030717418 ) ) ;
#1432 = VECTOR ( 'NONE', #2095, 1000.000000000000000 ) ;
#1433 = EDGE_LOOP ( 'NONE', ( #1336 ) ) ;
#1434 = CIRCLE ( 'NONE', #1738, 12.00000000001199751 ) ;
#1435 = ORIENTED_EDGE ( 'NONE', *, *, #1649, .T. ) ;
#1436 = CARTESIAN_POINT ( 'NONE',  ( 0.000000000000000000, -1.757439918030988535, 26.19010129678556709 ) ) ;
#1437 = DIRECTION ( 'NONE',  ( -1.000000000000000000, 0.000000000000000000, 0.000000000000000000 ) ) ;
#1438 = AXIS2_PLACEMENT_3D ( 'NONE', #2419, #1638, #3363 ) ;
#1439 = LINE ( 'NONE', #513, #1596 ) ;
#1440 = VERTEX_POINT ( 'NONE', #3178 ) ;
#1441 = AXIS2_PLACEMENT_3D ( 'NONE', #1708, #3188, #2874 ) ;
#1442 = ADVANCED_FACE ( 'NONE', ( #2556 ), #511, .T. ) ;
#1443 = DIRECTION ( 'NONE',  ( 0.000000000000000000, 0.000000000000000000, 1.000000000000000000 ) ) ;
#1444 = CIRCLE ( 'NONE', #3222, 33.00000000003299760 ) ;
#1445 = ORIENTED_EDGE ( 'NONE', *, *, #821, .F. ) ;
#1446 = ORIENTED_EDGE ( 'NONE', *, *, #892, .F. ) ;
#1447 = ADVANCED_FACE ( 'NONE', ( #3158, #1375 ), #1699, .F. ) ;
#1448 = DIRECTION ( 'NONE',  ( 0.000000000000000000, 0.000000000000000000, -1.000000000000000000 ) ) ;
#1449 = CARTESIAN_POINT ( 'NONE',  ( 10.00000000000000000, 20.15523976789244287, -16.81595405857618530 ) ) ;
#1450 = DIRECTION ( 'NONE',  ( 0.000000000000000000, 0.000000000000000000, 1.000000000000000000 ) ) ;
#1451 = ORIENTED_EDGE ( 'NONE', *, *, #732, .F. ) ;
#1452 = CARTESIAN_POINT ( 'NONE',  ( 10.00000000000000000, 22.22123429910952197, 13.97235653801665656 ) ) ;
#1453 = DIRECTION ( 'NONE',  ( 0.000000000000000000, -0.8090169943749531134, 0.5877852522924652545 ) ) ;
#1454 = ORIENTED_EDGE ( 'NONE', *, *, #3534, .F. ) ;
#1455 = ORIENTED_EDGE ( 'NONE', *, *, #3365, .T. ) ;
#1456 = CARTESIAN_POINT ( 'NONE',  ( -5.367510680097481668, 14.36193514803571247, -21.24183236333745484 ) ) ;
#1457 = DIRECTION ( 'NONE',  ( 0.000000000000000000, 0.000000000000000000, 1.000000000000000000 ) ) ;
#1458 = CARTESIAN_POINT ( 'NONE',  ( -10.00000000000000000, 0.000000000000000000, 0.000000000000000000 ) ) ;
#1459 = ORIENTED_EDGE ( 'NONE', *, *, #1763, .T. ) ;
#1460 = CARTESIAN_POINT ( 'NONE',  ( 10.00000000000000000, 22.22123429910971737, -13.97235653801633504 ) ) ;
#1461 = ADVANCED_FACE ( 'NONE', ( #2018 ), #2618, .T. ) ;
#1462 = ORIENTED_EDGE ( 'NONE', *, *, #2049, .T. ) ;
#1463 = ORIENTED_EDGE ( 'NONE', *, *, #2511, .F. ) ;
#1464 = CARTESIAN_POINT ( 'NONE',  ( 0.000000000000000000, 0.000000000000000000, 0.000000000000000000 ) ) ;
#1465 = DIRECTION ( 'NONE',  ( 0.000000000000000000, 0.000000000000000000, 1.000000000000000000 ) ) ;
#1466 = EDGE_CURVE ( 'NONE', #2781, #2948, #872, .T. ) ;
#1467 = ORIENTED_EDGE ( 'NONE', *, *, #629, .F. ) ;
#1468 = CARTESIAN_POINT ( 'NONE',  ( -5.229507583308537377, 14.41008533987932339, -21.22339934653464866 ) ) ;
#1469 = DIRECTION ( 'NONE',  ( 1.000000000000000000, 0.000000000000000000, 0.000000000000000000 ) ) ;
#1470 = EDGE_CURVE ( 'NONE', #2257, #3392, #3429, .T. ) ;
#1471 = ORIENTED_EDGE ( 'NONE', *, *, #1415, .T. ) ;
#1472 = ORIENTED_EDGE ( 'NONE', *, *, #203, .T. ) ;
#1473 = FACE_OUTER_BOUND ( 'NONE', #170, .T. ) ;
#1474 = CARTESIAN_POINT ( 'NONE',  ( 10.00000000000000000, -9.764611071148365795, -24.36518769947370444 ) ) ;
#1475 = AXIS2_PLACEMENT_3D ( 'NONE', #3590, #1814, #2446 ) ;
#1476 = AXIS2_PLACEMENT_3D ( 'NONE', #81, #2435, #2147 ) ;
#1477 = VERTEX_POINT ( 'NONE', #2238 ) ;
#1478 = EDGE_CURVE ( 'NONE', #2916, #2046, #2345, .T. ) ;
#1479 = FACE_OUTER_BOUND ( 'NONE', #77, .T. ) ;
#1480 = ORIENTED_EDGE ( 'NONE', *, *, #3365, .F. ) ;
#1481 = ORIENTED_EDGE ( 'NONE', *, *, #1847, .T. ) ;
#1482 = LINE ( 'NONE', #537, #3200 ) ;
#1483 = CARTESIAN_POINT ( 'NONE',  ( 10.00000000000000000, -26.19010129678558840, 1.757439918030717418 ) ) ;
#1484 = ORIENTED_EDGE ( 'NONE', *, *, #1977, .T. ) ;
#1485 = AXIS2_PLACEMENT_3D ( 'NONE', #95, #718, #80 ) ;
#1486 = ADVANCED_FACE ( 'NONE', ( #3783 ), #3405, .T. ) ;
#1487 = CARTESIAN_POINT ( 'NONE',  ( 0.000000000000000000, 20.97672997851862675, -20.08869502354271930 ) ) ;
#1488 = AXIS2_PLACEMENT_3D ( 'NONE', #3262, #2223, #3401 ) ;
#1489 = CARTESIAN_POINT ( 'NONE',  ( -14.50005080000000035, 0.000000000000000000, 0.000000000000000000 ) ) ;
#1490 = ORIENTED_EDGE ( 'NONE', *, *, #3773, .T. ) ;
#1491 = VERTEX_POINT ( 'NONE', #1494 ) ;
#1492 = CIRCLE ( 'NONE', #2828, 33.00000000003299760 ) ;
#1493 = ADVANCED_FACE ( 'NONE', ( #903 ), #25, .F. ) ;
#1494 = CARTESIAN_POINT ( 'NONE',  ( -4.500050800000000351, 15.13921348143990997, -21.44327904413795594 ) ) ;
#1495 = CARTESIAN_POINT ( 'NONE',  ( 10.00000000000000000, 25.45134530200253309, 6.421761699067602081 ) ) ;
#1496 = CIRCLE ( 'NONE', #430, 33.00000000003299760 ) ;
#1497 = CIRCLE ( 'NONE', #2950, 26.24900000002624623 ) ;
#1498 = ORIENTED_EDGE ( 'NONE', *, *, #1847, .F. ) ;
#1499 = AXIS2_PLACEMENT_3D ( 'NONE', #2453, #956, #1580 ) ;
#1500 = CARTESIAN_POINT ( 'NONE',  ( 4.999999999999999112, 29.87082158197699400, -14.02619043147052302 ) ) ;
#1501 = ORIENTED_EDGE ( 'NONE', *, *, #3226, .F. ) ;
#1502 = CIRCLE ( 'NONE', #1129, 33.00000000003299760 ) ;
#1503 = VERTEX_POINT ( 'NONE', #868 ) ;
#1504 = CARTESIAN_POINT ( 'NONE',  ( 0.000000000000000000, -13.97235653801672939, 22.22123429910946868 ) ) ;
#1505 = DIRECTION ( 'NONE',  ( -1.000000000000000000, -0.000000000000000000, -0.000000000000000000 ) ) ;
#1506 = ORIENTED_EDGE ( 'NONE', *, *, #333, .T. ) ;
#1507 = DIRECTION ( 'NONE',  ( -1.000000000000000000, 0.000000000000000000, 0.000000000000000000 ) ) ;
#1508 = CARTESIAN_POINT ( 'NONE',  ( 10.00000000000000000, 20.97672997851862675, -20.08869502354271930 ) ) ;
#1509 = EDGE_CURVE ( 'NONE', #2486, #1193, #2093, .T. ) ;
#1510 = EDGE_LOOP ( 'NONE', ( #2478, #3190, #1256, #514 ) ) ;
#1511 = CARTESIAN_POINT ( 'NONE',  ( -4.500050799999975482, 15.13921348143991175, -21.44327904413795949 ) ) ;
#1512 = CARTESIAN_POINT ( 'NONE',  ( -10.00000000000000000, 0.000000000000000000, 0.000000000000000000 ) ) ;
#1513 = ADVANCED_FACE ( 'NONE', ( #2979 ), #3559, .T. ) ;
#1514 = ORIENTED_EDGE ( 'NONE', *, *, #2935, .T. ) ;
#1515 = CARTESIAN_POINT ( 'NONE',  ( -5.500050799999999462, 14.27462903587692722, -22.02827653016634102 ) ) ;
#1516 = DIRECTION ( 'NONE',  ( 0.000000000000000000, 0.000000000000000000, -1.000000000000000000 ) ) ;
#1517 = VERTEX_POINT ( 'NONE', #2116 ) ;
#1518 = EDGE_LOOP ( 'NONE', ( #3369, #3425, #2924, #910 ) ) ;
#1519 = LINE ( 'NONE', #1858, #3822 ) ;
#1520 = CARTESIAN_POINT ( 'NONE',  ( -14.50005080000000035, 4.769696007084728073, -1.500000000000000000 ) ) ;
#1521 = ORIENTED_EDGE ( 'NONE', *, *, #1995, .T. ) ;
#1522 = DIRECTION ( 'NONE',  ( -1.000000000000000000, 0.000000000000000000, 0.000000000000000000 ) ) ;
#1523 = DIRECTION ( 'NONE',  ( 0.000000000000000000, -0.9510565162951499785, -0.3090169943749582204 ) ) ;
#1524 = DIRECTION ( 'NONE',  ( -1.000000000000000000, -0.000000000000000000, -0.000000000000000000 ) ) ;
#1525 = ORIENTED_EDGE ( 'NONE', *, *, #1944, .T. ) ;
#1526 = CARTESIAN_POINT ( 'NONE',  ( 10.00000000000000000, -3.922283146167302448, 28.77836971167553770 ) ) ;
#1527 = EDGE_CURVE ( 'NONE', #1749, #2916, #1857, .T. ) ;
#1528 = DIRECTION ( 'NONE',  ( 0.000000000000000000, 0.000000000000000000, 1.000000000000000000 ) ) ;
#1529 = B_SPLINE_CURVE_WITH_KNOTS ( 'NONE', 3,
 ( #3104, #403, #460, #2503, #3066, #2182 ),
 .UNSPECIFIED., .F., .F.,
 ( 4, 2, 4 ),
 ( 0.000000000000000000, 0.0002695929910501507210, 0.0005391859821003014419 ),
 .UNSPECIFIED. ) ;
#1530 = ORIENTED_EDGE ( 'NONE', *, *, #2656, .F. ) ;
#1531 = EDGE_CURVE ( 'NONE', #3003, #1756, #3639, .T. ) ;
#1532 = DIRECTION ( 'NONE',  ( -1.000000000000000000, -0.000000000000000000, 0.000000000000000000 ) ) ;
#1533 = DIRECTION ( 'NONE',  ( -1.000000000000000000, 0.000000000000000000, 0.000000000000000000 ) ) ;
#1534 = CYLINDRICAL_SURFACE ( 'NONE', #720, 12.00000000001199751 ) ;
#1535 = CIRCLE ( 'NONE', #1476, 33.00000000003299760 ) ;
#1536 = EDGE_LOOP ( 'NONE', ( #2688, #1177, #2306, #1081, #3308 ) ) ;
#1537 = EDGE_CURVE ( 'NONE', #278, #2662, #542, .T. ) ;
#1538 = DIRECTION ( 'NONE',  ( 1.000000000000000000, -0.000000000000000000, -0.000000000000000000 ) ) ;
#1539 = ORIENTED_EDGE ( 'NONE', *, *, #3696, .F. ) ;
#1540 = CARTESIAN_POINT ( 'NONE',  ( 0.000000000000000000, -13.74230757954334514, -25.58765035578330682 ) ) ;
#1541 = DIRECTION ( 'NONE',  ( 0.000000000000000000, -0.3090169943749349057, -0.9510565162951577500 ) ) ;
#1542 = FACE_OUTER_BOUND ( 'NONE', #452, .T. ) ;
#1543 = EDGE_CURVE ( 'NONE', #2063, #902, #2227, .T. ) ;
#1544 = ORIENTED_EDGE ( 'NONE', *, *, #696, .T. ) ;
#1545 = DIRECTION ( 'NONE',  ( -1.000000000000000000, 0.000000000000000000, 0.000000000000000000 ) ) ;
#1546 = AXIS2_PLACEMENT_3D ( 'NONE', #1653, #777, #2438 ) ;
#1547 = TOROIDAL_SURFACE ( 'NONE', #3447, 29.88720356573499970, 0.5000000000000000000 ) ;
#1548 = FACE_OUTER_BOUND ( 'NONE', #1330, .T. ) ;
#1549 = VECTOR ( 'NONE', #227, 1000.000000000000000 ) ;
#1550 = ORIENTED_EDGE ( 'NONE', *, *, #2843, .T. ) ;
#1551 = DIRECTION ( 'NONE',  ( 1.000000000000000000, 0.000000000000000000, 0.000000000000000000 ) ) ;
#1552 = AXIS2_PLACEMENT_3D ( 'NONE', #3679, #2498, #163 ) ;
#1553 = CARTESIAN_POINT ( 'NONE',  ( 10.00000000000000000, 0.000000000000000000, 0.000000000000000000 ) ) ;
#1554 = CIRCLE ( 'NONE', #3700, 12.00000000001199574 ) ;
#1555 = DIRECTION ( 'NONE',  ( -1.000000000000000000, -0.000000000000000000, -0.000000000000000000 ) ) ;
#1556 = EDGE_CURVE ( 'NONE', #2351, #1360, #2383, .T. ) ;
#1557 = EDGE_LOOP ( 'NONE', ( #2727 ) ) ;
#1558 = AXIS2_PLACEMENT_3D ( 'NONE', #3197, #3724, #574 ) ;
#1559 = VECTOR ( 'NONE', #3107, 1000.000000000000000 ) ;
#1560 = DIRECTION ( 'NONE',  ( -1.000000000000000000, -0.000000000000000000, 0.000000000000000000 ) ) ;
#1561 = AXIS2_PLACEMENT_3D ( 'NONE', #3036, #1893, #2169 ) ;
#1562 = ORIENTED_EDGE ( 'NONE', *, *, #3294, .T. ) ;
#1563 = EDGE_CURVE ( 'NONE', #329, #3515, #2094, .T. ) ;
#1564 = AXIS2_PLACEMENT_3D ( 'NONE', #2760, #1837, #2204 ) ;
#1565 = PLANE ( 'NONE',  #258 ) ;
#1566 = CARTESIAN_POINT ( 'NONE',  ( 10.00000000000000000, -22.22123429910941184, -13.97235653801681998 ) ) ;
#1567 = ORIENTED_EDGE ( 'NONE', *, *, #789, .T. ) ;
#1568 = CARTESIAN_POINT ( 'NONE',  ( 10.00000000000000000, 14.27462903587693077, -22.02827653016634812 ) ) ;
#1569 = DIRECTION ( 'NONE',  ( -1.000000000000000000, -0.000000000000000000, 0.000000000000000000 ) ) ;
#1570 = ORIENTED_EDGE ( 'NONE', *, *, #3773, .F. ) ;
#1571 = CARTESIAN_POINT ( 'NONE',  ( -5.367467354185595951, 14.36199369320429575, 21.24180891563645801 ) ) ;
#1572 = DIRECTION ( 'NONE',  ( -1.000000000000000000, -0.000000000000000000, 0.000000000000000000 ) ) ;
#1573 = CYLINDRICAL_SURFACE ( 'NONE', #2535, 12.00000000001199751 ) ;
#1574 = CARTESIAN_POINT ( 'NONE',  ( 10.00000000000000000, 3.922283146167516055, -28.77836971167550928 ) ) ;
#1575 = ORIENTED_EDGE ( 'NONE', *, *, #475, .T. ) ;
#1576 = CARTESIAN_POINT ( 'NONE',  ( 4.999999999999999112, 4.109108303874701384, -32.74317072229269598 ) ) ;
#1577 = EDGE_CURVE ( 'NONE', #2257, #141, #121, .T. ) ;
#1578 = ORIENTED_EDGE ( 'NONE', *, *, #2236, .T. ) ;
#1579 = EDGE_CURVE ( 'NONE', #2141, #2788, #875, .T. ) ;
#1580 = DIRECTION ( 'NONE',  ( 0.000000000000000000, -0.6908401106525025037, 0.7230075667056591326 ) ) ;
#1581 = CARTESIAN_POINT ( 'NONE',  ( 10.00000000000000000, -14.02619043147063138, -29.87082158197694426 ) ) ;
#1582 = CARTESIAN_POINT ( 'NONE',  ( 0.000000000000000000, -28.90505482514502944, 15.92161441429661828 ) ) ;
#1583 = ORIENTED_EDGE ( 'NONE', *, *, #2395, .T. ) ;
#1584 = EDGE_CURVE ( 'NONE', #385, #3072, #1434, .T. ) ;
#1585 = DIRECTION ( 'NONE',  ( -1.000000000000000000, -0.000000000000000000, 0.000000000000000000 ) ) ;
#1586 = ORIENTED_EDGE ( 'NONE', *, *, #1509, .F. ) ;
#1587 = CARTESIAN_POINT ( 'NONE',  ( -5.238402237381770910, 5.355588212688525473, -1.500000000000000222 ) ) ;
#1588 = LINE ( 'NONE', #3661, #3327 ) ;
#1589 = CARTESIAN_POINT ( 'NONE',  ( 10.00000000000000000, 0.000000000000000000, 0.000000000000000000 ) ) ;
#1590 = CYLINDRICAL_SURFACE ( 'NONE', #1949, 12.00000000001199751 ) ;
#1591 = ORIENTED_EDGE ( 'NONE', *, *, #955, .T. ) ;
#1592 = DIRECTION ( 'NONE',  ( 0.000000000000000000, 0.000000000000000000, 1.000000000000000000 ) ) ;
#1593 = AXIS2_PLACEMENT_3D ( 'NONE', #365, #1555, #2739 ) ;
#1594 = PLANE ( 'NONE',  #3079 ) ;
#1595 = ORIENTED_EDGE ( 'NONE', *, *, #367, .T. ) ;
#1596 = VECTOR ( 'NONE', #2602, 1000.000000000000000 ) ;
#1597 = FACE_OUTER_BOUND ( 'NONE', #2642, .T. ) ;
#1598 = LINE ( 'NONE', #2146, #3071 ) ;
#1599 = DIRECTION ( 'NONE',  ( -1.000000000000000000, 0.000000000000000000, 0.000000000000000000 ) ) ;
#1600 = ORIENTED_EDGE ( 'NONE', *, *, #244, .T. ) ;
#1601 = ADVANCED_FACE ( 'NONE', ( #1473 ), #2636, .F. ) ;
#1602 = CARTESIAN_POINT ( 'NONE',  ( 10.00000000000000000, 0.000000000000000000, 0.000000000000000000 ) ) ;
#1603 = EDGE_CURVE ( 'NONE', #2135, #478, #557, .T. ) ;
#1604 = ORIENTED_EDGE ( 'NONE', *, *, #3531, .F. ) ;
#1605 = CIRCLE ( 'NONE', #1485, 33.00000000003299760 ) ;
#1606 = CARTESIAN_POINT ( 'NONE',  ( -5.500050800000012785, 14.27462903587692722, 22.02827653016634457 ) ) ;
#1607 = CARTESIAN_POINT ( 'NONE',  ( 0.000000000000000000, 0.000000000000000000, 0.000000000000000000 ) ) ;
#1608 = CARTESIAN_POINT ( 'NONE',  ( 0.000000000000000000, -24.07450830296496491, -22.57029131342014239 ) ) ;
#1609 = CIRCLE ( 'NONE', #3695, 6.000000000000000000 ) ;
#1610 = CARTESIAN_POINT ( 'NONE',  ( 10.00000000000000000, -28.77836971167552349, -3.922283146167417023 ) ) ;
#1611 = ORIENTED_EDGE ( 'NONE', *, *, #3587, .T. ) ;
#1612 = VECTOR ( 'NONE', #3315, 1000.000000000000000 ) ;
#1613 = AXIS2_PLACEMENT_3D ( 'NONE', #3800, #1717, #1101 ) ;
#1614 = CARTESIAN_POINT ( 'NONE',  ( 10.00000000000000000, -9.764611071148705079, 24.36518769947357299 ) ) ;
#1615 = DIRECTION ( 'NONE',  ( 0.000000000000000000, 0.000000000000000000, -1.000000000000000000 ) ) ;
#1616 = ORIENTED_EDGE ( 'NONE', *, *, #76, .T. ) ;
#1617 = CIRCLE ( 'NONE', #992, 26.24900000002600109 ) ;
#1618 = AXIS2_PLACEMENT_3D ( 'NONE', #2926, #3238, #646 ) ;
#1619 = CIRCLE ( 'NONE', #1247, 33.00000000003299760 ) ;
#1620 = DIRECTION ( 'NONE',  ( 0.000000000000000000, 0.000000000000000000, 1.000000000000000000 ) ) ;
#1621 = DIRECTION ( 'NONE',  ( 0.000000000000000000, 0.000000000000000000, -1.000000000000000000 ) ) ;
#1622 = CARTESIAN_POINT ( 'NONE',  ( -5.500050799999999462, 5.301103369735552739, 1.500000000000000000 ) ) ;
#1623 = AXIS2_PLACEMENT_3D ( 'NONE', #3689, #1691, #2818 ) ;
#1624 = ORIENTED_EDGE ( 'NONE', *, *, #3462, .T. ) ;
#1625 = DIRECTION ( 'NONE',  ( -1.000000000000000000, 0.000000000000000000, -0.000000000000000000 ) ) ;
#1626 = AXIS2_PLACEMENT_3D ( 'NONE', #1005, #2195, #1378 ) ;
#1627 = EDGE_CURVE ( 'NONE', #762, #2471, #3714, .T. ) ;
#1628 = ORIENTED_EDGE ( 'NONE', *, *, #1155, .T. ) ;
#1629 = CARTESIAN_POINT ( 'NONE',  ( -5.115551993801367381, 14.92398853679432946, 21.59518900481495152 ) ) ;
#1630 = DIRECTION ( 'NONE',  ( 0.000000000000000000, -0.9510565162951565288, 0.3090169943749382919 ) ) ;
#1631 = DIRECTION ( 'NONE',  ( -1.000000000000000000, 0.000000000000000000, 0.000000000000000000 ) ) ;
#1632 = ADVANCED_FACE ( 'NONE', ( #1948 ), #1932, .T. ) ;
#1633 = CARTESIAN_POINT ( 'NONE',  ( -14.50005080000000035, 5.301103369735552739, 1.500000000000000000 ) ) ;
#1634 = ORIENTED_EDGE ( 'NONE', *, *, #3078, .T. ) ;
#1635 = CARTESIAN_POINT ( 'NONE',  ( 0.000000000000000000, 32.41039017722559379, 6.210201974346464482 ) ) ;
#1636 = ORIENTED_EDGE ( 'NONE', *, *, #1201, .F. ) ;
#1637 = CYLINDRICAL_SURFACE ( 'NONE', #3397, 12.00000000001199751 ) ;
#1638 = DIRECTION ( 'NONE',  ( 1.000000000000000000, -0.000000000000000000, -0.000000000000000000 ) ) ;
#1639 = CARTESIAN_POINT ( 'NONE',  ( 0.000000000000000000, -20.15523976789232208, 16.81595405857633452 ) ) ;
#1640 = ORIENTED_EDGE ( 'NONE', *, *, #3416, .T. ) ;
#1641 = CARTESIAN_POINT ( 'NONE',  ( 10.00000000000000000, 32.74317072229273862, -4.109108303874361212 ) ) ;
#1642 = CARTESIAN_POINT ( 'NONE',  ( 10.00000000000000000, -20.08869502354279390, -20.97672997851855570 ) ) ;
#1643 = ORIENTED_EDGE ( 'NONE', *, *, #1049, .F. ) ;
#1644 = EDGE_CURVE ( 'NONE', #2135, #2881, #3124, .T. ) ;
#1645 = FACE_OUTER_BOUND ( 'NONE', #2083, .T. ) ;
#1646 = DIRECTION ( 'NONE',  ( 0.000000000000000000, 0.000000000000000000, 1.000000000000000000 ) ) ;
#1647 = CARTESIAN_POINT ( 'NONE',  ( 10.00000000000000000, 0.000000000000000000, 0.000000000000000000 ) ) ;
#1648 = CARTESIAN_POINT ( 'NONE',  ( 0.000000000000000000, 16.81595405857669334, -20.15523976789202010 ) ) ;
#1649 = EDGE_CURVE ( 'NONE', #261, #366, #2286, .T. ) ;
#1650 = DIRECTION ( 'NONE',  ( -1.000000000000000000, 0.000000000000000000, -0.000000000000000000 ) ) ;
#1651 = ORIENTED_EDGE ( 'NONE', *, *, #2767, .T. ) ;
#1652 = EDGE_CURVE ( 'NONE', #3097, #3790, #2531, .T. ) ;
#1653 = CARTESIAN_POINT ( 'NONE',  ( 10.00000000000000000, 0.000000000000000000, 0.000000000000000000 ) ) ;
#1654 = CIRCLE ( 'NONE', #2687, 12.00000000001199751 ) ;
#1655 = FACE_OUTER_BOUND ( 'NONE', #2869, .T. ) ;
#1656 = PLANE ( 'NONE',  #487 ) ;
#1657 = ORIENTED_EDGE ( 'NONE', *, *, #2511, .T. ) ;
#1658 = AXIS2_PLACEMENT_3D ( 'NONE', #1407, #2553, #1955 ) ;
#1659 = DIRECTION ( 'NONE',  ( 0.000000000000000000, 0.000000000000000000, 1.000000000000000000 ) ) ;
#1660 = ORIENTED_EDGE ( 'NONE', *, *, #2506, .T. ) ;
#1661 = CARTESIAN_POINT ( 'NONE',  ( -5.310045004283180603, 14.82928822647422074, -21.66517789667740956 ) ) ;
#1662 = DIRECTION ( 'NONE',  ( -1.000000000000000000, 0.000000000000000000, 0.000000000000000000 ) ) ;
#1663 = LINE ( 'NONE', #2544, #3434 ) ;
#1664 = ORIENTED_EDGE ( 'NONE', *, *, #3337, .T. ) ;
#1665 = DIRECTION ( 'NONE',  ( 0.000000000000000000, 0.000000000000000000, 1.000000000000000000 ) ) ;
#1666 = AXIS2_PLACEMENT_3D ( 'NONE', #3592, #2971, #2123 ) ;
#1667 = CIRCLE ( 'NONE', #1176, 33.00000000003299760 ) ;
#1668 = CARTESIAN_POINT ( 'NONE',  ( 10.00000000000000000, -1.757439918030625936, -26.19010129678559196 ) ) ;
#1669 = EDGE_CURVE ( 'NONE', #3086, #2740, #1867, .T. ) ;
#1670 = ORIENTED_EDGE ( 'NONE', *, *, #1002, .F. ) ;
#1671 = DIRECTION ( 'NONE',  ( 1.000000000000000000, -0.000000000000000000, -0.000000000000000000 ) ) ;
#1672 = CARTESIAN_POINT ( 'NONE',  ( 10.00000000000000000, 0.000000000000000000, 0.000000000000000000 ) ) ;
#1673 = DIRECTION ( 'NONE',  ( 0.000000000000000000, -1.776356839400250465E-15, -1.000000000000000000 ) ) ;
#1674 = ADVANCED_FACE ( 'NONE', ( #446 ), #1637, .T. ) ;
#1675 = ORIENTED_EDGE ( 'NONE', *, *, #544, .F. ) ;
#1676 = CIRCLE ( 'NONE', #494, 12.00000000001199929 ) ;
#1677 = LINE ( 'NONE', #3719, #2229 ) ;
#1678 =( LENGTH_UNIT ( ) NAMED_UNIT ( * ) SI_UNIT ( .MILLI., .METRE. ) );
#1679 = AXIS2_PLACEMENT_3D ( 'NONE', #1423, #2588, #3776 ) ;
#1680 = ORIENTED_EDGE ( 'NONE', *, *, #2236, .F. ) ;
#1681 = CARTESIAN_POINT ( 'NONE',  ( -1.000050799999999906, 34.64999999999999858, -9.000000000000000000 ) ) ;
#1682 = DIRECTION ( 'NONE',  ( -1.000000000000000000, -0.000000000000000000, -0.000000000000000000 ) ) ;
#1683 = DIRECTION ( 'NONE',  ( -1.000000000000000000, 0.000000000000000000, -0.000000000000000000 ) ) ;
#1684 = ORIENTED_EDGE ( 'NONE', *, *, #648, .T. ) ;
#1685 = DIRECTION ( 'NONE',  ( 0.000000000000000000, 0.000000000000000000, -1.000000000000000000 ) ) ;
#1686 = DIRECTION ( 'NONE',  ( 1.000000000000000000, 0.000000000000000000, 0.000000000000000000 ) ) ;
#1687 = ORIENTED_EDGE ( 'NONE', *, *, #507, .F. ) ;
#1688 = EDGE_LOOP ( 'NONE', ( #3440, #3734, #3532, #3523 ) ) ;
#1689 = ADVANCED_FACE ( 'NONE', ( #1091 ), #1073, .T. ) ;
#1690 = DIRECTION ( 'NONE',  ( 0.000000000000000000, 0.000000000000000000, 1.000000000000000000 ) ) ;
#1691 = DIRECTION ( 'NONE',  ( -1.000000000000000000, 0.000000000000000000, 0.000000000000000000 ) ) ;
#1692 = CARTESIAN_POINT ( 'NONE',  ( -15.00005080000000035, 4.871970606353783317, -2.552234787558690154 ) ) ;
#1693 = ORIENTED_EDGE ( 'NONE', *, *, #3226, .T. ) ;
#1694 = EDGE_CURVE ( 'NONE', #971, #1749, #1059, .T. ) ;
#1695 = DIRECTION ( 'NONE',  ( 1.000000000000000000, 0.000000000000000000, 0.000000000000000000 ) ) ;
#1696 = DIRECTION ( 'NONE',  ( 0.000000000000000000, 0.000000000000000000, 1.000000000000000000 ) ) ;
#1697 = ORIENTED_EDGE ( 'NONE', *, *, #559, .T. ) ;
#1698 = EDGE_CURVE ( 'NONE', #1352, #1352, #2957, .T. ) ;
#1699 = PLANE ( 'NONE',  #3453 ) ;
#1700 = DIRECTION ( 'NONE',  ( -1.000000000000000000, 0.000000000000000000, 0.000000000000000000 ) ) ;
#1701 = DIRECTION ( 'NONE',  ( -1.000000000000000000, 0.000000000000000000, 0.000000000000000000 ) ) ;
#1702 = ORIENTED_EDGE ( 'NONE', *, *, #1892, .T. ) ;
#1703 = CYLINDRICAL_SURFACE ( 'NONE', #1180, 12.00000000001199751 ) ;
#1704 = ORIENTED_EDGE ( 'NONE', *, *, #341, .T. ) ;
#1705 = EDGE_CURVE ( 'NONE', #1999, #3086, #373, .T. ) ;
#1706 = ORIENTED_EDGE ( 'NONE', *, *, #3286, .T. ) ;
#1707 = DIRECTION ( 'NONE',  ( -1.000000000000000000, 0.000000000000000000, -0.000000000000000000 ) ) ;
#1708 = CARTESIAN_POINT ( 'NONE',  ( 10.00000000000000000, 0.000000000000000000, 0.000000000000000000 ) ) ;
#1709 = LINE ( 'NONE', #2264, #3570 ) ;
#1710 = ORIENTED_EDGE ( 'NONE', *, *, #2185, .T. ) ;
#1711 = CARTESIAN_POINT ( 'NONE',  ( -5.000050800000000351, 5.801767301128951004, 1.500000000000000000 ) ) ;
#1712 = CYLINDRICAL_SURFACE ( 'NONE', #2014, 33.00000000003299760 ) ;
#1713 = EDGE_CURVE ( 'NONE', #1128, #193, #3021, .T. ) ;
#1714 = ORIENTED_EDGE ( 'NONE', *, *, #3347, .F. ) ;
#1715 = ORIENTED_EDGE ( 'NONE', *, *, #1830, .F. ) ;
#1716 = CIRCLE ( 'NONE', #3618, 29.38720356573499615 ) ;
#1717 = DIRECTION ( 'NONE',  ( -1.000000000000000000, -0.000000000000000000, -0.000000000000000000 ) ) ;
#1718 = DIRECTION ( 'NONE',  ( -1.000000000000000000, 0.000000000000000000, 0.000000000000000000 ) ) ;
#1719 = EDGE_CURVE ( 'NONE', #1896, #632, #688, .T. ) ;
#1720 = CARTESIAN_POINT ( 'NONE',  ( 10.00000000000000000, -16.81595405857625636, -20.15523976789238247 ) ) ;
#1721 = ORIENTED_EDGE ( 'NONE', *, *, #2274, .F. ) ;
#1722 = PLANE ( 'NONE',  #989 ) ;
#1723 = ORIENTED_EDGE ( 'NONE', *, *, #2762, .F. ) ;
#1724 = VERTEX_POINT ( 'NONE', #481 ) ;
#1725 = AXIS2_PLACEMENT_3D ( 'NONE', #662, #2508, #463 ) ;
#1726 = AXIS2_PLACEMENT_3D ( 'NONE', #3037, #1309, #1621 ) ;
#1727 = FACE_OUTER_BOUND ( 'NONE', #1688, .T. ) ;
#1728 = DIRECTION ( 'NONE',  ( -1.000000000000000000, 0.000000000000000000, 0.000000000000000000 ) ) ;
#1729 = CARTESIAN_POINT ( 'NONE',  ( -10.00000000000000000, 0.000000000000000000, 0.000000000000000000 ) ) ;
#1730 = ORIENTED_EDGE ( 'NONE', *, *, #2348, .T. ) ;
#1731 = CIRCLE ( 'NONE', #1488, 25.74900000002624623 ) ;
#1732 = VECTOR ( 'NONE', #144, 1000.000000000000000 ) ;
#1733 = AXIS2_PLACEMENT_3D ( 'NONE', #209, #192, #461 ) ;
#1734 = CARTESIAN_POINT ( 'NONE',  ( 0.000000000000000000, 0.000000000000000000, 0.000000000000000000 ) ) ;
#1735 = CARTESIAN_POINT ( 'NONE',  ( -14.50005080000000035, 5.301103369735552739, -1.500000000000000000 ) ) ;
#1736 = AXIS2_PLACEMENT_3D ( 'NONE', #1642, #1868, #412 ) ;
#1737 = VERTEX_POINT ( 'NONE', #67 ) ;
#1738 = AXIS2_PLACEMENT_3D ( 'NONE', #2995, #1758, #284 ) ;
#1739 = ORIENTED_EDGE ( 'NONE', *, *, #427, .T. ) ;
#1740 = DIRECTION ( 'NONE',  ( -1.000000000000000000, 0.000000000000000000, -0.000000000000000000 ) ) ;
#1741 = EDGE_CURVE ( 'NONE', #1388, #3515, #1362, .T. ) ;
#1742 = DIRECTION ( 'NONE',  ( -1.000000000000000000, 0.000000000000000000, 0.000000000000000000 ) ) ;
#1743 = CIRCLE ( 'NONE', #3400, 0.4999999999999993339 ) ;
#1744 = DIRECTION ( 'NONE',  ( 0.000000000000000000, 0.000000000000000000, 1.000000000000000000 ) ) ;
#1745 = ORIENTED_EDGE ( 'NONE', *, *, #218, .F. ) ;
#1746 = CIRCLE ( 'NONE', #1980, 12.00000000001199929 ) ;
#1747 = EDGE_CURVE ( 'NONE', #1491, #2471, #1392, .T. ) ;
#1748 = CARTESIAN_POINT ( 'NONE',  ( -5.500050799999999462, 34.64999999999999858, 0.000000000000000000 ) ) ;
#1749 = VERTEX_POINT ( 'NONE', #855 ) ;
#1750 = ORIENTED_EDGE ( 'NONE', *, *, #503, .T. ) ;
#1751 = CARTESIAN_POINT ( 'NONE',  ( 0.000000000000000000, -22.57029131341969830, -24.07450830296537703 ) ) ;
#1752 = DIRECTION ( 'NONE',  ( -1.000000000000000000, -0.000000000000000000, -0.000000000000000000 ) ) ;
#1753 = DIRECTION ( 'NONE',  ( 0.000000000000000000, 0.000000000000000000, 1.000000000000000000 ) ) ;
#1754 = ORIENTED_EDGE ( 'NONE', *, *, #1363, .F. ) ;
#1755 = CARTESIAN_POINT ( 'NONE',  ( 0.000000000000000000, 26.15780389372400094, 12.62331825622999659 ) ) ;
#1756 = VERTEX_POINT ( 'NONE', #2645 ) ;
#1757 = ORIENTED_EDGE ( 'NONE', *, *, #963, .T. ) ;
#1758 = DIRECTION ( 'NONE',  ( -1.000000000000000000, 0.000000000000000000, -0.000000000000000000 ) ) ;
#1759 = DIRECTION ( 'NONE',  ( 0.000000000000000000, 0.000000000000000000, 1.000000000000000000 ) ) ;
#1760 = ORIENTED_EDGE ( 'NONE', *, *, #1155, .F. ) ;
#1761 = CARTESIAN_POINT ( 'NONE',  ( 10.00000000000000000, 24.07450830296545874, -22.57029131341961659 ) ) ;
#1762 = ORIENTED_EDGE ( 'NONE', *, *, #2299, .T. ) ;
#1763 = EDGE_CURVE ( 'NONE', #2071, #2804, #3750, .T. ) ;
#1764 = ORIENTED_EDGE ( 'NONE', *, *, #199, .F. ) ;
#1765 = DIRECTION ( 'NONE',  ( 0.000000000000000000, 0.000000000000000000, 1.000000000000000000 ) ) ;
#1766 = FACE_OUTER_BOUND ( 'NONE', #3242, .T. ) ;
#1767 = ORIENTED_EDGE ( 'NONE', *, *, #831, .F. ) ;
#1768 = EDGE_CURVE ( 'NONE', #3165, #971, #3084, .T. ) ;
#1769 = DIRECTION ( 'NONE',  ( -1.000000000000000000, -0.000000000000000000, -0.000000000000000000 ) ) ;
#1770 = CARTESIAN_POINT ( 'NONE',  ( 0.000000000000000000, -24.07450830296528821, 22.57029131341979777 ) ) ;
#1771 = ORIENTED_EDGE ( 'NONE', *, *, #2172, .F. ) ;
#1772 = ORIENTED_EDGE ( 'NONE', *, *, #1669, .T. ) ;
#1773 = CARTESIAN_POINT ( 'NONE',  ( -5.162181579437673307, 14.89869879786493634, -21.61373026881996040 ) ) ;
#1774 = CARTESIAN_POINT ( 'NONE',  ( -4.950483180031167940, 24.39531505322048943, 9.000000000000000000 ) ) ;
#1775 = ORIENTED_EDGE ( 'NONE', *, *, #2776, .F. ) ;
#1776 = CARTESIAN_POINT ( 'NONE',  ( 10.00000000000000000, -25.45134530200257572, 6.421761699067420004 ) ) ;
#1777 = ORIENTED_EDGE ( 'NONE', *, *, #1264, .T. ) ;
#1778 = ORIENTED_EDGE ( 'NONE', *, *, #3813, .T. ) ;
#1779 = ADVANCED_FACE ( 'NONE', ( #2918 ), #3210, .T. ) ;
#1780 = DIRECTION ( 'NONE',  ( -1.000000000000000000, 0.000000000000000000, 0.000000000000000000 ) ) ;
#1781 = ORIENTED_EDGE ( 'NONE', *, *, #1741, .T. ) ;
#1782 = AXIS2_PLACEMENT_3D ( 'NONE', #1508, #2975, #2364 ) ;
#1783 = EDGE_CURVE ( 'NONE', #2175, #2560, #2703, .T. ) ;
#1784 = CARTESIAN_POINT ( 'NONE',  ( -10.00000000000000000, 0.000000000000000000, 0.000000000000000000 ) ) ;
#1785 = VECTOR ( 'NONE', #54, 1000.000000000000000 ) ;
#1786 = CARTESIAN_POINT ( 'NONE',  ( 10.00000000000000000, -6.421761699067695339, 25.45134530200251177 ) ) ;
#1787 = ORIENTED_EDGE ( 'NONE', *, *, #3163, .T. ) ;
#1788 = AXIS2_PLACEMENT_3D ( 'NONE', #1351, #399, #438 ) ;
#1789 = DIRECTION ( 'NONE',  ( -1.000000000000000000, -0.000000000000000000, -0.000000000000000000 ) ) ;
#1790 = CARTESIAN_POINT ( 'NONE',  ( 0.000000000000000000, 0.000000000000000000, 0.000000000000000000 ) ) ;
#1791 = CIRCLE ( 'NONE', #1119, 29.38720356573499615 ) ;
#1792 = AXIS2_PLACEMENT_3D ( 'NONE', #2689, #3584, #3275 ) ;
#1793 = VERTEX_POINT ( 'NONE', #563 ) ;
#1794 = VECTOR ( 'NONE', #3754, 1000.000000000000000 ) ;
#1795 = DIRECTION ( 'NONE',  ( 1.000000000000000000, -0.000000000000000000, -0.000000000000000000 ) ) ;
#1796 = ORIENTED_EDGE ( 'NONE', *, *, #675, .F. ) ;
#1797 = CIRCLE ( 'NONE', #2837, 33.00000000003299760 ) ;
#1798 = VERTEX_POINT ( 'NONE', #1751 ) ;
#1799 = CARTESIAN_POINT ( 'NONE',  ( 4.999999999999999112, -4.109108303874477564, 32.74317072229272441 ) ) ;
#1800 = VECTOR ( 'NONE', #1925, 1000.000000000000000 ) ;
#1801 = ORIENTED_EDGE ( 'NONE', *, *, #1783, .F. ) ;
#1802 = ADVANCED_FACE ( 'NONE', ( #1727 ), #3519, .T. ) ;
#1803 = LINE ( 'NONE', #2346, #3771 ) ;
#1804 = CARTESIAN_POINT ( 'NONE',  ( 0.000000000000000000, -28.58190819155617746, -5.162692366396253618 ) ) ;
#1805 = CYLINDRICAL_SURFACE ( 'NONE', #2140, 12.00000000001199751 ) ;
#1806 = ORIENTED_EDGE ( 'NONE', *, *, #806, .T. ) ;
#1807 = EDGE_CURVE ( 'NONE', #3077, #1401, #1134, .T. ) ;
#1808 = DIRECTION ( 'NONE',  ( 0.000000000000000000, -0.8090169943749403458, -0.5877852522924831291 ) ) ;
#1809 = CARTESIAN_POINT ( 'NONE',  ( 0.000000000000000000, -20.15523976789207339, -16.81595405857662229 ) ) ;
#1810 = ADVANCED_FACE ( 'NONE', ( #3231 ), #3480, .F. ) ;
#1811 = EDGE_LOOP ( 'NONE', ( #2009, #3456, #2432, #1854 ) ) ;
#1812 = CYLINDRICAL_SURFACE ( 'NONE', #2523, 12.00000000001199751 ) ;
#1813 = DIRECTION ( 'NONE',  ( -1.000000000000000000, 0.000000000000000000, -0.000000000000000000 ) ) ;
#1814 = DIRECTION ( 'NONE',  ( -1.000000000000000000, -0.000000000000000000, 0.000000000000000000 ) ) ;
#1815 = ORIENTED_EDGE ( 'NONE', *, *, #2694, .T. ) ;
#1816 = FACE_OUTER_BOUND ( 'NONE', #305, .T. ) ;
#1817 = CARTESIAN_POINT ( 'NONE',  ( -10.00000000000000000, 0.000000000000000000, 0.000000000000000000 ) ) ;
#1818 = EDGE_CURVE ( 'NONE', #2341, #632, #252, .T. ) ;
#1819 = VERTEX_POINT ( 'NONE', #3791 ) ;
#1820 = CARTESIAN_POINT ( 'NONE',  ( -5.000050800000000351, 24.12490416564077833, -9.000000000000000000 ) ) ;
#1821 = DIRECTION ( 'NONE',  ( 1.000000000000000000, 0.000000000000000000, 0.000000000000000000 ) ) ;
#1822 = CARTESIAN_POINT ( 'NONE',  ( 10.00000000000000000, 0.000000000000000000, 0.000000000000000000 ) ) ;
#1823 = EDGE_LOOP ( 'NONE', ( #1938, #1781, #2877, #500, #86, #1595, #1016, #3148, #66, #1525 ) ) ;
#1824 = DIRECTION ( 'NONE',  ( -1.000000000000000000, 0.000000000000000000, 0.000000000000000000 ) ) ;
#1825 = CARTESIAN_POINT ( 'NONE',  ( 0.000000000000000000, 0.000000000000000000, 0.000000000000000000 ) ) ;
#1826 = ADVANCED_FACE ( 'NONE', ( #2872 ), #1422, .T. ) ;
#1827 = VERTEX_POINT ( 'NONE', #2855 ) ;
#1828 = CARTESIAN_POINT ( 'NONE',  ( -4.500050800000000351, 14.85083652457632120, -21.03482007343209048 ) ) ;
#1829 = CARTESIAN_POINT ( 'NONE',  ( 5.000000000000000000, -32.74317072229271730, -4.109108303874592139 ) ) ;
#1830 = EDGE_CURVE ( 'NONE', #193, #219, #1245, .T. ) ;
#1831 = DIRECTION ( 'NONE',  ( 1.000000000000000000, 0.000000000000000000, 0.000000000000000000 ) ) ;
#1832 = VECTOR ( 'NONE', #3011, 1000.000000000000000 ) ;
#1833 = EDGE_LOOP ( 'NONE', ( #1281, #1320, #2671, #1796 ) ) ;
#1834 = CARTESIAN_POINT ( 'NONE',  ( 0.000000000000000000, 26.15780389372418568, -12.62331825622962000 ) ) ;
#1835 = FACE_OUTER_BOUND ( 'NONE', #1518, .T. ) ;
#1836 = ORIENTED_EDGE ( 'NONE', *, *, #576, .T. ) ;
#1837 = DIRECTION ( 'NONE',  ( -1.000000000000000000, -0.000000000000000000, -0.000000000000000000 ) ) ;
#1838 = DIRECTION ( 'NONE',  ( -1.000000000000000000, -0.000000000000000000, 0.000000000000000000 ) ) ;
#1839 = CARTESIAN_POINT ( 'NONE',  ( -5.364995090898339924, 14.27462903587692900, 22.02827653016633391 ) ) ;
#1840 = ORIENTED_EDGE ( 'NONE', *, *, #1321, .T. ) ;
#1841 = CARTESIAN_POINT ( 'NONE',  ( -4.500050800000000351, 15.02905661123889836, -21.52105112232560913 ) ) ;
#1842 = CIRCLE ( 'NONE', #2089, 33.00000000003299760 ) ;
#1843 = LINE ( 'NONE', #380, #2589 ) ;
#1844 = CIRCLE ( 'NONE', #2342, 26.24900000002624623 ) ;
#1845 = CIRCLE ( 'NONE', #2644, 29.38720356573499615 ) ;
#1846 = ORIENTED_EDGE ( 'NONE', *, *, #3317, .T. ) ;
#1847 = EDGE_CURVE ( 'NONE', #2292, #3290, #1482, .T. ) ;
#1848 = FACE_OUTER_BOUND ( 'NONE', #2759, .T. ) ;
#1849 = CARTESIAN_POINT ( 'NONE',  ( -14.50005080000000035, 14.34814103687992137, 21.24717054234583458 ) ) ;
#1850 = AXIS2_PLACEMENT_3D ( 'NONE', #3044, #1941, #1646 ) ;
#1851 = DIRECTION ( 'NONE',  ( 1.000000000000000000, 0.000000000000000000, -0.000000000000000000 ) ) ;
#1852 = CIRCLE ( 'NONE', #2403, 0.5000000000000004441 ) ;
#1853 = CARTESIAN_POINT ( 'NONE',  ( 10.00000000000000000, -32.41039017722563642, 6.210201974346227338 ) ) ;
#1854 = ORIENTED_EDGE ( 'NONE', *, *, #3564, .T. ) ;
#1855 = CIRCLE ( 'NONE', #314, 33.00000000003299760 ) ;
#1856 = EDGE_CURVE ( 'NONE', #2118, #749, #1, .T. ) ;
#1857 = CIRCLE ( 'NONE', #1232, 12.00000000001200107 ) ;
#1858 = CARTESIAN_POINT ( 'NONE',  ( -15.00005080000000035, 5.301103369735552739, 1.500000000000000000 ) ) ;
#1859 = AXIS2_PLACEMENT_3D ( 'NONE', #1117, #2325, #1139 ) ;
#1860 = VERTEX_POINT ( 'NONE', #1191 ) ;
#1861 = EDGE_CURVE ( 'NONE', #3435, #1041, #1497, .T. ) ;
#1862 = VECTOR ( 'NONE', #2610, 1000.000000000000000 ) ;
#1863 = CYLINDRICAL_SURFACE ( 'NONE', #1564, 33.00000000003299760 ) ;
#1864 = DIRECTION ( 'NONE',  ( 0.000000000000000000, 0.000000000000000000, 1.000000000000000000 ) ) ;
#1865 = CARTESIAN_POINT ( 'NONE',  ( -14.67841757883332399, 5.276521245616058842, -1.500000000000000222 ) ) ;
#1866 = ORIENTED_EDGE ( 'NONE', *, *, #3794, .T. ) ;
#1867 = LINE ( 'NONE', #3040, #1559 ) ;
#1868 = DIRECTION ( 'NONE',  ( -1.000000000000000000, 0.000000000000000000, 0.000000000000000000 ) ) ;
#1869 = EDGE_LOOP ( 'NONE', ( #3322 ) ) ;
#1870 = CARTESIAN_POINT ( 'NONE',  ( -4.500050800000000351, 24.65785880812399355, 9.000000000000000000 ) ) ;
#1871 = CARTESIAN_POINT ( 'NONE',  ( 10.00000000000000000, 9.764611071148873833, -24.36518769947349838 ) ) ;
#1872 = CYLINDRICAL_SURFACE ( 'NONE', #2233, 33.00000000003299760 ) ;
#1873 = CARTESIAN_POINT ( 'NONE',  ( 5.000000000000000000, -14.02619043147104350, 29.87082158197674175 ) ) ;
#1874 = ORIENTED_EDGE ( 'NONE', *, *, #1856, .F. ) ;
#1875 = CARTESIAN_POINT ( 'NONE',  ( 0.000000000000000000, 20.15523976789244287, -16.81595405857618530 ) ) ;
#1876 = EDGE_CURVE ( 'NONE', #825, #1737, #2086, .T. ) ;
#1877 = ORIENTED_EDGE ( 'NONE', *, *, #3291, .F. ) ;
#1878 = DIRECTION ( 'NONE',  ( 0.000000000000000000, 0.000000000000000000, 1.000000000000000000 ) ) ;
#1879 = DIRECTION ( 'NONE',  ( -1.000000000000000000, -0.000000000000000000, -0.000000000000000000 ) ) ;
#1880 = EDGE_CURVE ( 'NONE', #1737, #3140, #3134, .T. ) ;
#1881 = CARTESIAN_POINT ( 'NONE',  ( 10.00000000000000000, 1.757439918031171278, -26.19010129678555998 ) ) ;
#1882 = ORIENTED_EDGE ( 'NONE', *, *, #2354, .T. ) ;
#1883 = DIRECTION ( 'NONE',  ( 0.000000000000000000, 0.000000000000000000, -1.000000000000000000 ) ) ;
#1884 = ORIENTED_EDGE ( 'NONE', *, *, #1292, .F. ) ;
#1885 = CARTESIAN_POINT ( 'NONE',  ( -5.434131708113073778, 14.34814103760497161, 21.24717054303863506 ) ) ;
#1886 = DIRECTION ( 'NONE',  ( -1.000000000000000000, 0.000000000000000000, 0.000000000000000000 ) ) ;
#1887 = LINE ( 'NONE', #3566, #1028 ) ;
#1888 = ORIENTED_EDGE ( 'NONE', *, *, #2540, .F. ) ;
#1889 = LINE ( 'NONE', #558, #1549 ) ;
#1890 = AXIS2_PLACEMENT_3D ( 'NONE', #2522, #1683, #2272 ) ;
#1891 = EDGE_LOOP ( 'NONE', ( #2005, #1936, #3744, #466 ) ) ;
#1892 = EDGE_CURVE ( 'NONE', #1027, #3034, #2151, .T. ) ;
#1893 = DIRECTION ( 'NONE',  ( -1.000000000000000000, 0.000000000000000000, 0.000000000000000000 ) ) ;
#1894 = CARTESIAN_POINT ( 'NONE',  ( 10.00000000000000000, 13.97235653801657840, 22.22123429910956460 ) ) ;
#1895 = CARTESIAN_POINT ( 'NONE',  ( -5.500050799999999462, 14.27462903587692722, 22.02827653016634102 ) ) ;
#1896 = VERTEX_POINT ( 'NONE', #3320 ) ;
#1897 = ADVANCED_FACE ( 'NONE', ( #1816 ), #1426, .T. ) ;
#1898 = DIRECTION ( 'NONE',  ( 0.000000000000000000, 0.8392044089353648539, -0.5438161086465215233 ) ) ;
#1899 = EDGE_LOOP ( 'NONE', ( #1141, #2017, #2572, #3047 ) ) ;
#1900 = VECTOR ( 'NONE', #2231, 1000.000000000000000 ) ;
#1901 = CARTESIAN_POINT ( 'NONE',  ( -10.00000000000000000, 0.000000000000000000, 0.000000000000000000 ) ) ;
#1902 = DIRECTION ( 'NONE',  ( -1.000000000000000000, 0.000000000000000000, 0.000000000000000000 ) ) ;
#1903 = LINE ( 'NONE', #3083, #691 ) ;
#1904 = CIRCLE ( 'NONE', #1666, 12.00000000001199574 ) ;
#1905 = CIRCLE ( 'NONE', #3697, 12.00000000001199929 ) ;
#1906 = CARTESIAN_POINT ( 'NONE',  ( -1.000050799999999906, 34.64999999999999858, -9.000000000000000000 ) ) ;
#1907 = EDGE_LOOP ( 'NONE', ( #1243, #3468, #3629, #2735 ) ) ;
#1908 = AXIS2_PLACEMENT_3D ( 'NONE', #271, #2890, #1987 ) ;
#1909 = AXIS2_PLACEMENT_3D ( 'NONE', #2725, #3033, #150 ) ;
#1910 = CARTESIAN_POINT ( 'NONE',  ( 10.00000000000000000, 22.57029131341987949, 24.07450830296521005 ) ) ;
#1911 = CARTESIAN_POINT ( 'NONE',  ( -5.000050800000000351, 0.000000000000000000, 0.000000000000000000 ) ) ;
#1912 = ORIENTED_EDGE ( 'NONE', *, *, #3721, .F. ) ;
#1913 = CIRCLE ( 'NONE', #3828, 26.24900000002600109 ) ;
#1914 = AXIS2_PLACEMENT_3D ( 'NONE', #818, #3537, #2587 ) ;
#1915 = AXIS2_PLACEMENT_3D ( 'NONE', #2552, #781, #2905 ) ;
#1916 = DIRECTION ( 'NONE',  ( 0.000000000000000000, 0.000000000000000000, 1.000000000000000000 ) ) ;
#1917 = CYLINDRICAL_SURFACE ( 'NONE', #1233, 26.24900000002624623 ) ;
#1918 = CARTESIAN_POINT ( 'NONE',  ( 0.000000000000000000, -12.62331825623009074, 26.15780389372395831 ) ) ;
#1919 = AXIS2_PLACEMENT_3D ( 'NONE', #2410, #362, #651 ) ;
#1920 = CARTESIAN_POINT ( 'NONE',  ( -4.636749463867919197, 24.65785880812404685, 9.000000000000000000 ) ) ;
#1921 = EDGE_CURVE ( 'NONE', #3722, #91, #2516, .T. ) ;
#1922 = ORIENTED_EDGE ( 'NONE', *, *, #3412, .F. ) ;
#1923 = DIRECTION ( 'NONE',  ( -1.000000000000000000, 0.000000000000000000, -0.000000000000000000 ) ) ;
#1924 = CARTESIAN_POINT ( 'NONE',  ( 10.00000000000000000, 24.65785880812399355, -9.000000000000000000 ) ) ;
#1925 = DIRECTION ( 'NONE',  ( -1.000000000000000000, -0.000000000000000000, 0.000000000000000000 ) ) ;
#1926 = EDGE_CURVE ( 'NONE', #410, #1724, #303, .T. ) ;
#1927 = CARTESIAN_POINT ( 'NONE',  ( 10.00000000000000000, -22.22123429910941184, -13.97235653801681998 ) ) ;
#1928 = ORIENTED_EDGE ( 'NONE', *, *, #3167, .F. ) ;
#1929 = FACE_OUTER_BOUND ( 'NONE', #1869, .T. ) ;
#1930 = CYLINDRICAL_SURFACE ( 'NONE', #1429, 33.00000000003299760 ) ;
#1931 = ORIENTED_EDGE ( 'NONE', *, *, #871, .F. ) ;
#1932 = CYLINDRICAL_SURFACE ( 'NONE', #312, 33.00000000003299760 ) ;
#1933 = ADVANCED_FACE ( 'NONE', ( #18 ), #3261, .T. ) ;
#1934 = DIRECTION ( 'NONE',  ( 0.000000000000000000, 0.000000000000000000, -1.000000000000000000 ) ) ;
#1935 = CARTESIAN_POINT ( 'NONE',  ( -14.50005079999999857, 14.27462903587692722, -22.02827653016634102 ) ) ;
#1936 = ORIENTED_EDGE ( 'NONE', *, *, #923, .T. ) ;
#1937 = CARTESIAN_POINT ( 'NONE',  ( 10.00000000000000000, 6.799999999999999822, -1.500000000000000000 ) ) ;
#1938 = ORIENTED_EDGE ( 'NONE', *, *, #1201, .T. ) ;
#1939 = DIRECTION ( 'NONE',  ( -1.000000000000000000, 0.000000000000000000, -0.000000000000000000 ) ) ;
#1940 = EDGE_CURVE ( 'NONE', #2425, #540, #2376, .T. ) ;
#1941 = DIRECTION ( 'NONE',  ( -1.000000000000000000, 0.000000000000000000, 0.000000000000000000 ) ) ;
#1942 = DIRECTION ( 'NONE',  ( 0.000000000000000000, -0.5877852522924800205, 0.8090169943749423442 ) ) ;
#1943 = ORIENTED_EDGE ( 'NONE', *, *, #3312, .T. ) ;
#1944 = EDGE_CURVE ( 'NONE', #3542, #1976, #3569, .T. ) ;
#1945 = CARTESIAN_POINT ( 'NONE',  ( -14.68016954878333991, 4.795887523151934673, -1.500000000000000222 ) ) ;
#1946 = DIRECTION ( 'NONE',  ( -1.000000000000000000, 0.000000000000000000, 0.000000000000000000 ) ) ;
#1947 = ORIENTED_EDGE ( 'NONE', *, *, #2795, .F. ) ;
#1948 = FACE_OUTER_BOUND ( 'NONE', #3354, .T. ) ;
#1949 = AXIS2_PLACEMENT_3D ( 'NONE', #3318, #2179, #3358 ) ;
#1950 = CARTESIAN_POINT ( 'NONE',  ( 10.00000000000000000, 1.757439918031171278, -26.19010129678555998 ) ) ;
#1951 = DIRECTION ( 'NONE',  ( -1.000000000000000000, 0.000000000000000000, 0.000000000000000000 ) ) ;
#1952 = VERTEX_POINT ( 'NONE', #969 ) ;
#1953 = AXIS2_PLACEMENT_3D ( 'NONE', #3446, #3504, #263 ) ;
#1954 = DIRECTION ( 'NONE',  ( 0.000000000000000000, 0.000000000000000000, -1.000000000000000000 ) ) ;
#1955 = DIRECTION ( 'NONE',  ( 0.000000000000000000, 0.000000000000000000, 1.000000000000000000 ) ) ;
#1956 = EDGE_LOOP ( 'NONE', ( #3006, #1947, #2225, #3561 ) ) ;
#1957 = DIRECTION ( 'NONE',  ( 0.000000000000000000, 0.000000000000000000, 1.000000000000000000 ) ) ;
#1958 = CARTESIAN_POINT ( 'NONE',  ( 10.00000000000000000, 26.19010129678557419, -1.757439918030900161 ) ) ;
#1959 = DIRECTION ( 'NONE',  ( 6.938893903907222067E-15, 0.000000000000000000, 1.000000000000000000 ) ) ;
#1960 = EDGE_CURVE ( 'NONE', #156, #3558, #609, .T. ) ;
#1961 = AXIS2_PLACEMENT_3D ( 'NONE', #2055, #3305, #1523 ) ;
#1962 = ORIENTED_EDGE ( 'NONE', *, *, #3481, .F. ) ;
#1963 = LINE ( 'NONE', #2561, #363 ) ;
#1964 = AXIS2_PLACEMENT_3D ( 'NONE', #149, #444, #1303 ) ;
#1965 = AXIS2_PLACEMENT_3D ( 'NONE', #1817, #3232, #1465 ) ;
#1966 = DIRECTION ( 'NONE',  ( 0.000000000000000000, -0.3090169943749349057, -0.9510565162951577500 ) ) ;
#1967 = ORIENTED_EDGE ( 'NONE', *, *, #1649, .F. ) ;
#1968 = EDGE_CURVE ( 'NONE', #3290, #762, #800, .T. ) ;
#1969 = EDGE_LOOP ( 'NONE', ( #1754, #1962, #3706, #1122, #1771, #3786, #298, #2858, #799, #1007, #2496, #3539, #458, #2915, #2030, #772, #2815, #2551, #3030, #1988, #1314, #2628, #309, #119, #3789, #1760, #3022, #2665, #422, #1400, #1539, #42, #484, #704, #2573, #330, #852, #697, #1586, #873, #721, #3202, #894, #3603, #1284, #394, #3162, #2989, #601, #954, #2365, #3753, #628, #1263, #3103, #3448, #3765, #839, #1451, #3444, #378, #988, #3528, #1745, #1339, #3647, #944, #3512, #188, #1202, #1142, #826, #1764, #793, #1994, #2413, #3583, #2528, #2197, #2184 ) ) ;
#1970 = CIRCLE ( 'NONE', #2462, 12.00000000001200107 ) ;
#1971 = AXIS2_PLACEMENT_3D ( 'NONE', #3621, #3043, #453 ) ;
#1972 = CARTESIAN_POINT ( 'NONE',  ( -10.00000000000000000, 0.000000000000000000, 0.000000000000000000 ) ) ;
#1973 = CARTESIAN_POINT ( 'NONE',  ( -5.000050800000000351, 5.801767301128951004, 1.500000000000000000 ) ) ;
#1974 = PLANE ( 'NONE',  #2155 ) ;
#1975 = VECTOR ( 'NONE', #339, 1000.000000000000000 ) ;
#1976 = VERTEX_POINT ( 'NONE', #2414 ) ;
#1977 = EDGE_CURVE ( 'NONE', #2854, #780, #1904, .T. ) ;
#1978 = AXIS2_PLACEMENT_3D ( 'NONE', #2127, #2799, #973 ) ;
#1979 = DIRECTION ( 'NONE',  ( 0.000000000000000000, 0.000000000000000000, 1.000000000000000000 ) ) ;
#1980 = AXIS2_PLACEMENT_3D ( 'NONE', #797, #1051, #3125 ) ;
#1981 = ORIENTED_EDGE ( 'NONE', *, *, #148, .T. ) ;
#1982 = VERTEX_POINT ( 'NONE', #3300 ) ;
#1983 = LINE ( 'NONE', #2865, #3391 ) ;
#1984 = AXIS2_PLACEMENT_3D ( 'NONE', #856, #2028, #3211 ) ;
#1985 = CYLINDRICAL_SURFACE ( 'NONE', #3082, 12.00000000001199574 ) ;
#1986 = ORIENTED_EDGE ( 'NONE', *, *, #3198, .T. ) ;
#1987 = DIRECTION ( 'NONE',  ( 0.000000000000000000, 0.000000000000000000, -1.000000000000000000 ) ) ;
#1988 = ORIENTED_EDGE ( 'NONE', *, *, #1995, .F. ) ;
#1989 = ORIENTED_EDGE ( 'NONE', *, *, #2082, .T. ) ;
#1990 = DIRECTION ( 'NONE',  ( 0.000000000000000000, -6.982962677686267499E-15, 1.000000000000000000 ) ) ;
#1991 = EDGE_CURVE ( 'NONE', #342, #2895, #331, .T. ) ;
#1992 = CARTESIAN_POINT ( 'NONE',  ( -15.00005080000000035, 34.64999999999999858, 0.000000000000000000 ) ) ;
#1993 = CARTESIAN_POINT ( 'NONE',  ( -1.000050800000000795, 0.000000000000000000, 0.000000000000000000 ) ) ;
#1994 = ORIENTED_EDGE ( 'NONE', *, *, #1892, .F. ) ;
#1995 = EDGE_CURVE ( 'NONE', #3106, #28, #241, .T. ) ;
#1996 = CARTESIAN_POINT ( 'NONE',  ( -5.500050799999999462, 5.301103369735552739, 1.500000000000000000 ) ) ;
#1997 = CARTESIAN_POINT ( 'NONE',  ( -10.00000000000000000, 0.000000000000000000, 0.000000000000000000 ) ) ;
#1998 = ORIENTED_EDGE ( 'NONE', *, *, #454, .T. ) ;
#1999 = VERTEX_POINT ( 'NONE', #2106 ) ;
#2000 = CARTESIAN_POINT ( 'NONE',  ( 10.00000000000000000, -25.58765035578326064, 13.74230757954343396 ) ) ;
#2001 = DIRECTION ( 'NONE',  ( 0.000000000000000000, 0.000000000000000000, 1.000000000000000000 ) ) ;
#2002 = FACE_OUTER_BOUND ( 'NONE', #1011, .T. ) ;
#2003 = DIRECTION ( 'NONE',  ( -1.000000000000000000, -0.000000000000000000, 0.000000000000000000 ) ) ;
#2004 = ORIENTED_EDGE ( 'NONE', *, *, #2744, .F. ) ;
#2005 = ORIENTED_EDGE ( 'NONE', *, *, #326, .F. ) ;
#2006 = CARTESIAN_POINT ( 'NONE',  ( -5.365049096840854403, 14.27462903587692900, -22.02827653016633747 ) ) ;
#2007 = DIRECTION ( 'NONE',  ( 0.000000000000000000, 0.000000000000000000, -1.000000000000000000 ) ) ;
#2008 = LINE ( 'NONE', #3424, #242 ) ;
#2009 = ORIENTED_EDGE ( 'NONE', *, *, #1264, .F. ) ;
#2010 = ADVANCED_FACE ( 'NONE', ( #1224 ), #3608, .T. ) ;
#2011 = AXIS2_PLACEMENT_3D ( 'NONE', #165, #2777, #812 ) ;
#2012 = DIRECTION ( 'NONE',  ( -1.000000000000000000, -0.000000000000000000, -0.000000000000000000 ) ) ;
#2013 = CARTESIAN_POINT ( 'NONE',  ( 0.000000000000000000, 0.000000000000000000, 0.000000000000000000 ) ) ;
#2014 = AXIS2_PLACEMENT_3D ( 'NONE', #1997, #2595, #1079 ) ;
#2015 = VERTEX_POINT ( 'NONE', #2142 ) ;
#2016 = EDGE_CURVE ( 'NONE', #230, #462, #1519, .T. ) ;
#2017 = ORIENTED_EDGE ( 'NONE', *, *, #3286, .F. ) ;
#2018 = FACE_OUTER_BOUND ( 'NONE', #1197, .T. ) ;
#2019 = DIRECTION ( 'NONE',  ( -1.000000000000000000, 0.000000000000000000, -0.000000000000000000 ) ) ;
#2020 = DIRECTION ( 'NONE',  ( 0.000000000000000000, 0.000000000000000000, 1.000000000000000000 ) ) ;
#2021 = ORIENTED_EDGE ( 'NONE', *, *, #2506, .F. ) ;
#2022 = CARTESIAN_POINT ( 'NONE',  ( 0.000000000000000000, 0.000000000000000000, 0.000000000000000000 ) ) ;
#2023 = ORIENTED_EDGE ( 'NONE', *, *, #744, .F. ) ;
#2024 = ORIENTED_EDGE ( 'NONE', *, *, #2259, .T. ) ;
#2025 = AXIS2_PLACEMENT_3D ( 'NONE', #1748, #1418, #2315 ) ;
#2026 = AXIS2_PLACEMENT_3D ( 'NONE', #1136, #2819, #3126 ) ;
#2027 = CARTESIAN_POINT ( 'NONE',  ( 10.00000000000000000, 28.77836971167555546, 3.922283146167203860 ) ) ;
#2028 = DIRECTION ( 'NONE',  ( -1.000000000000000000, 0.000000000000000000, 0.000000000000000000 ) ) ;
#2029 = DIRECTION ( 'NONE',  ( 0.000000000000000000, 0.000000000000000000, 1.000000000000000000 ) ) ;
#2030 = ORIENTED_EDGE ( 'NONE', *, *, #3193, .F. ) ;
#2031 = TOROIDAL_SURFACE ( 'NONE', #2025, 28.88720356573499615, 0.5000000000000000000 ) ;
#2032 = AXIS2_PLACEMENT_3D ( 'NONE', #2081, #3264, #621 ) ;
#2033 = AXIS2_PLACEMENT_3D ( 'NONE', #3227, #3437, #790 ) ;
#2034 = AXIS2_PLACEMENT_3D ( 'NONE', #204, #2847, #221 ) ;
#2035 = CARTESIAN_POINT ( 'NONE',  ( 5.000000000000000000, 29.87082158197679504, 14.02619043147094047 ) ) ;
#2036 = LINE ( 'NONE', #201, #534 ) ;
#2037 = EDGE_CURVE ( 'NONE', #2662, #501, #670, .T. ) ;
#2038 = AXIS2_PLACEMENT_3D ( 'NONE', #2734, #3411, #3640 ) ;
#2039 = ORIENTED_EDGE ( 'NONE', *, *, #405, .T. ) ;
#2040 = AXIS2_PLACEMENT_3D ( 'NONE', #1385, #3309, #1050 ) ;
#2041 = ORIENTED_EDGE ( 'NONE', *, *, #2016, .T. ) ;
#2042 = CARTESIAN_POINT ( 'NONE',  ( 10.00000000000000000, -12.62331825623009074, 26.15780389372395831 ) ) ;
#2043 = CARTESIAN_POINT ( 'NONE',  ( 10.00000000000000000, 6.210201974346808207, -32.41039017722552273 ) ) ;
#2044 = CIRCLE ( 'NONE', #3087, 12.00000000001199574 ) ;
#2045 = EDGE_CURVE ( 'NONE', #219, #2948, #386, .T. ) ;
#2046 = VERTEX_POINT ( 'NONE', #2449 ) ;
#2047 = AXIS2_PLACEMENT_3D ( 'NONE', #3026, #2120, #2738 ) ;
#2048 = CARTESIAN_POINT ( 'NONE',  ( 5.000000000000000000, 14.02619043147124955, -29.87082158197664583 ) ) ;
#2049 = EDGE_CURVE ( 'NONE', #310, #1440, #985, .T. ) ;
#2050 = ORIENTED_EDGE ( 'NONE', *, *, #1241, .T. ) ;
#2051 = ORIENTED_EDGE ( 'NONE', *, *, #2843, .F. ) ;
#2052 = DIRECTION ( 'NONE',  ( 0.000000000000000000, 0.000000000000000000, 1.000000000000000000 ) ) ;
#2053 = ORIENTED_EDGE ( 'NONE', *, *, #244, .F. ) ;
#2054 = DIRECTION ( 'NONE',  ( 0.000000000000000000, 0.000000000000000000, -1.000000000000000000 ) ) ;
#2055 = CARTESIAN_POINT ( 'NONE',  ( 10.00000000000000000, 20.97672997851862675, -20.08869502354271930 ) ) ;
#2056 = EDGE_LOOP ( 'NONE', ( #571, #3463, #3772, #74 ) ) ;
#2057 = VERTEX_POINT ( 'NONE', #1504 ) ;
#2058 = DIRECTION ( 'NONE',  ( -1.000000000000000000, 0.000000000000000000, 0.000000000000000000 ) ) ;
#2059 = LINE ( 'NONE', #1495, #3577 ) ;
#2060 = ORIENTED_EDGE ( 'NONE', *, *, #2726, .T. ) ;
#2061 = EDGE_CURVE ( 'NONE', #3778, #1477, #1731, .T. ) ;
#2062 = CARTESIAN_POINT ( 'NONE',  ( 0.000000000000000000, 0.000000000000000000, 0.000000000000000000 ) ) ;
#2063 = VERTEX_POINT ( 'NONE', #1088 ) ;
#2064 = ORIENTED_EDGE ( 'NONE', *, *, #2172, .T. ) ;
#2065 = EDGE_CURVE ( 'NONE', #1087, #1237, #485, .T. ) ;
#2066 = DIRECTION ( 'NONE',  ( -1.000000000000000000, 0.000000000000000000, 0.000000000000000000 ) ) ;
#2067 = CARTESIAN_POINT ( 'NONE',  ( 0.000000000000000000, -28.77836971167552349, -3.922283146167417023 ) ) ;
#2068 = VERTEX_POINT ( 'NONE', #698 ) ;
#2069 = CARTESIAN_POINT ( 'NONE',  ( 10.00000000000000000, 6.210201974346350795, 32.41039017722560800 ) ) ;
#2070 = CARTESIAN_POINT ( 'NONE',  ( -14.93846535154493615, 5.041168590857531662, -1.500000000000000000 ) ) ;
#2071 = VERTEX_POINT ( 'NONE', #757 ) ;
#2072 = DIRECTION ( 'NONE',  ( 1.000000000000000000, -0.000000000000000000, -0.000000000000000000 ) ) ;
#2073 = CARTESIAN_POINT ( 'NONE',  ( 5.000000000000000000, 6.210201974346808207, -32.41039017722552273 ) ) ;
#2074 = AXIS2_PLACEMENT_3D ( 'NONE', #3085, #3705, #2500 ) ;
#2075 = AXIS2_PLACEMENT_3D ( 'NONE', #2911, #41, #2620 ) ;
#2076 = VERTEX_POINT ( 'NONE', #1635 ) ;
#2077 = CARTESIAN_POINT ( 'NONE',  ( 10.00000000000000000, -20.15523976789232208, 16.81595405857633452 ) ) ;
#2078 = VERTEX_POINT ( 'NONE', #1875 ) ;
#2079 = ORIENTED_EDGE ( 'NONE', *, *, #3248, .F. ) ;
#2080 = DIRECTION ( 'NONE',  ( 1.000000000000000000, -0.000000000000000000, -0.000000000000000000 ) ) ;
#2081 = CARTESIAN_POINT ( 'NONE',  ( 10.00000000000000000, 3.922283146167101275, 28.77836971167556257 ) ) ;
#2082 = EDGE_CURVE ( 'NONE', #729, #729, #547, .T. ) ;
#2083 = EDGE_LOOP ( 'NONE', ( #3803, #2252, #240, #3039 ) ) ;
#2084 = CIRCLE ( 'NONE', #735, 0.5000000000000004441 ) ;
#2085 = CARTESIAN_POINT ( 'NONE',  ( 10.00000000000000000, 0.000000000000000000, 0.000000000000000000 ) ) ;
#2086 = CIRCLE ( 'NONE', #1297, 26.24900000002600109 ) ;
#2087 = FACE_OUTER_BOUND ( 'NONE', #316, .T. ) ;
#2088 = EDGE_CURVE ( 'NONE', #749, #2452, #1174, .T. ) ;
#2089 = AXIS2_PLACEMENT_3D ( 'NONE', #465, #857, #539 ) ;
#2090 = CARTESIAN_POINT ( 'NONE',  ( 0.000000000000000000, 32.74317072229273862, -4.109108303874362988 ) ) ;
#2091 = VERTEX_POINT ( 'NONE', #3683 ) ;
#2092 = VECTOR ( 'NONE', #2387, 1000.000000000000000 ) ;
#2093 = CIRCLE ( 'NONE', #3704, 12.00000000001199751 ) ;
#2094 = LINE ( 'NONE', #888, #1975 ) ;
#2095 = DIRECTION ( 'NONE',  ( -1.000000000000000000, 0.000000000000000000, -0.000000000000000000 ) ) ;
#2096 = AXIS2_PLACEMENT_3D ( 'NONE', #2384, #3560, #2133 ) ;
#2097 = AXIS2_PLACEMENT_3D ( 'NONE', #3406, #3333, #171 ) ;
#2098 = ORIENTED_EDGE ( 'NONE', *, *, #2885, .T. ) ;
#2099 = CIRCLE ( 'NONE', #2593, 12.00000000001199929 ) ;
#2100 = EDGE_CURVE ( 'NONE', #1827, #2560, #1025, .T. ) ;
#2101 = LINE ( 'NONE', #3279, #2585 ) ;
#2102 = LINE ( 'NONE', #1829, #3402 ) ;
#2103 = CARTESIAN_POINT ( 'NONE',  ( -14.93846535154456312, 5.041168590858233323, 1.500000000000000000 ) ) ;
#2104 = AXIS2_PLACEMENT_3D ( 'NONE', #2246, #837, #2007 ) ;
#2105 = ORIENTED_EDGE ( 'NONE', *, *, #3118, .F. ) ;
#2106 = CARTESIAN_POINT ( 'NONE',  ( 10.00000000000000000, 25.45134530200261835, -6.421761699067253915 ) ) ;
#2107 = FACE_OUTER_BOUND ( 'NONE', #1891, .T. ) ;
#2108 = UNCERTAINTY_MEASURE_WITH_UNIT (LENGTH_MEASURE( 1.000000000000000082E-05 ), #1678, 'distance_accuracy_value', 'NONE');
#2109 = ORIENTED_EDGE ( 'NONE', *, *, #148, .F. ) ;
#2110 = EDGE_CURVE ( 'NONE', #1410, #2131, #2891, .T. ) ;
#2111 = DIRECTION ( 'NONE',  ( 1.000000000000000000, 0.000000000000000000, 0.000000000000000000 ) ) ;
#2112 = DIRECTION ( 'NONE',  ( -1.000000000000000000, 2.578204605077778061E-15, -2.463497253247752966E-15 ) ) ;
#2113 = FACE_OUTER_BOUND ( 'NONE', #3244, .T. ) ;
#2114 = ORIENTED_EDGE ( 'NONE', *, *, #1713, .F. ) ;
#2115 = EDGE_CURVE ( 'NONE', #1259, #2638, #1529, .T. ) ;
#2116 = CARTESIAN_POINT ( 'NONE',  ( 0.000000000000000000, 15.92161441429713875, -28.90505482514474167 ) ) ;
#2117 = DIRECTION ( 'NONE',  ( -1.000000000000000000, 0.000000000000000000, 0.000000000000000000 ) ) ;
#2118 = VERTEX_POINT ( 'NONE', #1910 ) ;
#2119 = FACE_OUTER_BOUND ( 'NONE', #645, .T. ) ;
#2120 = DIRECTION ( 'NONE',  ( -1.000000000000000000, 0.000000000000000000, 0.000000000000000000 ) ) ;
#2121 = FACE_OUTER_BOUND ( 'NONE', #3799, .T. ) ;
#2122 = ORIENTED_EDGE ( 'NONE', *, *, #405, .F. ) ;
#2123 = DIRECTION ( 'NONE',  ( 0.000000000000000000, -0.9510565162951565288, 0.3090169943749384029 ) ) ;
#2124 = CARTESIAN_POINT ( 'NONE',  ( 0.000000000000000000, 0.000000000000000000, 0.000000000000000000 ) ) ;
#2125 = ORIENTED_EDGE ( 'NONE', *, *, #1563, .T. ) ;
#2126 = ADVANCED_BREP_SHAPE_REPRESENTATION ( 'Part 2 Gear', ( #582, #3648 ), #2842 ) ;
#2127 = CARTESIAN_POINT ( 'NONE',  ( 0.000000000000000000, 0.000000000000000000, 0.000000000000000000 ) ) ;
#2128 = DIRECTION ( 'NONE',  ( -1.000000000000000000, 0.000000000000000000, 0.000000000000000000 ) ) ;
#2129 = ADVANCED_FACE ( 'NONE', ( #1929, #3377 ), #1235, .T. ) ;
#2130 = DIRECTION ( 'NONE',  ( 0.000000000000000000, 0.8090169943749444537, 0.5877852522924772449 ) ) ;
#2131 = VERTEX_POINT ( 'NONE', #1614 ) ;
#2132 = CARTESIAN_POINT ( 'NONE',  ( -4.988160840765734960, 14.38939177806233083, -21.95354954680810877 ) ) ;
#2133 = DIRECTION ( 'NONE',  ( 0.000000000000000000, 0.000000000000000000, 1.000000000000000000 ) ) ;
#2134 = EDGE_CURVE ( 'NONE', #410, #2341, #3088, .T. ) ;
#2135 = VERTEX_POINT ( 'NONE', #133 ) ;
#2136 = CIRCLE ( 'NONE', #3675, 12.00000000001199574 ) ;
#2137 = DIRECTION ( 'NONE',  ( 1.000000000000000000, -0.000000000000000000, -0.000000000000000000 ) ) ;
#2138 = CARTESIAN_POINT ( 'NONE',  ( -15.00005080000000035, 0.000000000000000000, 0.000000000000000000 ) ) ;
#2139 = DIRECTION ( 'NONE',  ( 0.000000000000000000, -0.8090169943749403458, -0.5877852522924829071 ) ) ;
#2140 = AXIS2_PLACEMENT_3D ( 'NONE', #848, #2867, #2977 ) ;
#2141 = VERTEX_POINT ( 'NONE', #2545 ) ;
#2142 = CARTESIAN_POINT ( 'NONE',  ( 10.00000000000000000, -32.74317072229271730, -4.109108303874590362 ) ) ;
#2143 = ORIENTED_EDGE ( 'NONE', *, *, #3766, .F. ) ;
#2144 = B_SPLINE_CURVE_WITH_KNOTS ( 'NONE', 3,
 ( #1182, #2353, #1774, #1348, #1920, #3658 ),
 .UNSPECIFIED., .F., .F.,
 ( 4, 2, 4 ),
 ( 0.000000000000000000, 0.0004035881776322012377, 0.0008071763552644024755 ),
 .UNSPECIFIED. ) ;
#2145 = CARTESIAN_POINT ( 'NONE',  ( 5.000000000000000000, -29.87082158197669557, -14.02619043147114652 ) ) ;
#2146 = CARTESIAN_POINT ( 'NONE',  ( 5.000000000000000000, -6.210201974346584386, 32.41039017722556537 ) ) ;
#2147 = DIRECTION ( 'NONE',  ( 0.000000000000000000, 0.000000000000000000, 1.000000000000000000 ) ) ;
#2148 = VECTOR ( 'NONE', #626, 1000.000000000000000 ) ;
#2149 = ORIENTED_EDGE ( 'NONE', *, *, #3163, .F. ) ;
#2150 = DIRECTION ( 'NONE',  ( -1.000000000000000000, -0.000000000000000000, 0.000000000000000000 ) ) ;
#2151 = CIRCLE ( 'NONE', #2338, 12.00000000001199751 ) ;
#2152 = AXIS2_PLACEMENT_3D ( 'NONE', #2729, #3349, #2761 ) ;
#2153 = DIRECTION ( 'NONE',  ( -1.000000000000000000, 0.000000000000000000, 0.000000000000000000 ) ) ;
#2154 = AXIS2_PLACEMENT_3D ( 'NONE', #2298, #2003, #876 ) ;
#2155 = AXIS2_PLACEMENT_3D ( 'NONE', #2321, #2875, #234 ) ;
#2156 = ORIENTED_EDGE ( 'NONE', *, *, #1563, .F. ) ;
#2157 = CARTESIAN_POINT ( 'NONE',  ( -5.259783970180407664, 14.84564153829820654, 21.65262351299612931 ) ) ;
#2158 = EDGE_CURVE ( 'NONE', #3100, #3100, #1609, .T. ) ;
#2159 = DIRECTION ( 'NONE',  ( -1.000000000000000000, -0.000000000000000000, -0.000000000000000000 ) ) ;
#2160 = VECTOR ( 'NONE', #1396, 1000.000000000000000 ) ;
#2161 = DIRECTION ( 'NONE',  ( 0.000000000000000000, 0.000000000000000000, 1.000000000000000000 ) ) ;
#2162 = AXIS2_PLACEMENT_3D ( 'NONE', #775, #1946, #1070 ) ;
#2163 = ORIENTED_EDGE ( 'NONE', *, *, #169, .T. ) ;
#2164 = AXIS2_PLACEMENT_3D ( 'NONE', #1784, #1769, #353 ) ;
#2165 = EDGE_CURVE ( 'NONE', #70, #1036, #2527, .T. ) ;
#2166 = CARTESIAN_POINT ( 'NONE',  ( -14.50005079999999857, 0.000000000000000000, 0.000000000000000000 ) ) ;
#2167 = AXIS2_PLACEMENT_3D ( 'NONE', #3499, #1516, #3792 ) ;
#2168 = ORIENTED_EDGE ( 'NONE', *, *, #2251, .T. ) ;
#2169 = DIRECTION ( 'NONE',  ( 0.000000000000000000, 0.000000000000000000, 1.000000000000000000 ) ) ;
#2170 = CARTESIAN_POINT ( 'NONE',  ( -5.500050799999999462, 14.00272098155366862, 21.60867432569866509 ) ) ;
#2171 = DIRECTION ( 'NONE',  ( 0.000000000000000000, 0.5877852522924685852, 0.8090169943749506709 ) ) ;
#2172 = EDGE_CURVE ( 'NONE', #699, #673, #3759, .T. ) ;
#2173 = ORIENTED_EDGE ( 'NONE', *, *, #223, .T. ) ;
#2174 = DIRECTION ( 'NONE',  ( 0.000000000000000000, 0.000000000000000000, 1.000000000000000000 ) ) ;
#2175 = VERTEX_POINT ( 'NONE', #3728 ) ;
#2176 = CARTESIAN_POINT ( 'NONE',  ( -5.246342861998179785, 14.41398663921487611, 21.22130771793469961 ) ) ;
#2177 = B_SPLINE_CURVE_WITH_KNOTS ( 'NONE', 3,
 ( #2103, #3281, #2849, #2793, #3398, #1633 ),
 .UNSPECIFIED., .F., .F.,
 ( 4, 2, 4 ),
 ( 0.0002806485654092418739, 0.0005465302554064375767, 0.0008124119454036332795 ),
 .UNSPECIFIED. ) ;
#2178 = CARTESIAN_POINT ( 'NONE',  ( 0.000000000000000000, -13.97235653801641320, -22.22123429910966763 ) ) ;
#2179 = DIRECTION ( 'NONE',  ( -1.000000000000000000, 0.000000000000000000, -0.000000000000000000 ) ) ;
#2180 = EDGE_CURVE ( 'NONE', #2131, #699, #2216, .T. ) ;
#2181 = ORIENTED_EDGE ( 'NONE', *, *, #624, .T. ) ;
#2182 = CARTESIAN_POINT ( 'NONE',  ( -14.93846535154456312, 5.041168590858233323, 1.500000000000000000 ) ) ;
#2183 = DIRECTION ( 'NONE',  ( 1.000000000000000000, 0.000000000000000000, 0.000000000000000000 ) ) ;
#2184 = ORIENTED_EDGE ( 'NONE', *, *, #3813, .F. ) ;
#2185 = EDGE_CURVE ( 'NONE', #2452, #3319, #2488, .T. ) ;
#2186 = CARTESIAN_POINT ( 'NONE',  ( 10.00000000000000000, 12.62331825623028436, -26.15780389372386239 ) ) ;
#2187 = DIRECTION ( 'NONE',  ( -1.000000000000000000, 0.000000000000000000, 0.000000000000000000 ) ) ;
#2188 = CARTESIAN_POINT ( 'NONE',  ( 0.000000000000000000, 0.000000000000000000, 0.000000000000000000 ) ) ;
#2189 = APPLICATION_CONTEXT ( 'automotive_design' ) ;
#2190 = VERTEX_POINT ( 'NONE', #3651 ) ;
#2191 = FACE_OUTER_BOUND ( 'NONE', #3413, .T. ) ;
#2192 = VERTEX_POINT ( 'NONE', #3360 ) ;
#2193 = CARTESIAN_POINT ( 'NONE',  ( 10.00000000000000000, 13.74230757954352278, 25.58765035578321090 ) ) ;
#2194 = LINE ( 'NONE', #1924, #552 ) ;
#2195 = DIRECTION ( 'NONE',  ( -1.000000000000000000, -0.000000000000000000, -0.000000000000000000 ) ) ;
#2196 = DIRECTION ( 'NONE',  ( 0.000000000000000000, 0.000000000000000000, 1.000000000000000000 ) ) ;
#2197 = ORIENTED_EDGE ( 'NONE', *, *, #475, .F. ) ;
#2198 = CARTESIAN_POINT ( 'NONE',  ( 10.00000000000000000, -20.97672997851849175, 20.08869502354286851 ) ) ;
#2199 = EDGE_CURVE ( 'NONE', #2210, #3050, #1889, .T. ) ;
#2200 = AXIS2_PLACEMENT_3D ( 'NONE', #3581, #1701, #2130 ) ;
#2201 = ORIENTED_EDGE ( 'NONE', *, *, #3291, .T. ) ;
#2202 =( GEOMETRIC_REPRESENTATION_CONTEXT ( 3 ) GLOBAL_UNCERTAINTY_ASSIGNED_CONTEXT ( ( #2108 ) ) GLOBAL_UNIT_ASSIGNED_CONTEXT ( ( #1678, #2861, #2308 ) ) REPRESENTATION_CONTEXT ( 'NONE', 'WORKASPACE' ) );
#2203 = ADVANCED_FACE ( 'NONE', ( #253 ), #2031, .F. ) ;
#2204 = DIRECTION ( 'NONE',  ( 0.000000000000000000, 0.000000000000000000, 1.000000000000000000 ) ) ;
#2205 = LINE ( 'NONE', #3093, #2212 ) ;
#2206 = LINE ( 'NONE', #743, #1164 ) ;
#2207 = VERTEX_POINT ( 'NONE', #2639 ) ;
#2208 = EDGE_CURVE ( 'NONE', #3798, #2207, #1963, .T. ) ;
#2209 = DIRECTION ( 'NONE',  ( 1.000000000000000000, 0.000000000000000000, 0.000000000000000000 ) ) ;
#2210 = VERTEX_POINT ( 'NONE', #1761 ) ;
#2211 = AXIS2_PLACEMENT_3D ( 'NONE', #589, #3221, #1808 ) ;
#2212 = VECTOR ( 'NONE', #505, 1000.000000000000000 ) ;
#2213 = CARTESIAN_POINT ( 'NONE',  ( -5.407355589977324684, 14.80927759317005865, 21.68099716694340273 ) ) ;
#2214 = DIRECTION ( 'NONE',  ( -1.000000000000000000, -0.000000000000000000, -0.000000000000000000 ) ) ;
#2215 = DIRECTION ( 'NONE',  ( 0.000000000000000000, 0.000000000000000000, 1.000000000000000000 ) ) ;
#2216 = CIRCLE ( 'NONE', #1047, 26.24900000002625333 ) ;
#2217 = AXIS2_PLACEMENT_3D ( 'NONE', #2377, #3552, #3246 ) ;
#2218 = DIRECTION ( 'NONE',  ( 1.000000000000000000, 0.000000000000000000, 0.000000000000000000 ) ) ;
#2219 = ORIENTED_EDGE ( 'NONE', *, *, #194, .T. ) ;
#2220 = EDGE_CURVE ( 'NONE', #2078, #156, #1356, .T. ) ;
#2221 = AXIS2_PLACEMENT_3D ( 'NONE', #1021, #1662, #752 ) ;
#2222 = AXIS2_PLACEMENT_3D ( 'NONE', #549, #2294, #184 ) ;
#2223 = DIRECTION ( 'NONE',  ( -1.000000000000000000, 0.000000000000000000, 0.000000000000000000 ) ) ;
#2224 = DIRECTION ( 'NONE',  ( -1.000000000000000000, -0.000000000000000000, 0.000000000000000000 ) ) ;
#2225 = ORIENTED_EDGE ( 'NONE', *, *, #835, .F. ) ;
#2226 = AXIS2_PLACEMENT_3D ( 'NONE', #3698, #3389, #3368 ) ;
#2227 = CIRCLE ( 'NONE', #1792, 5.500000000000000000 ) ;
#2228 = DIRECTION ( 'NONE',  ( 0.000000000000000000, -0.3090169943749349613, -0.9510565162951576390 ) ) ;
#2229 = VECTOR ( 'NONE', #3486, 1000.000000000000000 ) ;
#2230 = DIRECTION ( 'NONE',  ( 0.000000000000000000, 0.8090169943749486725, -0.5877852522924712497 ) ) ;
#2231 = DIRECTION ( 'NONE',  ( -1.000000000000000000, 0.000000000000000000, 0.000000000000000000 ) ) ;
#2232 = ORIENTED_EDGE ( 'NONE', *, *, #2795, .T. ) ;
#2233 = AXIS2_PLACEMENT_3D ( 'NONE', #3297, #1752, #3589 ) ;
#2234 = ADVANCED_FACE ( 'NONE', ( #3824 ), #3477, .T. ) ;
#2235 = CARTESIAN_POINT ( 'NONE',  ( -14.50005080000000035, 14.00272098155366862, 21.60867432569866509 ) ) ;
#2236 = EDGE_CURVE ( 'NONE', #665, #2512, #2914, .T. ) ;
#2237 = ORIENTED_EDGE ( 'NONE', *, *, #2251, .F. ) ;
#2238 = CARTESIAN_POINT ( 'NONE',  ( -5.000050800000000351, 14.85083652457632120, -21.03482007343209048 ) ) ;
#2239 = DIRECTION ( 'NONE',  ( 0.000000000000000000, 0.000000000000000000, 1.000000000000000000 ) ) ;
#2240 = CARTESIAN_POINT ( 'NONE',  ( 0.000000000000000000, 20.97672997851834964, 20.08869502354301773 ) ) ;
#2241 = CARTESIAN_POINT ( 'NONE',  ( 10.00000000000000000, -20.97672997851820753, -20.08869502354315628 ) ) ;
#2242 = DIRECTION ( 'NONE',  ( -1.000000000000000000, 0.000000000000000000, 0.000000000000000000 ) ) ;
#2243 = CARTESIAN_POINT ( 'NONE',  ( 0.000000000000000000, -5.162692366396147925, 28.58190819155619877 ) ) ;
#2244 = ORIENTED_EDGE ( 'NONE', *, *, #1031, .T. ) ;
#2245 = DIRECTION ( 'NONE',  ( -1.000000000000000000, 0.000000000000000000, 0.000000000000000000 ) ) ;
#2246 = CARTESIAN_POINT ( 'NONE',  ( -1.000050799999999906, 34.64999999999999858, 0.000000000000000000 ) ) ;
#2247 = CARTESIAN_POINT ( 'NONE',  ( 0.000000000000000000, -6.210201974346584386, 32.41039017722556537 ) ) ;
#2248 = ORIENTED_EDGE ( 'NONE', *, *, #2490, .T. ) ;
#2249 = DIRECTION ( 'NONE',  ( -1.000000000000000000, 0.000000000000000000, 0.000000000000000000 ) ) ;
#2250 = LINE ( 'NONE', #3129, #3810 ) ;
#2251 = EDGE_CURVE ( 'NONE', #637, #2489, #870, .T. ) ;
#2252 = ORIENTED_EDGE ( 'NONE', *, *, #251, .T. ) ;
#2253 = CARTESIAN_POINT ( 'NONE',  ( 10.00000000000000000, -3.922283146166886336, -28.77836971167559810 ) ) ;
#2254 = DIRECTION ( 'NONE',  ( 1.000000000000000000, 0.000000000000000000, 0.000000000000000000 ) ) ;
#2255 = EDGE_CURVE ( 'NONE', #322, #91, #3010, .T. ) ;
#2256 = DIRECTION ( 'NONE',  ( 1.000000000000000000, 0.000000000000000000, 0.000000000000000000 ) ) ;
#2257 = VERTEX_POINT ( 'NONE', #1460 ) ;
#2258 = CARTESIAN_POINT ( 'NONE',  ( 10.00000000000000000, 5.162692366395940979, 28.58190819155623430 ) ) ;
#2259 = EDGE_CURVE ( 'NONE', #3185, #1186, #178, .T. ) ;
#2260 = DIRECTION ( 'NONE',  ( 0.000000000000000000, 0.000000000000000000, 1.000000000000000000 ) ) ;
#2261 = ORIENTED_EDGE ( 'NONE', *, *, #643, .T. ) ;
#2262 = CARTESIAN_POINT ( 'NONE',  ( 10.00000000000000000, 26.15780389372418568, -12.62331825622962000 ) ) ;
#2263 = DIRECTION ( 'NONE',  ( 0.000000000000000000, 1.000000000000000000, 3.491481338843133750E-15 ) ) ;
#2264 = CARTESIAN_POINT ( 'NONE',  ( 5.000000000000000000, -28.90505482514479141, -15.92161441429703750 ) ) ;
#2265 = ORIENTED_EDGE ( 'NONE', *, *, #1747, .F. ) ;
#2266 = CIRCLE ( 'NONE', #3747, 12.00000000001199751 ) ;
#2267 = DIRECTION ( 'NONE',  ( 0.000000000000000000, 0.000000000000000000, 1.000000000000000000 ) ) ;
#2268 = CARTESIAN_POINT ( 'NONE',  ( -14.50005080000000035, 34.64999999999999858, 0.000000000000000000 ) ) ;
#2269 = ORIENTED_EDGE ( 'NONE', *, *, #3506, .T. ) ;
#2270 = DIRECTION ( 'NONE',  ( 0.000000000000000000, -6.938893903900291924E-15, 1.000000000000000000 ) ) ;
#2271 = DIRECTION ( 'NONE',  ( 0.000000000000000000, -1.000000000000000000, -0.000000000000000000 ) ) ;
#2272 = DIRECTION ( 'NONE',  ( 0.000000000000000000, 0.8090169943749487835, -0.5877852522924712497 ) ) ;
#2273 = ORIENTED_EDGE ( 'NONE', *, *, #963, .F. ) ;
#2274 = EDGE_CURVE ( 'NONE', #1128, #1982, #1428, .T. ) ;
#2275 = LINE ( 'NONE', #3459, #57 ) ;
#2276 = AXIS2_PLACEMENT_3D ( 'NONE', #2564, #1111, #2282 ) ;
#2277 = CIRCLE ( 'NONE', #369, 33.00000000003299760 ) ;
#2278 = ORIENTED_EDGE ( 'NONE', *, *, #2065, .T. ) ;
#2279 = ORIENTED_EDGE ( 'NONE', *, *, #1327, .F. ) ;
#2280 = VECTOR ( 'NONE', #1902, 1000.000000000000000 ) ;
#2281 = ADVANCED_FACE ( 'NONE', ( #3182, #3493 ), #498, .T. ) ;
#2282 = DIRECTION ( 'NONE',  ( 0.000000000000000000, 0.000000000000000000, -1.000000000000000000 ) ) ;
#2283 = DIRECTION ( 'NONE',  ( -1.000000000000000000, 0.000000000000000000, 0.000000000000000000 ) ) ;
#2284 = AXIS2_PLACEMENT_3D ( 'NONE', #2848, #1718, #1457 ) ;
#2285 = DIRECTION ( 'NONE',  ( 0.000000000000000000, 0.000000000000000000, 1.000000000000000000 ) ) ;
#2286 = CIRCLE ( 'NONE', #2775, 33.00000000003299760 ) ;
#2287 = VERTEX_POINT ( 'NONE', #851 ) ;
#2288 = AXIS2_PLACEMENT_3D ( 'NONE', #2085, #1173, #319 ) ;
#2289 = CARTESIAN_POINT ( 'NONE',  ( 0.000000000000000000, -22.57029131342004646, 24.07450830296505018 ) ) ;
#2290 = SURFACE_STYLE_USAGE ( .BOTH. , #3736 ) ;
#2291 = CIRCLE ( 'NONE', #2104, 9.000000000000000000 ) ;
#2292 = VERTEX_POINT ( 'NONE', #1147 ) ;
#2293 = ORIENTED_EDGE ( 'NONE', *, *, #3101, .F. ) ;
#2294 = DIRECTION ( 'NONE',  ( -0.000000000000000000, 0.8169179414117320182, -0.5767539137271788796 ) ) ;
#2295 = FACE_OUTER_BOUND ( 'NONE', #220, .T. ) ;
#2296 = CARTESIAN_POINT ( 'NONE',  ( 0.000000000000000000, 13.97235653801657840, 22.22123429910956460 ) ) ;
#2297 = ORIENTED_EDGE ( 'NONE', *, *, #2656, .T. ) ;
#2298 = CARTESIAN_POINT ( 'NONE',  ( 0.000000000000000000, -5.162692366395742027, -28.58190819155626627 ) ) ;
#2299 = EDGE_CURVE ( 'NONE', #2973, #2422, #613, .T. ) ;
#2300 = ORIENTED_EDGE ( 'NONE', *, *, #2674, .F. ) ;
#2301 = ORIENTED_EDGE ( 'NONE', *, *, #1960, .F. ) ;
#2302 = CARTESIAN_POINT ( 'NONE',  ( 0.000000000000000000, 0.000000000000000000, 0.000000000000000000 ) ) ;
#2303 = CARTESIAN_POINT ( 'NONE',  ( 10.00000000000000000, 0.000000000000000000, 0.000000000000000000 ) ) ;
#2304 = LINE ( 'NONE', #3483, #2343 ) ;
#2305 = ADVANCED_FACE ( 'NONE', ( #2929 ), #1722, .F. ) ;
#2306 = ORIENTED_EDGE ( 'NONE', *, *, #3248, .T. ) ;
#2307 = DIRECTION ( 'NONE',  ( 0.000000000000000000, 0.000000000000000000, 1.000000000000000000 ) ) ;
#2308 =( NAMED_UNIT ( * ) SI_UNIT ( $, .STERADIAN. ) SOLID_ANGLE_UNIT ( ) );
#2309 = ORIENTED_EDGE ( 'NONE', *, *, #2375, .T. ) ;
#2310 = ORIENTED_EDGE ( 'NONE', *, *, #3718, .T. ) ;
#2311 = CARTESIAN_POINT ( 'NONE',  ( -5.453919330279734190, 14.80555220543197414, -21.68423094416907304 ) ) ;
#2312 = CARTESIAN_POINT ( 'NONE',  ( -1.000050799999999906, 34.64999999999999858, -9.000000000000000000 ) ) ;
#2313 = CARTESIAN_POINT ( 'NONE',  ( 10.00000000000000000, 28.77836971167560876, -3.922283146166785528 ) ) ;
#2314 = ORIENTED_EDGE ( 'NONE', *, *, #434, .F. ) ;
#2315 = DIRECTION ( 'NONE',  ( 0.000000000000000000, 0.000000000000000000, 1.000000000000000000 ) ) ;
#2316 = ORIENTED_EDGE ( 'NONE', *, *, #1470, .T. ) ;
#2317 = ORIENTED_EDGE ( 'NONE', *, *, #2185, .F. ) ;
#2318 = EDGE_CURVE ( 'NONE', #2192, #1237, #1492, .T. ) ;
#2319 = DIRECTION ( 'NONE',  ( -1.000000000000000000, -0.000000000000000000, 0.000000000000000000 ) ) ;
#2320 = CARTESIAN_POINT ( 'NONE',  ( 0.000000000000000000, 14.02619043147083389, 29.87082158197684834 ) ) ;
#2321 = CARTESIAN_POINT ( 'NONE',  ( 0.000000000000000000, 0.000000000000000000, 0.000000000000000000 ) ) ;
#2322 = ORIENTED_EDGE ( 'NONE', *, *, #411, .F. ) ;
#2323 = AXIS2_PLACEMENT_3D ( 'NONE', #1280, #1831, #32 ) ;
#2324 = ADVANCED_FACE ( 'NONE', ( #1479 ), #1703, .T. ) ;
#2325 = DIRECTION ( 'NONE',  ( -1.000000000000000000, 0.000000000000000000, 0.000000000000000000 ) ) ;
#2326 = DIRECTION ( 'NONE',  ( -1.000000000000000000, 0.000000000000000000, -0.000000000000000000 ) ) ;
#2327 = CIRCLE ( 'NONE', #2075, 26.24900000002600109 ) ;
#2328 = VERTEX_POINT ( 'NONE', #1107 ) ;
#2329 = ORIENTED_EDGE ( 'NONE', *, *, #568, .F. ) ;
#2330 = EDGE_CURVE ( 'NONE', #1345, #2068, #2275, .T. ) ;
#2331 = CARTESIAN_POINT ( 'NONE',  ( -4.500050809428509879, 15.03003581945152334, -21.52035978952417139 ) ) ;
#2332 = CARTESIAN_POINT ( 'NONE',  ( 0.000000000000000000, 25.45134530200261835, -6.421761699067253915 ) ) ;
#2333 = ORIENTED_EDGE ( 'NONE', *, *, #2348, .F. ) ;
#2334 = CARTESIAN_POINT ( 'NONE',  ( 0.000000000000000000, 0.000000000000000000, 0.000000000000000000 ) ) ;
#2335 = ORIENTED_EDGE ( 'NONE', *, *, #3051, .T. ) ;
#2336 = EDGE_CURVE ( 'NONE', #1290, #322, #3076, .T. ) ;
#2337 = ORIENTED_EDGE ( 'NONE', *, *, #2487, .T. ) ;
#2338 = AXIS2_PLACEMENT_3D ( 'NONE', #3168, #1707, #952 ) ;
#2339 = DIRECTION ( 'NONE',  ( -1.000000000000000000, 0.000000000000000000, -0.000000000000000000 ) ) ;
#2340 = DIRECTION ( 'NONE',  ( 0.000000000000000000, -0.3090169943749548898, 0.9510565162951511997 ) ) ;
#2341 = VERTEX_POINT ( 'NONE', #3562 ) ;
#2342 = AXIS2_PLACEMENT_3D ( 'NONE', #3703, #3061, #1630 ) ;
#2343 = VECTOR ( 'NONE', #838, 1000.000000000000000 ) ;
#2344 = AXIS2_PLACEMENT_3D ( 'NONE', #2927, #946, #3276 ) ;
#2345 = CIRCLE ( 'NONE', #3763, 26.24900000002625333 ) ;
#2346 = CARTESIAN_POINT ( 'NONE',  ( 5.000000000000000000, 28.90505482514491575, 15.92161441429682256 ) ) ;
#2347 = DIRECTION ( 'NONE',  ( 0.000000000000000000, 0.000000000000000000, 1.000000000000000000 ) ) ;
#2348 = EDGE_CURVE ( 'NONE', #3558, #3003, #3296, .T. ) ;
#2349 = CIRCLE ( 'NONE', #2835, 12.00000000001199396 ) ;
#2350 = ORIENTED_EDGE ( 'NONE', *, *, #600, .F. ) ;
#2351 = VERTEX_POINT ( 'NONE', #2357 ) ;
#2352 = CARTESIAN_POINT ( 'NONE',  ( -5.115347419406194973, 14.93513208503242495, -21.58758793536529197 ) ) ;
#2353 = CARTESIAN_POINT ( 'NONE',  ( -5.000050799999999462, 24.26132820064030682, 9.000000000000001776 ) ) ;
#2354 = EDGE_CURVE ( 'NONE', #2599, #3171, #633, .T. ) ;
#2355 = ORIENTED_EDGE ( 'NONE', *, *, #1185, .F. ) ;
#2356 = AXIS2_PLACEMENT_3D ( 'NONE', #196, #1112, #1386 ) ;
#2357 = CARTESIAN_POINT ( 'NONE',  ( 10.00000000000000000, 6.421761699067515039, 25.45134530200255796 ) ) ;
#2358 = ORIENTED_EDGE ( 'NONE', *, *, #1092, .F. ) ;
#2359 = ORIENTED_EDGE ( 'NONE', *, *, #3386, .F. ) ;
#2360 = DIRECTION ( 'NONE',  ( -1.000000000000000000, 0.000000000000000000, 0.000000000000000000 ) ) ;
#2361 = CARTESIAN_POINT ( 'NONE',  ( -10.00000000000000000, 0.000000000000000000, 0.000000000000000000 ) ) ;
#2362 = ORIENTED_EDGE ( 'NONE', *, *, #3073, .T. ) ;
#2363 = LINE ( 'NONE', #2035, #2408 ) ;
#2364 = DIRECTION ( 'NONE',  ( 0.000000000000000000, 0.000000000000000000, 1.000000000000000000 ) ) ;
#2365 = ORIENTED_EDGE ( 'NONE', *, *, #1531, .F. ) ;
#2366 = EDGE_LOOP ( 'NONE', ( #3657, #1702, #151, #2786 ) ) ;
#2367 = CARTESIAN_POINT ( 'NONE',  ( -5.061938451035065789, 14.60308998601361985, -21.14398703766913101 ) ) ;
#2368 = ADVANCED_FACE ( 'NONE', ( #2119, #3257 ), #46, .T. ) ;
#2369 = PLANE ( 'NONE',  #2344 ) ;
#2370 = ORIENTED_EDGE ( 'NONE', *, *, #716, .F. ) ;
#2371 = ADVANCED_FACE ( 'NONE', ( #2409 ), #3588, .F. ) ;
#2372 = CARTESIAN_POINT ( 'NONE',  ( 10.00000000000000000, 12.62331825622990600, 26.15780389372405423 ) ) ;
#2373 = ORIENTED_EDGE ( 'NONE', *, *, #2299, .F. ) ;
#2374 = ORIENTED_EDGE ( 'NONE', *, *, #1085, .F. ) ;
#2375 = EDGE_CURVE ( 'NONE', #1756, #156, #3547, .T. ) ;
#2376 = LINE ( 'NONE', #1799, #1785 ) ;
#2377 = CARTESIAN_POINT ( 'NONE',  ( 0.000000000000000000, 0.000000000000000000, 0.000000000000000000 ) ) ;
#2378 = ORIENTED_EDGE ( 'NONE', *, *, #1196, .T. ) ;
#2379 = CARTESIAN_POINT ( 'NONE',  ( 0.000000000000000000, 0.000000000000000000, 0.000000000000000000 ) ) ;
#2380 = CARTESIAN_POINT ( 'NONE',  ( -15.00005080000000035, 4.941999496082194021, -2.203747409148482994 ) ) ;
#2381 = DIRECTION ( 'NONE',  ( -1.000000000000000000, 0.000000000000000000, 0.000000000000000000 ) ) ;
#2382 = ORIENTED_EDGE ( 'NONE', *, *, #3101, .T. ) ;
#2383 = LINE ( 'NONE', #920, #2591 ) ;
#2384 = CARTESIAN_POINT ( 'NONE',  ( -10.00000000000000000, 0.000000000000000000, 0.000000000000000000 ) ) ;
#2385 = AXIS2_PLACEMENT_3D ( 'NONE', #2013, #824, #3427 ) ;
#2386 = VERTEX_POINT ( 'NONE', #1849 ) ;
#2387 = DIRECTION ( 'NONE',  ( 1.000000000000000000, -0.000000000000000000, -0.000000000000000000 ) ) ;
#2388 = DIRECTION ( 'NONE',  ( 0.000000000000000000, 0.000000000000000000, 1.000000000000000000 ) ) ;
#2389 = CARTESIAN_POINT ( 'NONE',  ( -5.000050800000000351, 0.000000000000000000, 1.500000000000000000 ) ) ;
#2390 = EDGE_CURVE ( 'NONE', #3781, #3336, #71, .T. ) ;
#2391 = ORIENTED_EDGE ( 'NONE', *, *, #223, .F. ) ;
#2392 = CARTESIAN_POINT ( 'NONE',  ( 10.00000000000000000, -20.08869502354309589, 20.97672997851826793 ) ) ;
#2393 = CARTESIAN_POINT ( 'NONE',  ( 0.000000000000000000, 6.421761699067872975, -25.45134530200246203 ) ) ;
#2394 = EDGE_LOOP ( 'NONE', ( #1411, #2480, #1435, #1767 ) ) ;
#2395 = EDGE_CURVE ( 'NONE', #3319, #226, #1970, .T. ) ;
#2396 = CARTESIAN_POINT ( 'NONE',  ( -5.500050799999999462, 14.34814103687991427, -21.24717054234583458 ) ) ;
#2397 = AXIS2_PLACEMENT_3D ( 'NONE', #2780, #711, #1665 ) ;
#2398 = DIRECTION ( 'NONE',  ( -3.469446951953611033E-15, -1.000000000000000000, 0.000000000000000000 ) ) ;
#2399 = VECTOR ( 'NONE', #315, 1000.000000000000000 ) ;
#2400 = CARTESIAN_POINT ( 'NONE',  ( 10.00000000000000000, 0.000000000000000000, 0.000000000000000000 ) ) ;
#2401 = EDGE_LOOP ( 'NONE', ( #2317, #207, #1874, #2362 ) ) ;
#2402 = AXIS2_PLACEMENT_3D ( 'NONE', #2483, #2466, #105 ) ;
#2403 = AXIS2_PLACEMENT_3D ( 'NONE', #2771, #1923, #3098 ) ;
#2404 = CARTESIAN_POINT ( 'NONE',  ( -5.013053319506306060, 15.08061878171763937, -21.48464760728493772 ) ) ;
#2405 = DIRECTION ( 'NONE',  ( 0.000000000000000000, 0.000000000000000000, 1.000000000000000000 ) ) ;
#2406 = CIRCLE ( 'NONE', #2650, 12.00000000001199929 ) ;
#2407 = VERTEX_POINT ( 'NONE', #2077 ) ;
#2408 = VECTOR ( 'NONE', #296, 1000.000000000000000 ) ;
#2409 = FACE_OUTER_BOUND ( 'NONE', #1425, .T. ) ;
#2410 = CARTESIAN_POINT ( 'NONE',  ( 10.00000000000000000, -13.74230757954370397, 25.58765035578311497 ) ) ;
#2411 = ORIENTED_EDGE ( 'NONE', *, *, #2962, .T. ) ;
#2412 = VECTOR ( 'NONE', #1074, 1000.000000000000000 ) ;
#2413 = ORIENTED_EDGE ( 'NONE', *, *, #923, .F. ) ;
#2414 = CARTESIAN_POINT ( 'NONE',  ( -5.000050800000000351, 14.85083652457632120, 21.03482007343209048 ) ) ;
#2415 = ADVANCED_FACE ( 'NONE', ( #927 ), #1812, .T. ) ;
#2416 = CARTESIAN_POINT ( 'NONE',  ( 10.00000000000000000, 32.41039017722567905, -6.210201974346015952 ) ) ;
#2417 = VERTEX_POINT ( 'NONE', #88 ) ;
#2418 = EDGE_CURVE ( 'NONE', #596, #1300, #2101, .T. ) ;
#2419 = CARTESIAN_POINT ( 'NONE',  ( -15.00005080000000035, 34.64999999999999858, 0.000000000000000000 ) ) ;
#2420 = LINE ( 'NONE', #642, #2148 ) ;
#2421 = CARTESIAN_POINT ( 'NONE',  ( 10.00000000000000000, 9.764611071148532773, 24.36518769947364405 ) ) ;
#2422 = VERTEX_POINT ( 'NONE', #592 ) ;
#2423 = DIRECTION ( 'NONE',  ( -0.000000000000000000, 1.000000000000000000, -0.000000000000000000 ) ) ;
#2424 = DIRECTION ( 'NONE',  ( 0.000000000000000000, 0.000000000000000000, 1.000000000000000000 ) ) ;
#2425 = VERTEX_POINT ( 'NONE', #1260 ) ;
#2426 = LINE ( 'NONE', #1500, #3762 ) ;
#2427 = FACE_OUTER_BOUND ( 'NONE', #3376, .T. ) ;
#2428 = FACE_OUTER_BOUND ( 'NONE', #3599, .T. ) ;
#2429 = VERTEX_POINT ( 'NONE', #1776 ) ;
#2430 = DIRECTION ( 'NONE',  ( -1.000000000000000000, 0.000000000000000000, 0.000000000000000000 ) ) ;
#2431 = DIRECTION ( 'NONE',  ( 0.000000000000000000, 0.000000000000000000, -1.000000000000000000 ) ) ;
#2432 = ORIENTED_EDGE ( 'NONE', *, *, #3718, .F. ) ;
#2433 = CARTESIAN_POINT ( 'NONE',  ( -5.000050800000000351, 14.72542286038576798, -21.09216610224586219 ) ) ;
#2434 = CYLINDRICAL_SURFACE ( 'NONE', #3130, 12.00000000001199751 ) ;
#2435 = DIRECTION ( 'NONE',  ( -1.000000000000000000, -0.000000000000000000, -0.000000000000000000 ) ) ;
#2436 = EDGE_LOOP ( 'NONE', ( #567, #1137, #1293, #879 ) ) ;
#2437 = EDGE_CURVE ( 'NONE', #1477, #1491, #802, .T. ) ;
#2438 = DIRECTION ( 'NONE',  ( 0.000000000000000000, -0.5877852522924802425, 0.8090169943749421222 ) ) ;
#2439 = DIRECTION ( 'NONE',  ( 0.000000000000000000, 0.5438161086465199689, 0.8392044089353656311 ) ) ;
#2440 = ADVANCED_FACE ( 'NONE', ( #3000 ), #361, .T. ) ;
#2441 = ORIENTED_EDGE ( 'NONE', *, *, #2536, .T. ) ;
#2442 = AXIS2_PLACEMENT_3D ( 'NONE', #2241, #2559, #1104 ) ;
#2443 = DIRECTION ( 'NONE',  ( -1.000000000000000000, 0.000000000000000000, -0.000000000000000000 ) ) ;
#2444 = LINE ( 'NONE', #708, #3513 ) ;
#2445 = CARTESIAN_POINT ( 'NONE',  ( 10.00000000000000000, -29.87082158197670267, -14.02619043147115185 ) ) ;
#2446 = DIRECTION ( 'NONE',  ( 0.000000000000000000, -0.3090169943749349057, -0.9510565162951577500 ) ) ;
#2447 = CIRCLE ( 'NONE', #1658, 33.00000000003299760 ) ;
#2448 = ORIENTED_EDGE ( 'NONE', *, *, #139, .T. ) ;
#2449 = CARTESIAN_POINT ( 'NONE',  ( 10.00000000000000000, 25.45134530200253309, 6.421761699067602081 ) ) ;
#2450 = DIRECTION ( 'NONE',  ( 1.000000000000000000, 0.000000000000000000, 0.000000000000000000 ) ) ;
#2451 = PRODUCT_DEFINITION ( 'General', '', #442, #714 ) ;
#2452 = VERTEX_POINT ( 'NONE', #906 ) ;
#2453 = CARTESIAN_POINT ( 'NONE',  ( -14.50005080000000035, 14.00272098155366862, 21.60867432569866509 ) ) ;
#2454 = FACE_OUTER_BOUND ( 'NONE', #1189, .T. ) ;
#2455 = CARTESIAN_POINT ( 'NONE',  ( 5.000000000000000000, -22.57029131342004646, 24.07450830296505018 ) ) ;
#2456 = AXIS2_PLACEMENT_3D ( 'NONE', #2476, #1287, #2510 ) ;
#2457 = ORIENTED_EDGE ( 'NONE', *, *, #3347, .T. ) ;
#2458 = AXIS2_PLACEMENT_3D ( 'NONE', #2681, #2741, #3031 ) ;
#2459 = CIRCLE ( 'NONE', #676, 0.5000000000000002220 ) ;
#2460 = DIRECTION ( 'NONE',  ( 0.000000000000000000, -0.9510565162951565288, 0.3090169943749384029 ) ) ;
#2461 = EDGE_CURVE ( 'NONE', #2583, #3185, #2426, .T. ) ;
#2462 = AXIS2_PLACEMENT_3D ( 'NONE', #2372, #3025, #383 ) ;
#2463 = AXIS2_PLACEMENT_3D ( 'NONE', #767, #1395, #809 ) ;
#2464 = ORIENTED_EDGE ( 'NONE', *, *, #3145, .F. ) ;
#2465 = DIRECTION ( 'NONE',  ( 0.000000000000000000, 0.000000000000000000, -1.000000000000000000 ) ) ;
#2466 = DIRECTION ( 'NONE',  ( 1.000000000000000000, 0.000000000000000000, 0.000000000000000000 ) ) ;
#2467 = CIRCLE ( 'NONE', #1305, 26.24900000002600109 ) ;
#2468 = DIRECTION ( 'NONE',  ( 1.000000000000000000, -0.000000000000000000, -0.000000000000000000 ) ) ;
#2469 = EDGE_CURVE ( 'NONE', #3409, #1168, #965, .T. ) ;
#2470 = DIRECTION ( 'NONE',  ( -1.000000000000000000, -0.000000000000000000, 0.000000000000000000 ) ) ;
#2471 = VERTEX_POINT ( 'NONE', #1515 ) ;
#2472 = AXIS2_PLACEMENT_3D ( 'NONE', #739, #3304, #1620 ) ;
#2473 = DIRECTION ( 'NONE',  ( 1.000000000000000000, -0.000000000000000000, -0.000000000000000000 ) ) ;
#2474 = ORIENTED_EDGE ( 'NONE', *, *, #2540, .T. ) ;
#2475 = CARTESIAN_POINT ( 'NONE',  ( -14.97135083718861814, 4.998958959044717432, 1.852145090360240332 ) ) ;
#2476 = CARTESIAN_POINT ( 'NONE',  ( -4.500050800000000351, 0.000000000000000000, 0.000000000000000000 ) ) ;
#2477 = CARTESIAN_POINT ( 'NONE',  ( 0.000000000000000000, -4.109108303874020152, -32.74317072229278125 ) ) ;
#2478 = ORIENTED_EDGE ( 'NONE', *, *, #1026, .T. ) ;
#2479 = CARTESIAN_POINT ( 'NONE',  ( 0.000000000000000000, -14.02619043147062783, -29.87082158197693715 ) ) ;
#2480 = ORIENTED_EDGE ( 'NONE', *, *, #78, .T. ) ;
#2481 = EDGE_CURVE ( 'NONE', #2386, #1860, #2676, .T. ) ;
#2482 = CARTESIAN_POINT ( 'NONE',  ( -5.367904637828426750, 5.301103369735550075, -1.500000000000000222 ) ) ;
#2483 = CARTESIAN_POINT ( 'NONE',  ( 0.000000000000000000, -28.77836971167558033, 3.922283146167000911 ) ) ;
#2484 = CARTESIAN_POINT ( 'NONE',  ( 0.000000000000000000, 6.210201974346349019, 32.41039017722561510 ) ) ;
#2485 = DIRECTION ( 'NONE',  ( 0.000000000000000000, 0.000000000000000000, 1.000000000000000000 ) ) ;
#2486 = VERTEX_POINT ( 'NONE', #2806 ) ;
#2487 = EDGE_CURVE ( 'NONE', #2788, #1410, #1052, .T. ) ;
#2488 = LINE ( 'NONE', #3666, #3204 ) ;
#2489 = VERTEX_POINT ( 'NONE', #728 ) ;
#2490 = EDGE_CURVE ( 'NONE', #632, #445, #246, .T. ) ;
#2491 = CARTESIAN_POINT ( 'NONE',  ( 10.00000000000000000, -25.45134530200249046, -6.421761699067783269 ) ) ;
#2492 = DIRECTION ( 'NONE',  ( -1.000000000000000000, 0.000000000000000000, 0.000000000000000000 ) ) ;
#2493 = CARTESIAN_POINT ( 'NONE',  ( -4.524932359022441730, 14.92034680851009121, 21.59650116551860677 ) ) ;
#2494 = ORIENTED_EDGE ( 'NONE', *, *, #1012, .T. ) ;
#2495 = LINE ( 'NONE', #122, #433 ) ;
#2496 = ORIENTED_EDGE ( 'NONE', *, *, #295, .F. ) ;
#2497 = CARTESIAN_POINT ( 'NONE',  ( -5.500050800000004791, 14.80555220183881460, 21.68423094719570798 ) ) ;
#2498 = DIRECTION ( 'NONE',  ( -1.000000000000000000, -0.000000000000000000, 0.000000000000000000 ) ) ;
#2499 = CARTESIAN_POINT ( 'NONE',  ( -15.00005080000000035, 34.64999999999999858, 5.500000000000000000 ) ) ;
#2500 = DIRECTION ( 'NONE',  ( 0.000000000000000000, 0.8090169943749445647, 0.5877852522924771339 ) ) ;
#2501 = AXIS2_PLACEMENT_3D ( 'NONE', #131, #1319, #2485 ) ;
#2502 = ORIENTED_EDGE ( 'NONE', *, *, #1644, .F. ) ;
#2503 = CARTESIAN_POINT ( 'NONE',  ( -14.83311379266966590, 4.891833633377250301, 1.500000000000000222 ) ) ;
#2504 = VECTOR ( 'NONE', #2538, 1000.000000000000000 ) ;
#2505 = DIRECTION ( 'NONE',  ( -1.000000000000000000, 0.000000000000000000, 0.000000000000000000 ) ) ;
#2506 = EDGE_CURVE ( 'NONE', #2078, #3050, #866, .T. ) ;
#2507 = ORIENTED_EDGE ( 'NONE', *, *, #2318, .F. ) ;
#2508 = DIRECTION ( 'NONE',  ( 3.469446951953611033E-15, 1.000000000000000000, 2.407412430484040332E-29 ) ) ;
#2509 = DIRECTION ( 'NONE',  ( 0.000000000000000000, 0.000000000000000000, 1.000000000000000000 ) ) ;
#2510 = DIRECTION ( 'NONE',  ( 0.000000000000000000, 0.000000000000000000, 1.000000000000000000 ) ) ;
#2511 = EDGE_CURVE ( 'NONE', #2328, #1517, #2444, .T. ) ;
#2512 = VERTEX_POINT ( 'NONE', #3645 ) ;
#2513 = CARTESIAN_POINT ( 'NONE',  ( 10.00000000000000000, 1.757439918030808679, 26.19010129678558130 ) ) ;
#2514 = CARTESIAN_POINT ( 'NONE',  ( 10.00000000000000000, -9.764611071148365795, -24.36518769947370444 ) ) ;
#2515 = ORIENTED_EDGE ( 'NONE', *, *, #1880, .T. ) ;
#2516 = CIRCLE ( 'NONE', #1115, 33.00000000003299760 ) ;
#2517 = CIRCLE ( 'NONE', #1961, 12.00000000001199929 ) ;
#2518 = DIRECTION ( 'NONE',  ( 1.000000000000000000, 0.000000000000000000, 0.000000000000000000 ) ) ;
#2519 = CARTESIAN_POINT ( 'NONE',  ( -5.500050799999999462, 34.64999999999999858, 0.000000000000000000 ) ) ;
#2520 = TOROIDAL_SURFACE ( 'NONE', #3699, 28.88720356573499615, 0.5000000000000000000 ) ;
#2521 = TOROIDAL_SURFACE ( 'NONE', #867, 25.74900000002624623, 0.5000000000000000000 ) ;
#2522 = CARTESIAN_POINT ( 'NONE',  ( 10.00000000000000000, 26.15780389372400094, 12.62331825622999659 ) ) ;
#2523 = AXIS2_PLACEMENT_3D ( 'NONE', #612, #1572, #3241 ) ;
#2524 = CIRCLE ( 'NONE', #3267, 12.00000000001199396 ) ;
#2525 = CARTESIAN_POINT ( 'NONE',  ( -5.500050799999999462, 34.64999999999999858, 0.000000000000000000 ) ) ;
#2526 = CARTESIAN_POINT ( 'NONE',  ( -5.361777383006464781, 14.34814103687991604, 21.24717054234583102 ) ) ;
#2527 = B_SPLINE_CURVE_WITH_KNOTS ( 'NONE', 3,
 ( #1322, #1069, #773, #1945, #2832, #3119 ),
 .UNSPECIFIED., .F., .F.,
 ( 4, 2, 4 ),
 ( 0.0002686637681973792833, 0.0005380912781438567782, 0.0008075187880903342188 ),
 .UNSPECIFIED. ) ;
#2528 = ORIENTED_EDGE ( 'NONE', *, *, #3004, .F. ) ;
#2529 = VECTOR ( 'NONE', #1625, 1000.000000000000000 ) ;
#2530 = VECTOR ( 'NONE', #2423, 1000.000000000000000 ) ;
#2531 = LINE ( 'NONE', #2817, #618 ) ;
#2532 = DIRECTION ( 'NONE',  ( 0.000000000000000000, 0.000000000000000000, 1.000000000000000000 ) ) ;
#2533 = DIRECTION ( 'NONE',  ( -1.000000000000000000, -0.000000000000000000, 0.000000000000000000 ) ) ;
#2534 = EDGE_LOOP ( 'NONE', ( #2778, #2109, #3496, #3516 ) ) ;
#2535 = AXIS2_PLACEMENT_3D ( 'NONE', #89, #3316, #2161 ) ;
#2536 = EDGE_CURVE ( 'NONE', #3171, #1517, #740, .T. ) ;
#2537 = LINE ( 'NONE', #488, #1794 ) ;
#2538 = DIRECTION ( 'NONE',  ( -1.000000000000000000, -0.000000000000000000, 0.000000000000000000 ) ) ;
#2539 = ORIENTED_EDGE ( 'NONE', *, *, #3361, .F. ) ;
#2540 = EDGE_CURVE ( 'NONE', #2662, #3080, #1004, .T. ) ;
#2541 = DIRECTION ( 'NONE',  ( -1.000000000000000000, 0.000000000000000000, -0.000000000000000000 ) ) ;
#2542 = LINE ( 'NONE', #2312, #311 ) ;
#2543 = CARTESIAN_POINT ( 'NONE',  ( 10.00000000000000000, 6.799999999999999822, 1.500000000000000000 ) ) ;
#2544 = CARTESIAN_POINT ( 'NONE',  ( 10.00000000000000000, 20.15523976789220484, 16.81595405857647663 ) ) ;
#2545 = CARTESIAN_POINT ( 'NONE',  ( 10.00000000000000000, -13.97235653801672939, 22.22123429910946868 ) ) ;
#2546 = CARTESIAN_POINT ( 'NONE',  ( 10.00000000000000000, 13.74230757954388160, -25.58765035578302260 ) ) ;
#2547 = ORIENTED_EDGE ( 'NONE', *, *, #2100, .T. ) ;
#2548 = CARTESIAN_POINT ( 'NONE',  ( -5.000050800000000351, 34.64999999999999858, 9.000000000000000000 ) ) ;
#2549 = CARTESIAN_POINT ( 'NONE',  ( -4.500050800000000351, 24.65785880812399355, -9.000000000000000000 ) ) ;
#2550 = FACE_OUTER_BOUND ( 'NONE', #3154, .T. ) ;
#2551 = ORIENTED_EDGE ( 'NONE', *, *, #3713, .F. ) ;
#2552 = CARTESIAN_POINT ( 'NONE',  ( -4.500050800000000351, 0.000000000000000000, 0.000000000000000000 ) ) ;
#2553 = DIRECTION ( 'NONE',  ( -1.000000000000000000, -0.000000000000000000, -0.000000000000000000 ) ) ;
#2554 = ADVANCED_FACE ( 'NONE', ( #1038 ), #2520, .F. ) ;
#2555 = ORIENTED_EDGE ( 'NONE', *, *, #1861, .T. ) ;
#2556 = FACE_OUTER_BOUND ( 'NONE', #3826, .T. ) ;
#2557 = CARTESIAN_POINT ( 'NONE',  ( -5.500050799999999462, 34.64999999999999858, 0.000000000000000000 ) ) ;
#2558 = EDGE_CURVE ( 'NONE', #2895, #496, #115, .T. ) ;
#2559 = DIRECTION ( 'NONE',  ( -1.000000000000000000, -0.000000000000000000, 0.000000000000000000 ) ) ;
#2560 = VERTEX_POINT ( 'NONE', #2178 ) ;
#2561 = CARTESIAN_POINT ( 'NONE',  ( 5.000000000000000000, -24.07450830296496491, -22.57029131342014239 ) ) ;
#2562 = EDGE_LOOP ( 'NONE', ( #3225, #3817, #2359, #274, #2831, #1267 ) ) ;
#2563 = EDGE_LOOP ( 'NONE', ( #1710, #1583, #2219, #2757 ) ) ;
#2564 = CARTESIAN_POINT ( 'NONE',  ( 0.000000000000000000, -26.15780389372408976, 12.62331825622981540 ) ) ;
#2565 = AXIS2_PLACEMENT_3D ( 'NONE', #2313, #530, #2708 ) ;
#2566 = CARTESIAN_POINT ( 'NONE',  ( -4.500050800000000351, 15.13921348143990997, 21.44327904413795594 ) ) ;
#2567 = CYLINDRICAL_SURFACE ( 'NONE', #304, 33.00000000003299760 ) ;
#2568 = EDGE_LOOP ( 'NONE', ( #731 ) ) ;
#2569 = COLOUR_RGB ( '',0.7921568627450980005, 0.8196078431372548767, 0.9333333333333333481 ) ;
#2570 = DIRECTION ( 'NONE',  ( -1.000000000000000000, -0.000000000000000000, -0.000000000000000000 ) ) ;
#2571 = DIRECTION ( 'NONE',  ( -1.000000000000000000, 0.000000000000000000, 0.000000000000000000 ) ) ;
#2572 = ORIENTED_EDGE ( 'NONE', *, *, #1288, .F. ) ;
#2573 = ORIENTED_EDGE ( 'NONE', *, *, #2981, .F. ) ;
#2574 = DIRECTION ( 'NONE',  ( -1.000000000000000000, 0.000000000000000000, 0.000000000000000000 ) ) ;
#2575 = EDGE_CURVE ( 'NONE', #2429, #3260, #3622, .T. ) ;
#2576 = PLANE ( 'NONE',  #1365 ) ;
#2577 = CARTESIAN_POINT ( 'NONE',  ( 0.000000000000000000, -13.74230757954370397, 25.58765035578311497 ) ) ;
#2578 = VECTOR ( 'NONE', #2128, 1000.000000000000000 ) ;
#2579 = EDGE_LOOP ( 'NONE', ( #1550, #1721, #183, #1750 ) ) ;
#2580 = EDGE_CURVE ( 'NONE', #1193, #2854, #1844, .T. ) ;
#2581 = CARTESIAN_POINT ( 'NONE',  ( 0.000000000000000000, 0.000000000000000000, 0.000000000000000000 ) ) ;
#2582 = AXIS2_PLACEMENT_3D ( 'NONE', #677, #1208, #2700 ) ;
#2583 = VERTEX_POINT ( 'NONE', #416 ) ;
#2584 = ORIENTED_EDGE ( 'NONE', *, *, #2336, .T. ) ;
#2585 = VECTOR ( 'NONE', #1795, 1000.000000000000000 ) ;
#2586 = CIRCLE ( 'NONE', #3138, 25.74900000002624623 ) ;
#2587 = DIRECTION ( 'NONE',  ( 0.000000000000000000, 0.000000000000000000, 1.000000000000000000 ) ) ;
#2588 = DIRECTION ( 'NONE',  ( -1.000000000000000000, 0.000000000000000000, -0.000000000000000000 ) ) ;
#2589 = VECTOR ( 'NONE', #1585, 1000.000000000000000 ) ;
#2590 = CARTESIAN_POINT ( 'NONE',  ( -15.00005080000000035, 34.64999999999999858, 0.000000000000000000 ) ) ;
#2591 = VECTOR ( 'NONE', #2058, 1000.000000000000000 ) ;
#2592 = ORIENTED_EDGE ( 'NONE', *, *, #142, .T. ) ;
#2593 = AXIS2_PLACEMENT_3D ( 'NONE', #1755, #2704, #625 ) ;
#2594 = CARTESIAN_POINT ( 'NONE',  ( 10.00000000000000000, -32.74317072229276704, 4.109108303874132950 ) ) ;
#2595 = DIRECTION ( 'NONE',  ( -1.000000000000000000, -0.000000000000000000, -0.000000000000000000 ) ) ;
#2596 = AXIS2_PLACEMENT_3D ( 'NONE', #1992, #3169, #172 ) ;
#2597 = EDGE_CURVE ( 'NONE', #385, #1290, #1065, .T. ) ;
#2598 = EDGE_LOOP ( 'NONE', ( #1490, #649, #389, #1684 ) ) ;
#2599 = VERTEX_POINT ( 'NONE', #128 ) ;
#2600 = CARTESIAN_POINT ( 'NONE',  ( -5.500050800000002127, 14.27462903587692367, -22.02827653016634457 ) ) ;
#2601 = DIRECTION ( 'NONE',  ( -1.000000000000000000, -0.000000000000000000, -0.000000000000000000 ) ) ;
#2602 = DIRECTION ( 'NONE',  ( -1.000000000000000000, 0.000000000000000000, 0.000000000000000000 ) ) ;
#2603 = EDGE_CURVE ( 'NONE', #3418, #2076, #1588, .T. ) ;
#2604 = ORIENTED_EDGE ( 'NONE', *, *, #2134, .T. ) ;
#2605 = DIRECTION ( 'NONE',  ( -1.000000000000000000, -0.000000000000000000, -0.000000000000000000 ) ) ;
#2606 = ORIENTED_EDGE ( 'NONE', *, *, #2336, .F. ) ;
#2607 = EDGE_CURVE ( 'NONE', #28, #2429, #1239, .T. ) ;
#2608 = ORIENTED_EDGE ( 'NONE', *, *, #716, .T. ) ;
#2609 = DIRECTION ( 'NONE',  ( 0.000000000000000000, 0.000000000000000000, 1.000000000000000000 ) ) ;
#2610 = DIRECTION ( 'NONE',  ( -1.000000000000000000, 0.000000000000000000, -0.000000000000000000 ) ) ;
#2611 = CARTESIAN_POINT ( 'NONE',  ( 10.00000000000000000, -28.77836971167552349, -3.922283146167417023 ) ) ;
#2612 = EDGE_LOOP ( 'NONE', ( #3313 ) ) ;
#2613 = EDGE_CURVE ( 'NONE', #1167, #3488, #2194, .T. ) ;
#2614 = FACE_OUTER_BOUND ( 'NONE', #2598, .T. ) ;
#2615 = FACE_OUTER_BOUND ( 'NONE', #1907, .T. ) ;
#2616 = ORIENTED_EDGE ( 'NONE', *, *, #3386, .T. ) ;
#2617 = VERTEX_POINT ( 'NONE', #768 ) ;
#2618 = CYLINDRICAL_SURFACE ( 'NONE', #3017, 12.00000000001199751 ) ;
#2619 = DIRECTION ( 'NONE',  ( 0.000000000000000000, 0.000000000000000000, 1.000000000000000000 ) ) ;
#2620 = DIRECTION ( 'NONE',  ( 0.000000000000000000, 0.000000000000000000, 1.000000000000000000 ) ) ;
#2621 = ORIENTED_EDGE ( 'NONE', *, *, #1627, .F. ) ;
#2622 = DIRECTION ( 'NONE',  ( -1.000000000000000000, -0.000000000000000000, -0.000000000000000000 ) ) ;
#2623 = ORIENTED_EDGE ( 'NONE', *, *, #712, .T. ) ;
#2624 = VERTEX_POINT ( 'NONE', #3099 ) ;
#2625 = DIRECTION ( 'NONE',  ( -1.000000000000000000, 0.000000000000000000, 0.000000000000000000 ) ) ;
#2626 = EDGE_CURVE ( 'NONE', #2489, #2936, #674, .T. ) ;
#2627 = CARTESIAN_POINT ( 'NONE',  ( 0.000000000000000000, -9.764611071148705079, 24.36518769947357299 ) ) ;
#2628 = ORIENTED_EDGE ( 'NONE', *, *, #1861, .F. ) ;
#2629 = CIRCLE ( 'NONE', #2501, 33.00000000003299760 ) ;
#2630 = EDGE_CURVE ( 'NONE', #3171, #2287, #2710, .T. ) ;
#2631 = CARTESIAN_POINT ( 'NONE',  ( -4.949772063169628922, 24.39624326189508352, -9.000000000000000000 ) ) ;
#2632 = DIRECTION ( 'NONE',  ( -1.000000000000000000, -0.000000000000000000, -0.000000000000000000 ) ) ;
#2633 = CIRCLE ( 'NONE', #1412, 28.88720356573499615 ) ;
#2634 = ORIENTED_EDGE ( 'NONE', *, *, #686, .F. ) ;
#2635 = ORIENTED_EDGE ( 'NONE', *, *, #821, .T. ) ;
#2636 = CYLINDRICAL_SURFACE ( 'NONE', #3458, 29.38720356573499615 ) ;
#2637 = CYLINDRICAL_SURFACE ( 'NONE', #2096, 33.00000000003299760 ) ;
#2638 = VERTEX_POINT ( 'NONE', #3115 ) ;
#2639 = CARTESIAN_POINT ( 'NONE',  ( 10.00000000000000000, -24.07450830296496136, -22.57029131342014239 ) ) ;
#2640 = AXIS2_PLACEMENT_3D ( 'NONE', #2959, #1838, #1541 ) ;
#2641 = ORIENTED_EDGE ( 'NONE', *, *, #3353, .T. ) ;
#2642 = EDGE_LOOP ( 'NONE', ( #1922, #2156, #854, #1472 ) ) ;
#2643 = AXIS2_PLACEMENT_3D ( 'NONE', #2198, #2242, #1337 ) ;
#2644 = AXIS2_PLACEMENT_3D ( 'NONE', #2972, #3538, #913 ) ;
#2645 = CARTESIAN_POINT ( 'NONE',  ( 10.00000000000000000, 16.81595405857669334, -20.15523976789202010 ) ) ;
#2646 = FACE_OUTER_BOUND ( 'NONE', #2568, .T. ) ;
#2647 = ORIENTED_EDGE ( 'NONE', *, *, #1419, .F. ) ;
#2648 = VECTOR ( 'NONE', #2695, 1000.000000000000000 ) ;
#2649 = EDGE_CURVE ( 'NONE', #678, #3140, #3016, .T. ) ;
#2650 = AXIS2_PLACEMENT_3D ( 'NONE', #3801, #1437, #550 ) ;
#2651 = AXIS2_PLACEMENT_3D ( 'NONE', #3678, #2443, #3702 ) ;
#2652 = CARTESIAN_POINT ( 'NONE',  ( 10.00000000000000000, 4.109108303874247525, 32.74317072229275283 ) ) ;
#2653 = LINE ( 'NONE', #3579, #364 ) ;
#2654 = AXIS2_PLACEMENT_3D ( 'NONE', #541, #2570, #2307 ) ;
#2655 = ORIENTED_EDGE ( 'NONE', *, *, #427, .F. ) ;
#2656 = EDGE_CURVE ( 'NONE', #3122, #2287, #693, .T. ) ;
#2657 = VERTEX_POINT ( 'NONE', #2332 ) ;
#2658 = CARTESIAN_POINT ( 'NONE',  ( 10.00000000000000000, 5.162692366396340660, -28.58190819155615614 ) ) ;
#2659 = LINE ( 'NONE', #631, #933 ) ;
#2660 = CIRCLE ( 'NONE', #997, 12.00000000001199574 ) ;
#2661 = ADVANCED_FACE ( 'NONE', ( #1161 ), #3761, .T. ) ;
#2662 = VERTEX_POINT ( 'NONE', #1958 ) ;
#2663 = CARTESIAN_POINT ( 'NONE',  ( 10.00000000000000000, -25.45134530200249046, -6.421761699067783269 ) ) ;
#2664 = ORIENTED_EDGE ( 'NONE', *, *, #2603, .F. ) ;
#2665 = ORIENTED_EDGE ( 'NONE', *, *, #345, .F. ) ;
#2666 = DIRECTION ( 'NONE',  ( 0.000000000000000000, 0.000000000000000000, 1.000000000000000000 ) ) ;
#2667 = FACE_OUTER_BOUND ( 'NONE', #2366, .T. ) ;
#2668 = ORIENTED_EDGE ( 'NONE', *, *, #774, .F. ) ;
#2669 = CARTESIAN_POINT ( 'NONE',  ( -5.000050800000001239, 24.26119424988556617, -9.000000000000000000 ) ) ;
#2670 = CARTESIAN_POINT ( 'NONE',  ( 0.000000000000000000, 22.22123429910951486, 13.97235653801665300 ) ) ;
#2671 = ORIENTED_EDGE ( 'NONE', *, *, #960, .F. ) ;
#2672 = CARTESIAN_POINT ( 'NONE',  ( -5.041297630552511677, 15.02576212783670684, -21.52330283823723178 ) ) ;
#2673 = DIRECTION ( 'NONE',  ( -0.000000000000000000, 0.000000000000000000, -1.000000000000000000 ) ) ;
#2674 = EDGE_CURVE ( 'NONE', #1421, #1167, #2542, .T. ) ;
#2675 = ORIENTED_EDGE ( 'NONE', *, *, #2220, .T. ) ;
#2676 = LINE ( 'NONE', #1218, #2092 ) ;
#2677 = CYLINDRICAL_SURFACE ( 'NONE', #1919, 12.00000000001200107 ) ;
#2678 = ADVANCED_FACE ( 'NONE', ( #1414 ), #2576, .F. ) ;
#2679 = LINE ( 'NONE', #1873, #2691 ) ;
#2680 = ORIENTED_EDGE ( 'NONE', *, *, #2744, .T. ) ;
#2681 = CARTESIAN_POINT ( 'NONE',  ( 10.00000000000000000, 25.58765035578316471, -13.74230757954361337 ) ) ;
#2682 = DIRECTION ( 'NONE',  ( -1.000000000000000000, 0.000000000000000000, 0.000000000000000000 ) ) ;
#2683 = ORIENTED_EDGE ( 'NONE', *, *, #3595, .F. ) ;
#2684 = FACE_OUTER_BOUND ( 'NONE', #3259, .T. ) ;
#2685 = LINE ( 'NONE', #1195, #301 ) ;
#2686 = CYLINDRICAL_SURFACE ( 'NONE', #782, 12.00000000001199751 ) ;
#2687 = AXIS2_PLACEMENT_3D ( 'NONE', #1262, #1220, #3606 ) ;
#2688 = ORIENTED_EDGE ( 'NONE', *, *, #2674, .T. ) ;
#2689 = CARTESIAN_POINT ( 'NONE',  ( -15.00005080000000035, 0.000000000000000000, 0.000000000000000000 ) ) ;
#2690 = DIRECTION ( 'NONE',  ( 1.000000000000000000, 0.000000000000000000, -0.000000000000000000 ) ) ;
#2691 = VECTOR ( 'NONE', #987, 1000.000000000000000 ) ;
#2692 = CIRCLE ( 'NONE', #3187, 12.00000000001199929 ) ;
#2693 = ORIENTED_EDGE ( 'NONE', *, *, #2490, .F. ) ;
#2694 = EDGE_CURVE ( 'NONE', #1300, #17, #1791, .T. ) ;
#2695 = DIRECTION ( 'NONE',  ( -1.000000000000000000, 0.000000000000000000, -0.000000000000000000 ) ) ;
#2696 = DIRECTION ( 'NONE',  ( -1.000000000000000000, 0.000000000000000000, 0.000000000000000000 ) ) ;
#2697 = CARTESIAN_POINT ( 'NONE',  ( -5.500050799999999462, 14.34814103687991427, -21.24717054234583458 ) ) ;
#2698 = ORIENTED_EDGE ( 'NONE', *, *, #1627, .T. ) ;
#2699 = EDGE_CURVE ( 'NONE', #2386, #3290, #3331, .T. ) ;
#2700 = DIRECTION ( 'NONE',  ( 0.000000000000000000, 0.000000000000000000, 1.000000000000000000 ) ) ;
#2701 = LINE ( 'NONE', #55, #3631 ) ;
#2702 = VERTEX_POINT ( 'NONE', #1124 ) ;
#2703 = CIRCLE ( 'NONE', #237, 26.24900000002600109 ) ;
#2704 = DIRECTION ( 'NONE',  ( -1.000000000000000000, 0.000000000000000000, -0.000000000000000000 ) ) ;
#2705 = AXIS2_PLACEMENT_3D ( 'NONE', #2812, #3419, #733 ) ;
#2706 = CARTESIAN_POINT ( 'NONE',  ( 10.00000000000000000, 0.000000000000000000, 0.000000000000000000 ) ) ;
#2707 = CIRCLE ( 'NONE', #2217, 26.24900000002600109 ) ;
#2708 = DIRECTION ( 'NONE',  ( 0.000000000000000000, -0.5877852522924624790, -0.8090169943749552228 ) ) ;
#2709 = ORIENTED_EDGE ( 'NONE', *, *, #1018, .F. ) ;
#2710 = CIRCLE ( 'NONE', #1850, 26.24900000002600109 ) ;
#2711 = AXIS2_PLACEMENT_3D ( 'NONE', #2000, #2825, #2270 ) ;
#2712 = DIRECTION ( 'NONE',  ( -1.000000000000000000, 0.000000000000000000, -0.000000000000000000 ) ) ;
#2713 = FACE_OUTER_BOUND ( 'NONE', #1076, .T. ) ;
#2714 = AXIS2_PLACEMENT_3D ( 'NONE', #2235, #1898, #2439 ) ;
#2715 = VECTOR ( 'NONE', #502, 1000.000000000000000 ) ;
#2716 = ORIENTED_EDGE ( 'NONE', *, *, #1178, .F. ) ;
#2717 = AXIS2_PLACEMENT_3D ( 'NONE', #39, #3524, #280 ) ;
#2718 = DIRECTION ( 'NONE',  ( -1.000000000000000000, 0.000000000000000000, -0.000000000000000000 ) ) ;
#2719 = CARTESIAN_POINT ( 'NONE',  ( 4.999999999999999112, -29.87082158197690163, 14.02619043147072198 ) ) ;
#2720 = EDGE_CURVE ( 'NONE', #366, #1154, #3490, .T. ) ;
#2721 = CARTESIAN_POINT ( 'NONE',  ( -14.93846535154493615, 5.041168590857531662, -1.500000000000000000 ) ) ;
#2722 = AXIS2_PLACEMENT_3D ( 'NONE', #2186, #135, #1324 ) ;
#2723 = EDGE_LOOP ( 'NONE', ( #160, #1514, #2834, #1651, #2125 ) ) ;
#2724 = DIRECTION ( 'NONE',  ( -1.000000000000000000, -0.000000000000000000, -0.000000000000000000 ) ) ;
#2725 = CARTESIAN_POINT ( 'NONE',  ( 0.000000000000000000, 0.000000000000000000, 0.000000000000000000 ) ) ;
#2726 = EDGE_CURVE ( 'NONE', #1517, #665, #1496, .T. ) ;
#2727 = ORIENTED_EDGE ( 'NONE', *, *, #3595, .T. ) ;
#2728 = FACE_OUTER_BOUND ( 'NONE', #635, .T. ) ;
#2729 = CARTESIAN_POINT ( 'NONE',  ( 10.00000000000000000, 0.000000000000000000, 0.000000000000000000 ) ) ;
#2730 = EDGE_CURVE ( 'NONE', #560, #3260, #1913, .T. ) ;
#2731 = CARTESIAN_POINT ( 'NONE',  ( 15.00005080000000035, 4.769696007084728073, -1.500000000000000000 ) ) ;
#2732 = VERTEX_POINT ( 'NONE', #3179 ) ;
#2733 = CARTESIAN_POINT ( 'NONE',  ( 10.00000000000000000, 0.000000000000000000, 0.000000000000000000 ) ) ;
#2734 = CARTESIAN_POINT ( 'NONE',  ( -1.000050799999999906, 34.64999999999999858, 0.000000000000000000 ) ) ;
#2735 = ORIENTED_EDGE ( 'NONE', *, *, #831, .T. ) ;
#2736 = DIRECTION ( 'NONE',  ( -1.000000000000000000, -0.000000000000000000, -0.000000000000000000 ) ) ;
#2737 = DIRECTION ( 'NONE',  ( -1.000000000000000000, 0.000000000000000000, 0.000000000000000000 ) ) ;
#2738 = DIRECTION ( 'NONE',  ( 0.000000000000000000, -0.5877852522924802425, 0.8090169943749423442 ) ) ;
#2739 = DIRECTION ( 'NONE',  ( 0.000000000000000000, 0.000000000000000000, 1.000000000000000000 ) ) ;
#2740 = VERTEX_POINT ( 'NONE', #529 ) ;
#2741 = DIRECTION ( 'NONE',  ( -1.000000000000000000, -0.000000000000000000, -0.000000000000000000 ) ) ;
#2742 = DIRECTION ( 'NONE',  ( 0.000000000000000000, 0.000000000000000000, 1.000000000000000000 ) ) ;
#2743 = ORIENTED_EDGE ( 'NONE', *, *, #1698, .T. ) ;
#2744 = EDGE_CURVE ( 'NONE', #637, #2190, #490, .T. ) ;
#2745 = FACE_OUTER_BOUND ( 'NONE', #286, .T. ) ;
#2746 = LINE ( 'NONE', #1270, #3756 ) ;
#2747 = CARTESIAN_POINT ( 'NONE',  ( -14.89560452792213319, 5.119433240368697291, -1.500000000000000222 ) ) ;
#2748 = VERTEX_POINT ( 'NONE', #2866 ) ;
#2749 = EDGE_CURVE ( 'NONE', #1168, #1503, #3638, .T. ) ;
#2750 = CARTESIAN_POINT ( 'NONE',  ( 10.00000000000000000, 22.57029131342023121, -24.07450830296488675 ) ) ;
#2751 = ORIENTED_EDGE ( 'NONE', *, *, #3014, .F. ) ;
#2752 = AXIS2_PLACEMENT_3D ( 'NONE', #50, #652, #950 ) ;
#2753 = CARTESIAN_POINT ( 'NONE',  ( 0.000000000000000000, 9.764611071148530996, 24.36518769947363694 ) ) ;
#2754 = DIRECTION ( 'NONE',  ( 0.000000000000000000, 0.000000000000000000, -1.000000000000000000 ) ) ;
#2755 = DIRECTION ( 'NONE',  ( -1.000000000000000000, -0.000000000000000000, -0.000000000000000000 ) ) ;
#2756 = LINE ( 'NONE', #2389, #3806 ) ;
#2757 = ORIENTED_EDGE ( 'NONE', *, *, #744, .T. ) ;
#2758 = CARTESIAN_POINT ( 'NONE',  ( 10.00000000000000000, 0.000000000000000000, 0.000000000000000000 ) ) ;
#2759 = EDGE_LOOP ( 'NONE', ( #1454, #112, #2024, #2053 ) ) ;
#2760 = CARTESIAN_POINT ( 'NONE',  ( -10.00000000000000000, 0.000000000000000000, 0.000000000000000000 ) ) ;
#2761 = DIRECTION ( 'NONE',  ( 0.000000000000000000, 0.000000000000000000, 1.000000000000000000 ) ) ;
#2762 = EDGE_CURVE ( 'NONE', #2057, #1149, #1617, .T. ) ;
#2763 = DIRECTION ( 'NONE',  ( 0.000000000000000000, 0.000000000000000000, -1.000000000000000000 ) ) ;
#2764 = ORIENTED_EDGE ( 'NONE', *, *, #2461, .F. ) ;
#2765 = AXIS2_PLACEMENT_3D ( 'NONE', #2392, #2430, #370 ) ;
#2766 = CARTESIAN_POINT ( 'NONE',  ( 10.00000000000000000, -1.757439918030988535, 26.19010129678556709 ) ) ;
#2767 = EDGE_CURVE ( 'NONE', #2068, #329, #2884, .T. ) ;
#2768 = AXIS2_PLACEMENT_3D ( 'NONE', #455, #982, #2754 ) ;
#2769 = VECTOR ( 'NONE', #1650, 1000.000000000000000 ) ;
#2770 = ORIENTED_EDGE ( 'NONE', *, *, #1644, .T. ) ;
#2771 = CARTESIAN_POINT ( 'NONE',  ( -5.500050799999999462, 14.00272098155366507, -21.60867432569866153 ) ) ;
#2772 = DIRECTION ( 'NONE',  ( 0.000000000000000000, 0.000000000000000000, 1.000000000000000000 ) ) ;
#2773 = AXIS2_PLACEMENT_3D ( 'NONE', #1825, #325, #3255 ) ;
#2774 = CARTESIAN_POINT ( 'NONE',  ( -5.000050800000000351, 34.64999999999999858, 6.500000000000000888 ) ) ;
#2775 = AXIS2_PLACEMENT_3D ( 'NONE', #796, #3616, #1341 ) ;
#2776 = EDGE_CURVE ( 'NONE', #1952, #926, #2406, .T. ) ;
#2777 = DIRECTION ( 'NONE',  ( -1.000000000000000000, 0.000000000000000000, 0.000000000000000000 ) ) ;
#2778 = ORIENTED_EDGE ( 'NONE', *, *, #3078, .F. ) ;
#2779 = AXIS2_PLACEMENT_3D ( 'NONE', #1734, #1695, #1954 ) ;
#2780 = CARTESIAN_POINT ( 'NONE',  ( -14.50005080000000035, 34.64999999999999858, 0.000000000000000000 ) ) ;
#2781 = VERTEX_POINT ( 'NONE', #2043 ) ;
#2782 = B_SPLINE_CURVE_WITH_KNOTS ( 'NONE', 3,
 ( #3250, #3555, #1227, #2631, #2669, #1820 ),
 .UNSPECIFIED., .F., .F.,
 ( 4, 2, 4 ),
 ( 0.000000000000000000, 0.0004035822612803290641, 0.0008071645225606581282 ),
 .UNSPECIFIED. ) ;
#2783 = PLANE ( 'NONE',  #1978 ) ;
#2784 = CARTESIAN_POINT ( 'NONE',  ( 0.000000000000000000, 0.000000000000000000, 0.000000000000000000 ) ) ;
#2785 = CARTESIAN_POINT ( 'NONE',  ( 10.00000000000000000, -5.162692366396147925, 28.58190819155619877 ) ) ;
#2786 = ORIENTED_EDGE ( 'NONE', *, *, #2255, .T. ) ;
#2787 = CARTESIAN_POINT ( 'NONE',  ( 10.00000000000000000, 14.02619043147083566, 29.87082158197684834 ) ) ;
#2788 = VERTEX_POINT ( 'NONE', #847 ) ;
#2789 = CARTESIAN_POINT ( 'NONE',  ( -5.454100329948191828, 14.80555220245974901, 21.68423094666058404 ) ) ;
#2790 = ADVANCED_FACE ( 'NONE', ( #2295 ), #1985, .T. ) ;
#2791 = CARTESIAN_POINT ( 'NONE',  ( 10.00000000000000000, 9.764611071148532773, 24.36518769947364405 ) ) ;
#2792 = CARTESIAN_POINT ( 'NONE',  ( -14.50005080000000035, 34.64999999999999858, 6.000000000000000000 ) ) ;
#2793 = CARTESIAN_POINT ( 'NONE',  ( -14.67836344202114773, 5.276581979243519349, 1.500000000000000222 ) ) ;
#2794 = ORIENTED_EDGE ( 'NONE', *, *, #479, .F. ) ;
#2795 = EDGE_CURVE ( 'NONE', #926, #2425, #181, .T. ) ;
#2796 = CARTESIAN_POINT ( 'NONE',  ( 10.00000000000000000, -13.97235653801641320, -22.22123429910966763 ) ) ;
#2797 = VERTEX_POINT ( 'NONE', #185 ) ;
#2798 = DIRECTION ( 'NONE',  ( 1.000000000000000000, -0.000000000000000000, -0.000000000000000000 ) ) ;
#2799 = DIRECTION ( 'NONE',  ( 1.000000000000000000, 0.000000000000000000, 0.000000000000000000 ) ) ;
#2800 = CARTESIAN_POINT ( 'NONE',  ( 10.00000000000000000, -6.421761699067695339, 25.45134530200251177 ) ) ;
#2801 = EDGE_LOOP ( 'NONE', ( #443, #2441, #2060, #1877 ) ) ;
#2802 = CARTESIAN_POINT ( 'NONE',  ( 10.00000000000000000, -5.162692366395742027, -28.58190819155626627 ) ) ;
#2803 = PLANE ( 'NONE',  #2038 ) ;
#2804 = VERTEX_POINT ( 'NONE', #3784 ) ;
#2805 = DIRECTION ( 'NONE',  ( 1.000000000000000000, 0.000000000000000000, 0.000000000000000000 ) ) ;
#2806 = CARTESIAN_POINT ( 'NONE',  ( 10.00000000000000000, -6.210201974346128750, -32.41039017722565774 ) ) ;
#2807 = DIRECTION ( 'NONE',  ( 0.000000000000000000, 0.000000000000000000, 1.000000000000000000 ) ) ;
#2808 = CARTESIAN_POINT ( 'NONE',  ( 0.000000000000000000, 0.000000000000000000, 0.000000000000000000 ) ) ;
#2809 = ADVANCED_FACE ( 'NONE', ( #1144 ), #267, .T. ) ;
#2810 = VECTOR ( 'NONE', #3161, 1000.000000000000000 ) ;
#2811 = EDGE_LOOP ( 'NONE', ( #1463, #3659, #1680, #991 ) ) ;
#2812 = CARTESIAN_POINT ( 'NONE',  ( -14.50005080000000035, 34.64999999999999858, 0.000000000000000000 ) ) ;
#2813 = VECTOR ( 'NONE', #1310, 1000.000000000000000 ) ;
#2814 = CARTESIAN_POINT ( 'NONE',  ( -10.00000000000000000, 0.000000000000000000, 0.000000000000000000 ) ) ;
#2815 = ORIENTED_EDGE ( 'NONE', *, *, #1926, .F. ) ;
#2816 = EDGE_CURVE ( 'NONE', #2422, #3285, #2659, .T. ) ;
#2817 = CARTESIAN_POINT ( 'NONE',  ( 10.00000000000000000, 6.799999999999999822, 0.000000000000000000 ) ) ;
#2818 = DIRECTION ( 'NONE',  ( 0.000000000000000000, 0.000000000000000000, 1.000000000000000000 ) ) ;
#2819 = DIRECTION ( 'NONE',  ( -1.000000000000000000, -0.000000000000000000, -0.000000000000000000 ) ) ;
#2820 = ORIENTED_EDGE ( 'NONE', *, *, #3746, .F. ) ;
#2821 = CARTESIAN_POINT ( 'NONE',  ( 0.000000000000000000, 29.87082158197699400, -14.02619043147052302 ) ) ;
#2822 = ORIENTED_EDGE ( 'NONE', *, *, #8, .F. ) ;
#2823 = AXIS2_PLACEMENT_3D ( 'NONE', #3627, #990, #2952 ) ;
#2824 = VECTOR ( 'NONE', #3251, 1000.000000000000000 ) ;
#2825 = DIRECTION ( 'NONE',  ( -1.000000000000000000, 0.000000000000000000, 0.000000000000000000 ) ) ;
#2826 = DIRECTION ( 'NONE',  ( 0.000000000000000000, 0.000000000000000000, 1.000000000000000000 ) ) ;
#2827 = DIRECTION ( 'NONE',  ( 1.000000000000000000, 0.000000000000000000, 0.000000000000000000 ) ) ;
#2828 = AXIS2_PLACEMENT_3D ( 'NONE', #2334, #515, #287 ) ;
#2829 = AXIS2_PLACEMENT_3D ( 'NONE', #2953, #2682, #1225 ) ;
#2830 = CARTESIAN_POINT ( 'NONE',  ( 10.00000000000000000, 0.000000000000000000, 0.000000000000000000 ) ) ;
#2831 = ORIENTED_EDGE ( 'NONE', *, *, #643, .F. ) ;
#2832 = CARTESIAN_POINT ( 'NONE',  ( -14.59125682707037797, 4.769696007084376355, -1.500000000000000222 ) ) ;
#2833 = CARTESIAN_POINT ( 'NONE',  ( -5.000050799999999462, 14.72539513543449452, 21.09217877961929943 ) ) ;
#2834 = ORIENTED_EDGE ( 'NONE', *, *, #2330, .T. ) ;
#2835 = AXIS2_PLACEMENT_3D ( 'NONE', #1487, #335, #2958 ) ;
#2836 = CARTESIAN_POINT ( 'NONE',  ( 10.00000000000000000, -20.15523976789207339, -16.81595405857662229 ) ) ;
#2837 = AXIS2_PLACEMENT_3D ( 'NONE', #3732, #2899, #778 ) ;
#2838 = EDGE_CURVE ( 'NONE', #3080, #2657, #2467, .T. ) ;
#2839 = LINE ( 'NONE', #3442, #2412 ) ;
#2840 = DIRECTION ( 'NONE',  ( 0.000000000000000000, 0.000000000000000000, 1.000000000000000000 ) ) ;
#2841 = ORIENTED_EDGE ( 'NONE', *, *, #2259, .F. ) ;
#2842 =( GEOMETRIC_REPRESENTATION_CONTEXT ( 3 ) GLOBAL_UNCERTAINTY_ASSIGNED_CONTEXT ( ( #953 ) ) GLOBAL_UNIT_ASSIGNED_CONTEXT ( ( #3357, #3396, #1066 ) ) REPRESENTATION_CONTEXT ( 'NONE', 'WORKASPACE' ) );
#2843 = EDGE_CURVE ( 'NONE', #2781, #1982, #904, .T. ) ;
#2844 = DIRECTION ( 'NONE',  ( 0.000000000000000000, 0.3090169943749412895, 0.9510565162951555296 ) ) ;
#2845 = CIRCLE ( 'NONE', #2967, 26.24900000002624623 ) ;
#2846 = ORIENTED_EDGE ( 'NONE', *, *, #2208, .T. ) ;
#2847 = DIRECTION ( 'NONE',  ( -1.000000000000000000, -0.000000000000000000, -0.000000000000000000 ) ) ;
#2848 = CARTESIAN_POINT ( 'NONE',  ( 0.000000000000000000, 0.000000000000000000, 0.000000000000000000 ) ) ;
#2849 = CARTESIAN_POINT ( 'NONE',  ( -14.83136635230312628, 5.185837713529109827, 1.500000000000000222 ) ) ;
#2850 = ORIENTED_EDGE ( 'NONE', *, *, #1002, .T. ) ;
#2851 = CARTESIAN_POINT ( 'NONE',  ( 0.000000000000000000, 0.000000000000000000, 0.000000000000000000 ) ) ;
#2852 = FACE_OUTER_BOUND ( 'NONE', #414, .T. ) ;
#2853 = EDGE_LOOP ( 'NONE', ( #2237, #2680, #3421, #661 ) ) ;
#2854 = VERTEX_POINT ( 'NONE', #1474 ) ;
#2855 = CARTESIAN_POINT ( 'NONE',  ( 10.00000000000000000, -13.97235653801641320, -22.22123429910966763 ) ) ;
#2856 = CARTESIAN_POINT ( 'NONE',  ( 0.000000000000000000, 0.000000000000000000, 0.000000000000000000 ) ) ;
#2857 = FACE_OUTER_BOUND ( 'NONE', #404, .T. ) ;
#2858 = ORIENTED_EDGE ( 'NONE', *, *, #2487, .F. ) ;
#2859 = ADVANCED_FACE ( 'NONE', ( #285 ), #12, .T. ) ;
#2860 = CARTESIAN_POINT ( 'NONE',  ( 0.000000000000000000, 26.19010129678557419, 1.757439918030896830 ) ) ;
#2861 =( NAMED_UNIT ( * ) PLANE_ANGLE_UNIT ( ) SI_UNIT ( $, .RADIAN. ) );
#2862 = ORIENTED_EDGE ( 'NONE', *, *, #2037, .T. ) ;
#2863 = ADVANCED_FACE ( 'NONE', ( #2713 ), #2369, .F. ) ;
#2864 = ORIENTED_EDGE ( 'NONE', *, *, #794, .F. ) ;
#2865 = CARTESIAN_POINT ( 'NONE',  ( 10.00000000000000000, 24.36518769947360852, 9.764611071148616261 ) ) ;
#2866 = CARTESIAN_POINT ( 'NONE',  ( 10.00000000000000000, -1.757439918030625936, -26.19010129678559196 ) ) ;
#2867 = DIRECTION ( 'NONE',  ( -1.000000000000000000, 0.000000000000000000, 0.000000000000000000 ) ) ;
#2868 = DIRECTION ( 'NONE',  ( 1.000000000000000000, -0.000000000000000000, -0.000000000000000000 ) ) ;
#2869 = EDGE_LOOP ( 'NONE', ( #1657, #3637, #1179, #239 ) ) ;
#2870 = ORIENTED_EDGE ( 'NONE', *, *, #111, .T. ) ;
#2871 = B_SPLINE_CURVE_WITH_KNOTS ( 'NONE', 3,
 ( #2396, #3578, #1468, #3814, #2433, #994 ),
 .UNSPECIFIED., .F., .F.,
 ( 4, 2, 4 ),
 ( 0.000000000000000000, 0.0004078583877092992194, 0.0008157167754185984387 ),
 .UNSPECIFIED. ) ;
#2872 = FACE_OUTER_BOUND ( 'NONE', #9, .T. ) ;
#2873 = TOROIDAL_SURFACE ( 'NONE', #3743, 29.88720356573499970, 0.5000000000000000000 ) ;
#2874 = DIRECTION ( 'NONE',  ( 0.000000000000000000, 0.000000000000000000, 1.000000000000000000 ) ) ;
#2875 = DIRECTION ( 'NONE',  ( 1.000000000000000000, 0.000000000000000000, 0.000000000000000000 ) ) ;
#2876 = EDGE_CURVE ( 'NONE', #2015, #3435, #3457, .T. ) ;
#2877 = ORIENTED_EDGE ( 'NONE', *, *, #3412, .T. ) ;
#2878 = CIRCLE ( 'NONE', #3252, 26.24900000002600109 ) ;
#2879 = CYLINDRICAL_SURFACE ( 'NONE', #2654, 33.00000000003299760 ) ;
#2880 = EDGE_CURVE ( 'NONE', #2046, #2969, #2059, .T. ) ;
#2881 = VERTEX_POINT ( 'NONE', #1809 ) ;
#2882 = VERTEX_POINT ( 'NONE', #3293 ) ;
#2883 = CARTESIAN_POINT ( 'NONE',  ( 10.00000000000000000, 22.22123429910971737, -13.97235653801633504 ) ) ;
#2884 = LINE ( 'NONE', #3224, #250 ) ;
#2885 = EDGE_CURVE ( 'NONE', #3435, #1503, #1234, .T. ) ;
#2886 = CARTESIAN_POINT ( 'NONE',  ( 10.00000000000000000, 26.19010129678557419, 1.757439918030896830 ) ) ;
#2887 = AXIS2_PLACEMENT_3D ( 'NONE', #1464, #880, #1448 ) ;
#2888 = CIRCLE ( 'NONE', #1726, 12.00000000001199751 ) ;
#2889 = EDGE_LOOP ( 'NONE', ( #3668, #1205, #1604, #2337 ) ) ;
#2890 = DIRECTION ( 'NONE',  ( 1.000000000000000000, 0.000000000000000000, 0.000000000000000000 ) ) ;
#2891 = CIRCLE ( 'NONE', #2643, 12.00000000001199929 ) ;
#2892 = ADVANCED_FACE ( 'NONE', ( #1200 ), #3821, .F. ) ;
#2893 = CIRCLE ( 'NONE', #548, 29.88720356573499970 ) ;
#2894 = ORIENTED_EDGE ( 'NONE', *, *, #629, .T. ) ;
#2895 = VERTEX_POINT ( 'NONE', #2944 ) ;
#2896 = VECTOR ( 'NONE', #1886, 1000.000000000000000 ) ;
#2897 = CIRCLE ( 'NONE', #2463, 33.00000000003299760 ) ;
#2898 = DIRECTION ( 'NONE',  ( -1.000000000000000000, 0.000000000000000000, 0.000000000000000000 ) ) ;
#2899 = DIRECTION ( 'NONE',  ( -1.000000000000000000, -0.000000000000000000, -0.000000000000000000 ) ) ;
#2900 = AXIS2_PLACEMENT_3D ( 'NONE', #1512, #1215, #1528 ) ;
#2901 = DIRECTION ( 'NONE',  ( -1.000000000000000000, -0.000000000000000000, -0.000000000000000000 ) ) ;
#2902 = ORIENTED_EDGE ( 'NONE', *, *, #2110, .T. ) ;
#2903 = AXIS2_PLACEMENT_3D ( 'NONE', #641, #941, #585 ) ;
#2904 = ADVANCED_FACE ( 'NONE', ( #340 ), #2997, .F. ) ;
#2905 = DIRECTION ( 'NONE',  ( 0.000000000000000000, 3.552713678800500929E-15, 1.000000000000000000 ) ) ;
#2906 = DIRECTION ( 'NONE',  ( -1.000000000000000000, 0.000000000000000000, 0.000000000000000000 ) ) ;
#2907 = CIRCLE ( 'NONE', #2596, 5.500000000000000000 ) ;
#2908 = ORIENTED_EDGE ( 'NONE', *, *, #1357, .F. ) ;
#2909 = ORIENTED_EDGE ( 'NONE', *, *, #1579, .T. ) ;
#2910 = CARTESIAN_POINT ( 'NONE',  ( 0.000000000000000000, 0.000000000000000000, 0.000000000000000000 ) ) ;
#2911 = CARTESIAN_POINT ( 'NONE',  ( 0.000000000000000000, 0.000000000000000000, 0.000000000000000000 ) ) ;
#2912 = EDGE_LOOP ( 'NONE', ( #2335, #491, #1368, #2355 ) ) ;
#2913 = ADVANCED_FACE ( 'NONE', ( #1548 ), #68, .T. ) ;
#2914 = LINE ( 'NONE', #2048, #176 ) ;
#2915 = ORIENTED_EDGE ( 'NONE', *, *, #169, .F. ) ;
#2916 = VERTEX_POINT ( 'NONE', #1258 ) ;
#2917 = ADVANCED_FACE ( 'NONE', ( #3602 ), #664, .T. ) ;
#2918 = FACE_OUTER_BOUND ( 'NONE', #198, .T. ) ;
#2919 = DIRECTION ( 'NONE',  ( -1.000000000000000000, 0.000000000000000000, 0.000000000000000000 ) ) ;
#2920 = DIRECTION ( 'NONE',  ( 0.000000000000000000, 0.7230075667056643507, -0.6908401106524970636 ) ) ;
#2921 = ORIENTED_EDGE ( 'NONE', *, *, #2940, .F. ) ;
#2922 = CARTESIAN_POINT ( 'NONE',  ( 0.000000000000000000, 32.74317072229273862, 4.109108303874362988 ) ) ;
#2923 = CARTESIAN_POINT ( 'NONE',  ( 10.00000000000000000, 0.000000000000000000, 0.000000000000000000 ) ) ;
#2924 = ORIENTED_EDGE ( 'NONE', *, *, #2318, .T. ) ;
#2925 = ORIENTED_EDGE ( 'NONE', *, *, #1876, .T. ) ;
#2926 = CARTESIAN_POINT ( 'NONE',  ( 10.00000000000000000, 0.000000000000000000, 0.000000000000000000 ) ) ;
#2927 = CARTESIAN_POINT ( 'NONE',  ( 0.000000000000000000, 0.000000000000000000, 0.000000000000000000 ) ) ;
#2928 = ORIENTED_EDGE ( 'NONE', *, *, #459, .F. ) ;
#2929 = FACE_OUTER_BOUND ( 'NONE', #334, .T. ) ;
#2930 = ADVANCED_FACE ( 'NONE', ( #3239 ), #2637, .T. ) ;
#2931 = EDGE_LOOP ( 'NONE', ( #3505, #535, #1757, #653 ) ) ;
#2932 = ORIENTED_EDGE ( 'NONE', *, *, #979, .T. ) ;
#2933 = CARTESIAN_POINT ( 'NONE',  ( 0.000000000000000000, 13.74230757954388160, -25.58765035578302260 ) ) ;
#2934 = DIRECTION ( 'NONE',  ( 0.000000000000000000, 0.000000000000000000, 1.000000000000000000 ) ) ;
#2935 = EDGE_CURVE ( 'NONE', #1388, #1345, #2144, .T. ) ;
#2936 = VERTEX_POINT ( 'NONE', #158 ) ;
#2937 = AXIS2_PLACEMENT_3D ( 'NONE', #3116, #2256, #146 ) ;
#2938 = CYLINDRICAL_SURFACE ( 'NONE', #2164, 33.00000000003299760 ) ;
#2939 = CYLINDRICAL_SURFACE ( 'NONE', #1782, 12.00000000001199751 ) ;
#2940 = EDGE_CURVE ( 'NONE', #3106, #2797, #1843, .T. ) ;
#2941 = ORIENTED_EDGE ( 'NONE', *, *, #1026, .F. ) ;
#2942 = ORIENTED_EDGE ( 'NONE', *, *, #295, .T. ) ;
#2943 = CARTESIAN_POINT ( 'NONE',  ( -5.098670023112905625, 14.54686999115599910, -21.16742812710234034 ) ) ;
#2944 = CARTESIAN_POINT ( 'NONE',  ( 0.000000000000000000, -32.41039017722554405, -6.210201974346695408 ) ) ;
#2945 = ORIENTED_EDGE ( 'NONE', *, *, #2730, .F. ) ;
#2946 = DIRECTION ( 'NONE',  ( 0.000000000000000000, 0.000000000000000000, 1.000000000000000000 ) ) ;
#2947 = CIRCLE ( 'NONE', #177, 5.000000000000000000 ) ;
#2948 = VERTEX_POINT ( 'NONE', #1291 ) ;
#2949 = ORIENTED_EDGE ( 'NONE', *, *, #815, .F. ) ;
#2950 = AXIS2_PLACEMENT_3D ( 'NONE', #897, #2066, #1990 ) ;
#2951 = AXIS2_PLACEMENT_3D ( 'NONE', #3811, #3213, #2340 ) ;
#2952 = DIRECTION ( 'NONE',  ( 0.000000000000000000, -0.8090169943749531134, 0.5877852522924652545 ) ) ;
#2953 = CARTESIAN_POINT ( 'NONE',  ( 0.000000000000000000, 0.000000000000000000, 0.000000000000000000 ) ) ;
#2954 = ORIENTED_EDGE ( 'NONE', *, *, #789, .F. ) ;
#2955 = AXIS2_PLACEMENT_3D ( 'NONE', #827, #2574, #1957 ) ;
#2956 = EDGE_CURVE ( 'NONE', #3676, #3233, #1057, .T. ) ;
#2957 = CIRCLE ( 'NONE', #1121, 6.500000000000000888 ) ;
#2958 = DIRECTION ( 'NONE',  ( 0.000000000000000000, 0.000000000000000000, -1.000000000000000000 ) ) ;
#2959 = CARTESIAN_POINT ( 'NONE',  ( 10.00000000000000000, 28.58190819155614193, 5.162692366396441024 ) ) ;
#2960 = CIRCLE ( 'NONE', #3089, 9.000000000000000000 ) ;
#2961 = EDGE_LOOP ( 'NONE', ( #2606, #265, #3166, #359 ) ) ;
#2962 = EDGE_CURVE ( 'NONE', #2854, #2175, #3019, .T. ) ;
#2963 = CARTESIAN_POINT ( 'NONE',  ( -4.697289243769988687, 14.61512569134622375, -21.80407035592966736 ) ) ;
#2964 = CARTESIAN_POINT ( 'NONE',  ( 10.00000000000000000, -26.15780389372390857, -12.62331825623019377 ) ) ;
#2965 = CIRCLE ( 'NONE', #685, 26.24900000002624623 ) ;
#2966 = ORIENTED_EDGE ( 'NONE', *, *, #593, .T. ) ;
#2967 = AXIS2_PLACEMENT_3D ( 'NONE', #1589, #3662, #3045 ) ;
#2968 = DIRECTION ( 'NONE',  ( 0.000000000000000000, 0.000000000000000000, 1.000000000000000000 ) ) ;
#2969 = VERTEX_POINT ( 'NONE', #1017 ) ;
#2970 = ORIENTED_EDGE ( 'NONE', *, *, #871, .T. ) ;
#2971 = DIRECTION ( 'NONE',  ( -1.000000000000000000, 0.000000000000000000, 0.000000000000000000 ) ) ;
#2972 = CARTESIAN_POINT ( 'NONE',  ( -14.50005080000000035, 34.64999999999999858, 0.000000000000000000 ) ) ;
#2973 = VERTEX_POINT ( 'NONE', #2479 ) ;
#2974 = CARTESIAN_POINT ( 'NONE',  ( -14.50005079999999857, 14.27462903587692544, 22.02827653016634102 ) ) ;
#2975 = DIRECTION ( 'NONE',  ( -1.000000000000000000, 0.000000000000000000, -0.000000000000000000 ) ) ;
#2976 = ADVANCED_FACE ( 'NONE', ( #2191 ), #2803, .T. ) ;
#2977 = DIRECTION ( 'NONE',  ( 0.000000000000000000, 0.000000000000000000, 1.000000000000000000 ) ) ;
#2978 = ORIENTED_EDGE ( 'NONE', *, *, #765, .F. ) ;
#2979 = FACE_OUTER_BOUND ( 'NONE', #1510, .T. ) ;
#2980 = CARTESIAN_POINT ( 'NONE',  ( 10.00000000000000000, -25.58765035578306524, -13.74230757954379278 ) ) ;
#2981 = EDGE_CURVE ( 'NONE', #3285, #1827, #60, .T. ) ;
#2982 = ORIENTED_EDGE ( 'NONE', *, *, #544, .T. ) ;
#2983 = DIRECTION ( 'NONE',  ( 0.000000000000000000, 0.5767539137271788796, -0.8169179414117319071 ) ) ;
#2984 = PLANE ( 'NONE',  #497 ) ;
#2985 = CARTESIAN_POINT ( 'NONE',  ( 10.00000000000000000, 4.769696007084728073, 1.500000000000000000 ) ) ;
#2986 = EDGE_LOOP ( 'NONE', ( #525, #545, #2751, #1986 ) ) ;
#2987 = CARTESIAN_POINT ( 'NONE',  ( -4.500050800000000351, 0.000000000000000000, 0.000000000000000000 ) ) ;
#2988 = CARTESIAN_POINT ( 'NONE',  ( -5.500050799999999462, 34.64999999999999858, 0.000000000000000000 ) ) ;
#2989 = ORIENTED_EDGE ( 'NONE', *, *, #667, .F. ) ;
#2990 = LINE ( 'NONE', #3217, #3461 ) ;
#2991 = CARTESIAN_POINT ( 'NONE',  ( 0.000000000000000000, -22.22123429910961434, 13.97235653801650201 ) ) ;
#2992 = DIRECTION ( 'NONE',  ( 0.000000000000000000, 0.000000000000000000, 1.000000000000000000 ) ) ;
#2993 = CIRCLE ( 'NONE', #2074, 12.00000000001199574 ) ;
#2994 = ORIENTED_EDGE ( 'NONE', *, *, #1415, .F. ) ;
#2995 = CARTESIAN_POINT ( 'NONE',  ( 10.00000000000000000, 20.97672997851834964, 20.08869502354301773 ) ) ;
#2996 = EDGE_CURVE ( 'NONE', #1354, #3290, #556, .T. ) ;
#2997 = PLANE ( 'NONE',  #745 ) ;
#2998 = ORIENTED_EDGE ( 'NONE', *, *, #624, .F. ) ;
#2999 = EDGE_CURVE ( 'NONE', #1440, #1798, #3041, .T. ) ;
#3000 = FACE_OUTER_BOUND ( 'NONE', #776, .T. ) ;
#3001 = FACE_OUTER_BOUND ( 'NONE', #264, .T. ) ;
#3002 = FACE_OUTER_BOUND ( 'NONE', #229, .T. ) ;
#3003 = VERTEX_POINT ( 'NONE', #2750 ) ;
#3004 = EDGE_CURVE ( 'NONE', #2351, #385, #372, .T. ) ;
#3005 = DIRECTION ( 'NONE',  ( 1.000000000000000000, -0.000000000000000000, -0.000000000000000000 ) ) ;
#3006 = ORIENTED_EDGE ( 'NONE', *, *, #1940, .F. ) ;
#3007 = VECTOR ( 'NONE', #1282, 1000.000000000000000 ) ;
#3008 = AXIS2_PLACEMENT_3D ( 'NONE', #2784, #1325, #3671 ) ;
#3009 = CARTESIAN_POINT ( 'NONE',  ( 10.00000000000000000, -26.19010129678556353, -1.757439918031079795 ) ) ;
#3010 = CIRCLE ( 'NONE', #1908, 12.00000000001199751 ) ;
#3011 = DIRECTION ( 'NONE',  ( 1.000000000000000000, -0.000000000000000000, 0.000000000000000000 ) ) ;
#3012 = AXIS2_PLACEMENT_3D ( 'NONE', #2361, #1505, #2934 ) ;
#3013 = CARTESIAN_POINT ( 'NONE',  ( 0.000000000000000000, -25.58765035578306524, -13.74230757954379278 ) ) ;
#3014 = EDGE_CURVE ( 'NONE', #20, #435, #432, .T. ) ;
#3015 = ORIENTED_EDGE ( 'NONE', *, *, #1531, .T. ) ;
#3016 = CIRCLE ( 'NONE', #3395, 33.00000000003299760 ) ;
#3017 = AXIS2_PLACEMENT_3D ( 'NONE', #2253, #528, #3739 ) ;
#3018 = DIRECTION ( 'NONE',  ( 0.000000000000000000, 0.000000000000000000, 1.000000000000000000 ) ) ;
#3019 = LINE ( 'NONE', #2514, #1183 ) ;
#3020 = VECTOR ( 'NONE', #3334, 1000.000000000000000 ) ;
#3021 = CIRCLE ( 'NONE', #2097, 26.24900000002600109 ) ;
#3022 = ORIENTED_EDGE ( 'NONE', *, *, #2956, .F. ) ;
#3023 = CARTESIAN_POINT ( 'NONE',  ( -5.000050799999999462, 14.72345886679200966, 21.09306414664221307 ) ) ;
#3024 = CIRCLE ( 'NONE', #1499, 0.5000000000000001110 ) ;
#3025 = DIRECTION ( 'NONE',  ( -1.000000000000000000, 0.000000000000000000, -0.000000000000000000 ) ) ;
#3026 = CARTESIAN_POINT ( 'NONE',  ( 10.00000000000000000, -12.62331825622971060, -26.15780389372413950 ) ) ;
#3027 = LINE ( 'NONE', #672, #38 ) ;
#3028 = CIRCLE ( 'NONE', #189, 33.00000000003299760 ) ;
#3029 = EDGE_CURVE ( 'NONE', #2624, #1128, #1313, .T. ) ;
#3030 = ORIENTED_EDGE ( 'NONE', *, *, #2607, .F. ) ;
#3031 = DIRECTION ( 'NONE',  ( 0.000000000000000000, 0.000000000000000000, -1.000000000000000000 ) ) ;
#3032 = AXIS2_PLACEMENT_3D ( 'NONE', #2240, #400, #3432 ) ;
#3033 = DIRECTION ( 'NONE',  ( -1.000000000000000000, -0.000000000000000000, -0.000000000000000000 ) ) ;
#3034 = VERTEX_POINT ( 'NONE', #3617 ) ;
#3035 = EDGE_CURVE ( 'NONE', #2175, #2973, #1369, .T. ) ;
#3036 = CARTESIAN_POINT ( 'NONE',  ( 0.000000000000000000, 0.000000000000000000, 0.000000000000000000 ) ) ;
#3037 = CARTESIAN_POINT ( 'NONE',  ( 0.000000000000000000, -12.62331825622971060, -26.15780389372413950 ) ) ;
#3038 = CARTESIAN_POINT ( 'NONE',  ( -4.876795035662347289, 14.45630225947842717, 21.90969676428778001 ) ) ;
#3039 = ORIENTED_EDGE ( 'NONE', *, *, #1241, .F. ) ;
#3040 = CARTESIAN_POINT ( 'NONE',  ( 10.00000000000000000, 24.36518769947373997, -9.764611071148280530 ) ) ;
#3041 = LINE ( 'NONE', #85, #3212 ) ;
#3042 = VERTEX_POINT ( 'NONE', #747 ) ;
#3043 = DIRECTION ( 'NONE',  ( 1.000000000000000000, 0.000000000000000000, 0.000000000000000000 ) ) ;
#3044 = CARTESIAN_POINT ( 'NONE',  ( 0.000000000000000000, 0.000000000000000000, 0.000000000000000000 ) ) ;
#3045 = DIRECTION ( 'NONE',  ( 0.000000000000000000, 0.8090169943749445647, 0.5877852522924770229 ) ) ;
#3046 = CARTESIAN_POINT ( 'NONE',  ( 0.000000000000000000, 15.92161441429672308, 28.90505482514497260 ) ) ;
#3047 = ORIENTED_EDGE ( 'NONE', *, *, #3684, .T. ) ;
#3048 = DIRECTION ( 'NONE',  ( 1.000000000000000000, 0.000000000000000000, 0.000000000000000000 ) ) ;
#3049 = EDGE_CURVE ( 'NONE', #1860, #462, #1307, .T. ) ;
#3050 = VERTEX_POINT ( 'NONE', #689 ) ;
#3051 = EDGE_CURVE ( 'NONE', #3548, #762, #1743, .T. ) ;
#3052 = DIRECTION ( 'NONE',  ( 0.000000000000000000, 0.000000000000000000, 1.000000000000000000 ) ) ;
#3053 = DIRECTION ( 'NONE',  ( 1.000000000000000000, -0.000000000000000000, 0.000000000000000000 ) ) ;
#3054 = DIRECTION ( 'NONE',  ( 1.000000000000000000, -0.000000000000000000, -0.000000000000000000 ) ) ;
#3055 = ORIENTED_EDGE ( 'NONE', *, *, #2481, .F. ) ;
#3056 = EDGE_CURVE ( 'NONE', #1149, #3591, #3707, .T. ) ;
#3057 = DIRECTION ( 'NONE',  ( 1.000000000000000000, -0.000000000000000000, -0.000000000000000000 ) ) ;
#3058 = ORIENTED_EDGE ( 'NONE', *, *, #815, .T. ) ;
#3059 = AXIS2_PLACEMENT_3D ( 'NONE', #644, #1524, #3491 ) ;
#3060 = CARTESIAN_POINT ( 'NONE',  ( -5.368212616465602771, 14.27462903964714691, 22.02827652772318956 ) ) ;
#3061 = DIRECTION ( 'NONE',  ( -1.000000000000000000, 0.000000000000000000, 0.000000000000000000 ) ) ;
#3062 = SHAPE_DEFINITION_REPRESENTATION ( #713, #2126 ) ;
#3063 = CARTESIAN_POINT ( 'NONE',  ( 10.00000000000000000, -4.109108303874021928, -32.74317072229278125 ) ) ;
#3064 = AXIS2_PLACEMENT_3D ( 'NONE', #337, #1416, #1229 ) ;
#3065 = ORIENTED_EDGE ( 'NONE', *, *, #636, .T. ) ;
#3066 = CARTESIAN_POINT ( 'NONE',  ( -14.89654397482498815, 4.961404855887011855, 1.500000000000000222 ) ) ;
#3067 = ORIENTED_EDGE ( 'NONE', *, *, #1018, .T. ) ;
#3068 = DIRECTION ( 'NONE',  ( -1.000000000000000000, 0.000000000000000000, 0.000000000000000000 ) ) ;
#3069 = FACE_OUTER_BOUND ( 'NONE', #3641, .T. ) ;
#3070 = CARTESIAN_POINT ( 'NONE',  ( -5.231183018809541174, 14.29911050755750956, 22.01245909543602153 ) ) ;
#3071 = VECTOR ( 'NONE', #3408, 1000.000000000000000 ) ;
#3072 = VERTEX_POINT ( 'NONE', #2787 ) ;
#3073 = EDGE_CURVE ( 'NONE', #2118, #3319, #1061, .T. ) ;
#3074 = AXIS2_PLACEMENT_3D ( 'NONE', #1834, #313, #638 ) ;
#3075 = CARTESIAN_POINT ( 'NONE',  ( 0.000000000000000000, -20.97672997851849175, 20.08869502354286851 ) ) ;
#3076 = CIRCLE ( 'NONE', #424, 26.24900000002600109 ) ;
#3077 = VERTEX_POINT ( 'NONE', #2766 ) ;
#3078 = EDGE_CURVE ( 'NONE', #449, #3097, #2495, .T. ) ;
#3079 = AXIS2_PLACEMENT_3D ( 'NONE', #2124, #2450, #2431 ) ;
#3080 = VERTEX_POINT ( 'NONE', #1035 ) ;
#3081 = CARTESIAN_POINT ( 'NONE',  ( -5.000050800000001239, 5.669626127410465344, -1.499999999999999778 ) ) ;
#3082 = AXIS2_PLACEMENT_3D ( 'NONE', #3160, #869, #2619 ) ;
#3083 = CARTESIAN_POINT ( 'NONE',  ( 5.000000000000000000, -32.41039017722563642, 6.210201974346229115 ) ) ;
#3084 = CIRCLE ( 'NONE', #1370, 12.00000000001199929 ) ;
#3085 = CARTESIAN_POINT ( 'NONE',  ( 0.000000000000000000, -3.922283146167302448, 28.77836971167553770 ) ) ;
#3086 = VERTEX_POINT ( 'NONE', #1156 ) ;
#3087 = AXIS2_PLACEMENT_3D ( 'NONE', #823, #1372, #2844 ) ;
#3088 = LINE ( 'NONE', #167, #3630 ) ;
#3089 = AXIS2_PLACEMENT_3D ( 'NONE', #3670, #3068, #1029 ) ;
#3090 = ORIENTED_EDGE ( 'NONE', *, *, #1747, .T. ) ;
#3091 = AXIS2_PLACEMENT_3D ( 'NONE', #565, #2919, #439 ) ;
#3092 = DIRECTION ( 'NONE',  ( 1.000000000000000000, 0.000000000000000000, -0.000000000000000000 ) ) ;
#3093 = CARTESIAN_POINT ( 'NONE',  ( 10.00000000000000000, 25.45134530200261835, -6.421761699067253915 ) ) ;
#3094 = DIRECTION ( 'NONE',  ( -1.000000000000000000, 0.000000000000000000, -0.000000000000000000 ) ) ;
#3095 = CARTESIAN_POINT ( 'NONE',  ( -5.500050799999999462, 34.64999999999999858, 0.000000000000000000 ) ) ;
#3096 = ADVANCED_FACE ( 'NONE', ( #508 ), #1430, .F. ) ;
#3097 = VERTEX_POINT ( 'NONE', #1937 ) ;
#3098 = DIRECTION ( 'NONE',  ( 0.000000000000000000, -6.938893903907222067E-15, -1.000000000000000000 ) ) ;
#3099 = CARTESIAN_POINT ( 'NONE',  ( 10.00000000000000000, 6.421761699067872975, -25.45134530200246203 ) ) ;
#3100 = VERTEX_POINT ( 'NONE', #145 ) ;
#3101 = EDGE_CURVE ( 'NONE', #2341, #843, #2044, .T. ) ;
#3102 = DIRECTION ( 'NONE',  ( 0.000000000000000000, 0.000000000000000000, 1.000000000000000000 ) ) ;
#3103 = ORIENTED_EDGE ( 'NONE', *, *, #269, .F. ) ;
#3104 = CARTESIAN_POINT ( 'NONE',  ( -14.50005080000000035, 4.769696007084728073, 1.500000000000000000 ) ) ;
#3105 = CARTESIAN_POINT ( 'NONE',  ( -5.500050799999999462, 14.34814103687992137, 21.24717054234583458 ) ) ;
#3106 = VERTEX_POINT ( 'NONE', #2594 ) ;
#3107 = DIRECTION ( 'NONE',  ( -1.000000000000000000, 0.000000000000000000, -0.000000000000000000 ) ) ;
#3108 = LINE ( 'NONE', #213, #437 ) ;
#3109 = FACE_OUTER_BOUND ( 'NONE', #2986, .T. ) ;
#3110 = EDGE_LOOP ( 'NONE', ( #516, #864, #2098, #2039 ) ) ;
#3111 = CARTESIAN_POINT ( 'NONE',  ( -5.054299204144672153, 5.540057813805985276, 1.500000000000000222 ) ) ;
#3112 = EDGE_LOOP ( 'NONE', ( #1272, #1660, #736, #2301 ) ) ;
#3113 = ADVANCED_FACE ( 'NONE', ( #3128 ), #2879, .T. ) ;
#3114 = DIRECTION ( 'NONE',  ( -0.000000000000000000, 0.000000000000000000, 1.000000000000000000 ) ) ;
#3115 = CARTESIAN_POINT ( 'NONE',  ( -14.93846535154456312, 5.041168590858233323, 1.500000000000000000 ) ) ;
#3116 = CARTESIAN_POINT ( 'NONE',  ( 10.00000000000000000, 0.000000000000000000, 0.000000000000000000 ) ) ;
#3117 = AXIS2_PLACEMENT_3D ( 'NONE', #248, #554, #958 ) ;
#3118 = EDGE_CURVE ( 'NONE', #462, #3542, #3159, .T. ) ;
#3119 = CARTESIAN_POINT ( 'NONE',  ( -14.50005080000000035, 4.769696007084728073, -1.500000000000000000 ) ) ;
#3120 = AXIS2_PLACEMENT_3D ( 'NONE', #2577, #3598, #2763 ) ;
#3121 = CARTESIAN_POINT ( 'NONE',  ( 0.000000000000000000, -29.87082158197669557, -14.02619043147114652 ) ) ;
#3122 = VERTEX_POINT ( 'NONE', #3445 ) ;
#3123 = EDGE_CURVE ( 'NONE', #611, #3781, #1855, .T. ) ;
#3124 = LINE ( 'NONE', #2836, #2715 ) ;
#3125 = DIRECTION ( 'NONE',  ( 0.000000000000000000, -0.3090169943749550563, 0.9510565162951511997 ) ) ;
#3126 = DIRECTION ( 'NONE',  ( 0.000000000000000000, 0.000000000000000000, 1.000000000000000000 ) ) ;
#3127 = ORIENTED_EDGE ( 'NONE', *, *, #1556, .F. ) ;
#3128 = FACE_OUTER_BOUND ( 'NONE', #10, .T. ) ;
#3129 = CARTESIAN_POINT ( 'NONE',  ( 4.999999999999999112, -14.02619043147062960, -29.87082158197693715 ) ) ;
#3130 = AXIS2_PLACEMENT_3D ( 'NONE', #702, #3690, #448 ) ;
#3131 = B_SPLINE_CURVE_WITH_KNOTS ( 'NONE', 3,
 ( #3611, #2475, #1269, #3348 ),
 .UNSPECIFIED., .F., .F.,
 ( 4, 4 ),
 ( 0.001994916055670568206, 0.003061277732227493751 ),
 .UNSPECIFIED. ) ;
#3132 = EDGE_CURVE ( 'NONE', #3299, #1222, #2537, .T. ) ;
#3133 = ORIENTED_EDGE ( 'NONE', *, *, #1249, .F. ) ;
#3134 = CIRCLE ( 'NONE', #2276, 12.00000000001199751 ) ;
#3135 = CARTESIAN_POINT ( 'NONE',  ( 10.00000000000000000, 0.000000000000000000, 0.000000000000000000 ) ) ;
#3136 = DIRECTION ( 'NONE',  ( -1.000000000000000000, 0.000000000000000000, -0.000000000000000000 ) ) ;
#3137 = AXIS2_PLACEMENT_3D ( 'NONE', #650, #1551, #948 ) ;
#3138 = AXIS2_PLACEMENT_3D ( 'NONE', #3345, #2505, #387 ) ;
#3139 = CYLINDRICAL_SURFACE ( 'NONE', #2442, 12.00000000001199751 ) ;
#3140 = VERTEX_POINT ( 'NONE', #2289 ) ;
#3141 = VECTOR ( 'NONE', #3136, 1000.000000000000000 ) ;
#3142 = CIRCLE ( 'NONE', #3209, 12.00000000001199751 ) ;
#3143 = DIRECTION ( 'NONE',  ( 0.000000000000000000, 0.000000000000000000, 1.000000000000000000 ) ) ;
#3144 = DIRECTION ( 'NONE',  ( -1.000000000000000000, -0.000000000000000000, -0.000000000000000000 ) ) ;
#3145 = EDGE_CURVE ( 'NONE', #2131, #1149, #200, .T. ) ;
#3146 = ORIENTED_EDGE ( 'NONE', *, *, #3531, .T. ) ;
#3147 = CIRCLE ( 'NONE', #1915, 26.24900000002624623 ) ;
#3148 = ORIENTED_EDGE ( 'NONE', *, *, #960, .T. ) ;
#3149 = CARTESIAN_POINT ( 'NONE',  ( -4.500050800000000351, 15.13921348143990997, -21.44327904413795594 ) ) ;
#3150 = CIRCLE ( 'NONE', #1984, 12.00000000001199751 ) ;
#3151 = CYLINDRICAL_SURFACE ( 'NONE', #3277, 12.00000000001199396 ) ;
#3152 = CYLINDRICAL_SURFACE ( 'NONE', #1358, 12.00000000001199751 ) ;
#3153 = EDGE_CURVE ( 'NONE', #429, #1120, #1677, .T. ) ;
#3154 = EDGE_LOOP ( 'NONE', ( #3507, #1884, #1213, #1943 ) ) ;
#3155 = CARTESIAN_POINT ( 'NONE',  ( 0.000000000000000000, 0.000000000000000000, 0.000000000000000000 ) ) ;
#3156 = DIRECTION ( 'NONE',  ( -1.000000000000000000, -0.000000000000000000, -0.000000000000000000 ) ) ;
#3157 = ORIENTED_EDGE ( 'NONE', *, *, #1577, .T. ) ;
#3158 = FACE_OUTER_BOUND ( 'NONE', #1969, .T. ) ;
#3159 = B_SPLINE_CURVE_WITH_KNOTS ( 'NONE', 3,
 ( #1996, #3173, #3735, #3111, #523, #1711 ),
 .UNSPECIFIED., .F., .F.,
 ( 4, 2, 4 ),
 ( 0.000000000000000000, 0.0003907996744621121334, 0.0007815993489242242668 ),
 .UNSPECIFIED. ) ;
#3160 = CARTESIAN_POINT ( 'NONE',  ( 10.00000000000000000, -26.15780389372408976, 12.62331825622981540 ) ) ;
#3161 = DIRECTION ( 'NONE',  ( -1.000000000000000000, 0.000000000000000000, 0.000000000000000000 ) ) ;
#3162 = ORIENTED_EDGE ( 'NONE', *, *, #712, .F. ) ;
#3163 = EDGE_CURVE ( 'NONE', #1345, #3545, #3147, .T. ) ;
#3164 = DIRECTION ( 'NONE',  ( 0.000000000000000000, 0.000000000000000000, 1.000000000000000000 ) ) ;
#3165 = VERTEX_POINT ( 'NONE', #1452 ) ;
#3166 = ORIENTED_EDGE ( 'NONE', *, *, #1921, .T. ) ;
#3167 = EDGE_CURVE ( 'NONE', #3050, #3558, #681, .T. ) ;
#3168 = CARTESIAN_POINT ( 'NONE',  ( 10.00000000000000000, 3.922283146167101275, 28.77836971167556257 ) ) ;
#3169 = DIRECTION ( 'NONE',  ( -1.000000000000000000, 0.000000000000000000, 0.000000000000000000 ) ) ;
#3170 = DIRECTION ( 'NONE',  ( 0.000000000000000000, -0.9510565162951500895, -0.3090169943749582204 ) ) ;
#3171 = VERTEX_POINT ( 'NONE', #841 ) ;
#3172 = ADVANCED_FACE ( 'NONE', ( #1078 ), #3191, .F. ) ;
#3173 = CARTESIAN_POINT ( 'NONE',  ( -5.367907693083703080, 5.301103369735552739, 1.499999999999999778 ) ) ;
#3174 = DIRECTION ( 'NONE',  ( 0.000000000000000000, 0.000000000000000000, 1.000000000000000000 ) ) ;
#3175 = ORIENTED_EDGE ( 'NONE', *, *, #2558, .F. ) ;
#3176 = EDGE_LOOP ( 'NONE', ( #2114, #1405, #282, #1715 ) ) ;
#3177 = ADVANCED_FACE ( 'NONE', ( #2614 ), #3796, .T. ) ;
#3178 = CARTESIAN_POINT ( 'NONE',  ( 10.00000000000000000, -22.57029131341969830, -24.07450830296538058 ) ) ;
#3179 = CARTESIAN_POINT ( 'NONE',  ( -5.000050800000000351, 5.801767301128951004, -1.500000000000000000 ) ) ;
#3180 = DIRECTION ( 'NONE',  ( -1.000000000000000000, 0.000000000000000000, 0.000000000000000000 ) ) ;
#3181 = ORIENTED_EDGE ( 'NONE', *, *, #2880, .T. ) ;
#3182 = FACE_BOUND ( 'NONE', #3549, .T. ) ;
#3183 = ORIENTED_EDGE ( 'NONE', *, *, #1127, .T. ) ;
#3184 = VECTOR ( 'NONE', #457, 1000.000000000000000 ) ;
#3185 = VERTEX_POINT ( 'NONE', #2821 ) ;
#3186 = DIRECTION ( 'NONE',  ( 1.000000000000000000, 0.000000000000000000, 0.000000000000000000 ) ) ;
#3187 = AXIS2_PLACEMENT_3D ( 'NONE', #805, #2906, #1453 ) ;
#3188 = DIRECTION ( 'NONE',  ( -1.000000000000000000, -0.000000000000000000, -0.000000000000000000 ) ) ;
#3189 = CYLINDRICAL_SURFACE ( 'NONE', #2026, 33.00000000003299760 ) ;
#3190 = ORIENTED_EDGE ( 'NONE', *, *, #454, .F. ) ;
#3191 = PLANE ( 'NONE',  #2779 ) ;
#3192 = SURFACE_STYLE_FILL_AREA ( #1118 ) ;
#3193 = EDGE_CURVE ( 'NONE', #792, #1896, #811, .T. ) ;
#3194 = ORIENTED_EDGE ( 'NONE', *, *, #2649, .T. ) ;
#3195 = EDGE_LOOP ( 'NONE', ( #1158, #2350, #2820, #1462 ) ) ;
#3196 = DIRECTION ( 'NONE',  ( 0.000000000000000000, 1.000000000000000000, 3.469446951950145567E-15 ) ) ;
#3197 = CARTESIAN_POINT ( 'NONE',  ( -14.50005079999999857, 14.00272098155366329, 21.60867432569866153 ) ) ;
#3198 = EDGE_CURVE ( 'NONE', #20, #2486, #1619, .T. ) ;
#3199 = CARTESIAN_POINT ( 'NONE',  ( 10.00000000000000000, 20.97672997851834964, 20.08869502354301773 ) ) ;
#3200 = VECTOR ( 'NONE', #2898, 1000.000000000000000 ) ;
#3201 = AXIS2_PLACEMENT_3D ( 'NONE', #3288, #1821, #1253 ) ;
#3202 = ORIENTED_EDGE ( 'NONE', *, *, #341, .F. ) ;
#3203 = DIRECTION ( 'NONE',  ( -1.000000000000000000, -0.000000000000000000, 0.000000000000000000 ) ) ;
#3204 = VECTOR ( 'NONE', #2473, 1000.000000000000000 ) ;
#3205 = VECTOR ( 'NONE', #1387, 1000.000000000000000 ) ;
#3206 = VERTEX_POINT ( 'NONE', #804 ) ;
#3207 = VERTEX_POINT ( 'NONE', #2860 ) ;
#3208 = AXIS2_PLACEMENT_3D ( 'NONE', #2022, #2622, #3164 ) ;
#3209 = AXIS2_PLACEMENT_3D ( 'NONE', #2193, #436, #3196 ) ;
#3210 = CYLINDRICAL_SURFACE ( 'NONE', #3522, 12.00000000001199574 ) ;
#3211 = DIRECTION ( 'NONE',  ( 0.000000000000000000, 0.5877852522924685852, 0.8090169943749506709 ) ) ;
#3212 = VECTOR ( 'NONE', #1060, 1000.000000000000000 ) ;
#3213 = DIRECTION ( 'NONE',  ( -1.000000000000000000, 0.000000000000000000, 0.000000000000000000 ) ) ;
#3214 = AXIS2_PLACEMENT_3D ( 'NONE', #2042, #1545, #11 ) ;
#3215 = ORIENTED_EDGE ( 'NONE', *, *, #2115, .T. ) ;
#3216 = VECTOR ( 'NONE', #3470, 1000.000000000000000 ) ;
#3217 = CARTESIAN_POINT ( 'NONE',  ( 5.000000000000000000, 4.109108303874247525, 32.74317072229275283 ) ) ;
#3218 = CARTESIAN_POINT ( 'NONE',  ( 0.000000000000000000, 4.109108303874247525, 32.74317072229275283 ) ) ;
#3219 = ORIENTED_EDGE ( 'NONE', *, *, #3462, .F. ) ;
#3220 = ORIENTED_EDGE ( 'NONE', *, *, #2045, .F. ) ;
#3221 = DIRECTION ( 'NONE',  ( -1.000000000000000000, -0.000000000000000000, 0.000000000000000000 ) ) ;
#3222 = AXIS2_PLACEMENT_3D ( 'NONE', #1647, #2755, #2807 ) ;
#3223 = ADVANCED_FACE ( 'NONE', ( #216 ), #1211, .F. ) ;
#3224 = CARTESIAN_POINT ( 'NONE',  ( -1.000050799999999906, 34.64999999999999858, 9.000000000000000000 ) ) ;
#3225 = ORIENTED_EDGE ( 'NONE', *, *, #686, .T. ) ;
#3226 = EDGE_CURVE ( 'NONE', #2936, #1749, #2363, .T. ) ;
#3227 = CARTESIAN_POINT ( 'NONE',  ( -5.000050800000000351, 0.000000000000000000, 0.000000000000000000 ) ) ;
#3228 = ORIENTED_EDGE ( 'NONE', *, *, #3263, .F. ) ;
#3229 = ORIENTED_EDGE ( 'NONE', *, *, #2390, .T. ) ;
#3230 = ADVANCED_FACE ( 'NONE', ( #884 ), #3234, .T. ) ;
#3231 = FACE_OUTER_BOUND ( 'NONE', #2394, .T. ) ;
#3232 = DIRECTION ( 'NONE',  ( -1.000000000000000000, -0.000000000000000000, -0.000000000000000000 ) ) ;
#3233 = VERTEX_POINT ( 'NONE', #1252 ) ;
#3234 = CYLINDRICAL_SURFACE ( 'NONE', #2903, 12.00000000001199751 ) ;
#3235 = CARTESIAN_POINT ( 'NONE',  ( 15.00005080000000035, 4.769696007084728073, 1.500000000000000000 ) ) ;
#3236 = ORIENTED_EDGE ( 'NONE', *, *, #2437, .F. ) ;
#3237 = ORIENTED_EDGE ( 'NONE', *, *, #232, .T. ) ;
#3238 = DIRECTION ( 'NONE',  ( -1.000000000000000000, -0.000000000000000000, 0.000000000000000000 ) ) ;
#3239 = FACE_OUTER_BOUND ( 'NONE', #2811, .T. ) ;
#3240 = ORIENTED_EDGE ( 'NONE', *, *, #2626, .T. ) ;
#3241 = DIRECTION ( 'NONE',  ( 0.000000000000000000, 0.000000000000000000, 1.000000000000000000 ) ) ;
#3242 = EDGE_LOOP ( 'NONE', ( #3738, #2373, #1146, #2269 ) ) ;
#3243 = EDGE_CURVE ( 'NONE', #971, #2190, #1803, .T. ) ;
#3244 = EDGE_LOOP ( 'NONE', ( #3295, #2143, #710, #891 ) ) ;
#3245 = DIRECTION ( 'NONE',  ( 0.000000000000000000, 0.000000000000000000, -1.000000000000000000 ) ) ;
#3246 = DIRECTION ( 'NONE',  ( 0.000000000000000000, 0.000000000000000000, 1.000000000000000000 ) ) ;
#3247 = ORIENTED_EDGE ( 'NONE', *, *, #696, .F. ) ;
#3248 = EDGE_CURVE ( 'NONE', #3488, #3778, #2782, .T. ) ;
#3249 = AXIS2_PLACEMENT_3D ( 'NONE', #3663, #1023, #2196 ) ;
#3250 = CARTESIAN_POINT ( 'NONE',  ( -4.500050800000000351, 24.65785880812399355, -9.000000000000000000 ) ) ;
#3251 = DIRECTION ( 'NONE',  ( 1.000000000000000000, -0.000000000000000000, -0.000000000000000000 ) ) ;
#3252 = AXIS2_PLACEMENT_3D ( 'NONE', #2188, #428, #450 ) ;
#3253 = ORIENTED_EDGE ( 'NONE', *, *, #1509, .T. ) ;
#3254 = CARTESIAN_POINT ( 'NONE',  ( 10.00000000000000000, 20.08869502354294312, 20.97672997851841714 ) ) ;
#3255 = DIRECTION ( 'NONE',  ( 0.000000000000000000, 0.000000000000000000, -1.000000000000000000 ) ) ;
#3256 = ORIENTED_EDGE ( 'NONE', *, *, #1249, .T. ) ;
#3257 = FACE_OUTER_BOUND ( 'NONE', #2612, .T. ) ;
#3258 = VECTOR ( 'NONE', #407, 1000.000000000000000 ) ;
#3259 = EDGE_LOOP ( 'NONE', ( #1611, #1394, #1888, #2862 ) ) ;
#3260 = VERTEX_POINT ( 'NONE', #22 ) ;
#3261 = TOROIDAL_SURFACE ( 'NONE', #2582, 25.74900000002624623, 0.5000000000000000000 ) ;
#3262 = CARTESIAN_POINT ( 'NONE',  ( -5.000050800000000351, 0.000000000000000000, 0.000000000000000000 ) ) ;
#3263 = EDGE_CURVE ( 'NONE', #3265, #611, #2990, .T. ) ;
#3264 = DIRECTION ( 'NONE',  ( -1.000000000000000000, 0.000000000000000000, 0.000000000000000000 ) ) ;
#3265 = VERTEX_POINT ( 'NONE', #2652 ) ;
#3266 = AXIS2_PLACEMENT_3D ( 'NONE', #893, #2137, #3533 ) ;
#3267 = AXIS2_PLACEMENT_3D ( 'NONE', #707, #2518, #2465 ) ;
#3268 = AXIS2_PLACEMENT_3D ( 'NONE', #786, #2271, #1083 ) ;
#3269 = ADVANCED_FACE ( 'NONE', ( #3287 ), #2938, .T. ) ;
#3270 = DIRECTION ( 'NONE',  ( 0.000000000000000000, -0.3090169943749550563, 0.9510565162951511997 ) ) ;
#3271 = CARTESIAN_POINT ( 'NONE',  ( 0.000000000000000000, 14.02619043147124955, -29.87082158197664583 ) ) ;
#3272 = CARTESIAN_POINT ( 'NONE',  ( 0.000000000000000000, 32.41039017722567905, -6.210201974346015952 ) ) ;
#3273 = AXIS2_PLACEMENT_3D ( 'NONE', #1602, #140, #451 ) ;
#3274 = ORIENTED_EDGE ( 'NONE', *, *, #2996, .T. ) ;
#3275 = DIRECTION ( 'NONE',  ( 0.000000000000000000, 0.000000000000000000, 1.000000000000000000 ) ) ;
#3276 = DIRECTION ( 'NONE',  ( 0.000000000000000000, 0.000000000000000000, -1.000000000000000000 ) ) ;
#3277 = AXIS2_PLACEMENT_3D ( 'NONE', #819, #1093, #2532 ) ;
#3278 = ORIENTED_EDGE ( 'NONE', *, *, #1393, .T. ) ;
#3279 = CARTESIAN_POINT ( 'NONE',  ( -15.00005080000000035, 5.301103369735552739, -1.500000000000000000 ) ) ;
#3280 = CARTESIAN_POINT ( 'NONE',  ( 10.00000000000000000, -5.162692366395742027, -28.58190819155626627 ) ) ;
#3281 = CARTESIAN_POINT ( 'NONE',  ( -14.89582795336243137, 5.119025261419379191, 1.499999999999999778 ) ) ;
#3282 = ORIENTED_EDGE ( 'NONE', *, *, #2180, .T. ) ;
#3283 = DIRECTION ( 'NONE',  ( -1.000000000000000000, 0.000000000000000000, -0.000000000000000000 ) ) ;
#3284 = CARTESIAN_POINT ( 'NONE',  ( 0.000000000000000000, 1.757439918030792247, 26.19010129678533616 ) ) ;
#3285 = VERTEX_POINT ( 'NONE', #916 ) ;
#3286 = EDGE_CURVE ( 'NONE', #2617, #435, #1373, .T. ) ;
#3287 = FACE_OUTER_BOUND ( 'NONE', #338, .T. ) ;
#3288 = CARTESIAN_POINT ( 'NONE',  ( 0.000000000000000000, 12.62331825622990600, 26.15780389372405423 ) ) ;
#3289 = DIRECTION ( 'NONE',  ( 0.000000000000000000, 0.000000000000000000, 1.000000000000000000 ) ) ;
#3290 = VERTEX_POINT ( 'NONE', #2974 ) ;
#3291 = EDGE_CURVE ( 'NONE', #2287, #665, #2349, .T. ) ;
#3292 = DIRECTION ( 'NONE',  ( 0.000000000000000000, -0.9510565162951565288, 0.3090169943749383474 ) ) ;
#3293 = CARTESIAN_POINT ( 'NONE',  ( 0.000000000000000000, 20.15523976789220484, 16.81595405857647663 ) ) ;
#3294 = EDGE_CURVE ( 'NONE', #2804, #749, #2099, .T. ) ;
#3295 = ORIENTED_EDGE ( 'NONE', *, *, #326, .T. ) ;
#3296 = LINE ( 'NONE', #328, #3633 ) ;
#3297 = CARTESIAN_POINT ( 'NONE',  ( -10.00000000000000000, 0.000000000000000000, 0.000000000000000000 ) ) ;
#3298 = DIRECTION ( 'NONE',  ( 0.000000000000000000, 0.000000000000000000, 1.000000000000000000 ) ) ;
#3299 = VERTEX_POINT ( 'NONE', #2922 ) ;
#3300 = CARTESIAN_POINT ( 'NONE',  ( 0.000000000000000000, 6.210201974346808207, -32.41039017722552273 ) ) ;
#3301 = DIRECTION ( 'NONE',  ( 0.000000000000000000, 0.000000000000000000, 1.000000000000000000 ) ) ;
#3302 = PRODUCT_RELATED_PRODUCT_CATEGORY ( 'part', '', ( #3643 ) ) ;
#3303 = ORIENTED_EDGE ( 'NONE', *, *, #1151, .T. ) ;
#3304 = DIRECTION ( 'NONE',  ( -1.000000000000000000, 0.000000000000000000, 0.000000000000000000 ) ) ;
#3305 = DIRECTION ( 'NONE',  ( -1.000000000000000000, -0.000000000000000000, 0.000000000000000000 ) ) ;
#3306 = CARTESIAN_POINT ( 'NONE',  ( -15.00005080000000035, 0.000000000000000000, 0.000000000000000000 ) ) ;
#3307 = CIRCLE ( 'NONE', #1475, 12.00000000001199574 ) ;
#3308 = ORIENTED_EDGE ( 'NONE', *, *, #203, .F. ) ;
#3309 = DIRECTION ( 'NONE',  ( -1.000000000000000000, -0.000000000000000000, -0.000000000000000000 ) ) ;
#3310 = DIRECTION ( 'NONE',  ( -1.000000000000000000, -0.000000000000000000, 0.000000000000000000 ) ) ;
#3311 = AXIS2_PLACEMENT_3D ( 'NONE', #2923, #3156, #3174 ) ;
#3312 = EDGE_CURVE ( 'NONE', #2046, #3418, #124, .T. ) ;
#3313 = ORIENTED_EDGE ( 'NONE', *, *, #2158, .T. ) ;
#3314 = PLANE ( 'NONE',  #1971 ) ;
#3315 = DIRECTION ( 'NONE',  ( 1.000000000000000000, -0.000000000000000000, -0.000000000000000000 ) ) ;
#3316 = DIRECTION ( 'NONE',  ( -1.000000000000000000, 0.000000000000000000, 0.000000000000000000 ) ) ;
#3317 = EDGE_CURVE ( 'NONE', #226, #3165, #3335, .T. ) ;
#3318 = CARTESIAN_POINT ( 'NONE',  ( 10.00000000000000000, 20.08869502354323444, -20.97672997851813648 ) ) ;
#3319 = VERTEX_POINT ( 'NONE', #1194 ) ;
#3320 = CARTESIAN_POINT ( 'NONE',  ( 10.00000000000000000, -22.22123429910961434, 13.97235653801650201 ) ) ;
#3321 = DIRECTION ( 'NONE',  ( -1.000000000000000000, 0.000000000000000000, 0.000000000000000000 ) ) ;
#3322 = ORIENTED_EDGE ( 'NONE', *, *, #2082, .F. ) ;
#3323 = AXIS2_PLACEMENT_3D ( 'NONE', #2166, #3005, #619 ) ;
#3324 = AXIS2_PLACEMENT_3D ( 'NONE', #2170, #3053, #391 ) ;
#3325 = B_SPLINE_CURVE_WITH_KNOTS ( 'NONE', 3,
 ( #1895, #1839, #3070, #118, #3038, #975, #376, #2493, #703, #393 ),
 .UNSPECIFIED., .F., .F.,
 ( 4, 2, 2, 2, 4 ),
 ( 0.000000000000000000, 0.0004029965931646288264, 0.0008059931863292576527, 0.001208989779493886479, 0.001611986372658515305 ),
 .UNSPECIFIED. ) ;
#3326 = CYLINDRICAL_SURFACE ( 'NONE', #2472, 0.5000000000000004441 ) ;
#3327 = VECTOR ( 'NONE', #3415, 1000.000000000000000 ) ;
#3328 = CYLINDRICAL_SURFACE ( 'NONE', #238, 33.00000000003299760 ) ;
#3329 = CARTESIAN_POINT ( 'NONE',  ( -14.93846535154493615, 5.041168590857531662, -1.500000000000000000 ) ) ;
#3330 = ORIENTED_EDGE ( 'NONE', *, *, #3664, .F. ) ;
#3331 = CIRCLE ( 'NONE', #1558, 0.5000000000000004441 ) ;
#3332 = CIRCLE ( 'NONE', #3518, 25.74900000002624623 ) ;
#3333 = DIRECTION ( 'NONE',  ( -1.000000000000000000, 0.000000000000000000, 0.000000000000000000 ) ) ;
#3334 = DIRECTION ( 'NONE',  ( -1.000000000000000000, 0.000000000000000000, -0.000000000000000000 ) ) ;
#3335 = CIRCLE ( 'NONE', #2288, 26.24900000002625333 ) ;
#3336 = VERTEX_POINT ( 'NONE', #2069 ) ;
#3337 = EDGE_CURVE ( 'NONE', #3409, #342, #1676, .T. ) ;
#3338 = CARTESIAN_POINT ( 'NONE',  ( 0.000000000000000000, 0.000000000000000000, 0.000000000000000000 ) ) ;
#3339 = DIRECTION ( 'NONE',  ( 0.000000000000000000, 0.000000000000000000, 1.000000000000000000 ) ) ;
#3340 = FACE_OUTER_BOUND ( 'NONE', #2579, .T. ) ;
#3341 = DIRECTION ( 'NONE',  ( -1.000000000000000000, 0.000000000000000000, 0.000000000000000000 ) ) ;
#3342 = ORIENTED_EDGE ( 'NONE', *, *, #2730, .T. ) ;
#3343 = ADVANCED_FACE ( 'NONE', ( #2684 ), #602, .T. ) ;
#3344 = DIRECTION ( 'NONE',  ( 0.000000000000000000, 0.000000000000000000, 1.000000000000000000 ) ) ;
#3345 = CARTESIAN_POINT ( 'NONE',  ( -15.00005080000000035, 0.000000000000000000, 0.000000000000000000 ) ) ;
#3346 = ORIENTED_EDGE ( 'NONE', *, *, #1783, .T. ) ;
#3347 = EDGE_CURVE ( 'NONE', #17, #1477, #2871, .T. ) ;
#3348 = CARTESIAN_POINT ( 'NONE',  ( -15.00005080000000035, 4.871970606353783317, 2.552234787558691487 ) ) ;
#3349 = DIRECTION ( 'NONE',  ( -1.000000000000000000, -0.000000000000000000, -0.000000000000000000 ) ) ;
#3350 = CARTESIAN_POINT ( 'NONE',  ( -14.59001790637392659, 5.301103369735552739, -1.499999999999999778 ) ) ;
#3351 = VERTEX_POINT ( 'NONE', #3632 ) ;
#3352 = DIRECTION ( 'NONE',  ( 0.000000000000000000, -0.5438161086465256311, 0.8392044089353620784 ) ) ;
#3353 = EDGE_CURVE ( 'NONE', #1120, #1360, #561, .T. ) ;
#3354 = EDGE_LOOP ( 'NONE', ( #2333, #1928, #3460, #2592 ) ) ;
#3355 = CARTESIAN_POINT ( 'NONE',  ( -5.234883908063016733, 14.29830598668364061, 22.01297954729765038 ) ) ;
#3356 = CARTESIAN_POINT ( 'NONE',  ( 10.00000000000000000, 0.000000000000000000, 0.000000000000000000 ) ) ;
#3357 =( LENGTH_UNIT ( ) NAMED_UNIT ( * ) SI_UNIT ( .MILLI., .METRE. ) );
#3358 = DIRECTION ( 'NONE',  ( 0.000000000000000000, 0.000000000000000000, 1.000000000000000000 ) ) ;
#3359 = ORIENTED_EDGE ( 'NONE', *, *, #479, .T. ) ;
#3360 = CARTESIAN_POINT ( 'NONE',  ( 0.000000000000000000, -28.90505482514479141, -15.92161441429703750 ) ) ;
#3361 = EDGE_CURVE ( 'NONE', #1354, #2063, #937, .T. ) ;
#3362 = ORIENTED_EDGE ( 'NONE', *, *, #2749, .T. ) ;
#3363 = DIRECTION ( 'NONE',  ( 0.000000000000000000, 0.000000000000000000, 1.000000000000000000 ) ) ;
#3364 = CARTESIAN_POINT ( 'NONE',  ( 0.000000000000000000, 0.000000000000000000, 0.000000000000000000 ) ) ;
#3365 = EDGE_CURVE ( 'NONE', #2386, #1354, #3024, .T. ) ;
#3366 = CARTESIAN_POINT ( 'NONE',  ( 10.00000000000000000, -24.36518769947367247, 9.764611071148440402 ) ) ;
#3367 = ORIENTED_EDGE ( 'NONE', *, *, #3713, .T. ) ;
#3368 = DIRECTION ( 'NONE',  ( 0.000000000000000000, -0.8090169943749528914, 0.5877852522924654766 ) ) ;
#3369 = ORIENTED_EDGE ( 'NONE', *, *, #317, .F. ) ;
#3370 = CIRCLE ( 'NONE', #3117, 12.00000000001199751 ) ;
#3371 = CARTESIAN_POINT ( 'NONE',  ( 10.00000000000000000, -24.07450830296528821, 22.57029131341979777 ) ) ;
#3372 = DIRECTION ( 'NONE',  ( -1.000000000000000000, 0.000000000000000000, 0.000000000000000000 ) ) ;
#3373 = CYLINDRICAL_SURFACE ( 'NONE', #3779, 33.00000000003299760 ) ;
#3374 = CARTESIAN_POINT ( 'NONE',  ( 10.00000000000000000, 20.15523976789220484, 16.81595405857647663 ) ) ;
#3375 = CIRCLE ( 'NONE', #1033, 12.00000000001199751 ) ;
#3376 = EDGE_LOOP ( 'NONE', ( #371, #532, #270, #1664 ) ) ;
#3377 = FACE_OUTER_BOUND ( 'NONE', #235, .T. ) ;
#3378 = EDGE_LOOP ( 'NONE', ( #1836, #82, #575, #1484 ) ) ;
#3379 = ADVANCED_FACE ( 'NONE', ( #2745 ), #3326, .T. ) ;
#3380 = FACE_OUTER_BOUND ( 'NONE', #1019, .T. ) ;
#3381 = CARTESIAN_POINT ( 'NONE',  ( -10.00000000000000000, 0.000000000000000000, 0.000000000000000000 ) ) ;
#3382 = AXIS2_PLACEMENT_3D ( 'NONE', #606, #1789, #573 ) ;
#3383 = CARTESIAN_POINT ( 'NONE',  ( 0.000000000000000000, 25.58765035578316471, 13.74230757954361337 ) ) ;
#3384 = AXIS2_PLACEMENT_3D ( 'NONE', #1489, #3525, #885 ) ;
#3385 = EDGE_LOOP ( 'NONE', ( #2079, #2864, #3236, #1398 ) ) ;
#3386 = EDGE_CURVE ( 'NONE', #2638, #2063, #3131, .T. ) ;
#3387 = AXIS2_PLACEMENT_3D ( 'NONE', #1042, #3048, #476 ) ;
#3388 = AXIS2_PLACEMENT_3D ( 'NONE', #2988, #1209, #2029 ) ;
#3389 = DIRECTION ( 'NONE',  ( -1.000000000000000000, 0.000000000000000000, 0.000000000000000000 ) ) ;
#3390 = AXIS2_PLACEMENT_3D ( 'NONE', #343, #1532, #2946 ) ;
#3391 = VECTOR ( 'NONE', #3473, 1000.000000000000000 ) ;
#3392 = VERTEX_POINT ( 'NONE', #3596 ) ;
#3393 = FACE_OUTER_BOUND ( 'NONE', #587, .T. ) ;
#3394 = CARTESIAN_POINT ( 'NONE',  ( 10.00000000000000000, -25.45134530200257572, 6.421761699067420004 ) ) ;
#3395 = AXIS2_PLACEMENT_3D ( 'NONE', #472, #2159, #3339 ) ;
#3396 =( NAMED_UNIT ( * ) PLANE_ANGLE_UNIT ( ) SI_UNIT ( $, .RADIAN. ) );
#3397 = AXIS2_PLACEMENT_3D ( 'NONE', #2262, #977, #3018 ) ;
#3398 = CARTESIAN_POINT ( 'NONE',  ( -14.58995685125999664, 5.301103369735557180, 1.500000000000000222 ) ) ;
#3399 = EDGE_LOOP ( 'NONE', ( #3330, #3175, #887, #1591 ) ) ;
#3400 = AXIS2_PLACEMENT_3D ( 'NONE', #395, #999, #3352 ) ;
#3401 = DIRECTION ( 'NONE',  ( 0.000000000000000000, 0.000000000000000000, 1.000000000000000000 ) ) ;
#3402 = VECTOR ( 'NONE', #1851, 1000.000000000000000 ) ;
#3403 = LINE ( 'NONE', #1668, #2769 ) ;
#3404 = ORIENTED_EDGE ( 'NONE', *, *, #2575, .F. ) ;
#3405 =( BOUNDED_SURFACE ( )  B_SPLINE_SURFACE ( 3, 2, ( 
 ( #243, #3414, #2600 ),
 ( #1143, #2311, #3489 ),
 ( #1456, #846, #266 ),
 ( #471, #1661, #492 ),
 ( #3508, #945, #1160 ),
 ( #2943, #1773, #2963 ),
 ( #2367, #2352, #1199 ),
 ( #324, #2672, #3543 ),
 ( #357, #2404, #2331 ),
 ( #1231, #300, #1511 ) ),
 .UNSPECIFIED., .F., .F., .T. ) 
 B_SPLINE_SURFACE_WITH_KNOTS ( ( 4, 2, 2, 2, 4 ),
 ( 3, 3 ),
 ( 0.0006583882770156698283, 0.001053950907585842964, 0.001449513538156016208, 0.001845076168726189451, 0.002240638799296362695 ),
 ( 0.000000000000000000, 1.000000000000000000 ),
 .UNSPECIFIED. ) 
 GEOMETRIC_REPRESENTATION_ITEM ( )  RATIONAL_B_SPLINE_SURFACE ( (
 ( 1.000000000000000000, 0.6200559825527725000, 1.000000000000000000),
 ( 1.000000000000000000, 0.6200152615547745993, 1.000000000000000000),
 ( 1.000000000000000000, 0.6229257454519111503, 1.000000000000000000),
 ( 1.000000000000000000, 0.6333850838451159371, 1.000000000000000000),
 ( 1.000000000000000000, 0.6409526174266771958, 1.000000000000000000),
 ( 1.000000000000000000, 0.6583390039608357780, 1.000000000000000000),
 ( 1.000000000000000000, 0.6682744897747864288, 1.000000000000000000),
 ( 1.000000000000000000, 0.6880005553952140973, 1.000000000000000000),
 ( 1.000000000000000000, 0.6980645385839765460, 1.000000000000000000),
 ( 1.000000000000000000, 0.7071067811865467956, 1.000000000000000000) ) ) 
 REPRESENTATION_ITEM ( '' )  SURFACE ( )  );
#3406 = CARTESIAN_POINT ( 'NONE',  ( 0.000000000000000000, 0.000000000000000000, 0.000000000000000000 ) ) ;
#3407 = FACE_OUTER_BOUND ( 'NONE', #2853, .T. ) ;
#3408 = DIRECTION ( 'NONE',  ( -1.000000000000000000, 0.000000000000000000, 0.000000000000000000 ) ) ;
#3409 = VERTEX_POINT ( 'NONE', #2491 ) ;
#3410 = ADVANCED_FACE ( 'NONE', ( #717 ), #2783, .F. ) ;
#3411 = DIRECTION ( 'NONE',  ( 1.000000000000000000, 0.000000000000000000, -0.000000000000000000 ) ) ;
#3412 = EDGE_CURVE ( 'NONE', #3515, #1819, #2960, .T. ) ;
#3413 = EDGE_LOOP ( 'NONE', ( #1384, #14, #2300, #932 ) ) ;
#3414 = CARTESIAN_POINT ( 'NONE',  ( -5.500050800000001239, 14.80555220183881282, -21.68423094719570798 ) ) ;
#3415 = DIRECTION ( 'NONE',  ( -1.000000000000000000, 0.000000000000000000, 0.000000000000000000 ) ) ;
#3416 = EDGE_CURVE ( 'NONE', #1237, #3676, #374, .T. ) ;
#3417 = DIRECTION ( 'NONE',  ( 6.938893903907222067E-15, 1.000000000000000000, -4.814824860968080664E-29 ) ) ;
#3418 = VERTEX_POINT ( 'NONE', #658 ) ;
#3419 = DIRECTION ( 'NONE',  ( -1.000000000000000000, 0.000000000000000000, 0.000000000000000000 ) ) ;
#3420 = CARTESIAN_POINT ( 'NONE',  ( -5.000050800000000351, 14.85083652457632120, 21.03482007343209048 ) ) ;
#3421 = ORIENTED_EDGE ( 'NONE', *, *, #1178, .T. ) ;
#3422 = CARTESIAN_POINT ( 'NONE',  ( -4.622356073199886950, 14.71416737273902164, -21.73749416907046239 ) ) ;
#3423 = CARTESIAN_POINT ( 'NONE',  ( 0.000000000000000000, -22.22123429910941184, -13.97235653801682176 ) ) ;
#3424 = CARTESIAN_POINT ( 'NONE',  ( 5.000000000000000000, -24.07450830296528821, 22.57029131341979777 ) ) ;
#3425 = ORIENTED_EDGE ( 'NONE', *, *, #1092, .T. ) ;
#3426 = DIRECTION ( 'NONE',  ( 0.000000000000000000, 0.5877852522924685852, 0.8090169943749505599 ) ) ;
#3427 = DIRECTION ( 'NONE',  ( 0.000000000000000000, 0.000000000000000000, -1.000000000000000000 ) ) ;
#3428 = ORIENTED_EDGE ( 'NONE', *, *, #1556, .T. ) ;
#3429 = LINE ( 'NONE', #2883, #182 ) ;
#3430 = ADVANCED_FACE ( 'NONE', ( #406 ), #1863, .T. ) ;
#3431 = CARTESIAN_POINT ( 'NONE',  ( 0.000000000000000000, 28.77836971167555546, 3.922283146167203860 ) ) ;
#3432 = DIRECTION ( 'NONE',  ( 0.000000000000000000, 0.9510565162951544194, -0.3090169943749446757 ) ) ;
#3433 = DIRECTION ( 'NONE',  ( -1.000000000000000000, 0.000000000000000000, 0.000000000000000000 ) ) ;
#3434 = VECTOR ( 'NONE', #495, 1000.000000000000000 ) ;
#3435 = VERTEX_POINT ( 'NONE', #3009 ) ;
#3436 = ADVANCED_FACE ( 'NONE', ( #3380 ), #1565, .T. ) ;
#3437 = DIRECTION ( 'NONE',  ( -1.000000000000000000, 0.000000000000000000, 0.000000000000000000 ) ) ;
#3438 = CIRCLE ( 'NONE', #3064, 26.24900000002624623 ) ;
#3439 = LINE ( 'NONE', #1383, #3635 ) ;
#3440 = ORIENTED_EDGE ( 'NONE', *, *, #3263, .T. ) ;
#3441 = DIRECTION ( 'NONE',  ( -1.000000000000000000, -0.000000000000000000, -0.000000000000000000 ) ) ;
#3442 = CARTESIAN_POINT ( 'NONE',  ( 5.000000000000000000, -15.92161441429692381, 28.90505482514485891 ) ) ;
#3443 = CYLINDRICAL_SURFACE ( 'NONE', #925, 12.00000000001199751 ) ;
#3444 = ORIENTED_EDGE ( 'NONE', *, *, #1408, .F. ) ;
#3445 = CARTESIAN_POINT ( 'NONE',  ( 10.00000000000000000, 9.764611071148873833, -24.36518769947349838 ) ) ;
#3446 = CARTESIAN_POINT ( 'NONE',  ( 0.000000000000000000, 0.000000000000000000, 0.000000000000000000 ) ) ;
#3447 = AXIS2_PLACEMENT_3D ( 'NONE', #155, #2187, #741 ) ;
#3448 = ORIENTED_EDGE ( 'NONE', *, *, #806, .F. ) ;
#3449 = AXIS2_PLACEMENT_3D ( 'NONE', #2987, #35, #2666 ) ;
#3450 = CARTESIAN_POINT ( 'NONE',  ( -5.000050800000000351, 24.12490416564077833, 9.000000000000000000 ) ) ;
#3451 = CARTESIAN_POINT ( 'NONE',  ( 0.000000000000000000, 0.000000000000000000, 0.000000000000000000 ) ) ;
#3452 = AXIS2_PLACEMENT_3D ( 'NONE', #533, #2605, #3787 ) ;
#3453 = AXIS2_PLACEMENT_3D ( 'NONE', #3135, #1740, #3114 ) ;
#3454 = LINE ( 'NONE', #1906, #2810 ) ;
#3455 = ADVANCED_FACE ( 'NONE', ( #2728 ), #94, .T. ) ;
#3456 = ORIENTED_EDGE ( 'NONE', *, *, #889, .F. ) ;
#3457 = CIRCLE ( 'NONE', #617, 12.00000000001199751 ) ;
#3458 = AXIS2_PLACEMENT_3D ( 'NONE', #3819, #1274, #153 ) ;
#3459 = CARTESIAN_POINT ( 'NONE',  ( 10.00000000000000000, 24.65785880812399355, 9.000000000000000000 ) ) ;
#3460 = ORIENTED_EDGE ( 'NONE', *, *, #2199, .F. ) ;
#3461 = VECTOR ( 'NONE', #3503, 1000.000000000000000 ) ;
#3462 = EDGE_CURVE ( 'NONE', #2076, #3299, #3028, .T. ) ;
#3463 = ORIENTED_EDGE ( 'NONE', *, *, #1273, .T. ) ;
#3464 = CARTESIAN_POINT ( 'NONE',  ( 0.000000000000000000, 0.000000000000000000, 0.000000000000000000 ) ) ;
#3465 = VECTOR ( 'NONE', #682, 1000.000000000000000 ) ;
#3466 = CARTESIAN_POINT ( 'NONE',  ( 0.000000000000000000, -14.02619043147104172, 29.87082158197674175 ) ) ;
#3467 = DIRECTION ( 'NONE',  ( 0.000000000000000000, 0.000000000000000000, 1.000000000000000000 ) ) ;
#3468 = ORIENTED_EDGE ( 'NONE', *, *, #732, .T. ) ;
#3469 = ADVANCED_FACE ( 'NONE', ( #1597 ), #79, .T. ) ;
#3470 = DIRECTION ( 'NONE',  ( -1.000000000000000000, 0.000000000000000000, 0.000000000000000000 ) ) ;
#3471 = ORIENTED_EDGE ( 'NONE', *, *, #2481, .T. ) ;
#3472 = ORIENTED_EDGE ( 'NONE', *, *, #3243, .F. ) ;
#3473 = DIRECTION ( 'NONE',  ( -1.000000000000000000, 0.000000000000000000, 0.000000000000000000 ) ) ;
#3474 = DIRECTION ( 'NONE',  ( 0.000000000000000000, -1.000000000000000000, 0.000000000000000000 ) ) ;
#3475 = ADVANCED_FACE ( 'NONE', ( #3653 ), #1013, .T. ) ;
#3476 = DIRECTION ( 'NONE',  ( 0.000000000000000000, 0.000000000000000000, -1.000000000000000000 ) ) ;
#3477 = CYLINDRICAL_SURFACE ( 'NONE', #3825, 12.00000000001199751 ) ;
#3478 = ORIENTED_EDGE ( 'NONE', *, *, #2699, .T. ) ;
#3479 = ORIENTED_EDGE ( 'NONE', *, *, #1080, .F. ) ;
#3480 = PLANE ( 'NONE',  #2887 ) ;
#3481 = EDGE_CURVE ( 'NONE', #3077, #429, #2965, .T. ) ;
#3482 = CARTESIAN_POINT ( 'NONE',  ( 4.999999999999999112, -6.210201974346128750, -32.41039017722565774 ) ) ;
#3483 = CARTESIAN_POINT ( 'NONE',  ( 10.00000000000000000, -16.81595405857654413, 20.15523976789214444 ) ) ;
#3484 = ORIENTED_EDGE ( 'NONE', *, *, #3550, .T. ) ;
#3485 = EDGE_CURVE ( 'NONE', #2797, #2417, #1797, .T. ) ;
#3486 = DIRECTION ( 'NONE',  ( -1.000000000000000000, 0.000000000000000000, 0.000000000000000000 ) ) ;
#3487 = ORIENTED_EDGE ( 'NONE', *, *, #600, .T. ) ;
#3488 = VERTEX_POINT ( 'NONE', #2549 ) ;
#3489 = CARTESIAN_POINT ( 'NONE',  ( -5.367706448332908664, 14.27462905627744760, -22.02827651694652289 ) ) ;
#3490 = LINE ( 'NONE', #205, #2160 ) ;
#3491 = DIRECTION ( 'NONE',  ( 0.000000000000000000, 0.000000000000000000, 1.000000000000000000 ) ) ;
#3492 = ORIENTED_EDGE ( 'NONE', *, *, #889, .T. ) ;
#3493 = FACE_OUTER_BOUND ( 'NONE', #1823, .T. ) ;
#3494 = VERTEX_POINT ( 'NONE', #1950 ) ;
#3495 = AXIS2_PLACEMENT_3D ( 'NONE', #1397, #3417, #1959 ) ;
#3496 = ORIENTED_EDGE ( 'NONE', *, *, #486, .F. ) ;
#3497 = DIRECTION ( 'NONE',  ( -1.000000000000000000, 0.000000000000000000, 0.000000000000000000 ) ) ;
#3498 = CIRCLE ( 'NONE', #1953, 33.00000000003299760 ) ;
#3499 = CARTESIAN_POINT ( 'NONE',  ( 15.00005080000000035, 0.000000000000000000, 1.500000000000000000 ) ) ;
#3500 = CARTESIAN_POINT ( 'NONE',  ( -5.000050800000000351, 6.799999999999999822, 0.000000000000000000 ) ) ;
#3501 = ORIENTED_EDGE ( 'NONE', *, *, #3481, .T. ) ;
#3502 = EDGE_CURVE ( 'NONE', #3206, #2486, #538, .T. ) ;
#3503 = DIRECTION ( 'NONE',  ( -1.000000000000000000, 0.000000000000000000, 0.000000000000000000 ) ) ;
#3504 = DIRECTION ( 'NONE',  ( -1.000000000000000000, -0.000000000000000000, -0.000000000000000000 ) ) ;
#3505 = ORIENTED_EDGE ( 'NONE', *, *, #3361, .T. ) ;
#3506 = EDGE_CURVE ( 'NONE', #780, #3285, #1502, .T. ) ;
#3507 = ORIENTED_EDGE ( 'NONE', *, *, #2603, .T. ) ;
#3508 = CARTESIAN_POINT ( 'NONE',  ( -5.190256558747484483, 14.45284236315385584, -21.20586198701738212 ) ) ;
#3509 = DIRECTION ( 'NONE',  ( 0.000000000000000000, 0.000000000000000000, 1.000000000000000000 ) ) ;
#3510 = AXIS2_PLACEMENT_3D ( 'NONE', #2851, #814, #3143 ) ;
#3511 = AXIS2_PLACEMENT_3D ( 'NONE', #1993, #1951, #1673 ) ;
#3512 = ORIENTED_EDGE ( 'NONE', *, *, #1694, .F. ) ;
#3513 = VECTOR ( 'NONE', #1332, 1000.000000000000000 ) ;
#3514 = CIRCLE ( 'NONE', #1048, 12.00000000001199574 ) ;
#3515 = VERTEX_POINT ( 'NONE', #1364 ) ;
#3516 = ORIENTED_EDGE ( 'NONE', *, *, #1652, .F. ) ;
#3517 = AXIS2_PLACEMENT_3D ( 'NONE', #100, #1275, #723 ) ;
#3518 = AXIS2_PLACEMENT_3D ( 'NONE', #1911, #3321, #2742 ) ;
#3519 = CYLINDRICAL_SURFACE ( 'NONE', #1914, 12.00000000001200107 ) ;
#3520 = CARTESIAN_POINT ( 'NONE',  ( -1.000050800000000795, 24.65785880812399355, -9.000000000000000000 ) ) ;
#3521 = ADVANCED_FACE ( 'NONE', ( #1403 ), #3151, .T. ) ;
#3522 = AXIS2_PLACEMENT_3D ( 'NONE', #518, #2319, #2609 ) ;
#3523 = ORIENTED_EDGE ( 'NONE', *, *, #1363, .T. ) ;
#3524 = DIRECTION ( 'NONE',  ( -1.000000000000000000, 0.000000000000000000, 0.000000000000000000 ) ) ;
#3525 = DIRECTION ( 'NONE',  ( -1.000000000000000000, 0.000000000000000000, 0.000000000000000000 ) ) ;
#3526 = VECTOR ( 'NONE', #669, 1000.000000000000000 ) ;
#3527 = ORIENTED_EDGE ( 'NONE', *, *, #1818, .T. ) ;
#3528 = ORIENTED_EDGE ( 'NONE', *, *, #1393, .F. ) ;
#3529 = DIRECTION ( 'NONE',  ( 0.000000000000000000, 0.000000000000000000, -1.000000000000000000 ) ) ;
#3530 = DIRECTION ( 'NONE',  ( 0.000000000000000000, -6.938893903900291135E-15, 1.000000000000000000 ) ) ;
#3531 = EDGE_CURVE ( 'NONE', #2788, #2091, #2839, .T. ) ;
#3532 = ORIENTED_EDGE ( 'NONE', *, *, #3153, .F. ) ;
#3533 = DIRECTION ( 'NONE',  ( 0.000000000000000000, 0.000000000000000000, -1.000000000000000000 ) ) ;
#3534 = EDGE_CURVE ( 'NONE', #2740, #3392, #127, .T. ) ;
#3535 = ORIENTED_EDGE ( 'NONE', *, *, #3696, .T. ) ;
#3536 = ORIENTED_EDGE ( 'NONE', *, *, #218, .T. ) ;
#3537 = DIRECTION ( 'NONE',  ( -1.000000000000000000, 0.000000000000000000, 0.000000000000000000 ) ) ;
#3538 = DIRECTION ( 'NONE',  ( -1.000000000000000000, 0.000000000000000000, 0.000000000000000000 ) ) ;
#3539 = ORIENTED_EDGE ( 'NONE', *, *, #522, .F. ) ;
#3540 = CARTESIAN_POINT ( 'NONE',  ( 10.00000000000000000, -28.58190819155624851, 5.162692366395842392 ) ) ;
#3541 = LINE ( 'NONE', #354, #2578 ) ;
#3542 = VERTEX_POINT ( 'NONE', #1973 ) ;
#3543 = CARTESIAN_POINT ( 'NONE',  ( -4.525724481135141808, 14.91777249550913353, -21.59827867099922116 ) ) ;
#3544 = CARTESIAN_POINT ( 'NONE',  ( 0.000000000000000000, 0.000000000000000000, 0.000000000000000000 ) ) ;
#3545 = VERTEX_POINT ( 'NONE', #2566 ) ;
#3546 = EDGE_CURVE ( 'NONE', #1168, #2895, #1746, .T. ) ;
#3547 = LINE ( 'NONE', #30, #307 ) ;
#3548 = VERTEX_POINT ( 'NONE', #3751 ) ;
#3549 = EDGE_LOOP ( 'NONE', ( #2743 ) ) ;
#3550 = EDGE_CURVE ( 'NONE', #3034, #2071, #623, .T. ) ;
#3551 = CARTESIAN_POINT ( 'NONE',  ( 10.00000000000000000, 0.000000000000000000, 0.000000000000000000 ) ) ;
#3552 = DIRECTION ( 'NONE',  ( -1.000000000000000000, 0.000000000000000000, 0.000000000000000000 ) ) ;
#3553 = VERTEX_POINT ( 'NONE', #3423 ) ;
#3554 = CIRCLE ( 'NONE', #2200, 12.00000000001199751 ) ;
#3555 = CARTESIAN_POINT ( 'NONE',  ( -4.636567999629583881, 24.65785880812398645, -9.000000000000001776 ) ) ;
#3556 = CIRCLE ( 'NONE', #228, 12.00000000001199929 ) ;
#3557 = DIRECTION ( 'NONE',  ( -1.000000000000000000, -0.000000000000000000, -0.000000000000000000 ) ) ;
#3558 = VERTEX_POINT ( 'NONE', #482 ) ;
#3559 = CYLINDRICAL_SURFACE ( 'NONE', #3214, 12.00000000001199751 ) ;
#3560 = DIRECTION ( 'NONE',  ( -1.000000000000000000, -0.000000000000000000, -0.000000000000000000 ) ) ;
#3561 = ORIENTED_EDGE ( 'NONE', *, *, #3600, .T. ) ;
#3562 = CARTESIAN_POINT ( 'NONE',  ( 0.000000000000000000, -24.36518769947367247, 9.764611071148440402 ) ) ;
#3563 = FACE_OUTER_BOUND ( 'NONE', #3399, .T. ) ;
#3564 = EDGE_CURVE ( 'NONE', #1724, #792, #3775, .T. ) ;
#3565 = CIRCLE ( 'NONE', #3820, 26.24900000002600109 ) ;
#3566 = CARTESIAN_POINT ( 'NONE',  ( -5.000050800000000351, 34.64999999999999858, -9.000000000000000000 ) ) ;
#3567 = B_SPLINE_CURVE_WITH_KNOTS ( 'NONE', 3,
 ( #2070, #942, #2380, #659 ),
 .UNSPECIFIED., .F., .F.,
 ( 4, 4 ),
 ( 0.001994916055670761627, 0.003061277732227600436 ),
 .UNSPECIFIED. ) ;
#3568 = ORIENTED_EDGE ( 'NONE', *, *, #3145, .T. ) ;
#3569 = CIRCLE ( 'NONE', #924, 28.88720356573499615 ) ;
#3570 = VECTOR ( 'NONE', #3752, 1000.000000000000000 ) ;
#3571 = CARTESIAN_POINT ( 'NONE',  ( -5.000050800000000351, 34.64999999999999858, 0.000000000000000000 ) ) ;
#3572 = CARTESIAN_POINT ( 'NONE',  ( -14.50005079999999857, 0.000000000000000000, 0.000000000000000000 ) ) ;
#3573 = ADVANCED_FACE ( 'NONE', ( #3407 ), #3715, .F. ) ;
#3574 = ORIENTED_EDGE ( 'NONE', *, *, #2134, .F. ) ;
#3575 = AXIS2_PLACEMENT_3D ( 'NONE', #2581, #3769, #1443 ) ;
#3576 = CIRCLE ( 'NONE', #1367, 12.00000000001199396 ) ;
#3577 = VECTOR ( 'NONE', #302, 1000.000000000000000 ) ;
#3578 = CARTESIAN_POINT ( 'NONE',  ( -5.361816451673881545, 14.34814103687991249, -21.24717054234583102 ) ) ;
#3579 = CARTESIAN_POINT ( 'NONE',  ( 15.00005080000000035, 6.799999999999999822, -1.500000000000000000 ) ) ;
#3580 = EDGE_CURVE ( 'NONE', #329, #1421, #2291, .T. ) ;
#3581 = CARTESIAN_POINT ( 'NONE',  ( 10.00000000000000000, -26.15780389372408976, 12.62331825622981540 ) ) ;
#3582 = AXIS2_PLACEMENT_3D ( 'NONE', #978, #2153, #2460 ) ;
#3583 = ORIENTED_EDGE ( 'NONE', *, *, #1584, .F. ) ;
#3584 = DIRECTION ( 'NONE',  ( 1.000000000000000000, -0.000000000000000000, -0.000000000000000000 ) ) ;
#3585 = CARTESIAN_POINT ( 'NONE',  ( 10.00000000000000000, 12.62331825622990600, 26.15780389372405423 ) ) ;
#3586 = ORIENTED_EDGE ( 'NONE', *, *, #2437, .T. ) ;
#3587 = EDGE_CURVE ( 'NONE', #501, #261, #3108, .T. ) ;
#3588 = PLANE ( 'NONE',  #3137 ) ;
#3589 = DIRECTION ( 'NONE',  ( 0.000000000000000000, 0.000000000000000000, 1.000000000000000000 ) ) ;
#3590 = CARTESIAN_POINT ( 'NONE',  ( 0.000000000000000000, 20.08869502354323444, -20.97672997851813648 ) ) ;
#3591 = VERTEX_POINT ( 'NONE', #3466 ) ;
#3592 = CARTESIAN_POINT ( 'NONE',  ( 10.00000000000000000, -20.97672997851820753, -20.08869502354315628 ) ) ;
#3593 = CYLINDRICAL_SURFACE ( 'NONE', #2032, 12.00000000001200107 ) ;
#3594 = EDGE_LOOP ( 'NONE', ( #2051, #3673, #3220, #1687 ) ) ;
#3595 = EDGE_CURVE ( 'NONE', #1333, #1333, #2907, .T. ) ;
#3596 = CARTESIAN_POINT ( 'NONE',  ( 0.000000000000000000, 22.22123429910971737, -13.97235653801633504 ) ) ;
#3597 = DIRECTION ( 'NONE',  ( -1.000000000000000000, 0.000000000000000000, 0.000000000000000000 ) ) ;
#3598 = DIRECTION ( 'NONE',  ( 1.000000000000000000, 0.000000000000000000, 0.000000000000000000 ) ) ;
#3599 = EDGE_LOOP ( 'NONE', ( #813, #3479, #210, #2273, #2634 ) ) ;
#3600 = EDGE_CURVE ( 'NONE', #673, #540, #5, .T. ) ;
#3601 = CARTESIAN_POINT ( 'NONE',  ( -4.694959933371104732, 14.61782842349112954, -21.80225960481322645 ) ) ;
#3602 = FACE_OUTER_BOUND ( 'NONE', #1536, .T. ) ;
#3603 = ORIENTED_EDGE ( 'NONE', *, *, #1466, .F. ) ;
#3604 = DIRECTION ( 'NONE',  ( -1.000000000000000000, 0.000000000000000000, -0.000000000000000000 ) ) ;
#3605 = CARTESIAN_POINT ( 'NONE',  ( 0.000000000000000000, 0.000000000000000000, 0.000000000000000000 ) ) ;
#3606 = DIRECTION ( 'NONE',  ( 0.000000000000000000, 0.000000000000000000, -1.000000000000000000 ) ) ;
#3607 = EDGE_LOOP ( 'NONE', ( #1578, #2623, #2297, #2201 ) ) ;
#3608 = CYLINDRICAL_SURFACE ( 'NONE', #113, 12.00000000001199751 ) ;
#3609 = CARTESIAN_POINT ( 'NONE',  ( 0.000000000000000000, -16.81595405857625636, -20.15523976789238247 ) ) ;
#3610 = ORIENTED_EDGE ( 'NONE', *, *, #3123, .F. ) ;
#3611 = CARTESIAN_POINT ( 'NONE',  ( -14.93846535154456312, 5.041168590858233323, 1.500000000000000000 ) ) ;
#3612 = CARTESIAN_POINT ( 'NONE',  ( 10.00000000000000000, -28.90505482514503299, 15.92161441429662183 ) ) ;
#3613 = ADVANCED_FACE ( 'NONE', ( #1655 ), #233, .T. ) ;
#3614 = CARTESIAN_POINT ( 'NONE',  ( 0.000000000000000000, -32.74317072229271730, -4.109108303874592139 ) ) ;
#3615 = ORIENTED_EDGE ( 'NONE', *, *, #794, .T. ) ;
#3616 = DIRECTION ( 'NONE',  ( -1.000000000000000000, -0.000000000000000000, -0.000000000000000000 ) ) ;
#3617 = CARTESIAN_POINT ( 'NONE',  ( 10.00000000000000000, 13.97235653801657840, 22.22123429910956460 ) ) ;
#3618 = AXIS2_PLACEMENT_3D ( 'NONE', #2268, #2571, #281 ) ;
#3619 = ADVANCED_FACE ( 'NONE', ( #1135 ), #276, .T. ) ;
#3620 = ORIENTED_EDGE ( 'NONE', *, *, #1389, .F. ) ;
#3621 = CARTESIAN_POINT ( 'NONE',  ( 0.000000000000000000, 0.000000000000000000, 0.000000000000000000 ) ) ;
#3622 = LINE ( 'NONE', #3394, #2280 ) ;
#3623 = DIRECTION ( 'NONE',  ( -1.000000000000000000, -0.000000000000000000, 0.000000000000000000 ) ) ;
#3624 = ADVANCED_FACE ( 'NONE', ( #2427 ), #31, .T. ) ;
#3625 = FACE_OUTER_BOUND ( 'NONE', #381, .T. ) ;
#3626 = ORIENTED_EDGE ( 'NONE', *, *, #1960, .T. ) ;
#3627 = CARTESIAN_POINT ( 'NONE',  ( 10.00000000000000000, -26.15780389372390857, -12.62331825623019377 ) ) ;
#3628 = CIRCLE ( 'NONE', #795, 12.00000000001199751 ) ;
#3629 = ORIENTED_EDGE ( 'NONE', *, *, #892, .T. ) ;
#3630 = VECTOR ( 'NONE', #1355, 1000.000000000000000 ) ;
#3631 = VECTOR ( 'NONE', #1248, 1000.000000000000000 ) ;
#3632 = CARTESIAN_POINT ( 'NONE',  ( -5.000050799999999462, 6.799999999999999822, 1.500000000000000000 ) ) ;
#3633 = VECTOR ( 'NONE', #1238, 1000.000000000000000 ) ;
#3634 = DIRECTION ( 'NONE',  ( 0.000000000000000000, 1.000000000000000000, -0.000000000000000000 ) ) ;
#3635 = VECTOR ( 'NONE', #3729, 1000.000000000000000 ) ;
#3636 = DIRECTION ( 'NONE',  ( -1.000000000000000000, 0.000000000000000000, 0.000000000000000000 ) ) ;
#3637 = ORIENTED_EDGE ( 'NONE', *, *, #2536, .F. ) ;
#3638 = CIRCLE ( 'NONE', #2284, 26.24900000002600109 ) ;
#3639 = CIRCLE ( 'NONE', #2211, 12.00000000001199574 ) ;
#3640 = DIRECTION ( 'NONE',  ( -0.000000000000000000, 0.000000000000000000, -1.000000000000000000 ) ) ;
#3641 = EDGE_LOOP ( 'NONE', ( #591, #1787, #1417, #1481, #756, #2698, #2265, #3615, #3717, #822 ) ) ;
#3642 = CARTESIAN_POINT ( 'NONE',  ( -4.500050842992671107, 14.91866394715344235, 21.59898967383793078 ) ) ;
#3643 = PRODUCT ( 'Part 2 Gear', 'Part 2 Gear', '', ( #3725 ) ) ;
#3644 = ADVANCED_FACE ( 'NONE', ( #949 ), #2984, .F. ) ;
#3645 = CARTESIAN_POINT ( 'NONE',  ( 10.00000000000000000, 14.02619043147125311, -29.87082158197665294 ) ) ;
#3646 = CARTESIAN_POINT ( 'NONE',  ( 10.00000000000000000, -28.90505482514479851, -15.92161441429703750 ) ) ;
#3647 = ORIENTED_EDGE ( 'NONE', *, *, #1478, .F. ) ;
#3648 = AXIS2_PLACEMENT_3D ( 'NONE', #787, #456, #2827 ) ;
#3649 = ORIENTED_EDGE ( 'NONE', *, *, #835, .T. ) ;
#3650 = ADVANCED_FACE ( 'NONE', ( #1261 ), #2677, .T. ) ;
#3651 = CARTESIAN_POINT ( 'NONE',  ( 0.000000000000000000, 28.90505482514491575, 15.92161441429682256 ) ) ;
#3652 = ORIENTED_EDGE ( 'NONE', *, *, #2375, .F. ) ;
#3653 = FACE_OUTER_BOUND ( 'NONE', #283, .T. ) ;
#3654 = DIRECTION ( 'NONE',  ( -1.000000000000000000, 0.000000000000000000, 0.000000000000000000 ) ) ;
#3655 = PLANE ( 'NONE',  #972 ) ;
#3656 = ADVANCED_FACE ( 'NONE', ( #1219 ), #1152, .T. ) ;
#3657 = ORIENTED_EDGE ( 'NONE', *, *, #1132, .T. ) ;
#3658 = CARTESIAN_POINT ( 'NONE',  ( -4.500050800000000351, 24.65785880812399355, 9.000000000000000000 ) ) ;
#3659 = ORIENTED_EDGE ( 'NONE', *, *, #667, .T. ) ;
#3660 = CARTESIAN_POINT ( 'NONE',  ( -5.500050799999999462, 5.301103369735552739, -1.500000000000000000 ) ) ;
#3661 = CARTESIAN_POINT ( 'NONE',  ( 5.000000000000000000, 32.41039017722559379, 6.210201974346464482 ) ) ;
#3662 = DIRECTION ( 'NONE',  ( -1.000000000000000000, 0.000000000000000000, 0.000000000000000000 ) ) ;
#3663 = CARTESIAN_POINT ( 'NONE',  ( 0.000000000000000000, 0.000000000000000000, 0.000000000000000000 ) ) ;
#3664 = EDGE_CURVE ( 'NONE', #496, #2015, #2102, .T. ) ;
#3665 = EDGE_LOOP ( 'NONE', ( #2928, #816, #1624, #2794 ) ) ;
#3666 = CARTESIAN_POINT ( 'NONE',  ( 5.000000000000000000, 24.07450830296512834, 22.57029131341996120 ) ) ;
#3667 = CARTESIAN_POINT ( 'NONE',  ( 10.00000000000000000, -6.421761699067341844, -25.45134530200259704 ) ) ;
#3668 = ORIENTED_EDGE ( 'NONE', *, *, #76, .F. ) ;
#3669 = ADVANCED_FACE ( 'NONE', ( #3563 ), #1872, .T. ) ;
#3670 = CARTESIAN_POINT ( 'NONE',  ( -5.000050800000000351, 34.64999999999999858, 0.000000000000000000 ) ) ;
#3671 = DIRECTION ( 'NONE',  ( 0.000000000000000000, 0.000000000000000000, 1.000000000000000000 ) ) ;
#3672 = DIRECTION ( 'NONE',  ( 1.000000000000000000, 0.000000000000000000, 0.000000000000000000 ) ) ;
#3673 = ORIENTED_EDGE ( 'NONE', *, *, #1466, .T. ) ;
#3674 = DIRECTION ( 'NONE',  ( 0.000000000000000000, 1.000000000000000000, 0.000000000000000000 ) ) ;
#3675 = AXIS2_PLACEMENT_3D ( 'NONE', #1610, #3433, #1942 ) ;
#3676 = VERTEX_POINT ( 'NONE', #2445 ) ;
#3677 = CIRCLE ( 'NONE', #3311, 33.00000000003299760 ) ;
#3678 = CARTESIAN_POINT ( 'NONE',  ( 0.000000000000000000, 28.58190819155622009, -5.162692366396045784 ) ) ;
#3679 = CARTESIAN_POINT ( 'NONE',  ( 0.000000000000000000, 12.62331825623028436, -26.15780389372386239 ) ) ;
#3680 = DIRECTION ( 'NONE',  ( -1.000000000000000000, -0.000000000000000000, -0.000000000000000000 ) ) ;
#3681 = CARTESIAN_POINT ( 'NONE',  ( 0.000000000000000000, 28.77836971167560876, -3.922283146166785528 ) ) ;
#3682 = ORIENTED_EDGE ( 'NONE', *, *, #774, .T. ) ;
#3683 = CARTESIAN_POINT ( 'NONE',  ( 0.000000000000000000, -15.92161441429692381, 28.90505482514485891 ) ) ;
#3684 = EDGE_CURVE ( 'NONE', #2748, #20, #2660, .T. ) ;
#3685 = CARTESIAN_POINT ( 'NONE',  ( -14.50005080000000035, 4.769696007084728073, 1.500000000000000000 ) ) ;
#3686 = ORIENTED_EDGE ( 'NONE', *, *, #1327, .T. ) ;
#3687 = DIRECTION ( 'NONE',  ( 0.000000000000000000, 0.000000000000000000, 1.000000000000000000 ) ) ;
#3688 = ADVANCED_FACE ( 'NONE', ( #3340 ), #1279, .T. ) ;
#3689 = CARTESIAN_POINT ( 'NONE',  ( 0.000000000000000000, 0.000000000000000000, 0.000000000000000000 ) ) ;
#3690 = DIRECTION ( 'NONE',  ( -1.000000000000000000, 0.000000000000000000, 0.000000000000000000 ) ) ;
#3691 = EDGE_LOOP ( 'NONE', ( #1640, #402, #687, #2278 ) ) ;
#3692 = VECTOR ( 'NONE', #3497, 1000.000000000000000 ) ;
#3693 = DIRECTION ( 'NONE',  ( 1.000000000000000000, 0.000000000000000000, 0.000000000000000000 ) ) ;
#3694 = CIRCLE ( 'NONE', #3201, 12.00000000001199751 ) ;
#3695 = AXIS2_PLACEMENT_3D ( 'NONE', #2525, #3709, #1592 ) ;
#3696 = EDGE_CURVE ( 'NONE', #2207, #2135, #69, .T. ) ;
#3697 = AXIS2_PLACEMENT_3D ( 'NONE', #1366, #2533, #3777 ) ;
#3698 = CARTESIAN_POINT ( 'NONE',  ( 10.00000000000000000, -3.922283146166886336, -28.77836971167559810 ) ) ;
#3699 = AXIS2_PLACEMENT_3D ( 'NONE', #2519, #1278, #2826 ) ;
#3700 = AXIS2_PLACEMENT_3D ( 'NONE', #1123, #1082, #785 ) ;
#3701 = ORIENTED_EDGE ( 'NONE', *, *, #3004, .T. ) ;
#3702 = DIRECTION ( 'NONE',  ( 0.000000000000000000, 0.3090169943749478398, -0.9510565162951534202 ) ) ;
#3703 = CARTESIAN_POINT ( 'NONE',  ( 10.00000000000000000, 0.000000000000000000, 0.000000000000000000 ) ) ;
#3704 = AXIS2_PLACEMENT_3D ( 'NONE', #2658, #1181, #3292 ) ;
#3705 = DIRECTION ( 'NONE',  ( -1.000000000000000000, 0.000000000000000000, 0.000000000000000000 ) ) ;
#3706 = ORIENTED_EDGE ( 'NONE', *, *, #1273, .F. ) ;
#3707 = CIRCLE ( 'NONE', #620, 12.00000000001199751 ) ;
#3708 = ADVANCED_FACE ( 'NONE', ( #3001 ), #1573, .T. ) ;
#3709 = DIRECTION ( 'NONE',  ( -1.000000000000000000, 0.000000000000000000, 0.000000000000000000 ) ) ;
#3710 = AXIS2_PLACEMENT_3D ( 'NONE', #2856, #760, #1934 ) ;
#3711 = FACE_OUTER_BOUND ( 'NONE', #1956, .T. ) ;
#3712 = EDGE_LOOP ( 'NONE', ( #3478, #1498, #2954, #3055 ) ) ;
#3713 = EDGE_CURVE ( 'NONE', #2429, #410, #881, .T. ) ;
#3714 = LINE ( 'NONE', #1568, #61 ) ;
#3715 = PLANE ( 'NONE',  #3710 ) ;
#3716 = CARTESIAN_POINT ( 'NONE',  ( 10.00000000000000000, 28.90505482514491220, 15.92161441429681901 ) ) ;
#3717 = ORIENTED_EDGE ( 'NONE', *, *, #2613, .F. ) ;
#3718 = EDGE_CURVE ( 'NONE', #1724, #843, #1240, .T. ) ;
#3719 = CARTESIAN_POINT ( 'NONE',  ( 10.00000000000000000, 1.757439918030808679, 26.19010129678558130 ) ) ;
#3720 = LINE ( 'NONE', #861, #2504 ) ;
#3721 = EDGE_CURVE ( 'NONE', #141, #2078, #259, .T. ) ;
#3722 = VERTEX_POINT ( 'NONE', #2320 ) ;
#3723 = CARTESIAN_POINT ( 'NONE',  ( 10.00000000000000000, -14.02619043147104527, 29.87082158197674175 ) ) ;
#3724 = DIRECTION ( 'NONE',  ( 1.000000000000000000, 2.992556055225274395E-15, -1.939217872942029504E-15 ) ) ;
#3725 = PRODUCT_CONTEXT ( 'NONE', #657, 'mechanical' ) ;
#3726 = SPHERICAL_SURFACE ( 'NONE', #3495, 0.5000000000000000000 ) ;
#3727 = ORIENTED_EDGE ( 'NONE', *, *, #648, .F. ) ;
#3728 = CARTESIAN_POINT ( 'NONE',  ( 0.000000000000000000, -9.764611071148365795, -24.36518769947370444 ) ) ;
#3729 = DIRECTION ( 'NONE',  ( 1.000000000000000000, -0.000000000000000000, -0.000000000000000000 ) ) ;
#3730 = ORIENTED_EDGE ( 'NONE', *, *, #434, .T. ) ;
#3731 = CARTESIAN_POINT ( 'NONE',  ( 10.00000000000000000, -22.22123429910961434, 13.97235653801650201 ) ) ;
#3732 = CARTESIAN_POINT ( 'NONE',  ( 0.000000000000000000, 0.000000000000000000, 0.000000000000000000 ) ) ;
#3733 = DIRECTION ( 'NONE',  ( -1.000000000000000000, -0.000000000000000000, 0.000000000000000000 ) ) ;
#3734 = ORIENTED_EDGE ( 'NONE', *, *, #251, .F. ) ;
#3735 = CARTESIAN_POINT ( 'NONE',  ( -5.238711032350823693, 5.355410916985646530, 1.500000000000000222 ) ) ;
#3736 = SURFACE_SIDE_STYLE ('',( #3192 ) ) ;
#3737 = EDGE_CURVE ( 'NONE', #2407, #1323, #3150, .T. ) ;
#3738 = ORIENTED_EDGE ( 'NONE', *, *, #2816, .F. ) ;
#3739 = DIRECTION ( 'NONE',  ( 0.000000000000000000, 0.000000000000000000, 1.000000000000000000 ) ) ;
#3740 = DIRECTION ( 'NONE',  ( 0.000000000000000000, 0.000000000000000000, 1.000000000000000000 ) ) ;
#3741 = EDGE_CURVE ( 'NONE', #1827, #310, #321, .T. ) ;
#3742 = DIRECTION ( 'NONE',  ( 1.000000000000000000, 0.000000000000000000, 0.000000000000000000 ) ) ;
#3743 = AXIS2_PLACEMENT_3D ( 'NONE', #967, #3341, #695 ) ;
#3744 = ORIENTED_EDGE ( 'NONE', *, *, #1132, .F. ) ;
#3745 = DIRECTION ( 'NONE',  ( 1.000000000000000000, 0.000000000000000000, -0.000000000000000000 ) ) ;
#3746 = EDGE_CURVE ( 'NONE', #310, #1207, #164, .T. ) ;
#3747 = AXIS2_PLACEMENT_3D ( 'NONE', #1918, #3636, #2171 ) ;
#3748 = ORIENTED_EDGE ( 'NONE', *, *, #2935, .F. ) ;
#3749 = ORIENTED_EDGE ( 'NONE', *, *, #1694, .T. ) ;
#3750 = LINE ( 'NONE', #212, #934 ) ;
#3751 = CARTESIAN_POINT ( 'NONE',  ( -15.00005080000000035, 14.00272098155366862, -21.60867432569866509 ) ) ;
#3752 = DIRECTION ( 'NONE',  ( -1.000000000000000000, -0.000000000000000000, 0.000000000000000000 ) ) ;
#3753 = ORIENTED_EDGE ( 'NONE', *, *, #142, .F. ) ;
#3754 = DIRECTION ( 'NONE',  ( 1.000000000000000000, -0.000000000000000000, -0.000000000000000000 ) ) ;
#3755 = FACE_OUTER_BOUND ( 'NONE', #536, .T. ) ;
#3756 = VECTOR ( 'NONE', #3634, 1000.000000000000000 ) ;
#3757 = ORIENTED_EDGE ( 'NONE', *, *, #2597, .T. ) ;
#3758 = VERTEX_POINT ( 'NONE', #3646 ) ;
#3759 = CIRCLE ( 'NONE', #368, 12.00000000001199929 ) ;
#3760 = DIRECTION ( 'NONE',  ( 0.000000000000000000, 0.3090169943749481174, -0.9510565162951533091 ) ) ;
#3761 = PLANE ( 'NONE',  #3268 ) ;
#3762 = VECTOR ( 'NONE', #3604, 1000.000000000000000 ) ;
#3763 = AXIS2_PLACEMENT_3D ( 'NONE', #1413, #1939, #3760 ) ;
#3764 = FACE_OUTER_BOUND ( 'NONE', #2436, .T. ) ;
#3765 = ORIENTED_EDGE ( 'NONE', *, *, #1268, .F. ) ;
#3766 = EDGE_CURVE ( 'NONE', #1290, #3722, #1000, .T. ) ;
#3767 = VECTOR ( 'NONE', #647, 1000.000000000000000 ) ;
#3768 = AXIS2_PLACEMENT_3D ( 'NONE', #1526, #1824, #43 ) ;
#3769 = DIRECTION ( 'NONE',  ( -1.000000000000000000, 0.000000000000000000, 0.000000000000000000 ) ) ;
#3770 = ORIENTED_EDGE ( 'NONE', *, *, #2699, .F. ) ;
#3771 = VECTOR ( 'NONE', #1507, 1000.000000000000000 ) ;
#3772 = ORIENTED_EDGE ( 'NONE', *, *, #1807, .T. ) ;
#3773 = EDGE_CURVE ( 'NONE', #2417, #28, #1903, .T. ) ;
#3774 = DIRECTION ( 'NONE',  ( 0.000000000000000000, 0.000000000000000000, 1.000000000000000000 ) ) ;
#3775 = CIRCLE ( 'NONE', #2356, 33.00000000003299760 ) ;
#3776 = DIRECTION ( 'NONE',  ( 0.000000000000000000, 0.000000000000000000, 1.000000000000000000 ) ) ;
#3777 = DIRECTION ( 'NONE',  ( 0.000000000000000000, -0.5877852522924623679, -0.8090169943749551118 ) ) ;
#3778 = VERTEX_POINT ( 'NONE', #1318 ) ;
#3779 = AXIS2_PLACEMENT_3D ( 'NONE', #106, #3680, #473 ) ;
#3780 = CARTESIAN_POINT ( 'NONE',  ( 0.000000000000000000, 0.000000000000000000, 0.000000000000000000 ) ) ;
#3781 = VERTEX_POINT ( 'NONE', #2484 ) ;
#3782 = EDGE_LOOP ( 'NONE', ( #1455, #3274, #3770 ) ) ;
#3783 = FACE_OUTER_BOUND ( 'NONE', #356, .T. ) ;
#3784 = CARTESIAN_POINT ( 'NONE',  ( 0.000000000000000000, 16.81595405857640557, 20.15523976789225813 ) ) ;
#3785 = DIRECTION ( 'NONE',  ( -1.000000000000000000, -0.000000000000000000, 0.000000000000000000 ) ) ;
#3786 = ORIENTED_EDGE ( 'NONE', *, *, #2180, .F. ) ;
#3787 = DIRECTION ( 'NONE',  ( 0.000000000000000000, 0.000000000000000000, 1.000000000000000000 ) ) ;
#3788 = EDGE_CURVE ( 'NONE', #1793, #2141, #2845, .T. ) ;
#3789 = ORIENTED_EDGE ( 'NONE', *, *, #3337, .F. ) ;
#3790 = VERTEX_POINT ( 'NONE', #2543 ) ;
#3791 = CARTESIAN_POINT ( 'NONE',  ( -5.000050800000000351, 34.64999999999999858, -9.000000000000000000 ) ) ;
#3792 = DIRECTION ( 'NONE',  ( -1.000000000000000000, 0.000000000000000000, -0.000000000000000000 ) ) ;
#3793 = DIRECTION ( 'NONE',  ( 1.000000000000000000, -0.000000000000000000, -0.000000000000000000 ) ) ;
#3794 = EDGE_CURVE ( 'NONE', #1440, #2207, #755, .T. ) ;
#3795 = ORIENTED_EDGE ( 'NONE', *, *, #159, .T. ) ;
#3796 = CYLINDRICAL_SURFACE ( 'NONE', #377, 12.00000000001199751 ) ;
#3797 = CYLINDRICAL_SURFACE ( 'NONE', #862, 12.00000000001199751 ) ;
#3798 = VERTEX_POINT ( 'NONE', #1608 ) ;
#3799 = EDGE_LOOP ( 'NONE', ( #138, #1998, #3194, #830 ) ) ;
#3800 = CARTESIAN_POINT ( 'NONE',  ( 10.00000000000000000, 0.000000000000000000, 0.000000000000000000 ) ) ;
#3801 = CARTESIAN_POINT ( 'NONE',  ( 0.000000000000000000, 5.162692366395940979, 28.58190819155623430 ) ) ;
#3802 = DIRECTION ( 'NONE',  ( 0.000000000000000000, -1.000000000000000000, -1.047444401652940164E-14 ) ) ;
#3803 = ORIENTED_EDGE ( 'NONE', *, *, #3353, .F. ) ;
#3804 = CARTESIAN_POINT ( 'NONE',  ( 0.000000000000000000, 0.000000000000000000, 0.000000000000000000 ) ) ;
#3805 = ORIENTED_EDGE ( 'NONE', *, *, #593, .F. ) ;
#3806 = VECTOR ( 'NONE', #709, 1000.000000000000000 ) ;
#3807 = ORIENTED_EDGE ( 'NONE', *, *, #2045, .T. ) ;
#3808 = ADVANCED_FACE ( 'NONE', ( #769 ), #3373, .T. ) ;
#3809 = CARTESIAN_POINT ( 'NONE',  ( 10.00000000000000000, 28.77836971167560876, -3.922283146166785528 ) ) ;
#3810 = VECTOR ( 'NONE', #217, 1000.000000000000000 ) ;
#3811 = CARTESIAN_POINT ( 'NONE',  ( 10.00000000000000000, 0.000000000000000000, 0.000000000000000000 ) ) ;
#3812 = ORIENTED_EDGE ( 'NONE', *, *, #3721, .T. ) ;
#3813 = EDGE_CURVE ( 'NONE', #3265, #3336, #1444, .T. ) ;
#3814 = CARTESIAN_POINT ( 'NONE',  ( -5.049832238460048472, 14.59960317829195375, -21.14580973930614149 ) ) ;
#3815 = CARTESIAN_POINT ( 'NONE',  ( 0.000000000000000000, 0.000000000000000000, 0.000000000000000000 ) ) ;
#3816 = ORIENTED_EDGE ( 'NONE', *, *, #1719, .F. ) ;
#3817 = ORIENTED_EDGE ( 'NONE', *, *, #1543, .F. ) ;
#3818 = ADVANCED_FACE ( 'NONE', ( #129 ), #1039, .T. ) ;
#3819 = CARTESIAN_POINT ( 'NONE',  ( -15.00005080000000035, 34.64999999999999858, 0.000000000000000000 ) ) ;
#3820 = AXIS2_PLACEMENT_3D ( 'NONE', #3364, #3654, #425 ) ;
#3821 = PLANE ( 'NONE',  #2773 ) ;
#3822 = VECTOR ( 'NONE', #2080, 1000.000000000000000 ) ;
#3823 = ORIENTED_EDGE ( 'NONE', *, *, #675, .T. ) ;
#3824 = FACE_OUTER_BOUND ( 'NONE', #3691, .T. ) ;
#3825 = AXIS2_PLACEMENT_3D ( 'NONE', #1188, #3203, #1130 ) ;
#3826 = EDGE_LOOP ( 'NONE', ( #3146, #211, #2370, #2909 ) ) ;
#3827 = ORIENTED_EDGE ( 'NONE', *, *, #3153, .T. ) ;
#3828 = AXIS2_PLACEMENT_3D ( 'NONE', #512, #1742, #2001 ) ;
#3829 = AXIS2_PLACEMENT_3D ( 'NONE', #2546, #791, #1089 ) ;
ENDSEC;
END-ISO-10303-21;
