ISO-10303-21;
HEADER;
FILE_DESCRIPTION (( 'STEP AP214' ),
    '1' );
FILE_NAME ('Part 1 Rack arm push.STEP',
    '2025-07-24T08:03:10',
    ( '' ),
    ( '' ),
    'SwSTEP 2.0',
    'SolidWorks 2025',
    '' );
FILE_SCHEMA (( 'AUTOMOTIVE_DESIGN' ));
ENDSEC;

DATA;
#1 = CARTESIAN_POINT ( 'NONE',  ( 71.94517635950460033, 18.00000000000299849, -0.01000000000000000021 ) ) ;
#2 = VECTOR ( 'NONE', #7079, 1000.000000000000000 ) ;
#3 = CARTESIAN_POINT ( 'NONE',  ( 17.14217735385202701, 11.24999999999624833, -9.990000000000000213 ) ) ;
#4 = CARTESIAN_POINT ( 'NONE',  ( 164.5985508849229007, 60.56807961834066845, 0.000000000000000000 ) ) ;
#5 = ORIENTED_EDGE ( 'NONE', *, *, #5107, .T. ) ;
#6 = ORIENTED_EDGE ( 'NONE', *, *, #5184, .F. ) ;
#7 = DIRECTION ( 'NONE',  ( 0.000000000000000000, 0.000000000000000000, -1.000000000000000000 ) ) ;
#8 = LINE ( 'NONE', #3734, #1146 ) ;
#9 = ORIENTED_EDGE ( 'NONE', *, *, #9064, .T. ) ;
#10 = FACE_OUTER_BOUND ( 'NONE', #9223, .T. ) ;
#11 = EDGE_CURVE ( 'NONE', #2506, #8890, #7742, .T. ) ;
#12 = CARTESIAN_POINT ( 'NONE',  ( 26.56695530386144100, 11.24999999999624656, -9.995857864376270996 ) ) ;
#13 = AXIS2_PLACEMENT_3D ( 'NONE', #9740, #2965, #2860 ) ;
#14 = EDGE_CURVE ( 'NONE', #7123, #455, #8630, .T. ) ;
#15 = CARTESIAN_POINT ( 'NONE',  ( 190.2029375463553151, 11.24999999999624833, -10.00000000000000000 ) ) ;
#16 = VERTEX_POINT ( 'NONE', #1773 ) ;
#17 = CARTESIAN_POINT ( 'NONE',  ( 171.3533816463364587, 11.24999999999625011, -9.995857864376269220 ) ) ;
#18 = ORIENTED_EDGE ( 'NONE', *, *, #7494, .T. ) ;
#19 = CARTESIAN_POINT ( 'NONE',  ( 199.6277154963647149, 11.24999999999624833, -0.009999999999999592548 ) ) ;
#20 = VERTEX_POINT ( 'NONE', #3948 ) ;
#21 = EDGE_CURVE ( 'NONE', #2871, #7222, #4848, .T. ) ;
#22 = AXIS2_PLACEMENT_3D ( 'NONE', #8043, #3443, #1068 ) ;
#23 = LINE ( 'NONE', #122, #3848 ) ;
#24 = ADVANCED_FACE ( 'NONE', ( #9327 ), #5552, .F. ) ;
#25 = LINE ( 'NONE', #7429, #5596 ) ;
#26 = EDGE_CURVE ( 'NONE', #2782, #7934, #1870, .T. ) ;
#27 = VECTOR ( 'NONE', #9691, 1000.000000000000000 ) ;
#28 = ORIENTED_EDGE ( 'NONE', *, *, #5422, .T. ) ;
#29 = ORIENTED_EDGE ( 'NONE', *, *, #1103, .T. ) ;
#30 = DIRECTION ( 'NONE',  ( 0.000000000000000000, 0.000000000000000000, -1.000000000000000000 ) ) ;
#31 = ORIENTED_EDGE ( 'NONE', *, *, #5825, .F. ) ;
#32 = LINE ( 'NONE', #3139, #8105 ) ;
#33 = LINE ( 'NONE', #3094, #2092 ) ;
#34 = ORIENTED_EDGE ( 'NONE', *, *, #1883, .F. ) ;
#35 = ADVANCED_FACE ( 'NONE', ( #2827 ), #1162, .T. ) ;
#36 = CARTESIAN_POINT ( 'NONE',  ( 120.8069919766772813, 11.23999999999625032, -10.00000000000000000 ) ) ;
#37 = VECTOR ( 'NONE', #3212, 1000.000000000000000 ) ;
#38 = CARTESIAN_POINT ( 'NONE',  ( 180.7781595963458869, 11.24999999999624833, -0.009999999999999592548 ) ) ;
#39 = CARTESIAN_POINT ( 'NONE',  ( 175.6177338096082678, 18.00000000000298783, -9.990000000000000213 ) ) ;
#40 = CARTESIAN_POINT ( 'NONE',  ( 137.9186220095705551, 18.00000000000299849, -9.990000000000000213 ) ) ;
#41 = CARTESIAN_POINT ( 'NONE',  ( 144.8343979671159047, 17.99749619996245187, -10.00000000000000000 ) ) ;
#42 = CARTESIAN_POINT ( 'NONE',  ( 125.9751605906932923, 18.00000000000299494, -0.004142135623724395831 ) ) ;
#43 = VERTEX_POINT ( 'NONE', #7323 ) ;
#44 = EDGE_LOOP ( 'NONE', ( #2339, #8296, #6273, #3701 ) ) ;
#45 =( BOUNDED_CURVE ( )  B_SPLINE_CURVE ( 3, ( #2599, #6604, #8833, #4916 ),
 .UNSPECIFIED., .F., .T. ) 
 B_SPLINE_CURVE_WITH_KNOTS ( ( 4, 4 ),
 ( 3.141592653589793116, 4.712388980383237502 ),
 .UNSPECIFIED. ) 
 CURVE ( )  GEOMETRIC_REPRESENTATION_ITEM ( )  RATIONAL_B_SPLINE_CURVE ( ( 1.000000000000000000, 0.8047378541247072192, 0.8047378541247072192, 1.000000000000000000 ) ) 
 REPRESENTATION_ITEM ( '' )  );
#46 = CARTESIAN_POINT ( 'NONE',  ( 239.0802388180848084, 17.99000000000300048, -10.00000000000000000 ) ) ;
#47 = ORIENTED_EDGE ( 'NONE', *, *, #5825, .T. ) ;
#48 = CARTESIAN_POINT ( 'NONE',  ( 0.000000000000000000, 17.99000000000300048, -9.990000000000000213 ) ) ;
#49 = AXIS2_PLACEMENT_3D ( 'NONE', #6481, #8028, #3427 ) ;
#50 = DIRECTION ( 'NONE',  ( -0.9681476403780955309, -0.2503800040544887362, 0.000000000000000000 ) ) ;
#51 = DIRECTION ( 'NONE',  ( -0.2503800040544349459, 0.9681476403781095197, 0.000000000000000000 ) ) ;
#52 = DIRECTION ( 'NONE',  ( -1.000000000000000000, 0.000000000000000000, 0.000000000000000000 ) ) ;
#53 = EDGE_CURVE ( 'NONE', #4535, #6918, #8768, .T. ) ;
#54 =( BOUNDED_CURVE ( )  B_SPLINE_CURVE ( 3, ( #1508, #1609, #1558, #3688 ),
 .UNSPECIFIED., .F., .F. ) 
 B_SPLINE_CURVE_WITH_KNOTS ( ( 4, 4 ),
 ( 0.000000000000000000, 1.570796326794679620 ),
 .UNSPECIFIED. ) 
 CURVE ( )  GEOMETRIC_REPRESENTATION_ITEM ( )  RATIONAL_B_SPLINE_CURVE ( ( 1.000000000000000000, 0.8047378541244161188, 0.8047378541244161188, 1.000000000000000000 ) ) 
 REPRESENTATION_ITEM ( '' )  );
#55 = AXIS2_PLACEMENT_3D ( 'NONE', #3416, #4177, #5686 ) ;
#56 = CARTESIAN_POINT ( 'NONE',  ( 152.5038257463176024, 11.23999999999625032, -10.00000000000000000 ) ) ;
#57 = LINE ( 'NONE', #4826, #4846 ) ;
#58 = EDGE_LOOP ( 'NONE', ( #6824, #2705, #5455, #3241 ) ) ;
#59 = EDGE_LOOP ( 'NONE', ( #3253, #3823, #9020, #4342 ) ) ;
#60 = FACE_OUTER_BOUND ( 'NONE', #9815, .T. ) ;
#61 = CARTESIAN_POINT ( 'NONE',  ( 210.7981621407780892, 18.00000000000299849, -0.009999999999999592548 ) ) ;
#62 = EDGE_LOOP ( 'NONE', ( #8812, #162, #6813, #5214 ) ) ;
#63 = AXIS2_PLACEMENT_3D ( 'NONE', #7153, #9437, #5011 ) ;
#64 = CARTESIAN_POINT ( 'NONE',  ( 31.73058827466888943, 17.99585786437926771, -1.065584307778838334E-15 ) ) ;
#65 = ADVANCED_FACE ( 'NONE', ( #8905 ), #1207, .F. ) ;
#66 = CARTESIAN_POINT ( 'NONE',  ( 227.9020493463929995, 11.24999999999624833, -0.009999999999999592548 ) ) ;
#67 = STYLED_ITEM ( 'NONE', ( #8448 ), #8886 ) ;
#68 =( BOUNDED_CURVE ( )  B_SPLINE_CURVE ( 3, ( #2854, #3007, #5910, #1329 ),
 .UNSPECIFIED., .F., .F. ) 
 B_SPLINE_CURVE_WITH_KNOTS ( ( 4, 4 ),
 ( 3.141592653589793116, 4.712388980384906390 ),
 .UNSPECIFIED. ) 
 CURVE ( )  GEOMETRIC_REPRESENTATION_ITEM ( )  RATIONAL_B_SPLINE_CURVE ( ( 1.000000000000000000, 0.8047378541243139782, 0.8047378541243139782, 1.000000000000000000 ) ) 
 REPRESENTATION_ITEM ( '' )  );
#69 = FACE_OUTER_BOUND ( 'NONE', #7005, .T. ) ;
#70 = CARTESIAN_POINT ( 'NONE',  ( 54.83354632661129813, 11.23999999999625032, 0.000000000000000000 ) ) ;
#71 = DIRECTION ( 'NONE',  ( 1.000000000000000000, 0.000000000000000000, 0.000000000000000000 ) ) ;
#72 = ORIENTED_EDGE ( 'NONE', *, *, #1290, .F. ) ;
#73 = ORIENTED_EDGE ( 'NONE', *, *, #4618, .F. ) ;
#74 = EDGE_CURVE ( 'NONE', #3549, #4635, #3538, .T. ) ;
#75 = CARTESIAN_POINT ( 'NONE',  ( 246.7516052464118559, 11.24999999999624833, -0.009999999999999592548 ) ) ;
#76 = DIRECTION ( 'NONE',  ( 0.9681476403781390516, -0.2503800040543205374, 0.000000000000000000 ) ) ;
#77 = EDGE_CURVE ( 'NONE', #2629, #3928, #2193, .T. ) ;
#78 = EDGE_LOOP ( 'NONE', ( #6483, #9626, #4586, #1440 ) ) ;
#79 = ORIENTED_EDGE ( 'NONE', *, *, #4926, .F. ) ;
#80 = ADVANCED_FACE ( 'NONE', ( #6587 ), #5841, .T. ) ;
#81 = CARTESIAN_POINT ( 'NONE',  ( 120.8115276198858652, 11.24585786437251933, 2.746205114427533699E-15 ) ) ;
#82 = EDGE_CURVE ( 'NONE', #9535, #4608, #8039, .T. ) ;
#83 = ORIENTED_EDGE ( 'NONE', *, *, #2477, .T. ) ;
#84 = CARTESIAN_POINT ( 'NONE',  ( 26.55921247658302420, 11.23999999999625032, -10.00000000000000000 ) ) ;
#85 = ORIENTED_EDGE ( 'NONE', *, *, #7723, .F. ) ;
#86 = LINE ( 'NONE', #6958, #6727 ) ;
#87 = ADVANCED_FACE ( 'NONE', ( #2783 ), #8128, .F. ) ;
#88 = LINE ( 'NONE', #4253, #3505 ) ;
#89 = CYLINDRICAL_SURFACE ( 'NONE', #4379, 0.01000000000000000021 ) ;
#90 = EDGE_CURVE ( 'NONE', #6814, #1567, #226, .T. ) ;
#91 = DIRECTION ( 'NONE',  ( 1.000000000000000000, -0.000000000000000000, 0.000000000000000000 ) ) ;
#92 = CYLINDRICAL_SURFACE ( 'NONE', #1638, 0.01000000000000000021 ) ;
#93 = CARTESIAN_POINT ( 'NONE',  ( 125.9751605906933065, 18.00000000000299849, -0.009999999999999592548 ) ) ;
#94 = ORIENTED_EDGE ( 'NONE', *, *, #6896, .T. ) ;
#95 = EDGE_LOOP ( 'NONE', ( #3604, #2165, #422, #2529 ) ) ;
#96 = CARTESIAN_POINT ( 'NONE',  ( 191.9582877171630741, 17.99749619996245187, -10.00000000000000000 ) ) ;
#97 = ORIENTED_EDGE ( 'NONE', *, *, #4097, .T. ) ;
#98 = CARTESIAN_POINT ( 'NONE',  ( 246.7516052464118559, 11.24999999999624833, -9.990000000000000213 ) ) ;
#99 = CARTESIAN_POINT ( 'NONE',  ( 161.9286036963270305, 11.24999999999624833, -0.009999999999999592548 ) ) ;
#100 = DIRECTION ( 'NONE',  ( -0.9681476403781095197, -0.2503800040544349459, 0.000000000000000000 ) ) ;
#101 = ADVANCED_FACE ( 'NONE', ( #7373 ), #326, .T. ) ;
#102 = CARTESIAN_POINT ( 'NONE',  ( 17.13443452657360666, 11.23999999999625032, 0.000000000000000000 ) ) ;
#103 = PLANE ( 'NONE',  #7028 ) ;
#104 =( BOUNDED_CURVE ( )  B_SPLINE_CURVE ( 3, ( #411, #2510, #9412, #2566 ),
 .UNSPECIFIED., .F., .F. ) 
 B_SPLINE_CURVE_WITH_KNOTS ( ( 4, 4 ),
 ( 3.141592653589793116, 4.712388980384606185 ),
 .UNSPECIFIED. ) 
 CURVE ( )  GEOMETRIC_REPRESENTATION_ITEM ( )  RATIONAL_B_SPLINE_CURVE ( ( 1.000000000000000000, 0.8047378541243848105, 0.8047378541243848105, 1.000000000000000000 ) ) 
 REPRESENTATION_ITEM ( '' )  );
#105 = CARTESIAN_POINT ( 'NONE',  ( 0.000000000000000000, 18.00000000000299849, -10.00000000000000000 ) ) ;
#106 = DIRECTION ( 'NONE',  ( 0.000000000000000000, 0.000000000000000000, 1.000000000000000000 ) ) ;
#107 = ORIENTED_EDGE ( 'NONE', *, *, #760, .F. ) ;
#108 = ORIENTED_EDGE ( 'NONE', *, *, #6686, .F. ) ;
#109 = LINE ( 'NONE', #9352, #8375 ) ;
#110 = ORIENTED_EDGE ( 'NONE', *, *, #4744, .F. ) ;
#111 = CARTESIAN_POINT ( 'NONE',  ( 5.971730709438642926, 18.00000000000299849, -9.990000000000000213 ) ) ;
#112 = CARTESIAN_POINT ( 'NONE',  ( 205.6299935267620356, 11.23999999999624677, 0.000000000000000000 ) ) ;
#113 = VECTOR ( 'NONE', #1825, 1000.000000000000000 ) ;
#114 = CARTESIAN_POINT ( 'NONE',  ( -206.0100000000000193, 107.0000000000000000, -0.01000000000000000021 ) ) ;
#115 = CARTESIAN_POINT ( 'NONE',  ( 283.1322439188157318, 5.286426365676362998E-10, -5.286426365676362998E-10 ) ) ;
#116 = LINE ( 'NONE', #860, #5172 ) ;
#117 = CARTESIAN_POINT ( 'NONE',  ( 125.9817294773359322, 18.02540000000299969, -10.00000000000000000 ) ) ;
#118 = EDGE_CURVE ( 'NONE', #5954, #16, #4322, .T. ) ;
#119 = FACE_OUTER_BOUND ( 'NONE', #6949, .T. ) ;
#120 = VERTEX_POINT ( 'NONE', #5791 ) ;
#121 = VERTEX_POINT ( 'NONE', #9614 ) ;
#122 = CARTESIAN_POINT ( 'NONE',  ( 241.5846105730315969, 18.02540000000299969, -0.009999999999999592548 ) ) ;
#123 = CARTESIAN_POINT ( 'NONE',  ( 220.2306829180659804, 17.99000000000299693, 0.000000000000000000 ) ) ;
#124 = VERTEX_POINT ( 'NONE', #9657 ) ;
#125 = CARTESIAN_POINT ( 'NONE',  ( 54.83160767748593400, 11.24749619995569638, -10.00000000000000000 ) ) ;
#126 = ORIENTED_EDGE ( 'NONE', *, *, #7138, .T. ) ;
#127 = CARTESIAN_POINT ( 'NONE',  ( 120.8147348039556874, 11.24999999999624833, -9.990000000000000213 ) ) ;
#128 = CYLINDRICAL_SURFACE ( 'NONE', #4347, 0.009999999999999592548 ) ;
#129 = VERTEX_POINT ( 'NONE', #2010 ) ;
#130 = CARTESIAN_POINT ( 'NONE',  ( 78.85447802471600198, 17.99585786437927482, -9.999999999999998224 ) ) ;
#131 = CARTESIAN_POINT ( 'NONE',  ( 139.6642907039745296, 11.24999999999624833, -0.009999999999999592548 ) ) ;
#132 = CARTESIAN_POINT ( 'NONE',  ( 163.6742723907309767, 18.00000000000299494, -0.004142135623724395831 ) ) ;
#133 = EDGE_CURVE ( 'NONE', #329, #4950, #3233, .T. ) ;
#134 = VECTOR ( 'NONE', #2219, 1000.000000000000000 ) ;
#135 = VECTOR ( 'NONE', #4200, 1000.000000000000000 ) ;
#136 = CARTESIAN_POINT ( 'NONE',  ( 283.4972739407151039, 17.62958124828761086, -0.3704187517148360143 ) ) ;
#137 = CYLINDRICAL_SURFACE ( 'NONE', #5342, 0.009999999999994334601 ) ;
#138 = CARTESIAN_POINT ( 'NONE',  ( 137.9186220095705551, 18.00000000000299849, -0.01000000000000000021 ) ) ;
#139 = EDGE_LOOP ( 'NONE', ( #271, #156, #6077, #9018 ) ) ;
#140 = EDGE_CURVE ( 'NONE', #7542, #2217, #4944, .T. ) ;
#141 = ORIENTED_EDGE ( 'NONE', *, *, #6474, .T. ) ;
#142 =( BOUNDED_CURVE ( )  B_SPLINE_CURVE ( 3, ( #131, #6959, #5560, #7902 ),
 .UNSPECIFIED., .F., .T. ) 
 B_SPLINE_CURVE_WITH_KNOTS ( ( 4, 4 ),
 ( 0.000000000000000000, 1.570796326795005138 ),
 .UNSPECIFIED. ) 
 CURVE ( )  GEOMETRIC_REPRESENTATION_ITEM ( )  RATIONAL_B_SPLINE_CURVE ( ( 1.000000000000000000, 0.8047378541243395134, 0.8047378541243395134, 1.000000000000000000 ) ) 
 REPRESENTATION_ITEM ( '' )  );
#143 = CARTESIAN_POINT ( 'NONE',  ( 239.0757031748762529, 17.99585786437927482, -10.00000000000000178 ) ) ;
#144 = VERTEX_POINT ( 'NONE', #3077 ) ;
#145 = DIRECTION ( 'NONE',  ( 0.000000000000000000, 0.000000000000000000, 1.000000000000000000 ) ) ;
#146 = DIRECTION ( 'NONE',  ( 0.000000000000000000, 1.000000000000000000, 0.000000000000000000 ) ) ;
#147 = DIRECTION ( 'NONE',  ( 0.000000000000000000, -1.000000000000000000, 0.000000000000000000 ) ) ;
#148 = VECTOR ( 'NONE', #5458, 1000.000000000000000 ) ;
#149 = AXIS2_PLACEMENT_3D ( 'NONE', #6511, #8203, #1327 ) ;
#150 = LINE ( 'NONE', #5572, #2896 ) ;
#151 = EDGE_CURVE ( 'NONE', #7706, #1263, #9017, .T. ) ;
#152 = CARTESIAN_POINT ( 'NONE',  ( 50.57693699061790227, 17.99000000000300048, 0.000000000000000000 ) ) ;
#153 = CARTESIAN_POINT ( 'NONE',  ( 81.36995430951402852, 18.00000000000299849, -0.01000000000000000021 ) ) ;
#154 = VECTOR ( 'NONE', #1454, 1000.000000000000000 ) ;
#155 = CYLINDRICAL_SURFACE ( 'NONE', #9138, 0.01000000000000863913 ) ;
#156 = ORIENTED_EDGE ( 'NONE', *, *, #9153, .F. ) ;
#157 = EDGE_CURVE ( 'NONE', #1166, #4958, #1221, .T. ) ;
#158 = ORIENTED_EDGE ( 'NONE', *, *, #7477, .F. ) ;
#159 = AXIS2_PLACEMENT_3D ( 'NONE', #3172, #3936, #6691 ) ;
#160 = DIRECTION ( 'NONE',  ( 1.000000000000000000, 0.000000000000000000, 0.000000000000000000 ) ) ;
#161 = CARTESIAN_POINT ( 'NONE',  ( 114.8047139462799180, 11.24999999999624833, -9.990000000000000213 ) ) ;
#162 = ORIENTED_EDGE ( 'NONE', *, *, #5798, .T. ) ;
#163 = CARTESIAN_POINT ( 'NONE',  ( 241.5911794596742368, 18.00000000000299849, -0.009999999999999592548 ) ) ;
#164 = ADVANCED_FACE ( 'NONE', ( #8338 ), #3746, .F. ) ;
#165 = VECTOR ( 'NONE', #9321, 1000.000000000000000 ) ;
#166 = CARTESIAN_POINT ( 'NONE',  ( 62.52039840949517924, 18.00000000000299849, -9.990000000000000213 ) ) ;
#167 = LINE ( 'NONE', #1557, #9755 ) ;
#168 = CARTESIAN_POINT ( 'NONE',  ( 283.4373694134474135, 0.2341237659297946694, -0.2341237659297946694 ) ) ;
#169 = CARTESIAN_POINT ( 'NONE',  ( 175.6177338096082963, 18.00000000000299849, -10.00000000000000000 ) ) ;
#170 = VECTOR ( 'NONE', #2458, 1000.000000000000000 ) ;
#171 = LINE ( 'NONE', #7679, #1531 ) ;
#172 =( BOUNDED_CURVE ( )  B_SPLINE_CURVE ( 3, ( #3196, #9887, #3812, #2338 ),
 .UNSPECIFIED., .F., .F. ) 
 B_SPLINE_CURVE_WITH_KNOTS ( ( 4, 4 ),
 ( 3.141592653589793116, 4.712388980385361137 ),
 .UNSPECIFIED. ) 
 CURVE ( )  GEOMETRIC_REPRESENTATION_ITEM ( )  RATIONAL_B_SPLINE_CURVE ( ( 1.000000000000000000, 0.8047378541242068417, 0.8047378541242068417, 1.000000000000000000 ) ) 
 REPRESENTATION_ITEM ( '' )  );
#173 = ORIENTED_EDGE ( 'NONE', *, *, #8473, .T. ) ;
#174 = CARTESIAN_POINT ( 'NONE',  ( 143.0790477963081742, 11.24999999999624833, -0.009999999999999592548 ) ) ;
#175 = CYLINDRICAL_SURFACE ( 'NONE', #3035, 0.009999999999999998473 ) ;
#176 = VECTOR ( 'NONE', #3608, 1000.000000000000000 ) ;
#177 = ADVANCED_FACE ( 'NONE', ( #5940 ), #3031, .T. ) ;
#178 = ORIENTED_EDGE ( 'NONE', *, *, #9619, .F. ) ;
#179 = DIRECTION ( 'NONE',  ( 0.2503800040544349459, -0.9681476403781095197, 0.000000000000000000 ) ) ;
#180 = ORIENTED_EDGE ( 'NONE', *, *, #5378, .F. ) ;
#181 = FACE_OUTER_BOUND ( 'NONE', #5306, .T. ) ;
#182 = AXIS2_PLACEMENT_3D ( 'NONE', #9134, #7541, #2125 ) ;
#183 = DIRECTION ( 'NONE',  ( 1.000000000000000000, -0.000000000000000000, 0.000000000000000000 ) ) ;
#184 = VERTEX_POINT ( 'NONE', #2267 ) ;
#185 = CARTESIAN_POINT ( 'NONE',  ( 0.000000000000000000, 11.23999999999625032, -9.990000000000000213 ) ) ;
#186 = LINE ( 'NONE', #5661, #2206 ) ;
#187 = VECTOR ( 'NONE', #7676, 1000.000000000000000 ) ;
#188 = CARTESIAN_POINT ( 'NONE',  ( 0.000000000000000000, 11.23999999999625032, -9.990000000000000213 ) ) ;
#189 = CARTESIAN_POINT ( 'NONE',  ( 125.9783677747631003, 17.99585786437926060, 8.075785761232440744E-15 ) ) ;
#190 = ORIENTED_EDGE ( 'NONE', *, *, #686, .T. ) ;
#191 = ORIENTED_EDGE ( 'NONE', *, *, #8049, .T. ) ;
#192 = CARTESIAN_POINT ( 'NONE',  ( 283.2582673130320359, 17.93719114079457455, -9.946113408970326475 ) ) ;
#193 = ORIENTED_EDGE ( 'NONE', *, *, #6841, .T. ) ;
#194 = DIRECTION ( 'NONE',  ( 0.2503800040544349459, 0.9681476403781095197, 0.000000000000000000 ) ) ;
#195 = CARTESIAN_POINT ( 'NONE',  ( 0.000000000000000000, 18.00000000000299849, -9.990000000000000213 ) ) ;
#196 = CARTESIAN_POINT ( 'NONE',  ( 97.70082674066502193, 17.99000000000300048, 0.000000000000000000 ) ) ;
#197 = EDGE_CURVE ( 'NONE', #3690, #9751, #2935, .T. ) ;
#198 = VECTOR ( 'NONE', #587, 1000.000000000000000 ) ;
#199 = CARTESIAN_POINT ( 'NONE',  ( 147.3433999595799833, 18.00000000000299849, -10.00000000000000000 ) ) ;
#200 = LINE ( 'NONE', #3260, #5272 ) ;
#201 = ADVANCED_FACE ( 'NONE', ( #6790 ), #9816, .T. ) ;
#202 = DIRECTION ( 'NONE',  ( -1.460819769243627131E-16, -1.000000000000000000, 0.000000000000000000 ) ) ;
#203 =( BOUNDED_CURVE ( )  B_SPLINE_CURVE ( 3, ( #8955, #605, #518, #5989 ),
 .UNSPECIFIED., .F., .F. ) 
 B_SPLINE_CURVE_WITH_KNOTS ( ( 4, 4 ),
 ( 3.141592653589793116, 4.712388980384798032 ),
 .UNSPECIFIED. ) 
 CURVE ( )  GEOMETRIC_REPRESENTATION_ITEM ( )  RATIONAL_B_SPLINE_CURVE ( ( 1.000000000000000000, 0.8047378541243395134, 0.8047378541243395134, 1.000000000000000000 ) ) 
 REPRESENTATION_ITEM ( '' )  );
#204 = AXIS2_PLACEMENT_3D ( 'NONE', #8241, #1215, #2991 ) ;
#205 = PLANE ( 'NONE',  #3567 ) ;
#206 = ORIENTED_EDGE ( 'NONE', *, *, #3410, .F. ) ;
#207 = ORIENTED_EDGE ( 'NONE', *, *, #8150, .F. ) ;
#208 = EDGE_CURVE ( 'NONE', #4958, #6244, #4540, .T. ) ;
#209 = DIRECTION ( 'NONE',  ( -4.382459307730881392E-16, -1.000000000000000000, 0.000000000000000000 ) ) ;
#210 = DIRECTION ( 'NONE',  ( 0.000000000000000000, 0.000000000000000000, 1.000000000000000000 ) ) ;
#211 = ORIENTED_EDGE ( 'NONE', *, *, #2775, .F. ) ;
#212 = EDGE_CURVE ( 'NONE', #6613, #4009, #2260, .T. ) ;
#213 = VERTEX_POINT ( 'NONE', #6135 ) ;
#214 = CARTESIAN_POINT ( 'NONE',  ( 213.3091027823675176, 17.99000000000300048, 0.000000000000000000 ) ) ;
#215 = AXIS2_PLACEMENT_3D ( 'NONE', #3368, #7260, #3512 ) ;
#216 = EDGE_CURVE ( 'NONE', #5374, #5683, #4483, .T. ) ;
#217 = CARTESIAN_POINT ( 'NONE',  ( 97.70856956794342807, 17.99000000000300048, -10.00000000000000000 ) ) ;
#218 = CARTESIAN_POINT ( 'NONE',  ( 232.1664015096648370, 18.00000000000299849, -0.009999999999999592548 ) ) ;
#219 = DIRECTION ( 'NONE',  ( -0.000000000000000000, -0.000000000000000000, 1.000000000000000000 ) ) ;
#220 = ADVANCED_FACE ( 'NONE', ( #2983 ), #718, .T. ) ;
#221 = AXIS2_PLACEMENT_3D ( 'NONE', #1683, #4755, #4007 ) ;
#222 = CARTESIAN_POINT ( 'NONE',  ( 210.8013693248479399, 17.99585786437926060, 8.075785761232440744E-15 ) ) ;
#223 = CYLINDRICAL_SURFACE ( 'NONE', #1466, 0.01000000000000105319 ) ;
#224 = AXIS2_PLACEMENT_3D ( 'NONE', #1265, #9627, #9670 ) ;
#225 = CARTESIAN_POINT ( 'NONE',  ( 248.4972739408158020, 18.00000000000300204, -9.995857864376279878 ) ) ;
#226 =( BOUNDED_CURVE ( )  B_SPLINE_CURVE ( 3, ( #2059, #3590, #4293, #5137 ),
 .UNSPECIFIED., .F., .T. ) 
 B_SPLINE_CURVE_WITH_KNOTS ( ( 4, 4 ),
 ( 0.000000000000000000, 1.570796326794896558 ),
 .UNSPECIFIED. ) 
 CURVE ( )  GEOMETRIC_REPRESENTATION_ITEM ( )  RATIONAL_B_SPLINE_CURVE ( ( 1.000000000000000000, 0.8047378541243649375, 0.8047378541243649375, 1.000000000000000000 ) ) 
 REPRESENTATION_ITEM ( '' )  );
#227 = FACE_OUTER_BOUND ( 'NONE', #7774, .T. ) ;
#228 = ORIENTED_EDGE ( 'NONE', *, *, #6327, .F. ) ;
#229 = EDGE_CURVE ( 'NONE', #7258, #9751, #3297, .T. ) ;
#230 = LINE ( 'NONE', #3285, #7837 ) ;
#231 = FACE_OUTER_BOUND ( 'NONE', #1705, .T. ) ;
#232 = ORIENTED_EDGE ( 'NONE', *, *, #8806, .F. ) ;
#233 = CARTESIAN_POINT ( 'NONE',  ( 201.3830656671724455, 17.99749619996245897, -10.00000000000000000 ) ) ;
#234 = CARTESIAN_POINT ( 'NONE',  ( 45.40682972747652002, 11.24749619995569994, -10.00000000000000000 ) ) ;
#235 = DIRECTION ( 'NONE',  ( 0.2503800040544349459, -0.9681476403781095197, 0.000000000000000000 ) ) ;
#236 = CARTESIAN_POINT ( 'NONE',  ( 0.000000000000000000, 17.99000000000300048, -9.990000000000000213 ) ) ;
#237 = EDGE_LOOP ( 'NONE', ( #4420, #9427, #3700, #6065 ) ) ;
#238 = CARTESIAN_POINT ( 'NONE',  ( -216.0000000000000000, 9.466112104698704596E-14, -9.990000000000000213 ) ) ;
#239 = CARTESIAN_POINT ( 'NONE',  ( 50.57693699061790227, 18.00000000000299849, -0.009999999999999592548 ) ) ;
#240 = CYLINDRICAL_SURFACE ( 'NONE', #2615, 0.01000000000000777003 ) ;
#241 = FACE_OUTER_BOUND ( 'NONE', #1173, .T. ) ;
#242 = CARTESIAN_POINT ( 'NONE',  ( 222.7350546730127405, 18.02540000000299969, -0.009999999999999592548 ) ) ;
#243 = VERTEX_POINT ( 'NONE', #6089 ) ;
#244 = DIRECTION ( 'NONE',  ( 1.000000000000000000, 0.000000000000000000, 0.000000000000000000 ) ) ;
#245 = ORIENTED_EDGE ( 'NONE', *, *, #2040, .T. ) ;
#246 = CARTESIAN_POINT ( 'NONE',  ( 239.0724959908064022, 17.99000000000300048, 0.000000000000000000 ) ) ;
#247 = PLANE ( 'NONE',  #810 ) ;
#248 = CARTESIAN_POINT ( 'NONE',  ( 48.83126829621394904, 11.24999999999624833, -9.990000000000000213 ) ) ;
#249 = CARTESIAN_POINT ( 'NONE',  ( 34.24606455946690886, 18.00000000000299849, -9.990000000000000213 ) ) ;
#250 = CARTESIAN_POINT ( 'NONE',  ( 69.43423571791517190, 17.99000000000300048, -10.00000000000000000 ) ) ;
#251 =( BOUNDED_CURVE ( )  B_SPLINE_CURVE ( 3, ( #415, #5039, #4425, #2872 ),
 .UNSPECIFIED., .F., .F. ) 
 B_SPLINE_CURVE_WITH_KNOTS ( ( 4, 4 ),
 ( 2.032879073410487421E-14, 1.570796326794896558 ),
 .UNSPECIFIED. ) 
 CURVE ( )  GEOMETRIC_REPRESENTATION_ITEM ( )  RATIONAL_B_SPLINE_CURVE ( ( 1.000000000000000000, 0.8047378541243698225, 0.8047378541243698225, 1.000000000000000000 ) ) 
 REPRESENTATION_ITEM ( '' )  );
#252 = DIRECTION ( 'NONE',  ( -1.000000000000000000, 0.000000000000000000, 0.000000000000000000 ) ) ;
#253 = CARTESIAN_POINT ( 'NONE',  ( 105.3876788235489101, 11.23999999999625032, 0.000000000000000000 ) ) ;
#254 = VERTEX_POINT ( 'NONE', #5346 ) ;
#255 = ORIENTED_EDGE ( 'NONE', *, *, #82, .F. ) ;
#256 = CYLINDRICAL_SURFACE ( 'NONE', #6938, 0.01000000000000021358 ) ;
#257 = CARTESIAN_POINT ( 'NONE',  ( -180.0000000000000000, 18.00000000000298783, -9.990000000000000213 ) ) ;
#258 = VERTEX_POINT ( 'NONE', #2318 ) ;
#259 = VERTEX_POINT ( 'NONE', #7423 ) ;
#260 = CARTESIAN_POINT ( 'NONE',  ( 163.6808412773736450, 18.02540000000299969, -0.009999999999999592548 ) ) ;
#261 = DIRECTION ( 'NONE',  ( -1.000000000000000000, -0.000000000000000000, -0.000000000000000000 ) ) ;
#262 = ADVANCED_FACE ( 'NONE', ( #564 ), #6681, .F. ) ;
#263 = ADVANCED_FACE ( 'NONE', ( #7469 ), #6737, .T. ) ;
#264 = CARTESIAN_POINT ( 'NONE',  ( -206.0000000000000284, 0.000000000000000000, -10.00000000000000000 ) ) ;
#265 = LINE ( 'NONE', #7270, #9892 ) ;
#266 = AXIS2_PLACEMENT_3D ( 'NONE', #6989, #5440, #4043 ) ;
#267 = CARTESIAN_POINT ( 'NONE',  ( 283.4972739408158304, 0.2071067811865474062, -9.787035354437183088 ) ) ;
#268 = CYLINDRICAL_SURFACE ( 'NONE', #7091, 0.01000000000000000021 ) ;
#269 = CARTESIAN_POINT ( 'NONE',  ( 47.41594288108384347, 5.737403392140563163, 0.000000000000000000 ) ) ;
#270 = EDGE_CURVE ( 'NONE', #3761, #2136, #4684, .T. ) ;
#271 = ORIENTED_EDGE ( 'NONE', *, *, #296, .T. ) ;
#272 = LINE ( 'NONE', #1815, #4974 ) ;
#273 = ADVANCED_FACE ( 'NONE', ( #5544 ), #3175, .T. ) ;
#274 = AXIS2_PLACEMENT_3D ( 'NONE', #48, #3966, #145 ) ;
#275 = FACE_OUTER_BOUND ( 'NONE', #7233, .T. ) ;
#276 = ORIENTED_EDGE ( 'NONE', *, *, #1472, .F. ) ;
#277 = ORIENTED_EDGE ( 'NONE', *, *, #11, .T. ) ;
#278 = ORIENTED_EDGE ( 'NONE', *, *, #1048, .F. ) ;
#279 = EDGE_CURVE ( 'NONE', #9592, #3595, #6941, .T. ) ;
#280 = DIRECTION ( 'NONE',  ( -0.000000000000000000, -0.000000000000000000, 1.000000000000000000 ) ) ;
#281 = LINE ( 'NONE', #9328, #5728 ) ;
#282 = CARTESIAN_POINT ( 'NONE',  ( 156.7649707255195608, 17.99585786437927126, -5.082221647426343343E-15 ) ) ;
#283 = ORIENTED_EDGE ( 'NONE', *, *, #1482, .F. ) ;
#284 = ADVANCED_FACE ( 'NONE', ( #119 ), #960, .T. ) ;
#285 = DIRECTION ( 'NONE',  ( -0.2503800040544349459, -0.9681476403781095197, -0.000000000000000000 ) ) ;
#286 = FACE_OUTER_BOUND ( 'NONE', #6550, .T. ) ;
#287 = CARTESIAN_POINT ( 'NONE',  ( 88.28379161793402830, 17.99000000000300048, 0.000000000000000000 ) ) ;
#288 = ORIENTED_EDGE ( 'NONE', *, *, #1556, .F. ) ;
#289 = ORIENTED_EDGE ( 'NONE', *, *, #5071, .F. ) ;
#290 = DIRECTION ( 'NONE',  ( -0.000000000000000000, -0.000000000000000000, 1.000000000000000000 ) ) ;
#291 = VERTEX_POINT ( 'NONE', #5644 ) ;
#292 = DIRECTION ( 'NONE',  ( -1.000000000000000000, 0.000000000000000000, 0.000000000000000000 ) ) ;
#293 = CYLINDRICAL_SURFACE ( 'NONE', #4038, 0.009999999999999998473 ) ;
#294 = CARTESIAN_POINT ( 'NONE',  ( 175.6177338096082678, 18.00000000000300204, -0.004142135623729943476 ) ) ;
#295 = CARTESIAN_POINT ( 'NONE',  ( 119.0690661095517271, 18.00000000000299849, -0.009999999999999592548 ) ) ;
#296 = EDGE_CURVE ( 'NONE', #9566, #6750, #5408, .T. ) ;
#297 = DIRECTION ( 'NONE',  ( -1.000000000000000000, 0.000000000000000000, 0.000000000000000000 ) ) ;
#298 = CARTESIAN_POINT ( 'NONE',  ( 78.85901366792460010, 17.99000000000300048, 0.000000000000000000 ) ) ;
#299 = ORIENTED_EDGE ( 'NONE', *, *, #6156, .F. ) ;
#300 = VERTEX_POINT ( 'NONE', #6234 ) ;
#301 = CYLINDRICAL_SURFACE ( 'NONE', #215, 0.009999999999999998473 ) ;
#302 = EDGE_LOOP ( 'NONE', ( #4793, #3303, #6768, #3059 ) ) ;
#303 = VECTOR ( 'NONE', #8496, 1000.000000000000000 ) ;
#304 = ORIENTED_EDGE ( 'NONE', *, *, #8534, .T. ) ;
#305 = LINE ( 'NONE', #8563, #2 ) ;
#306 = DIRECTION ( 'NONE',  ( 0.000000000000000000, 0.000000000000000000, -1.000000000000000000 ) ) ;
#307 = VECTOR ( 'NONE', #7531, 1000.000000000000000 ) ;
#308 = AXIS2_PLACEMENT_3D ( 'NONE', #3599, #5053, #8136 ) ;
#309 = CARTESIAN_POINT ( 'NONE',  ( 125.9817294773359322, 18.02540000000299969, -0.009999999999999592548 ) ) ;
#310 = CARTESIAN_POINT ( 'NONE',  ( 48.83126829621394904, 11.24999999999624833, -10.00000000000000000 ) ) ;
#311 = FACE_OUTER_BOUND ( 'NONE', #7791, .T. ) ;
#312 = CARTESIAN_POINT ( 'NONE',  ( 227.9020493463930279, 11.24999999999625011, -9.990000000000000213 ) ) ;
#313 = DIRECTION ( 'NONE',  ( 0.000000000000000000, 0.000000000000000000, 1.000000000000000000 ) ) ;
#314 = APPLICATION_CONTEXT ( 'automotive_design' ) ;
#315 = VERTEX_POINT ( 'NONE', #6286 ) ;
#316 = VECTOR ( 'NONE', #1323, 1000.000000000000000 ) ;
#317 = VECTOR ( 'NONE', #2821, 1000.000000000000000 ) ;
#318 = ADVANCED_FACE ( 'NONE', ( #3281 ), #3986, .T. ) ;
#319 = LINE ( 'NONE', #9466, #9105 ) ;
#320 = CARTESIAN_POINT ( 'NONE',  ( 149.0890686539839578, 11.24999999999624833, -9.990000000000000213 ) ) ;
#321 = ORIENTED_EDGE ( 'NONE', *, *, #3038, .T. ) ;
#322 = EDGE_CURVE ( 'NONE', #6174, #5432, #7038, .T. ) ;
#323 = AXIS2_PLACEMENT_3D ( 'NONE', #1505, #6129, #8428 ) ;
#324 = DIRECTION ( 'NONE',  ( -1.000000000000000000, 0.000000000000000000, 0.000000000000000000 ) ) ;
#325 = ORIENTED_EDGE ( 'NONE', *, *, #8633, .F. ) ;
#326 = CYLINDRICAL_SURFACE ( 'NONE', #2662, 0.01000000000000000021 ) ;
#327 = EDGE_CURVE ( 'NONE', #8179, #2832, #171, .T. ) ;
#328 = CARTESIAN_POINT ( 'NONE',  ( 12.87782519058020547, 18.00000000000299849, -9.990000000000000213 ) ) ;
#329 = VERTEX_POINT ( 'NONE', #9317 ) ;
#330 = DIRECTION ( 'NONE',  ( -0.2503800040544349459, 0.9681476403781095197, 0.000000000000000000 ) ) ;
#331 = PLANE ( 'NONE',  #8654 ) ;
#332 = ORIENTED_EDGE ( 'NONE', *, *, #3451, .F. ) ;
#333 = ADVANCED_FACE ( 'NONE', ( #8571 ), #861, .T. ) ;
#334 = VECTOR ( 'NONE', #1897, 1000.000000000000000 ) ;
#335 = CARTESIAN_POINT ( 'NONE',  ( 107.1333475179528705, 17.99000000000300048, 0.000000000000000000 ) ) ;
#336 = ADVANCED_FACE ( 'NONE', ( #8673 ), #5589, .T. ) ;
#337 = CARTESIAN_POINT ( 'NONE',  ( 41.15536622467831052, 17.99585786437927126, -10.00000000000000000 ) ) ;
#338 = LINE ( 'NONE', #3396, #8146 ) ;
#339 = VECTOR ( 'NONE', #1222, 1000.000000000000000 ) ;
#340 = DIRECTION ( 'NONE',  ( 0.000000000000000000, 0.000000000000000000, 1.000000000000000000 ) ) ;
#341 = VERTEX_POINT ( 'NONE', #3327 ) ;
#342 = EDGE_LOOP ( 'NONE', ( #7372, #7873, #5088, #5056 ) ) ;
#343 = ADVANCED_FACE ( 'NONE', ( #5491 ), #9212, .F. ) ;
#344 = LINE ( 'NONE', #3400, #8987 ) ;
#345 = ORIENTED_EDGE ( 'NONE', *, *, #8586, .F. ) ;
#346 = LINE ( 'NONE', #1033, #746 ) ;
#347 = FACE_OUTER_BOUND ( 'NONE', #715, .T. ) ;
#348 = CARTESIAN_POINT ( 'NONE',  ( -197.9999999999999716, 107.0000000000000000, 0.000000000000000000 ) ) ;
#349 = CYLINDRICAL_SURFACE ( 'NONE', #5627, 0.01000000000000105319 ) ;
#350 = DIRECTION ( 'NONE',  ( 0.000000000000000000, 0.000000000000000000, -1.000000000000000000 ) ) ;
#351 = CYLINDRICAL_SURFACE ( 'NONE', #3675, 0.01000000000000777003 ) ;
#352 = ORIENTED_EDGE ( 'NONE', *, *, #3888, .F. ) ;
#353 = ORIENTED_EDGE ( 'NONE', *, *, #6778, .T. ) ;
#354 = CARTESIAN_POINT ( 'NONE',  ( 0.000000000000000000, 17.99000000000300048, -10.00000000000000000 ) ) ;
#355 = ORIENTED_EDGE ( 'NONE', *, *, #4289, .T. ) ;
#356 = AXIS2_PLACEMENT_3D ( 'NONE', #884, #5515, #788 ) ;
#357 = ORIENTED_EDGE ( 'NONE', *, *, #6705, .T. ) ;
#358 = CYLINDRICAL_SURFACE ( 'NONE', #2739, 0.009999999999993465505 ) ;
#359 = LINE ( 'NONE', #6477, #7340 ) ;
#360 = VECTOR ( 'NONE', #1008, 1000.000000000000000 ) ;
#361 = DIRECTION ( 'NONE',  ( -1.000000000000000000, -0.000000000000000000, -0.000000000000000000 ) ) ;
#362 = CARTESIAN_POINT ( 'NONE',  ( 58.26378907350178338, 11.23999999999625032, 0.000000000000000000 ) ) ;
#363 =( BOUNDED_CURVE ( )  B_SPLINE_CURVE ( 3, ( #1934, #4403, #3652, #6697 ),
 .UNSPECIFIED., .F., .F. ) 
 B_SPLINE_CURVE_WITH_KNOTS ( ( 4, 4 ),
 ( 0.000000000000000000, 1.570796326794896558 ),
 .UNSPECIFIED. ) 
 CURVE ( )  GEOMETRIC_REPRESENTATION_ITEM ( )  RATIONAL_B_SPLINE_CURVE ( ( 1.000000000000000000, 0.8047378541243649375, 0.8047378541243649375, 1.000000000000000000 ) ) 
 REPRESENTATION_ITEM ( '' )  );
#364 = DIRECTION ( 'NONE',  ( 0.000000000000000000, 1.000000000000000000, 0.000000000000000000 ) ) ;
#365 = CARTESIAN_POINT ( 'NONE',  ( 88.27604879065560795, 18.00000000000299849, -10.00000000000000000 ) ) ;
#366 = DIRECTION ( 'NONE',  ( -1.000000000000000000, 0.000000000000000000, 0.000000000000000000 ) ) ;
#367 = EDGE_LOOP ( 'NONE', ( #2229, #6709, #2035, #7095 ) ) ;
#368 = VECTOR ( 'NONE', #1233, 1000.000000000000000 ) ;
#369 = EDGE_CURVE ( 'NONE', #259, #3048, #5287, .T. ) ;
#370 = LINE ( 'NONE', #8954, #4818 ) ;
#371 = CARTESIAN_POINT ( 'NONE',  ( 7.714192219772767700, 11.24585786437251755, 2.046232824926288202E-16 ) ) ;
#372 = ORIENTED_EDGE ( 'NONE', *, *, #2353, .T. ) ;
#373 = VECTOR ( 'NONE', #4328, 1000.000000000000000 ) ;
#374 = LINE ( 'NONE', #6255, #4395 ) ;
#375 = ORIENTED_EDGE ( 'NONE', *, *, #8470, .T. ) ;
#376 = CARTESIAN_POINT ( 'NONE',  ( 116.5503826406838641, 18.00000000000299494, -9.995857864376265667 ) ) ;
#377 = DIRECTION ( 'NONE',  ( -1.000000000000000000, 0.000000000000000000, 0.000000000000000000 ) ) ;
#378 = VERTEX_POINT ( 'NONE', #4632 ) ;
#379 = CARTESIAN_POINT ( 'NONE',  ( 0.000000000000000000, 17.99000000000300048, -0.01000000000000000021 ) ) ;
#380 = EDGE_CURVE ( 'NONE', #7788, #7704, #3890, .T. ) ;
#381 = DIRECTION ( 'NONE',  ( 1.000000000000000000, -0.000000000000000000, 0.000000000000000000 ) ) ;
#382 = ORIENTED_EDGE ( 'NONE', *, *, #8160, .F. ) ;
#383 = AXIS2_PLACEMENT_3D ( 'NONE', #1113, #4246, #4103 ) ;
#384 = LINE ( 'NONE', #1828, #6071 ) ;
#385 = ADVANCED_FACE ( 'NONE', ( #2859 ), #7779, .T. ) ;
#386 = CARTESIAN_POINT ( 'NONE',  ( 34.24285737539707952, 17.99585786437927126, -9.999999999999996447 ) ) ;
#387 = ADVANCED_FACE ( 'NONE', ( #1099 ), #4135, .T. ) ;
#388 = VECTOR ( 'NONE', #1903, 1000.000000000000000 ) ;
#389 = CARTESIAN_POINT ( 'NONE',  ( 111.3899568539462592, 11.24999999999624833, -9.990000000000000213 ) ) ;
#390 = ORIENTED_EDGE ( 'NONE', *, *, #904, .F. ) ;
#391 = VERTEX_POINT ( 'NONE', #1384 ) ;
#392 = DIRECTION ( 'NONE',  ( -0.9681476403780548967, -0.2503800040546457217, 0.000000000000000000 ) ) ;
#393 = ORIENTED_EDGE ( 'NONE', *, *, #1347, .T. ) ;
#394 = LINE ( 'NONE', #4914, #6999 ) ;
#395 = EDGE_CURVE ( 'NONE', #1194, #6100, #1333, .T. ) ;
#396 = LINE ( 'NONE', #7958, #4510 ) ;
#397 = FACE_OUTER_BOUND ( 'NONE', #4033, .T. ) ;
#398 = DIRECTION ( 'NONE',  ( 0.000000000000000000, 0.000000000000000000, 1.000000000000000000 ) ) ;
#399 = CARTESIAN_POINT ( 'NONE',  ( 0.000000000000000000, 17.99000000000300048, -9.990000000000000213 ) ) ;
#400 = ADVANCED_FACE ( 'NONE', ( #9687 ), #5217, .T. ) ;
#401 = DIRECTION ( 'NONE',  ( -0.2503800040544349459, 0.9681476403781095197, -0.000000000000000000 ) ) ;
#402 = ORIENTED_EDGE ( 'NONE', *, *, #118, .F. ) ;
#403 = VERTEX_POINT ( 'NONE', #4416 ) ;
#404 = CYLINDRICAL_SURFACE ( 'NONE', #1958, 0.01000000000000777003 ) ;
#405 = VERTEX_POINT ( 'NONE', #3431 ) ;
#406 = ADVANCED_FACE ( 'NONE', ( #4892 ), #7933, .T. ) ;
#407 = ORIENTED_EDGE ( 'NONE', *, *, #6528, .T. ) ;
#408 = DIRECTION ( 'NONE',  ( 0.000000000000000000, 0.000000000000000000, -1.000000000000000000 ) ) ;
#409 = CARTESIAN_POINT ( 'NONE',  ( 12.87782519058020547, 18.00000000000299849, -9.990000000000000213 ) ) ;
#410 = CARTESIAN_POINT ( 'NONE',  ( 201.3799530774113293, 18.02540000000299969, -10.00000000000000000 ) ) ;
#411 = CARTESIAN_POINT ( 'NONE',  ( 15.39650865944806846, 18.00000000000299849, -9.990000000000000213 ) ) ;
#412 = FACE_OUTER_BOUND ( 'NONE', #5504, .T. ) ;
#413 = DIRECTION ( 'NONE',  ( -0.000000000000000000, -0.000000000000000000, 1.000000000000000000 ) ) ;
#414 = ORIENTED_EDGE ( 'NONE', *, *, #1850, .F. ) ;
#415 = CARTESIAN_POINT ( 'NONE',  ( -180.0000000000000000, 1.123325935484965805E-14, -0.009999999999999592548 ) ) ;
#416 = CARTESIAN_POINT ( 'NONE',  ( 282.9972739408158304, 2.541098841762901017E-17, -9.989999999999998437 ) ) ;
#417 = CARTESIAN_POINT ( 'NONE',  ( 35.99173325387087630, 11.24999999999624833, -9.990000000000000213 ) ) ;
#418 = ORIENTED_EDGE ( 'NONE', *, *, #197, .F. ) ;
#419 =( BOUNDED_CURVE ( )  B_SPLINE_CURVE ( 3, ( #4902, #1067, #3340, #7945 ),
 .UNSPECIFIED., .F., .T. ) 
 B_SPLINE_CURVE_WITH_KNOTS ( ( 4, 4 ),
 ( 3.141592653589793116, 4.712388980384689674 ),
 .UNSPECIFIED. ) 
 CURVE ( )  GEOMETRIC_REPRESENTATION_ITEM ( )  RATIONAL_B_SPLINE_CURVE ( ( 1.000000000000000000, 0.8047378541243649375, 0.8047378541243649375, 1.000000000000000000 ) ) 
 REPRESENTATION_ITEM ( '' )  );
#420 = EDGE_CURVE ( 'NONE', #4315, #5996, #6431, .T. ) ;
#421 = LINE ( 'NONE', #9702, #3251 ) ;
#422 = ORIENTED_EDGE ( 'NONE', *, *, #9442, .F. ) ;
#423 = DIRECTION ( 'NONE',  ( -0.9681476403781095197, -0.2503800040544349459, 0.000000000000000000 ) ) ;
#424 = CARTESIAN_POINT ( 'NONE',  ( 39.40969753027434308, 11.24585786437251755, -10.00000000000000000 ) ) ;
#425 = CARTESIAN_POINT ( 'NONE',  ( 48.83901112349236229, 11.23999999999625032, -10.00000000000000000 ) ) ;
#426 = CYLINDRICAL_SURFACE ( 'NONE', #22, 0.01000000000000000021 ) ;
#427 = VERTEX_POINT ( 'NONE', #5166 ) ;
#428 = VECTOR ( 'NONE', #3759, 1000.000000000000000 ) ;
#429 = DIRECTION ( 'NONE',  ( -0.9681476403780845397, 0.2503800040545307581, 0.000000000000000000 ) ) ;
#430 = DIRECTION ( 'NONE',  ( -0.9681476403781361650, -0.2503800040543317507, 0.000000000000000000 ) ) ;
#431 = DIRECTION ( 'NONE',  ( 0.2503800040544349459, 0.9681476403781095197, 0.000000000000000000 ) ) ;
#432 = ORIENTED_EDGE ( 'NONE', *, *, #5977, .F. ) ;
#433 = ORIENTED_EDGE ( 'NONE', *, *, #5801, .F. ) ;
#434 = FACE_OUTER_BOUND ( 'NONE', #5671, .T. ) ;
#435 = ORIENTED_EDGE ( 'NONE', *, *, #7138, .F. ) ;
#436 = DIRECTION ( 'NONE',  ( 0.2503800040544349459, -0.9681476403781095197, 0.000000000000000000 ) ) ;
#437 = DIRECTION ( 'NONE',  ( -1.000000000000000000, 0.000000000000000000, 0.000000000000000000 ) ) ;
#438 = LINE ( 'NONE', #7339, #3847 ) ;
#439 = DIRECTION ( 'NONE',  ( -1.000000000000000000, -0.000000000000000000, -0.000000000000000000 ) ) ;
#440 = LINE ( 'NONE', #2697, #4786 ) ;
#441 = EDGE_CURVE ( 'NONE', #3165, #6244, #6424, .T. ) ;
#442 = CYLINDRICAL_SURFACE ( 'NONE', #2216, 0.5000000000000004441 ) ;
#443 = LINE ( 'NONE', #1842, #7710 ) ;
#444 = ORIENTED_EDGE ( 'NONE', *, *, #6108, .T. ) ;
#445 = ORIENTED_EDGE ( 'NONE', *, *, #2612, .T. ) ;
#446 = EDGE_LOOP ( 'NONE', ( #4096, #3665, #6243, #6202 ) ) ;
#447 = ADVANCED_FACE ( 'NONE', ( #7450 ), #9463, .T. ) ;
#448 = ORIENTED_EDGE ( 'NONE', *, *, #3866, .T. ) ;
#449 = DIRECTION ( 'NONE',  ( 1.000000000000000000, -0.000000000000000000, 0.000000000000000000 ) ) ;
#450 = ADVANCED_FACE ( 'NONE', ( #2623 ), #6713, .T. ) ;
#451 = ADVANCED_FACE ( 'NONE', ( #8720 ), #4188, .T. ) ;
#452 = DIRECTION ( 'NONE',  ( 1.000000000000000000, 0.000000000000000000, 0.000000000000000000 ) ) ;
#453 = VECTOR ( 'NONE', #6196, 1000.000000000000000 ) ;
#454 = CARTESIAN_POINT ( 'NONE',  ( 128.4861012322827207, 17.99000000000299693, -10.00000000000000000 ) ) ;
#455 = VERTEX_POINT ( 'NONE', #3666 ) ;
#456 = AXIS2_PLACEMENT_3D ( 'NONE', #9744, #1336, #3621 ) ;
#457 = DIRECTION ( 'NONE',  ( 0.9681476403781095197, -0.2503800040544349459, 0.000000000000000000 ) ) ;
#458 = CARTESIAN_POINT ( 'NONE',  ( -180.0000000000000000, 18.00000000000299849, -0.004142135623737081863 ) ) ;
#459 = ADVANCED_FACE ( 'NONE', ( #2036 ), #647, .F. ) ;
#460 = ORIENTED_EDGE ( 'NONE', *, *, #8820, .F. ) ;
#461 = CARTESIAN_POINT ( 'NONE',  ( 119.0690661095517271, 18.00000000000299849, -10.00000000000000000 ) ) ;
#462 = EDGE_CURVE ( 'NONE', #1154, #2506, #7430, .T. ) ;
#463 = CARTESIAN_POINT ( 'NONE',  ( 282.9972739408158304, 0.01000000000000002623, -9.999999999999998224 ) ) ;
#464 = VECTOR ( 'NONE', #4559, 1000.000000000000000 ) ;
#465 = ORIENTED_EDGE ( 'NONE', *, *, #3279, .F. ) ;
#466 = DIRECTION ( 'NONE',  ( -0.9681476403781361650, -0.2503800040543317507, 0.000000000000000000 ) ) ;
#467 = VECTOR ( 'NONE', #8700, 1000.000000000000000 ) ;
#468 = ORIENTED_EDGE ( 'NONE', *, *, #868, .F. ) ;
#469 = DIRECTION ( 'NONE',  ( 0.000000000000000000, -1.000000000000000000, -0.000000000000000000 ) ) ;
#470 = VECTOR ( 'NONE', #4092, 1000.000000000000000 ) ;
#471 = DIRECTION ( 'NONE',  ( -0.9681476403781095197, -0.2503800040544349459, 0.000000000000000000 ) ) ;
#472 = ORIENTED_EDGE ( 'NONE', *, *, #7969, .F. ) ;
#473 = CARTESIAN_POINT ( 'NONE',  ( 29.98945522347351655, 11.23999999999625032, -10.00000000000000000 ) ) ;
#474 = ORIENTED_EDGE ( 'NONE', *, *, #7017, .F. ) ;
#475 = EDGE_CURVE ( 'NONE', #3731, #4561, #8994, .T. ) ;
#476 =( BOUNDED_CURVE ( )  B_SPLINE_CURVE ( 3, ( #2949, #5404, #728, #6803 ),
 .UNSPECIFIED., .F., .F. ) 
 B_SPLINE_CURVE_WITH_KNOTS ( ( 4, 4 ),
 ( 0.000000000000000000, 1.570796326795330433 ),
 .UNSPECIFIED. ) 
 CURVE ( )  GEOMETRIC_REPRESENTATION_ITEM ( )  RATIONAL_B_SPLINE_CURVE ( ( 1.000000000000000000, 0.8047378541242627970, 0.8047378541242627970, 1.000000000000000000 ) ) 
 REPRESENTATION_ITEM ( '' )  );
#477 = DIRECTION ( 'NONE',  ( 0.000000000000000000, 0.000000000000000000, -1.000000000000000000 ) ) ;
#478 = VECTOR ( 'NONE', #6909, 1000.000000000000000 ) ;
#479 = DIRECTION ( 'NONE',  ( -1.000000000000000000, 0.000000000000000000, 0.000000000000000000 ) ) ;
#480 = CARTESIAN_POINT ( 'NONE',  ( 149.0890686539839578, 11.24999999999624833, -9.990000000000000213 ) ) ;
#481 = CYLINDRICAL_SURFACE ( 'NONE', #4218, 0.01000000000000690267 ) ;
#482 = EDGE_LOOP ( 'NONE', ( #8683, #7288, #9653, #6417 ) ) ;
#483 = VERTEX_POINT ( 'NONE', #2391 ) ;
#484 = DIRECTION ( 'NONE',  ( 0.2503800040544349459, 0.9681476403781095197, 0.000000000000000000 ) ) ;
#485 = ORIENTED_EDGE ( 'NONE', *, *, #6334, .F. ) ;
#486 = DIRECTION ( 'NONE',  ( -1.000000000000000000, 0.000000000000000000, 0.000000000000000000 ) ) ;
#487 = VECTOR ( 'NONE', #6654, 1000.000000000000000 ) ;
#488 = DIRECTION ( 'NONE',  ( -0.2503800040544349459, 0.9681476403781095197, 0.000000000000000000 ) ) ;
#489 =( BOUNDED_CURVE ( )  B_SPLINE_CURVE ( 3, ( #4982, #3426, #1150, #4186 ),
 .UNSPECIFIED., .F., .T. ) 
 B_SPLINE_CURVE_WITH_KNOTS ( ( 4, 4 ),
 ( 3.141592653589793116, 4.712388980384689674 ),
 .UNSPECIFIED. ) 
 CURVE ( )  GEOMETRIC_REPRESENTATION_ITEM ( )  RATIONAL_B_SPLINE_CURVE ( ( 1.000000000000000000, 0.8047378541243649375, 0.8047378541243649375, 1.000000000000000000 ) ) 
 REPRESENTATION_ITEM ( '' )  );
#490 = CARTESIAN_POINT ( 'NONE',  ( 175.6099909823298617, 17.99000000000300048, 0.000000000000000000 ) ) ;
#491 = EDGE_CURVE ( 'NONE', #4904, #8179, #9471, .T. ) ;
#492 = CARTESIAN_POINT ( 'NONE',  ( 180.7859024236243215, 11.23999999999624855, -10.00000000000000000 ) ) ;
#493 = DIRECTION ( 'NONE',  ( 0.000000000000000000, 0.000000000000000000, 1.000000000000000000 ) ) ;
#494 = VECTOR ( 'NONE', #7506, 1000.000000000000000 ) ;
#495 = CARTESIAN_POINT ( 'NONE',  ( 11.13215649617624869, 11.24999999999624833, -9.990000000000000213 ) ) ;
#496 = FACE_OUTER_BOUND ( 'NONE', #5444, .T. ) ;
#497 = EDGE_LOOP ( 'NONE', ( #2882, #7071, #5465, #9423 ) ) ;
#498 = VERTEX_POINT ( 'NONE', #98 ) ;
#499 = EDGE_CURVE ( 'NONE', #3662, #1189, #3680, .T. ) ;
#500 = DIRECTION ( 'NONE',  ( 0.2503800040544349459, 0.9681476403781095197, 0.000000000000000000 ) ) ;
#501 = ORIENTED_EDGE ( 'NONE', *, *, #5663, .F. ) ;
#502 = AXIS2_PLACEMENT_3D ( 'NONE', #1523, #6249, #3187 ) ;
#503 = ADVANCED_FACE ( 'NONE', ( #5417 ), #3201, .T. ) ;
#504 = DIRECTION ( 'NONE',  ( -0.000000000000000000, -0.000000000000000000, 1.000000000000000000 ) ) ;
#505 = EDGE_CURVE ( 'NONE', #9569, #5224, #5324, .T. ) ;
#506 = DIRECTION ( 'NONE',  ( 0.9681476403781095197, -0.2503800040544349459, 0.000000000000000000 ) ) ;
#507 = EDGE_LOOP ( 'NONE', ( #1549, #6685, #8348, #4488 ) ) ;
#508 = ORIENTED_EDGE ( 'NONE', *, *, #1095, .F. ) ;
#509 = EDGE_CURVE ( 'NONE', #5756, #8919, #1491, .T. ) ;
#510 = EDGE_CURVE ( 'NONE', #7788, #291, #4704, .T. ) ;
#511 = DIRECTION ( 'NONE',  ( 1.000000000000000000, 0.000000000000000000, 0.000000000000000000 ) ) ;
#512 = DIRECTION ( 'NONE',  ( 0.2503800040544349459, -0.9681476403781095197, -0.000000000000000000 ) ) ;
#513 = ORIENTED_EDGE ( 'NONE', *, *, #6796, .F. ) ;
#514 = EDGE_CURVE ( 'NONE', #4742, #1665, #4211, .T. ) ;
#515 = LINE ( 'NONE', #3481, #4493 ) ;
#516 = VECTOR ( 'NONE', #8707, 1000.000000000000000 ) ;
#517 = CARTESIAN_POINT ( 'NONE',  ( 78.85783972728880542, 18.02540000000299969, -0.009999999999999592548 ) ) ;
#518 = CARTESIAN_POINT ( 'NONE',  ( 105.3831431803402836, 11.24585786437251755, -10.00000000000000000 ) ) ;
#519 = VERTEX_POINT ( 'NONE', #742 ) ;
#520 = EDGE_CURVE ( 'NONE', #6918, #6613, #9150, .T. ) ;
#521 = CYLINDRICAL_SURFACE ( 'NONE', #9780, 0.01000000000000863913 ) ;
#522 = EDGE_LOOP ( 'NONE', ( #8729, #5403, #1981, #5828 ) ) ;
#523 = CARTESIAN_POINT ( 'NONE',  ( 137.9120531229279152, 18.02540000000299969, -10.00000000000000000 ) ) ;
#524 = CARTESIAN_POINT ( 'NONE',  ( 199.6277154963647149, 11.24999999999624833, -9.990000000000000213 ) ) ;
#525 = ADVANCED_FACE ( 'NONE', ( #6865 ), #9045, .T. ) ;
#526 = VERTEX_POINT ( 'NONE', #9098 ) ;
#527 = VECTOR ( 'NONE', #1449, 1000.000000000000000 ) ;
#528 = CARTESIAN_POINT ( 'NONE',  ( -180.0099999999999909, 18.00000000000302691, -9.990000000000000213 ) ) ;
#529 = FACE_OUTER_BOUND ( 'NONE', #563, .T. ) ;
#530 = CARTESIAN_POINT ( 'NONE',  ( 283.2901671596292204, 0.01000000000000024307, -2.168404344971008621E-16 ) ) ;
#531 = ORIENTED_EDGE ( 'NONE', *, *, #3387, .F. ) ;
#532 = ORIENTED_EDGE ( 'NONE', *, *, #5730, .T. ) ;
#533 = DIRECTION ( 'NONE',  ( 1.000000000000000000, -0.000000000000000000, -0.000000000000000000 ) ) ;
#534 = ORIENTED_EDGE ( 'NONE', *, *, #6283, .F. ) ;
#535 = CYLINDRICAL_SURFACE ( 'NONE', #9679, 0.01000000000000777003 ) ;
#536 = VECTOR ( 'NONE', #6115, 1000.000000000000000 ) ;
#537 = DIRECTION ( 'NONE',  ( -0.2503800040544349459, -0.9681476403781095197, 0.000000000000000000 ) ) ;
#538 = DIRECTION ( 'NONE',  ( -1.000000000000000000, 0.000000000000000000, 0.000000000000000000 ) ) ;
#539 = DIRECTION ( 'NONE',  ( -0.000000000000000000, -0.000000000000000000, 1.000000000000000000 ) ) ;
#540 = DIRECTION ( 'NONE',  ( 0.000000000000000000, -1.000000000000000000, -0.000000000000000000 ) ) ;
#541 = CARTESIAN_POINT ( 'NONE',  ( 11.13536368024607626, 11.24585786437251933, -9.999999999999998224 ) ) ;
#542 = DIRECTION ( 'NONE',  ( 0.000000000000000000, 1.000000000000000000, 0.000000000000000000 ) ) ;
#543 = DIRECTION ( 'NONE',  ( 0.000000000000000000, 0.000000000000000000, -1.000000000000000000 ) ) ;
#544 = VERTEX_POINT ( 'NONE', #7761 ) ;
#545 = ORIENTED_EDGE ( 'NONE', *, *, #8760, .T. ) ;
#546 = CYLINDRICAL_SURFACE ( 'NONE', #2940, 0.009999999999993465505 ) ;
#547 = ORIENTED_EDGE ( 'NONE', *, *, #8534, .F. ) ;
#548 = LINE ( 'NONE', #4275, #334 ) ;
#549 = FACE_OUTER_BOUND ( 'NONE', #5400, .T. ) ;
#550 = VERTEX_POINT ( 'NONE', #1587 ) ;
#551 = ORIENTED_EDGE ( 'NONE', *, *, #2891, .F. ) ;
#552 = LINE ( 'NONE', #3478, #2288 ) ;
#553 = CARTESIAN_POINT ( 'NONE',  ( 146.9306764044223428, 55.99885659949066508, 0.000000000000000000 ) ) ;
#554 = EDGE_LOOP ( 'NONE', ( #8064, #4827, #8533, #288 ) ) ;
#555 = DIRECTION ( 'NONE',  ( -0.9681476403780520101, 0.2503800040546569350, 0.000000000000000000 ) ) ;
#556 = ADVANCED_FACE ( 'NONE', ( #3060 ), #890, .T. ) ;
#557 = ADVANCED_FACE ( 'NONE', ( #8315 ), #7657, .T. ) ;
#558 = LINE ( 'NONE', #9115, #2052 ) ;
#559 = ORIENTED_EDGE ( 'NONE', *, *, #6398, .F. ) ;
#560 =( BOUNDED_CURVE ( )  B_SPLINE_CURVE ( 3, ( #943, #2495, #4821, #6315 ),
 .UNSPECIFIED., .F., .F. ) 
 B_SPLINE_CURVE_WITH_KNOTS ( ( 4, 4 ),
 ( 0.000000000000000000, 1.570796326795113496 ),
 .UNSPECIFIED. ) 
 CURVE ( )  GEOMETRIC_REPRESENTATION_ITEM ( )  RATIONAL_B_SPLINE_CURVE ( ( 1.000000000000000000, 0.8047378541243138672, 0.8047378541243138672, 1.000000000000000000 ) ) 
 REPRESENTATION_ITEM ( '' )  );
#561 = EDGE_CURVE ( 'NONE', #6722, #5215, #6248, .T. ) ;
#562 = CARTESIAN_POINT ( 'NONE',  ( 173.1067931680188678, 17.99000000000300048, -10.00000000000000000 ) ) ;
#563 = EDGE_LOOP ( 'NONE', ( #9667, #9734, #4197, #3903 ) ) ;
#564 = FACE_OUTER_BOUND ( 'NONE', #1869, .T. ) ;
#565 = ORIENTED_EDGE ( 'NONE', *, *, #7120, .F. ) ;
#566 = ORIENTED_EDGE ( 'NONE', *, *, #9306, .F. ) ;
#567 = EDGE_CURVE ( 'NONE', #3900, #3963, #6069, .T. ) ;
#568 = DIRECTION ( 'NONE',  ( 1.000000000000000000, -0.000000000000000000, -0.000000000000000000 ) ) ;
#569 = CARTESIAN_POINT ( 'NONE',  ( 124.2372347235677523, 11.23999999999625210, -10.00000000000000000 ) ) ;
#570 = EDGE_CURVE ( 'NONE', #2475, #4226, #8369, .T. ) ;
#571 = DIRECTION ( 'NONE',  ( 0.000000000000000000, 0.000000000000000000, -1.000000000000000000 ) ) ;
#572 = CARTESIAN_POINT ( 'NONE',  ( 45.41330401981046094, 11.24585786437252111, -4.301218219002576925E-16 ) ) ;
#573 = ORIENTED_EDGE ( 'NONE', *, *, #229, .F. ) ;
#574 = EDGE_LOOP ( 'NONE', ( #4597, #4112, #4143, #3078 ) ) ;
#575 = CARTESIAN_POINT ( 'NONE',  ( 69.42649289063673734, 18.00000000000299849, -0.009999999999999592548 ) ) ;
#576 = VERTEX_POINT ( 'NONE', #8549 ) ;
#577 = CARTESIAN_POINT ( 'NONE',  ( 177.3537210276084295, 11.24749619995569283, -10.00000000000000000 ) ) ;
#578 = CARTESIAN_POINT ( 'NONE',  ( 215.0547714767714638, 11.23999999999624677, 0.000000000000000000 ) ) ;
#579 = EDGE_CURVE ( 'NONE', #6683, #9703, #9391, .T. ) ;
#580 = CARTESIAN_POINT ( 'NONE',  ( 222.7416235596554088, 18.00000000000299849, -9.990000000000000213 ) ) ;
#581 = DIRECTION ( 'NONE',  ( 1.000000000000000000, -1.460819769243464921E-16, 0.000000000000000000 ) ) ;
#582 = ADVANCED_FACE ( 'NONE', ( #6261 ), #6312, .T. ) ;
#583 = CARTESIAN_POINT ( 'NONE',  ( 0.000000000000000000, 18.00000000000299849, 0.000000000000000000 ) ) ;
#584 = VECTOR ( 'NONE', #827, 1000.000000000000000 ) ;
#585 = CARTESIAN_POINT ( 'NONE',  ( 246.7593480736902904, 11.23999999999624855, -10.00000000000000000 ) ) ;
#586 = DIRECTION ( 'NONE',  ( 0.000000000000000000, 0.000000000000000000, -1.000000000000000000 ) ) ;
#587 = DIRECTION ( 'NONE',  ( 1.000000000000000000, -0.000000000000000000, -0.000000000000000000 ) ) ;
#588 = ORIENTED_EDGE ( 'NONE', *, *, #7261, .F. ) ;
#589 = ORIENTED_EDGE ( 'NONE', *, *, #1061, .F. ) ;
#590 = DIRECTION ( 'NONE',  ( 0.000000000000000000, 0.000000000000000000, -1.000000000000000000 ) ) ;
#591 = ORIENTED_EDGE ( 'NONE', *, *, #8303, .T. ) ;
#592 = DIRECTION ( 'NONE',  ( 0.000000000000000000, 0.000000000000000000, 1.000000000000000000 ) ) ;
#593 = CARTESIAN_POINT ( 'NONE',  ( 12.88556801785862049, 17.99000000000300048, 0.000000000000000000 ) ) ;
#594 = CARTESIAN_POINT ( 'NONE',  ( 209.0524934463741431, 11.23999999999625032, -0.009999999999999592548 ) ) ;
#595 = ADVANCED_FACE ( 'NONE', ( #2545 ), #5672, .F. ) ;
#597 = CARTESIAN_POINT ( 'NONE',  ( 166.1852130323204335, 17.99000000000299693, -10.00000000000000000 ) ) ;
#596 =( BOUNDED_CURVE ( )  B_SPLINE_CURVE ( 3, ( #6259, #3155, #143, #46 ),
 .UNSPECIFIED., .F., .T. ) 
 B_SPLINE_CURVE_WITH_KNOTS ( ( 4, 4 ),
 ( 3.141592653589793116, 4.712388980384906390 ),
 .UNSPECIFIED. ) 
 CURVE ( )  GEOMETRIC_REPRESENTATION_ITEM ( )  RATIONAL_B_SPLINE_CURVE ( ( 1.000000000000000000, 0.8047378541243139782, 0.8047378541243139782, 1.000000000000000000 ) ) 
 REPRESENTATION_ITEM ( '' )  );
#598 = CARTESIAN_POINT ( 'NONE',  ( -206.0100000000000193, 107.0000000000000000, -10.00000000000000000 ) ) ;
#599 = EDGE_LOOP ( 'NONE', ( #3978, #6766, #2671, #9641 ) ) ;
#600 = ORIENTED_EDGE ( 'NONE', *, *, #5920, .T. ) ;
#601 = LINE ( 'NONE', #1502, #7728 ) ;
#602 = CARTESIAN_POINT ( 'NONE',  ( 114.8047139462799180, 11.24999999999624833, -0.009999999999999592548 ) ) ;
#603 = ORIENTED_EDGE ( 'NONE', *, *, #4344, .T. ) ;
#604 = CYLINDRICAL_SURFACE ( 'NONE', #2698, 0.009999999999993465505 ) ;
#605 = CARTESIAN_POINT ( 'NONE',  ( 105.3799359962704472, 11.24999999999624656, -9.995857864376272772 ) ) ;
#606 = VECTOR ( 'NONE', #6140, 1000.000000000000000 ) ;
#607 = ORIENTED_EDGE ( 'NONE', *, *, #4569, .T. ) ;
#608 = VECTOR ( 'NONE', #9275, 1000.000000000000000 ) ;
#609 = VERTEX_POINT ( 'NONE', #4165 ) ;
#610 = CARTESIAN_POINT ( 'NONE',  ( 58.59130400191952504, 33.15274150524061270, -9.990000000000000213 ) ) ;
#611 = EDGE_CURVE ( 'NONE', #2476, #5863, #346, .T. ) ;
#612 = VERTEX_POINT ( 'NONE', #981 ) ;
#613 = FACE_OUTER_BOUND ( 'NONE', #7590, .T. ) ;
#614 = AXIS2_PLACEMENT_3D ( 'NONE', #1796, #8600, #5473 ) ;
#615 = AXIS2_PLACEMENT_3D ( 'NONE', #9037, #7497, #9142 ) ;
#616 = ORIENTED_EDGE ( 'NONE', *, *, #4289, .F. ) ;
#617 = EDGE_CURVE ( 'NONE', #6683, #3801, #7265, .T. ) ;
#618 = CARTESIAN_POINT ( 'NONE',  ( 11.13989932345466372, 11.23999999999625032, 0.000000000000000000 ) ) ;
#619 =( BOUNDED_CURVE ( )  B_SPLINE_CURVE ( 3, ( #3908, #7006, #4701, #4056 ),
 .UNSPECIFIED., .F., .T. ) 
 B_SPLINE_CURVE_WITH_KNOTS ( ( 4, 4 ),
 ( 3.141592653589793116, 4.712388980384234927 ),
 .UNSPECIFIED. ) 
 CURVE ( )  GEOMETRIC_REPRESENTATION_ITEM ( )  RATIONAL_B_SPLINE_CURVE ( ( 1.000000000000000000, 0.8047378541244720740, 0.8047378541244720740, 1.000000000000000000 ) ) 
 REPRESENTATION_ITEM ( '' )  );
#620 = CARTESIAN_POINT ( 'NONE',  ( 50.57693699061790227, 18.00000000000299849, -9.990000000000000213 ) ) ;
#621 = VECTOR ( 'NONE', #5199, 1000.000000000000000 ) ;
#622 = ADVANCED_FACE ( 'NONE', ( #8596 ), #7249, .T. ) ;
#623 = CARTESIAN_POINT ( 'NONE',  ( -198.0000000000000000, -83.00000000000000000, -0.009999999999999592548 ) ) ;
#624 = LINE ( 'NONE', #8093, #8971 ) ;
#625 = ORIENTED_EDGE ( 'NONE', *, *, #1786, .T. ) ;
#626 = ORIENTED_EDGE ( 'NONE', *, *, #5286, .F. ) ;
#627 = CARTESIAN_POINT ( 'NONE',  ( 191.9486062407592613, 18.00000000000299849, -10.00000000000000000 ) ) ;
#628 = EDGE_LOOP ( 'NONE', ( #110, #9575, #6344, #3441 ) ) ;
#629 = CARTESIAN_POINT ( 'NONE',  ( 48.83126829621395615, 11.24999999999624833, -0.004142135623730543691 ) ) ;
#630 = CARTESIAN_POINT ( 'NONE',  ( 64.26606710389913246, 11.24999999999624833, -0.004142135623731249723 ) ) ;
#631 = ORIENTED_EDGE ( 'NONE', *, *, #7533, .T. ) ;
#632 = DIRECTION ( 'NONE',  ( -0.2503800040544349459, -0.9681476403781095197, 0.000000000000000000 ) ) ;
#633 = ADVANCED_FACE ( 'NONE', ( #3355 ), #6408, .F. ) ;
#634 = AXIS2_PLACEMENT_3D ( 'NONE', #6756, #9782, #4555 ) ;
#635 = CARTESIAN_POINT ( 'NONE',  ( 213.3091027823675176, 17.99000000000300048, 0.000000000000000000 ) ) ;
#636 = LINE ( 'NONE', #3860, #1089 ) ;
#637 = CARTESIAN_POINT ( 'NONE',  ( 26.56695530386144810, 11.24999999999624833, -0.009999999999999592548 ) ) ;
#638 = EDGE_CURVE ( 'NONE', #9062, #1309, #394, .T. ) ;
#639 = LINE ( 'NONE', #40, #7824 ) ;
#640 = VECTOR ( 'NONE', #2330, 1000.000000000000000 ) ;
#641 = DIRECTION ( 'NONE',  ( 1.000000000000000000, -0.000000000000000000, 0.000000000000000000 ) ) ;
#642 = DIRECTION ( 'NONE',  ( -1.000000000000000000, 0.000000000000000000, -0.000000000000000000 ) ) ;
#643 = VERTEX_POINT ( 'NONE', #1078 ) ;
#644 = ORIENTED_EDGE ( 'NONE', *, *, #4817, .T. ) ;
#645 = FACE_OUTER_BOUND ( 'NONE', #5597, .T. ) ;
#646 = ORIENTED_EDGE ( 'NONE', *, *, #8049, .F. ) ;
#647 = PLANE ( 'NONE',  #4281 ) ;
#648 = CARTESIAN_POINT ( 'NONE',  ( 0.000000000000000000, 18.00000000000299849, -10.00000000000000000 ) ) ;
#649 = DIRECTION ( 'NONE',  ( 0.000000000000000000, 0.000000000000000000, 1.000000000000000000 ) ) ;
#650 = FACE_OUTER_BOUND ( 'NONE', #2147, .T. ) ;
#651 = VERTEX_POINT ( 'NONE', #1739 ) ;
#652 = VERTEX_POINT ( 'NONE', #9290 ) ;
#653 = PLANE ( 'NONE',  #8679 ) ;
#654 = DIRECTION ( 'NONE',  ( 0.2503800040544349459, -0.9681476403781095197, -0.000000000000000000 ) ) ;
#655 = VECTOR ( 'NONE', #1986, 1000.000000000000000 ) ;
#656 = ORIENTED_EDGE ( 'NONE', *, *, #7547, .F. ) ;
#657 = DIRECTION ( 'NONE',  ( -0.9681476403780548967, -0.2503800040546457217, 0.000000000000000000 ) ) ;
#658 = CARTESIAN_POINT ( 'NONE',  ( 175.6177338096082963, 18.00000000000299849, -9.990000000000000213 ) ) ;
#659 = CARTESIAN_POINT ( 'NONE',  ( 124.2326990803591684, 11.24585786437251400, 4.340532324096351870E-15 ) ) ;
#660 = ORIENTED_EDGE ( 'NONE', *, *, #8879, .F. ) ;
#661 = DIRECTION ( 'NONE',  ( 1.000000000000000000, 0.000000000000000000, 0.000000000000000000 ) ) ;
#662 = ORIENTED_EDGE ( 'NONE', *, *, #1849, .T. ) ;
#663 = DIRECTION ( 'NONE',  ( 0.2503800040544349459, 0.9681476403781095197, 0.000000000000000000 ) ) ;
#664 = ORIENTED_EDGE ( 'NONE', *, *, #1169, .F. ) ;
#665 = FACE_OUTER_BOUND ( 'NONE', #1317, .T. ) ;
#666 = VECTOR ( 'NONE', #8989, 1000.000000000000000 ) ;
#667 = ORIENTED_EDGE ( 'NONE', *, *, #3098, .T. ) ;
#668 = DIRECTION ( 'NONE',  ( 0.2503800040544349459, -0.9681476403781095197, 0.000000000000000000 ) ) ;
#669 = FACE_OUTER_BOUND ( 'NONE', #2654, .T. ) ;
#670 = VECTOR ( 'NONE', #5803, 1000.000000000000000 ) ;
#671 = LINE ( 'NONE', #8240, #1414 ) ;
#672 = DIRECTION ( 'NONE',  ( -1.000000000000000000, 0.000000000000000000, 0.000000000000000000 ) ) ;
#673 = ORIENTED_EDGE ( 'NONE', *, *, #4871, .F. ) ;
#674 = ADVANCED_FACE ( 'NONE', ( #7111 ), #1690, .F. ) ;
#675 = EDGE_LOOP ( 'NONE', ( #7618, #3718, #4479, #4591 ) ) ;
#676 = DIRECTION ( 'NONE',  ( 1.000000000000000000, 0.000000000000000000, 0.000000000000000000 ) ) ;
#677 = ORIENTED_EDGE ( 'NONE', *, *, #9602, .T. ) ;
#678 = CARTESIAN_POINT ( 'NONE',  ( 58.25604624622337013, 11.23999999999625032, -10.00000000000000000 ) ) ;
#679 = CARTESIAN_POINT ( 'NONE',  ( 64.25832427662071211, 11.23999999999625210, 0.000000000000000000 ) ) ;
#680 = ORIENTED_EDGE ( 'NONE', *, *, #5812, .T. ) ;
#681 = CARTESIAN_POINT ( 'NONE',  ( 229.6477180407969456, 18.00000000000300204, -9.995857864376269220 ) ) ;
#682 = AXIS2_PLACEMENT_3D ( 'NONE', #3120, #6931, #6980 ) ;
#683 = CARTESIAN_POINT ( 'NONE',  ( -180.0099999999999909, 17.99000000000300048, -10.00000000000000000 ) ) ;
#684 = CARTESIAN_POINT ( 'NONE',  ( 22.30581032465946123, 17.99585786437927126, -10.00000000000000000 ) ) ;
#685 = CARTESIAN_POINT ( 'NONE',  ( 229.6477180407969740, 18.00000000000299849, -0.009999999999999592548 ) ) ;
#686 = EDGE_CURVE ( 'NONE', #2777, #1942, #6459, .T. ) ;
#687 = DIRECTION ( 'NONE',  ( -1.000000000000000000, 0.000000000000000000, 0.000000000000000000 ) ) ;
#688 = AXIS2_PLACEMENT_3D ( 'NONE', #7195, #7753, #5662 ) ;
#689 = AXIS2_PLACEMENT_3D ( 'NONE', #3773, #3010, #9685 ) ;
#690 = CARTESIAN_POINT ( 'NONE',  ( 239.0757031748761108, 17.99585786437925705, 6.801092723719553068E-15 ) ) ;
#691 = CARTESIAN_POINT ( 'NONE',  ( 182.5238282907498615, 17.99000000000300048, 0.000000000000000000 ) ) ;
#692 = EDGE_LOOP ( 'NONE', ( #863, #4203, #1489, #5136 ) ) ;
#693 = EDGE_CURVE ( 'NONE', #5393, #643, #8738, .T. ) ;
#694 = EDGE_LOOP ( 'NONE', ( #8548, #8229, #7536, #3868 ) ) ;
#695 = FACE_OUTER_BOUND ( 'NONE', #2675, .T. ) ;
#696 = ORIENTED_EDGE ( 'NONE', *, *, #5144, .F. ) ;
#697 = CARTESIAN_POINT ( 'NONE',  ( 210.7981621407780892, 18.00000000000299849, -9.990000000000000213 ) ) ;
#698 = CYLINDRICAL_SURFACE ( 'NONE', #8170, 0.01000000000000777003 ) ;
#699 = DIRECTION ( 'NONE',  ( -0.000000000000000000, -0.000000000000000000, 1.000000000000000000 ) ) ;
#700 = ADVANCED_FACE ( 'NONE', ( #1882 ), #4014, .T. ) ;
#701 = PRODUCT_DEFINITION_FORMATION_WITH_SPECIFIED_SOURCE ( 'Symmetric', '', #4448, .NOT_KNOWN. ) ;
#702 = VECTOR ( 'NONE', #6858, 1000.000000000000000 ) ;
#703 = EDGE_CURVE ( 'NONE', #3988, #2329, #7856, .T. ) ;
#704 = LINE ( 'NONE', #56, #6377 ) ;
#705 = ORIENTED_EDGE ( 'NONE', *, *, #3428, .T. ) ;
#706 = EDGE_CURVE ( 'NONE', #9272, #5520, #2440, .T. ) ;
#707 = EDGE_LOOP ( 'NONE', ( #9558, #4415, #5518, #6770 ) ) ;
#708 = FACE_OUTER_BOUND ( 'NONE', #9436, .T. ) ;
#709 = FACE_OUTER_BOUND ( 'NONE', #5994, .T. ) ;
#710 =( BOUNDED_CURVE ( )  B_SPLINE_CURVE ( 3, ( #1269, #630, #5253, #679 ),
 .UNSPECIFIED., .F., .F. ) 
 B_SPLINE_CURVE_WITH_KNOTS ( ( 4, 4 ),
 ( 0.000000000000000000, 1.570796326794788200 ),
 .UNSPECIFIED. ) 
 CURVE ( )  GEOMETRIC_REPRESENTATION_ITEM ( )  RATIONAL_B_SPLINE_CURVE ( ( 1.000000000000000000, 0.8047378541243905836, 0.8047378541243905836, 1.000000000000000000 ) ) 
 REPRESENTATION_ITEM ( '' )  );
#711 = ORIENTED_EDGE ( 'NONE', *, *, #7867, .T. ) ;
#712 = EDGE_CURVE ( 'NONE', #4535, #9066, #4149, .T. ) ;
#713 = DIRECTION ( 'NONE',  ( 1.000000000000000000, 0.000000000000000000, 0.000000000000000000 ) ) ;
#714 = CARTESIAN_POINT ( 'NONE',  ( -179.9999999999999716, 107.0000000000000000, -9.990000000000000213 ) ) ;
#715 = EDGE_LOOP ( 'NONE', ( #6076, #8532, #1344, #4563 ) ) ;
#716 = CARTESIAN_POINT ( 'NONE',  ( 109.6410809754724482, 17.99585786437926771, 1.270432225224321681E-15 ) ) ;
#717 = ORIENTED_EDGE ( 'NONE', *, *, #2015, .F. ) ;
#718 = CYLINDRICAL_SURFACE ( 'NONE', #9512, 0.01000000000000105319 ) ;
#719 = ORIENTED_EDGE ( 'NONE', *, *, #9367, .F. ) ;
#720 = DIRECTION ( 'NONE',  ( -0.2503800040544349459, -0.9681476403781095197, 0.000000000000000000 ) ) ;
#721 = VERTEX_POINT ( 'NONE', #7486 ) ;
#722 = LINE ( 'NONE', #9708, #6399 ) ;
#723 = DIRECTION ( 'NONE',  ( 0.000000000000000000, 0.000000000000000000, -1.000000000000000000 ) ) ;
#724 = EDGE_CURVE ( 'NONE', #9218, #1349, #1370, .T. ) ;
#725 = VERTEX_POINT ( 'NONE', #8142 ) ;
#726 = EDGE_LOOP ( 'NONE', ( #2930, #1640, #8626, #4385 ) ) ;
#727 = VERTEX_POINT ( 'NONE', #8920 ) ;
#728 = CARTESIAN_POINT ( 'NONE',  ( 243.3336409700083607, 11.24585786437252821, 2.746205114427533699E-15 ) ) ;
#729 = EDGE_LOOP ( 'NONE', ( #5576, #1933, #4051, #6805 ) ) ;
#730 = CARTESIAN_POINT ( 'NONE',  ( 60.00945776790574371, 17.99000000000300048, -10.00000000000000000 ) ) ;
#731 = DIRECTION ( 'NONE',  ( 1.000000000000000000, 0.000000000000000000, 0.000000000000000000 ) ) ;
#732 = LINE ( 'NONE', #5409, #3671 ) ;
#733 = CARTESIAN_POINT ( 'NONE',  ( 239.0802388180848084, 17.99000000000300048, -10.00000000000000000 ) ) ;
#734 = DIRECTION ( 'NONE',  ( -1.000000000000000000, 0.000000000000000000, 0.000000000000000000 ) ) ;
#735 = AXIS2_PLACEMENT_3D ( 'NONE', #9563, #4995, #2633 ) ;
#736 = CARTESIAN_POINT ( 'NONE',  ( 194.4607208229844559, 18.02540000000299969, -10.00000000000000000 ) ) ;
#737 = CARTESIAN_POINT ( 'NONE',  ( 130.2395127539651014, 11.24999999999624833, -10.00000000000000000 ) ) ;
#738 = ORIENTED_EDGE ( 'NONE', *, *, #3728, .F. ) ;
#739 = VERTEX_POINT ( 'NONE', #5955 ) ;
#740 = PLANE ( 'NONE',  #689 ) ;
#741 = ORIENTED_EDGE ( 'NONE', *, *, #1307, .F. ) ;
#742 = CARTESIAN_POINT ( 'NONE',  ( 190.2106803736337497, 11.23999999999624855, -10.00000000000000000 ) ) ;
#743 = DIRECTION ( 'NONE',  ( 0.000000000000000000, 0.000000000000000000, 1.000000000000000000 ) ) ;
#744 = ADVANCED_FACE ( 'NONE', ( #1267 ), #535, .T. ) ;
#745 = CYLINDRICAL_SURFACE ( 'NONE', #5937, 0.009999999999999998473 ) ;
#746 = VECTOR ( 'NONE', #8649, 1000.000000000000000 ) ;
#747 = EDGE_CURVE ( 'NONE', #3549, #4144, #4530, .T. ) ;
#748 = CYLINDRICAL_SURFACE ( 'NONE', #2038, 0.01000000000000105319 ) ;
#749 = CARTESIAN_POINT ( 'NONE',  ( 0.000000000000000000, 18.00000000000299849, -9.990000000000000213 ) ) ;
#750 = EDGE_LOOP ( 'NONE', ( #18, #9765, #2556, #4899 ) ) ;
#751 = ORIENTED_EDGE ( 'NONE', *, *, #1120, .F. ) ;
#752 = EDGE_CURVE ( 'NONE', #9485, #8841, #4353, .T. ) ;
#753 = PLANE ( 'NONE',  #2446 ) ;
#754 = DIRECTION ( 'NONE',  ( 1.000000000000000000, 0.000000000000000000, 0.000000000000000000 ) ) ;
#755 = ORIENTED_EDGE ( 'NONE', *, *, #9014, .T. ) ;
#756 = EDGE_CURVE ( 'NONE', #9217, #1957, #6650, .T. ) ;
#757 = CARTESIAN_POINT ( 'NONE',  ( 88.27604879065560795, 18.00000000000299849, -9.990000000000000213 ) ) ;
#758 = ADVANCED_FACE ( 'NONE', ( #1985 ), #1320, .F. ) ;
#759 = CARTESIAN_POINT ( 'NONE',  ( 62.52039840949516503, 18.00000000000300204, -9.995857864376269220 ) ) ;
#760 = EDGE_CURVE ( 'NONE', #9326, #2738, #4304, .T. ) ;
#761 = CARTESIAN_POINT ( 'NONE',  ( 62.52039840949517924, 18.00000000000299849, -0.009999999999999592548 ) ) ;
#762 = ORIENTED_EDGE ( 'NONE', *, *, #7474, .F. ) ;
#763 = DIRECTION ( 'NONE',  ( -0.2503800040544349459, -0.9681476403781095197, -0.000000000000000000 ) ) ;
#764 = EDGE_LOOP ( 'NONE', ( #3674, #9174, #2892, #948 ) ) ;
#765 = LINE ( 'NONE', #1406, #5586 ) ;
#766 = ORIENTED_EDGE ( 'NONE', *, *, #9808, .F. ) ;
#767 = AXIS2_PLACEMENT_3D ( 'NONE', #9847, #9245, #9156 ) ;
#768 = CARTESIAN_POINT ( 'NONE',  ( 126.9213780433363894, -14.82410019268447954, 0.000000000000000000 ) ) ;
#769 = ORIENTED_EDGE ( 'NONE', *, *, #4987, .T. ) ;
#770 = AXIS2_PLACEMENT_3D ( 'NONE', #6059, #6808, #2130 ) ;
#771 = ORIENTED_EDGE ( 'NONE', *, *, #8573, .T. ) ;
#772 = ORIENTED_EDGE ( 'NONE', *, *, #904, .T. ) ;
#773 = VECTOR ( 'NONE', #7603, 1000.000000000000000 ) ;
#774 = CARTESIAN_POINT ( 'NONE',  ( 35.98399042659244884, 11.23999999999625032, 0.000000000000000000 ) ) ;
#775 = ORIENTED_EDGE ( 'NONE', *, *, #3698, .F. ) ;
#776 = CARTESIAN_POINT ( 'NONE',  ( 173.0990503407404333, 18.00000000000299849, -9.990000000000000213 ) ) ;
#777 = EDGE_CURVE ( 'NONE', #378, #9273, #8246, .T. ) ;
#778 = CARTESIAN_POINT ( 'NONE',  ( 81.36995430951404273, 18.00000000000300204, -0.004142135623727927728 ) ) ;
#779 = ORIENTED_EDGE ( 'NONE', *, *, #3461, .T. ) ;
#780 = DIRECTION ( 'NONE',  ( -0.000000000000000000, -0.000000000000000000, 1.000000000000000000 ) ) ;
#781 = CARTESIAN_POINT ( 'NONE',  ( -215.9900000000000091, -83.00000000000000000, -9.990000000000000213 ) ) ;
#782 = DIRECTION ( 'NONE',  ( -1.000000000000000000, -0.000000000000000000, -0.000000000000000000 ) ) ;
#783 = AXIS2_PLACEMENT_3D ( 'NONE', #1962, #1201, #6531 ) ;
#784 = VECTOR ( 'NONE', #3375, 1000.000000000000000 ) ;
#785 = CARTESIAN_POINT ( 'NONE',  ( 77.10560214624221942, 11.24999999999624833, -0.009999999999999592548 ) ) ;
#786 = LINE ( 'NONE', #1480, #2706 ) ;
#787 = FACE_OUTER_BOUND ( 'NONE', #7305, .T. ) ;
#788 = DIRECTION ( 'NONE',  ( 0.000000000000000000, 0.000000000000000000, 1.000000000000000000 ) ) ;
#789 = ORIENTED_EDGE ( 'NONE', *, *, #1108, .T. ) ;
#790 = ORIENTED_EDGE ( 'NONE', *, *, #1103, .F. ) ;
#791 = CYLINDRICAL_SURFACE ( 'NONE', #3103, 0.01000000000001000089 ) ;
#792 = VERTEX_POINT ( 'NONE', #2798 ) ;
#793 = EDGE_CURVE ( 'NONE', #2366, #1366, #9355, .T. ) ;
#794 = CARTESIAN_POINT ( 'NONE',  ( 237.3268272964024561, 11.24999999999624833, -0.004142135623730543691 ) ) ;
#795 = DIRECTION ( 'NONE',  ( 0.000000000000000000, -1.000000000000000000, 0.000000000000000000 ) ) ;
#796 = CYLINDRICAL_SURFACE ( 'NONE', #3543, 0.009999999999999998473 ) ;
#797 =( BOUNDED_CURVE ( )  B_SPLINE_CURVE ( 3, ( #480, #5802, #7286, #4158 ),
 .UNSPECIFIED., .F., .F. ) 
 B_SPLINE_CURVE_WITH_KNOTS ( ( 4, 4 ),
 ( 3.141592653589793116, 4.712388980384364601 ),
 .UNSPECIFIED. ) 
 CURVE ( )  GEOMETRIC_REPRESENTATION_ITEM ( )  RATIONAL_B_SPLINE_CURVE ( ( 1.000000000000000000, 0.8047378541244416539, 0.8047378541244416539, 1.000000000000000000 ) ) 
 REPRESENTATION_ITEM ( '' )  );
#798 = CIRCLE ( 'NONE', #4824, 17.99999999999998934 ) ;
#799 = DIRECTION ( 'NONE',  ( 0.000000000000000000, -0.000000000000000000, 1.000000000000000000 ) ) ;
#800 = DIRECTION ( 'NONE',  ( -0.2503800040544349459, -0.9681476403781095197, 0.000000000000000000 ) ) ;
#801 = ORIENTED_EDGE ( 'NONE', *, *, #1910, .T. ) ;
#802 = ORIENTED_EDGE ( 'NONE', *, *, #4321, .T. ) ;
#803 = FACE_OUTER_BOUND ( 'NONE', #852, .T. ) ;
#804 = DIRECTION ( 'NONE',  ( 0.2503800040544349459, -0.9681476403781095197, 0.000000000000000000 ) ) ;
#805 = EDGE_CURVE ( 'NONE', #739, #7967, #363, .T. ) ;
#806 = EDGE_LOOP ( 'NONE', ( #6513, #2365, #3418, #9438 ) ) ;
#807 = AXIS2_PLACEMENT_3D ( 'NONE', #5328, #8373, #7660 ) ;
#808 = CARTESIAN_POINT ( 'NONE',  ( 5.971730709438642926, 18.00000000000299849, -9.990000000000000213 ) ) ;
#809 = DIRECTION ( 'NONE',  ( -0.000000000000000000, -0.000000000000000000, 1.000000000000000000 ) ) ;
#810 = AXIS2_PLACEMENT_3D ( 'NONE', #7063, #2442, #5418 ) ;
#811 = DIRECTION ( 'NONE',  ( 0.000000000000000000, 0.000000000000000000, 1.000000000000000000 ) ) ;
#812 = DIRECTION ( 'NONE',  ( 0.000000000000000000, 1.000000000000000000, 0.000000000000000000 ) ) ;
#813 = CARTESIAN_POINT ( 'NONE',  ( 0.000000000000000000, 17.99000000000300048, -0.01000000000000000021 ) ) ;
#814 = EDGE_CURVE ( 'NONE', #4516, #900, #2074, .T. ) ;
#815 = ORIENTED_EDGE ( 'NONE', *, *, #6773, .F. ) ;
#816 = ORIENTED_EDGE ( 'NONE', *, *, #462, .T. ) ;
#817 = VECTOR ( 'NONE', #4930, 1000.000000000000000 ) ;
#818 = CARTESIAN_POINT ( 'NONE',  ( 224.4872922540592981, 11.24999999999625366, -0.004142135623733264604 ) ) ;
#819 = EDGE_CURVE ( 'NONE', #5832, #6548, #476, .T. ) ;
#820 = DIRECTION ( 'NONE',  ( 0.000000000000000000, 0.000000000000000000, 1.000000000000000000 ) ) ;
#821 = EDGE_CURVE ( 'NONE', #5354, #9007, #1495, .T. ) ;
#822 = VERTEX_POINT ( 'NONE', #9221 ) ;
#823 = ORIENTED_EDGE ( 'NONE', *, *, #7562, .T. ) ;
#824 = EDGE_CURVE ( 'NONE', #7222, #7682, #6007, .T. ) ;
#825 = CARTESIAN_POINT ( 'NONE',  ( 39.40649034620452085, 11.24999999999624833, -9.990000000000000213 ) ) ;
#826 = ORIENTED_EDGE ( 'NONE', *, *, #3519, .F. ) ;
#827 = DIRECTION ( 'NONE',  ( 0.000000000000000000, -1.000000000000000000, 0.000000000000000000 ) ) ;
#828 = CARTESIAN_POINT ( 'NONE',  ( 139.6565478766960666, 11.23999999999625032, -10.00000000000000000 ) ) ;
#829 = ORIENTED_EDGE ( 'NONE', *, *, #9064, .F. ) ;
#830 = FACE_OUTER_BOUND ( 'NONE', #6678, .T. ) ;
#831 = VECTOR ( 'NONE', #4329, 1000.000000000000000 ) ;
#832 = CARTESIAN_POINT ( 'NONE',  ( -198.0000000000000000, -83.00000000000000000, -9.990000000000000213 ) ) ;
#833 = CARTESIAN_POINT ( 'NONE',  ( 97.71707710371144628, 18.02289619996245307, -0.009999999999999592548 ) ) ;
#834 = DIRECTION ( 'NONE',  ( -1.000000000000000000, -0.000000000000000000, -0.000000000000000000 ) ) ;
#835 = DIRECTION ( 'NONE',  ( -1.000000000000000000, 0.000000000000000000, 0.000000000000000000 ) ) ;
#836 = ORIENTED_EDGE ( 'NONE', *, *, #4371, .T. ) ;
#837 = EDGE_LOOP ( 'NONE', ( #9379, #660, #1022, #2121 ) ) ;
#838 =( BOUNDED_CURVE ( )  B_SPLINE_CURVE ( 3, ( #6910, #3049, #4453, #683 ),
 .UNSPECIFIED., .F., .F. ) 
 B_SPLINE_CURVE_WITH_KNOTS ( ( 4, 4 ),
 ( 3.141592653589793116, 4.712388980384689674 ),
 .UNSPECIFIED. ) 
 CURVE ( )  GEOMETRIC_REPRESENTATION_ITEM ( )  RATIONAL_B_SPLINE_CURVE ( ( 1.000000000000000000, 0.8047378541243649375, 0.8047378541243649375, 1.000000000000000000 ) ) 
 REPRESENTATION_ITEM ( '' )  );
#839 = AXIS2_PLACEMENT_3D ( 'NONE', #1097, #2719, #4282 ) ;
#840 = CARTESIAN_POINT ( 'NONE',  ( 283.1285412658785958, 18.00000000000299849, -9.989999999726741464 ) ) ;
#841 = ORIENTED_EDGE ( 'NONE', *, *, #4573, .F. ) ;
#842 = CARTESIAN_POINT ( 'NONE',  ( 179.9250014848380772, -28.53176924923451452, 0.000000000000000000 ) ) ;
#843 = AXIS2_PLACEMENT_3D ( 'NONE', #5579, #5429, #8606 ) ;
#844 = DIRECTION ( 'NONE',  ( -1.000000000000000000, -0.000000000000000000, -0.000000000000000000 ) ) ;
#845 = CARTESIAN_POINT ( 'NONE',  ( 100.2129413228902450, 18.02540000000299969, -10.00000000000000000 ) ) ;
#846 = CYLINDRICAL_SURFACE ( 'NONE', #6413, 0.01000000000000105319 ) ;
#847 = AXIS2_PLACEMENT_3D ( 'NONE', #7026, #951, #9302 ) ;
#848 = EDGE_CURVE ( 'NONE', #6659, #2366, #5307, .T. ) ;
#849 = FACE_OUTER_BOUND ( 'NONE', #1735, .T. ) ;
#850 = DIRECTION ( 'NONE',  ( 0.2503800040544349459, -0.9681476403781095197, 0.000000000000000000 ) ) ;
#851 = ORIENTED_EDGE ( 'NONE', *, *, #6886, .T. ) ;
#852 = EDGE_LOOP ( 'NONE', ( #5631, #5666, #5251, #2678 ) ) ;
#853 = CARTESIAN_POINT ( 'NONE',  ( 31.72738109059905653, 18.00000000000299849, -10.00000000000000000 ) ) ;
#854 = DIRECTION ( 'NONE',  ( 1.000000000000000000, 0.000000000000000000, 0.000000000000000000 ) ) ;
#855 = ORIENTED_EDGE ( 'NONE', *, *, #5735, .T. ) ;
#856 = DIRECTION ( 'NONE',  ( -0.2503800040544349459, -0.9681476403781095197, 0.000000000000000000 ) ) ;
#857 =( GEOMETRIC_REPRESENTATION_CONTEXT ( 3 ) GLOBAL_UNCERTAINTY_ASSIGNED_CONTEXT ( ( #4171 ) ) GLOBAL_UNIT_ASSIGNED_CONTEXT ( ( #7755, #6915, #2631 ) ) REPRESENTATION_CONTEXT ( 'NONE', 'WORKASPACE' ) );
#858 = DIRECTION ( 'NONE',  ( 0.000000000000000000, 0.000000000000000000, -1.000000000000000000 ) ) ;
#859 = DIRECTION ( 'NONE',  ( -1.000000000000000000, 0.000000000000000000, 0.000000000000000000 ) ) ;
#860 = CARTESIAN_POINT ( 'NONE',  ( 0.000000000000000000, 17.99000000000300048, -10.00000000000000000 ) ) ;
#861 = CYLINDRICAL_SURFACE ( 'NONE', #2988, 0.009999999999993465505 ) ;
#862 = EDGE_LOOP ( 'NONE', ( #4424, #8872, #738, #6 ) ) ;
#863 = ORIENTED_EDGE ( 'NONE', *, *, #6736, .F. ) ;
#864 = ADVANCED_FACE ( 'NONE', ( #2377 ), #7594, .F. ) ;
#865 = CARTESIAN_POINT ( 'NONE',  ( 144.8324593179905548, 17.99000000000300048, -10.00000000000000000 ) ) ;
#866 = CYLINDRICAL_SURFACE ( 'NONE', #2549, 0.009999999999999592548 ) ;
#867 = EDGE_LOOP ( 'NONE', ( #1571, #4687, #2424, #9301 ) ) ;
#868 = EDGE_CURVE ( 'NONE', #6918, #9077, #8967, .T. ) ;
#869 = ORIENTED_EDGE ( 'NONE', *, *, #2585, .F. ) ;
#870 = ORIENTED_EDGE ( 'NONE', *, *, #756, .T. ) ;
#871 = EDGE_CURVE ( 'NONE', #5897, #4123, #8353, .T. ) ;
#872 = CYLINDRICAL_SURFACE ( 'NONE', #6306, 0.01000000000000777003 ) ;
#873 = ORIENTED_EDGE ( 'NONE', *, *, #7784, .T. ) ;
#874 = LINE ( 'NONE', #3239, #3477 ) ;
#875 = DIRECTION ( 'NONE',  ( -0.000000000000000000, 1.000000000000000000, -0.000000000000000000 ) ) ;
#876 = ORIENTED_EDGE ( 'NONE', *, *, #5735, .F. ) ;
#877 = LINE ( 'NONE', #1575, #4816 ) ;
#878 = EDGE_CURVE ( 'NONE', #6495, #3432, #9827, .T. ) ;
#879 = CARTESIAN_POINT ( 'NONE',  ( 20.56014163025550801, 11.24585786437252111, -5.761408205886372399E-16 ) ) ;
#880 = EDGE_CURVE ( 'NONE', #8434, #6779, #3904, .T. ) ;
#881 = CARTESIAN_POINT ( 'NONE',  ( 41.15215904060847407, 18.00000000000299849, -9.990000000000000213 ) ) ;
#882 = DIRECTION ( 'NONE',  ( 0.000000000000000000, -0.000000000000000000, 1.000000000000000000 ) ) ;
#883 = DIRECTION ( 'NONE',  ( -0.2503800040544349459, 0.9681476403781095197, -0.000000000000000000 ) ) ;
#884 = CARTESIAN_POINT ( 'NONE',  ( 0.000000000000000000, 17.99000000000300048, -9.990000000000000213 ) ) ;
#885 = ORIENTED_EDGE ( 'NONE', *, *, #7726, .T. ) ;
#886 = ORIENTED_EDGE ( 'NONE', *, *, #8663, .T. ) ;
#887 = EDGE_CURVE ( 'NONE', #2595, #1349, #6148, .T. ) ;
#888 = CARTESIAN_POINT ( 'NONE',  ( 282.9972739408158304, 18.00000000000299849, -9.989999999999998437 ) ) ;
#889 = ORIENTED_EDGE ( 'NONE', *, *, #5860, .F. ) ;
#890 = CYLINDRICAL_SURFACE ( 'NONE', #274, 0.009999999999999592548 ) ;
#891 = FACE_OUTER_BOUND ( 'NONE', #2104, .T. ) ;
#892 = CARTESIAN_POINT ( 'NONE',  ( 116.5503826406838783, 17.99000000000300048, 0.000000000000000000 ) ) ;
#893 = EDGE_CURVE ( 'NONE', #2283, #3662, #6055, .T. ) ;
#894 = CARTESIAN_POINT ( 'NONE',  ( 20.56014163025550445, 11.24585786437251755, -10.00000000000000000 ) ) ;
#895 = CARTESIAN_POINT ( 'NONE',  ( 177.3601953199423633, 11.24585786437251755, 1.475414198459862560E-15 ) ) ;
#896 = CLOSED_SHELL ( 'NONE', ( #9130, #1925, #5119, #4023, #1496, #9663, #7930, #451, #1973, #8799, #9173, #4905, #9452, #1529, #5498, #6641, #7134, #8423, #3301, #273, #1478, #2915, #2942, #3726, #5602, #9187, #7876, #4145, #6820, #3162, #674, #4832, #1905, #8745, #262, #164, #8186, #7169, #6277, #1296, #7068, #5741, #9856, #6143, #8053, #5050, #2787, #4741, #2262, #1672, #459, #7241, #4623, #65, #1350, #3024, #3597, #9501, #343, #5907, #4139, #633, #3715, #2282, #9384, #1507, #9372, #7387, #2395, #864, #7089, #1964, #8705, #9357, #3022, #1024, #595, #2218, #1722, #8928, #4205, #6640, #8045, #8419, #3964, #5125, #6831, #1041, #9786, #3515, #8818, #6444, #758, #4308, #1188, #9483, #3767, #5299, #8588, #2497, #9593, #2460, #24, #6391, #5732, #87, #2252, #3090, #1619, #4277, #7740, #9552, #9346, #622, #4427, #6226, #1766, #5500, #4191, #4507, #8579, #1680, #8162, #3032, #80, #1982, #2790, #2223, #8842, #3146, #4798, #8046, #5353, #8351, #284, #1451, #5973, #4557, #9004, #5189, #7237, #5002, #8285, #9491, #700, #9615, #4466, #9860, #5516, #3043, #6655, #6064, #6891, #3075, #7860, #4931, #4440, #318, #3193, #557, #7010, #5206, #7273, #556, #3535, #8643, #3460, #503, #1667, #8876, #5917, #9480, #9607, #1854, #1283, #5390, #6217, #3764, #6275, #1419, #582, #8372, #9050, #6267, #6519, #3577, #35, #5690, #3208, #4057, #2017, #5494, #6225, #3846, #9495, #2717, #1780, #7160, #3243, #447, #2028, #7829, #201, #4881, #4431, #2144, #1670, #8226, #3082, #8200, #8628, #1620, #8554, #5194, #4212, #1498, #220, #7083, #7350, #406, #5245, #8099, #177, #5337, #450, #5813, #9611, #6973, #8125, #6263, #5781, #9530, #9866, #5548, #2708, #2185, #9739, #927, #9432, #263, #9244, #2406, #7299, #7852, #9380, #3344, #3471, #5398, #5176, #5488, #4823, #6469, #5867, #7808, #4131, #5667, #7428, #9194, #4498, #9547, #7935, #4333, #6147, #1492, #8458, #387, #7681, #9447, #4589, #2404, #2723, #8091, #1841, #8903, #1400, #997, #4312, #4156, #1143, #2780, #2413, #9660, #6130, #1360, #3591, #4722, #4324, #5007, #8730, #6049, #8466, #333, #2142, #3531, #7667, #6452, #1282, #3392, #4992, #9253, #4075, #7285, #1913, #8681, #5423, #6760, #6038, #8000, #9851, #8013, #7589, #400, #8113, #2055, #3641, #5834, #1205, #744, #336, #8172, #8344, #7666, #101, #9313, #8715, #6449, #3884, #525, #5171, #2630, #8942, #9730, #8356, #8927, #6022, #3899, #2280, #7976, #7351, #4195, #8163, #8478, #1960, #4672, #2602, #9743, #6864, #1990, #6032, #2703, #385, #2977, #4679, #9871, #8429, #5621 ) ) ;
#897 = DIRECTION ( 'NONE',  ( -0.2503800040544349459, -0.9681476403781095197, 0.000000000000000000 ) ) ;
#898 = DIRECTION ( 'NONE',  ( -0.000000000000000000, -1.000000000000000000, -0.000000000000000000 ) ) ;
#899 = ORIENTED_EDGE ( 'NONE', *, *, #8969, .F. ) ;
#900 = VERTEX_POINT ( 'NONE', #84 ) ;
#901 = PLANE ( 'NONE',  #9155 ) ;
#902 = DIRECTION ( 'NONE',  ( 0.000000000000000000, 0.000000000000000000, 1.000000000000000000 ) ) ;
#903 = EDGE_LOOP ( 'NONE', ( #1246, #2745, #9888, #1943 ) ) ;
#904 = EDGE_CURVE ( 'NONE', #7783, #2777, #3853, .T. ) ;
#905 = LINE ( 'NONE', #3979, #4182 ) ;
#906 = CARTESIAN_POINT ( 'NONE',  ( 0.000000000000000000, 18.00000000000299849, -10.00000000000000000 ) ) ;
#907 = CARTESIAN_POINT ( 'NONE',  ( 203.8920676596365240, 18.00000000000299849, -9.990000000000000213 ) ) ;
#908 = CYLINDRICAL_SURFACE ( 'NONE', #5918, 0.009999999999999592548 ) ;
#909 = CARTESIAN_POINT ( 'NONE',  ( 282.9972739408158304, 0.000000000000000000, -9.990000000000000213 ) ) ;
#910 = DIRECTION ( 'NONE',  ( -1.000000000000000000, -0.000000000000000000, -0.000000000000000000 ) ) ;
#911 = DIRECTION ( 'NONE',  ( -0.9681476403780548967, -0.2503800040546457217, 0.000000000000000000 ) ) ;
#912 = ORIENTED_EDGE ( 'NONE', *, *, #9140, .F. ) ;
#913 = CARTESIAN_POINT ( 'NONE',  ( 241.5911794596742368, 18.00000000000299849, -9.990000000000000213 ) ) ;
#914 = DIRECTION ( 'NONE',  ( 0.000000000000000000, 0.000000000000000000, -1.000000000000000000 ) ) ;
#915 =( BOUNDED_CURVE ( )  B_SPLINE_CURVE ( 3, ( #3600, #530, #3646, #7479 ),
 .UNSPECIFIED., .F., .T. ) 
 B_SPLINE_CURVE_WITH_KNOTS ( ( 4, 4 ),
 ( 0.000000000000000000, 1.570796326794896114 ),
 .UNSPECIFIED. ) 
 CURVE ( )  GEOMETRIC_REPRESENTATION_ITEM ( )  RATIONAL_B_SPLINE_CURVE ( ( 1.000000000000000000, 0.8047378541243650485, 0.8047378541243650485, 1.000000000000000000 ) ) 
 REPRESENTATION_ITEM ( '' )  );
#916 = EDGE_CURVE ( 'NONE', #3735, #5354, #32, .T. ) ;
#917 = ORIENTED_EDGE ( 'NONE', *, *, #395, .T. ) ;
#918 = ORIENTED_EDGE ( 'NONE', *, *, #2851, .T. ) ;
#919 = CARTESIAN_POINT ( 'NONE',  ( 0.000000000000000000, 17.99000000000300048, -0.01000000000000000021 ) ) ;
#920 = ORIENTED_EDGE ( 'NONE', *, *, #3150, .F. ) ;
#921 = CARTESIAN_POINT ( 'NONE',  ( 133.6574770303686250, 11.24585786437251933, -10.00000000000000178 ) ) ;
#922 = EDGE_CURVE ( 'NONE', #5187, #3822, #3046, .T. ) ;
#923 = CARTESIAN_POINT ( 'NONE',  ( -189.9999999999999432, 107.0000000000000000, -0.01000000000000000021 ) ) ;
#924 = ORIENTED_EDGE ( 'NONE', *, *, #3028, .F. ) ;
#925 = CARTESIAN_POINT ( 'NONE',  ( 78.85127084064617975, 18.00000000000299849, -9.990000000000000213 ) ) ;
#926 = CARTESIAN_POINT ( 'NONE',  ( 20.55693444618568577, 11.24999999999624656, -0.004142135623731324316 ) ) ;
#927 = ADVANCED_FACE ( 'NONE', ( #3093 ), #9178, .T. ) ;
#928 = DIRECTION ( 'NONE',  ( 0.9681476403781095197, -0.2503800040544349459, 0.000000000000000000 ) ) ;
#929 = VECTOR ( 'NONE', #2849, 1000.000000000000000 ) ;
#930 = VECTOR ( 'NONE', #1308, 1000.000000000000000 ) ;
#931 = EDGE_CURVE ( 'NONE', #7906, #5432, #9296, .T. ) ;
#932 = LINE ( 'NONE', #1733, #8464 ) ;
#933 = DIRECTION ( 'NONE',  ( -0.2503800040544349459, -0.9681476403781095197, 0.000000000000000000 ) ) ;
#934 = ORIENTED_EDGE ( 'NONE', *, *, #5052, .F. ) ;
#935 = ORIENTED_EDGE ( 'NONE', *, *, #21, .F. ) ;
#936 = CARTESIAN_POINT ( 'NONE',  ( 0.000000000000000000, 17.99000000000300048, -10.00000000000000000 ) ) ;
#937 = ORIENTED_EDGE ( 'NONE', *, *, #53, .T. ) ;
#938 = CARTESIAN_POINT ( 'NONE',  ( 105.3799359962704898, 11.23999999999625032, -10.00000000000000000 ) ) ;
#939 = EDGE_CURVE ( 'NONE', #6966, #3758, #6905, .T. ) ;
#940 = CARTESIAN_POINT ( 'NONE',  ( 191.9563490680377242, 17.99000000000299693, 0.000000000000000000 ) ) ;
#941 = PLANE ( 'NONE',  #4803 ) ;
#942 = AXIS2_PLACEMENT_3D ( 'NONE', #7699, #5962, #5259 ) ;
#943 = CARTESIAN_POINT ( 'NONE',  ( 215.0625143040499267, 11.24999999999624833, -0.009999999999999592548 ) ) ;
#944 = CARTESIAN_POINT ( 'NONE',  ( 0.000000000000000000, 18.00000000000299849, -10.00000000000000000 ) ) ;
#945 =( BOUNDED_CURVE ( )  B_SPLINE_CURVE ( 3, ( #111, #8666, #1804, #4128 ),
 .UNSPECIFIED., .F., .T. ) 
 B_SPLINE_CURVE_WITH_KNOTS ( ( 4, 4 ),
 ( 3.141592653589793116, 4.712388980384689674 ),
 .UNSPECIFIED. ) 
 CURVE ( )  GEOMETRIC_REPRESENTATION_ITEM ( )  RATIONAL_B_SPLINE_CURVE ( ( 1.000000000000000000, 0.8047378541243649375, 0.8047378541243649375, 1.000000000000000000 ) ) 
 REPRESENTATION_ITEM ( '' )  );
#946 = EDGE_CURVE ( 'NONE', #4315, #9864, #7587, .T. ) ;
#947 = CARTESIAN_POINT ( 'NONE',  ( 90.79473225952347093, 18.00000000000299849, -9.990000000000000213 ) ) ;
#948 = ORIENTED_EDGE ( 'NONE', *, *, #8418, .T. ) ;
#949 = ORIENTED_EDGE ( 'NONE', *, *, #570, .F. ) ;
#950 = VECTOR ( 'NONE', #7929, 1000.000000000000000 ) ;
#951 = DIRECTION ( 'NONE',  ( -0.2503800040544349459, -0.9681476403781095197, 0.000000000000000000 ) ) ;
#952 = VERTEX_POINT ( 'NONE', #1020 ) ;
#953 = AXIS2_PLACEMENT_3D ( 'NONE', #983, #6922, #3923 ) ;
#954 = VECTOR ( 'NONE', #9171, 1000.000000000000000 ) ;
#955 = CARTESIAN_POINT ( 'NONE',  ( 82.75169184208496631, -3.401042645559452904, -9.990000000000000213 ) ) ;
#956 = CARTESIAN_POINT ( 'NONE',  ( 109.6377192728996732, 18.02540000000299969, -10.00000000000000000 ) ) ;
#957 = CARTESIAN_POINT ( 'NONE',  ( 182.2664253654234017, 65.13730263719067182, -0.01000000000000000021 ) ) ;
#958 = CARTESIAN_POINT ( 'NONE',  ( 185.0393045755478170, 17.99585786437928192, -9.999999999999996447 ) ) ;
#959 = AXIS2_PLACEMENT_3D ( 'NONE', #7925, #4730, #7968 ) ;
#960 = CYLINDRICAL_SURFACE ( 'NONE', #7453, 0.01000000000000863913 ) ;
#961 = CARTESIAN_POINT ( 'NONE',  ( 0.000000000000000000, 17.99000000000300048, -10.00000000000000000 ) ) ;
#962 = ORIENTED_EDGE ( 'NONE', *, *, #9852, .F. ) ;
#963 = DIRECTION ( 'NONE',  ( 1.000000000000000000, 0.000000000000000000, 0.000000000000000000 ) ) ;
#964 = PLANE ( 'NONE',  #5117 ) ;
#965 = AXIS2_PLACEMENT_3D ( 'NONE', #3777, #9798, #8319 ) ;
#966 = ORIENTED_EDGE ( 'NONE', *, *, #8702, .T. ) ;
#967 = ORIENTED_EDGE ( 'NONE', *, *, #3123, .F. ) ;
#968 = CARTESIAN_POINT ( 'NONE',  ( 239.0724959908063738, 18.00000000000299849, -10.00000000000000000 ) ) ;
#969 = FACE_OUTER_BOUND ( 'NONE', #237, .T. ) ;
#970 = CIRCLE ( 'NONE', #8951, 0.009999999999999998473 ) ;
#971 = CARTESIAN_POINT ( 'NONE',  ( 177.3556596767338078, 11.23999999999624677, 0.000000000000000000 ) ) ;
#972 = ORIENTED_EDGE ( 'NONE', *, *, #2561, .F. ) ;
#973 = CARTESIAN_POINT ( 'NONE',  ( -215.9999999999999432, 107.0000000000000000, -0.009999999999999592548 ) ) ;
#974 = CARTESIAN_POINT ( 'NONE',  ( 50.58467981789632262, 17.99000000000300048, 0.000000000000000000 ) ) ;
#975 = DIRECTION ( 'NONE',  ( -1.000000000000000000, -0.000000000000000000, -0.000000000000000000 ) ) ;
#976 = DIRECTION ( 'NONE',  ( 0.2503800040544349459, -0.9681476403781095197, -0.000000000000000000 ) ) ;
#977 = EDGE_LOOP ( 'NONE', ( #972, #8156, #532, #445 ) ) ;
#978 = ORIENTED_EDGE ( 'NONE', *, *, #2664, .T. ) ;
#979 = FACE_OUTER_BOUND ( 'NONE', #8849, .T. ) ;
#980 = ORIENTED_EDGE ( 'NONE', *, *, #7128, .F. ) ;
#981 = CARTESIAN_POINT ( 'NONE',  ( 39.40649034620452085, 11.24999999999624833, -0.009999999999999592548 ) ) ;
#982 = LINE ( 'NONE', #6361, #4990 ) ;
#983 = CARTESIAN_POINT ( 'NONE',  ( 161.9286036963270305, 11.24999999999624833, -10.00000000000000000 ) ) ;
#984 = AXIS2_PLACEMENT_3D ( 'NONE', #9574, #1172, #1734 ) ;
#985 = CARTESIAN_POINT ( 'NONE',  ( 196.2052155767526074, 11.23999999999624677, 0.000000000000000000 ) ) ;
#986 = EDGE_CURVE ( 'NONE', #5303, #7480, #7142, .T. ) ;
#987 = EDGE_CURVE ( 'NONE', #9159, #3165, #874, .T. ) ;
#988 = LINE ( 'NONE', #8553, #7033 ) ;
#989 = EDGE_CURVE ( 'NONE', #2120, #7015, #281, .T. ) ;
#990 = CARTESIAN_POINT ( 'NONE',  ( 60.00492212469715270, 17.99585786437927126, -10.00000000000000000 ) ) ;
#991 = DIRECTION ( 'NONE',  ( 0.000000000000000000, 0.000000000000000000, -1.000000000000000000 ) ) ;
#992 = ORIENTED_EDGE ( 'NONE', *, *, #4204, .T. ) ;
#993 = ORIENTED_EDGE ( 'NONE', *, *, #369, .F. ) ;
#994 = CARTESIAN_POINT ( 'NONE',  ( 248.4972739408158020, 18.00000000000299849, -9.990000000000000213 ) ) ;
#995 = DIRECTION ( 'NONE',  ( -1.000000000000000000, 0.000000000000000000, 0.000000000000000000 ) ) ;
#996 = VERTEX_POINT ( 'NONE', #1775 ) ;
#997 = ADVANCED_FACE ( 'NONE', ( #969 ), #7792, .T. ) ;
#998 = ORIENTED_EDGE ( 'NONE', *, *, #4411, .T. ) ;
#999 = LINE ( 'NONE', #260, #9580 ) ;
#1000 = VECTOR ( 'NONE', #1710, 1000.000000000000000 ) ;
#1001 = VECTOR ( 'NONE', #1382, 1000.000000000000000 ) ;
#1002 = CARTESIAN_POINT ( 'NONE',  ( 143.0790477963081742, 11.23999999999625032, -0.009999999999999592548 ) ) ;
#1003 = EDGE_CURVE ( 'NONE', #9110, #526, #419, .T. ) ;
#1004 = CARTESIAN_POINT ( 'NONE',  ( 12.88556801785862049, 17.99000000000300048, 0.000000000000000000 ) ) ;
#1005 = CARTESIAN_POINT ( 'NONE',  ( 205.6377363540404986, 11.24999999999624833, -9.990000000000000213 ) ) ;
#1006 = VECTOR ( 'NONE', #7121, 1000.000000000000000 ) ;
#1007 = CYLINDRICAL_SURFACE ( 'NONE', #2109, 0.01000000000000690267 ) ;
#1008 = DIRECTION ( 'NONE',  ( 0.000000000000000000, 0.000000000000000000, 1.000000000000000000 ) ) ;
#1009 = DIRECTION ( 'NONE',  ( 0.2503800040544349459, 0.9681476403781095197, 0.000000000000000000 ) ) ;
#1010 = EDGE_CURVE ( 'NONE', #1391, #129, #7098, .T. ) ;
#1011 = VERTEX_POINT ( 'NONE', #7048 ) ;
#1012 = EDGE_CURVE ( 'NONE', #2701, #6068, #1873, .T. ) ;
#1013 = DIRECTION ( 'NONE',  ( -0.000000000000000000, -0.000000000000000000, 1.000000000000000000 ) ) ;
#1014 = CIRCLE ( 'NONE', #5359, 0.009999999999999592548 ) ;
#1015 = CARTESIAN_POINT ( 'NONE',  ( 248.4972739408158304, 17.99000000000300048, 0.000000000000000000 ) ) ;
#1016 = ORIENTED_EDGE ( 'NONE', *, *, #2209, .F. ) ;
#1017 = ORIENTED_EDGE ( 'NONE', *, *, #2042, .F. ) ;
#1018 = VERTEX_POINT ( 'NONE', #7002 ) ;
#1019 = CARTESIAN_POINT ( 'NONE',  ( 101.9651789039368310, 11.24999999999624833, -10.00000000000000000 ) ) ;
#1020 = CARTESIAN_POINT ( 'NONE',  ( 78.85127084064617975, 18.00000000000299849, -9.990000000000000213 ) ) ;
#1021 = LINE ( 'NONE', #6394, #4201 ) ;
#1022 = ORIENTED_EDGE ( 'NONE', *, *, #2968, .F. ) ;
#1023 = DIRECTION ( 'NONE',  ( -0.2503800040544349459, 0.9681476403781095197, -0.000000000000000000 ) ) ;
#1024 = ADVANCED_FACE ( 'NONE', ( #181 ), #4850, .F. ) ;
#1025 = DIRECTION ( 'NONE',  ( -0.9681476403781361650, -0.2503800040543317507, 0.000000000000000000 ) ) ;
#1026 = CARTESIAN_POINT ( 'NONE',  ( 48.83126829621395615, 11.24999999999624833, -9.995857864376265667 ) ) ;
#1027 = CARTESIAN_POINT ( 'NONE',  ( 283.4972739408158304, 17.63126732506745498, -0.3713580214361639764 ) ) ;
#1028 = PLANE ( 'NONE',  #9605 ) ;
#1029 = ORIENTED_EDGE ( 'NONE', *, *, #1940, .T. ) ;
#1030 = ORIENTED_EDGE ( 'NONE', *, *, #1743, .T. ) ;
#1031 = DIRECTION ( 'NONE',  ( -0.2503800040544349459, 0.9681476403781095197, 0.000000000000000000 ) ) ;
#1032 = ORIENTED_EDGE ( 'NONE', *, *, #6028, .T. ) ;
#1033 = CARTESIAN_POINT ( 'NONE',  ( 0.000000000000000000, 18.00000000000299849, -9.990000000000000213 ) ) ;
#1034 = CARTESIAN_POINT ( 'NONE',  ( 60.00171494062733046, 18.00000000000299849, -9.990000000000000213 ) ) ;
#1035 = DIRECTION ( 'NONE',  ( 0.2503800040544349459, -0.9681476403781095197, 0.000000000000000000 ) ) ;
#1036 = DIRECTION ( 'NONE',  ( 1.000000000000000000, 0.000000000000000000, 0.000000000000000000 ) ) ;
#1037 = CYLINDRICAL_SURFACE ( 'NONE', #9075, 0.009999999999999592548 ) ;
#1038 = PLANE ( 'NONE',  #4794 ) ;
#1039 = ORIENTED_EDGE ( 'NONE', *, *, #9801, .T. ) ;
#1040 = ORIENTED_EDGE ( 'NONE', *, *, #2597, .F. ) ;
#1041 = ADVANCED_FACE ( 'NONE', ( #3293 ), #5656, .F. ) ;
#1042 = CARTESIAN_POINT ( 'NONE',  ( 31.73706256700283745, 17.99749619996245897, -10.00000000000000000 ) ) ;
#1043 = ORIENTED_EDGE ( 'NONE', *, *, #5788, .F. ) ;
#1044 = ORIENTED_EDGE ( 'NONE', *, *, #3267, .T. ) ;
#1045 = EDGE_CURVE ( 'NONE', #3566, #9823, #5604, .T. ) ;
#1046 = DIRECTION ( 'NONE',  ( 0.2503800040544349459, 0.9681476403781095197, 0.000000000000000000 ) ) ;
#1047 = FACE_OUTER_BOUND ( 'NONE', #7325, .T. ) ;
#1048 = EDGE_CURVE ( 'NONE', #3513, #3740, #2527, .T. ) ;
#1049 = CARTESIAN_POINT ( 'NONE',  ( 53.08787763220733780, 17.99000000000300048, 0.000000000000000000 ) ) ;
#1050 = FACE_OUTER_BOUND ( 'NONE', #1687, .T. ) ;
#1051 = AXIS2_PLACEMENT_3D ( 'NONE', #7731, #1611, #4783 ) ;
#1052 = EDGE_CURVE ( 'NONE', #1136, #725, #7189, .T. ) ;
#1053 = CARTESIAN_POINT ( 'NONE',  ( 78.85901366792460010, 17.99000000000300048, 0.000000000000000000 ) ) ;
#1054 = CARTESIAN_POINT ( 'NONE',  ( 201.3733841907686895, 18.00000000000299849, -9.990000000000000213 ) ) ;
#1055 = VERTEX_POINT ( 'NONE', #127 ) ;
#1056 = EDGE_CURVE ( 'NONE', #6368, #9192, #6443, .T. ) ;
#1057 = DIRECTION ( 'NONE',  ( -1.000000000000000000, 0.000000000000000000, 0.000000000000000000 ) ) ;
#1058 = VECTOR ( 'NONE', #6101, 1000.000000000000000 ) ;
#1059 = CARTESIAN_POINT ( 'NONE',  ( 186.7881804540215853, 11.24999999999625011, -0.004142135623729738779 ) ) ;
#1060 = EDGE_LOOP ( 'NONE', ( #7581, #4539, #6901, #1190 ) ) ;
#1061 = EDGE_CURVE ( 'NONE', #2658, #5133, #1762, .T. ) ;
#1062 =( BOUNDED_CURVE ( )  B_SPLINE_CURVE ( 3, ( #9219, #5553, #2375, #7689 ),
 .UNSPECIFIED., .F., .F. ) 
 B_SPLINE_CURVE_WITH_KNOTS ( ( 4, 4 ),
 ( 0.000000000000000000, 1.570796326795547371 ),
 .UNSPECIFIED. ) 
 CURVE ( )  GEOMETRIC_REPRESENTATION_ITEM ( )  RATIONAL_B_SPLINE_CURVE ( ( 1.000000000000000000, 0.8047378541242116157, 0.8047378541242116157, 1.000000000000000000 ) ) 
 REPRESENTATION_ITEM ( '' )  );
#1063 = VERTEX_POINT ( 'NONE', #2636 ) ;
#1064 = ORIENTED_EDGE ( 'NONE', *, *, #1862, .F. ) ;
#1065 = DIRECTION ( 'NONE',  ( 0.000000000000000000, 0.000000000000000000, 1.000000000000000000 ) ) ;
#1066 = ORIENTED_EDGE ( 'NONE', *, *, #6120, .T. ) ;
#1067 = CARTESIAN_POINT ( 'NONE',  ( 107.1256046906744075, 18.00000000000299849, -9.995857864376265667 ) ) ;
#1068 = DIRECTION ( 'NONE',  ( 0.000000000000000000, 0.000000000000000000, -1.000000000000000000 ) ) ;
#1069 = ORIENTED_EDGE ( 'NONE', *, *, #3288, .T. ) ;
#1070 = CARTESIAN_POINT ( 'NONE',  ( 97.70082674066500772, 18.00000000000299849, -9.995857864376265667 ) ) ;
#1071 = PLANE ( 'NONE',  #3750 ) ;
#1072 = PLANE ( 'NONE',  #7186 ) ;
#1073 =( BOUNDED_CURVE ( )  B_SPLINE_CURVE ( 3, ( #7456, #9803, #9051, #1445 ),
 .UNSPECIFIED., .F., .F. ) 
 B_SPLINE_CURVE_WITH_KNOTS ( ( 4, 4 ),
 ( 0.000000000000000000, 1.570796326795113496 ),
 .UNSPECIFIED. ) 
 CURVE ( )  GEOMETRIC_REPRESENTATION_ITEM ( )  RATIONAL_B_SPLINE_CURVE ( ( 1.000000000000000000, 0.8047378541243138672, 0.8047378541243138672, 1.000000000000000000 ) ) 
 REPRESENTATION_ITEM ( '' )  );
#1074 = LINE ( 'NONE', #3495, #4058 ) ;
#1075 = ORIENTED_EDGE ( 'NONE', *, *, #8749, .F. ) ;
#1076 = DIRECTION ( 'NONE',  ( 1.000000000000000000, -0.000000000000000000, 0.000000000000000000 ) ) ;
#1077 = VERTEX_POINT ( 'NONE', #8537 ) ;
#1078 = CARTESIAN_POINT ( 'NONE',  ( 105.3876788235488675, 11.23999999999624855, -10.00000000000000000 ) ) ;
#1079 = DIRECTION ( 'NONE',  ( 1.000000000000000000, -4.382459307727313276E-16, 0.000000000000000000 ) ) ;
#1080 = DIRECTION ( 'NONE',  ( -1.000000000000000000, -0.000000000000000000, -0.000000000000000000 ) ) ;
#1081 = CARTESIAN_POINT ( 'NONE',  ( 50.58350587726054215, 18.02540000000299969, -0.009999999999999592548 ) ) ;
#1082 = FACE_OUTER_BOUND ( 'NONE', #7966, .T. ) ;
#1083 = AXIS2_PLACEMENT_3D ( 'NONE', #1115, #4341, #2785 ) ;
#1084 = FACE_OUTER_BOUND ( 'NONE', #5659, .T. ) ;
#1085 = ORIENTED_EDGE ( 'NONE', *, *, #3284, .F. ) ;
#1086 = EDGE_LOOP ( 'NONE', ( #779, #8629, #9733, #949 ) ) ;
#1087 = FACE_OUTER_BOUND ( 'NONE', #3574, .T. ) ;
#1088 = EDGE_LOOP ( 'NONE', ( #5385, #9820, #1534, #7535 ) ) ;
#1089 = VECTOR ( 'NONE', #3656, 1000.000000000000000 ) ;
#1090 = VECTOR ( 'NONE', #4025, 1000.000000000000000 ) ;
#1091 = ORIENTED_EDGE ( 'NONE', *, *, #1337, .F. ) ;
#1092 = DIRECTION ( 'NONE',  ( -1.000000000000000000, 0.000000000000000000, 0.000000000000000000 ) ) ;
#1093 = CARTESIAN_POINT ( 'NONE',  ( 135.4031457247725712, 17.99585786437927482, -10.00000000000000178 ) ) ;
#1094 = CARTESIAN_POINT ( 'NONE',  ( 73.69084505390856066, 11.24999999999624833, -9.990000000000000213 ) ) ;
#1095 = EDGE_CURVE ( 'NONE', #6419, #43, #1401, .T. ) ;
#1096 = CARTESIAN_POINT ( 'NONE',  ( 158.5138466039933860, 11.24999999999624833, -9.990000000000000213 ) ) ;
#1097 = CARTESIAN_POINT ( 'NONE',  ( 119.0624972229091014, 18.02540000000299969, -10.00000000000000000 ) ) ;
#1098 = CARTESIAN_POINT ( 'NONE',  ( 97.70403392473487258, 17.99585786437926416, 2.867754207968261659E-15 ) ) ;
#1099 = FACE_OUTER_BOUND ( 'NONE', #8220, .T. ) ;
#1100 = ORIENTED_EDGE ( 'NONE', *, *, #5614, .F. ) ;
#1101 = VECTOR ( 'NONE', #2508, 1000.000000000000000 ) ;
#1102 = VECTOR ( 'NONE', #5157, 1000.000000000000000 ) ;
#1103 = EDGE_CURVE ( 'NONE', #291, #4950, #5843, .T. ) ;
#1104 = EDGE_CURVE ( 'NONE', #3932, #2120, #2520, .T. ) ;
#1105 = CARTESIAN_POINT ( 'NONE',  ( 7.717399403842600591, 11.24999999999624833, -0.004142135623730744919 ) ) ;
#1106 = VERTEX_POINT ( 'NONE', #8130 ) ;
#1107 = AXIS2_PLACEMENT_3D ( 'NONE', #9331, #5559, #8585 ) ;
#1108 = EDGE_CURVE ( 'NONE', #6407, #4473, #9610, .T. ) ;
#1109 =( BOUNDED_CURVE ( )  B_SPLINE_CURVE ( 3, ( #8101, #294, #9583, #490 ),
 .UNSPECIFIED., .F., .F. ) 
 B_SPLINE_CURVE_WITH_KNOTS ( ( 4, 4 ),
 ( 0.000000000000000000, 1.570796326795113496 ),
 .UNSPECIFIED. ) 
 CURVE ( )  GEOMETRIC_REPRESENTATION_ITEM ( )  RATIONAL_B_SPLINE_CURVE ( ( 1.000000000000000000, 0.8047378541243138672, 0.8047378541243138672, 1.000000000000000000 ) ) 
 REPRESENTATION_ITEM ( '' )  );
#1110 = DIRECTION ( 'NONE',  ( 0.2503800040544349459, 0.9681476403781095197, 0.000000000000000000 ) ) ;
#1111 = ORIENTED_EDGE ( 'NONE', *, *, #74, .F. ) ;
#1112 = CARTESIAN_POINT ( 'NONE',  ( -180.0099999999999625, 18.00000000000302691, 0.000000000000000000 ) ) ;
#1113 = CARTESIAN_POINT ( 'NONE',  ( 282.9972739408158304, 18.00000000000299849, -0.5000000000000000000 ) ) ;
#1114 = ORIENTED_EDGE ( 'NONE', *, *, #6097, .T. ) ;
#1115 = CARTESIAN_POINT ( 'NONE',  ( -206.0100000000000193, -83.00000000000000000, -0.009999999999999592548 ) ) ;
#1116 = CARTESIAN_POINT ( 'NONE',  ( 226.4361115666748105, 76.56036018431569801, 0.000000000000000000 ) ) ;
#1117 = EDGE_LOOP ( 'NONE', ( #9791, #2572, #7166, #2906 ) ) ;
#1118 = EDGE_CURVE ( 'NONE', #8392, #9569, #2883, .T. ) ;
#1119 = DIRECTION ( 'NONE',  ( 0.000000000000000000, 0.000000000000000000, -1.000000000000000000 ) ) ;
#1120 = EDGE_CURVE ( 'NONE', #9824, #9700, #8860, .T. ) ;
#1121 = CARTESIAN_POINT ( 'NONE',  ( 128.4938440595611269, 18.00000000000299494, -9.990000000000000213 ) ) ;
#1122 = AXIS2_PLACEMENT_3D ( 'NONE', #8262, #4520, #743 ) ;
#1123 = DIRECTION ( 'NONE',  ( 0.000000000000000000, 1.000000000000000000, 0.000000000000000000 ) ) ;
#1124 = ORIENTED_EDGE ( 'NONE', *, *, #7354, .F. ) ;
#1125 = VERTEX_POINT ( 'NONE', #6590 ) ;
#1126 = CYLINDRICAL_SURFACE ( 'NONE', #5182, 0.009999999999999592548 ) ;
#1127 = ORIENTED_EDGE ( 'NONE', *, *, #3633, .T. ) ;
#1128 = DIRECTION ( 'NONE',  ( -0.2503800040544349459, 0.9681476403781095197, 0.000000000000000000 ) ) ;
#1129 = LINE ( 'NONE', #8831, #6906 ) ;
#1130 = DIRECTION ( 'NONE',  ( 0.2503800040544349459, 0.9681476403781095197, 0.000000000000000000 ) ) ;
#1131 = CARTESIAN_POINT ( 'NONE',  ( 34.24285737539707952, 17.99585786437927126, -3.586907429118599676E-19 ) ) ;
#1132 = AXIS2_PLACEMENT_3D ( 'NONE', #1809, #7269, #4326 ) ;
#1133 = LINE ( 'NONE', #4220, #6383 ) ;
#1134 = CARTESIAN_POINT ( 'NONE',  ( 209.0524934463741715, 11.24999999999625544, -9.990000000000000213 ) ) ;
#1135 = CARTESIAN_POINT ( 'NONE',  ( 186.7849732699517631, 11.24585786437253354, -9.999999999999996447 ) ) ;
#1136 = VERTEX_POINT ( 'NONE', #7234 ) ;
#1137 = ORIENTED_EDGE ( 'NONE', *, *, #6460, .F. ) ;
#1138 = LINE ( 'NONE', #2757, #3579 ) ;
#1139 = ORIENTED_EDGE ( 'NONE', *, *, #9280, .T. ) ;
#1140 = VECTOR ( 'NONE', #4971, 1000.000000000000000 ) ;
#1141 = EDGE_LOOP ( 'NONE', ( #4002, #8659, #5264, #2518 ) ) ;
#1142 = FACE_OUTER_BOUND ( 'NONE', #9191, .T. ) ;
#1143 = ADVANCED_FACE ( 'NONE', ( #5140 ), #5888, .T. ) ;
#1144 = EDGE_CURVE ( 'NONE', #2174, #7954, #5268, .T. ) ;
#1145 = CARTESIAN_POINT ( 'NONE',  ( 282.9972739408158304, 17.99000000000300048, -10.00000000000000000 ) ) ;
#1146 = VECTOR ( 'NONE', #1503, 1000.000000000000000 ) ;
#1147 = CARTESIAN_POINT ( 'NONE',  ( 0.000000000000000000, 17.99000000000300048, -10.00000000000000000 ) ) ;
#1148 = CARTESIAN_POINT ( 'NONE',  ( 227.9097921736714056, 11.23999999999624855, -10.00000000000000000 ) ) ;
#1149 = CARTESIAN_POINT ( 'NONE',  ( 205.6377363540404701, 11.24999999999625189, -9.995857864376272772 ) ) ;
#1150 = CARTESIAN_POINT ( 'NONE',  ( 209.0557006304439938, 11.24585786437251755, 4.071938083478370545E-16 ) ) ;
#1151 = CARTESIAN_POINT ( 'NONE',  ( 53.08787763220733069, 17.99000000000300048, -10.00000000000000000 ) ) ;
#1152 =( BOUNDED_CURVE ( )  B_SPLINE_CURVE ( 3, ( #9281, #2431, #1682, #7053 ),
 .UNSPECIFIED., .F., .F. ) 
 B_SPLINE_CURVE_WITH_KNOTS ( ( 4, 4 ),
 ( 3.141592653589793116, 4.712388980385252779 ),
 .UNSPECIFIED. ) 
 CURVE ( )  GEOMETRIC_REPRESENTATION_ITEM ( )  RATIONAL_B_SPLINE_CURVE ( ( 1.000000000000000000, 0.8047378541242322658, 0.8047378541242322658, 1.000000000000000000 ) ) 
 REPRESENTATION_ITEM ( '' )  );
#1153 = AXIS2_PLACEMENT_3D ( 'NONE', #2511, #2621, #9460 ) ;
#1154 = VERTEX_POINT ( 'NONE', #524 ) ;
#1155 = VECTOR ( 'NONE', #8381, 1000.000000000000000 ) ;
#1156 = CARTESIAN_POINT ( 'NONE',  ( 283.1322439188156181, 5.286424197269228360E-10, -9.999999999471246070 ) ) ;
#1157 = ORIENTED_EDGE ( 'NONE', *, *, #8148, .F. ) ;
#1158 = AXIS2_PLACEMENT_3D ( 'NONE', #2257, #3676, #7513 ) ;
#1159 = CIRCLE ( 'NONE', #7573, 0.009999999999999592548 ) ;
#1160 = CARTESIAN_POINT ( 'NONE',  ( 100.4195663225855100, -7.970265664409462048, 0.000000000000000000 ) ) ;
#1161 = ORIENTED_EDGE ( 'NONE', *, *, #8858, .T. ) ;
#1162 = CYLINDRICAL_SURFACE ( 'NONE', #7622, 0.009999999999993465505 ) ;
#1163 = DIRECTION ( 'NONE',  ( 0.000000000000000000, 1.000000000000000000, 0.000000000000000000 ) ) ;
#1164 = DIRECTION ( 'NONE',  ( -1.000000000000000000, 0.000000000000000000, 0.000000000000000000 ) ) ;
#1165 = CARTESIAN_POINT ( 'NONE',  ( 158.5138466039933860, 11.24999999999624833, -9.990000000000000213 ) ) ;
#1166 = VERTEX_POINT ( 'NONE', #2682 ) ;
#1167 = TOROIDAL_SURFACE ( 'NONE', #5035, 8.010000000000035314, 0.01000000000000000021 ) ;
#1168 = MECHANICAL_DESIGN_GEOMETRIC_PRESENTATION_REPRESENTATION (  '', ( #67 ), #857 ) ;
#1169 = EDGE_CURVE ( 'NONE', #6407, #9449, #4248, .T. ) ;
#1170 = EDGE_CURVE ( 'NONE', #2756, #8737, #2736, .T. ) ;
#1171 = CYLINDRICAL_SURFACE ( 'NONE', #3684, 0.009999999999999998473 ) ;
#1172 = DIRECTION ( 'NONE',  ( -1.000000000000000000, 0.000000000000000000, 0.000000000000000000 ) ) ;
#1173 = EDGE_LOOP ( 'NONE', ( #5320, #7137, #5501, #9468 ) ) ;
#1174 = CARTESIAN_POINT ( 'NONE',  ( 0.000000000000000000, 17.99000000000300048, -10.00000000000000000 ) ) ;
#1175 = VERTEX_POINT ( 'NONE', #6638 ) ;
#1176 = CARTESIAN_POINT ( 'NONE',  ( 154.2527016247913991, 17.99585786437926771, -9.999999999999996447 ) ) ;
#1177 = CARTESIAN_POINT ( 'NONE',  ( 156.7681779095893830, 18.00000000000299494, -9.995857864376256785 ) ) ;
#1178 =( BOUNDED_CURVE ( )  B_SPLINE_CURVE ( 3, ( #5755, #4062, #4956, #6453 ),
 .UNSPECIFIED., .F., .F. ) 
 B_SPLINE_CURVE_WITH_KNOTS ( ( 4, 4 ),
 ( 0.000000000000000000, 1.570796326795113496 ),
 .UNSPECIFIED. ) 
 CURVE ( )  GEOMETRIC_REPRESENTATION_ITEM ( )  RATIONAL_B_SPLINE_CURVE ( ( 1.000000000000000000, 0.8047378541243138672, 0.8047378541243138672, 1.000000000000000000 ) ) 
 REPRESENTATION_ITEM ( '' )  );
#1179 = CARTESIAN_POINT ( 'NONE',  ( 203.8854987729938841, 18.02540000000299969, -10.00000000000000000 ) ) ;
#1180 = EDGE_CURVE ( 'NONE', #4102, #8483, #4393, .T. ) ;
#1181 = CARTESIAN_POINT ( 'NONE',  ( 81.36995430951402852, 18.00000000000300204, -9.990000000000000213 ) ) ;
#1182 = DIRECTION ( 'NONE',  ( -0.000000000000000000, 1.000000000000000000, -0.000000000000000000 ) ) ;
#1183 = EDGE_CURVE ( 'NONE', #5026, #5863, #4295, .T. ) ;
#1184 = CARTESIAN_POINT ( 'NONE',  ( 0.000000000000000000, 11.23999999999625032, 0.000000000000000000 ) ) ;
#1185 = VERTEX_POINT ( 'NONE', #473 ) ;
#1186 = ORIENTED_EDGE ( 'NONE', *, *, #1754, .T. ) ;
#1187 = PLANE ( 'NONE',  #5673 ) ;
#1188 = ADVANCED_FACE ( 'NONE', ( #7426 ), #9617, .F. ) ;
#1189 = VERTEX_POINT ( 'NONE', #6684 ) ;
#1190 = ORIENTED_EDGE ( 'NONE', *, *, #6562, .F. ) ;
#1191 = CARTESIAN_POINT ( 'NONE',  ( 43.67084250947634416, 18.00000000000299849, -0.009999999999999592548 ) ) ;
#1192 = CYLINDRICAL_SURFACE ( 'NONE', #3668, 0.009999999999999592548 ) ;
#1193 = DIRECTION ( 'NONE',  ( 1.000000000000000000, -0.000000000000000000, -0.000000000000000000 ) ) ;
#1194 = VERTEX_POINT ( 'NONE', #425 ) ;
#1195 = LINE ( 'NONE', #3575, #388 ) ;
#1196 = CARTESIAN_POINT ( 'NONE',  ( 97.70082674066502193, 18.00000000000299849, -0.009999999999999592548 ) ) ;
#1197 = EDGE_CURVE ( 'NONE', #213, #9220, #4621, .T. ) ;
#1198 = ORIENTED_EDGE ( 'NONE', *, *, #703, .T. ) ;
#1199 = FACE_OUTER_BOUND ( 'NONE', #1210, .T. ) ;
#1200 = CARTESIAN_POINT ( 'NONE',  ( 283.4972739408158304, 0.3687326749350853250, -9.628641978563463155 ) ) ;
#1201 = DIRECTION ( 'NONE',  ( 0.000000000000000000, -1.000000000000000000, -0.000000000000000000 ) ) ;
#1202 = ORIENTED_EDGE ( 'NONE', *, *, #1409, .F. ) ;
#1203 =( BOUNDED_CURVE ( )  B_SPLINE_CURVE ( 3, ( #6677, #9754, #9699, #6036 ),
 .UNSPECIFIED., .F., .T. ) 
 B_SPLINE_CURVE_WITH_KNOTS ( ( 4, 4 ),
 ( 0.000000000000000000, 1.570796326794896558 ),
 .UNSPECIFIED. ) 
 CURVE ( )  GEOMETRIC_REPRESENTATION_ITEM ( )  RATIONAL_B_SPLINE_CURVE ( ( 1.000000000000000000, 0.8047378541243649375, 0.8047378541243649375, 1.000000000000000000 ) ) 
 REPRESENTATION_ITEM ( '' )  );
#1204 = FACE_OUTER_BOUND ( 'NONE', #2152, .T. ) ;
#1205 = ADVANCED_FACE ( 'NONE', ( #8772 ), #5795, .T. ) ;
#1206 = ORIENTED_EDGE ( 'NONE', *, *, #6507, .F. ) ;
#1207 = PLANE ( 'NONE',  #1361 ) ;
#1208 = ORIENTED_EDGE ( 'NONE', *, *, #893, .F. ) ;
#1209 = CARTESIAN_POINT ( 'NONE',  ( 177.3634025040122424, 11.24999999999624833, -10.00000000000000000 ) ) ;
#1210 = EDGE_LOOP ( 'NONE', ( #508, #775, #6823, #876 ) ) ;
#1211 = VECTOR ( 'NONE', #4215, 1000.000000000000000 ) ;
#1212 = LINE ( 'NONE', #1924, #1731 ) ;
#1213 = EDGE_CURVE ( 'NONE', #1866, #1136, #2132, .T. ) ;
#1214 = CARTESIAN_POINT ( 'NONE',  ( 116.5581254679622987, 17.99000000000300048, 0.000000000000000000 ) ) ;
#1215 = DIRECTION ( 'NONE',  ( -0.2503800040544349459, -0.9681476403781095197, 0.000000000000000000 ) ) ;
#1216 = ORIENTED_EDGE ( 'NONE', *, *, #8456, .T. ) ;
#1217 = EDGE_CURVE ( 'NONE', #8737, #2701, #8281, .T. ) ;
#1218 = ORIENTED_EDGE ( 'NONE', *, *, #2573, .T. ) ;
#1219 = CARTESIAN_POINT ( 'NONE',  ( 0.000000000000000000, 11.23999999999625032, -9.990000000000000213 ) ) ;
#1220 = ORIENTED_EDGE ( 'NONE', *, *, #1226, .T. ) ;
#1221 =( BOUNDED_CURVE ( )  B_SPLINE_CURVE ( 3, ( #2161, #8433, #5290, #1353 ),
 .UNSPECIFIED., .F., .F. ) 
 B_SPLINE_CURVE_WITH_KNOTS ( ( 4, 4 ),
 ( 3.141592653589793116, 4.712388980385361137 ),
 .UNSPECIFIED. ) 
 CURVE ( )  GEOMETRIC_REPRESENTATION_ITEM ( )  RATIONAL_B_SPLINE_CURVE ( ( 1.000000000000000000, 0.8047378541242068417, 0.8047378541242068417, 1.000000000000000000 ) ) 
 REPRESENTATION_ITEM ( '' )  );
#1222 = DIRECTION ( 'NONE',  ( 0.000000000000000000, 0.000000000000000000, 1.000000000000000000 ) ) ;
#1223 = LINE ( 'NONE', #1936, #9099 ) ;
#1224 = CARTESIAN_POINT ( 'NONE',  ( 180.7781595963458869, 11.24999999999624833, -9.995857864376262114 ) ) ;
#1225 = FACE_OUTER_BOUND ( 'NONE', #1086, .T. ) ;
#1226 = EDGE_CURVE ( 'NONE', #9175, #5187, #765, .T. ) ;
#1227 = CARTESIAN_POINT ( 'NONE',  ( 282.9972739408158304, 18.00000000000299849, -9.990000000000000213 ) ) ;
#1228 = FACE_OUTER_BOUND ( 'NONE', #6560, .T. ) ;
#1229 = ORIENTED_EDGE ( 'NONE', *, *, #2042, .T. ) ;
#1230 = EDGE_CURVE ( 'NONE', #996, #3485, #1461, .T. ) ;
#1231 = ORIENTED_EDGE ( 'NONE', *, *, #939, .F. ) ;
#1232 =( BOUNDED_CURVE ( )  B_SPLINE_CURVE ( 3, ( #5737, #5079, #1098, #2049 ),
 .UNSPECIFIED., .F., .F. ) 
 B_SPLINE_CURVE_WITH_KNOTS ( ( 4, 4 ),
 ( 3.141592653589813544, 4.712388980385144421 ),
 .UNSPECIFIED. ) 
 CURVE ( )  GEOMETRIC_REPRESENTATION_ITEM ( )  RATIONAL_B_SPLINE_CURVE ( ( 1.000000000000000000, 0.8047378541242626859, 0.8047378541242626859, 1.000000000000000000 ) ) 
 REPRESENTATION_ITEM ( '' )  );
#1233 = DIRECTION ( 'NONE',  ( 0.2503800040544349459, -0.9681476403781095197, -0.000000000000000000 ) ) ;
#1234 = ORIENTED_EDGE ( 'NONE', *, *, #2274, .T. ) ;
#1235 = AXIS2_PLACEMENT_3D ( 'NONE', #5348, #5195, #3794 ) ;
#1236 = CARTESIAN_POINT ( 'NONE',  ( 144.8247164907121203, 18.00000000000299494, -0.004142135623724395831 ) ) ;
#1237 = EDGE_CURVE ( 'NONE', #2644, #7118, #2114, .T. ) ;
#1238 = CARTESIAN_POINT ( 'NONE',  ( 213.3168456096459238, 18.00000000000300204, -9.995857864376265667 ) ) ;
#1239 = AXIS2_PLACEMENT_3D ( 'NONE', #3409, #8786, #350 ) ;
#1240 = FACE_OUTER_BOUND ( 'NONE', #3627, .T. ) ;
#1241 = EDGE_CURVE ( 'NONE', #8195, #8919, #2463, .T. ) ;
#1242 = EDGE_LOOP ( 'NONE', ( #2867, #7096, #3975, #3339 ) ) ;
#1243 = VECTOR ( 'NONE', #6318, 1000.000000000000000 ) ;
#1244 = CARTESIAN_POINT ( 'NONE',  ( 0.000000000000000000, 0.000000000000000000, -9.990000000000000213 ) ) ;
#1245 = LINE ( 'NONE', #4983, #9457 ) ;
#1246 = ORIENTED_EDGE ( 'NONE', *, *, #2204, .T. ) ;
#1247 = CARTESIAN_POINT ( 'NONE',  ( 67.68082419623279122, 11.24999999999624833, -9.990000000000000213 ) ) ;
#1248 = AXIS2_PLACEMENT_3D ( 'NONE', #4154, #4297, #3598 ) ;
#1249 = LINE ( 'NONE', #4334, #8608 ) ;
#1250 = FACE_OUTER_BOUND ( 'NONE', #1277, .T. ) ;
#1251 = ORIENTED_EDGE ( 'NONE', *, *, #7413, .T. ) ;
#1252 = CARTESIAN_POINT ( 'NONE',  ( 64.25638562749536220, 11.24749619995570349, -10.00000000000000000 ) ) ;
#1253 = ORIENTED_EDGE ( 'NONE', *, *, #4761, .F. ) ;
#1254 = CARTESIAN_POINT ( 'NONE',  ( 116.5503826406838783, 18.00000000000299849, -9.990000000000000213 ) ) ;
#1255 = ORIENTED_EDGE ( 'NONE', *, *, #8236, .T. ) ;
#1256 = CARTESIAN_POINT ( 'NONE',  ( -180.0099999999999909, 18.00000000000302691, 0.000000000000000000 ) ) ;
#1257 = VERTEX_POINT ( 'NONE', #7584 ) ;
#1258 = CARTESIAN_POINT ( 'NONE',  ( 12.89407555362662272, 18.02289619996245307, -0.009999999999999592548 ) ) ;
#1259 = VECTOR ( 'NONE', #5582, 1000.000000000000000 ) ;
#1260 = CARTESIAN_POINT ( 'NONE',  ( 205.6377363540404986, 11.24999999999624833, -9.990000000000000213 ) ) ;
#1261 = DIRECTION ( 'NONE',  ( 0.000000000000000000, 0.000000000000000000, 1.000000000000000000 ) ) ;
#1262 = CARTESIAN_POINT ( 'NONE',  ( 146.9306764044223428, 55.99885659949065797, -9.990000000000000213 ) ) ;
#1263 = VERTEX_POINT ( 'NONE', #6739 ) ;
#1264 = ORIENTED_EDGE ( 'NONE', *, *, #2408, .F. ) ;
#1265 = CARTESIAN_POINT ( 'NONE',  ( 0.000000000000000000, 11.23999999999625032, -9.990000000000000213 ) ) ;
#1266 = ORIENTED_EDGE ( 'NONE', *, *, #814, .T. ) ;
#1267 = FACE_OUTER_BOUND ( 'NONE', #694, .T. ) ;
#1268 = AXIS2_PLACEMENT_3D ( 'NONE', #2600, #6974, #5524 ) ;
#1269 = CARTESIAN_POINT ( 'NONE',  ( 64.26606710389913246, 11.24999999999624833, -0.009999999999999592548 ) ) ;
#1270 = DIRECTION ( 'NONE',  ( 0.2503800040544349459, 0.9681476403781095197, 0.000000000000000000 ) ) ;
#1271 = CARTESIAN_POINT ( 'NONE',  ( 34.24606455946690886, 18.00000000000299849, -0.009999999999999592548 ) ) ;
#1272 = FACE_OUTER_BOUND ( 'NONE', #977, .T. ) ;
#1273 = AXIS2_PLACEMENT_3D ( 'NONE', #7857, #7806, #7708 ) ;
#1274 = FACE_OUTER_BOUND ( 'NONE', #1802, .T. ) ;
#1275 = CARTESIAN_POINT ( 'NONE',  ( -189.9899999999999238, -83.00000000000000000, -9.990000000000000213 ) ) ;
#1276 = FACE_OUTER_BOUND ( 'NONE', #6258, .T. ) ;
#1277 = EDGE_LOOP ( 'NONE', ( #1623, #245, #3366, #4303 ) ) ;
#1278 = ORIENTED_EDGE ( 'NONE', *, *, #8573, .F. ) ;
#1279 = FACE_OUTER_BOUND ( 'NONE', #2266, .T. ) ;
#1280 = VERTEX_POINT ( 'NONE', #6842 ) ;
#1281 = CARTESIAN_POINT ( 'NONE',  ( 83.10788017663956850, 11.23999999999625210, 0.000000000000000000 ) ) ;
#1282 = ADVANCED_FACE ( 'NONE', ( #665 ), #4435, .T. ) ;
#1283 = ADVANCED_FACE ( 'NONE', ( #613 ), #2214, .T. ) ;
#1284 = VECTOR ( 'NONE', #5752, 1000.000000000000000 ) ;
#1285 = CARTESIAN_POINT ( 'NONE',  ( -180.0099999999999909, 17.99000000000300048, -10.00000000000000000 ) ) ;
#1286 = EDGE_CURVE ( 'NONE', #822, #8737, #4580, .T. ) ;
#1287 = VECTOR ( 'NONE', #2135, 1000.000000000000000 ) ;
#1288 = VERTEX_POINT ( 'NONE', #6893 ) ;
#1289 = ORIENTED_EDGE ( 'NONE', *, *, #6398, .T. ) ;
#1290 = EDGE_CURVE ( 'NONE', #2324, #2115, #8235, .T. ) ;
#1291 = CARTESIAN_POINT ( 'NONE',  ( -198.0000000000000000, -83.00000000000000000, -0.009999999999999592548 ) ) ;
#1292 = DIRECTION ( 'NONE',  ( -1.000000000000000000, -0.000000000000000000, -0.000000000000000000 ) ) ;
#1293 = ORIENTED_EDGE ( 'NONE', *, *, #7889, .F. ) ;
#1294 = PLANE ( 'NONE',  #2563 ) ;
#1295 = VECTOR ( 'NONE', #4095, 1000.000000000000000 ) ;
#1296 = ADVANCED_FACE ( 'NONE', ( #4487 ), #7528, .F. ) ;
#1297 = DIRECTION ( 'NONE',  ( -0.2503800040544349459, 0.9681476403781095197, 0.000000000000000000 ) ) ;
#1298 = LINE ( 'NONE', #3789, #154 ) ;
#1299 = EDGE_LOOP ( 'NONE', ( #1821, #7139, #4812, #9387 ) ) ;
#1300 = EDGE_CURVE ( 'NONE', #8427, #1194, #9019, .T. ) ;
#1301 = VECTOR ( 'NONE', #1633, 1000.000000000000000 ) ;
#1302 = CARTESIAN_POINT ( 'NONE',  ( 143.0790477963082026, 11.24999999999625011, -9.990000000000000213 ) ) ;
#1303 = VECTOR ( 'NONE', #1857, 1000.000000000000000 ) ;
#1304 = ORIENTED_EDGE ( 'NONE', *, *, #1170, .T. ) ;
#1305 = CARTESIAN_POINT ( 'NONE',  ( 175.6177338096082678, 18.00000000000299849, -0.01000000000000000021 ) ) ;
#1306 = ORIENTED_EDGE ( 'NONE', *, *, #8593, .T. ) ;
#1307 = EDGE_CURVE ( 'NONE', #4800, #7706, #8843, .T. ) ;
#1308 = DIRECTION ( 'NONE',  ( -0.000000000000000000, -0.000000000000000000, 1.000000000000000000 ) ) ;
#1309 = VERTEX_POINT ( 'NONE', #3522 ) ;
#1310 = AXIS2_PLACEMENT_3D ( 'NONE', #9160, #3879, #5334 ) ;
#1311 = VECTOR ( 'NONE', #9055, 1000.000000000000000 ) ;
#1312 = CARTESIAN_POINT ( 'NONE',  ( 45.40876837660188414, 11.23999999999625032, -10.00000000000000000 ) ) ;
#1313 = CARTESIAN_POINT ( 'NONE',  ( 0.000000000000000000, 0.000000000000000000, 0.000000000000000000 ) ) ;
#1314 = CARTESIAN_POINT ( 'NONE',  ( 283.2582673130320359, 0.06280885920853980509, -0.05388659102969046988 ) ) ;
#1315 = CARTESIAN_POINT ( 'NONE',  ( 31.73394997724169642, 18.02540000000299969, -10.00000000000000000 ) ) ;
#1316 = ORIENTED_EDGE ( 'NONE', *, *, #6199, .F. ) ;
#1317 = EDGE_LOOP ( 'NONE', ( #3999, #7921, #1202, #5951 ) ) ;
#1318 = CYLINDRICAL_SURFACE ( 'NONE', #3587, 0.009999999999999998473 ) ;
#1319 = ORIENTED_EDGE ( 'NONE', *, *, #9669, .T. ) ;
#1320 = PLANE ( 'NONE',  #1543 ) ;
#1321 = EDGE_CURVE ( 'NONE', #8487, #3432, #1889, .T. ) ;
#1322 = CARTESIAN_POINT ( 'NONE',  ( 95.95836523033091225, 11.24585786437251400, 4.340532324096351870E-15 ) ) ;
#1323 = DIRECTION ( 'NONE',  ( 0.2503800040544349459, -0.9681476403781095197, 0.000000000000000000 ) ) ;
#1324 = CARTESIAN_POINT ( 'NONE',  ( 22.30260314058962834, 17.99000000000300048, 0.000000000000000000 ) ) ;
#1325 = CARTESIAN_POINT ( 'NONE',  ( 111.3867496698764228, 11.24585786437251933, -10.00000000000000178 ) ) ;
#1326 = CIRCLE ( 'NONE', #6149, 18.00000000000001421 ) ;
#1327 = DIRECTION ( 'NONE',  ( 1.000000000000000000, 0.000000000000000000, 0.000000000000000000 ) ) ;
#1328 = DIRECTION ( 'NONE',  ( 0.000000000000000000, -0.000000000000000000, 1.000000000000000000 ) ) ;
#1329 = CARTESIAN_POINT ( 'NONE',  ( 109.6365453322638785, 17.99000000000300048, -10.00000000000000000 ) ) ;
#1330 = ORIENTED_EDGE ( 'NONE', *, *, #7130, .F. ) ;
#1331 = ORIENTED_EDGE ( 'NONE', *, *, #6153, .T. ) ;
#1332 = CARTESIAN_POINT ( 'NONE',  ( -189.9899999999999238, 107.0000000000000000, 0.000000000000000000 ) ) ;
#1333 = LINE ( 'NONE', #8939, #4276 ) ;
#1334 = CARTESIAN_POINT ( 'NONE',  ( 179.9250014848381056, -28.53176924923452162, -9.990000000000000213 ) ) ;
#1335 = PLANE ( 'NONE',  #4034 ) ;
#1336 = DIRECTION ( 'NONE',  ( 1.000000000000000000, -0.000000000000000000, 0.000000000000000000 ) ) ;
#1337 = EDGE_CURVE ( 'NONE', #7920, #792, #7356, .T. ) ;
#1338 = CARTESIAN_POINT ( 'NONE',  ( 67.68082419623279122, 11.24999999999625366, -9.990000000000000213 ) ) ;
#1339 = ORIENTED_EDGE ( 'NONE', *, *, #2972, .T. ) ;
#1340 = ORIENTED_EDGE ( 'NONE', *, *, #4754, .T. ) ;
#1341 = DIRECTION ( 'NONE',  ( 0.000000000000000000, 0.000000000000000000, 1.000000000000000000 ) ) ;
#1342 = CARTESIAN_POINT ( 'NONE',  ( 73.68116357750480461, 11.24749619995570704, -10.00000000000000000 ) ) ;
#1343 = EDGE_CURVE ( 'NONE', #6191, #1771, #5923, .T. ) ;
#1344 = ORIENTED_EDGE ( 'NONE', *, *, #3012, .F. ) ;
#1345 = DIRECTION ( 'NONE',  ( 1.000000000000000000, -0.000000000000000000, -0.000000000000000000 ) ) ;
#1346 = DIRECTION ( 'NONE',  ( -0.000000000000000000, -0.000000000000000000, 1.000000000000000000 ) ) ;
#1347 = EDGE_CURVE ( 'NONE', #5241, #651, #3570, .T. ) ;
#1348 = CARTESIAN_POINT ( 'NONE',  ( 0.000000000000000000, 17.99000000000300048, -10.00000000000000000 ) ) ;
#1349 = VERTEX_POINT ( 'NONE', #4418 ) ;
#1350 = ADVANCED_FACE ( 'NONE', ( #4278 ), #2145, .F. ) ;
#1351 = LINE ( 'NONE', #2110, #8199 ) ;
#1352 = EDGE_LOOP ( 'NONE', ( #4137, #7500, #1535, #1637 ) ) ;
#1353 = CARTESIAN_POINT ( 'NONE',  ( 86.53812292353006796, 11.23999999999625032, 0.000000000000000000 ) ) ;
#1354 = EDGE_CURVE ( 'NONE', #2993, #8709, #3560, .T. ) ;
#1355 = DIRECTION ( 'NONE',  ( 0.000000000000000000, 0.000000000000000000, 1.000000000000000000 ) ) ;
#1356 = ORIENTED_EDGE ( 'NONE', *, *, #6749, .T. ) ;
#1357 = CARTESIAN_POINT ( 'NONE',  ( 232.1598326230221687, 18.02540000000299969, -0.009999999999999592548 ) ) ;
#1358 = VERTEX_POINT ( 'NONE', #2095 ) ;
#1359 = CARTESIAN_POINT ( 'NONE',  ( 224.4872922540593549, 11.24999999999624833, -9.990000000000000213 ) ) ;
#1360 = ADVANCED_FACE ( 'NONE', ( #4372 ), #1951, .T. ) ;
#1361 = AXIS2_PLACEMENT_3D ( 'NONE', #1968, #469, #6441 ) ;
#1362 = DIRECTION ( 'NONE',  ( 0.000000000000000000, -1.000000000000000000, -0.000000000000000000 ) ) ;
#1363 = DIRECTION ( 'NONE',  ( 0.000000000000000000, 0.000000000000000000, -1.000000000000000000 ) ) ;
#1364 = FACE_OUTER_BOUND ( 'NONE', #5319, .T. ) ;
#1365 = VERTEX_POINT ( 'NONE', #5122 ) ;
#1366 = VERTEX_POINT ( 'NONE', #1997 ) ;
#1367 = VECTOR ( 'NONE', #7839, 1000.000000000000000 ) ;
#1368 = FACE_OUTER_BOUND ( 'NONE', #5285, .T. ) ;
#1369 = ORIENTED_EDGE ( 'NONE', *, *, #3785, .T. ) ;
#1370 = LINE ( 'NONE', #2124, #6834 ) ;
#1371 =( BOUNDED_CURVE ( )  B_SPLINE_CURVE ( 3, ( #6833, #7576, #9858, #3025 ),
 .UNSPECIFIED., .F., .F. ) 
 B_SPLINE_CURVE_WITH_KNOTS ( ( 4, 4 ),
 ( 3.141592653589813544, 4.712388980386033488 ),
 .UNSPECIFIED. ) 
 CURVE ( )  GEOMETRIC_REPRESENTATION_ITEM ( )  RATIONAL_B_SPLINE_CURVE ( ( 1.000000000000000000, 0.8047378541240530758, 0.8047378541240530758, 1.000000000000000000 ) ) 
 REPRESENTATION_ITEM ( '' )  );
#1372 = CARTESIAN_POINT ( 'NONE',  ( 182.5238282907498331, 18.00000000000299849, -0.009999999999999592548 ) ) ;
#1373 = EDGE_LOOP ( 'NONE', ( #6238, #6308, #4501, #9401 ) ) ;
#1374 = CARTESIAN_POINT ( 'NONE',  ( 82.75169184208498052, -3.401042645559460009, 0.000000000000000000 ) ) ;
#1375 = CYLINDRICAL_SURFACE ( 'NONE', #770, 0.009999999999994117761 ) ;
#1376 = LINE ( 'NONE', #785, #2116 ) ;
#1377 = AXIS2_PLACEMENT_3D ( 'NONE', #4763, #9340, #5521 ) ;
#1378 = CYLINDRICAL_SURFACE ( 'NONE', #4006, 0.01000000000000000021 ) ;
#1379 = LINE ( 'NONE', #3811, #702 ) ;
#1380 = ORIENTED_EDGE ( 'NONE', *, *, #9104, .T. ) ;
#1381 = EDGE_LOOP ( 'NONE', ( #3154, #9235, #7670, #1137 ) ) ;
#1382 = DIRECTION ( 'NONE',  ( 0.2503800040544349459, -0.9681476403781095197, 0.000000000000000000 ) ) ;
#1383 = ORIENTED_EDGE ( 'NONE', *, *, #5227, .F. ) ;
#1384 = CARTESIAN_POINT ( 'NONE',  ( 149.0890686539839578, 11.24999999999624833, -0.009999999999999592548 ) ) ;
#1385 = CARTESIAN_POINT ( 'NONE',  ( 31.73512391787747333, 17.99000000000300048, -10.00000000000000000 ) ) ;
#1386 = DIRECTION ( 'NONE',  ( -1.000000000000000000, 0.000000000000000000, 0.000000000000000000 ) ) ;
#1387 = PRODUCT_DEFINITION_SHAPE ( 'NONE', 'NONE',  #3482 ) ;
#1388 = CARTESIAN_POINT ( 'NONE',  ( 0.000000000000000000, 18.00000000000299849, -10.00000000000000000 ) ) ;
#1389 = LINE ( 'NONE', #7407, #27 ) ;
#1390 = ORIENTED_EDGE ( 'NONE', *, *, #8611, .T. ) ;
#1391 = VERTEX_POINT ( 'NONE', #2764 ) ;
#1392 = DIRECTION ( 'NONE',  ( -0.2503800040544349459, 0.9681476403781095197, 0.000000000000000000 ) ) ;
#1393 = CYLINDRICAL_SURFACE ( 'NONE', #4538, 0.01000000000000000021 ) ;
#1394 =( BOUNDED_CURVE ( )  B_SPLINE_CURVE ( 3, ( #5808, #2694, #8058, #1884 ),
 .UNSPECIFIED., .F., .F. ) 
 B_SPLINE_CURVE_WITH_KNOTS ( ( 4, 4 ),
 ( 3.141592653589793116, 4.712388980384689674 ),
 .UNSPECIFIED. ) 
 CURVE ( )  GEOMETRIC_REPRESENTATION_ITEM ( )  RATIONAL_B_SPLINE_CURVE ( ( 1.000000000000000000, 0.8047378541243649375, 0.8047378541243649375, 1.000000000000000000 ) ) 
 REPRESENTATION_ITEM ( '' )  );
#1395 = ORIENTED_EDGE ( 'NONE', *, *, #3335, .F. ) ;
#1396 = LINE ( 'NONE', #6783, #4648 ) ;
#1397 = DIRECTION ( 'NONE',  ( 0.000000000000000000, 0.000000000000000000, 1.000000000000000000 ) ) ;
#1398 = VECTOR ( 'NONE', #2129, 1000.000000000000000 ) ;
#1399 = EDGE_LOOP ( 'NONE', ( #6969, #8838, #7567, #7656 ) ) ;
#1400 = ADVANCED_FACE ( 'NONE', ( #7405 ), #5978, .T. ) ;
#1401 = CIRCLE ( 'NONE', #1083, 0.009999999999999998473 ) ;
#1402 = CARTESIAN_POINT ( 'NONE',  ( 109.6442881595422989, 18.00000000000300204, -0.004142135623729943476 ) ) ;
#1403 = ORIENTED_EDGE ( 'NONE', *, *, #1923, .F. ) ;
#1404 = CARTESIAN_POINT ( 'NONE',  ( 53.09562045948576525, 18.00000000000299849, -10.00000000000000000 ) ) ;
#1405 = ORIENTED_EDGE ( 'NONE', *, *, #7304, .T. ) ;
#1406 = CARTESIAN_POINT ( 'NONE',  ( 186.7881804540216706, 11.24999999999624833, -9.990000000000000213 ) ) ;
#1407 = AXIS2_PLACEMENT_3D ( 'NONE', #1258, #7996, #429 ) ;
#1408 = ORIENTED_EDGE ( 'NONE', *, *, #5240, .T. ) ;
#1409 = EDGE_CURVE ( 'NONE', #6586, #9519, #5228, .T. ) ;
#1410 = EDGE_CURVE ( 'NONE', #8695, #6782, #2714, .T. ) ;
#1411 = DIRECTION ( 'NONE',  ( 0.000000000000000000, 0.000000000000000000, 1.000000000000000000 ) ) ;
#1412 = EDGE_CURVE ( 'NONE', #2826, #2032, #4851, .T. ) ;
#1413 = AXIS2_PLACEMENT_3D ( 'NONE', #6744, #4396, #723 ) ;
#1414 = VECTOR ( 'NONE', #9311, 1000.000000000000000 ) ;
#1415 = DIRECTION ( 'NONE',  ( 0.000000000000000000, 0.000000000000000000, 1.000000000000000000 ) ) ;
#1416 = CARTESIAN_POINT ( 'NONE',  ( 45.40876837660188414, 11.23999999999625032, 0.000000000000000000 ) ) ;
#1417 = EDGE_LOOP ( 'NONE', ( #5687, #6216, #2002, #4774 ) ) ;
#1418 = ORIENTED_EDGE ( 'NONE', *, *, #7811, .F. ) ;
#1419 = ADVANCED_FACE ( 'NONE', ( #549 ), #1192, .T. ) ;
#1420 = CYLINDRICAL_SURFACE ( 'NONE', #224, 0.009999999999999592548 ) ;
#1421 = ORIENTED_EDGE ( 'NONE', *, *, #3329, .F. ) ;
#1422 = CARTESIAN_POINT ( 'NONE',  ( 128.4872751729184870, 18.02540000000299969, -10.00000000000000000 ) ) ;
#1423 = FACE_OUTER_BOUND ( 'NONE', #750, .T. ) ;
#1424 = ORIENTED_EDGE ( 'NONE', *, *, #7130, .T. ) ;
#1425 = CARTESIAN_POINT ( 'NONE',  ( 34.23949567282427608, 18.02540000000299969, -0.009999999999999592548 ) ) ;
#1426 = CIRCLE ( 'NONE', #5447, 8.010000000000044196 ) ;
#1427 = VECTOR ( 'NONE', #2516, 1000.000000000000000 ) ;
#1428 = CARTESIAN_POINT ( 'NONE',  ( 11.13215649617624869, 11.24999999999624833, -0.009999999999999592548 ) ) ;
#1429 = LINE ( 'NONE', #9727, #6228 ) ;
#1430 = EDGE_CURVE ( 'NONE', #8083, #3165, #9000, .T. ) ;
#1431 = DIRECTION ( 'NONE',  ( -0.000000000000000000, -0.000000000000000000, 1.000000000000000000 ) ) ;
#1432 = CARTESIAN_POINT ( 'NONE',  ( 196.2129584040310704, 11.24999999999624833, -9.990000000000000213 ) ) ;
#1433 = VECTOR ( 'NONE', #2926, 1000.000000000000000 ) ;
#1434 = LINE ( 'NONE', #3659, #2457 ) ;
#1435 = CARTESIAN_POINT ( 'NONE',  ( 15.38876583216964988, 17.99000000000300048, -10.00000000000000000 ) ) ;
#1436 = ORIENTED_EDGE ( 'NONE', *, *, #2581, .F. ) ;
#1437 = ORIENTED_EDGE ( 'NONE', *, *, #140, .F. ) ;
#1438 = EDGE_CURVE ( 'NONE', #2286, #3542, #5619, .T. ) ;
#1439 = CARTESIAN_POINT ( 'NONE',  ( 220.2229400907875174, 18.00000000000299849, -10.00000000000000000 ) ) ;
#1440 = ORIENTED_EDGE ( 'NONE', *, *, #3657, .F. ) ;
#1441 = DIRECTION ( 'NONE',  ( -1.000000000000000000, 0.000000000000000000, 0.000000000000000000 ) ) ;
#1442 = CARTESIAN_POINT ( 'NONE',  ( 239.0802388180848084, 17.99000000000299693, 0.000000000000000000 ) ) ;
#1443 = LINE ( 'NONE', #7561, #9116 ) ;
#1444 = VECTOR ( 'NONE', #4612, 1000.000000000000000 ) ;
#1445 = CARTESIAN_POINT ( 'NONE',  ( 167.9308817267243512, 11.23999999999624677, 0.000000000000000000 ) ) ;
#1446 = ORIENTED_EDGE ( 'NONE', *, *, #6465, .T. ) ;
#1447 = EDGE_LOOP ( 'NONE', ( #1600, #6188, #1798, #1636 ) ) ;
#1448 = CARTESIAN_POINT ( 'NONE',  ( 182.5238282907498615, 18.00000000000299494, -9.995857864376263890 ) ) ;
#1449 = DIRECTION ( 'NONE',  ( 0.2503800040544349459, -0.9681476403781095197, -0.000000000000000000 ) ) ;
#1450 = ORIENTED_EDGE ( 'NONE', *, *, #1410, .T. ) ;
#1451 = ADVANCED_FACE ( 'NONE', ( #8459 ), #8323, .T. ) ;
#1452 = DIRECTION ( 'NONE',  ( -0.2503800040544349459, 0.9681476403781095197, 0.000000000000000000 ) ) ;
#1453 = DIRECTION ( 'NONE',  ( -0.9681476403780548967, -0.2503800040546457217, 0.000000000000000000 ) ) ;
#1454 = DIRECTION ( 'NONE',  ( 1.000000000000000000, 0.000000000000000000, 0.000000000000000000 ) ) ;
#1455 = VECTOR ( 'NONE', #2618, 1000.000000000000000 ) ;
#1456 = ORIENTED_EDGE ( 'NONE', *, *, #7599, .T. ) ;
#1457 = CARTESIAN_POINT ( 'NONE',  ( 229.6554608680753802, 17.99000000000300048, -10.00000000000000000 ) ) ;
#1458 = ORIENTED_EDGE ( 'NONE', *, *, #747, .T. ) ;
#1459 = DIRECTION ( 'NONE',  ( -0.2503800040544349459, 0.9681476403781095197, 0.000000000000000000 ) ) ;
#1460 = ORIENTED_EDGE ( 'NONE', *, *, #7798, .T. ) ;
#1461 = LINE ( 'NONE', #5242, #3027 ) ;
#1462 = VECTOR ( 'NONE', #933, 1000.000000000000000 ) ;
#1463 = ORIENTED_EDGE ( 'NONE', *, *, #5608, .F. ) ;
#1464 = DIRECTION ( 'NONE',  ( -0.9681476403781095197, -0.2503800040544349459, 0.000000000000000000 ) ) ;
#1465 = CARTESIAN_POINT ( 'NONE',  ( 58.26378907350178338, 11.23999999999625032, 0.000000000000000000 ) ) ;
#1466 = AXIS2_PLACEMENT_3D ( 'NONE', #2465, #3280, #4134 ) ;
#1467 = ORIENTED_EDGE ( 'NONE', *, *, #270, .F. ) ;
#1468 = ORIENTED_EDGE ( 'NONE', *, *, #6850, .T. ) ;
#1469 = DIRECTION ( 'NONE',  ( 1.000000000000000000, 0.000000000000000000, 0.000000000000000000 ) ) ;
#1470 = ORIENTED_EDGE ( 'NONE', *, *, #2916, .F. ) ;
#1471 = CARTESIAN_POINT ( 'NONE',  ( 12.88439407722284358, 18.02540000000299969, -0.009999999999999592548 ) ) ;
#1472 = EDGE_CURVE ( 'NONE', #7480, #5551, #3498, .T. ) ;
#1473 = ORIENTED_EDGE ( 'NONE', *, *, #2588, .T. ) ;
#1474 = CARTESIAN_POINT ( 'NONE',  ( 218.4850142236619774, 11.23999999999624855, -10.00000000000000000 ) ) ;
#1475 = CIRCLE ( 'NONE', #9781, 8.000000000000035527 ) ;
#1476 = DIRECTION ( 'NONE',  ( 0.000000000000000000, 0.000000000000000000, -1.000000000000000000 ) ) ;
#1477 = FACE_OUTER_BOUND ( 'NONE', #7892, .T. ) ;
#1478 = ADVANCED_FACE ( 'NONE', ( #849 ), #9199, .T. ) ;
#1479 = CARTESIAN_POINT ( 'NONE',  ( 139.6642907039745296, 11.24999999999624833, -0.009999999999999592548 ) ) ;
#1480 = CARTESIAN_POINT ( 'NONE',  ( 0.000000000000000000, 18.00000000000299849, -9.990000000000000213 ) ) ;
#1481 = TOROIDAL_SURFACE ( 'NONE', #1310, 17.99000000000001620, 0.01000000000000000021 ) ;
#1482 = EDGE_CURVE ( 'NONE', #6943, #4473, #704, .T. ) ;
#1483 = VECTOR ( 'NONE', #676, 1000.000000000000000 ) ;
#1484 = DIRECTION ( 'NONE',  ( -0.2503800040544349459, -0.9681476403781095197, 0.000000000000000000 ) ) ;
#1485 = FACE_OUTER_BOUND ( 'NONE', #6492, .T. ) ;
#1486 = VERTEX_POINT ( 'NONE', #2308 ) ;
#1487 = ORIENTED_EDGE ( 'NONE', *, *, #1728, .T. ) ;
#1488 = CARTESIAN_POINT ( 'NONE',  ( 0.000000000000000000, 11.23999999999625032, 0.000000000000000000 ) ) ;
#1489 = ORIENTED_EDGE ( 'NONE', *, *, #3620, .T. ) ;
#1491 = LINE ( 'NONE', #842, #2833 ) ;
#1490 =( BOUNDED_CURVE ( )  B_SPLINE_CURVE ( 3, ( #3119, #3733, #3783, #9853 ),
 .UNSPECIFIED., .F., .F. ) 
 B_SPLINE_CURVE_WITH_KNOTS ( ( 4, 4 ),
 ( 3.141592653589793116, 4.712388980384689674 ),
 .UNSPECIFIED. ) 
 CURVE ( )  GEOMETRIC_REPRESENTATION_ITEM ( )  RATIONAL_B_SPLINE_CURVE ( ( 1.000000000000000000, 0.8047378541243649375, 0.8047378541243649375, 1.000000000000000000 ) ) 
 REPRESENTATION_ITEM ( '' )  );
#1492 = ADVANCED_FACE ( 'NONE', ( #650 ), #748, .T. ) ;
#1493 = CARTESIAN_POINT ( 'NONE',  ( -189.9899999999999238, 18.00000000000299849, -0.01000000000000000021 ) ) ;
#1494 = DIRECTION ( 'NONE',  ( -1.000000000000000000, -0.000000000000000000, -0.000000000000000000 ) ) ;
#1495 =( BOUNDED_CURVE ( )  B_SPLINE_CURVE ( 3, ( #8399, #5252, #1572, #6753 ),
 .UNSPECIFIED., .F., .T. ) 
 B_SPLINE_CURVE_WITH_KNOTS ( ( 4, 4 ),
 ( 3.141592653589793116, 4.712388980384689674 ),
 .UNSPECIFIED. ) 
 CURVE ( )  GEOMETRIC_REPRESENTATION_ITEM ( )  RATIONAL_B_SPLINE_CURVE ( ( 1.000000000000000000, 0.8047378541243649375, 0.8047378541243649375, 1.000000000000000000 ) ) 
 REPRESENTATION_ITEM ( '' )  );
#1496 = ADVANCED_FACE ( 'NONE', ( #4570 ), #7661, .T. ) ;
#1497 = CARTESIAN_POINT ( 'NONE',  ( 17.14217735385202701, 11.24999999999624833, -9.995857864376265667 ) ) ;
#1498 = ADVANCED_FACE ( 'NONE', ( #2969 ), #4523, .T. ) ;
#1499 = FACE_OUTER_BOUND ( 'NONE', #8391, .T. ) ;
#1500 = ORIENTED_EDGE ( 'NONE', *, *, #6405, .T. ) ;
#1501 = VERTEX_POINT ( 'NONE', #2350 ) ;
#1502 = CARTESIAN_POINT ( 'NONE',  ( 128.4938440595611269, 18.00000000000299849, -10.00000000000000000 ) ) ;
#1503 = DIRECTION ( 'NONE',  ( -1.000000000000000000, 0.000000000000000000, 0.000000000000000000 ) ) ;
#1504 = VERTEX_POINT ( 'NONE', #6926 ) ;
#1505 = CARTESIAN_POINT ( 'NONE',  ( 12.88439407722284358, 18.02540000000299969, -10.00000000000000000 ) ) ;
#1506 = DIRECTION ( 'NONE',  ( 1.000000000000000000, -0.000000000000000000, -0.000000000000000000 ) ) ;
#1507 = ADVANCED_FACE ( 'NONE', ( #6821 ), #9107, .F. ) ;
#1508 = CARTESIAN_POINT ( 'NONE',  ( 54.84128915388971848, 11.24999999999624833, -0.009999999999999592548 ) ) ;
#1509 = EDGE_LOOP ( 'NONE', ( #6114, #8004, #1689, #899 ) ) ;
#1510 = DIRECTION ( 'NONE',  ( -1.000000000000000000, -0.000000000000000000, -0.000000000000000000 ) ) ;
#1511 = EDGE_LOOP ( 'NONE', ( #3383, #4443, #9407, #7923 ) ) ;
#1512 = DIRECTION ( 'NONE',  ( -1.460819769243627131E-16, -1.000000000000000000, 0.000000000000000000 ) ) ;
#1513 = EDGE_LOOP ( 'NONE', ( #191, #5413, #4973, #3033 ) ) ;
#1514 = CARTESIAN_POINT ( 'NONE',  ( 58.25604624622337013, 11.24999999999624833, -9.990000000000000213 ) ) ;
#1515 = DIRECTION ( 'NONE',  ( -0.2503800040544349459, 0.9681476403781095197, 0.000000000000000000 ) ) ;
#1516 = ORIENTED_EDGE ( 'NONE', *, *, #1917, .T. ) ;
#1517 = EDGE_CURVE ( 'NONE', #8334, #6017, #9049, .T. ) ;
#1518 = VERTEX_POINT ( 'NONE', #4665 ) ;
#1519 = VERTEX_POINT ( 'NONE', #3016 ) ;
#1520 = FACE_OUTER_BOUND ( 'NONE', #3295, .T. ) ;
#1521 = VERTEX_POINT ( 'NONE', #3926 ) ;
#1522 = DIRECTION ( 'NONE',  ( -0.2503800040544349459, 0.9681476403781095197, -0.000000000000000000 ) ) ;
#1523 = CARTESIAN_POINT ( 'NONE',  ( -189.9899999999999238, 0.000000000000000000, -9.990000000000000213 ) ) ;
#1524 = EDGE_LOOP ( 'NONE', ( #3319, #2491, #7577, #4152 ) ) ;
#1525 = CARTESIAN_POINT ( 'NONE',  ( 41.15990186788690153, 17.99000000000300048, -10.00000000000000000 ) ) ;
#1526 = FACE_OUTER_BOUND ( 'NONE', #9371, .T. ) ;
#1527 = CARTESIAN_POINT ( 'NONE',  ( 5.963987882160225240, 17.99000000000300048, -10.00000000000000000 ) ) ;
#1528 = CARTESIAN_POINT ( 'NONE',  ( 41.15215904060848118, 18.00000000000299849, -0.004142135623730637366 ) ) ;
#1529 = ADVANCED_FACE ( 'NONE', ( #2194 ), #6975, .T. ) ;
#1530 = DIRECTION ( 'NONE',  ( -0.2503800040544349459, 0.9681476403781095197, -0.000000000000000000 ) ) ;
#1531 = VECTOR ( 'NONE', #71, 1000.000000000000000 ) ;
#1532 = SURFACE_SIDE_STYLE ('',( #5371 ) ) ;
#1533 = CARTESIAN_POINT ( 'NONE',  ( 77.10560214624221942, 11.24999999999624833, -9.990000000000000213 ) ) ;
#1534 = ORIENTED_EDGE ( 'NONE', *, *, #887, .T. ) ;
#1535 = ORIENTED_EDGE ( 'NONE', *, *, #3210, .F. ) ;
#1536 = CARTESIAN_POINT ( 'NONE',  ( 90.79473225952342830, 18.00000000000299849, -9.995857864376267443 ) ) ;
#1537 = ORIENTED_EDGE ( 'NONE', *, *, #4921, .F. ) ;
#1538 = CARTESIAN_POINT ( 'NONE',  ( 191.1003626056736948, 67.42191414661566284, -0.01000000000000000021 ) ) ;
#1539 = FACE_OUTER_BOUND ( 'NONE', #4296, .T. ) ;
#1540 = EDGE_CURVE ( 'NONE', #7844, #5866, #8376, .T. ) ;
#1541 = DIRECTION ( 'NONE',  ( 0.000000000000000000, 0.000000000000000000, -1.000000000000000000 ) ) ;
#1542 = EDGE_CURVE ( 'NONE', #5757, #7542, #7509, .T. ) ;
#1543 = AXIS2_PLACEMENT_3D ( 'NONE', #2844, #5760, #4447 ) ;
#1544 = EDGE_CURVE ( 'NONE', #1263, #4269, #6775, .T. ) ;
#1545 = EDGE_CURVE ( 'NONE', #4316, #3238, #5868, .T. ) ;
#1546 = CARTESIAN_POINT ( 'NONE',  ( 49.75736676166923900, 30.86812999581561101, -0.01000000000000000021 ) ) ;
#1547 = CARTESIAN_POINT ( 'NONE',  ( 114.8047139462799180, 11.24999999999625189, -9.990000000000000213 ) ) ;
#1548 = VERTEX_POINT ( 'NONE', #1697 ) ;
#1549 = ORIENTED_EDGE ( 'NONE', *, *, #2685, .T. ) ;
#1550 = DIRECTION ( 'NONE',  ( -0.2503800040544349459, 0.9681476403781095197, 0.000000000000000000 ) ) ;
#1551 = DIRECTION ( 'NONE',  ( -0.9681476403781390516, 0.2503800040543205374, 0.000000000000000000 ) ) ;
#1552 = EDGE_CURVE ( 'NONE', #4814, #9249, #2498, .T. ) ;
#1553 = ORIENTED_EDGE ( 'NONE', *, *, #9325, .T. ) ;
#1554 = DIRECTION ( 'NONE',  ( 1.000000000000000000, -0.000000000000000000, 0.000000000000000000 ) ) ;
#1555 = CARTESIAN_POINT ( 'NONE',  ( 62.51719122542532858, 17.99585786437927482, -9.999999999999996447 ) ) ;
#1556 = EDGE_CURVE ( 'NONE', #2993, #6722, #9397, .T. ) ;
#1557 = CARTESIAN_POINT ( 'NONE',  ( 64.26606710389913246, 11.24999999999624833, -9.990000000000000213 ) ) ;
#1558 = CARTESIAN_POINT ( 'NONE',  ( 54.83808196981986782, 11.24585786437251933, -1.066167633474168039E-15 ) ) ;
#1559 = CARTESIAN_POINT ( 'NONE',  ( 20.55693444618567156, 11.24999999999624833, -10.00000000000000000 ) ) ;
#1560 =( BOUNDED_CURVE ( )  B_SPLINE_CURVE ( 3, ( #9040, #2031, #6063, #6658 ),
 .UNSPECIFIED., .F., .T. ) 
 B_SPLINE_CURVE_WITH_KNOTS ( ( 4, 4 ),
 ( 3.141592653589793116, 4.712388980385361137 ),
 .UNSPECIFIED. ) 
 CURVE ( )  GEOMETRIC_REPRESENTATION_ITEM ( )  RATIONAL_B_SPLINE_CURVE ( ( 1.000000000000000000, 0.8047378541242068417, 0.8047378541242068417, 1.000000000000000000 ) ) 
 REPRESENTATION_ITEM ( '' )  );
#1561 = VERTEX_POINT ( 'NONE', #8657 ) ;
#1562 = ORIENTED_EDGE ( 'NONE', *, *, #21, .T. ) ;
#1563 = LINE ( 'NONE', #1617, #5121 ) ;
#1564 = VECTOR ( 'NONE', #5705, 1000.000000000000000 ) ;
#1565 = CARTESIAN_POINT ( 'NONE',  ( 97.71050821706877798, 17.99749619996245542, -10.00000000000000000 ) ) ;
#1566 = VECTOR ( 'NONE', #4872, 1000.000000000000000 ) ;
#1567 = VERTEX_POINT ( 'NONE', #7961 ) ;
#1568 = EDGE_LOOP ( 'NONE', ( #8934, #4574, #4179, #5399 ) ) ;
#1569 = VECTOR ( 'NONE', #9587, 1000.000000000000000 ) ;
#1570 = CARTESIAN_POINT ( 'NONE',  ( 41.15215904060847407, 18.00000000000299849, -0.009999999999999592548 ) ) ;
#1571 = ORIENTED_EDGE ( 'NONE', *, *, #3506, .F. ) ;
#1572 = CARTESIAN_POINT ( 'NONE',  ( 147.3401927755101610, 17.99585786437926771, -10.00000000000000000 ) ) ;
#1573 = CARTESIAN_POINT ( 'NONE',  ( 88.28261767729823362, 18.02540000000299969, -0.009999999999999592548 ) ) ;
#1574 = ORIENTED_EDGE ( 'NONE', *, *, #8525, .T. ) ;
#1575 = CARTESIAN_POINT ( 'NONE',  ( 154.2494944407215769, 17.99000000000300048, 0.000000000000000000 ) ) ;
#1576 = CARTESIAN_POINT ( 'NONE',  ( 282.9972739408158304, 0.009999999999999592548, -10.00000000000000000 ) ) ;
#1577 = AXIS2_PLACEMENT_3D ( 'NONE', #5446, #2322, #4690 ) ;
#1578 = VECTOR ( 'NONE', #1782, 1000.000000000000000 ) ;
#1579 = CARTESIAN_POINT ( 'NONE',  ( 137.9186220095705835, 18.00000000000299849, -0.009999999999999592548 ) ) ;
#1580 =( BOUNDED_CURVE ( )  B_SPLINE_CURVE ( 3, ( #8385, #6033, #3736, #2154 ),
 .UNSPECIFIED., .F., .F. ) 
 B_SPLINE_CURVE_WITH_KNOTS ( ( 4, 4 ),
 ( 3.141592653589793116, 4.712388980384798032 ),
 .UNSPECIFIED. ) 
 CURVE ( )  GEOMETRIC_REPRESENTATION_ITEM ( )  RATIONAL_B_SPLINE_CURVE ( ( 1.000000000000000000, 0.8047378541243395134, 0.8047378541243395134, 1.000000000000000000 ) ) 
 REPRESENTATION_ITEM ( '' )  );
#1581 = CARTESIAN_POINT ( 'NONE',  ( 38.58200564083357165, 8.022014901565565737, 0.000000000000000000 ) ) ;
#1582 = CARTESIAN_POINT ( 'NONE',  ( -189.9899999999999238, -83.00000000000000000, 0.000000000000000000 ) ) ;
#1583 = ORIENTED_EDGE ( 'NONE', *, *, #6167, .F. ) ;
#1584 = ORIENTED_EDGE ( 'NONE', *, *, #6629, .F. ) ;
#1585 = CARTESIAN_POINT ( 'NONE',  ( 283.1322439188190856, 17.99999999947503682, -9.999999999471246070 ) ) ;
#1586 = ORIENTED_EDGE ( 'NONE', *, *, #8230, .F. ) ;
#1587 = CARTESIAN_POINT ( 'NONE',  ( 203.8920676596365524, 18.00000000000299849, -0.009999999999999592548 ) ) ;
#1588 = VECTOR ( 'NONE', #1397, 1000.000000000000000 ) ;
#1589 = CARTESIAN_POINT ( 'NONE',  ( 32.08949228116868113, 26.29890697696560409, -0.01000000000000000021 ) ) ;
#1590 = CARTESIAN_POINT ( 'NONE',  ( 182.5270354748196553, 17.99585786437926060, 8.075785761232440744E-15 ) ) ;
#1591 = FACE_OUTER_BOUND ( 'NONE', #8138, .T. ) ;
#1592 = VECTOR ( 'NONE', #5082, 1000.000000000000000 ) ;
#1593 = DIRECTION ( 'NONE',  ( -1.000000000000000000, -0.000000000000000000, -0.000000000000000000 ) ) ;
#1594 = CARTESIAN_POINT ( 'NONE',  ( 218.4772713963835713, 11.23999999999625032, -10.00000000000000000 ) ) ;
#1595 = ORIENTED_EDGE ( 'NONE', *, *, #462, .F. ) ;
#1596 = ORIENTED_EDGE ( 'NONE', *, *, #3610, .T. ) ;
#1597 = EDGE_CURVE ( 'NONE', #6194, #5100, #2552, .T. ) ;
#1598 = DIRECTION ( 'NONE',  ( -1.000000000000000000, 0.000000000000000000, 0.000000000000000000 ) ) ;
#1599 = CARTESIAN_POINT ( 'NONE',  ( 164.5985508849229007, 60.56807961834066845, -9.990000000000000213 ) ) ;
#1600 = ORIENTED_EDGE ( 'NONE', *, *, #9360, .T. ) ;
#1601 = VECTOR ( 'NONE', #7065, 1000.000000000000000 ) ;
#1602 = EDGE_CURVE ( 'NONE', #3814, #5782, #2071, .T. ) ;
#1603 = CARTESIAN_POINT ( 'NONE',  ( 137.9154148255006476, 17.99585786437928192, -9.999999999999996447 ) ) ;
#1604 = PLANE ( 'NONE',  #4005 ) ;
#1605 = EDGE_CURVE ( 'NONE', #5863, #4400, #2795, .T. ) ;
#1606 = CARTESIAN_POINT ( 'NONE',  ( 282.9972739408158304, 0.009999999999999592548, 0.000000000000000000 ) ) ;
#1607 = CARTESIAN_POINT ( 'NONE',  ( 88.27604879065560795, 18.00000000000299849, -0.009999999999999592548 ) ) ;
#1608 = EDGE_CURVE ( 'NONE', #3235, #8312, #4768, .T. ) ;
#1609 = CARTESIAN_POINT ( 'NONE',  ( 54.84128915388969716, 11.24999999999624478, -0.004142135623731752793 ) ) ;
#1610 = PLANE ( 'NONE',  #6131 ) ;
#1611 = DIRECTION ( 'NONE',  ( -1.000000000000000000, 0.000000000000000000, 0.000000000000000000 ) ) ;
#1612 = ORIENTED_EDGE ( 'NONE', *, *, #6871, .F. ) ;
#1613 = EDGE_CURVE ( 'NONE', #4123, #2784, #4077, .T. ) ;
#1614 =( BOUNDED_CURVE ( )  B_SPLINE_CURVE ( 3, ( #5246, #8910, #6897, #1465 ),
 .UNSPECIFIED., .F., .F. ) 
 B_SPLINE_CURVE_WITH_KNOTS ( ( 4, 4 ),
 ( 3.141592653589793116, 4.712388980384689674 ),
 .UNSPECIFIED. ) 
 CURVE ( )  GEOMETRIC_REPRESENTATION_ITEM ( )  RATIONAL_B_SPLINE_CURVE ( ( 1.000000000000000000, 0.8047378541243649375, 0.8047378541243649375, 1.000000000000000000 ) ) 
 REPRESENTATION_ITEM ( '' )  );
#1615 = ORIENTED_EDGE ( 'NONE', *, *, #2519, .T. ) ;
#1616 = VECTOR ( 'NONE', #7970, 1000.000000000000000 ) ;
#1617 = CARTESIAN_POINT ( 'NONE',  ( 107.1352861670781920, 17.99749619996246963, -10.00000000000000000 ) ) ;
#1618 = LINE ( 'NONE', #4047, #3514 ) ;
#1619 = ADVANCED_FACE ( 'NONE', ( #1084 ), #1038, .F. ) ;
#1620 = ADVANCED_FACE ( 'NONE', ( #8601 ), #9345, .T. ) ;
#1621 = VECTOR ( 'NONE', #800, 1000.000000000000000 ) ;
#1622 = EDGE_LOOP ( 'NONE', ( #9070, #3781, #4011, #3011 ) ) ;
#1623 = ORIENTED_EDGE ( 'NONE', *, *, #5600, .F. ) ;
#1624 = CARTESIAN_POINT ( 'NONE',  ( 120.8147348039556874, 11.24999999999624833, -0.009999999999999592548 ) ) ;
#1625 = ORIENTED_EDGE ( 'NONE', *, *, #2348, .F. ) ;
#1626 = CYLINDRICAL_SURFACE ( 'NONE', #7861, 0.01000000000000000021 ) ;
#1627 = ORIENTED_EDGE ( 'NONE', *, *, #3582, .T. ) ;
#1628 = DIRECTION ( 'NONE',  ( -1.000000000000000000, 0.000000000000000000, 0.000000000000000000 ) ) ;
#1629 = VECTOR ( 'NONE', #6524, 1000.000000000000000 ) ;
#1630 = CARTESIAN_POINT ( 'NONE',  ( 0.000000000000000000, 18.00000000000299849, -9.990000000000000213 ) ) ;
#1631 = CARTESIAN_POINT ( 'NONE',  ( 43.66427362283370428, 18.02540000000299969, -10.00000000000000000 ) ) ;
#1632 = CYLINDRICAL_SURFACE ( 'NONE', #7833, 0.01000000000000000021 ) ;
#1633 = DIRECTION ( 'NONE',  ( -0.2503800040544349459, 0.9681476403781095197, 0.000000000000000000 ) ) ;
#1634 = FACE_OUTER_BOUND ( 'NONE', #1894, .T. ) ;
#1635 = EDGE_CURVE ( 'NONE', #1280, #8083, #3362, .T. ) ;
#1636 = ORIENTED_EDGE ( 'NONE', *, *, #9721, .F. ) ;
#1637 = ORIENTED_EDGE ( 'NONE', *, *, #6108, .F. ) ;
#1638 = AXIS2_PLACEMENT_3D ( 'NONE', #3151, #6488, #1966 ) ;
#1639 = DIRECTION ( 'NONE',  ( 0.2503800040544349459, 0.9681476403781095197, 0.000000000000000000 ) ) ;
#1640 = ORIENTED_EDGE ( 'NONE', *, *, #7988, .F. ) ;
#1641 = CARTESIAN_POINT ( 'NONE',  ( 237.3345701236808623, 11.23999999999625032, 0.000000000000000000 ) ) ;
#1642 = DIRECTION ( 'NONE',  ( 0.2503800040544349459, 0.9681476403781095197, 0.000000000000000000 ) ) ;
#1643 = DIRECTION ( 'NONE',  ( 1.000000000000000000, -0.000000000000000000, 0.000000000000000000 ) ) ;
#1644 =( BOUNDED_CURVE ( )  B_SPLINE_CURVE ( 3, ( #9408, #1706, #4088, #214 ),
 .UNSPECIFIED., .F., .F. ) 
 B_SPLINE_CURVE_WITH_KNOTS ( ( 4, 4 ),
 ( 0.000000000000000000, 1.570796326795113496 ),
 .UNSPECIFIED. ) 
 CURVE ( )  GEOMETRIC_REPRESENTATION_ITEM ( )  RATIONAL_B_SPLINE_CURVE ( ( 1.000000000000000000, 0.8047378541243138672, 0.8047378541243138672, 1.000000000000000000 ) ) 
 REPRESENTATION_ITEM ( '' )  );
#1645 = AXIS2_PLACEMENT_3D ( 'NONE', #7973, #364, #5736 ) ;
#1646 = CIRCLE ( 'NONE', #6616, 0.009999999999999592548 ) ;
#1647 = CARTESIAN_POINT ( 'NONE',  ( 218.4772713963835997, 11.24999999999625011, -9.990000000000000213 ) ) ;
#1648 = CARTESIAN_POINT ( 'NONE',  ( 177.3634025040122424, 11.24999999999624833, -9.990000000000000213 ) ) ;
#1649 = ORIENTED_EDGE ( 'NONE', *, *, #6944, .T. ) ;
#1650 = ORIENTED_EDGE ( 'NONE', *, *, #441, .T. ) ;
#1651 = CARTESIAN_POINT ( 'NONE',  ( 114.8079211303497260, 11.24585786437251400, 4.340532324096351870E-15 ) ) ;
#1652 = DIRECTION ( 'NONE',  ( -0.9681476403780900908, -0.2503800040545097749, 0.000000000000000000 ) ) ;
#1653 = ORIENTED_EDGE ( 'NONE', *, *, #3276, .F. ) ;
#1654 = AXIS2_PLACEMENT_3D ( 'NONE', #6963, #324, #4709 ) ;
#1655 = CARTESIAN_POINT ( 'NONE',  ( 86.53812292353006796, 11.23999999999625032, 0.000000000000000000 ) ) ;
#1656 = EDGE_CURVE ( 'NONE', #4063, #3774, #8706, .T. ) ;
#1657 = DIRECTION ( 'NONE',  ( 1.000000000000000000, -0.000000000000000000, -0.000000000000000000 ) ) ;
#1658 = VECTOR ( 'NONE', #6378, 1000.000000000000000 ) ;
#1659 = DIRECTION ( 'NONE',  ( 0.9681476403780729934, -0.2503800040545756667, 0.000000000000000000 ) ) ;
#1660 = EDGE_CURVE ( 'NONE', #3048, #2341, #9448, .T. ) ;
#1661 = CARTESIAN_POINT ( 'NONE',  ( 282.9972739408158304, 0.000000000000000000, -0.009999999999999592548 ) ) ;
#1662 = CARTESIAN_POINT ( 'NONE',  ( 149.0890686539839578, 11.24999999999624833, -9.990000000000000213 ) ) ;
#1663 = CARTESIAN_POINT ( 'NONE',  ( 144.5892525238369615, -19.39332321153449001, 0.000000000000000000 ) ) ;
#1664 = DIRECTION ( 'NONE',  ( -0.000000000000000000, -0.000000000000000000, 1.000000000000000000 ) ) ;
#1665 = VERTEX_POINT ( 'NONE', #7207 ) ;
#1666 = ORIENTED_EDGE ( 'NONE', *, *, #2847, .T. ) ;
#1667 = ADVANCED_FACE ( 'NONE', ( #5574 ), #351, .T. ) ;
#1668 = CARTESIAN_POINT ( 'NONE',  ( 224.4840850699894474, 11.24585786437252644, -2.971703653832977205E-15 ) ) ;
#1669 = EDGE_CURVE ( 'NONE', #498, #2832, #6624, .T. ) ;
#1670 = ADVANCED_FACE ( 'NONE', ( #9298 ), #4313, .T. ) ;
#1671 = DIRECTION ( 'NONE',  ( 1.000000000000000000, 0.000000000000000000, 0.000000000000000000 ) ) ;
#1672 = ADVANCED_FACE ( 'NONE', ( #1274 ), #5722, .F. ) ;
#1673 = EDGE_LOOP ( 'NONE', ( #2310, #5414, #7473, #5844 ) ) ;
#1674 = ORIENTED_EDGE ( 'NONE', *, *, #3985, .F. ) ;
#1675 = CARTESIAN_POINT ( 'NONE',  ( 239.0887463538528266, 18.02289619996245307, -0.009999999999999592548 ) ) ;
#1676 = ORIENTED_EDGE ( 'NONE', *, *, #2605, .T. ) ;
#1677 = CARTESIAN_POINT ( 'NONE',  ( 0.000000000000000000, 18.00000000000299849, -9.990000000000000213 ) ) ;
#1678 = LINE ( 'NONE', #9180, #6274 ) ;
#1679 = ORIENTED_EDGE ( 'NONE', *, *, #7454, .F. ) ;
#1680 = ADVANCED_FACE ( 'NONE', ( #3508 ), #442, .T. ) ;
#1681 = CARTESIAN_POINT ( 'NONE',  ( 191.9486062407592897, 18.00000000000299494, -0.004142135623730637366 ) ) ;
#1682 = CARTESIAN_POINT ( 'NONE',  ( 67.68403138030261346, 11.24585786437251400, -10.00000000000000355 ) ) ;
#1683 = CARTESIAN_POINT ( 'NONE',  ( 0.000000000000000000, 17.99000000000300048, -9.990000000000000213 ) ) ;
#1684 = CARTESIAN_POINT ( 'NONE',  ( 133.6542698462987460, 11.24999999999624833, -10.00000000000000000 ) ) ;
#1685 = CARTESIAN_POINT ( 'NONE',  ( 153.4231897640872546, -21.67793472095950236, -9.990000000000000213 ) ) ;
#1686 = ORIENTED_EDGE ( 'NONE', *, *, #7125, .T. ) ;
#1687 = EDGE_LOOP ( 'NONE', ( #4260, #7163, #6637, #6164 ) ) ;
#1688 = CARTESIAN_POINT ( 'NONE',  ( 166.1929558595988112, 18.00000000000300204, -0.004142135623729943476 ) ) ;
#1689 = ORIENTED_EDGE ( 'NONE', *, *, #946, .F. ) ;
#1690 = PLANE ( 'NONE',  #6039 ) ;
#1691 = CARTESIAN_POINT ( 'NONE',  ( 124.2372347235677807, 11.23999999999625032, 0.000000000000000000 ) ) ;
#1692 = PRODUCT_RELATED_PRODUCT_CATEGORY ( 'part', '', ( #4448 ) ) ;
#1693 = PLANE ( 'NONE',  #4015 ) ;
#1694 = CARTESIAN_POINT ( 'NONE',  ( 0.000000000000000000, 11.23999999999625032, 0.000000000000000000 ) ) ;
#1695 = CARTESIAN_POINT ( 'NONE',  ( 222.7416235596554088, 18.00000000000299849, -10.00000000000000000 ) ) ;
#1696 = VECTOR ( 'NONE', #663, 1000.000000000000000 ) ;
#1697 = CARTESIAN_POINT ( 'NONE',  ( 53.09562045948576525, 18.00000000000299849, -9.990000000000000213 ) ) ;
#1698 = CARTESIAN_POINT ( 'NONE',  ( 227.9020493463929995, 11.24999999999624833, -0.009999999999999592548 ) ) ;
#1699 = ORIENTED_EDGE ( 'NONE', *, *, #8088, .T. ) ;
#1700 = VERTEX_POINT ( 'NONE', #7302 ) ;
#1701 = LINE ( 'NONE', #8559, #1006 ) ;
#1702 = CARTESIAN_POINT ( 'NONE',  ( 161.9286036963270874, 11.24999999999625011, -9.995857864376269220 ) ) ;
#1703 = VERTEX_POINT ( 'NONE', #9531 ) ;
#1704 = VECTOR ( 'NONE', #6117, 1000.000000000000000 ) ;
#1705 = EDGE_LOOP ( 'NONE', ( #9041, #8074, #2045, #1253 ) ) ;
#1706 = CARTESIAN_POINT ( 'NONE',  ( 213.3168456096458954, 18.00000000000300204, -0.004142135623729943476 ) ) ;
#1707 = DIRECTION ( 'NONE',  ( -0.9681476403780548967, -0.2503800040546457217, 0.000000000000000000 ) ) ;
#1708 = FACE_OUTER_BOUND ( 'NONE', #7688, .T. ) ;
#1709 = CARTESIAN_POINT ( 'NONE',  ( 205.6299935267620356, 11.23999999999625032, -10.00000000000000000 ) ) ;
#1710 = DIRECTION ( 'NONE',  ( 0.000000000000000000, 0.000000000000000000, 1.000000000000000000 ) ) ;
#1711 = CARTESIAN_POINT ( 'NONE',  ( 185.0425117596176676, 18.00000000000300204, -9.995857864376265667 ) ) ;
#1712 = DIRECTION ( 'NONE',  ( 1.000000000000000000, -0.000000000000000000, 0.000000000000000000 ) ) ;
#1713 = DIRECTION ( 'NONE',  ( 0.000000000000000000, 0.000000000000000000, -1.000000000000000000 ) ) ;
#1714 = EDGE_LOOP ( 'NONE', ( #2421, #5091, #8861, #8006 ) ) ;
#1715 = EDGE_CURVE ( 'NONE', #6722, #8243, #3658, .T. ) ;
#1716 = LINE ( 'NONE', #3943, #4016 ) ;
#1717 = FACE_OUTER_BOUND ( 'NONE', #2256, .T. ) ;
#1718 = VERTEX_POINT ( 'NONE', #4221 ) ;
#1719 = EDGE_LOOP ( 'NONE', ( #6540, #6381, #2403, #8311 ) ) ;
#1720 = EDGE_CURVE ( 'NONE', #5683, #3019, #3611, .T. ) ;
#1721 = DIRECTION ( 'NONE',  ( -0.2503800040544349459, -0.9681476403781095197, 0.000000000000000000 ) ) ;
#1722 = ADVANCED_FACE ( 'NONE', ( #7392 ), #3561, .F. ) ;
#1723 = CARTESIAN_POINT ( 'NONE',  ( 229.6573995172007301, 17.99749619996245897, -10.00000000000000000 ) ) ;
#1724 =( BOUNDED_CURVE ( )  B_SPLINE_CURVE ( 3, ( #9588, #8016, #2554, #5817 ),
 .UNSPECIFIED., .F., .T. ) 
 B_SPLINE_CURVE_WITH_KNOTS ( ( 4, 4 ),
 ( 0.000000000000000000, 1.570796326795113496 ),
 .UNSPECIFIED. ) 
 CURVE ( )  GEOMETRIC_REPRESENTATION_ITEM ( )  RATIONAL_B_SPLINE_CURVE ( ( 1.000000000000000000, 0.8047378541243138672, 0.8047378541243138672, 1.000000000000000000 ) ) 
 REPRESENTATION_ITEM ( '' )  );
#1725 = CARTESIAN_POINT ( 'NONE',  ( 194.4595468823486613, 17.99000000000300048, 0.000000000000000000 ) ) ;
#1726 = ORIENTED_EDGE ( 'NONE', *, *, #1052, .F. ) ;
#1727 = CARTESIAN_POINT ( 'NONE',  ( 166.1852130323204051, 17.99000000000300048, 0.000000000000000000 ) ) ;
#1728 = EDGE_CURVE ( 'NONE', #2910, #6389, #8284, .T. ) ;
#1729 = CARTESIAN_POINT ( 'NONE',  ( 171.3533816463364587, 11.23999999999625032, -10.00000000000000000 ) ) ;
#1730 = LINE ( 'NONE', #8589, #3909 ) ;
#1731 = VECTOR ( 'NONE', #5004, 1000.000000000000000 ) ;
#1732 = EDGE_CURVE ( 'NONE', #1561, #4436, #8151, .T. ) ;
#1733 = CARTESIAN_POINT ( 'NONE',  ( 105.3799359962704898, 11.24999999999624833, -0.009999999999999592548 ) ) ;
#1734 = DIRECTION ( 'NONE',  ( 0.000000000000000000, 0.000000000000000000, 1.000000000000000000 ) ) ;
#1735 = EDGE_LOOP ( 'NONE', ( #3057, #3200, #841, #4657 ) ) ;
#1736 = ORIENTED_EDGE ( 'NONE', *, *, #6632, .F. ) ;
#1737 = CARTESIAN_POINT ( 'NONE',  ( 283.4373694134515631, 17.76587623407296235, -9.765876234070093531 ) ) ;
#1738 = EDGE_LOOP ( 'NONE', ( #6990, #9424, #1040, #980 ) ) ;
#1739 = CARTESIAN_POINT ( 'NONE',  ( 194.4595468823486328, 17.99000000000300403, -10.00000000000000000 ) ) ;
#1740 = FACE_OUTER_BOUND ( 'NONE', #8946, .T. ) ;
#1741 = DIRECTION ( 'NONE',  ( -0.2503800040544349459, 0.9681476403781095197, 0.000000000000000000 ) ) ;
#1742 = AXIS2_PLACEMENT_3D ( 'NONE', #5648, #8080, #3484 ) ;
#1743 = EDGE_CURVE ( 'NONE', #550, #2642, #5555, .T. ) ;
#1744 = VECTOR ( 'NONE', #2957, 1000.000000000000000 ) ;
#1745 = FACE_OUTER_BOUND ( 'NONE', #1513, .T. ) ;
#1746 = CARTESIAN_POINT ( 'NONE',  ( 218.4772713963835713, 11.24999999999624478, -9.995857864376263890 ) ) ;
#1747 = EDGE_CURVE ( 'NONE', #144, #3774, #7643, .T. ) ;
#1748 = CARTESIAN_POINT ( 'NONE',  ( 218.4804785804534220, 11.24585786437251755, 4.071938083478370545E-16 ) ) ;
#1749 = DIRECTION ( 'NONE',  ( 0.000000000000000000, -0.000000000000000000, 1.000000000000000000 ) ) ;
#1750 = ORIENTED_EDGE ( 'NONE', *, *, #5296, .F. ) ;
#1751 = EDGE_LOOP ( 'NONE', ( #3941, #8774, #3198, #3023 ) ) ;
#1752 = CARTESIAN_POINT ( 'NONE',  ( 20.56467727346408836, 11.23999999999625032, 0.000000000000000000 ) ) ;
#1753 = CYLINDRICAL_SURFACE ( 'NONE', #843, 0.01000000000000105319 ) ;
#1754 = EDGE_CURVE ( 'NONE', #2644, #2489, #8665, .T. ) ;
#1755 = ORIENTED_EDGE ( 'NONE', *, *, #9369, .F. ) ;
#1756 = ORIENTED_EDGE ( 'NONE', *, *, #6386, .F. ) ;
#1757 = PLANE ( 'NONE',  #959 ) ;
#1758 = VECTOR ( 'NONE', #5880, 1000.000000000000000 ) ;
#1759 = CARTESIAN_POINT ( 'NONE',  ( 26.55921247658302420, 11.23999999999625032, -10.00000000000000000 ) ) ;
#1760 = DIRECTION ( 'NONE',  ( -1.000000000000000000, 0.000000000000000000, 0.000000000000000000 ) ) ;
#1761 = FACE_OUTER_BOUND ( 'NONE', #62, .T. ) ;
#1762 =( BOUNDED_CURVE ( )  B_SPLINE_CURVE ( 3, ( #8728, #4797, #6247, #5505 ),
 .UNSPECIFIED., .F., .F. ) 
 B_SPLINE_CURVE_WITH_KNOTS ( ( 4, 4 ),
 ( 3.141592653589793116, 4.712388980384689674 ),
 .UNSPECIFIED. ) 
 CURVE ( )  GEOMETRIC_REPRESENTATION_ITEM ( )  RATIONAL_B_SPLINE_CURVE ( ( 1.000000000000000000, 0.8047378541243649375, 0.8047378541243649375, 1.000000000000000000 ) ) 
 REPRESENTATION_ITEM ( '' )  );
#1763 = FACE_OUTER_BOUND ( 'NONE', #8909, .T. ) ;
#1764 = FACE_OUTER_BOUND ( 'NONE', #497, .T. ) ;
#1765 = VECTOR ( 'NONE', #439, 1000.000000000000000 ) ;
#1766 = ADVANCED_FACE ( 'NONE', ( #9680 ), #5160, .T. ) ;
#1767 = VERTEX_POINT ( 'NONE', #4408 ) ;
#1768 = CARTESIAN_POINT ( 'NONE',  ( 283.4433873497861214, 0.2390066277837754882, -9.755773504771376281 ) ) ;
#1769 = CARTESIAN_POINT ( 'NONE',  ( 111.3822140266678389, 11.23999999999625210, 0.000000000000000000 ) ) ;
#1770 = VECTOR ( 'NONE', #4070, 1000.000000000000000 ) ;
#1771 = VERTEX_POINT ( 'NONE', #7443 ) ;
#1772 = EDGE_LOOP ( 'NONE', ( #5603, #9707, #4374, #1777 ) ) ;
#1773 = CARTESIAN_POINT ( 'NONE',  ( 73.68310222663015452, 11.23999999999625032, -10.00000000000000000 ) ) ;
#1774 = FACE_OUTER_BOUND ( 'NONE', #5864, .T. ) ;
#1775 = CARTESIAN_POINT ( 'NONE',  ( -180.0000000000000000, 1.123325935484965805E-14, -0.009999999999999592548 ) ) ;
#1776 = DIRECTION ( 'NONE',  ( 0.9681476403781095197, -0.2503800040544349459, 0.000000000000000000 ) ) ;
#1777 = ORIENTED_EDGE ( 'NONE', *, *, #3741, .T. ) ;
#1778 = CARTESIAN_POINT ( 'NONE',  ( 0.000000000000000000, 17.99000000000300048, -10.00000000000000000 ) ) ;
#1779 = CARTESIAN_POINT ( 'NONE',  ( 144.8247164907121487, 18.00000000000299849, -9.990000000000000213 ) ) ;
#1780 = ADVANCED_FACE ( 'NONE', ( #5767 ), #8788, .T. ) ;
#1781 = TOROIDAL_SURFACE ( 'NONE', #4045, 17.98999999999998778, 0.01000000000000000021 ) ;
#1782 = DIRECTION ( 'NONE',  ( 0.2503800040544349459, 0.9681476403781095197, 0.000000000000000000 ) ) ;
#1783 =( BOUNDED_CURVE ( )  B_SPLINE_CURVE ( 3, ( #4202, #4949, #9518, #7896 ),
 .UNSPECIFIED., .F., .T. ) 
 B_SPLINE_CURVE_WITH_KNOTS ( ( 4, 4 ),
 ( 3.141592653589793116, 4.712388980384353943 ),
 .UNSPECIFIED. ) 
 CURVE ( )  GEOMETRIC_REPRESENTATION_ITEM ( )  RATIONAL_B_SPLINE_CURVE ( ( 1.000000000000000000, 0.8047378541244440964, 0.8047378541244440964, 1.000000000000000000 ) ) 
 REPRESENTATION_ITEM ( '' )  );
#1784 = CARTESIAN_POINT ( 'NONE',  ( 0.000000000000000000, 11.23999999999625032, 0.000000000000000000 ) ) ;
#1785 = EDGE_LOOP ( 'NONE', ( #3573, #8975, #5911, #8124 ) ) ;
#1786 = EDGE_CURVE ( 'NONE', #2244, #8278, #639, .T. ) ;
#1787 = VERTEX_POINT ( 'NONE', #6061 ) ;
#1788 = CARTESIAN_POINT ( 'NONE',  ( 209.0524934463741431, 11.24999999999624833, -9.990000000000000213 ) ) ;
#1789 = ORIENTED_EDGE ( 'NONE', *, *, #6396, .F. ) ;
#1790 = CARTESIAN_POINT ( 'NONE',  ( 227.9052565304628502, 11.24585786437251755, 4.071938083478370545E-16 ) ) ;
#1791 = CARTESIAN_POINT ( 'NONE',  ( 222.7338807323769458, 17.99000000000299693, -10.00000000000000000 ) ) ;
#1792 = CARTESIAN_POINT ( 'NONE',  ( 109.6365453322638785, 17.99000000000300048, -10.00000000000000000 ) ) ;
#1793 = VECTOR ( 'NONE', #2084, 1000.000000000000000 ) ;
#1794 = CARTESIAN_POINT ( 'NONE',  ( 209.0524934463741431, 11.24999999999624833, -0.009999999999999592548 ) ) ;
#1795 = EDGE_CURVE ( 'NONE', #1548, #2475, #786, .T. ) ;
#1796 = CARTESIAN_POINT ( 'NONE',  ( 0.000000000000000000, 18.00000000000299849, -10.00000000000000000 ) ) ;
#1797 = CARTESIAN_POINT ( 'NONE',  ( 71.94196917543479231, 17.99585786437927482, -10.00000000000000178 ) ) ;
#1798 = ORIENTED_EDGE ( 'NONE', *, *, #9280, .F. ) ;
#1799 = EDGE_CURVE ( 'NONE', #2692, #1189, #7650, .T. ) ;
#1800 = ORIENTED_EDGE ( 'NONE', *, *, #4454, .T. ) ;
#1801 = CARTESIAN_POINT ( 'NONE',  ( 100.2195102095328707, 18.00000000000299849, -0.009999999999999592548 ) ) ;
#1802 = EDGE_LOOP ( 'NONE', ( #8899, #3540, #1319, #8748 ) ) ;
#1803 = VERTEX_POINT ( 'NONE', #1432 ) ;
#1804 = CARTESIAN_POINT ( 'NONE',  ( 5.968523525368810034, 17.99585786437927126, -10.00000000000000000 ) ) ;
#1805 = EDGE_CURVE ( 'NONE', #7258, #7920, #5316, .T. ) ;
#1806 = VECTOR ( 'NONE', #160, 1000.000000000000000 ) ;
#1807 = AXIS2_PLACEMENT_3D ( 'NONE', #9807, #2199, #1551 ) ;
#1808 = CARTESIAN_POINT ( 'NONE',  ( 135.4076813679811835, 17.99000000000300048, -10.00000000000000000 ) ) ;
#1809 = CARTESIAN_POINT ( 'NONE',  ( 201.3896345538151138, 18.02289619996245307, -0.009999999999999592548 ) ) ;
#1810 = CARTESIAN_POINT ( 'NONE',  ( 39.40649034620452085, 11.24999999999624833, -0.009999999999999592548 ) ) ;
#1811 = CARTESIAN_POINT ( 'NONE',  ( 130.2317699266866668, 11.23999999999625032, -10.00000000000000000 ) ) ;
#1812 = LINE ( 'NONE', #7781, #1295 ) ;
#1813 = CARTESIAN_POINT ( 'NONE',  ( 155.7646136446725791, 58.28346810891565610, -0.01000000000000000021 ) ) ;
#1814 = ORIENTED_EDGE ( 'NONE', *, *, #2204, .F. ) ;
#1815 = CARTESIAN_POINT ( 'NONE',  ( 69.43617436704052182, 17.99749619996245897, -10.00000000000000000 ) ) ;
#1816 = AXIS2_PLACEMENT_3D ( 'NONE', #9681, #5909, #2083 ) ;
#1817 = CARTESIAN_POINT ( 'NONE',  ( 147.3356571323015771, 17.99000000000300048, 0.000000000000000000 ) ) ;
#1818 = EDGE_LOOP ( 'NONE', ( #4050, #7248, #1666, #2975 ) ) ;
#1819 = EDGE_CURVE ( 'NONE', #8278, #3492, #3810, .T. ) ;
#1820 =( BOUNDED_CURVE ( )  B_SPLINE_CURVE ( 3, ( #2837, #7331, #8731, #2687 ),
 .UNSPECIFIED., .F., .F. ) 
 B_SPLINE_CURVE_WITH_KNOTS ( ( 4, 4 ),
 ( 3.141592653589793116, 4.712388980384472958 ),
 .UNSPECIFIED. ) 
 CURVE ( )  GEOMETRIC_REPRESENTATION_ITEM ( )  RATIONAL_B_SPLINE_CURVE ( ( 1.000000000000000000, 0.8047378541244161188, 0.8047378541244161188, 1.000000000000000000 ) ) 
 REPRESENTATION_ITEM ( '' )  );
#1821 = ORIENTED_EDGE ( 'NONE', *, *, #2597, .T. ) ;
#1822 = ORIENTED_EDGE ( 'NONE', *, *, #2103, .T. ) ;
#1823 = DIRECTION ( 'NONE',  ( 0.000000000000000000, 0.000000000000000000, -1.000000000000000000 ) ) ;
#1824 = ORIENTED_EDGE ( 'NONE', *, *, #1597, .F. ) ;
#1825 = DIRECTION ( 'NONE',  ( -1.000000000000000000, 0.000000000000000000, 0.000000000000000000 ) ) ;
#1826 = DIRECTION ( 'NONE',  ( -4.382459307730881392E-16, -1.000000000000000000, 0.000000000000000000 ) ) ;
#1827 = VERTEX_POINT ( 'NONE', #2335 ) ;
#1828 = CARTESIAN_POINT ( 'NONE',  ( 60.01139641703110783, 17.99749619996245897, -10.00000000000000000 ) ) ;
#1829 = CARTESIAN_POINT ( 'NONE',  ( 41.15990186788690153, 17.99000000000300048, -10.00000000000000000 ) ) ;
#1830 = CARTESIAN_POINT ( 'NONE',  ( 130.2317699266866668, 11.23999999999625032, -10.00000000000000000 ) ) ;
#1831 = CARTESIAN_POINT ( 'NONE',  ( 283.4972739408158304, 0.5000000000000000000, -10.00000000000000000 ) ) ;
#1832 = ORIENTED_EDGE ( 'NONE', *, *, #8320, .F. ) ;
#1833 = VERTEX_POINT ( 'NONE', #3052 ) ;
#1834 = DIRECTION ( 'NONE',  ( -0.2503800040544349459, 0.9681476403781095197, -0.000000000000000000 ) ) ;
#1835 = VERTEX_POINT ( 'NONE', #6857 ) ;
#1836 = DIRECTION ( 'NONE',  ( 0.9681476403781095197, -0.2503800040544349459, 0.000000000000000000 ) ) ;
#1837 = CARTESIAN_POINT ( 'NONE',  ( 128.4861012322827207, 17.99000000000300048, 0.000000000000000000 ) ) ;
#1838 = LINE ( 'NONE', #6505, #3363 ) ;
#1839 = LINE ( 'NONE', #5810, #1765 ) ;
#1840 = DIRECTION ( 'NONE',  ( 0.000000000000000000, 0.000000000000000000, 1.000000000000000000 ) ) ;
#1841 = ADVANCED_FACE ( 'NONE', ( #9729 ), #8308, .T. ) ;
#1842 = CARTESIAN_POINT ( 'NONE',  ( 137.9186220095705835, 18.00000000000299849, -10.00000000000000000 ) ) ;
#1843 = ORIENTED_EDGE ( 'NONE', *, *, #6667, .F. ) ;
#1844 = ORIENTED_EDGE ( 'NONE', *, *, #380, .T. ) ;
#1845 = CARTESIAN_POINT ( 'NONE',  ( 229.6639684038433984, 18.02289619996245307, -0.009999999999999592548 ) ) ;
#1846 = ORIENTED_EDGE ( 'NONE', *, *, #2467, .T. ) ;
#1847 = EDGE_CURVE ( 'NONE', #1504, #612, #3005, .T. ) ;
#1848 = ORIENTED_EDGE ( 'NONE', *, *, #7702, .F. ) ;
#1849 = EDGE_CURVE ( 'NONE', #3118, #4063, #6110, .T. ) ;
#1850 = EDGE_CURVE ( 'NONE', #3019, #7047, #5369, .T. ) ;
#1851 = CARTESIAN_POINT ( 'NONE',  ( 0.000000000000000000, 17.99000000000300048, -0.01000000000000000021 ) ) ;
#1852 = CARTESIAN_POINT ( 'NONE',  ( 147.3433999595799833, 18.00000000000299849, -0.009999999999999592548 ) ) ;
#1853 = DIRECTION ( 'NONE',  ( 0.2503800040544349459, -0.9681476403781095197, 0.000000000000000000 ) ) ;
#1854 = ADVANCED_FACE ( 'NONE', ( #4602 ), #8447, .T. ) ;
#1855 = AXIS2_PLACEMENT_3D ( 'NONE', #8524, #3129, #1009 ) ;
#1856 = CARTESIAN_POINT ( 'NONE',  ( 210.7981621407780892, 18.00000000000299494, -0.004142135623724395831 ) ) ;
#1857 = DIRECTION ( 'NONE',  ( -0.2503800040544349459, 0.9681476403781095197, 0.000000000000000000 ) ) ;
#1858 = CARTESIAN_POINT ( 'NONE',  ( 60.01796530367374771, 18.02289619996245307, -0.009999999999999592548 ) ) ;
#1859 =( BOUNDED_CURVE ( )  B_SPLINE_CURVE ( 3, ( #5719, #8202, #8878, #1887 ),
 .UNSPECIFIED., .F., .T. ) 
 B_SPLINE_CURVE_WITH_KNOTS ( ( 4, 4 ),
 ( 3.141592653589793116, 4.712388980384581316 ),
 .UNSPECIFIED. ) 
 CURVE ( )  GEOMETRIC_REPRESENTATION_ITEM ( )  RATIONAL_B_SPLINE_CURVE ( ( 1.000000000000000000, 0.8047378541243905836, 0.8047378541243905836, 1.000000000000000000 ) ) 
 REPRESENTATION_ITEM ( '' )  );
#1860 = DIRECTION ( 'NONE',  ( 1.000000000000000000, -0.000000000000000000, -0.000000000000000000 ) ) ;
#1861 = EDGE_LOOP ( 'NONE', ( #5441, #1980, #8232, #178 ) ) ;
#1862 = EDGE_CURVE ( 'NONE', #7400, #1154, #9787, .T. ) ;
#1863 = CARTESIAN_POINT ( 'NONE',  ( 215.0547714767714638, 11.23999999999625032, -10.00000000000000000 ) ) ;
#1864 = VECTOR ( 'NONE', #1522, 1000.000000000000000 ) ;
#1865 = CARTESIAN_POINT ( 'NONE',  ( 0.000000000000000000, 17.99000000000300048, -10.00000000000000000 ) ) ;
#1866 = VERTEX_POINT ( 'NONE', #6014 ) ;
#1867 = LINE ( 'NONE', #4654, #4708 ) ;
#1868 =( BOUNDED_CURVE ( )  B_SPLINE_CURVE ( 3, ( #3712, #9036, #3101, #9884 ),
 .UNSPECIFIED., .F., .F. ) 
 B_SPLINE_CURVE_WITH_KNOTS ( ( 4, 4 ),
 ( 0.000000000000000000, 1.570796326794896558 ),
 .UNSPECIFIED. ) 
 CURVE ( )  GEOMETRIC_REPRESENTATION_ITEM ( )  RATIONAL_B_SPLINE_CURVE ( ( 1.000000000000000000, 0.8047378541243649375, 0.8047378541243649375, 1.000000000000000000 ) ) 
 REPRESENTATION_ITEM ( '' )  );
#1869 = EDGE_LOOP ( 'NONE', ( #8957, #3156, #3623, #9778 ) ) ;
#1870 = LINE ( 'NONE', #8084, #5721 ) ;
#1871 = CARTESIAN_POINT ( 'NONE',  ( 282.9972739408158304, 18.00000000000299849, -0.009999999999999592548 ) ) ;
#1872 = VERTEX_POINT ( 'NONE', #2182 ) ;
#1873 = LINE ( 'NONE', #2580, #9048 ) ;
#1874 = LINE ( 'NONE', #1116, #6913 ) ;
#1875 = ORIENTED_EDGE ( 'NONE', *, *, #5181, .F. ) ;
#1876 = CARTESIAN_POINT ( 'NONE',  ( 190.2029375463553151, 11.24999999999624833, -9.990000000000000213 ) ) ;
#1877 = CARTESIAN_POINT ( 'NONE',  ( 124.2294918962893462, 11.24999999999624833, -9.990000000000000213 ) ) ;
#1878 = ORIENTED_EDGE ( 'NONE', *, *, #5367, .T. ) ;
#1879 = VERTEX_POINT ( 'NONE', #3862 ) ;
#1880 = CYLINDRICAL_SURFACE ( 'NONE', #3914, 0.009999999999999592548 ) ;
#1881 = ORIENTED_EDGE ( 'NONE', *, *, #1354, .F. ) ;
#1882 = FACE_OUTER_BOUND ( 'NONE', #6900, .T. ) ;
#1883 = EDGE_CURVE ( 'NONE', #3089, #9590, #6914, .T. ) ;
#1884 = CARTESIAN_POINT ( 'NONE',  ( 39.41423317348293409, 11.23999999999625032, 0.000000000000000000 ) ) ;
#1885 = CYLINDRICAL_SURFACE ( 'NONE', #2057, 0.01000000000000000021 ) ;
#1886 = LINE ( 'NONE', #7254, #6733 ) ;
#1887 = CARTESIAN_POINT ( 'NONE',  ( 124.2372347235677523, 11.23999999999625210, -10.00000000000000000 ) ) ;
#1888 = VECTOR ( 'NONE', #6239, 1000.000000000000000 ) ;
#1889 = CIRCLE ( 'NONE', #3991, 0.009999999999999592548 ) ;
#1890 = CARTESIAN_POINT ( 'NONE',  ( 283.4972739408158304, 17.79289321881645236, -9.787035354437183088 ) ) ;
#1891 = ORIENTED_EDGE ( 'NONE', *, *, #9306, .T. ) ;
#1892 = ORIENTED_EDGE ( 'NONE', *, *, #1977, .T. ) ;
#1893 = DIRECTION ( 'NONE',  ( 1.000000000000000000, -0.000000000000000000, 0.000000000000000000 ) ) ;
#1894 = EDGE_LOOP ( 'NONE', ( #4515, #8463, #1625, #531 ) ) ;
#1895 = VECTOR ( 'NONE', #6012, 1000.000000000000000 ) ;
#1896 = ORIENTED_EDGE ( 'NONE', *, *, #5558, .F. ) ;
#1897 = DIRECTION ( 'NONE',  ( 1.000000000000000000, 0.000000000000000000, 0.000000000000000000 ) ) ;
#1898 = CARTESIAN_POINT ( 'NONE',  ( 7.709656576564182018, 11.23999999999625032, -10.00000000000000000 ) ) ;
#1899 = VECTOR ( 'NONE', #8386, 1000.000000000000000 ) ;
#1900 = VECTOR ( 'NONE', #6962, 1000.000000000000000 ) ;
#1901 = CARTESIAN_POINT ( 'NONE',  ( 119.0624972229091014, 18.02540000000299969, -0.009999999999999592548 ) ) ;
#1902 = CARTESIAN_POINT ( 'NONE',  ( 0.000000000000000000, 17.99000000000300048, -9.990000000000000213 ) ) ;
#1903 = DIRECTION ( 'NONE',  ( 0.000000000000000000, 0.000000000000000000, 1.000000000000000000 ) ) ;
#1904 = CARTESIAN_POINT ( 'NONE',  ( 220.2261472748573965, 17.99585786437927482, -9.999999999999989342 ) ) ;
#1905 = ADVANCED_FACE ( 'NONE', ( #3768 ), #4652, .F. ) ;
#1906 = EDGE_LOOP ( 'NONE', ( #5697, #6027, #8952, #2884 ) ) ;
#1907 = AXIS2_PLACEMENT_3D ( 'NONE', #2443, #51, #2494 ) ;
#1908 = AXIS2_PLACEMENT_3D ( 'NONE', #5364, #6807, #8925 ) ;
#1909 = CARTESIAN_POINT ( 'NONE',  ( 100.2195102095328707, 18.00000000000299849, -0.004142135623730950483 ) ) ;
#1910 = EDGE_CURVE ( 'NONE', #4616, #3436, #6810, .T. ) ;
#1911 = DIRECTION ( 'NONE',  ( 0.000000000000000000, 1.000000000000000000, 0.000000000000000000 ) ) ;
#1912 = VERTEX_POINT ( 'NONE', #5211 ) ;
#1913 = ADVANCED_FACE ( 'NONE', ( #8254 ), #1378, .T. ) ;
#1914 = CARTESIAN_POINT ( 'NONE',  ( -189.9999999999999432, -83.00000000000000000, -0.009999999999999592548 ) ) ;
#1915 = ORIENTED_EDGE ( 'NONE', *, *, #5625, .F. ) ;
#1916 = CARTESIAN_POINT ( 'NONE',  ( 205.6377363540404986, 11.24999999999624833, -0.009999999999999592548 ) ) ;
#1917 = EDGE_CURVE ( 'NONE', #1365, #8195, #2240, .T. ) ;
#1918 = DIRECTION ( 'NONE',  ( 0.2503800040544349459, -0.9681476403781095197, 0.000000000000000000 ) ) ;
#1919 = CARTESIAN_POINT ( 'NONE',  ( 116.5503826406838357, 18.00000000000299494, -0.004142135623725405440 ) ) ;
#1920 = DIRECTION ( 'NONE',  ( 0.2503800040544349459, -0.9681476403781095197, 0.000000000000000000 ) ) ;
#1921 = ORIENTED_EDGE ( 'NONE', *, *, #986, .T. ) ;
#1922 = VECTOR ( 'NONE', #6665, 1000.000000000000000 ) ;
#1923 = EDGE_CURVE ( 'NONE', #8444, #2064, #8590, .T. ) ;
#1924 = CARTESIAN_POINT ( 'NONE',  ( 0.000000000000000000, 18.00000000000299849, -9.990000000000000213 ) ) ;
#1925 = ADVANCED_FACE ( 'NONE', ( #286 ), #8543, .T. ) ;
#1926 =( BOUNDED_CURVE ( )  B_SPLINE_CURVE ( 3, ( #3957, #132, #9282, #2432 ),
 .UNSPECIFIED., .F., .F. ) 
 B_SPLINE_CURVE_WITH_KNOTS ( ( 4, 4 ),
 ( 3.141592653589813544, 4.712388980386033488 ),
 .UNSPECIFIED. ) 
 CURVE ( )  GEOMETRIC_REPRESENTATION_ITEM ( )  RATIONAL_B_SPLINE_CURVE ( ( 1.000000000000000000, 0.8047378541240530758, 0.8047378541240530758, 1.000000000000000000 ) ) 
 REPRESENTATION_ITEM ( '' )  );
#1927 = CARTESIAN_POINT ( 'NONE',  ( 35.99173325387087630, 11.24999999999624833, -0.009999999999999592548 ) ) ;
#1928 = AXIS2_PLACEMENT_3D ( 'NONE', #9582, #488, #2748 ) ;
#1929 = LINE ( 'NONE', #4909, #3406 ) ;
#1930 = ORIENTED_EDGE ( 'NONE', *, *, #1321, .T. ) ;
#1931 = ORIENTED_EDGE ( 'NONE', *, *, #2652, .T. ) ;
#1932 = LINE ( 'NONE', #4959, #3910 ) ;
#1933 = ORIENTED_EDGE ( 'NONE', *, *, #6241, .T. ) ;
#1934 = CARTESIAN_POINT ( 'NONE',  ( 5.971730709438642926, 18.00000000000299849, -0.009999999999999592548 ) ) ;
#1935 = LINE ( 'NONE', #8783, #655 ) ;
#1936 = CARTESIAN_POINT ( 'NONE',  ( 0.000000000000000000, 11.23999999999625032, 0.000000000000000000 ) ) ;
#1937 = DIRECTION ( 'NONE',  ( 1.000000000000000000, 0.000000000000000000, 0.000000000000000000 ) ) ;
#1938 = AXIS2_PLACEMENT_3D ( 'NONE', #2044, #5273, #8324 ) ;
#1939 = PLANE ( 'NONE',  #8457 ) ;
#1940 = EDGE_CURVE ( 'NONE', #5866, #1827, #932, .T. ) ;
#1941 = CARTESIAN_POINT ( 'NONE',  ( 73.91775460183468738, -1.116431136134448554, -9.990000000000000213 ) ) ;
#1942 = VERTEX_POINT ( 'NONE', #2538 ) ;
#1943 = ORIENTED_EDGE ( 'NONE', *, *, #3401, .T. ) ;
#1944 = CARTESIAN_POINT ( 'NONE',  ( 101.9651789039368310, 11.24999999999624833, -9.990000000000000213 ) ) ;
#1945 = VERTEX_POINT ( 'NONE', #7056 ) ;
#1946 = AXIS2_PLACEMENT_3D ( 'NONE', #4026, #3065, #106 ) ;
#1947 = ORIENTED_EDGE ( 'NONE', *, *, #3276, .T. ) ;
#1948 = CARTESIAN_POINT ( 'NONE',  ( 88.27604879065560795, 17.99000000000300048, 0.000000000000000000 ) ) ;
#1949 = CARTESIAN_POINT ( 'NONE',  ( 67.68082419623277701, 11.24999999999625011, -0.004142135623727426393 ) ) ;
#1950 = AXIS2_PLACEMENT_3D ( 'NONE', #7198, #4208, #340 ) ;
#1951 = CYLINDRICAL_SURFACE ( 'NONE', #4788, 0.009999999999993465505 ) ;
#1952 = FACE_OUTER_BOUND ( 'NONE', #7334, .T. ) ;
#1953 = EDGE_LOOP ( 'NONE', ( #4225, #9646, #3602, #5126 ) ) ;
#1954 = DIRECTION ( 'NONE',  ( -0.9681476403781795748, -0.2503800040541635519, 0.000000000000000000 ) ) ;
#1955 = CARTESIAN_POINT ( 'NONE',  ( 85.09311572267036183, 40.00657603351562841, 0.000000000000000000 ) ) ;
#1956 = VECTOR ( 'NONE', #5135, 1000.000000000000000 ) ;
#1957 = VERTEX_POINT ( 'NONE', #1830 ) ;
#1958 = AXIS2_PLACEMENT_3D ( 'NONE', #1845, #4975, #3466 ) ;
#1959 = DIRECTION ( 'NONE',  ( 0.000000000000000000, 0.000000000000000000, -1.000000000000000000 ) ) ;
#1960 = ADVANCED_FACE ( 'NONE', ( #5664 ), #1632, .T. ) ;
#1961 = CARTESIAN_POINT ( 'NONE',  ( 227.9020493463929711, 11.24999999999624833, -9.995857864376265667 ) ) ;
#1962 = CARTESIAN_POINT ( 'NONE',  ( 105.3799359962704898, 11.24999999999624833, -10.00000000000000000 ) ) ;
#1963 = EDGE_LOOP ( 'NONE', ( #3940, #9084, #1736, #232 ) ) ;
#1964 = ADVANCED_FACE ( 'NONE', ( #241 ), #1072, .F. ) ;
#1965 = VECTOR ( 'NONE', #290, 1000.000000000000000 ) ;
#1966 = DIRECTION ( 'NONE',  ( 0.000000000000000000, 0.000000000000000000, -1.000000000000000000 ) ) ;
#1967 = ORIENTED_EDGE ( 'NONE', *, *, #1061, .T. ) ;
#1968 = CARTESIAN_POINT ( 'NONE',  ( 77.10560214624221942, 11.24999999999624833, -10.00000000000000000 ) ) ;
#1969 = FACE_OUTER_BOUND ( 'NONE', #9289, .T. ) ;
#1970 = ORIENTED_EDGE ( 'NONE', *, *, #7602, .F. ) ;
#1971 = DIRECTION ( 'NONE',  ( 0.2503800040544349459, 0.9681476403781095197, 0.000000000000000000 ) ) ;
#1972 = ORIENTED_EDGE ( 'NONE', *, *, #9259, .F. ) ;
#1973 = ADVANCED_FACE ( 'NONE', ( #5615 ), #3148, .T. ) ;
#1974 = EDGE_CURVE ( 'NONE', #1771, #9659, #3350, .T. ) ;
#1975 = VECTOR ( 'NONE', #641, 1000.000000000000000 ) ;
#1976 = LINE ( 'NONE', #2740, #9554 ) ;
#1977 = EDGE_CURVE ( 'NONE', #8422, #5897, #8498, .T. ) ;
#1978 = DIRECTION ( 'NONE',  ( 0.9681476403780729934, -0.2503800040545756667, 0.000000000000000000 ) ) ;
#1979 = DIRECTION ( 'NONE',  ( -1.000000000000000000, -0.000000000000000000, -0.000000000000000000 ) ) ;
#1980 = ORIENTED_EDGE ( 'NONE', *, *, #3525, .F. ) ;
#1981 = ORIENTED_EDGE ( 'NONE', *, *, #4738, .T. ) ;
#1982 = ADVANCED_FACE ( 'NONE', ( #7799 ), #6401, .T. ) ;
#1983 = FACE_OUTER_BOUND ( 'NONE', #6800, .T. ) ;
#1984 = ORIENTED_EDGE ( 'NONE', *, *, #9360, .F. ) ;
#1985 = FACE_OUTER_BOUND ( 'NONE', #5700, .T. ) ;
#1986 = DIRECTION ( 'NONE',  ( -0.2503800040544349459, -0.9681476403781095197, 0.000000000000000000 ) ) ;
#1987 = DIRECTION ( 'NONE',  ( -1.000000000000000000, 1.460819769243627131E-16, 0.000000000000000000 ) ) ;
#1988 = CYLINDRICAL_SURFACE ( 'NONE', #8637, 0.009999999999999373973 ) ;
#1989 = LINE ( 'NONE', #6464, #4157 ) ;
#1990 = ADVANCED_FACE ( 'NONE', ( #4858 ), #6184, .T. ) ;
#1991 = DIRECTION ( 'NONE',  ( 0.2503800040544349459, -0.9681476403781095197, 0.000000000000000000 ) ) ;
#1992 = ORIENTED_EDGE ( 'NONE', *, *, #2916, .T. ) ;
#1993 = ORIENTED_EDGE ( 'NONE', *, *, #6829, .T. ) ;
#1994 = CARTESIAN_POINT ( 'NONE',  ( 0.000000000000000000, 18.00000000000299849, -10.00000000000000000 ) ) ;
#1995 = VERTEX_POINT ( 'NONE', #4908 ) ;
#1996 = LINE ( 'NONE', #4320, #7850 ) ;
#1997 = CARTESIAN_POINT ( 'NONE',  ( 154.2572372680000115, 17.99000000000300048, -10.00000000000000000 ) ) ;
#1998 = DIRECTION ( 'NONE',  ( 0.2503800040544349459, -0.9681476403781095197, -0.000000000000000000 ) ) ;
#1999 = ORIENTED_EDGE ( 'NONE', *, *, #8283, .F. ) ;
#2000 = DIRECTION ( 'NONE',  ( 0.2503800040544349459, -0.9681476403781095197, 0.000000000000000000 ) ) ;
#2001 = LINE ( 'NONE', #365, #5493 ) ;
#2002 = ORIENTED_EDGE ( 'NONE', *, *, #3866, .F. ) ;
#2003 = DIRECTION ( 'NONE',  ( 0.000000000000000000, -1.000000000000000000, 0.000000000000000000 ) ) ;
#2004 = CARTESIAN_POINT ( 'NONE',  ( 90.79473225952347093, 18.00000000000299849, -0.009999999999999592548 ) ) ;
#2005 = FACE_OUTER_BOUND ( 'NONE', #6892, .T. ) ;
#2006 = EDGE_LOOP ( 'NONE', ( #5649, #6953, #3550, #3402 ) ) ;
#2007 = VECTOR ( 'NONE', #179, 1000.000000000000000 ) ;
#2008 = CARTESIAN_POINT ( 'NONE',  ( 215.0625143040499267, 11.24999999999624833, -9.990000000000000213 ) ) ;
#2009 = ORIENTED_EDGE ( 'NONE', *, *, #4937, .T. ) ;
#2010 = CARTESIAN_POINT ( 'NONE',  ( 83.10788017663956850, 11.23999999999625032, -10.00000000000000000 ) ) ;
#2011 = ORIENTED_EDGE ( 'NONE', *, *, #9536, .T. ) ;
#2012 = DIRECTION ( 'NONE',  ( 1.000000000000000000, -0.000000000000000000, 0.000000000000000000 ) ) ;
#2013 = ORIENTED_EDGE ( 'NONE', *, *, #1850, .T. ) ;
#2014 = DIRECTION ( 'NONE',  ( 0.2503800040544349459, 0.9681476403781095197, 0.000000000000000000 ) ) ;
#2015 = EDGE_CURVE ( 'NONE', #3735, #6943, #797, .T. ) ;
#2016 = CARTESIAN_POINT ( 'NONE',  ( 158.5138466039933860, 11.24999999999624833, -9.990000000000000213 ) ) ;
#2017 = ADVANCED_FACE ( 'NONE', ( #4254 ), #6451, .T. ) ;
#2018 = LINE ( 'NONE', #4442, #7885 ) ;
#2019 = EDGE_LOOP ( 'NONE', ( #1044, #3745, #3869, #9576 ) ) ;
#2020 = ORIENTED_EDGE ( 'NONE', *, *, #5236, .F. ) ;
#2021 = CARTESIAN_POINT ( 'NONE',  ( 69.43423571791517190, 17.99000000000300048, 0.000000000000000000 ) ) ;
#2022 = VERTEX_POINT ( 'NONE', #4298 ) ;
#2023 = EDGE_CURVE ( 'NONE', #5303, #3500, #5930, .T. ) ;
#2024 = CARTESIAN_POINT ( 'NONE',  ( 0.000000000000000000, 18.00000000000299849, -9.990000000000000213 ) ) ;
#2025 = CYLINDRICAL_SURFACE ( 'NONE', #9724, 0.01000000000000105319 ) ;
#2026 = CARTESIAN_POINT ( 'NONE',  ( 180.7781595963458869, 11.24999999999624833, -9.990000000000000213 ) ) ;
#2027 = DIRECTION ( 'NONE',  ( -0.2503800040544349459, 0.9681476403781095197, -0.000000000000000000 ) ) ;
#2028 = ADVANCED_FACE ( 'NONE', ( #529 ), #9521, .T. ) ;
#2029 = CARTESIAN_POINT ( 'NONE',  ( 283.4972739408158304, 17.50000000000299849, -9.500000000000000000 ) ) ;
#2030 = LINE ( 'NONE', #9039, #9322 ) ;
#2031 = CARTESIAN_POINT ( 'NONE',  ( 105.3799359962704756, 11.24999999999625011, -0.004142135623727426393 ) ) ;
#2032 = VERTEX_POINT ( 'NONE', #4346 ) ;
#2033 = ORIENTED_EDGE ( 'NONE', *, *, #9602, .F. ) ;
#2034 = CYLINDRICAL_SURFACE ( 'NONE', #7890, 0.01000000000000777003 ) ;
#2035 = ORIENTED_EDGE ( 'NONE', *, *, #8276, .F. ) ;
#2036 = FACE_OUTER_BOUND ( 'NONE', #729, .T. ) ;
#2037 = EDGE_CURVE ( 'NONE', #1665, #8695, #7242, .T. ) ;
#2038 = AXIS2_PLACEMENT_3D ( 'NONE', #1546, #6870, #4614 ) ;
#2039 = DIRECTION ( 'NONE',  ( -0.9681476403781095197, -0.2503800040544349459, 0.000000000000000000 ) ) ;
#2040 = EDGE_CURVE ( 'NONE', #9016, #2993, #3494, .T. ) ;
#2041 = CARTESIAN_POINT ( 'NONE',  ( 213.3091027823675176, 17.99000000000299693, -10.00000000000000000 ) ) ;
#2042 = EDGE_CURVE ( 'NONE', #1358, #2283, #9665, .T. ) ;
#2043 = AXIS2_PLACEMENT_3D ( 'NONE', #4004, #8587, #7007 ) ;
#2044 = CARTESIAN_POINT ( 'NONE',  ( 100.4195663225854958, -7.970265664409458495, -9.990000000000000213 ) ) ;
#2045 = ORIENTED_EDGE ( 'NONE', *, *, #1108, .F. ) ;
#2046 = EDGE_LOOP ( 'NONE', ( #886, #6894, #1674, #5492 ) ) ;
#2047 = VECTOR ( 'NONE', #2603, 1000.000000000000000 ) ;
#2048 = FACE_OUTER_BOUND ( 'NONE', #7211, .T. ) ;
#2049 = CARTESIAN_POINT ( 'NONE',  ( 97.70856956794345649, 17.99000000000300048, 0.000000000000000000 ) ) ;
#2050 = ORIENTED_EDGE ( 'NONE', *, *, #747, .F. ) ;
#2051 = CARTESIAN_POINT ( 'NONE',  ( 58.25604624622337013, 11.24999999999624833, -10.00000000000000000 ) ) ;
#2052 = VECTOR ( 'NONE', #7464, 1000.000000000000000 ) ;
#2053 = CARTESIAN_POINT ( 'NONE',  ( 194.4672897096271242, 18.00000000000299849, -9.990000000000000213 ) ) ;
#2054 = ORIENTED_EDGE ( 'NONE', *, *, #8650, .T. ) ;
#2055 = ADVANCED_FACE ( 'NONE', ( #2639 ), #2791, .T. ) ;
#2056 = LINE ( 'NONE', #1302, #5997 ) ;
#2057 = AXIS2_PLACEMENT_3D ( 'NONE', #4963, #8010, #3555 ) ;
#2058 = ORIENTED_EDGE ( 'NONE', *, *, #82, .T. ) ;
#2059 = CARTESIAN_POINT ( 'NONE',  ( 73.69084505390856066, 11.24999999999624833, -0.009999999999999592548 ) ) ;
#2060 = VECTOR ( 'NONE', #7683, 1000.000000000000000 ) ;
#2061 = CARTESIAN_POINT ( 'NONE',  ( 64.26606710389913246, 11.24999999999624833, -9.990000000000000213 ) ) ;
#2062 = ORIENTED_EDGE ( 'NONE', *, *, #9010, .T. ) ;
#2063 = DIRECTION ( 'NONE',  ( -0.000000000000000000, -0.000000000000000000, 1.000000000000000000 ) ) ;
#2064 = VERTEX_POINT ( 'NONE', #8865 ) ;
#2065 = DIRECTION ( 'NONE',  ( 0.2503800040544349459, -0.9681476403781095197, 0.000000000000000000 ) ) ;
#2066 = VECTOR ( 'NONE', #6527, 1000.000000000000000 ) ;
#2067 = DIRECTION ( 'NONE',  ( -0.2503800040544349459, 0.9681476403781095197, -0.000000000000000000 ) ) ;
#2068 = DIRECTION ( 'NONE',  ( -0.9681476403781095197, -0.2503800040544349459, 0.000000000000000000 ) ) ;
#2069 = ORIENTED_EDGE ( 'NONE', *, *, #4689, .T. ) ;
#2070 = ORIENTED_EDGE ( 'NONE', *, *, #2605, .F. ) ;
#2071 =( BOUNDED_CURVE ( )  B_SPLINE_CURVE ( 3, ( #4723, #3263, #1748, #9492 ),
 .UNSPECIFIED., .F., .T. ) 
 B_SPLINE_CURVE_WITH_KNOTS ( ( 4, 4 ),
 ( 3.141592653589793116, 4.712388980384689674 ),
 .UNSPECIFIED. ) 
 CURVE ( )  GEOMETRIC_REPRESENTATION_ITEM ( )  RATIONAL_B_SPLINE_CURVE ( ( 1.000000000000000000, 0.8047378541243649375, 0.8047378541243649375, 1.000000000000000000 ) ) 
 REPRESENTATION_ITEM ( '' )  );
#2072 = FACE_OUTER_BOUND ( 'NONE', #4032, .T. ) ;
#2073 = ORIENTED_EDGE ( 'NONE', *, *, #3519, .T. ) ;
#2074 = LINE ( 'NONE', #2895, #6509 ) ;
#2075 = CARTESIAN_POINT ( 'NONE',  ( 196.2052155767525790, 11.23999999999625032, -10.00000000000000000 ) ) ;
#2076 = CARTESIAN_POINT ( 'NONE',  ( 147.3433999595799833, 18.00000000000299849, -0.01000000000000000021 ) ) ;
#2077 = CARTESIAN_POINT ( 'NONE',  ( -198.0000000000000000, -83.00000000000000000, 0.000000000000000000 ) ) ;
#2078 = EDGE_CURVE ( 'NONE', #4316, #120, #5849, .T. ) ;
#2079 = DIRECTION ( 'NONE',  ( -0.2503800040544349459, -0.9681476403781095197, -0.000000000000000000 ) ) ;
#2080 = VECTOR ( 'NONE', #3723, 1000.000000000000000 ) ;
#2081 = EDGE_CURVE ( 'NONE', #8502, #6710, #1820, .T. ) ;
#2082 = CARTESIAN_POINT ( 'NONE',  ( 125.9783677747631572, 17.99585786437927837, -9.999999999999994671 ) ) ;
#2083 = DIRECTION ( 'NONE',  ( 0.2503800040544349459, -0.9681476403781095197, 0.000000000000000000 ) ) ;
#2084 = DIRECTION ( 'NONE',  ( 0.2503800040544349459, -0.9681476403781095197, 0.000000000000000000 ) ) ;
#2085 = ORIENTED_EDGE ( 'NONE', *, *, #2542, .T. ) ;
#2086 = EDGE_LOOP ( 'NONE', ( #180, #9268, #3095, #1029 ) ) ;
#2087 = LINE ( 'NONE', #2138, #2933 ) ;
#2088 = ORIENTED_EDGE ( 'NONE', *, *, #4613, .T. ) ;
#2089 = DIRECTION ( 'NONE',  ( -1.000000000000000000, -0.000000000000000000, -0.000000000000000000 ) ) ;
#2090 = DIRECTION ( 'NONE',  ( 0.000000000000000000, 0.000000000000000000, -1.000000000000000000 ) ) ;
#2091 = EDGE_CURVE ( 'NONE', #3513, #2174, #8913, .T. ) ;
#2092 = VECTOR ( 'NONE', #9222, 1000.000000000000000 ) ;
#2093 = CARTESIAN_POINT ( 'NONE',  ( 101.9619717198670088, 11.24585786437251755, 8.406690940667576072E-16 ) ) ;
#2094 = EDGE_CURVE ( 'NONE', #9175, #519, #2850, .T. ) ;
#2095 = CARTESIAN_POINT ( 'NONE',  ( 161.9286036963270305, 11.24999999999624833, -9.990000000000000213 ) ) ;
#2096 = VECTOR ( 'NONE', #6812, 1000.000000000000000 ) ;
#2097 = CARTESIAN_POINT ( 'NONE',  ( 54.84128915388971848, 11.24999999999624833, -9.990000000000000213 ) ) ;
#2098 = ORIENTED_EDGE ( 'NONE', *, *, #987, .T. ) ;
#2099 = EDGE_LOOP ( 'NONE', ( #5707, #626, #6323, #588 ) ) ;
#2100 = CYLINDRICAL_SURFACE ( 'NONE', #6301, 0.009999999999999592548 ) ;
#2101 = CARTESIAN_POINT ( 'NONE',  ( 210.7981621407781176, 17.99000000000300048, 0.000000000000000000 ) ) ;
#2102 =( BOUNDED_CURVE ( )  B_SPLINE_CURVE ( 3, ( #8978, #2285, #8297, #2075 ),
 .UNSPECIFIED., .F., .F. ) 
 B_SPLINE_CURVE_WITH_KNOTS ( ( 4, 4 ),
 ( 3.141592653589793116, 4.712388980385014747 ),
 .UNSPECIFIED. ) 
 CURVE ( )  GEOMETRIC_REPRESENTATION_ITEM ( )  RATIONAL_B_SPLINE_CURVE ( ( 1.000000000000000000, 0.8047378541242884431, 0.8047378541242884431, 1.000000000000000000 ) ) 
 REPRESENTATION_ITEM ( '' )  );
#2103 = EDGE_CURVE ( 'NONE', #526, #4238, #338, .T. ) ;
#2104 = EDGE_LOOP ( 'NONE', ( #6564, #7907, #206, #4352 ) ) ;
#2105 = CARTESIAN_POINT ( 'NONE',  ( 237.3268272964024277, 11.24999999999624833, -0.009999999999999592548 ) ) ;
#2106 = DIRECTION ( 'NONE',  ( 0.000000000000000000, 0.000000000000000000, -1.000000000000000000 ) ) ;
#2107 = LINE ( 'NONE', #2875, #8766 ) ;
#2108 = ORIENTED_EDGE ( 'NONE', *, *, #7736, .T. ) ;
#2109 = AXIS2_PLACEMENT_3D ( 'NONE', #5542, #3937, #4094 ) ;
#2110 = CARTESIAN_POINT ( 'NONE',  ( 186.7881804540216706, 11.24999999999624833, -10.00000000000000000 ) ) ;
#2111 = ORIENTED_EDGE ( 'NONE', *, *, #4685, .T. ) ;
#2112 = DIRECTION ( 'NONE',  ( -0.9681476403781795748, -0.2503800040541635519, 0.000000000000000000 ) ) ;
#2113 = CARTESIAN_POINT ( 'NONE',  ( 90.79473225952347093, 18.00000000000299494, -9.990000000000000213 ) ) ;
#2114 = LINE ( 'NONE', #2986, #5593 ) ;
#2115 = VERTEX_POINT ( 'NONE', #9572 ) ;
#2116 = VECTOR ( 'NONE', #5314, 1000.000000000000000 ) ;
#2117 = CARTESIAN_POINT ( 'NONE',  ( 209.0524934463741431, 11.24999999999624833, -9.990000000000000213 ) ) ;
#2118 = LINE ( 'NONE', #8289, #3359 ) ;
#2119 = LINE ( 'NONE', #4348, #3087 ) ;
#2120 = VERTEX_POINT ( 'NONE', #1214 ) ;
#2121 = ORIENTED_EDGE ( 'NONE', *, *, #6405, .F. ) ;
#2122 = DIRECTION ( 'NONE',  ( 1.000000000000000000, 0.000000000000000000, 0.000000000000000000 ) ) ;
#2123 = ORIENTED_EDGE ( 'NONE', *, *, #4086, .T. ) ;
#2124 = CARTESIAN_POINT ( 'NONE',  ( 58.25604624622337013, 11.24999999999624833, -0.009999999999999592548 ) ) ;
#2125 = DIRECTION ( 'NONE',  ( 0.000000000000000000, 0.000000000000000000, -1.000000000000000000 ) ) ;
#2126 = ORIENTED_EDGE ( 'NONE', *, *, #7066, .F. ) ;
#2127 = CARTESIAN_POINT ( 'NONE',  ( 125.9751605906933065, 17.99000000000300048, 0.000000000000000000 ) ) ;
#2128 = EDGE_CURVE ( 'NONE', #5996, #3185, #6497, .T. ) ;
#2129 = DIRECTION ( 'NONE',  ( -0.000000000000000000, -0.000000000000000000, 1.000000000000000000 ) ) ;
#2130 = DIRECTION ( 'NONE',  ( 0.9681476403780729934, -0.2503800040545756667, 0.000000000000000000 ) ) ;
#2131 = AXIS2_PLACEMENT_3D ( 'NONE', #7931, #7219, #511 ) ;
#2132 =( BOUNDED_CURVE ( )  B_SPLINE_CURVE ( 3, ( #2271, #7472, #6045, #8341 ),
 .UNSPECIFIED., .F., .T. ) 
 B_SPLINE_CURVE_WITH_KNOTS ( ( 4, 4 ),
 ( 0.000000000000000000, 1.570796326795113496 ),
 .UNSPECIFIED. ) 
 CURVE ( )  GEOMETRIC_REPRESENTATION_ITEM ( )  RATIONAL_B_SPLINE_CURVE ( ( 1.000000000000000000, 0.8047378541243138672, 0.8047378541243138672, 1.000000000000000000 ) ) 
 REPRESENTATION_ITEM ( '' )  );
#2133 = DIRECTION ( 'NONE',  ( 1.000000000000000000, 0.000000000000000000, 0.000000000000000000 ) ) ;
#2134 = CARTESIAN_POINT ( 'NONE',  ( 199.6354583236431495, 11.23999999999625032, 0.000000000000000000 ) ) ;
#2135 = DIRECTION ( 'NONE',  ( -0.2503800040544349459, -0.9681476403781095197, -0.000000000000000000 ) ) ;
#2136 = VERTEX_POINT ( 'NONE', #1927 ) ;
#2137 = ORIENTED_EDGE ( 'NONE', *, *, #2269, .T. ) ;
#2138 = CARTESIAN_POINT ( 'NONE',  ( 7.717399403842600591, 11.24999999999624833, -9.990000000000000213 ) ) ;
#2139 = ORIENTED_EDGE ( 'NONE', *, *, #8288, .F. ) ;
#2140 = CARTESIAN_POINT ( 'NONE',  ( 0.000000000000000000, 17.99000000000300048, -9.990000000000000213 ) ) ;
#2141 = DIRECTION ( 'NONE',  ( -0.000000000000000000, -0.000000000000000000, 1.000000000000000000 ) ) ;
#2142 = ADVANCED_FACE ( 'NONE', ( #8050 ), #1171, .T. ) ;
#2143 = CYLINDRICAL_SURFACE ( 'NONE', #2251, 0.009999999999999592548 ) ;
#2144 = ADVANCED_FACE ( 'NONE', ( #2412 ), #5541, .T. ) ;
#2145 = PLANE ( 'NONE',  #5430 ) ;
#2146 = CARTESIAN_POINT ( 'NONE',  ( 23.25555504091839865, 24.01429546754059885, -0.01000000000000000021 ) ) ;
#2147 = EDGE_LOOP ( 'NONE', ( #9625, #8268, #912, #4469 ) ) ;
#2148 = ORIENTED_EDGE ( 'NONE', *, *, #1290, .T. ) ;
#2149 = EDGE_CURVE ( 'NONE', #6419, #9003, #3191, .T. ) ;
#2150 = CARTESIAN_POINT ( 'NONE',  ( 133.6620126735771805, 11.23999999999625032, 0.000000000000000000 ) ) ;
#2151 = CARTESIAN_POINT ( 'NONE',  ( 116.5569515273265040, 18.02540000000299969, -0.009999999999999592548 ) ) ;
#2152 = EDGE_LOOP ( 'NONE', ( #4711, #9671, #1881, #2352 ) ) ;
#2153 = EDGE_CURVE ( 'NONE', #5896, #4572, #3645, .T. ) ;
#2154 = CARTESIAN_POINT ( 'NONE',  ( 233.9043273767902917, 11.23999999999625032, -10.00000000000000000 ) ) ;
#2155 = CARTESIAN_POINT ( 'NONE',  ( 149.0890686539839294, 11.24999999999624656, -0.004142135623730242716 ) ) ;
#2156 = ORIENTED_EDGE ( 'NONE', *, *, #1337, .T. ) ;
#2157 = EDGE_CURVE ( 'NONE', #3432, #8038, #4477, .T. ) ;
#2158 = EDGE_CURVE ( 'NONE', #6160, #2022, #6797, .T. ) ;
#2159 = LINE ( 'NONE', #5237, #3897 ) ;
#2160 = VERTEX_POINT ( 'NONE', #1607 ) ;
#2161 = CARTESIAN_POINT ( 'NONE',  ( 86.53038009625164761, 11.24999999999624833, -0.009999999999999592548 ) ) ;
#2162 = VERTEX_POINT ( 'NONE', #4732 ) ;
#2163 = CARTESIAN_POINT ( 'NONE',  ( 48.83126829621394904, 11.23999999999625032, -10.00000000000000000 ) ) ;
#2164 = EDGE_CURVE ( 'NONE', #6018, #6003, #2118, .T. ) ;
#2165 = ORIENTED_EDGE ( 'NONE', *, *, #1974, .F. ) ;
#2166 = VECTOR ( 'NONE', #763, 1000.000000000000000 ) ;
#2167 = CARTESIAN_POINT ( 'NONE',  ( 45.41651120388029739, 11.24999999999625189, -9.995857864376267443 ) ) ;
#2168 = DIRECTION ( 'NONE',  ( -0.2503800040544349459, 0.9681476403781095197, 0.000000000000000000 ) ) ;
#2169 = DIRECTION ( 'NONE',  ( -1.000000000000000000, 0.000000000000000000, 0.000000000000000000 ) ) ;
#2170 = ORIENTED_EDGE ( 'NONE', *, *, #756, .F. ) ;
#2171 = ORIENTED_EDGE ( 'NONE', *, *, #3586, .T. ) ;
#2172 = VECTOR ( 'NONE', #9426, 1000.000000000000000 ) ;
#2173 = CARTESIAN_POINT ( 'NONE',  ( 190.2029375463553151, 11.23999999999625032, -0.009999999999999592548 ) ) ;
#2174 = VERTEX_POINT ( 'NONE', #1661 ) ;
#2175 = DIRECTION ( 'NONE',  ( -1.000000000000000000, -0.000000000000000000, -0.000000000000000000 ) ) ;
#2176 = CARTESIAN_POINT ( 'NONE',  ( 64.26606710389913246, 11.24999999999624833, -9.990000000000000213 ) ) ;
#2177 = ORIENTED_EDGE ( 'NONE', *, *, #4573, .T. ) ;
#2178 = DIRECTION ( 'NONE',  ( 0.9681476403781165141, -0.2503800040544074124, 0.000000000000000000 ) ) ;
#2179 =( BOUNDED_CURVE ( )  B_SPLINE_CURVE ( 3, ( #239, #2533, #7846, #974 ),
 .UNSPECIFIED., .F., .F. ) 
 B_SPLINE_CURVE_WITH_KNOTS ( ( 4, 4 ),
 ( 3.141592653589813544, 4.712388980384808690 ),
 .UNSPECIFIED. ) 
 CURVE ( )  GEOMETRIC_REPRESENTATION_ITEM ( )  RATIONAL_B_SPLINE_CURVE ( ( 1.000000000000000000, 0.8047378541243418448, 0.8047378541243418448, 1.000000000000000000 ) ) 
 REPRESENTATION_ITEM ( '' )  );
#2180 = CYLINDRICAL_SURFACE ( 'NONE', #9543, 0.01000000000001000089 ) ;
#2181 = DIRECTION ( 'NONE',  ( 0.2503800040544349459, 0.9681476403781095197, 0.000000000000000000 ) ) ;
#2182 = CARTESIAN_POINT ( 'NONE',  ( 156.7604350823110337, 17.99000000000300048, 0.000000000000000000 ) ) ;
#2183 = CARTESIAN_POINT ( 'NONE',  ( 203.8843248323580895, 17.99000000000299693, -10.00000000000000000 ) ) ;
#2184 = DIRECTION ( 'NONE',  ( 0.9681476403781390516, -0.2503800040543205374, 0.000000000000000000 ) ) ;
#2185 = ADVANCED_FACE ( 'NONE', ( #9023 ), #3828, .T. ) ;
#2186 = ORIENTED_EDGE ( 'NONE', *, *, #5422, .F. ) ;
#2187 = EDGE_LOOP ( 'NONE', ( #9304, #9773, #6187, #2456 ) ) ;
#2188 = CARTESIAN_POINT ( 'NONE',  ( 173.1056192273830732, 18.02540000000299969, -10.00000000000000000 ) ) ;
#2189 = EDGE_LOOP ( 'NONE', ( #4749, #9523, #5912, #6054 ) ) ;
#2190 = CARTESIAN_POINT ( 'NONE',  ( 243.3368481540781545, 11.24999999999625189, -9.995857864376272772 ) ) ;
#2191 = PLANE ( 'NONE',  #6421 ) ;
#2192 = CARTESIAN_POINT ( 'NONE',  ( 149.0890686539839578, 11.24999999999624833, -10.00000000000000000 ) ) ;
#2193 =( BOUNDED_CURVE ( )  B_SPLINE_CURVE ( 3, ( #1916, #5045, #8856, #6535 ),
 .UNSPECIFIED., .F., .F. ) 
 B_SPLINE_CURVE_WITH_KNOTS ( ( 4, 4 ),
 ( 0.000000000000000000, 1.570796326795113496 ),
 .UNSPECIFIED. ) 
 CURVE ( )  GEOMETRIC_REPRESENTATION_ITEM ( )  RATIONAL_B_SPLINE_CURVE ( ( 1.000000000000000000, 0.8047378541243138672, 0.8047378541243138672, 1.000000000000000000 ) ) 
 REPRESENTATION_ITEM ( '' )  );
#2194 = FACE_OUTER_BOUND ( 'NONE', #628, .T. ) ;
#2195 = DIRECTION ( 'NONE',  ( -0.2503800040544349459, -0.9681476403781095197, -0.000000000000000000 ) ) ;
#2196 = ORIENTED_EDGE ( 'NONE', *, *, #6628, .F. ) ;
#2197 = ORIENTED_EDGE ( 'NONE', *, *, #7540, .F. ) ;
#2198 = CARTESIAN_POINT ( 'NONE',  ( 182.5315711180282960, 17.99000000000300048, -10.00000000000000000 ) ) ;
#2199 = DIRECTION ( 'NONE',  ( 0.2503800040544349459, 0.9681476403781095197, 0.000000000000000000 ) ) ;
#2200 = ORIENTED_EDGE ( 'NONE', *, *, #4204, .F. ) ;
#2201 = CYLINDRICAL_SURFACE ( 'NONE', #8330, 0.01000000000000000021 ) ;
#2202 =( BOUNDED_CURVE ( )  B_SPLINE_CURVE ( 3, ( #7361, #3479, #9461, #1151 ),
 .UNSPECIFIED., .F., .F. ) 
 B_SPLINE_CURVE_WITH_KNOTS ( ( 4, 4 ),
 ( 3.141592653589793116, 4.712388980384689674 ),
 .UNSPECIFIED. ) 
 CURVE ( )  GEOMETRIC_REPRESENTATION_ITEM ( )  RATIONAL_B_SPLINE_CURVE ( ( 1.000000000000000000, 0.8047378541243649375, 0.8047378541243649375, 1.000000000000000000 ) ) 
 REPRESENTATION_ITEM ( '' )  );
#2203 = CARTESIAN_POINT ( 'NONE',  ( 173.0990503407404333, 17.99000000000300048, 0.000000000000000000 ) ) ;
#2204 = EDGE_CURVE ( 'NONE', #9267, #8141, #6745, .T. ) ;
#2205 = CYLINDRICAL_SURFACE ( 'NONE', #7040, 0.01000000000000000021 ) ;
#2206 = VECTOR ( 'NONE', #285, 1000.000000000000000 ) ;
#2207 = ORIENTED_EDGE ( 'NONE', *, *, #4569, .F. ) ;
#2208 = AXIS2_PLACEMENT_3D ( 'NONE', #2526, #6345, #7745 ) ;
#2209 = EDGE_CURVE ( 'NONE', #9220, #3962, #671, .T. ) ;
#2210 = DIRECTION ( 'NONE',  ( 1.000000000000000000, 0.000000000000000000, 0.000000000000000000 ) ) ;
#2211 = ORIENTED_EDGE ( 'NONE', *, *, #133, .F. ) ;
#2212 = DIRECTION ( 'NONE',  ( 0.000000000000000000, 0.000000000000000000, -1.000000000000000000 ) ) ;
#2213 = ORIENTED_EDGE ( 'NONE', *, *, #824, .F. ) ;
#2214 = CYLINDRICAL_SURFACE ( 'NONE', #3829, 0.009999999999993465505 ) ;
#2215 = AXIS2_PLACEMENT_3D ( 'NONE', #4588, #1515, #7476 ) ;
#2216 = AXIS2_PLACEMENT_3D ( 'NONE', #8930, #8837, #6556 ) ;
#2217 = VERTEX_POINT ( 'NONE', #3226 ) ;
#2218 = ADVANCED_FACE ( 'NONE', ( #7778 ), #5247, .F. ) ;
#2219 = DIRECTION ( 'NONE',  ( -1.000000000000000000, -0.000000000000000000, -0.000000000000000000 ) ) ;
#2220 = EDGE_CURVE ( 'NONE', #1942, #7382, #4911, .T. ) ;
#2221 = FACE_OUTER_BOUND ( 'NONE', #4518, .T. ) ;
#2222 = AXIS2_PLACEMENT_3D ( 'NONE', #906, #9309, #7081 ) ;
#2223 = ADVANCED_FACE ( 'NONE', ( #2990 ), #908, .T. ) ;
#2224 = AXIS2_PLACEMENT_3D ( 'NONE', #6428, #2666, #8755 ) ;
#2225 = CARTESIAN_POINT ( 'NONE',  ( -180.0041421356237947, 0.004142135623738230250, -10.00000000000000888 ) ) ;
#2226 = ORIENTED_EDGE ( 'NONE', *, *, #9429, .F. ) ;
#2227 = ORIENTED_EDGE ( 'NONE', *, *, #4695, .F. ) ;
#2228 = FACE_OUTER_BOUND ( 'NONE', #2963, .T. ) ;
#2229 = ORIENTED_EDGE ( 'NONE', *, *, #1197, .T. ) ;
#2230 = CARTESIAN_POINT ( 'NONE',  ( 283.4972739408158304, 17.78703535444018158, -0.2071067811865478225 ) ) ;
#2231 = VERTEX_POINT ( 'NONE', #362 ) ;
#2232 = EDGE_CURVE ( 'NONE', #2136, #612, #4889, .T. ) ;
#2233 = CARTESIAN_POINT ( 'NONE',  ( 15.38993977280542857, 18.02540000000299969, -0.009999999999999592548 ) ) ;
#2234 = VECTOR ( 'NONE', #5156, 1000.000000000000000 ) ;
#2235 = VECTOR ( 'NONE', #7092, 1000.000000000000000 ) ;
#2236 = DIRECTION ( 'NONE',  ( 0.2503800040544349459, -0.9681476403781095197, 0.000000000000000000 ) ) ;
#2237 = EDGE_CURVE ( 'NONE', #2500, #3804, #2716, .T. ) ;
#2238 = CYLINDRICAL_SURFACE ( 'NONE', #8305, 0.009999999999999592548 ) ;
#2239 = DIRECTION ( 'NONE',  ( 0.2503800040544349459, 0.9681476403781095197, 0.000000000000000000 ) ) ;
#2240 = LINE ( 'NONE', #8362, #9250 ) ;
#2241 = VECTOR ( 'NONE', #408, 1000.000000000000000 ) ;
#2242 = CARTESIAN_POINT ( 'NONE',  ( -198.0000000000000000, -83.00000000000000000, -0.009999999999999592548 ) ) ;
#2243 = CARTESIAN_POINT ( 'NONE',  ( 0.000000000000000000, 17.99000000000300048, -10.00000000000000000 ) ) ;
#2244 = VERTEX_POINT ( 'NONE', #8567 ) ;
#2245 = ORIENTED_EDGE ( 'NONE', *, *, #7066, .T. ) ;
#2246 = DIRECTION ( 'NONE',  ( 0.2503800040544349459, 0.9681476403781095197, 0.000000000000000000 ) ) ;
#2247 = ORIENTED_EDGE ( 'NONE', *, *, #6487, .F. ) ;
#2248 = CARTESIAN_POINT ( 'NONE',  ( 0.000000000000000000, 17.99000000000300048, -10.00000000000000000 ) ) ;
#2249 = CYLINDRICAL_SURFACE ( 'NONE', #9276, 0.01000000000000000021 ) ;
#2250 = FACE_OUTER_BOUND ( 'NONE', #6080, .T. ) ;
#2251 = AXIS2_PLACEMENT_3D ( 'NONE', #2306, #8417, #3873 ) ;
#2252 = ADVANCED_FACE ( 'NONE', ( #1761 ), #2619, .F. ) ;
#2253 = DIRECTION ( 'NONE',  ( 0.000000000000000000, -0.000000000000000000, 1.000000000000000000 ) ) ;
#2254 = CARTESIAN_POINT ( 'NONE',  ( 0.000000000000000000, 17.99000000000300048, -10.00000000000000000 ) ) ;
#2255 = ORIENTED_EDGE ( 'NONE', *, *, #638, .F. ) ;
#2256 = EDGE_LOOP ( 'NONE', ( #8859, #9071, #5729, #9169 ) ) ;
#2257 = CARTESIAN_POINT ( 'NONE',  ( 0.000000000000000000, 17.99000000000300048, -9.990000000000000213 ) ) ;
#2258 = CARTESIAN_POINT ( 'NONE',  ( 144.8247164907121487, 17.99000000000300048, 0.000000000000000000 ) ) ;
#2259 = ORIENTED_EDGE ( 'NONE', *, *, #1847, .T. ) ;
#2260 =( BOUNDED_CURVE ( )  B_SPLINE_CURVE ( 3, ( #8960, #17, #7582, #8233 ),
 .UNSPECIFIED., .F., .F. ) 
 B_SPLINE_CURVE_WITH_KNOTS ( ( 4, 4 ),
 ( 3.141592653589793116, 4.712388980384906390 ),
 .UNSPECIFIED. ) 
 CURVE ( )  GEOMETRIC_REPRESENTATION_ITEM ( )  RATIONAL_B_SPLINE_CURVE ( ( 1.000000000000000000, 0.8047378541243139782, 0.8047378541243139782, 1.000000000000000000 ) ) 
 REPRESENTATION_ITEM ( '' )  );
#2261 = PLANE ( 'NONE',  #323 ) ;
#2262 = ADVANCED_FACE ( 'NONE', ( #1050 ), #8616, .F. ) ;
#2263 = CARTESIAN_POINT ( 'NONE',  ( 171.3565888304063378, 11.24585786437251755, 4.071938083478370545E-16 ) ) ;
#2264 = AXIS2_PLACEMENT_3D ( 'NONE', #6956, #6907, #2427 ) ;
#2265 = DIRECTION ( 'NONE',  ( -1.000000000000000000, 0.000000000000000000, 0.000000000000000000 ) ) ;
#2266 = EDGE_LOOP ( 'NONE', ( #9705, #9146, #4985, #889 ) ) ;
#2267 = CARTESIAN_POINT ( 'NONE',  ( 77.11334497352063977, 11.23999999999625032, 0.000000000000000000 ) ) ;
#2268 =( BOUNDED_CURVE ( )  B_SPLINE_CURVE ( 3, ( #6563, #9451, #6612, #7210 ),
 .UNSPECIFIED., .F., .F. ) 
 B_SPLINE_CURVE_WITH_KNOTS ( ( 4, 4 ),
 ( 3.141592653589793116, 4.712388980384689674 ),
 .UNSPECIFIED. ) 
 CURVE ( )  GEOMETRIC_REPRESENTATION_ITEM ( )  RATIONAL_B_SPLINE_CURVE ( ( 1.000000000000000000, 0.8047378541243649375, 0.8047378541243649375, 1.000000000000000000 ) ) 
 REPRESENTATION_ITEM ( '' )  );
#2269 = EDGE_CURVE ( 'NONE', #3786, #5896, #9100, .T. ) ;
#2270 = ORIENTED_EDGE ( 'NONE', *, *, #5227, .T. ) ;
#2271 = CARTESIAN_POINT ( 'NONE',  ( 130.2395127539651014, 11.24999999999624833, -0.009999999999999592548 ) ) ;
#2272 = AXIS2_PLACEMENT_3D ( 'NONE', #1685, #7057, #6307 ) ;
#2273 = ORIENTED_EDGE ( 'NONE', *, *, #4988, .F. ) ;
#2274 = EDGE_CURVE ( 'NONE', #9876, #8726, #6955, .T. ) ;
#2275 = CARTESIAN_POINT ( 'NONE',  ( 26.56374811979160810, 11.24585786437251755, 8.406690940667576072E-16 ) ) ;
#2276 = AXIS2_PLACEMENT_3D ( 'NONE', #6498, #1123, #8694 ) ;
#2277 = EDGE_CURVE ( 'NONE', #3932, #329, #8717, .T. ) ;
#2278 = ORIENTED_EDGE ( 'NONE', *, *, #2471, .T. ) ;
#2279 = EDGE_LOOP ( 'NONE', ( #1030, #5622, #7941, #9388 ) ) ;
#2280 = ADVANCED_FACE ( 'NONE', ( #4780 ), #7129, .T. ) ;
#2281 = DIRECTION ( 'NONE',  ( 0.2503800040544349459, 0.9681476403781095197, 0.000000000000000000 ) ) ;
#2282 = ADVANCED_FACE ( 'NONE', ( #5734 ), #6330, .F. ) ;
#2283 = VERTEX_POINT ( 'NONE', #1096 ) ;
#2284 = CARTESIAN_POINT ( 'NONE',  ( 185.0425117596176960, 18.00000000000299494, -9.990000000000000213 ) ) ;
#2285 = CARTESIAN_POINT ( 'NONE',  ( 196.2129584040310135, 11.24999999999625366, -9.995857864376270996 ) ) ;
#2286 = VERTEX_POINT ( 'NONE', #7218 ) ;
#2287 = CARTESIAN_POINT ( 'NONE',  ( -197.9999999999999716, 107.0000000000000000, -10.00000000000000000 ) ) ;
#2288 = VECTOR ( 'NONE', #2817, 1000.000000000000000 ) ;
#2289 = EDGE_CURVE ( 'NONE', #9751, #6548, #4981, .T. ) ;
#2290 = CARTESIAN_POINT ( 'NONE',  ( 11.13536368024607626, 11.24585786437251755, 4.071938083478370545E-16 ) ) ;
#2291 = CARTESIAN_POINT ( 'NONE',  ( 88.27604879065560795, 18.00000000000299849, -0.009999999999999592548 ) ) ;
#2292 = CYLINDRICAL_SURFACE ( 'NONE', #5351, 0.009999999999994334601 ) ;
#2293 = EDGE_CURVE ( 'NONE', #4226, #7906, #6522, .T. ) ;
#2294 = CARTESIAN_POINT ( 'NONE',  ( 7.707717927438819672, 11.24749619995570349, -10.00000000000000000 ) ) ;
#2295 = AXIS2_PLACEMENT_3D ( 'NONE', #8846, #457, #6621 ) ;
#2296 = AXIS2_PLACEMENT_3D ( 'NONE', #5451, #4696, #3902 ) ;
#2297 = DIRECTION ( 'NONE',  ( -0.9681476403780520101, 0.2503800040546569350, 0.000000000000000000 ) ) ;
#2298 = CARTESIAN_POINT ( 'NONE',  ( 283.4972739408158304, 0.2071067811865478225, -0.2129646455628169122 ) ) ;
#2299 = ORIENTED_EDGE ( 'NONE', *, *, #510, .F. ) ;
#2300 = ORIENTED_EDGE ( 'NONE', *, *, #4807, .T. ) ;
#2301 = DIRECTION ( 'NONE',  ( 0.000000000000000000, 0.000000000000000000, 1.000000000000000000 ) ) ;
#2302 = ORIENTED_EDGE ( 'NONE', *, *, #3335, .T. ) ;
#2303 = CARTESIAN_POINT ( 'NONE',  ( 158.5138466039933860, 11.24999999999624833, -0.009999999999999592548 ) ) ;
#2304 = DIRECTION ( 'NONE',  ( -0.9681476403780955309, 0.2503800040544887362, 0.000000000000000000 ) ) ;
#2305 = EDGE_CURVE ( 'NONE', #8182, #9248, #265, .T. ) ;
#2306 = CARTESIAN_POINT ( 'NONE',  ( 0.000000000000000000, 17.99000000000300048, -9.990000000000000213 ) ) ;
#2307 = AXIS2_PLACEMENT_3D ( 'NONE', #523, #471, #6043 ) ;
#2308 = CARTESIAN_POINT ( 'NONE',  ( 209.0524934463741431, 11.24999999999624833, -0.009999999999999592548 ) ) ;
#2309 = FACE_OUTER_BOUND ( 'NONE', #7346, .T. ) ;
#2310 = ORIENTED_EDGE ( 'NONE', *, *, #3410, .T. ) ;
#2311 = EDGE_LOOP ( 'NONE', ( #9170, #5042, #1915, #5840 ) ) ;
#2312 = CARTESIAN_POINT ( 'NONE',  ( 175.6099909823298617, 17.99000000000299693, -10.00000000000000000 ) ) ;
#2313 = CARTESIAN_POINT ( 'NONE',  ( 71.93860747286197466, 18.02540000000299969, -0.009999999999999592548 ) ) ;
#2314 = ORIENTED_EDGE ( 'NONE', *, *, #9489, .F. ) ;
#2315 = CARTESIAN_POINT ( 'NONE',  ( 71.93743353222620840, 17.99000000000300048, 0.000000000000000000 ) ) ;
#2316 = CARTESIAN_POINT ( 'NONE',  ( 71.93743353222620840, 17.99000000000300048, 0.000000000000000000 ) ) ;
#2317 = CARTESIAN_POINT ( 'NONE',  ( -180.0100000000000193, 0.01000000000000000021, -10.00000000000000000 ) ) ;
#2318 = CARTESIAN_POINT ( 'NONE',  ( 149.0813258267055232, 11.23999999999624677, 0.000000000000000000 ) ) ;
#2319 = ORIENTED_EDGE ( 'NONE', *, *, #1104, .F. ) ;
#2320 = ORIENTED_EDGE ( 'NONE', *, *, #4738, .F. ) ;
#2321 = CARTESIAN_POINT ( 'NONE',  ( 246.7516052464118559, 11.23999999999625032, -0.009999999999999592548 ) ) ;
#2322 = DIRECTION ( 'NONE',  ( -0.000000000000000000, -0.000000000000000000, 1.000000000000000000 ) ) ;
#2323 = ORIENTED_EDGE ( 'NONE', *, *, #6629, .T. ) ;
#2324 = VERTEX_POINT ( 'NONE', #3324 ) ;
#2325 = DIRECTION ( 'NONE',  ( 1.000000000000000000, -0.000000000000000000, 0.000000000000000000 ) ) ;
#2326 = ORIENTED_EDGE ( 'NONE', *, *, #6510, .F. ) ;
#2327 = CARTESIAN_POINT ( 'NONE',  ( 41.15215904060847407, 18.00000000000299849, -10.00000000000000000 ) ) ;
#2328 = CARTESIAN_POINT ( 'NONE',  ( -189.9899999999999238, 18.00000000000299849, -10.00000000000000000 ) ) ;
#2329 = VERTEX_POINT ( 'NONE', #3278 ) ;
#2330 = DIRECTION ( 'NONE',  ( 0.2503800040544349459, 0.9681476403781095197, 0.000000000000000000 ) ) ;
#2331 = CARTESIAN_POINT ( 'NONE',  ( 283.4972739408158304, 0.5000000000000000000, -9.500000000000000000 ) ) ;
#2332 = EDGE_CURVE ( 'NONE', #2286, #243, #9361, .T. ) ;
#2333 = CARTESIAN_POINT ( 'NONE',  ( -180.0099999999999909, 0.009999999999999592548, 0.000000000000000000 ) ) ;
#2334 = EDGE_CURVE ( 'NONE', #6287, #6863, #104, .T. ) ;
#2335 = CARTESIAN_POINT ( 'NONE',  ( 105.3799359962704898, 11.24999999999624833, -0.009999999999999592548 ) ) ;
#2336 = AXIS2_PLACEMENT_3D ( 'NONE', #5116, #7503, #5738 ) ;
#2337 = CARTESIAN_POINT ( 'NONE',  ( 173.4324881251731654, 62.85269112776567368, 0.000000000000000000 ) ) ;
#2338 = CARTESIAN_POINT ( 'NONE',  ( 69.43423571791517190, 17.99000000000300048, -10.00000000000000000 ) ) ;
#2339 = ORIENTED_EDGE ( 'NONE', *, *, #7926, .T. ) ;
#2340 = EDGE_CURVE ( 'NONE', #3524, #8483, #4235, .T. ) ;
#2341 = VERTEX_POINT ( 'NONE', #6107 ) ;
#2342 = CARTESIAN_POINT ( 'NONE',  ( 283.2582673130320359, 17.94611340897332497, -9.937191140791437505 ) ) ;
#2343 = EDGE_LOOP ( 'NONE', ( #7769, #8607, #2560, #3213 ) ) ;
#2344 = DIRECTION ( 'NONE',  ( -0.2503800040544349459, 0.9681476403781095197, 0.000000000000000000 ) ) ;
#2345 = FACE_OUTER_BOUND ( 'NONE', #522, .T. ) ;
#2346 = CARTESIAN_POINT ( 'NONE',  ( -180.0000000000000000, -83.00000000000001421, -9.990000000000000213 ) ) ;
#2347 = CARTESIAN_POINT ( 'NONE',  ( 143.0867906235866087, 11.23999999999625032, 0.000000000000000000 ) ) ;
#2348 = EDGE_CURVE ( 'NONE', #7831, #5100, #838, .T. ) ;
#2349 = VECTOR ( 'NONE', #9133, 1000.000000000000000 ) ;
#2350 = CARTESIAN_POINT ( 'NONE',  ( 175.6099909823298617, 17.99000000000300048, 0.000000000000000000 ) ) ;
#2351 = DIRECTION ( 'NONE',  ( -0.2503800040544349459, 0.9681476403781095197, 0.000000000000000000 ) ) ;
#2352 = ORIENTED_EDGE ( 'NONE', *, *, #2040, .F. ) ;
#2353 = EDGE_CURVE ( 'NONE', #6889, #8179, #6011, .T. ) ;
#2354 = ORIENTED_EDGE ( 'NONE', *, *, #916, .T. ) ;
#2355 = CARTESIAN_POINT ( 'NONE',  ( 92.53265812664899670, 11.23999999999625210, 0.000000000000000000 ) ) ;
#2356 = CARTESIAN_POINT ( 'NONE',  ( 35.98399042659244884, 11.23999999999625032, 0.000000000000000000 ) ) ;
#2357 = ORIENTED_EDGE ( 'NONE', *, *, #3273, .T. ) ;
#2358 = CARTESIAN_POINT ( 'NONE',  ( -179.9999999999999716, 107.0000000000000000, -9.990000000000000213 ) ) ;
#2359 = EDGE_CURVE ( 'NONE', #1703, #7400, #5209, .T. ) ;
#2360 = CARTESIAN_POINT ( 'NONE',  ( 241.5911794596742368, 18.00000000000299849, -0.009999999999999592548 ) ) ;
#2361 = CARTESIAN_POINT ( 'NONE',  ( 232.1631943255949295, 17.99585786437926771, 1.270432225224321681E-15 ) ) ;
#2362 = CARTESIAN_POINT ( 'NONE',  ( 283.2582673130320359, 0.05388659102969046988, -0.06280885920853980509 ) ) ;
#2363 = CARTESIAN_POINT ( 'NONE',  ( 248.5069554172196149, 17.99749619996245897, -10.00000000000000000 ) ) ;
#2364 = CARTESIAN_POINT ( 'NONE',  ( -215.9899999999999807, 18.00000000000309441, -0.01000000000000000021 ) ) ;
#2365 = ORIENTED_EDGE ( 'NONE', *, *, #7924, .F. ) ;
#2366 = VERTEX_POINT ( 'NONE', #3763 ) ;
#2367 = LINE ( 'NONE', #75, #9725 ) ;
#2368 = VECTOR ( 'NONE', #7282, 1000.000000000000000 ) ;
#2369 = CARTESIAN_POINT ( 'NONE',  ( 92.54040095392741705, 11.24999999999624833, -9.990000000000000213 ) ) ;
#2370 = EDGE_CURVE ( 'NONE', #3370, #1995, #4406, .T. ) ;
#2371 = CIRCLE ( 'NONE', #4953, 8.000000000000035527 ) ;
#2372 = ORIENTED_EDGE ( 'NONE', *, *, #6796, .T. ) ;
#2373 = ORIENTED_EDGE ( 'NONE', *, *, #499, .F. ) ;
#2374 = AXIS2_PLACEMENT_3D ( 'NONE', #1941, #5019, #8063 ) ;
#2375 = CARTESIAN_POINT ( 'NONE',  ( 119.0658589254818907, 17.99585786437927126, 3.812014057160100988E-15 ) ) ;
#2376 = ORIENTED_EDGE ( 'NONE', *, *, #8576, .T. ) ;
#2377 = FACE_OUTER_BOUND ( 'NONE', #4101, .T. ) ;
#2378 = LINE ( 'NONE', #5405, #6591 ) ;
#2379 = ORIENTED_EDGE ( 'NONE', *, *, #5062, .T. ) ;
#2380 = DIRECTION ( 'NONE',  ( 0.000000000000000000, 1.000000000000000000, 0.000000000000000000 ) ) ;
#2381 = LINE ( 'NONE', #1729, #148 ) ;
#2382 = VECTOR ( 'NONE', #1506, 1000.000000000000000 ) ;
#2383 = AXIS2_PLACEMENT_3D ( 'NONE', #6200, #7147, #4756 ) ;
#2384 = CARTESIAN_POINT ( 'NONE',  ( 0.000000000000000000, 18.00000000000299849, -10.00000000000000000 ) ) ;
#2385 = CARTESIAN_POINT ( 'NONE',  ( 283.2582673130322064, 17.94611340897316509, -0.06280885920853984672 ) ) ;
#2386 = CARTESIAN_POINT ( 'NONE',  ( 201.3811270180470956, 17.99000000000300048, -10.00000000000000000 ) ) ;
#2387 = VERTEX_POINT ( 'NONE', #635 ) ;
#2388 = ORIENTED_EDGE ( 'NONE', *, *, #4752, .T. ) ;
#2389 = CARTESIAN_POINT ( 'NONE',  ( 166.1852130323204051, 17.99000000000300048, 0.000000000000000000 ) ) ;
#2390 = ORIENTED_EDGE ( 'NONE', *, *, #8969, .T. ) ;
#2391 = CARTESIAN_POINT ( 'NONE',  ( 283.4972739408158304, 17.50000000000299849, -0.5000000000000000000 ) ) ;
#2392 = AXIS2_PLACEMENT_3D ( 'NONE', #2287, #9085, #8249 ) ;
#2393 = CARTESIAN_POINT ( 'NONE',  ( 161.9318108803968812, 11.24585786437251755, 4.071938083478370545E-16 ) ) ;
#2394 = CARTESIAN_POINT ( 'NONE',  ( 58.59130400191951793, 33.15274150524061270, 0.000000000000000000 ) ) ;
#2395 = ADVANCED_FACE ( 'NONE', ( #3709 ), #8983, .F. ) ;
#2396 = LINE ( 'NONE', #4020, #4653 ) ;
#2397 = CARTESIAN_POINT ( 'NONE',  ( 177.3634025040122424, 11.24999999999624833, -0.009999999999999592548 ) ) ;
#2398 = EDGE_CURVE ( 'NONE', #2782, #4526, #6242, .T. ) ;
#2399 = AXIS2_PLACEMENT_3D ( 'NONE', #2482, #2380, #4003 ) ;
#2400 = CARTESIAN_POINT ( 'NONE',  ( 114.8047139462799180, 11.24999999999624833, -10.00000000000000000 ) ) ;
#2401 = CARTESIAN_POINT ( 'NONE',  ( 162.2571270043375193, -23.96254623038450404, 0.000000000000000000 ) ) ;
#2402 = ORIENTED_EDGE ( 'NONE', *, *, #5845, .T. ) ;
#2403 = ORIENTED_EDGE ( 'NONE', *, *, #2091, .T. ) ;
#2404 = ADVANCED_FACE ( 'NONE', ( #2848 ), #2899, .T. ) ;
#2405 = ORIENTED_EDGE ( 'NONE', *, *, #5080, .F. ) ;
#2406 = ADVANCED_FACE ( 'NONE', ( #1526 ), #2180, .T. ) ;
#2407 = CYLINDRICAL_SURFACE ( 'NONE', #6888, 0.009999999999999592548 ) ;
#2408 = EDGE_CURVE ( 'NONE', #6031, #43, #7508, .T. ) ;
#2409 = CARTESIAN_POINT ( 'NONE',  ( 241.5879722756043577, 17.99585786437926771, 1.270432225224321681E-15 ) ) ;
#2410 = AXIS2_PLACEMENT_3D ( 'NONE', #2598, #9487, #3356 ) ;
#2411 = FACE_OUTER_BOUND ( 'NONE', #5153, .T. ) ;
#2412 = FACE_OUTER_BOUND ( 'NONE', #3839, .T. ) ;
#2413 = ADVANCED_FACE ( 'NONE', ( #9831 ), #9726, .T. ) ;
#2414 = CARTESIAN_POINT ( 'NONE',  ( 73.91775460183470159, -1.116431136134452107, 0.000000000000000000 ) ) ;
#2415 = CARTESIAN_POINT ( 'NONE',  ( 107.1256046906744501, 18.00000000000299849, -0.009999999999999592548 ) ) ;
#2416 = DIRECTION ( 'NONE',  ( -0.2503800040544349459, -0.9681476403781095197, -0.000000000000000000 ) ) ;
#2417 = ORIENTED_EDGE ( 'NONE', *, *, #5360, .F. ) ;
#2418 = ORIENTED_EDGE ( 'NONE', *, *, #1226, .F. ) ;
#2419 = DIRECTION ( 'NONE',  ( 0.2503800040544349459, 0.9681476403781095197, 0.000000000000000000 ) ) ;
#2420 = CARTESIAN_POINT ( 'NONE',  ( 220.2229400907875743, 18.00000000000299494, -0.004142135623730637366 ) ) ;
#2421 = ORIENTED_EDGE ( 'NONE', *, *, #2812, .T. ) ;
#2422 = ORIENTED_EDGE ( 'NONE', *, *, #1104, .T. ) ;
#2423 = CARTESIAN_POINT ( 'NONE',  ( 0.000000000000000000, 18.00000000000299849, -10.00000000000000000 ) ) ;
#2424 = ORIENTED_EDGE ( 'NONE', *, *, #848, .F. ) ;
#2425 = CARTESIAN_POINT ( 'NONE',  ( 120.4288646836714491, 49.14502207121564226, 0.000000000000000000 ) ) ;
#2426 =( BOUNDED_CURVE ( )  B_SPLINE_CURVE ( 3, ( #4404, #7487, #7438, #3803 ),
 .UNSPECIFIED., .F., .F. ) 
 B_SPLINE_CURVE_WITH_KNOTS ( ( 4, 4 ),
 ( 3.141592653589793116, 4.712388980384126569 ),
 .UNSPECIFIED. ) 
 CURVE ( )  GEOMETRIC_REPRESENTATION_ITEM ( )  RATIONAL_B_SPLINE_CURVE ( ( 1.000000000000000000, 0.8047378541244977201, 0.8047378541244977201, 1.000000000000000000 ) ) 
 REPRESENTATION_ITEM ( '' )  );
#2427 = DIRECTION ( 'NONE',  ( -0.9681476403780520101, 0.2503800040546569350, 0.000000000000000000 ) ) ;
#2428 = ORIENTED_EDGE ( 'NONE', *, *, #9126, .F. ) ;
#2429 = DIRECTION ( 'NONE',  ( 1.000000000000000000, 0.000000000000000000, 0.000000000000000000 ) ) ;
#2430 = CIRCLE ( 'NONE', #3737, 0.01000000000000000021 ) ;
#2431 = CARTESIAN_POINT ( 'NONE',  ( 67.68082419623277701, 11.24999999999625011, -9.995857864376270996 ) ) ;
#2432 = CARTESIAN_POINT ( 'NONE',  ( 163.6820152180094396, 17.99000000000299693, 0.000000000000000000 ) ) ;
#2433 = CARTESIAN_POINT ( 'NONE',  ( 282.9972739408158304, 17.99000000000300048, -2.422514229147298970E-16 ) ) ;
#2434 = CARTESIAN_POINT ( 'NONE',  ( 232.1664015096648370, 18.00000000000299849, -9.990000000000000213 ) ) ;
#2435 = ORIENTED_EDGE ( 'NONE', *, *, #3969, .F. ) ;
#2436 = ORIENTED_EDGE ( 'NONE', *, *, #3386, .F. ) ;
#2437 = VECTOR ( 'NONE', #9314, 1000.000000000000000 ) ;
#2438 = FACE_OUTER_BOUND ( 'NONE', #3121, .T. ) ;
#2439 = ORIENTED_EDGE ( 'NONE', *, *, #7256, .T. ) ;
#2440 = LINE ( 'NONE', #246, #5875 ) ;
#2441 = VECTOR ( 'NONE', #590, 1000.000000000000000 ) ;
#2442 = DIRECTION ( 'NONE',  ( 0.000000000000000000, -1.000000000000000000, -0.000000000000000000 ) ) ;
#2443 = CARTESIAN_POINT ( 'NONE',  ( 32.08949228116868113, 26.29890697696560409, -9.990000000000000213 ) ) ;
#2444 = DIRECTION ( 'NONE',  ( 0.000000000000000000, 0.000000000000000000, 1.000000000000000000 ) ) ;
#2445 = FACE_OUTER_BOUND ( 'NONE', #7512, .T. ) ;
#2446 = AXIS2_PLACEMENT_3D ( 'NONE', #5177, #9748, #7 ) ;
#2447 = AXIS2_PLACEMENT_3D ( 'NONE', #9148, #8503, #9288 ) ;
#2448 = CARTESIAN_POINT ( 'NONE',  ( 246.7516052464118559, 11.24999999999624833, -9.990000000000000213 ) ) ;
#2449 = CARTESIAN_POINT ( 'NONE',  ( 154.2494944407215485, 18.00000000000299849, -0.009999999999999592548 ) ) ;
#2450 = ORIENTED_EDGE ( 'NONE', *, *, #8621, .T. ) ;
#2451 = ORIENTED_EDGE ( 'NONE', *, *, #3210, .T. ) ;
#2452 = CARTESIAN_POINT ( 'NONE',  ( 210.8078436171818737, 17.99749619996246608, -10.00000000000000000 ) ) ;
#2453 = CYLINDRICAL_SURFACE ( 'NONE', #9308, 18.00000000000001421 ) ;
#2454 = ORIENTED_EDGE ( 'NONE', *, *, #4805, .T. ) ;
#2455 = EDGE_CURVE ( 'NONE', #2022, #8392, #4508, .T. ) ;
#2456 = ORIENTED_EDGE ( 'NONE', *, *, #4387, .F. ) ;
#2457 = VECTOR ( 'NONE', #6015, 1000.000000000000000 ) ;
#2458 = DIRECTION ( 'NONE',  ( 1.460819769243627131E-16, 1.000000000000000000, -0.000000000000000000 ) ) ;
#2459 = CARTESIAN_POINT ( 'NONE',  ( 12.88556801785861694, 17.99000000000300048, -10.00000000000000000 ) ) ;
#2460 = ADVANCED_FACE ( 'NONE', ( #4599 ), #3807, .F. ) ;
#2461 = DIRECTION ( 'NONE',  ( -0.9681476403781361650, -0.2503800040543317507, 0.000000000000000000 ) ) ;
#2462 = CARTESIAN_POINT ( 'NONE',  ( 152.5038257463176024, 11.24999999999624833, -10.00000000000000000 ) ) ;
#2463 =( BOUNDED_CURVE ( )  B_SPLINE_CURVE ( 3, ( #4585, #4542, #6137, #7632 ),
 .UNSPECIFIED., .F., .T. ) 
 B_SPLINE_CURVE_WITH_KNOTS ( ( 4, 4 ),
 ( 3.141592653589793116, 4.712388980384689674 ),
 .UNSPECIFIED. ) 
 CURVE ( )  GEOMETRIC_REPRESENTATION_ITEM ( )  RATIONAL_B_SPLINE_CURVE ( ( 1.000000000000000000, 0.8047378541243649375, 0.8047378541243649375, 1.000000000000000000 ) ) 
 REPRESENTATION_ITEM ( '' )  );
#2464 = DIRECTION ( 'NONE',  ( -0.2503800040544349459, -0.9681476403781095197, -0.000000000000000000 ) ) ;
#2465 = CARTESIAN_POINT ( 'NONE',  ( 23.25555504091839865, 24.01429546754059885, -9.990000000000000213 ) ) ;
#2466 = DIRECTION ( 'NONE',  ( -0.000000000000000000, -0.000000000000000000, 1.000000000000000000 ) ) ;
#2467 = EDGE_CURVE ( 'NONE', #341, #6732, #8250, .T. ) ;
#2468 = LINE ( 'NONE', #961, #5188 ) ;
#2469 = ORIENTED_EDGE ( 'NONE', *, *, #6028, .F. ) ;
#2470 = DIRECTION ( 'NONE',  ( 1.000000000000000000, 0.000000000000000000, 0.000000000000000000 ) ) ;
#2471 = EDGE_CURVE ( 'NONE', #8778, #6475, #5958, .T. ) ;
#2472 = DIRECTION ( 'NONE',  ( -1.000000000000000000, 0.000000000000000000, 0.000000000000000000 ) ) ;
#2473 =( BOUNDED_CURVE ( )  B_SPLINE_CURVE ( 3, ( #4337, #5839, #7371, #8854 ),
 .UNSPECIFIED., .F., .F. ) 
 B_SPLINE_CURVE_WITH_KNOTS ( ( 4, 4 ),
 ( 3.141592653589813544, 4.712388980384857540 ),
 .UNSPECIFIED. ) 
 CURVE ( )  GEOMETRIC_REPRESENTATION_ITEM ( )  RATIONAL_B_SPLINE_CURVE ( ( 1.000000000000000000, 0.8047378541243302985, 0.8047378541243302985, 1.000000000000000000 ) ) 
 REPRESENTATION_ITEM ( '' )  );
#2474 = EDGE_CURVE ( 'NONE', #7783, #8182, #7771, .T. ) ;
#2475 = VERTEX_POINT ( 'NONE', #8302 ) ;
#2476 = VERTEX_POINT ( 'NONE', #4491 ) ;
#2477 = EDGE_CURVE ( 'NONE', #8709, #9716, #5244, .T. ) ;
#2478 = CARTESIAN_POINT ( 'NONE',  ( 43.67084250947634416, 18.00000000000299849, -0.01000000000000000021 ) ) ;
#2479 = EDGE_LOOP ( 'NONE', ( #5598, #9496, #4505, #2760 ) ) ;
#2480 = FACE_OUTER_BOUND ( 'NONE', #1861, .T. ) ;
#2481 = ORIENTED_EDGE ( 'NONE', *, *, #8276, .T. ) ;
#2482 = CARTESIAN_POINT ( 'NONE',  ( 282.9972739408158304, 0.000000000000000000, -9.500000000000000000 ) ) ;
#2483 = EDGE_CURVE ( 'NONE', #7015, #3566, #8345, .T. ) ;
#2484 = LINE ( 'NONE', #1630, #9405 ) ;
#2485 = CARTESIAN_POINT ( 'NONE',  ( 246.7593480736902904, 11.23999999999625032, 0.000000000000000000 ) ) ;
#2486 = DIRECTION ( 'NONE',  ( 1.000000000000000000, 0.000000000000000000, 0.000000000000000000 ) ) ;
#2487 = LINE ( 'NONE', #737, #5484 ) ;
#2488 = ORIENTED_EDGE ( 'NONE', *, *, #6334, .T. ) ;
#2489 = VERTEX_POINT ( 'NONE', #5891 ) ;
#2490 = FACE_OUTER_BOUND ( 'NONE', #1417, .T. ) ;
#2491 = ORIENTED_EDGE ( 'NONE', *, *, #7077, .F. ) ;
#2492 = CARTESIAN_POINT ( 'NONE',  ( 48.83126829621394904, 11.24999999999625189, -9.990000000000000213 ) ) ;
#2493 = CARTESIAN_POINT ( 'NONE',  ( 95.95515804626107581, 11.24999999999624833, -0.009999999999999592548 ) ) ;
#2494 = DIRECTION ( 'NONE',  ( -0.9681476403780955309, -0.2503800040544887362, 0.000000000000000000 ) ) ;
#2495 = CARTESIAN_POINT ( 'NONE',  ( 215.0625143040498415, 11.24999999999625011, -0.004142135623729738779 ) ) ;
#2496 = AXIS2_PLACEMENT_3D ( 'NONE', #1813, #8159, #6020 ) ;
#2497 = ADVANCED_FACE ( 'NONE', ( #7475 ), #8393, .F. ) ;
#2498 = LINE ( 'NONE', #1647, #3997 ) ;
#2499 = LINE ( 'NONE', #1594, #4206 ) ;
#2500 = VERTEX_POINT ( 'NONE', #8238 ) ;
#2501 = ORIENTED_EDGE ( 'NONE', *, *, #4036, .T. ) ;
#2502 = CYLINDRICAL_SURFACE ( 'NONE', #6781, 0.009999999999999592548 ) ;
#2503 = FACE_OUTER_BOUND ( 'NONE', #5098, .T. ) ;
#2504 = ORIENTED_EDGE ( 'NONE', *, *, #814, .F. ) ;
#2505 = AXIS2_PLACEMENT_3D ( 'NONE', #1422, #4644, #3704 ) ;
#2506 = VERTEX_POINT ( 'NONE', #8966 ) ;
#2507 = LINE ( 'NONE', #4835, #1259 ) ;
#2508 = DIRECTION ( 'NONE',  ( 1.000000000000000000, -0.000000000000000000, -0.000000000000000000 ) ) ;
#2509 = CARTESIAN_POINT ( 'NONE',  ( 232.1664015096647518, 18.00000000000300204, -0.004142135623729943476 ) ) ;
#2510 = CARTESIAN_POINT ( 'NONE',  ( 15.39650865944806490, 18.00000000000299849, -9.995857864376269220 ) ) ;
#2511 = CARTESIAN_POINT ( 'NONE',  ( -197.9999999999999716, 107.0000000000000000, -0.009999999999999592548 ) ) ;
#2512 = DIRECTION ( 'NONE',  ( -1.000000000000000000, -0.000000000000000000, -0.000000000000000000 ) ) ;
#2513 = DIRECTION ( 'NONE',  ( -0.2503800040544349459, 0.9681476403781095197, 0.000000000000000000 ) ) ;
#2514 = ORIENTED_EDGE ( 'NONE', *, *, #5792, .T. ) ;
#2515 = EDGE_CURVE ( 'NONE', #6750, #315, #722, .T. ) ;
#2516 = DIRECTION ( 'NONE',  ( 0.2503800040544349459, -0.9681476403781095197, 0.000000000000000000 ) ) ;
#2517 = DIRECTION ( 'NONE',  ( 1.000000000000000000, 0.000000000000000000, 0.000000000000000000 ) ) ;
#2518 = ORIENTED_EDGE ( 'NONE', *, *, #2836, .F. ) ;
#2519 = EDGE_CURVE ( 'NONE', #4561, #455, #5143, .T. ) ;
#2520 =( BOUNDED_CURVE ( )  B_SPLINE_CURVE ( 3, ( #4998, #1919, #5092, #2831 ),
 .UNSPECIFIED., .F., .F. ) 
 B_SPLINE_CURVE_WITH_KNOTS ( ( 4, 4 ),
 ( 3.141592653589813544, 4.712388980385815884 ),
 .UNSPECIFIED. ) 
 CURVE ( )  GEOMETRIC_REPRESENTATION_ITEM ( )  RATIONAL_B_SPLINE_CURVE ( ( 1.000000000000000000, 0.8047378541241043681, 0.8047378541241043681, 1.000000000000000000 ) ) 
 REPRESENTATION_ITEM ( '' )  );
#2521 = ORIENTED_EDGE ( 'NONE', *, *, #7494, .F. ) ;
#2522 = EDGE_LOOP ( 'NONE', ( #2070, #3452, #9078, #2439 ) ) ;
#2523 = EDGE_CURVE ( 'NONE', #8108, #3492, #3696, .T. ) ;
#2524 = CYLINDRICAL_SURFACE ( 'NONE', #4883, 0.01000000000000105319 ) ;
#2525 = EDGE_LOOP ( 'NONE', ( #1408, #6090, #4228, #7263 ) ) ;
#2526 = CARTESIAN_POINT ( 'NONE',  ( 185.0359428729750562, 18.02540000000299969, -10.00000000000000000 ) ) ;
#2527 = CIRCLE ( 'NONE', #9869, 0.009999999999999592548 ) ;
#2528 = CARTESIAN_POINT ( 'NONE',  ( 158.5106394199235353, 11.24585786437253354, -9.999999999999984013 ) ) ;
#2529 = ORIENTED_EDGE ( 'NONE', *, *, #4689, .F. ) ;
#2530 = CARTESIAN_POINT ( 'NONE',  ( 233.9120702040687831, 11.24999999999624833, -10.00000000000000000 ) ) ;
#2531 = EDGE_CURVE ( 'NONE', #7967, #9535, #3037, .T. ) ;
#2532 =( BOUNDED_CURVE ( )  B_SPLINE_CURVE ( 3, ( #3076, #1402, #716, #5343 ),
 .UNSPECIFIED., .F., .F. ) 
 B_SPLINE_CURVE_WITH_KNOTS ( ( 4, 4 ),
 ( 0.000000000000000000, 1.570796326795113496 ),
 .UNSPECIFIED. ) 
 CURVE ( )  GEOMETRIC_REPRESENTATION_ITEM ( )  RATIONAL_B_SPLINE_CURVE ( ( 1.000000000000000000, 0.8047378541243138672, 0.8047378541243138672, 1.000000000000000000 ) ) 
 REPRESENTATION_ITEM ( '' )  );
#2533 = CARTESIAN_POINT ( 'NONE',  ( 50.57693699061790937, 18.00000000000299494, -0.004142135623730086591 ) ) ;
#2534 = EDGE_CURVE ( 'NONE', #2329, #652, #2885, .T. ) ;
#2535 = CARTESIAN_POINT ( 'NONE',  ( 147.3368310729373434, 18.02540000000299969, -0.009999999999999592548 ) ) ;
#2536 = AXIS2_PLACEMENT_3D ( 'NONE', #9585, #4309, #9634 ) ;
#2537 = VECTOR ( 'NONE', #401, 1000.000000000000000 ) ;
#2538 = CARTESIAN_POINT ( 'NONE',  ( 15.39650865944806846, 18.00000000000299849, -0.009999999999999592548 ) ) ;
#2539 = LINE ( 'NONE', #1784, #8668 ) ;
#2540 = ORIENTED_EDGE ( 'NONE', *, *, #7003, .F. ) ;
#2541 = ORIENTED_EDGE ( 'NONE', *, *, #9325, .F. ) ;
#2542 = EDGE_CURVE ( 'NONE', #4044, #1561, #9766, .T. ) ;
#2543 = LINE ( 'NONE', #3499, #1965 ) ;
#2544 = EDGE_LOOP ( 'NONE', ( #8725, #2815, #6635, #1500 ) ) ;
#2545 = FACE_OUTER_BOUND ( 'NONE', #764, .T. ) ;
#2546 = CARTESIAN_POINT ( 'NONE',  ( 138.0967391641720212, 53.71424509006565273, 0.000000000000000000 ) ) ;
#2547 = DIRECTION ( 'NONE',  ( -0.2503800040544349459, 0.9681476403781095197, 0.000000000000000000 ) ) ;
#2548 = EDGE_CURVE ( 'NONE', #9003, #6031, #4176, .T. ) ;
#2549 = AXIS2_PLACEMENT_3D ( 'NONE', #7835, #2472, #5397 ) ;
#2550 = CARTESIAN_POINT ( 'NONE',  ( 233.9023887276649418, 11.24749619995567329, -10.00000000000000000 ) ) ;
#2551 = DIRECTION ( 'NONE',  ( 0.2503800040544349459, -0.9681476403781095197, 0.000000000000000000 ) ) ;
#2552 = LINE ( 'NONE', #5629, #5906 ) ;
#2553 = VECTOR ( 'NONE', #3872, 1000.000000000000000 ) ;
#2554 = CARTESIAN_POINT ( 'NONE',  ( 233.9088630199989041, 11.24585786437252644, 1.475414198459862560E-15 ) ) ;
#2555 = ORIENTED_EDGE ( 'NONE', *, *, #1542, .T. ) ;
#2556 = ORIENTED_EDGE ( 'NONE', *, *, #2921, .F. ) ;
#2557 = DIRECTION ( 'NONE',  ( 0.000000000000000000, 0.000000000000000000, 1.000000000000000000 ) ) ;
#2558 = CARTESIAN_POINT ( 'NONE',  ( 5.587680560417841669, 19.44507244869058837, -0.01000000000000000021 ) ) ;
#2559 = ORIENTED_EDGE ( 'NONE', *, *, #8515, .F. ) ;
#2560 = ORIENTED_EDGE ( 'NONE', *, *, #821, .F. ) ;
#2561 = EDGE_CURVE ( 'NONE', #498, #7258, #8436, .T. ) ;
#2562 = CARTESIAN_POINT ( 'NONE',  ( 143.0790477963081742, 11.24999999999624833, -9.995857864376265667 ) ) ;
#2563 = AXIS2_PLACEMENT_3D ( 'NONE', #5833, #5783, #2772 ) ;
#2564 = LINE ( 'NONE', #3423, #2722 ) ;
#2565 = CARTESIAN_POINT ( 'NONE',  ( 232.1586586823863456, 17.99000000000300048, 0.000000000000000000 ) ) ;
#2566 = CARTESIAN_POINT ( 'NONE',  ( 15.38876583216964988, 17.99000000000300048, -10.00000000000000000 ) ) ;
#2567 = CARTESIAN_POINT ( 'NONE',  ( 130.2363055698952792, 11.24585786437251933, -10.00000000000000000 ) ) ;
#2568 = LINE ( 'NONE', #9363, #2763 ) ;
#2569 = AXIS2_PLACEMENT_3D ( 'NONE', #648, #4463, #3061 ) ;
#2570 = CARTESIAN_POINT ( 'NONE',  ( 222.7338807323769458, 17.99000000000300048, 0.000000000000000000 ) ) ;
#2571 =( BOUNDED_CURVE ( )  B_SPLINE_CURVE ( 3, ( #4688, #818, #1668, #3894 ),
 .UNSPECIFIED., .F., .F. ) 
 B_SPLINE_CURVE_WITH_KNOTS ( ( 4, 4 ),
 ( 0.000000000000000000, 1.570796326794354325 ),
 .UNSPECIFIED. ) 
 CURVE ( )  GEOMETRIC_REPRESENTATION_ITEM ( )  RATIONAL_B_SPLINE_CURVE ( ( 1.000000000000000000, 0.8047378541244928352, 0.8047378541244928352, 1.000000000000000000 ) ) 
 REPRESENTATION_ITEM ( '' )  );
#2572 = ORIENTED_EDGE ( 'NONE', *, *, #4136, .F. ) ;
#2573 = EDGE_CURVE ( 'NONE', #2032, #1018, #6289, .T. ) ;
#2574 = CYLINDRICAL_SURFACE ( 'NONE', #3691, 0.009999999999999592548 ) ;
#2575 = CARTESIAN_POINT ( 'NONE',  ( -180.0000000000000000, 1.123325935484965805E-14, -10.00000000000000000 ) ) ;
#2576 = ORIENTED_EDGE ( 'NONE', *, *, #2455, .T. ) ;
#2577 = ORIENTED_EDGE ( 'NONE', *, *, #7483, .T. ) ;
#2578 = ORIENTED_EDGE ( 'NONE', *, *, #3430, .F. ) ;
#2579 = DIRECTION ( 'NONE',  ( -1.000000000000000000, -0.000000000000000000, -0.000000000000000000 ) ) ;
#2580 = CARTESIAN_POINT ( 'NONE',  ( 182.2664253654234017, 65.13730263719067182, 0.000000000000000000 ) ) ;
#2581 = EDGE_CURVE ( 'NONE', #2993, #9326, #1716, .T. ) ;
#2582 = CARTESIAN_POINT ( 'NONE',  ( 7.717399403842600591, 11.24999999999624833, -10.00000000000000000 ) ) ;
#2583 = ORIENTED_EDGE ( 'NONE', *, *, #703, .F. ) ;
#2584 = CARTESIAN_POINT ( 'NONE',  ( 248.4972739408157736, 18.00000000000299138, -0.004142135623725405440 ) ) ;
#2585 = EDGE_CURVE ( 'NONE', #643, #526, #1563, .T. ) ;
#2586 = CARTESIAN_POINT ( 'NONE',  ( 144.8279236747819709, 17.99585786437927482, -9.999999999999989342 ) ) ;
#2587 = AXIS2_PLACEMENT_3D ( 'NONE', #7756, #8544, #8409 ) ;
#2588 = EDGE_CURVE ( 'NONE', #4796, #4531, #7834, .T. ) ;
#2589 = CARTESIAN_POINT ( 'NONE',  ( 283.1322439188190287, 17.99999999947503682, -5.286426365806856943E-10 ) ) ;
#2590 = EDGE_CURVE ( 'NONE', #8792, #6889, #9074, .T. ) ;
#2591 = PLANE ( 'NONE',  #2276 ) ;
#2592 = ORIENTED_EDGE ( 'NONE', *, *, #8406, .F. ) ;
#2593 = ORIENTED_EDGE ( 'NONE', *, *, #9462, .F. ) ;
#2594 = DIRECTION ( 'NONE',  ( 0.000000000000000000, 0.000000000000000000, -1.000000000000000000 ) ) ;
#2595 = VERTEX_POINT ( 'NONE', #1514 ) ;
#2596 = DIRECTION ( 'NONE',  ( 0.000000000000000000, 0.000000000000000000, 1.000000000000000000 ) ) ;
#2597 = EDGE_CURVE ( 'NONE', #6512, #1912, #2571, .T. ) ;
#2598 = CARTESIAN_POINT ( 'NONE',  ( -198.0000000000000000, -83.00000000000000000, 0.000000000000000000 ) ) ;
#2599 = CARTESIAN_POINT ( 'NONE',  ( 224.4872922540593549, 11.24999999999624833, -9.990000000000000213 ) ) ;
#2600 = CARTESIAN_POINT ( 'NONE',  ( 215.2607504458391929, -37.67021528693452126, -9.990000000000000213 ) ) ;
#2601 = DIRECTION ( 'NONE',  ( 0.000000000000000000, 0.000000000000000000, 1.000000000000000000 ) ) ;
#2602 = ADVANCED_FACE ( 'NONE', ( #7634 ), #4587, .T. ) ;
#2603 = DIRECTION ( 'NONE',  ( -1.000000000000000000, 0.000000000000000000, 0.000000000000000000 ) ) ;
#2604 = VECTOR ( 'NONE', #2210, 1000.000000000000000 ) ;
#2605 = EDGE_CURVE ( 'NONE', #7259, #739, #3844, .T. ) ;
#2606 = VECTOR ( 'NONE', #3167, 1000.000000000000000 ) ;
#2607 = CARTESIAN_POINT ( 'NONE',  ( 186.7881804540216706, 11.24999999999625722, -9.995857864376265667 ) ) ;
#2608 = ORIENTED_EDGE ( 'NONE', *, *, #3158, .T. ) ;
#2609 = ORIENTED_EDGE ( 'NONE', *, *, #9844, .F. ) ;
#2610 = DIRECTION ( 'NONE',  ( 0.000000000000000000, 1.000000000000000000, 0.000000000000000000 ) ) ;
#2611 = ORIENTED_EDGE ( 'NONE', *, *, #1180, .T. ) ;
#2612 = EDGE_CURVE ( 'NONE', #5832, #7258, #2367, .T. ) ;
#2613 = ORIENTED_EDGE ( 'NONE', *, *, #6569, .F. ) ;
#2614 = LINE ( 'NONE', #3320, #170 ) ;
#2615 = AXIS2_PLACEMENT_3D ( 'NONE', #6400, #3192, #6450 ) ;
#2616 = AXIS2_PLACEMENT_3D ( 'NONE', #4620, #3784, #6827 ) ;
#2617 = FACE_OUTER_BOUND ( 'NONE', #4496, .T. ) ;
#2618 = DIRECTION ( 'NONE',  ( 0.2503800040544349459, 0.9681476403781095197, 0.000000000000000000 ) ) ;
#2619 = PLANE ( 'NONE',  #2224 ) ;
#2620 =( BOUNDED_CURVE ( )  B_SPLINE_CURVE ( 3, ( #3360, #7157, #8653, #985 ),
 .UNSPECIFIED., .F., .F. ) 
 B_SPLINE_CURVE_WITH_KNOTS ( ( 4, 4 ),
 ( 0.000000000000000000, 1.570796326794354325 ),
 .UNSPECIFIED. ) 
 CURVE ( )  GEOMETRIC_REPRESENTATION_ITEM ( )  RATIONAL_B_SPLINE_CURVE ( ( 1.000000000000000000, 0.8047378541244928352, 0.8047378541244928352, 1.000000000000000000 ) ) 
 REPRESENTATION_ITEM ( '' )  );
#2621 = DIRECTION ( 'NONE',  ( 0.000000000000000000, 0.000000000000000000, -1.000000000000000000 ) ) ;
#2622 = CARTESIAN_POINT ( 'NONE',  ( 248.4972739408158020, 18.00000000000299849, -10.00000000000000000 ) ) ;
#2623 = FACE_OUTER_BOUND ( 'NONE', #1524, .T. ) ;
#2624 = CARTESIAN_POINT ( 'NONE',  ( 205.6299935267620356, 11.23999999999625032, -10.00000000000000000 ) ) ;
#2625 = EDGE_LOOP ( 'NONE', ( #3496, #7119, #8546, #2555 ) ) ;
#2626 = DIRECTION ( 'NONE',  ( 0.2503800040544349459, -0.9681476403781095197, -0.000000000000000000 ) ) ;
#2627 = PRESENTATION_LAYER_ASSIGNMENT (  '', '', ( #67 ) ) ;
#2628 = CARTESIAN_POINT ( 'NONE',  ( 186.7849732699518199, 11.24585786437251755, 1.475414198459862560E-15 ) ) ;
#2629 = VERTEX_POINT ( 'NONE', #6992 ) ;
#2630 = ADVANCED_FACE ( 'NONE', ( #5496 ), #7734, .T. ) ;
#2631 =( NAMED_UNIT ( * ) SI_UNIT ( $, .STERADIAN. ) SOLID_ANGLE_UNIT ( ) );
#2632 = ORIENTED_EDGE ( 'NONE', *, *, #5984, .F. ) ;
#2633 = DIRECTION ( 'NONE',  ( 0.9681476403782230955, -0.2503800040539953531, 0.000000000000000000 ) ) ;
#2634 = DIRECTION ( 'NONE',  ( 0.9681476403780955309, -0.2503800040544887362, 0.000000000000000000 ) ) ;
#2635 = EDGE_LOOP ( 'NONE', ( #7279, #5044, #9128, #8595 ) ) ;
#2636 = CARTESIAN_POINT ( 'NONE',  ( 20.55693444618567156, 11.24999999999624833, -0.009999999999999592548 ) ) ;
#2637 = CARTESIAN_POINT ( 'NONE',  ( 118.0874408030860963, -12.53948868325947430, -9.990000000000000213 ) ) ;
#2638 = VERTEX_POINT ( 'NONE', #865 ) ;
#2639 = FACE_OUTER_BOUND ( 'NONE', #2840, .T. ) ;
#2640 = FACE_OUTER_BOUND ( 'NONE', #7154, .T. ) ;
#2641 = ORIENTED_EDGE ( 'NONE', *, *, #7863, .T. ) ;
#2642 = VERTEX_POINT ( 'NONE', #5395 ) ;
#2643 = DIRECTION ( 'NONE',  ( 0.2503800040544349459, -0.9681476403781095197, 0.000000000000000000 ) ) ;
#2644 = VERTEX_POINT ( 'NONE', #5546 ) ;
#2645 = DIRECTION ( 'NONE',  ( 0.2503800040544349459, 0.9681476403781095197, 0.000000000000000000 ) ) ;
#2646 = LINE ( 'NONE', #7251, #339 ) ;
#2647 = FACE_OUTER_BOUND ( 'NONE', #1953, .T. ) ;
#2648 = CARTESIAN_POINT ( 'NONE',  ( 22.31885350363604914, 18.02289619996245307, -0.009999999999999592548 ) ) ;
#2649 =( BOUNDED_CURVE ( )  B_SPLINE_CURVE ( 3, ( #3286, #6338, #9370, #4789 ),
 .UNSPECIFIED., .F., .F. ) 
 B_SPLINE_CURVE_WITH_KNOTS ( ( 4, 4 ),
 ( 3.141592653589793116, 4.712388980384581316 ),
 .UNSPECIFIED. ) 
 CURVE ( )  GEOMETRIC_REPRESENTATION_ITEM ( )  RATIONAL_B_SPLINE_CURVE ( ( 1.000000000000000000, 0.8047378541243905836, 0.8047378541243905836, 1.000000000000000000 ) ) 
 REPRESENTATION_ITEM ( '' )  );
#2650 = EDGE_CURVE ( 'NONE', #4940, #5832, #23, .T. ) ;
#2651 = CARTESIAN_POINT ( 'NONE',  ( 229.6477180407969740, 18.00000000000299849, -9.990000000000000213 ) ) ;
#2652 = EDGE_CURVE ( 'NONE', #1912, #3048, #3990, .T. ) ;
#2653 = DIRECTION ( 'NONE',  ( -0.9681476403780955309, -0.2503800040544887362, 0.000000000000000000 ) ) ;
#2654 = EDGE_LOOP ( 'NONE', ( #7230, #1220, #5141, #1516 ) ) ;
#2655 = ORIENTED_EDGE ( 'NONE', *, *, #1482, .T. ) ;
#2656 =( BOUNDED_CURVE ( )  B_SPLINE_CURVE ( 3, ( #8645, #4859, #4256, #5008 ),
 .UNSPECIFIED., .F., .T. ) 
 B_SPLINE_CURVE_WITH_KNOTS ( ( 4, 4 ),
 ( 3.141592653589793116, 4.712388980384689674 ),
 .UNSPECIFIED. ) 
 CURVE ( )  GEOMETRIC_REPRESENTATION_ITEM ( )  RATIONAL_B_SPLINE_CURVE ( ( 1.000000000000000000, 0.8047378541243649375, 0.8047378541243649375, 1.000000000000000000 ) ) 
 REPRESENTATION_ITEM ( '' )  );
#2657 = DIRECTION ( 'NONE',  ( -0.2503800040544349459, 0.9681476403781095197, 0.000000000000000000 ) ) ;
#2658 = VERTEX_POINT ( 'NONE', #174 ) ;
#2659 = EDGE_CURVE ( 'NONE', #6389, #9566, #8574, .T. ) ;
#2660 = ORIENTED_EDGE ( 'NONE', *, *, #7749, .T. ) ;
#2661 = CARTESIAN_POINT ( 'NONE',  ( 64.26606710389913246, 11.24999999999624833, -10.00000000000000000 ) ) ;
#2662 = AXIS2_PLACEMENT_3D ( 'NONE', #7231, #7280, #8180 ) ;
#2663 = CARTESIAN_POINT ( 'NONE',  ( 135.3999385407027489, 18.00000000000300204, -9.995857864376269220 ) ) ;
#2664 = EDGE_CURVE ( 'NONE', #1288, #8398, #230, .T. ) ;
#2665 = DIRECTION ( 'NONE',  ( 0.2503800040544349459, 0.9681476403781095197, 0.000000000000000000 ) ) ;
#2666 = DIRECTION ( 'NONE',  ( 0.9681476403781095197, -0.2503800040544349459, 0.000000000000000000 ) ) ;
#2667 = FACE_OUTER_BOUND ( 'NONE', #1117, .T. ) ;
#2668 = DIRECTION ( 'NONE',  ( -0.2503800040544349459, -0.9681476403781095197, -0.000000000000000000 ) ) ;
#2669 = DIRECTION ( 'NONE',  ( 0.9681476403780845397, -0.2503800040545307581, 0.000000000000000000 ) ) ;
#2670 = EDGE_CURVE ( 'NONE', #3185, #2644, #9366, .T. ) ;
#2671 = ORIENTED_EDGE ( 'NONE', *, *, #3778, .F. ) ;
#2672 = EDGE_CURVE ( 'NONE', #4044, #6368, #4625, .T. ) ;
#2673 = CARTESIAN_POINT ( 'NONE',  ( 283.4373694134474704, 0.2341237659297631390, -9.765876234070189454 ) ) ;
#2674 = DIRECTION ( 'NONE',  ( 1.000000000000000000, -0.000000000000000000, 0.000000000000000000 ) ) ;
#2675 = EDGE_LOOP ( 'NONE', ( #7090, #1330, #3292, #5944 ) ) ;
#2676 =( BOUNDED_CURVE ( )  B_SPLINE_CURVE ( 3, ( #4927, #2562, #6983, #7775 ),
 .UNSPECIFIED., .F., .T. ) 
 B_SPLINE_CURVE_WITH_KNOTS ( ( 4, 4 ),
 ( 3.141592653589793116, 4.712388980383454218 ),
 .UNSPECIFIED. ) 
 CURVE ( )  GEOMETRIC_REPRESENTATION_ITEM ( )  RATIONAL_B_SPLINE_CURVE ( ( 1.000000000000000000, 0.8047378541246562600, 0.8047378541246562600, 1.000000000000000000 ) ) 
 REPRESENTATION_ITEM ( '' )  );
#2677 = DIRECTION ( 'NONE',  ( -0.2503800040544349459, 0.9681476403781095197, -0.000000000000000000 ) ) ;
#2678 = ORIENTED_EDGE ( 'NONE', *, *, #5296, .T. ) ;
#2679 = DIRECTION ( 'NONE',  ( 0.000000000000000000, 0.000000000000000000, -1.000000000000000000 ) ) ;
#2680 = DIRECTION ( 'NONE',  ( -0.2503800040544349459, -0.9681476403781095197, 0.000000000000000000 ) ) ;
#2681 = ORIENTED_EDGE ( 'NONE', *, *, #2332, .F. ) ;
#2682 = CARTESIAN_POINT ( 'NONE',  ( 86.53038009625164761, 11.24999999999624833, -0.009999999999999592548 ) ) ;
#2683 = DIRECTION ( 'NONE',  ( -0.000000000000000000, -0.000000000000000000, 1.000000000000000000 ) ) ;
#2684 = EDGE_LOOP ( 'NONE', ( #4190, #9454, #79, #7358 ) ) ;
#2685 = EDGE_CURVE ( 'NONE', #7844, #6660, #5717, .T. ) ;
#2686 = APPLICATION_CONTEXT ( 'automotive_design' ) ;
#2687 = CARTESIAN_POINT ( 'NONE',  ( 163.6820152180094396, 17.99000000000300048, -10.00000000000000000 ) ) ;
#2688 = LINE ( 'NONE', #6402, #670 ) ;
#2689 = EDGE_LOOP ( 'NONE', ( #4972, #34, #3465, #3945 ) ) ;
#2690 = ORIENTED_EDGE ( 'NONE', *, *, #2900, .T. ) ;
#2691 = CARTESIAN_POINT ( 'NONE',  ( 53.09562045948576525, 18.00000000000299494, -9.990000000000000213 ) ) ;
#2692 = VERTEX_POINT ( 'NONE', #5742 ) ;
#2693 = CARTESIAN_POINT ( 'NONE',  ( 173.1067931680188678, 17.99000000000299693, 0.000000000000000000 ) ) ;
#2694 = CARTESIAN_POINT ( 'NONE',  ( 39.40649034620450664, 11.24999999999624833, -0.004142135623730543691 ) ) ;
#2695 = DIRECTION ( 'NONE',  ( 0.000000000000000000, 0.000000000000000000, -1.000000000000000000 ) ) ;
#2696 = DIRECTION ( 'NONE',  ( -0.2503800040544349459, 0.9681476403781095197, -0.000000000000000000 ) ) ;
#2697 = CARTESIAN_POINT ( 'NONE',  ( 34.24606455946691597, 18.00000000000300204, -9.990000000000000213 ) ) ;
#2698 = AXIS2_PLACEMENT_3D ( 'NONE', #4476, #5185, #8897 ) ;
#2699 = AXIS2_PLACEMENT_3D ( 'NONE', #3638, #6493, #1971 ) ;
#2700 = CARTESIAN_POINT ( 'NONE',  ( 203.8920676596364956, 18.00000000000300204, -0.004142135623729943476 ) ) ;
#2701 = VERTEX_POINT ( 'NONE', #3433 ) ;
#2702 = ORIENTED_EDGE ( 'NONE', *, *, #2149, .F. ) ;
#2703 = ADVANCED_FACE ( 'NONE', ( #5647 ), #7998, .T. ) ;
#2704 = DIRECTION ( 'NONE',  ( 0.000000000000000000, -0.000000000000000000, 1.000000000000000000 ) ) ;
#2705 = ORIENTED_EDGE ( 'NONE', *, *, #9555, .F. ) ;
#2706 = VECTOR ( 'NONE', #734, 1000.000000000000000 ) ;
#2707 = ORIENTED_EDGE ( 'NONE', *, *, #6097, .F. ) ;
#2708 = ADVANCED_FACE ( 'NONE', ( #9606 ), #7355, .T. ) ;
#2709 = CARTESIAN_POINT ( 'NONE',  ( 203.8843248323580895, 17.99000000000299693, -10.00000000000000000 ) ) ;
#2710 = CYLINDRICAL_SURFACE ( 'NONE', #5120, 0.009999999999999592548 ) ;
#2711 = VECTOR ( 'NONE', #6176, 1000.000000000000000 ) ;
#2712 = AXIS2_PLACEMENT_3D ( 'NONE', #8824, #7380, #430 ) ;
#2713 = EDGE_CURVE ( 'NONE', #9016, #9716, #9398, .T. ) ;
#2714 = LINE ( 'NONE', #5074, #9079 ) ;
#2715 = LINE ( 'NONE', #9503, #3389 ) ;
#2716 = LINE ( 'NONE', #9459, #784 ) ;
#2717 = ADVANCED_FACE ( 'NONE', ( #6580 ), #2574, .T. ) ;
#2718 = EDGE_CURVE ( 'NONE', #1518, #2658, #7886, .T. ) ;
#2719 = DIRECTION ( 'NONE',  ( -0.9681476403781095197, -0.2503800040544349459, 0.000000000000000000 ) ) ;
#2720 = CARTESIAN_POINT ( 'NONE',  ( 31.72738109059905653, 18.00000000000299849, -9.990000000000000213 ) ) ;
#2721 = ORIENTED_EDGE ( 'NONE', *, *, #8216, .T. ) ;
#2722 = VECTOR ( 'NONE', #261, 1000.000000000000000 ) ;
#2723 = ADVANCED_FACE ( 'NONE', ( #4192 ), #8676, .T. ) ;
#2724 = VECTOR ( 'NONE', #3002, 1000.000000000000000 ) ;
#2725 = LINE ( 'NONE', #2358, #1433 ) ;
#2726 = CARTESIAN_POINT ( 'NONE',  ( 227.9020493463929995, 11.24999999999624833, -9.990000000000000213 ) ) ;
#2727 = LINE ( 'NONE', #4939, #6236 ) ;
#2728 = ORIENTED_EDGE ( 'NONE', *, *, #9063, .F. ) ;
#2729 = EDGE_CURVE ( 'NONE', #6732, #2908, #272, .T. ) ;
#2730 = AXIS2_PLACEMENT_3D ( 'NONE', #9553, #8804, #5183 ) ;
#2731 = DIRECTION ( 'NONE',  ( -0.000000000000000000, -0.000000000000000000, 1.000000000000000000 ) ) ;
#2732 = ORIENTED_EDGE ( 'NONE', *, *, #6705, .F. ) ;
#2733 = CARTESIAN_POINT ( 'NONE',  ( 73.68763786983873842, 11.24585786437251933, -10.00000000000000000 ) ) ;
#2734 = CARTESIAN_POINT ( 'NONE',  ( 283.2901671596292204, 18.00000000000299494, -0.01000000000000024307 ) ) ;
#2735 = ORIENTED_EDGE ( 'NONE', *, *, #712, .T. ) ;
#2736 = LINE ( 'NONE', #8908, #2861 ) ;
#2737 = FACE_OUTER_BOUND ( 'NONE', #7664, .T. ) ;
#2738 = VERTEX_POINT ( 'NONE', #7224 ) ;
#2739 = AXIS2_PLACEMENT_3D ( 'NONE', #3470, #8022, #6476 ) ;
#2740 = CARTESIAN_POINT ( 'NONE',  ( 222.7416235596553804, 18.00000000000299849, -0.01000000000000000021 ) ) ;
#2741 = CARTESIAN_POINT ( 'NONE',  ( 34.24606455946690886, 18.00000000000299849, -9.995857864376267443 ) ) ;
#2742 = AXIS2_PLACEMENT_3D ( 'NONE', #9673, #6698, #3606 ) ;
#2743 = CARTESIAN_POINT ( 'NONE',  ( 119.0613232822733067, 17.99000000000300048, 0.000000000000000000 ) ) ;
#2744 = EDGE_LOOP ( 'NONE', ( #4643, #3906, #6559, #1615 ) ) ;
#2745 = ORIENTED_EDGE ( 'NONE', *, *, #9072, .T. ) ;
#2746 = PLANE ( 'NONE',  #9788 ) ;
#2747 = ORIENTED_EDGE ( 'NONE', *, *, #2775, .T. ) ;
#2748 = DIRECTION ( 'NONE',  ( -0.9681476403782230955, -0.2503800040539953531, 0.000000000000000000 ) ) ;
#2749 = CARTESIAN_POINT ( 'NONE',  ( 71.94517635950460033, 18.00000000000299849, -9.990000000000000213 ) ) ;
#2750 = FACE_OUTER_BOUND ( 'NONE', #7820, .T. ) ;
#2751 = AXIS2_PLACEMENT_3D ( 'NONE', #2146, #8889, #5222 ) ;
#2752 = CARTESIAN_POINT ( 'NONE',  ( 47.41594288108385058, 5.737403392140561387, -9.990000000000000213 ) ) ;
#2753 = CARTESIAN_POINT ( 'NONE',  ( 11.13989932345466016, 11.23999999999625032, -10.00000000000000000 ) ) ;
#2754 = EDGE_CURVE ( 'NONE', #3804, #9218, #319, .T. ) ;
#2755 = EDGE_LOOP ( 'NONE', ( #5739, #5568, #6620, #8314 ) ) ;
#2756 = VERTEX_POINT ( 'NONE', #5698 ) ;
#2757 = CARTESIAN_POINT ( 'NONE',  ( 100.2195102095328707, 18.00000000000299849, -0.01000000000000000021 ) ) ;
#2758 = ORIENTED_EDGE ( 'NONE', *, *, #7540, .T. ) ;
#2759 = VECTOR ( 'NONE', #8154, 1000.000000000000000 ) ;
#2760 = ORIENTED_EDGE ( 'NONE', *, *, #9721, .T. ) ;
#2761 =( BOUNDED_CURVE ( )  B_SPLINE_CURVE ( 3, ( #2999, #7388, #1322, #5956 ),
 .UNSPECIFIED., .F., .F. ) 
 B_SPLINE_CURVE_WITH_KNOTS ( ( 4, 4 ),
 ( 3.141592653589793116, 4.712388980385361137 ),
 .UNSPECIFIED. ) 
 CURVE ( )  GEOMETRIC_REPRESENTATION_ITEM ( )  RATIONAL_B_SPLINE_CURVE ( ( 1.000000000000000000, 0.8047378541242068417, 0.8047378541242068417, 1.000000000000000000 ) ) 
 REPRESENTATION_ITEM ( '' )  );
#2762 = CARTESIAN_POINT ( 'NONE',  ( 167.9386245540028142, 11.24999999999624833, -9.990000000000000213 ) ) ;
#2763 = VECTOR ( 'NONE', #910, 1000.000000000000000 ) ;
#2764 = CARTESIAN_POINT ( 'NONE',  ( 81.36221148223562238, 17.99000000000300048, -10.00000000000000000 ) ) ;
#2765 = CARTESIAN_POINT ( 'NONE',  ( 152.5038257463176024, 11.24999999999624833, -9.990000000000000213 ) ) ;
#2766 = ORIENTED_EDGE ( 'NONE', *, *, #9540, .T. ) ;
#2767 = DIRECTION ( 'NONE',  ( 1.000000000000000000, 0.000000000000000000, 0.000000000000000000 ) ) ;
#2768 = LINE ( 'NONE', #7220, #6288 ) ;
#2769 = VECTOR ( 'NONE', #5043, 1000.000000000000000 ) ;
#2770 = ORIENTED_EDGE ( 'NONE', *, *, #6046, .F. ) ;
#2771 = VECTOR ( 'NONE', #5335, 1000.000000000000000 ) ;
#2772 = DIRECTION ( 'NONE',  ( 0.2503800040544349459, 0.9681476403781095197, 0.000000000000000000 ) ) ;
#2773 = CARTESIAN_POINT ( 'NONE',  ( 0.000000000000000000, 17.99000000000300048, -9.990000000000000213 ) ) ;
#2774 = EDGE_CURVE ( 'NONE', #2777, #8648, #370, .T. ) ;
#2775 = EDGE_CURVE ( 'NONE', #6475, #1280, #6627, .T. ) ;
#2776 = CARTESIAN_POINT ( 'NONE',  ( -206.0000000000000284, 0.000000000000000000, -0.009999999999999592548 ) ) ;
#2777 = VERTEX_POINT ( 'NONE', #3683 ) ;
#2778 = AXIS2_PLACEMENT_3D ( 'NONE', #6029, #4528, #209 ) ;
#2779 = AXIS2_PLACEMENT_3D ( 'NONE', #2423, #7000, #9875 ) ;
#2780 = ADVANCED_FACE ( 'NONE', ( #5835 ), #604, .T. ) ;
#2781 = CARTESIAN_POINT ( 'NONE',  ( 95.95515804626107581, 11.24999999999625544, -9.990000000000000213 ) ) ;
#2782 = VERTEX_POINT ( 'NONE', #6832 ) ;
#2783 = FACE_OUTER_BOUND ( 'NONE', #1511, .T. ) ;
#2784 = VERTEX_POINT ( 'NONE', #9811 ) ;
#2785 = DIRECTION ( 'NONE',  ( 0.000000000000000000, 0.000000000000000000, -1.000000000000000000 ) ) ;
#2786 = ORIENTED_EDGE ( 'NONE', *, *, #6283, .T. ) ;
#2787 = ADVANCED_FACE ( 'NONE', ( #4426 ), #103, .F. ) ;
#2788 = VECTOR ( 'NONE', #1721, 1000.000000000000000 ) ;
#2789 = EDGE_CURVE ( 'NONE', #1501, #9066, #7366, .T. ) ;
#2790 = ADVANCED_FACE ( 'NONE', ( #9753 ), #5988, .T. ) ;
#2791 = CYLINDRICAL_SURFACE ( 'NONE', #308, 0.01000000000000777003 ) ;
#2792 = FACE_OUTER_BOUND ( 'NONE', #3214, .T. ) ;
#2793 = ORIENTED_EDGE ( 'NONE', *, *, #8703, .T. ) ;
#2794 = ORIENTED_EDGE ( 'NONE', *, *, #1412, .F. ) ;
#2795 =( BOUNDED_CURVE ( )  B_SPLINE_CURVE ( 3, ( #4825, #8509, #990, #4875 ),
 .UNSPECIFIED., .F., .F. ) 
 B_SPLINE_CURVE_WITH_KNOTS ( ( 4, 4 ),
 ( 3.141592653589793116, 4.712388980384689674 ),
 .UNSPECIFIED. ) 
 CURVE ( )  GEOMETRIC_REPRESENTATION_ITEM ( )  RATIONAL_B_SPLINE_CURVE ( ( 1.000000000000000000, 0.8047378541243649375, 0.8047378541243649375, 1.000000000000000000 ) ) 
 REPRESENTATION_ITEM ( '' )  );
#2796 = DIRECTION ( 'NONE',  ( 1.000000000000000000, 0.000000000000000000, 0.000000000000000000 ) ) ;
#2797 = VERTEX_POINT ( 'NONE', #8851 ) ;
#2798 = CARTESIAN_POINT ( 'NONE',  ( 282.9972739408158304, 18.00000000000299849, -0.009999999999999592548 ) ) ;
#2799 = CARTESIAN_POINT ( 'NONE',  ( 128.4938440595611269, 18.00000000000299849, -0.009999999999999592548 ) ) ;
#2800 = EDGE_CURVE ( 'NONE', #9578, #651, #7751, .T. ) ;
#2801 = CARTESIAN_POINT ( 'NONE',  ( 50.59318735366432662, 18.02289619996245307, -0.009999999999999592548 ) ) ;
#2802 = LINE ( 'NONE', #6463, #9742 ) ;
#2803 = CYLINDRICAL_SURFACE ( 'NONE', #7176, 0.01000000000000083634 ) ;
#2805 = CARTESIAN_POINT ( 'NONE',  ( 222.7416235596553804, 18.00000000000299494, -9.990000000000000213 ) ) ;
#2804 =( BOUNDED_CURVE ( )  B_SPLINE_CURVE ( 3, ( #1624, #8535, #81, #3091 ),
 .UNSPECIFIED., .F., .F. ) 
 B_SPLINE_CURVE_WITH_KNOTS ( ( 4, 4 ),
 ( 0.000000000000000000, 1.570796326795330433 ),
 .UNSPECIFIED. ) 
 CURVE ( )  GEOMETRIC_REPRESENTATION_ITEM ( )  RATIONAL_B_SPLINE_CURVE ( ( 1.000000000000000000, 0.8047378541242627970, 0.8047378541242627970, 1.000000000000000000 ) ) 
 REPRESENTATION_ITEM ( '' )  );
#2806 = DIRECTION ( 'NONE',  ( -1.000000000000000000, -0.000000000000000000, -0.000000000000000000 ) ) ;
#2807 = EDGE_LOOP ( 'NONE', ( #1967, #2247, #2405, #7383 ) ) ;
#2808 = ORIENTED_EDGE ( 'NONE', *, *, #1656, .F. ) ;
#2809 = LINE ( 'NONE', #354, #5976 ) ;
#2810 = ORIENTED_EDGE ( 'NONE', *, *, #9147, .F. ) ;
#2811 = LINE ( 'NONE', #6819, #3053 ) ;
#2812 = EDGE_CURVE ( 'NONE', #5416, #3678, #3987, .T. ) ;
#2813 = DIRECTION ( 'NONE',  ( 0.2503800040544349459, -0.9681476403781095197, 0.000000000000000000 ) ) ;
#2814 = DIRECTION ( 'NONE',  ( 1.000000000000000000, -0.000000000000000000, 0.000000000000000000 ) ) ;
#2815 = ORIENTED_EDGE ( 'NONE', *, *, #8150, .T. ) ;
#2816 = EDGE_LOOP ( 'NONE', ( #8948, #1124, #1043, #8193 ) ) ;
#2817 = DIRECTION ( 'NONE',  ( 0.000000000000000000, 1.000000000000000000, 0.000000000000000000 ) ) ;
#2818 =( BOUNDED_CURVE ( )  B_SPLINE_CURVE ( 3, ( #3047, #5902, #6103, #8921 ),
 .UNSPECIFIED., .F., .F. ) 
 B_SPLINE_CURVE_WITH_KNOTS ( ( 4, 4 ),
 ( 3.141592653589793116, 4.712388980384798032 ),
 .UNSPECIFIED. ) 
 CURVE ( )  GEOMETRIC_REPRESENTATION_ITEM ( )  RATIONAL_B_SPLINE_CURVE ( ( 1.000000000000000000, 0.8047378541243395134, 0.8047378541243395134, 1.000000000000000000 ) ) 
 REPRESENTATION_ITEM ( '' )  );
#2819 = ORIENTED_EDGE ( 'NONE', *, *, #77, .T. ) ;
#2820 = CARTESIAN_POINT ( 'NONE',  ( 92.54040095392741705, 11.24999999999624833, -0.009999999999999592548 ) ) ;
#2821 = DIRECTION ( 'NONE',  ( 0.2503800040544349459, 0.9681476403781095197, 0.000000000000000000 ) ) ;
#2822 = DIRECTION ( 'NONE',  ( -1.000000000000000000, 0.000000000000000000, 0.000000000000000000 ) ) ;
#2823 = EDGE_LOOP ( 'NONE', ( #2481, #5191, #1930, #8139 ) ) ;
#2824 = AXIS2_PLACEMENT_3D ( 'NONE', #813, #1712, #6333 ) ;
#2825 = LINE ( 'NONE', #3536, #6934 ) ;
#2826 = VERTEX_POINT ( 'NONE', #2928 ) ;
#2827 = FACE_OUTER_BOUND ( 'NONE', #44, .T. ) ;
#2828 = CARTESIAN_POINT ( 'NONE',  ( 95.95515804626104739, 11.24999999999624833, -9.995857864376269220 ) ) ;
#2829 = EDGE_CURVE ( 'NONE', #391, #258, #7431, .T. ) ;
#2830 = ORIENTED_EDGE ( 'NONE', *, *, #2269, .F. ) ;
#2831 = CARTESIAN_POINT ( 'NONE',  ( 116.5581254679622987, 17.99000000000300048, 0.000000000000000000 ) ) ;
#2832 = VERTEX_POINT ( 'NONE', #9059 ) ;
#2833 = VECTOR ( 'NONE', #6165, 1000.000000000000000 ) ;
#2834 = EDGE_CURVE ( 'NONE', #1154, #822, #5282, .T. ) ;
#2835 = DIRECTION ( 'NONE',  ( 0.000000000000000000, 0.000000000000000000, 1.000000000000000000 ) ) ;
#2836 = EDGE_CURVE ( 'NONE', #4742, #6006, #5131, .T. ) ;
#2837 = CARTESIAN_POINT ( 'NONE',  ( 163.6742723907309767, 18.00000000000299849, -9.990000000000000213 ) ) ;
#2838 = DIRECTION ( 'NONE',  ( -0.9681476403781390516, 0.2503800040543205374, 0.000000000000000000 ) ) ;
#2839 = ORIENTED_EDGE ( 'NONE', *, *, #5608, .T. ) ;
#2840 = EDGE_LOOP ( 'NONE', ( #448, #1584, #3851, #5635 ) ) ;
#2841 = CARTESIAN_POINT ( 'NONE',  ( 171.3533816463364587, 11.24999999999624833, -10.00000000000000000 ) ) ;
#2842 = EDGE_CURVE ( 'NONE', #8271, #9485, #5339, .T. ) ;
#2843 = ORIENTED_EDGE ( 'NONE', *, *, #6628, .T. ) ;
#2844 = CARTESIAN_POINT ( 'NONE',  ( 199.6277154963647149, 11.24999999999624833, -10.00000000000000000 ) ) ;
#2845 = CARTESIAN_POINT ( 'NONE',  ( 283.2901671596292204, 17.99000000000299693, -2.168404344971008868E-16 ) ) ;
#2846 = CARTESIAN_POINT ( 'NONE',  ( 229.6509252248667678, 17.99585786437927482, -10.00000000000000178 ) ) ;
#2847 = EDGE_CURVE ( 'NONE', #3822, #7794, #7575, .T. ) ;
#2848 = FACE_OUTER_BOUND ( 'NONE', #3008, .T. ) ;
#2849 = DIRECTION ( 'NONE',  ( -0.000000000000000000, -0.000000000000000000, 1.000000000000000000 ) ) ;
#2850 =( BOUNDED_CURVE ( )  B_SPLINE_CURVE ( 3, ( #1876, #5754, #9481, #8190 ),
 .UNSPECIFIED., .F., .F. ) 
 B_SPLINE_CURVE_WITH_KNOTS ( ( 4, 4 ),
 ( 3.141592653589793116, 4.712388980383563464 ),
 .UNSPECIFIED. ) 
 CURVE ( )  GEOMETRIC_REPRESENTATION_ITEM ( )  RATIONAL_B_SPLINE_CURVE ( ( 1.000000000000000000, 0.8047378541246305028, 0.8047378541246305028, 1.000000000000000000 ) ) 
 REPRESENTATION_ITEM ( '' )  );
#2851 = EDGE_CURVE ( 'NONE', #2738, #3814, #6784, .T. ) ;
#2852 = DIRECTION ( 'NONE',  ( 0.9681476403781095197, -0.2503800040544349459, 0.000000000000000000 ) ) ;
#2853 = CARTESIAN_POINT ( 'NONE',  ( 241.5911794596742368, 18.00000000000299849, -9.990000000000000213 ) ) ;
#2854 = CARTESIAN_POINT ( 'NONE',  ( 109.6442881595423131, 18.00000000000299849, -9.990000000000000213 ) ) ;
#2855 = ORIENTED_EDGE ( 'NONE', *, *, #520, .F. ) ;
#2856 = ORIENTED_EDGE ( 'NONE', *, *, #868, .T. ) ;
#2857 = DIRECTION ( 'NONE',  ( -1.000000000000000000, 0.000000000000000000, 0.000000000000000000 ) ) ;
#2858 = EDGE_LOOP ( 'NONE', ( #664, #9841, #9684, #851 ) ) ;
#2859 = FACE_OUTER_BOUND ( 'NONE', #8412, .T. ) ;
#2860 = DIRECTION ( 'NONE',  ( 0.000000000000000000, 0.000000000000000000, -1.000000000000000000 ) ) ;
#2861 = VECTOR ( 'NONE', #8087, 1000.000000000000000 ) ;
#2862 = CARTESIAN_POINT ( 'NONE',  ( -189.9999999999999432, 107.0000000000000000, -0.009999999999999592548 ) ) ;
#2863 =( BOUNDED_CURVE ( )  B_SPLINE_CURVE ( 3, ( #3612, #3006, #5110, #2958 ),
 .UNSPECIFIED., .F., .T. ) 
 B_SPLINE_CURVE_WITH_KNOTS ( ( 4, 4 ),
 ( 3.141592653589793116, 4.712388980385361137 ),
 .UNSPECIFIED. ) 
 CURVE ( )  GEOMETRIC_REPRESENTATION_ITEM ( )  RATIONAL_B_SPLINE_CURVE ( ( 1.000000000000000000, 0.8047378541242068417, 0.8047378541242068417, 1.000000000000000000 ) ) 
 REPRESENTATION_ITEM ( '' )  );
#2864 = DIRECTION ( 'NONE',  ( -0.2503800040544349459, 0.9681476403781095197, 0.000000000000000000 ) ) ;
#2865 = VECTOR ( 'NONE', #2551, 1000.000000000000000 ) ;
#2866 = DIRECTION ( 'NONE',  ( -1.000000000000000000, 0.000000000000000000, 0.000000000000000000 ) ) ;
#2867 = ORIENTED_EDGE ( 'NONE', *, *, #931, .T. ) ;
#2868 = ORIENTED_EDGE ( 'NONE', *, *, #7247, .F. ) ;
#2869 = DIRECTION ( 'NONE',  ( -1.000000000000000000, 0.000000000000000000, 0.000000000000000000 ) ) ;
#2870 = DIRECTION ( 'NONE',  ( 1.000000000000000000, -0.000000000000000000, 0.000000000000000000 ) ) ;
#2871 = VERTEX_POINT ( 'NONE', #3788 ) ;
#2872 = CARTESIAN_POINT ( 'NONE',  ( -180.0099999999999909, 0.009999999999999592548, 0.000000000000000000 ) ) ;
#2873 = VECTOR ( 'NONE', #8175, 1000.000000000000000 ) ;
#2874 = CARTESIAN_POINT ( 'NONE',  ( 90.79152507545362027, 17.99585786437927126, -3.586907429118599676E-19 ) ) ;
#2875 = CARTESIAN_POINT ( 'NONE',  ( 0.000000000000000000, 17.99000000000300048, -10.00000000000000000 ) ) ;
#2876 = EDGE_LOOP ( 'NONE', ( #4898, #7140, #4693, #472 ) ) ;
#2877 = FACE_OUTER_BOUND ( 'NONE', #8561, .T. ) ;
#2878 = AXIS2_PLACEMENT_3D ( 'NONE', #7252, #8740, #6410 ) ;
#2879 = ORIENTED_EDGE ( 'NONE', *, *, #4048, .T. ) ;
#2880 = CARTESIAN_POINT ( 'NONE',  ( 22.30917202723226822, 18.02540000000299969, -10.00000000000000000 ) ) ;
#2881 = CARTESIAN_POINT ( 'NONE',  ( 95.96290087353946774, 11.23999999999625210, -10.00000000000000000 ) ) ;
#2882 = ORIENTED_EDGE ( 'NONE', *, *, #7454, .T. ) ;
#2883 = LINE ( 'NONE', #3541, #135 ) ;
#2884 = ORIENTED_EDGE ( 'NONE', *, *, #4874, .F. ) ;
#2885 = LINE ( 'NONE', #6743, #8322 ) ;
#2886 = CARTESIAN_POINT ( 'NONE',  ( 282.9972739408158304, 0.000000000000000000, -9.990000000000000213 ) ) ;
#2887 = VECTOR ( 'NONE', #6175, 1000.000000000000000 ) ;
#2888 = CARTESIAN_POINT ( 'NONE',  ( 282.9972739408157736, 2.422514229147298970E-16, -2.422514229147298970E-16 ) ) ;
#2889 = DIRECTION ( 'NONE',  ( 1.000000000000000000, 0.000000000000000000, 0.000000000000000000 ) ) ;
#2890 = ORIENTED_EDGE ( 'NONE', *, *, #4485, .F. ) ;
#2891 = EDGE_CURVE ( 'NONE', #8792, #4940, #1249, .T. ) ;
#2892 = ORIENTED_EDGE ( 'NONE', *, *, #1169, .T. ) ;
#2893 = FACE_OUTER_BOUND ( 'NONE', #6144, .T. ) ;
#2894 = ORIENTED_EDGE ( 'NONE', *, *, #510, .T. ) ;
#2895 = CARTESIAN_POINT ( 'NONE',  ( 26.55727382745766363, 11.24749619995569994, -10.00000000000000000 ) ) ;
#2896 = VECTOR ( 'NONE', #7114, 1000.000000000000000 ) ;
#2897 = FACE_OUTER_BOUND ( 'NONE', #7607, .T. ) ;
#2898 = CYLINDRICAL_SURFACE ( 'NONE', #4481, 0.01000000000000863913 ) ;
#2899 = CYLINDRICAL_SURFACE ( 'NONE', #1908, 0.009999999999994334601 ) ;
#2900 = EDGE_CURVE ( 'NONE', #9659, #6889, #4767, .T. ) ;
#2901 = FACE_OUTER_BOUND ( 'NONE', #2187, .T. ) ;
#2902 = VECTOR ( 'NONE', #4661, 1000.000000000000000 ) ;
#2903 = DIRECTION ( 'NONE',  ( 0.000000000000000000, 0.000000000000000000, 1.000000000000000000 ) ) ;
#2904 = CARTESIAN_POINT ( 'NONE',  ( 194.4672897096271242, 18.00000000000299849, -10.00000000000000000 ) ) ;
#2905 = CARTESIAN_POINT ( 'NONE',  ( 241.5834366323957738, 17.99000000000300403, -10.00000000000000000 ) ) ;
#2906 = ORIENTED_EDGE ( 'NONE', *, *, #6422, .F. ) ;
#2907 = EDGE_CURVE ( 'NONE', #3932, #2979, #200, .T. ) ;
#2908 = VERTEX_POINT ( 'NONE', #250 ) ;
#2909 = FACE_OUTER_BOUND ( 'NONE', #3793, .T. ) ;
#2910 = VERTEX_POINT ( 'NONE', #4720 ) ;
#2911 = CARTESIAN_POINT ( 'NONE',  ( 199.6309226804345087, 11.24585786437251578, -9.999999999999996447 ) ) ;
#2912 = CARTESIAN_POINT ( 'NONE',  ( 24.82128660945748422, 18.00000000000299849, -0.004142135623730950483 ) ) ;
#2913 = VECTOR ( 'NONE', #4419, 1000.000000000000000 ) ;
#2914 = CARTESIAN_POINT ( 'NONE',  ( 5.965161822796003932, 18.02540000000299969, -0.009999999999999592548 ) ) ;
#2915 = ADVANCED_FACE ( 'NONE', ( #9344 ), #7810, .T. ) ;
#2916 = EDGE_CURVE ( 'NONE', #1055, #3283, #988, .T. ) ;
#2917 = DIRECTION ( 'NONE',  ( 0.000000000000000000, 0.000000000000000000, 1.000000000000000000 ) ) ;
#2918 = VECTOR ( 'NONE', #5463, 1000.000000000000000 ) ;
#2919 = CARTESIAN_POINT ( 'NONE',  ( 107.1321735773170758, 18.02540000000299969, -0.009999999999999592548 ) ) ;
#2920 = ORIENTED_EDGE ( 'NONE', *, *, #6352, .F. ) ;
#2921 = EDGE_CURVE ( 'NONE', #9249, #4392, #9768, .T. ) ;
#2922 = ORIENTED_EDGE ( 'NONE', *, *, #5785, .T. ) ;
#2923 = CYLINDRICAL_SURFACE ( 'NONE', #7101, 0.01000000000000105319 ) ;
#2924 = CARTESIAN_POINT ( 'NONE',  ( 45.41651120388030449, 11.24999999999624833, -0.009999999999999592548 ) ) ;
#2925 = ORIENTED_EDGE ( 'NONE', *, *, #1120, .T. ) ;
#2926 = DIRECTION ( 'NONE',  ( 1.460819769243627131E-16, 1.000000000000000000, -0.000000000000000000 ) ) ;
#2927 = VECTOR ( 'NONE', #5642, 1000.000000000000000 ) ;
#2928 = CARTESIAN_POINT ( 'NONE',  ( 166.1929558595988681, 18.00000000000299849, -9.990000000000000213 ) ) ;
#2929 = CARTESIAN_POINT ( 'NONE',  ( 78.85127084064617975, 18.00000000000299849, -10.00000000000000000 ) ) ;
#2930 = ORIENTED_EDGE ( 'NONE', *, *, #90, .T. ) ;
#2931 = AXIS2_PLACEMENT_3D ( 'NONE', #4631, #812, #3889 ) ;
#2932 = LINE ( 'NONE', #7523, #2604 ) ;
#2933 = VECTOR ( 'NONE', #9793, 1000.000000000000000 ) ;
#2934 = ORIENTED_EDGE ( 'NONE', *, *, #3824, .T. ) ;
#2935 = LINE ( 'NONE', #5392, #6185 ) ;
#2936 = EDGE_LOOP ( 'NONE', ( #9339, #7991, #382, #559 ) ) ;
#2937 = CARTESIAN_POINT ( 'NONE',  ( 34.23949567282427608, 18.02540000000299969, -10.00000000000000000 ) ) ;
#2938 = ORIENTED_EDGE ( 'NONE', *, *, #9056, .T. ) ;
#2939 = DIRECTION ( 'NONE',  ( -1.000000000000000000, -0.000000000000000000, -0.000000000000000000 ) ) ;
#2940 = AXIS2_PLACEMENT_3D ( 'NONE', #3616, #6661, #5913 ) ;
#2941 = DIRECTION ( 'NONE',  ( -0.000000000000000000, -0.000000000000000000, 1.000000000000000000 ) ) ;
#2942 = ADVANCED_FACE ( 'NONE', ( #1082 ), #3361, .T. ) ;
#2943 = CARTESIAN_POINT ( 'NONE',  ( 283.4972739408158304, 0.3687326749351590438, -0.3713580214364509136 ) ) ;
#2944 = CARTESIAN_POINT ( 'NONE',  ( 54.83354632661129102, 11.23999999999625032, -10.00000000000000000 ) ) ;
#2945 = ORIENTED_EDGE ( 'NONE', *, *, #4249, .T. ) ;
#2946 = ORIENTED_EDGE ( 'NONE', *, *, #5313, .T. ) ;
#2947 = LINE ( 'NONE', #6005, #5986 ) ;
#2948 = ORIENTED_EDGE ( 'NONE', *, *, #3158, .F. ) ;
#2949 = CARTESIAN_POINT ( 'NONE',  ( 243.3368481540782113, 11.24999999999624833, -0.009999999999999592548 ) ) ;
#2950 = CARTESIAN_POINT ( 'NONE',  ( 111.3867496698764228, 11.24585786437252288, 8.406690940667576072E-16 ) ) ;
#2951 = ORIENTED_EDGE ( 'NONE', *, *, #7984, .T. ) ;
#2952 = LINE ( 'NONE', #1425, #4638 ) ;
#2953 = DIRECTION ( 'NONE',  ( -0.000000000000000000, -1.000000000000000000, -0.000000000000000000 ) ) ;
#2954 = CARTESIAN_POINT ( 'NONE',  ( 88.28379161793402830, 17.99000000000300048, 0.000000000000000000 ) ) ;
#2955 = DIRECTION ( 'NONE',  ( 0.000000000000000000, 0.000000000000000000, 1.000000000000000000 ) ) ;
#2956 = VECTOR ( 'NONE', #5884, 1000.000000000000000 ) ;
#2957 = DIRECTION ( 'NONE',  ( -0.2503800040544349459, -0.9681476403781095197, 0.000000000000000000 ) ) ;
#2958 = CARTESIAN_POINT ( 'NONE',  ( 77.11334497352063977, 11.23999999999625032, 0.000000000000000000 ) ) ;
#2959 = EDGE_LOOP ( 'NONE', ( #3468, #8379, #3009, #4482 ) ) ;
#2960 = ORIENTED_EDGE ( 'NONE', *, *, #5108, .T. ) ;
#2961 =( BOUNDED_CURVE ( )  B_SPLINE_CURVE ( 3, ( #2331, #5257, #4509, #1576 ),
 .UNSPECIFIED., .F., .T. ) 
 B_SPLINE_CURVE_WITH_KNOTS ( ( 4, 4 ),
 ( 1.570796326794896780, 3.141592653589793116 ),
 .UNSPECIFIED. ) 
 CURVE ( )  GEOMETRIC_REPRESENTATION_ITEM ( )  RATIONAL_B_SPLINE_CURVE ( ( 1.000000000000000000, 0.8047378541243650485, 0.8047378541243650485, 1.000000000000000000 ) ) 
 REPRESENTATION_ITEM ( '' )  );
#2962 = CARTESIAN_POINT ( 'NONE',  ( 29.98491958026493620, 11.24585786437252111, -10.00000000000000000 ) ) ;
#2963 = EDGE_LOOP ( 'NONE', ( #4759, #7770, #7817, #2946 ) ) ;
#2964 = DIRECTION ( 'NONE',  ( 0.2503800040544349459, 0.9681476403781095197, 0.000000000000000000 ) ) ;
#2965 = DIRECTION ( 'NONE',  ( 1.000000000000000000, 0.000000000000000000, 0.000000000000000000 ) ) ;
#2966 = EDGE_CURVE ( 'NONE', #6712, #4877, #7862, .T. ) ;
#2967 = DIRECTION ( 'NONE',  ( 0.2503800040544349459, 0.9681476403781095197, 0.000000000000000000 ) ) ;
#2968 = EDGE_CURVE ( 'NONE', #1077, #6068, #4951, .T. ) ;
#2969 = FACE_OUTER_BOUND ( 'NONE', #7447, .T. ) ;
#2970 = EDGE_LOOP ( 'NONE', ( #8678, #9639, #1316, #1789 ) ) ;
#2971 = ORIENTED_EDGE ( 'NONE', *, *, #9799, .F. ) ;
#2972 = EDGE_CURVE ( 'NONE', #6613, #1833, #5626, .T. ) ;
#2973 = CARTESIAN_POINT ( 'NONE',  ( 40.92342952141896717, 28.58351848639060577, -0.01000000000000000021 ) ) ;
#2974 = LINE ( 'NONE', #553, #1311 ) ;
#2975 = ORIENTED_EDGE ( 'NONE', *, *, #5457, .T. ) ;
#2976 = DIRECTION ( 'NONE',  ( 0.000000000000000000, 0.000000000000000000, -1.000000000000000000 ) ) ;
#2977 = ADVANCED_FACE ( 'NONE', ( #7914 ), #1037, .T. ) ;
#2978 = DIRECTION ( 'NONE',  ( 0.2503800040544349459, 0.9681476403781095197, 0.000000000000000000 ) ) ;
#2979 = VERTEX_POINT ( 'NONE', #295 ) ;
#2980 = EDGE_CURVE ( 'NONE', #4436, #259, #9445, .T. ) ;
#2981 = CARTESIAN_POINT ( 'NONE',  ( 62.51719122542534279, 17.99585786437926771, 1.270432225224321681E-15 ) ) ;
#2982 = ORIENTED_EDGE ( 'NONE', *, *, #7614, .T. ) ;
#2983 = FACE_OUTER_BOUND ( 'NONE', #9867, .T. ) ;
#2984 =( BOUNDED_CURVE ( )  B_SPLINE_CURVE ( 3, ( #93, #42, #189, #6859 ),
 .UNSPECIFIED., .F., .F. ) 
 B_SPLINE_CURVE_WITH_KNOTS ( ( 4, 4 ),
 ( 3.141592653589813544, 4.712388980386033488 ),
 .UNSPECIFIED. ) 
 CURVE ( )  GEOMETRIC_REPRESENTATION_ITEM ( )  RATIONAL_B_SPLINE_CURVE ( ( 1.000000000000000000, 0.8047378541240530758, 0.8047378541240530758, 1.000000000000000000 ) ) 
 REPRESENTATION_ITEM ( '' )  );
#2985 = ORIENTED_EDGE ( 'NONE', *, *, #7247, .T. ) ;
#2986 = CARTESIAN_POINT ( 'NONE',  ( 124.2294918962893462, 11.24999999999625366, -9.990000000000000213 ) ) ;
#2987 = EDGE_LOOP ( 'NONE', ( #2758, #978, #4700, #444 ) ) ;
#2988 = AXIS2_PLACEMENT_3D ( 'NONE', #7088, #2513, #6180 ) ;
#2989 = CARTESIAN_POINT ( 'NONE',  ( -206.0100000000000477, -83.00000000000000000, -10.00000000000000000 ) ) ;
#2990 = FACE_OUTER_BOUND ( 'NONE', #2936, .T. ) ;
#2991 = DIRECTION ( 'NONE',  ( 0.9681476403782230955, -0.2503800040539953531, 0.000000000000000000 ) ) ;
#2992 = VERTEX_POINT ( 'NONE', #5678 ) ;
#2993 = VERTEX_POINT ( 'NONE', #4022 ) ;
#2994 = VECTOR ( 'NONE', #3553, 1000.000000000000000 ) ;
#2995 = CARTESIAN_POINT ( 'NONE',  ( 0.000000000000000000, 17.99000000000300048, -10.00000000000000000 ) ) ;
#2996 = ORIENTED_EDGE ( 'NONE', *, *, #617, .T. ) ;
#2997 = CARTESIAN_POINT ( 'NONE',  ( 58.25604624622337013, 11.24999999999624833, -10.00000000000000000 ) ) ;
#2998 = EDGE_CURVE ( 'NONE', #2244, #9693, #9242, .T. ) ;
#2999 = CARTESIAN_POINT ( 'NONE',  ( 95.95515804626107581, 11.24999999999624833, -0.009999999999999592548 ) ) ;
#3000 = ORIENTED_EDGE ( 'NONE', *, *, #9259, .T. ) ;
#3001 = DIRECTION ( 'NONE',  ( 0.000000000000000000, 0.000000000000000000, -1.000000000000000000 ) ) ;
#3002 = DIRECTION ( 'NONE',  ( 0.000000000000000000, 0.000000000000000000, 1.000000000000000000 ) ) ;
#3003 = CYLINDRICAL_SURFACE ( 'NONE', #6867, 0.01000000000000690267 ) ;
#3004 = CARTESIAN_POINT ( 'NONE',  ( 24.82128660945749132, 18.00000000000299849, -9.990000000000000213 ) ) ;
#3005 = LINE ( 'NONE', #3714, #3349 ) ;
#3006 = CARTESIAN_POINT ( 'NONE',  ( 77.10560214624220521, 11.24999999999625011, -0.004142135623727426393 ) ) ;
#3007 = CARTESIAN_POINT ( 'NONE',  ( 109.6442881595422989, 18.00000000000300204, -9.995857864376269220 ) ) ;
#3008 = EDGE_LOOP ( 'NONE', ( #8451, #7654, #8414, #9052 ) ) ;
#3009 = ORIENTED_EDGE ( 'NONE', *, *, #8104, .F. ) ;
#3010 = DIRECTION ( 'NONE',  ( 0.000000000000000000, -1.000000000000000000, -0.000000000000000000 ) ) ;
#3011 = ORIENTED_EDGE ( 'NONE', *, *, #4356, .F. ) ;
#3012 = EDGE_CURVE ( 'NONE', #8483, #6017, #7686, .T. ) ;
#3013 = CARTESIAN_POINT ( 'NONE',  ( 210.8059049680565238, 17.99000000000300048, -10.00000000000000000 ) ) ;
#3014 = LINE ( 'NONE', #6818, #9434 ) ;
#3015 = CARTESIAN_POINT ( 'NONE',  ( -206.0000000000000284, 107.0000000000000000, -9.990000000000000213 ) ) ;
#3016 = CARTESIAN_POINT ( 'NONE',  ( 128.4938440595611269, 18.00000000000299849, -0.009999999999999592548 ) ) ;
#3017 = EDGE_CURVE ( 'NONE', #6416, #6174, #7960, .T. ) ;
#3018 = CARTESIAN_POINT ( 'NONE',  ( 201.3733841907686895, 18.00000000000299849, -9.990000000000000213 ) ) ;
#3019 = VERTEX_POINT ( 'NONE', #6266 ) ;
#3020 = VERTEX_POINT ( 'NONE', #9295 ) ;
#3021 = FACE_OUTER_BOUND ( 'NONE', #5055, .T. ) ;
#3022 = ADVANCED_FACE ( 'NONE', ( #2445 ), #5527, .F. ) ;
#3023 = ORIENTED_EDGE ( 'NONE', *, *, #6996, .T. ) ;
#3024 = ADVANCED_FACE ( 'NONE', ( #5018 ), #1939, .F. ) ;
#3025 = CARTESIAN_POINT ( 'NONE',  ( 229.6554608680754086, 17.99000000000299693, 0.000000000000000000 ) ) ;
#3026 = CIRCLE ( 'NONE', #9883, 8.000000000000035527 ) ;
#3027 = VECTOR ( 'NONE', #1512, 1000.000000000000000 ) ;
#3028 = EDGE_CURVE ( 'NONE', #9110, #8127, #3559, .T. ) ;
#3029 = CARTESIAN_POINT ( 'NONE',  ( 237.3268272964024277, 11.24999999999624833, -0.009999999999999592548 ) ) ;
#3030 = ORIENTED_EDGE ( 'NONE', *, *, #1217, .F. ) ;
#3031 = CYLINDRICAL_SURFACE ( 'NONE', #9038, 0.009999999999999373973 ) ;
#3032 = ADVANCED_FACE ( 'NONE', ( #5859 ), #3504, .T. ) ;
#3033 = ORIENTED_EDGE ( 'NONE', *, *, #4618, .T. ) ;
#3034 = DIRECTION ( 'NONE',  ( -0.2503800040544349459, 0.9681476403781095197, 0.000000000000000000 ) ) ;
#3035 = AXIS2_PLACEMENT_3D ( 'NONE', #6290, #2517, #8485 ) ;
#3036 = ORIENTED_EDGE ( 'NONE', *, *, #8810, .F. ) ;
#3037 = LINE ( 'NONE', #6094, #6221 ) ;
#3038 = EDGE_CURVE ( 'NONE', #8487, #5223, #1989, .T. ) ;
#3039 = CARTESIAN_POINT ( 'NONE',  ( 26.56695530386144810, 11.24999999999624833, -0.009999999999999592548 ) ) ;
#3040 = AXIS2_PLACEMENT_3D ( 'NONE', #8670, #9545, #7971 ) ;
#3041 = ORIENTED_EDGE ( 'NONE', *, *, #4153, .T. ) ;
#3042 = ORIENTED_EDGE ( 'NONE', *, *, #7723, .T. ) ;
#3043 = ADVANCED_FACE ( 'NONE', ( #5105 ), #6606, .T. ) ;
#3044 = FACE_OUTER_BOUND ( 'NONE', #3929, .T. ) ;
#3045 = ORIENTED_EDGE ( 'NONE', *, *, #931, .F. ) ;
#3046 = LINE ( 'NONE', #2284, #1864 ) ;
#3047 = CARTESIAN_POINT ( 'NONE',  ( 86.53038009625164761, 11.24999999999624833, -9.990000000000000213 ) ) ;
#3048 = VERTEX_POINT ( 'NONE', #7343 ) ;
#3049 = CARTESIAN_POINT ( 'NONE',  ( -180.0000000000000000, 18.00000000000299849, -9.995857864376265667 ) ) ;
#3050 = FACE_OUTER_BOUND ( 'NONE', #1673, .T. ) ;
#3051 = CARTESIAN_POINT ( 'NONE',  ( 56.24988012133412241, 3.452791882715558813, 0.000000000000000000 ) ) ;
#3052 = CARTESIAN_POINT ( 'NONE',  ( 171.3533816463364587, 11.24999999999624833, -0.009999999999999592548 ) ) ;
#3053 = VECTOR ( 'NONE', #4417, 1000.000000000000000 ) ;
#3054 = DIRECTION ( 'NONE',  ( -0.000000000000000000, -1.000000000000000000, -0.000000000000000000 ) ) ;
#3055 = DIRECTION ( 'NONE',  ( -0.000000000000000000, -0.000000000000000000, 1.000000000000000000 ) ) ;
#3056 = EDGE_LOOP ( 'NONE', ( #8167, #1157, #468, #2613 ) ) ;
#3057 = ORIENTED_EDGE ( 'NONE', *, *, #8656, .F. ) ;
#3058 = CARTESIAN_POINT ( 'NONE',  ( 29.98171239619509620, 11.24999999999624833, -9.990000000000000213 ) ) ;
#3059 = ORIENTED_EDGE ( 'NONE', *, *, #7477, .T. ) ;
#3060 = FACE_OUTER_BOUND ( 'NONE', #3850, .T. ) ;
#3061 = DIRECTION ( 'NONE',  ( 0.000000000000000000, -0.000000000000000000, 1.000000000000000000 ) ) ;
#3062 = LINE ( 'NONE', #9741, #3863 ) ;
#3063 = AXIS2_PLACEMENT_3D ( 'NONE', #4610, #8940, #3818 ) ;
#3064 = CARTESIAN_POINT ( 'NONE',  ( 31.72738109059905653, 18.00000000000299849, -9.990000000000000213 ) ) ;
#3065 = DIRECTION ( 'NONE',  ( 0.000000000000000000, 1.000000000000000000, -0.000000000000000000 ) ) ;
#3066 = ORIENTED_EDGE ( 'NONE', *, *, #5550, .T. ) ;
#3067 = ORIENTED_EDGE ( 'NONE', *, *, #9678, .T. ) ;
#3068 = CARTESIAN_POINT ( 'NONE',  ( 69.43423571791517190, 17.99000000000300048, 0.000000000000000000 ) ) ;
#3069 = LINE ( 'NONE', #9112, #6134 ) ;
#3070 = AXIS2_PLACEMENT_3D ( 'NONE', #5000, #381, #4903 ) ;
#3071 = VERTEX_POINT ( 'NONE', #2651 ) ;
#3072 = LINE ( 'NONE', #5280, #9421 ) ;
#3073 = CARTESIAN_POINT ( 'NONE',  ( 171.3611244736148933, 11.23999999999624855, -10.00000000000000000 ) ) ;
#3074 = AXIS2_PLACEMENT_3D ( 'NONE', #114, #6985, #8520 ) ;
#3075 = ADVANCED_FACE ( 'NONE', ( #4265 ), #3609, .T. ) ;
#3076 = CARTESIAN_POINT ( 'NONE',  ( 109.6442881595423131, 18.00000000000299849, -0.009999999999999592548 ) ) ;
#3077 = CARTESIAN_POINT ( 'NONE',  ( 11.13215649617624869, 11.24999999999624833, -9.990000000000000213 ) ) ;
#3078 = ORIENTED_EDGE ( 'NONE', *, *, #7128, .T. ) ;
#3079 = CARTESIAN_POINT ( 'NONE',  ( 199.6354583236431495, 11.23999999999625032, 0.000000000000000000 ) ) ;
#3080 = VECTOR ( 'NONE', #9189, 1000.000000000000000 ) ;
#3081 = EDGE_LOOP ( 'NONE', ( #9762, #2504, #7236, #6965 ) ) ;
#3082 = ADVANCED_FACE ( 'NONE', ( #1225 ), #2803, .T. ) ;
#3083 = EDGE_CURVE ( 'NONE', #7118, #3436, #1859, .T. ) ;
#3084 = CARTESIAN_POINT ( 'NONE',  ( 0.000000000000000000, 18.00000000000299849, -9.990000000000000213 ) ) ;
#3085 = CARTESIAN_POINT ( 'NONE',  ( 50.58467981789632262, 17.99000000000300048, -10.00000000000000000 ) ) ;
#3086 = EDGE_CURVE ( 'NONE', #3761, #5303, #440, .T. ) ;
#3087 = VECTOR ( 'NONE', #7332, 1000.000000000000000 ) ;
#3088 = ORIENTED_EDGE ( 'NONE', *, *, #6105, .T. ) ;
#3089 = VERTEX_POINT ( 'NONE', #8149 ) ;
#3090 = ADVANCED_FACE ( 'NONE', ( #1272 ), #5811, .F. ) ;
#3091 = CARTESIAN_POINT ( 'NONE',  ( 120.8069919766772671, 11.23999999999625210, 0.000000000000000000 ) ) ;
#3092 = ORIENTED_EDGE ( 'NONE', *, *, #8663, .F. ) ;
#3093 = FACE_OUTER_BOUND ( 'NONE', #6848, .T. ) ;
#3094 = CARTESIAN_POINT ( 'NONE',  ( 203.8920676596365524, 18.00000000000299849, -10.00000000000000000 ) ) ;
#3095 = ORIENTED_EDGE ( 'NONE', *, *, #8586, .T. ) ;
#3096 = DIRECTION ( 'NONE',  ( 0.000000000000000000, 0.000000000000000000, -1.000000000000000000 ) ) ;
#3097 = AXIS2_PLACEMENT_3D ( 'NONE', #1291, #7410, #2869 ) ;
#3098 = EDGE_CURVE ( 'NONE', #9119, #6416, #6656, .T. ) ;
#3099 = CARTESIAN_POINT ( 'NONE',  ( 180.7781595963459154, 11.24999999999624833, -0.004142135623730543691 ) ) ;
#3100 = EDGE_CURVE ( 'NONE', #7118, #4659, #8926, .T. ) ;
#3101 = CARTESIAN_POINT ( 'NONE',  ( 92.53719376985758061, 11.24585786437252111, 2.046232824926288202E-16 ) ) ;
#3102 = CARTESIAN_POINT ( 'NONE',  ( 0.000000000000000000, 11.23999999999625032, 0.000000000000000000 ) ) ;
#3103 = AXIS2_PLACEMENT_3D ( 'NONE', #4658, #4607, #7803 ) ;
#3104 = PLANE ( 'NONE',  #4240 ) ;
#3105 = LINE ( 'NONE', #4008, #3080 ) ;
#3106 = ORIENTED_EDGE ( 'NONE', *, *, #1180, .F. ) ;
#3107 = EDGE_CURVE ( 'NONE', #7123, #1175, #6729, .T. ) ;
#3108 = CARTESIAN_POINT ( 'NONE',  ( 90.79473225952347093, 18.00000000000299849, -9.990000000000000213 ) ) ;
#3109 = EDGE_LOOP ( 'NONE', ( #789, #283, #717, #5936 ) ) ;
#3110 = CARTESIAN_POINT ( 'NONE',  ( 0.000000000000000000, 17.99000000000300048, -9.990000000000000213 ) ) ;
#3111 = CARTESIAN_POINT ( 'NONE',  ( 0.000000000000000000, 17.99000000000300048, -9.990000000000000213 ) ) ;
#3112 = LINE ( 'NONE', #892, #6557 ) ;
#3113 = EDGE_CURVE ( 'NONE', #9121, #9862, #1133, .T. ) ;
#3114 = FACE_OUTER_BOUND ( 'NONE', #9278, .T. ) ;
#3115 = VECTOR ( 'NONE', #280, 1000.000000000000000 ) ;
#3116 = DIRECTION ( 'NONE',  ( 0.000000000000000000, -1.000000000000000000, -0.000000000000000000 ) ) ;
#3117 = ORIENTED_EDGE ( 'NONE', *, *, #3825, .T. ) ;
#3118 = VERTEX_POINT ( 'NONE', #1527 ) ;
#3119 = CARTESIAN_POINT ( 'NONE',  ( 29.98171239619509620, 11.24999999999624833, -0.009999999999999592548 ) ) ;
#3120 = CARTESIAN_POINT ( 'NONE',  ( 0.000000000000000000, 11.23999999999625032, -9.990000000000000213 ) ) ;
#3121 = EDGE_LOOP ( 'NONE', ( #8065, #1824, #8504, #9756 ) ) ;
#3122 = EDGE_CURVE ( 'NONE', #7757, #4864, #9139, .T. ) ;
#3123 = EDGE_CURVE ( 'NONE', #7788, #7123, #1429, .T. ) ;
#3124 = CARTESIAN_POINT ( 'NONE',  ( 166.1863869729561998, 18.02540000000299969, -0.009999999999999592548 ) ) ;
#3125 = LINE ( 'NONE', #7877, #8923 ) ;
#3126 = DIRECTION ( 'NONE',  ( -0.2503800040544349459, -0.9681476403781095197, 0.000000000000000000 ) ) ;
#3127 =( BOUNDED_CURVE ( )  B_SPLINE_CURVE ( 3, ( #4146, #7990, #9475, #6392 ),
 .UNSPECIFIED., .F., .F. ) 
 B_SPLINE_CURVE_WITH_KNOTS ( ( 4, 4 ),
 ( 3.141592653589793116, 4.712388980384353943 ),
 .UNSPECIFIED. ) 
 CURVE ( )  GEOMETRIC_REPRESENTATION_ITEM ( )  RATIONAL_B_SPLINE_CURVE ( ( 1.000000000000000000, 0.8047378541244440964, 0.8047378541244440964, 1.000000000000000000 ) ) 
 REPRESENTATION_ITEM ( '' )  );
#3128 = LINE ( 'NONE', #2363, #7264 ) ;
#3129 = DIRECTION ( 'NONE',  ( 0.9681476403781095197, -0.2503800040544349459, 0.000000000000000000 ) ) ;
#3130 = ORIENTED_EDGE ( 'NONE', *, *, #2834, .T. ) ;
#3131 = ORIENTED_EDGE ( 'NONE', *, *, #706, .T. ) ;
#3132 = DIRECTION ( 'NONE',  ( 0.000000000000000000, 1.000000000000000000, -0.000000000000000000 ) ) ;
#3133 = CARTESIAN_POINT ( 'NONE',  ( 26.56695530386144810, 11.24999999999624833, -9.990000000000000213 ) ) ;
#3134 = EDGE_CURVE ( 'NONE', #20, #8312, #5974, .T. ) ;
#3135 = ORIENTED_EDGE ( 'NONE', *, *, #4266, .T. ) ;
#3136 = VERTEX_POINT ( 'NONE', #8403 ) ;
#3137 = CARTESIAN_POINT ( 'NONE',  ( 35.99173325387087630, 11.24999999999624833, -0.009999999999999592548 ) ) ;
#3138 = ORIENTED_EDGE ( 'NONE', *, *, #793, .F. ) ;
#3139 = CARTESIAN_POINT ( 'NONE',  ( 147.3433999595799833, 18.00000000000299494, -9.990000000000000213 ) ) ;
#3140 =( BOUNDED_CURVE ( )  B_SPLINE_CURVE ( 3, ( #6754, #9777, #2950, #9828 ),
 .UNSPECIFIED., .F., .F. ) 
 B_SPLINE_CURVE_WITH_KNOTS ( ( 4, 4 ),
 ( 0.000000000000000000, 1.570796326795005138 ),
 .UNSPECIFIED. ) 
 CURVE ( )  GEOMETRIC_REPRESENTATION_ITEM ( )  RATIONAL_B_SPLINE_CURVE ( ( 1.000000000000000000, 0.8047378541243395134, 0.8047378541243395134, 1.000000000000000000 ) ) 
 REPRESENTATION_ITEM ( '' )  );
#3141 = EDGE_CURVE ( 'NONE', #254, #329, #7492, .T. ) ;
#3142 = FACE_OUTER_BOUND ( 'NONE', #2970, .T. ) ;
#3143 = ORIENTED_EDGE ( 'NONE', *, *, #3407, .T. ) ;
#3144 = CARTESIAN_POINT ( 'NONE',  ( 191.9518134248291119, 17.99585786437926771, 2.039059010068051210E-16 ) ) ;
#3145 = CARTESIAN_POINT ( 'NONE',  ( 201.3733841907686895, 18.00000000000299849, -0.009999999999999592548 ) ) ;
#3146 = ADVANCED_FACE ( 'NONE', ( #2901 ), #2238, .T. ) ;
#3147 = CARTESIAN_POINT ( 'NONE',  ( 0.000000000000000000, 0.009999999999999592548, -0.01000000000000000021 ) ) ;
#3148 = PLANE ( 'NONE',  #2383 ) ;
#3149 = VECTOR ( 'NONE', #7942, 1000.000000000000000 ) ;
#3150 = EDGE_CURVE ( 'NONE', #2826, #8502, #636, .T. ) ;
#3151 = CARTESIAN_POINT ( 'NONE',  ( 0.000000000000000000, 17.99000000000300048, -0.01000000000000000021 ) ) ;
#3152 = CARTESIAN_POINT ( 'NONE',  ( 77.10560214624220521, 11.24999999999624656, -9.995857864376267443 ) ) ;
#3153 = ORIENTED_EDGE ( 'NONE', *, *, #1241, .T. ) ;
#3154 = ORIENTED_EDGE ( 'NONE', *, *, #3835, .T. ) ;
#3155 = CARTESIAN_POINT ( 'NONE',  ( 239.0724959908063454, 18.00000000000300204, -9.995857864376269220 ) ) ;
#3156 = ORIENTED_EDGE ( 'NONE', *, *, #3895, .T. ) ;
#3157 = DIRECTION ( 'NONE',  ( 0.000000000000000000, 0.000000000000000000, 1.000000000000000000 ) ) ;
#3158 = EDGE_CURVE ( 'NONE', #9703, #2324, #3765, .T. ) ;
#3159 = CARTESIAN_POINT ( 'NONE',  ( 81.36221148223562238, 17.99000000000300048, -10.00000000000000000 ) ) ;
#3160 = CARTESIAN_POINT ( 'NONE',  ( 182.5238282907498615, 18.00000000000299494, -0.004142135623724395831 ) ) ;
#3161 = DIRECTION ( 'NONE',  ( 1.000000000000000000, 0.000000000000000000, 0.000000000000000000 ) ) ;
#3162 = ADVANCED_FACE ( 'NONE', ( #5960, #1477 ), #9882, .F. ) ;
#3163 = CARTESIAN_POINT ( 'NONE',  ( 100.2129413228902450, 18.02540000000299969, -0.009999999999999592548 ) ) ;
#3164 = LINE ( 'NONE', #1547, #3729 ) ;
#3165 = VERTEX_POINT ( 'NONE', #4556 ) ;
#3166 = ORIENTED_EDGE ( 'NONE', *, *, #7406, .T. ) ;
#3167 = DIRECTION ( 'NONE',  ( -0.2503800040544349459, 0.9681476403781095197, 0.000000000000000000 ) ) ;
#3168 = EDGE_LOOP ( 'NONE', ( #332, #2085, #1161, #5545 ) ) ;
#3169 = CARTESIAN_POINT ( 'NONE',  ( 119.0690661095517271, 18.00000000000299849, -9.990000000000000213 ) ) ;
#3170 = DIRECTION ( 'NONE',  ( 0.2503800040544349459, -0.9681476403781095197, 0.000000000000000000 ) ) ;
#3171 = CARTESIAN_POINT ( 'NONE',  ( 15.39650865944806846, 18.00000000000299849, -9.990000000000000213 ) ) ;
#3172 = CARTESIAN_POINT ( 'NONE',  ( -198.0000000000000000, -83.00000000000000000, -10.00000000000000000 ) ) ;
#3173 = CARTESIAN_POINT ( 'NONE',  ( 86.53038009625164761, 11.24999999999624833, -0.009999999999999592548 ) ) ;
#3174 = LINE ( 'NONE', #9414, #4855 ) ;
#3175 = PLANE ( 'NONE',  #266 ) ;
#3176 = ORIENTED_EDGE ( 'NONE', *, *, #8473, .F. ) ;
#3177 = ORIENTED_EDGE ( 'NONE', *, *, #3705, .F. ) ;
#3178 = AXIS2_PLACEMENT_3D ( 'NONE', #5256, #6701, #8357 ) ;
#3179 = DIRECTION ( 'NONE',  ( 0.000000000000000000, 0.000000000000000000, -1.000000000000000000 ) ) ;
#3180 = DIRECTION ( 'NONE',  ( 0.2503800040544349459, 0.9681476403781095197, 0.000000000000000000 ) ) ;
#3181 =( BOUNDED_CURVE ( )  B_SPLINE_CURVE ( 3, ( #1871, #2734, #6536, #8040 ),
 .UNSPECIFIED., .F., .F. ) 
 B_SPLINE_CURVE_WITH_KNOTS ( ( 4, 4 ),
 ( 0.000000000000000000, 1.570796326794896336 ),
 .UNSPECIFIED. ) 
 CURVE ( )  GEOMETRIC_REPRESENTATION_ITEM ( )  RATIONAL_B_SPLINE_CURVE ( ( 1.000000000000000000, 0.8047378541243650485, 0.8047378541243650485, 1.000000000000000000 ) ) 
 REPRESENTATION_ITEM ( '' )  );
#3182 = ORIENTED_EDGE ( 'NONE', *, *, #133, .T. ) ;
#3183 = ORIENTED_EDGE ( 'NONE', *, *, #4611, .T. ) ;
#3184 = VECTOR ( 'NONE', #6763, 1000.000000000000000 ) ;
#3185 = VERTEX_POINT ( 'NONE', #7600 ) ;
#3186 = DIRECTION ( 'NONE',  ( 0.2503800040544349459, 0.9681476403781095197, 0.000000000000000000 ) ) ;
#3187 = DIRECTION ( 'NONE',  ( 0.000000000000000000, 0.000000000000000000, -1.000000000000000000 ) ) ;
#3188 = ORIENTED_EDGE ( 'NONE', *, *, #327, .T. ) ;
#3189 = CYLINDRICAL_SURFACE ( 'NONE', #1107, 0.01000000000000000021 ) ;
#3190 = CARTESIAN_POINT ( 'NONE',  ( 201.3765913748384833, 17.99585786437925705, 6.801092723719553068E-15 ) ) ;
#3191 = CIRCLE ( 'NONE', #8769, 8.000000000000035527 ) ;
#3192 = DIRECTION ( 'NONE',  ( 0.2503800040544349459, 0.9681476403781095197, 0.000000000000000000 ) ) ;
#3193 = ADVANCED_FACE ( 'NONE', ( #6911 ), #3003, .T. ) ;
#3194 = CARTESIAN_POINT ( 'NONE',  ( 283.4972739408158304, 17.50000000000299849, -0.5000000000000003331 ) ) ;
#3195 = CARTESIAN_POINT ( 'NONE',  ( 78.86752120369258989, 18.02289619996245307, -0.009999999999999592548 ) ) ;
#3196 = CARTESIAN_POINT ( 'NONE',  ( 69.42649289063673734, 18.00000000000299849, -9.990000000000000213 ) ) ;
#3197 = ORIENTED_EDGE ( 'NONE', *, *, #9758, .F. ) ;
#3198 = ORIENTED_EDGE ( 'NONE', *, *, #2523, .F. ) ;
#3199 = CYLINDRICAL_SURFACE ( 'NONE', #9470, 0.009999999999999998473 ) ;
#3200 = ORIENTED_EDGE ( 'NONE', *, *, #1795, .T. ) ;
#3201 = CYLINDRICAL_SURFACE ( 'NONE', #7148, 0.009999999999999592548 ) ;
#3202 = CIRCLE ( 'NONE', #2878, 8.010000000000044196 ) ;
#3203 = AXIS2_PLACEMENT_3D ( 'NONE', #2077, #9034, #9086 ) ;
#3204 = CARTESIAN_POINT ( 'NONE',  ( 222.7416235596552951, 18.00000000000300204, -9.995857864376256785 ) ) ;
#3205 = FACE_OUTER_BOUND ( 'NONE', #3917, .T. ) ;
#3206 = CARTESIAN_POINT ( 'NONE',  ( 220.2295089774301857, 18.02540000000299969, -10.00000000000000000 ) ) ;
#3207 = EDGE_CURVE ( 'NONE', #1309, #2324, #732, .T. ) ;
#3208 = ADVANCED_FACE ( 'NONE', ( #3050 ), #1375, .T. ) ;
#3209 = DIRECTION ( 'NONE',  ( -1.000000000000000000, 0.000000000000000000, 0.000000000000000000 ) ) ;
#3210 = EDGE_CURVE ( 'NONE', #2160, #7107, #3222, .T. ) ;
#3211 = CARTESIAN_POINT ( 'NONE',  ( 135.7553152835866683, -17.10871170210948833, -9.990000000000000213 ) ) ;
#3212 = DIRECTION ( 'NONE',  ( -0.000000000000000000, -0.000000000000000000, 1.000000000000000000 ) ) ;
#3213 = ORIENTED_EDGE ( 'NONE', *, *, #916, .F. ) ;
#3214 = EDGE_LOOP ( 'NONE', ( #3639, #7871, #8440, #5289 ) ) ;
#3215 = DIRECTION ( 'NONE',  ( 0.2503800040544349459, 0.9681476403781095197, 0.000000000000000000 ) ) ;
#3216 = CARTESIAN_POINT ( 'NONE',  ( 120.8050533275519314, 11.24749619995569994, -10.00000000000000000 ) ) ;
#3217 = ORIENTED_EDGE ( 'NONE', *, *, #491, .T. ) ;
#3218 = EDGE_CURVE ( 'NONE', #8422, #8334, #6995, .T. ) ;
#3219 = ORIENTED_EDGE ( 'NONE', *, *, #9661, .T. ) ;
#3220 = VECTOR ( 'NONE', #1494, 1000.000000000000000 ) ;
#3221 = CARTESIAN_POINT ( 'NONE',  ( 180.7781595963458869, 11.24999999999624833, -0.009999999999999592548 ) ) ;
#3222 =( BOUNDED_CURVE ( )  B_SPLINE_CURVE ( 3, ( #2291, #3710, #9784, #2954 ),
 .UNSPECIFIED., .F., .F. ) 
 B_SPLINE_CURVE_WITH_KNOTS ( ( 4, 4 ),
 ( 3.141592653589813544, 4.712388980385144421 ),
 .UNSPECIFIED. ) 
 CURVE ( )  GEOMETRIC_REPRESENTATION_ITEM ( )  RATIONAL_B_SPLINE_CURVE ( ( 1.000000000000000000, 0.8047378541242626859, 0.8047378541242626859, 1.000000000000000000 ) ) 
 REPRESENTATION_ITEM ( '' )  );
#3223 = CARTESIAN_POINT ( 'NONE',  ( 241.5834366323957738, 17.99000000000300048, 0.000000000000000000 ) ) ;
#3224 = EDGE_CURVE ( 'NONE', #124, #3740, #2961, .T. ) ;
#3225 = CARTESIAN_POINT ( 'NONE',  ( 210.8059049680565522, 17.99000000000299693, 0.000000000000000000 ) ) ;
#3226 = CARTESIAN_POINT ( 'NONE',  ( 97.70082674066502193, 18.00000000000299849, -9.990000000000000213 ) ) ;
#3227 = CARTESIAN_POINT ( 'NONE',  ( 130.2395127539650730, 11.24999999999625189, -9.995857864376272772 ) ) ;
#3228 = CARTESIAN_POINT ( 'NONE',  ( 222.7416235596554088, 18.00000000000299849, -0.009999999999999592548 ) ) ;
#3229 = EDGE_CURVE ( 'NONE', #4904, #8792, #5366, .T. ) ;
#3230 = ORIENTED_EDGE ( 'NONE', *, *, #1472, .T. ) ;
#3231 = VECTOR ( 'NONE', #875, 1000.000000000000000 ) ;
#3232 = DIRECTION ( 'NONE',  ( 0.000000000000000000, 0.000000000000000000, 1.000000000000000000 ) ) ;
#3233 =( BOUNDED_CURVE ( )  B_SPLINE_CURVE ( 3, ( #1254, #376, #3439, #9067 ),
 .UNSPECIFIED., .F., .F. ) 
 B_SPLINE_CURVE_WITH_KNOTS ( ( 4, 4 ),
 ( 3.141592653589793116, 4.712388980383800607 ),
 .UNSPECIFIED. ) 
 CURVE ( )  GEOMETRIC_REPRESENTATION_ITEM ( )  RATIONAL_B_SPLINE_CURVE ( ( 1.000000000000000000, 0.8047378541245745476, 0.8047378541245745476, 1.000000000000000000 ) ) 
 REPRESENTATION_ITEM ( '' )  );
#3234 = CIRCLE ( 'NONE', #4524, 0.009999999999999592548 ) ;
#3235 = VERTEX_POINT ( 'NONE', #9225 ) ;
#3236 = ORIENTED_EDGE ( 'NONE', *, *, #7889, .T. ) ;
#3237 = DIRECTION ( 'NONE',  ( -0.9681476403781390516, 0.2503800040543205374, 0.000000000000000000 ) ) ;
#3238 = VERTEX_POINT ( 'NONE', #9332 ) ;
#3239 = CARTESIAN_POINT ( 'NONE',  ( 83.11562300391798885, 11.24999999999624833, -10.00000000000000000 ) ) ;
#3240 = CARTESIAN_POINT ( 'NONE',  ( 239.0724959908063738, 18.00000000000299849, -0.009999999999999592548 ) ) ;
#3241 = ORIENTED_EDGE ( 'NONE', *, *, #1715, .F. ) ;
#3242 = CARTESIAN_POINT ( 'NONE',  ( 26.56695530386144810, 11.24999999999624833, -10.00000000000000000 ) ) ;
#3243 = ADVANCED_FACE ( 'NONE', ( #7145 ), #5511, .T. ) ;
#3244 =( BOUNDED_CURVE ( )  B_SPLINE_CURVE ( 3, ( #1944, #8019, #4879, #8884 ),
 .UNSPECIFIED., .F., .F. ) 
 B_SPLINE_CURVE_WITH_KNOTS ( ( 4, 4 ),
 ( 3.141592653589793116, 4.712388980384472958 ),
 .UNSPECIFIED. ) 
 CURVE ( )  GEOMETRIC_REPRESENTATION_ITEM ( )  RATIONAL_B_SPLINE_CURVE ( ( 1.000000000000000000, 0.8047378541244161188, 0.8047378541244161188, 1.000000000000000000 ) ) 
 REPRESENTATION_ITEM ( '' )  );
#3245 = VECTOR ( 'NONE', #5588, 1000.000000000000000 ) ;
#3246 = DIRECTION ( 'NONE',  ( -0.2503800040544349459, 0.9681476403781095197, 0.000000000000000000 ) ) ;
#3247 = CARTESIAN_POINT ( 'NONE',  ( 12.87782519058020370, 17.99000000000300048, 0.000000000000000000 ) ) ;
#3248 = CARTESIAN_POINT ( 'NONE',  ( 283.4972739408158304, 17.50000000000299849, -0.5000000000000003331 ) ) ;
#3249 = CARTESIAN_POINT ( 'NONE',  ( 67.68856702351121157, 11.23999999999625032, 0.000000000000000000 ) ) ;
#3250 = ORIENTED_EDGE ( 'NONE', *, *, #5286, .T. ) ;
#3251 = VECTOR ( 'NONE', #8178, 1000.000000000000000 ) ;
#3252 = CARTESIAN_POINT ( 'NONE',  ( 166.1897486755290174, 17.99585786437926771, 1.270432225224321681E-15 ) ) ;
#3253 = ORIENTED_EDGE ( 'NONE', *, *, #1669, .T. ) ;
#3254 = CARTESIAN_POINT ( 'NONE',  ( 229.6542869274396139, 18.02540000000299969, -0.009999999999999592548 ) ) ;
#3255 = CIRCLE ( 'NONE', #55, 0.009999999999999998473 ) ;
#3256 = DIRECTION ( 'NONE',  ( -1.000000000000000000, 0.000000000000000000, 0.000000000000000000 ) ) ;
#3257 = CARTESIAN_POINT ( 'NONE',  ( 182.5315711180282960, 17.99000000000299693, 0.000000000000000000 ) ) ;
#3258 = EDGE_CURVE ( 'NONE', #5520, #1665, #186, .T. ) ;
#3259 = LINE ( 'NONE', #4118, #3378 ) ;
#3260 = CARTESIAN_POINT ( 'NONE',  ( 119.0690661095517271, 18.00000000000299849, -0.01000000000000000021 ) ) ;
#3261 = VECTOR ( 'NONE', #8976, 1000.000000000000000 ) ;
#3262 = PRODUCT_DEFINITION_CONTEXT ( 'detailed design', #314, 'design' ) ;
#3263 = CARTESIAN_POINT ( 'NONE',  ( 218.4772713963835997, 11.24999999999624833, -0.004142135623730543691 ) ) ;
#3264 = CARTESIAN_POINT ( 'NONE',  ( -189.9999999999999432, -83.00000000000000000, -10.00000000000000000 ) ) ;
#3265 = ORIENTED_EDGE ( 'NONE', *, *, #1542, .F. ) ;
#3266 = ORIENTED_EDGE ( 'NONE', *, *, #9635, .T. ) ;
#3267 = EDGE_CURVE ( 'NONE', #2500, #6174, #2179, .T. ) ;
#3268 = CARTESIAN_POINT ( 'NONE',  ( 39.41423317348293409, 11.23999999999625032, 0.000000000000000000 ) ) ;
#3269 = LINE ( 'NONE', #3977, #2606 ) ;
#3270 = ORIENTED_EDGE ( 'NONE', *, *, #4319, .F. ) ;
#3271 = ORIENTED_EDGE ( 'NONE', *, *, #6944, .F. ) ;
#3272 = VECTOR ( 'NONE', #835, 1000.000000000000000 ) ;
#3273 = EDGE_CURVE ( 'NONE', #1018, #4009, #2381, .T. ) ;
#3274 = CARTESIAN_POINT ( 'NONE',  ( 0.000000000000000000, 17.99000000000300048, -9.990000000000000213 ) ) ;
#3275 = CARTESIAN_POINT ( 'NONE',  ( 26.56695530386144810, 11.24999999999624833, -9.990000000000000213 ) ) ;
#3276 = EDGE_CURVE ( 'NONE', #2826, #1787, #6302, .T. ) ;
#3277 = CARTESIAN_POINT ( 'NONE',  ( 0.000000000000000000, 18.00000000000299849, -9.990000000000000213 ) ) ;
#3278 = CARTESIAN_POINT ( 'NONE',  ( 137.9108791822921205, 17.99000000000300048, 0.000000000000000000 ) ) ;
#3279 = EDGE_CURVE ( 'NONE', #4316, #4269, #2484, .T. ) ;
#3280 = DIRECTION ( 'NONE',  ( -0.2503800040544349459, 0.9681476403781095197, 0.000000000000000000 ) ) ;
#3281 = FACE_OUTER_BOUND ( 'NONE', #8572, .T. ) ;
#3282 = CYLINDRICAL_SURFACE ( 'NONE', #5514, 0.009999999999999998473 ) ;
#3283 = VERTEX_POINT ( 'NONE', #4802 ) ;
#3284 = EDGE_CURVE ( 'NONE', #9249, #3814, #5610, .T. ) ;
#3285 = CARTESIAN_POINT ( 'NONE',  ( 86.53038009625164761, 11.24999999999625366, -9.990000000000000213 ) ) ;
#3286 = CARTESIAN_POINT ( 'NONE',  ( 54.84128915388971848, 11.24999999999624833, -9.990000000000000213 ) ) ;
#3287 = EDGE_CURVE ( 'NONE', #1063, #9569, #8015, .T. ) ;
#3288 = EDGE_CURVE ( 'NONE', #9693, #3988, #142, .T. ) ;
#3289 = ORIENTED_EDGE ( 'NONE', *, *, #3086, .T. ) ;
#3290 = ORIENTED_EDGE ( 'NONE', *, *, #6083, .T. ) ;
#3291 = CYLINDRICAL_SURFACE ( 'NONE', #3596, 0.01000000000000105319 ) ;
#3292 = ORIENTED_EDGE ( 'NONE', *, *, #9859, .F. ) ;
#3293 = FACE_OUTER_BOUND ( 'NONE', #1818, .T. ) ;
#3294 = DIRECTION ( 'NONE',  ( -1.000000000000000000, 0.000000000000000000, 0.000000000000000000 ) ) ;
#3295 = EDGE_LOOP ( 'NONE', ( #9202, #8511, #7471, #7521 ) ) ;
#3296 = CARTESIAN_POINT ( 'NONE',  ( 24.81354378217906742, 17.99000000000300048, -10.00000000000000000 ) ) ;
#3297 =( BOUNDED_CURVE ( )  B_SPLINE_CURVE ( 3, ( #3838, #9863, #3792, #6839 ),
 .UNSPECIFIED., .F., .F. ) 
 B_SPLINE_CURVE_WITH_KNOTS ( ( 4, 4 ),
 ( 3.141592653589793116, 4.712388980384689674 ),
 .UNSPECIFIED. ) 
 CURVE ( )  GEOMETRIC_REPRESENTATION_ITEM ( )  RATIONAL_B_SPLINE_CURVE ( ( 1.000000000000000000, 0.8047378541243649375, 0.8047378541243649375, 1.000000000000000000 ) ) 
 REPRESENTATION_ITEM ( '' )  );
#3298 = CARTESIAN_POINT ( 'NONE',  ( 166.1929558595988681, 18.00000000000299849, -10.00000000000000000 ) ) ;
#3299 = DIRECTION ( 'NONE',  ( -1.000000000000000000, 0.000000000000000000, 0.000000000000000000 ) ) ;
#3300 = CARTESIAN_POINT ( 'NONE',  ( 12.88750666698398106, 17.99749619996245897, -10.00000000000000000 ) ) ;
#3301 = ADVANCED_FACE ( 'NONE', ( #4856 ), #7752, .T. ) ;
#3302 = ORIENTED_EDGE ( 'NONE', *, *, #8807, .T. ) ;
#3303 = ORIENTED_EDGE ( 'NONE', *, *, #4676, .T. ) ;
#3304 = CARTESIAN_POINT ( 'NONE',  ( 283.4972739407151607, 17.62958124828764994, -9.629581248285431272 ) ) ;
#3305 = ORIENTED_EDGE ( 'NONE', *, *, #7192, .F. ) ;
#3306 = DIRECTION ( 'NONE',  ( -1.000000000000000000, 0.000000000000000000, 0.000000000000000000 ) ) ;
#3307 = CARTESIAN_POINT ( 'NONE',  ( 0.000000000000000000, 17.99000000000300048, -10.00000000000000000 ) ) ;
#3308 = DIRECTION ( 'NONE',  ( -1.000000000000000000, 0.000000000000000000, 0.000000000000000000 ) ) ;
#3309 = LINE ( 'NONE', #2550, #1601 ) ;
#3310 = CARTESIAN_POINT ( 'NONE',  ( 194.4672897096270106, 18.00000000000300204, -0.004142135623733971504 ) ) ;
#3311 = VECTOR ( 'NONE', #1510, 1000.000000000000000 ) ;
#3312 = CARTESIAN_POINT ( 'NONE',  ( 0.000000000000000000, 18.00000000000299849, -9.990000000000000213 ) ) ;
#3313 = EDGE_CURVE ( 'NONE', #3962, #8487, #2371, .T. ) ;
#3314 = ORIENTED_EDGE ( 'NONE', *, *, #3785, .F. ) ;
#3315 = ORIENTED_EDGE ( 'NONE', *, *, #5761, .T. ) ;
#3316 = FACE_OUTER_BOUND ( 'NONE', #3516, .T. ) ;
#3317 = CARTESIAN_POINT ( 'NONE',  ( 11.13215649617624869, 11.24999999999624833, -0.009999999999999592548 ) ) ;
#3318 = VECTOR ( 'NONE', #8056, 1000.000000000000000 ) ;
#3319 = ORIENTED_EDGE ( 'NONE', *, *, #4130, .T. ) ;
#3320 = CARTESIAN_POINT ( 'NONE',  ( -180.0000000000000000, 1.040688003609159811E-14, -9.990000000000000213 ) ) ;
#3321 = DIRECTION ( 'NONE',  ( -1.000000000000000000, 0.000000000000000000, 0.000000000000000000 ) ) ;
#3322 = DIRECTION ( 'NONE',  ( 1.000000000000000000, 0.000000000000000000, 0.000000000000000000 ) ) ;
#3323 = EDGE_CURVE ( 'NONE', #7920, #3690, #5270, .T. ) ;
#3324 = CARTESIAN_POINT ( 'NONE',  ( 232.1664015096648370, 18.00000000000299849, -0.009999999999999592548 ) ) ;
#3325 = LINE ( 'NONE', #7036, #1658 ) ;
#3326 = LINE ( 'NONE', #1663, #5970 ) ;
#3327 = CARTESIAN_POINT ( 'NONE',  ( 64.25832427662071211, 11.23999999999625032, -10.00000000000000000 ) ) ;
#3328 = ORIENTED_EDGE ( 'NONE', *, *, #8760, .F. ) ;
#3329 = EDGE_CURVE ( 'NONE', #1703, #2756, #4252, .T. ) ;
#3330 = CARTESIAN_POINT ( 'NONE',  ( 283.4972739408158304, 0.3713580214364129994, -9.631267325064818863 ) ) ;
#3331 = EDGE_CURVE ( 'NONE', #4746, #6732, #1152, .T. ) ;
#3332 = EDGE_CURVE ( 'NONE', #5384, #1063, #88, .T. ) ;
#3333 = CARTESIAN_POINT ( 'NONE',  ( 186.7881804540216706, 11.24999999999624833, -0.009999999999999592548 ) ) ;
#3334 = ORIENTED_EDGE ( 'NONE', *, *, #6085, .F. ) ;
#3335 = EDGE_CURVE ( 'NONE', #7682, #4400, #384, .T. ) ;
#3336 = ORIENTED_EDGE ( 'NONE', *, *, #3698, .T. ) ;
#3337 = ORIENTED_EDGE ( 'NONE', *, *, #1602, .T. ) ;
#3338 = CARTESIAN_POINT ( 'NONE',  ( 191.1003626056736664, 67.42191414661566284, 0.000000000000000000 ) ) ;
#3339 = ORIENTED_EDGE ( 'NONE', *, *, #5485, .F. ) ;
#3340 = CARTESIAN_POINT ( 'NONE',  ( 107.1288118747442439, 17.99585786437927126, -10.00000000000000000 ) ) ;
#3341 = VECTOR ( 'NONE', #3186, 1000.000000000000000 ) ;
#3342 = CARTESIAN_POINT ( 'NONE',  ( 111.3802753775424890, 11.24749619995569994, -10.00000000000000000 ) ) ;
#3343 = ORIENTED_EDGE ( 'NONE', *, *, #4021, .F. ) ;
#3344 = ADVANCED_FACE ( 'NONE', ( #6496 ), #8133, .T. ) ;
#3345 = DIRECTION ( 'NONE',  ( 0.000000000000000000, 0.000000000000000000, -1.000000000000000000 ) ) ;
#3346 = CARTESIAN_POINT ( 'NONE',  ( 48.83447548028378549, 11.24585786437251755, -10.00000000000000000 ) ) ;
#3347 = VECTOR ( 'NONE', #9677, 1000.000000000000000 ) ;
#3348 = EDGE_CURVE ( 'NONE', #3786, #6018, #7328, .T. ) ;
#3349 = VECTOR ( 'NONE', #4512, 1000.000000000000000 ) ;
#3350 = LINE ( 'NONE', #3959, #1578 ) ;
#3351 = DIRECTION ( 'NONE',  ( -0.000000000000000000, -0.000000000000000000, -1.000000000000000000 ) ) ;
#3352 = ORIENTED_EDGE ( 'NONE', *, *, #4072, .T. ) ;
#3353 = CARTESIAN_POINT ( 'NONE',  ( 139.6565478766960666, 11.23999999999625032, -10.00000000000000000 ) ) ;
#3354 = ORIENTED_EDGE ( 'NONE', *, *, #4371, .F. ) ;
#3355 = FACE_OUTER_BOUND ( 'NONE', #7641, .T. ) ;
#3356 = DIRECTION ( 'NONE',  ( -1.000000000000000000, 0.000000000000000000, 0.000000000000000000 ) ) ;
#3357 = DIRECTION ( 'NONE',  ( 0.000000000000000000, 0.000000000000000000, -1.000000000000000000 ) ) ;
#3358 = CIRCLE ( 'NONE', #1577, 17.98999999999997712 ) ;
#3359 = VECTOR ( 'NONE', #3982, 1000.000000000000000 ) ;
#3360 = CARTESIAN_POINT ( 'NONE',  ( 196.2129584040310704, 11.24999999999624833, -0.009999999999999592548 ) ) ;
#3361 = PLANE ( 'NONE',  #4628 ) ;
#3362 = LINE ( 'NONE', #153, #5599 ) ;
#3363 = VECTOR ( 'NONE', #1080, 1000.000000000000000 ) ;
#3364 = CARTESIAN_POINT ( 'NONE',  ( 186.7881804540216706, 11.24999999999624833, -9.990000000000000213 ) ) ;
#3365 = ORIENTED_EDGE ( 'NONE', *, *, #7150, .F. ) ;
#3366 = ORIENTED_EDGE ( 'NONE', *, *, #2581, .T. ) ;
#3367 = AXIS2_PLACEMENT_3D ( 'NONE', #4098, #7135, #4938 ) ;
#3368 = CARTESIAN_POINT ( 'NONE',  ( 48.83126829621394904, 11.23999999999625032, -0.009999999999999592548 ) ) ;
#3369 = ORIENTED_EDGE ( 'NONE', *, *, #8115, .F. ) ;
#3370 = VERTEX_POINT ( 'NONE', #5094 ) ;
#3371 = FACE_OUTER_BOUND ( 'NONE', #3056, .T. ) ;
#3372 = AXIS2_PLACEMENT_3D ( 'NONE', #2051, #5130, #8174 ) ;
#3373 = CARTESIAN_POINT ( 'NONE',  ( 12.87782519058020370, 18.00000000000299849, -9.995857864376269220 ) ) ;
#3374 = LINE ( 'NONE', #8716, #1616 ) ;
#3375 = DIRECTION ( 'NONE',  ( 1.000000000000000000, -0.000000000000000000, 0.000000000000000000 ) ) ;
#3376 = CARTESIAN_POINT ( 'NONE',  ( 283.2901671596292204, -3.586907429118599214E-17, -9.989999999999998437 ) ) ;
#3377 = DIRECTION ( 'NONE',  ( 1.000000000000000000, 0.000000000000000000, 0.000000000000000000 ) ) ;
#3378 = VECTOR ( 'NONE', #6210, 1000.000000000000000 ) ;
#3379 = CARTESIAN_POINT ( 'NONE',  ( 130.2395127539651014, 11.24999999999624833, -9.990000000000000213 ) ) ;
#3380 = EDGE_LOOP ( 'NONE', ( #375, #4622, #4160, #5012 ) ) ;
#3381 = CARTESIAN_POINT ( 'NONE',  ( 215.0625143040497846, 11.24999999999624833, -9.995857864376265667 ) ) ;
#3382 = FACE_OUTER_BOUND ( 'NONE', #1399, .T. ) ;
#3383 = ORIENTED_EDGE ( 'NONE', *, *, #5730, .F. ) ;
#3384 = VERTEX_POINT ( 'NONE', #3493 ) ;
#3385 = CARTESIAN_POINT ( 'NONE',  ( 241.5846105730315969, 18.02540000000299969, -10.00000000000000000 ) ) ;
#3386 = EDGE_CURVE ( 'NONE', #4860, #259, #1976, .T. ) ;
#3387 = EDGE_CURVE ( 'NONE', #7259, #7831, #1212, .T. ) ;
#3388 = CARTESIAN_POINT ( 'NONE',  ( 76.25917848242009711, 37.72196452409063028, -0.01000000000000000021 ) ) ;
#3389 = VECTOR ( 'NONE', #1998, 1000.000000000000000 ) ;
#3390 = CARTESIAN_POINT ( 'NONE',  ( 26.55921247658302065, 11.23999999999625032, 0.000000000000000000 ) ) ;
#3391 = EDGE_LOOP ( 'NONE', ( #8536, #4363, #2373, #4064 ) ) ;
#3392 = ADVANCED_FACE ( 'NONE', ( #8090 ), #5799, .T. ) ;
#3393 = CARTESIAN_POINT ( 'NONE',  ( 222.7338807323769458, 17.99000000000299693, -10.00000000000000000 ) ) ;
#3394 = AXIS2_PLACEMENT_3D ( 'NONE', #3562, #3717, #642 ) ;
#3395 = EDGE_CURVE ( 'NONE', #5223, #9220, #3026, .T. ) ;
#3396 = CARTESIAN_POINT ( 'NONE',  ( 0.000000000000000000, 17.99000000000300048, -10.00000000000000000 ) ) ;
#3397 = LINE ( 'NONE', #242, #5016 ) ;
#3398 = VERTEX_POINT ( 'NONE', #3393 ) ;
#3399 = VERTEX_POINT ( 'NONE', #6594 ) ;
#3400 = CARTESIAN_POINT ( 'NONE',  ( 171.0910642445878409, -26.24715773980951283, 0.000000000000000000 ) ) ;
#3401 = EDGE_CURVE ( 'NONE', #2658, #9267, #9621, .T. ) ;
#3402 = ORIENTED_EDGE ( 'NONE', *, *, #1613, .F. ) ;
#3403 = DIRECTION ( 'NONE',  ( -0.9681476403781095197, -0.2503800040544349459, 0.000000000000000000 ) ) ;
#3404 = CARTESIAN_POINT ( 'NONE',  ( 128.4906368754913046, 17.99585786437926771, -1.271149606709709115E-15 ) ) ;
#3405 = DIRECTION ( 'NONE',  ( 0.2503800040544349459, 0.9681476403781095197, 0.000000000000000000 ) ) ;
#3406 = VECTOR ( 'NONE', #7953, 1000.000000000000000 ) ;
#3407 = EDGE_CURVE ( 'NONE', #4473, #1366, #5846, .T. ) ;
#3408 = CARTESIAN_POINT ( 'NONE',  ( 20.55693444618567156, 11.24999999999624833, -9.990000000000000213 ) ) ;
#3409 = CARTESIAN_POINT ( 'NONE',  ( 143.0790477963081742, 11.24999999999624833, -10.00000000000000000 ) ) ;
#3410 = EDGE_CURVE ( 'NONE', #2217, #3900, #8465, .T. ) ;
#3411 = DIRECTION ( 'NONE',  ( -0.2503800040544349459, -0.9681476403781095197, 0.000000000000000000 ) ) ;
#3412 = VECTOR ( 'NONE', #2677, 1000.000000000000000 ) ;
#3413 = VECTOR ( 'NONE', #7870, 1000.000000000000000 ) ;
#3414 = EDGE_LOOP ( 'NONE', ( #5202, #2808, #7377, #6432 ) ) ;
#3415 = VERTEX_POINT ( 'NONE', #335 ) ;
#3416 = CARTESIAN_POINT ( 'NONE',  ( -180.0099999999999909, 107.0000000000000000, -0.009999999999999592548 ) ) ;
#3417 = EDGE_CURVE ( 'NONE', #144, #7783, #4345, .T. ) ;
#3418 = ORIENTED_EDGE ( 'NONE', *, *, #3461, .F. ) ;
#3419 = EDGE_LOOP ( 'NONE', ( #705, #6662, #4244, #6499 ) ) ;
#3420 = CARTESIAN_POINT ( 'NONE',  ( 11.13215649617624692, 11.24999999999624833, -9.990000000000000213 ) ) ;
#3421 = VECTOR ( 'NONE', #7054, 1000.000000000000000 ) ;
#3422 = VECTOR ( 'NONE', #7292, 1000.000000000000000 ) ;
#3423 = CARTESIAN_POINT ( 'NONE',  ( 0.000000000000000000, 11.23999999999625032, 0.000000000000000000 ) ) ;
#3424 = CARTESIAN_POINT ( 'NONE',  ( 128.4938440595611269, 18.00000000000299849, -9.990000000000000213 ) ) ;
#3425 = CARTESIAN_POINT ( 'NONE',  ( 0.000000000000000000, 11.23999999999625032, 0.000000000000000000 ) ) ;
#3426 = CARTESIAN_POINT ( 'NONE',  ( 209.0524934463741715, 11.24999999999624833, -0.004142135623730543691 ) ) ;
#3427 = DIRECTION ( 'NONE',  ( 0.000000000000000000, 0.000000000000000000, -1.000000000000000000 ) ) ;
#3428 = EDGE_CURVE ( 'NONE', #4913, #8427, #9474, .T. ) ;
#3429 = VECTOR ( 'NONE', #4294, 1000.000000000000000 ) ;
#3430 = EDGE_CURVE ( 'NONE', #651, #3856, #9021, .T. ) ;
#3431 = CARTESIAN_POINT ( 'NONE',  ( 62.51265558221675889, 17.99000000000300048, 0.000000000000000000 ) ) ;
#3432 = VERTEX_POINT ( 'NONE', #2989 ) ;
#3433 = CARTESIAN_POINT ( 'NONE',  ( 196.2052155767526074, 11.23999999999624677, 0.000000000000000000 ) ) ;
#3434 = AXIS2_PLACEMENT_3D ( 'NONE', #3588, #5086, #466 ) ;
#3435 = CARTESIAN_POINT ( 'NONE',  ( 282.9972739408158304, 0.009999999999999592548, -10.00000000000000000 ) ) ;
#3436 = VERTEX_POINT ( 'NONE', #569 ) ;
#3437 = DIRECTION ( 'NONE',  ( -0.2503800040544349459, 0.9681476403781095197, 0.000000000000000000 ) ) ;
#3438 = ORIENTED_EDGE ( 'NONE', *, *, #7517, .F. ) ;
#3439 = CARTESIAN_POINT ( 'NONE',  ( 116.5535898247537006, 17.99585786437927482, -9.999999999999998224 ) ) ;
#3440 = DIRECTION ( 'NONE',  ( -0.9681476403780955309, -0.2503800040544887362, 0.000000000000000000 ) ) ;
#3441 = ORIENTED_EDGE ( 'NONE', *, *, #2907, .T. ) ;
#3442 = CARTESIAN_POINT ( 'NONE',  ( 282.9972739408158304, 0.01000000000000000021, -0.01000000000000000021 ) ) ;
#3443 = DIRECTION ( 'NONE',  ( 1.000000000000000000, -0.000000000000000000, 0.000000000000000000 ) ) ;
#3444 = ORIENTED_EDGE ( 'NONE', *, *, #9852, .T. ) ;
#3445 = CARTESIAN_POINT ( 'NONE',  ( -179.9999999999999716, 107.0000000000000000, -10.00000000000000000 ) ) ;
#3446 = PRODUCT_CONTEXT ( 'NONE', #2686, 'mechanical' ) ;
#3447 = EDGE_CURVE ( 'NONE', #1349, #2231, #1614, .T. ) ;
#3448 = DIRECTION ( 'NONE',  ( -1.000000000000000000, -0.000000000000000000, -0.000000000000000000 ) ) ;
#3449 = CARTESIAN_POINT ( 'NONE',  ( 41.15872792725111395, 18.02540000000299969, -10.00000000000000000 ) ) ;
#3450 = ORIENTED_EDGE ( 'NONE', *, *, #8916, .T. ) ;
#3451 = EDGE_CURVE ( 'NONE', #4044, #6683, #25, .T. ) ;
#3452 = ORIENTED_EDGE ( 'NONE', *, *, #3387, .T. ) ;
#3453 = CARTESIAN_POINT ( 'NONE',  ( 154.2572372680000115, 17.99000000000299693, 0.000000000000000000 ) ) ;
#3454 = ORIENTED_EDGE ( 'NONE', *, *, #7995, .F. ) ;
#3455 = DIRECTION ( 'NONE',  ( 1.000000000000000000, 0.000000000000000000, 0.000000000000000000 ) ) ;
#3456 = DIRECTION ( 'NONE',  ( -1.000000000000000000, 0.000000000000000000, 0.000000000000000000 ) ) ;
#3457 = DIRECTION ( 'NONE',  ( 0.2503800040544349459, 0.9681476403781095197, 0.000000000000000000 ) ) ;
#3458 = FACE_OUTER_BOUND ( 'NONE', #7838, .T. ) ;
#3459 = CARTESIAN_POINT ( 'NONE',  ( 105.3799359962704898, 11.24999999999625544, -9.990000000000000213 ) ) ;
#3460 = ADVANCED_FACE ( 'NONE', ( #8394 ), #8968, .T. ) ;
#3461 = EDGE_CURVE ( 'NONE', #2475, #6100, #3663, .T. ) ;
#3462 = CARTESIAN_POINT ( 'NONE',  ( 125.9829034179716984, 17.99000000000300048, -10.00000000000000000 ) ) ;
#3463 = ORIENTED_EDGE ( 'NONE', *, *, #3288, .F. ) ;
#3464 = EDGE_CURVE ( 'NONE', #8243, #3703, #5015, .T. ) ;
#3465 = ORIENTED_EDGE ( 'NONE', *, *, #9714, .F. ) ;
#3466 = DIRECTION ( 'NONE',  ( -0.9681476403781390516, 0.2503800040543205374, 0.000000000000000000 ) ) ;
#3467 = ORIENTED_EDGE ( 'NONE', *, *, #6767, .T. ) ;
#3468 = ORIENTED_EDGE ( 'NONE', *, *, #9859, .T. ) ;
#3469 =( BOUNDED_CURVE ( )  B_SPLINE_CURVE ( 3, ( #5013, #1177, #7338, #7203 ),
 .UNSPECIFIED., .F., .T. ) 
 B_SPLINE_CURVE_WITH_KNOTS ( ( 4, 4 ),
 ( 3.141592653589793116, 4.712388980382002046 ),
 .UNSPECIFIED. ) 
 CURVE ( )  GEOMETRIC_REPRESENTATION_ITEM ( )  RATIONAL_B_SPLINE_CURVE ( ( 1.000000000000000000, 0.8047378541249985417, 0.8047378541249985417, 1.000000000000000000 ) ) 
 REPRESENTATION_ITEM ( '' )  );
#3470 = CARTESIAN_POINT ( 'NONE',  ( 102.7609902031709339, 44.57579905236563889, -0.01000000000000000021 ) ) ;
#3471 = ADVANCED_FACE ( 'NONE', ( #2221 ), #3643, .T. ) ;
#3472 = AXIS2_PLACEMENT_3D ( 'NONE', #1858, #6482, #8758 ) ;
#3473 = CARTESIAN_POINT ( 'NONE',  ( 67.68403138030261346, 11.24585786437251400, 4.340532324096351870E-15 ) ) ;
#3474 = DIRECTION ( 'NONE',  ( 0.000000000000000000, 0.000000000000000000, 1.000000000000000000 ) ) ;
#3475 = CARTESIAN_POINT ( 'NONE',  ( 128.4906368754913046, 17.99585786437926771, -10.00000000000000000 ) ) ;
#3476 = DIRECTION ( 'NONE',  ( -1.000000000000000000, -0.000000000000000000, -0.000000000000000000 ) ) ;
#3477 = VECTOR ( 'NONE', #7895, 1000.000000000000000 ) ;
#3478 = CARTESIAN_POINT ( 'NONE',  ( 283.4972739408158304, 0.000000000000000000, -9.500000000000000000 ) ) ;
#3479 = CARTESIAN_POINT ( 'NONE',  ( 53.09562045948574394, 18.00000000000299849, -9.995857864376265667 ) ) ;
#3480 = ORIENTED_EDGE ( 'NONE', *, *, #824, .T. ) ;
#3481 = CARTESIAN_POINT ( 'NONE',  ( 220.2326215671913019, 17.99749619996245897, -10.00000000000000000 ) ) ;
#3482 = PRODUCT_DEFINITION ( 'General', '', #701, #3262 ) ;
#3483 = CARTESIAN_POINT ( 'NONE',  ( 282.9972739408157736, 2.541098841762901017E-17, -9.999999999999998224 ) ) ;
#3484 = DIRECTION ( 'NONE',  ( 0.000000000000000000, 0.000000000000000000, 1.000000000000000000 ) ) ;
#3485 = VERTEX_POINT ( 'NONE', #6048 ) ;
#3486 = LINE ( 'NONE', #8902, #3412 ) ;
#3487 = EDGE_LOOP ( 'NONE', ( #8282, #8383, #1293, #4318 ) ) ;
#3488 = DIRECTION ( 'NONE',  ( -0.000000000000000000, -0.000000000000000000, 1.000000000000000000 ) ) ;
#3489 = LINE ( 'NONE', #3338, #7737 ) ;
#3490 = CARTESIAN_POINT ( 'NONE',  ( 152.5070329303874814, 11.24585786437252466, -9.999999999999992895 ) ) ;
#3491 = CARTESIAN_POINT ( 'NONE',  ( 233.9043273767902917, 11.23999999999625032, -10.00000000000000000 ) ) ;
#3492 = VERTEX_POINT ( 'NONE', #6688 ) ;
#3493 = CARTESIAN_POINT ( 'NONE',  ( 186.7804376267432360, 11.23999999999624677, 0.000000000000000000 ) ) ;
#3494 = LINE ( 'NONE', #5709, #5443 ) ;
#3495 = CARTESIAN_POINT ( 'NONE',  ( 196.2129584040310704, 11.24999999999624833, -10.00000000000000000 ) ) ;
#3496 = ORIENTED_EDGE ( 'NONE', *, *, #140, .T. ) ;
#3497 = ORIENTED_EDGE ( 'NONE', *, *, #5370, .T. ) ;
#3498 =( BOUNDED_CURVE ( )  B_SPLINE_CURVE ( 3, ( #3064, #6121, #3875, #7713 ),
 .UNSPECIFIED., .F., .F. ) 
 B_SPLINE_CURVE_WITH_KNOTS ( ( 4, 4 ),
 ( 3.141592653589793116, 4.712388980384689674 ),
 .UNSPECIFIED. ) 
 CURVE ( )  GEOMETRIC_REPRESENTATION_ITEM ( )  RATIONAL_B_SPLINE_CURVE ( ( 1.000000000000000000, 0.8047378541243649375, 0.8047378541243649375, 1.000000000000000000 ) ) 
 REPRESENTATION_ITEM ( '' )  );
#3499 = CARTESIAN_POINT ( 'NONE',  ( 237.3268272964024277, 11.24999999999624833, -10.00000000000000000 ) ) ;
#3500 = VERTEX_POINT ( 'NONE', #8346 ) ;
#3501 = DIRECTION ( 'NONE',  ( -1.000000000000000000, -0.000000000000000000, -0.000000000000000000 ) ) ;
#3502 = CARTESIAN_POINT ( 'NONE',  ( 133.6542698462987460, 11.24999999999624833, -9.990000000000000213 ) ) ;
#3503 = DIRECTION ( 'NONE',  ( 0.2503800040544349459, -0.9681476403781095197, -0.000000000000000000 ) ) ;
#3504 = CYLINDRICAL_SURFACE ( 'NONE', #9239, 0.009999999999999592548 ) ;
#3505 = VECTOR ( 'NONE', #7240, 1000.000000000000000 ) ;
#3506 = EDGE_CURVE ( 'NONE', #427, #1767, #3797, .T. ) ;
#3508 = FACE_OUTER_BOUND ( 'NONE', #7144, .T. ) ;
#3507 =( BOUNDED_CURVE ( )  B_SPLINE_CURVE ( 3, ( #761, #6734, #2981, #9211 ),
 .UNSPECIFIED., .F., .F. ) 
 B_SPLINE_CURVE_WITH_KNOTS ( ( 4, 4 ),
 ( 0.000000000000000000, 1.570796326795113496 ),
 .UNSPECIFIED. ) 
 CURVE ( )  GEOMETRIC_REPRESENTATION_ITEM ( )  RATIONAL_B_SPLINE_CURVE ( ( 1.000000000000000000, 0.8047378541243138672, 0.8047378541243138672, 1.000000000000000000 ) ) 
 REPRESENTATION_ITEM ( '' )  );
#3509 = CARTESIAN_POINT ( 'NONE',  ( 154.2657448037680012, 18.02289619996245307, -0.009999999999999592548 ) ) ;
#3510 = EDGE_LOOP ( 'NONE', ( #8516, #1229, #4327, #7308 ) ) ;
#3511 = ORIENTED_EDGE ( 'NONE', *, *, #1517, .T. ) ;
#3512 = DIRECTION ( 'NONE',  ( 0.000000000000000000, 0.000000000000000000, -1.000000000000000000 ) ) ;
#3513 = VERTEX_POINT ( 'NONE', #2886 ) ;
#3514 = VECTOR ( 'NONE', #820, 1000.000000000000000 ) ;
#3515 = ADVANCED_FACE ( 'NONE', ( #669 ), #5999, .F. ) ;
#3516 = EDGE_LOOP ( 'NONE', ( #816, #2428, #5942, #1612 ) ) ;
#3517 = EDGE_CURVE ( 'NONE', #652, #9519, #3845, .T. ) ;
#3518 = FACE_OUTER_BOUND ( 'NONE', #7212, .T. ) ;
#3519 = EDGE_CURVE ( 'NONE', #9696, #6160, #8770, .T. ) ;
#3520 = VECTOR ( 'NONE', #9136, 1000.000000000000000 ) ;
#3521 = VECTOR ( 'NONE', #8777, 1000.000000000000000 ) ;
#3522 = CARTESIAN_POINT ( 'NONE',  ( 232.1664015096648370, 18.00000000000299849, -9.990000000000000213 ) ) ;
#3523 = PLANE ( 'NONE',  #5148 ) ;
#3524 = VERTEX_POINT ( 'NONE', #8188 ) ;
#3525 = EDGE_CURVE ( 'NONE', #1011, #8068, #9709, .T. ) ;
#3526 = PLANE ( 'NONE',  #1645 ) ;
#3527 = LINE ( 'NONE', #9601, #831 ) ;
#3528 = ORIENTED_EDGE ( 'NONE', *, *, #9324, .F. ) ;
#3529 = VECTOR ( 'NONE', #3405, 1000.000000000000000 ) ;
#3530 = DIRECTION ( 'NONE',  ( 0.000000000000000000, 0.000000000000000000, 1.000000000000000000 ) ) ;
#3531 = ADVANCED_FACE ( 'NONE', ( #8239 ), #6142, .T. ) ;
#3532 = DIRECTION ( 'NONE',  ( 1.000000000000000000, -0.000000000000000000, -0.000000000000000000 ) ) ;
#3533 = ORIENTED_EDGE ( 'NONE', *, *, #6203, .F. ) ;
#3534 = VECTOR ( 'NONE', #8227, 1000.000000000000000 ) ;
#3535 = ADVANCED_FACE ( 'NONE', ( #231 ), #7738, .T. ) ;
#3536 = CARTESIAN_POINT ( 'NONE',  ( 143.0790477963081742, 11.24999999999624833, -0.009999999999999592548 ) ) ;
#3537 = ORIENTED_EDGE ( 'NONE', *, *, #197, .T. ) ;
#3538 = LINE ( 'NONE', #5747, #4750 ) ;
#3539 = CARTESIAN_POINT ( 'NONE',  ( 24.82128660945749132, 18.00000000000299494, -9.990000000000000213 ) ) ;
#3540 = ORIENTED_EDGE ( 'NONE', *, *, #6584, .T. ) ;
#3541 = CARTESIAN_POINT ( 'NONE',  ( 20.91413116033299957, 12.59123792041557444, 0.000000000000000000 ) ) ;
#3542 = VERTEX_POINT ( 'NONE', #5549 ) ;
#3543 = AXIS2_PLACEMENT_3D ( 'NONE', #594, #6717, #9047 ) ;
#3544 = DIRECTION ( 'NONE',  ( -1.000000000000000000, 0.000000000000000000, 0.000000000000000000 ) ) ;
#3545 =( NAMED_UNIT ( * ) SI_UNIT ( $, .STERADIAN. ) SOLID_ANGLE_UNIT ( ) );
#3546 = CARTESIAN_POINT ( 'NONE',  ( 34.24606455946690886, 18.00000000000299849, -9.990000000000000213 ) ) ;
#3547 = VECTOR ( 'NONE', #3501, 1000.000000000000000 ) ;
#3548 = LINE ( 'NONE', #3699, #7558 ) ;
#3549 = VERTEX_POINT ( 'NONE', #2369 ) ;
#3550 = ORIENTED_EDGE ( 'NONE', *, *, #5381, .F. ) ;
#3551 = PLANE ( 'NONE',  #2779 ) ;
#3552 = ORIENTED_EDGE ( 'NONE', *, *, #6203, .T. ) ;
#3553 = DIRECTION ( 'NONE',  ( 0.2503800040544349459, -0.9681476403781095197, 0.000000000000000000 ) ) ;
#3554 = CARTESIAN_POINT ( 'NONE',  ( -215.9899999999999807, 9.465673858767931574E-14, -9.990000000000000213 ) ) ;
#3555 = DIRECTION ( 'NONE',  ( 0.000000000000000000, 0.000000000000000000, -1.000000000000000000 ) ) ;
#3556 =( BOUNDED_CURVE ( )  B_SPLINE_CURVE ( 3, ( #1579, #8446, #4651, #7697 ),
 .UNSPECIFIED., .F., .F. ) 
 B_SPLINE_CURVE_WITH_KNOTS ( ( 4, 4 ),
 ( 0.000000000000000000, 1.570796326795113496 ),
 .UNSPECIFIED. ) 
 CURVE ( )  GEOMETRIC_REPRESENTATION_ITEM ( )  RATIONAL_B_SPLINE_CURVE ( ( 1.000000000000000000, 0.8047378541243138672, 0.8047378541243138672, 1.000000000000000000 ) ) 
 REPRESENTATION_ITEM ( '' )  );
#3557 = CARTESIAN_POINT ( 'NONE',  ( 163.6839538671347896, 17.99749619996245187, -10.00000000000000000 ) ) ;
#3558 = VECTOR ( 'NONE', #8493, 1000.000000000000000 ) ;
#3559 = LINE ( 'NONE', #3459, #3834 ) ;
#3560 =( BOUNDED_CURVE ( )  B_SPLINE_CURVE ( 3, ( #6570, #1238, #5776, #2041 ),
 .UNSPECIFIED., .F., .F. ) 
 B_SPLINE_CURVE_WITH_KNOTS ( ( 4, 4 ),
 ( 3.141592653589793116, 4.712388980383780179 ),
 .UNSPECIFIED. ) 
 CURVE ( )  GEOMETRIC_REPRESENTATION_ITEM ( )  RATIONAL_B_SPLINE_CURVE ( ( 1.000000000000000000, 0.8047378541245793215, 0.8047378541245793215, 1.000000000000000000 ) ) 
 REPRESENTATION_ITEM ( '' )  );
#3561 = PLANE ( 'NONE',  #8761 ) ;
#3562 = CARTESIAN_POINT ( 'NONE',  ( 0.000000000000000000, 18.00000000000299849, -10.00000000000000000 ) ) ;
#3563 = EDGE_LOOP ( 'NONE', ( #4270, #8763, #8664, #3176 ) ) ;
#3564 = ORIENTED_EDGE ( 'NONE', *, *, #1118, .T. ) ;
#3565 = CARTESIAN_POINT ( 'NONE',  ( 83.10788017663956850, 11.23999999999625032, -10.00000000000000000 ) ) ;
#3566 = VERTEX_POINT ( 'NONE', #1769 ) ;
#3567 = AXIS2_PLACEMENT_3D ( 'NONE', #6268, #9299, #850 ) ;
#3568 = LINE ( 'NONE', #4369, #9586 ) ;
#3569 = AXIS2_PLACEMENT_3D ( 'NONE', #8866, #6645, #2838 ) ;
#3570 = LINE ( 'NONE', #1147, #4311 ) ;
#3571 = EDGE_CURVE ( 'NONE', #4608, #6589, #3358, .T. ) ;
#3572 = FACE_OUTER_BOUND ( 'NONE', #3816, .T. ) ;
#3573 = ORIENTED_EDGE ( 'NONE', *, *, #5838, .F. ) ;
#3574 = EDGE_LOOP ( 'NONE', ( #2985, #31, #3045, #352 ) ) ;
#3575 = CARTESIAN_POINT ( 'NONE',  ( 15.39650865944806846, 18.00000000000299849, -10.00000000000000000 ) ) ;
#3576 = CARTESIAN_POINT ( 'NONE',  ( 119.0613232822733210, 17.99000000000300048, -10.00000000000000000 ) ) ;
#3577 = ADVANCED_FACE ( 'NONE', ( #1717 ), #866, .T. ) ;
#3578 = ORIENTED_EDGE ( 'NONE', *, *, #7915, .F. ) ;
#3579 = VECTOR ( 'NONE', #1893, 1000.000000000000000 ) ;
#3580 = FACE_OUTER_BOUND ( 'NONE', #4853, .T. ) ;
#3581 = CARTESIAN_POINT ( 'NONE',  ( 226.4361115666748390, 76.56036018431569801, -9.990000000000000213 ) ) ;
#3582 = EDGE_CURVE ( 'NONE', #6583, #7222, #2649, .T. ) ;
#3583 = CARTESIAN_POINT ( 'NONE',  ( 143.0867906235865803, 11.23999999999624855, -10.00000000000000000 ) ) ;
#3584 = ORIENTED_EDGE ( 'NONE', *, *, #5181, .T. ) ;
#3585 = AXIS2_PLACEMENT_3D ( 'NONE', #528, #6689, #479 ) ;
#3586 = EDGE_CURVE ( 'NONE', #16, #1879, #7787, .T. ) ;
#3587 = AXIS2_PLACEMENT_3D ( 'NONE', #2173, #2122, #8870 ) ;
#3588 = CARTESIAN_POINT ( 'NONE',  ( 102.7609902031709339, 44.57579905236563889, -9.990000000000000213 ) ) ;
#3589 = ORIENTED_EDGE ( 'NONE', *, *, #4381, .F. ) ;
#3590 = CARTESIAN_POINT ( 'NONE',  ( 73.69084505390857487, 11.24999999999625189, -0.004142135623730744919 ) ) ;
#3591 = ADVANCED_FACE ( 'NONE', ( #275 ), #175, .T. ) ;
#3592 = LINE ( 'NONE', #1305, #9800 ) ;
#3593 = EDGE_LOOP ( 'NONE', ( #3995, #4760, #2200, #207 ) ) ;
#3594 = CARTESIAN_POINT ( 'NONE',  ( 152.5038257463176024, 11.24999999999624833, -10.00000000000000000 ) ) ;
#3595 = VERTEX_POINT ( 'NONE', #3133 ) ;
#3596 = AXIS2_PLACEMENT_3D ( 'NONE', #8631, #2680, #2634 ) ;
#3597 = ADVANCED_FACE ( 'NONE', ( #9270 ), #964, .F. ) ;
#3598 = DIRECTION ( 'NONE',  ( -0.9681476403781390516, 0.2503800040543205374, 0.000000000000000000 ) ) ;
#3599 = CARTESIAN_POINT ( 'NONE',  ( 173.1153007037868576, 18.02289619996245307, -0.009999999999999592548 ) ) ;
#3600 = CARTESIAN_POINT ( 'NONE',  ( 282.9972739408158304, 0.009999999999999592548, 0.000000000000000000 ) ) ;
#3601 = ORIENTED_EDGE ( 'NONE', *, *, #4376, .F. ) ;
#3602 = ORIENTED_EDGE ( 'NONE', *, *, #3722, .T. ) ;
#3603 = CARTESIAN_POINT ( 'NONE',  ( 69.42970007470657379, 17.99585786437926416, 2.867754207968261659E-15 ) ) ;
#3604 = ORIENTED_EDGE ( 'NONE', *, *, #8160, .T. ) ;
#3605 = CARTESIAN_POINT ( 'NONE',  ( 154.2572372680000115, 17.99000000000300048, -10.00000000000000000 ) ) ;
#3606 = DIRECTION ( 'NONE',  ( 0.9681476403782230955, -0.2503800040539953531, 0.000000000000000000 ) ) ;
#3607 = FACE_OUTER_BOUND ( 'NONE', #3563, .T. ) ;
#3608 = DIRECTION ( 'NONE',  ( 1.000000000000000000, -0.000000000000000000, 0.000000000000000000 ) ) ;
#3609 = CYLINDRICAL_SURFACE ( 'NONE', #2536, 0.009999999999999592548 ) ;
#3610 = EDGE_CURVE ( 'NONE', #3867, #3900, #9323, .T. ) ;
#3611 = LINE ( 'NONE', #1184, #6229 ) ;
#3612 = CARTESIAN_POINT ( 'NONE',  ( 77.10560214624221942, 11.24999999999624833, -0.009999999999999592548 ) ) ;
#3613 = CARTESIAN_POINT ( 'NONE',  ( 196.2129584040310704, 11.24999999999624833, -9.990000000000000213 ) ) ;
#3614 = EDGE_LOOP ( 'NONE', ( #2996, #3637, #5294, #5388 ) ) ;
#3615 = ORIENTED_EDGE ( 'NONE', *, *, #5235, .T. ) ;
#3616 = CARTESIAN_POINT ( 'NONE',  ( 67.42524124216981818, 35.43735301466561793, -0.01000000000000000021 ) ) ;
#3617 = ORIENTED_EDGE ( 'NONE', *, *, #53, .F. ) ;
#3618 = DIRECTION ( 'NONE',  ( 0.000000000000000000, 0.000000000000000000, 1.000000000000000000 ) ) ;
#3619 = CARTESIAN_POINT ( 'NONE',  ( 144.8279236747819425, 17.99585786437926060, 8.075785761232440744E-15 ) ) ;
#3620 = EDGE_CURVE ( 'NONE', #9220, #5068, #1618, .T. ) ;
#3621 = DIRECTION ( 'NONE',  ( 0.000000000000000000, 0.000000000000000000, -1.000000000000000000 ) ) ;
#3622 = CARTESIAN_POINT ( 'NONE',  ( 60.00171494062733046, 18.00000000000299849, -0.009999999999999592548 ) ) ;
#3623 = ORIENTED_EDGE ( 'NONE', *, *, #3332, .T. ) ;
#3624 = ORIENTED_EDGE ( 'NONE', *, *, #3258, .T. ) ;
#3625 = CARTESIAN_POINT ( 'NONE',  ( 144.8312853773547886, 18.02540000000299969, -10.00000000000000000 ) ) ;
#3626 = CYLINDRICAL_SURFACE ( 'NONE', #3744, 0.01000000000000000021 ) ;
#3627 = EDGE_LOOP ( 'NONE', ( #6920, #8177, #1421, #5653 ) ) ;
#3628 = DIRECTION ( 'NONE',  ( 0.2503800040544349459, 0.9681476403781095197, 0.000000000000000000 ) ) ;
#3629 =( BOUNDED_CURVE ( )  B_SPLINE_CURVE ( 3, ( #6285, #1711, #958, #8618 ),
 .UNSPECIFIED., .F., .F. ) 
 B_SPLINE_CURVE_WITH_KNOTS ( ( 4, 4 ),
 ( 3.141592653589793116, 4.712388980383780179 ),
 .UNSPECIFIED. ) 
 CURVE ( )  GEOMETRIC_REPRESENTATION_ITEM ( )  RATIONAL_B_SPLINE_CURVE ( ( 1.000000000000000000, 0.8047378541245793215, 0.8047378541245793215, 1.000000000000000000 ) ) 
 REPRESENTATION_ITEM ( '' )  );
#3630 = CARTESIAN_POINT ( 'NONE',  ( 90.78698943224505058, 17.99000000000300048, 0.000000000000000000 ) ) ;
#3631 = DIRECTION ( 'NONE',  ( -1.000000000000000000, 0.000000000000000000, 0.000000000000000000 ) ) ;
#3632 = EDGE_LOOP ( 'NONE', ( #1139, #8326, #6320, #6526 ) ) ;
#3633 = EDGE_CURVE ( 'NONE', #4860, #2341, #3685, .T. ) ;
#3634 = AXIS2_PLACEMENT_3D ( 'NONE', #3385, #4198, #5089 ) ;
#3635 = CARTESIAN_POINT ( 'NONE',  ( 62.52039840949517924, 18.00000000000299849, -10.00000000000000000 ) ) ;
#3636 = ORIENTED_EDGE ( 'NONE', *, *, #579, .T. ) ;
#3637 = ORIENTED_EDGE ( 'NONE', *, *, #6883, .F. ) ;
#3638 = CARTESIAN_POINT ( 'NONE',  ( 210.8047310274207575, 18.02540000000299969, -10.00000000000000000 ) ) ;
#3639 = ORIENTED_EDGE ( 'NONE', *, *, #9622, .T. ) ;
#3640 = VECTOR ( 'NONE', #6954, 1000.000000000000000 ) ;
#3641 = ADVANCED_FACE ( 'NONE', ( #7093 ), #9216, .T. ) ;
#3642 = DIRECTION ( 'NONE',  ( 0.000000000000000000, 0.000000000000000000, -1.000000000000000000 ) ) ;
#3643 = CYLINDRICAL_SURFACE ( 'NONE', #1413, 0.01000000000000000021 ) ;
#3644 = EDGE_CURVE ( 'NONE', #4668, #519, #8531, .T. ) ;
#3645 = LINE ( 'NONE', #6001, #6553 ) ;
#3646 = CARTESIAN_POINT ( 'NONE',  ( 283.4972739408157736, 0.2129646455628166624, -0.2071067811865475727 ) ) ;
#3647 = VERTEX_POINT ( 'NONE', #7684 ) ;
#3648 = ORIENTED_EDGE ( 'NONE', *, *, #1635, .F. ) ;
#3649 = EDGE_CURVE ( 'NONE', #1257, #3690, #8625, .T. ) ;
#3650 = CARTESIAN_POINT ( 'NONE',  ( 69.42649289063673734, 18.00000000000299138, -0.004142135623728526207 ) ) ;
#3651 = ORIENTED_EDGE ( 'NONE', *, *, #3955, .T. ) ;
#3652 = CARTESIAN_POINT ( 'NONE',  ( 5.968523525368810034, 17.99585786437927126, -3.586907429118599676E-19 ) ) ;
#3653 = DIRECTION ( 'NONE',  ( 0.000000000000000000, 0.000000000000000000, -1.000000000000000000 ) ) ;
#3654 = FACE_OUTER_BOUND ( 'NONE', #6917, .T. ) ;
#3655 = DIRECTION ( 'NONE',  ( 0.000000000000000000, 0.000000000000000000, -1.000000000000000000 ) ) ;
#3656 = DIRECTION ( 'NONE',  ( -1.000000000000000000, 0.000000000000000000, 0.000000000000000000 ) ) ;
#3657 = EDGE_CURVE ( 'NONE', #6006, #4940, #4740, .T. ) ;
#3658 = LINE ( 'NONE', #1134, #1569 ) ;
#3659 = CARTESIAN_POINT ( 'NONE',  ( 86.53038009625164761, 11.24999999999624833, -10.00000000000000000 ) ) ;
#3660 = CARTESIAN_POINT ( 'NONE',  ( 232.1586586823863456, 17.99000000000300048, 0.000000000000000000 ) ) ;
#3661 = ORIENTED_EDGE ( 'NONE', *, *, #5367, .F. ) ;
#3662 = VERTEX_POINT ( 'NONE', #9467 ) ;
#3663 =( BOUNDED_CURVE ( )  B_SPLINE_CURVE ( 3, ( #620, #7588, #8286, #3085 ),
 .UNSPECIFIED., .F., .F. ) 
 B_SPLINE_CURVE_WITH_KNOTS ( ( 4, 4 ),
 ( 3.141592653589793116, 4.712388980384689674 ),
 .UNSPECIFIED. ) 
 CURVE ( )  GEOMETRIC_REPRESENTATION_ITEM ( )  RATIONAL_B_SPLINE_CURVE ( ( 1.000000000000000000, 0.8047378541243649375, 0.8047378541243649375, 1.000000000000000000 ) ) 
 REPRESENTATION_ITEM ( '' )  );
#3664 = CARTESIAN_POINT ( 'NONE',  ( 29.98171239619510686, 11.24999999999624656, -9.995857864376270996 ) ) ;
#3665 = ORIENTED_EDGE ( 'NONE', *, *, #7301, .T. ) ;
#3666 = CARTESIAN_POINT ( 'NONE',  ( 111.3899568539462592, 11.24999999999624833, -0.009999999999999592548 ) ) ;
#3667 = CARTESIAN_POINT ( 'NONE',  ( 24.82128660945749132, 18.00000000000299849, -0.009999999999999592548 ) ) ;
#3668 = AXIS2_PLACEMENT_3D ( 'NONE', #3670, #6720, #2917 ) ;
#3669 = CARTESIAN_POINT ( 'NONE',  ( 101.9574360766584249, 11.23999999999624855, 0.000000000000000000 ) ) ;
#3670 = CARTESIAN_POINT ( 'NONE',  ( 0.000000000000000000, 17.99000000000300048, -9.990000000000000213 ) ) ;
#3671 = VECTOR ( 'NONE', #6854, 1000.000000000000000 ) ;
#3672 = LINE ( 'NONE', #8945, #7216 ) ;
#3673 = EDGE_LOOP ( 'NONE', ( #1069, #8938, #589, #2728 ) ) ;
#3674 = ORIENTED_EDGE ( 'NONE', *, *, #848, .T. ) ;
#3675 = AXIS2_PLACEMENT_3D ( 'NONE', #3211, #3411, #6468 ) ;
#3676 = DIRECTION ( 'NONE',  ( -1.000000000000000000, 0.000000000000000000, 0.000000000000000000 ) ) ;
#3677 = LINE ( 'NONE', #7514, #1155 ) ;
#3678 = VERTEX_POINT ( 'NONE', #6485 ) ;
#3679 = EDGE_CURVE ( 'NONE', #1365, #3384, #4705, .T. ) ;
#3680 =( BOUNDED_CURVE ( )  B_SPLINE_CURVE ( 3, ( #2303, #7016, #3817, #7707 ),
 .UNSPECIFIED., .F., .F. ) 
 B_SPLINE_CURVE_WITH_KNOTS ( ( 4, 4 ),
 ( 0.000000000000000000, 1.570796326794137387 ),
 .UNSPECIFIED. ) 
 CURVE ( )  GEOMETRIC_REPRESENTATION_ITEM ( )  RATIONAL_B_SPLINE_CURVE ( ( 1.000000000000000000, 0.8047378541245439054, 0.8047378541245439054, 1.000000000000000000 ) ) 
 REPRESENTATION_ITEM ( '' )  );
#3681 = CARTESIAN_POINT ( 'NONE',  ( 29.98171239619509976, 11.24999999999624833, -9.990000000000000213 ) ) ;
#3682 = VECTOR ( 'NONE', #1671, 1000.000000000000000 ) ;
#3683 = CARTESIAN_POINT ( 'NONE',  ( 12.87782519058020547, 18.00000000000299849, -0.009999999999999592548 ) ) ;
#3684 = AXIS2_PLACEMENT_3D ( 'NONE', #6597, #7727, #571 ) ;
#3685 =( BOUNDED_CURVE ( )  B_SPLINE_CURVE ( 3, ( #6186, #2420, #4844, #123 ),
 .UNSPECIFIED., .F., .T. ) 
 B_SPLINE_CURVE_WITH_KNOTS ( ( 4, 4 ),
 ( 3.141592653589813544, 4.712388980384689674 ),
 .UNSPECIFIED. ) 
 CURVE ( )  GEOMETRIC_REPRESENTATION_ITEM ( )  RATIONAL_B_SPLINE_CURVE ( ( 1.000000000000000000, 0.8047378541243698225, 0.8047378541243698225, 1.000000000000000000 ) ) 
 REPRESENTATION_ITEM ( '' )  );
#3686 = LINE ( 'NONE', #2929, #1899 ) ;
#3687 = ORIENTED_EDGE ( 'NONE', *, *, #6682, .F. ) ;
#3688 = CARTESIAN_POINT ( 'NONE',  ( 54.83354632661129813, 11.23999999999625032, 0.000000000000000000 ) ) ;
#3689 = AXIS2_PLACEMENT_3D ( 'NONE', #6653, #632, #5255 ) ;
#3690 = VERTEX_POINT ( 'NONE', #4140 ) ;
#3691 = AXIS2_PLACEMENT_3D ( 'NONE', #2773, #1057, #8723 ) ;
#3692 = FACE_OUTER_BOUND ( 'NONE', #8378, .T. ) ;
#3693 = ORIENTED_EDGE ( 'NONE', *, *, #7981, .T. ) ;
#3694 = CARTESIAN_POINT ( 'NONE',  ( 199.6277154963647718, 11.24999999999624833, -0.004142135623730543691 ) ) ;
#3695 = ORIENTED_EDGE ( 'NONE', *, *, #6762, .T. ) ;
#3696 = LINE ( 'NONE', #8187, #5448 ) ;
#3697 = CARTESIAN_POINT ( 'NONE',  ( 283.4433873497861214, 0.2442264952286461732, -0.2390066277837642472 ) ) ;
#3698 = EDGE_CURVE ( 'NONE', #7983, #6419, #8724, .T. ) ;
#3699 = CARTESIAN_POINT ( 'NONE',  ( 215.0625143040499267, 11.24999999999624833, -9.990000000000000213 ) ) ;
#3700 = ORIENTED_EDGE ( 'NONE', *, *, #441, .F. ) ;
#3701 = ORIENTED_EDGE ( 'NONE', *, *, #6948, .F. ) ;
#3702 = CARTESIAN_POINT ( 'NONE',  ( 125.9751605906933065, 18.00000000000299849, -10.00000000000000000 ) ) ;
#3703 = VERTEX_POINT ( 'NONE', #8852 ) ;
#3704 = DIRECTION ( 'NONE',  ( 0.2503800040544349459, -0.9681476403781095197, 0.000000000000000000 ) ) ;
#3705 = EDGE_CURVE ( 'NONE', #5863, #2595, #2727, .T. ) ;
#3706 = LINE ( 'NONE', #8143, #9750 ) ;
#3707 = ORIENTED_EDGE ( 'NONE', *, *, #6896, .F. ) ;
#3708 = CARTESIAN_POINT ( 'NONE',  ( 182.2664253654234017, 65.13730263719067182, -9.990000000000000213 ) ) ;
#3709 = FACE_OUTER_BOUND ( 'NONE', #9855, .T. ) ;
#3710 = CARTESIAN_POINT ( 'NONE',  ( 88.27604879065559373, 18.00000000000299138, -0.004142135623728526207 ) ) ;
#3711 = EDGE_CURVE ( 'NONE', #5215, #8709, #4193, .T. ) ;
#3712 = CARTESIAN_POINT ( 'NONE',  ( 92.54040095392741705, 11.24999999999624833, -0.009999999999999592548 ) ) ;
#3713 = VECTOR ( 'NONE', #5674, 1000.000000000000000 ) ;
#3714 = CARTESIAN_POINT ( 'NONE',  ( 39.40649034620452085, 11.24999999999624833, -10.00000000000000000 ) ) ;
#3715 = ADVANCED_FACE ( 'NONE', ( #7276 ), #6581, .F. ) ;
#3716 = PLANE ( 'NONE',  #1816 ) ;
#3717 = DIRECTION ( 'NONE',  ( 0.000000000000000000, 0.000000000000000000, -1.000000000000000000 ) ) ;
#3718 = ORIENTED_EDGE ( 'NONE', *, *, #2515, .F. ) ;
#3719 = ORIENTED_EDGE ( 'NONE', *, *, #7214, .T. ) ;
#3720 = DIRECTION ( 'NONE',  ( 1.000000000000000000, -0.000000000000000000, 0.000000000000000000 ) ) ;
#3721 = DIRECTION ( 'NONE',  ( 0.000000000000000000, 0.000000000000000000, -1.000000000000000000 ) ) ;
#3722 = EDGE_CURVE ( 'NONE', #5115, #996, #7226, .T. ) ;
#3723 = DIRECTION ( 'NONE',  ( -0.2503800040544349459, -0.9681476403781095197, -0.000000000000000000 ) ) ;
#3724 = VECTOR ( 'NONE', #1920, 1000.000000000000000 ) ;
#3725 = FACE_OUTER_BOUND ( 'NONE', #4831, .T. ) ;
#3726 = ADVANCED_FACE ( 'NONE', ( #2005 ), #9419, .T. ) ;
#3727 = CARTESIAN_POINT ( 'NONE',  ( 97.70739562730766181, 18.02540000000299969, -0.009999999999999592548 ) ) ;
#3728 = EDGE_CURVE ( 'NONE', #9818, #9248, #6034, .T. ) ;
#3729 = VECTOR ( 'NONE', #4615, 1000.000000000000000 ) ;
#3730 = DIRECTION ( 'NONE',  ( 0.2503800040544349459, -0.9681476403781095197, -0.000000000000000000 ) ) ;
#3731 = VERTEX_POINT ( 'NONE', #5041 ) ;
#3732 = EDGE_LOOP ( 'NONE', ( #304, #2226, #7025, #4497 ) ) ;
#3733 = CARTESIAN_POINT ( 'NONE',  ( 29.98171239619509976, 11.24999999999624833, -0.004142135623730543691 ) ) ;
#3734 = CARTESIAN_POINT ( 'NONE',  ( 107.1256046906744501, 17.99000000000300048, 0.000000000000000000 ) ) ;
#3735 = VERTEX_POINT ( 'NONE', #320 ) ;
#3736 = CARTESIAN_POINT ( 'NONE',  ( 233.9088630199988756, 11.24585786437251933, -10.00000000000000000 ) ) ;
#3737 = AXIS2_PLACEMENT_3D ( 'NONE', #5983, #6127, #9006 ) ;
#3738 = CARTESIAN_POINT ( 'NONE',  ( 175.6145266255383603, 17.99585786437928192, -9.999999999999996447 ) ) ;
#3739 = CARTESIAN_POINT ( 'NONE',  ( 218.4772713963835713, 11.24999999999624833, -0.009999999999999592548 ) ) ;
#3740 = VERTEX_POINT ( 'NONE', #3435 ) ;
#3741 = EDGE_CURVE ( 'NONE', #5026, #7290, #4241, .T. ) ;
#3742 = AXIS2_PLACEMENT_3D ( 'NONE', #957, #7780, #4734 ) ;
#3743 = CARTESIAN_POINT ( 'NONE',  ( 0.000000000000000000, 18.00000000000299849, -10.00000000000000000 ) ) ;
#3744 = AXIS2_PLACEMENT_3D ( 'NONE', #6673, #2870, #9695 ) ;
#3745 = ORIENTED_EDGE ( 'NONE', *, *, #3017, .F. ) ;
#3746 = PLANE ( 'NONE',  #6348 ) ;
#3747 = ORIENTED_EDGE ( 'NONE', *, *, #4330, .F. ) ;
#3748 = DIRECTION ( 'NONE',  ( 0.2503800040544349459, -0.9681476403781095197, 0.000000000000000000 ) ) ;
#3749 = ORIENTED_EDGE ( 'NONE', *, *, #6352, .T. ) ;
#3750 = AXIS2_PLACEMENT_3D ( 'NONE', #7950, #928, #5512 ) ;
#3751 = VECTOR ( 'NONE', #6751, 1000.000000000000000 ) ;
#3752 = CARTESIAN_POINT ( 'NONE',  ( 190.2029375463553151, 11.24999999999624833, -10.00000000000000000 ) ) ;
#3753 = CARTESIAN_POINT ( 'NONE',  ( 15.39650865944806846, 18.00000000000299849, -0.009999999999999592548 ) ) ;
#3754 = FACE_OUTER_BOUND ( 'NONE', #58, .T. ) ;
#3755 = ORIENTED_EDGE ( 'NONE', *, *, #2398, .F. ) ;
#3756 = ORIENTED_EDGE ( 'NONE', *, *, #5304, .F. ) ;
#3757 = LINE ( 'NONE', #2995, #8689 ) ;
#3758 = VERTEX_POINT ( 'NONE', #5743 ) ;
#3759 = DIRECTION ( 'NONE',  ( 0.000000000000000000, 0.000000000000000000, -1.000000000000000000 ) ) ;
#3760 = AXIS2_PLACEMENT_3D ( 'NONE', #8408, #7182, #6111 ) ;
#3761 = VERTEX_POINT ( 'NONE', #417 ) ;
#3762 = LINE ( 'NONE', #9830, #4970 ) ;
#3763 = CARTESIAN_POINT ( 'NONE',  ( 154.2494944407215485, 18.00000000000299849, -9.990000000000000213 ) ) ;
#3764 = ADVANCED_FACE ( 'NONE', ( #3382 ), #8762, .T. ) ;
#3765 = LINE ( 'NONE', #8359, #1895 ) ;
#3766 = CARTESIAN_POINT ( 'NONE',  ( 43.66309968219792381, 17.99000000000300048, -10.00000000000000000 ) ) ;
#3767 = ADVANCED_FACE ( 'NONE', ( #1250 ), #5084, .F. ) ;
#3768 = FACE_OUTER_BOUND ( 'NONE', #5347, .T. ) ;
#3769 = FACE_OUTER_BOUND ( 'NONE', #95, .T. ) ;
#3770 = CARTESIAN_POINT ( 'NONE',  ( 0.000000000000000000, 17.99000000000300048, -0.01000000000000000021 ) ) ;
#3771 = ORIENTED_EDGE ( 'NONE', *, *, #3679, .F. ) ;
#3772 = ORIENTED_EDGE ( 'NONE', *, *, #1786, .F. ) ;
#3773 = CARTESIAN_POINT ( 'NONE',  ( 48.83126829621394904, 11.24999999999624833, -10.00000000000000000 ) ) ;
#3774 = VERTEX_POINT ( 'NONE', #4287 ) ;
#3775 = DIRECTION ( 'NONE',  ( -1.000000000000000000, -0.000000000000000000, -0.000000000000000000 ) ) ;
#3776 = DIRECTION ( 'NONE',  ( 0.2503800040544349459, -0.9681476403781095197, -0.000000000000000000 ) ) ;
#3777 = CARTESIAN_POINT ( 'NONE',  ( 0.000000000000000000, 11.23999999999625032, -9.990000000000000213 ) ) ;
#3778 = EDGE_CURVE ( 'NONE', #6347, #1835, #7052, .T. ) ;
#3779 = DIRECTION ( 'NONE',  ( 0.000000000000000000, 0.000000000000000000, 1.000000000000000000 ) ) ;
#3780 = DIRECTION ( 'NONE',  ( -1.000000000000000000, 0.000000000000000000, 0.000000000000000000 ) ) ;
#3781 = ORIENTED_EDGE ( 'NONE', *, *, #8030, .F. ) ;
#3782 = ORIENTED_EDGE ( 'NONE', *, *, #3517, .T. ) ;
#3783 = CARTESIAN_POINT ( 'NONE',  ( 29.98491958026493975, 11.24585786437251755, 4.071938083478370545E-16 ) ) ;
#3784 = DIRECTION ( 'NONE',  ( 1.000000000000000000, -0.000000000000000000, 0.000000000000000000 ) ) ;
#3785 = EDGE_CURVE ( 'NONE', #6777, #6437, #8123, .T. ) ;
#3786 = VERTEX_POINT ( 'NONE', #714 ) ;
#3787 = CARTESIAN_POINT ( 'NONE',  ( 217.6021743264245458, 74.27574867489069277, -9.990000000000000213 ) ) ;
#3788 = CARTESIAN_POINT ( 'NONE',  ( 53.08787763220733069, 17.99000000000300048, -10.00000000000000000 ) ) ;
#3789 = CARTESIAN_POINT ( 'NONE',  ( 48.83126829621394904, 11.24999999999624833, -0.009999999999999592548 ) ) ;
#3790 = EDGE_CURVE ( 'NONE', #2638, #9007, #4384, .T. ) ;
#3791 = ORIENTED_EDGE ( 'NONE', *, *, #4941, .F. ) ;
#3792 = CARTESIAN_POINT ( 'NONE',  ( 246.7548124304816497, 11.24585786437251755, 4.071938083478370545E-16 ) ) ;
#3793 = EDGE_LOOP ( 'NONE', ( #5879, #5038, #7461, #8450 ) ) ;
#3794 = DIRECTION ( 'NONE',  ( 0.000000000000000000, 0.000000000000000000, -1.000000000000000000 ) ) ;
#3795 = EDGE_LOOP ( 'NONE', ( #8853, #2920, #5111, #5939 ) ) ;
#3796 = CARTESIAN_POINT ( 'NONE',  ( 109.6377192728996732, 18.02540000000299969, -0.009999999999999592548 ) ) ;
#3797 = LINE ( 'NONE', #9767, #6872 ) ;
#3798 = ORIENTED_EDGE ( 'NONE', *, *, #9596, .F. ) ;
#3799 = ORIENTED_EDGE ( 'NONE', *, *, #7685, .T. ) ;
#3800 = DIRECTION ( 'NONE',  ( -0.2503800040544349459, 0.9681476403781095197, -0.000000000000000000 ) ) ;
#3801 = VERTEX_POINT ( 'NONE', #7418 ) ;
#3802 = DIRECTION ( 'NONE',  ( 1.000000000000000000, 0.000000000000000000, 0.000000000000000000 ) ) ;
#3803 = CARTESIAN_POINT ( 'NONE',  ( 120.8069919766772813, 11.23999999999625032, -10.00000000000000000 ) ) ;
#3804 = VERTEX_POINT ( 'NONE', #5233 ) ;
#3805 = CARTESIAN_POINT ( 'NONE',  ( 56.24988012133412241, 3.452791882715558813, -9.990000000000000213 ) ) ;
#3806 = EDGE_CURVE ( 'NONE', #1280, #952, #3686, .T. ) ;
#3807 = PLANE ( 'NONE',  #3178 ) ;
#3808 = CARTESIAN_POINT ( 'NONE',  ( 22.30260314058962834, 18.00000000000299849, -9.990000000000000213 ) ) ;
#3809 = CARTESIAN_POINT ( 'NONE',  ( 24.81807942538765133, 17.99585786437927126, -10.00000000000000000 ) ) ;
#3810 = LINE ( 'NONE', #9885, #773 ) ;
#3811 = CARTESIAN_POINT ( 'NONE',  ( 224.4872922540593549, 11.24999999999624833, -10.00000000000000000 ) ) ;
#3812 = CARTESIAN_POINT ( 'NONE',  ( 69.42970007470657379, 17.99585786437927126, -10.00000000000000355 ) ) ;
#3813 = ORIENTED_EDGE ( 'NONE', *, *, #5052, .T. ) ;
#3814 = VERTEX_POINT ( 'NONE', #3739 ) ;
#3815 = LINE ( 'NONE', #6862, #536 ) ;
#3816 = EDGE_LOOP ( 'NONE', ( #4594, #1726, #6619, #5096 ) ) ;
#3817 = CARTESIAN_POINT ( 'NONE',  ( 158.5106394199235353, 11.24585786437252466, -4.242494569798681122E-15 ) ) ;
#3818 = DIRECTION ( 'NONE',  ( -1.000000000000000000, 0.000000000000000000, 0.000000000000000000 ) ) ;
#3819 = CARTESIAN_POINT ( 'NONE',  ( 20.55693444618567156, 11.23999999999625032, -0.009999999999999592548 ) ) ;
#3820 = DIRECTION ( 'NONE',  ( -1.000000000000000000, 0.000000000000000000, 0.000000000000000000 ) ) ;
#3821 = CARTESIAN_POINT ( 'NONE',  ( 31.72738109059905653, 17.99000000000300048, 0.000000000000000000 ) ) ;
#3822 = VERTEX_POINT ( 'NONE', #6084 ) ;
#3823 = ORIENTED_EDGE ( 'NONE', *, *, #327, .F. ) ;
#3824 = EDGE_CURVE ( 'NONE', #3801, #1912, #558, .T. ) ;
#3825 = EDGE_CURVE ( 'NONE', #4531, #9683, #2107, .T. ) ;
#3826 = CARTESIAN_POINT ( 'NONE',  ( 76.25917848242009711, 37.72196452409063028, -9.990000000000000213 ) ) ;
#3827 = LINE ( 'NONE', #2258, #2771 ) ;
#3828 =( BOUNDED_SURFACE ( )  B_SPLINE_SURFACE ( 3, 2, ( 
 ( #4494, #4441, #4681 ),
 ( #7532, #7035, #2943 ),
 ( #3697, #168, #9713 ),
 ( #1314, #9210, #2362 ),
 ( #7432, #115, #9821 ),
 ( #5200, #2888, #6231 ) ),
 .UNSPECIFIED., .F., .F., .T. ) 
 B_SPLINE_SURFACE_WITH_KNOTS ( ( 4, 2, 4 ),
 ( 3, 3 ),
 ( 4.712388980384689674, 5.497787143782137953, 6.283185307179586232 ),
 ( 0.000000000000000000, 1.000000000000000000 ),
 .UNSPECIFIED. ) 
 GEOMETRIC_REPRESENTATION_ITEM ( )  RATIONAL_B_SPLINE_SURFACE ( (
 ( 1.000000000000000000, 1.000000000000000000, 1.000000000000000000),
 ( 1.000000000000000000, 1.002675577709543298, 1.000000000000000000),
 ( 1.000000000000000000, 0.9416002490600600128, 1.000000000000000000),
 ( 1.000000000000000000, 0.7904505585099094178, 1.000000000000000000),
 ( 1.000000000000000000, 0.7046748397642542683, 1.000000000000000000),
 ( 1.000000000000000000, 0.7071067811865475727, 1.000000000000000000) ) ) 
 REPRESENTATION_ITEM ( '' )  SURFACE ( )  );
#3829 = AXIS2_PLACEMENT_3D ( 'NONE', #9865, #3034, #6091 ) ;
#3830 = ORIENTED_EDGE ( 'NONE', *, *, #8111, .F. ) ;
#3831 = EDGE_CURVE ( 'NONE', #7227, #2217, #4579, .T. ) ;
#3832 = CARTESIAN_POINT ( 'NONE',  ( 137.9186220095705835, 18.00000000000299849, -9.990000000000000213 ) ) ;
#3833 = FACE_OUTER_BOUND ( 'NONE', #1738, .T. ) ;
#3834 = VECTOR ( 'NONE', #8061, 1000.000000000000000 ) ;
#3835 = EDGE_CURVE ( 'NONE', #4659, #5683, #8070, .T. ) ;
#3836 = FACE_OUTER_BOUND ( 'NONE', #9205, .T. ) ;
#3837 = ORIENTED_EDGE ( 'NONE', *, *, #5482, .T. ) ;
#3838 = CARTESIAN_POINT ( 'NONE',  ( 246.7516052464118559, 11.24999999999624833, -0.009999999999999592548 ) ) ;
#3839 = EDGE_LOOP ( 'NONE', ( #3266, #2213, #9002, #5807 ) ) ;
#3840 = VECTOR ( 'NONE', #7194, 1000.000000000000000 ) ;
#3841 = EDGE_CURVE ( 'NONE', #8127, #643, #203, .T. ) ;
#3842 = VECTOR ( 'NONE', #2168, 1000.000000000000000 ) ;
#3843 = ORIENTED_EDGE ( 'NONE', *, *, #5240, .F. ) ;
#3844 = LINE ( 'NONE', #4739, #1888 ) ;
#3845 = LINE ( 'NONE', #768, #6544 ) ;
#3846 = ADVANCED_FACE ( 'NONE', ( #9812 ), #6731, .T. ) ;
#3847 = VECTOR ( 'NONE', #1130, 1000.000000000000000 ) ;
#3848 = VECTOR ( 'NONE', #7785, 1000.000000000000000 ) ;
#3849 = EDGE_CURVE ( 'NONE', #243, #5224, #1203, .T. ) ;
#3850 = EDGE_LOOP ( 'NONE', ( #9494, #7191, #3138, #7039 ) ) ;
#3851 = ORIENTED_EDGE ( 'NONE', *, *, #712, .F. ) ;
#3852 = EDGE_LOOP ( 'NONE', ( #600, #1231, #5952, #741 ) ) ;
#3853 = LINE ( 'NONE', #1471, #6189 ) ;
#3854 =( BOUNDED_CURVE ( )  B_SPLINE_CURVE ( 3, ( #6170, #9200, #8461, #298 ),
 .UNSPECIFIED., .F., .F. ) 
 B_SPLINE_CURVE_WITH_KNOTS ( ( 4, 4 ),
 ( 3.141592653589813544, 4.712388980385144421 ),
 .UNSPECIFIED. ) 
 CURVE ( )  GEOMETRIC_REPRESENTATION_ITEM ( )  RATIONAL_B_SPLINE_CURVE ( ( 1.000000000000000000, 0.8047378541242626859, 0.8047378541242626859, 1.000000000000000000 ) ) 
 REPRESENTATION_ITEM ( '' )  );
#3855 = CARTESIAN_POINT ( 'NONE',  ( 81.36221148223562238, 17.99000000000300048, 0.000000000000000000 ) ) ;
#3856 = VERTEX_POINT ( 'NONE', #5186 ) ;
#3857 = LINE ( 'NONE', #238, #478 ) ;
#3858 = VECTOR ( 'NONE', #856, 1000.000000000000000 ) ;
#3859 = CARTESIAN_POINT ( 'NONE',  ( 243.3271666776743984, 11.24749619995567329, -10.00000000000000000 ) ) ;
#3860 = CARTESIAN_POINT ( 'NONE',  ( 0.000000000000000000, 18.00000000000299849, -9.990000000000000213 ) ) ;
#3861 = FACE_OUTER_BOUND ( 'NONE', #2544, .T. ) ;
#3862 = CARTESIAN_POINT ( 'NONE',  ( 77.11334497352061135, 11.23999999999624855, -10.00000000000000000 ) ) ;
#3863 = VECTOR ( 'NONE', #52, 1000.000000000000000 ) ;
#3864 = SURFACE_STYLE_USAGE ( .BOTH. , #1532 ) ;
#3865 = CARTESIAN_POINT ( 'NONE',  ( 283.4972739408158304, 0.5000000000000000000, -0.5000000000000000000 ) ) ;
#3866 = EDGE_CURVE ( 'NONE', #1833, #1718, #9550, .T. ) ;
#3867 = VERTEX_POINT ( 'NONE', #7520 ) ;
#3868 = ORIENTED_EDGE ( 'NONE', *, *, #1977, .F. ) ;
#3869 = ORIENTED_EDGE ( 'NONE', *, *, #7848, .F. ) ;
#3870 = DIRECTION ( 'NONE',  ( -1.000000000000000000, 0.000000000000000000, 0.000000000000000000 ) ) ;
#3871 = CARTESIAN_POINT ( 'NONE',  ( 222.7384163755854729, 17.99585786437928903, -9.999999999999985789 ) ) ;
#3872 = DIRECTION ( 'NONE',  ( -0.000000000000000000, -0.000000000000000000, -1.000000000000000000 ) ) ;
#3873 = DIRECTION ( 'NONE',  ( 0.000000000000000000, 0.000000000000000000, 1.000000000000000000 ) ) ;
#3874 = AXIS2_PLACEMENT_3D ( 'NONE', #7295, #437, #4216 ) ;
#3875 = CARTESIAN_POINT ( 'NONE',  ( 31.73058827466889298, 17.99585786437927126, -10.00000000000000000 ) ) ;
#3876 = DIRECTION ( 'NONE',  ( -0.9681476403780548967, -0.2503800040546457217, 0.000000000000000000 ) ) ;
#3877 = VERTEX_POINT ( 'NONE', #3583 ) ;
#3878 = ORIENTED_EDGE ( 'NONE', *, *, #2774, .T. ) ;
#3879 = DIRECTION ( 'NONE',  ( 0.000000000000000000, 0.000000000000000000, -1.000000000000000000 ) ) ;
#3880 = CARTESIAN_POINT ( 'NONE',  ( 185.0425117596176960, 18.00000000000299849, -0.009999999999999592548 ) ) ;
#3881 = VECTOR ( 'NONE', #1193, 1000.000000000000000 ) ;
#3882 = ORIENTED_EDGE ( 'NONE', *, *, #819, .T. ) ;
#3883 = CARTESIAN_POINT ( 'NONE',  ( 64.26606710389913246, 11.24999999999624833, -0.009999999999999592548 ) ) ;
#3884 = ADVANCED_FACE ( 'NONE', ( #5284 ), #2205, .T. ) ;
#3885 = CARTESIAN_POINT ( 'NONE',  ( 0.000000000000000000, 17.99000000000300048, -10.00000000000000000 ) ) ;
#3886 = VECTOR ( 'NONE', #9348, 1000.000000000000000 ) ;
#3887 = DIRECTION ( 'NONE',  ( -1.000000000000000000, -0.000000000000000000, -0.000000000000000000 ) ) ;
#3888 = EDGE_CURVE ( 'NONE', #7715, #7906, #1298, .T. ) ;
#3889 = DIRECTION ( 'NONE',  ( 0.000000000000000000, -0.000000000000000000, 1.000000000000000000 ) ) ;
#3890 = LINE ( 'NONE', #8482, #8568 ) ;
#3891 = ORIENTED_EDGE ( 'NONE', *, *, #5537, .T. ) ;
#3892 = ORIENTED_EDGE ( 'NONE', *, *, #6632, .T. ) ;
#3893 = EDGE_CURVE ( 'NONE', #9703, #4106, #1371, .T. ) ;
#3894 = CARTESIAN_POINT ( 'NONE',  ( 224.4795494267808920, 11.23999999999624677, 0.000000000000000000 ) ) ;
#3895 = EDGE_CURVE ( 'NONE', #20, #5384, #5341, .T. ) ;
#3896 = DIRECTION ( 'NONE',  ( -1.000000000000000000, 0.000000000000000000, 0.000000000000000000 ) ) ;
#3897 = VECTOR ( 'NONE', #8432, 1000.000000000000000 ) ;
#3898 = VECTOR ( 'NONE', #210, 1000.000000000000000 ) ;
#3899 = ADVANCED_FACE ( 'NONE', ( #3833 ), #7822, .T. ) ;
#3900 = VERTEX_POINT ( 'NONE', #217 ) ;
#3901 = VERTEX_POINT ( 'NONE', #2459 ) ;
#3902 = DIRECTION ( 'NONE',  ( -1.000000000000000000, 0.000000000000000000, 0.000000000000000000 ) ) ;
#3903 = ORIENTED_EDGE ( 'NONE', *, *, #6584, .F. ) ;
#3904 = LINE ( 'NONE', #2327, #428 ) ;
#3905 = CARTESIAN_POINT ( 'NONE',  ( 81.36674712544420629, 17.99585786437927126, 3.812014057160100988E-15 ) ) ;
#3906 = ORIENTED_EDGE ( 'NONE', *, *, #6167, .T. ) ;
#3907 = EDGE_CURVE ( 'NONE', #9032, #4726, #3934, .T. ) ;
#3908 = CARTESIAN_POINT ( 'NONE',  ( 119.0690661095517271, 18.00000000000299849, -9.990000000000000213 ) ) ;
#3909 = VECTOR ( 'NONE', #4806, 1000.000000000000000 ) ;
#3910 = VECTOR ( 'NONE', #1076, 1000.000000000000000 ) ;
#3911 = CARTESIAN_POINT ( 'NONE',  ( 248.5050167680942366, 17.99000000000299693, 0.000000000000000000 ) ) ;
#3912 = CARTESIAN_POINT ( 'NONE',  ( 67.68082419623279122, 11.24999999999624833, -10.00000000000000000 ) ) ;
#3913 = CARTESIAN_POINT ( 'NONE',  ( 248.5038428274584703, 18.02540000000299969, -0.009999999999999592548 ) ) ;
#3914 = AXIS2_PLACEMENT_3D ( 'NONE', #6501, #8828, #4113 ) ;
#3915 = FACE_OUTER_BOUND ( 'NONE', #3632, .T. ) ;
#3916 = CARTESIAN_POINT ( 'NONE',  ( 77.10880933031204165, 11.24585786437252111, -10.00000000000000000 ) ) ;
#3917 = EDGE_LOOP ( 'NONE', ( #2786, #7050, #7184, #72 ) ) ;
#3918 = ORIENTED_EDGE ( 'NONE', *, *, #6643, .F. ) ;
#3919 = CARTESIAN_POINT ( 'NONE',  ( 282.9972739408158304, 17.99000000000300048, -9.999999999999998224 ) ) ;
#3920 = ORIENTED_EDGE ( 'NONE', *, *, #4130, .F. ) ;
#3921 = CARTESIAN_POINT ( 'NONE',  ( 0.000000000000000000, 11.23999999999625032, 0.000000000000000000 ) ) ;
#3922 = CARTESIAN_POINT ( 'NONE',  ( 161.9363465236054651, 11.23999999999625032, 0.000000000000000000 ) ) ;
#3923 = DIRECTION ( 'NONE',  ( 0.000000000000000000, 0.000000000000000000, -1.000000000000000000 ) ) ;
#3924 = CARTESIAN_POINT ( 'NONE',  ( 20.55693444618567156, 11.24999999999624833, -9.990000000000000213 ) ) ;
#3925 = AXIS2_PLACEMENT_3D ( 'NONE', #9092, #1484, #5212 ) ;
#3926 = CARTESIAN_POINT ( 'NONE',  ( 137.9108791822921205, 17.99000000000299693, -10.00000000000000000 ) ) ;
#3927 = LINE ( 'NONE', #1648, #8031 ) ;
#3928 = VERTEX_POINT ( 'NONE', #112 ) ;
#3929 = EDGE_LOOP ( 'NONE', ( #5645, #1264, #8789, #2702 ) ) ;
#3930 = LINE ( 'NONE', #7717, #9469 ) ;
#3931 = LINE ( 'NONE', #9303, #5344 ) ;
#3932 = VERTEX_POINT ( 'NONE', #4037 ) ;
#3933 = CARTESIAN_POINT ( 'NONE',  ( 29.98171239619509620, 11.24999999999624833, -10.00000000000000000 ) ) ;
#3934 = LINE ( 'NONE', #6984, #2711 ) ;
#3935 = DIRECTION ( 'NONE',  ( 0.2503800040544349459, 0.9681476403781095197, 0.000000000000000000 ) ) ;
#3936 = DIRECTION ( 'NONE',  ( -0.000000000000000000, -0.000000000000000000, 1.000000000000000000 ) ) ;
#3937 = DIRECTION ( 'NONE',  ( -0.2503800040544349459, 0.9681476403781095197, 0.000000000000000000 ) ) ;
#3938 = CARTESIAN_POINT ( 'NONE',  ( 0.000000000000000000, 17.99000000000300048, -0.01000000000000000021 ) ) ;
#3939 = DIRECTION ( 'NONE',  ( 4.382459307730881392E-16, 1.000000000000000000, 0.000000000000000000 ) ) ;
#3940 = ORIENTED_EDGE ( 'NONE', *, *, #5558, .T. ) ;
#3941 = ORIENTED_EDGE ( 'NONE', *, *, #6749, .F. ) ;
#3942 = EDGE_CURVE ( 'NONE', #3595, #900, #4790, .T. ) ;
#3943 = CARTESIAN_POINT ( 'NONE',  ( 213.3168456096459522, 18.00000000000299849, -10.00000000000000000 ) ) ;
#3944 = CARTESIAN_POINT ( 'NONE',  ( 86.53038009625164761, 11.24999999999624833, -10.00000000000000000 ) ) ;
#3945 = ORIENTED_EDGE ( 'NONE', *, *, #4451, .F. ) ;
#3946 = EDGE_CURVE ( 'NONE', #4940, #9272, #4533, .T. ) ;
#3947 = ORIENTED_EDGE ( 'NONE', *, *, #5961, .F. ) ;
#3948 = CARTESIAN_POINT ( 'NONE',  ( 22.30260314058962834, 18.00000000000299849, -9.990000000000000213 ) ) ;
#3949 = DIRECTION ( 'NONE',  ( 1.000000000000000000, -0.000000000000000000, 0.000000000000000000 ) ) ;
#3950 = ORIENTED_EDGE ( 'NONE', *, *, #922, .F. ) ;
#3951 = DIRECTION ( 'NONE',  ( 1.000000000000000000, 0.000000000000000000, 0.000000000000000000 ) ) ;
#3952 = DIRECTION ( 'NONE',  ( 0.2503800040544349459, -0.9681476403781095197, 0.000000000000000000 ) ) ;
#3953 = EDGE_LOOP ( 'NONE', ( #7385, #625, #1356, #5606 ) ) ;
#3954 = CARTESIAN_POINT ( 'NONE',  ( 62.52039840949519345, 18.00000000000299494, -9.990000000000000213 ) ) ;
#3955 = EDGE_CURVE ( 'NONE', #7320, #3415, #6568, .T. ) ;
#3956 = CARTESIAN_POINT ( 'NONE',  ( 201.3733841907686326, 18.00000000000299138, -0.004142135623725405440 ) ) ;
#3957 = CARTESIAN_POINT ( 'NONE',  ( 163.6742723907309767, 18.00000000000299849, -0.009999999999999592548 ) ) ;
#3958 = EDGE_CURVE ( 'NONE', #6512, #6683, #8475, .T. ) ;
#3959 = CARTESIAN_POINT ( 'NONE',  ( 239.0821774672101583, 17.99749619996245187, -10.00000000000000000 ) ) ;
#3960 = VECTOR ( 'NONE', #3775, 1000.000000000000000 ) ;
#3961 = CARTESIAN_POINT ( 'NONE',  ( 283.2901671596292204, 2.168404344971008868E-16, -0.01000000000000024480 ) ) ;
#3962 = VERTEX_POINT ( 'NONE', #8613 ) ;
#3963 = VERTEX_POINT ( 'NONE', #7032 ) ;
#3964 = ADVANCED_FACE ( 'NONE', ( #6227 ), #1604, .F. ) ;
#3965 = ORIENTED_EDGE ( 'NONE', *, *, #4987, .F. ) ;
#3966 = DIRECTION ( 'NONE',  ( -1.000000000000000000, 0.000000000000000000, 0.000000000000000000 ) ) ;
#3967 = CYLINDRICAL_SURFACE ( 'NONE', #5142, 0.009999999999999592548 ) ;
#3968 = DIRECTION ( 'NONE',  ( -1.000000000000000000, 0.000000000000000000, 0.000000000000000000 ) ) ;
#3969 = EDGE_CURVE ( 'NONE', #6583, #9218, #6326, .T. ) ;
#3970 = CARTESIAN_POINT ( 'NONE',  ( 191.9563490680377242, 17.99000000000300048, -10.00000000000000000 ) ) ;
#3971 = CARTESIAN_POINT ( 'NONE',  ( 177.3556596767338078, 11.23999999999624677, 0.000000000000000000 ) ) ;
#3972 = DIRECTION ( 'NONE',  ( 0.000000000000000000, 0.000000000000000000, 1.000000000000000000 ) ) ;
#3973 = CARTESIAN_POINT ( 'NONE',  ( 171.3533816463364587, 11.24999999999624833, -9.990000000000000213 ) ) ;
#3974 = ORIENTED_EDGE ( 'NONE', *, *, #7103, .F. ) ;
#3975 = ORIENTED_EDGE ( 'NONE', *, *, #3267, .F. ) ;
#3976 = CARTESIAN_POINT ( 'NONE',  ( 194.4672897096271242, 18.00000000000299849, -9.990000000000000213 ) ) ;
#3977 = CARTESIAN_POINT ( 'NONE',  ( 14.42161780066812327, 21.72968395811559361, 0.000000000000000000 ) ) ;
#3978 = ORIENTED_EDGE ( 'NONE', *, *, #5080, .T. ) ;
#3979 = CARTESIAN_POINT ( 'NONE',  ( 0.000000000000000000, 17.99000000000300048, -10.00000000000000000 ) ) ;
#3980 = DIRECTION ( 'NONE',  ( 1.000000000000000000, 0.000000000000000000, 0.000000000000000000 ) ) ;
#3981 = CARTESIAN_POINT ( 'NONE',  ( 29.98171239619509620, 11.24999999999624833, -10.00000000000000000 ) ) ;
#3982 = DIRECTION ( 'NONE',  ( -1.460819769243627131E-16, -1.000000000000000000, 0.000000000000000000 ) ) ;
#3983 = CARTESIAN_POINT ( 'NONE',  ( 283.4972739408158304, 0.5000000000000000000, -9.500000000000000000 ) ) ;
#3984 = DIRECTION ( 'NONE',  ( -0.2503800040544349459, -0.9681476403781095197, -0.000000000000000000 ) ) ;
#3985 = EDGE_CURVE ( 'NONE', #2476, #609, #5814, .T. ) ;
#3986 = CYLINDRICAL_SURFACE ( 'NONE', #1051, 0.009999999999999592548 ) ;
#3987 =( BOUNDED_CURVE ( )  B_SPLINE_CURVE ( 3, ( #2004, #5232, #2874, #3630 ),
 .UNSPECIFIED., .F., .F. ) 
 B_SPLINE_CURVE_WITH_KNOTS ( ( 4, 4 ),
 ( 0.000000000000000000, 1.570796326794896558 ),
 .UNSPECIFIED. ) 
 CURVE ( )  GEOMETRIC_REPRESENTATION_ITEM ( )  RATIONAL_B_SPLINE_CURVE ( ( 1.000000000000000000, 0.8047378541243649375, 0.8047378541243649375, 1.000000000000000000 ) ) 
 REPRESENTATION_ITEM ( '' )  );
#3988 = VERTEX_POINT ( 'NONE', #4778 ) ;
#3989 = VECTOR ( 'NONE', #9868, 1000.000000000000000 ) ;
#3990 = LINE ( 'NONE', #7041, #954 ) ;
#3991 = AXIS2_PLACEMENT_3D ( 'NONE', #7311, #5032, #3474 ) ;
#3992 = DIRECTION ( 'NONE',  ( -0.2503800040544349459, -0.9681476403781095197, 0.000000000000000000 ) ) ;
#3993 =( BOUNDED_CURVE ( )  B_SPLINE_CURVE ( 3, ( #8691, #1026, #3346, #4857 ),
 .UNSPECIFIED., .F., .F. ) 
 B_SPLINE_CURVE_WITH_KNOTS ( ( 4, 4 ),
 ( 3.141592653589793116, 4.712388980384689674 ),
 .UNSPECIFIED. ) 
 CURVE ( )  GEOMETRIC_REPRESENTATION_ITEM ( )  RATIONAL_B_SPLINE_CURVE ( ( 1.000000000000000000, 0.8047378541243649375, 0.8047378541243649375, 1.000000000000000000 ) ) 
 REPRESENTATION_ITEM ( '' )  );
#3994 = VECTOR ( 'NONE', #6542, 1000.000000000000000 ) ;
#3995 = ORIENTED_EDGE ( 'NONE', *, *, #2800, .T. ) ;
#3996 = ORIENTED_EDGE ( 'NONE', *, *, #9367, .T. ) ;
#3997 = VECTOR ( 'NONE', #7069, 1000.000000000000000 ) ;
#3998 = LINE ( 'NONE', #9176, #5679 ) ;
#3999 = ORIENTED_EDGE ( 'NONE', *, *, #1213, .T. ) ;
#4000 = DIRECTION ( 'NONE',  ( -0.2503800040544349459, -0.9681476403781095197, -0.000000000000000000 ) ) ;
#4001 = CYLINDRICAL_SURFACE ( 'NONE', #3070, 0.01000000000000000021 ) ;
#4002 = ORIENTED_EDGE ( 'NONE', *, *, #514, .T. ) ;
#4003 = DIRECTION ( 'NONE',  ( 0.000000000000000000, 0.000000000000000000, 1.000000000000000000 ) ) ;
#4004 = CARTESIAN_POINT ( 'NONE',  ( 0.000000000000000000, 18.00000000000299849, -10.00000000000000000 ) ) ;
#4005 = AXIS2_PLACEMENT_3D ( 'NONE', #7724, #7625, #3170 ) ;
#4006 = AXIS2_PLACEMENT_3D ( 'NONE', #4455, #9834, #9091 ) ;
#4007 = DIRECTION ( 'NONE',  ( 0.000000000000000000, 0.000000000000000000, 1.000000000000000000 ) ) ;
#4008 = CARTESIAN_POINT ( 'NONE',  ( 60.00828382726996324, 18.02540000000299969, -0.009999999999999592548 ) ) ;
#4009 = VERTEX_POINT ( 'NONE', #3073 ) ;
#4010 = EDGE_CURVE ( 'NONE', #4400, #609, #8518, .T. ) ;
#4011 = ORIENTED_EDGE ( 'NONE', *, *, #7579, .F. ) ;
#4012 = CARTESIAN_POINT ( 'NONE',  ( 90.79152507545362027, 17.99585786437927126, -9.999999999999998224 ) ) ;
#4013 = ORIENTED_EDGE ( 'NONE', *, *, #4136, .T. ) ;
#4014 = CYLINDRICAL_SURFACE ( 'NONE', #9208, 0.01000000000000777003 ) ;
#4015 = AXIS2_PLACEMENT_3D ( 'NONE', #7807, #147, #4019 ) ;
#4016 = VECTOR ( 'NONE', #9269, 1000.000000000000000 ) ;
#4017 = CARTESIAN_POINT ( 'NONE',  ( 81.36995430951402852, 18.00000000000299849, -9.990000000000000213 ) ) ;
#4018 =( BOUNDED_CURVE ( )  B_SPLINE_CURVE ( 3, ( #6205, #1688, #3252, #2389 ),
 .UNSPECIFIED., .F., .F. ) 
 B_SPLINE_CURVE_WITH_KNOTS ( ( 4, 4 ),
 ( 0.000000000000000000, 1.570796326795113496 ),
 .UNSPECIFIED. ) 
 CURVE ( )  GEOMETRIC_REPRESENTATION_ITEM ( )  RATIONAL_B_SPLINE_CURVE ( ( 1.000000000000000000, 0.8047378541243138672, 0.8047378541243138672, 1.000000000000000000 ) ) 
 REPRESENTATION_ITEM ( '' )  );
#4019 = DIRECTION ( 'NONE',  ( 0.000000000000000000, -0.000000000000000000, -1.000000000000000000 ) ) ;
#4020 = CARTESIAN_POINT ( 'NONE',  ( 171.3533816463364587, 11.24999999999624833, -0.009999999999999592548 ) ) ;
#4021 = EDGE_CURVE ( 'NONE', #120, #4842, #5870, .T. ) ;
#4022 = CARTESIAN_POINT ( 'NONE',  ( 213.3168456096459522, 18.00000000000299849, -9.990000000000000213 ) ) ;
#4023 = ADVANCED_FACE ( 'NONE', ( #7776 ), #4627, .T. ) ;
#4024 = VECTOR ( 'NONE', #4624, 1000.000000000000000 ) ;
#4025 = DIRECTION ( 'NONE',  ( 0.2503800040544349459, 0.9681476403781095197, 0.000000000000000000 ) ) ;
#4026 = CARTESIAN_POINT ( 'NONE',  ( -215.9900000000000091, -83.00000000000000000, -0.009999999999999592548 ) ) ;
#4027 = ORIENTED_EDGE ( 'NONE', *, *, #2474, .F. ) ;
#4028 = EDGE_CURVE ( 'NONE', #2908, #3238, #9358, .T. ) ;
#4029 = ORIENTED_EDGE ( 'NONE', *, *, #6093, .F. ) ;
#4030 = LINE ( 'NONE', #4829, #1806 ) ;
#4031 = CARTESIAN_POINT ( 'NONE',  ( 161.9363465236054651, 11.23999999999624855, -10.00000000000000000 ) ) ;
#4032 = EDGE_LOOP ( 'NONE', ( #7663, #3974, #5476, #6206 ) ) ;
#4033 = EDGE_LOOP ( 'NONE', ( #3651, #4486, #8132, #9537 ) ) ;
#4034 = AXIS2_PLACEMENT_3D ( 'NONE', #5421, #6023, #2967 ) ;
#4035 = CARTESIAN_POINT ( 'NONE',  ( 45.41651120388030449, 11.24999999999624833, -9.990000000000000213 ) ) ;
#4036 = EDGE_CURVE ( 'NONE', #900, #1185, #3125, .T. ) ;
#4037 = CARTESIAN_POINT ( 'NONE',  ( 116.5503826406838783, 18.00000000000299849, -0.009999999999999592548 ) ) ;
#4038 = AXIS2_PLACEMENT_3D ( 'NONE', #6409, #4915, #3653 ) ;
#4039 = DIRECTION ( 'NONE',  ( -0.9681476403781095197, -0.2503800040544349459, 0.000000000000000000 ) ) ;
#4040 =( BOUNDED_CURVE ( )  B_SPLINE_CURVE ( 3, ( #8161, #1236, #3619, #9689 ),
 .UNSPECIFIED., .F., .F. ) 
 B_SPLINE_CURVE_WITH_KNOTS ( ( 4, 4 ),
 ( 3.141592653589813544, 4.712388980386033488 ),
 .UNSPECIFIED. ) 
 CURVE ( )  GEOMETRIC_REPRESENTATION_ITEM ( )  RATIONAL_B_SPLINE_CURVE ( ( 1.000000000000000000, 0.8047378541240530758, 0.8047378541240530758, 1.000000000000000000 ) ) 
 REPRESENTATION_ITEM ( '' )  );
#4041 = DIRECTION ( 'NONE',  ( 1.000000000000000000, 0.000000000000000000, 0.000000000000000000 ) ) ;
#4042 = CARTESIAN_POINT ( 'NONE',  ( 62.52039840949517924, 18.00000000000299849, -0.009999999999999592548 ) ) ;
#4043 = DIRECTION ( 'NONE',  ( 0.000000000000000000, -0.000000000000000000, 1.000000000000000000 ) ) ;
#4044 = VERTEX_POINT ( 'NONE', #9502 ) ;
#4045 = AXIS2_PLACEMENT_3D ( 'NONE', #4837, #858, #6230 ) ;
#4046 = CARTESIAN_POINT ( 'NONE',  ( 0.000000000000000000, 18.00000000000299849, -9.990000000000000213 ) ) ;
#4047 = CARTESIAN_POINT ( 'NONE',  ( -189.9999999999999432, 107.0000000000000000, -10.00000000000000000 ) ) ;
#4048 = EDGE_CURVE ( 'NONE', #6287, #8648, #9409, .T. ) ;
#4049 = VECTOR ( 'NONE', #3351, 1000.000000000000000 ) ;
#4050 = ORIENTED_EDGE ( 'NONE', *, *, #9060, .F. ) ;
#4051 = ORIENTED_EDGE ( 'NONE', *, *, #5065, .T. ) ;
#4052 = FACE_OUTER_BOUND ( 'NONE', #4122, .T. ) ;
#4053 = CARTESIAN_POINT ( 'NONE',  ( 133.6542698462988028, 11.24999999999625011, -9.995857864376269220 ) ) ;
#4054 = CARTESIAN_POINT ( 'NONE',  ( -189.9899999999999523, -83.00000000000000000, 0.000000000000000000 ) ) ;
#4055 = ORIENTED_EDGE ( 'NONE', *, *, #90, .F. ) ;
#4056 = CARTESIAN_POINT ( 'NONE',  ( 119.0613232822733210, 17.99000000000300048, -10.00000000000000000 ) ) ;
#4057 = ADVANCED_FACE ( 'NONE', ( #1047 ), #2710, .T. ) ;
#4058 = VECTOR ( 'NONE', #6546, 1000.000000000000000 ) ;
#4059 = CARTESIAN_POINT ( 'NONE',  ( 218.4772713963835713, 11.24999999999624833, -10.00000000000000000 ) ) ;
#4060 = DIRECTION ( 'NONE',  ( -1.000000000000000000, 0.000000000000000000, 0.000000000000000000 ) ) ;
#4061 = DIRECTION ( 'NONE',  ( 0.000000000000000000, -1.000000000000000000, -0.000000000000000000 ) ) ;
#4062 = CARTESIAN_POINT ( 'NONE',  ( 185.0425117596177245, 18.00000000000300204, -0.004142135623729943476 ) ) ;
#4063 = VERTEX_POINT ( 'NONE', #1898 ) ;
#4064 = ORIENTED_EDGE ( 'NONE', *, *, #7599, .F. ) ;
#4065 = VECTOR ( 'NONE', #2464, 1000.000000000000000 ) ;
#4066 = CARTESIAN_POINT ( 'NONE',  ( 237.3268272964024277, 11.23999999999625032, -0.009999999999999592548 ) ) ;
#4067 = ORIENTED_EDGE ( 'NONE', *, *, #1597, .T. ) ;
#4068 = CARTESIAN_POINT ( 'NONE',  ( 129.2628019239217281, 51.42963358064064039, 0.000000000000000000 ) ) ;
#4069 = VECTOR ( 'NONE', #9497, 1000.000000000000000 ) ;
#4070 = DIRECTION ( 'NONE',  ( 1.000000000000000000, -0.000000000000000000, -0.000000000000000000 ) ) ;
#4071 = FACE_OUTER_BOUND ( 'NONE', #3510, .T. ) ;
#4072 = EDGE_CURVE ( 'NONE', #5072, #1521, #359, .T. ) ;
#4073 = CARTESIAN_POINT ( 'NONE',  ( 20.91413116033300312, 12.59123792041557444, -9.990000000000000213 ) ) ;
#4074 = DIRECTION ( 'NONE',  ( 0.000000000000000000, 1.000000000000000000, 0.000000000000000000 ) ) ;
#4075 = ADVANCED_FACE ( 'NONE', ( #6374 ), #4979, .T. ) ;
#4076 = AXIS2_PLACEMENT_3D ( 'NONE', #3826, #1550, #6876 ) ;
#4077 = LINE ( 'NONE', #7917, #6868 ) ;
#4078 = CARTESIAN_POINT ( 'NONE',  ( 163.6820152180094396, 17.99000000000300048, -10.00000000000000000 ) ) ;
#4079 = EDGE_LOOP ( 'NONE', ( #3878, #5580, #6161, #772 ) ) ;
#4080 = EDGE_LOOP ( 'NONE', ( #7716, #3315, #6047, #8907 ) ) ;
#4081 = DIRECTION ( 'NONE',  ( 0.9681476403781095197, -0.2503800040544349459, 0.000000000000000000 ) ) ;
#4082 = FACE_OUTER_BOUND ( 'NONE', #5885, .T. ) ;
#4083 = ORIENTED_EDGE ( 'NONE', *, *, #4255, .T. ) ;
#4084 = EDGE_CURVE ( 'NONE', #2231, #9119, #2564, .T. ) ;
#4085 = ORIENTED_EDGE ( 'NONE', *, *, #3100, .T. ) ;
#4086 = EDGE_CURVE ( 'NONE', #5668, #4526, #6397, .T. ) ;
#4087 = VECTOR ( 'NONE', #377, 1000.000000000000000 ) ;
#4088 = CARTESIAN_POINT ( 'NONE',  ( 213.3136384255761016, 17.99585786437926771, 1.270432225224321681E-15 ) ) ;
#4089 = EDGE_CURVE ( 'NONE', #7706, #6966, #6899, .T. ) ;
#4090 = CARTESIAN_POINT ( 'NONE',  ( 0.000000000000000000, 11.23999999999625032, -9.990000000000000213 ) ) ;
#4091 = CARTESIAN_POINT ( 'NONE',  ( 114.8047139462799180, 11.23999999999625032, -10.00000000000000000 ) ) ;
#4092 = DIRECTION ( 'NONE',  ( 0.000000000000000000, 0.000000000000000000, -1.000000000000000000 ) ) ;
#4093 = EDGE_CURVE ( 'NONE', #3492, #5072, #8287, .T. ) ;
#4094 = DIRECTION ( 'NONE',  ( -0.9681476403782230955, -0.2503800040539953531, 0.000000000000000000 ) ) ;
#4095 = DIRECTION ( 'NONE',  ( -0.2503800040544349459, -0.9681476403781095197, -0.000000000000000000 ) ) ;
#4096 = ORIENTED_EDGE ( 'NONE', *, *, #3332, .F. ) ;
#4097 = EDGE_CURVE ( 'NONE', #315, #2910, #7916, .T. ) ;
#4098 = CARTESIAN_POINT ( 'NONE',  ( 0.000000000000000000, 17.99000000000300048, -0.01000000000000000021 ) ) ;
#4099 = CARTESIAN_POINT ( 'NONE',  ( 125.9914109537397309, 18.02289619996245307, -0.009999999999999592548 ) ) ;
#4100 = ORIENTED_EDGE ( 'NONE', *, *, #1237, .T. ) ;
#4101 = EDGE_LOOP ( 'NONE', ( #474, #5590, #2011, #7427 ) ) ;
#4102 = VERTEX_POINT ( 'NONE', #8714 ) ;
#4103 = DIRECTION ( 'NONE',  ( 0.000000000000000000, 0.000000000000000000, -1.000000000000000000 ) ) ;
#4104 = EDGE_LOOP ( 'NONE', ( #6458, #1574, #7363, #3695 ) ) ;
#4105 = DIRECTION ( 'NONE',  ( -0.2503800040544349459, 0.9681476403781095197, 0.000000000000000000 ) ) ;
#4106 = VERTEX_POINT ( 'NONE', #4129 ) ;
#4107 = LINE ( 'NONE', #6626, #3534 ) ;
#4108 = DIRECTION ( 'NONE',  ( -1.000000000000000000, 0.000000000000000000, 0.000000000000000000 ) ) ;
#4109 = PLANE ( 'NONE',  #9312 ) ;
#4110 = CARTESIAN_POINT ( 'NONE',  ( 283.2529014557585469, 17.95283138928864730, -0.04716861071419772150 ) ) ;
#4111 = DIRECTION ( 'NONE',  ( 0.9681476403781095197, -0.2503800040544349459, 0.000000000000000000 ) ) ;
#4112 = ORIENTED_EDGE ( 'NONE', *, *, #1732, .T. ) ;
#4113 = DIRECTION ( 'NONE',  ( 0.000000000000000000, 0.000000000000000000, 1.000000000000000000 ) ) ;
#4114 = ORIENTED_EDGE ( 'NONE', *, *, #3464, .T. ) ;
#4115 = CARTESIAN_POINT ( 'NONE',  ( 227.9097921736714341, 11.23999999999625032, 0.000000000000000000 ) ) ;
#4116 = CARTESIAN_POINT ( 'NONE',  ( 101.9651789039368310, 11.24999999999624833, -0.009999999999999592548 ) ) ;
#4117 = DIRECTION ( 'NONE',  ( -1.460819769243627131E-16, -1.000000000000000000, 0.000000000000000000 ) ) ;
#4118 = CARTESIAN_POINT ( 'NONE',  ( 29.98171239619509620, 11.24999999999624833, -0.009999999999999592548 ) ) ;
#4119 = CARTESIAN_POINT ( 'NONE',  ( -206.0100000000000193, 18.00000000000299849, -9.990000000000000213 ) ) ;
#4120 = VECTOR ( 'NONE', #2089, 1000.000000000000000 ) ;
#4121 = CARTESIAN_POINT ( 'NONE',  ( -180.0000000000000000, 2.629475584638528914E-14, -10.00000000000000000 ) ) ;
#4122 = EDGE_LOOP ( 'NONE', ( #3444, #9656, #5805, #3271 ) ) ;
#4123 = VERTEX_POINT ( 'NONE', #5031 ) ;
#4124 = DIRECTION ( 'NONE',  ( 0.000000000000000000, -0.000000000000000000, 1.000000000000000000 ) ) ;
#4125 = ORIENTED_EDGE ( 'NONE', *, *, #2847, .F. ) ;
#4126 = VECTOR ( 'NONE', #3802, 1000.000000000000000 ) ;
#4127 = EDGE_LOOP ( 'NONE', ( #345, #6647, #8790, #5617 ) ) ;
#4128 = CARTESIAN_POINT ( 'NONE',  ( 5.963987882160225240, 17.99000000000300048, -10.00000000000000000 ) ) ;
#4129 = CARTESIAN_POINT ( 'NONE',  ( 229.6554608680754086, 17.99000000000299693, 0.000000000000000000 ) ) ;
#4130 = EDGE_CURVE ( 'NONE', #8648, #3901, #8901, .T. ) ;
#4131 = ADVANCED_FACE ( 'NONE', ( #2617 ), #6425, .T. ) ;
#4132 = LINE ( 'NONE', #309, #1455 ) ;
#4133 = DIRECTION ( 'NONE',  ( -1.000000000000000000, 0.000000000000000000, 0.000000000000000000 ) ) ;
#4134 = DIRECTION ( 'NONE',  ( -0.9681476403780955309, -0.2503800040544887362, 0.000000000000000000 ) ) ;
#4135 = CYLINDRICAL_SURFACE ( 'NONE', #3472, 0.01000000000000105319 ) ;
#4136 = EDGE_CURVE ( 'NONE', #3758, #405, #9393, .T. ) ;
#4137 = ORIENTED_EDGE ( 'NONE', *, *, #157, .T. ) ;
#4138 = DIRECTION ( 'NONE',  ( 0.2503800040544349459, 0.9681476403781095197, 0.000000000000000000 ) ) ;
#4139 = ADVANCED_FACE ( 'NONE', ( #8551 ), #941, .F. ) ;
#4140 = CARTESIAN_POINT ( 'NONE',  ( 248.5050167680942366, 17.99000000000299693, 0.000000000000000000 ) ) ;
#4141 = EDGE_LOOP ( 'NONE', ( #4729, #2390, #2111, #4459 ) ) ;
#4142 = DIRECTION ( 'NONE',  ( -0.2503800040544349459, 0.9681476403781095197, 0.000000000000000000 ) ) ;
#4143 = ORIENTED_EDGE ( 'NONE', *, *, #2980, .T. ) ;
#4144 = VERTEX_POINT ( 'NONE', #5571 ) ;
#4145 = ADVANCED_FACE ( 'NONE', ( #4765 ), #1693, .T. ) ;
#4146 = CARTESIAN_POINT ( 'NONE',  ( 35.99173325387087630, 11.24999999999624833, -9.990000000000000213 ) ) ;
#4147 = ORIENTED_EDGE ( 'NONE', *, *, #8104, .T. ) ;
#4148 = CARTESIAN_POINT ( 'NONE',  ( 102.7609902031709197, 44.57579905236563889, 0.000000000000000000 ) ) ;
#4149 =( BOUNDED_CURVE ( )  B_SPLINE_CURVE ( 3, ( #5060, #5154, #9672, #2693 ),
 .UNSPECIFIED., .F., .F. ) 
 B_SPLINE_CURVE_WITH_KNOTS ( ( 4, 4 ),
 ( 3.141592653589813544, 4.712388980384689674 ),
 .UNSPECIFIED. ) 
 CURVE ( )  GEOMETRIC_REPRESENTATION_ITEM ( )  RATIONAL_B_SPLINE_CURVE ( ( 1.000000000000000000, 0.8047378541243698225, 0.8047378541243698225, 1.000000000000000000 ) ) 
 REPRESENTATION_ITEM ( '' )  );
#4150 = VECTOR ( 'NONE', #4325, 1000.000000000000000 ) ;
#4151 = LINE ( 'NONE', #2582, #9127 ) ;
#4152 = ORIENTED_EDGE ( 'NONE', *, *, #5058, .F. ) ;
#4153 = EDGE_CURVE ( 'NONE', #5897, #544, #6835, .T. ) ;
#4154 = CARTESIAN_POINT ( 'NONE',  ( 135.4161889037491449, 18.02289619996245307, -0.009999999999999592548 ) ) ;
#4155 = LINE ( 'NONE', #9431, #8204 ) ;
#4156 = ADVANCED_FACE ( 'NONE', ( #5523 ), #6314, .T. ) ;
#4157 = VECTOR ( 'NONE', #1182, 1000.000000000000000 ) ;
#4158 = CARTESIAN_POINT ( 'NONE',  ( 149.0813258267055232, 11.23999999999625032, -10.00000000000000000 ) ) ;
#4159 = CYLINDRICAL_SURFACE ( 'NONE', #1950, 0.009999999999999592548 ) ;
#4160 = ORIENTED_EDGE ( 'NONE', *, *, #3835, .F. ) ;
#4161 = ORIENTED_EDGE ( 'NONE', *, *, #3849, .T. ) ;
#4162 =( BOUNDED_CURVE ( )  B_SPLINE_CURVE ( 3, ( #909, #3376, #267, #3983 ),
 .UNSPECIFIED., .F., .F. ) 
 B_SPLINE_CURVE_WITH_KNOTS ( ( 4, 4 ),
 ( 3.141592653589793116, 4.712388980384689674 ),
 .UNSPECIFIED. ) 
 CURVE ( )  GEOMETRIC_REPRESENTATION_ITEM ( )  RATIONAL_B_SPLINE_CURVE ( ( 1.000000000000000000, 0.8047378541243649375, 0.8047378541243649375, 1.000000000000000000 ) ) 
 REPRESENTATION_ITEM ( '' )  );
#4163 = LINE ( 'NONE', #1174, #5029 ) ;
#4164 = ORIENTED_EDGE ( 'NONE', *, *, #3107, .T. ) ;
#4165 = CARTESIAN_POINT ( 'NONE',  ( 62.51265558221675889, 17.99000000000300048, -10.00000000000000000 ) ) ;
#4166 = CARTESIAN_POINT ( 'NONE',  ( 0.000000000000000000, 11.23999999999625032, 0.000000000000000000 ) ) ;
#4167 = FACE_OUTER_BOUND ( 'NONE', #8192, .T. ) ;
#4168 = FACE_OUTER_BOUND ( 'NONE', #5034, .T. ) ;
#4169 = CARTESIAN_POINT ( 'NONE',  ( 158.5041651275896015, 11.24749619995568750, -10.00000000000000000 ) ) ;
#4170 = EDGE_CURVE ( 'NONE', #6660, #9121, #7064, .T. ) ;
#4171 = UNCERTAINTY_MEASURE_WITH_UNIT (LENGTH_MEASURE( 1.000000000000000082E-05 ), #7755, 'distance_accuracy_value', 'NONE');
#4172 = CARTESIAN_POINT ( 'NONE',  ( 11.13215649617624869, 11.23999999999625032, -10.00000000000000000 ) ) ;
#4173 = AXIS2_PLACEMENT_3D ( 'NONE', #1851, #4928, #8751 ) ;
#4174 = ORIENTED_EDGE ( 'NONE', *, *, #7021, .F. ) ;
#4175 = ORIENTED_EDGE ( 'NONE', *, *, #4785, .F. ) ;
#4176 = CIRCLE ( 'NONE', #4484, 0.01000000000000000021 ) ;
#4177 = DIRECTION ( 'NONE',  ( 0.000000000000000000, -1.000000000000000000, 0.000000000000000000 ) ) ;
#4178 = ORIENTED_EDGE ( 'NONE', *, *, #2834, .F. ) ;
#4179 = ORIENTED_EDGE ( 'NONE', *, *, #2672, .F. ) ;
#4180 =( BOUNDED_CURVE ( )  B_SPLINE_CURVE ( 3, ( #99, #6921, #2393, #3922 ),
 .UNSPECIFIED., .F., .F. ) 
 B_SPLINE_CURVE_WITH_KNOTS ( ( 4, 4 ),
 ( 3.141592653589793116, 4.712388980384689674 ),
 .UNSPECIFIED. ) 
 CURVE ( )  GEOMETRIC_REPRESENTATION_ITEM ( )  RATIONAL_B_SPLINE_CURVE ( ( 1.000000000000000000, 0.8047378541243649375, 0.8047378541243649375, 1.000000000000000000 ) ) 
 REPRESENTATION_ITEM ( '' )  );
#4181 = CYLINDRICAL_SURFACE ( 'NONE', #7845, 0.009999999999999592548 ) ;
#4182 = VECTOR ( 'NONE', #7031, 1000.000000000000000 ) ;
#4183 = DIRECTION ( 'NONE',  ( 1.000000000000000000, -0.000000000000000000, -0.000000000000000000 ) ) ;
#4184 = DIRECTION ( 'NONE',  ( 0.2503800040544349459, 0.9681476403781095197, 0.000000000000000000 ) ) ;
#4185 = DIRECTION ( 'NONE',  ( -1.000000000000000000, 0.000000000000000000, 0.000000000000000000 ) ) ;
#4186 = CARTESIAN_POINT ( 'NONE',  ( 209.0602362736525777, 11.23999999999625032, 0.000000000000000000 ) ) ;
#4187 = CARTESIAN_POINT ( 'NONE',  ( -215.9899999999999523, 107.0000000000000000, -10.00000000000000000 ) ) ;
#4188 = PLANE ( 'NONE',  #2336 ) ;
#4189 = CARTESIAN_POINT ( 'NONE',  ( 114.8047139462799180, 11.23999999999625032, -0.009999999999999592548 ) ) ;
#4190 = ORIENTED_EDGE ( 'NONE', *, *, #9799, .T. ) ;
#4191 = ADVANCED_FACE ( 'NONE', ( #8506 ), #9342, .T. ) ;
#4192 = FACE_OUTER_BOUND ( 'NONE', #8441, .T. ) ;
#4193 = LINE ( 'NONE', #1865, #9410 ) ;
#4194 = ORIENTED_EDGE ( 'NONE', *, *, #3790, .T. ) ;
#4195 = ADVANCED_FACE ( 'NONE', ( #3205 ), #9292, .T. ) ;
#4196 = FACE_OUTER_BOUND ( 'NONE', #5345, .T. ) ;
#4197 = ORIENTED_EDGE ( 'NONE', *, *, #3331, .F. ) ;
#4198 = DIRECTION ( 'NONE',  ( -0.9681476403781095197, -0.2503800040544349459, 0.000000000000000000 ) ) ;
#4199 = LINE ( 'NONE', #1019, #8062 ) ;
#4200 = DIRECTION ( 'NONE',  ( -0.2503800040544349459, -0.9681476403781095197, -0.000000000000000000 ) ) ;
#4201 = VECTOR ( 'NONE', #6445, 1000.000000000000000 ) ;
#4202 = CARTESIAN_POINT ( 'NONE',  ( 43.67084250947634416, 18.00000000000299849, -9.990000000000000213 ) ) ;
#4203 = ORIENTED_EDGE ( 'NONE', *, *, #3395, .T. ) ;
#4204 = EDGE_CURVE ( 'NONE', #727, #5241, #8848, .T. ) ;
#4205 = ADVANCED_FACE ( 'NONE', ( #4071 ), #7709, .F. ) ;
#4206 = VECTOR ( 'NONE', #7117, 1000.000000000000000 ) ;
#4207 = CARTESIAN_POINT ( 'NONE',  ( 65.08381736158440845, 1.168180373290556018, -9.990000000000000213 ) ) ;
#4208 = DIRECTION ( 'NONE',  ( -1.000000000000000000, 0.000000000000000000, 0.000000000000000000 ) ) ;
#4209 = ORIENTED_EDGE ( 'NONE', *, *, #6951, .T. ) ;
#4210 = ORIENTED_EDGE ( 'NONE', *, *, #7374, .F. ) ;
#4211 =( BOUNDED_CURVE ( )  B_SPLINE_CURVE ( 3, ( #6207, #794, #8505, #1641 ),
 .UNSPECIFIED., .F., .F. ) 
 B_SPLINE_CURVE_WITH_KNOTS ( ( 4, 4 ),
 ( 3.141592653589793116, 4.712388980384689674 ),
 .UNSPECIFIED. ) 
 CURVE ( )  GEOMETRIC_REPRESENTATION_ITEM ( )  RATIONAL_B_SPLINE_CURVE ( ( 1.000000000000000000, 0.8047378541243649375, 0.8047378541243649375, 1.000000000000000000 ) ) 
 REPRESENTATION_ITEM ( '' )  );
#4212 = ADVANCED_FACE ( 'NONE', ( #8652 ), #6972, .T. ) ;
#4213 = FACE_OUTER_BOUND ( 'NONE', #806, .T. ) ;
#4214 = ORIENTED_EDGE ( 'NONE', *, *, #5677, .T. ) ;
#4215 = DIRECTION ( 'NONE',  ( 1.000000000000000000, 0.000000000000000000, 0.000000000000000000 ) ) ;
#4216 = DIRECTION ( 'NONE',  ( 0.000000000000000000, 0.000000000000000000, 1.000000000000000000 ) ) ;
#4217 = CARTESIAN_POINT ( 'NONE',  ( 86.53038009625164761, 11.23999999999625032, -0.009999999999999592548 ) ) ;
#4218 = AXIS2_PLACEMENT_3D ( 'NONE', #1262, #8914, #9624 ) ;
#4219 = LINE ( 'NONE', #5676, #487 ) ;
#4220 = CARTESIAN_POINT ( 'NONE',  ( 91.58562908233524524, -5.685654154984461250, 0.000000000000000000 ) ) ;
#4221 = CARTESIAN_POINT ( 'NONE',  ( 171.3611244736148933, 11.23999999999625032, 0.000000000000000000 ) ) ;
#4222 = VECTOR ( 'NONE', #1110, 1000.000000000000000 ) ;
#4223 = AXIS2_PLACEMENT_3D ( 'NONE', #1994, #2610, #2704 ) ;
#4224 = CARTESIAN_POINT ( 'NONE',  ( 186.7804376267432360, 11.23999999999625032, -10.00000000000000000 ) ) ;
#4225 = ORIENTED_EDGE ( 'NONE', *, *, #7181, .F. ) ;
#4226 = VERTEX_POINT ( 'NONE', #248 ) ;
#4227 = CARTESIAN_POINT ( 'NONE',  ( 203.8854987729938841, 18.02540000000299969, -0.009999999999999592548 ) ) ;
#4228 = ORIENTED_EDGE ( 'NONE', *, *, #1602, .F. ) ;
#4229 = ORIENTED_EDGE ( 'NONE', *, *, #6465, .F. ) ;
#4230 = CARTESIAN_POINT ( 'NONE',  ( 0.000000000000000000, 17.99000000000300048, -0.01000000000000000021 ) ) ;
#4231 = TOROIDAL_SURFACE ( 'NONE', #3097, 17.99000000000001620, 0.01000000000000000021 ) ;
#4232 = CARTESIAN_POINT ( 'NONE',  ( 0.000000000000000000, 18.00000000000299849, -9.990000000000000213 ) ) ;
#4233 = CARTESIAN_POINT ( 'NONE',  ( 282.9972739408158304, 18.00000000000299849, -0.01000000000000000021 ) ) ;
#4234 = CYLINDRICAL_SURFACE ( 'NONE', #1132, 0.01000000000000777003 ) ;
#4235 = LINE ( 'NONE', #7440, #6882 ) ;
#4236 = CARTESIAN_POINT ( 'NONE',  ( 177.3634025040122140, 11.24999999999624656, -9.995857864376263890 ) ) ;
#4237 = VECTOR ( 'NONE', #1355, 1000.000000000000000 ) ;
#4238 = VERTEX_POINT ( 'NONE', #1792 ) ;
#4239 = CARTESIAN_POINT ( 'NONE',  ( 227.9052565304628502, 11.24585786437251578, -10.00000000000000000 ) ) ;
#4240 = AXIS2_PLACEMENT_3D ( 'NONE', #6158, #5411, #6201 ) ;
#4241 = LINE ( 'NONE', #9510, #6387 ) ;
#4242 = VERTEX_POINT ( 'NONE', #4868 ) ;
#4243 = DIRECTION ( 'NONE',  ( -0.9681476403780548967, -0.2503800040546457217, 0.000000000000000000 ) ) ;
#4244 = ORIENTED_EDGE ( 'NONE', *, *, #6163, .F. ) ;
#4245 = DIRECTION ( 'NONE',  ( 1.460819769243627131E-16, 1.000000000000000000, -0.000000000000000000 ) ) ;
#4246 = DIRECTION ( 'NONE',  ( 0.000000000000000000, -1.000000000000000000, 0.000000000000000000 ) ) ;
#4247 = ORIENTED_EDGE ( 'NONE', *, *, #6515, .F. ) ;
#4248 = LINE ( 'NONE', #3594, #930 ) ;
#4249 = EDGE_CURVE ( 'NONE', #792, #6389, #7912, .T. ) ;
#4250 = CARTESIAN_POINT ( 'NONE',  ( 109.6442881595423131, 18.00000000000299494, -9.990000000000000213 ) ) ;
#4251 = ORIENTED_EDGE ( 'NONE', *, *, #4807, .F. ) ;
#4252 =( BOUNDED_CURVE ( )  B_SPLINE_CURVE ( 3, ( #3145, #3956, #3190, #6252 ),
 .UNSPECIFIED., .F., .T. ) 
 B_SPLINE_CURVE_WITH_KNOTS ( ( 4, 4 ),
 ( 3.141592653589813544, 4.712388980385815884 ),
 .UNSPECIFIED. ) 
 CURVE ( )  GEOMETRIC_REPRESENTATION_ITEM ( )  RATIONAL_B_SPLINE_CURVE ( ( 1.000000000000000000, 0.8047378541241043681, 0.8047378541241043681, 1.000000000000000000 ) ) 
 REPRESENTATION_ITEM ( '' )  );
#4253 = CARTESIAN_POINT ( 'NONE',  ( 20.55693444618567156, 11.24999999999624833, -10.00000000000000000 ) ) ;
#4254 = FACE_OUTER_BOUND ( 'NONE', #8185, .T. ) ;
#4255 = EDGE_CURVE ( 'NONE', #7047, #2120, #3112, .T. ) ;
#4256 = CARTESIAN_POINT ( 'NONE',  ( 100.2163030254630485, 17.99585786437927126, -10.00000000000000000 ) ) ;
#4257 = EDGE_LOOP ( 'NONE', ( #6324, #8225, #3920, #7813 ) ) ;
#4258 = VERTEX_POINT ( 'NONE', #2346 ) ;
#4259 = CYLINDRICAL_SURFACE ( 'NONE', #63, 0.01000000000000863913 ) ;
#4260 = ORIENTED_EDGE ( 'NONE', *, *, #5065, .F. ) ;
#4261 = EDGE_CURVE ( 'NONE', #9864, #5072, #5420, .T. ) ;
#4262 = DIRECTION ( 'NONE',  ( 1.000000000000000000, 0.000000000000000000, 0.000000000000000000 ) ) ;
#4263 = CARTESIAN_POINT ( 'NONE',  ( 69.42649289063673734, 18.00000000000299849, -9.990000000000000213 ) ) ;
#4264 = CARTESIAN_POINT ( 'NONE',  ( 152.5038257463176024, 11.23999999999625032, -0.009999999999999592548 ) ) ;
#4265 = FACE_OUTER_BOUND ( 'NONE', #8396, .T. ) ;
#4266 = EDGE_CURVE ( 'NONE', #5133, #3988, #1223, .T. ) ;
#4267 = DIRECTION ( 'NONE',  ( 0.2503800040544349459, 0.9681476403781095197, 0.000000000000000000 ) ) ;
#4268 = EDGE_CURVE ( 'NONE', #8826, #8726, #8875, .T. ) ;
#4269 = VERTEX_POINT ( 'NONE', #4263 ) ;
#4270 = ORIENTED_EDGE ( 'NONE', *, *, #9714, .T. ) ;
#4271 = FACE_OUTER_BOUND ( 'NONE', #4943, .T. ) ;
#4272 = ORIENTED_EDGE ( 'NONE', *, *, #8641, .T. ) ;
#4273 = EDGE_CURVE ( 'NONE', #8108, #652, #8970, .T. ) ;
#4274 = EDGE_LOOP ( 'NONE', ( #6371, #2578, #5634, #8298 ) ) ;
#4275 = CARTESIAN_POINT ( 'NONE',  ( 86.53038009625164761, 11.23999999999625032, -10.00000000000000000 ) ) ;
#4276 = VECTOR ( 'NONE', #2964, 1000.000000000000000 ) ;
#4277 = ADVANCED_FACE ( 'NONE', ( #2647 ), #5014, .F. ) ;
#4278 = FACE_OUTER_BOUND ( 'NONE', #5725, .T. ) ;
#4279 = LINE ( 'NONE', #8798, #6426 ) ;
#4280 = ORIENTED_EDGE ( 'NONE', *, *, #5720, .F. ) ;
#4281 = AXIS2_PLACEMENT_3D ( 'NONE', #7221, #7401, #3721 ) ;
#4282 = DIRECTION ( 'NONE',  ( 0.2503800040544349459, -0.9681476403781095197, 0.000000000000000000 ) ) ;
#4283 = CARTESIAN_POINT ( 'NONE',  ( 177.3556596767338078, 11.23999999999625032, -10.00000000000000000 ) ) ;
#4284 = ORIENTED_EDGE ( 'NONE', *, *, #2103, .F. ) ;
#4285 = CYLINDRICAL_SURFACE ( 'NONE', #5932, 0.009999999999994334601 ) ;
#4286 = CARTESIAN_POINT ( 'NONE',  ( 283.2582673130320359, 0.05388659102967621739, -9.937191140791439281 ) ) ;
#4287 = CARTESIAN_POINT ( 'NONE',  ( 11.13989932345466016, 11.23999999999625032, -10.00000000000000000 ) ) ;
#4288 = EDGE_LOOP ( 'NONE', ( #6565, #6145, #3791, #673 ) ) ;
#4289 = EDGE_CURVE ( 'NONE', #455, #7704, #7204, .T. ) ;
#4290 = EDGE_CURVE ( 'NONE', #6586, #8108, #438, .T. ) ;
#4291 = CARTESIAN_POINT ( 'NONE',  ( 199.9342998459239880, 69.70652565604068229, -9.990000000000000213 ) ) ;
#4292 = ORIENTED_EDGE ( 'NONE', *, *, #8529, .T. ) ;
#4293 = CARTESIAN_POINT ( 'NONE',  ( 73.68763786983873842, 11.24585786437252111, 2.046232824926288202E-16 ) ) ;
#4294 = DIRECTION ( 'NONE',  ( -0.2503800040544349459, 0.9681476403781095197, -0.000000000000000000 ) ) ;
#4295 = LINE ( 'NONE', #9658, #2368 ) ;
#4296 = EDGE_LOOP ( 'NONE', ( #992, #3369, #5652, #6516 ) ) ;
#4297 = DIRECTION ( 'NONE',  ( 0.2503800040544349459, 0.9681476403781095197, 0.000000000000000000 ) ) ;
#4298 = CARTESIAN_POINT ( 'NONE',  ( 24.81354378217906387, 17.99000000000300048, 0.000000000000000000 ) ) ;
#4299 = CARTESIAN_POINT ( 'NONE',  ( 246.7516052464118559, 11.24999999999624833, -0.009999999999999592548 ) ) ;
#4300 = ORIENTED_EDGE ( 'NONE', *, *, #8879, .T. ) ;
#4301 = ORIENTED_EDGE ( 'NONE', *, *, #9320, .F. ) ;
#4302 = LINE ( 'NONE', #2691, #9630 ) ;
#4303 = ORIENTED_EDGE ( 'NONE', *, *, #760, .T. ) ;
#4304 = LINE ( 'NONE', #9629, #8264 ) ;
#4305 = CARTESIAN_POINT ( 'NONE',  ( 218.4850142236620059, 11.23999999999625032, 0.000000000000000000 ) ) ;
#4306 = DIRECTION ( 'NONE',  ( 0.2503800040544349459, -0.9681476403781095197, 0.000000000000000000 ) ) ;
#4307 = LINE ( 'NONE', #1081, #5780 ) ;
#4308 = ADVANCED_FACE ( 'NONE', ( #4167 ), #8059, .F. ) ;
#4309 = DIRECTION ( 'NONE',  ( -1.000000000000000000, 0.000000000000000000, 0.000000000000000000 ) ) ;
#4310 = VECTOR ( 'NONE', #4822, 1000.000000000000000 ) ;
#4311 = VECTOR ( 'NONE', #9644, 1000.000000000000000 ) ;
#4312 = ADVANCED_FACE ( 'NONE', ( #7296 ), #6552, .T. ) ;
#4313 = CYLINDRICAL_SURFACE ( 'NONE', #7495, 0.01000000000000105319 ) ;
#4314 = CYLINDRICAL_SURFACE ( 'NONE', #8184, 0.01000000000000777003 ) ;
#4315 = VERTEX_POINT ( 'NONE', #3502 ) ;
#4316 = VERTEX_POINT ( 'NONE', #2749 ) ;
#4317 = CARTESIAN_POINT ( 'NONE',  ( 90.78698943224505058, 17.99000000000300048, -10.00000000000000000 ) ) ;
#4318 = ORIENTED_EDGE ( 'NONE', *, *, #4805, .F. ) ;
#4319 = EDGE_CURVE ( 'NONE', #3524, #1501, #1109, .T. ) ;
#4320 = CARTESIAN_POINT ( 'NONE',  ( 205.6377363540404986, 11.24999999999624833, -10.00000000000000000 ) ) ;
#4321 = EDGE_CURVE ( 'NONE', #213, #6495, #3202, .T. ) ;
#4322 =( BOUNDED_CURVE ( )  B_SPLINE_CURVE ( 3, ( #4390, #9473, #2733, #5703 ),
 .UNSPECIFIED., .F., .F. ) 
 B_SPLINE_CURVE_WITH_KNOTS ( ( 4, 4 ),
 ( 3.141592653589793116, 4.712388980384798032 ),
 .UNSPECIFIED. ) 
 CURVE ( )  GEOMETRIC_REPRESENTATION_ITEM ( )  RATIONAL_B_SPLINE_CURVE ( ( 1.000000000000000000, 0.8047378541243395134, 0.8047378541243395134, 1.000000000000000000 ) ) 
 REPRESENTATION_ITEM ( '' )  );
#4323 = AXIS2_PLACEMENT_3D ( 'NONE', #5675, #1987, #4117 ) ;
#4324 = ADVANCED_FACE ( 'NONE', ( #397 ), #1885, .T. ) ;
#4325 = DIRECTION ( 'NONE',  ( 1.000000000000000000, 0.000000000000000000, 0.000000000000000000 ) ) ;
#4326 = DIRECTION ( 'NONE',  ( -0.9681476403781390516, 0.2503800040543205374, 0.000000000000000000 ) ) ;
#4327 = ORIENTED_EDGE ( 'NONE', *, *, #893, .T. ) ;
#4328 = DIRECTION ( 'NONE',  ( 1.000000000000000000, 0.000000000000000000, 0.000000000000000000 ) ) ;
#4329 = DIRECTION ( 'NONE',  ( -0.000000000000000000, -1.000000000000000000, -0.000000000000000000 ) ) ;
#4330 = EDGE_CURVE ( 'NONE', #1561, #403, #45, .T. ) ;
#4331 = ORIENTED_EDGE ( 'NONE', *, *, #8862, .F. ) ;
#4332 = CARTESIAN_POINT ( 'NONE',  ( 0.000000000000000000, 17.99000000000300048, -10.00000000000000000 ) ) ;
#4333 = ADVANCED_FACE ( 'NONE', ( #9632 ), #2025, .T. ) ;
#4334 = CARTESIAN_POINT ( 'NONE',  ( 241.5911794596742368, 18.00000000000299849, -10.00000000000000000 ) ) ;
#4335 = CARTESIAN_POINT ( 'NONE',  ( 147.3433999595799833, 18.00000000000299849, -0.009999999999999592548 ) ) ;
#4336 = ORIENTED_EDGE ( 'NONE', *, *, #7192, .T. ) ;
#4337 = CARTESIAN_POINT ( 'NONE',  ( 22.30260314058962834, 18.00000000000299849, -0.009999999999999592548 ) ) ;
#4338 = EDGE_LOOP ( 'NONE', ( #6446, #2186, #5010, #8993 ) ) ;
#4339 = CARTESIAN_POINT ( 'NONE',  ( 93.92705296292065498, 42.29118754294063365, -9.990000000000000213 ) ) ;
#4340 = ORIENTED_EDGE ( 'NONE', *, *, #7726, .F. ) ;
#4341 = DIRECTION ( 'NONE',  ( 0.000000000000000000, -1.000000000000000000, 0.000000000000000000 ) ) ;
#4342 = ORIENTED_EDGE ( 'NONE', *, *, #5853, .F. ) ;
#4343 = AXIS2_PLACEMENT_3D ( 'NONE', #6664, #8371, #7560 ) ;
#4344 = EDGE_CURVE ( 'NONE', #1518, #2244, #1838, .T. ) ;
#4345 = LINE ( 'NONE', #6448, #307 ) ;
#4346 = CARTESIAN_POINT ( 'NONE',  ( 166.1852130323204335, 17.99000000000299693, -10.00000000000000000 ) ) ;
#4347 = AXIS2_PLACEMENT_3D ( 'NONE', #236, #3294, #8583 ) ;
#4348 = CARTESIAN_POINT ( 'NONE',  ( 15.39650865944806846, 18.00000000000299849, -9.990000000000000213 ) ) ;
#4349 = ORIENTED_EDGE ( 'NONE', *, *, #26, .F. ) ;
#4350 = ORIENTED_EDGE ( 'NONE', *, *, #2094, .T. ) ;
#4351 = LINE ( 'NONE', #8140, #4873 ) ;
#4352 = ORIENTED_EDGE ( 'NONE', *, *, #3831, .F. ) ;
#4353 = LINE ( 'NONE', #577, #3318 ) ;
#4354 = CARTESIAN_POINT ( 'NONE',  ( 73.69084505390856066, 11.24999999999624833, -9.990000000000000213 ) ) ;
#4355 = FACE_OUTER_BOUND ( 'NONE', #4274, .T. ) ;
#4356 = EDGE_CURVE ( 'NONE', #1945, #8086, #1426, .T. ) ;
#4357 = DIRECTION ( 'NONE',  ( 0.000000000000000000, 0.000000000000000000, -1.000000000000000000 ) ) ;
#4358 = VECTOR ( 'NONE', #8602, 1000.000000000000000 ) ;
#4359 = DIRECTION ( 'NONE',  ( 0.9681476403781095197, -0.2503800040544349459, 0.000000000000000000 ) ) ;
#4360 = DIRECTION ( 'NONE',  ( 0.2503800040544349459, -0.9681476403781095197, 0.000000000000000000 ) ) ;
#4361 = DIRECTION ( 'NONE',  ( 1.000000000000000000, -0.000000000000000000, 0.000000000000000000 ) ) ;
#4362 = VERTEX_POINT ( 'NONE', #9675 ) ;
#4363 = ORIENTED_EDGE ( 'NONE', *, *, #7614, .F. ) ;
#4364 = CARTESIAN_POINT ( 'NONE',  ( 0.000000000000000000, 17.99000000000300048, -9.990000000000000213 ) ) ;
#4365 = VERTEX_POINT ( 'NONE', #8301 ) ;
#4366 = CARTESIAN_POINT ( 'NONE',  ( -198.0000000000000000, -83.00000000000000000, -9.990000000000000213 ) ) ;
#4367 = CIRCLE ( 'NONE', #1946, 0.01000000000000000021 ) ;
#4368 = EDGE_CURVE ( 'NONE', #7107, #4958, #9723, .T. ) ;
#4369 = CARTESIAN_POINT ( 'NONE',  ( -180.0000000000000000, 18.00000000000298783, -10.00000000000000000 ) ) ;
#4370 = VECTOR ( 'NONE', #2668, 1000.000000000000000 ) ;
#4371 = EDGE_CURVE ( 'NONE', #1700, #2136, #2952, .T. ) ;
#4372 = FACE_OUTER_BOUND ( 'NONE', #507, .T. ) ;
#4373 = CARTESIAN_POINT ( 'NONE',  ( 243.3291053267997484, 11.23999999999624677, 0.000000000000000000 ) ) ;
#4374 = ORIENTED_EDGE ( 'NONE', *, *, #1183, .F. ) ;
#4375 = ORIENTED_EDGE ( 'NONE', *, *, #380, .F. ) ;
#4376 = EDGE_CURVE ( 'NONE', #8068, #4668, #6806, .T. ) ;
#4377 = CARTESIAN_POINT ( 'NONE',  ( -180.0099999999999909, -83.00000000000001421, -9.990000000000000213 ) ) ;
#4378 = LINE ( 'NONE', #1955, #1303 ) ;
#4379 = AXIS2_PLACEMENT_3D ( 'NONE', #3147, #7496, #2955 ) ;
#4380 = ORIENTED_EDGE ( 'NONE', *, *, #6829, .F. ) ;
#4381 = EDGE_CURVE ( 'NONE', #1942, #243, #6010, .T. ) ;
#4382 = LINE ( 'NONE', #1778, #8152 ) ;
#4383 = CARTESIAN_POINT ( 'NONE',  ( 60.00828382726996324, 18.02540000000299969, -10.00000000000000000 ) ) ;
#4384 = LINE ( 'NONE', #1348, #2382 ) ;
#4385 = ORIENTED_EDGE ( 'NONE', *, *, #9728, .F. ) ;
#4386 = EDGE_CURVE ( 'NONE', #9267, #6347, #7543, .T. ) ;
#4387 = EDGE_CURVE ( 'NONE', #9287, #9062, #6699, .T. ) ;
#4388 = DIRECTION ( 'NONE',  ( -0.2503800040544349459, -0.9681476403781095197, 0.000000000000000000 ) ) ;
#4389 = ORIENTED_EDGE ( 'NONE', *, *, #6510, .T. ) ;
#4390 = CARTESIAN_POINT ( 'NONE',  ( 73.69084505390856066, 11.24999999999624833, -9.990000000000000213 ) ) ;
#4391 = DIRECTION ( 'NONE',  ( 1.000000000000000000, -0.000000000000000000, 0.000000000000000000 ) ) ;
#4392 = VERTEX_POINT ( 'NONE', #1474 ) ;
#4393 = LINE ( 'NONE', #1209, #7327 ) ;
#4394 = ORIENTED_EDGE ( 'NONE', *, *, #7671, .T. ) ;
#4395 = VECTOR ( 'NONE', #883, 1000.000000000000000 ) ;
#4396 = DIRECTION ( 'NONE',  ( 1.000000000000000000, -0.000000000000000000, 0.000000000000000000 ) ) ;
#4397 = CARTESIAN_POINT ( 'NONE',  ( 144.8247164907121487, 18.00000000000299849, -10.00000000000000000 ) ) ;
#4398 = DIRECTION ( 'NONE',  ( 1.000000000000000000, -0.000000000000000000, -0.000000000000000000 ) ) ;
#4399 = ORIENTED_EDGE ( 'NONE', *, *, #2164, .T. ) ;
#4400 = VERTEX_POINT ( 'NONE', #730 ) ;
#4401 = CARTESIAN_POINT ( 'NONE',  ( 180.7859024236243215, 11.23999999999625032, 0.000000000000000000 ) ) ;
#4402 = ORIENTED_EDGE ( 'NONE', *, *, #6878, .T. ) ;
#4403 = CARTESIAN_POINT ( 'NONE',  ( 5.971730709438642926, 18.00000000000299849, -0.004142135623730950483 ) ) ;
#4404 = CARTESIAN_POINT ( 'NONE',  ( 120.8147348039556874, 11.24999999999624833, -9.990000000000000213 ) ) ;
#4405 = LINE ( 'NONE', #6852, #6718 ) ;
#4406 = LINE ( 'NONE', #7544, #2724 ) ;
#4407 = CARTESIAN_POINT ( 'NONE',  ( 111.3822140266678389, 11.23999999999625032, -10.00000000000000000 ) ) ;
#4408 = CARTESIAN_POINT ( 'NONE',  ( 156.7681779095894115, 18.00000000000299849, -0.009999999999999592548 ) ) ;
#4409 = DIRECTION ( 'NONE',  ( 0.000000000000000000, 0.000000000000000000, -1.000000000000000000 ) ) ;
#4410 = LINE ( 'NONE', #7499, #1287 ) ;
#4411 = EDGE_CURVE ( 'NONE', #1567, #4842, #4405, .T. ) ;
#4412 = ORIENTED_EDGE ( 'NONE', *, *, #7613, .F. ) ;
#4413 = ORIENTED_EDGE ( 'NONE', *, *, #2370, .T. ) ;
#4414 = FACE_OUTER_BOUND ( 'NONE', #3795, .T. ) ;
#4415 = ORIENTED_EDGE ( 'NONE', *, *, #752, .F. ) ;
#4416 = CARTESIAN_POINT ( 'NONE',  ( 224.4795494267808920, 11.23999999999625032, -10.00000000000000000 ) ) ;
#4417 = DIRECTION ( 'NONE',  ( 0.2503800040544349459, 0.9681476403781095197, 0.000000000000000000 ) ) ;
#4418 = CARTESIAN_POINT ( 'NONE',  ( 58.25604624622337013, 11.24999999999624833, -0.009999999999999592548 ) ) ;
#4419 = DIRECTION ( 'NONE',  ( 0.2503800040544349459, -0.9681476403781095197, -0.000000000000000000 ) ) ;
#4420 = ORIENTED_EDGE ( 'NONE', *, *, #6046, .T. ) ;
#4421 = ORIENTED_EDGE ( 'NONE', *, *, #5482, .F. ) ;
#4422 = CARTESIAN_POINT ( 'NONE',  ( 88.28379161793399987, 17.99000000000300048, -10.00000000000000000 ) ) ;
#4423 = DIRECTION ( 'NONE',  ( 0.2503800040544349459, -0.9681476403781095197, 0.000000000000000000 ) ) ;
#4424 = ORIENTED_EDGE ( 'NONE', *, *, #805, .T. ) ;
#4425 = CARTESIAN_POINT ( 'NONE',  ( -180.0041421356237379, 0.004142135623730637366, 2.046232824926288448E-16 ) ) ;
#4426 = FACE_OUTER_BOUND ( 'NONE', #1088, .T. ) ;
#4427 = ADVANCED_FACE ( 'NONE', ( #4452 ), #9033, .F. ) ;
#4428 = CARTESIAN_POINT ( 'NONE',  ( 0.000000000000000000, 18.00000000000299849, -9.990000000000000213 ) ) ;
#4429 = ORIENTED_EDGE ( 'NONE', *, *, #509, .T. ) ;
#4430 = AXIS2_PLACEMENT_3D ( 'NONE', #4366, #5915, #8211 ) ;
#4431 = ADVANCED_FACE ( 'NONE', ( #9880 ), #7439, .T. ) ;
#4432 = LINE ( 'NONE', #5789, #2769 ) ;
#4433 = ORIENTED_EDGE ( 'NONE', *, *, #5295, .F. ) ;
#4434 = DIRECTION ( 'NONE',  ( 0.2503800040544349459, 0.9681476403781095197, 0.000000000000000000 ) ) ;
#4435 = CYLINDRICAL_SURFACE ( 'NONE', #1235, 0.009999999999999998473 ) ;
#4436 = VERTEX_POINT ( 'NONE', #580 ) ;
#4437 = EDGE_CURVE ( 'NONE', #3071, #9192, #9297, .T. ) ;
#4438 = VECTOR ( 'NONE', #2175, 1000.000000000000000 ) ;
#4439 = CARTESIAN_POINT ( 'NONE',  ( 45.41330401981046094, 11.24585786437252288, -9.999999999999996447 ) ) ;
#4440 = ADVANCED_FACE ( 'NONE', ( #3654 ), #6106, .T. ) ;
#4441 = CARTESIAN_POINT ( 'NONE',  ( 283.4972739408158304, 0.5000000000000003331, -0.5000000000000003331 ) ) ;
#4442 = CARTESIAN_POINT ( 'NONE',  ( 0.000000000000000000, 18.00000000000299849, -9.990000000000000213 ) ) ;
#4443 = ORIENTED_EDGE ( 'NONE', *, *, #3229, .T. ) ;
#4444 = ORIENTED_EDGE ( 'NONE', *, *, #8871, .T. ) ;
#4445 = CARTESIAN_POINT ( 'NONE',  ( 218.4772713963835713, 11.23999999999625032, -0.009999999999999592548 ) ) ;
#4446 = ORIENTED_EDGE ( 'NONE', *, *, #216, .T. ) ;
#4447 = DIRECTION ( 'NONE',  ( 0.000000000000000000, 0.000000000000000000, -1.000000000000000000 ) ) ;
#4448 = PRODUCT ( 'Part 1 Rack arm push', 'Part 1 Rack arm push', '', ( #3446 ) ) ;
#4449 = DIRECTION ( 'NONE',  ( -0.9681476403782230955, -0.2503800040539953531, 0.000000000000000000 ) ) ;
#4450 = ORIENTED_EDGE ( 'NONE', *, *, #3141, .F. ) ;
#4451 = EDGE_CURVE ( 'NONE', #612, #8434, #4506, .T. ) ;
#4452 = FACE_OUTER_BOUND ( 'NONE', #692, .T. ) ;
#4453 = CARTESIAN_POINT ( 'NONE',  ( -180.0041421356237379, 17.99585786437927126, -10.00000000000000000 ) ) ;
#4454 = EDGE_CURVE ( 'NONE', #9703, #3071, #3762, .T. ) ;
#4455 = CARTESIAN_POINT ( 'NONE',  ( 0.000000000000000000, 17.99000000000300048, -0.01000000000000000021 ) ) ;
#4456 = DIRECTION ( 'NONE',  ( -1.000000000000000000, -0.000000000000000000, -0.000000000000000000 ) ) ;
#4457 = DIRECTION ( 'NONE',  ( 0.000000000000000000, 0.000000000000000000, -1.000000000000000000 ) ) ;
#4458 = EDGE_LOOP ( 'NONE', ( #2422, #8453, #8592, #6041 ) ) ;
#4459 = ORIENTED_EDGE ( 'NONE', *, *, #4290, .T. ) ;
#4460 = FACE_OUTER_BOUND ( 'NONE', #3391, .T. ) ;
#4461 = EDGE_LOOP ( 'NONE', ( #4543, #1395, #9044, #3177 ) ) ;
#4462 = CARTESIAN_POINT ( 'NONE',  ( 83.11562300391800306, 11.24999999999625366, -0.004142135623728732639 ) ) ;
#4463 = DIRECTION ( 'NONE',  ( 0.000000000000000000, 1.000000000000000000, 0.000000000000000000 ) ) ;
#4464 = VECTOR ( 'NONE', #7463, 1000.000000000000000 ) ;
#4465 = LINE ( 'NONE', #1, #1444 ) ;
#4466 = ADVANCED_FACE ( 'NONE', ( #4355 ), #2898, .T. ) ;
#4467 = DIRECTION ( 'NONE',  ( 0.2503800040544349459, -0.9681476403781095197, -0.000000000000000000 ) ) ;
#4468 = CARTESIAN_POINT ( 'NONE',  ( 77.10560214624221942, 11.24999999999624833, -0.009999999999999592548 ) ) ;
#4469 = ORIENTED_EDGE ( 'NONE', *, *, #2754, .F. ) ;
#4470 = ORIENTED_EDGE ( 'NONE', *, *, #5812, .F. ) ;
#4471 = DIRECTION ( 'NONE',  ( -0.9681476403781095197, -0.2503800040544349459, 0.000000000000000000 ) ) ;
#4472 = DIRECTION ( 'NONE',  ( 1.000000000000000000, -0.000000000000000000, 0.000000000000000000 ) ) ;
#4473 = VERTEX_POINT ( 'NONE', #7389 ) ;
#4474 = CARTESIAN_POINT ( 'NONE',  ( 137.9186220095704982, 18.00000000000300204, -9.995857864376265667 ) ) ;
#4475 = VECTOR ( 'NONE', #3631, 1000.000000000000000 ) ;
#4476 = CARTESIAN_POINT ( 'NONE',  ( 85.09311572267037604, 40.00657603351563552, -0.01000000000000000021 ) ) ;
#4477 = CIRCLE ( 'NONE', #159, 8.010000000000044196 ) ;
#4478 = DIRECTION ( 'NONE',  ( 0.000000000000000000, 0.000000000000000000, 1.000000000000000000 ) ) ;
#4479 = ORIENTED_EDGE ( 'NONE', *, *, #296, .F. ) ;
#4480 = FACE_OUTER_BOUND ( 'NONE', #7623, .T. ) ;
#4481 = AXIS2_PLACEMENT_3D ( 'NONE', #3708, #5957, #8980 ) ;
#4482 = ORIENTED_EDGE ( 'NONE', *, *, #5792, .F. ) ;
#4483 = LINE ( 'NONE', #4583, #2166 ) ;
#4484 = AXIS2_PLACEMENT_3D ( 'NONE', #5998, #3132, #3232 ) ;
#4485 = EDGE_CURVE ( 'NONE', #725, #5374, #6057, .T. ) ;
#4486 = ORIENTED_EDGE ( 'NONE', *, *, #7562, .F. ) ;
#4487 = FACE_OUTER_BOUND ( 'NONE', #7572, .T. ) ;
#4488 = ORIENTED_EDGE ( 'NONE', *, *, #1540, .F. ) ;
#4489 =( BOUNDED_CURVE ( )  B_SPLINE_CURVE ( 3, ( #7644, #778, #3905, #3855 ),
 .UNSPECIFIED., .F., .F. ) 
 B_SPLINE_CURVE_WITH_KNOTS ( ( 4, 4 ),
 ( 0.000000000000000000, 1.570796326795547371 ),
 .UNSPECIFIED. ) 
 CURVE ( )  GEOMETRIC_REPRESENTATION_ITEM ( )  RATIONAL_B_SPLINE_CURVE ( ( 1.000000000000000000, 0.8047378541242116157, 0.8047378541242116157, 1.000000000000000000 ) ) 
 REPRESENTATION_ITEM ( '' )  );
#4490 = EDGE_CURVE ( 'NONE', #952, #300, #9446, .T. ) ;
#4491 = CARTESIAN_POINT ( 'NONE',  ( 62.52039840949517924, 18.00000000000299849, -9.990000000000000213 ) ) ;
#4492 = CARTESIAN_POINT ( 'NONE',  ( 196.2032769276272290, 11.24749619995568040, -10.00000000000000000 ) ) ;
#4493 = VECTOR ( 'NONE', #3628, 1000.000000000000000 ) ;
#4494 = CARTESIAN_POINT ( 'NONE',  ( 283.4972739408158304, 0.5000000000000003331, -0.5000000000000003331 ) ) ;
#4495 = LINE ( 'NONE', #9771, #6439 ) ;
#4496 = EDGE_LOOP ( 'NONE', ( #7180, #9373, #6104, #9214 ) ) ;
#4497 = ORIENTED_EDGE ( 'NONE', *, *, #3086, .F. ) ;
#4498 = ADVANCED_FACE ( 'NONE', ( #3607 ), #3189, .T. ) ;
#4499 = CARTESIAN_POINT ( 'NONE',  ( 22.31034596786804514, 17.99000000000300048, -10.00000000000000000 ) ) ;
#4500 = EDGE_CURVE ( 'NONE', #7593, #5756, #9124, .T. ) ;
#4501 = ORIENTED_EDGE ( 'NONE', *, *, #6541, .F. ) ;
#4502 = CARTESIAN_POINT ( 'NONE',  ( -206.0100000000000193, -83.00000000000000000, -10.00000000000000000 ) ) ;
#4503 = VECTOR ( 'NONE', #2696, 1000.000000000000000 ) ;
#4504 = CARTESIAN_POINT ( 'NONE',  ( 210.7981621407780892, 18.00000000000299849, -10.00000000000000000 ) ) ;
#4505 = ORIENTED_EDGE ( 'NONE', *, *, #6652, .T. ) ;
#4506 = LINE ( 'NONE', #8922, #9256 ) ;
#4507 = ADVANCED_FACE ( 'NONE', ( #830 ), #6349, .T. ) ;
#4508 = LINE ( 'NONE', #1324, #8776 ) ;
#4509 = CARTESIAN_POINT ( 'NONE',  ( 283.2901671596292204, 0.01000000000000006439, -10.00000000000000355 ) ) ;
#4510 = VECTOR ( 'NONE', #3456, 1000.000000000000000 ) ;
#4511 = EDGE_CURVE ( 'NONE', #8800, #1011, #86, .T. ) ;
#4512 = DIRECTION ( 'NONE',  ( -0.000000000000000000, -0.000000000000000000, 1.000000000000000000 ) ) ;
#4513 = DIRECTION ( 'NONE',  ( -0.9681476403781095197, -0.2503800040544349459, 0.000000000000000000 ) ) ;
#4514 = LINE ( 'NONE', #3613, #2096 ) ;
#4515 = ORIENTED_EDGE ( 'NONE', *, *, #4941, .T. ) ;
#4516 = VERTEX_POINT ( 'NONE', #3296 ) ;
#4517 = DIRECTION ( 'NONE',  ( 0.2503800040544349459, 0.9681476403781095197, 0.000000000000000000 ) ) ;
#4518 = EDGE_LOOP ( 'NONE', ( #2839, #2609, #9472, #4878 ) ) ;
#4519 = DIRECTION ( 'NONE',  ( 0.000000000000000000, 0.000000000000000000, 1.000000000000000000 ) ) ;
#4520 = DIRECTION ( 'NONE',  ( -1.000000000000000000, 0.000000000000000000, 0.000000000000000000 ) ) ;
#4521 = VECTOR ( 'NONE', #7843, 1000.000000000000000 ) ;
#4522 = PLANE ( 'NONE',  #807 ) ;
#4523 = CYLINDRICAL_SURFACE ( 'NONE', #8900, 0.009999999999999592548 ) ;
#4524 = AXIS2_PLACEMENT_3D ( 'NONE', #6215, #898, #991 ) ;
#4525 = LINE ( 'NONE', #2254, #8025 ) ;
#4526 = VERTEX_POINT ( 'NONE', #5456 ) ;
#4527 = ORIENTED_EDGE ( 'NONE', *, *, #3122, .T. ) ;
#4528 = DIRECTION ( 'NONE',  ( -1.000000000000000000, 4.382459307730881392E-16, 0.000000000000000000 ) ) ;
#4529 = CARTESIAN_POINT ( 'NONE',  ( 191.9486062407592613, 18.00000000000299849, -0.009999999999999592548 ) ) ;
#4530 =( BOUNDED_CURVE ( )  B_SPLINE_CURVE ( 3, ( #6503, #7294, #8196, #5101 ),
 .UNSPECIFIED., .F., .F. ) 
 B_SPLINE_CURVE_WITH_KNOTS ( ( 4, 4 ),
 ( 3.141592653589793116, 4.712388980384018211 ),
 .UNSPECIFIED. ) 
 CURVE ( )  GEOMETRIC_REPRESENTATION_ITEM ( )  RATIONAL_B_SPLINE_CURVE ( ( 1.000000000000000000, 0.8047378541245233663, 0.8047378541245233663, 1.000000000000000000 ) ) 
 REPRESENTATION_ITEM ( '' )  );
#4531 = VERTEX_POINT ( 'NONE', #1525 ) ;
#4532 = FACE_OUTER_BOUND ( 'NONE', #8512, .T. ) ;
#4533 =( BOUNDED_CURVE ( )  B_SPLINE_CURVE ( 3, ( #2360, #9258, #2409, #3223 ),
 .UNSPECIFIED., .F., .F. ) 
 B_SPLINE_CURVE_WITH_KNOTS ( ( 4, 4 ),
 ( 0.000000000000000000, 1.570796326795113496 ),
 .UNSPECIFIED. ) 
 CURVE ( )  GEOMETRIC_REPRESENTATION_ITEM ( )  RATIONAL_B_SPLINE_CURVE ( ( 1.000000000000000000, 0.8047378541243138672, 0.8047378541243138672, 1.000000000000000000 ) ) 
 REPRESENTATION_ITEM ( '' )  );
#4534 = CARTESIAN_POINT ( 'NONE',  ( 175.6099909823298617, 17.99000000000299693, -10.00000000000000000 ) ) ;
#4535 = VERTEX_POINT ( 'NONE', #6195 ) ;
#4536 = TOROIDAL_SURFACE ( 'NONE', #1153, 17.98999999999998778, 0.01000000000000000021 ) ;
#4537 = CYLINDRICAL_SURFACE ( 'NONE', #8819, 0.01000000000000105319 ) ;
#4538 = AXIS2_PLACEMENT_3D ( 'NONE', #9854, #4472, #4576 ) ;
#4539 = ORIENTED_EDGE ( 'NONE', *, *, #9010, .F. ) ;
#4540 = LINE ( 'NONE', #8279, #3311 ) ;
#4541 = ORIENTED_EDGE ( 'NONE', *, *, #2153, .T. ) ;
#4542 = CARTESIAN_POINT ( 'NONE',  ( 190.2029375463553720, 11.24999999999624833, -0.004142135623730543691 ) ) ;
#4543 = ORIENTED_EDGE ( 'NONE', *, *, #1605, .T. ) ;
#4544 = VECTOR ( 'NONE', #6801, 1000.000000000000000 ) ;
#4545 = CARTESIAN_POINT ( 'NONE',  ( 45.41651120388030449, 11.24999999999624833, -9.990000000000000213 ) ) ;
#4546 = ORIENTED_EDGE ( 'NONE', *, *, #8111, .T. ) ;
#4547 = ORIENTED_EDGE ( 'NONE', *, *, #9844, .T. ) ;
#4548 = FACE_OUTER_BOUND ( 'NONE', #1785, .T. ) ;
#4549 = ORIENTED_EDGE ( 'NONE', *, *, #3348, .T. ) ;
#4550 = DIRECTION ( 'NONE',  ( 0.2503800040544349459, 0.9681476403781095197, 0.000000000000000000 ) ) ;
#4551 = COLOUR_RGB ( '',0.7921568627450980005, 0.8196078431372548767, 0.9333333333333333481 ) ;
#4552 = CYLINDRICAL_SURFACE ( 'NONE', #8343, 0.01000000000000690267 ) ;
#4553 = VERTEX_POINT ( 'NONE', #1727 ) ;
#4554 = DIRECTION ( 'NONE',  ( -0.2503800040544349459, -0.9681476403781095197, 0.000000000000000000 ) ) ;
#4555 = DIRECTION ( 'NONE',  ( 0.000000000000000000, 0.000000000000000000, -1.000000000000000000 ) ) ;
#4556 = CARTESIAN_POINT ( 'NONE',  ( 83.11562300391798885, 11.24999999999624833, -0.009999999999999592548 ) ) ;
#4557 = ADVANCED_FACE ( 'NONE', ( #7051 ), #9224, .T. ) ;
#4558 = LINE ( 'NONE', #5368, #8827 ) ;
#4559 = DIRECTION ( 'NONE',  ( 0.2503800040544349459, -0.9681476403781095197, 0.000000000000000000 ) ) ;
#4560 = LINE ( 'NONE', #9836, #5991 ) ;
#4561 = VERTEX_POINT ( 'NONE', #7695 ) ;
#4562 = EDGE_CURVE ( 'NONE', #1872, #9849, #877, .T. ) ;
#4563 = ORIENTED_EDGE ( 'NONE', *, *, #2340, .F. ) ;
#4564 = CARTESIAN_POINT ( 'NONE',  ( -189.9899999999999523, -83.00000000000000000, -10.00000000000000000 ) ) ;
#4565 = EDGE_LOOP ( 'NONE', ( #4375, #4694, #6816, #355 ) ) ;
#4566 = CARTESIAN_POINT ( 'NONE',  ( 194.4607208229844559, 18.02540000000299969, -0.009999999999999592548 ) ) ;
#4567 = DIRECTION ( 'NONE',  ( 0.2503800040544349459, 0.9681476403781095197, 0.000000000000000000 ) ) ;
#4568 = EDGE_CURVE ( 'NONE', #5873, #2476, #9381, .T. ) ;
#4569 = EDGE_CURVE ( 'NONE', #254, #7555, #619, .T. ) ;
#4570 = FACE_OUTER_BOUND ( 'NONE', #7414, .T. ) ;
#4571 = CARTESIAN_POINT ( 'NONE',  ( 43.66763532540650061, 17.99585786437927126, -1.271149606709709115E-15 ) ) ;
#4572 = VERTEX_POINT ( 'NONE', #973 ) ;
#4573 = EDGE_CURVE ( 'NONE', #2500, #2475, #4647, .T. ) ;
#4574 = ORIENTED_EDGE ( 'NONE', *, *, #1056, .F. ) ;
#4575 = DIRECTION ( 'NONE',  ( -1.000000000000000000, 0.000000000000000000, 0.000000000000000000 ) ) ;
#4576 = DIRECTION ( 'NONE',  ( 0.000000000000000000, 0.000000000000000000, -1.000000000000000000 ) ) ;
#4577 = ORIENTED_EDGE ( 'NONE', *, *, #9241, .T. ) ;
#4578 = DIRECTION ( 'NONE',  ( -0.2503800040544349459, 0.9681476403781095197, 0.000000000000000000 ) ) ;
#4579 = LINE ( 'NONE', #4428, #4475 ) ;
#4580 =( BOUNDED_CURVE ( )  B_SPLINE_CURVE ( 3, ( #19, #3694, #9819, #3079 ),
 .UNSPECIFIED., .F., .T. ) 
 B_SPLINE_CURVE_WITH_KNOTS ( ( 4, 4 ),
 ( 3.141592653589793116, 4.712388980384689674 ),
 .UNSPECIFIED. ) 
 CURVE ( )  GEOMETRIC_REPRESENTATION_ITEM ( )  RATIONAL_B_SPLINE_CURVE ( ( 1.000000000000000000, 0.8047378541243649375, 0.8047378541243649375, 1.000000000000000000 ) ) 
 REPRESENTATION_ITEM ( '' )  );
#4581 = DIRECTION ( 'NONE',  ( 1.000000000000000000, 0.000000000000000000, 0.000000000000000000 ) ) ;
#4582 = ORIENTED_EDGE ( 'NONE', *, *, #6902, .T. ) ;
#4583 = CARTESIAN_POINT ( 'NONE',  ( 118.0874408030861105, -12.53948868325947785, 0.000000000000000000 ) ) ;
#4584 = ORIENTED_EDGE ( 'NONE', *, *, #3028, .T. ) ;
#4585 = CARTESIAN_POINT ( 'NONE',  ( 190.2029375463553151, 11.24999999999624833, -0.009999999999999592548 ) ) ;
#4586 = ORIENTED_EDGE ( 'NONE', *, *, #3946, .F. ) ;
#4587 = CYLINDRICAL_SURFACE ( 'NONE', #9571, 0.009999999999999998473 ) ;
#4588 = CARTESIAN_POINT ( 'NONE',  ( 138.0967391641720212, 53.71424509006565273, -9.990000000000000213 ) ) ;
#4589 = ADVANCED_FACE ( 'NONE', ( #9279 ), #5508, .T. ) ;
#4590 = ORIENTED_EDGE ( 'NONE', *, *, #8641, .F. ) ;
#4591 = ORIENTED_EDGE ( 'NONE', *, *, #2659, .F. ) ;
#4592 = VECTOR ( 'NONE', #5715, 1000.000000000000000 ) ;
#4593 = FACE_OUTER_BOUND ( 'NONE', #1141, .T. ) ;
#4594 = ORIENTED_EDGE ( 'NONE', *, *, #5847, .T. ) ;
#4595 = CARTESIAN_POINT ( 'NONE',  ( 48.83126829621394904, 11.24999999999624833, -0.009999999999999592548 ) ) ;
#4596 = CYLINDRICAL_SURFACE ( 'NONE', #7368, 0.01000000000000000021 ) ;
#4597 = ORIENTED_EDGE ( 'NONE', *, *, #8858, .F. ) ;
#4598 = DIRECTION ( 'NONE',  ( 0.000000000000000000, 0.000000000000000000, 1.000000000000000000 ) ) ;
#4599 = FACE_OUTER_BOUND ( 'NONE', #3168, .T. ) ;
#4600 = CARTESIAN_POINT ( 'NONE',  ( 0.000000000000000000, 11.23999999999625032, -9.990000000000000213 ) ) ;
#4601 = DIRECTION ( 'NONE',  ( -0.9681476403780548967, -0.2503800040546457217, 0.000000000000000000 ) ) ;
#4602 = FACE_OUTER_BOUND ( 'NONE', #2635, .T. ) ;
#4603 = CARTESIAN_POINT ( 'NONE',  ( 220.2391904538339702, 18.02289619996245307, -0.009999999999999592548 ) ) ;
#4604 = LINE ( 'NONE', #7701, #4678 ) ;
#4605 = ORIENTED_EDGE ( 'NONE', *, *, #1045, .T. ) ;
#4606 = ORIENTED_EDGE ( 'NONE', *, *, #939, .T. ) ;
#4607 = DIRECTION ( 'NONE',  ( 1.460819769243627131E-16, 1.000000000000000000, 0.000000000000000000 ) ) ;
#4608 = VERTEX_POINT ( 'NONE', #7100 ) ;
#4609 = CARTESIAN_POINT ( 'NONE',  ( 171.3533816463364872, 11.24999999999625544, -9.990000000000000213 ) ) ;
#4610 = CARTESIAN_POINT ( 'NONE',  ( -197.9999999999999716, 107.0000000000000000, -10.00000000000000000 ) ) ;
#4611 = EDGE_CURVE ( 'NONE', #3595, #9696, #7795, .T. ) ;
#4612 = DIRECTION ( 'NONE',  ( 1.000000000000000000, -0.000000000000000000, 0.000000000000000000 ) ) ;
#4613 = EDGE_CURVE ( 'NONE', #5896, #2782, #3857, .T. ) ;
#4614 = DIRECTION ( 'NONE',  ( -0.9681476403780955309, -0.2503800040544887362, 0.000000000000000000 ) ) ;
#4615 = DIRECTION ( 'NONE',  ( -0.2503800040544349459, -0.9681476403781095197, 0.000000000000000000 ) ) ;
#4616 = VERTEX_POINT ( 'NONE', #36 ) ;
#4617 = ORIENTED_EDGE ( 'NONE', *, *, #8810, .T. ) ;
#4618 = EDGE_CURVE ( 'NONE', #3814, #4860, #6152, .T. ) ;
#4619 = CYLINDRICAL_SURFACE ( 'NONE', #1158, 0.009999999999999592548 ) ;
#4620 = CARTESIAN_POINT ( 'NONE',  ( 0.000000000000000000, 17.99000000000300048, -0.01000000000000000021 ) ) ;
#4621 = CIRCLE ( 'NONE', #6538, 0.009999999999999592548 ) ;
#4622 = ORIENTED_EDGE ( 'NONE', *, *, #1720, .F. ) ;
#4623 = ADVANCED_FACE ( 'NONE', ( #5407 ), #1294, .F. ) ;
#4624 = DIRECTION ( 'NONE',  ( 0.2503800040544349459, -0.9681476403781095197, -0.000000000000000000 ) ) ;
#4625 =( BOUNDED_CURVE ( )  B_SPLINE_CURVE ( 3, ( #2726, #1961, #4239, #8805 ),
 .UNSPECIFIED., .F., .F. ) 
 B_SPLINE_CURVE_WITH_KNOTS ( ( 4, 4 ),
 ( 3.141592653589793116, 4.712388980384689674 ),
 .UNSPECIFIED. ) 
 CURVE ( )  GEOMETRIC_REPRESENTATION_ITEM ( )  RATIONAL_B_SPLINE_CURVE ( ( 1.000000000000000000, 0.8047378541243649375, 0.8047378541243649375, 1.000000000000000000 ) ) 
 REPRESENTATION_ITEM ( '' )  );
#4626 = EDGE_CURVE ( 'NONE', #4392, #9354, #515, .T. ) ;
#4627 = PLANE ( 'NONE',  #2222 ) ;
#4628 = AXIS2_PLACEMENT_3D ( 'NONE', #944, #4074, #7158 ) ;
#4629 = FACE_OUTER_BOUND ( 'NONE', #5464, .T. ) ;
#4630 = EDGE_CURVE ( 'NONE', #4950, #7555, #4382, .T. ) ;
#4631 = CARTESIAN_POINT ( 'NONE',  ( 0.000000000000000000, 18.00000000000299849, -10.00000000000000000 ) ) ;
#4632 = CARTESIAN_POINT ( 'NONE',  ( 81.36221148223562238, 17.99000000000300048, 0.000000000000000000 ) ) ;
#4633 = ORIENTED_EDGE ( 'NONE', *, *, #5893, .F. ) ;
#4634 = VECTOR ( 'NONE', #2236, 1000.000000000000000 ) ;
#4635 = VERTEX_POINT ( 'NONE', #2820 ) ;
#4636 = CARTESIAN_POINT ( 'NONE',  ( 246.7516052464118559, 11.24999999999624833, -10.00000000000000000 ) ) ;
#4637 = CARTESIAN_POINT ( 'NONE',  ( 190.2029375463553151, 11.23999999999625032, -10.00000000000000000 ) ) ;
#4638 = VECTOR ( 'NONE', #7597, 1000.000000000000000 ) ;
#4639 = AXIS2_PLACEMENT_3D ( 'NONE', #3581, #1297, #1453 ) ;
#4640 = ORIENTED_EDGE ( 'NONE', *, *, #9808, .T. ) ;
#4641 = ORIENTED_EDGE ( 'NONE', *, *, #9622, .F. ) ;
#4642 = CARTESIAN_POINT ( 'NONE',  ( 190.2029375463553436, 11.24999999999624478, -9.990000000000000213 ) ) ;
#4643 = ORIENTED_EDGE ( 'NONE', *, *, #14, .F. ) ;
#4644 = DIRECTION ( 'NONE',  ( -0.9681476403781095197, -0.2503800040544349459, 0.000000000000000000 ) ) ;
#4645 = CARTESIAN_POINT ( 'NONE',  ( 139.6642907039744728, 11.24999999999624656, -9.995857864376269220 ) ) ;
#4646 = ORIENTED_EDGE ( 'NONE', *, *, #871, .T. ) ;
#4647 = LINE ( 'NONE', #7750, #8008 ) ;
#4648 = VECTOR ( 'NONE', #1452, 1000.000000000000000 ) ;
#4649 =( BOUNDED_CURVE ( )  B_SPLINE_CURVE ( 3, ( #9666, #8291, #572, #1416 ),
 .UNSPECIFIED., .F., .T. ) 
 B_SPLINE_CURVE_WITH_KNOTS ( ( 4, 4 ),
 ( 0.000000000000000000, 1.570796326794788200 ),
 .UNSPECIFIED. ) 
 CURVE ( )  GEOMETRIC_REPRESENTATION_ITEM ( )  RATIONAL_B_SPLINE_CURVE ( ( 1.000000000000000000, 0.8047378541243905836, 0.8047378541243905836, 1.000000000000000000 ) ) 
 REPRESENTATION_ITEM ( '' )  );
#4650 = DIRECTION ( 'NONE',  ( -1.000000000000000000, 0.000000000000000000, 0.000000000000000000 ) ) ;
#4651 = CARTESIAN_POINT ( 'NONE',  ( 137.9154148255007044, 17.99585786437926771, 1.270432225224321681E-15 ) ) ;
#4652 = PLANE ( 'NONE',  #942 ) ;
#4653 = VECTOR ( 'NONE', #4663, 1000.000000000000000 ) ;
#4654 = CARTESIAN_POINT ( 'NONE',  ( 93.92705296292065498, 42.29118754294063365, 0.000000000000000000 ) ) ;
#4655 = DIRECTION ( 'NONE',  ( 0.000000000000000000, -1.000000000000000000, 0.000000000000000000 ) ) ;
#4656 = ORIENTED_EDGE ( 'NONE', *, *, #5959, .T. ) ;
#4657 = ORIENTED_EDGE ( 'NONE', *, *, #2237, .T. ) ;
#4658 = CARTESIAN_POINT ( 'NONE',  ( -180.0099999999999909, 18.00000000000302691, -9.990000000000000213 ) ) ;
#4659 = VERTEX_POINT ( 'NONE', #6675 ) ;
#4660 = CARTESIAN_POINT ( 'NONE',  ( 114.8079211303497118, 11.24585786437251933, -9.999999999999998224 ) ) ;
#4661 = DIRECTION ( 'NONE',  ( -0.000000000000000000, 1.000000000000000000, -0.000000000000000000 ) ) ;
#4662 = DIRECTION ( 'NONE',  ( 0.000000000000000000, 0.000000000000000000, 1.000000000000000000 ) ) ;
#4663 = DIRECTION ( 'NONE',  ( 1.000000000000000000, 0.000000000000000000, 0.000000000000000000 ) ) ;
#4664 = AXIS2_PLACEMENT_3D ( 'NONE', #1589, #4867, #50 ) ;
#4665 = CARTESIAN_POINT ( 'NONE',  ( 143.0790477963081742, 11.24999999999624833, -9.990000000000000213 ) ) ;
#4666 = CARTESIAN_POINT ( 'NONE',  ( 173.4324881251731654, 62.85269112776567368, -9.990000000000000213 ) ) ;
#4667 = ORIENTED_EDGE ( 'NONE', *, *, #3229, .F. ) ;
#4668 = VERTEX_POINT ( 'NONE', #6728 ) ;
#4669 = DIRECTION ( 'NONE',  ( -1.000000000000000000, 0.000000000000000000, 0.000000000000000000 ) ) ;
#4670 = DIRECTION ( 'NONE',  ( 0.2503800040544349459, 0.9681476403781095197, 0.000000000000000000 ) ) ;
#4671 = AXIS2_PLACEMENT_3D ( 'NONE', #6618, #4888, #7928 ) ;
#4672 = ADVANCED_FACE ( 'NONE', ( #3580 ), #5933, .T. ) ;
#4673 =( BOUNDED_CURVE ( )  B_SPLINE_CURVE ( 3, ( #6081, #8471, #64, #7624 ),
 .UNSPECIFIED., .F., .F. ) 
 B_SPLINE_CURVE_WITH_KNOTS ( ( 4, 4 ),
 ( 3.141592653589813544, 4.712388980384472958 ),
 .UNSPECIFIED. ) 
 CURVE ( )  GEOMETRIC_REPRESENTATION_ITEM ( )  RATIONAL_B_SPLINE_CURVE ( ( 1.000000000000000000, 0.8047378541244208927, 0.8047378541244208927, 1.000000000000000000 ) ) 
 REPRESENTATION_ITEM ( '' )  );
#4674 = ORIENTED_EDGE ( 'NONE', *, *, #2153, .F. ) ;
#4675 = LINE ( 'NONE', #3221, #8481 ) ;
#4676 = EDGE_CURVE ( 'NONE', #4913, #2162, #9604, .T. ) ;
#4677 = CARTESIAN_POINT ( 'NONE',  ( 107.1333475179528705, 17.99000000000300048, 0.000000000000000000 ) ) ;
#4678 = VECTOR ( 'NONE', #4710, 1000.000000000000000 ) ;
#4679 = ADVANCED_FACE ( 'NONE', ( #1199 ), #4854, .T. ) ;
#4680 = DIRECTION ( 'NONE',  ( 0.9681476403780520101, -0.2503800040546569350, 0.000000000000000000 ) ) ;
#4681 = CARTESIAN_POINT ( 'NONE',  ( 283.4972739408158304, 0.5000000000000003331, -0.5000000000000003331 ) ) ;
#4682 = DIRECTION ( 'NONE',  ( 0.000000000000000000, -0.000000000000000000, 1.000000000000000000 ) ) ;
#4683 = FACE_OUTER_BOUND ( 'NONE', #8882, .T. ) ;
#4684 = LINE ( 'NONE', #4736, #6500 ) ;
#4685 = EDGE_CURVE ( 'NONE', #4315, #6586, #4107, .T. ) ;
#4686 = ORIENTED_EDGE ( 'NONE', *, *, #7621, .F. ) ;
#4687 = ORIENTED_EDGE ( 'NONE', *, *, #8999, .T. ) ;
#4688 = CARTESIAN_POINT ( 'NONE',  ( 224.4872922540593549, 11.24999999999624833, -0.009999999999999592548 ) ) ;
#4689 = EDGE_CURVE ( 'NONE', #1125, #9287, #5607, .T. ) ;
#4690 = DIRECTION ( 'NONE',  ( -1.000000000000000000, 0.000000000000000000, 0.000000000000000000 ) ) ;
#4691 = VECTOR ( 'NONE', #2265, 1000.000000000000000 ) ;
#4692 = EDGE_CURVE ( 'NONE', #7480, #9592, #9651, .T. ) ;
#4693 = ORIENTED_EDGE ( 'NONE', *, *, #2685, .F. ) ;
#4694 = ORIENTED_EDGE ( 'NONE', *, *, #3123, .T. ) ;
#4695 = EDGE_CURVE ( 'NONE', #8312, #4516, #9697, .T. ) ;
#4696 = DIRECTION ( 'NONE',  ( 0.000000000000000000, 0.000000000000000000, -1.000000000000000000 ) ) ;
#4697 = ORIENTED_EDGE ( 'NONE', *, *, #6960, .T. ) ;
#4698 = CARTESIAN_POINT ( 'NONE',  ( 0.000000000000000000, 11.23999999999625032, 0.000000000000000000 ) ) ;
#4699 = DIRECTION ( 'NONE',  ( 1.000000000000000000, -0.000000000000000000, 0.000000000000000000 ) ) ;
#4700 = ORIENTED_EDGE ( 'NONE', *, *, #8764, .T. ) ;
#4701 = CARTESIAN_POINT ( 'NONE',  ( 119.0658589254818907, 17.99585786437927482, -9.999999999999996447 ) ) ;
#4702 = AXIS2_PLACEMENT_3D ( 'NONE', #5928, #2767, #8757 ) ;
#4703 = AXIS2_PLACEMENT_3D ( 'NONE', #4445, #1469, #9825 ) ;
#4704 =( BOUNDED_CURVE ( )  B_SPLINE_CURVE ( 3, ( #9236, #5468, #4660, #6970 ),
 .UNSPECIFIED., .F., .F. ) 
 B_SPLINE_CURVE_WITH_KNOTS ( ( 4, 4 ),
 ( 3.141592653589793116, 4.712388980384018211 ),
 .UNSPECIFIED. ) 
 CURVE ( )  GEOMETRIC_REPRESENTATION_ITEM ( )  RATIONAL_B_SPLINE_CURVE ( ( 1.000000000000000000, 0.8047378541245233663, 0.8047378541245233663, 1.000000000000000000 ) ) 
 REPRESENTATION_ITEM ( '' )  );
#4705 =( BOUNDED_CURVE ( )  B_SPLINE_CURVE ( 3, ( #3333, #1059, #2628, #5836 ),
 .UNSPECIFIED., .F., .F. ) 
 B_SPLINE_CURVE_WITH_KNOTS ( ( 4, 4 ),
 ( 0.000000000000000000, 1.570796326795113496 ),
 .UNSPECIFIED. ) 
 CURVE ( )  GEOMETRIC_REPRESENTATION_ITEM ( )  RATIONAL_B_SPLINE_CURVE ( ( 1.000000000000000000, 0.8047378541243138672, 0.8047378541243138672, 1.000000000000000000 ) ) 
 REPRESENTATION_ITEM ( '' )  );
#4706 = FACE_OUTER_BOUND ( 'NONE', #3593, .T. ) ;
#4707 = CARTESIAN_POINT ( 'NONE',  ( 283.2582673130320359, 17.93719114079427612, -0.05388659102969048376 ) ) ;
#4708 = VECTOR ( 'NONE', #4142, 1000.000000000000000 ) ;
#4709 = DIRECTION ( 'NONE',  ( 0.000000000000000000, 0.000000000000000000, 1.000000000000000000 ) ) ;
#4710 = DIRECTION ( 'NONE',  ( 0.000000000000000000, 0.000000000000000000, -1.000000000000000000 ) ) ;
#4711 = ORIENTED_EDGE ( 'NONE', *, *, #2713, .T. ) ;
#4712 = EDGE_LOOP ( 'NONE', ( #1755, #2879, #9145, #190 ) ) ;
#4713 = CARTESIAN_POINT ( 'NONE',  ( 283.4972739408158304, 17.62864197856654158, -9.631267325064934326 ) ) ;
#4714 = EDGE_LOOP ( 'NONE', ( #2379, #8744, #2794, #5009 ) ) ;
#4715 = DIRECTION ( 'NONE',  ( -0.9681476403780548967, -0.2503800040546457217, 0.000000000000000000 ) ) ;
#4716 = LINE ( 'NONE', #7762, #8492 ) ;
#4717 = CARTESIAN_POINT ( 'NONE',  ( 282.9972739408158304, 18.00000000000299849, -10.00000000000000000 ) ) ;
#4718 = LINE ( 'NONE', #6363, #6102 ) ;
#4719 = VECTOR ( 'NONE', #661, 1000.000000000000000 ) ;
#4720 = CARTESIAN_POINT ( 'NONE',  ( 283.4972739408158304, 17.50000000000299849, -9.500000000000000000 ) ) ;
#4721 = EDGE_CURVE ( 'NONE', #996, #9700, #251, .T. ) ;
#4722 = ADVANCED_FACE ( 'NONE', ( #8953 ), #4285, .T. ) ;
#4723 = CARTESIAN_POINT ( 'NONE',  ( 218.4772713963835713, 11.24999999999624833, -0.009999999999999592548 ) ) ;
#4724 = DIRECTION ( 'NONE',  ( -1.000000000000000000, -0.000000000000000000, -0.000000000000000000 ) ) ;
#4725 = ORIENTED_EDGE ( 'NONE', *, *, #2483, .T. ) ;
#4726 = VERTEX_POINT ( 'NONE', #7462 ) ;
#4727 = CARTESIAN_POINT ( 'NONE',  ( 229.6542869274396139, 18.02540000000299969, -10.00000000000000000 ) ) ;
#4728 = CARTESIAN_POINT ( 'NONE',  ( 53.09241327541591460, 17.99585786437927126, -1.271149606709709115E-15 ) ) ;
#4729 = ORIENTED_EDGE ( 'NONE', *, *, #2523, .T. ) ;
#4730 = DIRECTION ( 'NONE',  ( 0.000000000000000000, 1.000000000000000000, 0.000000000000000000 ) ) ;
#4731 = DIRECTION ( 'NONE',  ( 0.000000000000000000, 0.000000000000000000, 1.000000000000000000 ) ) ;
#4732 = CARTESIAN_POINT ( 'NONE',  ( 43.67084250947634416, 18.00000000000299849, -9.990000000000000213 ) ) ;
#4733 =( BOUNDED_CURVE ( )  B_SPLINE_CURVE ( 3, ( #2762, #5823, #5073, #9500 ),
 .UNSPECIFIED., .F., .F. ) 
 B_SPLINE_CURVE_WITH_KNOTS ( ( 4, 4 ),
 ( 3.141592653589793116, 4.712388980382110404 ),
 .UNSPECIFIED. ) 
 CURVE ( )  GEOMETRIC_REPRESENTATION_ITEM ( )  RATIONAL_B_SPLINE_CURVE ( ( 1.000000000000000000, 0.8047378541249728956, 0.8047378541249728956, 1.000000000000000000 ) ) 
 REPRESENTATION_ITEM ( '' )  );
#4734 = DIRECTION ( 'NONE',  ( -0.9681476403780548967, -0.2503800040546457217, 0.000000000000000000 ) ) ;
#4735 = CYLINDRICAL_SURFACE ( 'NONE', #5651, 0.01000000000000000021 ) ;
#4736 = CARTESIAN_POINT ( 'NONE',  ( 35.99173325387087630, 11.24999999999624833, -10.00000000000000000 ) ) ;
#4737 = ORIENTED_EDGE ( 'NONE', *, *, #5221, .F. ) ;
#4738 = EDGE_CURVE ( 'NONE', #9062, #2115, #7364, .T. ) ;
#4739 = CARTESIAN_POINT ( 'NONE',  ( 5.971730709438642926, 18.00000000000299849, -10.00000000000000000 ) ) ;
#4740 = LINE ( 'NONE', #6947, #9246 ) ;
#4741 = ADVANCED_FACE ( 'NONE', ( #7898 ), #8121, .F. ) ;
#4742 = VERTEX_POINT ( 'NONE', #2105 ) ;
#4743 = CARTESIAN_POINT ( 'NONE',  ( 111.3899568539462592, 11.24999999999624833, -10.00000000000000000 ) ) ;
#4744 = EDGE_CURVE ( 'NONE', #254, #2979, #8636, .T. ) ;
#4745 = CARTESIAN_POINT ( 'NONE',  ( 163.6742723907309767, 18.00000000000299849, -9.990000000000000213 ) ) ;
#4746 = VERTEX_POINT ( 'NONE', #1247 ) ;
#4747 = CARTESIAN_POINT ( 'NONE',  ( 147.3368310729373434, 18.02540000000299969, -10.00000000000000000 ) ) ;
#4748 = FACE_OUTER_BOUND ( 'NONE', #2876, .T. ) ;
#4749 = ORIENTED_EDGE ( 'NONE', *, *, #1409, .T. ) ;
#4750 = VECTOR ( 'NONE', #3488, 1000.000000000000000 ) ;
#4751 = DIRECTION ( 'NONE',  ( -1.000000000000000000, 0.000000000000000000, 0.000000000000000000 ) ) ;
#4752 = EDGE_CURVE ( 'NONE', #9062, #6191, #1580, .T. ) ;
#4753 = CARTESIAN_POINT ( 'NONE',  ( 241.5911794596742368, 18.00000000000299849, -9.990000000000000213 ) ) ;
#4754 = EDGE_CURVE ( 'NONE', #7831, #3786, #2725, .T. ) ;
#4755 = DIRECTION ( 'NONE',  ( -1.000000000000000000, 0.000000000000000000, 0.000000000000000000 ) ) ;
#4756 = DIRECTION ( 'NONE',  ( 0.000000000000000000, -0.000000000000000000, 1.000000000000000000 ) ) ;
#4757 = AXIS2_PLACEMENT_3D ( 'NONE', #4747, #8582, #235 ) ;
#4758 = CARTESIAN_POINT ( 'NONE',  ( 100.2195102095328707, 18.00000000000300560, -9.990000000000000213 ) ) ;
#4759 = ORIENTED_EDGE ( 'NONE', *, *, #2972, .F. ) ;
#4760 = ORIENTED_EDGE ( 'NONE', *, *, #1347, .F. ) ;
#4761 = EDGE_CURVE ( 'NONE', #2366, #6407, #9058, .T. ) ;
#4762 = EDGE_LOOP ( 'NONE', ( #2376, #2069, #4991, #5323 ) ) ;
#4763 = CARTESIAN_POINT ( 'NONE',  ( 109.2535035628357889, -10.25487717383446373, -9.990000000000000213 ) ) ;
#4764 = FACE_OUTER_BOUND ( 'NONE', #6044, .T. ) ;
#4765 = FACE_OUTER_BOUND ( 'NONE', #1719, .T. ) ;
#4766 = DIRECTION ( 'NONE',  ( -0.2503800040544349459, -0.9681476403781095197, 0.000000000000000000 ) ) ;
#4767 = LINE ( 'NONE', #6316, #4310 ) ;
#4768 = LINE ( 'NONE', #7767, #1090 ) ;
#4769 = CARTESIAN_POINT ( 'NONE',  ( 24.81471772281485144, 18.02540000000299969, -0.009999999999999592548 ) ) ;
#4770 = ORIENTED_EDGE ( 'NONE', *, *, #2754, .T. ) ;
#4771 = ORIENTED_EDGE ( 'NONE', *, *, #2277, .T. ) ;
#4772 = CARTESIAN_POINT ( 'NONE',  ( 5.587680560417841669, 19.44507244869058837, -9.990000000000000213 ) ) ;
#4773 = DIRECTION ( 'NONE',  ( -0.2503800040544349459, -0.9681476403781095197, 0.000000000000000000 ) ) ;
#4774 = ORIENTED_EDGE ( 'NONE', *, *, #5313, .F. ) ;
#4775 = ORIENTED_EDGE ( 'NONE', *, *, #7796, .F. ) ;
#4776 = EDGE_CURVE ( 'NONE', #9201, #5668, #3072, .T. ) ;
#4777 = CYLINDRICAL_SURFACE ( 'NONE', #8627, 0.009999999999999592548 ) ;
#4778 = CARTESIAN_POINT ( 'NONE',  ( 139.6565478766960666, 11.23999999999624677, 0.000000000000000000 ) ) ;
#4779 = DIRECTION ( 'NONE',  ( 0.000000000000000000, 0.000000000000000000, -1.000000000000000000 ) ) ;
#4780 = FACE_OUTER_BOUND ( 'NONE', #1299, .T. ) ;
#4781 = FACE_OUTER_BOUND ( 'NONE', #7398, .T. ) ;
#4782 = LINE ( 'NONE', #7730, #2927 ) ;
#4783 = DIRECTION ( 'NONE',  ( 0.000000000000000000, 0.000000000000000000, 1.000000000000000000 ) ) ;
#4784 = ORIENTED_EDGE ( 'NONE', *, *, #5169, .F. ) ;
#4785 = EDGE_CURVE ( 'NONE', #1288, #9511, #8171, .T. ) ;
#4786 = VECTOR ( 'NONE', #2027, 1000.000000000000000 ) ;
#4787 = CARTESIAN_POINT ( 'NONE',  ( 241.5834366323957738, 17.99000000000300403, -10.00000000000000000 ) ) ;
#4788 = AXIS2_PLACEMENT_3D ( 'NONE', #9595, #2864, #8797 ) ;
#4789 = CARTESIAN_POINT ( 'NONE',  ( 54.83354632661129102, 11.23999999999625032, -10.00000000000000000 ) ) ;
#4790 =( BOUNDED_CURVE ( )  B_SPLINE_CURVE ( 3, ( #3275, #12, #5538, #1759 ),
 .UNSPECIFIED., .F., .T. ) 
 B_SPLINE_CURVE_WITH_KNOTS ( ( 4, 4 ),
 ( 3.141592653589793116, 4.712388980384521808 ),
 .UNSPECIFIED. ) 
 CURVE ( )  GEOMETRIC_REPRESENTATION_ITEM ( )  RATIONAL_B_SPLINE_CURVE ( ( 1.000000000000000000, 0.8047378541244045724, 0.8047378541244045724, 1.000000000000000000 ) ) 
 REPRESENTATION_ITEM ( '' )  );
#4791 = EDGE_CURVE ( 'NONE', #9592, #1106, #5338, .T. ) ;
#4792 = ORIENTED_EDGE ( 'NONE', *, *, #7193, .F. ) ;
#4793 = ORIENTED_EDGE ( 'NONE', *, *, #5436, .F. ) ;
#4794 = AXIS2_PLACEMENT_3D ( 'NONE', #4121, #7022, #202 ) ;
#4795 = CYLINDRICAL_SURFACE ( 'NONE', #9482, 0.01000000000000000021 ) ;
#4796 = VERTEX_POINT ( 'NONE', #9009 ) ;
#4797 = CARTESIAN_POINT ( 'NONE',  ( 143.0790477963082026, 11.24999999999624833, -0.004142135623730543691 ) ) ;
#4798 = ADVANCED_FACE ( 'NONE', ( #4532 ), #6880, .T. ) ;
#4799 = CARTESIAN_POINT ( 'NONE',  ( 50.58467981789632262, 17.99000000000300048, -10.00000000000000000 ) ) ;
#4800 = VERTEX_POINT ( 'NONE', #3883 ) ;
#4801 = CARTESIAN_POINT ( 'NONE',  ( 78.85127084064617975, 18.00000000000299494, -9.995857864376265667 ) ) ;
#4802 = CARTESIAN_POINT ( 'NONE',  ( 120.8147348039556874, 11.24999999999624833, -0.009999999999999592548 ) ) ;
#4803 = AXIS2_PLACEMENT_3D ( 'NONE', #845, #100, #7018 ) ;
#4804 = AXIS2_PLACEMENT_3D ( 'NONE', #4207, #6644, #1978 ) ;
#4805 = EDGE_CURVE ( 'NONE', #4572, #6018, #798, .T. ) ;
#4806 = DIRECTION ( 'NONE',  ( -0.000000000000000000, 1.000000000000000000, 0.000000000000000000 ) ) ;
#4807 = EDGE_CURVE ( 'NONE', #4365, #4242, #1396, .T. ) ;
#4808 = DIRECTION ( 'NONE',  ( 0.000000000000000000, 1.000000000000000000, 0.000000000000000000 ) ) ;
#4809 = EDGE_CURVE ( 'NONE', #7645, #9032, #4673, .T. ) ;
#4810 = PLANE ( 'NONE',  #5330 ) ;
#4811 = ORIENTED_EDGE ( 'NONE', *, *, #118, .T. ) ;
#4812 = ORIENTED_EDGE ( 'NONE', *, *, #617, .F. ) ;
#4813 = CARTESIAN_POINT ( 'NONE',  ( 0.000000000000000000, 18.00000000000299849, -9.990000000000000213 ) ) ;
#4814 = VERTEX_POINT ( 'NONE', #9810 ) ;
#4815 = DIRECTION ( 'NONE',  ( 0.2503800040544349459, -0.9681476403781095197, 0.000000000000000000 ) ) ;
#4816 = VECTOR ( 'NONE', #1628, 1000.000000000000000 ) ;
#4817 = EDGE_CURVE ( 'NONE', #8278, #1521, #6456, .T. ) ;
#4818 = VECTOR ( 'NONE', #2106, 1000.000000000000000 ) ;
#4819 = CYLINDRICAL_SURFACE ( 'NONE', #4664, 0.01000000000000105319 ) ;
#4820 = CARTESIAN_POINT ( 'NONE',  ( 191.9518134248292256, 17.99585786437927482, -9.999999999999989342 ) ) ;
#4821 = CARTESIAN_POINT ( 'NONE',  ( 215.0593071199800193, 11.24585786437251755, 1.475414198459862560E-15 ) ) ;
#4822 = DIRECTION ( 'NONE',  ( 1.000000000000000000, -0.000000000000000000, -0.000000000000000000 ) ) ;
#4823 = ADVANCED_FACE ( 'NONE', ( #10 ), #2201, .T. ) ;
#4824 = AXIS2_PLACEMENT_3D ( 'NONE', #8272, #2976, #5231 ) ;
#4825 = CARTESIAN_POINT ( 'NONE',  ( 60.00171494062733046, 18.00000000000299849, -9.990000000000000213 ) ) ;
#4826 = CARTESIAN_POINT ( 'NONE',  ( 149.0793871775801449, 11.24749619995568750, -10.00000000000000000 ) ) ;
#4827 = ORIENTED_EDGE ( 'NONE', *, *, #3711, .F. ) ;
#4828 = EDGE_LOOP ( 'NONE', ( #4301, #7636, #3617, #8809 ) ) ;
#4829 = CARTESIAN_POINT ( 'NONE',  ( 133.6542698462987460, 11.23999999999625032, -10.00000000000000000 ) ) ;
#4830 = CARTESIAN_POINT ( 'NONE',  ( 60.00171494062732336, 17.99000000000300048, 0.000000000000000000 ) ) ;
#4831 = EDGE_LOOP ( 'NONE', ( #1460, #5481, #7397, #1017 ) ) ;
#4832 = ADVANCED_FACE ( 'NONE', ( #9164 ), #2261, .F. ) ;
#4833 = EDGE_LOOP ( 'NONE', ( #3041, #4380, #9647, #1586 ) ) ;
#4834 = AXIS2_PLACEMENT_3D ( 'NONE', #3206, #7765, #9240 ) ;
#4835 = CARTESIAN_POINT ( 'NONE',  ( -215.9899999999999523, 18.00000000000309441, -10.00000000000000000 ) ) ;
#4836 = CARTESIAN_POINT ( 'NONE',  ( 67.68856702351121157, 11.23999999999625032, 0.000000000000000000 ) ) ;
#4837 = CARTESIAN_POINT ( 'NONE',  ( -197.9999999999999716, 107.0000000000000000, -9.990000000000000213 ) ) ;
#4838 = DIRECTION ( 'NONE',  ( -0.9681476403781095197, -0.2503800040544349459, 0.000000000000000000 ) ) ;
#4839 = CYLINDRICAL_SURFACE ( 'NONE', #3742, 0.01000000000000863913 ) ;
#4840 = LINE ( 'NONE', #6988, #360 ) ;
#4841 = CARTESIAN_POINT ( 'NONE',  ( 248.5004811248856242, 17.99585786437926771, -10.00000000000000711 ) ) ;
#4842 = VERTEX_POINT ( 'NONE', #2315 ) ;
#4843 = AXIS2_PLACEMENT_3D ( 'NONE', #264, #1760, #4731 ) ;
#4844 = CARTESIAN_POINT ( 'NONE',  ( 220.2261472748573681, 17.99585786437926771, 2.039059010068051210E-16 ) ) ;
#4845 = ORIENTED_EDGE ( 'NONE', *, *, #2078, .F. ) ;
#4846 = VECTOR ( 'NONE', #7865, 1000.000000000000000 ) ;
#4847 = ORIENTED_EDGE ( 'NONE', *, *, #8418, .F. ) ;
#4848 = LINE ( 'NONE', #125, #2007 ) ;
#4849 = DIRECTION ( 'NONE',  ( -1.000000000000000000, 0.000000000000000000, 0.000000000000000000 ) ) ;
#4850 = PLANE ( 'NONE',  #4757 ) ;
#4851 =( BOUNDED_CURVE ( )  B_SPLINE_CURVE ( 3, ( #8114, #8217, #7455, #597 ),
 .UNSPECIFIED., .F., .F. ) 
 B_SPLINE_CURVE_WITH_KNOTS ( ( 4, 4 ),
 ( 3.141592653589793116, 4.712388980382436365 ),
 .UNSPECIFIED. ) 
 CURVE ( )  GEOMETRIC_REPRESENTATION_ITEM ( )  RATIONAL_B_SPLINE_CURVE ( ( 1.000000000000000000, 0.8047378541248960682, 0.8047378541248960682, 1.000000000000000000 ) ) 
 REPRESENTATION_ITEM ( '' )  );
#4852 = CARTESIAN_POINT ( 'NONE',  ( -180.0099999999999909, 107.0000000000000000, -10.00000000000000000 ) ) ;
#4853 = EDGE_LOOP ( 'NONE', ( #7001, #3533, #6395, #9181 ) ) ;
#4854 = CYLINDRICAL_SURFACE ( 'NONE', #7678, 0.009999999999999998473 ) ;
#4855 = VECTOR ( 'NONE', #8672, 1000.000000000000000 ) ;
#4856 = FACE_OUTER_BOUND ( 'NONE', #5768, .T. ) ;
#4857 = CARTESIAN_POINT ( 'NONE',  ( 48.83901112349236229, 11.23999999999625032, -10.00000000000000000 ) ) ;
#4858 = FACE_OUTER_BOUND ( 'NONE', #9873, .T. ) ;
#4859 = CARTESIAN_POINT ( 'NONE',  ( 100.2195102095328707, 18.00000000000299849, -9.995857864376265667 ) ) ;
#4860 = VERTEX_POINT ( 'NONE', #6933 ) ;
#4861 = EDGE_LOOP ( 'NONE', ( #3798, #2402, #6674, #173 ) ) ;
#4862 =( BOUNDED_CURVE ( )  B_SPLINE_CURVE ( 3, ( #8569, #1856, #222, #8617 ),
 .UNSPECIFIED., .F., .T. ) 
 B_SPLINE_CURVE_WITH_KNOTS ( ( 4, 4 ),
 ( 3.141592653589813544, 4.712388980386033488 ),
 .UNSPECIFIED. ) 
 CURVE ( )  GEOMETRIC_REPRESENTATION_ITEM ( )  RATIONAL_B_SPLINE_CURVE ( ( 1.000000000000000000, 0.8047378541240530758, 0.8047378541240530758, 1.000000000000000000 ) ) 
 REPRESENTATION_ITEM ( '' )  );
#4863 = FACE_OUTER_BOUND ( 'NONE', #8557, .T. ) ;
#4864 = VERTEX_POINT ( 'NONE', #7720 ) ;
#4865 = CARTESIAN_POINT ( 'NONE',  ( 154.2560633273642168, 18.02540000000299969, -10.00000000000000000 ) ) ;
#4866 = AXIS2_PLACEMENT_3D ( 'NONE', #2188, #5263, #2246 ) ;
#4867 = DIRECTION ( 'NONE',  ( -0.2503800040544349459, 0.9681476403781095197, 0.000000000000000000 ) ) ;
#4868 = CARTESIAN_POINT ( 'NONE',  ( 43.66309968219792381, 17.99000000000300048, 0.000000000000000000 ) ) ;
#4869 = FACE_OUTER_BOUND ( 'NONE', #4257, .T. ) ;
#4870 = EDGE_CURVE ( 'NONE', #1787, #2064, #5389, .T. ) ;
#4871 = EDGE_CURVE ( 'NONE', #3647, #7259, #7672, .T. ) ;
#4872 = DIRECTION ( 'NONE',  ( -0.000000000000000000, -0.000000000000000000, 1.000000000000000000 ) ) ;
#4873 = VECTOR ( 'NONE', #5204, 1000.000000000000000 ) ;
#4874 = EDGE_CURVE ( 'NONE', #8483, #8422, #4675, .T. ) ;
#4875 = CARTESIAN_POINT ( 'NONE',  ( 60.00945776790574371, 17.99000000000300048, -10.00000000000000000 ) ) ;
#4876 = CARTESIAN_POINT ( 'NONE',  ( 191.9551751274019296, 18.02540000000299969, -0.009999999999999592548 ) ) ;
#4877 = VERTEX_POINT ( 'NONE', #7126 ) ;
#4878 = ORIENTED_EDGE ( 'NONE', *, *, #686, .F. ) ;
#4879 = CARTESIAN_POINT ( 'NONE',  ( 101.9619717198669946, 11.24585786437251578, -9.999999999999996447 ) ) ;
#4880 = ORIENTED_EDGE ( 'NONE', *, *, #5477, .T. ) ;
#4881 = ADVANCED_FACE ( 'NONE', ( #9356 ), #4777, .T. ) ;
#4882 = ORIENTED_EDGE ( 'NONE', *, *, #9712, .F. ) ;
#4883 = AXIS2_PLACEMENT_3D ( 'NONE', #8771, #7097, #3440 ) ;
#4884 =( BOUNDED_CURVE ( )  B_SPLINE_CURVE ( 3, ( #2799, #4962, #3404, #1837 ),
 .UNSPECIFIED., .F., .F. ) 
 B_SPLINE_CURVE_WITH_KNOTS ( ( 4, 4 ),
 ( 0.000000000000000000, 1.570796326794679620 ),
 .UNSPECIFIED. ) 
 CURVE ( )  GEOMETRIC_REPRESENTATION_ITEM ( )  RATIONAL_B_SPLINE_CURVE ( ( 1.000000000000000000, 0.8047378541244161188, 0.8047378541244161188, 1.000000000000000000 ) ) 
 REPRESENTATION_ITEM ( '' )  );
#4885 = EDGE_CURVE ( 'NONE', #7320, #4561, #6423, .T. ) ;
#4886 = DIRECTION ( 'NONE',  ( 1.000000000000000000, 0.000000000000000000, 0.000000000000000000 ) ) ;
#4887 = EDGE_CURVE ( 'NONE', #9326, #2387, #1644, .T. ) ;
#4888 = DIRECTION ( 'NONE',  ( -0.2503800040544349459, 0.9681476403781095197, 0.000000000000000000 ) ) ;
#4889 = LINE ( 'NONE', #1810, #950 ) ;
#4890 = CYLINDRICAL_SURFACE ( 'NONE', #2131, 8.000000000000035527 ) ;
#4891 = FACE_OUTER_BOUND ( 'NONE', #3081, .T. ) ;
#4892 = FACE_OUTER_BOUND ( 'NONE', #8697, .T. ) ;
#4893 = ORIENTED_EDGE ( 'NONE', *, *, #7798, .F. ) ;
#4894 = EDGE_CURVE ( 'NONE', #4258, #5115, #2614, .T. ) ;
#4895 = CARTESIAN_POINT ( 'NONE',  ( 0.000000000000000000, 11.23999999999625032, 0.000000000000000000 ) ) ;
#4896 = ORIENTED_EDGE ( 'NONE', *, *, #212, .T. ) ;
#4897 = DIRECTION ( 'NONE',  ( 0.2503800040544349459, 0.9681476403781095197, 0.000000000000000000 ) ) ;
#4898 = ORIENTED_EDGE ( 'NONE', *, *, #7490, .T. ) ;
#4899 = ORIENTED_EDGE ( 'NONE', *, *, #1552, .F. ) ;
#4900 = LINE ( 'NONE', #234, #6467 ) ;
#4901 = EDGE_LOOP ( 'NONE', ( #8793, #6786, #4331 ) ) ;
#4902 = CARTESIAN_POINT ( 'NONE',  ( 107.1256046906744501, 18.00000000000299849, -9.990000000000000213 ) ) ;
#4903 = DIRECTION ( 'NONE',  ( 0.000000000000000000, 0.000000000000000000, -1.000000000000000000 ) ) ;
#4904 = VERTEX_POINT ( 'NONE', #7821 ) ;
#4905 = ADVANCED_FACE ( 'NONE', ( #6373 ), #1757, .T. ) ;
#4906 = CARTESIAN_POINT ( 'NONE',  ( -197.9999999999999716, 107.0000000000000000, -9.990000000000000213 ) ) ;
#4907 = DIRECTION ( 'NONE',  ( 0.2503800040544349459, -0.9681476403781095197, 0.000000000000000000 ) ) ;
#4908 = CARTESIAN_POINT ( 'NONE',  ( 24.82128660945749132, 18.00000000000299849, -0.009999999999999592548 ) ) ;
#4909 = CARTESIAN_POINT ( 'NONE',  ( 229.6477180407969740, 17.99000000000300048, 0.000000000000000000 ) ) ;
#4910 = ORIENTED_EDGE ( 'NONE', *, *, #2672, .T. ) ;
#4911 =( BOUNDED_CURVE ( )  B_SPLINE_CURVE ( 3, ( #3753, #8477, #9262, #8521 ),
 .UNSPECIFIED., .F., .F. ) 
 B_SPLINE_CURVE_WITH_KNOTS ( ( 4, 4 ),
 ( 0.000000000000000000, 1.570796326794896558 ),
 .UNSPECIFIED. ) 
 CURVE ( )  GEOMETRIC_REPRESENTATION_ITEM ( )  RATIONAL_B_SPLINE_CURVE ( ( 1.000000000000000000, 0.8047378541243649375, 0.8047378541243649375, 1.000000000000000000 ) ) 
 REPRESENTATION_ITEM ( '' )  );
#4912 = CARTESIAN_POINT ( 'NONE',  ( 201.3799530774113293, 18.02540000000299969, -0.009999999999999592548 ) ) ;
#4913 = VERTEX_POINT ( 'NONE', #4035 ) ;
#4914 = CARTESIAN_POINT ( 'NONE',  ( 232.1664015096648086, 18.00000000000298783, -9.990000000000000213 ) ) ;
#4915 = DIRECTION ( 'NONE',  ( 1.000000000000000000, 0.000000000000000000, 0.000000000000000000 ) ) ;
#4916 = CARTESIAN_POINT ( 'NONE',  ( 224.4795494267808920, 11.23999999999625032, -10.00000000000000000 ) ) ;
#4917 = CARTESIAN_POINT ( 'NONE',  ( 5.587680560417841669, 19.44507244869058837, 0.000000000000000000 ) ) ;
#4918 = DIRECTION ( 'NONE',  ( -1.460819769243627131E-16, -1.000000000000000000, 0.000000000000000000 ) ) ;
#4919 = ORIENTED_EDGE ( 'NONE', *, *, #6592, .F. ) ;
#4920 = ORIENTED_EDGE ( 'NONE', *, *, #2548, .T. ) ;
#4921 = EDGE_CURVE ( 'NONE', #9818, #7783, #305, .T. ) ;
#4922 = LINE ( 'NONE', #1042, #9620 ) ;
#4923 = ORIENTED_EDGE ( 'NONE', *, *, #6592, .T. ) ;
#4924 = AXIS2_PLACEMENT_3D ( 'NONE', #7155, #292, #2596 ) ;
#4925 = ORIENTED_EDGE ( 'NONE', *, *, #6982, .F. ) ;
#4926 = EDGE_CURVE ( 'NONE', #1518, #3877, #2676, .T. ) ;
#4927 = CARTESIAN_POINT ( 'NONE',  ( 143.0790477963081742, 11.24999999999624833, -9.990000000000000213 ) ) ;
#4928 = DIRECTION ( 'NONE',  ( 1.000000000000000000, -0.000000000000000000, 0.000000000000000000 ) ) ;
#4929 = EDGE_CURVE ( 'NONE', #4526, #7527, #2507, .T. ) ;
#4930 = DIRECTION ( 'NONE',  ( 1.000000000000000000, -0.000000000000000000, 0.000000000000000000 ) ) ;
#4931 = ADVANCED_FACE ( 'NONE', ( #3371 ), #2407, .T. ) ;
#4932 = FACE_OUTER_BOUND ( 'NONE', #342, .T. ) ;
#4933 = CARTESIAN_POINT ( 'NONE',  ( 101.9651789039368310, 11.24999999999624833, -9.990000000000000213 ) ) ;
#4934 = CARTESIAN_POINT ( 'NONE',  ( 83.11241581984818083, 11.24585786437251933, 2.746205114427533699E-15 ) ) ;
#4935 = DIRECTION ( 'NONE',  ( 1.000000000000000000, 0.000000000000000000, 0.000000000000000000 ) ) ;
#4936 = ORIENTED_EDGE ( 'NONE', *, *, #5112, .T. ) ;
#4937 = EDGE_CURVE ( 'NONE', #3136, #3020, #999, .T. ) ;
#4938 = DIRECTION ( 'NONE',  ( 0.000000000000000000, 0.000000000000000000, -1.000000000000000000 ) ) ;
#4939 = CARTESIAN_POINT ( 'NONE',  ( 58.25604624622337013, 11.24999999999625189, -9.990000000000000213 ) ) ;
#4940 = VERTEX_POINT ( 'NONE', #163 ) ;
#4941 = EDGE_CURVE ( 'NONE', #7259, #3118, #945, .T. ) ;
#4942 = CYLINDRICAL_SURFACE ( 'NONE', #3760, 0.009999999999999592548 ) ;
#4943 = EDGE_LOOP ( 'NONE', ( #4125, #8158, #6367, #7059 ) ) ;
#4944 = LINE ( 'NONE', #7630, #6666 ) ;
#4945 = CYLINDRICAL_SURFACE ( 'NONE', #383, 0.5000000000000000000 ) ;
#4946 = ORIENTED_EDGE ( 'NONE', *, *, #8823, .T. ) ;
#4947 = CARTESIAN_POINT ( 'NONE',  ( 152.5115685735960369, 11.23999999999624855, -10.00000000000000000 ) ) ;
#4948 = VECTOR ( 'NONE', #452, 1000.000000000000000 ) ;
#4949 = CARTESIAN_POINT ( 'NONE',  ( 43.67084250947634416, 18.00000000000299849, -9.995857864376267443 ) ) ;
#4950 = VERTEX_POINT ( 'NONE', #5637 ) ;
#4951 =( BOUNDED_CURVE ( )  B_SPLINE_CURVE ( 3, ( #7115, #3310, #9395, #6364 ),
 .UNSPECIFIED., .F., .F. ) 
 B_SPLINE_CURVE_WITH_KNOTS ( ( 4, 4 ),
 ( 0.000000000000000000, 1.570796326794245967 ),
 .UNSPECIFIED. ) 
 CURVE ( )  GEOMETRIC_REPRESENTATION_ITEM ( )  RATIONAL_B_SPLINE_CURVE ( ( 1.000000000000000000, 0.8047378541245182593, 0.8047378541245182593, 1.000000000000000000 ) ) 
 REPRESENTATION_ITEM ( '' )  );
#4952 = CYLINDRICAL_SURFACE ( 'NONE', #3585, 0.01000000000001000089 ) ;
#4953 = AXIS2_PLACEMENT_3D ( 'NONE', #832, #3345, #4650 ) ;
#4954 = VECTOR ( 'NONE', #834, 1000.000000000000000 ) ;
#4955 = CARTESIAN_POINT ( 'NONE',  ( 71.94517635950460033, 18.00000000000299849, -10.00000000000000000 ) ) ;
#4956 = CARTESIAN_POINT ( 'NONE',  ( 185.0393045755478738, 17.99585786437926771, 1.270432225224321681E-15 ) ) ;
#4957 = ORIENTED_EDGE ( 'NONE', *, *, #4356, .T. ) ;
#4958 = VERTEX_POINT ( 'NONE', #1655 ) ;
#4959 = CARTESIAN_POINT ( 'NONE',  ( 185.0425117596176960, 18.00000000000299849, -0.01000000000000000021 ) ) ;
#4960 = EDGE_LOOP ( 'NONE', ( #2177, #6502, #6066, #9337 ) ) ;
#4961 = CARTESIAN_POINT ( 'NONE',  ( 188.7589387250883419, -30.81638075865950910, -9.990000000000000213 ) ) ;
#4962 = CARTESIAN_POINT ( 'NONE',  ( 128.4938440595611269, 18.00000000000299138, -0.004142135623731957490 ) ) ;
#4963 = CARTESIAN_POINT ( 'NONE',  ( 0.000000000000000000, 17.99000000000300048, -0.01000000000000000021 ) ) ;
#4964 =( BOUNDED_CURVE ( )  B_SPLINE_CURVE ( 3, ( #8168, #6574, #5078, #8801 ),
 .UNSPECIFIED., .F., .F. ) 
 B_SPLINE_CURVE_WITH_KNOTS ( ( 4, 4 ),
 ( 3.141592653589793116, 4.712388980385123105 ),
 .UNSPECIFIED. ) 
 CURVE ( )  GEOMETRIC_REPRESENTATION_ITEM ( )  RATIONAL_B_SPLINE_CURVE ( ( 1.000000000000000000, 0.8047378541242627970, 0.8047378541242627970, 1.000000000000000000 ) ) 
 REPRESENTATION_ITEM ( '' )  );
#4965 = AXIS2_PLACEMENT_3D ( 'NONE', #5786, #1911, #7982 ) ;
#4966 = AXIS2_PLACEMENT_3D ( 'NONE', #7951, #4808, #882 ) ;
#4967 = DIRECTION ( 'NONE',  ( -0.000000000000000000, -0.000000000000000000, 1.000000000000000000 ) ) ;
#4968 = CARTESIAN_POINT ( 'NONE',  ( 124.2294918962893462, 11.24999999999624833, -10.00000000000000000 ) ) ;
#4969 = CARTESIAN_POINT ( 'NONE',  ( 203.8843248323580895, 17.99000000000300048, 0.000000000000000000 ) ) ;
#4970 = VECTOR ( 'NONE', #3001, 1000.000000000000000 ) ;
#4971 = DIRECTION ( 'NONE',  ( 0.2503800040544349459, 0.9681476403781095197, 0.000000000000000000 ) ) ;
#4972 = ORIENTED_EDGE ( 'NONE', *, *, #5788, .T. ) ;
#4973 = ORIENTED_EDGE ( 'NONE', *, *, #3284, .T. ) ;
#4974 = VECTOR ( 'NONE', #4138, 1000.000000000000000 ) ;
#4975 = DIRECTION ( 'NONE',  ( 0.2503800040544349459, 0.9681476403781095197, 0.000000000000000000 ) ) ;
#4976 = VERTEX_POINT ( 'NONE', #8713 ) ;
#4977 = CARTESIAN_POINT ( 'NONE',  ( 135.4076813679811835, 17.99000000000300048, -10.00000000000000000 ) ) ;
#4978 = VECTOR ( 'NONE', #780, 1000.000000000000000 ) ;
#4979 = CYLINDRICAL_SURFACE ( 'NONE', #7507, 0.009999999999999998473 ) ;
#4980 = LINE ( 'NONE', #8026, #5796 ) ;
#4981 = LINE ( 'NONE', #3425, #8912 ) ;
#4982 = CARTESIAN_POINT ( 'NONE',  ( 209.0524934463741431, 11.24999999999624833, -0.009999999999999592548 ) ) ;
#4983 = CARTESIAN_POINT ( 'NONE',  ( 161.9286036963270305, 11.24999999999624833, -10.00000000000000000 ) ) ;
#4984 = VECTOR ( 'NONE', #9343, 1000.000000000000000 ) ;
#4985 = ORIENTED_EDGE ( 'NONE', *, *, #4437, .F. ) ;
#4986 = CARTESIAN_POINT ( 'NONE',  ( 283.4433873497861214, 0.2442264952286474777, -9.760993372216221431 ) ) ;
#4987 = EDGE_CURVE ( 'NONE', #1055, #254, #9455, .T. ) ;
#4988 = EDGE_CURVE ( 'NONE', #300, #1391, #905, .T. ) ;
#4989 = CARTESIAN_POINT ( 'NONE',  ( 213.3102767230033123, 18.02540000000299969, -10.00000000000000000 ) ) ;
#4990 = VECTOR ( 'NONE', #844, 1000.000000000000000 ) ;
#4991 = ORIENTED_EDGE ( 'NONE', *, *, #8221, .T. ) ;
#4992 = ADVANCED_FACE ( 'NONE', ( #6278 ), #9307, .T. ) ;
#4993 = LINE ( 'NONE', #1160, #7563 ) ;
#4994 = ORIENTED_EDGE ( 'NONE', *, *, #3323, .T. ) ;
#4995 = DIRECTION ( 'NONE',  ( -0.2503800040544349459, -0.9681476403781095197, 0.000000000000000000 ) ) ;
#4996 = CARTESIAN_POINT ( 'NONE',  ( -215.9899999999999238, 107.0000000000000000, -0.01000000000000000021 ) ) ;
#4997 = ORIENTED_EDGE ( 'NONE', *, *, #7365, .T. ) ;
#4998 = CARTESIAN_POINT ( 'NONE',  ( 116.5503826406838783, 18.00000000000299849, -0.009999999999999592548 ) ) ;
#4999 = VECTOR ( 'NONE', #7168, 1000.000000000000000 ) ;
#5000 = CARTESIAN_POINT ( 'NONE',  ( 0.000000000000000000, 17.99000000000300048, -0.01000000000000000021 ) ) ;
#5001 = EDGE_LOOP ( 'NONE', ( #1403, #4444, #1947, #7316 ) ) ;
#5002 = ADVANCED_FACE ( 'NONE', ( #1142 ), #4181, .T. ) ;
#5003 = EDGE_CURVE ( 'NONE', #7320, #9110, #7266, .T. ) ;
#5004 = DIRECTION ( 'NONE',  ( -1.000000000000000000, 0.000000000000000000, 0.000000000000000000 ) ) ;
#5005 = CARTESIAN_POINT ( 'NONE',  ( 133.6620126735772089, 11.23999999999624677, -10.00000000000000000 ) ) ;
#5006 = VECTOR ( 'NONE', #5665, 1000.000000000000000 ) ;
#5007 = ADVANCED_FACE ( 'NONE', ( #3518 ), #358, .T. ) ;
#5008 = CARTESIAN_POINT ( 'NONE',  ( 100.2117673822544646, 17.99000000000300048, -10.00000000000000000 ) ) ;
#5009 = ORIENTED_EDGE ( 'NONE', *, *, #8871, .F. ) ;
#5010 = ORIENTED_EDGE ( 'NONE', *, *, #9540, .F. ) ;
#5011 = DIRECTION ( 'NONE',  ( -0.9681476403780548967, -0.2503800040546457217, 0.000000000000000000 ) ) ;
#5012 = ORIENTED_EDGE ( 'NONE', *, *, #7253, .F. ) ;
#5013 = CARTESIAN_POINT ( 'NONE',  ( 156.7681779095894115, 18.00000000000299849, -9.990000000000000213 ) ) ;
#5014 = PLANE ( 'NONE',  #4323 ) ;
#5015 =( BOUNDED_CURVE ( )  B_SPLINE_CURVE ( 3, ( #2117, #5947, #9073, #6844 ),
 .UNSPECIFIED., .F., .F. ) 
 B_SPLINE_CURVE_WITH_KNOTS ( ( 4, 4 ),
 ( 3.141592653589793116, 4.712388980384472958 ),
 .UNSPECIFIED. ) 
 CURVE ( )  GEOMETRIC_REPRESENTATION_ITEM ( )  RATIONAL_B_SPLINE_CURVE ( ( 1.000000000000000000, 0.8047378541244161188, 0.8047378541244161188, 1.000000000000000000 ) ) 
 REPRESENTATION_ITEM ( '' )  );
#5016 = VECTOR ( 'NONE', #976, 1000.000000000000000 ) ;
#5017 = DIRECTION ( 'NONE',  ( -0.2503800040544349459, 0.9681476403781095197, 0.000000000000000000 ) ) ;
#5018 = FACE_OUTER_BOUND ( 'NONE', #2987, .T. ) ;
#5019 = DIRECTION ( 'NONE',  ( -0.2503800040544349459, -0.9681476403781095197, 0.000000000000000000 ) ) ;
#5020 = VECTOR ( 'NONE', #4041, 1000.000000000000000 ) ;
#5021 = AXIS2_PLACEMENT_3D ( 'NONE', #7027, #8660, #7074 ) ;
#5022 = ORIENTED_EDGE ( 'NONE', *, *, #2232, .T. ) ;
#5023 = ORIENTED_EDGE ( 'NONE', *, *, #8576, .F. ) ;
#5024 = PLANE ( 'NONE',  #4223 ) ;
#5025 = ORIENTED_EDGE ( 'NONE', *, *, #4988, .T. ) ;
#5026 = VERTEX_POINT ( 'NONE', #6566 ) ;
#5027 = DIRECTION ( 'NONE',  ( -1.000000000000000000, 0.000000000000000000, 0.000000000000000000 ) ) ;
#5028 = VECTOR ( 'NONE', #1431, 1000.000000000000000 ) ;
#5029 = VECTOR ( 'NONE', #8005, 1000.000000000000000 ) ;
#5030 = EDGE_CURVE ( 'NONE', #721, #8826, #7403, .T. ) ;
#5031 = CARTESIAN_POINT ( 'NONE',  ( 182.5238282907498331, 18.00000000000299849, -9.990000000000000213 ) ) ;
#5032 = DIRECTION ( 'NONE',  ( -0.000000000000000000, 1.000000000000000000, 0.000000000000000000 ) ) ;
#5033 = CARTESIAN_POINT ( 'NONE',  ( 83.11562300391798885, 11.24999999999624833, -9.990000000000000213 ) ) ;
#5034 = EDGE_LOOP ( 'NONE', ( #8340, #7208, #829, #815 ) ) ;
#5035 = AXIS2_PLACEMENT_3D ( 'NONE', #6642, #1119, #5051 ) ;
#5036 = PLANE ( 'NONE',  #839 ) ;
#5037 = VECTOR ( 'NONE', #8153, 1000.000000000000000 ) ;
#5038 = ORIENTED_EDGE ( 'NONE', *, *, #6578, .T. ) ;
#5039 = CARTESIAN_POINT ( 'NONE',  ( -180.0000000000000000, -2.891865815226333815E-16, -0.004142135623730637366 ) ) ;
#5040 = DIRECTION ( 'NONE',  ( 0.000000000000000000, 0.000000000000000000, -1.000000000000000000 ) ) ;
#5041 = CARTESIAN_POINT ( 'NONE',  ( 109.6442881595423131, 18.00000000000299849, -9.990000000000000213 ) ) ;
#5042 = ORIENTED_EDGE ( 'NONE', *, *, #1799, .F. ) ;
#5043 = DIRECTION ( 'NONE',  ( 0.2503800040544349459, -0.9681476403781095197, -0.000000000000000000 ) ) ;
#5044 = ORIENTED_EDGE ( 'NONE', *, *, #9581, .F. ) ;
#5045 = CARTESIAN_POINT ( 'NONE',  ( 205.6377363540404701, 11.24999999999625011, -0.004142135623729738779 ) ) ;
#5046 = CARTESIAN_POINT ( 'NONE',  ( 138.0967391641720212, 53.71424509006565273, -0.01000000000000000021 ) ) ;
#5047 = ORIENTED_EDGE ( 'NONE', *, *, #5457, .F. ) ;
#5048 = DIRECTION ( 'NONE',  ( 1.000000000000000000, 0.000000000000000000, 0.000000000000000000 ) ) ;
#5049 = ORIENTED_EDGE ( 'NONE', *, *, #7253, .T. ) ;
#5050 = ADVANCED_FACE ( 'NONE', ( #8112 ), #7402, .F. ) ;
#5051 = DIRECTION ( 'NONE',  ( -1.000000000000000000, 0.000000000000000000, 0.000000000000000000 ) ) ;
#5052 = EDGE_CURVE ( 'NONE', #3678, #7107, #8750, .T. ) ;
#5053 = DIRECTION ( 'NONE',  ( 0.2503800040544349459, 0.9681476403781095197, 0.000000000000000000 ) ) ;
#5054 = LINE ( 'NONE', #5950, #5660 ) ;
#5055 = EDGE_LOOP ( 'NONE', ( #5852, #2890, #7884, #4686 ) ) ;
#5056 = ORIENTED_EDGE ( 'NONE', *, *, #7621, .T. ) ;
#5057 = CARTESIAN_POINT ( 'NONE',  ( 243.3291053267997484, 11.23999999999625032, -10.00000000000000000 ) ) ;
#5058 = EDGE_CURVE ( 'NONE', #8648, #144, #8069, .T. ) ;
#5059 = VERTEX_POINT ( 'NONE', #1191 ) ;
#5060 = CARTESIAN_POINT ( 'NONE',  ( 173.0990503407404333, 18.00000000000299849, -0.009999999999999592548 ) ) ;
#5061 = DIRECTION ( 'NONE',  ( -0.9681476403781095197, -0.2503800040544349459, 0.000000000000000000 ) ) ;
#5062 = EDGE_CURVE ( 'NONE', #8444, #1018, #4733, .T. ) ;
#5063 = LINE ( 'NONE', #8102, #176 ) ;
#5064 = CARTESIAN_POINT ( 'NONE',  ( 0.000000000000000000, 11.23999999999625032, -9.990000000000000213 ) ) ;
#5065 = EDGE_CURVE ( 'NONE', #5873, #4800, #8887, .T. ) ;
#5066 = CARTESIAN_POINT ( 'NONE',  ( 203.8920676596365524, 18.00000000000299849, -0.009999999999999592548 ) ) ;
#5067 = CARTESIAN_POINT ( 'NONE',  ( 22.30917202723226822, 18.02540000000299969, -0.009999999999999592548 ) ) ;
#5068 = VERTEX_POINT ( 'NONE', #2862 ) ;
#5069 = ORIENTED_EDGE ( 'NONE', *, *, #3741, .F. ) ;
#5070 = CARTESIAN_POINT ( 'NONE',  ( 83.11562300391798885, 11.24999999999624833, -9.990000000000000213 ) ) ;
#5071 = EDGE_CURVE ( 'NONE', #129, #9094, #548, .T. ) ;
#5072 = VERTEX_POINT ( 'NONE', #4977 ) ;
#5073 = CARTESIAN_POINT ( 'NONE',  ( 167.9354173699329351, 11.24585786437253532, -9.999999999999980460 ) ) ;
#5074 = CARTESIAN_POINT ( 'NONE',  ( 217.6021743264245458, 74.27574867489067856, 0.000000000000000000 ) ) ;
#5075 = PLANE ( 'NONE',  #9597 ) ;
#5076 = ORIENTED_EDGE ( 'NONE', *, *, #1217, .T. ) ;
#5077 = AXIS2_PLACEMENT_3D ( 'NONE', #1538, #2344, #4715 ) ;
#5078 = CARTESIAN_POINT ( 'NONE',  ( 237.3300344804722499, 11.24585786437252466, -10.00000000000000355 ) ) ;
#5079 = CARTESIAN_POINT ( 'NONE',  ( 97.70082674066502193, 18.00000000000299138, -0.004142135623728526207 ) ) ;
#5080 = EDGE_CURVE ( 'NONE', #9267, #576, #4040, .T. ) ;
#5081 = ORIENTED_EDGE ( 'NONE', *, *, #989, .T. ) ;
#5082 = DIRECTION ( 'NONE',  ( 1.000000000000000000, -0.000000000000000000, -0.000000000000000000 ) ) ;
#5083 = CARTESIAN_POINT ( 'NONE',  ( 149.0858614699141356, 11.24585786437251578, 8.406690940667576072E-16 ) ) ;
#5084 = PLANE ( 'NONE',  #5916 ) ;
#5085 = ORIENTED_EDGE ( 'NONE', *, *, #9559, .T. ) ;
#5086 = DIRECTION ( 'NONE',  ( -0.2503800040544349459, 0.9681476403781095197, 0.000000000000000000 ) ) ;
#5087 = EDGE_CURVE ( 'NONE', #9876, #2629, #1996, .T. ) ;
#5088 = ORIENTED_EDGE ( 'NONE', *, *, #8303, .F. ) ;
#5089 = DIRECTION ( 'NONE',  ( 0.2503800040544349459, -0.9681476403781095197, 0.000000000000000000 ) ) ;
#5090 = CARTESIAN_POINT ( 'NONE',  ( 213.3091027823675176, 17.99000000000299693, -10.00000000000000000 ) ) ;
#5091 = ORIENTED_EDGE ( 'NONE', *, *, #7533, .F. ) ;
#5092 = CARTESIAN_POINT ( 'NONE',  ( 116.5535898247537006, 17.99585786437926060, 6.801092723719553068E-15 ) ) ;
#5093 = ORIENTED_EDGE ( 'NONE', *, *, #7551, .T. ) ;
#5094 = CARTESIAN_POINT ( 'NONE',  ( 24.82128660945749132, 18.00000000000299849, -9.990000000000000213 ) ) ;
#5095 = CARTESIAN_POINT ( 'NONE',  ( -180.0000000000000000, -83.00000000000001421, -10.00000000000000000 ) ) ;
#5096 = ORIENTED_EDGE ( 'NONE', *, *, #9030, .F. ) ;
#5097 = EDGE_CURVE ( 'NONE', #7831, #6003, #3568, .T. ) ;
#5098 = EDGE_LOOP ( 'NONE', ( #5968, #5744, #6981, #8435 ) ) ;
#5099 = FACE_OUTER_BOUND ( 'NONE', #2525, .T. ) ;
#5100 = VERTEX_POINT ( 'NONE', #1285 ) ;
#5101 = CARTESIAN_POINT ( 'NONE',  ( 92.53265812664899670, 11.23999999999625032, -10.00000000000000000 ) ) ;
#5102 = DIRECTION ( 'NONE',  ( -1.000000000000000000, 0.000000000000000000, 0.000000000000000000 ) ) ;
#5103 = CARTESIAN_POINT ( 'NONE',  ( 135.3999385407026921, 18.00000000000299849, -0.009999999999999592548 ) ) ;
#5104 = CYLINDRICAL_SURFACE ( 'NONE', #7353, 0.009999999999999592548 ) ;
#5105 = FACE_OUTER_BOUND ( 'NONE', #9889, .T. ) ;
#5106 = VECTOR ( 'NONE', #5410, 1000.000000000000000 ) ;
#5107 = EDGE_CURVE ( 'NONE', #5866, #6437, #8437, .T. ) ;
#5108 = EDGE_CURVE ( 'NONE', #1833, #4535, #2811, .T. ) ;
#5109 = CARTESIAN_POINT ( 'NONE',  ( 283.2901671596292204, 18.00000000000299849, -9.989999999999998437 ) ) ;
#5110 = CARTESIAN_POINT ( 'NONE',  ( 77.10880933031204165, 11.24585786437251400, 4.340532324096351870E-15 ) ) ;
#5111 = ORIENTED_EDGE ( 'NONE', *, *, #1438, .F. ) ;
#5112 = EDGE_CURVE ( 'NONE', #7118, #1055, #9102, .T. ) ;
#5113 = EDGE_LOOP ( 'NONE', ( #2073, #3036, #2314, #1383 ) ) ;
#5114 = DIRECTION ( 'NONE',  ( -0.000000000000000000, -0.000000000000000000, 1.000000000000000000 ) ) ;
#5115 = VERTEX_POINT ( 'NONE', #8997 ) ;
#5116 = CARTESIAN_POINT ( 'NONE',  ( 0.000000000000000000, 18.00000000000299849, -10.00000000000000000 ) ) ;
#5117 = AXIS2_PLACEMENT_3D ( 'NONE', #3944, #5594, #914 ) ;
#5118 = CARTESIAN_POINT ( 'NONE',  ( 101.9651789039368310, 11.24999999999624833, -0.009999999999999592548 ) ) ;
#5119 = ADVANCED_FACE ( 'NONE', ( #2250 ), #4522, .T. ) ;
#5120 = AXIS2_PLACEMENT_3D ( 'NONE', #4090, #8024, #8071 ) ;
#5121 = VECTOR ( 'NONE', #2419, 1000.000000000000000 ) ;
#5122 = CARTESIAN_POINT ( 'NONE',  ( 186.7881804540216706, 11.24999999999624833, -0.009999999999999592548 ) ) ;
#5123 = CARTESIAN_POINT ( 'NONE',  ( 201.3811270180470956, 17.99000000000300048, -10.00000000000000000 ) ) ;
#5124 = ORIENTED_EDGE ( 'NONE', *, *, #2149, .T. ) ;
#5125 = ADVANCED_FACE ( 'NONE', ( #6869 ), #1335, .F. ) ;
#5126 = ORIENTED_EDGE ( 'NONE', *, *, #1230, .T. ) ;
#5127 = DIRECTION ( 'NONE',  ( 0.9681476403781095197, -0.2503800040544349459, 0.000000000000000000 ) ) ;
#5128 = ORIENTED_EDGE ( 'NONE', *, *, #2713, .F. ) ;
#5129 = AXIS2_PLACEMENT_3D ( 'NONE', #185, #4751, #4598 ) ;
#5130 = DIRECTION ( 'NONE',  ( 0.000000000000000000, -1.000000000000000000, -0.000000000000000000 ) ) ;
#5131 = LINE ( 'NONE', #8273, #317 ) ;
#5132 = CARTESIAN_POINT ( 'NONE',  ( 171.3533816463364587, 11.24999999999624833, -0.009999999999999592548 ) ) ;
#5133 = VERTEX_POINT ( 'NONE', #2347 ) ;
#5134 = VECTOR ( 'NONE', #8599, 1000.000000000000000 ) ;
#5135 = DIRECTION ( 'NONE',  ( 0.000000000000000000, 0.000000000000000000, 1.000000000000000000 ) ) ;
#5136 = ORIENTED_EDGE ( 'NONE', *, *, #8030, .T. ) ;
#5137 = CARTESIAN_POINT ( 'NONE',  ( 73.68310222663015452, 11.23999999999625210, 0.000000000000000000 ) ) ;
#5138 = CARTESIAN_POINT ( 'NONE',  ( 64.26285991982928181, 11.24585786437251933, -9.999999999999998224 ) ) ;
#5139 = ORIENTED_EDGE ( 'NONE', *, *, #2590, .F. ) ;
#5140 = FACE_OUTER_BOUND ( 'NONE', #9416, .T. ) ;
#5141 = ORIENTED_EDGE ( 'NONE', *, *, #9060, .T. ) ;
#5142 = AXIS2_PLACEMENT_3D ( 'NONE', #3111, #3256, #6262 ) ;
#5143 = LINE ( 'NONE', #3796, #3989 ) ;
#5144 = EDGE_CURVE ( 'NONE', #1263, #120, #4465, .T. ) ;
#5145 = CARTESIAN_POINT ( 'NONE',  ( 26.55921247658302065, 11.23999999999625032, 0.000000000000000000 ) ) ;
#5146 = SHAPE_DEFINITION_REPRESENTATION ( #1387, #5657 ) ;
#5147 = DIRECTION ( 'NONE',  ( 0.000000000000000000, 0.000000000000000000, 1.000000000000000000 ) ) ;
#5148 = AXIS2_PLACEMENT_3D ( 'NONE', #9458, #506, #4184 ) ;
#5149 = LINE ( 'NONE', #8191, #7229 ) ;
#5150 = ORIENTED_EDGE ( 'NONE', *, *, #2128, .F. ) ;
#5151 = ORIENTED_EDGE ( 'NONE', *, *, #4611, .F. ) ;
#5152 = DIRECTION ( 'NONE',  ( 0.000000000000000000, 0.000000000000000000, -1.000000000000000000 ) ) ;
#5153 = EDGE_LOOP ( 'NONE', ( #4656, #4340, #2207, #3965 ) ) ;
#5154 = CARTESIAN_POINT ( 'NONE',  ( 173.0990503407404049, 18.00000000000299494, -0.004142135623730637366 ) ) ;
#5155 = CARTESIAN_POINT ( 'NONE',  ( 130.2395127539651014, 11.24999999999624833, -9.990000000000000213 ) ) ;
#5156 = DIRECTION ( 'NONE',  ( 0.2503800040544349459, -0.9681476403781095197, -0.000000000000000000 ) ) ;
#5157 = DIRECTION ( 'NONE',  ( 0.000000000000000000, 0.000000000000000000, -1.000000000000000000 ) ) ;
#5158 = VECTOR ( 'NONE', #9285, 1000.000000000000000 ) ;
#5159 = CARTESIAN_POINT ( 'NONE',  ( 111.3899568539462592, 11.24999999999625366, -9.995857864376270996 ) ) ;
#5160 = CYLINDRICAL_SURFACE ( 'NONE', #149, 17.99999999999998934 ) ;
#5161 = CARTESIAN_POINT ( 'NONE',  ( 213.3168456096459522, 18.00000000000299849, -0.01000000000000000021 ) ) ;
#5162 = ORIENTED_EDGE ( 'NONE', *, *, #2531, .T. ) ;
#5163 = ORIENTED_EDGE ( 'NONE', *, *, #7181, .T. ) ;
#5164 = CARTESIAN_POINT ( 'NONE',  ( 224.4776107776555136, 11.24749619995568750, -10.00000000000000000 ) ) ;
#5165 = ORIENTED_EDGE ( 'NONE', *, *, #4028, .F. ) ;
#5166 = CARTESIAN_POINT ( 'NONE',  ( 156.7681779095894115, 18.00000000000299849, -9.990000000000000213 ) ) ;
#5167 = CARTESIAN_POINT ( 'NONE',  ( 0.000000000000000000, 18.00000000000299849, -10.00000000000000000 ) ) ;
#5168 = EDGE_CURVE ( 'NONE', #9094, #9511, #7452, .T. ) ;
#5169 = EDGE_CURVE ( 'NONE', #3735, #391, #5219, .T. ) ;
#5170 = CARTESIAN_POINT ( 'NONE',  ( 107.1256046906744501, 18.00000000000299849, -10.00000000000000000 ) ) ;
#5171 = ADVANCED_FACE ( 'NONE', ( #7612 ), #796, .T. ) ;
#5172 = VECTOR ( 'NONE', #6429, 1000.000000000000000 ) ;
#5173 = CARTESIAN_POINT ( 'NONE',  ( 60.00171494062733046, 18.00000000000299494, -0.004142135623731645240 ) ) ;
#5174 = ORIENTED_EDGE ( 'NONE', *, *, #279, .F. ) ;
#5175 = ORIENTED_EDGE ( 'NONE', *, *, #2157, .F. ) ;
#5176 = ADVANCED_FACE ( 'NONE', ( #5269 ), #745, .T. ) ;
#5177 = CARTESIAN_POINT ( 'NONE',  ( 209.0524934463741431, 11.24999999999624833, -10.00000000000000000 ) ) ;
#5178 = DIRECTION ( 'NONE',  ( -1.000000000000000000, 0.000000000000000000, 0.000000000000000000 ) ) ;
#5179 = VECTOR ( 'NONE', #7008, 1000.000000000000000 ) ;
#5180 = ORIENTED_EDGE ( 'NONE', *, *, #5677, .F. ) ;
#5181 = EDGE_CURVE ( 'NONE', #3370, #20, #3062, .T. ) ;
#5182 = AXIS2_PLACEMENT_3D ( 'NONE', #1219, #8097, #6549 ) ;
#5183 = DIRECTION ( 'NONE',  ( -0.9681476403780548967, -0.2503800040546457217, 0.000000000000000000 ) ) ;
#5184 = EDGE_CURVE ( 'NONE', #739, #9818, #6119, .T. ) ;
#5185 = DIRECTION ( 'NONE',  ( -0.2503800040544349459, 0.9681476403781095197, 0.000000000000000000 ) ) ;
#5186 = CARTESIAN_POINT ( 'NONE',  ( 196.2052155767525790, 11.23999999999625032, -10.00000000000000000 ) ) ;
#5187 = VERTEX_POINT ( 'NONE', #9154 ) ;
#5188 = VECTOR ( 'NONE', #1860, 1000.000000000000000 ) ;
#5189 = ADVANCED_FACE ( 'NONE', ( #5972 ), #2143, .T. ) ;
#5190 = CARTESIAN_POINT ( 'NONE',  ( 173.1067931680188678, 17.99000000000299693, 0.000000000000000000 ) ) ;
#5191 = ORIENTED_EDGE ( 'NONE', *, *, #3038, .F. ) ;
#5192 = DIRECTION ( 'NONE',  ( 0.9681476403781095197, -0.2503800040544349459, 0.000000000000000000 ) ) ;
#5193 = LINE ( 'NONE', #3539, #8836 ) ;
#5194 = ADVANCED_FACE ( 'NONE', ( #3114 ), #6168, .T. ) ;
#5195 = DIRECTION ( 'NONE',  ( 1.000000000000000000, 0.000000000000000000, 0.000000000000000000 ) ) ;
#5196 = EDGE_LOOP ( 'NONE', ( #8094, #9794, #8258, #920 ) ) ;
#5197 = AXIS2_PLACEMENT_3D ( 'NONE', #5601, #4849, #1065 ) ;
#5198 =( BOUNDED_CURVE ( )  B_SPLINE_CURVE ( 3, ( #7793, #4645, #7693, #828 ),
 .UNSPECIFIED., .F., .T. ) 
 B_SPLINE_CURVE_WITH_KNOTS ( ( 4, 4 ),
 ( 3.141592653589793116, 4.712388980384581316 ),
 .UNSPECIFIED. ) 
 CURVE ( )  GEOMETRIC_REPRESENTATION_ITEM ( )  RATIONAL_B_SPLINE_CURVE ( ( 1.000000000000000000, 0.8047378541243905836, 0.8047378541243905836, 1.000000000000000000 ) ) 
 REPRESENTATION_ITEM ( '' )  );
#5199 = DIRECTION ( 'NONE',  ( 1.000000000000000000, -0.000000000000000000, -0.000000000000000000 ) ) ;
#5200 = CARTESIAN_POINT ( 'NONE',  ( 282.9972739408158304, 0.01000000000000024307, -2.422514229147298970E-16 ) ) ;
#5201 = DIRECTION ( 'NONE',  ( 0.2503800040544349459, 0.9681476403781095197, 0.000000000000000000 ) ) ;
#5202 = ORIENTED_EDGE ( 'NONE', *, *, #1747, .T. ) ;
#5203 = ORIENTED_EDGE ( 'NONE', *, *, #6197, .F. ) ;
#5204 = DIRECTION ( 'NONE',  ( -1.000000000000000000, 0.000000000000000000, 0.000000000000000000 ) ) ;
#5205 = ORIENTED_EDGE ( 'NONE', *, *, #8639, .F. ) ;
#5206 = ADVANCED_FACE ( 'NONE', ( #3725 ), #6772, .T. ) ;
#5207 = ORIENTED_EDGE ( 'NONE', *, *, #5168, .T. ) ;
#5208 = DIRECTION ( 'NONE',  ( -0.2503800040544349459, 0.9681476403781095197, 0.000000000000000000 ) ) ;
#5209 = LINE ( 'NONE', #5904, #1102 ) ;
#5210 = DIRECTION ( 'NONE',  ( -1.000000000000000000, 0.000000000000000000, 0.000000000000000000 ) ) ;
#5211 = CARTESIAN_POINT ( 'NONE',  ( 224.4795494267808920, 11.23999999999624677, 0.000000000000000000 ) ) ;
#5212 = DIRECTION ( 'NONE',  ( 0.9681476403782230955, -0.2503800040539953531, 0.000000000000000000 ) ) ;
#5213 = LINE ( 'NONE', #691, #2759 ) ;
#5214 = ORIENTED_EDGE ( 'NONE', *, *, #1805, .T. ) ;
#5215 = VERTEX_POINT ( 'NONE', #6072 ) ;
#5216 = LINE ( 'NONE', #5164, #1001 ) ;
#5217 = CYLINDRICAL_SURFACE ( 'NONE', #2496, 0.01000000000000690267 ) ;
#5218 = PLANE ( 'NONE',  #4343 ) ;
#5219 = LINE ( 'NONE', #2192, #8335 ) ;
#5220 = CARTESIAN_POINT ( 'NONE',  ( 81.36338542287140285, 18.02540000000299969, -0.009999999999999592548 ) ) ;
#5221 = EDGE_CURVE ( 'NONE', #8389, #5757, #1443, .T. ) ;
#5222 = DIRECTION ( 'NONE',  ( -0.9681476403780955309, -0.2503800040544887362, 0.000000000000000000 ) ) ;
#5223 = VERTEX_POINT ( 'NONE', #3015 ) ;
#5224 = VERTEX_POINT ( 'NONE', #102 ) ;
#5225 = CARTESIAN_POINT ( 'NONE',  ( 182.5270354748197406, 17.99585786437927482, -9.999999999999989342 ) ) ;
#5226 = CARTESIAN_POINT ( 'NONE',  ( 156.7616090229467716, 18.02540000000299969, -0.009999999999999592548 ) ) ;
#5227 = EDGE_CURVE ( 'NONE', #9696, #1106, #3259, .T. ) ;
#5228 =( BOUNDED_CURVE ( )  B_SPLINE_CURVE ( 3, ( #5826, #9542, #6668, #6617 ),
 .UNSPECIFIED., .F., .F. ) 
 B_SPLINE_CURVE_WITH_KNOTS ( ( 4, 4 ),
 ( 3.141592653589793116, 4.712388980384689674 ),
 .UNSPECIFIED. ) 
 CURVE ( )  GEOMETRIC_REPRESENTATION_ITEM ( )  RATIONAL_B_SPLINE_CURVE ( ( 1.000000000000000000, 0.8047378541243649375, 0.8047378541243649375, 1.000000000000000000 ) ) 
 REPRESENTATION_ITEM ( '' )  );
#5229 = AXIS2_PLACEMENT_3D ( 'NONE', #2364, #3939, #7132 ) ;
#5230 = ORIENTED_EDGE ( 'NONE', *, *, #3323, .F. ) ;
#5231 = DIRECTION ( 'NONE',  ( -1.000000000000000000, 0.000000000000000000, 0.000000000000000000 ) ) ;
#5232 = CARTESIAN_POINT ( 'NONE',  ( 90.79473225952345672, 18.00000000000299849, -0.004142135623730950483 ) ) ;
#5233 = CARTESIAN_POINT ( 'NONE',  ( 53.09562045948576525, 18.00000000000299849, -0.009999999999999592548 ) ) ;
#5234 = EDGE_LOOP ( 'NONE', ( #3217, #7024, #5139, #4667 ) ) ;
#5235 = EDGE_CURVE ( 'NONE', #5782, #5981, #8507, .T. ) ;
#5236 = EDGE_CURVE ( 'NONE', #5354, #6347, #9394, .T. ) ;
#5237 = CARTESIAN_POINT ( 'NONE',  ( 20.55693444618567156, 11.24999999999624833, -0.009999999999999592548 ) ) ;
#5238 = ORIENTED_EDGE ( 'NONE', *, *, #5663, .T. ) ;
#5239 = DIRECTION ( 'NONE',  ( -0.2503800040544349459, -0.9681476403781095197, -0.000000000000000000 ) ) ;
#5240 = EDGE_CURVE ( 'NONE', #2738, #5981, #560, .T. ) ;
#5241 = VERTEX_POINT ( 'NONE', #3970 ) ;
#5242 = CARTESIAN_POINT ( 'NONE',  ( -180.0000000000000000, 2.629475584638528914E-14, -0.009999999999999592548 ) ) ;
#5243 = ORIENTED_EDGE ( 'NONE', *, *, #2474, .T. ) ;
#5244 = LINE ( 'NONE', #5350, #6561 ) ;
#5245 = ADVANCED_FACE ( 'NONE', ( #1591 ), #846, .T. ) ;
#5246 = CARTESIAN_POINT ( 'NONE',  ( 58.25604624622337013, 11.24999999999624833, -0.009999999999999592548 ) ) ;
#5247 = PLANE ( 'NONE',  #5283 ) ;
#5248 = LINE ( 'NONE', #5095, #7390 ) ;
#5249 = ORIENTED_EDGE ( 'NONE', *, *, #4870, .F. ) ;
#5250 = ORIENTED_EDGE ( 'NONE', *, *, #7354, .T. ) ;
#5251 = ORIENTED_EDGE ( 'NONE', *, *, #5087, .T. ) ;
#5252 = CARTESIAN_POINT ( 'NONE',  ( 147.3433999595799833, 18.00000000000299494, -9.995857864376265667 ) ) ;
#5253 = CARTESIAN_POINT ( 'NONE',  ( 64.26285991982929602, 11.24585786437251933, -4.301218219002576925E-16 ) ) ;
#5254 = ORIENTED_EDGE ( 'NONE', *, *, #1660, .F. ) ;
#5255 = DIRECTION ( 'NONE',  ( 0.9681476403781390516, -0.2503800040543205374, 0.000000000000000000 ) ) ;
#5256 = CARTESIAN_POINT ( 'NONE',  ( 227.9020493463929995, 11.24999999999624833, -10.00000000000000000 ) ) ;
#5257 = CARTESIAN_POINT ( 'NONE',  ( 283.4972739408157736, 0.2129646455628164681, -9.792893218813452094 ) ) ;
#5258 = DIRECTION ( 'NONE',  ( -0.2503800040544349459, 0.9681476403781095197, 0.000000000000000000 ) ) ;
#5259 = DIRECTION ( 'NONE',  ( 0.000000000000000000, 0.000000000000000000, -1.000000000000000000 ) ) ;
#5260 = CARTESIAN_POINT ( 'NONE',  ( 90.79473225952345672, 18.00000000000299849, -0.01000000000000000021 ) ) ;
#5261 = ORIENTED_EDGE ( 'NONE', *, *, #4273, .T. ) ;
#5262 = ORIENTED_EDGE ( 'NONE', *, *, #8935, .F. ) ;
#5263 = DIRECTION ( 'NONE',  ( 0.9681476403781095197, -0.2503800040544349459, 0.000000000000000000 ) ) ;
#5264 = ORIENTED_EDGE ( 'NONE', *, *, #8832, .F. ) ;
#5265 = DIRECTION ( 'NONE',  ( -0.2503800040544349459, -0.9681476403781095197, 0.000000000000000000 ) ) ;
#5266 = CARTESIAN_POINT ( 'NONE',  ( 215.0625143040499267, 11.24999999999624833, -10.00000000000000000 ) ) ;
#5267 = AXIS2_PLACEMENT_3D ( 'NONE', #7298, #540, #8835 ) ;
#5268 = CIRCLE ( 'NONE', #9546, 0.01000000000000000021 ) ;
#5269 = FACE_OUTER_BOUND ( 'NONE', #6246, .T. ) ;
#5270 =( BOUNDED_CURVE ( )  B_SPLINE_CURVE ( 3, ( #9430, #2584, #8690, #3911 ),
 .UNSPECIFIED., .F., .F. ) 
 B_SPLINE_CURVE_WITH_KNOTS ( ( 4, 4 ),
 ( 3.141592653589813544, 4.712388980385815884 ),
 .UNSPECIFIED. ) 
 CURVE ( )  GEOMETRIC_REPRESENTATION_ITEM ( )  RATIONAL_B_SPLINE_CURVE ( ( 1.000000000000000000, 0.8047378541241043681, 0.8047378541241043681, 1.000000000000000000 ) ) 
 REPRESENTATION_ITEM ( '' )  );
#5271 = CARTESIAN_POINT ( 'NONE',  ( 0.000000000000000000, 17.99000000000300048, -9.990000000000000213 ) ) ;
#5272 = VECTOR ( 'NONE', #1643, 1000.000000000000000 ) ;
#5273 = DIRECTION ( 'NONE',  ( -0.2503800040544349459, -0.9681476403781095197, 0.000000000000000000 ) ) ;
#5274 = ORIENTED_EDGE ( 'NONE', *, *, #7995, .T. ) ;
#5275 = ORIENTED_EDGE ( 'NONE', *, *, #9014, .F. ) ;
#5276 = VECTOR ( 'NONE', #9186, 1000.000000000000000 ) ;
#5277 = CARTESIAN_POINT ( 'NONE',  ( 163.6820152180094396, 17.99000000000299693, 0.000000000000000000 ) ) ;
#5278 = LINE ( 'NONE', #2151, #6608 ) ;
#5279 = ORIENTED_EDGE ( 'NONE', *, *, #2542, .F. ) ;
#5280 = CARTESIAN_POINT ( 'NONE',  ( -180.0100000000000193, -83.00000000000001421, -10.00000000000000000 ) ) ;
#5281 = VECTOR ( 'NONE', #1657, 1000.000000000000000 ) ;
#5282 = LINE ( 'NONE', #6676, #8924 ) ;
#5283 = AXIS2_PLACEMENT_3D ( 'NONE', #2462, #5438, #1363 ) ;
#5284 = FACE_OUTER_BOUND ( 'NONE', #8029, .T. ) ;
#5285 = EDGE_LOOP ( 'NONE', ( #4910, #2592, #3747, #5279 ) ) ;
#5286 = EDGE_CURVE ( 'NONE', #6863, #3542, #150, .T. ) ;
#5287 =( BOUNDED_CURVE ( )  B_SPLINE_CURVE ( 3, ( #3228, #6380, #9415, #2570 ),
 .UNSPECIFIED., .F., .F. ) 
 B_SPLINE_CURVE_WITH_KNOTS ( ( 4, 4 ),
 ( 0.000000000000000000, 1.570796326794245967 ),
 .UNSPECIFIED. ) 
 CURVE ( )  GEOMETRIC_REPRESENTATION_ITEM ( )  RATIONAL_B_SPLINE_CURVE ( ( 1.000000000000000000, 0.8047378541245182593, 0.8047378541245182593, 1.000000000000000000 ) ) 
 REPRESENTATION_ITEM ( '' )  );
#5288 = CARTESIAN_POINT ( 'NONE',  ( 190.2029375463553151, 11.24999999999624833, -9.990000000000000213 ) ) ;
#5289 = ORIENTED_EDGE ( 'NONE', *, *, #7790, .T. ) ;
#5290 = CARTESIAN_POINT ( 'NONE',  ( 86.53358728032146985, 11.24585786437251400, 4.340532324096351870E-15 ) ) ;
#5291 = VECTOR ( 'NONE', #9881, 1000.000000000000000 ) ;
#5292 = ORIENTED_EDGE ( 'NONE', *, *, #6885, .T. ) ;
#5293 = DIRECTION ( 'NONE',  ( -1.000000000000000000, -0.000000000000000000, -0.000000000000000000 ) ) ;
#5294 = ORIENTED_EDGE ( 'NONE', *, *, #3893, .F. ) ;
#5295 = EDGE_CURVE ( 'NONE', #5773, #2701, #2620, .T. ) ;
#5296 = EDGE_CURVE ( 'NONE', #2629, #1486, #5471, .T. ) ;
#5297 = CARTESIAN_POINT ( 'NONE',  ( 222.7350546730127405, 18.02540000000299969, -10.00000000000000000 ) ) ;
#5298 = VECTOR ( 'NONE', #6224, 1000.000000000000000 ) ;
#5299 = ADVANCED_FACE ( 'NONE', ( #1745 ), #7859, .F. ) ;
#5300 =( BOUNDED_CURVE ( )  B_SPLINE_CURVE ( 3, ( #5070, #9534, #9640, #3565 ),
 .UNSPECIFIED., .F., .F. ) 
 B_SPLINE_CURVE_WITH_KNOTS ( ( 4, 4 ),
 ( 3.141592653589793116, 4.712388980385361137 ),
 .UNSPECIFIED. ) 
 CURVE ( )  GEOMETRIC_REPRESENTATION_ITEM ( )  RATIONAL_B_SPLINE_CURVE ( ( 1.000000000000000000, 0.8047378541242068417, 0.8047378541242068417, 1.000000000000000000 ) ) 
 REPRESENTATION_ITEM ( '' )  );
#5301 = CARTESIAN_POINT ( 'NONE',  ( -180.0100000000000193, 0.01000000000000000021, -10.00000000000000000 ) ) ;
#5302 = ORIENTED_EDGE ( 'NONE', *, *, #4776, .T. ) ;
#5303 = VERTEX_POINT ( 'NONE', #249 ) ;
#5304 = EDGE_CURVE ( 'NONE', #7568, #6191, #3309, .T. ) ;
#5305 = PLANE ( 'NONE',  #7102 ) ;
#5306 = EDGE_LOOP ( 'NONE', ( #4784, #2354, #7617, #4640 ) ) ;
#5307 = LINE ( 'NONE', #8442, #1058 ) ;
#5308 = CARTESIAN_POINT ( 'NONE',  ( 282.9972739408158304, 17.99000000000300048, 0.000000000000000000 ) ) ;
#5309 = ORIENTED_EDGE ( 'NONE', *, *, #2670, .F. ) ;
#5310 = DIRECTION ( 'NONE',  ( 1.000000000000000000, -0.000000000000000000, 0.000000000000000000 ) ) ;
#5311 = CARTESIAN_POINT ( 'NONE',  ( 95.95515804626107581, 11.23999999999625032, -0.009999999999999592548 ) ) ;
#5312 = DIRECTION ( 'NONE',  ( -1.000000000000000000, 0.000000000000000000, 0.000000000000000000 ) ) ;
#5313 = EDGE_CURVE ( 'NONE', #2064, #1833, #2396, .T. ) ;
#5314 = DIRECTION ( 'NONE',  ( 1.000000000000000000, 0.000000000000000000, 0.000000000000000000 ) ) ;
#5315 = VECTOR ( 'NONE', #6346, 1000.000000000000000 ) ;
#5316 = LINE ( 'NONE', #3913, #5106 ) ;
#5317 = LINE ( 'NONE', #2904, #8998 ) ;
#5318 = CYLINDRICAL_SURFACE ( 'NONE', #6122, 0.01000000000000000021 ) ;
#5319 = EDGE_LOOP ( 'NONE', ( #1331, #6904, #433, #5874 ) ) ;
#5320 = ORIENTED_EDGE ( 'NONE', *, *, #4685, .F. ) ;
#5321 = EDGE_CURVE ( 'NONE', #1866, #6586, #4718, .T. ) ;
#5322 = DIRECTION ( 'NONE',  ( -0.2503800040544349459, 0.9681476403781095197, 0.000000000000000000 ) ) ;
#5323 = ORIENTED_EDGE ( 'NONE', *, *, #2836, .T. ) ;
#5324 = LINE ( 'NONE', #3921, #3960 ) ;
#5325 = FACE_OUTER_BOUND ( 'NONE', #6269, .T. ) ;
#5326 = EDGE_CURVE ( 'NONE', #5384, #3235, #6079, .T. ) ;
#5327 = AXIS2_PLACEMENT_3D ( 'NONE', #2637, #8476, #4680 ) ;
#5328 = CARTESIAN_POINT ( 'NONE',  ( 0.000000000000000000, 18.00000000000299849, -10.00000000000000000 ) ) ;
#5329 = DIRECTION ( 'NONE',  ( 0.2503800040544349459, 0.9681476403781095197, 0.000000000000000000 ) ) ;
#5330 = AXIS2_PLACEMENT_3D ( 'NONE', #9386, #4111, #7287 ) ;
#5331 = CARTESIAN_POINT ( 'NONE',  ( 201.3765913748384833, 17.99585786437926771, -9.999999999999996447 ) ) ;
#5332 = ORIENTED_EDGE ( 'NONE', *, *, #5547, .T. ) ;
#5333 = ORIENTED_EDGE ( 'NONE', *, *, #989, .F. ) ;
#5334 = DIRECTION ( 'NONE',  ( -1.000000000000000000, 0.000000000000000000, 0.000000000000000000 ) ) ;
#5335 = DIRECTION ( 'NONE',  ( -1.000000000000000000, 0.000000000000000000, 0.000000000000000000 ) ) ;
#5336 = ORIENTED_EDGE ( 'NONE', *, *, #5071, .T. ) ;
#5337 = ADVANCED_FACE ( 'NONE', ( #4869 ), #7913, .T. ) ;
#5338 = LINE ( 'NONE', #3933, #6087 ) ;
#5339 =( BOUNDED_CURVE ( )  B_SPLINE_CURVE ( 3, ( #658, #5881, #3738, #4534 ),
 .UNSPECIFIED., .F., .F. ) 
 B_SPLINE_CURVE_WITH_KNOTS ( ( 4, 4 ),
 ( 3.141592653589793116, 4.712388980383780179 ),
 .UNSPECIFIED. ) 
 CURVE ( )  GEOMETRIC_REPRESENTATION_ITEM ( )  RATIONAL_B_SPLINE_CURVE ( ( 1.000000000000000000, 0.8047378541245793215, 0.8047378541245793215, 1.000000000000000000 ) ) 
 REPRESENTATION_ITEM ( '' )  );
#5340 = VECTOR ( 'NONE', #5616, 1000.000000000000000 ) ;
#5341 = LINE ( 'NONE', #8898, #2873 ) ;
#5342 = AXIS2_PLACEMENT_3D ( 'NONE', #3195, #4897, #2297 ) ;
#5343 = CARTESIAN_POINT ( 'NONE',  ( 109.6365453322638785, 17.99000000000300048, 0.000000000000000000 ) ) ;
#5344 = VECTOR ( 'NONE', #4670, 1000.000000000000000 ) ;
#5345 = EDGE_LOOP ( 'NONE', ( #3337, #5727, #7851, #73 ) ) ;
#5346 = CARTESIAN_POINT ( 'NONE',  ( 119.0690661095517271, 18.00000000000299849, -9.990000000000000213 ) ) ;
#5347 = EDGE_LOOP ( 'NONE', ( #8107, #3693, #7760, #7524 ) ) ;
#5348 = CARTESIAN_POINT ( 'NONE',  ( 133.6542698462987460, 11.23999999999625032, -0.009999999999999592548 ) ) ;
#5349 = ORIENTED_EDGE ( 'NONE', *, *, #2274, .F. ) ;
#5350 = CARTESIAN_POINT ( 'NONE',  ( 215.0528328276460854, 11.24749619995568750, -10.00000000000000000 ) ) ;
#5351 = AXIS2_PLACEMENT_3D ( 'NONE', #833, #2181, #7548 ) ;
#5352 = TOROIDAL_SURFACE ( 'NONE', #2296, 8.010000000000035314, 0.01000000000000000021 ) ;
#5353 = ADVANCED_FACE ( 'NONE', ( #7809 ), #9443, .T. ) ;
#5354 = VERTEX_POINT ( 'NONE', #8552 ) ;
#5355 = EDGE_LOOP ( 'NONE', ( #1208, #8490, #9149, #1456 ) ) ;
#5356 = LINE ( 'NONE', #5503, #7900 ) ;
#5357 = EDGE_LOOP ( 'NONE', ( #8815, #8661, #278, #2593 ) ) ;
#5358 = DIRECTION ( 'NONE',  ( -0.000000000000000000, -0.000000000000000000, 1.000000000000000000 ) ) ;
#5359 = AXIS2_PLACEMENT_3D ( 'NONE', #1275, #3054, #586 ) ;
#5360 = EDGE_CURVE ( 'NONE', #9159, #2992, #6605, .T. ) ;
#5361 = CARTESIAN_POINT ( 'NONE',  ( 125.9848420670970626, 17.99749619996245542, -10.00000000000000000 ) ) ;
#5362 = ORIENTED_EDGE ( 'NONE', *, *, #9227, .T. ) ;
#5363 = DIRECTION ( 'NONE',  ( -0.2503800040544349459, 0.9681476403781095197, -0.000000000000000000 ) ) ;
#5364 = CARTESIAN_POINT ( 'NONE',  ( 69.44274325368316170, 18.02289619996245307, -0.009999999999999592548 ) ) ;
#5365 =( BOUNDED_CURVE ( )  B_SPLINE_CURVE ( 3, ( #3108, #1536, #4012, #9234 ),
 .UNSPECIFIED., .F., .F. ) 
 B_SPLINE_CURVE_WITH_KNOTS ( ( 4, 4 ),
 ( 3.141592653589793116, 4.712388980384018211 ),
 .UNSPECIFIED. ) 
 CURVE ( )  GEOMETRIC_REPRESENTATION_ITEM ( )  RATIONAL_B_SPLINE_CURVE ( ( 1.000000000000000000, 0.8047378541245233663, 0.8047378541245233663, 1.000000000000000000 ) ) 
 REPRESENTATION_ITEM ( '' )  );
#5366 = LINE ( 'NONE', #4753, #453 ) ;
#5367 = EDGE_CURVE ( 'NONE', #5954, #4316, #4219, .T. ) ;
#5368 = CARTESIAN_POINT ( 'NONE',  ( 210.8047310274207575, 18.02540000000299969, -0.009999999999999592548 ) ) ;
#5369 = LINE ( 'NONE', #8407, #3184 ) ;
#5370 = EDGE_CURVE ( 'NONE', #1700, #4864, #7735, .T. ) ;
#5371 = SURFACE_STYLE_FILL_AREA ( #9422 ) ;
#5372 = CARTESIAN_POINT ( 'NONE',  ( 39.40649034620452085, 11.24999999999624833, -9.990000000000000213 ) ) ;
#5373 = ORIENTED_EDGE ( 'NONE', *, *, #2519, .F. ) ;
#5374 = VERTEX_POINT ( 'NONE', #8785 ) ;
#5375 = DIRECTION ( 'NONE',  ( -1.000000000000000000, 0.000000000000000000, 0.000000000000000000 ) ) ;
#5376 = ORIENTED_EDGE ( 'NONE', *, *, #1230, .F. ) ;
#5377 = CARTESIAN_POINT ( 'NONE',  ( 243.3368481540782113, 11.24999999999624833, -9.990000000000000213 ) ) ;
#5378 = EDGE_CURVE ( 'NONE', #8127, #1827, #1886, .T. ) ;
#5379 = CARTESIAN_POINT ( 'NONE',  ( 206.4268132055888998, -35.38560377750951602, 0.000000000000000000 ) ) ;
#5380 = DIRECTION ( 'NONE',  ( 1.000000000000000000, 0.000000000000000000, 0.000000000000000000 ) ) ;
#5381 = EDGE_CURVE ( 'NONE', #2784, #8800, #9757, .T. ) ;
#5382 = DIRECTION ( 'NONE',  ( 1.000000000000000000, 0.000000000000000000, 0.000000000000000000 ) ) ;
#5383 = CARTESIAN_POINT ( 'NONE',  ( 0.000000000000000000, 18.00000000000299849, -10.00000000000000000 ) ) ;
#5384 = VERTEX_POINT ( 'NONE', #3408 ) ;
#5385 = ORIENTED_EDGE ( 'NONE', *, *, #1183, .T. ) ;
#5386 = FACE_OUTER_BOUND ( 'NONE', #1373, .T. ) ;
#5387 = CYLINDRICAL_SURFACE ( 'NONE', #1807, 0.01000000000000777003 ) ;
#5388 = ORIENTED_EDGE ( 'NONE', *, *, #579, .F. ) ;
#5389 = LINE ( 'NONE', #3124, #4024 ) ;
#5390 = ADVANCED_FACE ( 'NONE', ( #2750 ), #5104, .T. ) ;
#5391 = DIRECTION ( 'NONE',  ( 0.000000000000000000, -0.000000000000000000, 1.000000000000000000 ) ) ;
#5392 = CARTESIAN_POINT ( 'NONE',  ( 232.9286249263397508, -42.23943830578453174, 0.000000000000000000 ) ) ;
#5393 = VERTEX_POINT ( 'NONE', #7205 ) ;
#5394 = EDGE_LOOP ( 'NONE', ( #4737, #755, #9162, #5818 ) ) ;
#5395 = CARTESIAN_POINT ( 'NONE',  ( 203.8843248323580895, 17.99000000000300048, 0.000000000000000000 ) ) ;
#5396 = VECTOR ( 'NONE', #7782, 1000.000000000000000 ) ;
#5397 = DIRECTION ( 'NONE',  ( 0.000000000000000000, 0.000000000000000000, 1.000000000000000000 ) ) ;
#5398 = ADVANCED_FACE ( 'NONE', ( #3458 ), #1988, .T. ) ;
#5399 = ORIENTED_EDGE ( 'NONE', *, *, #7304, .F. ) ;
#5400 = EDGE_LOOP ( 'NONE', ( #607, #5889, #2211, #4450 ) ) ;
#5401 = VECTOR ( 'NONE', #486, 1000.000000000000000 ) ;
#5402 = CARTESIAN_POINT ( 'NONE',  ( 177.3634025040122424, 11.24999999999624833, -0.009999999999999592548 ) ) ;
#5403 = ORIENTED_EDGE ( 'NONE', *, *, #4387, .T. ) ;
#5404 = CARTESIAN_POINT ( 'NONE',  ( 243.3368481540781829, 11.24999999999625899, -0.004142135623728732639 ) ) ;
#5405 = CARTESIAN_POINT ( 'NONE',  ( 101.9554974275330608, 11.24749619995570349, -10.00000000000000000 ) ) ;
#5406 = ORIENTED_EDGE ( 'NONE', *, *, #6342, .T. ) ;
#5407 = FACE_OUTER_BOUND ( 'NONE', #9400, .T. ) ;
#5408 =( BOUNDED_CURVE ( )  B_SPLINE_CURVE ( 3, ( #7883, #225, #4841, #9364 ),
 .UNSPECIFIED., .F., .F. ) 
 B_SPLINE_CURVE_WITH_KNOTS ( ( 4, 4 ),
 ( 0.000000000000000000, 1.570796326796457087 ),
 .UNSPECIFIED. ) 
 CURVE ( )  GEOMETRIC_REPRESENTATION_ITEM ( )  RATIONAL_B_SPLINE_CURVE ( ( 1.000000000000000000, 0.8047378541239972316, 0.8047378541239972316, 1.000000000000000000 ) ) 
 REPRESENTATION_ITEM ( '' )  );
#5409 = CARTESIAN_POINT ( 'NONE',  ( 232.1664015096648370, 18.00000000000299849, -10.00000000000000000 ) ) ;
#5410 = DIRECTION ( 'NONE',  ( 0.2503800040544349459, 0.9681476403781095197, 0.000000000000000000 ) ) ;
#5411 = DIRECTION ( 'NONE',  ( 0.9681476403781095197, -0.2503800040544349459, 0.000000000000000000 ) ) ;
#5412 = CYLINDRICAL_SURFACE ( 'NONE', #2272, 0.01000000000000777003 ) ;
#5413 = ORIENTED_EDGE ( 'NONE', *, *, #1552, .T. ) ;
#5414 = ORIENTED_EDGE ( 'NONE', *, *, #3610, .F. ) ;
#5415 = DIRECTION ( 'NONE',  ( 1.000000000000000000, -0.000000000000000000, -0.000000000000000000 ) ) ;
#5416 = VERTEX_POINT ( 'NONE', #6506 ) ;
#5417 = FACE_OUTER_BOUND ( 'NONE', #6929, .T. ) ;
#5418 = DIRECTION ( 'NONE',  ( 0.000000000000000000, 0.000000000000000000, -1.000000000000000000 ) ) ;
#5419 =( BOUNDED_CURVE ( )  B_SPLINE_CURVE ( 3, ( #5779, #7411, #1904, #8076 ),
 .UNSPECIFIED., .F., .T. ) 
 B_SPLINE_CURVE_WITH_KNOTS ( ( 4, 4 ),
 ( 3.141592653589793116, 4.712388980383129145 ),
 .UNSPECIFIED. ) 
 CURVE ( )  GEOMETRIC_REPRESENTATION_ITEM ( )  RATIONAL_B_SPLINE_CURVE ( ( 1.000000000000000000, 0.8047378541247327544, 0.8047378541247327544, 1.000000000000000000 ) ) 
 REPRESENTATION_ITEM ( '' )  );
#5420 = LINE ( 'NONE', #8455, #3529 ) ;
#5421 = CARTESIAN_POINT ( 'NONE',  ( 182.5303971773925014, 18.02540000000299969, -10.00000000000000000 ) ) ;
#5422 = EDGE_CURVE ( 'NONE', #7435, #258, #1839, .T. ) ;
#5423 = ADVANCED_FACE ( 'NONE', ( #8877 ), #9528, .T. ) ;
#5424 = DIRECTION ( 'NONE',  ( 0.000000000000000000, 0.000000000000000000, -1.000000000000000000 ) ) ;
#5425 = FACE_OUTER_BOUND ( 'NONE', #6388, .T. ) ;
#5426 = ORIENTED_EDGE ( 'NONE', *, *, #9320, .T. ) ;
#5427 = EDGE_LOOP ( 'NONE', ( #8342, #3334, #4920, #4174 ) ) ;
#5428 = CARTESIAN_POINT ( 'NONE',  ( 114.8047139462799180, 11.24999999999624833, -0.009999999999999592548 ) ) ;
#5429 = DIRECTION ( 'NONE',  ( 0.2503800040544349459, 0.9681476403781095197, 0.000000000000000000 ) ) ;
#5430 = AXIS2_PLACEMENT_3D ( 'NONE', #8888, #8072, #2813 ) ;
#5431 = EDGE_CURVE ( 'NONE', #9248, #7967, #7391, .T. ) ;
#5432 = VERTEX_POINT ( 'NONE', #7959 ) ;
#5433 = DIRECTION ( 'NONE',  ( -0.000000000000000000, -0.000000000000000000, 1.000000000000000000 ) ) ;
#5434 = CARTESIAN_POINT ( 'NONE',  ( 107.1288118747442724, 17.99585786437926060, 6.801092723719553068E-15 ) ) ;
#5435 = VECTOR ( 'NONE', #3209, 1000.000000000000000 ) ;
#5436 = EDGE_CURVE ( 'NONE', #4913, #7715, #2802, .T. ) ;
#5437 = CARTESIAN_POINT ( 'NONE',  ( 173.1087318171442178, 17.99749619996245897, -10.00000000000000000 ) ) ;
#5438 = DIRECTION ( 'NONE',  ( 0.000000000000000000, -1.000000000000000000, -0.000000000000000000 ) ) ;
#5439 = DIRECTION ( 'NONE',  ( 0.2503800040544349459, 0.9681476403781095197, 0.000000000000000000 ) ) ;
#5440 = DIRECTION ( 'NONE',  ( 0.000000000000000000, 1.000000000000000000, 0.000000000000000000 ) ) ;
#5441 = ORIENTED_EDGE ( 'NONE', *, *, #7417, .T. ) ;
#5442 = AXIS2_PLACEMENT_3D ( 'NONE', #4099, #8575, #9172 ) ;
#5443 = VECTOR ( 'NONE', #2067, 1000.000000000000000 ) ;
#5444 = EDGE_LOOP ( 'NONE', ( #6372, #1216, #5302, #2123, #7956, #3066, #4067, #2660, #662, #8234, #6752, #3719, #3250, #3749, #8646, #7964, #1266, #2501, #9350, #1255, #8129, #680, #1473, #3117, #1306, #9053, #917, #9551, #1562, #3480, #2302, #6741, #2938, #1846, #7162, #8410, #9891, #2171, #9113, #5025, #6088, #5336, #5207, #9374, #7369, #8803, #1596, #6319, #3088, #9336, #9453, #1822, #6593, #7583, #29, #9879, #885, #801, #1032, #6357, #870, #6292, #7606, #3352, #4402, #2577, #3450, #4194, #6235, #2655, #3143, #8883, #9589, #1380, #4880, #5927, #1218, #2357, #8658, #6792, #9404, #7201, #8891, #6019, #7108, #7814, #6843, #393, #9737, #9450, #277, #5292, #8674, #1891, #6182, #7434, #83, #7739, #9177, #5362, #5274, #8885, #5502, #6802, #5787, #8003, #5851, #2690, #372, #3188, #6851, #8017 ) ) ;
#5445 = CARTESIAN_POINT ( 'NONE',  ( 241.5911794596741800, 18.00000000000300204, -9.995857864376262114 ) ) ;
#5446 = CARTESIAN_POINT ( 'NONE',  ( -197.9999999999999716, 107.0000000000000000, 0.000000000000000000 ) ) ;
#5447 = AXIS2_PLACEMENT_3D ( 'NONE', #348, #2695, #8355 ) ;
#5448 = VECTOR ( 'NONE', #3642, 1000.000000000000000 ) ;
#5449 = ORIENTED_EDGE ( 'NONE', *, *, #3907, .T. ) ;
#5450 = ORIENTED_EDGE ( 'NONE', *, *, #514, .F. ) ;
#5451 = CARTESIAN_POINT ( 'NONE',  ( -198.0000000000000000, -83.00000000000000000, -0.009999999999999592548 ) ) ;
#5452 = EDGE_LOOP ( 'NONE', ( #4811, #1848, #8915, #3661 ) ) ;
#5453 = CARTESIAN_POINT ( 'NONE',  ( -180.0099999999999909, 2.629621666615453360E-14, -0.009999999999999592548 ) ) ;
#5454 = CARTESIAN_POINT ( 'NONE',  ( -179.9999999999999716, 107.0000000000000000, -0.009999999999999592548 ) ) ;
#5455 = ORIENTED_EDGE ( 'NONE', *, *, #3464, .F. ) ;
#5456 = CARTESIAN_POINT ( 'NONE',  ( -215.9900000000000091, -83.00000000000000000, -10.00000000000000000 ) ) ;
#5457 = EDGE_CURVE ( 'NONE', #7794, #1365, #8060, .T. ) ;
#5458 = DIRECTION ( 'NONE',  ( 1.000000000000000000, 0.000000000000000000, 0.000000000000000000 ) ) ;
#5459 = FACE_OUTER_BOUND ( 'NONE', #4104, .T. ) ;
#5460 = CARTESIAN_POINT ( 'NONE',  ( 167.9386245540028142, 11.24999999999624833, -10.00000000000000000 ) ) ;
#5461 = VECTOR ( 'NONE', #9584, 1000.000000000000000 ) ;
#5462 = CARTESIAN_POINT ( 'NONE',  ( 190.2106803736337497, 11.23999999999625032, 0.000000000000000000 ) ) ;
#5463 = DIRECTION ( 'NONE',  ( -0.2503800040544349459, 0.9681476403781095197, -0.000000000000000000 ) ) ;
#5464 = EDGE_LOOP ( 'NONE', ( #7072, #4284, #7855, #6340 ) ) ;
#5465 = ORIENTED_EDGE ( 'NONE', *, *, #805, .F. ) ;
#5466 = CARTESIAN_POINT ( 'NONE',  ( 283.4972739408158304, 17.50000000000299849, -9.500000000000000000 ) ) ;
#5467 = EDGE_LOOP ( 'NONE', ( #2735, #7408, #3270, #9232 ) ) ;
#5468 = CARTESIAN_POINT ( 'NONE',  ( 114.8047139462798896, 11.24999999999624656, -9.995857864376267443 ) ) ;
#5469 = CARTESIAN_POINT ( 'NONE',  ( 81.36674712544422050, 17.99585786437927126, -10.00000000000000355 ) ) ;
#5470 = CARTESIAN_POINT ( 'NONE',  ( 182.5238282907498331, 18.00000000000299849, -0.009999999999999592548 ) ) ;
#5471 = LINE ( 'NONE', #1794, #8787 ) ;
#5472 = CIRCLE ( 'NONE', #2410, 17.99000000000000554 ) ;
#5473 = DIRECTION ( 'NONE',  ( 0.000000000000000000, -0.000000000000000000, 1.000000000000000000 ) ) ;
#5474 = CARTESIAN_POINT ( 'NONE',  ( 69.42649289063675155, 17.99000000000300048, 0.000000000000000000 ) ) ;
#5475 = ORIENTED_EDGE ( 'NONE', *, *, #9369, .T. ) ;
#5476 = ORIENTED_EDGE ( 'NONE', *, *, #1241, .F. ) ;
#5477 = EDGE_CURVE ( 'NONE', #8990, #6710, #6554, .T. ) ;
#5478 = CARTESIAN_POINT ( 'NONE',  ( 58.25604624622337013, 11.24999999999624833, -9.995857864376265667 ) ) ;
#5479 = CARTESIAN_POINT ( 'NONE',  ( 53.09562045948573683, 18.00000000000299849, -0.004142135623731957490 ) ) ;
#5480 = AXIS2_PLACEMENT_3D ( 'NONE', #3981, #8566, #4779 ) ;
#5481 = ORIENTED_EDGE ( 'NONE', *, *, #9104, .F. ) ;
#5482 = EDGE_CURVE ( 'NONE', #9484, #1995, #5063, .T. ) ;
#5483 = DIRECTION ( 'NONE',  ( -0.2503800040544349459, 0.9681476403781095197, 0.000000000000000000 ) ) ;
#5484 = VECTOR ( 'NONE', #3055, 1000.000000000000000 ) ;
#5485 = EDGE_CURVE ( 'NONE', #7906, #2500, #4307, .T. ) ;
#5486 = LINE ( 'NONE', #5437, #6746 ) ;
#5487 = DIRECTION ( 'NONE',  ( 0.000000000000000000, 0.000000000000000000, 1.000000000000000000 ) ) ;
#5488 = ADVANCED_FACE ( 'NONE', ( #4168 ), #349, .T. ) ;
#5489 = CARTESIAN_POINT ( 'NONE',  ( 144.8247164907121487, 18.00000000000299849, -0.009999999999999592548 ) ) ;
#5490 = DIRECTION ( 'NONE',  ( 0.9681476403781095197, -0.2503800040544349459, 0.000000000000000000 ) ) ;
#5491 = FACE_OUTER_BOUND ( 'NONE', #2625, .T. ) ;
#5492 = ORIENTED_EDGE ( 'NONE', *, *, #4568, .F. ) ;
#5493 = VECTOR ( 'NONE', #8119, 1000.000000000000000 ) ;
#5494 = ADVANCED_FACE ( 'NONE', ( #5325 ), #6866, .T. ) ;
#5495 = ORIENTED_EDGE ( 'NONE', *, *, #6883, .T. ) ;
#5496 = FACE_OUTER_BOUND ( 'NONE', #1447, .T. ) ;
#5497 = DIRECTION ( 'NONE',  ( 1.000000000000000000, -0.000000000000000000, 0.000000000000000000 ) ) ;
#5498 = ADVANCED_FACE ( 'NONE', ( #9893 ), #6070, .T. ) ;
#5499 = VECTOR ( 'NONE', #4581, 1000.000000000000000 ) ;
#5500 = ADVANCED_FACE ( 'NONE', ( #6118 ), #5218, .T. ) ;
#5501 = ORIENTED_EDGE ( 'NONE', *, *, #7017, .T. ) ;
#5502 = ORIENTED_EDGE ( 'NONE', *, *, #1056, .T. ) ;
#5503 = CARTESIAN_POINT ( 'NONE',  ( 194.4672897096270958, 18.00000000000299494, -9.990000000000000213 ) ) ;
#5504 = EDGE_LOOP ( 'NONE', ( #4771, #6991, #1844, #7449 ) ) ;
#5505 = CARTESIAN_POINT ( 'NONE',  ( 143.0867906235866087, 11.23999999999625032, 0.000000000000000000 ) ) ;
#5506 = DIRECTION ( 'NONE',  ( 0.000000000000000000, 0.000000000000000000, -1.000000000000000000 ) ) ;
#5507 = ORIENTED_EDGE ( 'NONE', *, *, #6578, .F. ) ;
#5508 = CYLINDRICAL_SURFACE ( 'NONE', #9103, 0.009999999999999998473 ) ;
#5509 = VECTOR ( 'NONE', #4060, 1000.000000000000000 ) ;
#5510 = VECTOR ( 'NONE', #5375, 1000.000000000000000 ) ;
#5511 = CYLINDRICAL_SURFACE ( 'NONE', #5905, 0.009999999999993465505 ) ;
#5512 = DIRECTION ( 'NONE',  ( 0.2503800040544349459, 0.9681476403781095197, 0.000000000000000000 ) ) ;
#5513 = CARTESIAN_POINT ( 'NONE',  ( 283.4433873497859508, 17.76099337221937802, -0.2442264952286461177 ) ) ;
#5514 = AXIS2_PLACEMENT_3D ( 'NONE', #4189, #4935, #8932 ) ;
#5515 = DIRECTION ( 'NONE',  ( -1.000000000000000000, 0.000000000000000000, 0.000000000000000000 ) ) ;
#5516 = ADVANCED_FACE ( 'NONE', ( #1539 ), #698, .T. ) ;
#5517 = ORIENTED_EDGE ( 'NONE', *, *, #5030, .F. ) ;
#5518 = ORIENTED_EDGE ( 'NONE', *, *, #2842, .F. ) ;
#5519 = DIRECTION ( 'NONE',  ( 0.000000000000000000, 0.000000000000000000, -1.000000000000000000 ) ) ;
#5520 = VERTEX_POINT ( 'NONE', #1442 ) ;
#5521 = DIRECTION ( 'NONE',  ( 0.9681476403780520101, -0.2503800040546569350, 0.000000000000000000 ) ) ;
#5522 = CARTESIAN_POINT ( 'NONE',  ( 81.36995430951404273, 18.00000000000300204, -9.995857864376270996 ) ) ;
#5523 = FACE_OUTER_BOUND ( 'NONE', #1352, .T. ) ;
#5524 = DIRECTION ( 'NONE',  ( 0.9681476403782230955, -0.2503800040539953531, 0.000000000000000000 ) ) ;
#5525 = VECTOR ( 'NONE', #7011, 1000.000000000000000 ) ;
#5526 =( BOUNDED_CURVE ( )  B_SPLINE_CURVE ( 3, ( #9083, #2230, #2845, #5308 ),
 .UNSPECIFIED., .F., .F. ) 
 B_SPLINE_CURVE_WITH_KNOTS ( ( 4, 4 ),
 ( 4.712388980384689674, 6.283185307179586232 ),
 .UNSPECIFIED. ) 
 CURVE ( )  GEOMETRIC_REPRESENTATION_ITEM ( )  RATIONAL_B_SPLINE_CURVE ( ( 1.000000000000000000, 0.8047378541243649375, 0.8047378541243649375, 1.000000000000000000 ) ) 
 REPRESENTATION_ITEM ( '' )  );
#5527 = PLANE ( 'NONE',  #1239 ) ;
#5528 = CARTESIAN_POINT ( 'NONE',  ( 246.7516052464118843, 11.24999999999625366, -9.995857864376272772 ) ) ;
#5529 = CARTESIAN_POINT ( 'NONE',  ( 100.2117673822544646, 17.99000000000300048, 0.000000000000000000 ) ) ;
#5530 = ORIENTED_EDGE ( 'NONE', *, *, #4170, .T. ) ;
#5531 = ORIENTED_EDGE ( 'NONE', *, *, #6525, .F. ) ;
#5532 = CARTESIAN_POINT ( 'NONE',  ( 114.8124567735583383, 11.23999999999625032, 0.000000000000000000 ) ) ;
#5533 = LINE ( 'NONE', #8560, #3413 ) ;
#5534 = ORIENTED_EDGE ( 'NONE', *, *, #8935, .T. ) ;
#5535 = ORIENTED_EDGE ( 'NONE', *, *, #6365, .T. ) ;
#5536 = DIRECTION ( 'NONE',  ( 0.000000000000000000, 0.000000000000000000, 1.000000000000000000 ) ) ;
#5537 = EDGE_CURVE ( 'NONE', #1077, #5773, #9152, .T. ) ;
#5538 = CARTESIAN_POINT ( 'NONE',  ( 26.56374811979160100, 11.24585786437252111, -10.00000000000000000 ) ) ;
#5539 = FACE_OUTER_BOUND ( 'NONE', #7244, .T. ) ;
#5540 = EDGE_CURVE ( 'NONE', #2341, #5782, #6716, .T. ) ;
#5541 = CYLINDRICAL_SURFACE ( 'NONE', #9564, 0.009999999999999592548 ) ;
#5542 = CARTESIAN_POINT ( 'NONE',  ( 129.2628019239217281, 51.42963358064064039, -0.01000000000000000021 ) ) ;
#5543 = FACE_OUTER_BOUND ( 'NONE', #5990, .T. ) ;
#5544 = FACE_OUTER_BOUND ( 'NONE', #1772, .T. ) ;
#5545 = ORIENTED_EDGE ( 'NONE', *, *, #3958, .T. ) ;
#5546 = CARTESIAN_POINT ( 'NONE',  ( 125.9751605906933065, 18.00000000000299849, -9.990000000000000213 ) ) ;
#5547 = EDGE_CURVE ( 'NONE', #4553, #9508, #3014, .T. ) ;
#5548 = ADVANCED_FACE ( 'NONE', ( #9843 ), #8416, .T. ) ;
#5549 = CARTESIAN_POINT ( 'NONE',  ( 17.13443452657360666, 11.23999999999625032, -10.00000000000000000 ) ) ;
#5550 = EDGE_CURVE ( 'NONE', #7527, #6194, #7692, .T. ) ;
#5551 = VERTEX_POINT ( 'NONE', #1385 ) ;
#5552 = PLANE ( 'NONE',  #9835 ) ;
#5553 = CARTESIAN_POINT ( 'NONE',  ( 119.0690661095517129, 18.00000000000300204, -0.004142135623727927728 ) ) ;
#5554 = DIRECTION ( 'NONE',  ( -0.2503800040544349459, 0.9681476403781095197, 0.000000000000000000 ) ) ;
#5555 =( BOUNDED_CURVE ( )  B_SPLINE_CURVE ( 3, ( #5066, #2700, #9636, #4969 ),
 .UNSPECIFIED., .F., .F. ) 
 B_SPLINE_CURVE_WITH_KNOTS ( ( 4, 4 ),
 ( 0.000000000000000000, 1.570796326795113496 ),
 .UNSPECIFIED. ) 
 CURVE ( )  GEOMETRIC_REPRESENTATION_ITEM ( )  RATIONAL_B_SPLINE_CURVE ( ( 1.000000000000000000, 0.8047378541243138672, 0.8047378541243138672, 1.000000000000000000 ) ) 
 REPRESENTATION_ITEM ( '' )  );
#5556 = FACE_OUTER_BOUND ( 'NONE', #7629, .T. ) ;
#5557 = ORIENTED_EDGE ( 'NONE', *, *, #2081, .T. ) ;
#5558 = EDGE_CURVE ( 'NONE', #3485, #9824, #970, .T. ) ;
#5559 = DIRECTION ( 'NONE',  ( 1.000000000000000000, -0.000000000000000000, 0.000000000000000000 ) ) ;
#5560 = CARTESIAN_POINT ( 'NONE',  ( 139.6610835199046790, 11.24585786437251578, 8.406690940667576072E-16 ) ) ;
#5561 = CARTESIAN_POINT ( 'NONE',  ( 144.8324593179905548, 17.99000000000300048, -10.00000000000000000 ) ) ;
#5562 = CARTESIAN_POINT ( 'NONE',  ( 283.4373694134515063, 17.76587623407321459, -0.2341237659299184037 ) ) ;
#5563 = AXIS2_PLACEMENT_3D ( 'NONE', #4865, #5569, #194 ) ;
#5564 = LINE ( 'NONE', #4758, #2918 ) ;
#5565 = ORIENTED_EDGE ( 'NONE', *, *, #9712, .T. ) ;
#5566 = ORIENTED_EDGE ( 'NONE', *, *, #4874, .T. ) ;
#5567 = CARTESIAN_POINT ( 'NONE',  ( 283.4433873497861214, 17.75577350477423977, -9.760993372216221431 ) ) ;
#5568 = ORIENTED_EDGE ( 'NONE', *, *, #6296, .T. ) ;
#5569 = DIRECTION ( 'NONE',  ( 0.9681476403781095197, -0.2503800040544349459, 0.000000000000000000 ) ) ;
#5570 = CARTESIAN_POINT ( 'NONE',  ( 196.2129584040310704, 11.24999999999624833, -0.009999999999999592548 ) ) ;
#5571 = CARTESIAN_POINT ( 'NONE',  ( 92.53265812664899670, 11.23999999999625032, -10.00000000000000000 ) ) ;
#5572 = CARTESIAN_POINT ( 'NONE',  ( 17.13249587744824254, 11.24749619995570349, -10.00000000000000000 ) ) ;
#5573 = CARTESIAN_POINT ( 'NONE',  ( 218.4804785804534220, 11.24585786437252111, -9.999999999999989342 ) ) ;
#5574 = FACE_OUTER_BOUND ( 'NONE', #2684, .T. ) ;
#5575 = LINE ( 'NONE', #5474, #7545 ) ;
#5576 = ORIENTED_EDGE ( 'NONE', *, *, #9669, .F. ) ;
#5577 = ORIENTED_EDGE ( 'NONE', *, *, #8339, .F. ) ;
#5578 = CARTESIAN_POINT ( 'NONE',  ( 0.000000000000000000, 11.23999999999625032, -9.990000000000000213 ) ) ;
#5579 = CARTESIAN_POINT ( 'NONE',  ( 31.74363145364547734, 18.02289619996245307, -0.009999999999999592548 ) ) ;
#5580 = ORIENTED_EDGE ( 'NONE', *, *, #5058, .T. ) ;
#5581 = ORIENTED_EDGE ( 'NONE', *, *, #3778, .T. ) ;
#5582 = DIRECTION ( 'NONE',  ( 4.382459307730881392E-16, 1.000000000000000000, -0.000000000000000000 ) ) ;
#5583 = CARTESIAN_POINT ( 'NONE',  ( 71.94517635950461454, 18.00000000000300204, -0.004142135623729943476 ) ) ;
#5584 = DIRECTION ( 'NONE',  ( -0.2503800040544349459, 0.9681476403781095197, -0.000000000000000000 ) ) ;
#5585 = CARTESIAN_POINT ( 'NONE',  ( -197.9999999999999716, 107.0000000000000000, -9.990000000000000213 ) ) ;
#5586 = VECTOR ( 'NONE', #9120, 1000.000000000000000 ) ;
#5587 = DIRECTION ( 'NONE',  ( -1.000000000000000000, -0.000000000000000000, -0.000000000000000000 ) ) ;
#5588 = DIRECTION ( 'NONE',  ( -0.2503800040544349459, -0.9681476403781095197, 0.000000000000000000 ) ) ;
#5589 = CYLINDRICAL_SURFACE ( 'NONE', #2824, 0.01000000000000000021 ) ;
#5590 = ORIENTED_EDGE ( 'NONE', *, *, #2128, .T. ) ;
#5591 = VECTOR ( 'NONE', #6154, 1000.000000000000000 ) ;
#5592 = CARTESIAN_POINT ( 'NONE',  ( 167.9289430775990013, 11.24749619995568750, -10.00000000000000000 ) ) ;
#5593 = VECTOR ( 'NONE', #720, 1000.000000000000000 ) ;
#5594 = DIRECTION ( 'NONE',  ( 0.000000000000000000, -1.000000000000000000, -0.000000000000000000 ) ) ;
#5595 = ORIENTED_EDGE ( 'NONE', *, *, #1300, .F. ) ;
#5596 = VECTOR ( 'NONE', #2941, 1000.000000000000000 ) ;
#5597 = EDGE_LOOP ( 'NONE', ( #937, #8275, #1339, #2960 ) ) ;
#5598 = ORIENTED_EDGE ( 'NONE', *, *, #5901, .T. ) ;
#5599 = VECTOR ( 'NONE', #6414, 1000.000000000000000 ) ;
#5600 = EDGE_CURVE ( 'NONE', #9016, #2738, #6021, .T. ) ;
#5601 = CARTESIAN_POINT ( 'NONE',  ( 0.000000000000000000, 11.23999999999625032, -9.990000000000000213 ) ) ;
#5602 = ADVANCED_FACE ( 'NONE', ( #8995 ), #2191, .T. ) ;
#5603 = ORIENTED_EDGE ( 'NONE', *, *, #9008, .F. ) ;
#5604 = LINE ( 'NONE', #4148, #608 ) ;
#5605 = LINE ( 'NONE', #4250, #1284 ) ;
#5606 = ORIENTED_EDGE ( 'NONE', *, *, #6507, .T. ) ;
#5607 = LINE ( 'NONE', #8078, #1758 ) ;
#5608 = EDGE_CURVE ( 'NONE', #2777, #6270, #9260, .T. ) ;
#5609 =( BOUNDED_CURVE ( )  B_SPLINE_CURVE ( 3, ( #7601, #1528, #6961, #6013 ),
 .UNSPECIFIED., .F., .F. ) 
 B_SPLINE_CURVE_WITH_KNOTS ( ( 4, 4 ),
 ( 3.141592653589813544, 4.712388980384689674 ),
 .UNSPECIFIED. ) 
 CURVE ( )  GEOMETRIC_REPRESENTATION_ITEM ( )  RATIONAL_B_SPLINE_CURVE ( ( 1.000000000000000000, 0.8047378541243698225, 0.8047378541243698225, 1.000000000000000000 ) ) 
 REPRESENTATION_ITEM ( '' )  );
#5610 = LINE ( 'NONE', #4059, #7818 ) ;
#5611 = VECTOR ( 'NONE', #3308, 1000.000000000000000 ) ;
#5612 = VECTOR ( 'NONE', #9504, 1000.000000000000000 ) ;
#5613 = FACE_OUTER_BOUND ( 'NONE', #302, .T. ) ;
#5614 = EDGE_CURVE ( 'NONE', #1995, #2022, #7225, .T. ) ;
#5615 = FACE_OUTER_BOUND ( 'NONE', #9135, .T. ) ;
#5616 = DIRECTION ( 'NONE',  ( -0.2503800040544349459, -0.9681476403781095197, -0.000000000000000000 ) ) ;
#5617 = ORIENTED_EDGE ( 'NONE', *, *, #1540, .T. ) ;
#5618 = ORIENTED_EDGE ( 'NONE', *, *, #880, .T. ) ;
#5619 =( BOUNDED_CURVE ( )  B_SPLINE_CURVE ( 3, ( #3, #1497, #8265, #6214 ),
 .UNSPECIFIED., .F., .F. ) 
 B_SPLINE_CURVE_WITH_KNOTS ( ( 4, 4 ),
 ( 3.141592653589793116, 4.712388980384689674 ),
 .UNSPECIFIED. ) 
 CURVE ( )  GEOMETRIC_REPRESENTATION_ITEM ( )  RATIONAL_B_SPLINE_CURVE ( ( 1.000000000000000000, 0.8047378541243649375, 0.8047378541243649375, 1.000000000000000000 ) ) 
 REPRESENTATION_ITEM ( '' )  );
#5620 = CARTESIAN_POINT ( 'NONE',  ( 175.6177338096082963, 18.00000000000299849, -9.990000000000000213 ) ) ;
#5621 = ADVANCED_FACE ( 'NONE', ( #8318 ), #2249, .T. ) ;
#5622 = ORIENTED_EDGE ( 'NONE', *, *, #8611, .F. ) ;
#5623 = LINE ( 'NONE', #7112, #8644 ) ;
#5624 = CARTESIAN_POINT ( 'NONE',  ( 191.9486062407592897, 18.00000000000299494, -9.995857864376263890 ) ) ;
#5625 = EDGE_CURVE ( 'NONE', #3136, #2692, #4180, .T. ) ;
#5626 = LINE ( 'NONE', #8655, #1566 ) ;
#5627 = AXIS2_PLACEMENT_3D ( 'NONE', #2648, #9488, #2304 ) ;
#5628 = EDGE_CURVE ( 'NONE', #2489, #9217, #8651, .T. ) ;
#5629 = CARTESIAN_POINT ( 'NONE',  ( -180.0099999999999909, 18.00000000000298783, -10.00000000000000000 ) ) ;
#5630 = LINE ( 'NONE', #5067, #6596 ) ;
#5631 = ORIENTED_EDGE ( 'NONE', *, *, #6652, .F. ) ;
#5632 = ORIENTED_EDGE ( 'NONE', *, *, #1847, .F. ) ;
#5633 = DIRECTION ( 'NONE',  ( -0.2503800040544349459, 0.9681476403781095197, 0.000000000000000000 ) ) ;
#5634 = ORIENTED_EDGE ( 'NONE', *, *, #2800, .F. ) ;
#5635 = ORIENTED_EDGE ( 'NONE', *, *, #5108, .F. ) ;
#5636 = VECTOR ( 'NONE', #9195, 1000.000000000000000 ) ;
#5637 = CARTESIAN_POINT ( 'NONE',  ( 116.5581254679622560, 17.99000000000300048, -10.00000000000000000 ) ) ;
#5638 = DIRECTION ( 'NONE',  ( 1.000000000000000000, 0.000000000000000000, 0.000000000000000000 ) ) ;
#5639 = DIRECTION ( 'NONE',  ( -0.2503800040544349459, 0.9681476403781095197, 0.000000000000000000 ) ) ;
#5640 = DIRECTION ( 'NONE',  ( -1.000000000000000000, -0.000000000000000000, -0.000000000000000000 ) ) ;
#5641 = CARTESIAN_POINT ( 'NONE',  ( -189.9999999999999432, 107.0000000000000000, -9.990000000000000213 ) ) ;
#5642 = DIRECTION ( 'NONE',  ( 1.000000000000000000, 0.000000000000000000, 0.000000000000000000 ) ) ;
#5643 = EDGE_CURVE ( 'NONE', #2992, #1391, #8253, .T. ) ;
#5644 = CARTESIAN_POINT ( 'NONE',  ( 114.8124567735582957, 11.23999999999624855, -10.00000000000000000 ) ) ;
#5645 = ORIENTED_EDGE ( 'NONE', *, *, #1095, .T. ) ;
#5646 = VECTOR ( 'NONE', #8256, 1000.000000000000000 ) ;
#5647 = FACE_OUTER_BOUND ( 'NONE', #367, .T. ) ;
#5648 = CARTESIAN_POINT ( 'NONE',  ( 0.000000000000000000, 11.23999999999625032, -9.990000000000000213 ) ) ;
#5649 = ORIENTED_EDGE ( 'NONE', *, *, #9538, .T. ) ;
#5650 = FACE_OUTER_BOUND ( 'NONE', #9109, .T. ) ;
#5651 = AXIS2_PLACEMENT_3D ( 'NONE', #7037, #7172, #8570 ) ;
#5652 = ORIENTED_EDGE ( 'NONE', *, *, #2094, .F. ) ;
#5653 = ORIENTED_EDGE ( 'NONE', *, *, #8222, .F. ) ;
#5654 = DIRECTION ( 'NONE',  ( -0.000000000000000000, -0.000000000000000000, 1.000000000000000000 ) ) ;
#5655 = EDGE_LOOP ( 'NONE', ( #9026, #9286, #7653, #9498 ) ) ;
#5656 = PLANE ( 'NONE',  #2208 ) ;
#5657 = ADVANCED_BREP_SHAPE_REPRESENTATION ( 'Part 1 Rack arm push', ( #8886, #6466 ), #6305 ) ;
#5658 = CARTESIAN_POINT ( 'NONE',  ( 50.58350587726054215, 18.02540000000299969, -10.00000000000000000 ) ) ;
#5659 = EDGE_LOOP ( 'NONE', ( #9097, #1340, #4549, #4399 ) ) ;
#5660 = VECTOR ( 'NONE', #8973, 1000.000000000000000 ) ;
#5661 = CARTESIAN_POINT ( 'NONE',  ( 224.0946876860894861, -39.95482679635953360, 0.000000000000000000 ) ) ;
#5662 = DIRECTION ( 'NONE',  ( 0.000000000000000000, 0.000000000000000000, -1.000000000000000000 ) ) ;
#5663 = EDGE_CURVE ( 'NONE', #6625, #1288, #9392, .T. ) ;
#5664 = FACE_OUTER_BOUND ( 'NONE', #78, .T. ) ;
#5665 = DIRECTION ( 'NONE',  ( 0.2503800040544349459, 0.9681476403781095197, 0.000000000000000000 ) ) ;
#5666 = ORIENTED_EDGE ( 'NONE', *, *, #8820, .T. ) ;
#5667 = ADVANCED_FACE ( 'NONE', ( #1740 ), #4819, .T. ) ;
#5668 = VERTEX_POINT ( 'NONE', #6208 ) ;
#5669 = VECTOR ( 'NONE', #2557, 1000.000000000000000 ) ;
#5670 = CYLINDRICAL_SURFACE ( 'NONE', #8384, 0.01000000000000863913 ) ;
#5671 = EDGE_LOOP ( 'NONE', ( #5151, #2793, #4413, #8120 ) ) ;
#5672 = PLANE ( 'NONE',  #5563 ) ;
#5673 = AXIS2_PLACEMENT_3D ( 'NONE', #5865, #8710, #4124 ) ;
#5674 = DIRECTION ( 'NONE',  ( 1.000000000000000000, -0.000000000000000000, 0.000000000000000000 ) ) ;
#5675 = CARTESIAN_POINT ( 'NONE',  ( -180.0000000000000000, 2.629475584638528914E-14, -10.00000000000000000 ) ) ;
#5676 = CARTESIAN_POINT ( 'NONE',  ( 71.94517635950461454, 18.00000000000299494, -9.990000000000000213 ) ) ;
#5677 = EDGE_CURVE ( 'NONE', #4436, #3398, #9573, .T. ) ;
#5678 = CARTESIAN_POINT ( 'NONE',  ( 81.36995430951402852, 18.00000000000299849, -9.990000000000000213 ) ) ;
#5679 = VECTOR ( 'NONE', #7743, 1000.000000000000000 ) ;
#5680 = UNCERTAINTY_MEASURE_WITH_UNIT (LENGTH_MEASURE( 1.000000000000000082E-05 ), #5800, 'distance_accuracy_value', 'NONE');
#5681 = DIRECTION ( 'NONE',  ( 1.000000000000000000, 0.000000000000000000, 0.000000000000000000 ) ) ;
#5682 = LINE ( 'NONE', #8106, #516 ) ;
#5683 = VERTEX_POINT ( 'NONE', #1691 ) ;
#5684 = EDGE_CURVE ( 'NONE', #5354, #8141, #4716, .T. ) ;
#5685 = ORIENTED_EDGE ( 'NONE', *, *, #5901, .F. ) ;
#5686 = DIRECTION ( 'NONE',  ( 0.000000000000000000, 0.000000000000000000, -1.000000000000000000 ) ) ;
#5687 = ORIENTED_EDGE ( 'NONE', *, *, #6515, .T. ) ;
#5688 = VECTOR ( 'NONE', #3949, 1000.000000000000000 ) ;
#5689 = DIRECTION ( 'NONE',  ( -1.000000000000000000, 0.000000000000000000, 0.000000000000000000 ) ) ;
#5690 = ADVANCED_FACE ( 'NONE', ( #891 ), #3967, .T. ) ;
#5691 =( BOUNDED_CURVE ( )  B_SPLINE_CURVE ( 3, ( #7718, #5479, #4728, #8514 ),
 .UNSPECIFIED., .F., .F. ) 
 B_SPLINE_CURVE_WITH_KNOTS ( ( 4, 4 ),
 ( 0.000000000000000000, 1.570796326794679620 ),
 .UNSPECIFIED. ) 
 CURVE ( )  GEOMETRIC_REPRESENTATION_ITEM ( )  RATIONAL_B_SPLINE_CURVE ( ( 1.000000000000000000, 0.8047378541244161188, 0.8047378541244161188, 1.000000000000000000 ) ) 
 REPRESENTATION_ITEM ( '' )  );
#5692 = CARTESIAN_POINT ( 'NONE',  ( 283.4972739408158304, 17.78703535444018158, -9.792893218813452094 ) ) ;
#5693 = LINE ( 'NONE', #1901, #8956 ) ;
#5694 = CARTESIAN_POINT ( 'NONE',  ( 205.6345291699706195, 11.24585786437251933, -10.00000000000000000 ) ) ;
#5695 = CARTESIAN_POINT ( 'NONE',  ( 203.8920676596365240, 18.00000000000299849, -0.01000000000000000021 ) ) ;
#5696 = CARTESIAN_POINT ( 'NONE',  ( 12.08019392008271709, 14.87584942984058145, -9.990000000000000213 ) ) ;
#5697 = ORIENTED_EDGE ( 'NONE', *, *, #3012, .T. ) ;
#5698 = CARTESIAN_POINT ( 'NONE',  ( 201.3811270180471240, 17.99000000000299693, 0.000000000000000000 ) ) ;
#5699 = DIRECTION ( 'NONE',  ( -0.2503800040544349459, -0.9681476403781095197, 0.000000000000000000 ) ) ;
#5700 = EDGE_LOOP ( 'NONE', ( #4178, #8527, #5714, #8734 ) ) ;
#5701 = FACE_OUTER_BOUND ( 'NONE', #9613, .T. ) ;
#5702 = ORIENTED_EDGE ( 'NONE', *, *, #2359, .T. ) ;
#5703 = CARTESIAN_POINT ( 'NONE',  ( 73.68310222663015452, 11.23999999999625032, -10.00000000000000000 ) ) ;
#5704 = CARTESIAN_POINT ( 'NONE',  ( 39.41423317348294120, 11.23999999999625032, -10.00000000000000000 ) ) ;
#5705 = DIRECTION ( 'NONE',  ( -0.2503800040544349459, 0.9681476403781095197, 0.000000000000000000 ) ) ;
#5706 = DIRECTION ( 'NONE',  ( 0.2503800040544349459, 0.9681476403781095197, 0.000000000000000000 ) ) ;
#5707 = ORIENTED_EDGE ( 'NONE', *, *, #1438, .T. ) ;
#5708 = CARTESIAN_POINT ( 'NONE',  ( 97.70403392473484416, 17.99585786437927126, -10.00000000000000000 ) ) ;
#5709 = CARTESIAN_POINT ( 'NONE',  ( 213.3168456096459522, 18.00000000000299849, -9.990000000000000213 ) ) ;
#5710 = CYLINDRICAL_SURFACE ( 'NONE', #984, 0.009999999999999592548 ) ;
#5711 = ORIENTED_EDGE ( 'NONE', *, *, #3329, .T. ) ;
#5712 = ORIENTED_EDGE ( 'NONE', *, *, #1732, .F. ) ;
#5713 = CARTESIAN_POINT ( 'NONE',  ( -180.0099999999999625, 107.0000000000000000, -9.990000000000000213 ) ) ;
#5714 = ORIENTED_EDGE ( 'NONE', *, *, #7150, .T. ) ;
#5715 = DIRECTION ( 'NONE',  ( 1.000000000000000000, -0.000000000000000000, 0.000000000000000000 ) ) ;
#5716 = DIRECTION ( 'NONE',  ( 1.000000000000000000, 0.000000000000000000, 0.000000000000000000 ) ) ;
#5717 =( BOUNDED_CURVE ( )  B_SPLINE_CURVE ( 3, ( #7980, #1909, #5784, #6384 ),
 .UNSPECIFIED., .F., .F. ) 
 B_SPLINE_CURVE_WITH_KNOTS ( ( 4, 4 ),
 ( 0.000000000000000000, 1.570796326794896558 ),
 .UNSPECIFIED. ) 
 CURVE ( )  GEOMETRIC_REPRESENTATION_ITEM ( )  RATIONAL_B_SPLINE_CURVE ( ( 1.000000000000000000, 0.8047378541243649375, 0.8047378541243649375, 1.000000000000000000 ) ) 
 REPRESENTATION_ITEM ( '' )  );
#5718 = CARTESIAN_POINT ( 'NONE',  ( 34.23832173218849562, 17.99000000000300048, 0.000000000000000000 ) ) ;
#5719 = CARTESIAN_POINT ( 'NONE',  ( 124.2294918962893462, 11.24999999999624833, -9.990000000000000213 ) ) ;
#5720 = EDGE_CURVE ( 'NONE', #258, #1835, #6166, .T. ) ;
#5721 = VECTOR ( 'NONE', #5886, 1000.000000000000000 ) ;
#5722 = PLANE ( 'NONE',  #6704 ) ;
#5723 = DIRECTION ( 'NONE',  ( 0.2503800040544349459, 0.9681476403781095197, 0.000000000000000000 ) ) ;
#5724 = ORIENTED_EDGE ( 'NONE', *, *, #3893, .T. ) ;
#5725 = EDGE_LOOP ( 'NONE', ( #7744, #8052, #7199, #7986 ) ) ;
#5726 = CARTESIAN_POINT ( 'NONE',  ( 282.9972739408158304, 0.009999999999999592548, 0.000000000000000000 ) ) ;
#5727 = ORIENTED_EDGE ( 'NONE', *, *, #5540, .F. ) ;
#5728 = VECTOR ( 'NONE', #4000, 1000.000000000000000 ) ;
#5729 = ORIENTED_EDGE ( 'NONE', *, *, #7926, .F. ) ;
#5730 = EDGE_CURVE ( 'NONE', #4904, #5832, #5623, .T. ) ;
#5731 = DIRECTION ( 'NONE',  ( -0.000000000000000000, -0.000000000000000000, 1.000000000000000000 ) ) ;
#5732 = ADVANCED_FACE ( 'NONE', ( #2345 ), #247, .F. ) ;
#5733 = CYLINDRICAL_SURFACE ( 'NONE', #4671, 0.009999999999993465505 ) ;
#5734 = FACE_OUTER_BOUND ( 'NONE', #2744, .T. ) ;
#5735 = EDGE_CURVE ( 'NONE', #43, #1945, #8454, .T. ) ;
#5736 = DIRECTION ( 'NONE',  ( 0.000000000000000000, -0.000000000000000000, 1.000000000000000000 ) ) ;
#5737 = CARTESIAN_POINT ( 'NONE',  ( 97.70082674066502193, 18.00000000000299849, -0.009999999999999592548 ) ) ;
#5738 = DIRECTION ( 'NONE',  ( 0.000000000000000000, -0.000000000000000000, 1.000000000000000000 ) ) ;
#5739 = ORIENTED_EDGE ( 'NONE', *, *, #475, .F. ) ;
#5740 =( BOUNDED_CURVE ( )  B_SPLINE_CURVE ( 3, ( #3865, #2298, #3961, #6112 ),
 .UNSPECIFIED., .F., .T. ) 
 B_SPLINE_CURVE_WITH_KNOTS ( ( 4, 4 ),
 ( 4.712388980384689674, 6.283185307179586232 ),
 .UNSPECIFIED. ) 
 CURVE ( )  GEOMETRIC_REPRESENTATION_ITEM ( )  RATIONAL_B_SPLINE_CURVE ( ( 1.000000000000000000, 0.8047378541243649375, 0.8047378541243649375, 1.000000000000000000 ) ) 
 REPRESENTATION_ITEM ( '' )  );
#5741 = ADVANCED_FACE ( 'NONE', ( #4764 ), #9341, .F. ) ;
#5742 = CARTESIAN_POINT ( 'NONE',  ( 161.9363465236054651, 11.23999999999625032, 0.000000000000000000 ) ) ;
#5743 = CARTESIAN_POINT ( 'NONE',  ( 64.25832427662071211, 11.23999999999625210, 0.000000000000000000 ) ) ;
#5744 = ORIENTED_EDGE ( 'NONE', *, *, #3907, .F. ) ;
#5745 = LINE ( 'NONE', #8765, #6291 ) ;
#5746 = ORIENTED_EDGE ( 'NONE', *, *, #5984, .T. ) ;
#5747 = CARTESIAN_POINT ( 'NONE',  ( 92.54040095392741705, 11.24999999999624833, -10.00000000000000000 ) ) ;
#5748 = LINE ( 'NONE', #9515, #4087 ) ;
#5749 = ORIENTED_EDGE ( 'NONE', *, *, #7483, .F. ) ;
#5750 = DIRECTION ( 'NONE',  ( 0.2503800040544349459, 0.9681476403781095197, 0.000000000000000000 ) ) ;
#5751 = VECTOR ( 'NONE', #1593, 1000.000000000000000 ) ;
#5752 = DIRECTION ( 'NONE',  ( -0.2503800040544349459, 0.9681476403781095197, -0.000000000000000000 ) ) ;
#5753 = ORIENTED_EDGE ( 'NONE', *, *, #7988, .T. ) ;
#5754 = CARTESIAN_POINT ( 'NONE',  ( 190.2029375463553151, 11.24999999999624833, -9.995857864376262114 ) ) ;
#5755 = CARTESIAN_POINT ( 'NONE',  ( 185.0425117596176960, 18.00000000000299849, -0.009999999999999592548 ) ) ;
#5756 = VERTEX_POINT ( 'NONE', #940 ) ;
#5757 = VERTEX_POINT ( 'NONE', #2493 ) ;
#5758 = CARTESIAN_POINT ( 'NONE',  ( 154.2494944407215485, 18.00000000000299849, -0.009999999999999592548 ) ) ;
#5759 = ORIENTED_EDGE ( 'NONE', *, *, #4776, .F. ) ;
#5760 = DIRECTION ( 'NONE',  ( 0.000000000000000000, -1.000000000000000000, -0.000000000000000000 ) ) ;
#5761 = EDGE_CURVE ( 'NONE', #2595, #6583, #982, .T. ) ;
#5762 = CARTESIAN_POINT ( 'NONE',  ( 135.4031457247725427, 17.99585786437926416, 1.473396109792884126E-15 ) ) ;
#5763 = VECTOR ( 'NONE', #7938, 1000.000000000000000 ) ;
#5764 = VECTOR ( 'NONE', #5948, 1000.000000000000000 ) ;
#5765 = DIRECTION ( 'NONE',  ( -0.9681476403780845397, -0.2503800040545307581, 0.000000000000000000 ) ) ;
#5766 = CARTESIAN_POINT ( 'NONE',  ( 49.75736676166923900, 30.86812999581561101, 0.000000000000000000 ) ) ;
#5767 = FACE_OUTER_BOUND ( 'NONE', #5883, .T. ) ;
#5768 = EDGE_LOOP ( 'NONE', ( #4845, #8562, #8354, #8089 ) ) ;
#5769 = EDGE_LOOP ( 'NONE', ( #357, #8439, #2770, #3648 ) ) ;
#5770 = AXIS2_PLACEMENT_3D ( 'NONE', #6895, #6183, #8528 ) ;
#5771 = LINE ( 'NONE', #8791, #8821 ) ;
#5772 = ORIENTED_EDGE ( 'NONE', *, *, #8222, .T. ) ;
#5773 = VERTEX_POINT ( 'NONE', #5570 ) ;
#5774 = DIRECTION ( 'NONE',  ( 0.000000000000000000, 0.000000000000000000, 1.000000000000000000 ) ) ;
#5775 = VECTOR ( 'NONE', #8896, 1000.000000000000000 ) ;
#5776 = CARTESIAN_POINT ( 'NONE',  ( 213.3136384255760447, 17.99585786437928192, -9.999999999999996447 ) ) ;
#5777 = LINE ( 'NONE', #8073, #817 ) ;
#5778 = ORIENTED_EDGE ( 'NONE', *, *, #7915, .T. ) ;
#5779 = CARTESIAN_POINT ( 'NONE',  ( 220.2229400907875174, 18.00000000000299849, -9.990000000000000213 ) ) ;
#5780 = VECTOR ( 'NONE', #7342, 1000.000000000000000 ) ;
#5781 = ADVANCED_FACE ( 'NONE', ( #8597 ), #6603, .T. ) ;
#5782 = VERTEX_POINT ( 'NONE', #4305 ) ;
#5783 = DIRECTION ( 'NONE',  ( 0.9681476403781095197, -0.2503800040544349459, 0.000000000000000000 ) ) ;
#5784 = CARTESIAN_POINT ( 'NONE',  ( 100.2163030254630485, 17.99585786437927126, -3.586907429118599676E-19 ) ) ;
#5785 = EDGE_CURVE ( 'NONE', #8610, #9824, #5472, .T. ) ;
#5786 = CARTESIAN_POINT ( 'NONE',  ( 0.000000000000000000, 18.00000000000299849, -10.00000000000000000 ) ) ;
#5787 = ORIENTED_EDGE ( 'NONE', *, *, #5304, .T. ) ;
#5788 = EDGE_CURVE ( 'NONE', #612, #9590, #1394, .T. ) ;
#5789 = CARTESIAN_POINT ( 'NONE',  ( 128.4872751729184870, 18.02540000000299969, -0.009999999999999592548 ) ) ;
#5790 = EDGE_LOOP ( 'NONE', ( #4674, #2088, #7078, #8722 ) ) ;
#5791 = CARTESIAN_POINT ( 'NONE',  ( 71.94517635950460033, 18.00000000000299849, -0.009999999999999592548 ) ) ;
#5792 = EDGE_CURVE ( 'NONE', #3020, #1787, #9526, .T. ) ;
#5793 = LINE ( 'NONE', #6491, #3115 ) ;
#5794 = ORIENTED_EDGE ( 'NONE', *, *, #8864, .T. ) ;
#5795 = CYLINDRICAL_SURFACE ( 'NONE', #7029, 0.009999999999999998473 ) ;
#5796 = VECTOR ( 'NONE', #7217, 1000.000000000000000 ) ;
#5797 = ORIENTED_EDGE ( 'NONE', *, *, #6197, .T. ) ;
#5798 = EDGE_CURVE ( 'NONE', #9566, #498, #1935, .T. ) ;
#5799 = CYLINDRICAL_SURFACE ( 'NONE', #1248, 0.01000000000000777003 ) ;
#5800 =( LENGTH_UNIT ( ) NAMED_UNIT ( * ) SI_UNIT ( .MILLI., .METRE. ) );
#5801 = EDGE_CURVE ( 'NONE', #427, #6712, #3469, .T. ) ;
#5802 = CARTESIAN_POINT ( 'NONE',  ( 149.0890686539839294, 11.24999999999624301, -9.995857864376269220 ) ) ;
#5803 = DIRECTION ( 'NONE',  ( 0.2503800040544349459, -0.9681476403781095197, 0.000000000000000000 ) ) ;
#5804 = ORIENTED_EDGE ( 'NONE', *, *, #1805, .F. ) ;
#5805 = ORIENTED_EDGE ( 'NONE', *, *, #8529, .F. ) ;
#5806 = CARTESIAN_POINT ( 'NONE',  ( 24.81471772281485144, 18.02540000000299969, -10.00000000000000000 ) ) ;
#5807 = ORIENTED_EDGE ( 'NONE', *, *, #5761, .F. ) ;
#5808 = CARTESIAN_POINT ( 'NONE',  ( 39.40649034620452085, 11.24999999999624833, -0.009999999999999592548 ) ) ;
#5809 = CARTESIAN_POINT ( 'NONE',  ( 114.8047139462799180, 11.24999999999624833, -0.009999999999999592548 ) ) ;
#5810 = CARTESIAN_POINT ( 'NONE',  ( 0.000000000000000000, 11.23999999999625032, 0.000000000000000000 ) ) ;
#5811 = PLANE ( 'NONE',  #5267 ) ;
#5812 = EDGE_CURVE ( 'NONE', #121, #4796, #1129, .T. ) ;
#5813 = ADVANCED_FACE ( 'NONE', ( #8874 ), #8699, .T. ) ;
#5814 =( BOUNDED_CURVE ( )  B_SPLINE_CURVE ( 3, ( #166, #759, #1555, #6936 ),
 .UNSPECIFIED., .F., .T. ) 
 B_SPLINE_CURVE_WITH_KNOTS ( ( 4, 4 ),
 ( 3.141592653589793116, 4.712388980384234927 ),
 .UNSPECIFIED. ) 
 CURVE ( )  GEOMETRIC_REPRESENTATION_ITEM ( )  RATIONAL_B_SPLINE_CURVE ( ( 1.000000000000000000, 0.8047378541244720740, 0.8047378541244720740, 1.000000000000000000 ) ) 
 REPRESENTATION_ITEM ( '' )  );
#5815 = DIRECTION ( 'NONE',  ( -0.2503800040544349459, 0.9681476403781095197, 0.000000000000000000 ) ) ;
#5816 = VECTOR ( 'NONE', #7608, 1000.000000000000000 ) ;
#5817 = CARTESIAN_POINT ( 'NONE',  ( 233.9043273767902917, 11.23999999999625388, 0.000000000000000000 ) ) ;
#5818 = ORIENTED_EDGE ( 'NONE', *, *, #7675, .T. ) ;
#5819 = ORIENTED_EDGE ( 'NONE', *, *, #9797, .F. ) ;
#5820 = DIRECTION ( 'NONE',  ( 0.000000000000000000, 0.000000000000000000, 1.000000000000000000 ) ) ;
#5821 = ORIENTED_EDGE ( 'NONE', *, *, #1545, .T. ) ;
#5822 = ORIENTED_EDGE ( 'NONE', *, *, #5168, .F. ) ;
#5823 = CARTESIAN_POINT ( 'NONE',  ( 167.9386245540026721, 11.24999999999625011, -9.995857864376258561 ) ) ;
#5824 = AXIS2_PLACEMENT_3D ( 'NONE', #2384, #6060, #9090 ) ;
#5825 = EDGE_CURVE ( 'NONE', #5432, #4365, #8739, .T. ) ;
#5826 = CARTESIAN_POINT ( 'NONE',  ( 133.6542698462987460, 11.24999999999624833, -0.009999999999999592548 ) ) ;
#5827 = CARTESIAN_POINT ( 'NONE',  ( 101.9574360766584249, 11.23999999999624855, 0.000000000000000000 ) ) ;
#5828 = ORIENTED_EDGE ( 'NONE', *, *, #9179, .T. ) ;
#5829 = PLANE ( 'NONE',  #2295 ) ;
#5830 = LINE ( 'NONE', #2622, #1629 ) ;
#5831 = CIRCLE ( 'NONE', #8530, 0.01000000000000000021 ) ;
#5832 = VERTEX_POINT ( 'NONE', #8009 ) ;
#5833 = CARTESIAN_POINT ( 'NONE',  ( 78.85783972728880542, 18.02540000000299969, -10.00000000000000000 ) ) ;
#5834 = ADVANCED_FACE ( 'NONE', ( #347 ), #6551, .T. ) ;
#5835 = FACE_OUTER_BOUND ( 'NONE', #1714, .T. ) ;
#5836 = CARTESIAN_POINT ( 'NONE',  ( 186.7804376267432360, 11.23999999999624677, 0.000000000000000000 ) ) ;
#5837 = ORIENTED_EDGE ( 'NONE', *, *, #6762, .F. ) ;
#5838 = EDGE_CURVE ( 'NONE', #2992, #8083, #2646, .T. ) ;
#5839 = CARTESIAN_POINT ( 'NONE',  ( 22.30260314058962834, 18.00000000000299849, -0.004142135623729858475 ) ) ;
#5840 = ORIENTED_EDGE ( 'NONE', *, *, #7359, .F. ) ;
#5841 = CYLINDRICAL_SURFACE ( 'NONE', #735, 0.01000000000000690267 ) ;
#5842 = ORIENTED_EDGE ( 'NONE', *, *, #6541, .T. ) ;
#5843 = LINE ( 'NONE', #8183, #8294 ) ;
#5844 = ORIENTED_EDGE ( 'NONE', *, *, #9068, .F. ) ;
#5845 = EDGE_CURVE ( 'NONE', #2162, #6779, #396, .T. ) ;
#5846 = LINE ( 'NONE', #8863, #6074 ) ;
#5847 = EDGE_CURVE ( 'NONE', #1519, #725, #4884, .T. ) ;
#5848 = APPLICATION_PROTOCOL_DEFINITION ( 'draft international standard', 'automotive_design', 1998, #314 ) ;
#5849 = LINE ( 'NONE', #4955, #6715 ) ;
#5850 = CYLINDRICAL_SURFACE ( 'NONE', #3569, 0.01000000000000777003 ) ;
#5851 = ORIENTED_EDGE ( 'NONE', *, *, #1974, .T. ) ;
#5852 = ORIENTED_EDGE ( 'NONE', *, *, #6945, .T. ) ;
#5853 = EDGE_CURVE ( 'NONE', #498, #4904, #9631, .T. ) ;
#5854 = LINE ( 'NONE', #3702, #4544 ) ;
#5855 = ORIENTED_EDGE ( 'NONE', *, *, #1862, .T. ) ;
#5856 = CARTESIAN_POINT ( 'NONE',  ( 243.3368481540782113, 11.24999999999624833, -9.990000000000000213 ) ) ;
#5857 = DIRECTION ( 'NONE',  ( -1.000000000000000000, -0.000000000000000000, -0.000000000000000000 ) ) ;
#5858 = CARTESIAN_POINT ( 'NONE',  ( 180.7813667804157944, 11.24585786437252466, -9.999999999999994671 ) ) ;
#5859 = FACE_OUTER_BOUND ( 'NONE', #675, .T. ) ;
#5860 = EDGE_CURVE ( 'NONE', #1309, #3071, #9440, .T. ) ;
#5861 = CARTESIAN_POINT ( 'NONE',  ( 11.13215649617624692, 11.24999999999624833, -9.995857864376269220 ) ) ;
#5862 = CARTESIAN_POINT ( 'NONE',  ( 0.000000000000000000, 11.23999999999625032, 0.000000000000000000 ) ) ;
#5863 = VERTEX_POINT ( 'NONE', #1034 ) ;
#5864 = EDGE_LOOP ( 'NONE', ( #1085, #7307, #6473, #918 ) ) ;
#5865 = CARTESIAN_POINT ( 'NONE',  ( 0.000000000000000000, 18.00000000000299849, -10.00000000000000000 ) ) ;
#5866 = VERTEX_POINT ( 'NONE', #4116 ) ;
#5867 = ADVANCED_FACE ( 'NONE', ( #7156 ), #293, .T. ) ;
#5868 =( BOUNDED_CURVE ( )  B_SPLINE_CURVE ( 3, ( #7864, #6366, #1797, #7116 ),
 .UNSPECIFIED., .F., .F. ) 
 B_SPLINE_CURVE_WITH_KNOTS ( ( 4, 4 ),
 ( 3.141592653589793116, 4.712388980384906390 ),
 .UNSPECIFIED. ) 
 CURVE ( )  GEOMETRIC_REPRESENTATION_ITEM ( )  RATIONAL_B_SPLINE_CURVE ( ( 1.000000000000000000, 0.8047378541243139782, 0.8047378541243139782, 1.000000000000000000 ) ) 
 REPRESENTATION_ITEM ( '' )  );
#5869 = VECTOR ( 'NONE', #2416, 1000.000000000000000 ) ;
#5870 =( BOUNDED_CURVE ( )  B_SPLINE_CURVE ( 3, ( #9165, #5583, #6280, #2316 ),
 .UNSPECIFIED., .F., .F. ) 
 B_SPLINE_CURVE_WITH_KNOTS ( ( 4, 4 ),
 ( 0.000000000000000000, 1.570796326795113496 ),
 .UNSPECIFIED. ) 
 CURVE ( )  GEOMETRIC_REPRESENTATION_ITEM ( )  RATIONAL_B_SPLINE_CURVE ( ( 1.000000000000000000, 0.8047378541243138672, 0.8047378541243138672, 1.000000000000000000 ) ) 
 REPRESENTATION_ITEM ( '' )  );
#5871 = DIRECTION ( 'NONE',  ( 1.000000000000000000, 0.000000000000000000, 0.000000000000000000 ) ) ;
#5872 = CARTESIAN_POINT ( 'NONE',  ( 201.3733841907686610, 18.00000000000299138, -9.995857864376267443 ) ) ;
#5873 = VERTEX_POINT ( 'NONE', #2176 ) ;
#5874 = ORIENTED_EDGE ( 'NONE', *, *, #8996, .F. ) ;
#5875 = VECTOR ( 'NONE', #3306, 1000.000000000000000 ) ;
#5876 = DIRECTION ( 'NONE',  ( 0.000000000000000000, 0.000000000000000000, 1.000000000000000000 ) ) ;
#5877 = LINE ( 'NONE', #6575, #4370 ) ;
#5878 =( BOUNDED_CURVE ( )  B_SPLINE_CURVE ( 3, ( #9413, #3227, #2567, #1811 ),
 .UNSPECIFIED., .F., .T. ) 
 B_SPLINE_CURVE_WITH_KNOTS ( ( 4, 4 ),
 ( 3.141592653589793116, 4.712388980384798032 ),
 .UNSPECIFIED. ) 
 CURVE ( )  GEOMETRIC_REPRESENTATION_ITEM ( )  RATIONAL_B_SPLINE_CURVE ( ( 1.000000000000000000, 0.8047378541243395134, 0.8047378541243395134, 1.000000000000000000 ) ) 
 REPRESENTATION_ITEM ( '' )  );
#5879 = ORIENTED_EDGE ( 'NONE', *, *, #2293, .F. ) ;
#5880 = DIRECTION ( 'NONE',  ( -0.2503800040544349459, -0.9681476403781095197, 0.000000000000000000 ) ) ;
#5881 = CARTESIAN_POINT ( 'NONE',  ( 175.6177338096082394, 18.00000000000300204, -9.995857864376265667 ) ) ;
#5882 = DIRECTION ( 'NONE',  ( 1.000000000000000000, -0.000000000000000000, 0.000000000000000000 ) ) ;
#5883 = EDGE_LOOP ( 'NONE', ( #8329, #1832, #7209, #4633 ) ) ;
#5884 = DIRECTION ( 'NONE',  ( -0.2503800040544349459, -0.9681476403781095197, 0.000000000000000000 ) ) ;
#5885 = EDGE_LOOP ( 'NONE', ( #6532, #6696, #3092, #6128 ) ) ;
#5886 = DIRECTION ( 'NONE',  ( 0.000000000000000000, 0.000000000000000000, 1.000000000000000000 ) ) ;
#5887 = ORIENTED_EDGE ( 'NONE', *, *, #1799, .T. ) ;
#5888 = CYLINDRICAL_SURFACE ( 'NONE', #6222, 0.01000000000000000021 ) ;
#5889 = ORIENTED_EDGE ( 'NONE', *, *, #4630, .F. ) ;
#5890 =( BOUNDED_CURVE ( )  B_SPLINE_CURVE ( 3, ( #218, #2509, #2361, #2565 ),
 .UNSPECIFIED., .F., .F. ) 
 B_SPLINE_CURVE_WITH_KNOTS ( ( 4, 4 ),
 ( 0.000000000000000000, 1.570796326795113496 ),
 .UNSPECIFIED. ) 
 CURVE ( )  GEOMETRIC_REPRESENTATION_ITEM ( )  RATIONAL_B_SPLINE_CURVE ( ( 1.000000000000000000, 0.8047378541243138672, 0.8047378541243138672, 1.000000000000000000 ) ) 
 REPRESENTATION_ITEM ( '' )  );
#5891 = CARTESIAN_POINT ( 'NONE',  ( 125.9829034179716984, 17.99000000000300048, -10.00000000000000000 ) ) ;
#5892 = DIRECTION ( 'NONE',  ( 0.2503800040544349459, 0.9681476403781095197, 0.000000000000000000 ) ) ;
#5893 = EDGE_CURVE ( 'NONE', #952, #8778, #3706, .T. ) ;
#5894 = CARTESIAN_POINT ( 'NONE',  ( 282.9972739408158304, 0.000000000000000000, -10.00000000000000000 ) ) ;
#5895 = LINE ( 'NONE', #6379, #8510 ) ;
#5896 = VERTEX_POINT ( 'NONE', #9722 ) ;
#5897 = VERTEX_POINT ( 'NONE', #1372 ) ;
#5898 = DIRECTION ( 'NONE',  ( -1.000000000000000000, 0.000000000000000000, 0.000000000000000000 ) ) ;
#5899 = ORIENTED_EDGE ( 'NONE', *, *, #1144, .F. ) ;
#5900 = CARTESIAN_POINT ( 'NONE',  ( 78.85127084064617975, 17.99000000000300048, 0.000000000000000000 ) ) ;
#5901 = EDGE_CURVE ( 'NONE', #7801, #6722, #6008, .T. ) ;
#5902 = CARTESIAN_POINT ( 'NONE',  ( 86.53038009625161919, 11.24999999999624656, -9.995857864376272772 ) ) ;
#5903 = CARTESIAN_POINT ( 'NONE',  ( 229.6477180407969740, 18.00000000000299849, -9.990000000000000213 ) ) ;
#5904 = CARTESIAN_POINT ( 'NONE',  ( 201.3733841907686895, 18.00000000000299849, -10.00000000000000000 ) ) ;
#5905 = AXIS2_PLACEMENT_3D ( 'NONE', #8638, #3246, #1025 ) ;
#5906 = VECTOR ( 'NONE', #4918, 1000.000000000000000 ) ;
#5907 = ADVANCED_FACE ( 'NONE', ( #9031 ), #8247, .F. ) ;
#5908 = CARTESIAN_POINT ( 'NONE',  ( 49.75736676166923900, 30.86812999581561101, -9.990000000000000213 ) ) ;
#5909 = DIRECTION ( 'NONE',  ( -0.9681476403781095197, -0.2503800040544349459, 0.000000000000000000 ) ) ;
#5910 = CARTESIAN_POINT ( 'NONE',  ( 109.6410809754724767, 17.99585786437927482, -10.00000000000000178 ) ) ;
#5911 = ORIENTED_EDGE ( 'NONE', *, *, #3806, .F. ) ;
#5912 = ORIENTED_EDGE ( 'NONE', *, *, #4273, .F. ) ;
#5913 = DIRECTION ( 'NONE',  ( -0.9681476403781361650, -0.2503800040543317507, 0.000000000000000000 ) ) ;
#5914 = EDGE_LOOP ( 'NONE', ( #141, #4251, #2868, #158 ) ) ;
#5915 = DIRECTION ( 'NONE',  ( 0.000000000000000000, 0.000000000000000000, -1.000000000000000000 ) ) ;
#5916 = AXIS2_PLACEMENT_3D ( 'NONE', #4989, #9557, #7319 ) ;
#5917 = ADVANCED_FACE ( 'NONE', ( #2897 ), #4552, .T. ) ;
#5918 = AXIS2_PLACEMENT_3D ( 'NONE', #1902, #4185, #6479 ) ;
#5919 = CARTESIAN_POINT ( 'NONE',  ( -180.0099999999999909, -83.00000000000001421, -0.009999999999999592548 ) ) ;
#5920 = EDGE_CURVE ( 'NONE', #4800, #3758, #710, .T. ) ;
#5921 = AXIS2_PLACEMENT_3D ( 'NONE', #4217, #5716, #3357 ) ;
#5922 = AXIS2_PLACEMENT_3D ( 'NONE', #781, #2953, #1476 ) ;
#5923 = LINE ( 'NONE', #9690, #4948 ) ;
#5924 = EDGE_CURVE ( 'NONE', #5757, #9862, #2761, .T. ) ;
#5925 = CYLINDRICAL_SURFACE ( 'NONE', #2751, 0.01000000000000105319 ) ;
#5926 = EDGE_LOOP ( 'NONE', ( #4697, #9809, #402, #9772 ) ) ;
#5927 = ORIENTED_EDGE ( 'NONE', *, *, #8411, .T. ) ;
#5928 = CARTESIAN_POINT ( 'NONE',  ( 11.13215649617624869, 11.23999999999625032, -0.009999999999999592548 ) ) ;
#5929 = CARTESIAN_POINT ( 'NONE',  ( 58.26378907350178338, 11.23999999999625032, -10.00000000000000000 ) ) ;
#5930 =( BOUNDED_CURVE ( )  B_SPLINE_CURVE ( 3, ( #3546, #2741, #386, #8001 ),
 .UNSPECIFIED., .F., .F. ) 
 B_SPLINE_CURVE_WITH_KNOTS ( ( 4, 4 ),
 ( 3.141592653589793116, 4.712388980384353943 ),
 .UNSPECIFIED. ) 
 CURVE ( )  GEOMETRIC_REPRESENTATION_ITEM ( )  RATIONAL_B_SPLINE_CURVE ( ( 1.000000000000000000, 0.8047378541244440964, 0.8047378541244440964, 1.000000000000000000 ) ) 
 REPRESENTATION_ITEM ( '' )  );
#5931 = ORIENTED_EDGE ( 'NONE', *, *, #4817, .F. ) ;
#5932 = AXIS2_PLACEMENT_3D ( 'NONE', #6579, #7317, #555 ) ;
#5933 = CYLINDRICAL_SURFACE ( 'NONE', #2730, 0.01000000000000863913 ) ;
#5934 = CARTESIAN_POINT ( 'NONE',  ( 149.0813258267055232, 11.23999999999624677, 0.000000000000000000 ) ) ;
#5935 = CARTESIAN_POINT ( 'NONE',  ( 0.000000000000000000, 11.23999999999625032, -9.990000000000000213 ) ) ;
#5936 = ORIENTED_EDGE ( 'NONE', *, *, #9310, .F. ) ;
#5937 = AXIS2_PLACEMENT_3D ( 'NONE', #3819, #5380, #1541 ) ;
#5938 = EDGE_CURVE ( 'NONE', #1803, #3856, #2102, .T. ) ;
#5939 = ORIENTED_EDGE ( 'NONE', *, *, #7301, .F. ) ;
#5940 = FACE_OUTER_BOUND ( 'NONE', #2099, .T. ) ;
#5941 = FACE_OUTER_BOUND ( 'NONE', #8735, .T. ) ;
#5942 = ORIENTED_EDGE ( 'NONE', *, *, #5938, .F. ) ;
#5943 = CARTESIAN_POINT ( 'NONE',  ( 152.5038257463176024, 11.24999999999624833, -9.990000000000000213 ) ) ;
#5944 = ORIENTED_EDGE ( 'NONE', *, *, #4937, .F. ) ;
#5945 = VECTOR ( 'NONE', #5102, 1000.000000000000000 ) ;
#5946 = DIRECTION ( 'NONE',  ( -1.000000000000000000, 0.000000000000000000, 0.000000000000000000 ) ) ;
#5947 = CARTESIAN_POINT ( 'NONE',  ( 209.0524934463741147, 11.24999999999624478, -9.995857864376267443 ) ) ;
#5948 = DIRECTION ( 'NONE',  ( 0.000000000000000000, 0.000000000000000000, -1.000000000000000000 ) ) ;
#5949 = VECTOR ( 'NONE', #3322, 1000.000000000000000 ) ;
#5950 = CARTESIAN_POINT ( 'NONE',  ( 5.971730709438642926, 18.00000000000299849, -0.01000000000000000021 ) ) ;
#5951 = ORIENTED_EDGE ( 'NONE', *, *, #5321, .F. ) ;
#5952 = ORIENTED_EDGE ( 'NONE', *, *, #4089, .F. ) ;
#5953 = CARTESIAN_POINT ( 'NONE',  ( 95.95515804626107581, 11.24999999999624833, -9.990000000000000213 ) ) ;
#5954 = VERTEX_POINT ( 'NONE', #4354 ) ;
#5955 = CARTESIAN_POINT ( 'NONE',  ( 5.971730709438642926, 18.00000000000299849, -0.009999999999999592548 ) ) ;
#5956 = CARTESIAN_POINT ( 'NONE',  ( 95.96290087353949616, 11.23999999999625032, 0.000000000000000000 ) ) ;
#5957 = DIRECTION ( 'NONE',  ( -0.2503800040544349459, 0.9681476403781095197, 0.000000000000000000 ) ) ;
#5958 = LINE ( 'NONE', #7647, #1398 ) ;
#5959 = EDGE_CURVE ( 'NONE', #1055, #4616, #2426, .T. ) ;
#5960 = FACE_BOUND ( 'NONE', #7680, .T. ) ;
#5961 = EDGE_CURVE ( 'NONE', #455, #3566, #3140, .T. ) ;
#5962 = DIRECTION ( 'NONE',  ( 0.000000000000000000, -1.000000000000000000, -0.000000000000000000 ) ) ;
#5963 = PLANE ( 'NONE',  #7578 ) ;
#5964 = CARTESIAN_POINT ( 'NONE',  ( 171.0910642445878409, -26.24715773980951283, -9.990000000000000213 ) ) ;
#5965 = ORIENTED_EDGE ( 'NONE', *, *, #3790, .F. ) ;
#5966 = ORIENTED_EDGE ( 'NONE', *, *, #7021, .T. ) ;
#5967 = CARTESIAN_POINT ( 'NONE',  ( -206.0000000000000284, 107.0000000000000000, -0.009999999999999592548 ) ) ;
#5968 = ORIENTED_EDGE ( 'NONE', *, *, #9489, .T. ) ;
#5969 = CARTESIAN_POINT ( 'NONE',  ( 199.6354583236431210, 11.23999999999624855, -10.00000000000000000 ) ) ;
#5970 = VECTOR ( 'NONE', #3984, 1000.000000000000000 ) ;
#5971 = CARTESIAN_POINT ( 'NONE',  ( 24.81354378217906387, 17.99000000000300048, 0.000000000000000000 ) ) ;
#5972 = FACE_OUTER_BOUND ( 'NONE', #554, .T. ) ;
#5973 = ADVANCED_FACE ( 'NONE', ( #1423 ), #6804, .T. ) ;
#5974 =( BOUNDED_CURVE ( )  B_SPLINE_CURVE ( 3, ( #3808, #9087, #684, #7442 ),
 .UNSPECIFIED., .F., .F. ) 
 B_SPLINE_CURVE_WITH_KNOTS ( ( 4, 4 ),
 ( 3.141592653589793116, 4.712388980384689674 ),
 .UNSPECIFIED. ) 
 CURVE ( )  GEOMETRIC_REPRESENTATION_ITEM ( )  RATIONAL_B_SPLINE_CURVE ( ( 1.000000000000000000, 0.8047378541243649375, 0.8047378541243649375, 1.000000000000000000 ) ) 
 REPRESENTATION_ITEM ( '' )  );
#5975 = AXIS2_PLACEMENT_3D ( 'NONE', #4603, #7228, #7651 ) ;
#5976 = VECTOR ( 'NONE', #7965, 1000.000000000000000 ) ;
#5977 = EDGE_CURVE ( 'NONE', #483, #1257, #5526, .T. ) ;
#5978 = CYLINDRICAL_SURFACE ( 'NONE', #456, 0.01000000000000000021 ) ;
#5979 = LINE ( 'NONE', #4, #6434 ) ;
#5980 = ORIENTED_EDGE ( 'NONE', *, *, #7413, .F. ) ;
#5981 = VERTEX_POINT ( 'NONE', #578 ) ;
#5982 = DIRECTION ( 'NONE',  ( -0.9681476403780955309, -0.2503800040544887362, 0.000000000000000000 ) ) ;
#5983 = CARTESIAN_POINT ( 'NONE',  ( -189.9899999999999238, 107.0000000000000000, -0.01000000000000000021 ) ) ;
#5984 = EDGE_CURVE ( 'NONE', #8398, #9094, #2818, .T. ) ;
#5985 = ORIENTED_EDGE ( 'NONE', *, *, #5924, .T. ) ;
#5986 = VECTOR ( 'NONE', #2796, 1000.000000000000000 ) ;
#5987 = CARTESIAN_POINT ( 'NONE',  ( 88.27604879065557952, 18.00000000000299138, -9.995857864376267443 ) ) ;
#5988 = CYLINDRICAL_SURFACE ( 'NONE', #4639, 0.01000000000000863913 ) ;
#5989 = CARTESIAN_POINT ( 'NONE',  ( 105.3876788235488675, 11.23999999999624855, -10.00000000000000000 ) ) ;
#5990 = EDGE_LOOP ( 'NONE', ( #591, #4100, #4085, #8208 ) ) ;
#5991 = VECTOR ( 'NONE', #4456, 1000.000000000000000 ) ;
#5992 = ORIENTED_EDGE ( 'NONE', *, *, #6163, .T. ) ;
#5993 = DIRECTION ( 'NONE',  ( 0.000000000000000000, -1.000000000000000000, -0.000000000000000000 ) ) ;
#5994 = EDGE_LOOP ( 'NONE', ( #3153, #7687, #6116, #5837 ) ) ;
#5995 = DIRECTION ( 'NONE',  ( -0.9681476403781095197, -0.2503800040544349459, 0.000000000000000000 ) ) ;
#5996 = VERTEX_POINT ( 'NONE', #5155 ) ;
#5997 = VECTOR ( 'NONE', #4388, 1000.000000000000000 ) ;
#5998 = CARTESIAN_POINT ( 'NONE',  ( -189.9899999999999523, -83.00000000000000000, -0.009999999999999592548 ) ) ;
#5999 = PLANE ( 'NONE',  #7330 ) ;
#6000 =( BOUNDED_SURFACE ( )  B_SPLINE_SURFACE ( 3, 2, ( 
 ( #6310, #5466, #8413 ),
 ( #4713, #3304, #7705 ),
 ( #5567, #1737, #7060 ),
 ( #192, #6919, #2342 ),
 ( #7759, #1585, #840 ),
 ( #3919, #7854, #888 ) ),
 .UNSPECIFIED., .F., .F., .F. ) 
 B_SPLINE_SURFACE_WITH_KNOTS ( ( 4, 2, 4 ),
 ( 3, 3 ),
 ( 1.570796326794896558, 2.356194490192344837, 3.141592653589793116 ),
 ( 0.000000000000000000, 1.000000000000000000 ),
 .UNSPECIFIED. ) 
 GEOMETRIC_REPRESENTATION_ITEM ( )  RATIONAL_B_SPLINE_SURFACE ( (
 ( 1.000000000000000000, 1.000000000000000000, 1.000000000000000000),
 ( 1.000000000000000000, 1.002675577710161248, 1.000000000000000000),
 ( 1.000000000000000000, 0.9416002490592543239, 1.000000000000000000),
 ( 1.000000000000000000, 0.7904505585107206578, 1.000000000000000000),
 ( 1.000000000000000000, 0.7046748397636455330, 1.000000000000000000),
 ( 1.000000000000000000, 0.7071067811865475727, 1.000000000000000000) ) ) 
 REPRESENTATION_ITEM ( '' )  SURFACE ( )  );
#6001 = CARTESIAN_POINT ( 'NONE',  ( -215.9999999999999432, 107.0000000000000000, -10.00000000000000000 ) ) ;
#6002 = CYLINDRICAL_SURFACE ( 'NONE', #204, 0.01000000000000690267 ) ;
#6003 = VERTEX_POINT ( 'NONE', #9878 ) ;
#6004 = EDGE_LOOP ( 'NONE', ( #2819, #1075, #1984, #1750 ) ) ;
#6005 = CARTESIAN_POINT ( 'NONE',  ( 199.6277154963647149, 11.24999999999624833, -0.009999999999999592548 ) ) ;
#6006 = VERTEX_POINT ( 'NONE', #3240 ) ;
#6007 = LINE ( 'NONE', #678, #4126 ) ;
#6008 = LINE ( 'NONE', #4504, #6265 ) ;
#6009 = ORIENTED_EDGE ( 'NONE', *, *, #270, .T. ) ;
#6010 = LINE ( 'NONE', #2233, #2234 ) ;
#6011 = LINE ( 'NONE', #3859, #4634 ) ;
#6012 = DIRECTION ( 'NONE',  ( 1.000000000000000000, -0.000000000000000000, 0.000000000000000000 ) ) ;
#6013 = CARTESIAN_POINT ( 'NONE',  ( 41.15990186788689442, 17.99000000000300048, 0.000000000000000000 ) ) ;
#6014 = CARTESIAN_POINT ( 'NONE',  ( 130.2395127539651014, 11.24999999999624833, -0.009999999999999592548 ) ) ;
#6015 = DIRECTION ( 'NONE',  ( -0.000000000000000000, -0.000000000000000000, 1.000000000000000000 ) ) ;
#6016 = DIRECTION ( 'NONE',  ( -0.2503800040544349459, -0.9681476403781095197, 0.000000000000000000 ) ) ;
#6017 = VERTEX_POINT ( 'NONE', #971 ) ;
#6018 = VERTEX_POINT ( 'NONE', #5454 ) ;
#6019 = ORIENTED_EDGE ( 'NONE', *, *, #3525, .T. ) ;
#6020 = DIRECTION ( 'NONE',  ( -0.9681476403782230955, -0.2503800040539953531, 0.000000000000000000 ) ) ;
#6021 = LINE ( 'NONE', #5266, #6582 ) ;
#6022 = ADVANCED_FACE ( 'NONE', ( #9378 ), #1626, .T. ) ;
#6023 = DIRECTION ( 'NONE',  ( 0.9681476403781095197, -0.2503800040544349459, 0.000000000000000000 ) ) ;
#6024 = CARTESIAN_POINT ( 'NONE',  ( 0.000000000000000000, 11.23999999999625032, 0.000000000000000000 ) ) ;
#6025 = LINE ( 'NONE', #7510, #2913 ) ;
#6026 = ORIENTED_EDGE ( 'NONE', *, *, #3895, .F. ) ;
#6027 = ORIENTED_EDGE ( 'NONE', *, *, #1517, .F. ) ;
#6028 = EDGE_CURVE ( 'NONE', #3436, #2489, #7049, .T. ) ;
#6029 = CARTESIAN_POINT ( 'NONE',  ( -216.0000000000000000, 9.466112104698704596E-14, -10.00000000000000000 ) ) ;
#6030 = CARTESIAN_POINT ( 'NONE',  ( 232.1586586823863456, 17.99000000000300403, -10.00000000000000000 ) ) ;
#6031 = VERTEX_POINT ( 'NONE', #4054 ) ;
#6032 = ADVANCED_FACE ( 'NONE', ( #5556 ), #6298, .T. ) ;
#6033 = CARTESIAN_POINT ( 'NONE',  ( 233.9120702040686979, 11.24999999999625189, -9.995857864376272772 ) ) ;
#6034 =( BOUNDED_CURVE ( )  B_SPLINE_CURVE ( 3, ( #8033, #1105, #371, #7179 ),
 .UNSPECIFIED., .F., .F. ) 
 B_SPLINE_CURVE_WITH_KNOTS ( ( 4, 4 ),
 ( 0.000000000000000000, 1.570796326794896558 ),
 .UNSPECIFIED. ) 
 CURVE ( )  GEOMETRIC_REPRESENTATION_ITEM ( )  RATIONAL_B_SPLINE_CURVE ( ( 1.000000000000000000, 0.8047378541243649375, 0.8047378541243649375, 1.000000000000000000 ) ) 
 REPRESENTATION_ITEM ( '' )  );
#6035 = CARTESIAN_POINT ( 'NONE',  ( 218.4772713963835713, 11.24999999999624833, -0.009999999999999592548 ) ) ;
#6036 = CARTESIAN_POINT ( 'NONE',  ( 17.13443452657360666, 11.23999999999625032, 0.000000000000000000 ) ) ;
#6037 = EDGE_LOOP ( 'NONE', ( #7554, #418, #5230, #5804 ) ) ;
#6038 = ADVANCED_FACE ( 'NONE', ( #3142 ), #4596, .T. ) ;
#6039 = AXIS2_PLACEMENT_3D ( 'NONE', #7202, #3403, #4815 ) ;
#6040 = CARTESIAN_POINT ( 'NONE',  ( 161.9286036963270305, 11.23999999999625032, -10.00000000000000000 ) ) ;
#6041 = ORIENTED_EDGE ( 'NONE', *, *, #2907, .F. ) ;
#6042 = CARTESIAN_POINT ( 'NONE',  ( 69.43306177727937722, 18.02540000000299969, -0.009999999999999592548 ) ) ;
#6043 = DIRECTION ( 'NONE',  ( 0.2503800040544349459, -0.9681476403781095197, 0.000000000000000000 ) ) ;
#6044 = EDGE_LOOP ( 'NONE', ( #5632, #4272, #6009, #5022 ) ) ;
#6045 = CARTESIAN_POINT ( 'NONE',  ( 130.2363055698952792, 11.24585786437251755, 1.475414198459862560E-15 ) ) ;
#6046 = EDGE_CURVE ( 'NONE', #8083, #378, #4489, .T. ) ;
#6047 = ORIENTED_EDGE ( 'NONE', *, *, #3969, .T. ) ;
#6048 = CARTESIAN_POINT ( 'NONE',  ( -180.0000000000000000, -83.00000000000001421, -0.009999999999999592548 ) ) ;
#6049 = ADVANCED_FACE ( 'NONE', ( #9277 ), #9329, .T. ) ;
#6050 = CARTESIAN_POINT ( 'NONE',  ( -180.0000000000000000, 1.123325935484965805E-14, -9.990000000000000213 ) ) ;
#6051 = ORIENTED_EDGE ( 'NONE', *, *, #7289, .F. ) ;
#6052 = ORIENTED_EDGE ( 'NONE', *, *, #4926, .T. ) ;
#6053 = LINE ( 'NONE', #6648, #9163 ) ;
#6054 = ORIENTED_EDGE ( 'NONE', *, *, #4290, .F. ) ;
#6055 = LINE ( 'NONE', #9082, #3640 ) ;
#6056 = ORIENTED_EDGE ( 'NONE', *, *, #4721, .T. ) ;
#6057 = LINE ( 'NONE', #2127, #8775 ) ;
#6058 = CARTESIAN_POINT ( 'NONE',  ( -180.0099999999999909, 2.629621666615453360E-14, -0.009999999999999592548 ) ) ;
#6059 = CARTESIAN_POINT ( 'NONE',  ( 91.58562908233523103, -5.685654154984457698, -9.990000000000000213 ) ) ;
#6060 = DIRECTION ( 'NONE',  ( 0.000000000000000000, 1.000000000000000000, 0.000000000000000000 ) ) ;
#6061 = CARTESIAN_POINT ( 'NONE',  ( 166.1929558595988681, 18.00000000000299849, -0.009999999999999592548 ) ) ;
#6062 = CYLINDRICAL_SURFACE ( 'NONE', #3925, 0.01000000000000690267 ) ;
#6063 = CARTESIAN_POINT ( 'NONE',  ( 105.3831431803403120, 11.24585786437251400, 4.340532324096351870E-15 ) ) ;
#6064 = ADVANCED_FACE ( 'NONE', ( #2480 ), #128, .T. ) ;
#6065 = ORIENTED_EDGE ( 'NONE', *, *, #1430, .F. ) ;
#6066 = ORIENTED_EDGE ( 'NONE', *, *, #2293, .T. ) ;
#6067 = CARTESIAN_POINT ( 'NONE',  ( 146.9306764044223428, 55.99885659949065797, -0.01000000000000000021 ) ) ;
#6068 = VERTEX_POINT ( 'NONE', #1725 ) ;
#6069 = LINE ( 'NONE', #2248, #1704 ) ;
#6070 = PLANE ( 'NONE',  #2569 ) ;
#6071 = VECTOR ( 'NONE', #5892, 1000.000000000000000 ) ;
#6072 = CARTESIAN_POINT ( 'NONE',  ( 210.8059049680565238, 17.99000000000300048, -10.00000000000000000 ) ) ;
#6073 = DIRECTION ( 'NONE',  ( 0.000000000000000000, 1.000000000000000000, 0.000000000000000000 ) ) ;
#6074 = VECTOR ( 'NONE', #2014, 1000.000000000000000 ) ;
#6075 = CARTESIAN_POINT ( 'NONE',  ( 43.66309968219792381, 17.99000000000300048, 0.000000000000000000 ) ) ;
#6076 = ORIENTED_EDGE ( 'NONE', *, *, #4319, .T. ) ;
#6077 = ORIENTED_EDGE ( 'NONE', *, *, #1669, .F. ) ;
#6078 = AXIS2_PLACEMENT_3D ( 'NONE', #7550, #687, #2903 ) ;
#6079 =( BOUNDED_CURVE ( )  B_SPLINE_CURVE ( 3, ( #3924, #7711, #894, #6264 ),
 .UNSPECIFIED., .F., .F. ) 
 B_SPLINE_CURVE_WITH_KNOTS ( ( 4, 4 ),
 ( 3.141592653589793116, 4.712388980384689674 ),
 .UNSPECIFIED. ) 
 CURVE ( )  GEOMETRIC_REPRESENTATION_ITEM ( )  RATIONAL_B_SPLINE_CURVE ( ( 1.000000000000000000, 0.8047378541243649375, 0.8047378541243649375, 1.000000000000000000 ) ) 
 REPRESENTATION_ITEM ( '' )  );
#6080 = EDGE_LOOP ( 'NONE', ( #8155, #6840, #646, #6908 ) ) ;
#6081 = CARTESIAN_POINT ( 'NONE',  ( 31.72738109059905653, 18.00000000000299849, -0.009999999999999592548 ) ) ;
#6082 = VECTOR ( 'NONE', #2133, 1000.000000000000000 ) ;
#6083 = EDGE_CURVE ( 'NONE', #721, #550, #33, .T. ) ;
#6084 = CARTESIAN_POINT ( 'NONE',  ( 185.0425117596176960, 18.00000000000299849, -9.990000000000000213 ) ) ;
#6085 = EDGE_CURVE ( 'NONE', #9003, #5068, #8539, .T. ) ;
#6086 = FACE_OUTER_BOUND ( 'NONE', #2689, .T. ) ;
#6087 = VECTOR ( 'NONE', #5433, 1000.000000000000000 ) ;
#6088 = ORIENTED_EDGE ( 'NONE', *, *, #1010, .T. ) ;
#6089 = CARTESIAN_POINT ( 'NONE',  ( 17.14217735385202701, 11.24999999999624833, -0.009999999999999592548 ) ) ;
#6090 = ORIENTED_EDGE ( 'NONE', *, *, #5235, .F. ) ;
#6091 = DIRECTION ( 'NONE',  ( -0.9681476403781361650, -0.2503800040543317507, 0.000000000000000000 ) ) ;
#6092 = EDGE_LOOP ( 'NONE', ( #2435, #8526, #6928, #4770 ) ) ;
#6093 = EDGE_CURVE ( 'NONE', #8038, #213, #7747, .T. ) ;
#6094 = CARTESIAN_POINT ( 'NONE',  ( -180.0000000000000000, 17.99000000000300048, 0.000000000000000000 ) ) ;
#6095 = CARTESIAN_POINT ( 'NONE',  ( 26.56695530386144100, 11.24999999999624656, -0.004142135623730242716 ) ) ;
#6096 = AXIS2_PLACEMENT_3D ( 'NONE', #6411, #9294, #2444 ) ;
#6097 = EDGE_CURVE ( 'NONE', #2910, #483, #1678, .T. ) ;
#6098 = ORIENTED_EDGE ( 'NONE', *, *, #6967, .F. ) ;
#6099 = ORIENTED_EDGE ( 'NONE', *, *, #1819, .F. ) ;
#6100 = VERTEX_POINT ( 'NONE', #4799 ) ;
#6101 = DIRECTION ( 'NONE',  ( 0.000000000000000000, 0.000000000000000000, -1.000000000000000000 ) ) ;
#6102 = VECTOR ( 'NONE', #3161, 1000.000000000000000 ) ;
#6103 = CARTESIAN_POINT ( 'NONE',  ( 86.53358728032145564, 11.24585786437251755, -10.00000000000000000 ) ) ;
#6104 = ORIENTED_EDGE ( 'NONE', *, *, #5370, .F. ) ;
#6105 = EDGE_CURVE ( 'NONE', #3963, #5393, #2378, .T. ) ;
#6106 = CYLINDRICAL_SURFACE ( 'NONE', #3689, 0.01000000000000777003 ) ;
#6107 = CARTESIAN_POINT ( 'NONE',  ( 220.2306829180659804, 17.99000000000299693, 0.000000000000000000 ) ) ;
#6108 = EDGE_CURVE ( 'NONE', #1166, #2160, #8443, .T. ) ;
#6109 = CARTESIAN_POINT ( 'NONE',  ( 58.26378907350178338, 11.23999999999625032, -10.00000000000000000 ) ) ;
#6110 = LINE ( 'NONE', #2294, #464 ) ;
#6111 = DIRECTION ( 'NONE',  ( 0.000000000000000000, 0.000000000000000000, 1.000000000000000000 ) ) ;
#6112 = CARTESIAN_POINT ( 'NONE',  ( 282.9972739408158304, 0.000000000000000000, -0.009999999999999592548 ) ) ;
#6113 = EDGE_LOOP ( 'NONE', ( #3882, #8904, #573, #7124 ) ) ;
#6114 = ORIENTED_EDGE ( 'NONE', *, *, #4093, .T. ) ;
#6115 = DIRECTION ( 'NONE',  ( -0.2503800040544349459, 0.9681476403781095197, 0.000000000000000000 ) ) ;
#6116 = ORIENTED_EDGE ( 'NONE', *, *, #4500, .F. ) ;
#6117 = DIRECTION ( 'NONE',  ( 1.000000000000000000, -0.000000000000000000, -0.000000000000000000 ) ) ;
#6118 = FACE_OUTER_BOUND ( 'NONE', #6670, .T. ) ;
#6119 = LINE ( 'NONE', #2914, #494 ) ;
#6120 = EDGE_CURVE ( 'NONE', #2244, #8242, #5198, .T. ) ;
#6121 = CARTESIAN_POINT ( 'NONE',  ( 31.72738109059906009, 18.00000000000299849, -9.995857864376265667 ) ) ;
#6122 = AXIS2_PLACEMENT_3D ( 'NONE', #3770, #4361, #543 ) ;
#6123 = CARTESIAN_POINT ( 'NONE',  ( -215.9899999999999523, 107.0000000000000000, 0.000000000000000000 ) ) ;
#6124 = ORIENTED_EDGE ( 'NONE', *, *, #3831, .T. ) ;
#6125 = ORIENTED_EDGE ( 'NONE', *, *, #2968, .T. ) ;
#6126 = DIRECTION ( 'NONE',  ( 0.000000000000000000, 0.000000000000000000, 1.000000000000000000 ) ) ;
#6127 = DIRECTION ( 'NONE',  ( 0.000000000000000000, -1.000000000000000000, 0.000000000000000000 ) ) ;
#6128 = ORIENTED_EDGE ( 'NONE', *, *, #6241, .F. ) ;
#6129 = DIRECTION ( 'NONE',  ( 0.9681476403781095197, -0.2503800040544349459, 0.000000000000000000 ) ) ;
#6130 = ADVANCED_FACE ( 'NONE', ( #4748 ), #4001, .T. ) ;
#6131 = AXIS2_PLACEMENT_3D ( 'NONE', #117, #5490, #6233 ) ;
#6132 = CARTESIAN_POINT ( 'NONE',  ( 0.000000000000000000, 17.99000000000300048, -10.00000000000000000 ) ) ;
#6133 = CARTESIAN_POINT ( 'NONE',  ( 86.53812292353003954, 11.23999999999624855, -10.00000000000000000 ) ) ;
#6134 = VECTOR ( 'NONE', #6725, 1000.000000000000000 ) ;
#6135 = CARTESIAN_POINT ( 'NONE',  ( -189.9899999999999238, 107.0000000000000000, -10.00000000000000000 ) ) ;
#6136 = ORIENTED_EDGE ( 'NONE', *, *, #5003, .T. ) ;
#6137 = CARTESIAN_POINT ( 'NONE',  ( 190.2061447304251374, 11.24585786437251755, 4.071938083478370545E-16 ) ) ;
#6138 = ORIENTED_EDGE ( 'NONE', *, *, #7613, .T. ) ;
#6139 = EDGE_CURVE ( 'NONE', #3647, #9818, #4151, .T. ) ;
#6140 = DIRECTION ( 'NONE',  ( -1.000000000000000000, 0.000000000000000000, 0.000000000000000000 ) ) ;
#6141 = VECTOR ( 'NONE', #1639, 1000.000000000000000 ) ;
#6142 = CYLINDRICAL_SURFACE ( 'NONE', #5442, 0.01000000000000777003 ) ;
#6143 = ADVANCED_FACE ( 'NONE', ( #7946 ), #331, .F. ) ;
#6144 = EDGE_LOOP ( 'NONE', ( #2894, #8237, #7152, #967 ) ) ;
#6145 = ORIENTED_EDGE ( 'NONE', *, *, #1849, .F. ) ;
#6146 = CARTESIAN_POINT ( 'NONE',  ( 35.99173325387086919, 11.24999999999624833, -0.004142135623730744919 ) ) ;
#6147 = ADVANCED_FACE ( 'NONE', ( #8634 ), #426, .T. ) ;
#6148 = LINE ( 'NONE', #2997, #7952 ) ;
#6149 = AXIS2_PLACEMENT_3D ( 'NONE', #2242, #4409, #6707 ) ;
#6150 = CARTESIAN_POINT ( 'NONE',  ( 0.000000000000000000, 17.99000000000300048, -0.01000000000000000021 ) ) ;
#6151 = ORIENTED_EDGE ( 'NONE', *, *, #3985, .T. ) ;
#6152 = LINE ( 'NONE', #9182, #640 ) ;
#6153 = EDGE_CURVE ( 'NONE', #2283, #4877, #7937, .T. ) ;
#6154 = DIRECTION ( 'NONE',  ( -0.2503800040544349459, 0.9681476403781095197, 0.000000000000000000 ) ) ;
#6155 = LINE ( 'NONE', #3912, #5028 ) ;
#6156 = EDGE_CURVE ( 'NONE', #4238, #1175, #6494, .T. ) ;
#6157 = CARTESIAN_POINT ( 'NONE',  ( 199.6277154963647433, 11.24999999999625011, -9.990000000000000213 ) ) ;
#6158 = CARTESIAN_POINT ( 'NONE',  ( 163.6808412773736450, 18.02540000000299969, -10.00000000000000000 ) ) ;
#6159 = CARTESIAN_POINT ( 'NONE',  ( 232.1664015096647233, 18.00000000000300204, -9.995857864376262114 ) ) ;
#6160 = VERTEX_POINT ( 'NONE', #3390 ) ;
#6161 = ORIENTED_EDGE ( 'NONE', *, *, #3417, .T. ) ;
#6162 = LINE ( 'NONE', #96, #6141 ) ;
#6163 = EDGE_CURVE ( 'NONE', #2162, #9683, #1783, .T. ) ;
#6164 = ORIENTED_EDGE ( 'NONE', *, *, #6422, .T. ) ;
#6165 = DIRECTION ( 'NONE',  ( -0.2503800040544349459, -0.9681476403781095197, -0.000000000000000000 ) ) ;
#6166 = LINE ( 'NONE', #2546, #5636 ) ;
#6167 = EDGE_CURVE ( 'NONE', #7123, #3731, #5605, .T. ) ;
#6168 = CYLINDRICAL_SURFACE ( 'NONE', #9271, 0.009999999999999592548 ) ;
#6169 = DIRECTION ( 'NONE',  ( 0.000000000000000000, 0.000000000000000000, 1.000000000000000000 ) ) ;
#6170 = CARTESIAN_POINT ( 'NONE',  ( 78.85127084064617975, 18.00000000000299849, -0.009999999999999592548 ) ) ;
#6171 = ORIENTED_EDGE ( 'NONE', *, *, #4086, .F. ) ;
#6172 = ORIENTED_EDGE ( 'NONE', *, *, #6878, .F. ) ;
#6173 = FACE_OUTER_BOUND ( 'NONE', #862, .T. ) ;
#6174 = VERTEX_POINT ( 'NONE', #7283 ) ;
#6175 = DIRECTION ( 'NONE',  ( -0.2503800040544349459, 0.9681476403781095197, -0.000000000000000000 ) ) ;
#6176 = DIRECTION ( 'NONE',  ( -0.2503800040544349459, -0.9681476403781095197, -0.000000000000000000 ) ) ;
#6177 = PLANE ( 'NONE',  #5480 ) ;
#6178 = DIRECTION ( 'NONE',  ( -1.000000000000000000, 0.000000000000000000, 0.000000000000000000 ) ) ;
#6179 = CARTESIAN_POINT ( 'NONE',  ( 97.70856956794345649, 17.99000000000300048, 0.000000000000000000 ) ) ;
#6180 = DIRECTION ( 'NONE',  ( -0.9681476403781361650, -0.2503800040543317507, 0.000000000000000000 ) ) ;
#6181 = ORIENTED_EDGE ( 'NONE', *, *, #8633, .T. ) ;
#6182 = ORIENTED_EDGE ( 'NONE', *, *, #9555, .T. ) ;
#6183 = DIRECTION ( 'NONE',  ( 0.2503800040544349459, 0.9681476403781095197, 0.000000000000000000 ) ) ;
#6184 =( BOUNDED_SURFACE ( )  B_SPLINE_SURFACE ( 3, 2, ( 
 ( #7009, #3194, #3248 ),
 ( #1027, #136, #6304 ),
 ( #5513, #5562, #9284 ),
 ( #2385, #4110, #4707 ),
 ( #9433, #2589, #7754 ),
 ( #8692, #6254, #2433 ) ),
 .UNSPECIFIED., .F., .F., .F. ) 
 B_SPLINE_SURFACE_WITH_KNOTS ( ( 4, 2, 4 ),
 ( 3, 3 ),
 ( 4.712388980384689674, 5.497787143782137953, 6.283185307179586232 ),
 ( 0.000000000000000000, 1.000000000000000000 ),
 .UNSPECIFIED. ) 
 GEOMETRIC_REPRESENTATION_ITEM ( )  RATIONAL_B_SPLINE_SURFACE ( (
 ( 1.000000000000000000, 1.000000000000000000, 1.000000000000000000),
 ( 1.000000000000000000, 1.002675577710376853, 1.000000000000000000),
 ( 1.000000000000000000, 0.9416002490589625573, 1.000000000000000000),
 ( 1.000000000000000000, 0.7904505585110273014, 1.000000000000000000),
 ( 1.000000000000000000, 0.7046748397634137184, 1.000000000000000000),
 ( 1.000000000000000000, 0.7071067811865475727, 1.000000000000000000) ) ) 
 REPRESENTATION_ITEM ( '' )  SURFACE ( )  );
#6185 = VECTOR ( 'NONE', #5239, 1000.000000000000000 ) ;
#6186 = CARTESIAN_POINT ( 'NONE',  ( 220.2229400907875174, 18.00000000000299849, -0.009999999999999592548 ) ) ;
#6187 = ORIENTED_EDGE ( 'NONE', *, *, #4752, .F. ) ;
#6188 = ORIENTED_EDGE ( 'NONE', *, *, #6365, .F. ) ;
#6189 = VECTOR ( 'NONE', #4550, 1000.000000000000000 ) ;
#6190 = FACE_OUTER_BOUND ( 'NONE', #4458, .T. ) ;
#6191 = VERTEX_POINT ( 'NONE', #3491 ) ;
#6192 = CARTESIAN_POINT ( 'NONE',  ( 173.1067931680188678, 17.99000000000300048, -10.00000000000000000 ) ) ;
#6193 = DIRECTION ( 'NONE',  ( -0.000000000000000000, 0.000000000000000000, 1.000000000000000000 ) ) ;
#6194 = VERTEX_POINT ( 'NONE', #4852 ) ;
#6195 = CARTESIAN_POINT ( 'NONE',  ( 173.0990503407404333, 18.00000000000299849, -0.009999999999999592548 ) ) ;
#6196 = DIRECTION ( 'NONE',  ( -0.2503800040544349459, 0.9681476403781095197, -0.000000000000000000 ) ) ;
#6197 = EDGE_CURVE ( 'NONE', #6589, #8610, #7235, .T. ) ;
#6198 = FACE_OUTER_BOUND ( 'NONE', #482, .T. ) ;
#6199 = EDGE_CURVE ( 'NONE', #1767, #1872, #6212, .T. ) ;
#6200 = CARTESIAN_POINT ( 'NONE',  ( 0.000000000000000000, 18.00000000000299849, -10.00000000000000000 ) ) ;
#6201 = DIRECTION ( 'NONE',  ( 0.2503800040544349459, 0.9681476403781095197, 0.000000000000000000 ) ) ;
#6202 = ORIENTED_EDGE ( 'NONE', *, *, #9147, .T. ) ;
#6203 = EDGE_CURVE ( 'NONE', #6548, #9272, #1874, .T. ) ;
#6204 = ORIENTED_EDGE ( 'NONE', *, *, #1720, .T. ) ;
#6205 = CARTESIAN_POINT ( 'NONE',  ( 166.1929558595988681, 18.00000000000299849, -0.009999999999999592548 ) ) ;
#6206 = ORIENTED_EDGE ( 'NONE', *, *, #1917, .F. ) ;
#6207 = CARTESIAN_POINT ( 'NONE',  ( 237.3268272964024277, 11.24999999999624833, -0.009999999999999592548 ) ) ;
#6208 = CARTESIAN_POINT ( 'NONE',  ( -180.0099999999999909, -83.00000000000001421, -10.00000000000000000 ) ) ;
#6209 = DIRECTION ( 'NONE',  ( 1.000000000000000000, 0.000000000000000000, 0.000000000000000000 ) ) ;
#6210 = DIRECTION ( 'NONE',  ( 1.000000000000000000, 0.000000000000000000, 0.000000000000000000 ) ) ;
#6211 = EDGE_CURVE ( 'NONE', #5981, #2387, #1021, .T. ) ;
#6212 =( BOUNDED_CURVE ( )  B_SPLINE_CURVE ( 3, ( #8687, #7190, #282, #9568 ),
 .UNSPECIFIED., .F., .F. ) 
 B_SPLINE_CURVE_WITH_KNOTS ( ( 4, 4 ),
 ( 0.000000000000000000, 1.570796326794029030 ),
 .UNSPECIFIED. ) 
 CURVE ( )  GEOMETRIC_REPRESENTATION_ITEM ( )  RATIONAL_B_SPLINE_CURVE ( ( 1.000000000000000000, 0.8047378541245695516, 0.8047378541245695516, 1.000000000000000000 ) ) 
 REPRESENTATION_ITEM ( '' )  );
#6213 = DIRECTION ( 'NONE',  ( 0.000000000000000000, 1.000000000000000000, 0.000000000000000000 ) ) ;
#6214 = CARTESIAN_POINT ( 'NONE',  ( 17.13443452657360666, 11.23999999999625032, -10.00000000000000000 ) ) ;
#6215 = CARTESIAN_POINT ( 'NONE',  ( -215.9899999999999523, 107.0000000000000000, -9.990000000000000213 ) ) ;
#6216 = ORIENTED_EDGE ( 'NONE', *, *, #7365, .F. ) ;
#6217 = ADVANCED_FACE ( 'NONE', ( #2737 ), #7143, .T. ) ;
#6218 = ORIENTED_EDGE ( 'NONE', *, *, #6386, .T. ) ;
#6219 = FACE_OUTER_BOUND ( 'NONE', #6693, .T. ) ;
#6220 = CARTESIAN_POINT ( 'NONE',  ( 161.9318108803968528, 11.24585786437251933, -10.00000000000000178 ) ) ;
#6221 = VECTOR ( 'NONE', #6687, 1000.000000000000000 ) ;
#6222 = AXIS2_PLACEMENT_3D ( 'NONE', #379, #2012, #7375 ) ;
#6223 = ORIENTED_EDGE ( 'NONE', *, *, #2340, .T. ) ;
#6224 = DIRECTION ( 'NONE',  ( -0.2503800040544349459, 0.9681476403781095197, -0.000000000000000000 ) ) ;
#6225 = ADVANCED_FACE ( 'NONE', ( #1708 ), #9209, .T. ) ;
#6226 = ADVANCED_FACE ( 'NONE', ( #7725 ), #6375, .F. ) ;
#6227 = FACE_OUTER_BOUND ( 'NONE', #8018, .T. ) ;
#6228 = VECTOR ( 'NONE', #782, 1000.000000000000000 ) ;
#6229 = VECTOR ( 'NONE', #8742, 1000.000000000000000 ) ;
#6230 = DIRECTION ( 'NONE',  ( -1.000000000000000000, 0.000000000000000000, 0.000000000000000000 ) ) ;
#6231 = CARTESIAN_POINT ( 'NONE',  ( 282.9972739408158304, 2.422514229147298970E-16, -0.01000000000000024307 ) ) ;
#6232 = LINE ( 'NONE', #2414, #4065 ) ;
#6233 = DIRECTION ( 'NONE',  ( 0.2503800040544349459, 0.9681476403781095197, 0.000000000000000000 ) ) ;
#6234 = CARTESIAN_POINT ( 'NONE',  ( 78.85901366792457168, 17.99000000000300048, -10.00000000000000000 ) ) ;
#6235 = ORIENTED_EDGE ( 'NONE', *, *, #6700, .T. ) ;
#6236 = VECTOR ( 'NONE', #5699, 1000.000000000000000 ) ;
#6237 = VECTOR ( 'NONE', #7197, 1000.000000000000000 ) ;
#6238 = ORIENTED_EDGE ( 'NONE', *, *, #5030, .T. ) ;
#6239 = DIRECTION ( 'NONE',  ( 0.000000000000000000, 0.000000000000000000, 1.000000000000000000 ) ) ;
#6240 = CARTESIAN_POINT ( 'NONE',  ( 0.000000000000000000, 17.99000000000300048, -0.01000000000000000021 ) ) ;
#6241 = EDGE_CURVE ( 'NONE', #4746, #5873, #167, .T. ) ;
#6242 = CIRCLE ( 'NONE', #5922, 0.009999999999999592548 ) ;
#6243 = ORIENTED_EDGE ( 'NONE', *, *, #2332, .T. ) ;
#6244 = VERTEX_POINT ( 'NONE', #6282 ) ;
#6245 = CARTESIAN_POINT ( 'NONE',  ( -206.0000000000000284, -83.00000000000000000, -9.990000000000000213 ) ) ;
#6246 = EDGE_LOOP ( 'NONE', ( #4161, #6610, #7758, #2810 ) ) ;
#6247 = CARTESIAN_POINT ( 'NONE',  ( 143.0822549803780248, 11.24585786437251755, 4.071938083478370545E-16 ) ) ;
#6248 =( BOUNDED_CURVE ( )  B_SPLINE_CURVE ( 3, ( #697, #6817, #9842, #3013 ),
 .UNSPECIFIED., .F., .F. ) 
 B_SPLINE_CURVE_WITH_KNOTS ( ( 4, 4 ),
 ( 3.141592653589793116, 4.712388980384472958 ),
 .UNSPECIFIED. ) 
 CURVE ( )  GEOMETRIC_REPRESENTATION_ITEM ( )  RATIONAL_B_SPLINE_CURVE ( ( 1.000000000000000000, 0.8047378541244161188, 0.8047378541244161188, 1.000000000000000000 ) ) 
 REPRESENTATION_ITEM ( '' )  );
#6249 = DIRECTION ( 'NONE',  ( 0.000000000000000000, -1.000000000000000000, 0.000000000000000000 ) ) ;
#6250 = EDGE_LOOP ( 'NONE', ( #1436, #7303, #5685, #7458 ) ) ;
#6251 = DIRECTION ( 'NONE',  ( 0.000000000000000000, 0.000000000000000000, -1.000000000000000000 ) ) ;
#6252 = CARTESIAN_POINT ( 'NONE',  ( 201.3811270180471240, 17.99000000000299693, 0.000000000000000000 ) ) ;
#6253 = LINE ( 'NONE', #2535, #5179 ) ;
#6254 = CARTESIAN_POINT ( 'NONE',  ( 282.9972739408157736, 18.00000000000299849, -2.422514229147298970E-16 ) ) ;
#6255 = CARTESIAN_POINT ( 'NONE',  ( 166.1929558595988397, 18.00000000000299849, -9.990000000000000213 ) ) ;
#6256 = FACE_OUTER_BOUND ( 'NONE', #6874, .T. ) ;
#6257 = ORIENTED_EDGE ( 'NONE', *, *, #9179, .F. ) ;
#6258 = EDGE_LOOP ( 'NONE', ( #2541, #2843, #2611, #5566 ) ) ;
#6259 = CARTESIAN_POINT ( 'NONE',  ( 239.0724959908063738, 18.00000000000299849, -9.990000000000000213 ) ) ;
#6260 = ORIENTED_EDGE ( 'NONE', *, *, #8035, .T. ) ;
#6261 = FACE_OUTER_BOUND ( 'NONE', #7804, .T. ) ;
#6262 = DIRECTION ( 'NONE',  ( 0.000000000000000000, 0.000000000000000000, 1.000000000000000000 ) ) ;
#6263 = ADVANCED_FACE ( 'NONE', ( #5539 ), #1781, .T. ) ;
#6264 = CARTESIAN_POINT ( 'NONE',  ( 20.56467727346408836, 11.23999999999625032, -10.00000000000000000 ) ) ;
#6265 = VECTOR ( 'NONE', #6651, 1000.000000000000000 ) ;
#6266 = CARTESIAN_POINT ( 'NONE',  ( 120.8069919766772671, 11.23999999999625210, 0.000000000000000000 ) ) ;
#6267 = ADVANCED_FACE ( 'NONE', ( #4629 ), #7084, .T. ) ;
#6268 = CARTESIAN_POINT ( 'NONE',  ( 166.1863869729561998, 18.02540000000299969, -10.00000000000000000 ) ) ;
#6269 = EDGE_LOOP ( 'NONE', ( #4546, #5531, #4175, #501 ) ) ;
#6270 = VERTEX_POINT ( 'NONE', #1004 ) ;
#6271 = DIRECTION ( 'NONE',  ( 0.2503800040544349459, 0.9681476403781095197, 0.000000000000000000 ) ) ;
#6272 = CARTESIAN_POINT ( 'NONE',  ( 161.9286036963270305, 11.24999999999624833, -9.990000000000000213 ) ) ;
#6273 = ORIENTED_EDGE ( 'NONE', *, *, #7055, .F. ) ;
#6274 = VECTOR ( 'NONE', #6193, 1000.000000000000000 ) ;
#6275 = ADVANCED_FACE ( 'NONE', ( #2411 ), #6937, .T. ) ;
#6276 = VERTEX_POINT ( 'NONE', #3225 ) ;
#6277 = ADVANCED_FACE ( 'NONE', ( #69 ), #6177, .F. ) ;
#6278 = FACE_OUTER_BOUND ( 'NONE', #9305, .T. ) ;
#6279 = EDGE_CURVE ( 'NONE', #9700, #7954, #9261, .T. ) ;
#6280 = CARTESIAN_POINT ( 'NONE',  ( 71.94196917543479231, 17.99585786437926771, 1.270432225224321681E-15 ) ) ;
#6281 = VECTOR ( 'NONE', #9001, 1000.000000000000000 ) ;
#6282 = CARTESIAN_POINT ( 'NONE',  ( 83.10788017663956850, 11.23999999999625210, 0.000000000000000000 ) ) ;
#6283 = EDGE_CURVE ( 'NONE', #2324, #6782, #5890, .T. ) ;
#6284 = CARTESIAN_POINT ( 'NONE',  ( 128.4861012322827207, 17.99000000000299693, -10.00000000000000000 ) ) ;
#6285 = CARTESIAN_POINT ( 'NONE',  ( 185.0425117596176960, 18.00000000000299849, -9.990000000000000213 ) ) ;
#6286 = CARTESIAN_POINT ( 'NONE',  ( 282.9972739408158304, 17.99000000000300048, -10.00000000000000000 ) ) ;
#6287 = VERTEX_POINT ( 'NONE', #3171 ) ;
#6288 = VECTOR ( 'NONE', #512, 1000.000000000000000 ) ;
#6289 = LINE ( 'NONE', #5592, #1427 ) ;
#6290 = CARTESIAN_POINT ( 'NONE',  ( 105.3799359962704898, 11.23999999999625032, -0.009999999999999592548 ) ) ;
#6291 = VECTOR ( 'NONE', #7467, 1000.000000000000000 ) ;
#6292 = ORIENTED_EDGE ( 'NONE', *, *, #9581, .T. ) ;
#6293 = ORIENTED_EDGE ( 'NONE', *, *, #4785, .T. ) ;
#6294 = CARTESIAN_POINT ( 'NONE',  ( 45.40876837660188414, 11.23999999999625032, -10.00000000000000000 ) ) ;
#6295 = ORIENTED_EDGE ( 'NONE', *, *, #7736, .F. ) ;
#6296 = EDGE_CURVE ( 'NONE', #3731, #9110, #9411, .T. ) ;
#6297 = DIRECTION ( 'NONE',  ( -0.9681476403781361650, -0.2503800040543317507, 0.000000000000000000 ) ) ;
#6298 = CYLINDRICAL_SURFACE ( 'NONE', #502, 0.009999999999999592548 ) ;
#6299 = ORIENTED_EDGE ( 'NONE', *, *, #5684, .T. ) ;
#6300 = CARTESIAN_POINT ( 'NONE',  ( 78.85901366792457168, 17.99000000000300048, -10.00000000000000000 ) ) ;
#6301 = AXIS2_PLACEMENT_3D ( 'NONE', #9054, #4575, #6126 ) ;
#6302 = LINE ( 'NONE', #3298, #303 ) ;
#6303 = FACE_OUTER_BOUND ( 'NONE', #2311, .T. ) ;
#6304 = CARTESIAN_POINT ( 'NONE',  ( 283.4972739408158304, 17.62864197856641013, -0.3687326749351502175 ) ) ;
#6305 =( GEOMETRIC_REPRESENTATION_CONTEXT ( 3 ) GLOBAL_UNCERTAINTY_ASSIGNED_CONTEXT ( ( #5680 ) ) GLOBAL_UNIT_ASSIGNED_CONTEXT ( ( #5800, #8822, #3545 ) ) REPRESENTATION_CONTEXT ( 'NONE', 'WORKASPACE' ) );
#6306 = AXIS2_PLACEMENT_3D ( 'NONE', #1675, #2281, #3237 ) ;
#6307 = DIRECTION ( 'NONE',  ( 0.9681476403781390516, -0.2503800040543205374, 0.000000000000000000 ) ) ;
#6308 = ORIENTED_EDGE ( 'NONE', *, *, #6885, .F. ) ;
#6309 = ORIENTED_EDGE ( 'NONE', *, *, #4929, .F. ) ;
#6310 = CARTESIAN_POINT ( 'NONE',  ( 283.4972739408158304, 17.50000000000299849, -9.500000000000000000 ) ) ;
#6311 = ORIENTED_EDGE ( 'NONE', *, *, #777, .T. ) ;
#6312 = CYLINDRICAL_SURFACE ( 'NONE', #1377, 0.009999999999994334601 ) ;
#6313 = CARTESIAN_POINT ( 'NONE',  ( -206.0100000000000193, 18.00000000000299849, 0.000000000000000000 ) ) ;
#6314 = CYLINDRICAL_SURFACE ( 'NONE', #6881, 0.009999999999994334601 ) ;
#6315 = CARTESIAN_POINT ( 'NONE',  ( 215.0547714767714638, 11.23999999999624677, 0.000000000000000000 ) ) ;
#6316 = CARTESIAN_POINT ( 'NONE',  ( 0.000000000000000000, 17.99000000000300048, -10.00000000000000000 ) ) ;
#6318 = DIRECTION ( 'NONE',  ( 0.000000000000000000, 0.000000000000000000, -1.000000000000000000 ) ) ;
#6317 =( BOUNDED_CURVE ( )  B_SPLINE_CURVE ( 3, ( #3058, #3664, #2962, #9043 ),
 .UNSPECIFIED., .F., .F. ) 
 B_SPLINE_CURVE_WITH_KNOTS ( ( 4, 4 ),
 ( 3.141592653589793116, 4.712388980384521808 ),
 .UNSPECIFIED. ) 
 CURVE ( )  GEOMETRIC_REPRESENTATION_ITEM ( )  RATIONAL_B_SPLINE_CURVE ( ( 1.000000000000000000, 0.8047378541244045724, 0.8047378541244045724, 1.000000000000000000 ) ) 
 REPRESENTATION_ITEM ( '' )  );
#6319 = ORIENTED_EDGE ( 'NONE', *, *, #567, .T. ) ;
#6320 = ORIENTED_EDGE ( 'NONE', *, *, #4887, .F. ) ;
#6321 = CYLINDRICAL_SURFACE ( 'NONE', #847, 0.01000000000000777003 ) ;
#6322 = CARTESIAN_POINT ( 'NONE',  ( -198.0000000000000000, -83.00000000000000000, -10.00000000000000000 ) ) ;
#6323 = ORIENTED_EDGE ( 'NONE', *, *, #2334, .F. ) ;
#6324 = ORIENTED_EDGE ( 'NONE', *, *, #2334, .T. ) ;
#6325 = DIRECTION ( 'NONE',  ( 1.000000000000000000, -0.000000000000000000, 0.000000000000000000 ) ) ;
#6326 = LINE ( 'NONE', #8564, #9561 ) ;
#6327 = EDGE_CURVE ( 'NONE', #4009, #9077, #5486, .T. ) ;
#6328 = EDGE_CURVE ( 'NONE', #1945, #7983, #9283, .T. ) ;
#6329 = DIRECTION ( 'NONE',  ( -1.000000000000000000, 0.000000000000000000, 0.000000000000000000 ) ) ;
#6330 = PLANE ( 'NONE',  #7341 ) ;
#6331 = CARTESIAN_POINT ( 'NONE',  ( 209.0524934463741431, 11.23999999999625032, -10.00000000000000000 ) ) ;
#6332 = DIRECTION ( 'NONE',  ( 1.000000000000000000, -0.000000000000000000, 0.000000000000000000 ) ) ;
#6333 = DIRECTION ( 'NONE',  ( 0.000000000000000000, 0.000000000000000000, -1.000000000000000000 ) ) ;
#6334 = EDGE_CURVE ( 'NONE', #9876, #721, #7777, .T. ) ;
#6335 = ORIENTED_EDGE ( 'NONE', *, *, #2305, .T. ) ;
#6336 = DIRECTION ( 'NONE',  ( -0.2503800040544349459, -0.9681476403781095197, 0.000000000000000000 ) ) ;
#6337 = EDGE_CURVE ( 'NONE', #1175, #291, #8615, .T. ) ;
#6338 = CARTESIAN_POINT ( 'NONE',  ( 54.84128915388970427, 11.24999999999624656, -9.995857864376269220 ) ) ;
#6339 = EDGE_CURVE ( 'NONE', #9192, #7568, #8669, .T. ) ;
#6340 = ORIENTED_EDGE ( 'NONE', *, *, #6296, .F. ) ;
#6341 = ORIENTED_EDGE ( 'NONE', *, *, #4268, .F. ) ;
#6342 = EDGE_CURVE ( 'NONE', #8398, #9159, #6521, .T. ) ;
#6343 = CARTESIAN_POINT ( 'NONE',  ( 35.99173325387087630, 11.24999999999624833, -9.990000000000000213 ) ) ;
#6344 = ORIENTED_EDGE ( 'NONE', *, *, #2277, .F. ) ;
#6345 = DIRECTION ( 'NONE',  ( -0.9681476403781095197, -0.2503800040544349459, 0.000000000000000000 ) ) ;
#6346 = DIRECTION ( 'NONE',  ( 0.2503800040544349459, 0.9681476403781095197, 0.000000000000000000 ) ) ;
#6347 = VERTEX_POINT ( 'NONE', #1852 ) ;
#6348 = AXIS2_PLACEMENT_3D ( 'NONE', #1559, #5993, #2212 ) ;
#6349 = CYLINDRICAL_SURFACE ( 'NONE', #2399, 0.5000000000000004441 ) ;
#6350 = DIRECTION ( 'NONE',  ( -0.000000000000000000, -0.000000000000000000, 1.000000000000000000 ) ) ;
#6351 = CARTESIAN_POINT ( 'NONE',  ( 7.717399403842600591, 11.24999999999624833, -0.009999999999999592548 ) ) ;
#6352 = EDGE_CURVE ( 'NONE', #3542, #3235, #4980, .T. ) ;
#6353 = CARTESIAN_POINT ( 'NONE',  ( 182.5303971773925014, 18.02540000000299969, -0.009999999999999592548 ) ) ;
#6354 = VECTOR ( 'NONE', #1128, 1000.000000000000000 ) ;
#6355 = DIRECTION ( 'NONE',  ( 0.9681476403781095197, -0.2503800040544349459, 0.000000000000000000 ) ) ;
#6356 = ORIENTED_EDGE ( 'NONE', *, *, #2455, .F. ) ;
#6357 = ORIENTED_EDGE ( 'NONE', *, *, #5628, .T. ) ;
#6358 = CARTESIAN_POINT ( 'NONE',  ( 137.9186220095705835, 18.00000000000299849, -9.990000000000000213 ) ) ;
#6359 = ORIENTED_EDGE ( 'NONE', *, *, #8470, .F. ) ;
#6360 = DIRECTION ( 'NONE',  ( 0.2503800040544349459, 0.9681476403781095197, 0.000000000000000000 ) ) ;
#6361 = CARTESIAN_POINT ( 'NONE',  ( 54.84128915388971848, 11.24999999999624833, -9.990000000000000213 ) ) ;
#6362 = CARTESIAN_POINT ( 'NONE',  ( 282.9972739408158304, 0.5000000000000000000, -10.00000000000000000 ) ) ;
#6363 = CARTESIAN_POINT ( 'NONE',  ( 133.6542698462987460, 11.24999999999624833, -0.009999999999999592548 ) ) ;
#6364 = CARTESIAN_POINT ( 'NONE',  ( 194.4595468823486613, 17.99000000000300048, 0.000000000000000000 ) ) ;
#6365 = EDGE_CURVE ( 'NONE', #6276, #8292, #3374, .T. ) ;
#6366 = CARTESIAN_POINT ( 'NONE',  ( 71.94517635950461454, 18.00000000000300204, -9.995857864376269220 ) ) ;
#6367 = ORIENTED_EDGE ( 'NONE', *, *, #871, .F. ) ;
#6368 = VERTEX_POINT ( 'NONE', #1148 ) ;
#6369 = LINE ( 'NONE', #853, #8986 ) ;
#6370 = LINE ( 'NONE', #7669, #3898 ) ;
#6371 = ORIENTED_EDGE ( 'NONE', *, *, #5938, .T. ) ;
#6372 = ORIENTED_EDGE ( 'NONE', *, *, #7559, .T. ) ;
#6373 = FACE_OUTER_BOUND ( 'NONE', #1751, .T. ) ;
#6374 = FACE_OUTER_BOUND ( 'NONE', #3673, .T. ) ;
#6375 = PLANE ( 'NONE',  #4843 ) ;
#6376 = CARTESIAN_POINT ( 'NONE',  ( 17.14217735385202701, 11.24999999999624833, -10.00000000000000000 ) ) ;
#6377 = VECTOR ( 'NONE', #5382, 1000.000000000000000 ) ;
#6378 = DIRECTION ( 'NONE',  ( -0.000000000000000000, -0.000000000000000000, 1.000000000000000000 ) ) ;
#6379 = CARTESIAN_POINT ( 'NONE',  ( -215.9999999999999432, 107.0000000000000000, -0.01000000000000000021 ) ) ;
#6380 = CARTESIAN_POINT ( 'NONE',  ( 222.7416235596553236, 18.00000000000300204, -0.004142135623733971504 ) ) ;
#6381 = ORIENTED_EDGE ( 'NONE', *, *, #9462, .T. ) ;
#6382 = EDGE_CURVE ( 'NONE', #8778, #5954, #9645, .T. ) ;
#6383 = VECTOR ( 'NONE', #2079, 1000.000000000000000 ) ;
#6384 = CARTESIAN_POINT ( 'NONE',  ( 100.2117673822544646, 17.99000000000300048, 0.000000000000000000 ) ) ;
#6385 = ORIENTED_EDGE ( 'NONE', *, *, #9728, .T. ) ;
#6386 = EDGE_CURVE ( 'NONE', #3185, #9217, #6530, .T. ) ;
#6387 = VECTOR ( 'NONE', #2674, 1000.000000000000000 ) ;
#6388 = EDGE_LOOP ( 'NONE', ( #4775, #6124, #1437, #7425 ) ) ;
#6389 = VERTEX_POINT ( 'NONE', #9544 ) ;
#6390 = AXIS2_PLACEMENT_3D ( 'NONE', #7085, #4838, #7826 ) ;
#6391 = ADVANCED_FACE ( 'NONE', ( #6427 ), #3523, .F. ) ;
#6392 = CARTESIAN_POINT ( 'NONE',  ( 35.98399042659245595, 11.23999999999625032, -10.00000000000000000 ) ) ;
#6393 = CARTESIAN_POINT ( 'NONE',  ( 133.6542698462987460, 11.24999999999624833, -9.990000000000000213 ) ) ;
#6394 = CARTESIAN_POINT ( 'NONE',  ( 199.9342998459239595, 69.70652565604066808, 0.000000000000000000 ) ) ;
#6395 = ORIENTED_EDGE ( 'NONE', *, *, #819, .F. ) ;
#6396 = EDGE_CURVE ( 'NONE', #6659, #1767, #5777, .T. ) ;
#6397 = CIRCLE ( 'NONE', #8145, 17.99000000000000554 ) ;
#6398 = EDGE_CURVE ( 'NONE', #8792, #1125, #6571, .T. ) ;
#6399 = VECTOR ( 'NONE', #568, 1000.000000000000000 ) ;
#6400 = CARTESIAN_POINT ( 'NONE',  ( 248.5135243038622548, 18.02289619996245307, -0.009999999999999592548 ) ) ;
#6401 = CYLINDRICAL_SURFACE ( 'NONE', #9711, 0.009999999999999592548 ) ;
#6402 = CARTESIAN_POINT ( 'NONE',  ( 92.53071947752364679, 11.24749619995569994, -10.00000000000000000 ) ) ;
#6403 = ORIENTED_EDGE ( 'NONE', *, *, #5643, .F. ) ;
#6404 = ORIENTED_EDGE ( 'NONE', *, *, #11, .F. ) ;
#6405 = EDGE_CURVE ( 'NONE', #7593, #1077, #4279, .T. ) ;
#6406 = DIRECTION ( 'NONE',  ( -0.9681476403781095197, -0.2503800040544349459, 0.000000000000000000 ) ) ;
#6407 = VERTEX_POINT ( 'NONE', #2765 ) ;
#6408 = PLANE ( 'NONE',  #7300 ) ;
#6409 = CARTESIAN_POINT ( 'NONE',  ( 29.98171239619509620, 11.23999999999625032, -0.009999999999999592548 ) ) ;
#6410 = DIRECTION ( 'NONE',  ( -1.000000000000000000, 0.000000000000000000, 0.000000000000000000 ) ) ;
#6411 = CARTESIAN_POINT ( 'NONE',  ( 0.000000000000000000, 17.99000000000300048, -9.990000000000000213 ) ) ;
#6412 = DIRECTION ( 'NONE',  ( -0.000000000000000000, -0.000000000000000000, 1.000000000000000000 ) ) ;
#6413 = AXIS2_PLACEMENT_3D ( 'NONE', #4073, #4766, #7019 ) ;
#6414 = DIRECTION ( 'NONE',  ( 1.000000000000000000, -0.000000000000000000, 0.000000000000000000 ) ) ;
#6415 = DIRECTION ( 'NONE',  ( 0.2503800040544349459, 0.9681476403781095197, 0.000000000000000000 ) ) ;
#6416 = VERTEX_POINT ( 'NONE', #1049 ) ;
#6417 = ORIENTED_EDGE ( 'NONE', *, *, #8894, .F. ) ;
#6418 = FACE_OUTER_BOUND ( 'NONE', #3614, .T. ) ;
#6419 = VERTEX_POINT ( 'NONE', #8844 ) ;
#6420 = ORIENTED_EDGE ( 'NONE', *, *, #505, .T. ) ;
#6421 = AXIS2_PLACEMENT_3D ( 'NONE', #5167, #7505, #8212 ) ;
#6422 = EDGE_CURVE ( 'NONE', #7290, #4800, #2715, .T. ) ;
#6423 = LINE ( 'NONE', #9255, #8782 ) ;
#6424 =( BOUNDED_CURVE ( )  B_SPLINE_CURVE ( 3, ( #8261, #4462, #4934, #1281 ),
 .UNSPECIFIED., .F., .F. ) 
 B_SPLINE_CURVE_WITH_KNOTS ( ( 4, 4 ),
 ( 0.000000000000000000, 1.570796326795330433 ),
 .UNSPECIFIED. ) 
 CURVE ( )  GEOMETRIC_REPRESENTATION_ITEM ( )  RATIONAL_B_SPLINE_CURVE ( ( 1.000000000000000000, 0.8047378541242627970, 0.8047378541242627970, 1.000000000000000000 ) ) 
 REPRESENTATION_ITEM ( '' )  );
#6425 = CYLINDRICAL_SURFACE ( 'NONE', #4173, 0.01000000000000000021 ) ;
#6426 = VECTOR ( 'NONE', #2814, 1000.000000000000000 ) ;
#6427 = FACE_OUTER_BOUND ( 'NONE', #4762, .T. ) ;
#6428 = CARTESIAN_POINT ( 'NONE',  ( 248.5038428274584703, 18.02540000000299969, -10.00000000000000000 ) ) ;
#6429 = DIRECTION ( 'NONE',  ( 1.000000000000000000, -0.000000000000000000, -0.000000000000000000 ) ) ;
#6430 = LINE ( 'NONE', #8893, #8189 ) ;
#6431 = LINE ( 'NONE', #3379, #4120 ) ;
#6432 = ORIENTED_EDGE ( 'NONE', *, *, #7981, .F. ) ;
#6433 =( BOUNDED_CURVE ( )  B_SPLINE_CURVE ( 3, ( #6272, #1702, #6220, #4031 ),
 .UNSPECIFIED., .F., .F. ) 
 B_SPLINE_CURVE_WITH_KNOTS ( ( 4, 4 ),
 ( 3.141592653589793116, 4.712388980384906390 ),
 .UNSPECIFIED. ) 
 CURVE ( )  GEOMETRIC_REPRESENTATION_ITEM ( )  RATIONAL_B_SPLINE_CURVE ( ( 1.000000000000000000, 0.8047378541243139782, 0.8047378541243139782, 1.000000000000000000 ) ) 
 REPRESENTATION_ITEM ( '' )  );
#6434 = VECTOR ( 'NONE', #8266, 1000.000000000000000 ) ;
#6435 = CARTESIAN_POINT ( 'NONE',  ( 283.1285412658785958, 0.01000000027336154194, -9.999999999999998224 ) ) ;
#6436 = DIRECTION ( 'NONE',  ( 1.000000000000000000, -0.000000000000000000, 0.000000000000000000 ) ) ;
#6437 = VERTEX_POINT ( 'NONE', #5827 ) ;
#6438 = LINE ( 'NONE', #9143, #3272 ) ;
#6439 = VECTOR ( 'NONE', #4398, 1000.000000000000000 ) ;
#6440 = ORIENTED_EDGE ( 'NONE', *, *, #4454, .F. ) ;
#6441 = DIRECTION ( 'NONE',  ( 0.000000000000000000, 0.000000000000000000, -1.000000000000000000 ) ) ;
#6442 = LINE ( 'NONE', #1404, #4237 ) ;
#6443 = LINE ( 'NONE', #1723, #3341 ) ;
#6444 = ADVANCED_FACE ( 'NONE', ( #1952 ), #5075, .F. ) ;
#6445 = DIRECTION ( 'NONE',  ( -0.2503800040544349459, 0.9681476403781095197, 0.000000000000000000 ) ) ;
#6446 = ORIENTED_EDGE ( 'NONE', *, *, #2829, .T. ) ;
#6447 = VECTOR ( 'NONE', #9759, 1000.000000000000000 ) ;
#6448 = CARTESIAN_POINT ( 'NONE',  ( 11.13215649617624869, 11.24999999999624833, -10.00000000000000000 ) ) ;
#6449 = ADVANCED_FACE ( 'NONE', ( #1240 ), #4234, .T. ) ;
#6450 = DIRECTION ( 'NONE',  ( -0.9681476403781390516, 0.2503800040543205374, 0.000000000000000000 ) ) ;
#6451 = CYLINDRICAL_SURFACE ( 'NONE', #2712, 0.009999999999993465505 ) ;
#6452 = ADVANCED_FACE ( 'NONE', ( #3572 ), #5733, .T. ) ;
#6453 = CARTESIAN_POINT ( 'NONE',  ( 185.0347689323392899, 17.99000000000300048, 0.000000000000000000 ) ) ;
#6454 = EDGE_LOOP ( 'NONE', ( #3578, #5238, #2197, #2372 ) ) ;
#6455 = ORIENTED_EDGE ( 'NONE', *, *, #2037, .T. ) ;
#6456 =( BOUNDED_CURVE ( )  B_SPLINE_CURVE ( 3, ( #3832, #4474, #1603, #7518 ),
 .UNSPECIFIED., .F., .T. ) 
 B_SPLINE_CURVE_WITH_KNOTS ( ( 4, 4 ),
 ( 3.141592653589793116, 4.712388980383780179 ),
 .UNSPECIFIED. ) 
 CURVE ( )  GEOMETRIC_REPRESENTATION_ITEM ( )  RATIONAL_B_SPLINE_CURVE ( ( 1.000000000000000000, 0.8047378541245793215, 0.8047378541245793215, 1.000000000000000000 ) ) 
 REPRESENTATION_ITEM ( '' )  );
#6457 = CARTESIAN_POINT ( 'NONE',  ( 191.1003626056736948, 67.42191414661566284, -9.990000000000000213 ) ) ;
#6458 = ORIENTED_EDGE ( 'NONE', *, *, #8361, .T. ) ;
#6459 = LINE ( 'NONE', #9486, #4592 ) ;
#6460 = EDGE_CURVE ( 'NONE', #4659, #8347, #4132, .T. ) ;
#6461 = DIRECTION ( 'NONE',  ( -4.382459307730881392E-16, -1.000000000000000000, 0.000000000000000000 ) ) ;
#6462 = CARTESIAN_POINT ( 'NONE',  ( 135.4076813679811551, 17.99000000000299693, 0.000000000000000000 ) ) ;
#6463 = CARTESIAN_POINT ( 'NONE',  ( 45.41651120388030449, 11.24999999999624833, -10.00000000000000000 ) ) ;
#6464 = CARTESIAN_POINT ( 'NONE',  ( -206.0000000000000284, 107.0000000000000000, -9.990000000000000213 ) ) ;
#6465 = EDGE_CURVE ( 'NONE', #2979, #3283, #5693, .T. ) ;
#6466 = AXIS2_PLACEMENT_3D ( 'NONE', #1313, #2835, #7329 ) ;
#6467 = VECTOR ( 'NONE', #1918, 1000.000000000000000 ) ;
#6468 = DIRECTION ( 'NONE',  ( 0.9681476403781390516, -0.2503800040543205374, 0.000000000000000000 ) ) ;
#6469 = ADVANCED_FACE ( 'NONE', ( #1499 ), #5925, .T. ) ;
#6470 = DIRECTION ( 'NONE',  ( 0.000000000000000000, 0.000000000000000000, 1.000000000000000000 ) ) ;
#6471 = ORIENTED_EDGE ( 'NONE', *, *, #3122, .F. ) ;
#6472 = VERTEX_POINT ( 'NONE', #6873 ) ;
#6473 = ORIENTED_EDGE ( 'NONE', *, *, #5600, .T. ) ;
#6474 = EDGE_CURVE ( 'NONE', #5059, #4242, #6925, .T. ) ;
#6475 = VERTEX_POINT ( 'NONE', #4468 ) ;
#6476 = DIRECTION ( 'NONE',  ( -0.9681476403781361650, -0.2503800040543317507, 0.000000000000000000 ) ) ;
#6477 = CARTESIAN_POINT ( 'NONE',  ( 0.000000000000000000, 17.99000000000300048, -10.00000000000000000 ) ) ;
#6478 = CARTESIAN_POINT ( 'NONE',  ( 128.4938440595611269, 18.00000000000299494, -9.995857864376265667 ) ) ;
#6479 = DIRECTION ( 'NONE',  ( 0.000000000000000000, 0.000000000000000000, 1.000000000000000000 ) ) ;
#6480 = CARTESIAN_POINT ( 'NONE',  ( 35.98205177746709182, 11.24749619995570171, -10.00000000000000000 ) ) ;
#6481 = CARTESIAN_POINT ( 'NONE',  ( 39.40649034620452085, 11.23999999999625032, -0.009999999999999592548 ) ) ;
#6482 = DIRECTION ( 'NONE',  ( 0.2503800040544349459, 0.9681476403781095197, 0.000000000000000000 ) ) ;
#6483 = ORIENTED_EDGE ( 'NONE', *, *, #8832, .T. ) ;
#6484 = CARTESIAN_POINT ( 'NONE',  ( -197.9999999999999716, 107.0000000000000000, -9.990000000000000213 ) ) ;
#6485 = CARTESIAN_POINT ( 'NONE',  ( 90.78698943224505058, 17.99000000000300048, 0.000000000000000000 ) ) ;
#6486 = ORIENTED_EDGE ( 'NONE', *, *, #5860, .T. ) ;
#6487 = EDGE_CURVE ( 'NONE', #576, #5133, #3672, .T. ) ;
#6488 = DIRECTION ( 'NONE',  ( 1.000000000000000000, -0.000000000000000000, 0.000000000000000000 ) ) ;
#6489 = EDGE_LOOP ( 'NONE', ( #6151, #6600, #7347, #9599 ) ) ;
#6490 = DIRECTION ( 'NONE',  ( 0.2503800040544349459, -0.9681476403781095197, 0.000000000000000000 ) ) ;
#6491 = CARTESIAN_POINT ( 'NONE',  ( 73.69084505390856066, 11.24999999999624833, -10.00000000000000000 ) ) ;
#6492 = EDGE_LOOP ( 'NONE', ( #4994, #7947, #6879, #1091 ) ) ;
#6493 = DIRECTION ( 'NONE',  ( 0.9681476403781095197, -0.2503800040544349459, 0.000000000000000000 ) ) ;
#6494 = LINE ( 'NONE', #3342, #3724 ) ;
#6495 = VERTEX_POINT ( 'NONE', #598 ) ;
#6496 = FACE_OUTER_BOUND ( 'NONE', #7333, .T. ) ;
#6497 = LINE ( 'NONE', #1121, #3521 ) ;
#6498 = CARTESIAN_POINT ( 'NONE',  ( 0.000000000000000000, 18.00000000000299849, -10.00000000000000000 ) ) ;
#6499 = ORIENTED_EDGE ( 'NONE', *, *, #4676, .F. ) ;
#6500 = VECTOR ( 'NONE', #2466, 1000.000000000000000 ) ;
#6501 = CARTESIAN_POINT ( 'NONE',  ( 0.000000000000000000, 17.99000000000300048, -9.990000000000000213 ) ) ;
#6502 = ORIENTED_EDGE ( 'NONE', *, *, #570, .T. ) ;
#6503 = CARTESIAN_POINT ( 'NONE',  ( 92.54040095392741705, 11.24999999999624833, -9.990000000000000213 ) ) ;
#6504 = DIRECTION ( 'NONE',  ( -1.000000000000000000, -0.000000000000000000, -0.000000000000000000 ) ) ;
#6505 = CARTESIAN_POINT ( 'NONE',  ( 139.6642907039745296, 11.24999999999624833, -9.990000000000000213 ) ) ;
#6506 = CARTESIAN_POINT ( 'NONE',  ( 90.79473225952347093, 18.00000000000299849, -0.009999999999999592548 ) ) ;
#6507 = EDGE_CURVE ( 'NONE', #6472, #9693, #6025, .T. ) ;
#6508 = DIRECTION ( 'NONE',  ( -0.2503800040544349459, -0.9681476403781095197, 0.000000000000000000 ) ) ;
#6509 = VECTOR ( 'NONE', #436, 1000.000000000000000 ) ;
#6510 = EDGE_CURVE ( 'NONE', #5026, #4362, #7549, .T. ) ;
#6511 = CARTESIAN_POINT ( 'NONE',  ( -197.9999999999999716, 107.0000000000000000, -10.00000000000000000 ) ) ;
#6512 = VERTEX_POINT ( 'NONE', #6776 ) ;
#6513 = ORIENTED_EDGE ( 'NONE', *, *, #7420, .T. ) ;
#6514 = DIRECTION ( 'NONE',  ( -0.9681476403782230955, -0.2503800040539953531, 0.000000000000000000 ) ) ;
#6515 = EDGE_CURVE ( 'NONE', #2064, #3399, #1073, .T. ) ;
#6516 = ORIENTED_EDGE ( 'NONE', *, *, #8525, .F. ) ;
#6517 = CARTESIAN_POINT ( 'NONE',  ( 203.8920676596365524, 18.00000000000299849, -9.990000000000000213 ) ) ;
#6518 = CARTESIAN_POINT ( 'NONE',  ( 12.88103237465003303, 17.99585786437927126, -9.999999999999998224 ) ) ;
#6519 = ADVANCED_FACE ( 'NONE', ( #9108 ), #6822, .T. ) ;
#6520 = DIRECTION ( 'NONE',  ( 1.000000000000000000, -0.000000000000000000, 0.000000000000000000 ) ) ;
#6521 = LINE ( 'NONE', #5033, #4999 ) ;
#6522 = LINE ( 'NONE', #310, #8623 ) ;
#6523 = CYLINDRICAL_SURFACE ( 'NONE', #4702, 0.009999999999999998473 ) ;
#6524 = DIRECTION ( 'NONE',  ( 0.000000000000000000, 0.000000000000000000, -1.000000000000000000 ) ) ;
#6525 = EDGE_CURVE ( 'NONE', #9511, #7919, #4525, .T. ) ;
#6526 = ORIENTED_EDGE ( 'NONE', *, *, #8752, .F. ) ;
#6527 = DIRECTION ( 'NONE',  ( -0.000000000000000000, -0.000000000000000000, 1.000000000000000000 ) ) ;
#6528 = EDGE_CURVE ( 'NONE', #4864, #9032, #7566, .T. ) ;
#6529 = CARTESIAN_POINT ( 'NONE',  ( 215.0625143040499267, 11.24999999999624833, -9.990000000000000213 ) ) ;
#6530 =( BOUNDED_CURVE ( )  B_SPLINE_CURVE ( 3, ( #3424, #6478, #3475, #454 ),
 .UNSPECIFIED., .F., .F. ) 
 B_SPLINE_CURVE_WITH_KNOTS ( ( 4, 4 ),
 ( 3.141592653589793116, 4.712388980384689674 ),
 .UNSPECIFIED. ) 
 CURVE ( )  GEOMETRIC_REPRESENTATION_ITEM ( )  RATIONAL_B_SPLINE_CURVE ( ( 1.000000000000000000, 0.8047378541243649375, 0.8047378541243649375, 1.000000000000000000 ) ) 
 REPRESENTATION_ITEM ( '' )  );
#6531 = DIRECTION ( 'NONE',  ( 0.000000000000000000, 0.000000000000000000, -1.000000000000000000 ) ) ;
#6532 = ORIENTED_EDGE ( 'NONE', *, *, #3331, .T. ) ;
#6533 = LINE ( 'NONE', #1252, #7238 ) ;
#6534 = ORIENTED_EDGE ( 'NONE', *, *, #2789, .T. ) ;
#6535 = CARTESIAN_POINT ( 'NONE',  ( 205.6299935267620356, 11.23999999999624677, 0.000000000000000000 ) ) ;
#6536 = CARTESIAN_POINT ( 'NONE',  ( 283.4972739408157736, 17.79289321881644881, -0.2129646455628167456 ) ) ;
#6537 = VECTOR ( 'NONE', #5312, 1000.000000000000000 ) ;
#6538 = AXIS2_PLACEMENT_3D ( 'NONE', #9706, #9517, #8963 ) ;
#6539 = CARTESIAN_POINT ( 'NONE',  ( -215.9900000000000375, -83.00000000000000000, 0.000000000000000000 ) ) ;
#6540 = ORIENTED_EDGE ( 'NONE', *, *, #3722, .F. ) ;
#6541 = EDGE_CURVE ( 'NONE', #7400, #8890, #8565, .T. ) ;
#6542 = DIRECTION ( 'NONE',  ( 0.000000000000000000, 0.000000000000000000, 1.000000000000000000 ) ) ;
#6543 = CARTESIAN_POINT ( 'NONE',  ( 95.96290087353949616, 11.23999999999625032, 0.000000000000000000 ) ) ;
#6544 = VECTOR ( 'NONE', #9125, 1000.000000000000000 ) ;
#6545 = AXIS2_PLACEMENT_3D ( 'NONE', #7159, #297, #3972 ) ;
#6546 = DIRECTION ( 'NONE',  ( -0.000000000000000000, -0.000000000000000000, 1.000000000000000000 ) ) ;
#6547 = ORIENTED_EDGE ( 'NONE', *, *, #7417, .F. ) ;
#6548 = VERTEX_POINT ( 'NONE', #4373 ) ;
#6549 = DIRECTION ( 'NONE',  ( 0.000000000000000000, 0.000000000000000000, 1.000000000000000000 ) ) ;
#6550 = EDGE_LOOP ( 'NONE', ( #7694, #6486, #6440, #2608 ) ) ;
#6551 = CYLINDRICAL_SURFACE ( 'NONE', #1928, 0.01000000000000690267 ) ;
#6552 = CYLINDRICAL_SURFACE ( 'NONE', #5921, 0.009999999999999998473 ) ;
#6553 = VECTOR ( 'NONE', #1415, 1000.000000000000000 ) ;
#6554 = LINE ( 'NONE', #3557, #5461 ) ;
#6555 = DIRECTION ( 'NONE',  ( -1.000000000000000000, 0.000000000000000000, 0.000000000000000000 ) ) ;
#6556 = DIRECTION ( 'NONE',  ( 1.000000000000000000, 0.000000000000000000, 0.000000000000000000 ) ) ;
#6557 = VECTOR ( 'NONE', #3968, 1000.000000000000000 ) ;
#6558 = LINE ( 'NONE', #4876, #1140 ) ;
#6559 = ORIENTED_EDGE ( 'NONE', *, *, #475, .T. ) ;
#6560 = EDGE_LOOP ( 'NONE', ( #2766, #5980, #1999, #4847 ) ) ;
#6561 = VECTOR ( 'NONE', #668, 1000.000000000000000 ) ;
#6562 = EDGE_CURVE ( 'NONE', #1827, #7320, #9745, .T. ) ;
#6563 = CARTESIAN_POINT ( 'NONE',  ( 7.717399403842600591, 11.24999999999624833, -9.990000000000000213 ) ) ;
#6564 = ORIENTED_EDGE ( 'NONE', *, *, #7055, .T. ) ;
#6565 = ORIENTED_EDGE ( 'NONE', *, *, #7901, .T. ) ;
#6566 = CARTESIAN_POINT ( 'NONE',  ( 60.00171494062733046, 18.00000000000299849, -0.009999999999999592548 ) ) ;
#6567 = AXIS2_PLACEMENT_3D ( 'NONE', #4230, #449, #7213 ) ;
#6568 =( BOUNDED_CURVE ( )  B_SPLINE_CURVE ( 3, ( #6884, #7674, #5434, #4677 ),
 .UNSPECIFIED., .F., .T. ) 
 B_SPLINE_CURVE_WITH_KNOTS ( ( 4, 4 ),
 ( 3.141592653589813544, 4.712388980385815884 ),
 .UNSPECIFIED. ) 
 CURVE ( )  GEOMETRIC_REPRESENTATION_ITEM ( )  RATIONAL_B_SPLINE_CURVE ( ( 1.000000000000000000, 0.8047378541241043681, 0.8047378541241043681, 1.000000000000000000 ) ) 
 REPRESENTATION_ITEM ( '' )  );
#6569 = EDGE_CURVE ( 'NONE', #8271, #6918, #7616, .T. ) ;
#6570 = CARTESIAN_POINT ( 'NONE',  ( 213.3168456096459522, 18.00000000000299849, -9.990000000000000213 ) ) ;
#6571 = LINE ( 'NONE', #8754, #7698 ) ;
#6572 = ORIENTED_EDGE ( 'NONE', *, *, #3273, .F. ) ;
#6573 = EDGE_CURVE ( 'NONE', #6017, #1501, #5979, .T. ) ;
#6574 = CARTESIAN_POINT ( 'NONE',  ( 237.3268272964024277, 11.24999999999625366, -9.995857864376272772 ) ) ;
#6575 = CARTESIAN_POINT ( 'NONE',  ( 12.08019392008271709, 14.87584942984058145, 0.000000000000000000 ) ) ;
#6576 = VECTOR ( 'NONE', #4567, 1000.000000000000000 ) ;
#6577 = ORIENTED_EDGE ( 'NONE', *, *, #1883, .T. ) ;
#6578 = EDGE_CURVE ( 'NONE', #4226, #4913, #1389, .T. ) ;
#6579 = CARTESIAN_POINT ( 'NONE',  ( 107.1418550537208603, 18.02289619996245307, -0.009999999999999592548 ) ) ;
#6580 = FACE_OUTER_BOUND ( 'NONE', #8759, .T. ) ;
#6581 = PLANE ( 'NONE',  #783 ) ;
#6582 = VECTOR ( 'NONE', #2141, 1000.000000000000000 ) ;
#6583 = VERTEX_POINT ( 'NONE', #2097 ) ;
#6584 = EDGE_CURVE ( 'NONE', #4269, #4746, #8218, .T. ) ;
#6585 = DIRECTION ( 'NONE',  ( 1.000000000000000000, 0.000000000000000000, 0.000000000000000000 ) ) ;
#6586 = VERTEX_POINT ( 'NONE', #7714 ) ;
#6587 = FACE_OUTER_BOUND ( 'NONE', #139, .T. ) ;
#6588 = PLANE ( 'NONE',  #2307 ) ;
#6589 = VERTEX_POINT ( 'NONE', #6123 ) ;
#6590 = CARTESIAN_POINT ( 'NONE',  ( 239.0724959908063738, 18.00000000000299849, -9.990000000000000213 ) ) ;
#6591 = VECTOR ( 'NONE', #3952, 1000.000000000000000 ) ;
#6592 = EDGE_CURVE ( 'NONE', #5896, #7527, #3234, .T. ) ;
#6593 = ORIENTED_EDGE ( 'NONE', *, *, #6156, .T. ) ;
#6594 = CARTESIAN_POINT ( 'NONE',  ( 167.9308817267243512, 11.23999999999624677, 0.000000000000000000 ) ) ;
#6595 = FACE_OUTER_BOUND ( 'NONE', #8488, .T. ) ;
#6596 = VECTOR ( 'NONE', #6415, 1000.000000000000000 ) ;
#6597 = CARTESIAN_POINT ( 'NONE',  ( 124.2294918962893462, 11.23999999999625032, -0.009999999999999592548 ) ) ;
#6598 = FACE_OUTER_BOUND ( 'NONE', #8494, .T. ) ;
#6599 = ORIENTED_EDGE ( 'NONE', *, *, #8806, .T. ) ;
#6600 = ORIENTED_EDGE ( 'NONE', *, *, #4010, .F. ) ;
#6601 = LINE ( 'NONE', #627, #3751 ) ;
#6602 = ORIENTED_EDGE ( 'NONE', *, *, #6562, .T. ) ;
#6603 = CYLINDRICAL_SURFACE ( 'NONE', #8794, 0.01000000000001000089 ) ;
#6604 = CARTESIAN_POINT ( 'NONE',  ( 224.4872922540592697, 11.24999999999624656, -9.995857864376263890 ) ) ;
#6605 = LINE ( 'NONE', #1181, #4503 ) ;
#6606 = CYLINDRICAL_SURFACE ( 'NONE', #7493, 0.009999999999999592548 ) ;
#6607 = AXIS2_PLACEMENT_3D ( 'NONE', #3625, #5127, #7360 ) ;
#6608 = VECTOR ( 'NONE', #7570, 1000.000000000000000 ) ;
#6609 = PLANE ( 'NONE',  #9764 ) ;
#6610 = ORIENTED_EDGE ( 'NONE', *, *, #505, .F. ) ;
#6611 = ORIENTED_EDGE ( 'NONE', *, *, #7424, .F. ) ;
#6612 = CARTESIAN_POINT ( 'NONE',  ( 7.714192219772767700, 11.24585786437251755, -10.00000000000000000 ) ) ;
#6613 = VERTEX_POINT ( 'NONE', #3973 ) ;
#6614 = DIRECTION ( 'NONE',  ( 0.000000000000000000, 0.000000000000000000, 1.000000000000000000 ) ) ;
#6615 = VECTOR ( 'NONE', #6809, 1000.000000000000000 ) ;
#6616 = AXIS2_PLACEMENT_3D ( 'NONE', #5713, #9389, #8736 ) ;
#6617 = CARTESIAN_POINT ( 'NONE',  ( 133.6620126735771805, 11.23999999999625032, 0.000000000000000000 ) ) ;
#6618 = CARTESIAN_POINT ( 'NONE',  ( 120.4288646836714634, 49.14502207121564226, -0.01000000000000000021 ) ) ;
#6619 = ORIENTED_EDGE ( 'NONE', *, *, #1213, .F. ) ;
#6620 = ORIENTED_EDGE ( 'NONE', *, *, #5003, .F. ) ;
#6621 = DIRECTION ( 'NONE',  ( 0.2503800040544349459, 0.9681476403781095197, 0.000000000000000000 ) ) ;
#6622 = CYLINDRICAL_SURFACE ( 'NONE', #49, 0.009999999999999998473 ) ;
#6623 = AXIS2_PLACEMENT_3D ( 'NONE', #7281, #7141, #1823 ) ;
#6624 =( BOUNDED_CURVE ( )  B_SPLINE_CURVE ( 3, ( #2448, #5528, #8555, #585 ),
 .UNSPECIFIED., .F., .F. ) 
 B_SPLINE_CURVE_WITH_KNOTS ( ( 4, 4 ),
 ( 3.141592653589793116, 4.712388980385123105 ),
 .UNSPECIFIED. ) 
 CURVE ( )  GEOMETRIC_REPRESENTATION_ITEM ( )  RATIONAL_B_SPLINE_CURVE ( ( 1.000000000000000000, 0.8047378541242627970, 0.8047378541242627970, 1.000000000000000000 ) ) 
 REPRESENTATION_ITEM ( '' )  );
#6625 = VERTEX_POINT ( 'NONE', #947 ) ;
#6626 = CARTESIAN_POINT ( 'NONE',  ( 133.6542698462987460, 11.24999999999624833, -10.00000000000000000 ) ) ;
#6627 = LINE ( 'NONE', #517, #4464 ) ;
#6628 = EDGE_CURVE ( 'NONE', #2784, #4102, #3927, .T. ) ;
#6629 = EDGE_CURVE ( 'NONE', #9066, #1718, #7070, .T. ) ;
#6630 = CARTESIAN_POINT ( 'NONE',  ( 124.2372347235677807, 11.23999999999625032, 0.000000000000000000 ) ) ;
#6631 = ORIENTED_EDGE ( 'NONE', *, *, #6682, .T. ) ;
#6632 = EDGE_CURVE ( 'NONE', #7934, #8610, #4367, .T. ) ;
#6633 =( BOUNDED_CURVE ( )  B_SPLINE_CURVE ( 3, ( #9069, #2828, #8906, #2881 ),
 .UNSPECIFIED., .F., .F. ) 
 B_SPLINE_CURVE_WITH_KNOTS ( ( 4, 4 ),
 ( 3.141592653589793116, 4.712388980384581316 ),
 .UNSPECIFIED. ) 
 CURVE ( )  GEOMETRIC_REPRESENTATION_ITEM ( )  RATIONAL_B_SPLINE_CURVE ( ( 1.000000000000000000, 0.8047378541243905836, 0.8047378541243905836, 1.000000000000000000 ) ) 
 REPRESENTATION_ITEM ( '' )  );
#6634 = CARTESIAN_POINT ( 'NONE',  ( 133.6542698462987744, 11.24999999999625011, -9.990000000000000213 ) ) ;
#6635 = ORIENTED_EDGE ( 'NONE', *, *, #8361, .F. ) ;
#6636 = DIRECTION ( 'NONE',  ( -0.9681476403781361650, -0.2503800040543317507, 0.000000000000000000 ) ) ;
#6637 = ORIENTED_EDGE ( 'NONE', *, *, #9008, .T. ) ;
#6638 = CARTESIAN_POINT ( 'NONE',  ( 111.3822140266678389, 11.23999999999625032, -10.00000000000000000 ) ) ;
#6639 = ORIENTED_EDGE ( 'NONE', *, *, #4791, .F. ) ;
#6640 = ADVANCED_FACE ( 'NONE', ( #7023 ), #205, .F. ) ;
#6641 = ADVANCED_FACE ( 'NONE', ( #5425 ), #7768, .T. ) ;
#6642 = CARTESIAN_POINT ( 'NONE',  ( -197.9999999999999716, 107.0000000000000000, -0.009999999999999592548 ) ) ;
#6643 = EDGE_CURVE ( 'NONE', #9716, #4392, #2499, .T. ) ;
#6644 = DIRECTION ( 'NONE',  ( -0.2503800040544349459, -0.9681476403781095197, 0.000000000000000000 ) ) ;
#6645 = DIRECTION ( 'NONE',  ( 0.2503800040544349459, 0.9681476403781095197, 0.000000000000000000 ) ) ;
#6646 = ORIENTED_EDGE ( 'NONE', *, *, #2158, .F. ) ;
#6647 = ORIENTED_EDGE ( 'NONE', *, *, #6948, .T. ) ;
#6648 = CARTESIAN_POINT ( 'NONE',  ( 154.2560633273642168, 18.02540000000299969, -0.009999999999999592548 ) ) ;
#6649 = ORIENTED_EDGE ( 'NONE', *, *, #7626, .F. ) ;
#6650 = LINE ( 'NONE', #8830, #2994 ) ;
#6651 = DIRECTION ( 'NONE',  ( 0.000000000000000000, 0.000000000000000000, -1.000000000000000000 ) ) ;
#6652 = EDGE_CURVE ( 'NONE', #8243, #1486, #9157, .T. ) ;
#6653 = CARTESIAN_POINT ( 'NONE',  ( 162.2571270043375193, -23.96254623038450404, -9.990000000000000213 ) ) ;
#6654 = DIRECTION ( 'NONE',  ( -0.2503800040544349459, 0.9681476403781095197, -0.000000000000000000 ) ) ;
#6655 = ADVANCED_FACE ( 'NONE', ( #2309 ), #155, .T. ) ;
#6656 = LINE ( 'NONE', #5766, #3347 ) ;
#6657 = CARTESIAN_POINT ( 'NONE',  ( 177.3556596767338078, 11.23999999999625032, -10.00000000000000000 ) ) ;
#6658 = CARTESIAN_POINT ( 'NONE',  ( 105.3876788235489101, 11.23999999999625032, 0.000000000000000000 ) ) ;
#6659 = VERTEX_POINT ( 'NONE', #2449 ) ;
#6660 = VERTEX_POINT ( 'NONE', #5529 ) ;
#6661 = DIRECTION ( 'NONE',  ( -0.2503800040544349459, 0.9681476403781095197, 0.000000000000000000 ) ) ;
#6662 = ORIENTED_EDGE ( 'NONE', *, *, #8593, .F. ) ;
#6663 = CARTESIAN_POINT ( 'NONE',  ( 199.6277154963647149, 11.24999999999624478, -9.995857864376267443 ) ) ;
#6664 = CARTESIAN_POINT ( 'NONE',  ( 283.4972739408158304, 0.000000000000000000, -10.00000000000000000 ) ) ;
#6665 = DIRECTION ( 'NONE',  ( -0.2503800040544349459, -0.9681476403781095197, 0.000000000000000000 ) ) ;
#6666 = VECTOR ( 'NONE', #9118, 1000.000000000000000 ) ;
#6667 = EDGE_CURVE ( 'NONE', #3962, #9003, #8421, .T. ) ;
#6668 = CARTESIAN_POINT ( 'NONE',  ( 133.6574770303685966, 11.24585786437251755, 4.071938083478370545E-16 ) ) ;
#6669 = DIRECTION ( 'NONE',  ( 1.000000000000000000, -0.000000000000000000, -0.000000000000000000 ) ) ;
#6670 = EDGE_LOOP ( 'NONE', ( #7061, #1114, #3166, #2245 ) ) ;
#6671 = EDGE_LOOP ( 'NONE', ( #4210, #321, #9330, #3336 ) ) ;
#6672 = AXIS2_PLACEMENT_3D ( 'NONE', #5696, #7975, #2669 ) ;
#6673 = CARTESIAN_POINT ( 'NONE',  ( 0.000000000000000000, 17.99000000000300048, -0.01000000000000000021 ) ) ;
#6674 = ORIENTED_EDGE ( 'NONE', *, *, #880, .F. ) ;
#6675 = CARTESIAN_POINT ( 'NONE',  ( 124.2294918962893462, 11.24999999999624833, -0.009999999999999592548 ) ) ;
#6676 = CARTESIAN_POINT ( 'NONE',  ( 199.6277154963647149, 11.24999999999624833, -10.00000000000000000 ) ) ;
#6677 = CARTESIAN_POINT ( 'NONE',  ( 17.14217735385202701, 11.24999999999624833, -0.009999999999999592548 ) ) ;
#6678 = EDGE_LOOP ( 'NONE', ( #6860, #7591, #7481, #97 ) ) ;
#6679 = LINE ( 'NONE', #6634, #6774 ) ;
#6680 = EDGE_LOOP ( 'NONE', ( #5985, #9594, #8020, #3265 ) ) ;
#6681 = PLANE ( 'NONE',  #8869 ) ;
#6682 = EDGE_CURVE ( 'NONE', #4842, #9514, #5575, .T. ) ;
#6683 = VERTEX_POINT ( 'NONE', #1698 ) ;
#6684 = CARTESIAN_POINT ( 'NONE',  ( 158.5061037767149799, 11.23999999999624677, 0.000000000000000000 ) ) ;
#6685 = ORIENTED_EDGE ( 'NONE', *, *, #8864, .F. ) ;
#6686 = EDGE_CURVE ( 'NONE', #329, #7788, #3164, .T. ) ;
#6687 = DIRECTION ( 'NONE',  ( -1.000000000000000000, 0.000000000000000000, 0.000000000000000000 ) ) ;
#6688 = CARTESIAN_POINT ( 'NONE',  ( 135.3999385407026921, 18.00000000000299849, -9.990000000000000213 ) ) ;
#6689 = DIRECTION ( 'NONE',  ( 1.460819769243627131E-16, 1.000000000000000000, 0.000000000000000000 ) ) ;
#6690 = EDGE_CURVE ( 'NONE', #1995, #9696, #7662, .T. ) ;
#6691 = DIRECTION ( 'NONE',  ( -1.000000000000000000, 0.000000000000000000, 0.000000000000000000 ) ) ;
#6692 = PLANE ( 'NONE',  #8037 ) ;
#6693 = EDGE_LOOP ( 'NONE', ( #1800, #1405, #8462, #3636 ) ) ;
#6694 = ORIENTED_EDGE ( 'NONE', *, *, #208, .F. ) ;
#6695 = CYLINDRICAL_SURFACE ( 'NONE', #9316, 0.009999999999999592548 ) ;
#6696 = ORIENTED_EDGE ( 'NONE', *, *, #2467, .F. ) ;
#6697 = CARTESIAN_POINT ( 'NONE',  ( 5.963987882160225240, 17.99000000000300048, 0.000000000000000000 ) ) ;
#6698 = DIRECTION ( 'NONE',  ( -0.2503800040544349459, -0.9681476403781095197, 0.000000000000000000 ) ) ;
#6699 = LINE ( 'NONE', #8144, #3520 ) ;
#6700 = EDGE_CURVE ( 'NONE', #9007, #6943, #57, .T. ) ;
#6701 = DIRECTION ( 'NONE',  ( 0.000000000000000000, -1.000000000000000000, -0.000000000000000000 ) ) ;
#6702 = CARTESIAN_POINT ( 'NONE',  ( 32.08949228116867403, 26.29890697696560409, 0.000000000000000000 ) ) ;
#6703 = AXIS2_PLACEMENT_3D ( 'NONE', #583, #8251, #6759 ) ;
#6704 = AXIS2_PLACEMENT_3D ( 'NONE', #6706, #2852, #4267 ) ;
#6705 = EDGE_CURVE ( 'NONE', #1280, #9273, #3854, .T. ) ;
#6706 = CARTESIAN_POINT ( 'NONE',  ( 69.43306177727937722, 18.02540000000299969, -10.00000000000000000 ) ) ;
#6707 = DIRECTION ( 'NONE',  ( -1.000000000000000000, 0.000000000000000000, 0.000000000000000000 ) ) ;
#6708 = LINE ( 'NONE', #5862, #666 ) ;
#6709 = ORIENTED_EDGE ( 'NONE', *, *, #3395, .F. ) ;
#6710 = VERTEX_POINT ( 'NONE', #4078 ) ;
#6711 = CYLINDRICAL_SURFACE ( 'NONE', #7250, 0.009999999999999592548 ) ;
#6712 = VERTEX_POINT ( 'NONE', #7161 ) ;
#6713 = CYLINDRICAL_SURFACE ( 'NONE', #6672, 0.009999999999999373973 ) ;
#6714 = VECTOR ( 'NONE', #6994, 1000.000000000000000 ) ;
#6715 = VECTOR ( 'NONE', #1261, 1000.000000000000000 ) ;
#6716 = LINE ( 'NONE', #5379, #2080 ) ;
#6717 = DIRECTION ( 'NONE',  ( 1.000000000000000000, 0.000000000000000000, 0.000000000000000000 ) ) ;
#6718 = VECTOR ( 'NONE', #5208, 1000.000000000000000 ) ;
#6719 = VECTOR ( 'NONE', #2939, 1000.000000000000000 ) ;
#6720 = DIRECTION ( 'NONE',  ( -1.000000000000000000, 0.000000000000000000, 0.000000000000000000 ) ) ;
#6721 = CARTESIAN_POINT ( 'NONE',  ( 43.67084250947634416, 18.00000000000299849, -0.004142135623731957490 ) ) ;
#6722 = VERTEX_POINT ( 'NONE', #7962 ) ;
#6723 = ORIENTED_EDGE ( 'NONE', *, *, #1197, .F. ) ;
#6724 = FACE_OUTER_BOUND ( 'NONE', #7515, .T. ) ;
#6725 = DIRECTION ( 'NONE',  ( 1.000000000000000000, -0.000000000000000000, 0.000000000000000000 ) ) ;
#6726 = ORIENTED_EDGE ( 'NONE', *, *, #4093, .F. ) ;
#6727 = VECTOR ( 'NONE', #8495, 1000.000000000000000 ) ;
#6728 = CARTESIAN_POINT ( 'NONE',  ( 186.7804376267432360, 11.23999999999625032, -10.00000000000000000 ) ) ;
#6729 =( BOUNDED_CURVE ( )  B_SPLINE_CURVE ( 3, ( #8011, #5159, #1325, #4407 ),
 .UNSPECIFIED., .F., .F. ) 
 B_SPLINE_CURVE_WITH_KNOTS ( ( 4, 4 ),
 ( 3.141592653589793116, 4.712388980385014747 ),
 .UNSPECIFIED. ) 
 CURVE ( )  GEOMETRIC_REPRESENTATION_ITEM ( )  RATIONAL_B_SPLINE_CURVE ( ( 1.000000000000000000, 0.8047378541242884431, 0.8047378541242884431, 1.000000000000000000 ) ) 
 REPRESENTATION_ITEM ( '' )  );
#6730 = DIRECTION ( 'NONE',  ( 0.9681476403781095197, -0.2503800040544349459, 0.000000000000000000 ) ) ;
#6731 = CYLINDRICAL_SURFACE ( 'NONE', #7183, 0.009999999999999592548 ) ;
#6732 = VERTEX_POINT ( 'NONE', #9399 ) ;
#6733 = VECTOR ( 'NONE', #4967, 1000.000000000000000 ) ;
#6734 = CARTESIAN_POINT ( 'NONE',  ( 62.52039840949517924, 18.00000000000300204, -0.004142135623729943476 ) ) ;
#6735 = ORIENTED_EDGE ( 'NONE', *, *, #1321, .F. ) ;
#6736 = EDGE_CURVE ( 'NONE', #5223, #7983, #5682, .T. ) ;
#6737 = CYLINDRICAL_SURFACE ( 'NONE', #5229, 0.01000000000001000089 ) ;
#6738 = CYLINDRICAL_SURFACE ( 'NONE', #9477, 0.009999999999999998473 ) ;
#6739 = CARTESIAN_POINT ( 'NONE',  ( 69.42649289063673734, 18.00000000000299849, -0.009999999999999592548 ) ) ;
#6740 =( BOUNDED_CURVE ( )  B_SPLINE_CURVE ( 3, ( #6930, #1448, #5225, #2198 ),
 .UNSPECIFIED., .F., .F. ) 
 B_SPLINE_CURVE_WITH_KNOTS ( ( 4, 4 ),
 ( 3.141592653589793116, 4.712388980383129145 ),
 .UNSPECIFIED. ) 
 CURVE ( )  GEOMETRIC_REPRESENTATION_ITEM ( )  RATIONAL_B_SPLINE_CURVE ( ( 1.000000000000000000, 0.8047378541247327544, 0.8047378541247327544, 1.000000000000000000 ) ) 
 REPRESENTATION_ITEM ( '' )  );
#6741 = ORIENTED_EDGE ( 'NONE', *, *, #4010, .T. ) ;
#6742 = VECTOR ( 'NONE', #6504, 1000.000000000000000 ) ;
#6743 = CARTESIAN_POINT ( 'NONE',  ( 135.3999385407027205, 17.99000000000300048, 0.000000000000000000 ) ) ;
#6744 = CARTESIAN_POINT ( 'NONE',  ( 0.000000000000000000, 17.99000000000300048, -0.01000000000000000021 ) ) ;
#6745 = LINE ( 'NONE', #4397, #5764 ) ;
#6746 = VECTOR ( 'NONE', #3935, 1000.000000000000000 ) ;
#6747 = DIRECTION ( 'NONE',  ( 0.000000000000000000, 0.000000000000000000, 1.000000000000000000 ) ) ;
#6748 = ORIENTED_EDGE ( 'NONE', *, *, #9661, .F. ) ;
#6749 = EDGE_CURVE ( 'NONE', #8278, #6472, #443, .T. ) ;
#6750 = VERTEX_POINT ( 'NONE', #9493 ) ;
#6751 = DIRECTION ( 'NONE',  ( 0.000000000000000000, 0.000000000000000000, -1.000000000000000000 ) ) ;
#6752 = ORIENTED_EDGE ( 'NONE', *, *, #7077, .T. ) ;
#6753 = CARTESIAN_POINT ( 'NONE',  ( 147.3356571323015771, 17.99000000000299693, -10.00000000000000000 ) ) ;
#6754 = CARTESIAN_POINT ( 'NONE',  ( 111.3899568539462592, 11.24999999999624833, -0.009999999999999592548 ) ) ;
#6755 = ORIENTED_EDGE ( 'NONE', *, *, #5537, .F. ) ;
#6756 = CARTESIAN_POINT ( 'NONE',  ( 124.2294918962893462, 11.24999999999624833, -10.00000000000000000 ) ) ;
#6757 =( BOUNDED_CURVE ( )  B_SPLINE_CURVE ( 3, ( #2434, #6159, #8591, #8500 ),
 .UNSPECIFIED., .F., .F. ) 
 B_SPLINE_CURVE_WITH_KNOTS ( ( 4, 4 ),
 ( 3.141592653589793116, 4.712388980383345860 ),
 .UNSPECIFIED. ) 
 CURVE ( )  GEOMETRIC_REPRESENTATION_ITEM ( )  RATIONAL_B_SPLINE_CURVE ( ( 1.000000000000000000, 0.8047378541246816841, 0.8047378541246816841, 1.000000000000000000 ) ) 
 REPRESENTATION_ITEM ( '' )  );
#6758 = VECTOR ( 'NONE', #6927, 1000.000000000000000 ) ;
#6759 = DIRECTION ( 'NONE',  ( -1.000000000000000000, 0.000000000000000000, -0.000000000000000000 ) ) ;
#6760 = ADVANCED_FACE ( 'NONE', ( #1228 ), #4314, .T. ) ;
#6761 = CARTESIAN_POINT ( 'NONE',  ( 24.81354378217906742, 17.99000000000300048, -10.00000000000000000 ) ) ;
#6762 = EDGE_CURVE ( 'NONE', #8195, #7593, #6558, .T. ) ;
#6763 = DIRECTION ( 'NONE',  ( -0.2503800040544349459, 0.9681476403781095197, 0.000000000000000000 ) ) ;
#6764 = CARTESIAN_POINT ( 'NONE',  ( 77.10560214624221942, 11.24999999999624833, -9.990000000000000213 ) ) ;
#6765 = LINE ( 'NONE', #2243, #198 ) ;
#6766 = ORIENTED_EDGE ( 'NONE', *, *, #7671, .F. ) ;
#6767 = EDGE_CURVE ( 'NONE', #2115, #8695, #1724, .T. ) ;
#6768 = ORIENTED_EDGE ( 'NONE', *, *, #9596, .T. ) ;
#6769 = CYLINDRICAL_SURFACE ( 'NONE', #8517, 0.01000000000000690267 ) ;
#6770 = ORIENTED_EDGE ( 'NONE', *, *, #9678, .F. ) ;
#6771 = VECTOR ( 'NONE', #8719, 1000.000000000000000 ) ;
#6772 = CYLINDRICAL_SURFACE ( 'NONE', #965, 0.009999999999999592548 ) ;
#6773 = EDGE_CURVE ( 'NONE', #1063, #9484, #5630, .T. ) ;
#6774 = VECTOR ( 'NONE', #8082, 1000.000000000000000 ) ;
#6775 = LINE ( 'NONE', #9802, #1243 ) ;
#6776 = CARTESIAN_POINT ( 'NONE',  ( 224.4872922540593549, 11.24999999999624833, -0.009999999999999592548 ) ) ;
#6777 = VERTEX_POINT ( 'NONE', #253 ) ;
#6778 = EDGE_CURVE ( 'NONE', #5187, #4668, #8929, .T. ) ;
#6779 = VERTEX_POINT ( 'NONE', #7918 ) ;
#6780 = CARTESIAN_POINT ( 'NONE',  ( 31.72738109059905653, 18.00000000000299849, -0.009999999999999592548 ) ) ;
#6781 = AXIS2_PLACEMENT_3D ( 'NONE', #5578, #1598, #9203 ) ;
#6782 = VERTEX_POINT ( 'NONE', #3660 ) ;
#6783 = CARTESIAN_POINT ( 'NONE',  ( 40.92342952141897428, 28.58351848639060933, 0.000000000000000000 ) ) ;
#6784 = LINE ( 'NONE', #6035, #8131 ) ;
#6785 = DIRECTION ( 'NONE',  ( 1.000000000000000000, -0.000000000000000000, -0.000000000000000000 ) ) ;
#6786 = ORIENTED_EDGE ( 'NONE', *, *, #4097, .F. ) ;
#6787 = AXIS2_PLACEMENT_3D ( 'NONE', #5046, #8085, #9817 ) ;
#6788 = PLANE ( 'NONE',  #8981 ) ;
#6789 = ORIENTED_EDGE ( 'NONE', *, *, #4249, .F. ) ;
#6790 = FACE_OUTER_BOUND ( 'NONE', #2046, .T. ) ;
#6791 = CYLINDRICAL_SURFACE ( 'NONE', #6787, 0.01000000000000690267 ) ;
#6792 = ORIENTED_EDGE ( 'NONE', *, *, #8148, .T. ) ;
#6793 = CARTESIAN_POINT ( 'NONE',  ( 0.000000000000000000, 11.23999999999625032, 0.000000000000000000 ) ) ;
#6794 = ORIENTED_EDGE ( 'NONE', *, *, #4613, .F. ) ;
#6795 = CARTESIAN_POINT ( 'NONE',  ( 0.000000000000000000, 11.23999999999625032, 0.000000000000000000 ) ) ;
#6796 = EDGE_CURVE ( 'NONE', #2160, #5416, #7345, .T. ) ;
#6797 = LINE ( 'NONE', #7478, #3842 ) ;
#6798 = CARTESIAN_POINT ( 'NONE',  ( 5.971730709438642926, 18.00000000000299849, -9.990000000000000213 ) ) ;
#6799 = ORIENTED_EDGE ( 'NONE', *, *, #7406, .F. ) ;
#6800 = EDGE_LOOP ( 'NONE', ( #1686, #5262, #3771, #5047 ) ) ;
#6801 = DIRECTION ( 'NONE',  ( 0.000000000000000000, 0.000000000000000000, -1.000000000000000000 ) ) ;
#6802 = ORIENTED_EDGE ( 'NONE', *, *, #6339, .T. ) ;
#6803 = CARTESIAN_POINT ( 'NONE',  ( 243.3291053267997484, 11.23999999999624677, 0.000000000000000000 ) ) ;
#6804 = CYLINDRICAL_SURFACE ( 'NONE', #2742, 0.01000000000000690267 ) ;
#6805 = ORIENTED_EDGE ( 'NONE', *, *, #1307, .T. ) ;
#6806 = LINE ( 'NONE', #8198, #316 ) ;
#6807 = DIRECTION ( 'NONE',  ( 0.2503800040544349459, 0.9681476403781095197, 0.000000000000000000 ) ) ;
#6808 = DIRECTION ( 'NONE',  ( -0.2503800040544349459, -0.9681476403781095197, 0.000000000000000000 ) ) ;
#6809 = DIRECTION ( 'NONE',  ( -0.2503800040544349459, -0.9681476403781095197, -0.000000000000000000 ) ) ;
#6810 = LINE ( 'NONE', #8985, #6082 ) ;
#6811 = FACE_OUTER_BOUND ( 'NONE', #7538, .T. ) ;
#6812 = DIRECTION ( 'NONE',  ( -1.000000000000000000, -0.000000000000000000, -0.000000000000000000 ) ) ;
#6813 = ORIENTED_EDGE ( 'NONE', *, *, #2561, .T. ) ;
#6814 = VERTEX_POINT ( 'NONE', #8310 ) ;
#6815 = DIRECTION ( 'NONE',  ( 0.000000000000000000, 0.000000000000000000, 1.000000000000000000 ) ) ;
#6816 = ORIENTED_EDGE ( 'NONE', *, *, #14, .T. ) ;
#6817 = CARTESIAN_POINT ( 'NONE',  ( 210.7981621407780892, 18.00000000000299138, -9.995857864376267443 ) ) ;
#6818 = CARTESIAN_POINT ( 'NONE',  ( 163.6742723907310051, 17.99000000000300048, 0.000000000000000000 ) ) ;
#6819 = CARTESIAN_POINT ( 'NONE',  ( 173.1056192273830732, 18.02540000000299969, -0.009999999999999592548 ) ) ;
#6820 = ADVANCED_FACE ( 'NONE', ( #8881, #496 ), #8206, .T. ) ;
#6821 = FACE_OUTER_BOUND ( 'NONE', #4565, .T. ) ;
#6822 = CYLINDRICAL_SURFACE ( 'NONE', #1938, 0.009999999999994334601 ) ;
#6823 = ORIENTED_EDGE ( 'NONE', *, *, #6328, .F. ) ;
#6824 = ORIENTED_EDGE ( 'NONE', *, *, #561, .T. ) ;
#6825 = EDGE_CURVE ( 'NONE', #3731, #4238, #68, .T. ) ;
#6826 = CARTESIAN_POINT ( 'NONE',  ( 22.30260314058962834, 18.00000000000299849, -0.009999999999999592548 ) ) ;
#6827 = DIRECTION ( 'NONE',  ( 0.000000000000000000, 0.000000000000000000, -1.000000000000000000 ) ) ;
#6828 = ORIENTED_EDGE ( 'NONE', *, *, #6083, .F. ) ;
#6829 = EDGE_CURVE ( 'NONE', #6998, #544, #5213, .T. ) ;
#6830 = CARTESIAN_POINT ( 'NONE',  ( 152.5038257463176308, 11.24999999999625011, -9.990000000000000213 ) ) ;
#6831 = ADVANCED_FACE ( 'NONE', ( #1276 ), #6609, .F. ) ;
#6832 = CARTESIAN_POINT ( 'NONE',  ( -216.0000000000000284, -83.00000000000000000, -9.990000000000000213 ) ) ;
#6833 = CARTESIAN_POINT ( 'NONE',  ( 229.6477180407969740, 18.00000000000299849, -0.009999999999999592548 ) ) ;
#6834 = VECTOR ( 'NONE', #3455, 1000.000000000000000 ) ;
#6835 =( BOUNDED_CURVE ( )  B_SPLINE_CURVE ( 3, ( #5470, #3160, #1590, #3257 ),
 .UNSPECIFIED., .F., .F. ) 
 B_SPLINE_CURVE_WITH_KNOTS ( ( 4, 4 ),
 ( 3.141592653589813544, 4.712388980386033488 ),
 .UNSPECIFIED. ) 
 CURVE ( )  GEOMETRIC_REPRESENTATION_ITEM ( )  RATIONAL_B_SPLINE_CURVE ( ( 1.000000000000000000, 0.8047378541240530758, 0.8047378541240530758, 1.000000000000000000 ) ) 
 REPRESENTATION_ITEM ( '' )  );
#6836 = EDGE_CURVE ( 'NONE', #1827, #6777, #1560, .T. ) ;
#6837 = DIRECTION ( 'NONE',  ( -0.9681476403780955309, 0.2503800040544887362, 0.000000000000000000 ) ) ;
#6838 = EDGE_LOOP ( 'NONE', ( #7485, #3918, #5128, #4792 ) ) ;
#6839 = CARTESIAN_POINT ( 'NONE',  ( 246.7593480736902904, 11.23999999999625032, 0.000000000000000000 ) ) ;
#6840 = ORIENTED_EDGE ( 'NONE', *, *, #8339, .T. ) ;
#6841 = EDGE_CURVE ( 'NONE', #9519, #1136, #9637, .T. ) ;
#6842 = CARTESIAN_POINT ( 'NONE',  ( 78.85127084064617975, 18.00000000000299849, -0.009999999999999592548 ) ) ;
#6843 = ORIENTED_EDGE ( 'NONE', *, *, #8115, .T. ) ;
#6844 = CARTESIAN_POINT ( 'NONE',  ( 209.0602362736525492, 11.23999999999624855, -10.00000000000000000 ) ) ;
#6845 = ORIENTED_EDGE ( 'NONE', *, *, #3083, .F. ) ;
#6846 = ORIENTED_EDGE ( 'NONE', *, *, #9335, .T. ) ;
#6847 = LINE ( 'NONE', #2478, #5688 ) ;
#6848 = EDGE_LOOP ( 'NONE', ( #6056, #751, #1896, #5376 ) ) ;
#6849 = CARTESIAN_POINT ( 'NONE',  ( 173.1022575248103124, 17.99585786437927482, -10.00000000000000178 ) ) ;
#6850 = EDGE_CURVE ( 'NONE', #9862, #9618, #6708, .T. ) ;
#6851 = ORIENTED_EDGE ( 'NONE', *, *, #9153, .T. ) ;
#6852 = CARTESIAN_POINT ( 'NONE',  ( 67.42524124216980397, 35.43735301466561793, 0.000000000000000000 ) ) ;
#6853 = DIRECTION ( 'NONE',  ( -1.460819769243627131E-16, -1.000000000000000000, 0.000000000000000000 ) ) ;
#6854 = DIRECTION ( 'NONE',  ( 0.000000000000000000, 0.000000000000000000, 1.000000000000000000 ) ) ;
#6855 = CYLINDRICAL_SURFACE ( 'NONE', #7571, 0.01000000000000863913 ) ;
#6856 = VECTOR ( 'NONE', #8042, 1000.000000000000000 ) ;
#6857 = CARTESIAN_POINT ( 'NONE',  ( 147.3356571323015771, 17.99000000000300048, 0.000000000000000000 ) ) ;
#6858 = DIRECTION ( 'NONE',  ( -0.000000000000000000, -0.000000000000000000, 1.000000000000000000 ) ) ;
#6859 = CARTESIAN_POINT ( 'NONE',  ( 125.9829034179717269, 17.99000000000299693, 0.000000000000000000 ) ) ;
#6860 = ORIENTED_EDGE ( 'NONE', *, *, #9425, .F. ) ;
#6861 = ORIENTED_EDGE ( 'NONE', *, *, #4485, .T. ) ;
#6862 = CARTESIAN_POINT ( 'NONE',  ( 76.25917848242009711, 37.72196452409063028, 0.000000000000000000 ) ) ;
#6863 = VERTEX_POINT ( 'NONE', #1435 ) ;
#6864 = ADVANCED_FACE ( 'NONE', ( #1485 ), #5318, .T. ) ;
#6865 = FACE_OUTER_BOUND ( 'NONE', #2279, .T. ) ;
#6866 = CYLINDRICAL_SURFACE ( 'NONE', #1122, 0.009999999999999592548 ) ;
#6867 = AXIS2_PLACEMENT_3D ( 'NONE', #8984, #8304, #9183 ) ;
#6868 = VECTOR ( 'NONE', #897, 1000.000000000000000 ) ;
#6869 = FACE_OUTER_BOUND ( 'NONE', #7165, .T. ) ;
#6870 = DIRECTION ( 'NONE',  ( -0.2503800040544349459, 0.9681476403781095197, 0.000000000000000000 ) ) ;
#6871 = EDGE_CURVE ( 'NONE', #1154, #1803, #4514, .T. ) ;
#6872 = VECTOR ( 'NONE', #1411, 1000.000000000000000 ) ;
#6873 = CARTESIAN_POINT ( 'NONE',  ( 137.9186220095705835, 18.00000000000299849, -0.009999999999999592548 ) ) ;
#6874 = EDGE_LOOP ( 'NONE', ( #5557, #8034, #4893, #85 ) ) ;
#6875 = ORIENTED_EDGE ( 'NONE', *, *, #2534, .T. ) ;
#6876 = DIRECTION ( 'NONE',  ( -0.9681476403781361650, -0.2503800040543317507, 0.000000000000000000 ) ) ;
#6877 = LINE ( 'NONE', #7620, #6940 ) ;
#6878 = EDGE_CURVE ( 'NONE', #1521, #8242, #9682, .T. ) ;
#6879 = ORIENTED_EDGE ( 'NONE', *, *, #6951, .F. ) ;
#6880 = CYLINDRICAL_SURFACE ( 'NONE', #7516, 0.01000000000000863913 ) ;
#6881 = AXIS2_PLACEMENT_3D ( 'NONE', #7763, #1642, #7113 ) ;
#6882 = VECTOR ( 'NONE', #7491, 1000.000000000000000 ) ;
#6883 = EDGE_CURVE ( 'NONE', #4106, #3801, #4410, .T. ) ;
#6884 = CARTESIAN_POINT ( 'NONE',  ( 107.1256046906744501, 18.00000000000299849, -0.009999999999999592548 ) ) ;
#6885 = EDGE_CURVE ( 'NONE', #8890, #8826, #6765, .T. ) ;
#6886 = EDGE_CURVE ( 'NONE', #391, #9449, #7445, .T. ) ;
#6887 = PLANE ( 'NONE',  #7721 ) ;
#6888 = AXIS2_PLACEMENT_3D ( 'NONE', #7874, #5689, #7167 ) ;
#6889 = VERTEX_POINT ( 'NONE', #2905 ) ;
#6890 = CARTESIAN_POINT ( 'NONE',  ( 14.42161780066812327, 21.72968395811559361, -9.990000000000000213 ) ) ;
#6891 = ADVANCED_FACE ( 'NONE', ( #9790 ), #8364, .T. ) ;
#6892 = EDGE_LOOP ( 'NONE', ( #8207, #3584, #9813, #3837 ) ) ;
#6893 = CARTESIAN_POINT ( 'NONE',  ( 88.27604879065560795, 18.00000000000299849, -9.990000000000000213 ) ) ;
#6894 = ORIENTED_EDGE ( 'NONE', *, *, #9056, .F. ) ;
#6895 = CARTESIAN_POINT ( 'NONE',  ( 210.8144125038245420, 18.02289619996245307, -0.009999999999999592548 ) ) ;
#6896 = EDGE_CURVE ( 'NONE', #4976, #2174, #5740, .T. ) ;
#6897 = CARTESIAN_POINT ( 'NONE',  ( 58.25925343029319237, 11.24585786437251755, 4.071938083478370545E-16 ) ) ;
#6898 = AXIS2_PLACEMENT_3D ( 'NONE', #4264, #1937, #4357 ) ;
#6899 =( BOUNDED_CURVE ( )  B_SPLINE_CURVE ( 3, ( #7215, #1949, #3473, #4836 ),
 .UNSPECIFIED., .F., .F. ) 
 B_SPLINE_CURVE_WITH_KNOTS ( ( 4, 4 ),
 ( 3.141592653589793116, 4.712388980385361137 ),
 .UNSPECIFIED. ) 
 CURVE ( )  GEOMETRIC_REPRESENTATION_ITEM ( )  RATIONAL_B_SPLINE_CURVE ( ( 1.000000000000000000, 0.8047378541242068417, 0.8047378541242068417, 1.000000000000000000 ) ) 
 REPRESENTATION_ITEM ( '' )  );
#6900 = EDGE_LOOP ( 'NONE', ( #5842, #6404, #1595, #1064 ) ) ;
#6901 = ORIENTED_EDGE ( 'NONE', *, *, #3955, .F. ) ;
#6902 = EDGE_CURVE ( 'NONE', #3020, #8502, #4604, .T. ) ;
#6903 = CARTESIAN_POINT ( 'NONE',  ( 58.25604624622337013, 11.23999999999625032, -0.009999999999999592548 ) ) ;
#6904 = ORIENTED_EDGE ( 'NONE', *, *, #2966, .F. ) ;
#6905 = LINE ( 'NONE', #4698, #4438 ) ;
#6906 = VECTOR ( 'NONE', #4262, 1000.000000000000000 ) ;
#6907 = DIRECTION ( 'NONE',  ( 0.2503800040544349459, 0.9681476403781095197, 0.000000000000000000 ) ) ;
#6908 = ORIENTED_EDGE ( 'NONE', *, *, #3386, .T. ) ;
#6909 = DIRECTION ( 'NONE',  ( -4.382459307730881392E-16, -1.000000000000000000, 0.000000000000000000 ) ) ;
#6910 = CARTESIAN_POINT ( 'NONE',  ( -180.0000000000000000, 18.00000000000298783, -9.990000000000000213 ) ) ;
#6911 = FACE_OUTER_BOUND ( 'NONE', #4714, .T. ) ;
#6912 = CARTESIAN_POINT ( 'NONE',  ( 24.82128660945748067, 18.00000000000299849, -9.995857864376270996 ) ) ;
#6913 = VECTOR ( 'NONE', #4105, 1000.000000000000000 ) ;
#6914 = LINE ( 'NONE', #1581, #5276 ) ;
#6915 =( NAMED_UNIT ( * ) PLANE_ANGLE_UNIT ( ) SI_UNIT ( $, .RADIAN. ) );
#6916 = CARTESIAN_POINT ( 'NONE',  ( 173.0990503407404333, 18.00000000000299849, -9.990000000000000213 ) ) ;
#6917 = EDGE_LOOP ( 'NONE', ( #2856, #228, #9057, #2855 ) ) ;
#6918 = VERTEX_POINT ( 'NONE', #6916 ) ;
#6919 = CARTESIAN_POINT ( 'NONE',  ( 283.2529014557584333, 17.95283138928900968, -9.952831389285865527 ) ) ;
#6920 = ORIENTED_EDGE ( 'NONE', *, *, #1286, .T. ) ;
#6921 = CARTESIAN_POINT ( 'NONE',  ( 161.9286036963270874, 11.24999999999624833, -0.004142135623730543691 ) ) ;
#6922 = DIRECTION ( 'NONE',  ( 0.000000000000000000, -1.000000000000000000, -0.000000000000000000 ) ) ;
#6923 = VECTOR ( 'NONE', #2806, 1000.000000000000000 ) ;
#6924 = CARTESIAN_POINT ( 'NONE',  ( 88.28573026705936400, 17.99749619996246253, -10.00000000000000000 ) ) ;
#6925 =( BOUNDED_CURVE ( )  B_SPLINE_CURVE ( 3, ( #8165, #6721, #4571, #6075 ),
 .UNSPECIFIED., .F., .T. ) 
 B_SPLINE_CURVE_WITH_KNOTS ( ( 4, 4 ),
 ( 0.000000000000000000, 1.570796326794679620 ),
 .UNSPECIFIED. ) 
 CURVE ( )  GEOMETRIC_REPRESENTATION_ITEM ( )  RATIONAL_B_SPLINE_CURVE ( ( 1.000000000000000000, 0.8047378541244161188, 0.8047378541244161188, 1.000000000000000000 ) ) 
 REPRESENTATION_ITEM ( '' )  );
#6926 = CARTESIAN_POINT ( 'NONE',  ( 39.40649034620452085, 11.24999999999624833, -9.990000000000000213 ) ) ;
#6927 = DIRECTION ( 'NONE',  ( 0.000000000000000000, 0.000000000000000000, 1.000000000000000000 ) ) ;
#6928 = ORIENTED_EDGE ( 'NONE', *, *, #8656, .T. ) ;
#6929 = EDGE_LOOP ( 'NONE', ( #7465, #5965, #2971, #8817 ) ) ;
#6930 = CARTESIAN_POINT ( 'NONE',  ( 182.5238282907498331, 18.00000000000299849, -9.990000000000000213 ) ) ;
#6931 = DIRECTION ( 'NONE',  ( -1.000000000000000000, 0.000000000000000000, 0.000000000000000000 ) ) ;
#6932 = ORIENTED_EDGE ( 'NONE', *, *, #5381, .T. ) ;
#6933 = CARTESIAN_POINT ( 'NONE',  ( 220.2229400907875174, 18.00000000000299849, -0.009999999999999592548 ) ) ;
#6934 = VECTOR ( 'NONE', #6585, 1000.000000000000000 ) ;
#6935 = VECTOR ( 'NONE', #4423, 1000.000000000000000 ) ;
#6936 = CARTESIAN_POINT ( 'NONE',  ( 62.51265558221675889, 17.99000000000300048, -10.00000000000000000 ) ) ;
#6937 = CYLINDRICAL_SURFACE ( 'NONE', #8176, 0.009999999999993465505 ) ;
#6938 = AXIS2_PLACEMENT_3D ( 'NONE', #4772, #8467, #9351 ) ;
#6939 = LINE ( 'NONE', #6040, #4719 ) ;
#6940 = VECTOR ( 'NONE', #754, 1000.000000000000000 ) ;
#6941 = LINE ( 'NONE', #9266, #5396 ) ;
#6942 = ORIENTED_EDGE ( 'NONE', *, *, #2359, .F. ) ;
#6943 = VERTEX_POINT ( 'NONE', #7800 ) ;
#6944 = EDGE_CURVE ( 'NONE', #6779, #1504, #9231, .T. ) ;
#6945 = EDGE_CURVE ( 'NONE', #8347, #5374, #2984, .T. ) ;
#6946 = CARTESIAN_POINT ( 'NONE',  ( 41.16184051701226565, 17.99749619996245897, -10.00000000000000000 ) ) ;
#6947 = CARTESIAN_POINT ( 'NONE',  ( 241.5911794596742368, 18.00000000000299849, -0.01000000000000000021 ) ) ;
#6948 = EDGE_CURVE ( 'NONE', #2797, #7227, #5564, .T. ) ;
#6949 = EDGE_LOOP ( 'NONE', ( #9081, #3454, #5180, #5712 ) ) ;
#6950 = ORIENTED_EDGE ( 'NONE', *, *, #8947, .F. ) ;
#6951 = EDGE_CURVE ( 'NONE', #792, #1257, #9293, .T. ) ;
#6952 = DIRECTION ( 'NONE',  ( 1.000000000000000000, 0.000000000000000000, 0.000000000000000000 ) ) ;
#6953 = ORIENTED_EDGE ( 'NONE', *, *, #4511, .F. ) ;
#6954 = DIRECTION ( 'NONE',  ( -0.000000000000000000, -0.000000000000000000, 1.000000000000000000 ) ) ;
#6955 =( BOUNDED_CURVE ( )  B_SPLINE_CURVE ( 3, ( #1005, #1149, #5694, #1709 ),
 .UNSPECIFIED., .F., .F. ) 
 B_SPLINE_CURVE_WITH_KNOTS ( ( 4, 4 ),
 ( 3.141592653589793116, 4.712388980384798032 ),
 .UNSPECIFIED. ) 
 CURVE ( )  GEOMETRIC_REPRESENTATION_ITEM ( )  RATIONAL_B_SPLINE_CURVE ( ( 1.000000000000000000, 0.8047378541243395134, 0.8047378541243395134, 1.000000000000000000 ) ) 
 REPRESENTATION_ITEM ( '' )  );
#6956 = CARTESIAN_POINT ( 'NONE',  ( 116.5666330037302885, 18.02289619996245307, -0.009999999999999592548 ) ) ;
#6957 = ORIENTED_EDGE ( 'NONE', *, *, #3849, .F. ) ;
#6958 = CARTESIAN_POINT ( 'NONE',  ( 182.5335097671536460, 17.99749619996245187, -10.00000000000000000 ) ) ;
#6959 = CARTESIAN_POINT ( 'NONE',  ( 139.6642907039744728, 11.24999999999624656, -0.004142135623730242716 ) ) ;
#6960 = EDGE_CURVE ( 'NONE', #8778, #1879, #7441, .T. ) ;
#6961 = CARTESIAN_POINT ( 'NONE',  ( 41.15536622467831052, 17.99585786437927126, 2.039059010068051210E-16 ) ) ;
#6962 = DIRECTION ( 'NONE',  ( -0.000000000000000000, -0.000000000000000000, 1.000000000000000000 ) ) ;
#6963 = CARTESIAN_POINT ( 'NONE',  ( 282.9972739408158304, 17.99000000000300048, -9.990000000000000213 ) ) ;
#6964 = CARTESIAN_POINT ( 'NONE',  ( 185.0347689323392899, 17.99000000000300048, 0.000000000000000000 ) ) ;
#6965 = ORIENTED_EDGE ( 'NONE', *, *, #8703, .F. ) ;
#6966 = VERTEX_POINT ( 'NONE', #3249 ) ;
#6967 = EDGE_CURVE ( 'NONE', #1309, #7568, #6757, .T. ) ;
#6968 = DIRECTION ( 'NONE',  ( -1.000000000000000000, 0.000000000000000000, 0.000000000000000000 ) ) ;
#6969 = ORIENTED_EDGE ( 'NONE', *, *, #3083, .T. ) ;
#6970 = CARTESIAN_POINT ( 'NONE',  ( 114.8124567735582957, 11.23999999999624855, -10.00000000000000000 ) ) ;
#6971 = DIRECTION ( 'NONE',  ( -1.000000000000000000, 0.000000000000000000, 0.000000000000000000 ) ) ;
#6972 = CYLINDRICAL_SURFACE ( 'NONE', #1907, 0.01000000000000105319 ) ;
#6973 = ADVANCED_FACE ( 'NONE', ( #1634 ), #7652, .T. ) ;
#6974 = DIRECTION ( 'NONE',  ( -0.2503800040544349459, -0.9681476403781095197, 0.000000000000000000 ) ) ;
#6975 = PLANE ( 'NONE',  #8306 ) ;
#6976 = DIRECTION ( 'NONE',  ( 0.000000000000000000, 1.000000000000000000, 0.000000000000000000 ) ) ;
#6977 = ORIENTED_EDGE ( 'NONE', *, *, #7196, .F. ) ;
#6978 = ORIENTED_EDGE ( 'NONE', *, *, #208, .T. ) ;
#6979 = DIRECTION ( 'NONE',  ( 0.000000000000000000, 0.000000000000000000, -1.000000000000000000 ) ) ;
#6980 = DIRECTION ( 'NONE',  ( 0.000000000000000000, 0.000000000000000000, 1.000000000000000000 ) ) ;
#6981 = ORIENTED_EDGE ( 'NONE', *, *, #4809, .F. ) ;
#6982 = EDGE_CURVE ( 'NONE', #1349, #5026, #3105, .T. ) ;
#6983 = CARTESIAN_POINT ( 'NONE',  ( 143.0822549803780248, 11.24585786437252466, -9.999999999999992895 ) ) ;
#6984 = CARTESIAN_POINT ( 'NONE',  ( 29.74806840058328561, 10.30662641099057097, 0.000000000000000000 ) ) ;
#6985 = DIRECTION ( 'NONE',  ( 0.000000000000000000, 1.000000000000000000, 0.000000000000000000 ) ) ;
#6986 = VECTOR ( 'NONE', #4245, 1000.000000000000000 ) ;
#6987 = FACE_OUTER_BOUND ( 'NONE', #3487, .T. ) ;
#6988 = CARTESIAN_POINT ( 'NONE',  ( -206.0000000000000284, -83.00000000000000000, -10.00000000000000000 ) ) ;
#6989 = CARTESIAN_POINT ( 'NONE',  ( 0.000000000000000000, 18.00000000000299849, -10.00000000000000000 ) ) ;
#6990 = ORIENTED_EDGE ( 'NONE', *, *, #369, .T. ) ;
#6991 = ORIENTED_EDGE ( 'NONE', *, *, #6686, .T. ) ;
#6992 = CARTESIAN_POINT ( 'NONE',  ( 205.6377363540404986, 11.24999999999624833, -0.009999999999999592548 ) ) ;
#6993 = VECTOR ( 'NONE', #2679, 1000.000000000000000 ) ;
#6994 = DIRECTION ( 'NONE',  ( 1.000000000000000000, 0.000000000000000000, 0.000000000000000000 ) ) ;
#6995 =( BOUNDED_CURVE ( )  B_SPLINE_CURVE ( 3, ( #38, #3099, #9832, #9035 ),
 .UNSPECIFIED., .F., .T. ) 
 B_SPLINE_CURVE_WITH_KNOTS ( ( 4, 4 ),
 ( 3.141592653589793116, 4.712388980384689674 ),
 .UNSPECIFIED. ) 
 CURVE ( )  GEOMETRIC_REPRESENTATION_ITEM ( )  RATIONAL_B_SPLINE_CURVE ( ( 1.000000000000000000, 0.8047378541243649375, 0.8047378541243649375, 1.000000000000000000 ) ) 
 REPRESENTATION_ITEM ( '' )  );
#6996 = EDGE_CURVE ( 'NONE', #8108, #6472, #7605, .T. ) ;
#6997 = ORIENTED_EDGE ( 'NONE', *, *, #2659, .T. ) ;
#6998 = VERTEX_POINT ( 'NONE', #6964 ) ;
#6999 = VECTOR ( 'NONE', #7957, 1000.000000000000000 ) ;
#7000 = DIRECTION ( 'NONE',  ( 0.000000000000000000, 1.000000000000000000, 0.000000000000000000 ) ) ;
#7001 = ORIENTED_EDGE ( 'NONE', *, *, #3946, .T. ) ;
#7002 = CARTESIAN_POINT ( 'NONE',  ( 167.9308817267243796, 11.23999999999625032, -10.00000000000000000 ) ) ;
#7003 = EDGE_CURVE ( 'NONE', #4269, #2908, #172, .T. ) ;
#7004 = DIRECTION ( 'NONE',  ( 0.000000000000000000, 0.000000000000000000, -1.000000000000000000 ) ) ;
#7005 = EDGE_LOOP ( 'NONE', ( #6639, #8245, #3183, #2270 ) ) ;
#7006 = CARTESIAN_POINT ( 'NONE',  ( 119.0690661095517271, 18.00000000000300204, -9.995857864376269220 ) ) ;
#7007 = DIRECTION ( 'NONE',  ( 0.000000000000000000, -0.000000000000000000, 1.000000000000000000 ) ) ;
#7008 = DIRECTION ( 'NONE',  ( 0.2503800040544349459, -0.9681476403781095197, -0.000000000000000000 ) ) ;
#7009 = CARTESIAN_POINT ( 'NONE',  ( 283.4972739408158304, 17.50000000000299849, -0.5000000000000003331 ) ) ;
#7010 = ADVANCED_FACE ( 'NONE', ( #6256 ), #5412, .T. ) ;
#7011 = DIRECTION ( 'NONE',  ( -1.000000000000000000, -0.000000000000000000, 0.000000000000000000 ) ) ;
#7012 = ORIENTED_EDGE ( 'NONE', *, *, #3841, .F. ) ;
#7013 = EDGE_LOOP ( 'NONE', ( #1627, #935, #7277, #9319 ) ) ;
#7014 = CYLINDRICAL_SURFACE ( 'NONE', #2447, 0.009999999999999998473 ) ;
#7015 = VERTEX_POINT ( 'NONE', #9334 ) ;
#7016 = CARTESIAN_POINT ( 'NONE',  ( 158.5138466039933860, 11.24999999999624478, -0.004142135623734271611 ) ) ;
#7017 = EDGE_CURVE ( 'NONE', #5996, #1866, #2487, .T. ) ;
#7018 = DIRECTION ( 'NONE',  ( 0.2503800040544349459, -0.9681476403781095197, 0.000000000000000000 ) ) ;
#7019 = DIRECTION ( 'NONE',  ( 0.9681476403780955309, -0.2503800040544887362, 0.000000000000000000 ) ) ;
#7020 = CARTESIAN_POINT ( 'NONE',  ( 218.4772713963835713, 11.24999999999624833, -9.990000000000000213 ) ) ;
#7021 = EDGE_CURVE ( 'NONE', #8086, #6031, #8449, .T. ) ;
#7022 = DIRECTION ( 'NONE',  ( -1.000000000000000000, 1.460819769243627131E-16, 0.000000000000000000 ) ) ;
#7023 = FACE_OUTER_BOUND ( 'NONE', #5001, .T. ) ;
#7024 = ORIENTED_EDGE ( 'NONE', *, *, #2353, .F. ) ;
#7025 = ORIENTED_EDGE ( 'NONE', *, *, #2023, .F. ) ;
#7026 = CARTESIAN_POINT ( 'NONE',  ( 126.9213780433364178, -14.82410019268448664, -9.990000000000000213 ) ) ;
#7027 = CARTESIAN_POINT ( 'NONE',  ( -198.0000000000000000, -83.00000000000000000, -9.990000000000000213 ) ) ;
#7028 = AXIS2_PLACEMENT_3D ( 'NONE', #4383, #6730, #2978 ) ;
#7029 = AXIS2_PLACEMENT_3D ( 'NONE', #8816, #5048, #7326 ) ;
#7030 = ORIENTED_EDGE ( 'NONE', *, *, #157, .F. ) ;
#7031 = DIRECTION ( 'NONE',  ( 1.000000000000000000, -0.000000000000000000, -0.000000000000000000 ) ) ;
#7032 = CARTESIAN_POINT ( 'NONE',  ( 100.2117673822544646, 17.99000000000300048, -10.00000000000000000 ) ) ;
#7033 = VECTOR ( 'NONE', #6412, 1000.000000000000000 ) ;
#7034 = VECTOR ( 'NONE', #5329, 1000.000000000000000 ) ;
#7035 = CARTESIAN_POINT ( 'NONE',  ( 283.4972739407151607, 0.3704187517149640230, -0.3704187517149640230 ) ) ;
#7036 = CARTESIAN_POINT ( 'NONE',  ( 180.7781595963458869, 11.24999999999624833, -10.00000000000000000 ) ) ;
#7037 = CARTESIAN_POINT ( 'NONE',  ( 0.000000000000000000, 17.99000000000300048, -0.01000000000000000021 ) ) ;
#7038 = LINE ( 'NONE', #269, #5869 ) ;
#7039 = ORIENTED_EDGE ( 'NONE', *, *, #8999, .F. ) ;
#7040 = AXIS2_PLACEMENT_3D ( 'NONE', #9652, #5882, #8333 ) ;
#7041 = CARTESIAN_POINT ( 'NONE',  ( 208.7682370861742527, 71.99113716546567332, 0.000000000000000000 ) ) ;
#7042 = VECTOR ( 'NONE', #9541, 1000.000000000000000 ) ;
#7043 = AXIS2_PLACEMENT_3D ( 'NONE', #5297, #1464, #7586 ) ;
#7044 = ORIENTED_EDGE ( 'NONE', *, *, #2289, .T. ) ;
#7045 = ORIENTED_EDGE ( 'NONE', *, *, #5893, .T. ) ;
#7046 = CARTESIAN_POINT ( 'NONE',  ( 35.98852606980103275, 11.24585786437251755, 2.046232824926288202E-16 ) ) ;
#7047 = VERTEX_POINT ( 'NONE', #2743 ) ;
#7048 = CARTESIAN_POINT ( 'NONE',  ( 182.5315711180282960, 17.99000000000300048, -10.00000000000000000 ) ) ;
#7049 = LINE ( 'NONE', #5361, #5315 ) ;
#7050 = ORIENTED_EDGE ( 'NONE', *, *, #1410, .F. ) ;
#7051 = FACE_OUTER_BOUND ( 'NONE', #6838, .T. ) ;
#7052 =( BOUNDED_CURVE ( )  B_SPLINE_CURVE ( 3, ( #4335, #8677, #7367, #1817 ),
 .UNSPECIFIED., .F., .T. ) 
 B_SPLINE_CURVE_WITH_KNOTS ( ( 4, 4 ),
 ( 0.000000000000000000, 1.570796326794679620 ),
 .UNSPECIFIED. ) 
 CURVE ( )  GEOMETRIC_REPRESENTATION_ITEM ( )  RATIONAL_B_SPLINE_CURVE ( ( 1.000000000000000000, 0.8047378541244161188, 0.8047378541244161188, 1.000000000000000000 ) ) 
 REPRESENTATION_ITEM ( '' )  );
#7053 = CARTESIAN_POINT ( 'NONE',  ( 67.68856702351121157, 11.23999999999625210, -10.00000000000000000 ) ) ;
#7054 = DIRECTION ( 'NONE',  ( 0.000000000000000000, 0.000000000000000000, -1.000000000000000000 ) ) ;
#7055 = EDGE_CURVE ( 'NONE', #7227, #3963, #2656, .T. ) ;
#7056 = CARTESIAN_POINT ( 'NONE',  ( -206.0100000000000193, 107.0000000000000000, 0.000000000000000000 ) ) ;
#7057 = DIRECTION ( 'NONE',  ( -0.2503800040544349459, -0.9681476403781095197, 0.000000000000000000 ) ) ;
#7058 = ORIENTED_EDGE ( 'NONE', *, *, #4894, .F. ) ;
#7059 = ORIENTED_EDGE ( 'NONE', *, *, #8230, .T. ) ;
#7060 = CARTESIAN_POINT ( 'NONE',  ( 283.4433873497861214, 17.76099337221922170, -9.755773504771378057 ) ) ;
#7061 = ORIENTED_EDGE ( 'NONE', *, *, #9425, .T. ) ;
#7062 = DIRECTION ( 'NONE',  ( 0.9681476403781390516, -0.2503800040543205374, 0.000000000000000000 ) ) ;
#7063 = CARTESIAN_POINT ( 'NONE',  ( 237.3268272964024277, 11.24999999999624833, -10.00000000000000000 ) ) ;
#7064 = LINE ( 'NONE', #196, #5611 ) ;
#7065 = DIRECTION ( 'NONE',  ( 0.2503800040544349459, -0.9681476403781095197, 0.000000000000000000 ) ) ;
#7066 = EDGE_CURVE ( 'NONE', #4976, #124, #7905, .T. ) ;
#7067 = DIRECTION ( 'NONE',  ( -0.000000000000000000, -0.000000000000000000, 1.000000000000000000 ) ) ;
#7068 = ADVANCED_FACE ( 'NONE', ( #2640 ), #1028, .F. ) ;
#7069 = DIRECTION ( 'NONE',  ( -0.2503800040544349459, -0.9681476403781095197, 0.000000000000000000 ) ) ;
#7070 = LINE ( 'NONE', #2401, #3886 ) ;
#7071 = ORIENTED_EDGE ( 'NONE', *, *, #2531, .F. ) ;
#7072 = ORIENTED_EDGE ( 'NONE', *, *, #6825, .T. ) ;
#7073 = LINE ( 'NONE', #7815, #5669 ) ;
#7074 = DIRECTION ( 'NONE',  ( -1.000000000000000000, 0.000000000000000000, 0.000000000000000000 ) ) ;
#7075 = EDGE_LOOP ( 'NONE', ( #1127, #5254, #993, #2436 ) ) ;
#7076 = VECTOR ( 'NONE', #5584, 1000.000000000000000 ) ;
#7077 = EDGE_CURVE ( 'NONE', #3774, #3901, #8051, .T. ) ;
#7078 = ORIENTED_EDGE ( 'NONE', *, *, #26, .T. ) ;
#7079 = DIRECTION ( 'NONE',  ( 1.000000000000000000, 0.000000000000000000, 0.000000000000000000 ) ) ;
#7080 =( BOUNDED_CURVE ( )  B_SPLINE_CURVE ( 3, ( #575, #3650, #3603, #2021 ),
 .UNSPECIFIED., .F., .F. ) 
 B_SPLINE_CURVE_WITH_KNOTS ( ( 4, 4 ),
 ( 3.141592653589813544, 4.712388980385144421 ),
 .UNSPECIFIED. ) 
 CURVE ( )  GEOMETRIC_REPRESENTATION_ITEM ( )  RATIONAL_B_SPLINE_CURVE ( ( 1.000000000000000000, 0.8047378541242626859, 0.8047378541242626859, 1.000000000000000000 ) ) 
 REPRESENTATION_ITEM ( '' )  );
#7081 = DIRECTION ( 'NONE',  ( 0.000000000000000000, -0.000000000000000000, 1.000000000000000000 ) ) ;
#7082 = VECTOR ( 'NONE', #3780, 1000.000000000000000 ) ;
#7083 = ADVANCED_FACE ( 'NONE', ( #9522 ), #5710, .T. ) ;
#7084 = CYLINDRICAL_SURFACE ( 'NONE', #9444, 0.009999999999999592548 ) ;
#7085 = CARTESIAN_POINT ( 'NONE',  ( 62.51382952285254646, 18.02540000000299969, -10.00000000000000000 ) ) ;
#7086 = LINE ( 'NONE', #6331, #2437 ) ;
#7087 = DIRECTION ( 'NONE',  ( 4.382459307730881392E-16, 1.000000000000000000, -0.000000000000000000 ) ) ;
#7088 = CARTESIAN_POINT ( 'NONE',  ( 111.5949274434212271, 46.86041056179064412, -0.01000000000000000021 ) ) ;
#7089 = ADVANCED_FACE ( 'NONE', ( #8733 ), #4810, .F. ) ;
#7090 = ORIENTED_EDGE ( 'NONE', *, *, #5625, .T. ) ;
#7091 = AXIS2_PLACEMENT_3D ( 'NONE', #3938, #6332, #7932 ) ;
#7092 = DIRECTION ( 'NONE',  ( -1.000000000000000000, 0.000000000000000000, 0.000000000000000000 ) ) ;
#7093 = FACE_OUTER_BOUND ( 'NONE', #5467, .T. ) ;
#7094 = VECTOR ( 'NONE', #3720, 1000.000000000000000 ) ;
#7095 = ORIENTED_EDGE ( 'NONE', *, *, #4321, .F. ) ;
#7096 = ORIENTED_EDGE ( 'NONE', *, *, #322, .F. ) ;
#7097 = DIRECTION ( 'NONE',  ( -0.2503800040544349459, 0.9681476403781095197, 0.000000000000000000 ) ) ;
#7098 = LINE ( 'NONE', #9377, #2172 ) ;
#7099 = ORIENTED_EDGE ( 'NONE', *, *, #7196, .T. ) ;
#7100 = CARTESIAN_POINT ( 'NONE',  ( -180.0099999999999909, 107.0000000000000000, 0.000000000000000000 ) ) ;
#7101 = AXIS2_PLACEMENT_3D ( 'NONE', #2973, #1392, #5982 ) ;
#7102 = AXIS2_PLACEMENT_3D ( 'NONE', #2841, #8918, #5152 ) ;
#7103 = EDGE_CURVE ( 'NONE', #8919, #3384, #2539, .T. ) ;
#7104 = CARTESIAN_POINT ( 'NONE',  ( 41.15215904060848118, 18.00000000000299849, -9.995857864376265667 ) ) ;
#7105 = DIRECTION ( 'NONE',  ( 0.000000000000000000, 0.000000000000000000, -1.000000000000000000 ) ) ;
#7106 = LINE ( 'NONE', #8002, #5340 ) ;
#7107 = VERTEX_POINT ( 'NONE', #287 ) ;
#7108 = ORIENTED_EDGE ( 'NONE', *, *, #4376, .T. ) ;
#7109 = LINE ( 'NONE', #4813, #5510 ) ;
#7110 = ORIENTED_EDGE ( 'NONE', *, *, #2164, .F. ) ;
#7111 = FACE_OUTER_BOUND ( 'NONE', #8767, .T. ) ;
#7112 = CARTESIAN_POINT ( 'NONE',  ( 243.3368481540782113, 11.24999999999624833, -10.00000000000000000 ) ) ;
#7113 = DIRECTION ( 'NONE',  ( -0.9681476403780520101, 0.2503800040546569350, 0.000000000000000000 ) ) ;
#7114 = DIRECTION ( 'NONE',  ( 0.2503800040544349459, -0.9681476403781095197, 0.000000000000000000 ) ) ;
#7115 = CARTESIAN_POINT ( 'NONE',  ( 194.4672897096271242, 18.00000000000299849, -0.009999999999999592548 ) ) ;
#7116 = CARTESIAN_POINT ( 'NONE',  ( 71.93743353222620840, 17.99000000000300048, -10.00000000000000000 ) ) ;
#7117 = DIRECTION ( 'NONE',  ( 1.000000000000000000, 0.000000000000000000, 0.000000000000000000 ) ) ;
#7118 = VERTEX_POINT ( 'NONE', #1877 ) ;
#7119 = ORIENTED_EDGE ( 'NONE', *, *, #9068, .T. ) ;
#7120 = EDGE_CURVE ( 'NONE', #7919, #4144, #2688, .T. ) ;
#7121 = DIRECTION ( 'NONE',  ( 0.000000000000000000, 0.000000000000000000, 1.000000000000000000 ) ) ;
#7122 = CYLINDRICAL_SURFACE ( 'NONE', #682, 0.009999999999999592548 ) ;
#7123 = VERTEX_POINT ( 'NONE', #389 ) ;
#7124 = ORIENTED_EDGE ( 'NONE', *, *, #2612, .F. ) ;
#7125 = EDGE_CURVE ( 'NONE', #7794, #6998, #1178, .T. ) ;
#7126 = CARTESIAN_POINT ( 'NONE',  ( 158.5061037767149799, 11.23999999999625032, -10.00000000000000000 ) ) ;
#7127 = CARTESIAN_POINT ( 'NONE',  ( 283.2901671596292204, 17.99000000000299693, -10.00000000000000000 ) ) ;
#7128 = EDGE_CURVE ( 'NONE', #259, #6512, #3397, .T. ) ;
#7129 = CYLINDRICAL_SURFACE ( 'NONE', #3040, 0.009999999999999998473 ) ;
#7130 = EDGE_CURVE ( 'NONE', #9508, #2692, #7106, .T. ) ;
#7131 = LINE ( 'NONE', #7882, #8370 ) ;
#7132 = DIRECTION ( 'NONE',  ( -1.000000000000000000, 0.000000000000000000, 0.000000000000000000 ) ) ;
#7133 = ORIENTED_EDGE ( 'NONE', *, *, #6996, .F. ) ;
#7134 = ADVANCED_FACE ( 'NONE', ( #9435 ), #2591, .T. ) ;
#7135 = DIRECTION ( 'NONE',  ( 1.000000000000000000, -0.000000000000000000, 0.000000000000000000 ) ) ;
#7136 = CARTESIAN_POINT ( 'NONE',  ( 144.5892525238369615, -19.39332321153449357, -9.990000000000000213 ) ) ;
#7137 = ORIENTED_EDGE ( 'NONE', *, *, #420, .T. ) ;
#7138 = EDGE_CURVE ( 'NONE', #6782, #4106, #1929, .T. ) ;
#7139 = ORIENTED_EDGE ( 'NONE', *, *, #3824, .F. ) ;
#7140 = ORIENTED_EDGE ( 'NONE', *, *, #4170, .F. ) ;
#7141 = DIRECTION ( 'NONE',  ( 0.000000000000000000, -1.000000000000000000, -0.000000000000000000 ) ) ;
#7142 = LINE ( 'NONE', #1677, #113 ) ;
#7143 = CYLINDRICAL_SURFACE ( 'NONE', #5327, 0.009999999999994334601 ) ;
#7144 = EDGE_LOOP ( 'NONE', ( #2707, #1487, #6789, #771 ) ) ;
#7145 = FACE_OUTER_BOUND ( 'NONE', #5452, .T. ) ;
#7146 = DIRECTION ( 'NONE',  ( -0.9681476403781095197, -0.2503800040544349459, 0.000000000000000000 ) ) ;
#7147 = DIRECTION ( 'NONE',  ( 0.000000000000000000, 1.000000000000000000, 0.000000000000000000 ) ) ;
#7148 = AXIS2_PLACEMENT_3D ( 'NONE', #7610, #3870, #3157 ) ;
#7149 = DIRECTION ( 'NONE',  ( -1.000000000000000000, -0.000000000000000000, -0.000000000000000000 ) ) ;
#7150 = EDGE_CURVE ( 'NONE', #1803, #5773, #1074, .T. ) ;
#7151 = EDGE_LOOP ( 'NONE', ( #2945, #6997, #6611, #2156 ) ) ;
#7152 = ORIENTED_EDGE ( 'NONE', *, *, #3107, .F. ) ;
#7153 = CARTESIAN_POINT ( 'NONE',  ( 173.4324881251731654, 62.85269112776567368, -0.01000000000000000021 ) ) ;
#7154 = EDGE_LOOP ( 'NONE', ( #5618, #1649, #2259, #8110 ) ) ;
#7155 = CARTESIAN_POINT ( 'NONE',  ( -189.9999999999999432, 0.000000000000000000, -10.00000000000000000 ) ) ;
#7156 = FACE_OUTER_BOUND ( 'NONE', #5113, .T. ) ;
#7157 = CARTESIAN_POINT ( 'NONE',  ( 196.2129584040309567, 11.24999999999625366, -0.004142135623733264604 ) ) ;
#7158 = DIRECTION ( 'NONE',  ( 0.000000000000000000, -0.000000000000000000, 1.000000000000000000 ) ) ;
#7159 = CARTESIAN_POINT ( 'NONE',  ( 0.000000000000000000, 17.99000000000300048, -9.990000000000000213 ) ) ;
#7160 = ADVANCED_FACE ( 'NONE', ( #7243 ), #4159, .T. ) ;
#7161 = CARTESIAN_POINT ( 'NONE',  ( 156.7604350823110337, 17.99000000000299693, -10.00000000000000000 ) ) ;
#7162 = ORIENTED_EDGE ( 'NONE', *, *, #2729, .T. ) ;
#7163 = ORIENTED_EDGE ( 'NONE', *, *, #4568, .T. ) ;
#7164 = CARTESIAN_POINT ( 'NONE',  ( -216.0000000000000284, -83.00000000000000000, -0.009999999999999592548 ) ) ;
#7165 = EDGE_LOOP ( 'NONE', ( #4646, #7802, #1553, #1892 ) ) ;
#7166 = ORIENTED_EDGE ( 'NONE', *, *, #5920, .F. ) ;
#7167 = DIRECTION ( 'NONE',  ( 0.000000000000000000, 0.000000000000000000, 1.000000000000000000 ) ) ;
#7168 = DIRECTION ( 'NONE',  ( -1.000000000000000000, -0.000000000000000000, -0.000000000000000000 ) ) ;
#7169 = ADVANCED_FACE ( 'NONE', ( #2792 ), #9822, .F. ) ;
#7170 = CARTESIAN_POINT ( 'NONE',  ( 116.5503826406838783, 18.00000000000299849, -10.00000000000000000 ) ) ;
#7171 = LINE ( 'NONE', #3173, #5020 ) ;
#7172 = DIRECTION ( 'NONE',  ( 1.000000000000000000, -0.000000000000000000, 0.000000000000000000 ) ) ;
#7173 = CARTESIAN_POINT ( 'NONE',  ( 0.000000000000000000, 17.99000000000300048, -9.990000000000000213 ) ) ;
#7174 = CARTESIAN_POINT ( 'NONE',  ( 199.6277154963647149, 11.23999999999625032, -0.009999999999999592548 ) ) ;
#7175 = EDGE_LOOP ( 'NONE', ( #9420, #7894, #9746, #7939 ) ) ;
#7176 = AXIS2_PLACEMENT_3D ( 'NONE', #2752, #6508, #9529 ) ;
#7177 = CARTESIAN_POINT ( 'NONE',  ( 143.0790477963081742, 11.24999999999624833, -10.00000000000000000 ) ) ;
#7178 = EDGE_CURVE ( 'NONE', #721, #7400, #2018, .T. ) ;
#7179 = CARTESIAN_POINT ( 'NONE',  ( 7.709656576564182018, 11.23999999999625032, 0.000000000000000000 ) ) ;
#7180 = ORIENTED_EDGE ( 'NONE', *, *, #4809, .T. ) ;
#7181 = EDGE_CURVE ( 'NONE', #4258, #3485, #5248, .T. ) ;
#7182 = DIRECTION ( 'NONE',  ( -1.000000000000000000, 0.000000000000000000, 0.000000000000000000 ) ) ;
#7183 = AXIS2_PLACEMENT_3D ( 'NONE', #5935, #2822, #4478 ) ;
#7184 = ORIENTED_EDGE ( 'NONE', *, *, #6767, .F. ) ;
#7185 = ORIENTED_EDGE ( 'NONE', *, *, #9198, .F. ) ;
#7186 = AXIS2_PLACEMENT_3D ( 'NONE', #1684, #4061, #7105 ) ;
#7187 = CYLINDRICAL_SURFACE ( 'NONE', #5197, 0.009999999999999592548 ) ;
#7188 = ORIENTED_EDGE ( 'NONE', *, *, #8947, .T. ) ;
#7189 = LINE ( 'NONE', #2425, #1564 ) ;
#7190 = CARTESIAN_POINT ( 'NONE',  ( 156.7681779095894115, 18.00000000000299494, -0.004142135623734980246 ) ) ;
#7191 = ORIENTED_EDGE ( 'NONE', *, *, #8721, .F. ) ;
#7192 = EDGE_CURVE ( 'NONE', #7954, #4976, #915, .T. ) ;
#7193 = EDGE_CURVE ( 'NONE', #9249, #9016, #3548, .T. ) ;
#7194 = DIRECTION ( 'NONE',  ( 0.2503800040544349459, 0.9681476403781095197, 0.000000000000000000 ) ) ;
#7195 = CARTESIAN_POINT ( 'NONE',  ( 161.9286036963270305, 11.23999999999625032, -0.009999999999999592548 ) ) ;
#7196 = EDGE_CURVE ( 'NONE', #2642, #2756, #624, .T. ) ;
#7197 = DIRECTION ( 'NONE',  ( -1.000000000000000000, -0.000000000000000000, -0.000000000000000000 ) ) ;
#7198 = CARTESIAN_POINT ( 'NONE',  ( 0.000000000000000000, 11.23999999999625032, -9.990000000000000213 ) ) ;
#7199 = ORIENTED_EDGE ( 'NONE', *, *, #5838, .T. ) ;
#7200 = CARTESIAN_POINT ( 'NONE',  ( 154.2494944407215769, 18.00000000000299494, -0.004142135623730637366 ) ) ;
#7201 = ORIENTED_EDGE ( 'NONE', *, *, #8288, .T. ) ;
#7202 = CARTESIAN_POINT ( 'NONE',  ( 5.965161822796003932, 18.02540000000299969, -10.00000000000000000 ) ) ;
#7203 = CARTESIAN_POINT ( 'NONE',  ( 156.7604350823110337, 17.99000000000299693, -10.00000000000000000 ) ) ;
#7204 = LINE ( 'NONE', #5809, #467 ) ;
#7205 = CARTESIAN_POINT ( 'NONE',  ( 101.9574360766584107, 11.23999999999625032, -10.00000000000000000 ) ) ;
#7206 = DIRECTION ( 'NONE',  ( 0.000000000000000000, 0.000000000000000000, 1.000000000000000000 ) ) ;
#7207 = CARTESIAN_POINT ( 'NONE',  ( 237.3345701236808623, 11.23999999999625032, 0.000000000000000000 ) ) ;
#7208 = ORIENTED_EDGE ( 'NONE', *, *, #1118, .F. ) ;
#7209 = ORIENTED_EDGE ( 'NONE', *, *, #6960, .F. ) ;
#7210 = CARTESIAN_POINT ( 'NONE',  ( 7.709656576564182018, 11.23999999999625032, -10.00000000000000000 ) ) ;
#7211 = EDGE_LOOP ( 'NONE', ( #7529, #8545, #4027, #1537 ) ) ;
#7212 = EDGE_LOOP ( 'NONE', ( #8248, #9792, #3947, #5373 ) ) ;
#7213 = DIRECTION ( 'NONE',  ( 0.000000000000000000, 0.000000000000000000, -1.000000000000000000 ) ) ;
#7214 = EDGE_CURVE ( 'NONE', #3901, #6863, #4495, .T. ) ;
#7215 = CARTESIAN_POINT ( 'NONE',  ( 67.68082419623279122, 11.24999999999624833, -0.009999999999999592548 ) ) ;
#7216 = VECTOR ( 'NONE', #2195, 1000.000000000000000 ) ;
#7217 = DIRECTION ( 'NONE',  ( 1.000000000000000000, 0.000000000000000000, 0.000000000000000000 ) ) ;
#7218 = CARTESIAN_POINT ( 'NONE',  ( 17.14217735385202701, 11.24999999999624833, -9.990000000000000213 ) ) ;
#7219 = DIRECTION ( 'NONE',  ( 0.000000000000000000, 0.000000000000000000, 1.000000000000000000 ) ) ;
#7220 = CARTESIAN_POINT ( 'NONE',  ( 43.66427362283370428, 18.02540000000299969, -0.009999999999999592548 ) ) ;
#7221 = CARTESIAN_POINT ( 'NONE',  ( 67.68082419623279122, 11.24999999999624833, -10.00000000000000000 ) ) ;
#7222 = VERTEX_POINT ( 'NONE', #2944 ) ;
#7223 = AXIS2_PLACEMENT_3D ( 'NONE', #5964, #6016, #2184 ) ;
#7224 = CARTESIAN_POINT ( 'NONE',  ( 215.0625143040499267, 11.24999999999624833, -0.009999999999999592548 ) ) ;
#7225 =( BOUNDED_CURVE ( )  B_SPLINE_CURVE ( 3, ( #3667, #2912, #9046, #5971 ),
 .UNSPECIFIED., .F., .F. ) 
 B_SPLINE_CURVE_WITH_KNOTS ( ( 4, 4 ),
 ( 0.000000000000000000, 1.570796326794896558 ),
 .UNSPECIFIED. ) 
 CURVE ( )  GEOMETRIC_REPRESENTATION_ITEM ( )  RATIONAL_B_SPLINE_CURVE ( ( 1.000000000000000000, 0.8047378541243649375, 0.8047378541243649375, 1.000000000000000000 ) ) 
 REPRESENTATION_ITEM ( '' )  );
#7226 = LINE ( 'NONE', #2575, #7504 ) ;
#7227 = VERTEX_POINT ( 'NONE', #7433 ) ;
#7228 = DIRECTION ( 'NONE',  ( 0.2503800040544349459, 0.9681476403781095197, 0.000000000000000000 ) ) ;
#7229 = VECTOR ( 'NONE', #2889, 1000.000000000000000 ) ;
#7230 = ORIENTED_EDGE ( 'NONE', *, *, #9123, .F. ) ;
#7231 = CARTESIAN_POINT ( 'NONE',  ( 0.000000000000000000, 17.99000000000300048, -0.01000000000000000021 ) ) ;
#7232 = PLANE ( 'NONE',  #6623 ) ;
#7233 = EDGE_LOOP ( 'NONE', ( #5, #3314, #8604, #9300 ) ) ;
#7234 = CARTESIAN_POINT ( 'NONE',  ( 130.2317699266866668, 11.23999999999624677, 0.000000000000000000 ) ) ;
#7235 = LINE ( 'NONE', #6539, #7872 ) ;
#7236 = ORIENTED_EDGE ( 'NONE', *, *, #9654, .F. ) ;
#7237 = ADVANCED_FACE ( 'NONE', ( #3754 ), #6002, .T. ) ;
#7238 = VECTOR ( 'NONE', #9560, 1000.000000000000000 ) ;
#7239 = CIRCLE ( 'NONE', #5021, 18.00000000000001421 ) ;
#7240 = DIRECTION ( 'NONE',  ( -0.000000000000000000, -0.000000000000000000, 1.000000000000000000 ) ) ;
#7241 = ADVANCED_FACE ( 'NONE', ( #6598 ), #6692, .F. ) ;
#7242 = LINE ( 'NONE', #9623, #6237 ) ;
#7243 = FACE_OUTER_BOUND ( 'NONE', #5926, .T. ) ;
#7244 = EDGE_LOOP ( 'NONE', ( #2721, #9349, #4919, #2830 ) ) ;
#7245 = VECTOR ( 'NONE', #6271, 1000.000000000000000 ) ;
#7246 = DIRECTION ( 'NONE',  ( 0.000000000000000000, -1.000000000000000000, 0.000000000000000000 ) ) ;
#7247 = EDGE_CURVE ( 'NONE', #7715, #4365, #4649, .T. ) ;
#7248 = ORIENTED_EDGE ( 'NONE', *, *, #922, .T. ) ;
#7249 = PLANE ( 'NONE',  #4924 ) ;
#7250 = AXIS2_PLACEMENT_3D ( 'NONE', #9736, #6968, #2301 ) ;
#7251 = CARTESIAN_POINT ( 'NONE',  ( 81.36995430951402852, 18.00000000000299849, -10.00000000000000000 ) ) ;
#7252 = CARTESIAN_POINT ( 'NONE',  ( -197.9999999999999716, 107.0000000000000000, -10.00000000000000000 ) ) ;
#7253 = EDGE_CURVE ( 'NONE', #3283, #4659, #5149, .T. ) ;
#7254 = CARTESIAN_POINT ( 'NONE',  ( 105.3799359962704898, 11.24999999999624833, -10.00000000000000000 ) ) ;
#7255 = DIRECTION ( 'NONE',  ( -1.000000000000000000, 0.000000000000000000, 0.000000000000000000 ) ) ;
#7256 = EDGE_CURVE ( 'NONE', #6003, #739, #5054, .T. ) ;
#7257 = CARTESIAN_POINT ( 'NONE',  ( 125.9751605906933207, 18.00000000000300204, -9.995857864376262114 ) ) ;
#7258 = VERTEX_POINT ( 'NONE', #4299 ) ;
#7259 = VERTEX_POINT ( 'NONE', #6798 ) ;
#7260 = DIRECTION ( 'NONE',  ( 1.000000000000000000, 0.000000000000000000, 0.000000000000000000 ) ) ;
#7261 = EDGE_CURVE ( 'NONE', #2286, #6287, #2119, .T. ) ;
#7262 = ORIENTED_EDGE ( 'NONE', *, *, #4490, .F. ) ;
#7263 = ORIENTED_EDGE ( 'NONE', *, *, #2851, .F. ) ;
#7264 = VECTOR ( 'NONE', #5439, 1000.000000000000000 ) ;
#7265 =( BOUNDED_CURVE ( )  B_SPLINE_CURVE ( 3, ( #8698, #7805, #1790, #4115 ),
 .UNSPECIFIED., .F., .F. ) 
 B_SPLINE_CURVE_WITH_KNOTS ( ( 4, 4 ),
 ( 3.141592653589793116, 4.712388980384689674 ),
 .UNSPECIFIED. ) 
 CURVE ( )  GEOMETRIC_REPRESENTATION_ITEM ( )  RATIONAL_B_SPLINE_CURVE ( ( 1.000000000000000000, 0.8047378541243649375, 0.8047378541243649375, 1.000000000000000000 ) ) 
 REPRESENTATION_ITEM ( '' )  );
#7266 = LINE ( 'NONE', #5170, #2241 ) ;
#7267 = CARTESIAN_POINT ( 'NONE',  ( 283.4972739408158304, 17.50000000000299849, -9.500000000000000000 ) ) ;
#7268 = DIRECTION ( 'NONE',  ( 0.2503800040544349459, -0.9681476403781095197, -0.000000000000000000 ) ) ;
#7269 = DIRECTION ( 'NONE',  ( 0.2503800040544349459, 0.9681476403781095197, 0.000000000000000000 ) ) ;
#7270 = CARTESIAN_POINT ( 'NONE',  ( 0.000000000000000000, 11.23999999999625032, 0.000000000000000000 ) ) ;
#7271 = CYLINDRICAL_SURFACE ( 'NONE', #7899, 0.01000000000000018409 ) ;
#7272 = CARTESIAN_POINT ( 'NONE',  ( 177.3634025040122424, 11.24999999999624833, -9.990000000000000213 ) ) ;
#7273 = ADVANCED_FACE ( 'NONE', ( #1364 ), #481, .T. ) ;
#7274 = ORIENTED_EDGE ( 'NONE', *, *, #1052, .T. ) ;
#7275 = CARTESIAN_POINT ( 'NONE',  ( 283.2582673130320359, 0.06280885920853544746, -9.946113408970326475 ) ) ;
#7276 = FACE_OUTER_BOUND ( 'NONE', #2086, .T. ) ;
#7277 = ORIENTED_EDGE ( 'NONE', *, *, #7420, .F. ) ;
#7278 = LINE ( 'NONE', #3635, #1956 ) ;
#7279 = ORIENTED_EDGE ( 'NONE', *, *, #946, .T. ) ;
#7280 = DIRECTION ( 'NONE',  ( 1.000000000000000000, -0.000000000000000000, 0.000000000000000000 ) ) ;
#7281 = CARTESIAN_POINT ( 'NONE',  ( 218.4772713963835713, 11.24999999999624833, -10.00000000000000000 ) ) ;
#7282 = DIRECTION ( 'NONE',  ( 0.000000000000000000, 0.000000000000000000, -1.000000000000000000 ) ) ;
#7283 = CARTESIAN_POINT ( 'NONE',  ( 50.58467981789632262, 17.99000000000300048, 0.000000000000000000 ) ) ;
#7284 = ORIENTED_EDGE ( 'NONE', *, *, #3649, .T. ) ;
#7285 = ADVANCED_FACE ( 'NONE', ( #7381 ), #5850, .T. ) ;
#7286 = CARTESIAN_POINT ( 'NONE',  ( 149.0858614699141356, 11.24585786437251578, -9.999999999999998224 ) ) ;
#7287 = DIRECTION ( 'NONE',  ( 0.2503800040544349459, 0.9681476403781095197, 0.000000000000000000 ) ) ;
#7288 = ORIENTED_EDGE ( 'NONE', *, *, #6279, .F. ) ;
#7289 = EDGE_CURVE ( 'NONE', #7934, #4572, #5895, .T. ) ;
#7290 = VERTEX_POINT ( 'NONE', #4042 ) ;
#7291 = AXIS2_PLACEMENT_3D ( 'NONE', #610, #7525, #2112 ) ;
#7292 = DIRECTION ( 'NONE',  ( 1.000000000000000000, 0.000000000000000000, 0.000000000000000000 ) ) ;
#7293 = ORIENTED_EDGE ( 'NONE', *, *, #5643, .T. ) ;
#7294 = CARTESIAN_POINT ( 'NONE',  ( 92.54040095392740284, 11.24999999999624833, -9.995857864376267443 ) ) ;
#7295 = CARTESIAN_POINT ( 'NONE',  ( 0.000000000000000000, 11.23999999999625032, -9.990000000000000213 ) ) ;
#7296 = FACE_OUTER_BOUND ( 'NONE', #8974, .T. ) ;
#7297 = CARTESIAN_POINT ( 'NONE',  ( 185.0359428729750562, 18.02540000000299969, -0.009999999999999592548 ) ) ;
#7298 = CARTESIAN_POINT ( 'NONE',  ( 246.7516052464118559, 11.24999999999624833, -10.00000000000000000 ) ) ;
#7299 = ADVANCED_FACE ( 'NONE', ( #1764 ), #4735, .T. ) ;
#7300 = AXIS2_PLACEMENT_3D ( 'NONE', #9439, #1836, #2645 ) ;
#7301 = EDGE_CURVE ( 'NONE', #5384, #2286, #3174, .T. ) ;
#7302 = CARTESIAN_POINT ( 'NONE',  ( 34.24606455946690886, 18.00000000000299849, -0.009999999999999592548 ) ) ;
#7303 = ORIENTED_EDGE ( 'NONE', *, *, #1556, .T. ) ;
#7304 = EDGE_CURVE ( 'NONE', #3071, #4044, #9315, .T. ) ;
#7305 = EDGE_LOOP ( 'NONE', ( #4582, #3042, #5093, #2009 ) ) ;
#7306 = FACE_OUTER_BOUND ( 'NONE', #7151, .T. ) ;
#7307 = ORIENTED_EDGE ( 'NONE', *, *, #7193, .T. ) ;
#7308 = ORIENTED_EDGE ( 'NONE', *, *, #7359, .T. ) ;
#7309 = CARTESIAN_POINT ( 'NONE',  ( 203.8888604755665881, 17.99585786437928192, -9.999999999999996447 ) ) ;
#7310 = EDGE_CURVE ( 'NONE', #9514, #6966, #1812, .T. ) ;
#7311 = CARTESIAN_POINT ( 'NONE',  ( -206.0100000000000477, -83.00000000000000000, -9.990000000000000213 ) ) ;
#7312 = CARTESIAN_POINT ( 'NONE',  ( 0.000000000000000000, 17.99000000000300048, -10.00000000000000000 ) ) ;
#7313 = ORIENTED_EDGE ( 'NONE', *, *, #4036, .F. ) ;
#7314 = DIRECTION ( 'NONE',  ( -0.2503800040544349459, 0.9681476403781095197, 0.000000000000000000 ) ) ;
#7315 = CARTESIAN_POINT ( 'NONE',  ( -180.0000000000000000, 18.00000000000298783, -0.009999999999999592548 ) ) ;
#7316 = ORIENTED_EDGE ( 'NONE', *, *, #4870, .T. ) ;
#7317 = DIRECTION ( 'NONE',  ( 0.2503800040544349459, 0.9681476403781095197, 0.000000000000000000 ) ) ;
#7318 = CARTESIAN_POINT ( 'NONE',  ( 283.2529014557630944, 0.04716861071405131084, -9.952831389286002306 ) ) ;
#7319 = DIRECTION ( 'NONE',  ( 0.2503800040544349459, -0.9681476403781095197, 0.000000000000000000 ) ) ;
#7320 = VERTEX_POINT ( 'NONE', #2415 ) ;
#7321 = CARTESIAN_POINT ( 'NONE',  ( 161.9363465236054651, 11.23999999999624855, -10.00000000000000000 ) ) ;
#7322 = ORIENTED_EDGE ( 'NONE', *, *, #5378, .T. ) ;
#7323 = CARTESIAN_POINT ( 'NONE',  ( -206.0100000000000477, -83.00000000000000000, 0.000000000000000000 ) ) ;
#7324 = DIRECTION ( 'NONE',  ( -0.2503800040544349459, 0.9681476403781095197, -0.000000000000000000 ) ) ;
#7325 = EDGE_LOOP ( 'NONE', ( #2054, #6649, #2050, #5275 ) ) ;
#7326 = DIRECTION ( 'NONE',  ( 0.000000000000000000, 0.000000000000000000, -1.000000000000000000 ) ) ;
#7327 = VECTOR ( 'NONE', #2063, 1000.000000000000000 ) ;
#7328 = LINE ( 'NONE', #3445, #3994 ) ;
#7329 = DIRECTION ( 'NONE',  ( 1.000000000000000000, 0.000000000000000000, 0.000000000000000000 ) ) ;
#7330 = AXIS2_PLACEMENT_3D ( 'NONE', #3752, #1362, #7635 ) ;
#7331 = CARTESIAN_POINT ( 'NONE',  ( 163.6742723907310051, 18.00000000000299138, -9.995857864376267443 ) ) ;
#7332 = DIRECTION ( 'NONE',  ( -0.2503800040544349459, 0.9681476403781095197, -0.000000000000000000 ) ) ;
#7333 = EDGE_LOOP ( 'NONE', ( #5243, #762, #1463, #390 ) ) ;
#7334 = EDGE_LOOP ( 'NONE', ( #5702, #5855, #3130, #5772 ) ) ;
#7335 = CARTESIAN_POINT ( 'NONE',  ( -206.0100000000000193, 107.0000000000000000, -9.990000000000000213 ) ) ;
#7336 = EDGE_LOOP ( 'NONE', ( #802, #8855, #7690, #8166 ) ) ;
#7337 = DIRECTION ( 'NONE',  ( -0.9681476403781390516, 0.2503800040543205374, 0.000000000000000000 ) ) ;
#7338 = CARTESIAN_POINT ( 'NONE',  ( 156.7649707255195608, 17.99585786437928192, -9.999999999999984013 ) ) ;
#7339 = CARTESIAN_POINT ( 'NONE',  ( 135.4065074273453604, 18.02540000000299969, -0.009999999999999592548 ) ) ;
#7340 = VECTOR ( 'NONE', #4183, 1000.000000000000000 ) ;
#7341 = AXIS2_PLACEMENT_3D ( 'NONE', #956, #4039, #1853 ) ;
#7342 = DIRECTION ( 'NONE',  ( 0.2503800040544349459, 0.9681476403781095197, 0.000000000000000000 ) ) ;
#7343 = CARTESIAN_POINT ( 'NONE',  ( 222.7338807323769458, 17.99000000000300048, 0.000000000000000000 ) ) ;
#7344 = DIRECTION ( 'NONE',  ( -0.9681476403781095197, -0.2503800040544349459, 0.000000000000000000 ) ) ;
#7345 = LINE ( 'NONE', #5260, #5646 ) ;
#7346 = EDGE_LOOP ( 'NONE', ( #353, #3601, #6547, #3950 ) ) ;
#7347 = ORIENTED_EDGE ( 'NONE', *, *, #1605, .F. ) ;
#7348 = CARTESIAN_POINT ( 'NONE',  ( 248.4972739408158020, 18.00000000000299849, -0.009999999999999592548 ) ) ;
#7349 = ORIENTED_EDGE ( 'NONE', *, *, #3806, .T. ) ;
#7350 = ADVANCED_FACE ( 'NONE', ( #4891 ), #223, .T. ) ;
#7351 = ADVANCED_FACE ( 'NONE', ( #4683 ), #268, .T. ) ;
#7352 = DIRECTION ( 'NONE',  ( 0.2503800040544349459, -0.9681476403781095197, 0.000000000000000000 ) ) ;
#7353 = AXIS2_PLACEMENT_3D ( 'NONE', #8701, #9676, #398 ) ;
#7354 = EDGE_CURVE ( 'NONE', #9590, #7757, #2568, .T. ) ;
#7355 =( BOUNDED_SURFACE ( )  B_SPLINE_SURFACE ( 3, 2, ( 
 ( #8624, #9418, #7936 ),
 ( #1200, #9509, #3330 ),
 ( #1768, #2673, #4986 ),
 ( #4286, #7318, #7275 ),
 ( #8032, #1156, #6435 ),
 ( #416, #3483, #463 ) ),
 .UNSPECIFIED., .F., .F., .T. ) 
 B_SPLINE_SURFACE_WITH_KNOTS ( ( 4, 2, 4 ),
 ( 3, 3 ),
 ( 1.570796326794896558, 2.356194490192344837, 3.141592653589793116 ),
 ( 0.000000000000000000, 1.000000000000000000 ),
 .UNSPECIFIED. ) 
 GEOMETRIC_REPRESENTATION_ITEM ( )  RATIONAL_B_SPLINE_SURFACE ( (
 ( 1.000000000000000000, 1.000000000000000000, 1.000000000000000000),
 ( 1.000000000000000000, 1.002675577709340127, 1.000000000000000000),
 ( 1.000000000000000000, 0.9416002490603343489, 1.000000000000000000),
 ( 1.000000000000000000, 0.7904505585096202047, 1.000000000000000000),
 ( 1.000000000000000000, 0.7046748397644726492, 1.000000000000000000),
 ( 1.000000000000000000, 0.7071067811865475727, 1.000000000000000000) ) ) 
 REPRESENTATION_ITEM ( '' )  SURFACE ( )  );
#7356 = LINE ( 'NONE', #4233, #7972 ) ;
#7357 = ORIENTED_EDGE ( 'NONE', *, *, #9122, .F. ) ;
#7358 = ORIENTED_EDGE ( 'NONE', *, *, #9072, .F. ) ;
#7359 = EDGE_CURVE ( 'NONE', #3662, #3136, #4782, .T. ) ;
#7360 = DIRECTION ( 'NONE',  ( 0.2503800040544349459, 0.9681476403781095197, 0.000000000000000000 ) ) ;
#7361 = CARTESIAN_POINT ( 'NONE',  ( 53.09562045948576525, 18.00000000000299849, -9.990000000000000213 ) ) ;
#7362 = VECTOR ( 'NONE', #3776, 1000.000000000000000 ) ;
#7363 = ORIENTED_EDGE ( 'NONE', *, *, #9123, .T. ) ;
#7364 = LINE ( 'NONE', #2530, #2066 ) ;
#7365 = EDGE_CURVE ( 'NONE', #1718, #3399, #7131, .T. ) ;
#7366 = LINE ( 'NONE', #2203, #8290 ) ;
#7367 = CARTESIAN_POINT ( 'NONE',  ( 147.3401927755101610, 17.99585786437926771, -1.271149606709709115E-15 ) ) ;
#7368 = AXIS2_PLACEMENT_3D ( 'NONE', #6150, #183, #7004 ) ;
#7369 = ORIENTED_EDGE ( 'NONE', *, *, #7120, .T. ) ;
#7370 = EDGE_CURVE ( 'NONE', #5115, #9201, #9106, .T. ) ;
#7371 = CARTESIAN_POINT ( 'NONE',  ( 22.30581032465945412, 17.99585786437927126, 1.187240529943525293E-15 ) ) ;
#7372 = ORIENTED_EDGE ( 'NONE', *, *, #9536, .F. ) ;
#7373 = FACE_OUTER_BOUND ( 'NONE', #837, .T. ) ;
#7374 = EDGE_CURVE ( 'NONE', #8487, #6419, #4840, .T. ) ;
#7375 = DIRECTION ( 'NONE',  ( 0.000000000000000000, 0.000000000000000000, -1.000000000000000000 ) ) ;
#7376 = VECTOR ( 'NONE', #7825, 1000.000000000000000 ) ;
#7377 = ORIENTED_EDGE ( 'NONE', *, *, #7901, .F. ) ;
#7378 = CARTESIAN_POINT ( 'NONE',  ( 97.70082674066502193, 18.00000000000299849, -9.990000000000000213 ) ) ;
#7379 = VECTOR ( 'NONE', #9732, 1000.000000000000000 ) ;
#7380 = DIRECTION ( 'NONE',  ( -0.2503800040544349459, 0.9681476403781095197, 0.000000000000000000 ) ) ;
#7381 = FACE_OUTER_BOUND ( 'NONE', #2807, .T. ) ;
#7382 = VERTEX_POINT ( 'NONE', #8480 ) ;
#7383 = ORIENTED_EDGE ( 'NONE', *, *, #3401, .F. ) ;
#7384 = CARTESIAN_POINT ( 'NONE',  ( 86.53038009625164761, 11.24999999999624833, -9.990000000000000213 ) ) ;
#7385 = ORIENTED_EDGE ( 'NONE', *, *, #2998, .F. ) ;
#7386 = CARTESIAN_POINT ( 'NONE',  ( 154.2494944407215769, 18.00000000000299138, -9.995857864376267443 ) ) ;
#7387 = ADVANCED_FACE ( 'NONE', ( #5543 ), #1610, .F. ) ;
#7388 = CARTESIAN_POINT ( 'NONE',  ( 95.95515804626106160, 11.24999999999625011, -0.004142135623727426393 ) ) ;
#7389 = CARTESIAN_POINT ( 'NONE',  ( 152.5115685735960369, 11.23999999999624855, -10.00000000000000000 ) ) ;
#7390 = VECTOR ( 'NONE', #6747, 1000.000000000000000 ) ;
#7391 = LINE ( 'NONE', #4917, #8486 ) ;
#7392 = FACE_OUTER_BOUND ( 'NONE', #5355, .T. ) ;
#7393 = VECTOR ( 'NONE', #8307, 1000.000000000000000 ) ;
#7394 = VECTOR ( 'NONE', #5178, 1000.000000000000000 ) ;
#7395 = LINE ( 'NONE', #8309, #5037 ) ;
#7396 = DIRECTION ( 'NONE',  ( 0.000000000000000000, -1.000000000000000000, -0.000000000000000000 ) ) ;
#7397 = ORIENTED_EDGE ( 'NONE', *, *, #6153, .F. ) ;
#7398 = EDGE_LOOP ( 'NONE', ( #1843, #9747, #7557, #5124 ) ) ;
#7399 = FACE_OUTER_BOUND ( 'NONE', #7888, .T. ) ;
#7400 = VERTEX_POINT ( 'NONE', #1054 ) ;
#7401 = DIRECTION ( 'NONE',  ( 0.000000000000000000, -1.000000000000000000, -0.000000000000000000 ) ) ;
#7402 = PLANE ( 'NONE',  #9428 ) ;
#7403 =( BOUNDED_CURVE ( )  B_SPLINE_CURVE ( 3, ( #6517, #9539, #7309, #2709 ),
 .UNSPECIFIED., .F., .F. ) 
 B_SPLINE_CURVE_WITH_KNOTS ( ( 4, 4 ),
 ( 3.141592653589793116, 4.712388980383780179 ),
 .UNSPECIFIED. ) 
 CURVE ( )  GEOMETRIC_REPRESENTATION_ITEM ( )  RATIONAL_B_SPLINE_CURVE ( ( 1.000000000000000000, 0.8047378541245793215, 0.8047378541245793215, 1.000000000000000000 ) ) 
 REPRESENTATION_ITEM ( '' )  );
#7404 = VECTOR ( 'NONE', #5415, 1000.000000000000000 ) ;
#7405 = FACE_OUTER_BOUND ( 'NONE', #5769, .T. ) ;
#7406 = EDGE_CURVE ( 'NONE', #483, #4976, #9264, .T. ) ;
#7407 = CARTESIAN_POINT ( 'NONE',  ( 45.41651120388030449, 11.24999999999624833, -9.990000000000000213 ) ) ;
#7408 = ORIENTED_EDGE ( 'NONE', *, *, #2789, .F. ) ;
#7409 = ORIENTED_EDGE ( 'NONE', *, *, #3100, .F. ) ;
#7410 = DIRECTION ( 'NONE',  ( 0.000000000000000000, 0.000000000000000000, -1.000000000000000000 ) ) ;
#7411 = CARTESIAN_POINT ( 'NONE',  ( 220.2229400907875458, 18.00000000000299494, -9.995857864376263890 ) ) ;
#7412 = AXIS2_PLACEMENT_3D ( 'NONE', #736, #4513, #4360 ) ;
#7413 = EDGE_CURVE ( 'NONE', #9849, #7435, #3326, .T. ) ;
#7414 = EDGE_LOOP ( 'NONE', ( #6828, #9274, #6942, #8352 ) ) ;
#7415 = CARTESIAN_POINT ( 'NONE',  ( -206.0100000000000193, 0.000000000000000000, -0.009999999999999592548 ) ) ;
#7416 = CARTESIAN_POINT ( 'NONE',  ( 194.4640825255571315, 17.99585786437928903, -9.999999999999996447 ) ) ;
#7417 = EDGE_CURVE ( 'NONE', #3822, #8068, #3629, .T. ) ;
#7418 = CARTESIAN_POINT ( 'NONE',  ( 227.9097921736714341, 11.23999999999625032, 0.000000000000000000 ) ) ;
#7419 = ORIENTED_EDGE ( 'NONE', *, *, #9654, .T. ) ;
#7420 = EDGE_CURVE ( 'NONE', #1548, #2871, #2202, .T. ) ;
#7421 = LINE ( 'NONE', #2781, #2956 ) ;
#7422 = ORIENTED_EDGE ( 'NONE', *, *, #6690, .F. ) ;
#7423 = CARTESIAN_POINT ( 'NONE',  ( 222.7416235596554088, 18.00000000000299849, -0.009999999999999592548 ) ) ;
#7424 = EDGE_CURVE ( 'NONE', #7920, #9566, #5830, .T. ) ;
#7425 = ORIENTED_EDGE ( 'NONE', *, *, #7969, .T. ) ;
#7426 = FACE_OUTER_BOUND ( 'NONE', #2479, .T. ) ;
#7427 = ORIENTED_EDGE ( 'NONE', *, *, #9030, .T. ) ;
#7428 = ADVANCED_FACE ( 'NONE', ( #7974 ), #6622, .T. ) ;
#7429 = CARTESIAN_POINT ( 'NONE',  ( 227.9020493463929995, 11.24999999999624833, -10.00000000000000000 ) ) ;
#7430 =( BOUNDED_CURVE ( )  B_SPLINE_CURVE ( 3, ( #9738, #6663, #2911, #5969 ),
 .UNSPECIFIED., .F., .F. ) 
 B_SPLINE_CURVE_WITH_KNOTS ( ( 4, 4 ),
 ( 3.141592653589793116, 4.712388980384472958 ),
 .UNSPECIFIED. ) 
 CURVE ( )  GEOMETRIC_REPRESENTATION_ITEM ( )  RATIONAL_B_SPLINE_CURVE ( ( 1.000000000000000000, 0.8047378541244161188, 0.8047378541244161188, 1.000000000000000000 ) ) 
 REPRESENTATION_ITEM ( '' )  );
#7431 =( BOUNDED_CURVE ( )  B_SPLINE_CURVE ( 3, ( #9011, #2155, #5083, #5934 ),
 .UNSPECIFIED., .F., .F. ) 
 B_SPLINE_CURVE_WITH_KNOTS ( ( 4, 4 ),
 ( 0.000000000000000000, 1.570796326795005138 ),
 .UNSPECIFIED. ) 
 CURVE ( )  GEOMETRIC_REPRESENTATION_ITEM ( )  RATIONAL_B_SPLINE_CURVE ( ( 1.000000000000000000, 0.8047378541243395134, 0.8047378541243395134, 1.000000000000000000 ) ) 
 REPRESENTATION_ITEM ( '' )  );
#7432 = CARTESIAN_POINT ( 'NONE',  ( 283.1285412658785958, 0.01000000027336175878, -2.422514229147298970E-16 ) ) ;
#7433 = CARTESIAN_POINT ( 'NONE',  ( 100.2195102095328707, 18.00000000000299849, -9.990000000000000213 ) ) ;
#7434 = ORIENTED_EDGE ( 'NONE', *, *, #3711, .T. ) ;
#7435 = VERTEX_POINT ( 'NONE', #8847 ) ;
#7436 = CARTESIAN_POINT ( 'NONE',  ( 125.9751605906933065, 18.00000000000299849, -0.009999999999999592548 ) ) ;
#7437 = ORIENTED_EDGE ( 'NONE', *, *, #2534, .F. ) ;
#7438 = CARTESIAN_POINT ( 'NONE',  ( 120.8115276198858510, 11.24585786437252288, -10.00000000000000000 ) ) ;
#7439 = CYLINDRICAL_SURFACE ( 'NONE', #8622, 0.01000000000000083634 ) ;
#7440 = CARTESIAN_POINT ( 'NONE',  ( 175.6111649229656280, 18.02540000000299969, -0.009999999999999592548 ) ) ;
#7441 =( BOUNDED_CURVE ( )  B_SPLINE_CURVE ( 3, ( #1533, #3152, #3916, #9144 ),
 .UNSPECIFIED., .F., .T. ) 
 B_SPLINE_CURVE_WITH_KNOTS ( ( 4, 4 ),
 ( 3.141592653589793116, 4.712388980384126569 ),
 .UNSPECIFIED. ) 
 CURVE ( )  GEOMETRIC_REPRESENTATION_ITEM ( )  RATIONAL_B_SPLINE_CURVE ( ( 1.000000000000000000, 0.8047378541244977201, 0.8047378541244977201, 1.000000000000000000 ) ) 
 REPRESENTATION_ITEM ( '' )  );
#7442 = CARTESIAN_POINT ( 'NONE',  ( 22.31034596786804514, 17.99000000000300048, -10.00000000000000000 ) ) ;
#7443 = CARTESIAN_POINT ( 'NONE',  ( 237.3345701236808338, 11.23999999999624855, -10.00000000000000000 ) ) ;
#7444 = PLANE ( 'NONE',  #7412 ) ;
#7445 = LINE ( 'NONE', #7553, #7379 ) ;
#7446 = ORIENTED_EDGE ( 'NONE', *, *, #1608, .F. ) ;
#7447 = EDGE_LOOP ( 'NONE', ( #8917, #8581, #276, #7501 ) ) ;
#7448 = LINE ( 'NONE', #8259, #7094 ) ;
#7449 = ORIENTED_EDGE ( 'NONE', *, *, #7602, .T. ) ;
#7450 = FACE_OUTER_BOUND ( 'NONE', #8401, .T. ) ;
#7451 = CARTESIAN_POINT ( 'NONE',  ( 12.87782519058020547, 18.00000000000299849, -0.009999999999999592548 ) ) ;
#7452 = LINE ( 'NONE', #6924, #6576 ) ;
#7453 = AXIS2_PLACEMENT_3D ( 'NONE', #7830, #8619, #911 ) ;
#7454 = EDGE_CURVE ( 'NONE', #6003, #9535, #7712, .T. ) ;
#7455 = CARTESIAN_POINT ( 'NONE',  ( 166.1897486755289606, 17.99585786437928903, -9.999999999999985789 ) ) ;
#7456 = CARTESIAN_POINT ( 'NONE',  ( 167.9386245540028142, 11.24999999999624833, -0.009999999999999592548 ) ) ;
#7457 = ORIENTED_EDGE ( 'NONE', *, *, #2829, .F. ) ;
#7458 = ORIENTED_EDGE ( 'NONE', *, *, #8752, .T. ) ;
#7459 = CARTESIAN_POINT ( 'NONE',  ( 152.5115685735960369, 11.23999999999625032, 0.000000000000000000 ) ) ;
#7460 = FACE_OUTER_BOUND ( 'NONE', #2959, .T. ) ;
#7461 = ORIENTED_EDGE ( 'NONE', *, *, #5436, .T. ) ;
#7462 = CARTESIAN_POINT ( 'NONE',  ( 29.98945522347352011, 11.23999999999625032, 0.000000000000000000 ) ) ;
#7463 = DIRECTION ( 'NONE',  ( 0.2503800040544349459, 0.9681476403781095197, 0.000000000000000000 ) ) ;
#7464 = DIRECTION ( 'NONE',  ( -1.000000000000000000, -0.000000000000000000, -0.000000000000000000 ) ) ;
#7465 = ORIENTED_EDGE ( 'NONE', *, *, #821, .T. ) ;
#7466 = EDGE_CURVE ( 'NONE', #8127, #2797, #9549, .T. ) ;
#7467 = DIRECTION ( 'NONE',  ( -1.000000000000000000, 0.000000000000000000, 0.000000000000000000 ) ) ;
#7468 = EDGE_LOOP ( 'NONE', ( #5085, #5333, #2319, #1970 ) ) ;
#7469 = FACE_OUTER_BOUND ( 'NONE', #8839, .T. ) ;
#7470 = CARTESIAN_POINT ( 'NONE',  ( 64.26606710389911825, 11.24999999999624833, -9.995857864376267443 ) ) ;
#7471 = ORIENTED_EDGE ( 'NONE', *, *, #3447, .F. ) ;
#7472 = CARTESIAN_POINT ( 'NONE',  ( 130.2395127539650730, 11.24999999999625011, -0.004142135623729738779 ) ) ;
#7473 = ORIENTED_EDGE ( 'NONE', *, *, #8650, .F. ) ;
#7474 = EDGE_CURVE ( 'NONE', #6270, #8182, #5877, .T. ) ;
#7475 = FACE_OUTER_BOUND ( 'NONE', #574, .T. ) ;
#7476 = DIRECTION ( 'NONE',  ( -0.9681476403782230955, -0.2503800040539953531, 0.000000000000000000 ) ) ;
#7477 = EDGE_CURVE ( 'NONE', #5059, #7715, #2768, .T. ) ;
#7478 = CARTESIAN_POINT ( 'NONE',  ( 23.25555504091839509, 24.01429546754059530, 0.000000000000000000 ) ) ;
#7479 = CARTESIAN_POINT ( 'NONE',  ( 283.4972739408158304, 0.5000000000000000000, -0.5000000000000000000 ) ) ;
#7480 = VERTEX_POINT ( 'NONE', #2720 ) ;
#7481 = ORIENTED_EDGE ( 'NONE', *, *, #7559, .F. ) ;
#7482 = VECTOR ( 'NONE', #5871, 1000.000000000000000 ) ;
#7483 = EDGE_CURVE ( 'NONE', #8242, #3877, #6430, .T. ) ;
#7484 = DIRECTION ( 'NONE',  ( 0.000000000000000000, 0.000000000000000000, 1.000000000000000000 ) ) ;
#7485 = ORIENTED_EDGE ( 'NONE', *, *, #2921, .T. ) ;
#7486 = CARTESIAN_POINT ( 'NONE',  ( 203.8920676596365524, 18.00000000000299849, -9.990000000000000213 ) ) ;
#7487 = CARTESIAN_POINT ( 'NONE',  ( 120.8147348039556732, 11.24999999999625189, -9.995857864376267443 ) ) ;
#7488 = ORIENTED_EDGE ( 'NONE', *, *, #9063, .T. ) ;
#7489 = CARTESIAN_POINT ( 'NONE',  ( 229.6554608680753802, 17.99000000000300048, -10.00000000000000000 ) ) ;
#7490 = EDGE_CURVE ( 'NONE', #7542, #9121, #1232, .T. ) ;
#7491 = DIRECTION ( 'NONE',  ( 0.2503800040544349459, -0.9681476403781095197, -0.000000000000000000 ) ) ;
#7492 = LINE ( 'NONE', #7546, #6537 ) ;
#7493 = AXIS2_PLACEMENT_3D ( 'NONE', #5064, #6555, #9490 ) ;
#7494 = EDGE_CURVE ( 'NONE', #4814, #9354, #5419, .T. ) ;
#7495 = AXIS2_PLACEMENT_3D ( 'NONE', #5908, #5815, #2653 ) ;
#7496 = DIRECTION ( 'NONE',  ( -1.000000000000000000, 0.000000000000000000, 0.000000000000000000 ) ) ;
#7497 = DIRECTION ( 'NONE',  ( 1.000000000000000000, 0.000000000000000000, 0.000000000000000000 ) ) ;
#7498 = CARTESIAN_POINT ( 'NONE',  ( 180.7859024236243215, 11.23999999999624855, -10.00000000000000000 ) ) ;
#7499 = CARTESIAN_POINT ( 'NONE',  ( 215.2607504458391929, -37.67021528693452126, 0.000000000000000000 ) ) ;
#7500 = ORIENTED_EDGE ( 'NONE', *, *, #4368, .F. ) ;
#7501 = ORIENTED_EDGE ( 'NONE', *, *, #986, .F. ) ;
#7502 = CARTESIAN_POINT ( 'NONE',  ( -197.9999999999999716, 107.0000000000000000, -0.009999999999999592548 ) ) ;
#7503 = DIRECTION ( 'NONE',  ( 0.000000000000000000, 1.000000000000000000, 0.000000000000000000 ) ) ;
#7504 = VECTOR ( 'NONE', #9608, 1000.000000000000000 ) ;
#7505 = DIRECTION ( 'NONE',  ( 0.000000000000000000, 1.000000000000000000, 0.000000000000000000 ) ) ;
#7506 = DIRECTION ( 'NONE',  ( 0.2503800040544349459, -0.9681476403781095197, -0.000000000000000000 ) ) ;
#7507 = AXIS2_PLACEMENT_3D ( 'NONE', #1002, #5638, #306 ) ;
#7508 = CIRCLE ( 'NONE', #3203, 8.010000000000044196 ) ;
#7509 = LINE ( 'NONE', #3727, #7034 ) ;
#7510 = CARTESIAN_POINT ( 'NONE',  ( 137.9120531229279152, 18.02540000000299969, -0.009999999999999592548 ) ) ;
#7511 = ORIENTED_EDGE ( 'NONE', *, *, #1237, .F. ) ;
#7512 = EDGE_LOOP ( 'NONE', ( #8825, #603, #9638, #7488 ) ) ;
#7513 = DIRECTION ( 'NONE',  ( 0.000000000000000000, 0.000000000000000000, 1.000000000000000000 ) ) ;
#7514 = CARTESIAN_POINT ( 'NONE',  ( 95.95515804626107581, 11.23999999999625032, -10.00000000000000000 ) ) ;
#7515 = EDGE_LOOP ( 'NONE', ( #8337, #6171, #719, #8365 ) ) ;
#7516 = AXIS2_PLACEMENT_3D ( 'NONE', #3787, #4578, #657 ) ;
#7517 = EDGE_CURVE ( 'NONE', #1703, #550, #8802, .T. ) ;
#7518 = CARTESIAN_POINT ( 'NONE',  ( 137.9108791822921205, 17.99000000000299693, -10.00000000000000000 ) ) ;
#7519 = CARTESIAN_POINT ( 'NONE',  ( 194.4595468823486328, 17.99000000000300403, -10.00000000000000000 ) ) ;
#7520 = CARTESIAN_POINT ( 'NONE',  ( 95.96290087353946774, 11.23999999999625210, -10.00000000000000000 ) ) ;
#7521 = ORIENTED_EDGE ( 'NONE', *, *, #724, .F. ) ;
#7522 = VECTOR ( 'NONE', #3503, 1000.000000000000000 ) ;
#7523 = CARTESIAN_POINT ( 'NONE',  ( 199.6277154963647149, 11.23999999999625032, -10.00000000000000000 ) ) ;
#7524 = ORIENTED_EDGE ( 'NONE', *, *, #4921, .T. ) ;
#7525 = DIRECTION ( 'NONE',  ( -0.2503800040544349459, 0.9681476403781095197, 0.000000000000000000 ) ) ;
#7526 = CARTESIAN_POINT ( 'NONE',  ( 64.25832427662071211, 11.23999999999625032, -10.00000000000000000 ) ) ;
#7527 = VERTEX_POINT ( 'NONE', #4187 ) ;
#7528 = PLANE ( 'NONE',  #7819 ) ;
#7529 = ORIENTED_EDGE ( 'NONE', *, *, #3728, .T. ) ;
#7530 = VECTOR ( 'NONE', #9237, 1000.000000000000000 ) ;
#7531 = DIRECTION ( 'NONE',  ( -0.000000000000000000, -0.000000000000000000, 1.000000000000000000 ) ) ;
#7532 = CARTESIAN_POINT ( 'NONE',  ( 283.4972739408158304, 0.3713580214364509136, -0.3687326749351590438 ) ) ;
#7533 = EDGE_CURVE ( 'NONE', #9618, #3678, #4378, .T. ) ;
#7534 = AXIS2_PLACEMENT_3D ( 'NONE', #955, #3126, #1659 ) ;
#7535 = ORIENTED_EDGE ( 'NONE', *, *, #6982, .T. ) ;
#7536 = ORIENTED_EDGE ( 'NONE', *, *, #4153, .F. ) ;
#7537 = DIRECTION ( 'NONE',  ( -0.2503800040544349459, -0.9681476403781095197, -0.000000000000000000 ) ) ;
#7538 = EDGE_LOOP ( 'NONE', ( #2681, #9804, #5475, #8041 ) ) ;
#7539 = CARTESIAN_POINT ( 'NONE',  ( 173.0990503407404333, 18.00000000000300204, -9.995857864376269220 ) ) ;
#7540 = EDGE_CURVE ( 'NONE', #2160, #1288, #2001, .T. ) ;
#7541 = DIRECTION ( 'NONE',  ( 0.000000000000000000, -1.000000000000000000, -0.000000000000000000 ) ) ;
#7542 = VERTEX_POINT ( 'NONE', #1196 ) ;
#7543 = LINE ( 'NONE', #2076, #8472 ) ;
#7544 = CARTESIAN_POINT ( 'NONE',  ( 24.82128660945749132, 18.00000000000299849, -10.00000000000000000 ) ) ;
#7545 = VECTOR ( 'NONE', #8556, 1000.000000000000000 ) ;
#7546 = CARTESIAN_POINT ( 'NONE',  ( 0.000000000000000000, 18.00000000000299849, -9.990000000000000213 ) ) ;
#7547 = EDGE_CURVE ( 'NONE', #4102, #8841, #9735, .T. ) ;
#7548 = DIRECTION ( 'NONE',  ( -0.9681476403780520101, 0.2503800040546569350, 0.000000000000000000 ) ) ;
#7549 =( BOUNDED_CURVE ( )  B_SPLINE_CURVE ( 3, ( #3622, #5173, #8377, #9848 ),
 .UNSPECIFIED., .F., .F. ) 
 B_SPLINE_CURVE_WITH_KNOTS ( ( 4, 4 ),
 ( 3.141592653589813544, 4.712388980384472958 ),
 .UNSPECIFIED. ) 
 CURVE ( )  GEOMETRIC_REPRESENTATION_ITEM ( )  RATIONAL_B_SPLINE_CURVE ( ( 1.000000000000000000, 0.8047378541244208927, 0.8047378541244208927, 1.000000000000000000 ) ) 
 REPRESENTATION_ITEM ( '' )  );
#7550 = CARTESIAN_POINT ( 'NONE',  ( 0.000000000000000000, 11.23999999999625032, -9.990000000000000213 ) ) ;
#7551 = EDGE_CURVE ( 'NONE', #1358, #3136, #1245, .T. ) ;
#7552 = CARTESIAN_POINT ( 'NONE',  ( 239.0724959908063738, 18.00000000000299138, -0.004142135623725405440 ) ) ;
#7553 = CARTESIAN_POINT ( 'NONE',  ( 152.5038257463176024, 11.24999999999624833, -0.009999999999999592548 ) ) ;
#7554 = ORIENTED_EDGE ( 'NONE', *, *, #229, .T. ) ;
#7555 = VERTEX_POINT ( 'NONE', #3576 ) ;
#7556 = DIRECTION ( 'NONE',  ( -0.9681476403782230955, -0.2503800040539953531, 0.000000000000000000 ) ) ;
#7557 = ORIENTED_EDGE ( 'NONE', *, *, #7374, .T. ) ;
#7558 = VECTOR ( 'NONE', #1979, 1000.000000000000000 ) ;
#7559 = EDGE_CURVE ( 'NONE', #315, #3740, #3527, .T. ) ;
#7560 = DIRECTION ( 'NONE',  ( 0.000000000000000000, 0.000000000000000000, -1.000000000000000000 ) ) ;
#7561 = CARTESIAN_POINT ( 'NONE',  ( 95.95515804626107581, 11.24999999999624833, -10.00000000000000000 ) ) ;
#7562 = EDGE_CURVE ( 'NONE', #9823, #3415, #8, .T. ) ;
#7563 = VECTOR ( 'NONE', #8958, 1000.000000000000000 ) ;
#7564 = AXIS2_PLACEMENT_3D ( 'NONE', #4364, #2857, #6815 ) ;
#7565 = CARTESIAN_POINT ( 'NONE',  ( 0.000000000000000000, 17.99000000000300048, -9.990000000000000213 ) ) ;
#7566 = LINE ( 'NONE', #3821, #7082 ) ;
#7567 = ORIENTED_EDGE ( 'NONE', *, *, #5959, .F. ) ;
#7568 = VERTEX_POINT ( 'NONE', #6030 ) ;
#7569 = CARTESIAN_POINT ( 'NONE',  ( 90.78816337288083105, 18.02540000000299969, -10.00000000000000000 ) ) ;
#7570 = DIRECTION ( 'NONE',  ( 0.2503800040544349459, 0.9681476403781095197, 0.000000000000000000 ) ) ;
#7571 = AXIS2_PLACEMENT_3D ( 'NONE', #8360, #5258, #4601 ) ;
#7572 = EDGE_LOOP ( 'NONE', ( #1467, #3289, #677, #836 ) ) ;
#7573 = AXIS2_PLACEMENT_3D ( 'NONE', #7335, #7246, #2594 ) ;
#7574 = DIRECTION ( 'NONE',  ( 0.000000000000000000, 0.000000000000000000, -1.000000000000000000 ) ) ;
#7575 = LINE ( 'NONE', #8332, #1588 ) ;
#7576 = CARTESIAN_POINT ( 'NONE',  ( 229.6477180407969456, 18.00000000000299494, -0.004142135623724395831 ) ) ;
#7577 = ORIENTED_EDGE ( 'NONE', *, *, #1747, .F. ) ;
#7578 = AXIS2_PLACEMENT_3D ( 'NONE', #8205, #542, #1328 ) ;
#7579 = EDGE_CURVE ( 'NONE', #8086, #5068, #2430, .T. ) ;
#7580 = DIRECTION ( 'NONE',  ( 0.2503800040544349459, 0.9681476403781095197, 0.000000000000000000 ) ) ;
#7581 = ORIENTED_EDGE ( 'NONE', *, *, #6836, .T. ) ;
#7582 = CARTESIAN_POINT ( 'NONE',  ( 171.3565888304063378, 11.24585786437251933, -10.00000000000000178 ) ) ;
#7583 = ORIENTED_EDGE ( 'NONE', *, *, #6337, .T. ) ;
#7584 = CARTESIAN_POINT ( 'NONE',  ( 282.9972739408158304, 17.99000000000300048, 0.000000000000000000 ) ) ;
#7585 = ORIENTED_EDGE ( 'NONE', *, *, #8430, .T. ) ;
#7586 = DIRECTION ( 'NONE',  ( 0.2503800040544349459, -0.9681476403781095197, 0.000000000000000000 ) ) ;
#7587 =( BOUNDED_CURVE ( )  B_SPLINE_CURVE ( 3, ( #6393, #4053, #921, #7842 ),
 .UNSPECIFIED., .F., .F. ) 
 B_SPLINE_CURVE_WITH_KNOTS ( ( 4, 4 ),
 ( 3.141592653589793116, 4.712388980384906390 ),
 .UNSPECIFIED. ) 
 CURVE ( )  GEOMETRIC_REPRESENTATION_ITEM ( )  RATIONAL_B_SPLINE_CURVE ( ( 1.000000000000000000, 0.8047378541243139782, 0.8047378541243139782, 1.000000000000000000 ) ) 
 REPRESENTATION_ITEM ( '' )  );
#7588 = CARTESIAN_POINT ( 'NONE',  ( 50.57693699061789516, 18.00000000000299849, -9.995857864376265667 ) ) ;
#7589 = ADVANCED_FACE ( 'NONE', ( #7460 ), #1393, .T. ) ;
#7590 = EDGE_LOOP ( 'NONE', ( #6846, #2170, #1756, #5150 ) ) ;
#7591 = ORIENTED_EDGE ( 'NONE', *, *, #3224, .T. ) ;
#7592 = CARTESIAN_POINT ( 'NONE',  ( 227.9020493463929995, 11.23999999999625032, -10.00000000000000000 ) ) ;
#7593 = VERTEX_POINT ( 'NONE', #4529 ) ;
#7594 = PLANE ( 'NONE',  #2505 ) ;
#7595 = CARTESIAN_POINT ( 'NONE',  ( 129.2628019239217281, 51.42963358064064039, -9.990000000000000213 ) ) ;
#7596 = ORIENTED_EDGE ( 'NONE', *, *, #6825, .F. ) ;
#7597 = DIRECTION ( 'NONE',  ( 0.2503800040544349459, -0.9681476403781095197, -0.000000000000000000 ) ) ;
#7598 = CARTESIAN_POINT ( 'NONE',  ( 67.68082419623279122, 11.23999999999625032, -10.00000000000000000 ) ) ;
#7599 = EDGE_CURVE ( 'NONE', #1767, #3662, #9161, .T. ) ;
#7600 = CARTESIAN_POINT ( 'NONE',  ( 128.4938440595611269, 18.00000000000299849, -9.990000000000000213 ) ) ;
#7601 = CARTESIAN_POINT ( 'NONE',  ( 41.15215904060847407, 18.00000000000299849, -0.009999999999999592548 ) ) ;
#7602 = EDGE_CURVE ( 'NONE', #7704, #3932, #5278, .T. ) ;
#7603 = DIRECTION ( 'NONE',  ( -1.000000000000000000, 0.000000000000000000, 0.000000000000000000 ) ) ;
#7604 = FACE_OUTER_BOUND ( 'NONE', #7733, .T. ) ;
#7605 = LINE ( 'NONE', #138, #5158 ) ;
#7606 = ORIENTED_EDGE ( 'NONE', *, *, #4261, .T. ) ;
#7607 = EDGE_LOOP ( 'NONE', ( #1066, #6172, #5931, #3772 ) ) ;
#7608 = DIRECTION ( 'NONE',  ( -1.000000000000000000, -0.000000000000000000, -0.000000000000000000 ) ) ;
#7609 = EDGE_LOOP ( 'NONE', ( #6260, #7313, #9516, #5174 ) ) ;
#7610 = CARTESIAN_POINT ( 'NONE',  ( 0.000000000000000000, 17.99000000000300048, -9.990000000000000213 ) ) ;
#7611 = DIRECTION ( 'NONE',  ( -0.2503800040544349459, -0.9681476403781095197, 0.000000000000000000 ) ) ;
#7612 = FACE_OUTER_BOUND ( 'NONE', #6004, .T. ) ;
#7613 = EDGE_CURVE ( 'NONE', #120, #6814, #8270, .T. ) ;
#7614 = EDGE_CURVE ( 'NONE', #1189, #1872, #2974, .T. ) ;
#7615 = DIRECTION ( 'NONE',  ( 0.000000000000000000, 1.000000000000000000, 0.000000000000000000 ) ) ;
#7616 = LINE ( 'NONE', #749, #7878 ) ;
#7617 = ORIENTED_EDGE ( 'NONE', *, *, #5236, .T. ) ;
#7618 = ORIENTED_EDGE ( 'NONE', *, *, #8862, .T. ) ;
#7619 = FACE_OUTER_BOUND ( 'NONE', #9874, .T. ) ;
#7620 = CARTESIAN_POINT ( 'NONE',  ( 95.95515804626107581, 11.24999999999624833, -0.009999999999999592548 ) ) ;
#7621 = EDGE_CURVE ( 'NONE', #8347, #1519, #3069, .T. ) ;
#7622 = AXIS2_PLACEMENT_3D ( 'NONE', #4339, #8813, #6636 ) ;
#7623 = EDGE_LOOP ( 'NONE', ( #551, #1289, #5023, #9533 ) ) ;
#7624 = CARTESIAN_POINT ( 'NONE',  ( 31.73512391787747333, 17.99000000000300048, 0.000000000000000000 ) ) ;
#7625 = DIRECTION ( 'NONE',  ( -0.9681476403781095197, -0.2503800040544349459, 0.000000000000000000 ) ) ;
#7626 = EDGE_CURVE ( 'NONE', #4144, #3867, #3677, .T. ) ;
#7627 = VECTOR ( 'NONE', #3618, 1000.000000000000000 ) ;
#7628 = CARTESIAN_POINT ( 'NONE',  ( 107.1256046906744501, 18.00000000000299849, -9.990000000000000213 ) ) ;
#7629 = EDGE_LOOP ( 'NONE', ( #3328, #1016, #6723, #4029 ) ) ;
#7630 = CARTESIAN_POINT ( 'NONE',  ( 97.70082674066502193, 18.00000000000299849, -10.00000000000000000 ) ) ;
#7631 = ORIENTED_EDGE ( 'NONE', *, *, #2408, .T. ) ;
#7632 = CARTESIAN_POINT ( 'NONE',  ( 190.2106803736337497, 11.23999999999625032, 0.000000000000000000 ) ) ;
#7633 = EDGE_LOOP ( 'NONE', ( #8867, #9254, #6181, #6385 ) ) ;
#7634 = FACE_OUTER_BOUND ( 'NONE', #6113, .T. ) ;
#7635 = DIRECTION ( 'NONE',  ( 0.000000000000000000, 0.000000000000000000, -1.000000000000000000 ) ) ;
#7636 = ORIENTED_EDGE ( 'NONE', *, *, #6569, .T. ) ;
#7637 =( BOUNDED_CURVE ( )  B_SPLINE_CURVE ( 3, ( #1779, #8640, #2586, #5561 ),
 .UNSPECIFIED., .F., .T. ) 
 B_SPLINE_CURVE_WITH_KNOTS ( ( 4, 4 ),
 ( 3.141592653589793116, 4.712388980383129145 ),
 .UNSPECIFIED. ) 
 CURVE ( )  GEOMETRIC_REPRESENTATION_ITEM ( )  RATIONAL_B_SPLINE_CURVE ( ( 1.000000000000000000, 0.8047378541247327544, 0.8047378541247327544, 1.000000000000000000 ) ) 
 REPRESENTATION_ITEM ( '' )  );
#7638 = ORIENTED_EDGE ( 'NONE', *, *, #1012, .F. ) ;
#7639 = ORIENTED_EDGE ( 'NONE', *, *, #322, .T. ) ;
#7640 = CYLINDRICAL_SURFACE ( 'NONE', #8215, 0.009999999999999998473 ) ;
#7641 = EDGE_LOOP ( 'NONE', ( #6136, #4584, #7322, #6602 ) ) ;
#7642 = CARTESIAN_POINT ( 'NONE',  ( 48.83447548028378549, 11.24585786437251755, 4.071938083478370545E-16 ) ) ;
#7643 =( BOUNDED_CURVE ( )  B_SPLINE_CURVE ( 3, ( #495, #5861, #541, #2753 ),
 .UNSPECIFIED., .F., .F. ) 
 B_SPLINE_CURVE_WITH_KNOTS ( ( 4, 4 ),
 ( 3.141592653589793116, 4.712388980384606185 ),
 .UNSPECIFIED. ) 
 CURVE ( )  GEOMETRIC_REPRESENTATION_ITEM ( )  RATIONAL_B_SPLINE_CURVE ( ( 1.000000000000000000, 0.8047378541243848105, 0.8047378541243848105, 1.000000000000000000 ) ) 
 REPRESENTATION_ITEM ( '' )  );
#7644 = CARTESIAN_POINT ( 'NONE',  ( 81.36995430951402852, 18.00000000000299849, -0.009999999999999592548 ) ) ;
#7645 = VERTEX_POINT ( 'NONE', #6780 ) ;
#7646 = CARTESIAN_POINT ( 'NONE',  ( 67.68082419623279122, 11.23999999999625032, -0.009999999999999592548 ) ) ;
#7647 = CARTESIAN_POINT ( 'NONE',  ( 77.10560214624221942, 11.24999999999624833, -10.00000000000000000 ) ) ;
#7648 = FACE_OUTER_BOUND ( 'NONE', #6037, .T. ) ;
#7649 = AXIS2_PLACEMENT_3D ( 'NONE', #2400, #3116, #5424 ) ;
#7650 = LINE ( 'NONE', #3102, #4954 ) ;
#7651 = DIRECTION ( 'NONE',  ( -0.9681476403781390516, 0.2503800040543205374, 0.000000000000000000 ) ) ;
#7652 = CYLINDRICAL_SURFACE ( 'NONE', #356, 0.009999999999999592548 ) ;
#7653 = ORIENTED_EDGE ( 'NONE', *, *, #5924, .F. ) ;
#7654 = ORIENTED_EDGE ( 'NONE', *, *, #7310, .F. ) ;
#7655 = LINE ( 'NONE', #936, #7404 ) ;
#7656 = ORIENTED_EDGE ( 'NONE', *, *, #5112, .F. ) ;
#7657 = CYLINDRICAL_SURFACE ( 'NONE', #9846, 0.009999999999999592548 ) ;
#7658 = DIRECTION ( 'NONE',  ( -1.000000000000000000, 0.000000000000000000, 0.000000000000000000 ) ) ;
#7659 = VECTOR ( 'NONE', #5681, 1000.000000000000000 ) ;
#7660 = DIRECTION ( 'NONE',  ( 0.000000000000000000, -0.000000000000000000, 1.000000000000000000 ) ) ;
#7661 = PLANE ( 'NONE',  #8756 ) ;
#7662 = LINE ( 'NONE', #4769, #4358 ) ;
#7663 = ORIENTED_EDGE ( 'NONE', *, *, #3679, .T. ) ;
#7664 = EDGE_LOOP ( 'NONE', ( #1186, #2469, #6845, #7511 ) ) ;
#7665 = AXIS2_PLACEMENT_3D ( 'NONE', #5585, #7880, #4133 ) ;
#7666 = ADVANCED_FACE ( 'NONE', ( #709 ), #5387, .T. ) ;
#7667 = ADVANCED_FACE ( 'NONE', ( #3021 ), #8328, .T. ) ;
#7668 = DIRECTION ( 'NONE',  ( 0.2503800040544349459, -0.9681476403781095197, 0.000000000000000000 ) ) ;
#7669 = CARTESIAN_POINT ( 'NONE',  ( 100.2195102095328707, 18.00000000000299849, -10.00000000000000000 ) ) ;
#7670 = ORIENTED_EDGE ( 'NONE', *, *, #6945, .F. ) ;
#7671 = EDGE_CURVE ( 'NONE', #1835, #576, #3827, .T. ) ;
#7672 = LINE ( 'NONE', #808, #2887 ) ;
#7673 = AXIS2_PLACEMENT_3D ( 'NONE', #1179, #5061, #4306 ) ;
#7674 = CARTESIAN_POINT ( 'NONE',  ( 107.1256046906744359, 18.00000000000299494, -0.004142135623725405440 ) ) ;
#7675 = EDGE_CURVE ( 'NONE', #4635, #5757, #6877, .T. ) ;
#7676 = DIRECTION ( 'NONE',  ( -1.000000000000000000, 0.000000000000000000, 0.000000000000000000 ) ) ;
#7677 = CARTESIAN_POINT ( 'NONE',  ( 0.000000000000000000, 18.00000000000299849, -10.00000000000000000 ) ) ;
#7678 = AXIS2_PLACEMENT_3D ( 'NONE', #7415, #2003, #1959 ) ;
#7679 = CARTESIAN_POINT ( 'NONE',  ( 246.7516052464118559, 11.23999999999625032, -10.00000000000000000 ) ) ;
#7680 = EDGE_LOOP ( 'NONE', ( #4957, #5966, #7631, #855 ) ) ;
#7681 = ADVANCED_FACE ( 'NONE', ( #8426 ), #3626, .T. ) ;
#7682 = VERTEX_POINT ( 'NONE', #5929 ) ;
#7683 = DIRECTION ( 'NONE',  ( 0.2503800040544349459, 0.9681476403781095197, 0.000000000000000000 ) ) ;
#7684 = CARTESIAN_POINT ( 'NONE',  ( 7.717399403842600591, 11.24999999999624833, -9.990000000000000213 ) ) ;
#7685 = EDGE_CURVE ( 'NONE', #2387, #6276, #8950, .T. ) ;
#7686 =( BOUNDED_CURVE ( )  B_SPLINE_CURVE ( 3, ( #2397, #8508, #895, #3971 ),
 .UNSPECIFIED., .F., .F. ) 
 B_SPLINE_CURVE_WITH_KNOTS ( ( 4, 4 ),
 ( 0.000000000000000000, 1.570796326795113496 ),
 .UNSPECIFIED. ) 
 CURVE ( )  GEOMETRIC_REPRESENTATION_ITEM ( )  RATIONAL_B_SPLINE_CURVE ( ( 1.000000000000000000, 0.8047378541243138672, 0.8047378541243138672, 1.000000000000000000 ) ) 
 REPRESENTATION_ITEM ( '' )  );
#7687 = ORIENTED_EDGE ( 'NONE', *, *, #509, .F. ) ;
#7688 = EDGE_LOOP ( 'NONE', ( #6293, #5822, #2632, #8708 ) ) ;
#7689 = CARTESIAN_POINT ( 'NONE',  ( 119.0613232822733067, 17.99000000000300048, 0.000000000000000000 ) ) ;
#7690 = ORIENTED_EDGE ( 'NONE', *, *, #2157, .T. ) ;
#7691 = CARTESIAN_POINT ( 'NONE',  ( 182.5238282907498331, 18.00000000000299849, -10.00000000000000000 ) ) ;
#7692 = CIRCLE ( 'NONE', #3063, 17.98999999999997712 ) ;
#7693 = CARTESIAN_POINT ( 'NONE',  ( 139.6610835199046790, 11.24585786437251933, -9.999999999999998224 ) ) ;
#7694 = ORIENTED_EDGE ( 'NONE', *, *, #3207, .F. ) ;
#7695 = CARTESIAN_POINT ( 'NONE',  ( 109.6442881595423131, 18.00000000000299849, -0.009999999999999592548 ) ) ;
#7696 = CARTESIAN_POINT ( 'NONE',  ( 20.56467727346408836, 11.23999999999625032, 0.000000000000000000 ) ) ;
#7697 = CARTESIAN_POINT ( 'NONE',  ( 137.9108791822921205, 17.99000000000300048, 0.000000000000000000 ) ) ;
#7698 = VECTOR ( 'NONE', #9598, 1000.000000000000000 ) ;
#7699 = CARTESIAN_POINT ( 'NONE',  ( 11.13215649617624869, 11.24999999999624833, -10.00000000000000000 ) ) ;
#7700 = LINE ( 'NONE', #9230, #5525 ) ;
#7701 = CARTESIAN_POINT ( 'NONE',  ( 163.6742723907309767, 18.00000000000299849, -10.00000000000000000 ) ) ;
#7702 = EDGE_CURVE ( 'NONE', #3238, #16, #8224, .T. ) ;
#7703 = ORIENTED_EDGE ( 'NONE', *, *, #4562, .T. ) ;
#7704 = VERTEX_POINT ( 'NONE', #602 ) ;
#7705 = CARTESIAN_POINT ( 'NONE',  ( 283.4972739408158304, 17.63126732506758643, -9.628641978563818427 ) ) ;
#7706 = VERTEX_POINT ( 'NONE', #9749 ) ;
#7707 = CARTESIAN_POINT ( 'NONE',  ( 158.5061037767149799, 11.23999999999624677, 0.000000000000000000 ) ) ;
#7708 = DIRECTION ( 'NONE',  ( 0.000000000000000000, 0.000000000000000000, -1.000000000000000000 ) ) ;
#7709 = PLANE ( 'NONE',  #953 ) ;
#7710 = VECTOR ( 'NONE', #6470, 1000.000000000000000 ) ;
#7711 = CARTESIAN_POINT ( 'NONE',  ( 20.55693444618567156, 11.24999999999624833, -9.995857864376265667 ) ) ;
#7713 = CARTESIAN_POINT ( 'NONE',  ( 31.73512391787747333, 17.99000000000300048, -10.00000000000000000 ) ) ;
#7712 =( BOUNDED_CURVE ( )  B_SPLINE_CURVE ( 3, ( #7315, #458, #9649, #9506 ),
 .UNSPECIFIED., .F., .T. ) 
 B_SPLINE_CURVE_WITH_KNOTS ( ( 4, 4 ),
 ( 3.141592653589813544, 4.712388980383302339 ),
 .UNSPECIFIED. ) 
 CURVE ( )  GEOMETRIC_REPRESENTATION_ITEM ( )  RATIONAL_B_SPLINE_CURVE ( ( 1.000000000000000000, 0.8047378541246967831, 0.8047378541246967831, 1.000000000000000000 ) ) 
 REPRESENTATION_ITEM ( '' )  );
#7714 = CARTESIAN_POINT ( 'NONE',  ( 133.6542698462987460, 11.24999999999624833, -0.009999999999999592548 ) ) ;
#7715 = VERTEX_POINT ( 'NONE', #2924 ) ;
#7716 = ORIENTED_EDGE ( 'NONE', *, *, #887, .F. ) ;
#7717 = CARTESIAN_POINT ( 'NONE',  ( 0.000000000000000000, 18.00000000000299849, -9.990000000000000213 ) ) ;
#7718 = CARTESIAN_POINT ( 'NONE',  ( 53.09562045948576525, 18.00000000000299849, -0.009999999999999592548 ) ) ;
#7719 = EDGE_LOOP ( 'NONE', ( #5746, #289, #8780, #9650 ) ) ;
#7720 = CARTESIAN_POINT ( 'NONE',  ( 34.23832173218849562, 17.99000000000300048, 0.000000000000000000 ) ) ;
#7721 = AXIS2_PLACEMENT_3D ( 'NONE', #7677, #8336, #4682 ) ;
#7722 = VECTOR ( 'NONE', #995, 1000.000000000000000 ) ;
#7723 = EDGE_CURVE ( 'NONE', #8502, #1358, #109, .T. ) ;
#7724 = CARTESIAN_POINT ( 'NONE',  ( 175.6111649229656280, 18.02540000000299969, -10.00000000000000000 ) ) ;
#7725 = FACE_OUTER_BOUND ( 'NONE', #6671, .T. ) ;
#7726 = EDGE_CURVE ( 'NONE', #7555, #4616, #7773, .T. ) ;
#7727 = DIRECTION ( 'NONE',  ( 1.000000000000000000, 0.000000000000000000, 0.000000000000000000 ) ) ;
#7728 = VECTOR ( 'NONE', #1341, 1000.000000000000000 ) ;
#7729 = LINE ( 'NONE', #169, #1000 ) ;
#7730 = CARTESIAN_POINT ( 'NONE',  ( 161.9286036963270305, 11.24999999999624833, -0.009999999999999592548 ) ) ;
#7731 = CARTESIAN_POINT ( 'NONE',  ( 0.000000000000000000, 11.23999999999625032, -9.990000000000000213 ) ) ;
#7732 = EDGE_LOOP ( 'NONE', ( #4349, #873, #5163, #6599 ) ) ;
#7733 = EDGE_LOOP ( 'NONE', ( #3365, #7585, #3302, #3891 ) ) ;
#7734 = CYLINDRICAL_SURFACE ( 'NONE', #5770, 0.01000000000000777003 ) ;
#7735 =( BOUNDED_CURVE ( )  B_SPLINE_CURVE ( 3, ( #1271, #8147, #1131, #5718 ),
 .UNSPECIFIED., .F., .F. ) 
 B_SPLINE_CURVE_WITH_KNOTS ( ( 4, 4 ),
 ( 0.000000000000000000, 1.570796326794896558 ),
 .UNSPECIFIED. ) 
 CURVE ( )  GEOMETRIC_REPRESENTATION_ITEM ( )  RATIONAL_B_SPLINE_CURVE ( ( 1.000000000000000000, 0.8047378541243649375, 0.8047378541243649375, 1.000000000000000000 ) ) 
 REPRESENTATION_ITEM ( '' )  );
#7736 = EDGE_CURVE ( 'NONE', #5224, #7382, #3269, .T. ) ;
#7737 = VECTOR ( 'NONE', #7893, 1000.000000000000000 ) ;
#7738 = CYLINDRICAL_SURFACE ( 'NONE', #8911, 0.01000000000000777003 ) ;
#7739 = ORIENTED_EDGE ( 'NONE', *, *, #6643, .T. ) ;
#7740 = ADVANCED_FACE ( 'NONE', ( #7816 ), #2453, .T. ) ;
#7741 = ORIENTED_EDGE ( 'NONE', *, *, #4411, .F. ) ;
#7742 = LINE ( 'NONE', #233, #1367 ) ;
#7743 = DIRECTION ( 'NONE',  ( -1.000000000000000000, -0.000000000000000000, -0.000000000000000000 ) ) ;
#7744 = ORIENTED_EDGE ( 'NONE', *, *, #987, .F. ) ;
#7745 = DIRECTION ( 'NONE',  ( 0.2503800040544349459, -0.9681476403781095197, 0.000000000000000000 ) ) ;
#7746 = CIRCLE ( 'NONE', #8538, 0.009999999999999592548 ) ;
#7747 = LINE ( 'NONE', #2328, #3231 ) ;
#7748 = ORIENTED_EDGE ( 'NONE', *, *, #4744, .T. ) ;
#7749 = EDGE_CURVE ( 'NONE', #5100, #3118, #5533, .T. ) ;
#7750 = CARTESIAN_POINT ( 'NONE',  ( 50.57693699061790227, 18.00000000000299849, -10.00000000000000000 ) ) ;
#7751 =( BOUNDED_CURVE ( )  B_SPLINE_CURVE ( 3, ( #2053, #9698, #7416, #7519 ),
 .UNSPECIFIED., .F., .F. ) 
 B_SPLINE_CURVE_WITH_KNOTS ( ( 4, 4 ),
 ( 3.141592653589793116, 4.712388980383780179 ),
 .UNSPECIFIED. ) 
 CURVE ( )  GEOMETRIC_REPRESENTATION_ITEM ( )  RATIONAL_B_SPLINE_CURVE ( ( 1.000000000000000000, 0.8047378541245793215, 0.8047378541245793215, 1.000000000000000000 ) ) 
 REPRESENTATION_ITEM ( '' )  );
#7752 = PLANE ( 'NONE',  #2043 ) ;
#7753 = DIRECTION ( 'NONE',  ( 1.000000000000000000, 0.000000000000000000, 0.000000000000000000 ) ) ;
#7754 = CARTESIAN_POINT ( 'NONE',  ( 283.1285412658784821, 17.98999999972940955, -2.422514229147298970E-16 ) ) ;
#7755 =( LENGTH_UNIT ( ) NAMED_UNIT ( * ) SI_UNIT ( .MILLI., .METRE. ) );
#7756 = CARTESIAN_POINT ( 'NONE',  ( 282.9972739408158304, 17.99000000000300048, -0.01000000000000000021 ) ) ;
#7757 = VERTEX_POINT ( 'NONE', #2356 ) ;
#7758 = ORIENTED_EDGE ( 'NONE', *, *, #3287, .F. ) ;
#7759 = CARTESIAN_POINT ( 'NONE',  ( 283.1285412658784821, 17.98999999972940955, -9.999999999999998224 ) ) ;
#7760 = ORIENTED_EDGE ( 'NONE', *, *, #6139, .T. ) ;
#7761 = CARTESIAN_POINT ( 'NONE',  ( 182.5315711180282960, 17.99000000000299693, 0.000000000000000000 ) ) ;
#7762 = CARTESIAN_POINT ( 'NONE',  ( 0.000000000000000000, 18.00000000000299849, -9.990000000000000213 ) ) ;
#7763 = CARTESIAN_POINT ( 'NONE',  ( 88.29229915370201809, 18.02289619996245307, -0.009999999999999592548 ) ) ;
#7764 =( BOUNDED_CURVE ( )  B_SPLINE_CURVE ( 3, ( #881, #7104, #337, #1829 ),
 .UNSPECIFIED., .F., .F. ) 
 B_SPLINE_CURVE_WITH_KNOTS ( ( 4, 4 ),
 ( 3.141592653589793116, 4.712388980384689674 ),
 .UNSPECIFIED. ) 
 CURVE ( )  GEOMETRIC_REPRESENTATION_ITEM ( )  RATIONAL_B_SPLINE_CURVE ( ( 1.000000000000000000, 0.8047378541243649375, 0.8047378541243649375, 1.000000000000000000 ) ) 
 REPRESENTATION_ITEM ( '' )  );
#7765 = DIRECTION ( 'NONE',  ( 0.9681476403781095197, -0.2503800040544349459, 0.000000000000000000 ) ) ;
#7766 = CARTESIAN_POINT ( 'NONE',  ( 218.4850142236619774, 11.23999999999624855, -10.00000000000000000 ) ) ;
#7767 = CARTESIAN_POINT ( 'NONE',  ( 22.31228461699340926, 17.99749619996245542, -10.00000000000000000 ) ) ;
#7768 = PLANE ( 'NONE',  #8964 ) ;
#7769 = ORIENTED_EDGE ( 'NONE', *, *, #2015, .T. ) ;
#7770 = ORIENTED_EDGE ( 'NONE', *, *, #9797, .T. ) ;
#7771 =( BOUNDED_CURVE ( )  B_SPLINE_CURVE ( 3, ( #1428, #9137, #2290, #618 ),
 .UNSPECIFIED., .F., .F. ) 
 B_SPLINE_CURVE_WITH_KNOTS ( ( 4, 4 ),
 ( 3.141592653589793116, 4.712388980384689674 ),
 .UNSPECIFIED. ) 
 CURVE ( )  GEOMETRIC_REPRESENTATION_ITEM ( )  RATIONAL_B_SPLINE_CURVE ( ( 1.000000000000000000, 0.8047378541243649375, 0.8047378541243649375, 1.000000000000000000 ) ) 
 REPRESENTATION_ITEM ( '' )  );
#7772 = FACE_OUTER_BOUND ( 'NONE', #1509, .T. ) ;
#7773 = LINE ( 'NONE', #3216, #9465 ) ;
#7774 = EDGE_LOOP ( 'NONE', ( #9719, #8603, #8173, #616 ) ) ;
#7775 = CARTESIAN_POINT ( 'NONE',  ( 143.0867906235865803, 11.23999999999624855, -10.00000000000000000 ) ) ;
#7776 = FACE_OUTER_BOUND ( 'NONE', #6250, .T. ) ;
#7777 = LINE ( 'NONE', #907, #7076 ) ;
#7778 = FACE_OUTER_BOUND ( 'NONE', #2858, .T. ) ;
#7779 = TOROIDAL_SURFACE ( 'NONE', #4430, 8.010000000000035314, 0.01000000000000000021 ) ;
#7780 = DIRECTION ( 'NONE',  ( -0.2503800040544349459, 0.9681476403781095197, 0.000000000000000000 ) ) ;
#7781 = CARTESIAN_POINT ( 'NONE',  ( 65.08381736158440845, 1.168180373290552465, 0.000000000000000000 ) ) ;
#7782 = DIRECTION ( 'NONE',  ( -1.000000000000000000, -0.000000000000000000, -0.000000000000000000 ) ) ;
#7783 = VERTEX_POINT ( 'NONE', #3317 ) ;
#7784 = EDGE_CURVE ( 'NONE', #2782, #4258, #7239, .T. ) ;
#7785 = DIRECTION ( 'NONE',  ( 0.2503800040544349459, -0.9681476403781095197, -0.000000000000000000 ) ) ;
#7786 = AXIS2_PLACEMENT_3D ( 'NONE', #3388, #330, #6297 ) ;
#7787 = LINE ( 'NONE', #8438, #6714 ) ;
#7788 = VERTEX_POINT ( 'NONE', #161 ) ;
#7789 = ORIENTED_EDGE ( 'NONE', *, *, #3224, .F. ) ;
#7790 = EDGE_CURVE ( 'NONE', #1106, #7645, #3931, .T. ) ;
#7791 = EDGE_LOOP ( 'NONE', ( #5565, #2583, #3463, #1206 ) ) ;
#7792 = CYLINDRICAL_SURFACE ( 'NONE', #7786, 0.009999999999993465505 ) ;
#7793 = CARTESIAN_POINT ( 'NONE',  ( 139.6642907039745296, 11.24999999999624833, -9.990000000000000213 ) ) ;
#7794 = VERTEX_POINT ( 'NONE', #3880 ) ;
#7795 = LINE ( 'NONE', #3242, #4978 ) ;
#7796 = EDGE_CURVE ( 'NONE', #7227, #7844, #6370, .T. ) ;
#7797 = CYLINDRICAL_SURFACE ( 'NONE', #688, 0.009999999999999998473 ) ;
#7798 = EDGE_CURVE ( 'NONE', #1358, #8990, #6433, .T. ) ;
#7799 = FACE_OUTER_BOUND ( 'NONE', #59, .T. ) ;
#7800 = CARTESIAN_POINT ( 'NONE',  ( 149.0813258267055232, 11.23999999999625032, -10.00000000000000000 ) ) ;
#7801 = VERTEX_POINT ( 'NONE', #61 ) ;
#7802 = ORIENTED_EDGE ( 'NONE', *, *, #1613, .T. ) ;
#7803 = DIRECTION ( 'NONE',  ( -1.000000000000000000, 0.000000000000000000, 0.000000000000000000 ) ) ;
#7804 = EDGE_LOOP ( 'NONE', ( #3182, #790, #2299, #108 ) ) ;
#7805 = CARTESIAN_POINT ( 'NONE',  ( 227.9020493463929995, 11.24999999999624833, -0.004142135623730543691 ) ) ;
#7806 = DIRECTION ( 'NONE',  ( 0.000000000000000000, -1.000000000000000000, -0.000000000000000000 ) ) ;
#7807 = CARTESIAN_POINT ( 'NONE',  ( 0.000000000000000000, 0.000000000000000000, -10.00000000000000000 ) ) ;
#7808 = ADVANCED_FACE ( 'NONE', ( #2503 ), #1753, .T. ) ;
#7809 = FACE_OUTER_BOUND ( 'NONE', #1568, .T. ) ;
#7810 = PLANE ( 'NONE',  #614 ) ;
#7811 = EDGE_CURVE ( 'NONE', #405, #4362, #9252, .T. ) ;
#7812 = CARTESIAN_POINT ( 'NONE',  ( 220.2229400907875458, 17.99000000000300048, 0.000000000000000000 ) ) ;
#7813 = ORIENTED_EDGE ( 'NONE', *, *, #4048, .F. ) ;
#7814 = ORIENTED_EDGE ( 'NONE', *, *, #3644, .T. ) ;
#7815 = CARTESIAN_POINT ( 'NONE',  ( 43.67084250947634416, 18.00000000000299849, -10.00000000000000000 ) ) ;
#7816 = FACE_OUTER_BOUND ( 'NONE', #7732, .T. ) ;
#7817 = ORIENTED_EDGE ( 'NONE', *, *, #1923, .T. ) ;
#7818 = VECTOR ( 'NONE', #6350, 1000.000000000000000 ) ;
#7819 = AXIS2_PLACEMENT_3D ( 'NONE', #2937, #5995, #3748 ) ;
#7820 = EDGE_LOOP ( 'NONE', ( #6218, #8895, #7841, #5309 ) ) ;
#7821 = CARTESIAN_POINT ( 'NONE',  ( 243.3368481540782113, 11.24999999999624833, -9.990000000000000213 ) ) ;
#7822 = CYLINDRICAL_SURFACE ( 'NONE', #8460, 0.01000000000000863913 ) ;
#7823 = VECTOR ( 'NONE', #3896, 1000.000000000000000 ) ;
#7824 = VECTOR ( 'NONE', #1530, 1000.000000000000000 ) ;
#7825 = DIRECTION ( 'NONE',  ( 1.000000000000000000, 0.000000000000000000, 0.000000000000000000 ) ) ;
#7826 = DIRECTION ( 'NONE',  ( 0.2503800040544349459, -0.9681476403781095197, 0.000000000000000000 ) ) ;
#7827 = CARTESIAN_POINT ( 'NONE',  ( 7.709656576564182018, 11.23999999999625032, 0.000000000000000000 ) ) ;
#7828 = CARTESIAN_POINT ( 'NONE',  ( 283.4972739408158304, -6.938893903907228378E-15, -0.5000000000000000000 ) ) ;
#7829 = ADVANCED_FACE ( 'NONE', ( #4082 ), #7122, .T. ) ;
#7830 = CARTESIAN_POINT ( 'NONE',  ( 208.7682370861742527, 71.99113716546567332, -9.990000000000000213 ) ) ;
#7831 = VERTEX_POINT ( 'NONE', #257 ) ;
#7832 = VECTOR ( 'NONE', #1741, 1000.000000000000000 ) ;
#7833 = AXIS2_PLACEMENT_3D ( 'NONE', #7904, #91, #7849 ) ;
#7834 = LINE ( 'NONE', #6946, #2060 ) ;
#7835 = CARTESIAN_POINT ( 'NONE',  ( 0.000000000000000000, 11.23999999999625032, -9.990000000000000213 ) ) ;
#7836 = AXIS2_PLACEMENT_3D ( 'NONE', #9238, #2547, #9196 ) ;
#7837 = VECTOR ( 'NONE', #6336, 1000.000000000000000 ) ;
#7838 = EDGE_LOOP ( 'NONE', ( #8469, #6295, #6957, #3589 ) ) ;
#7839 = DIRECTION ( 'NONE',  ( 0.2503800040544349459, 0.9681476403781095197, 0.000000000000000000 ) ) ;
#7840 = LINE ( 'NONE', #6343, #9166 ) ;
#7841 = ORIENTED_EDGE ( 'NONE', *, *, #1754, .F. ) ;
#7842 = CARTESIAN_POINT ( 'NONE',  ( 133.6620126735772089, 11.23999999999624677, -10.00000000000000000 ) ) ;
#7843 = DIRECTION ( 'NONE',  ( 0.2503800040544349459, 0.9681476403781095197, 0.000000000000000000 ) ) ;
#7844 = VERTEX_POINT ( 'NONE', #1801 ) ;
#7845 = AXIS2_PLACEMENT_3D ( 'NONE', #8214, #8795, #5774 ) ;
#7846 = CARTESIAN_POINT ( 'NONE',  ( 50.58014417468773161, 17.99585786437926771, 9.010849500941879577E-16 ) ) ;
#7847 = CARTESIAN_POINT ( 'NONE',  ( 109.6365453322638785, 17.99000000000300048, 0.000000000000000000 ) ) ;
#7848 = EDGE_CURVE ( 'NONE', #3804, #6416, #5691, .T. ) ;
#7849 = DIRECTION ( 'NONE',  ( 0.000000000000000000, 0.000000000000000000, -1.000000000000000000 ) ) ;
#7850 = VECTOR ( 'NONE', #504, 1000.000000000000000 ) ;
#7851 = ORIENTED_EDGE ( 'NONE', *, *, #3633, .F. ) ;
#7852 = ADVANCED_FACE ( 'NONE', ( #6173 ), #9403, .T. ) ;
#7853 = ORIENTED_EDGE ( 'NONE', *, *, #1010, .F. ) ;
#7854 = CARTESIAN_POINT ( 'NONE',  ( 282.9972739408157736, 18.00000000000299849, -9.999999999999998224 ) ) ;
#7855 = ORIENTED_EDGE ( 'NONE', *, *, #1003, .F. ) ;
#7856 = LINE ( 'NONE', #4068, #6354 ) ;
#7857 = CARTESIAN_POINT ( 'NONE',  ( 39.40649034620452085, 11.24999999999624833, -10.00000000000000000 ) ) ;
#7858 = CARTESIAN_POINT ( 'NONE',  ( 191.9563490680377242, 17.99000000000300048, -10.00000000000000000 ) ) ;
#7859 = PLANE ( 'NONE',  #4834 ) ;
#7860 = ADVANCED_FACE ( 'NONE', ( #9204 ), #8468, .T. ) ;
#7861 = AXIS2_PLACEMENT_3D ( 'NONE', #8400, #4699, #5506 ) ;
#7862 = LINE ( 'NONE', #4169, #2865 ) ;
#7863 = EDGE_CURVE ( 'NONE', #5416, #4635, #8109, .T. ) ;
#7864 = CARTESIAN_POINT ( 'NONE',  ( 71.94517635950460033, 18.00000000000299849, -9.990000000000000213 ) ) ;
#7865 = DIRECTION ( 'NONE',  ( 0.2503800040544349459, -0.9681476403781095197, 0.000000000000000000 ) ) ;
#7866 = EDGE_LOOP ( 'NONE', ( #2320, #8991, #7978, #2148 ) ) ;
#7867 = EDGE_CURVE ( 'NONE', #550, #2629, #8840, .T. ) ;
#7868 = ORIENTED_EDGE ( 'NONE', *, *, #7370, .F. ) ;
#7869 = CARTESIAN_POINT ( 'NONE',  ( 29.98171239619509620, 11.24999999999624833, -9.990000000000000213 ) ) ;
#7870 = DIRECTION ( 'NONE',  ( 1.000000000000000000, -0.000000000000000000, -0.000000000000000000 ) ) ;
#7871 = ORIENTED_EDGE ( 'NONE', *, *, #4692, .T. ) ;
#7872 = VECTOR ( 'NONE', #1826, 1000.000000000000000 ) ;
#7873 = ORIENTED_EDGE ( 'NONE', *, *, #2670, .T. ) ;
#7874 = CARTESIAN_POINT ( 'NONE',  ( 0.000000000000000000, 17.99000000000300048, -9.990000000000000213 ) ) ;
#7875 = EDGE_CURVE ( 'NONE', #9159, #129, #5300, .T. ) ;
#7876 = ADVANCED_FACE ( 'NONE', ( #7306 ), #5024, .T. ) ;
#7877 = CARTESIAN_POINT ( 'NONE',  ( 29.98171239619509620, 11.23999999999625032, -10.00000000000000000 ) ) ;
#7878 = VECTOR ( 'NONE', #2866, 1000.000000000000000 ) ;
#7879 = CARTESIAN_POINT ( 'NONE',  ( 0.000000000000000000, 17.99000000000300048, -9.990000000000000213 ) ) ;
#7880 = DIRECTION ( 'NONE',  ( -0.000000000000000000, -0.000000000000000000, 1.000000000000000000 ) ) ;
#7881 = CARTESIAN_POINT ( 'NONE',  ( 241.5834366323957738, 17.99000000000300048, 0.000000000000000000 ) ) ;
#7882 = CARTESIAN_POINT ( 'NONE',  ( 0.000000000000000000, 11.23999999999625032, 0.000000000000000000 ) ) ;
#7883 = CARTESIAN_POINT ( 'NONE',  ( 248.4972739408158020, 18.00000000000299849, -9.990000000000000213 ) ) ;
#7884 = ORIENTED_EDGE ( 'NONE', *, *, #5847, .F. ) ;
#7885 = VECTOR ( 'NONE', #2169, 1000.000000000000000 ) ;
#7886 = LINE ( 'NONE', #7177, #9257 ) ;
#7887 = DIRECTION ( 'NONE',  ( 0.000000000000000000, 0.000000000000000000, -1.000000000000000000 ) ) ;
#7888 = EDGE_LOOP ( 'NONE', ( #9760, #7741, #4055, #4412 ) ) ;
#7889 = EDGE_CURVE ( 'NONE', #6018, #4608, #3255, .T. ) ;
#7890 = AXIS2_PLACEMENT_3D ( 'NONE', #8992, #4517, #9096 ) ;
#7891 = ORIENTED_EDGE ( 'NONE', *, *, #9758, .T. ) ;
#7892 = EDGE_LOOP ( 'NONE', ( #7891, #7284, #3537, #7044, #3552, #3131, #3624, #6455, #1450, #126, #5495, #2934, #1931, #8712, #9668, #3615, #8368, #3799, #5535, #9190, #1390, #7099, #1304, #5076, #9013, #4300, #4429, #8965, #5534, #1993, #8257, #3511, #8210, #6534, #2323, #4997, #7188, #5332, #1424, #5887, #2982, #7703, #1251, #28, #8395, #4394, #9129, #3135, #1198, #6875, #3782, #193, #7274, #6861, #4446, #6204, #2013, #4083, #5081, #4725, #4605, #823, #2062, #1369, #5794, #5530, #8055, #1468, #631, #3813, #9095, #6978, #1699, #6311, #3000, #5753, #998, #6631, #9376, #4606, #4013, #9353, #3219, #9609, #667, #8688, #7639, #47, #2300, #2450, #6577, #5250, #4527, #407, #5449, #4617, #9464, #2576, #3564, #6420, #2108, #4547, #8501, #6335, #9838, #5162, #2058, #9025, #5797, #2922, #2925, #8325 ) ) ;
#7893 = DIRECTION ( 'NONE',  ( -0.2503800040544349459, 0.9681476403781095197, 0.000000000000000000 ) ) ;
#7894 = ORIENTED_EDGE ( 'NONE', *, *, #2209, .T. ) ;
#7895 = DIRECTION ( 'NONE',  ( -0.000000000000000000, -0.000000000000000000, 1.000000000000000000 ) ) ;
#7896 = CARTESIAN_POINT ( 'NONE',  ( 43.66309968219792381, 17.99000000000300048, -10.00000000000000000 ) ) ;
#7897 = ORIENTED_EDGE ( 'NONE', *, *, #6120, .F. ) ;
#7898 = FACE_OUTER_BOUND ( 'NONE', #4080, .T. ) ;
#7899 = AXIS2_PLACEMENT_3D ( 'NONE', #9548, #7314, #1954 ) ;
#7900 = VECTOR ( 'NONE', #3800, 1000.000000000000000 ) ;
#7901 = EDGE_CURVE ( 'NONE', #3647, #4063, #2268, .T. ) ;
#7902 = CARTESIAN_POINT ( 'NONE',  ( 139.6565478766960666, 11.23999999999624677, 0.000000000000000000 ) ) ;
#7903 = CARTESIAN_POINT ( 'NONE',  ( 22.30260314058962834, 18.00000000000299849, -10.00000000000000000 ) ) ;
#7904 = CARTESIAN_POINT ( 'NONE',  ( 0.000000000000000000, 17.99000000000300048, -0.01000000000000000021 ) ) ;
#7905 = LINE ( 'NONE', #1831, #4049 ) ;
#7906 = VERTEX_POINT ( 'NONE', #8746 ) ;
#7907 = ORIENTED_EDGE ( 'NONE', *, *, #567, .F. ) ;
#7908 = CARTESIAN_POINT ( 'NONE',  ( 209.0602362736525777, 11.23999999999625032, 0.000000000000000000 ) ) ;
#7909 = ORIENTED_EDGE ( 'NONE', *, *, #5087, .F. ) ;
#7910 = DIRECTION ( 'NONE',  ( -0.2503800040544349459, -0.9681476403781095197, 0.000000000000000000 ) ) ;
#7911 = DIRECTION ( 'NONE',  ( 0.000000000000000000, 0.000000000000000000, 1.000000000000000000 ) ) ;
#7912 = LINE ( 'NONE', #4717, #2553 ) ;
#7913 = CYLINDRICAL_SURFACE ( 'NONE', #6096, 0.009999999999999592548 ) ;
#7914 = FACE_OUTER_BOUND ( 'NONE', #2823, .T. ) ;
#7915 = EDGE_CURVE ( 'NONE', #6625, #5416, #5771, .T. ) ;
#7916 =( BOUNDED_CURVE ( )  B_SPLINE_CURVE ( 3, ( #1145, #7127, #5692, #7267 ),
 .UNSPECIFIED., .F., .F. ) 
 B_SPLINE_CURVE_WITH_KNOTS ( ( 4, 4 ),
 ( 3.141592653589793116, 4.712388980384689674 ),
 .UNSPECIFIED. ) 
 CURVE ( )  GEOMETRIC_REPRESENTATION_ITEM ( )  RATIONAL_B_SPLINE_CURVE ( ( 1.000000000000000000, 0.8047378541243649375, 0.8047378541243649375, 1.000000000000000000 ) ) 
 REPRESENTATION_ITEM ( '' )  );
#7917 = CARTESIAN_POINT ( 'NONE',  ( 180.7781595963459154, 11.24999999999624478, -9.990000000000000213 ) ) ;
#7918 = CARTESIAN_POINT ( 'NONE',  ( 41.15215904060847407, 18.00000000000299849, -9.990000000000000213 ) ) ;
#7919 = VERTEX_POINT ( 'NONE', #4317 ) ;
#7920 = VERTEX_POINT ( 'NONE', #7348 ) ;
#7921 = ORIENTED_EDGE ( 'NONE', *, *, #6841, .F. ) ;
#7922 = EDGE_CURVE ( 'NONE', #1185, #5551, #4922, .T. ) ;
#7923 = ORIENTED_EDGE ( 'NONE', *, *, #2650, .T. ) ;
#7924 = EDGE_CURVE ( 'NONE', #6100, #2871, #2809, .T. ) ;
#7925 = CARTESIAN_POINT ( 'NONE',  ( 0.000000000000000000, 18.00000000000299849, -10.00000000000000000 ) ) ;
#7926 = EDGE_CURVE ( 'NONE', #2797, #5393, #3244, .T. ) ;
#7927 = CARTESIAN_POINT ( 'NONE',  ( 135.3999385407026921, 18.00000000000299849, -9.990000000000000213 ) ) ;
#7928 = DIRECTION ( 'NONE',  ( -0.9681476403781361650, -0.2503800040543317507, 0.000000000000000000 ) ) ;
#7929 = DIRECTION ( 'NONE',  ( 1.000000000000000000, 0.000000000000000000, 0.000000000000000000 ) ) ;
#7930 = ADVANCED_FACE ( 'NONE', ( #4271 ), #1187, .T. ) ;
#7931 = CARTESIAN_POINT ( 'NONE',  ( -198.0000000000000000, -83.00000000000000000, -10.00000000000000000 ) ) ;
#7932 = DIRECTION ( 'NONE',  ( 0.000000000000000000, 0.000000000000000000, -1.000000000000000000 ) ) ;
#7933 = CYLINDRICAL_SURFACE ( 'NONE', #8096, 0.009999999999999592548 ) ;
#7934 = VERTEX_POINT ( 'NONE', #7164 ) ;
#7935 = ADVANCED_FACE ( 'NONE', ( #1087 ), #301, .T. ) ;
#7936 = CARTESIAN_POINT ( 'NONE',  ( 283.4972739408158304, 0.5000000000000000000, -9.500000000000000000 ) ) ;
#7937 =( BOUNDED_CURVE ( )  B_SPLINE_CURVE ( 3, ( #1165, #8773, #2528, #7993 ),
 .UNSPECIFIED., .F., .F. ) 
 B_SPLINE_CURVE_WITH_KNOTS ( ( 4, 4 ),
 ( 3.141592653589793116, 4.712388980381893688 ),
 .UNSPECIFIED. ) 
 CURVE ( )  GEOMETRIC_REPRESENTATION_ITEM ( )  RATIONAL_B_SPLINE_CURVE ( ( 1.000000000000000000, 0.8047378541250239659, 0.8047378541250239659, 1.000000000000000000 ) ) 
 REPRESENTATION_ITEM ( '' )  );
#7938 = DIRECTION ( 'NONE',  ( -1.000000000000000000, -0.000000000000000000, -0.000000000000000000 ) ) ;
#7939 = ORIENTED_EDGE ( 'NONE', *, *, #6085, .T. ) ;
#7940 = LINE ( 'NONE', #41, #4222 ) ;
#7941 = ORIENTED_EDGE ( 'NONE', *, *, #77, .F. ) ;
#7942 = DIRECTION ( 'NONE',  ( -0.000000000000000000, -0.000000000000000000, 1.000000000000000000 ) ) ;
#7943 = CARTESIAN_POINT ( 'NONE',  ( -215.9900000000000091, -83.00000000000000000, 0.000000000000000000 ) ) ;
#7944 = ORIENTED_EDGE ( 'NONE', *, *, #3447, .T. ) ;
#7945 = CARTESIAN_POINT ( 'NONE',  ( 107.1333475179528278, 17.99000000000300048, -10.00000000000000000 ) ) ;
#7946 = FACE_OUTER_BOUND ( 'NONE', #4960, .T. ) ;
#7947 = ORIENTED_EDGE ( 'NONE', *, *, #3649, .F. ) ;
#7948 = AXIS2_PLACEMENT_3D ( 'NONE', #2140, #9507, #592 ) ;
#7949 = CARTESIAN_POINT ( 'NONE',  ( 144.8312853773547886, 18.02540000000299969, -0.009999999999999592548 ) ) ;
#7950 = CARTESIAN_POINT ( 'NONE',  ( 191.9551751274019296, 18.02540000000299969, -10.00000000000000000 ) ) ;
#7951 = CARTESIAN_POINT ( 'NONE',  ( 0.000000000000000000, 18.00000000000299849, -10.00000000000000000 ) ) ;
#7952 = VECTOR ( 'NONE', #5358, 1000.000000000000000 ) ;
#7953 = DIRECTION ( 'NONE',  ( -1.000000000000000000, 0.000000000000000000, 0.000000000000000000 ) ) ;
#7954 = VERTEX_POINT ( 'NONE', #5726 ) ;
#7955 = CARTESIAN_POINT ( 'NONE',  ( 190.2029375463553151, 11.24999999999624833, -0.009999999999999592548 ) ) ;
#7956 = ORIENTED_EDGE ( 'NONE', *, *, #4929, .T. ) ;
#7957 = DIRECTION ( 'NONE',  ( -0.2503800040544349459, 0.9681476403781095197, -0.000000000000000000 ) ) ;
#7958 = CARTESIAN_POINT ( 'NONE',  ( 0.000000000000000000, 18.00000000000299849, -9.990000000000000213 ) ) ;
#7959 = CARTESIAN_POINT ( 'NONE',  ( 48.83901112349236229, 11.23999999999625032, 0.000000000000000000 ) ) ;
#7960 = LINE ( 'NONE', #152, #5435 ) ;
#7961 = CARTESIAN_POINT ( 'NONE',  ( 73.68310222663015452, 11.23999999999625210, 0.000000000000000000 ) ) ;
#7962 = CARTESIAN_POINT ( 'NONE',  ( 210.7981621407780892, 18.00000000000299849, -9.990000000000000213 ) ) ;
#7963 = ORIENTED_EDGE ( 'NONE', *, *, #7875, .T. ) ;
#7964 = ORIENTED_EDGE ( 'NONE', *, *, #4695, .T. ) ;
#7965 = DIRECTION ( 'NONE',  ( 1.000000000000000000, -0.000000000000000000, -0.000000000000000000 ) ) ;
#7966 = EDGE_LOOP ( 'NONE', ( #2033, #1921, #4641, #2951 ) ) ;
#7967 = VERTEX_POINT ( 'NONE', #9591 ) ;
#7968 = DIRECTION ( 'NONE',  ( 0.000000000000000000, -0.000000000000000000, 1.000000000000000000 ) ) ;
#7969 = EDGE_CURVE ( 'NONE', #7542, #7844, #1138, .T. ) ;
#7970 = DIRECTION ( 'NONE',  ( -0.2503800040544349459, -0.9681476403781095197, -0.000000000000000000 ) ) ;
#7971 = DIRECTION ( 'NONE',  ( 0.000000000000000000, 0.000000000000000000, -1.000000000000000000 ) ) ;
#7972 = VECTOR ( 'NONE', #6520, 1000.000000000000000 ) ;
#7973 = CARTESIAN_POINT ( 'NONE',  ( 0.000000000000000000, 18.00000000000299849, -10.00000000000000000 ) ) ;
#7974 = FACE_OUTER_BOUND ( 'NONE', #2816, .T. ) ;
#7975 = DIRECTION ( 'NONE',  ( -0.2503800040544349459, -0.9681476403781095197, 0.000000000000000000 ) ) ;
#7976 = ADVANCED_FACE ( 'NONE', ( #6418 ), #404, .T. ) ;
#7977 =( BOUNDED_CURVE ( )  B_SPLINE_CURVE ( 3, ( #3137, #6146, #7046, #774 ),
 .UNSPECIFIED., .F., .F. ) 
 B_SPLINE_CURVE_WITH_KNOTS ( ( 4, 4 ),
 ( 0.000000000000000000, 1.570796326794896558 ),
 .UNSPECIFIED. ) 
 CURVE ( )  GEOMETRIC_REPRESENTATION_ITEM ( )  RATIONAL_B_SPLINE_CURVE ( ( 1.000000000000000000, 0.8047378541243649375, 0.8047378541243649375, 1.000000000000000000 ) ) 
 REPRESENTATION_ITEM ( '' )  );
#7978 = ORIENTED_EDGE ( 'NONE', *, *, #3207, .T. ) ;
#7979 = VECTOR ( 'NONE', #7067, 1000.000000000000000 ) ;
#7980 = CARTESIAN_POINT ( 'NONE',  ( 100.2195102095328707, 18.00000000000299849, -0.009999999999999592548 ) ) ;
#7981 = EDGE_CURVE ( 'NONE', #144, #3647, #2087, .T. ) ;
#7982 = DIRECTION ( 'NONE',  ( 0.000000000000000000, -0.000000000000000000, 1.000000000000000000 ) ) ;
#7983 = VERTEX_POINT ( 'NONE', #5967 ) ;
#7984 = EDGE_CURVE ( 'NONE', #7645, #1700, #7448, .T. ) ;
#7985 = AXIS2_PLACEMENT_3D ( 'NONE', #6240, #5497, #7887 ) ;
#7986 = ORIENTED_EDGE ( 'NONE', *, *, #1430, .T. ) ;
#7987 = CARTESIAN_POINT ( 'NONE',  ( 173.0990503407404333, 18.00000000000299849, -10.00000000000000000 ) ) ;
#7988 = EDGE_CURVE ( 'NONE', #184, #1567, #8937, .T. ) ;
#7989 = VECTOR ( 'NONE', #9229, 1000.000000000000000 ) ;
#7990 = CARTESIAN_POINT ( 'NONE',  ( 35.99173325387086919, 11.24999999999625189, -9.995857864376267443 ) ) ;
#7991 = ORIENTED_EDGE ( 'NONE', *, *, #2900, .F. ) ;
#7992 = CARTESIAN_POINT ( 'NONE',  ( 152.5038257463176592, 11.24999999999624833, -9.995857864376265667 ) ) ;
#7993 = CARTESIAN_POINT ( 'NONE',  ( 158.5061037767149799, 11.23999999999625032, -10.00000000000000000 ) ) ;
#7994 = ORIENTED_EDGE ( 'NONE', *, *, #4871, .T. ) ;
#7995 = EDGE_CURVE ( 'NONE', #3398, #403, #5216, .T. ) ;
#7996 = DIRECTION ( 'NONE',  ( 0.2503800040544349459, 0.9681476403781095197, 0.000000000000000000 ) ) ;
#7997 = VECTOR ( 'NONE', #1035, 1000.000000000000000 ) ;
#7998 = TOROIDAL_SURFACE ( 'NONE', #8753, 8.010000000000035314, 0.01000000000000000021 ) ;
#7999 = FACE_OUTER_BOUND ( 'NONE', #1622, .T. ) ;
#8000 = ADVANCED_FACE ( 'NONE', ( #4460 ), #6769, .T. ) ;
#8001 = CARTESIAN_POINT ( 'NONE',  ( 34.23832173218850272, 17.99000000000300048, -10.00000000000000000 ) ) ;
#8002 = CARTESIAN_POINT ( 'NONE',  ( 153.4231897640872262, -21.67793472095949525, 0.000000000000000000 ) ) ;
#8003 = ORIENTED_EDGE ( 'NONE', *, *, #1343, .T. ) ;
#8004 = ORIENTED_EDGE ( 'NONE', *, *, #4261, .F. ) ;
#8005 = DIRECTION ( 'NONE',  ( 1.000000000000000000, -0.000000000000000000, -0.000000000000000000 ) ) ;
#8006 = ORIENTED_EDGE ( 'NONE', *, *, #7863, .F. ) ;
#8007 = DIRECTION ( 'NONE',  ( -0.2503800040544349459, -0.9681476403781095197, 0.000000000000000000 ) ) ;
#8008 = VECTOR ( 'NONE', #6251, 1000.000000000000000 ) ;
#8009 = CARTESIAN_POINT ( 'NONE',  ( 243.3368481540782113, 11.24999999999624833, -0.009999999999999592548 ) ) ;
#8010 = DIRECTION ( 'NONE',  ( 1.000000000000000000, -0.000000000000000000, 0.000000000000000000 ) ) ;
#8011 = CARTESIAN_POINT ( 'NONE',  ( 111.3899568539462592, 11.24999999999624833, -9.990000000000000213 ) ) ;
#8012 = VECTOR ( 'NONE', #5731, 1000.000000000000000 ) ;
#8013 = ADVANCED_FACE ( 'NONE', ( #695 ), #2034, .T. ) ;
#8014 = CARTESIAN_POINT ( 'NONE',  ( 125.9751605906933065, 18.00000000000299849, -9.990000000000000213 ) ) ;
#8015 =( BOUNDED_CURVE ( )  B_SPLINE_CURVE ( 3, ( #9382, #926, #879, #7696 ),
 .UNSPECIFIED., .F., .F. ) 
 B_SPLINE_CURVE_WITH_KNOTS ( ( 4, 4 ),
 ( 3.141592653589793116, 4.712388980384521808 ),
 .UNSPECIFIED. ) 
 CURVE ( )  GEOMETRIC_REPRESENTATION_ITEM ( )  RATIONAL_B_SPLINE_CURVE ( ( 1.000000000000000000, 0.8047378541244045724, 0.8047378541244045724, 1.000000000000000000 ) ) 
 REPRESENTATION_ITEM ( '' )  );
#8016 = CARTESIAN_POINT ( 'NONE',  ( 233.9120702040686695, 11.24999999999625722, -0.004142135623729738779 ) ) ;
#8017 = ORIENTED_EDGE ( 'NONE', *, *, #2515, .T. ) ;
#8018 = EDGE_LOOP ( 'NONE', ( #3106, #3067, #5426, #6223 ) ) ;
#8019 = CARTESIAN_POINT ( 'NONE',  ( 101.9651789039368168, 11.24999999999624478, -9.995857864376267443 ) ) ;
#8020 = ORIENTED_EDGE ( 'NONE', *, *, #7490, .F. ) ;
#8021 = ORIENTED_EDGE ( 'NONE', *, *, #1003, .T. ) ;
#8022 = DIRECTION ( 'NONE',  ( -0.2503800040544349459, 0.9681476403781095197, 0.000000000000000000 ) ) ;
#8023 =( BOUNDED_CURVE ( )  B_SPLINE_CURVE ( 3, ( #9111, #9806, #8223, #7459 ),
 .UNSPECIFIED., .F., .T. ) 
 B_SPLINE_CURVE_WITH_KNOTS ( ( 4, 4 ),
 ( 3.141592653589793116, 4.712388980384689674 ),
 .UNSPECIFIED. ) 
 CURVE ( )  GEOMETRIC_REPRESENTATION_ITEM ( )  RATIONAL_B_SPLINE_CURVE ( ( 1.000000000000000000, 0.8047378541243649375, 0.8047378541243649375, 1.000000000000000000 ) ) 
 REPRESENTATION_ITEM ( '' )  );
#8024 = DIRECTION ( 'NONE',  ( -1.000000000000000000, 0.000000000000000000, 0.000000000000000000 ) ) ;
#8025 = VECTOR ( 'NONE', #6669, 1000.000000000000000 ) ;
#8026 = CARTESIAN_POINT ( 'NONE',  ( 20.55693444618567156, 11.23999999999625032, -10.00000000000000000 ) ) ;
#8027 = FACE_OUTER_BOUND ( 'NONE', #903, .T. ) ;
#8028 = DIRECTION ( 'NONE',  ( 1.000000000000000000, 0.000000000000000000, 0.000000000000000000 ) ) ;
#8029 = EDGE_LOOP ( 'NONE', ( #5711, #6977, #8098, #3438 ) ) ;
#8030 = EDGE_CURVE ( 'NONE', #5068, #7983, #1475, .T. ) ;
#8031 = VECTOR ( 'NONE', #4724, 1000.000000000000000 ) ;
#8032 = CARTESIAN_POINT ( 'NONE',  ( 283.1285412658785958, 2.541098841762901017E-17, -9.989999999726741464 ) ) ;
#8033 = CARTESIAN_POINT ( 'NONE',  ( 7.717399403842600591, 11.24999999999624833, -0.009999999999999592548 ) ) ;
#8034 = ORIENTED_EDGE ( 'NONE', *, *, #5477, .F. ) ;
#8035 = EDGE_CURVE ( 'NONE', #9592, #1185, #6317, .T. ) ;
#8036 = CARTESIAN_POINT ( 'NONE',  ( 31.73512391787747333, 17.99000000000300048, 0.000000000000000000 ) ) ;
#8037 = AXIS2_PLACEMENT_3D ( 'NONE', #9024, #2068, #8137 ) ;
#8038 = VERTEX_POINT ( 'NONE', #4564 ) ;
#8039 = LINE ( 'NONE', #1112, #6986 ) ;
#8040 = CARTESIAN_POINT ( 'NONE',  ( 283.4972739408158304, 17.50000000000299849, -0.5000000000000000000 ) ) ;
#8041 = ORIENTED_EDGE ( 'NONE', *, *, #4381, .T. ) ;
#8042 = DIRECTION ( 'NONE',  ( 1.460819769243627131E-16, 1.000000000000000000, -0.000000000000000000 ) ) ;
#8043 = CARTESIAN_POINT ( 'NONE',  ( 0.000000000000000000, 17.99000000000300048, -0.01000000000000000021 ) ) ;
#8044 = ORIENTED_EDGE ( 'NONE', *, *, #4072, .F. ) ;
#8045 = ADVANCED_FACE ( 'NONE', ( #645 ), #8157, .F. ) ;
#8046 = ADVANCED_FACE ( 'NONE', ( #1279 ), #9840, .T. ) ;
#8047 = VECTOR ( 'NONE', #5587, 1000.000000000000000 ) ;
#8048 = VECTOR ( 'NONE', #654, 1000.000000000000000 ) ;
#8049 = EDGE_CURVE ( 'NONE', #4860, #4814, #8313, .T. ) ;
#8050 = FACE_OUTER_BOUND ( 'NONE', #3380, .T. ) ;
#8051 = LINE ( 'NONE', #3300, #5006 ) ;
#8052 = ORIENTED_EDGE ( 'NONE', *, *, #5360, .T. ) ;
#8053 = ADVANCED_FACE ( 'NONE', ( #2909 ), #740, .F. ) ;
#8054 = FACE_OUTER_BOUND ( 'NONE', #8558, .T. ) ;
#8055 = ORIENTED_EDGE ( 'NONE', *, *, #3113, .T. ) ;
#8056 = DIRECTION ( 'NONE',  ( 0.2503800040544349459, -0.9681476403781095197, 0.000000000000000000 ) ) ;
#8057 = VECTOR ( 'NONE', #484, 1000.000000000000000 ) ;
#8058 = CARTESIAN_POINT ( 'NONE',  ( 39.40969753027434308, 11.24585786437251755, 4.071938083478370545E-16 ) ) ;
#8059 = PLANE ( 'NONE',  #7673 ) ;
#8060 = LINE ( 'NONE', #7297, #7522 ) ;
#8061 = DIRECTION ( 'NONE',  ( -0.2503800040544349459, -0.9681476403781095197, 0.000000000000000000 ) ) ;
#8062 = VECTOR ( 'NONE', #5654, 1000.000000000000000 ) ;
#8063 = DIRECTION ( 'NONE',  ( 0.9681476403780729934, -0.2503800040545756667, 0.000000000000000000 ) ) ;
#8064 = ORIENTED_EDGE ( 'NONE', *, *, #1354, .T. ) ;
#8065 = ORIENTED_EDGE ( 'NONE', *, *, #2348, .T. ) ;
#8066 = CARTESIAN_POINT ( 'NONE',  ( 90.78816337288083105, 18.02540000000299969, -0.009999999999999592548 ) ) ;
#8067 = ORIENTED_EDGE ( 'NONE', *, *, #2037, .F. ) ;
#8068 = VERTEX_POINT ( 'NONE', #8209 ) ;
#8069 = LINE ( 'NONE', #3420, #1922 ) ;
#8070 =( BOUNDED_CURVE ( )  B_SPLINE_CURVE ( 3, ( #8274, #9012, #659, #6630 ),
 .UNSPECIFIED., .F., .F. ) 
 B_SPLINE_CURVE_WITH_KNOTS ( ( 4, 4 ),
 ( 3.141592653589793116, 4.712388980385361137 ),
 .UNSPECIFIED. ) 
 CURVE ( )  GEOMETRIC_REPRESENTATION_ITEM ( )  RATIONAL_B_SPLINE_CURVE ( ( 1.000000000000000000, 0.8047378541242068417, 0.8047378541242068417, 1.000000000000000000 ) ) 
 REPRESENTATION_ITEM ( '' )  );
#8071 = DIRECTION ( 'NONE',  ( 0.000000000000000000, 0.000000000000000000, 1.000000000000000000 ) ) ;
#8072 = DIRECTION ( 'NONE',  ( -0.9681476403781095197, -0.2503800040544349459, 0.000000000000000000 ) ) ;
#8073 = CARTESIAN_POINT ( 'NONE',  ( 156.7681779095894115, 18.00000000000299849, -0.01000000000000000021 ) ) ;
#8074 = ORIENTED_EDGE ( 'NONE', *, *, #3407, .F. ) ;
#8075 = CARTESIAN_POINT ( 'NONE',  ( 220.2306829180659520, 17.99000000000300048, -10.00000000000000000 ) ) ;
#8076 = CARTESIAN_POINT ( 'NONE',  ( 220.2306829180659520, 17.99000000000300048, -10.00000000000000000 ) ) ;
#8077 = ORIENTED_EDGE ( 'NONE', *, *, #5977, .T. ) ;
#8078 = CARTESIAN_POINT ( 'NONE',  ( 237.3268272964024561, 11.24999999999625544, -9.990000000000000213 ) ) ;
#8079 = DIRECTION ( 'NONE',  ( -1.000000000000000000, 0.000000000000000000, 0.000000000000000000 ) ) ;
#8080 = DIRECTION ( 'NONE',  ( -1.000000000000000000, 0.000000000000000000, 0.000000000000000000 ) ) ;
#8081 = EDGE_LOOP ( 'NONE', ( #4147, #6950, #4247, #5249 ) ) ;
#8082 = DIRECTION ( 'NONE',  ( -0.2503800040544349459, -0.9681476403781095197, 0.000000000000000000 ) ) ;
#8083 = VERTEX_POINT ( 'NONE', #8367 ) ;
#8084 = CARTESIAN_POINT ( 'NONE',  ( -216.0000000000000284, -83.00000000000000000, -10.00000000000000000 ) ) ;
#8085 = DIRECTION ( 'NONE',  ( -0.2503800040544349459, 0.9681476403781095197, 0.000000000000000000 ) ) ;
#8086 = VERTEX_POINT ( 'NONE', #1332 ) ;
#8087 = DIRECTION ( 'NONE',  ( -0.2503800040544349459, -0.9681476403781095197, -0.000000000000000000 ) ) ;
#8088 = EDGE_CURVE ( 'NONE', #6244, #378, #3815, .T. ) ;
#8089 = ORIENTED_EDGE ( 'NONE', *, *, #5144, .T. ) ;
#8090 = FACE_OUTER_BOUND ( 'NONE', #2189, .T. ) ;
#8091 = ADVANCED_FACE ( 'NONE', ( #7399 ), #546, .T. ) ;
#8092 = DIRECTION ( 'NONE',  ( 1.000000000000000000, -0.000000000000000000, -0.000000000000000000 ) ) ;
#8093 = CARTESIAN_POINT ( 'NONE',  ( 201.3733841907686895, 17.99000000000300048, 0.000000000000000000 ) ) ;
#8094 = ORIENTED_EDGE ( 'NONE', *, *, #1412, .T. ) ;
#8095 = EDGE_LOOP ( 'NONE', ( #7789, #3528, #9628 ) ) ;
#8096 = AXIS2_PLACEMENT_3D ( 'NONE', #7173, #366, #313 ) ;
#8097 = DIRECTION ( 'NONE',  ( -1.000000000000000000, 0.000000000000000000, 0.000000000000000000 ) ) ;
#8098 = ORIENTED_EDGE ( 'NONE', *, *, #1743, .F. ) ;
#8099 = ADVANCED_FACE ( 'NONE', ( #4414 ), #6711, .T. ) ;
#8100 = CARTESIAN_POINT ( 'NONE',  ( 166.1929558595988397, 18.00000000000299849, -0.01000000000000000021 ) ) ;
#8101 = CARTESIAN_POINT ( 'NONE',  ( 175.6177338096082963, 18.00000000000299849, -0.009999999999999592548 ) ) ;
#8102 = CARTESIAN_POINT ( 'NONE',  ( 24.82128660945749132, 18.00000000000299849, -0.01000000000000000021 ) ) ;
#8103 = CARTESIAN_POINT ( 'NONE',  ( 88.28261767729823362, 18.02540000000299969, -10.00000000000000000 ) ) ;
#8104 = EDGE_CURVE ( 'NONE', #1787, #4553, #4018, .T. ) ;
#8105 = VECTOR ( 'NONE', #9877, 1000.000000000000000 ) ;
#8106 = CARTESIAN_POINT ( 'NONE',  ( -206.0000000000000284, 107.0000000000000000, -10.00000000000000000 ) ) ;
#8107 = ORIENTED_EDGE ( 'NONE', *, *, #3417, .F. ) ;
#8108 = VERTEX_POINT ( 'NONE', #9338 ) ;
#8109 = LINE ( 'NONE', #8066, #4069 ) ;
#8110 = ORIENTED_EDGE ( 'NONE', *, *, #4451, .T. ) ;
#8111 = EDGE_CURVE ( 'NONE', #6625, #7919, #5365, .T. ) ;
#8112 = FACE_OUTER_BOUND ( 'NONE', #6092, .T. ) ;
#8113 = ADVANCED_FACE ( 'NONE', ( #2490 ), #7014, .T. ) ;
#8114 = CARTESIAN_POINT ( 'NONE',  ( 166.1929558595988681, 18.00000000000299849, -9.990000000000000213 ) ) ;
#8115 = EDGE_CURVE ( 'NONE', #519, #5241, #6162, .T. ) ;
#8116 = DIRECTION ( 'NONE',  ( 0.9681476403781095197, -0.2503800040544349459, 0.000000000000000000 ) ) ;
#8117 = ORIENTED_EDGE ( 'NONE', *, *, #5184, .T. ) ;
#8118 = LINE ( 'NONE', #1244, #373 ) ;
#8119 = DIRECTION ( 'NONE',  ( 0.000000000000000000, 0.000000000000000000, -1.000000000000000000 ) ) ;
#8120 = ORIENTED_EDGE ( 'NONE', *, *, #6690, .T. ) ;
#8121 = PLANE ( 'NONE',  #3372 ) ;
#8122 = DIRECTION ( 'NONE',  ( -1.000000000000000000, 0.000000000000000000, 0.000000000000000000 ) ) ;
#8123 = LINE ( 'NONE', #4895, #5763 ) ;
#8124 = ORIENTED_EDGE ( 'NONE', *, *, #1635, .T. ) ;
#8125 = ADVANCED_FACE ( 'NONE', ( #2438 ), #791, .T. ) ;
#8126 = DIRECTION ( 'NONE',  ( -0.2503800040544349459, 0.9681476403781095197, 0.000000000000000000 ) ) ;
#8127 = VERTEX_POINT ( 'NONE', #8547 ) ;
#8128 = PLANE ( 'NONE',  #3634 ) ;
#8129 = ORIENTED_EDGE ( 'NONE', *, *, #9429, .T. ) ;
#8130 = CARTESIAN_POINT ( 'NONE',  ( 29.98171239619509620, 11.24999999999624833, -0.009999999999999592548 ) ) ;
#8131 = VECTOR ( 'NONE', #713, 1000.000000000000000 ) ;
#8132 = ORIENTED_EDGE ( 'NONE', *, *, #9184, .F. ) ;
#8133 = CYLINDRICAL_SURFACE ( 'NONE', #1407, 0.009999999999999373973 ) ;
#8134 = VECTOR ( 'NONE', #8808, 1000.000000000000000 ) ;
#8135 = VECTOR ( 'NONE', #5147, 1000.000000000000000 ) ;
#8136 = DIRECTION ( 'NONE',  ( -0.9681476403781390516, 0.2503800040543205374, 0.000000000000000000 ) ) ;
#8137 = DIRECTION ( 'NONE',  ( 0.2503800040544349459, -0.9681476403781095197, 0.000000000000000000 ) ) ;
#8138 = EDGE_LOOP ( 'NONE', ( #8366, #7446, #9158, #6026 ) ) ;
#8139 = ORIENTED_EDGE ( 'NONE', *, *, #878, .F. ) ;
#8140 = CARTESIAN_POINT ( 'NONE',  ( 0.000000000000000000, 18.00000000000299849, -9.990000000000000213 ) ) ;
#8141 = VERTEX_POINT ( 'NONE', #8594 ) ;
#8142 = CARTESIAN_POINT ( 'NONE',  ( 128.4861012322827207, 17.99000000000300048, 0.000000000000000000 ) ) ;
#8143 = CARTESIAN_POINT ( 'NONE',  ( 77.10560214624221942, 11.24999999999625189, -9.990000000000000213 ) ) ;
#8144 = CARTESIAN_POINT ( 'NONE',  ( 233.9120702040687831, 11.24999999999624833, -9.990000000000000213 ) ) ;
#8145 = AXIS2_PLACEMENT_3D ( 'NONE', #9456, #8667, #3321 ) ;
#8146 = VECTOR ( 'NONE', #8092, 1000.000000000000000 ) ;
#8147 = CARTESIAN_POINT ( 'NONE',  ( 34.24606455946690886, 18.00000000000299849, -0.004142135623730950483 ) ) ;
#8148 = EDGE_CURVE ( 'NONE', #9077, #9485, #7655, .T. ) ;
#8149 = CARTESIAN_POINT ( 'NONE',  ( 41.15990186788689442, 17.99000000000300048, 0.000000000000000000 ) ) ;
#8150 = EDGE_CURVE ( 'NONE', #9578, #727, #7109, .T. ) ;
#8151 = LINE ( 'NONE', #2805, #2537 ) ;
#8152 = VECTOR ( 'NONE', #1345, 1000.000000000000000 ) ;
#8153 = DIRECTION ( 'NONE',  ( -1.000000000000000000, -0.000000000000000000, -0.000000000000000000 ) ) ;
#8154 = DIRECTION ( 'NONE',  ( -1.000000000000000000, 0.000000000000000000, 0.000000000000000000 ) ) ;
#8155 = ORIENTED_EDGE ( 'NONE', *, *, #2980, .F. ) ;
#8156 = ORIENTED_EDGE ( 'NONE', *, *, #5853, .T. ) ;
#8157 = PLANE ( 'NONE',  #4866 ) ;
#8158 = ORIENTED_EDGE ( 'NONE', *, *, #9619, .T. ) ;
#8159 = DIRECTION ( 'NONE',  ( -0.2503800040544349459, 0.9681476403781095197, 0.000000000000000000 ) ) ;
#8160 = EDGE_CURVE ( 'NONE', #1125, #9659, #596, .T. ) ;
#8161 = CARTESIAN_POINT ( 'NONE',  ( 144.8247164907121487, 18.00000000000299849, -0.009999999999999592548 ) ) ;
#8162 = ADVANCED_FACE ( 'NONE', ( #8452 ), #6000, .T. ) ;
#8163 = ADVANCED_FACE ( 'NONE', ( #979 ), #3199, .T. ) ;
#8164 = DIRECTION ( 'NONE',  ( -0.2503800040544349459, 0.9681476403781095197, 0.000000000000000000 ) ) ;
#8165 = CARTESIAN_POINT ( 'NONE',  ( 43.67084250947634416, 18.00000000000299849, -0.009999999999999592548 ) ) ;
#8166 = ORIENTED_EDGE ( 'NONE', *, *, #6093, .T. ) ;
#8167 = ORIENTED_EDGE ( 'NONE', *, *, #2842, .T. ) ;
#8168 = CARTESIAN_POINT ( 'NONE',  ( 237.3268272964024277, 11.24999999999624833, -9.990000000000000213 ) ) ;
#8169 = CARTESIAN_POINT ( 'NONE',  ( 177.3601953199423349, 11.24585786437252466, -9.999999999999991118 ) ) ;
#8170 = AXIS2_PLACEMENT_3D ( 'NONE', #1334, #7611, #9688 ) ;
#8171 =( BOUNDED_CURVE ( )  B_SPLINE_CURVE ( 3, ( #757, #5987, #9206, #9752 ),
 .UNSPECIFIED., .F., .F. ) 
 B_SPLINE_CURVE_WITH_KNOTS ( ( 4, 4 ),
 ( 3.141592653589793116, 4.712388980384472958 ),
 .UNSPECIFIED. ) 
 CURVE ( )  GEOMETRIC_REPRESENTATION_ITEM ( )  RATIONAL_B_SPLINE_CURVE ( ( 1.000000000000000000, 0.8047378541244161188, 0.8047378541244161188, 1.000000000000000000 ) ) 
 REPRESENTATION_ITEM ( '' )  );
#8172 = ADVANCED_FACE ( 'NONE', ( #1983 ), #4259, .T. ) ;
#8173 = ORIENTED_EDGE ( 'NONE', *, *, #9559, .F. ) ;
#8174 = DIRECTION ( 'NONE',  ( 0.000000000000000000, 0.000000000000000000, -1.000000000000000000 ) ) ;
#8175 = DIRECTION ( 'NONE',  ( -0.2503800040544349459, -0.9681476403781095197, 0.000000000000000000 ) ) ;
#8176 = AXIS2_PLACEMENT_3D ( 'NONE', #9359, #5639, #2461 ) ;
#8177 = ORIENTED_EDGE ( 'NONE', *, *, #1170, .F. ) ;
#8178 = DIRECTION ( 'NONE',  ( -1.000000000000000000, -0.000000000000000000, -0.000000000000000000 ) ) ;
#8179 = VERTEX_POINT ( 'NONE', #5057 ) ;
#8180 = DIRECTION ( 'NONE',  ( 0.000000000000000000, 0.000000000000000000, -1.000000000000000000 ) ) ;
#8181 = LINE ( 'NONE', #2113, #3429 ) ;
#8182 = VERTEX_POINT ( 'NONE', #9524 ) ;
#8183 = CARTESIAN_POINT ( 'NONE',  ( 116.5600641170876202, 17.99749619996246608, -10.00000000000000000 ) ) ;
#8184 = AXIS2_PLACEMENT_3D ( 'NONE', #3509, #5723, #8743 ) ;
#8185 = EDGE_LOOP ( 'NONE', ( #1458, #565, #3830, #8684 ) ) ;
#8186 = ADVANCED_FACE ( 'NONE', ( #434 ), #2746, .F. ) ;
#8187 = CARTESIAN_POINT ( 'NONE',  ( 135.3999385407026921, 18.00000000000299849, -10.00000000000000000 ) ) ;
#8188 = CARTESIAN_POINT ( 'NONE',  ( 175.6177338096082963, 18.00000000000299849, -0.009999999999999592548 ) ) ;
#8189 = VECTOR ( 'NONE', #3377, 1000.000000000000000 ) ;
#8190 = CARTESIAN_POINT ( 'NONE',  ( 190.2106803736337497, 11.23999999999624855, -10.00000000000000000 ) ) ;
#8191 = CARTESIAN_POINT ( 'NONE',  ( 124.2294918962893462, 11.24999999999624833, -0.009999999999999592548 ) ) ;
#8192 = EDGE_LOOP ( 'NONE', ( #7909, #2488, #3290, #711 ) ) ;
#8193 = ORIENTED_EDGE ( 'NONE', *, *, #2232, .F. ) ;
#8194 = LINE ( 'NONE', #8295, #3261 ) ;
#8195 = VERTEX_POINT ( 'NONE', #7955 ) ;
#8196 = CARTESIAN_POINT ( 'NONE',  ( 92.53719376985755218, 11.24585786437251933, -9.999999999999998224 ) ) ;
#8197 = DIRECTION ( 'NONE',  ( -0.2503800040544349459, 0.9681476403781095197, 0.000000000000000000 ) ) ;
#8198 = CARTESIAN_POINT ( 'NONE',  ( 186.7784989776178577, 11.24749619995568750, -10.00000000000000000 ) ) ;
#8199 = VECTOR ( 'NONE', #2731, 1000.000000000000000 ) ;
#8200 = ADVANCED_FACE ( 'NONE', ( #8054 ), #1126, .T. ) ;
#8201 = DIRECTION ( 'NONE',  ( -1.000000000000000000, 0.000000000000000000, 0.000000000000000000 ) ) ;
#8202 = CARTESIAN_POINT ( 'NONE',  ( 124.2294918962893178, 11.24999999999624833, -9.995857864376269220 ) ) ;
#8203 = DIRECTION ( 'NONE',  ( 0.000000000000000000, 0.000000000000000000, 1.000000000000000000 ) ) ;
#8204 = VECTOR ( 'NONE', #975, 1000.000000000000000 ) ;
#8205 = CARTESIAN_POINT ( 'NONE',  ( 0.000000000000000000, 18.00000000000299849, -10.00000000000000000 ) ) ;
#8206 = PLANE ( 'NONE',  #3394 ) ;
#8207 = ORIENTED_EDGE ( 'NONE', *, *, #2370, .F. ) ;
#8208 = ORIENTED_EDGE ( 'NONE', *, *, #6460, .T. ) ;
#8209 = CARTESIAN_POINT ( 'NONE',  ( 185.0347689323392899, 17.99000000000299693, -10.00000000000000000 ) ) ;
#8210 = ORIENTED_EDGE ( 'NONE', *, *, #6573, .T. ) ;
#8211 = DIRECTION ( 'NONE',  ( -1.000000000000000000, 0.000000000000000000, 0.000000000000000000 ) ) ;
#8212 = DIRECTION ( 'NONE',  ( 0.000000000000000000, -0.000000000000000000, 1.000000000000000000 ) ) ;
#8213 = EDGE_CURVE ( 'NONE', #6583, #1548, #4302, .T. ) ;
#8214 = CARTESIAN_POINT ( 'NONE',  ( 0.000000000000000000, 11.23999999999625032, -9.990000000000000213 ) ) ;
#8215 = AXIS2_PLACEMENT_3D ( 'NONE', #6903, #6952, #30 ) ;
#8216 = EDGE_CURVE ( 'NONE', #3786, #6194, #1646, .T. ) ;
#8217 = CARTESIAN_POINT ( 'NONE',  ( 166.1929558595988112, 18.00000000000300204, -9.995857864376256785 ) ) ;
#8218 = LINE ( 'NONE', #1338, #1621 ) ;
#8219 = ORIENTED_EDGE ( 'NONE', *, *, #3644, .F. ) ;
#8220 = EDGE_LOOP ( 'NONE', ( #7944, #6748, #2326, #4925 ) ) ;
#8221 = EDGE_CURVE ( 'NONE', #9287, #4742, #2543, .T. ) ;
#8222 = EDGE_CURVE ( 'NONE', #822, #1703, #9577, .T. ) ;
#8223 = CARTESIAN_POINT ( 'NONE',  ( 152.5070329303874530, 11.24585786437251755, 4.071938083478370545E-16 ) ) ;
#8224 = LINE ( 'NONE', #1342, #6935 ) ;
#8225 = ORIENTED_EDGE ( 'NONE', *, *, #7214, .F. ) ;
#8226 = ADVANCED_FACE ( 'NONE', ( #4213 ), #1880, .T. ) ;
#8227 = DIRECTION ( 'NONE',  ( -0.000000000000000000, -0.000000000000000000, 1.000000000000000000 ) ) ;
#8228 = CARTESIAN_POINT ( 'NONE',  ( 171.3533816463364872, 11.24999999999624833, -0.004142135623730543691 ) ) ;
#8229 = ORIENTED_EDGE ( 'NONE', *, *, #8299, .F. ) ;
#8230 = EDGE_CURVE ( 'NONE', #5897, #7794, #1932, .T. ) ;
#8231 = CARTESIAN_POINT ( 'NONE',  ( 155.7646136446725791, 58.28346810891565610, 0.000000000000000000 ) ) ;
#8232 = ORIENTED_EDGE ( 'NONE', *, *, #9538, .F. ) ;
#8233 = CARTESIAN_POINT ( 'NONE',  ( 171.3611244736148933, 11.23999999999624855, -10.00000000000000000 ) ) ;
#8234 = ORIENTED_EDGE ( 'NONE', *, *, #1656, .T. ) ;
#8235 = LINE ( 'NONE', #1357, #9396 ) ;
#8236 = EDGE_CURVE ( 'NONE', #5551, #3500, #4163, .T. ) ;
#8237 = ORIENTED_EDGE ( 'NONE', *, *, #6337, .F. ) ;
#8238 = CARTESIAN_POINT ( 'NONE',  ( 50.57693699061790227, 18.00000000000299849, -0.009999999999999592548 ) ) ;
#8239 = FACE_OUTER_BOUND ( 'NONE', #1381, .T. ) ;
#8240 = CARTESIAN_POINT ( 'NONE',  ( -189.9999999999999432, 0.000000000000000000, -9.990000000000000213 ) ) ;
#8241 = CARTESIAN_POINT ( 'NONE',  ( 197.5928759653386066, -33.10099226808451789, -9.990000000000000213 ) ) ;
#8242 = VERTEX_POINT ( 'NONE', #3353 ) ;
#8243 = VERTEX_POINT ( 'NONE', #1788 ) ;
#8244 = CARTESIAN_POINT ( 'NONE',  ( 0.000000000000000000, 11.23999999999625032, -9.990000000000000213 ) ) ;
#8245 = ORIENTED_EDGE ( 'NONE', *, *, #279, .T. ) ;
#8246 = LINE ( 'NONE', #5900, #5401 ) ;
#8247 = PLANE ( 'NONE',  #182 ) ;
#8248 = ORIENTED_EDGE ( 'NONE', *, *, #9184, .T. ) ;
#8249 = DIRECTION ( 'NONE',  ( 1.000000000000000000, 0.000000000000000000, 0.000000000000000000 ) ) ;
#8250 = LINE ( 'NONE', #7598, #5291 ) ;
#8251 = DIRECTION ( 'NONE',  ( 0.000000000000000000, 0.000000000000000000, -1.000000000000000000 ) ) ;
#8252 = PLANE ( 'NONE',  #5824 ) ;
#8253 =( BOUNDED_CURVE ( )  B_SPLINE_CURVE ( 3, ( #4017, #5522, #5469, #3159 ),
 .UNSPECIFIED., .F., .F. ) 
 B_SPLINE_CURVE_WITH_KNOTS ( ( 4, 4 ),
 ( 3.141592653589793116, 4.712388980385361137 ),
 .UNSPECIFIED. ) 
 CURVE ( )  GEOMETRIC_REPRESENTATION_ITEM ( )  RATIONAL_B_SPLINE_CURVE ( ( 1.000000000000000000, 0.8047378541242068417, 0.8047378541242068417, 1.000000000000000000 ) ) 
 REPRESENTATION_ITEM ( '' )  );
#8254 = FACE_OUTER_BOUND ( 'NONE', #599, .T. ) ;
#8255 = CARTESIAN_POINT ( 'NONE',  ( 239.0724959908063738, 18.00000000000299849, -0.009999999999999592548 ) ) ;
#8256 = DIRECTION ( 'NONE',  ( 1.000000000000000000, -0.000000000000000000, 0.000000000000000000 ) ) ;
#8257 = ORIENTED_EDGE ( 'NONE', *, *, #8299, .T. ) ;
#8258 = ORIENTED_EDGE ( 'NONE', *, *, #2081, .F. ) ;
#8259 = CARTESIAN_POINT ( 'NONE',  ( 34.24606455946691597, 18.00000000000299849, -0.01000000000000000021 ) ) ;
#8260 = EDGE_LOOP ( 'NONE', ( #4389, #1418, #7357, #5069 ) ) ;
#8261 = CARTESIAN_POINT ( 'NONE',  ( 83.11562300391798885, 11.24999999999624833, -0.009999999999999592548 ) ) ;
#8262 = CARTESIAN_POINT ( 'NONE',  ( 0.000000000000000000, 17.99000000000300048, -9.990000000000000213 ) ) ;
#8263 = CARTESIAN_POINT ( 'NONE',  ( 0.000000000000000000, 11.23999999999625032, -9.990000000000000213 ) ) ;
#8264 = VECTOR ( 'NONE', #8781, 1000.000000000000000 ) ;
#8265 = CARTESIAN_POINT ( 'NONE',  ( 17.13897016978219057, 11.24585786437251755, -10.00000000000000000 ) ) ;
#8266 = DIRECTION ( 'NONE',  ( -0.2503800040544349459, 0.9681476403781095197, 0.000000000000000000 ) ) ;
#8267 = ORIENTED_EDGE ( 'NONE', *, *, #9324, .T. ) ;
#8268 = ORIENTED_EDGE ( 'NONE', *, *, #3098, .F. ) ;
#8269 = FACE_OUTER_BOUND ( 'NONE', #5790, .T. ) ;
#8270 = LINE ( 'NONE', #2313, #527 ) ;
#8271 = VERTEX_POINT ( 'NONE', #5620 ) ;
#8272 = CARTESIAN_POINT ( 'NONE',  ( -197.9999999999999716, 107.0000000000000000, -0.009999999999999592548 ) ) ;
#8273 = CARTESIAN_POINT ( 'NONE',  ( 239.0790648774490421, 18.02540000000299969, -0.009999999999999592548 ) ) ;
#8274 = CARTESIAN_POINT ( 'NONE',  ( 124.2294918962893462, 11.24999999999624833, -0.009999999999999592548 ) ) ;
#8275 = ORIENTED_EDGE ( 'NONE', *, *, #520, .T. ) ;
#8276 = EDGE_CURVE ( 'NONE', #6495, #5223, #1159, .T. ) ;
#8277 = DIRECTION ( 'NONE',  ( 0.000000000000000000, 1.000000000000000000, 0.000000000000000000 ) ) ;
#8278 = VERTEX_POINT ( 'NONE', #6358 ) ;
#8279 = CARTESIAN_POINT ( 'NONE',  ( 0.000000000000000000, 11.23999999999625032, 0.000000000000000000 ) ) ;
#8280 = ORIENTED_EDGE ( 'NONE', *, *, #4887, .T. ) ;
#8281 = LINE ( 'NONE', #6793, #9701 ) ;
#8282 = ORIENTED_EDGE ( 'NONE', *, *, #8639, .T. ) ;
#8283 = EDGE_CURVE ( 'NONE', #6659, #9849, #9479, .T. ) ;
#8284 =( BOUNDED_CURVE ( )  B_SPLINE_CURVE ( 3, ( #2029, #1890, #5109, #1227 ),
 .UNSPECIFIED., .F., .F. ) 
 B_SPLINE_CURVE_WITH_KNOTS ( ( 4, 4 ),
 ( 1.570796326794896558, 3.141592653589793116 ),
 .UNSPECIFIED. ) 
 CURVE ( )  GEOMETRIC_REPRESENTATION_ITEM ( )  RATIONAL_B_SPLINE_CURVE ( ( 1.000000000000000000, 0.8047378541243649375, 0.8047378541243649375, 1.000000000000000000 ) ) 
 REPRESENTATION_ITEM ( '' )  );
#8285 = ADVANCED_FACE ( 'NONE', ( #4863 ), #5670, .T. ) ;
#8286 = CARTESIAN_POINT ( 'NONE',  ( 50.58014417468773871, 17.99585786437927126, -10.00000000000000000 ) ) ;
#8287 =( BOUNDED_CURVE ( )  B_SPLINE_CURVE ( 3, ( #7927, #2663, #1093, #1808 ),
 .UNSPECIFIED., .F., .F. ) 
 B_SPLINE_CURVE_WITH_KNOTS ( ( 4, 4 ),
 ( 3.141592653589793116, 4.712388980384906390 ),
 .UNSPECIFIED. ) 
 CURVE ( )  GEOMETRIC_REPRESENTATION_ITEM ( )  RATIONAL_B_SPLINE_CURVE ( ( 1.000000000000000000, 0.8047378541243139782, 0.8047378541243139782, 1.000000000000000000 ) ) 
 REPRESENTATION_ITEM ( '' )  );
#8288 = EDGE_CURVE ( 'NONE', #8841, #8800, #8696, .T. ) ;
#8289 = CARTESIAN_POINT ( 'NONE',  ( -180.0000000000000000, 2.629475584638528914E-14, -0.009999999999999592548 ) ) ;
#8290 = VECTOR ( 'NONE', #8122, 1000.000000000000000 ) ;
#8291 = CARTESIAN_POINT ( 'NONE',  ( 45.41651120388029739, 11.24999999999624833, -0.004142135623731249723 ) ) ;
#8292 = VERTEX_POINT ( 'NONE', #7908 ) ;
#8293 = ORIENTED_EDGE ( 'NONE', *, *, #1286, .F. ) ;
#8294 = VECTOR ( 'NONE', #5750, 1000.000000000000000 ) ;
#8295 = CARTESIAN_POINT ( 'NONE',  ( 78.86095231704993580, 17.99749619996246253, -10.00000000000000000 ) ) ;
#8296 = ORIENTED_EDGE ( 'NONE', *, *, #6105, .F. ) ;
#8297 = CARTESIAN_POINT ( 'NONE',  ( 196.2097512199611629, 11.24585786437251933, -10.00000000000000178 ) ) ;
#8298 = ORIENTED_EDGE ( 'NONE', *, *, #8430, .F. ) ;
#8299 = EDGE_CURVE ( 'NONE', #544, #8334, #344, .T. ) ;
#8300 =( BOUNDED_CURVE ( )  B_SPLINE_CURVE ( 3, ( #2061, #7470, #5138, #7526 ),
 .UNSPECIFIED., .F., .F. ) 
 B_SPLINE_CURVE_WITH_KNOTS ( ( 4, 4 ),
 ( 3.141592653589793116, 4.712388980384018211 ),
 .UNSPECIFIED. ) 
 CURVE ( )  GEOMETRIC_REPRESENTATION_ITEM ( )  RATIONAL_B_SPLINE_CURVE ( ( 1.000000000000000000, 0.8047378541245233663, 0.8047378541245233663, 1.000000000000000000 ) ) 
 REPRESENTATION_ITEM ( '' )  );
#8301 = CARTESIAN_POINT ( 'NONE',  ( 45.40876837660188414, 11.23999999999625032, 0.000000000000000000 ) ) ;
#8302 = CARTESIAN_POINT ( 'NONE',  ( 50.57693699061790227, 18.00000000000299849, -9.990000000000000213 ) ) ;
#8303 = EDGE_CURVE ( 'NONE', #8347, #2644, #5854, .T. ) ;
#8304 = DIRECTION ( 'NONE',  ( -0.2503800040544349459, 0.9681476403781095197, 0.000000000000000000 ) ) ;
#8305 = AXIS2_PLACEMENT_3D ( 'NONE', #4600, #5210, #8445 ) ;
#8306 = AXIS2_PLACEMENT_3D ( 'NONE', #105, #6073, #2253 ) ;
#8307 = DIRECTION ( 'NONE',  ( -0.2503800040544349459, 0.9681476403781095197, -0.000000000000000000 ) ) ;
#8308 = CYLINDRICAL_SURFACE ( 'NONE', #615, 0.009999999999999998473 ) ;
#8309 = CARTESIAN_POINT ( 'NONE',  ( 0.000000000000000000, 11.23999999999625032, 0.000000000000000000 ) ) ;
#8310 = CARTESIAN_POINT ( 'NONE',  ( 73.69084505390856066, 11.24999999999624833, -0.009999999999999592548 ) ) ;
#8311 = ORIENTED_EDGE ( 'NONE', *, *, #8894, .T. ) ;
#8312 = VERTEX_POINT ( 'NONE', #4499 ) ;
#8313 = LINE ( 'NONE', #1439, #2441 ) ;
#8314 = ORIENTED_EDGE ( 'NONE', *, *, #4885, .T. ) ;
#8315 = FACE_OUTER_BOUND ( 'NONE', #5196, .T. ) ;
#8316 = VECTOR ( 'NONE', #3980, 1000.000000000000000 ) ;
#8317 = VECTOR ( 'NONE', #3448, 1000.000000000000000 ) ;
#8318 = FACE_OUTER_BOUND ( 'NONE', #5427, .T. ) ;
#8319 = DIRECTION ( 'NONE',  ( 0.000000000000000000, 0.000000000000000000, 1.000000000000000000 ) ) ;
#8320 = EDGE_CURVE ( 'NONE', #1879, #300, #8194, .T. ) ;
#8321 = AXIS2_PLACEMENT_3D ( 'NONE', #6362, #4662, #6209 ) ;
#8322 = VECTOR ( 'NONE', #5946, 1000.000000000000000 ) ;
#8323 = CYLINDRICAL_SURFACE ( 'NONE', #9228, 0.009999999999999592548 ) ;
#8324 = DIRECTION ( 'NONE',  ( 0.9681476403780520101, -0.2503800040546569350, 0.000000000000000000 ) ) ;
#8325 = ORIENTED_EDGE ( 'NONE', *, *, #6279, .T. ) ;
#8326 = ORIENTED_EDGE ( 'NONE', *, *, #7685, .F. ) ;
#8327 = FACE_OUTER_BOUND ( 'NONE', #5914, .T. ) ;
#8328 = CYLINDRICAL_SURFACE ( 'NONE', #2616, 0.01000000000000000021 ) ;
#8329 = ORIENTED_EDGE ( 'NONE', *, *, #4490, .T. ) ;
#8330 = AXIS2_PLACEMENT_3D ( 'NONE', #8331, #1554, #7574 ) ;
#8331 = CARTESIAN_POINT ( 'NONE',  ( 0.000000000000000000, 17.99000000000300048, -0.01000000000000000021 ) ) ;
#8332 = CARTESIAN_POINT ( 'NONE',  ( 185.0425117596176960, 18.00000000000299849, -10.00000000000000000 ) ) ;
#8333 = DIRECTION ( 'NONE',  ( 0.000000000000000000, 0.000000000000000000, -1.000000000000000000 ) ) ;
#8334 = VERTEX_POINT ( 'NONE', #4401 ) ;
#8335 = VECTOR ( 'NONE', #699, 1000.000000000000000 ) ;
#8336 = DIRECTION ( 'NONE',  ( 0.000000000000000000, 1.000000000000000000, 0.000000000000000000 ) ) ;
#8337 = ORIENTED_EDGE ( 'NONE', *, *, #2398, .T. ) ;
#8338 = FACE_OUTER_BOUND ( 'NONE', #446, .T. ) ;
#8339 = EDGE_CURVE ( 'NONE', #4436, #4814, #4351, .T. ) ;
#8340 = ORIENTED_EDGE ( 'NONE', *, *, #3287, .T. ) ;
#8341 = CARTESIAN_POINT ( 'NONE',  ( 130.2317699266866668, 11.23999999999624677, 0.000000000000000000 ) ) ;
#8342 = ORIENTED_EDGE ( 'NONE', *, *, #7579, .T. ) ;
#8343 = AXIS2_PLACEMENT_3D ( 'NONE', #7595, #8197, #4449 ) ;
#8344 = ADVANCED_FACE ( 'NONE', ( #2072 ), #1318, .T. ) ;
#8345 = LINE ( 'NONE', #6795, #134 ) ;
#8346 = CARTESIAN_POINT ( 'NONE',  ( 34.23832173218850272, 17.99000000000300048, -10.00000000000000000 ) ) ;
#8347 = VERTEX_POINT ( 'NONE', #7436 ) ;
#8348 = ORIENTED_EDGE ( 'NONE', *, *, #5107, .F. ) ;
#8349 = EDGE_CURVE ( 'NONE', #1263, #9514, #7080, .T. ) ;
#8350 = CARTESIAN_POINT ( 'NONE',  ( 180.7781595963458869, 11.24999999999624833, -0.009999999999999592548 ) ) ;
#8351 = ADVANCED_FACE ( 'NONE', ( #1368 ), #6695, .T. ) ;
#8352 = ORIENTED_EDGE ( 'NONE', *, *, #7517, .T. ) ;
#8353 = LINE ( 'NONE', #7691, #2349 ) ;
#8354 = ORIENTED_EDGE ( 'NONE', *, *, #1544, .F. ) ;
#8355 = DIRECTION ( 'NONE',  ( -1.000000000000000000, 0.000000000000000000, 0.000000000000000000 ) ) ;
#8356 = ADVANCED_FACE ( 'NONE', ( #5099 ), #9718, .T. ) ;
#8357 = DIRECTION ( 'NONE',  ( 0.000000000000000000, 0.000000000000000000, -1.000000000000000000 ) ) ;
#8358 = VECTOR ( 'NONE', #4655, 1000.000000000000000 ) ;
#8359 = CARTESIAN_POINT ( 'NONE',  ( 232.1664015096648086, 18.00000000000299849, -0.01000000000000000021 ) ) ;
#8360 = CARTESIAN_POINT ( 'NONE',  ( 199.9342998459239880, 69.70652565604068229, -0.01000000000000000021 ) ) ;
#8361 = EDGE_CURVE ( 'NONE', #7593, #727, #6601, .T. ) ;
#8362 = CARTESIAN_POINT ( 'NONE',  ( 190.2029375463553151, 11.24999999999624833, -0.009999999999999592548 ) ) ;
#8363 = CARTESIAN_POINT ( 'NONE',  ( 239.0802388180848084, 17.99000000000299693, 0.000000000000000000 ) ) ;
#8364 = CYLINDRICAL_SURFACE ( 'NONE', #7223, 0.01000000000000777003 ) ;
#8365 = ORIENTED_EDGE ( 'NONE', *, *, #7784, .F. ) ;
#8366 = ORIENTED_EDGE ( 'NONE', *, *, #3134, .T. ) ;
#8367 = CARTESIAN_POINT ( 'NONE',  ( 81.36995430951402852, 18.00000000000299849, -0.009999999999999592548 ) ) ;
#8368 = ORIENTED_EDGE ( 'NONE', *, *, #6211, .T. ) ;
#8369 = LINE ( 'NONE', #2492, #9368 ) ;
#8370 = VECTOR ( 'NONE', #2512, 1000.000000000000000 ) ;
#8371 = DIRECTION ( 'NONE',  ( 1.000000000000000000, -0.000000000000000000, 0.000000000000000000 ) ) ;
#8372 = ADVANCED_FACE ( 'NONE', ( #2893 ), #1420, .T. ) ;
#8373 = DIRECTION ( 'NONE',  ( 0.000000000000000000, 1.000000000000000000, 0.000000000000000000 ) ) ;
#8374 = VECTOR ( 'NONE', #3437, 1000.000000000000000 ) ;
#8375 = VECTOR ( 'NONE', #4773, 1000.000000000000000 ) ;
#8376 = LINE ( 'NONE', #3163, #9406 ) ;
#8377 = CARTESIAN_POINT ( 'NONE',  ( 60.00492212469714559, 17.99585786437926771, -1.065584307778838334E-15 ) ) ;
#8378 = EDGE_LOOP ( 'NONE', ( #9028, #3030, #8293, #9476 ) ) ;
#8379 = ORIENTED_EDGE ( 'NONE', *, *, #5547, .F. ) ;
#8380 = CARTESIAN_POINT ( 'NONE',  ( -180.0099999999999625, 17.99000000000300048, 0.000000000000000000 ) ) ;
#8381 = DIRECTION ( 'NONE',  ( 1.000000000000000000, 0.000000000000000000, 0.000000000000000000 ) ) ;
#8382 = VECTOR ( 'NONE', #2000, 1000.000000000000000 ) ;
#8383 = ORIENTED_EDGE ( 'NONE', *, *, #3571, .F. ) ;
#8384 = AXIS2_PLACEMENT_3D ( 'NONE', #6457, #1031, #392 ) ;
#8385 = CARTESIAN_POINT ( 'NONE',  ( 233.9120702040687831, 11.24999999999624833, -9.990000000000000213 ) ) ;
#8386 = DIRECTION ( 'NONE',  ( 0.000000000000000000, 0.000000000000000000, -1.000000000000000000 ) ) ;
#8387 = VECTOR ( 'NONE', #8685, 1000.000000000000000 ) ;
#8388 = PLANE ( 'NONE',  #2931 ) ;
#8389 = VERTEX_POINT ( 'NONE', #5953 ) ;
#8390 = DIRECTION ( 'NONE',  ( -0.9681476403780845397, -0.2503800040545307581, 0.000000000000000000 ) ) ;
#8391 = EDGE_LOOP ( 'NONE', ( #9525, #6646, #826, #7422 ) ) ;
#8392 = VERTEX_POINT ( 'NONE', #9774 ) ;
#8393 = PLANE ( 'NONE',  #7043 ) ;
#8394 = FACE_OUTER_BOUND ( 'NONE', #2343, .T. ) ;
#8395 = ORIENTED_EDGE ( 'NONE', *, *, #5720, .T. ) ;
#8396 = EDGE_LOOP ( 'NONE', ( #6932, #2139, #656, #2196 ) ) ;
#8397 = CARTESIAN_POINT ( 'NONE',  ( 167.9386245540028142, 11.24999999999624833, -9.990000000000000213 ) ) ;
#8398 = VERTEX_POINT ( 'NONE', #7384 ) ;
#8399 = CARTESIAN_POINT ( 'NONE',  ( 147.3433999595799833, 18.00000000000299849, -9.990000000000000213 ) ) ;
#8400 = CARTESIAN_POINT ( 'NONE',  ( 0.000000000000000000, 17.99000000000300048, -0.01000000000000000021 ) ) ;
#8401 = EDGE_LOOP ( 'NONE', ( #5821, #5165, #2540, #465 ) ) ;
#8402 = CARTESIAN_POINT ( 'NONE',  ( 191.9563490680377242, 17.99000000000299693, 0.000000000000000000 ) ) ;
#8403 = CARTESIAN_POINT ( 'NONE',  ( 161.9286036963270305, 11.24999999999624833, -0.009999999999999592548 ) ) ;
#8404 = EDGE_CURVE ( 'NONE', #5773, #822, #2947, .T. ) ;
#8405 = LINE ( 'NONE', #3051, #6615 ) ;
#8406 = EDGE_CURVE ( 'NONE', #403, #6368, #9027, .T. ) ;
#8407 = CARTESIAN_POINT ( 'NONE',  ( 111.5949274434211986, 46.86041056179063702, 0.000000000000000000 ) ) ;
#8408 = CARTESIAN_POINT ( 'NONE',  ( 0.000000000000000000, 11.23999999999625032, -9.990000000000000213 ) ) ;
#8409 = DIRECTION ( 'NONE',  ( 0.000000000000000000, 0.000000000000000000, -1.000000000000000000 ) ) ;
#8410 = ORIENTED_EDGE ( 'NONE', *, *, #4028, .T. ) ;
#8411 = EDGE_CURVE ( 'NONE', #6710, #2032, #3757, .T. ) ;
#8412 = EDGE_LOOP ( 'NONE', ( #545, #5175, #6735, #8747 ) ) ;
#8413 = CARTESIAN_POINT ( 'NONE',  ( 283.4972739408158304, 17.50000000000299849, -9.500000000000000000 ) ) ;
#8414 = ORIENTED_EDGE ( 'NONE', *, *, #8349, .F. ) ;
#8415 = CARTESIAN_POINT ( 'NONE',  ( 243.3336409700083323, 11.24585786437251933, -10.00000000000000000 ) ) ;
#8416 = CYLINDRICAL_SURFACE ( 'NONE', #13, 0.009999999999999592548 ) ;
#8417 = DIRECTION ( 'NONE',  ( -1.000000000000000000, 0.000000000000000000, 0.000000000000000000 ) ) ;
#8418 = EDGE_CURVE ( 'NONE', #9449, #6659, #6053, .T. ) ;
#8419 = ADVANCED_FACE ( 'NONE', ( #2228 ), #5305, .F. ) ;
#8420 = DIRECTION ( 'NONE',  ( -1.000000000000000000, 0.000000000000000000, 0.000000000000000000 ) ) ;
#8421 = LINE ( 'NONE', #3264, #6758 ) ;
#8422 = VERTEX_POINT ( 'NONE', #8350 ) ;
#8423 = ADVANCED_FACE ( 'NONE', ( #4548 ), #3551, .T. ) ;
#8424 = ORIENTED_EDGE ( 'NONE', *, *, #2812, .F. ) ;
#8425 = CYLINDRICAL_SURFACE ( 'NONE', #4076, 0.009999999999993465505 ) ;
#8426 = FACE_OUTER_BOUND ( 'NONE', #8260, .T. ) ;
#8427 = VERTEX_POINT ( 'NONE', #6294 ) ;
#8428 = DIRECTION ( 'NONE',  ( 0.2503800040544349459, 0.9681476403781095197, 0.000000000000000000 ) ) ;
#8429 = ADVANCED_FACE ( 'NONE', ( #3044 ), #5352, .T. ) ;
#8430 = EDGE_CURVE ( 'NONE', #1803, #9578, #5356, .T. ) ;
#8431 = VECTOR ( 'NONE', #6360, 1000.000000000000000 ) ;
#8432 = DIRECTION ( 'NONE',  ( 1.000000000000000000, 0.000000000000000000, 0.000000000000000000 ) ) ;
#8433 = CARTESIAN_POINT ( 'NONE',  ( 86.53038009625163340, 11.24999999999625011, -0.004142135623727426393 ) ) ;
#8434 = VERTEX_POINT ( 'NONE', #1570 ) ;
#8435 = ORIENTED_EDGE ( 'NONE', *, *, #7790, .F. ) ;
#8436 = LINE ( 'NONE', #4636, #165 ) ;
#8437 =( BOUNDED_CURVE ( )  B_SPLINE_CURVE ( 3, ( #5118, #8941, #2093, #3669 ),
 .UNSPECIFIED., .F., .F. ) 
 B_SPLINE_CURVE_WITH_KNOTS ( ( 4, 4 ),
 ( 0.000000000000000000, 1.570796326795005138 ),
 .UNSPECIFIED. ) 
 CURVE ( )  GEOMETRIC_REPRESENTATION_ITEM ( )  RATIONAL_B_SPLINE_CURVE ( ( 1.000000000000000000, 0.8047378541243395134, 0.8047378541243395134, 1.000000000000000000 ) ) 
 REPRESENTATION_ITEM ( '' )  );
#8438 = CARTESIAN_POINT ( 'NONE',  ( 77.10560214624221942, 11.23999999999625032, -10.00000000000000000 ) ) ;
#8439 = ORIENTED_EDGE ( 'NONE', *, *, #777, .F. ) ;
#8440 = ORIENTED_EDGE ( 'NONE', *, *, #4791, .T. ) ;
#8441 = EDGE_LOOP ( 'NONE', ( #8620, #3687, #3343, #696 ) ) ;
#8442 = CARTESIAN_POINT ( 'NONE',  ( 154.2494944407215485, 18.00000000000299849, -10.00000000000000000 ) ) ;
#8443 = LINE ( 'NONE', #1573, #4521 ) ;
#8444 = VERTEX_POINT ( 'NONE', #8397 ) ;
#8445 = DIRECTION ( 'NONE',  ( 0.000000000000000000, 0.000000000000000000, 1.000000000000000000 ) ) ;
#8446 = CARTESIAN_POINT ( 'NONE',  ( 137.9186220095704982, 18.00000000000300204, -0.004142135623729943476 ) ) ;
#8447 = CYLINDRICAL_SURFACE ( 'NONE', #6078, 0.009999999999999592548 ) ;
#8448 = PRESENTATION_STYLE_ASSIGNMENT (( #3864 ) ) ;
#8449 = LINE ( 'NONE', #1582, #8358 ) ;
#8450 = ORIENTED_EDGE ( 'NONE', *, *, #3888, .T. ) ;
#8451 = ORIENTED_EDGE ( 'NONE', *, *, #4089, .T. ) ;
#8452 = FACE_OUTER_BOUND ( 'NONE', #4901, .T. ) ;
#8453 = ORIENTED_EDGE ( 'NONE', *, *, #4255, .F. ) ;
#8454 = LINE ( 'NONE', #6313, #2902 ) ;
#8455 = CARTESIAN_POINT ( 'NONE',  ( 135.4096200171065334, 17.99749619996244476, -10.00000000000000000 ) ) ;
#8456 = EDGE_CURVE ( 'NONE', #3740, #9201, #3998, .T. ) ;
#8457 = AXIS2_PLACEMENT_3D ( 'NONE', #8103, #4359, #8741 ) ;
#8458 = ADVANCED_FACE ( 'NONE', ( #1520 ), #7640, .T. ) ;
#8459 = FACE_OUTER_BOUND ( 'NONE', #8962, .T. ) ;
#8460 = AXIS2_PLACEMENT_3D ( 'NONE', #9207, #5483, #1707 ) ;
#8461 = CARTESIAN_POINT ( 'NONE',  ( 78.85447802471600198, 17.99585786437926416, 2.867754207968261659E-15 ) ) ;
#8462 = ORIENTED_EDGE ( 'NONE', *, *, #3451, .T. ) ;
#8463 = ORIENTED_EDGE ( 'NONE', *, *, #7749, .F. ) ;
#8464 = VECTOR ( 'NONE', #8642, 1000.000000000000000 ) ;
#8465 =( BOUNDED_CURVE ( )  B_SPLINE_CURVE ( 3, ( #7378, #1070, #5708, #9662 ),
 .UNSPECIFIED., .F., .F. ) 
 B_SPLINE_CURVE_WITH_KNOTS ( ( 4, 4 ),
 ( 3.141592653589793116, 4.712388980384689674 ),
 .UNSPECIFIED. ) 
 CURVE ( )  GEOMETRIC_REPRESENTATION_ITEM ( )  RATIONAL_B_SPLINE_CURVE ( ( 1.000000000000000000, 0.8047378541243649375, 0.8047378541243649375, 1.000000000000000000 ) ) 
 REPRESENTATION_ITEM ( '' )  );
#8466 = ADVANCED_FACE ( 'NONE', ( #6190 ), #4795, .T. ) ;
#8467 = DIRECTION ( 'NONE',  ( -0.2503800040544349459, 0.9681476403781095197, 0.000000000000000000 ) ) ;
#8468 = CYLINDRICAL_SURFACE ( 'NONE', #8680, 0.01000000000000690267 ) ;
#8469 = ORIENTED_EDGE ( 'NONE', *, *, #2220, .T. ) ;
#8470 = EDGE_CURVE ( 'NONE', #3283, #3019, #2804, .T. ) ;
#8471 = CARTESIAN_POINT ( 'NONE',  ( 31.72738109059905653, 18.00000000000299494, -0.004142135623731645240 ) ) ;
#8472 = VECTOR ( 'NONE', #5310, 1000.000000000000000 ) ;
#8473 = EDGE_CURVE ( 'NONE', #8434, #5059, #6847, .T. ) ;
#8474 = AXIS2_PLACEMENT_3D ( 'NONE', #5311, #731, #3655 ) ;
#8475 = LINE ( 'NONE', #66, #8316 ) ;
#8476 = DIRECTION ( 'NONE',  ( -0.2503800040544349459, -0.9681476403781095197, 0.000000000000000000 ) ) ;
#8477 = CARTESIAN_POINT ( 'NONE',  ( 15.39650865944806668, 18.00000000000299849, -0.004142135623730950483 ) ) ;
#8478 = ADVANCED_FACE ( 'NONE', ( #4593 ), #872, .T. ) ;
#8479 = LINE ( 'NONE', #3029, #5499 ) ;
#8480 = CARTESIAN_POINT ( 'NONE',  ( 15.38876583216964988, 17.99000000000300048, 0.000000000000000000 ) ) ;
#8481 = VECTOR ( 'NONE', #8612, 1000.000000000000000 ) ;
#8482 = CARTESIAN_POINT ( 'NONE',  ( 114.8047139462799180, 11.24999999999624833, -10.00000000000000000 ) ) ;
#8483 = VERTEX_POINT ( 'NONE', #5402 ) ;
#8484 = ORIENTED_EDGE ( 'NONE', *, *, #5062, .F. ) ;
#8485 = DIRECTION ( 'NONE',  ( 0.000000000000000000, 0.000000000000000000, -1.000000000000000000 ) ) ;
#8486 = VECTOR ( 'NONE', #5017, 1000.000000000000000 ) ;
#8487 = VERTEX_POINT ( 'NONE', #6245 ) ;
#8488 = EDGE_LOOP ( 'NONE', ( #3996, #5759, #7868, #7058 ) ) ;
#8489 = DIRECTION ( 'NONE',  ( 0.000000000000000000, 0.000000000000000000, -1.000000000000000000 ) ) ;
#8490 = ORIENTED_EDGE ( 'NONE', *, *, #8996, .T. ) ;
#8491 = DIRECTION ( 'NONE',  ( -1.460819769243627131E-16, -1.000000000000000000, 0.000000000000000000 ) ) ;
#8492 = VECTOR ( 'NONE', #6971, 1000.000000000000000 ) ;
#8493 = DIRECTION ( 'NONE',  ( -0.000000000000000000, 1.000000000000000000, -0.000000000000000000 ) ) ;
#8494 = EDGE_LOOP ( 'NONE', ( #325, #1878, #9775, #6138 ) ) ;
#8495 = DIRECTION ( 'NONE',  ( 0.2503800040544349459, 0.9681476403781095197, 0.000000000000000000 ) ) ;
#8496 = DIRECTION ( 'NONE',  ( 0.000000000000000000, 0.000000000000000000, 1.000000000000000000 ) ) ;
#8497 = CARTESIAN_POINT ( 'NONE',  ( -180.0099999999999909, -83.00000000000001421, 0.000000000000000000 ) ) ;
#8498 = LINE ( 'NONE', #6353, #7989 ) ;
#8499 = CYLINDRICAL_SURFACE ( 'NONE', #5975, 0.01000000000000777003 ) ;
#8500 = CARTESIAN_POINT ( 'NONE',  ( 232.1586586823863456, 17.99000000000300403, -10.00000000000000000 ) ) ;
#8501 = ORIENTED_EDGE ( 'NONE', *, *, #7474, .T. ) ;
#8502 = VERTEX_POINT ( 'NONE', #4745 ) ;
#8503 = DIRECTION ( 'NONE',  ( 1.000000000000000000, 0.000000000000000000, 0.000000000000000000 ) ) ;
#8504 = ORIENTED_EDGE ( 'NONE', *, *, #8216, .F. ) ;
#8505 = CARTESIAN_POINT ( 'NONE',  ( 237.3300344804722499, 11.24585786437251755, 4.071938083478370545E-16 ) ) ;
#8506 = FACE_OUTER_BOUND ( 'NONE', #8635, .T. ) ;
#8507 = LINE ( 'NONE', #1694, #5134 ) ;
#8508 = CARTESIAN_POINT ( 'NONE',  ( 177.3634025040122424, 11.24999999999625011, -0.004142135623729738779 ) ) ;
#8509 = CARTESIAN_POINT ( 'NONE',  ( 60.00171494062730204, 18.00000000000299849, -9.995857864376265667 ) ) ;
#8510 = VECTOR ( 'NONE', #7087, 1000.000000000000000 ) ;
#8511 = ORIENTED_EDGE ( 'NONE', *, *, #4084, .F. ) ;
#8512 = EDGE_LOOP ( 'NONE', ( #2388, #3756, #6098, #2255 ) ) ;
#8513 = FACE_OUTER_BOUND ( 'NONE', #4288, .T. ) ;
#8514 = CARTESIAN_POINT ( 'NONE',  ( 53.08787763220733780, 17.99000000000300048, 0.000000000000000000 ) ) ;
#8515 = EDGE_CURVE ( 'NONE', #2136, #7757, #7977, .T. ) ;
#8516 = ORIENTED_EDGE ( 'NONE', *, *, #7551, .F. ) ;
#8517 = AXIS2_PLACEMENT_3D ( 'NONE', #6067, #5322, #7556 ) ;
#8518 = LINE ( 'NONE', #6132, #5281 ) ;
#8519 = EDGE_CURVE ( 'NONE', #2979, #7047, #1062, .T. ) ;
#8520 = DIRECTION ( 'NONE',  ( 0.000000000000000000, 0.000000000000000000, 1.000000000000000000 ) ) ;
#8521 = CARTESIAN_POINT ( 'NONE',  ( 15.38876583216964988, 17.99000000000300048, 0.000000000000000000 ) ) ;
#8522 = CARTESIAN_POINT ( 'NONE',  ( 237.3268272964024277, 11.24999999999624833, -9.990000000000000213 ) ) ;
#8523 = DIRECTION ( 'NONE',  ( -0.000000000000000000, -1.000000000000000000, 0.000000000000000000 ) ) ;
#8524 = CARTESIAN_POINT ( 'NONE',  ( 97.70739562730766181, 18.02540000000299969, -10.00000000000000000 ) ) ;
#8525 = EDGE_CURVE ( 'NONE', #727, #9175, #8580, .T. ) ;
#8526 = ORIENTED_EDGE ( 'NONE', *, *, #8213, .T. ) ;
#8527 = ORIENTED_EDGE ( 'NONE', *, *, #6871, .T. ) ;
#8528 = DIRECTION ( 'NONE',  ( -0.9681476403781390516, 0.2503800040543205374, 0.000000000000000000 ) ) ;
#8529 = EDGE_CURVE ( 'NONE', #1504, #4796, #9243, .T. ) ;
#8530 = AXIS2_PLACEMENT_3D ( 'NONE', #4996, #1163, #8814 ) ;
#8531 = LINE ( 'NONE', #4637, #3682 ) ;
#8532 = ORIENTED_EDGE ( 'NONE', *, *, #6573, .F. ) ;
#8533 = ORIENTED_EDGE ( 'NONE', *, *, #561, .F. ) ;
#8534 = EDGE_CURVE ( 'NONE', #3761, #121, #3127, .T. ) ;
#8535 = CARTESIAN_POINT ( 'NONE',  ( 120.8147348039557016, 11.24999999999625366, -0.004142135623728732639 ) ) ;
#8536 = ORIENTED_EDGE ( 'NONE', *, *, #6199, .T. ) ;
#8537 = CARTESIAN_POINT ( 'NONE',  ( 194.4672897096271242, 18.00000000000299849, -0.009999999999999592548 ) ) ;
#8538 = AXIS2_PLACEMENT_3D ( 'NONE', #4377, #9600, #5876 ) ;
#8539 = LINE ( 'NONE', #923, #3558 ) ;
#8540 = ORIENTED_EDGE ( 'NONE', *, *, #6902, .F. ) ;
#8541 = CARTESIAN_POINT ( 'NONE',  ( 191.9486062407592613, 18.00000000000299849, -0.009999999999999592548 ) ) ;
#8542 = CYLINDRICAL_SURFACE ( 'NONE', #221, 0.009999999999999592548 ) ;
#8543 = PLANE ( 'NONE',  #4966 ) ;
#8544 = DIRECTION ( 'NONE',  ( 1.000000000000000000, 0.000000000000000000, 0.000000000000000000 ) ) ;
#8545 = ORIENTED_EDGE ( 'NONE', *, *, #2305, .F. ) ;
#8546 = ORIENTED_EDGE ( 'NONE', *, *, #5221, .T. ) ;
#8547 = CARTESIAN_POINT ( 'NONE',  ( 105.3799359962704898, 11.24999999999624833, -9.990000000000000213 ) ) ;
#8548 = ORIENTED_EDGE ( 'NONE', *, *, #3218, .T. ) ;
#8549 = CARTESIAN_POINT ( 'NONE',  ( 144.8324593179905833, 17.99000000000299693, 0.000000000000000000 ) ) ;
#8550 = CARTESIAN_POINT ( 'NONE',  ( 222.7416235596554088, 18.00000000000299849, -9.990000000000000213 ) ) ;
#8551 = FACE_OUTER_BOUND ( 'NONE', #4127, .T. ) ;
#8552 = CARTESIAN_POINT ( 'NONE',  ( 147.3433999595799833, 18.00000000000299849, -9.990000000000000213 ) ) ;
#8553 = CARTESIAN_POINT ( 'NONE',  ( 120.8147348039556874, 11.24999999999624833, -10.00000000000000000 ) ) ;
#8554 = ADVANCED_FACE ( 'NONE', ( #4052 ), #3291, .T. ) ;
#8555 = CARTESIAN_POINT ( 'NONE',  ( 246.7548124304817065, 11.24585786437252466, -10.00000000000000355 ) ) ;
#8556 = DIRECTION ( 'NONE',  ( -1.000000000000000000, 0.000000000000000000, 0.000000000000000000 ) ) ;
#8557 = EDGE_LOOP ( 'NONE', ( #1234, #6341, #5517, #485 ) ) ;
#8558 = EDGE_LOOP ( 'NONE', ( #1039, #5595, #9805, #5507 ) ) ;
#8559 = CARTESIAN_POINT ( 'NONE',  ( 34.24606455946690886, 18.00000000000299849, -10.00000000000000000 ) ) ;
#8560 = CARTESIAN_POINT ( 'NONE',  ( 0.000000000000000000, 17.99000000000300048, -10.00000000000000000 ) ) ;
#8561 = EDGE_LOOP ( 'NONE', ( #4164, #299, #7596, #1583 ) ) ;
#8562 = ORIENTED_EDGE ( 'NONE', *, *, #3279, .T. ) ;
#8563 = CARTESIAN_POINT ( 'NONE',  ( 11.13215649617624869, 11.24999999999624833, -0.009999999999999592548 ) ) ;
#8564 = CARTESIAN_POINT ( 'NONE',  ( 54.84128915388971848, 11.24999999999624833, -10.00000000000000000 ) ) ;
#8565 =( BOUNDED_CURVE ( )  B_SPLINE_CURVE ( 3, ( #3018, #5872, #5331, #5123 ),
 .UNSPECIFIED., .F., .F. ) 
 B_SPLINE_CURVE_WITH_KNOTS ( ( 4, 4 ),
 ( 3.141592653589793116, 4.712388980384472958 ),
 .UNSPECIFIED. ) 
 CURVE ( )  GEOMETRIC_REPRESENTATION_ITEM ( )  RATIONAL_B_SPLINE_CURVE ( ( 1.000000000000000000, 0.8047378541244161188, 0.8047378541244161188, 1.000000000000000000 ) ) 
 REPRESENTATION_ITEM ( '' )  );
#8566 = DIRECTION ( 'NONE',  ( 0.000000000000000000, -1.000000000000000000, -0.000000000000000000 ) ) ;
#8567 = CARTESIAN_POINT ( 'NONE',  ( 139.6642907039745296, 11.24999999999624833, -9.990000000000000213 ) ) ;
#8568 = VECTOR ( 'NONE', #1664, 1000.000000000000000 ) ;
#8569 = CARTESIAN_POINT ( 'NONE',  ( 210.7981621407780892, 18.00000000000299849, -0.009999999999999592548 ) ) ;
#8570 = DIRECTION ( 'NONE',  ( 0.000000000000000000, 0.000000000000000000, -1.000000000000000000 ) ) ;
#8571 = FACE_OUTER_BOUND ( 'NONE', #9042, .T. ) ;
#8572 = EDGE_LOOP ( 'NONE', ( #4896, #6572, #8484, #5819 ) ) ;
#8573 = EDGE_CURVE ( 'NONE', #792, #483, #3181, .T. ) ;
#8574 = LINE ( 'NONE', #4046, #2235 ) ;
#8575 = DIRECTION ( 'NONE',  ( 0.2503800040544349459, 0.9681476403781095197, 0.000000000000000000 ) ) ;
#8576 = EDGE_CURVE ( 'NONE', #6006, #1125, #8727, .T. ) ;
#8577 = ORIENTED_EDGE ( 'NONE', *, *, #4386, .T. ) ;
#8578 = CARTESIAN_POINT ( 'NONE',  ( 232.1598326230221687, 18.02540000000299969, -10.00000000000000000 ) ) ;
#8579 = ADVANCED_FACE ( 'NONE', ( #1969 ), #4945, .T. ) ;
#8580 = LINE ( 'NONE', #4642, #2788 ) ;
#8581 = ORIENTED_EDGE ( 'NONE', *, *, #8236, .F. ) ;
#8582 = DIRECTION ( 'NONE',  ( -0.9681476403781095197, -0.2503800040544349459, 0.000000000000000000 ) ) ;
#8583 = DIRECTION ( 'NONE',  ( 0.000000000000000000, 0.000000000000000000, 1.000000000000000000 ) ) ;
#8584 = EDGE_LOOP ( 'NONE', ( #9717, #2137, #4541, #2454 ) ) ;
#8585 = DIRECTION ( 'NONE',  ( 0.000000000000000000, 0.000000000000000000, -1.000000000000000000 ) ) ;
#8586 = EDGE_CURVE ( 'NONE', #2797, #5866, #4199, .T. ) ;
#8587 = DIRECTION ( 'NONE',  ( 0.000000000000000000, 1.000000000000000000, 0.000000000000000000 ) ) ;
#8588 = ADVANCED_FACE ( 'NONE', ( #1774 ), #7232, .F. ) ;
#8589 = CARTESIAN_POINT ( 'NONE',  ( 282.9972739408158304, 18.00000000000299849, 0.000000000000000000 ) ) ;
#8590 = LINE ( 'NONE', #5460, #1900 ) ;
#8591 = CARTESIAN_POINT ( 'NONE',  ( 232.1631943255949295, 17.99585786437928547, -9.999999999999994671 ) ) ;
#8592 = ORIENTED_EDGE ( 'NONE', *, *, #8519, .F. ) ;
#8593 = EDGE_CURVE ( 'NONE', #9683, #8427, #4900, .T. ) ;
#8594 = CARTESIAN_POINT ( 'NONE',  ( 144.8247164907121487, 18.00000000000299849, -9.990000000000000213 ) ) ;
#8595 = ORIENTED_EDGE ( 'NONE', *, *, #420, .F. ) ;
#8596 = FACE_OUTER_BOUND ( 'NONE', #7175, .T. ) ;
#8597 = FACE_OUTER_BOUND ( 'NONE', #9826, .T. ) ;
#8598 = CARTESIAN_POINT ( 'NONE',  ( 191.9486062407592613, 18.00000000000299849, -9.990000000000000213 ) ) ;
#8599 = DIRECTION ( 'NONE',  ( -1.000000000000000000, -0.000000000000000000, -0.000000000000000000 ) ) ;
#8600 = DIRECTION ( 'NONE',  ( 0.000000000000000000, 1.000000000000000000, 0.000000000000000000 ) ) ;
#8601 = FACE_OUTER_BOUND ( 'NONE', #8868, .T. ) ;
#8602 = DIRECTION ( 'NONE',  ( 0.2503800040544349459, -0.9681476403781095197, -0.000000000000000000 ) ) ;
#8603 = ORIENTED_EDGE ( 'NONE', *, *, #2483, .F. ) ;
#8604 = ORIENTED_EDGE ( 'NONE', *, *, #6836, .F. ) ;
#8605 = LINE ( 'NONE', #2452, #7245 ) ;
#8606 = DIRECTION ( 'NONE',  ( -0.9681476403780955309, 0.2503800040544887362, 0.000000000000000000 ) ) ;
#8607 = ORIENTED_EDGE ( 'NONE', *, *, #6700, .F. ) ;
#8608 = VECTOR ( 'NONE', #1840, 1000.000000000000000 ) ;
#8609 = VECTOR ( 'NONE', #7268, 1000.000000000000000 ) ;
#8610 = VERTEX_POINT ( 'NONE', #7943 ) ;
#8611 = EDGE_CURVE ( 'NONE', #3928, #2642, #3489, .T. ) ;
#8612 = DIRECTION ( 'NONE',  ( 1.000000000000000000, 0.000000000000000000, 0.000000000000000000 ) ) ;
#8613 = CARTESIAN_POINT ( 'NONE',  ( -189.9999999999999432, -83.00000000000000000, -9.990000000000000213 ) ) ;
#8614 = VECTOR ( 'NONE', #3180, 1000.000000000000000 ) ;
#8615 = LINE ( 'NONE', #4091, #5949 ) ;
#8616 = PLANE ( 'NONE',  #6390 ) ;
#8617 = CARTESIAN_POINT ( 'NONE',  ( 210.8059049680565522, 17.99000000000299693, 0.000000000000000000 ) ) ;
#8618 = CARTESIAN_POINT ( 'NONE',  ( 185.0347689323392899, 17.99000000000299693, -10.00000000000000000 ) ) ;
#8619 = DIRECTION ( 'NONE',  ( -0.2503800040544349459, 0.9681476403781095197, 0.000000000000000000 ) ) ;
#8620 = ORIENTED_EDGE ( 'NONE', *, *, #8349, .T. ) ;
#8621 = EDGE_CURVE ( 'NONE', #4242, #3089, #5748, .T. ) ;
#8622 = AXIS2_PLACEMENT_3D ( 'NONE', #3805, #4554, #2178 ) ;
#8623 = VECTOR ( 'NONE', #219, 1000.000000000000000 ) ;
#8624 = CARTESIAN_POINT ( 'NONE',  ( 283.4972739408158304, 0.5000000000000000000, -9.500000000000000000 ) ) ;
#8625 = LINE ( 'NONE', #1015, #7823 ) ;
#8626 = ORIENTED_EDGE ( 'NONE', *, *, #8823, .F. ) ;
#8627 = AXIS2_PLACEMENT_3D ( 'NONE', #3274, #1092, #5536 ) ;
#8628 = ADVANCED_FACE ( 'NONE', ( #9565 ), #2524, .T. ) ;
#8629 = ORIENTED_EDGE ( 'NONE', *, *, #395, .F. ) ;
#8630 = LINE ( 'NONE', #4743, #3149 ) ;
#8631 = CARTESIAN_POINT ( 'NONE',  ( 38.58200564083357165, 8.022014901565565737, -9.990000000000000213 ) ) ;
#8632 = DIRECTION ( 'NONE',  ( 0.000000000000000000, 0.000000000000000000, -1.000000000000000000 ) ) ;
#8633 = EDGE_CURVE ( 'NONE', #5954, #6814, #5793, .T. ) ;
#8634 = FACE_OUTER_BOUND ( 'NONE', #2019, .T. ) ;
#8635 = EDGE_LOOP ( 'NONE', ( #9603, #8267, #2126, #94 ) ) ;
#8636 = LINE ( 'NONE', #461, #8931 ) ;
#8637 = AXIS2_PLACEMENT_3D ( 'NONE', #8834, #9633, #5765 ) ;
#8638 = CARTESIAN_POINT ( 'NONE',  ( 67.42524124216981818, 35.43735301466561793, -9.990000000000000213 ) ) ;
#8639 = EDGE_CURVE ( 'NONE', #4572, #6589, #5831, .T. ) ;
#8640 = CARTESIAN_POINT ( 'NONE',  ( 144.8247164907121203, 18.00000000000299494, -9.995857864376263890 ) ) ;
#8641 = EDGE_CURVE ( 'NONE', #1504, #3761, #7840, .T. ) ;
#8642 = DIRECTION ( 'NONE',  ( 1.000000000000000000, 0.000000000000000000, 0.000000000000000000 ) ) ;
#8643 = ADVANCED_FACE ( 'NONE', ( #9375 ), #7187, .T. ) ;
#8644 = VECTOR ( 'NONE', #9291, 1000.000000000000000 ) ;
#8645 = CARTESIAN_POINT ( 'NONE',  ( 100.2195102095328707, 18.00000000000299849, -9.990000000000000213 ) ) ;
#8646 = ORIENTED_EDGE ( 'NONE', *, *, #1608, .T. ) ;
#8647 = CARTESIAN_POINT ( 'NONE',  ( 154.2527016247913991, 17.99585786437926771, 2.039059010068051210E-16 ) ) ;
#8648 = VERTEX_POINT ( 'NONE', #328 ) ;
#8649 = DIRECTION ( 'NONE',  ( -1.000000000000000000, 0.000000000000000000, 0.000000000000000000 ) ) ;
#8650 = EDGE_CURVE ( 'NONE', #8389, #3867, #6633, .T. ) ;
#8651 = LINE ( 'NONE', #3307, #1770 ) ;
#8652 = FACE_OUTER_BOUND ( 'NONE', #3732, .T. ) ;
#8653 = CARTESIAN_POINT ( 'NONE',  ( 196.2097512199611344, 11.24585786437252644, -2.971703653832977205E-15 ) ) ;
#8654 = AXIS2_PLACEMENT_3D ( 'NONE', #5658, #1776, #5706 ) ;
#8655 = CARTESIAN_POINT ( 'NONE',  ( 171.3533816463364587, 11.24999999999624833, -10.00000000000000000 ) ) ;
#8656 = EDGE_CURVE ( 'NONE', #1548, #3804, #6442, .T. ) ;
#8657 = CARTESIAN_POINT ( 'NONE',  ( 224.4872922540593549, 11.24999999999624833, -9.990000000000000213 ) ) ;
#8658 = ORIENTED_EDGE ( 'NONE', *, *, #6327, .T. ) ;
#8659 = ORIENTED_EDGE ( 'NONE', *, *, #3258, .F. ) ;
#8660 = DIRECTION ( 'NONE',  ( -0.000000000000000000, -0.000000000000000000, 1.000000000000000000 ) ) ;
#8661 = ORIENTED_EDGE ( 'NONE', *, *, #8456, .F. ) ;
#8662 = VECTOR ( 'NONE', #361, 1000.000000000000000 ) ;
#8663 = EDGE_CURVE ( 'NONE', #5873, #341, #8300, .T. ) ;
#8664 = ORIENTED_EDGE ( 'NONE', *, *, #6474, .F. ) ;
#8665 =( BOUNDED_CURVE ( )  B_SPLINE_CURVE ( 3, ( #8014, #7257, #2082, #3462 ),
 .UNSPECIFIED., .F., .F. ) 
 B_SPLINE_CURVE_WITH_KNOTS ( ( 4, 4 ),
 ( 3.141592653589793116, 4.712388980383345860 ),
 .UNSPECIFIED. ) 
 CURVE ( )  GEOMETRIC_REPRESENTATION_ITEM ( )  RATIONAL_B_SPLINE_CURVE ( ( 1.000000000000000000, 0.8047378541246816841, 0.8047378541246816841, 1.000000000000000000 ) ) 
 REPRESENTATION_ITEM ( '' )  );
#8666 = CARTESIAN_POINT ( 'NONE',  ( 5.971730709438642926, 18.00000000000299849, -9.995857864376265667 ) ) ;
#8667 = DIRECTION ( 'NONE',  ( 0.000000000000000000, 0.000000000000000000, -1.000000000000000000 ) ) ;
#8668 = VECTOR ( 'NONE', #7149, 1000.000000000000000 ) ;
#8669 = LINE ( 'NONE', #7312, #3881 ) ;
#8670 = CARTESIAN_POINT ( 'NONE',  ( 227.9020493463929995, 11.23999999999625032, -0.009999999999999592548 ) ) ;
#8671 = CARTESIAN_POINT ( 'NONE',  ( 213.3168456096459522, 18.00000000000299849, -0.009999999999999592548 ) ) ;
#8672 = DIRECTION ( 'NONE',  ( -1.000000000000000000, -0.000000000000000000, -0.000000000000000000 ) ) ;
#8673 = FACE_OUTER_BOUND ( 'NONE', #4833, .T. ) ;
#8674 = ORIENTED_EDGE ( 'NONE', *, *, #4268, .T. ) ;
#8675 = VECTOR ( 'NONE', #8523, 1000.000000000000000 ) ;
#8676 = CYLINDRICAL_SURFACE ( 'NONE', #3367, 0.01000000000000000021 ) ;
#8677 = CARTESIAN_POINT ( 'NONE',  ( 147.3433999595799833, 18.00000000000299138, -0.004142135623731957490 ) ) ;
#8678 = ORIENTED_EDGE ( 'NONE', *, *, #8283, .T. ) ;
#8679 = AXIS2_PLACEMENT_3D ( 'NONE', #7569, #4471, #7668 ) ;
#8680 = AXIS2_PLACEMENT_3D ( 'NONE', #1599, #2657, #6514 ) ;
#8681 = ADVANCED_FACE ( 'NONE', ( #5941 ), #6791, .T. ) ;
#8682 = FILL_AREA_STYLE_COLOUR ( '', #4551 ) ;
#8683 = ORIENTED_EDGE ( 'NONE', *, *, #1144, .T. ) ;
#8684 = ORIENTED_EDGE ( 'NONE', *, *, #8702, .F. ) ;
#8685 = DIRECTION ( 'NONE',  ( 0.000000000000000000, 0.000000000000000000, -1.000000000000000000 ) ) ;
#8686 = CARTESIAN_POINT ( 'NONE',  ( 282.9972739408158304, 0.01000000000000000021, -9.990000000000000213 ) ) ;
#8687 = CARTESIAN_POINT ( 'NONE',  ( 156.7681779095894115, 18.00000000000299849, -0.009999999999999592548 ) ) ;
#8688 = ORIENTED_EDGE ( 'NONE', *, *, #3017, .T. ) ;
#8689 = VECTOR ( 'NONE', #533, 1000.000000000000000 ) ;
#8690 = CARTESIAN_POINT ( 'NONE',  ( 248.5004811248856242, 17.99585786437925705, 6.801092723719553068E-15 ) ) ;
#8691 = CARTESIAN_POINT ( 'NONE',  ( 48.83126829621394904, 11.24999999999624833, -9.990000000000000213 ) ) ;
#8692 = CARTESIAN_POINT ( 'NONE',  ( 282.9972739408158304, 18.00000000000299849, -0.01000000000000024307 ) ) ;
#8693 = CIRCLE ( 'NONE', #1654, 0.009999999999999592548 ) ;
#8694 = DIRECTION ( 'NONE',  ( 0.000000000000000000, -0.000000000000000000, 1.000000000000000000 ) ) ;
#8695 = VERTEX_POINT ( 'NONE', #8961 ) ;
#8696 = LINE ( 'NONE', #8779, #3422 ) ;
#8697 = EDGE_LOOP ( 'NONE', ( #7419, #2227, #9365, #1875 ) ) ;
#8698 = CARTESIAN_POINT ( 'NONE',  ( 227.9020493463929995, 11.24999999999624833, -0.009999999999999592548 ) ) ;
#8699 = CYLINDRICAL_SURFACE ( 'NONE', #3874, 0.009999999999999592548 ) ;
#8700 = DIRECTION ( 'NONE',  ( 1.000000000000000000, 0.000000000000000000, 0.000000000000000000 ) ) ;
#8701 = CARTESIAN_POINT ( 'NONE',  ( 0.000000000000000000, 17.99000000000300048, -9.990000000000000213 ) ) ;
#8702 = EDGE_CURVE ( 'NONE', #3549, #6625, #8181, .T. ) ;
#8703 = EDGE_CURVE ( 'NONE', #3595, #3370, #5193, .T. ) ;
#8704 = CARTESIAN_POINT ( 'NONE',  ( 139.6642907039745296, 11.24999999999624833, -10.00000000000000000 ) ) ;
#8705 = ADVANCED_FACE ( 'NONE', ( #8857 ), #6588, .F. ) ;
#8706 = LINE ( 'NONE', #4172, #7659 ) ;
#8707 = DIRECTION ( 'NONE',  ( 0.000000000000000000, 0.000000000000000000, 1.000000000000000000 ) ) ;
#8708 = ORIENTED_EDGE ( 'NONE', *, *, #2664, .F. ) ;
#8709 = VERTEX_POINT ( 'NONE', #5090 ) ;
#8710 = DIRECTION ( 'NONE',  ( 0.000000000000000000, 1.000000000000000000, 0.000000000000000000 ) ) ;
#8711 = EDGE_CURVE ( 'NONE', #4535, #3524, #3592, .T. ) ;
#8712 = ORIENTED_EDGE ( 'NONE', *, *, #1660, .T. ) ;
#8713 = CARTESIAN_POINT ( 'NONE',  ( 283.4972739408158304, 0.5000000000000000000, -0.5000000000000000000 ) ) ;
#8714 = CARTESIAN_POINT ( 'NONE',  ( 177.3634025040122424, 11.24999999999624833, -9.990000000000000213 ) ) ;
#8715 = ADVANCED_FACE ( 'NONE', ( #3692 ), #6738, .T. ) ;
#8716 = CARTESIAN_POINT ( 'NONE',  ( 197.5928759653386066, -33.10099226808451789, 0.000000000000000000 ) ) ;
#8717 = LINE ( 'NONE', #7170, #470 ) ;
#8718 = CARTESIAN_POINT ( 'NONE',  ( 54.84128915388971848, 11.24999999999624833, -0.009999999999999592548 ) ) ;
#8719 = DIRECTION ( 'NONE',  ( 1.000000000000000000, -0.000000000000000000, 0.000000000000000000 ) ) ;
#8720 = FACE_OUTER_BOUND ( 'NONE', #4828, .T. ) ;
#8721 = EDGE_CURVE ( 'NONE', #1366, #6712, #2468, .T. ) ;
#8722 = ORIENTED_EDGE ( 'NONE', *, *, #7289, .T. ) ;
#8723 = DIRECTION ( 'NONE',  ( 0.000000000000000000, 0.000000000000000000, 1.000000000000000000 ) ) ;
#8724 = LINE ( 'NONE', #2776, #8134 ) ;
#8725 = ORIENTED_EDGE ( 'NONE', *, *, #8807, .F. ) ;
#8726 = VERTEX_POINT ( 'NONE', #2624 ) ;
#8727 = LINE ( 'NONE', #968, #8387 ) ;
#8728 = CARTESIAN_POINT ( 'NONE',  ( 143.0790477963081742, 11.24999999999624833, -0.009999999999999592548 ) ) ;
#8729 = ORIENTED_EDGE ( 'NONE', *, *, #8221, .F. ) ;
#8730 = ADVANCED_FACE ( 'NONE', ( #227 ), #3282, .T. ) ;
#8731 = CARTESIAN_POINT ( 'NONE',  ( 163.6774795748007989, 17.99585786437926771, -9.999999999999996447 ) ) ;
#8732 = AXIS2_PLACEMENT_3D ( 'NONE', #5453, #8491, #9776 ) ;
#8733 = FACE_OUTER_BOUND ( 'NONE', #4141, .T. ) ;
#8734 = ORIENTED_EDGE ( 'NONE', *, *, #8404, .T. ) ;
#8735 = EDGE_LOOP ( 'NONE', ( #5581, #4280, #7457, #766 ) ) ;
#8736 = DIRECTION ( 'NONE',  ( 0.000000000000000000, 0.000000000000000000, 1.000000000000000000 ) ) ;
#8737 = VERTEX_POINT ( 'NONE', #2134 ) ;
#8738 = LINE ( 'NONE', #938, #1211 ) ;
#8739 = LINE ( 'NONE', #4166, #3547 ) ;
#8740 = DIRECTION ( 'NONE',  ( -0.000000000000000000, -0.000000000000000000, 1.000000000000000000 ) ) ;
#8741 = DIRECTION ( 'NONE',  ( 0.2503800040544349459, 0.9681476403781095197, 0.000000000000000000 ) ) ;
#8742 = DIRECTION ( 'NONE',  ( -1.000000000000000000, -0.000000000000000000, -0.000000000000000000 ) ) ;
#8743 = DIRECTION ( 'NONE',  ( -0.9681476403781390516, 0.2503800040543205374, 0.000000000000000000 ) ) ;
#8744 = ORIENTED_EDGE ( 'NONE', *, *, #2573, .F. ) ;
#8745 = ADVANCED_FACE ( 'NONE', ( #6811 ), #3716, .F. ) ;
#8746 = CARTESIAN_POINT ( 'NONE',  ( 48.83126829621394904, 11.24999999999624833, -0.009999999999999592548 ) ) ;
#8747 = ORIENTED_EDGE ( 'NONE', *, *, #3313, .F. ) ;
#8748 = ORIENTED_EDGE ( 'NONE', *, *, #151, .T. ) ;
#8749 = EDGE_CURVE ( 'NONE', #8292, #3928, #7395, .T. ) ;
#8750 = LINE ( 'NONE', #1948, #8943 ) ;
#8751 = DIRECTION ( 'NONE',  ( 0.000000000000000000, 0.000000000000000000, -1.000000000000000000 ) ) ;
#8752 = EDGE_CURVE ( 'NONE', #7801, #9326, #9886, .T. ) ;
#8753 = AXIS2_PLACEMENT_3D ( 'NONE', #6484, #5040, #8079 ) ;
#8754 = CARTESIAN_POINT ( 'NONE',  ( 0.000000000000000000, 18.00000000000299849, -9.990000000000000213 ) ) ;
#8755 = DIRECTION ( 'NONE',  ( 0.2503800040544349459, 0.9681476403781095197, 0.000000000000000000 ) ) ;
#8756 = AXIS2_PLACEMENT_3D ( 'NONE', #1388, #7615, #799 ) ;
#8757 = DIRECTION ( 'NONE',  ( 0.000000000000000000, 0.000000000000000000, -1.000000000000000000 ) ) ;
#8758 = DIRECTION ( 'NONE',  ( -0.9681476403780955309, 0.2503800040544887362, 0.000000000000000000 ) ) ;
#8759 = EDGE_LOOP ( 'NONE', ( #7293, #2273, #7262, #7185 ) ) ;
#8760 = EDGE_CURVE ( 'NONE', #3962, #8038, #1014, .T. ) ;
#8761 = AXIS2_PLACEMENT_3D ( 'NONE', #8880, #7344, #1991 ) ;
#8762 = CYLINDRICAL_SURFACE ( 'NONE', #1742, 0.009999999999999592548 ) ;
#8763 = ORIENTED_EDGE ( 'NONE', *, *, #8621, .F. ) ;
#8764 = EDGE_CURVE ( 'NONE', #8398, #1166, #1434, .T. ) ;
#8765 = CARTESIAN_POINT ( 'NONE',  ( 0.000000000000000000, 18.00000000000299849, -9.990000000000000213 ) ) ;
#8766 = VECTOR ( 'NONE', #6785, 1000.000000000000000 ) ;
#8767 = EDGE_LOOP ( 'NONE', ( #8959, #7994, #1676, #8117 ) ) ;
#8768 = LINE ( 'NONE', #7987, #6993 ) ;
#8769 = AXIS2_PLACEMENT_3D ( 'NONE', #623, #8972, #859 ) ;
#8770 =( BOUNDED_CURVE ( )  B_SPLINE_CURVE ( 3, ( #3039, #6095, #2275, #5145 ),
 .UNSPECIFIED., .F., .T. ) 
 B_SPLINE_CURVE_WITH_KNOTS ( ( 4, 4 ),
 ( 0.000000000000000000, 1.570796326795005138 ),
 .UNSPECIFIED. ) 
 CURVE ( )  GEOMETRIC_REPRESENTATION_ITEM ( )  RATIONAL_B_SPLINE_CURVE ( ( 1.000000000000000000, 0.8047378541243395134, 0.8047378541243395134, 1.000000000000000000 ) ) 
 REPRESENTATION_ITEM ( '' )  );
#8771 = CARTESIAN_POINT ( 'NONE',  ( 40.92342952141896717, 28.58351848639060577, -9.990000000000000213 ) ) ;
#8772 = FACE_OUTER_BOUND ( 'NONE', #1906, .T. ) ;
#8773 = CARTESIAN_POINT ( 'NONE',  ( 158.5138466039933007, 11.24999999999624478, -9.995857864376256785 ) ) ;
#8774 = ORIENTED_EDGE ( 'NONE', *, *, #1819, .T. ) ;
#8775 = VECTOR ( 'NONE', #538, 1000.000000000000000 ) ;
#8776 = VECTOR ( 'NONE', #8201, 1000.000000000000000 ) ;
#8777 = DIRECTION ( 'NONE',  ( -0.2503800040544349459, 0.9681476403781095197, -0.000000000000000000 ) ) ;
#8778 = VERTEX_POINT ( 'NONE', #6764 ) ;
#8779 = CARTESIAN_POINT ( 'NONE',  ( 180.7781595963458869, 11.23999999999625032, -10.00000000000000000 ) ) ;
#8780 = ORIENTED_EDGE ( 'NONE', *, *, #7875, .F. ) ;
#8781 = DIRECTION ( 'NONE',  ( 0.2503800040544349459, -0.9681476403781095197, -0.000000000000000000 ) ) ;
#8782 = VECTOR ( 'NONE', #6325, 1000.000000000000000 ) ;
#8783 = CARTESIAN_POINT ( 'NONE',  ( 246.7516052464118843, 11.24999999999625544, -9.990000000000000213 ) ) ;
#8784 = CARTESIAN_POINT ( 'NONE',  ( 135.3999385407027205, 18.00000000000299849, -0.004142135623729632093 ) ) ;
#8785 = CARTESIAN_POINT ( 'NONE',  ( 125.9829034179717269, 17.99000000000299693, 0.000000000000000000 ) ) ;
#8786 = DIRECTION ( 'NONE',  ( 0.000000000000000000, -1.000000000000000000, -0.000000000000000000 ) ) ;
#8787 = VECTOR ( 'NONE', #1036, 1000.000000000000000 ) ;
#8788 = CYLINDRICAL_SURFACE ( 'NONE', #2374, 0.009999999999994117761 ) ;
#8789 = ORIENTED_EDGE ( 'NONE', *, *, #2548, .F. ) ;
#8790 = ORIENTED_EDGE ( 'NONE', *, *, #7796, .T. ) ;
#8791 = CARTESIAN_POINT ( 'NONE',  ( 90.79473225952347093, 18.00000000000299849, -10.00000000000000000 ) ) ;
#8792 = VERTEX_POINT ( 'NONE', #2853 ) ;
#8793 = ORIENTED_EDGE ( 'NONE', *, *, #1728, .F. ) ;
#8794 = AXIS2_PLACEMENT_3D ( 'NONE', #3554, #6461, #1079 ) ;
#8795 = DIRECTION ( 'NONE',  ( -1.000000000000000000, 0.000000000000000000, 0.000000000000000000 ) ) ;
#8796 = CARTESIAN_POINT ( 'NONE',  ( 12.88556801785861694, 17.99000000000300048, -10.00000000000000000 ) ) ;
#8797 = DIRECTION ( 'NONE',  ( -0.9681476403781361650, -0.2503800040543317507, 0.000000000000000000 ) ) ;
#8798 = CARTESIAN_POINT ( 'NONE',  ( 194.4672897096270958, 18.00000000000299849, -0.01000000000000000021 ) ) ;
#8799 = ADVANCED_FACE ( 'NONE', ( #9731 ), #5963, .T. ) ;
#8800 = VERTEX_POINT ( 'NONE', #7498 ) ;
#8801 = CARTESIAN_POINT ( 'NONE',  ( 237.3345701236808338, 11.23999999999624855, -10.00000000000000000 ) ) ;
#8802 = LINE ( 'NONE', #5695, #6771 ) ;
#8803 = ORIENTED_EDGE ( 'NONE', *, *, #7626, .T. ) ;
#8804 = DIRECTION ( 'NONE',  ( -0.2503800040544349459, 0.9681476403781095197, 0.000000000000000000 ) ) ;
#8805 = CARTESIAN_POINT ( 'NONE',  ( 227.9097921736714056, 11.23999999999624855, -10.00000000000000000 ) ) ;
#8806 = EDGE_CURVE ( 'NONE', #3485, #7934, #1326, .T. ) ;
#8807 = EDGE_CURVE ( 'NONE', #9578, #1077, #5317, .T. ) ;
#8808 = DIRECTION ( 'NONE',  ( 0.000000000000000000, -1.000000000000000000, 0.000000000000000000 ) ) ;
#8809 = ORIENTED_EDGE ( 'NONE', *, *, #8711, .T. ) ;
#8810 = EDGE_CURVE ( 'NONE', #4726, #6160, #4560, .T. ) ;
#8811 = CARTESIAN_POINT ( 'NONE',  ( 233.9120702040687831, 11.24999999999624833, -9.990000000000000213 ) ) ;
#8812 = ORIENTED_EDGE ( 'NONE', *, *, #7424, .T. ) ;
#8813 = DIRECTION ( 'NONE',  ( -0.2503800040544349459, 0.9681476403781095197, 0.000000000000000000 ) ) ;
#8814 = DIRECTION ( 'NONE',  ( 0.000000000000000000, 0.000000000000000000, 1.000000000000000000 ) ) ;
#8815 = ORIENTED_EDGE ( 'NONE', *, *, #7370, .T. ) ;
#8816 = CARTESIAN_POINT ( 'NONE',  ( 180.7781595963458869, 11.23999999999625032, -0.009999999999999592548 ) ) ;
#8817 = ORIENTED_EDGE ( 'NONE', *, *, #5684, .F. ) ;
#8818 = ADVANCED_FACE ( 'NONE', ( #7604 ), #7444, .F. ) ;
#8819 = AXIS2_PLACEMENT_3D ( 'NONE', #9167, #7580, #6837 ) ;
#8820 = EDGE_CURVE ( 'NONE', #8243, #9876, #2030, .T. ) ;
#8821 = VECTOR ( 'NONE', #5820, 1000.000000000000000 ) ;
#8822 =( NAMED_UNIT ( * ) PLANE_ANGLE_UNIT ( ) SI_UNIT ( $, .RADIAN. ) );
#8823 = EDGE_CURVE ( 'NONE', #6475, #184, #2863, .T. ) ;
#8824 = CARTESIAN_POINT ( 'NONE',  ( 85.09311572267037604, 40.00657603351563552, -9.990000000000000213 ) ) ;
#8825 = ORIENTED_EDGE ( 'NONE', *, *, #2718, .F. ) ;
#8826 = VERTEX_POINT ( 'NONE', #2183 ) ;
#8827 = VECTOR ( 'NONE', #2239, 1000.000000000000000 ) ;
#8828 = DIRECTION ( 'NONE',  ( -1.000000000000000000, 0.000000000000000000, 0.000000000000000000 ) ) ;
#8829 = ORIENTED_EDGE ( 'NONE', *, *, #3150, .T. ) ;
#8830 = CARTESIAN_POINT ( 'NONE',  ( 130.2298312775612885, 11.24749619995569283, -10.00000000000000000 ) ) ;
#8831 = CARTESIAN_POINT ( 'NONE',  ( 39.40649034620452085, 11.23999999999625032, -10.00000000000000000 ) ) ;
#8832 = EDGE_CURVE ( 'NONE', #6006, #5520, #9674, .T. ) ;
#8833 = CARTESIAN_POINT ( 'NONE',  ( 224.4840850699894190, 11.24585786437252466, -9.999999999999991118 ) ) ;
#8834 = CARTESIAN_POINT ( 'NONE',  ( 14.42161780066812327, 21.72968395811559361, -0.01000000000000000021 ) ) ;
#8835 = DIRECTION ( 'NONE',  ( 0.000000000000000000, 0.000000000000000000, -1.000000000000000000 ) ) ;
#8836 = VECTOR ( 'NONE', #7324, 1000.000000000000000 ) ;
#8837 = DIRECTION ( 'NONE',  ( -0.000000000000000000, 0.000000000000000000, 1.000000000000000000 ) ) ;
#8838 = ORIENTED_EDGE ( 'NONE', *, *, #1910, .F. ) ;
#8839 = EDGE_LOOP ( 'NONE', ( #3892, #5203, #5205, #6051 ) ) ;
#8840 = LINE ( 'NONE', #4227, #368 ) ;
#8841 = VERTEX_POINT ( 'NONE', #6657 ) ;
#8842 = ADVANCED_FACE ( 'NONE', ( #3769 ), #6062, .T. ) ;
#8843 = LINE ( 'NONE', #8944, #4150 ) ;
#8844 = CARTESIAN_POINT ( 'NONE',  ( -206.0000000000000284, -83.00000000000000000, -0.009999999999999592548 ) ) ;
#8845 = ORIENTED_EDGE ( 'NONE', *, *, #3825, .F. ) ;
#8846 = CARTESIAN_POINT ( 'NONE',  ( 116.5569515273265040, 18.02540000000299969, -10.00000000000000000 ) ) ;
#8847 = CARTESIAN_POINT ( 'NONE',  ( 152.5115685735960369, 11.23999999999625032, 0.000000000000000000 ) ) ;
#8848 =( BOUNDED_CURVE ( )  B_SPLINE_CURVE ( 3, ( #8598, #5624, #4820, #7858 ),
 .UNSPECIFIED., .F., .F. ) 
 B_SPLINE_CURVE_WITH_KNOTS ( ( 4, 4 ),
 ( 3.141592653589793116, 4.712388980383129145 ),
 .UNSPECIFIED. ) 
 CURVE ( )  GEOMETRIC_REPRESENTATION_ITEM ( )  RATIONAL_B_SPLINE_CURVE ( ( 1.000000000000000000, 0.8047378541247327544, 0.8047378541247327544, 1.000000000000000000 ) ) 
 REPRESENTATION_ITEM ( '' )  );
#8849 = EDGE_LOOP ( 'NONE', ( #3467, #8067, #5450, #6257 ) ) ;
#8850 = CARTESIAN_POINT ( 'NONE',  ( 43.67084250947634416, 18.00000000000299494, -9.990000000000000213 ) ) ;
#8851 = CARTESIAN_POINT ( 'NONE',  ( 101.9651789039368310, 11.24999999999624833, -9.990000000000000213 ) ) ;
#8852 = CARTESIAN_POINT ( 'NONE',  ( 209.0602362736525492, 11.23999999999624855, -10.00000000000000000 ) ) ;
#8853 = ORIENTED_EDGE ( 'NONE', *, *, #5326, .T. ) ;
#8854 = CARTESIAN_POINT ( 'NONE',  ( 22.31034596786804869, 17.99000000000300048, 0.000000000000000000 ) ) ;
#8855 = ORIENTED_EDGE ( 'NONE', *, *, #878, .T. ) ;
#8856 = CARTESIAN_POINT ( 'NONE',  ( 205.6345291699706195, 11.24585786437251755, 1.475414198459862560E-15 ) ) ;
#8857 = FACE_OUTER_BOUND ( 'NONE', #3953, .T. ) ;
#8858 = EDGE_CURVE ( 'NONE', #1561, #6512, #1379, .T. ) ;
#8859 = ORIENTED_EDGE ( 'NONE', *, *, #3841, .T. ) ;
#8860 = LINE ( 'NONE', #1256, #6856 ) ;
#8861 = ORIENTED_EDGE ( 'NONE', *, *, #9643, .F. ) ;
#8862 = EDGE_CURVE ( 'NONE', #6389, #315, #8693, .T. ) ;
#8863 = CARTESIAN_POINT ( 'NONE',  ( 154.2591759171253614, 17.99749619996245187, -10.00000000000000000 ) ) ;
#8864 = EDGE_CURVE ( 'NONE', #6437, #6660, #1867, .T. ) ;
#8865 = CARTESIAN_POINT ( 'NONE',  ( 167.9386245540028142, 11.24999999999624833, -0.009999999999999592548 ) ) ;
#8866 = CARTESIAN_POINT ( 'NONE',  ( 144.8409668537585731, 18.02289619996245307, -0.009999999999999592548 ) ) ;
#8867 = ORIENTED_EDGE ( 'NONE', *, *, #2471, .F. ) ;
#8868 = EDGE_LOOP ( 'NONE', ( #5992, #8845, #962, #9132 ) ) ;
#8869 = AXIS2_PLACEMENT_3D ( 'NONE', #2880, #5192, #4434 ) ;
#8870 = DIRECTION ( 'NONE',  ( 0.000000000000000000, 0.000000000000000000, -1.000000000000000000 ) ) ;
#8871 = EDGE_CURVE ( 'NONE', #8444, #2826, #374, .T. ) ;
#8872 = ORIENTED_EDGE ( 'NONE', *, *, #5431, .F. ) ;
#8873 = CARTESIAN_POINT ( 'NONE',  ( 154.2494944407215485, 18.00000000000299849, -9.990000000000000213 ) ) ;
#8874 = FACE_OUTER_BOUND ( 'NONE', #3414, .T. ) ;
#8875 = LINE ( 'NONE', #9527, #7997 ) ;
#8876 = ADVANCED_FACE ( 'NONE', ( #5650 ), #4942, .T. ) ;
#8877 = FACE_OUTER_BOUND ( 'NONE', #4338, .T. ) ;
#8878 = CARTESIAN_POINT ( 'NONE',  ( 124.2326990803591542, 11.24585786437251933, -9.999999999999998224 ) ) ;
#8879 = EDGE_CURVE ( 'NONE', #6068, #5756, #6438, .T. ) ;
#8880 = CARTESIAN_POINT ( 'NONE',  ( 156.7616090229467716, 18.02540000000299969, -10.00000000000000000 ) ) ;
#8881 = FACE_BOUND ( 'NONE', #7336, .T. ) ;
#8882 = EDGE_LOOP ( 'NONE', ( #5724, #435, #534, #2948 ) ) ;
#8883 = ORIENTED_EDGE ( 'NONE', *, *, #8721, .T. ) ;
#8884 = CARTESIAN_POINT ( 'NONE',  ( 101.9574360766584107, 11.23999999999625032, -10.00000000000000000 ) ) ;
#8885 = ORIENTED_EDGE ( 'NONE', *, *, #8406, .T. ) ;
#8886 = MANIFOLD_SOLID_BREP ( 'Fillet1', #896 ) ;
#8887 = LINE ( 'NONE', #2661, #8012 ) ;
#8888 = CARTESIAN_POINT ( 'NONE',  ( 81.36338542287140285, 18.02540000000299969, -10.00000000000000000 ) ) ;
#8889 = DIRECTION ( 'NONE',  ( -0.2503800040544349459, 0.9681476403781095197, 0.000000000000000000 ) ) ;
#8890 = VERTEX_POINT ( 'NONE', #2386 ) ;
#8891 = ORIENTED_EDGE ( 'NONE', *, *, #4511, .T. ) ;
#8892 = FACE_OUTER_BOUND ( 'NONE', #9692, .T. ) ;
#8893 = CARTESIAN_POINT ( 'NONE',  ( 143.0790477963081742, 11.23999999999625032, -10.00000000000000000 ) ) ;
#8894 = EDGE_CURVE ( 'NONE', #2174, #996, #7700, .T. ) ;
#8895 = ORIENTED_EDGE ( 'NONE', *, *, #5628, .F. ) ;
#8896 = DIRECTION ( 'NONE',  ( -0.2503800040544349459, -0.9681476403781095197, 0.000000000000000000 ) ) ;
#8897 = DIRECTION ( 'NONE',  ( -0.9681476403781361650, -0.2503800040543317507, 0.000000000000000000 ) ) ;
#8898 = CARTESIAN_POINT ( 'NONE',  ( 20.55693444618567156, 11.24999999999624833, -9.990000000000000213 ) ) ;
#8899 = ORIENTED_EDGE ( 'NONE', *, *, #1544, .T. ) ;
#8900 = AXIS2_PLACEMENT_3D ( 'NONE', #7565, #3820, #3779 ) ;
#8901 =( BOUNDED_CURVE ( )  B_SPLINE_CURVE ( 3, ( #409, #3373, #6518, #8796 ),
 .UNSPECIFIED., .F., .F. ) 
 B_SPLINE_CURVE_WITH_KNOTS ( ( 4, 4 ),
 ( 3.141592653589793116, 4.712388980384606185 ),
 .UNSPECIFIED. ) 
 CURVE ( )  GEOMETRIC_REPRESENTATION_ITEM ( )  RATIONAL_B_SPLINE_CURVE ( ( 1.000000000000000000, 0.8047378541243848105, 0.8047378541243848105, 1.000000000000000000 ) ) 
 REPRESENTATION_ITEM ( '' )  );
#8902 = CARTESIAN_POINT ( 'NONE',  ( 156.7681779095894115, 18.00000000000298783, -9.990000000000000213 ) ) ;
#8903 = ADVANCED_FACE ( 'NONE', ( #5701 ), #137, .T. ) ;
#8904 = ORIENTED_EDGE ( 'NONE', *, *, #2289, .F. ) ;
#8905 = FACE_OUTER_BOUND ( 'NONE', #7633, .T. ) ;
#8906 = CARTESIAN_POINT ( 'NONE',  ( 95.95836523033086962, 11.24585786437251933, -9.999999999999998224 ) ) ;
#8907 = ORIENTED_EDGE ( 'NONE', *, *, #724, .T. ) ;
#8908 = CARTESIAN_POINT ( 'NONE',  ( 188.7589387250883419, -30.81638075865950910, 0.000000000000000000 ) ) ;
#8909 = EDGE_LOOP ( 'NONE', ( #6125, #7638, #4433, #6755 ) ) ;
#8910 = CARTESIAN_POINT ( 'NONE',  ( 58.25604624622337013, 11.24999999999624833, -0.004142135623730543691 ) ) ;
#8911 = AXIS2_PLACEMENT_3D ( 'NONE', #7136, #3992, #76 ) ;
#8912 = VECTOR ( 'NONE', #3476, 1000.000000000000000 ) ;
#8913 = LINE ( 'NONE', #5894, #8135 ) ;
#8914 = DIRECTION ( 'NONE',  ( -0.2503800040544349459, 0.9681476403781095197, 0.000000000000000000 ) ) ;
#8915 = ORIENTED_EDGE ( 'NONE', *, *, #1545, .F. ) ;
#8916 = EDGE_CURVE ( 'NONE', #3877, #2638, #7940, .T. ) ;
#8917 = ORIENTED_EDGE ( 'NONE', *, *, #2023, .T. ) ;
#8918 = DIRECTION ( 'NONE',  ( 0.000000000000000000, -1.000000000000000000, -0.000000000000000000 ) ) ;
#8919 = VERTEX_POINT ( 'NONE', #5462 ) ;
#8920 = CARTESIAN_POINT ( 'NONE',  ( 191.9486062407592613, 18.00000000000299849, -9.990000000000000213 ) ) ;
#8921 = CARTESIAN_POINT ( 'NONE',  ( 86.53812292353003954, 11.23999999999624855, -10.00000000000000000 ) ) ;
#8922 = CARTESIAN_POINT ( 'NONE',  ( 41.15872792725111395, 18.02540000000299969, -0.009999999999999592548 ) ) ;
#8923 = VECTOR ( 'NONE', #4886, 1000.000000000000000 ) ;
#8924 = VECTOR ( 'NONE', #1346, 1000.000000000000000 ) ;
#8925 = DIRECTION ( 'NONE',  ( -0.9681476403780520101, 0.2503800040546569350, 0.000000000000000000 ) ) ;
#8926 = LINE ( 'NONE', #4968, #929 ) ;
#8927 = ADVANCED_FACE ( 'NONE', ( #4196 ), #8499, .T. ) ;
#8928 = ADVANCED_FACE ( 'NONE', ( #787 ), #3104, .F. ) ;
#8929 =( BOUNDED_CURVE ( )  B_SPLINE_CURVE ( 3, ( #3364, #2607, #1135, #4224 ),
 .UNSPECIFIED., .F., .F. ) 
 B_SPLINE_CURVE_WITH_KNOTS ( ( 4, 4 ),
 ( 3.141592653589793116, 4.712388980383671822 ),
 .UNSPECIFIED. ) 
 CURVE ( )  GEOMETRIC_REPRESENTATION_ITEM ( )  RATIONAL_B_SPLINE_CURVE ( ( 1.000000000000000000, 0.8047378541246048567, 0.8047378541246048567, 1.000000000000000000 ) ) 
 REPRESENTATION_ITEM ( '' )  );
#8930 = CARTESIAN_POINT ( 'NONE',  ( 282.9972739408158304, 17.50000000000299849, -10.00000000000000000 ) ) ;
#8931 = VECTOR ( 'NONE', #3530, 1000.000000000000000 ) ;
#8932 = DIRECTION ( 'NONE',  ( 0.000000000000000000, 0.000000000000000000, -1.000000000000000000 ) ) ;
#8933 = CARTESIAN_POINT ( 'NONE',  ( 180.7781595963458869, 11.24999999999624833, -10.00000000000000000 ) ) ;
#8934 = ORIENTED_EDGE ( 'NONE', *, *, #4437, .T. ) ;
#8935 = EDGE_CURVE ( 'NONE', #3384, #6998, #9188, .T. ) ;
#8936 = ORIENTED_EDGE ( 'NONE', *, *, #9241, .F. ) ;
#8937 = LINE ( 'NONE', #1488, #5816 ) ;
#8938 = ORIENTED_EDGE ( 'NONE', *, *, #4266, .F. ) ;
#8939 = CARTESIAN_POINT ( 'NONE',  ( 50.58661846702168674, 17.99749619996245897, -10.00000000000000000 ) ) ;
#8940 = DIRECTION ( 'NONE',  ( 0.000000000000000000, 0.000000000000000000, -1.000000000000000000 ) ) ;
#8941 = CARTESIAN_POINT ( 'NONE',  ( 101.9651789039368595, 11.24999999999624656, -0.004142135623730242716 ) ) ;
#8942 = ADVANCED_FACE ( 'NONE', ( #3915 ), #92, .T. ) ;
#8943 = VECTOR ( 'NONE', #5027, 1000.000000000000000 ) ;
#8944 = CARTESIAN_POINT ( 'NONE',  ( 67.68082419623279122, 11.24999999999624833, -0.009999999999999592548 ) ) ;
#8945 = CARTESIAN_POINT ( 'NONE',  ( 135.7553152835866683, -17.10871170210948833, 0.000000000000000000 ) ) ;
#8946 = EDGE_LOOP ( 'NONE', ( #3497, #6471, #2559, #3354 ) ) ;
#8947 = EDGE_CURVE ( 'NONE', #3399, #4553, #9513, .T. ) ;
#8948 = ORIENTED_EDGE ( 'NONE', *, *, #8515, .T. ) ;
#8949 = CARTESIAN_POINT ( 'NONE',  ( 152.5038257463176024, 11.24999999999624833, -0.009999999999999592548 ) ) ;
#8950 = LINE ( 'NONE', #2101, #7394 ) ;
#8951 = AXIS2_PLACEMENT_3D ( 'NONE', #5919, #795, #2090 ) ;
#8952 = ORIENTED_EDGE ( 'NONE', *, *, #3218, .F. ) ;
#8953 = FACE_OUTER_BOUND ( 'NONE', #1060, .T. ) ;
#8954 = CARTESIAN_POINT ( 'NONE',  ( 12.87782519058020547, 18.00000000000299849, -10.00000000000000000 ) ) ;
#8955 = CARTESIAN_POINT ( 'NONE',  ( 105.3799359962704898, 11.24999999999624833, -9.990000000000000213 ) ) ;
#8956 = VECTOR ( 'NONE', #3730, 1000.000000000000000 ) ;
#8957 = ORIENTED_EDGE ( 'NONE', *, *, #9783, .T. ) ;
#8958 = DIRECTION ( 'NONE',  ( -0.2503800040544349459, -0.9681476403781095197, -0.000000000000000000 ) ) ;
#8959 = ORIENTED_EDGE ( 'NONE', *, *, #6139, .F. ) ;
#8960 = CARTESIAN_POINT ( 'NONE',  ( 171.3533816463364587, 11.24999999999624833, -9.990000000000000213 ) ) ;
#8961 = CARTESIAN_POINT ( 'NONE',  ( 233.9043273767902917, 11.23999999999625388, 0.000000000000000000 ) ) ;
#8962 = EDGE_LOOP ( 'NONE', ( #4214, #9390, #2521, #5577 ) ) ;
#8963 = DIRECTION ( 'NONE',  ( 0.000000000000000000, 0.000000000000000000, 1.000000000000000000 ) ) ;
#8964 = AXIS2_PLACEMENT_3D ( 'NONE', #5383, #6976, #1749 ) ;
#8965 = ORIENTED_EDGE ( 'NONE', *, *, #7103, .T. ) ;
#8966 = CARTESIAN_POINT ( 'NONE',  ( 199.6354583236431210, 11.23999999999624855, -10.00000000000000000 ) ) ;
#8967 =( BOUNDED_CURVE ( )  B_SPLINE_CURVE ( 3, ( #776, #7539, #6849, #6192 ),
 .UNSPECIFIED., .F., .F. ) 
 B_SPLINE_CURVE_WITH_KNOTS ( ( 4, 4 ),
 ( 3.141592653589793116, 4.712388980384906390 ),
 .UNSPECIFIED. ) 
 CURVE ( )  GEOMETRIC_REPRESENTATION_ITEM ( )  RATIONAL_B_SPLINE_CURVE ( ( 1.000000000000000000, 0.8047378541243139782, 0.8047378541243139782, 1.000000000000000000 ) ) 
 REPRESENTATION_ITEM ( '' )  );
#8968 = CYLINDRICAL_SURFACE ( 'NONE', #2215, 0.01000000000000690267 ) ;
#8969 = EDGE_CURVE ( 'NONE', #3492, #4315, #6679, .T. ) ;
#8970 =( BOUNDED_CURVE ( )  B_SPLINE_CURVE ( 3, ( #5103, #8784, #5762, #6462 ),
 .UNSPECIFIED., .F., .T. ) 
 B_SPLINE_CURVE_WITH_KNOTS ( ( 4, 4 ),
 ( 3.141592653589813544, 4.712388980384906390 ),
 .UNSPECIFIED. ) 
 CURVE ( )  GEOMETRIC_REPRESENTATION_ITEM ( )  RATIONAL_B_SPLINE_CURVE ( ( 1.000000000000000000, 0.8047378541243187522, 0.8047378541243187522, 1.000000000000000000 ) ) 
 REPRESENTATION_ITEM ( '' )  );
#8971 = VECTOR ( 'NONE', #672, 1000.000000000000000 ) ;
#8972 = DIRECTION ( 'NONE',  ( -0.000000000000000000, -0.000000000000000000, 1.000000000000000000 ) ) ;
#8973 = DIRECTION ( 'NONE',  ( 1.000000000000000000, -0.000000000000000000, 0.000000000000000000 ) ) ;
#8974 = EDGE_LOOP ( 'NONE', ( #1650, #6694, #7030, #8936 ) ) ;
#8975 = ORIENTED_EDGE ( 'NONE', *, *, #9198, .T. ) ;
#8976 = DIRECTION ( 'NONE',  ( 0.2503800040544349459, 0.9681476403781095197, 0.000000000000000000 ) ) ;
#8977 = ORIENTED_EDGE ( 'NONE', *, *, #8519, .T. ) ;
#8978 = CARTESIAN_POINT ( 'NONE',  ( 196.2129584040310704, 11.24999999999624833, -9.990000000000000213 ) ) ;
#8979 = ORIENTED_EDGE ( 'NONE', *, *, #6211, .F. ) ;
#8980 = DIRECTION ( 'NONE',  ( -0.9681476403780548967, -0.2503800040546457217, 0.000000000000000000 ) ) ;
#8981 = AXIS2_PLACEMENT_3D ( 'NONE', #3743, #8277, #5391 ) ;
#8982 = AXIS2_PLACEMENT_3D ( 'NONE', #2558, #5633, #1652 ) ;
#8983 = PLANE ( 'NONE',  #634 ) ;
#8984 = CARTESIAN_POINT ( 'NONE',  ( 155.7646136446725791, 58.28346810891565610, -9.990000000000000213 ) ) ;
#8985 = CARTESIAN_POINT ( 'NONE',  ( 124.2294918962893462, 11.23999999999625032, -10.00000000000000000 ) ) ;
#8986 = VECTOR ( 'NONE', #6979, 1000.000000000000000 ) ;
#8987 = VECTOR ( 'NONE', #7537, 1000.000000000000000 ) ;
#8988 = DIRECTION ( 'NONE',  ( 0.000000000000000000, 0.000000000000000000, 1.000000000000000000 ) ) ;
#8989 = DIRECTION ( 'NONE',  ( -1.000000000000000000, -0.000000000000000000, -0.000000000000000000 ) ) ;
#8990 = VERTEX_POINT ( 'NONE', #7321 ) ;
#8991 = ORIENTED_EDGE ( 'NONE', *, *, #638, .T. ) ;
#8992 = CARTESIAN_POINT ( 'NONE',  ( 163.6905227537774294, 18.02289619996245307, -0.009999999999999592548 ) ) ;
#8993 = ORIENTED_EDGE ( 'NONE', *, *, #6886, .F. ) ;
#8994 = LINE ( 'NONE', #9795, #7627 ) ;
#8995 = FACE_OUTER_BOUND ( 'NONE', #4712, .T. ) ;
#8996 = EDGE_CURVE ( 'NONE', #2283, #427, #3486, .T. ) ;
#8997 = CARTESIAN_POINT ( 'NONE',  ( -180.0000000000000000, 1.123325935484965805E-14, -9.990000000000000213 ) ) ;
#8998 = VECTOR ( 'NONE', #8988, 1000.000000000000000 ) ;
#8999 = EDGE_CURVE ( 'NONE', #427, #2366, #5745, .T. ) ;
#9000 = LINE ( 'NONE', #5220, #8609 ) ;
#9001 = DIRECTION ( 'NONE',  ( 0.2503800040544349459, 0.9681476403781095197, 0.000000000000000000 ) ) ;
#9002 = ORIENTED_EDGE ( 'NONE', *, *, #3582, .F. ) ;
#9003 = VERTEX_POINT ( 'NONE', #1914 ) ;
#9004 = ADVANCED_FACE ( 'NONE', ( #1204 ), #521, .T. ) ;
#9005 = PLANE ( 'NONE',  #2778 ) ;
#9006 = DIRECTION ( 'NONE',  ( 0.000000000000000000, 0.000000000000000000, -1.000000000000000000 ) ) ;
#9007 = VERTEX_POINT ( 'NONE', #9655 ) ;
#9008 = EDGE_CURVE ( 'NONE', #2476, #7290, #7278, .T. ) ;
#9009 = CARTESIAN_POINT ( 'NONE',  ( 39.41423317348294120, 11.23999999999625032, -10.00000000000000000 ) ) ;
#9010 = EDGE_CURVE ( 'NONE', #3415, #6777, #4993, .T. ) ;
#9011 = CARTESIAN_POINT ( 'NONE',  ( 149.0890686539839578, 11.24999999999624833, -0.009999999999999592548 ) ) ;
#9012 = CARTESIAN_POINT ( 'NONE',  ( 124.2294918962893178, 11.24999999999625011, -0.004142135623727426393 ) ) ;
#9013 = ORIENTED_EDGE ( 'NONE', *, *, #1012, .T. ) ;
#9014 = EDGE_CURVE ( 'NONE', #8389, #3549, #421, .T. ) ;
#9015 = LINE ( 'NONE', #15, #6447 ) ;
#9016 = VERTEX_POINT ( 'NONE', #2008 ) ;
#9017 = LINE ( 'NONE', #6042, #1696 ) ;
#9018 = ORIENTED_EDGE ( 'NONE', *, *, #5798, .F. ) ;
#9019 = LINE ( 'NONE', #2163, #7482 ) ;
#9020 = ORIENTED_EDGE ( 'NONE', *, *, #491, .F. ) ;
#9021 = LINE ( 'NONE', #4492, #9088 ) ;
#9022 =( BOUNDED_CURVE ( )  B_SPLINE_CURVE ( 3, ( #5428, #9402, #1651, #5532 ),
 .UNSPECIFIED., .F., .F. ) 
 B_SPLINE_CURVE_WITH_KNOTS ( ( 4, 4 ),
 ( 3.141592653589793116, 4.712388980385361137 ),
 .UNSPECIFIED. ) 
 CURVE ( )  GEOMETRIC_REPRESENTATION_ITEM ( )  RATIONAL_B_SPLINE_CURVE ( ( 1.000000000000000000, 0.8047378541242068417, 0.8047378541242068417, 1.000000000000000000 ) ) 
 REPRESENTATION_ITEM ( '' )  );
#9023 = FACE_OUTER_BOUND ( 'NONE', #9213, .T. ) ;
#9024 = CARTESIAN_POINT ( 'NONE',  ( 71.93860747286197466, 18.02540000000299969, -10.00000000000000000 ) ) ;
#9025 = ORIENTED_EDGE ( 'NONE', *, *, #3571, .T. ) ;
#9026 = ORIENTED_EDGE ( 'NONE', *, *, #9643, .T. ) ;
#9027 = LINE ( 'NONE', #7592, #1483 ) ;
#9028 = ORIENTED_EDGE ( 'NONE', *, *, #5295, .T. ) ;
#9029 = CARTESIAN_POINT ( 'NONE',  ( 48.83901112349236229, 11.23999999999625032, 0.000000000000000000 ) ) ;
#9030 = EDGE_CURVE ( 'NONE', #1519, #1866, #4432, .T. ) ;
#9031 = FACE_OUTER_BOUND ( 'NONE', #5394, .T. ) ;
#9032 = VERTEX_POINT ( 'NONE', #8036 ) ;
#9033 = CYLINDRICAL_SURFACE ( 'NONE', #2392, 8.000000000000035527 ) ;
#9034 = DIRECTION ( 'NONE',  ( 0.000000000000000000, 0.000000000000000000, -1.000000000000000000 ) ) ;
#9035 = CARTESIAN_POINT ( 'NONE',  ( 180.7859024236243215, 11.23999999999625032, 0.000000000000000000 ) ) ;
#9036 = CARTESIAN_POINT ( 'NONE',  ( 92.54040095392741705, 11.24999999999625189, -0.004142135623730744919 ) ) ;
#9037 = CARTESIAN_POINT ( 'NONE',  ( 77.10560214624221942, 11.23999999999625032, -0.009999999999999592548 ) ) ;
#9038 = AXIS2_PLACEMENT_3D ( 'NONE', #6890, #1459, #8390 ) ;
#9039 = CARTESIAN_POINT ( 'NONE',  ( 205.6377363540404986, 11.24999999999624833, -9.990000000000000213 ) ) ;
#9040 = CARTESIAN_POINT ( 'NONE',  ( 105.3799359962704898, 11.24999999999624833, -0.009999999999999592548 ) ) ;
#9041 = ORIENTED_EDGE ( 'NONE', *, *, #793, .T. ) ;
#9042 = EDGE_LOOP ( 'NONE', ( #8977, #414, #6359, #4229 ) ) ;
#9043 = CARTESIAN_POINT ( 'NONE',  ( 29.98945522347351655, 11.23999999999625032, -10.00000000000000000 ) ) ;
#9044 = ORIENTED_EDGE ( 'NONE', *, *, #9635, .F. ) ;
#9045 = CYLINDRICAL_SURFACE ( 'NONE', #5077, 0.01000000000000863913 ) ;
#9046 = CARTESIAN_POINT ( 'NONE',  ( 24.81807942538765133, 17.99585786437927126, -3.586907429118599676E-19 ) ) ;
#9047 = DIRECTION ( 'NONE',  ( 0.000000000000000000, 0.000000000000000000, -1.000000000000000000 ) ) ;
#9048 = VECTOR ( 'NONE', #5554, 1000.000000000000000 ) ;
#9049 = LINE ( 'NONE', #6024, #5751 ) ;
#9050 = ADVANCED_FACE ( 'NONE', ( #2877 ), #9612, .T. ) ;
#9051 = CARTESIAN_POINT ( 'NONE',  ( 167.9354173699329351, 11.24585786437251755, 1.475414198459862560E-15 ) ) ;
#9052 = ORIENTED_EDGE ( 'NONE', *, *, #151, .F. ) ;
#9053 = ORIENTED_EDGE ( 'NONE', *, *, #1300, .T. ) ;
#9054 = CARTESIAN_POINT ( 'NONE',  ( 0.000000000000000000, 17.99000000000300048, -9.990000000000000213 ) ) ;
#9055 = DIRECTION ( 'NONE',  ( -0.2503800040544349459, 0.9681476403781095197, 0.000000000000000000 ) ) ;
#9056 = EDGE_CURVE ( 'NONE', #609, #341, #6533, .T. ) ;
#9057 = ORIENTED_EDGE ( 'NONE', *, *, #212, .F. ) ;
#9058 = LINE ( 'NONE', #6830, #3858 ) ;
#9059 = CARTESIAN_POINT ( 'NONE',  ( 246.7593480736902904, 11.23999999999624855, -10.00000000000000000 ) ) ;
#9060 = EDGE_CURVE ( 'NONE', #5187, #1365, #1351, .T. ) ;
#9061 = CARTESIAN_POINT ( 'NONE',  ( 171.3611244736148933, 11.23999999999625032, 0.000000000000000000 ) ) ;
#9062 = VERTEX_POINT ( 'NONE', #8811 ) ;
#9063 = EDGE_CURVE ( 'NONE', #9693, #2658, #2825, .T. ) ;
#9064 = EDGE_CURVE ( 'NONE', #9484, #8392, #2473, .T. ) ;
#9065 = CARTESIAN_POINT ( 'NONE',  ( 83.11562300391798885, 11.24999999999624833, -9.990000000000000213 ) ) ;
#9066 = VERTEX_POINT ( 'NONE', #5190 ) ;
#9067 = CARTESIAN_POINT ( 'NONE',  ( 116.5581254679622560, 17.99000000000300048, -10.00000000000000000 ) ) ;
#9068 = EDGE_CURVE ( 'NONE', #2217, #8389, #7421, .T. ) ;
#9069 = CARTESIAN_POINT ( 'NONE',  ( 95.95515804626107581, 11.24999999999624833, -9.990000000000000213 ) ) ;
#9070 = ORIENTED_EDGE ( 'NONE', *, *, #6328, .T. ) ;
#9071 = ORIENTED_EDGE ( 'NONE', *, *, #693, .F. ) ;
#9072 = EDGE_CURVE ( 'NONE', #8141, #1518, #2056, .T. ) ;
#9073 = CARTESIAN_POINT ( 'NONE',  ( 209.0557006304439653, 11.24585786437251578, -9.999999999999996447 ) ) ;
#9074 =( BOUNDED_CURVE ( )  B_SPLINE_CURVE ( 3, ( #913, #5445, #9215, #4787 ),
 .UNSPECIFIED., .F., .T. ) 
 B_SPLINE_CURVE_WITH_KNOTS ( ( 4, 4 ),
 ( 3.141592653589793116, 4.712388980383345860 ),
 .UNSPECIFIED. ) 
 CURVE ( )  GEOMETRIC_REPRESENTATION_ITEM ( )  RATIONAL_B_SPLINE_CURVE ( ( 1.000000000000000000, 0.8047378541246816841, 0.8047378541246816841, 1.000000000000000000 ) ) 
 REPRESENTATION_ITEM ( '' )  );
#9075 = AXIS2_PLACEMENT_3D ( 'NONE', #4119, #6213, #7206 ) ;
#9076 = CARTESIAN_POINT ( 'NONE',  ( -180.0000000000000284, -2.056993547213652440E-16, -9.995857864376279878 ) ) ;
#9077 = VERTEX_POINT ( 'NONE', #562 ) ;
#9078 = ORIENTED_EDGE ( 'NONE', *, *, #5097, .T. ) ;
#9079 = VECTOR ( 'NONE', #8164, 1000.000000000000000 ) ;
#9080 = DIRECTION ( 'NONE',  ( 0.2503800040544349459, 0.9681476403781095197, 0.000000000000000000 ) ) ;
#9081 = ORIENTED_EDGE ( 'NONE', *, *, #4330, .T. ) ;
#9082 = CARTESIAN_POINT ( 'NONE',  ( 158.5138466039933860, 11.24999999999624833, -10.00000000000000000 ) ) ;
#9083 = CARTESIAN_POINT ( 'NONE',  ( 283.4972739408158304, 17.50000000000299849, -0.5000000000000000000 ) ) ;
#9084 = ORIENTED_EDGE ( 'NONE', *, *, #5785, .F. ) ;
#9085 = DIRECTION ( 'NONE',  ( 0.000000000000000000, 0.000000000000000000, 1.000000000000000000 ) ) ;
#9086 = DIRECTION ( 'NONE',  ( -1.000000000000000000, 0.000000000000000000, 0.000000000000000000 ) ) ;
#9087 = CARTESIAN_POINT ( 'NONE',  ( 22.30260314058962834, 18.00000000000299849, -9.995857864376265667 ) ) ;
#9088 = VECTOR ( 'NONE', #2065, 1000.000000000000000 ) ;
#9089 = VECTOR ( 'NONE', #252, 1000.000000000000000 ) ;
#9090 = DIRECTION ( 'NONE',  ( 0.000000000000000000, -0.000000000000000000, 1.000000000000000000 ) ) ;
#9091 = DIRECTION ( 'NONE',  ( 0.000000000000000000, 0.000000000000000000, -1.000000000000000000 ) ) ;
#9092 = CARTESIAN_POINT ( 'NONE',  ( 224.0946876860894861, -39.95482679635953360, -9.990000000000000213 ) ) ;
#9093 = CARTESIAN_POINT ( 'NONE',  ( 0.000000000000000000, 11.23999999999625032, 0.000000000000000000 ) ) ;
#9094 = VERTEX_POINT ( 'NONE', #6133 ) ;
#9095 = ORIENTED_EDGE ( 'NONE', *, *, #4368, .T. ) ;
#9096 = DIRECTION ( 'NONE',  ( -0.9681476403781390516, 0.2503800040543205374, 0.000000000000000000 ) ) ;
#9097 = ORIENTED_EDGE ( 'NONE', *, *, #5097, .F. ) ;
#9098 = CARTESIAN_POINT ( 'NONE',  ( 107.1333475179528278, 17.99000000000300048, -10.00000000000000000 ) ) ;
#9099 = VECTOR ( 'NONE', #5857, 1000.000000000000000 ) ;
#9100 = CIRCLE ( 'NONE', #7665, 17.99999999999998934 ) ;
#9101 = CARTESIAN_POINT ( 'NONE',  ( 12.88103237465003481, 17.99585786437927126, 2.039059010068051210E-16 ) ) ;
#9102 = LINE ( 'NONE', #9197, #3220 ) ;
#9103 = AXIS2_PLACEMENT_3D ( 'NONE', #7646, #2429, #3096 ) ;
#9104 = EDGE_CURVE ( 'NONE', #4877, #8990, #6939, .T. ) ;
#9105 = VECTOR ( 'NONE', #2626, 1000.000000000000000 ) ;
#9107 = PLANE ( 'NONE',  #7649 ) ;
#9106 =( BOUNDED_CURVE ( )  B_SPLINE_CURVE ( 3, ( #6050, #9076, #2225, #5301 ),
 .UNSPECIFIED., .F., .F. ) 
 B_SPLINE_CURVE_WITH_KNOTS ( ( 4, 4 ),
 ( 3.141592653589793116, 4.712388980386087667 ),
 .UNSPECIFIED. ) 
 CURVE ( )  GEOMETRIC_REPRESENTATION_ITEM ( )  RATIONAL_B_SPLINE_CURVE ( ( 1.000000000000000000, 0.8047378541240354233, 0.8047378541240354233, 1.000000000000000000 ) ) 
 REPRESENTATION_ITEM ( '' )  );
#9108 = FACE_OUTER_BOUND ( 'NONE', #9499, .T. ) ;
#9109 = EDGE_LOOP ( 'NONE', ( #6052, #5749, #7897, #9616 ) ) ;
#9110 = VERTEX_POINT ( 'NONE', #7628 ) ;
#9111 = CARTESIAN_POINT ( 'NONE',  ( 152.5038257463176024, 11.24999999999624833, -0.009999999999999592548 ) ) ;
#9112 = CARTESIAN_POINT ( 'NONE',  ( 128.4938440595611269, 18.00000000000299849, -0.01000000000000000021 ) ) ;
#9113 = ORIENTED_EDGE ( 'NONE', *, *, #8320, .T. ) ;
#9114 = VECTOR ( 'NONE', #1023, 1000.000000000000000 ) ;
#9115 = CARTESIAN_POINT ( 'NONE',  ( 0.000000000000000000, 11.23999999999625032, 0.000000000000000000 ) ) ;
#9116 = VECTOR ( 'NONE', #9845, 1000.000000000000000 ) ;
#9117 = CARTESIAN_POINT ( 'NONE',  ( 0.000000000000000000, 18.00000000000299849, -9.990000000000000213 ) ) ;
#9118 = DIRECTION ( 'NONE',  ( 0.000000000000000000, 0.000000000000000000, -1.000000000000000000 ) ) ;
#9119 = VERTEX_POINT ( 'NONE', #70 ) ;
#9120 = DIRECTION ( 'NONE',  ( -1.000000000000000000, -0.000000000000000000, -0.000000000000000000 ) ) ;
#9121 = VERTEX_POINT ( 'NONE', #6179 ) ;
#9122 = EDGE_CURVE ( 'NONE', #7290, #405, #3507, .T. ) ;
#9123 = EDGE_CURVE ( 'NONE', #9175, #8195, #9015, .T. ) ;
#9124 =( BOUNDED_CURVE ( )  B_SPLINE_CURVE ( 3, ( #8541, #1681, #3144, #8402 ),
 .UNSPECIFIED., .F., .F. ) 
 B_SPLINE_CURVE_WITH_KNOTS ( ( 4, 4 ),
 ( 3.141592653589813544, 4.712388980384689674 ),
 .UNSPECIFIED. ) 
 CURVE ( )  GEOMETRIC_REPRESENTATION_ITEM ( )  RATIONAL_B_SPLINE_CURVE ( ( 1.000000000000000000, 0.8047378541243698225, 0.8047378541243698225, 1.000000000000000000 ) ) 
 REPRESENTATION_ITEM ( '' )  );
#9125 = DIRECTION ( 'NONE',  ( -0.2503800040544349459, -0.9681476403781095197, -0.000000000000000000 ) ) ;
#9126 = EDGE_CURVE ( 'NONE', #3856, #2506, #2932, .T. ) ;
#9127 = VECTOR ( 'NONE', #2683, 1000.000000000000000 ) ;
#9128 = ORIENTED_EDGE ( 'NONE', *, *, #9335, .F. ) ;
#9129 = ORIENTED_EDGE ( 'NONE', *, *, #6487, .T. ) ;
#9130 = ADVANCED_FACE ( 'NONE', ( #4480 ), #8388, .T. ) ;
#9131 = CARTESIAN_POINT ( 'NONE',  ( 39.40649034620452795, 11.24999999999624833, -9.995857864376265667 ) ) ;
#9132 = ORIENTED_EDGE ( 'NONE', *, *, #5845, .F. ) ;
#9133 = DIRECTION ( 'NONE',  ( 0.000000000000000000, 0.000000000000000000, -1.000000000000000000 ) ) ;
#9134 = CARTESIAN_POINT ( 'NONE',  ( 95.95515804626107581, 11.24999999999624833, -10.00000000000000000 ) ) ;
#9135 = EDGE_LOOP ( 'NONE', ( #1653, #8829, #8540, #2514 ) ) ;
#9136 = DIRECTION ( 'NONE',  ( -1.000000000000000000, -0.000000000000000000, -0.000000000000000000 ) ) ;
#9137 = CARTESIAN_POINT ( 'NONE',  ( 11.13215649617624869, 11.24999999999624833, -0.004142135623730543691 ) ) ;
#9138 = AXIS2_PLACEMENT_3D ( 'NONE', #4666, #2351, #3876 ) ;
#9139 = LINE ( 'NONE', #6702, #5591 ) ;
#9140 = EDGE_CURVE ( 'NONE', #9218, #9119, #54, .T. ) ;
#9141 = FACE_OUTER_BOUND ( 'NONE', #6680, .T. ) ;
#9142 = DIRECTION ( 'NONE',  ( 0.000000000000000000, 0.000000000000000000, -1.000000000000000000 ) ) ;
#9143 = CARTESIAN_POINT ( 'NONE',  ( 191.9486062407592897, 17.99000000000300048, 0.000000000000000000 ) ) ;
#9144 = CARTESIAN_POINT ( 'NONE',  ( 77.11334497352061135, 11.23999999999624855, -10.00000000000000000 ) ) ;
#9145 = ORIENTED_EDGE ( 'NONE', *, *, #2774, .F. ) ;
#9146 = ORIENTED_EDGE ( 'NONE', *, *, #6339, .F. ) ;
#9147 = EDGE_CURVE ( 'NONE', #243, #1063, #2159, .T. ) ;
#9148 = CARTESIAN_POINT ( 'NONE',  ( 171.3533816463364587, 11.23999999999625032, -0.009999999999999592548 ) ) ;
#9149 = ORIENTED_EDGE ( 'NONE', *, *, #3506, .T. ) ;
#9150 = LINE ( 'NONE', #4609, #9520 ) ;
#9151 = AXIS2_PLACEMENT_3D ( 'NONE', #1315, #9715, #5201 ) ;
#9152 = LINE ( 'NONE', #4566, #7362 ) ;
#9153 = EDGE_CURVE ( 'NONE', #2832, #6750, #3128, .T. ) ;
#9154 = CARTESIAN_POINT ( 'NONE',  ( 186.7881804540216706, 11.24999999999624833, -9.990000000000000213 ) ) ;
#9155 = AXIS2_PLACEMENT_3D ( 'NONE', #4727, #4081, #3215 ) ;
#9156 = DIRECTION ( 'NONE',  ( 0.000000000000000000, -0.000000000000000000, 1.000000000000000000 ) ) ;
#9157 = LINE ( 'NONE', #9247, #37 ) ;
#9158 = ORIENTED_EDGE ( 'NONE', *, *, #5326, .F. ) ;
#9159 = VERTEX_POINT ( 'NONE', #9065 ) ;
#9160 = CARTESIAN_POINT ( 'NONE',  ( -198.0000000000000000, -83.00000000000000000, -9.990000000000000213 ) ) ;
#9161 = LINE ( 'NONE', #5226, #8048 ) ;
#9162 = ORIENTED_EDGE ( 'NONE', *, *, #74, .T. ) ;
#9163 = VECTOR ( 'NONE', #9080, 1000.000000000000000 ) ;
#9164 = FACE_OUTER_BOUND ( 'NONE', #4079, .T. ) ;
#9165 = CARTESIAN_POINT ( 'NONE',  ( 71.94517635950460033, 18.00000000000299849, -0.009999999999999592548 ) ) ;
#9166 = VECTOR ( 'NONE', #2579, 1000.000000000000000 ) ;
#9167 = CARTESIAN_POINT ( 'NONE',  ( 41.16840940365489843, 18.02289619996245307, -0.009999999999999592548 ) ) ;
#9168 = DIRECTION ( 'NONE',  ( -0.2503800040544349459, -0.9681476403781095197, 0.000000000000000000 ) ) ;
#9169 = ORIENTED_EDGE ( 'NONE', *, *, #7466, .F. ) ;
#9170 = ORIENTED_EDGE ( 'NONE', *, *, #499, .T. ) ;
#9171 = DIRECTION ( 'NONE',  ( -0.2503800040544349459, 0.9681476403781095197, 0.000000000000000000 ) ) ;
#9172 = DIRECTION ( 'NONE',  ( -0.9681476403781390516, 0.2503800040543205374, 0.000000000000000000 ) ) ;
#9173 = ADVANCED_FACE ( 'NONE', ( #3836 ), #6788, .T. ) ;
#9174 = ORIENTED_EDGE ( 'NONE', *, *, #4761, .T. ) ;
#9175 = VERTEX_POINT ( 'NONE', #5288 ) ;
#9176 = CARTESIAN_POINT ( 'NONE',  ( 0.000000000000000000, 0.009999999999999592548, -10.00000000000000000 ) ) ;
#9177 = ORIENTED_EDGE ( 'NONE', *, *, #4626, .T. ) ;
#9178 = CYLINDRICAL_SURFACE ( 'NONE', #8732, 0.01000000000001000089 ) ;
#9179 = EDGE_CURVE ( 'NONE', #2115, #4742, #8479, .T. ) ;
#9180 = CARTESIAN_POINT ( 'NONE',  ( 283.4972739408158304, 17.50000000000299849, -10.00000000000000000 ) ) ;
#9181 = ORIENTED_EDGE ( 'NONE', *, *, #2650, .F. ) ;
#9182 = CARTESIAN_POINT ( 'NONE',  ( 220.2295089774301857, 18.02540000000299969, -0.009999999999999592548 ) ) ;
#9183 = DIRECTION ( 'NONE',  ( -0.9681476403782230955, -0.2503800040539953531, 0.000000000000000000 ) ) ;
#9184 = EDGE_CURVE ( 'NONE', #4561, #9823, #2532, .T. ) ;
#9185 = LINE ( 'NONE', #39, #7393 ) ;
#9186 = DIRECTION ( 'NONE',  ( -0.2503800040544349459, -0.9681476403781095197, -0.000000000000000000 ) ) ;
#9187 = ADVANCED_FACE ( 'NONE', ( #9814 ), #6887, .T. ) ;
#9188 = LINE ( 'NONE', #2337, #1301 ) ;
#9189 = DIRECTION ( 'NONE',  ( 0.2503800040544349459, 0.9681476403781095197, 0.000000000000000000 ) ) ;
#9190 = ORIENTED_EDGE ( 'NONE', *, *, #8749, .T. ) ;
#9191 = EDGE_LOOP ( 'NONE', ( #4114, #566, #5349, #460 ) ) ;
#9192 = VERTEX_POINT ( 'NONE', #1457 ) ;
#9193 = CARTESIAN_POINT ( 'NONE',  ( 243.3291053267997484, 11.23999999999625032, -10.00000000000000000 ) ) ;
#9194 = ADVANCED_FACE ( 'NONE', ( #6086 ), #4537, .T. ) ;
#9195 = DIRECTION ( 'NONE',  ( -0.2503800040544349459, 0.9681476403781095197, 0.000000000000000000 ) ) ;
#9196 = DIRECTION ( 'NONE',  ( -0.9681476403780548967, -0.2503800040546457217, 0.000000000000000000 ) ) ;
#9197 = CARTESIAN_POINT ( 'NONE',  ( 120.8147348039556874, 11.24999999999624833, -9.990000000000000213 ) ) ;
#9198 = EDGE_CURVE ( 'NONE', #2992, #952, #9861, .T. ) ;
#9199 = PLANE ( 'NONE',  #767 ) ;
#9200 = CARTESIAN_POINT ( 'NONE',  ( 78.85127084064616554, 18.00000000000299138, -0.004142135623728526207 ) ) ;
#9201 = VERTEX_POINT ( 'NONE', #2317 ) ;
#9202 = ORIENTED_EDGE ( 'NONE', *, *, #9140, .T. ) ;
#9203 = DIRECTION ( 'NONE',  ( 0.000000000000000000, 0.000000000000000000, 1.000000000000000000 ) ) ;
#9204 = FACE_OUTER_BOUND ( 'NONE', #707, .T. ) ;
#9205 = EDGE_LOOP ( 'NONE', ( #2020, #6299, #1814, #8577 ) ) ;
#9206 = CARTESIAN_POINT ( 'NONE',  ( 88.27925597472540176, 17.99585786437926771, -9.999999999999996447 ) ) ;
#9207 = CARTESIAN_POINT ( 'NONE',  ( 208.7682370861742527, 71.99113716546567332, -0.01000000000000000021 ) ) ;
#9208 = AXIS2_PLACEMENT_3D ( 'NONE', #4961, #8007, #7062 ) ;
#9209 = CYLINDRICAL_SURFACE ( 'NONE', #7534, 0.009999999999994117761 ) ;
#9210 = CARTESIAN_POINT ( 'NONE',  ( 283.2529014557631513, 0.04716861071408341016, -0.04716861071408341016 ) ) ;
#9211 = CARTESIAN_POINT ( 'NONE',  ( 62.51265558221675889, 17.99000000000300048, 0.000000000000000000 ) ) ;
#9212 = PLANE ( 'NONE',  #1855 ) ;
#9213 = EDGE_LOOP ( 'NONE', ( #3707, #3305, #5899 ) ) ;
#9214 = ORIENTED_EDGE ( 'NONE', *, *, #7984, .F. ) ;
#9215 = CARTESIAN_POINT ( 'NONE',  ( 241.5879722756043577, 17.99585786437928547, -9.999999999999994671 ) ) ;
#9216 = CYLINDRICAL_SURFACE ( 'NONE', #7985, 0.01000000000000000021 ) ;
#9217 = VERTEX_POINT ( 'NONE', #6284 ) ;
#9218 = VERTEX_POINT ( 'NONE', #8718 ) ;
#9219 = CARTESIAN_POINT ( 'NONE',  ( 119.0690661095517271, 18.00000000000299849, -0.009999999999999592548 ) ) ;
#9220 = VERTEX_POINT ( 'NONE', #5641 ) ;
#9221 = CARTESIAN_POINT ( 'NONE',  ( 199.6277154963647149, 11.24999999999624833, -0.009999999999999592548 ) ) ;
#9222 = DIRECTION ( 'NONE',  ( 0.000000000000000000, 0.000000000000000000, 1.000000000000000000 ) ) ;
#9223 = EDGE_LOOP ( 'NONE', ( #9, #6356, #1100, #4421 ) ) ;
#9224 = CYLINDRICAL_SURFACE ( 'NONE', #5129, 0.009999999999999592548 ) ;
#9225 = CARTESIAN_POINT ( 'NONE',  ( 20.56467727346408836, 11.23999999999625032, -10.00000000000000000 ) ) ;
#9226 = FACE_OUTER_BOUND ( 'NONE', #9233, .T. ) ;
#9227 = EDGE_CURVE ( 'NONE', #9354, #3398, #116, .T. ) ;
#9228 = AXIS2_PLACEMENT_3D ( 'NONE', #5271, #8420, #6169 ) ;
#9229 = DIRECTION ( 'NONE',  ( 0.2503800040544349459, 0.9681476403781095197, 0.000000000000000000 ) ) ;
#9230 = CARTESIAN_POINT ( 'NONE',  ( -180.0000000000000000, 0.000000000000000000, -0.01000000000000000021 ) ) ;
#9231 = LINE ( 'NONE', #5372, #1462 ) ;
#9232 = ORIENTED_EDGE ( 'NONE', *, *, #8711, .F. ) ;
#9233 = EDGE_LOOP ( 'NONE', ( #8280, #8979, #3843, #107 ) ) ;
#9234 = CARTESIAN_POINT ( 'NONE',  ( 90.78698943224505058, 17.99000000000300048, -10.00000000000000000 ) ) ;
#9235 = ORIENTED_EDGE ( 'NONE', *, *, #216, .F. ) ;
#9236 = CARTESIAN_POINT ( 'NONE',  ( 114.8047139462799180, 11.24999999999624833, -9.990000000000000213 ) ) ;
#9237 = DIRECTION ( 'NONE',  ( -1.000000000000000000, 0.000000000000000000, 0.000000000000000000 ) ) ;
#9238 = CARTESIAN_POINT ( 'NONE',  ( 217.6021743264245458, 74.27574867489069277, -0.01000000000000000021 ) ) ;
#9239 = AXIS2_PLACEMENT_3D ( 'NONE', #399, #7255, #493 ) ;
#9240 = DIRECTION ( 'NONE',  ( 0.2503800040544349459, 0.9681476403781095197, 0.000000000000000000 ) ) ;
#9241 = EDGE_CURVE ( 'NONE', #3165, #1166, #7171, .T. ) ;
#9242 = LINE ( 'NONE', #8704, #7979 ) ;
#9243 =( BOUNDED_CURVE ( )  B_SPLINE_CURVE ( 3, ( #825, #9131, #424, #5704 ),
 .UNSPECIFIED., .F., .F. ) 
 B_SPLINE_CURVE_WITH_KNOTS ( ( 4, 4 ),
 ( 3.141592653589793116, 4.712388980384689674 ),
 .UNSPECIFIED. ) 
 CURVE ( )  GEOMETRIC_REPRESENTATION_ITEM ( )  RATIONAL_B_SPLINE_CURVE ( ( 1.000000000000000000, 0.8047378541243649375, 0.8047378541243649375, 1.000000000000000000 ) ) 
 REPRESENTATION_ITEM ( '' )  );
#9244 = ADVANCED_FACE ( 'NONE', ( #6987 ), #4536, .T. ) ;
#9245 = DIRECTION ( 'NONE',  ( 0.000000000000000000, 1.000000000000000000, 0.000000000000000000 ) ) ;
#9246 = VECTOR ( 'NONE', #6436, 1000.000000000000000 ) ;
#9247 = CARTESIAN_POINT ( 'NONE',  ( 209.0524934463741431, 11.24999999999624833, -10.00000000000000000 ) ) ;
#9248 = VERTEX_POINT ( 'NONE', #7827 ) ;
#9249 = VERTEX_POINT ( 'NONE', #9263 ) ;
#9250 = VECTOR ( 'NONE', #2486, 1000.000000000000000 ) ;
#9251 = CARTESIAN_POINT ( 'NONE',  ( 58.25604624622337013, 11.24999999999624833, -9.990000000000000213 ) ) ;
#9252 = LINE ( 'NONE', #4830, #7722 ) ;
#9253 = ADVANCED_FACE ( 'NONE', ( #311 ), #1007, .T. ) ;
#9254 = ORIENTED_EDGE ( 'NONE', *, *, #6382, .T. ) ;
#9255 = CARTESIAN_POINT ( 'NONE',  ( 109.6442881595422989, 18.00000000000299849, -0.01000000000000000021 ) ) ;
#9256 = VECTOR ( 'NONE', #1270, 1000.000000000000000 ) ;
#9257 = VECTOR ( 'NONE', #1013, 1000.000000000000000 ) ;
#9258 = CARTESIAN_POINT ( 'NONE',  ( 241.5911794596742084, 18.00000000000300204, -0.004142135623729943476 ) ) ;
#9259 = EDGE_CURVE ( 'NONE', #9273, #184, #6232, .T. ) ;
#9260 =( BOUNDED_CURVE ( )  B_SPLINE_CURVE ( 3, ( #7451, #9796, #9101, #593 ),
 .UNSPECIFIED., .F., .F. ) 
 B_SPLINE_CURVE_WITH_KNOTS ( ( 4, 4 ),
 ( 3.141592653589813544, 4.712388980384689674 ),
 .UNSPECIFIED. ) 
 CURVE ( )  GEOMETRIC_REPRESENTATION_ITEM ( )  RATIONAL_B_SPLINE_CURVE ( ( 1.000000000000000000, 0.8047378541243698225, 0.8047378541243698225, 1.000000000000000000 ) ) 
 REPRESENTATION_ITEM ( '' )  );
#9261 = LINE ( 'NONE', #1606, #7376 ) ;
#9262 = CARTESIAN_POINT ( 'NONE',  ( 15.39330147537823557, 17.99585786437927126, -3.586907429118599676E-19 ) ) ;
#9263 = CARTESIAN_POINT ( 'NONE',  ( 218.4772713963835713, 11.24999999999624833, -9.990000000000000213 ) ) ;
#9264 = LINE ( 'NONE', #7828, #8675 ) ;
#9265 = VECTOR ( 'NONE', #5363, 1000.000000000000000 ) ;
#9266 = CARTESIAN_POINT ( 'NONE',  ( 26.56695530386144810, 11.24999999999624833, -9.990000000000000213 ) ) ;
#9267 = VERTEX_POINT ( 'NONE', #5489 ) ;
#9268 = ORIENTED_EDGE ( 'NONE', *, *, #7466, .T. ) ;
#9269 = DIRECTION ( 'NONE',  ( 0.000000000000000000, 0.000000000000000000, 1.000000000000000000 ) ) ;
#9270 = FACE_OUTER_BOUND ( 'NONE', #9532, .T. ) ;
#9271 = AXIS2_PLACEMENT_3D ( 'NONE', #8263, #1386, #649 ) ;
#9272 = VERTEX_POINT ( 'NONE', #7881 ) ;
#9273 = VERTEX_POINT ( 'NONE', #1053 ) ;
#9274 = ORIENTED_EDGE ( 'NONE', *, *, #7178, .T. ) ;
#9275 = DIRECTION ( 'NONE',  ( -0.2503800040544349459, 0.9681476403781095197, 0.000000000000000000 ) ) ;
#9276 = AXIS2_PLACEMENT_3D ( 'NONE', #1493, #146, #7911 ) ;
#9277 = FACE_OUTER_BOUND ( 'NONE', #7468, .T. ) ;
#9278 = EDGE_LOOP ( 'NONE', ( #4292, #4470, #547, #4590 ) ) ;
#9279 = FACE_OUTER_BOUND ( 'NONE', #3852, .T. ) ;
#9280 = EDGE_CURVE ( 'NONE', #7801, #6276, #4862, .T. ) ;
#9281 = CARTESIAN_POINT ( 'NONE',  ( 67.68082419623279122, 11.24999999999624833, -9.990000000000000213 ) ) ;
#9282 = CARTESIAN_POINT ( 'NONE',  ( 163.6774795748007989, 17.99585786437926060, 8.075785761232440744E-15 ) ) ;
#9283 = CIRCLE ( 'NONE', #3074, 0.01000000000000000021 ) ;
#9284 = CARTESIAN_POINT ( 'NONE',  ( 283.4433873497861214, 17.75577350477453820, -0.2390066277837642472 ) ) ;
#9285 = DIRECTION ( 'NONE',  ( 1.000000000000000000, -0.000000000000000000, 0.000000000000000000 ) ) ;
#9286 = ORIENTED_EDGE ( 'NONE', *, *, #6850, .F. ) ;
#9287 = VERTEX_POINT ( 'NONE', #8522 ) ;
#9288 = DIRECTION ( 'NONE',  ( 0.000000000000000000, 0.000000000000000000, -1.000000000000000000 ) ) ;
#9289 = EDGE_LOOP ( 'NONE', ( #6799, #8077, #3197, #4336 ) ) ;
#9290 = CARTESIAN_POINT ( 'NONE',  ( 135.4076813679811551, 17.99000000000299693, 0.000000000000000000 ) ) ;
#9291 = DIRECTION ( 'NONE',  ( -0.000000000000000000, -0.000000000000000000, 1.000000000000000000 ) ) ;
#9292 = CYLINDRICAL_SURFACE ( 'NONE', #7836, 0.01000000000000863913 ) ;
#9293 = CIRCLE ( 'NONE', #2587, 0.01000000000000000021 ) ;
#9294 = DIRECTION ( 'NONE',  ( -1.000000000000000000, 0.000000000000000000, 0.000000000000000000 ) ) ;
#9295 = CARTESIAN_POINT ( 'NONE',  ( 163.6742723907309767, 18.00000000000299849, -0.009999999999999592548 ) ) ;
#9296 =( BOUNDED_CURVE ( )  B_SPLINE_CURVE ( 3, ( #4595, #629, #7642, #9029 ),
 .UNSPECIFIED., .F., .T. ) 
 B_SPLINE_CURVE_WITH_KNOTS ( ( 4, 4 ),
 ( 3.141592653589793116, 4.712388980384689674 ),
 .UNSPECIFIED. ) 
 CURVE ( )  GEOMETRIC_REPRESENTATION_ITEM ( )  RATIONAL_B_SPLINE_CURVE ( ( 1.000000000000000000, 0.8047378541243649375, 0.8047378541243649375, 1.000000000000000000 ) ) 
 REPRESENTATION_ITEM ( '' )  );
#9297 =( BOUNDED_CURVE ( )  B_SPLINE_CURVE ( 3, ( #5903, #681, #2846, #7489 ),
 .UNSPECIFIED., .F., .F. ) 
 B_SPLINE_CURVE_WITH_KNOTS ( ( 4, 4 ),
 ( 3.141592653589793116, 4.712388980384906390 ),
 .UNSPECIFIED. ) 
 CURVE ( )  GEOMETRIC_REPRESENTATION_ITEM ( )  RATIONAL_B_SPLINE_CURVE ( ( 1.000000000000000000, 0.8047378541243139782, 0.8047378541243139782, 1.000000000000000000 ) ) 
 REPRESENTATION_ITEM ( '' )  );
#9298 = FACE_OUTER_BOUND ( 'NONE', #7013, .T. ) ;
#9299 = DIRECTION ( 'NONE',  ( -0.9681476403781095197, -0.2503800040544349459, 0.000000000000000000 ) ) ;
#9300 = ORIENTED_EDGE ( 'NONE', *, *, #1940, .F. ) ;
#9301 = ORIENTED_EDGE ( 'NONE', *, *, #6396, .T. ) ;
#9302 = DIRECTION ( 'NONE',  ( 0.9681476403781390516, -0.2503800040543205374, 0.000000000000000000 ) ) ;
#9303 = CARTESIAN_POINT ( 'NONE',  ( 31.73394997724169642, 18.02540000000299969, -0.009999999999999592548 ) ) ;
#9304 = ORIENTED_EDGE ( 'NONE', *, *, #9442, .T. ) ;
#9305 = EDGE_LOOP ( 'NONE', ( #5261, #7437, #4882, #7133 ) ) ;
#9306 = EDGE_CURVE ( 'NONE', #8726, #3703, #7086, .T. ) ;
#9307 = CYLINDRICAL_SURFACE ( 'NONE', #6567, 0.01000000000000000021 ) ;
#9308 = AXIS2_PLACEMENT_3D ( 'NONE', #6322, #902, #854 ) ;
#9309 = DIRECTION ( 'NONE',  ( 0.000000000000000000, 1.000000000000000000, 0.000000000000000000 ) ) ;
#9310 = EDGE_CURVE ( 'NONE', #6407, #3735, #9362, .T. ) ;
#9311 = DIRECTION ( 'NONE',  ( 0.000000000000000000, -1.000000000000000000, 0.000000000000000000 ) ) ;
#9312 = AXIS2_PLACEMENT_3D ( 'NONE', #1631, #7146, #4907 ) ;
#9313 = ADVANCED_FACE ( 'NONE', ( #1763 ), #4839, .T. ) ;
#9314 = DIRECTION ( 'NONE',  ( 1.000000000000000000, 0.000000000000000000, 0.000000000000000000 ) ) ;
#9315 = LINE ( 'NONE', #312, #3245 ) ;
#9316 = AXIS2_PLACEMENT_3D ( 'NONE', #8244, #5898, #7484 ) ;
#9317 = CARTESIAN_POINT ( 'NONE',  ( 116.5503826406838783, 18.00000000000299849, -9.990000000000000213 ) ) ;
#9318 = DIRECTION ( 'NONE',  ( 1.000000000000000000, 0.000000000000000000, 0.000000000000000000 ) ) ;
#9319 = ORIENTED_EDGE ( 'NONE', *, *, #8213, .F. ) ;
#9320 = EDGE_CURVE ( 'NONE', #8271, #3524, #7729, .T. ) ;
#9321 = DIRECTION ( 'NONE',  ( -0.000000000000000000, -0.000000000000000000, 1.000000000000000000 ) ) ;
#9322 = VECTOR ( 'NONE', #9789, 1000.000000000000000 ) ;
#9323 = LINE ( 'NONE', #1565, #8614 ) ;
#9324 = EDGE_CURVE ( 'NONE', #3513, #124, #4162, .T. ) ;
#9325 = EDGE_CURVE ( 'NONE', #2784, #8422, #3325, .T. ) ;
#9326 = VERTEX_POINT ( 'NONE', #8671 ) ;
#9327 = FACE_OUTER_BOUND ( 'NONE', #7866, .T. ) ;
#9328 = CARTESIAN_POINT ( 'NONE',  ( 109.2535035628358173, -10.25487717383447084, 0.000000000000000000 ) ) ;
#9329 = CYLINDRICAL_SURFACE ( 'NONE', #2264, 0.009999999999994334601 ) ;
#9330 = ORIENTED_EDGE ( 'NONE', *, *, #6736, .T. ) ;
#9331 = CARTESIAN_POINT ( 'NONE',  ( 0.000000000000000000, 17.99000000000300048, -0.01000000000000000021 ) ) ;
#9332 = CARTESIAN_POINT ( 'NONE',  ( 71.93743353222620840, 17.99000000000300048, -10.00000000000000000 ) ) ;
#9333 = CARTESIAN_POINT ( 'NONE',  ( 154.2572372680000115, 17.99000000000299693, 0.000000000000000000 ) ) ;
#9334 = CARTESIAN_POINT ( 'NONE',  ( 114.8124567735583383, 11.23999999999625032, 0.000000000000000000 ) ) ;
#9335 = EDGE_CURVE ( 'NONE', #5996, #1957, #5878, .T. ) ;
#9336 = ORIENTED_EDGE ( 'NONE', *, *, #693, .T. ) ;
#9337 = ORIENTED_EDGE ( 'NONE', *, *, #5485, .T. ) ;
#9338 = CARTESIAN_POINT ( 'NONE',  ( 135.3999385407026921, 18.00000000000299849, -0.009999999999999592548 ) ) ;
#9339 = ORIENTED_EDGE ( 'NONE', *, *, #2590, .T. ) ;
#9340 = DIRECTION ( 'NONE',  ( -0.2503800040544349459, -0.9681476403781095197, 0.000000000000000000 ) ) ;
#9341 = PLANE ( 'NONE',  #1273 ) ;
#9342 = CYLINDRICAL_SURFACE ( 'NONE', #8321, 0.5000000000000004441 ) ;
#9343 = DIRECTION ( 'NONE',  ( 0.000000000000000000, 0.000000000000000000, 1.000000000000000000 ) ) ;
#9344 = FACE_OUTER_BOUND ( 'NONE', #4861, .T. ) ;
#9345 = CYLINDRICAL_SURFACE ( 'NONE', #6545, 0.009999999999999592548 ) ;
#9346 = ADVANCED_FACE ( 'NONE', ( #4781 ), #4890, .F. ) ;
#9347 =( BOUNDED_CURVE ( )  B_SPLINE_CURVE ( 3, ( #3004, #6912, #3809, #6761 ),
 .UNSPECIFIED., .F., .F. ) 
 B_SPLINE_CURVE_WITH_KNOTS ( ( 4, 4 ),
 ( 3.141592653589793116, 4.712388980384521808 ),
 .UNSPECIFIED. ) 
 CURVE ( )  GEOMETRIC_REPRESENTATION_ITEM ( )  RATIONAL_B_SPLINE_CURVE ( ( 1.000000000000000000, 0.8047378541244045724, 0.8047378541244045724, 1.000000000000000000 ) ) 
 REPRESENTATION_ITEM ( '' )  );
#9348 = DIRECTION ( 'NONE',  ( -0.2503800040544349459, -0.9681476403781095197, -0.000000000000000000 ) ) ;
#9349 = ORIENTED_EDGE ( 'NONE', *, *, #5550, .F. ) ;
#9350 = ORIENTED_EDGE ( 'NONE', *, *, #7922, .T. ) ;
#9351 = DIRECTION ( 'NONE',  ( -0.9681476403780900908, -0.2503800040545097749, 0.000000000000000000 ) ) ;
#9352 = CARTESIAN_POINT ( 'NONE',  ( 161.9286036963270590, 11.24999999999625011, -9.990000000000000213 ) ) ;
#9353 = ORIENTED_EDGE ( 'NONE', *, *, #7811, .T. ) ;
#9354 = VERTEX_POINT ( 'NONE', #8075 ) ;
#9355 =( BOUNDED_CURVE ( )  B_SPLINE_CURVE ( 3, ( #8873, #7386, #1176, #3605 ),
 .UNSPECIFIED., .F., .F. ) 
 B_SPLINE_CURVE_WITH_KNOTS ( ( 4, 4 ),
 ( 3.141592653589793116, 4.712388980384472958 ),
 .UNSPECIFIED. ) 
 CURVE ( )  GEOMETRIC_REPRESENTATION_ITEM ( )  RATIONAL_B_SPLINE_CURVE ( ( 1.000000000000000000, 0.8047378541244161188, 0.8047378541244161188, 1.000000000000000000 ) ) 
 REPRESENTATION_ITEM ( '' )  );
#9356 = FACE_OUTER_BOUND ( 'NONE', #6489, .T. ) ;
#9357 = ADVANCED_FACE ( 'NONE', ( #8027 ), #9694, .F. ) ;
#9358 = LINE ( 'NONE', #3885, #1101 ) ;
#9359 = CARTESIAN_POINT ( 'NONE',  ( 111.5949274434212271, 46.86041056179064412, -9.990000000000000213 ) ) ;
#9360 = EDGE_CURVE ( 'NONE', #1486, #8292, #489, .T. ) ;
#9361 = LINE ( 'NONE', #6376, #5612 ) ;
#9362 = LINE ( 'NONE', #1662, #8047 ) ;
#9363 = CARTESIAN_POINT ( 'NONE',  ( 0.000000000000000000, 11.23999999999625032, 0.000000000000000000 ) ) ;
#9364 = CARTESIAN_POINT ( 'NONE',  ( 248.5050167680942366, 17.99000000000300048, -10.00000000000000000 ) ) ;
#9365 = ORIENTED_EDGE ( 'NONE', *, *, #3134, .F. ) ;
#9366 = LINE ( 'NONE', #3084, #606 ) ;
#9367 = EDGE_CURVE ( 'NONE', #4258, #5668, #7746, .T. ) ;
#9368 = VECTOR ( 'NONE', #7910, 1000.000000000000000 ) ;
#9369 = EDGE_CURVE ( 'NONE', #6287, #1942, #1195, .T. ) ;
#9370 = CARTESIAN_POINT ( 'NONE',  ( 54.83808196981987493, 11.24585786437251933, -9.999999999999998224 ) ) ;
#9371 = EDGE_LOOP ( 'NONE', ( #3236, #255, #1679, #7110 ) ) ;
#9372 = ADVANCED_FACE ( 'NONE', ( #8892 ), #5036, .F. ) ;
#9373 = ORIENTED_EDGE ( 'NONE', *, *, #6528, .F. ) ;
#9374 = ORIENTED_EDGE ( 'NONE', *, *, #6525, .T. ) ;
#9375 = FACE_OUTER_BOUND ( 'NONE', #3109, .T. ) ;
#9376 = ORIENTED_EDGE ( 'NONE', *, *, #7310, .T. ) ;
#9377 = CARTESIAN_POINT ( 'NONE',  ( 83.10594152751421859, 11.24749619995569994, -10.00000000000000000 ) ) ;
#9378 = FACE_OUTER_BOUND ( 'NONE', #7075, .T. ) ;
#9379 = ORIENTED_EDGE ( 'NONE', *, *, #4500, .T. ) ;
#9380 = ADVANCED_FACE ( 'NONE', ( #2048 ), #6523, .T. ) ;
#9381 = LINE ( 'NONE', #3954, #9265 ) ;
#9382 = CARTESIAN_POINT ( 'NONE',  ( 20.55693444618567156, 11.24999999999624833, -0.009999999999999592548 ) ) ;
#9383 = LINE ( 'NONE', #3247, #5509 ) ;
#9384 = ADVANCED_FACE ( 'NONE', ( #412 ), #5829, .F. ) ;
#9385 = DIRECTION ( 'NONE',  ( 0.000000000000000000, 0.000000000000000000, 1.000000000000000000 ) ) ;
#9386 = CARTESIAN_POINT ( 'NONE',  ( 135.4065074273453604, 18.02540000000299969, -10.00000000000000000 ) ) ;
#9387 = ORIENTED_EDGE ( 'NONE', *, *, #3958, .F. ) ;
#9388 = ORIENTED_EDGE ( 'NONE', *, *, #7867, .F. ) ;
#9389 = DIRECTION ( 'NONE',  ( -0.000000000000000000, 1.000000000000000000, 0.000000000000000000 ) ) ;
#9390 = ORIENTED_EDGE ( 'NONE', *, *, #9227, .F. ) ;
#9391 = LINE ( 'NONE', #3254, #8431 ) ;
#9392 = LINE ( 'NONE', #195, #7530 ) ;
#9393 = LINE ( 'NONE', #2394, #7832 ) ;
#9394 = LINE ( 'NONE', #199, #4984 ) ;
#9395 = CARTESIAN_POINT ( 'NONE',  ( 194.4640825255571883, 17.99585786437927837, -3.811430731460859519E-15 ) ) ;
#9396 = VECTOR ( 'NONE', #9763, 1000.000000000000000 ) ;
#9397 = LINE ( 'NONE', #3312, #9089 ) ;
#9398 =( BOUNDED_CURVE ( )  B_SPLINE_CURVE ( 3, ( #6529, #3381, #9556, #1863 ),
 .UNSPECIFIED., .F., .T. ) 
 B_SPLINE_CURVE_WITH_KNOTS ( ( 4, 4 ),
 ( 3.141592653589793116, 4.712388980383454218 ),
 .UNSPECIFIED. ) 
 CURVE ( )  GEOMETRIC_REPRESENTATION_ITEM ( )  RATIONAL_B_SPLINE_CURVE ( ( 1.000000000000000000, 0.8047378541246562600, 0.8047378541246562600, 1.000000000000000000 ) ) 
 REPRESENTATION_ITEM ( '' )  );
#9399 = CARTESIAN_POINT ( 'NONE',  ( 67.68856702351121157, 11.23999999999625210, -10.00000000000000000 ) ) ;
#9400 = EDGE_LOOP ( 'NONE', ( #7349, #7045, #2278, #2747 ) ) ;
#9401 = ORIENTED_EDGE ( 'NONE', *, *, #7178, .F. ) ;
#9402 = CARTESIAN_POINT ( 'NONE',  ( 114.8047139462799038, 11.24999999999625011, -0.004142135623727426393 ) ) ;
#9403 = CYLINDRICAL_SURFACE ( 'NONE', #8982, 0.01000000000000021358 ) ;
#9404 = ORIENTED_EDGE ( 'NONE', *, *, #752, .T. ) ;
#9405 = VECTOR ( 'NONE', #4108, 1000.000000000000000 ) ;
#9406 = VECTOR ( 'NONE', #4467, 1000.000000000000000 ) ;
#9407 = ORIENTED_EDGE ( 'NONE', *, *, #2891, .T. ) ;
#9408 = CARTESIAN_POINT ( 'NONE',  ( 213.3168456096459522, 18.00000000000299849, -0.009999999999999592548 ) ) ;
#9409 = LINE ( 'NONE', #4232, #7042 ) ;
#9410 = VECTOR ( 'NONE', #3532, 1000.000000000000000 ) ;
#9411 = LINE ( 'NONE', #3277, #187 ) ;
#9412 = CARTESIAN_POINT ( 'NONE',  ( 15.39330147537823557, 17.99585786437927126, -9.999999999999998224 ) ) ;
#9413 = CARTESIAN_POINT ( 'NONE',  ( 130.2395127539651014, 11.24999999999624833, -9.990000000000000213 ) ) ;
#9414 = CARTESIAN_POINT ( 'NONE',  ( 17.14217735385202701, 11.24999999999624833, -9.990000000000000213 ) ) ;
#9415 = CARTESIAN_POINT ( 'NONE',  ( 222.7384163755854729, 17.99585786437927837, -3.811430731460859519E-15 ) ) ;
#9416 = EDGE_LOOP ( 'NONE', ( #2451, #934, #8424, #513 ) ) ;
#9417 = VECTOR ( 'NONE', #9779, 1000.000000000000000 ) ;
#9418 = CARTESIAN_POINT ( 'NONE',  ( 283.4972739408158304, 0.5000000000000000000, -9.500000000000000000 ) ) ;
#9419 = PLANE ( 'NONE',  #4965 ) ;
#9420 = ORIENTED_EDGE ( 'NONE', *, *, #3620, .F. ) ;
#9421 = VECTOR ( 'NONE', #9857, 1000.000000000000000 ) ;
#9422 = FILL_AREA_STYLE ('',( #8682 ) ) ;
#9423 = ORIENTED_EDGE ( 'NONE', *, *, #7256, .F. ) ;
#9424 = ORIENTED_EDGE ( 'NONE', *, *, #2652, .F. ) ;
#9425 = EDGE_CURVE ( 'NONE', #124, #2910, #552, .T. ) ;
#9426 = DIRECTION ( 'NONE',  ( 0.2503800040544349459, -0.9681476403781095197, 0.000000000000000000 ) ) ;
#9427 = ORIENTED_EDGE ( 'NONE', *, *, #8088, .F. ) ;
#9428 = AXIS2_PLACEMENT_3D ( 'NONE', #9642, #2039, #7352 ) ;
#9429 = EDGE_CURVE ( 'NONE', #3500, #121, #9505, .T. ) ;
#9430 = CARTESIAN_POINT ( 'NONE',  ( 248.4972739408158020, 18.00000000000299849, -0.009999999999999592548 ) ) ;
#9431 = CARTESIAN_POINT ( 'NONE',  ( 167.9386245540028142, 11.24999999999624833, -9.990000000000000213 ) ) ;
#9432 = ADVANCED_FACE ( 'NONE', ( #9648 ), #4231, .T. ) ;
#9433 = CARTESIAN_POINT ( 'NONE',  ( 283.1285412658784821, 18.00000000000299849, -0.01000000027336175878 ) ) ;
#9434 = VECTOR ( 'NONE', #7658, 1000.000000000000000 ) ;
#9435 = FACE_OUTER_BOUND ( 'NONE', #6454, .T. ) ;
#9436 = EDGE_LOOP ( 'NONE', ( #1111, #966, #5778, #2641 ) ) ;
#9437 = DIRECTION ( 'NONE',  ( -0.2503800040544349459, 0.9681476403781095197, 0.000000000000000000 ) ) ;
#9438 = ORIENTED_EDGE ( 'NONE', *, *, #1795, .F. ) ;
#9439 = CARTESIAN_POINT ( 'NONE',  ( 107.1321735773170758, 18.02540000000299969, -10.00000000000000000 ) ) ;
#9440 = LINE ( 'NONE', #2024, #5945 ) ;
#9441 = DIRECTION ( 'NONE',  ( -0.9681476403780955309, 0.2503800040544887362, 0.000000000000000000 ) ) ;
#9442 = EDGE_CURVE ( 'NONE', #9287, #1771, #4964, .T. ) ;
#9443 = CYLINDRICAL_SURFACE ( 'NONE', #1268, 0.01000000000000690267 ) ;
#9444 = AXIS2_PLACEMENT_3D ( 'NONE', #7879, #6329, #811 ) ;
#9445 = LINE ( 'NONE', #1695, #9872 ) ;
#9446 =( BOUNDED_CURVE ( )  B_SPLINE_CURVE ( 3, ( #925, #4801, #130, #6300 ),
 .UNSPECIFIED., .F., .F. ) 
 B_SPLINE_CURVE_WITH_KNOTS ( ( 4, 4 ),
 ( 3.141592653589793116, 4.712388980383800607 ),
 .UNSPECIFIED. ) 
 CURVE ( )  GEOMETRIC_REPRESENTATION_ITEM ( )  RATIONAL_B_SPLINE_CURVE ( ( 1.000000000000000000, 0.8047378541245745476, 0.8047378541245745476, 1.000000000000000000 ) ) 
 REPRESENTATION_ITEM ( '' )  );
#9447 = ADVANCED_FACE ( 'NONE', ( #2667 ), #7271, .T. ) ;
#9448 = LINE ( 'NONE', #7812, #2047 ) ;
#9449 = VERTEX_POINT ( 'NONE', #8949 ) ;
#9450 = ORIENTED_EDGE ( 'NONE', *, *, #9126, .T. ) ;
#9451 = CARTESIAN_POINT ( 'NONE',  ( 7.717399403842600591, 11.24999999999624833, -9.995857864376265667 ) ) ;
#9452 = ADVANCED_FACE ( 'NONE', ( #4932 ), #3526, .T. ) ;
#9453 = ORIENTED_EDGE ( 'NONE', *, *, #2585, .T. ) ;
#9454 = ORIENTED_EDGE ( 'NONE', *, *, #8916, .F. ) ;
#9455 = LINE ( 'NONE', #3169, #5298 ) ;
#9456 = CARTESIAN_POINT ( 'NONE',  ( -198.0000000000000000, -83.00000000000000000, -10.00000000000000000 ) ) ;
#9457 = VECTOR ( 'NONE', #413, 1000.000000000000000 ) ;
#9458 = CARTESIAN_POINT ( 'NONE',  ( 239.0790648774490421, 18.02540000000299969, -10.00000000000000000 ) ) ;
#9459 = CARTESIAN_POINT ( 'NONE',  ( 53.09562045948576525, 18.00000000000299849, -0.01000000000000000021 ) ) ;
#9460 = DIRECTION ( 'NONE',  ( -1.000000000000000000, 0.000000000000000000, 0.000000000000000000 ) ) ;
#9461 = CARTESIAN_POINT ( 'NONE',  ( 53.09241327541591460, 17.99585786437927126, -10.00000000000000000 ) ) ;
#9462 = EDGE_CURVE ( 'NONE', #5115, #3513, #8118, .T. ) ;
#9463 = CYLINDRICAL_SURFACE ( 'NONE', #7948, 0.009999999999999592548 ) ;
#9464 = ORIENTED_EDGE ( 'NONE', *, *, #2158, .T. ) ;
#9465 = VECTOR ( 'NONE', #804, 1000.000000000000000 ) ;
#9466 = CARTESIAN_POINT ( 'NONE',  ( 53.08905157284312537, 18.02540000000299969, -0.009999999999999592548 ) ) ;
#9467 = CARTESIAN_POINT ( 'NONE',  ( 158.5138466039933860, 11.24999999999624833, -0.009999999999999592548 ) ) ;
#9468 = ORIENTED_EDGE ( 'NONE', *, *, #5321, .T. ) ;
#9469 = VECTOR ( 'NONE', #4669, 1000.000000000000000 ) ;
#9470 = AXIS2_PLACEMENT_3D ( 'NONE', #4066, #244, #5519 ) ;
#9471 =( BOUNDED_CURVE ( )  B_SPLINE_CURVE ( 3, ( #5377, #2190, #8415, #9193 ),
 .UNSPECIFIED., .F., .F. ) 
 B_SPLINE_CURVE_WITH_KNOTS ( ( 4, 4 ),
 ( 3.141592653589793116, 4.712388980384798032 ),
 .UNSPECIFIED. ) 
 CURVE ( )  GEOMETRIC_REPRESENTATION_ITEM ( )  RATIONAL_B_SPLINE_CURVE ( ( 1.000000000000000000, 0.8047378541243395134, 0.8047378541243395134, 1.000000000000000000 ) ) 
 REPRESENTATION_ITEM ( '' )  );
#9472 = ORIENTED_EDGE ( 'NONE', *, *, #2220, .F. ) ;
#9473 = CARTESIAN_POINT ( 'NONE',  ( 73.69084505390857487, 11.24999999999625189, -9.995857864376272772 ) ) ;
#9474 =( BOUNDED_CURVE ( )  B_SPLINE_CURVE ( 3, ( #4545, #2167, #4439, #1312 ),
 .UNSPECIFIED., .F., .F. ) 
 B_SPLINE_CURVE_WITH_KNOTS ( ( 4, 4 ),
 ( 3.141592653589793116, 4.712388980384353943 ),
 .UNSPECIFIED. ) 
 CURVE ( )  GEOMETRIC_REPRESENTATION_ITEM ( )  RATIONAL_B_SPLINE_CURVE ( ( 1.000000000000000000, 0.8047378541244440964, 0.8047378541244440964, 1.000000000000000000 ) ) 
 REPRESENTATION_ITEM ( '' )  );
#9475 = CARTESIAN_POINT ( 'NONE',  ( 35.98852606980103985, 11.24585786437252288, -9.999999999999996447 ) ) ;
#9476 = ORIENTED_EDGE ( 'NONE', *, *, #8404, .F. ) ;
#9477 = AXIS2_PLACEMENT_3D ( 'NONE', #7174, #9318, #1713 ) ;
#9478 = LINE ( 'NONE', #7903, #3421 ) ;
#9479 =( BOUNDED_CURVE ( )  B_SPLINE_CURVE ( 3, ( #5758, #7200, #8647, #3453 ),
 .UNSPECIFIED., .F., .F. ) 
 B_SPLINE_CURVE_WITH_KNOTS ( ( 4, 4 ),
 ( 3.141592653589813544, 4.712388980384689674 ),
 .UNSPECIFIED. ) 
 CURVE ( )  GEOMETRIC_REPRESENTATION_ITEM ( )  RATIONAL_B_SPLINE_CURVE ( ( 1.000000000000000000, 0.8047378541243698225, 0.8047378541243698225, 1.000000000000000000 ) ) 
 REPRESENTATION_ITEM ( '' )  );
#9480 = ADVANCED_FACE ( 'NONE', ( #7619 ), #2100, .T. ) ;
#9481 = CARTESIAN_POINT ( 'NONE',  ( 190.2061447304252511, 11.24585786437252466, -9.999999999999994671 ) ) ;
#9482 = AXIS2_PLACEMENT_3D ( 'NONE', #919, #2325, #8489 ) ;
#9483 = ADVANCED_FACE ( 'NONE', ( #803 ), #753, .F. ) ;
#9484 = VERTEX_POINT ( 'NONE', #6826 ) ;
#9485 = VERTEX_POINT ( 'NONE', #2312 ) ;
#9486 = CARTESIAN_POINT ( 'NONE',  ( 15.39650865944806846, 18.00000000000299849, -0.01000000000000000021 ) ) ;
#9487 = DIRECTION ( 'NONE',  ( -0.000000000000000000, -0.000000000000000000, 1.000000000000000000 ) ) ;
#9488 = DIRECTION ( 'NONE',  ( 0.2503800040544349459, 0.9681476403781095197, 0.000000000000000000 ) ) ;
#9489 = EDGE_CURVE ( 'NONE', #1106, #4726, #1490, .T. ) ;
#9490 = DIRECTION ( 'NONE',  ( 0.000000000000000000, 0.000000000000000000, 1.000000000000000000 ) ) ;
#9491 = ADVANCED_FACE ( 'NONE', ( #5386 ), #4619, .T. ) ;
#9492 = CARTESIAN_POINT ( 'NONE',  ( 218.4850142236620059, 11.23999999999625032, 0.000000000000000000 ) ) ;
#9493 = CARTESIAN_POINT ( 'NONE',  ( 248.5050167680942366, 17.99000000000300048, -10.00000000000000000 ) ) ;
#9494 = ORIENTED_EDGE ( 'NONE', *, *, #5801, .T. ) ;
#9495 = ADVANCED_FACE ( 'NONE', ( #60 ), #8425, .T. ) ;
#9496 = ORIENTED_EDGE ( 'NONE', *, *, #1715, .T. ) ;
#9497 = DIRECTION ( 'NONE',  ( 0.2503800040544349459, -0.9681476403781095197, -0.000000000000000000 ) ) ;
#9498 = ORIENTED_EDGE ( 'NONE', *, *, #7675, .F. ) ;
#9499 = EDGE_LOOP ( 'NONE', ( #8021, #869, #7012, #924 ) ) ;
#9500 = CARTESIAN_POINT ( 'NONE',  ( 167.9308817267243796, 11.23999999999625032, -10.00000000000000000 ) ) ;
#9501 = ADVANCED_FACE ( 'NONE', ( #708 ), #653, .F. ) ;
#9502 = CARTESIAN_POINT ( 'NONE',  ( 227.9020493463929995, 11.24999999999624833, -9.990000000000000213 ) ) ;
#9503 = CARTESIAN_POINT ( 'NONE',  ( 62.51382952285254646, 18.02540000000299969, -0.009999999999999592548 ) ) ;
#9504 = DIRECTION ( 'NONE',  ( -0.000000000000000000, -0.000000000000000000, 1.000000000000000000 ) ) ;
#9505 = LINE ( 'NONE', #6480, #8382 ) ;
#9506 = CARTESIAN_POINT ( 'NONE',  ( -180.0099999999999625, 17.99000000000300048, 0.000000000000000000 ) ) ;
#9507 = DIRECTION ( 'NONE',  ( -1.000000000000000000, 0.000000000000000000, 0.000000000000000000 ) ) ;
#9508 = VERTEX_POINT ( 'NONE', #5277 ) ;
#9509 = CARTESIAN_POINT ( 'NONE',  ( 283.4972739407150470, 0.3704187517150168696, -9.629581248285171924 ) ) ;
#9510 = CARTESIAN_POINT ( 'NONE',  ( 62.52039840949517924, 18.00000000000299849, -0.01000000000000000021 ) ) ;
#9511 = VERTEX_POINT ( 'NONE', #4422 ) ;
#9512 = AXIS2_PLACEMENT_3D ( 'NONE', #9761, #9168, #9704 ) ;
#9513 = LINE ( 'NONE', #8231, #8374 ) ;
#9514 = VERTEX_POINT ( 'NONE', #3068 ) ;
#9515 = CARTESIAN_POINT ( 'NONE',  ( 41.15215904060847407, 17.99000000000300048, 0.000000000000000000 ) ) ;
#9516 = ORIENTED_EDGE ( 'NONE', *, *, #3942, .F. ) ;
#9517 = DIRECTION ( 'NONE',  ( 0.000000000000000000, 1.000000000000000000, 0.000000000000000000 ) ) ;
#9518 = CARTESIAN_POINT ( 'NONE',  ( 43.66763532540650772, 17.99585786437927126, -9.999999999999996447 ) ) ;
#9519 = VERTEX_POINT ( 'NONE', #2150 ) ;
#9520 = VECTOR ( 'NONE', #5265, 1000.000000000000000 ) ;
#9521 = CYLINDRICAL_SURFACE ( 'NONE', #4804, 0.009999999999994117761 ) ;
#9522 = FACE_OUTER_BOUND ( 'NONE', #7609, .T. ) ;
#9523 = ORIENTED_EDGE ( 'NONE', *, *, #3517, .F. ) ;
#9524 = CARTESIAN_POINT ( 'NONE',  ( 11.13989932345466372, 11.23999999999625032, 0.000000000000000000 ) ) ;
#9525 = ORIENTED_EDGE ( 'NONE', *, *, #5614, .T. ) ;
#9526 = LINE ( 'NONE', #8100, #3713 ) ;
#9527 = CARTESIAN_POINT ( 'NONE',  ( 205.6280548776366572, 11.24749619995568750, -10.00000000000000000 ) ) ;
#9528 = CYLINDRICAL_SURFACE ( 'NONE', #6898, 0.009999999999999998473 ) ;
#9529 = DIRECTION ( 'NONE',  ( 0.9681476403781165141, -0.2503800040544074124, 0.000000000000000000 ) ) ;
#9530 = ADVANCED_FACE ( 'NONE', ( #6724 ), #1481, .T. ) ;
#9531 = CARTESIAN_POINT ( 'NONE',  ( 201.3733841907686895, 18.00000000000299849, -0.009999999999999592548 ) ) ;
#9532 = EDGE_LOOP ( 'NONE', ( #9562, #5406, #2098, #4577 ) ) ;
#9533 = ORIENTED_EDGE ( 'NONE', *, *, #3657, .T. ) ;
#9534 = CARTESIAN_POINT ( 'NONE',  ( 83.11562300391800306, 11.24999999999625011, -9.995857864376270996 ) ) ;
#9535 = VERTEX_POINT ( 'NONE', #8380 ) ;
#9536 = EDGE_CURVE ( 'NONE', #3185, #1519, #601, .T. ) ;
#9537 = ORIENTED_EDGE ( 'NONE', *, *, #4885, .F. ) ;
#9538 = EDGE_CURVE ( 'NONE', #4123, #1011, #6740, .T. ) ;
#9539 = CARTESIAN_POINT ( 'NONE',  ( 203.8920676596364672, 18.00000000000300204, -9.995857864376265667 ) ) ;
#9540 = EDGE_CURVE ( 'NONE', #9449, #7435, #8023, .T. ) ;
#9541 = DIRECTION ( 'NONE',  ( -1.000000000000000000, 0.000000000000000000, 0.000000000000000000 ) ) ;
#9542 = CARTESIAN_POINT ( 'NONE',  ( 133.6542698462987744, 11.24999999999624833, -0.004142135623730543691 ) ) ;
#9543 = AXIS2_PLACEMENT_3D ( 'NONE', #6058, #6853, #581 ) ;
#9544 = CARTESIAN_POINT ( 'NONE',  ( 282.9972739408158304, 18.00000000000299849, -9.990000000000000213 ) ) ;
#9545 = DIRECTION ( 'NONE',  ( 1.000000000000000000, 0.000000000000000000, 0.000000000000000000 ) ) ;
#9546 = AXIS2_PLACEMENT_3D ( 'NONE', #3442, #1164, #9567 ) ;
#9547 = ADVANCED_FACE ( 'NONE', ( #8327 ), #2923, .T. ) ;
#9548 = CARTESIAN_POINT ( 'NONE',  ( 58.59130400191952504, 33.15274150524061270, -0.01000000000000000021 ) ) ;
#9549 = LINE ( 'NONE', #4933, #9769 ) ;
#9550 =( BOUNDED_CURVE ( )  B_SPLINE_CURVE ( 3, ( #5132, #8228, #2263, #9061 ),
 .UNSPECIFIED., .F., .T. ) 
 B_SPLINE_CURVE_WITH_KNOTS ( ( 4, 4 ),
 ( 3.141592653589793116, 4.712388980384689674 ),
 .UNSPECIFIED. ) 
 CURVE ( )  GEOMETRIC_REPRESENTATION_ITEM ( )  RATIONAL_B_SPLINE_CURVE ( ( 1.000000000000000000, 0.8047378541243649375, 0.8047378541243649375, 1.000000000000000000 ) ) 
 REPRESENTATION_ITEM ( '' )  );
#9551 = ORIENTED_EDGE ( 'NONE', *, *, #7924, .T. ) ;
#9552 = ADVANCED_FACE ( 'NONE', ( #8269 ), #9005, .T. ) ;
#9553 = CARTESIAN_POINT ( 'NONE',  ( 226.4361115666748390, 76.56036018431569801, -0.01000000000000000021 ) ) ;
#9554 = VECTOR ( 'NONE', #9570, 1000.000000000000000 ) ;
#9555 = EDGE_CURVE ( 'NONE', #3703, #5215, #8605, .T. ) ;
#9556 = CARTESIAN_POINT ( 'NONE',  ( 215.0593071199799908, 11.24585786437252466, -9.999999999999992895 ) ) ;
#9557 = DIRECTION ( 'NONE',  ( -0.9681476403781095197, -0.2503800040544349459, 0.000000000000000000 ) ) ;
#9558 = ORIENTED_EDGE ( 'NONE', *, *, #7547, .T. ) ;
#9559 = EDGE_CURVE ( 'NONE', #7704, #7015, #9022, .T. ) ;
#9560 = DIRECTION ( 'NONE',  ( 0.2503800040544349459, -0.9681476403781095197, 0.000000000000000000 ) ) ;
#9561 = VECTOR ( 'NONE', #809, 1000.000000000000000 ) ;
#9562 = ORIENTED_EDGE ( 'NONE', *, *, #8764, .F. ) ;
#9563 = CARTESIAN_POINT ( 'NONE',  ( 232.9286249263397792, -42.23943830578453884, -9.990000000000000213 ) ) ;
#9564 = AXIS2_PLACEMENT_3D ( 'NONE', #9770, #6178, #5487 ) ;
#9565 = FACE_OUTER_BOUND ( 'NONE', #3419, .T. ) ;
#9566 = VERTEX_POINT ( 'NONE', #994 ) ;
#9567 = DIRECTION ( 'NONE',  ( 0.000000000000000000, 0.000000000000000000, 1.000000000000000000 ) ) ;
#9568 = CARTESIAN_POINT ( 'NONE',  ( 156.7604350823110337, 17.99000000000300048, 0.000000000000000000 ) ) ;
#9569 = VERTEX_POINT ( 'NONE', #1752 ) ;
#9570 = DIRECTION ( 'NONE',  ( 1.000000000000000000, -0.000000000000000000, 0.000000000000000000 ) ) ;
#9571 = AXIS2_PLACEMENT_3D ( 'NONE', #2321, #2470, #3179 ) ;
#9572 = CARTESIAN_POINT ( 'NONE',  ( 233.9120702040687831, 11.24999999999624833, -0.009999999999999592548 ) ) ;
#9573 =( BOUNDED_CURVE ( )  B_SPLINE_CURVE ( 3, ( #8550, #3204, #3871, #1791 ),
 .UNSPECIFIED., .F., .F. ) 
 B_SPLINE_CURVE_WITH_KNOTS ( ( 4, 4 ),
 ( 3.141592653589793116, 4.712388980382436365 ),
 .UNSPECIFIED. ) 
 CURVE ( )  GEOMETRIC_REPRESENTATION_ITEM ( )  RATIONAL_B_SPLINE_CURVE ( ( 1.000000000000000000, 0.8047378541248960682, 0.8047378541248960682, 1.000000000000000000 ) ) 
 REPRESENTATION_ITEM ( '' )  );
#9574 = CARTESIAN_POINT ( 'NONE',  ( 0.000000000000000000, 11.23999999999625032, -9.990000000000000213 ) ) ;
#9575 = ORIENTED_EDGE ( 'NONE', *, *, #3141, .T. ) ;
#9576 = ORIENTED_EDGE ( 'NONE', *, *, #2237, .F. ) ;
#9577 = LINE ( 'NONE', #4912, #8057 ) ;
#9578 = VERTEX_POINT ( 'NONE', #3976 ) ;
#9579 = DIRECTION ( 'NONE',  ( 0.2503800040544349459, 0.9681476403781095197, 0.000000000000000000 ) ) ;
#9580 = VECTOR ( 'NONE', #1046, 1000.000000000000000 ) ;
#9581 = EDGE_CURVE ( 'NONE', #1957, #9864, #4030, .T. ) ;
#9582 = CARTESIAN_POINT ( 'NONE',  ( 164.5985508849229007, 60.56807961834066845, -0.01000000000000000021 ) ) ;
#9583 = CARTESIAN_POINT ( 'NONE',  ( 175.6145266255383888, 17.99585786437926771, 1.270432225224321681E-15 ) ) ;
#9584 = DIRECTION ( 'NONE',  ( 0.2503800040544349459, 0.9681476403781095197, 0.000000000000000000 ) ) ;
#9585 = CARTESIAN_POINT ( 'NONE',  ( 0.000000000000000000, 11.23999999999625032, -9.990000000000000213 ) ) ;
#9586 = VECTOR ( 'NONE', #6614, 1000.000000000000000 ) ;
#9587 = DIRECTION ( 'NONE',  ( -0.2503800040544349459, -0.9681476403781095197, 0.000000000000000000 ) ) ;
#9588 = CARTESIAN_POINT ( 'NONE',  ( 233.9120702040687831, 11.24999999999624833, -0.009999999999999592548 ) ) ;
#9589 = ORIENTED_EDGE ( 'NONE', *, *, #2966, .T. ) ;
#9590 = VERTEX_POINT ( 'NONE', #3268 ) ;
#9591 = CARTESIAN_POINT ( 'NONE',  ( 5.963987882160225240, 17.99000000000300048, 0.000000000000000000 ) ) ;
#9592 = VERTEX_POINT ( 'NONE', #7869 ) ;
#9593 = ADVANCED_FACE ( 'NONE', ( #6219 ), #901, .F. ) ;
#9594 = ORIENTED_EDGE ( 'NONE', *, *, #3113, .F. ) ;
#9595 = CARTESIAN_POINT ( 'NONE',  ( 93.92705296292065498, 42.29118754294063365, -0.01000000000000000021 ) ) ;
#9596 = EDGE_CURVE ( 'NONE', #2162, #5059, #7073, .T. ) ;
#9597 = AXIS2_PLACEMENT_3D ( 'NONE', #410, #8116, #2665 ) ;
#9598 = DIRECTION ( 'NONE',  ( -1.000000000000000000, 0.000000000000000000, 0.000000000000000000 ) ) ;
#9599 = ORIENTED_EDGE ( 'NONE', *, *, #611, .F. ) ;
#9600 = DIRECTION ( 'NONE',  ( -0.000000000000000000, 1.000000000000000000, 0.000000000000000000 ) ) ;
#9601 = CARTESIAN_POINT ( 'NONE',  ( 282.9972739408158304, 18.00000000000299849, -10.00000000000000000 ) ) ;
#9602 = EDGE_CURVE ( 'NONE', #5303, #1700, #1701, .T. ) ;
#9603 = ORIENTED_EDGE ( 'NONE', *, *, #2091, .F. ) ;
#9604 = LINE ( 'NONE', #8850, #9114 ) ;
#9605 = AXIS2_PLACEMENT_3D ( 'NONE', #3449, #6355, #431 ) ;
#9606 = FACE_OUTER_BOUND ( 'NONE', #8095, .T. ) ;
#9607 = ADVANCED_FACE ( 'NONE', ( #7772 ), #6321, .T. ) ;
#9608 = DIRECTION ( 'NONE',  ( 0.000000000000000000, 0.000000000000000000, 1.000000000000000000 ) ) ;
#9609 = ORIENTED_EDGE ( 'NONE', *, *, #4084, .T. ) ;
#9610 =( BOUNDED_CURVE ( )  B_SPLINE_CURVE ( 3, ( #5943, #7992, #3490, #4947 ),
 .UNSPECIFIED., .F., .F. ) 
 B_SPLINE_CURVE_WITH_KNOTS ( ( 4, 4 ),
 ( 3.141592653589793116, 4.712388980383454218 ),
 .UNSPECIFIED. ) 
 CURVE ( )  GEOMETRIC_REPRESENTATION_ITEM ( )  RATIONAL_B_SPLINE_CURVE ( ( 1.000000000000000000, 0.8047378541246562600, 0.8047378541246562600, 1.000000000000000000 ) ) 
 REPRESENTATION_ITEM ( '' )  );
#9611 = ADVANCED_FACE ( 'NONE', ( #8513 ), #256, .T. ) ;
#9612 = CYLINDRICAL_SURFACE ( 'NONE', #3434, 0.009999999999993465505 ) ;
#9613 = EDGE_LOOP ( 'NONE', ( #4946, #1972, #2732, #211 ) ) ;
#9614 = CARTESIAN_POINT ( 'NONE',  ( 35.98399042659245595, 11.23999999999625032, -10.00000000000000000 ) ) ;
#9615 = ADVANCED_FACE ( 'NONE', ( #3316 ), #2502, .T. ) ;
#9616 = ORIENTED_EDGE ( 'NONE', *, *, #4344, .F. ) ;
#9617 = PLANE ( 'NONE',  #2699 ) ;
#9618 = VERTEX_POINT ( 'NONE', #2355 ) ;
#9619 = EDGE_CURVE ( 'NONE', #3822, #4123, #3930, .T. ) ;
#9620 = VECTOR ( 'NONE', #500, 1000.000000000000000 ) ;
#9621 = LINE ( 'NONE', #7949, #3840 ) ;
#9622 = EDGE_CURVE ( 'NONE', #7645, #7480, #6369, .T. ) ;
#9623 = CARTESIAN_POINT ( 'NONE',  ( 0.000000000000000000, 11.23999999999625032, 0.000000000000000000 ) ) ;
#9624 = DIRECTION ( 'NONE',  ( -0.9681476403782230955, -0.2503800040539953531, 0.000000000000000000 ) ) ;
#9625 = ORIENTED_EDGE ( 'NONE', *, *, #7848, .T. ) ;
#9626 = ORIENTED_EDGE ( 'NONE', *, *, #706, .F. ) ;
#9627 = DIRECTION ( 'NONE',  ( -1.000000000000000000, 0.000000000000000000, 0.000000000000000000 ) ) ;
#9628 = ORIENTED_EDGE ( 'NONE', *, *, #1048, .T. ) ;
#9629 = CARTESIAN_POINT ( 'NONE',  ( 213.3102767230033123, 18.02540000000299969, -0.009999999999999592548 ) ) ;
#9630 = VECTOR ( 'NONE', #1834, 1000.000000000000000 ) ;
#9631 = LINE ( 'NONE', #5856, #6742 ) ;
#9632 = FACE_OUTER_BOUND ( 'NONE', #1242, .T. ) ;
#9633 = DIRECTION ( 'NONE',  ( -0.2503800040544349459, 0.9681476403781095197, 0.000000000000000000 ) ) ;
#9634 = DIRECTION ( 'NONE',  ( 0.000000000000000000, 0.000000000000000000, 1.000000000000000000 ) ) ;
#9635 = EDGE_CURVE ( 'NONE', #2595, #7682, #9710, .T. ) ;
#9636 = CARTESIAN_POINT ( 'NONE',  ( 203.8888604755666449, 17.99585786437926771, 1.270432225224321681E-15 ) ) ;
#9637 = LINE ( 'NONE', #9093, #6923 ) ;
#9638 = ORIENTED_EDGE ( 'NONE', *, *, #2998, .T. ) ;
#9639 = ORIENTED_EDGE ( 'NONE', *, *, #4562, .F. ) ;
#9640 = CARTESIAN_POINT ( 'NONE',  ( 83.11241581984816662, 11.24585786437251400, -10.00000000000000355 ) ) ;
#9641 = ORIENTED_EDGE ( 'NONE', *, *, #4386, .F. ) ;
#9642 = CARTESIAN_POINT ( 'NONE',  ( 53.08905157284312537, 18.02540000000299969, -10.00000000000000000 ) ) ;
#9643 = EDGE_CURVE ( 'NONE', #4635, #9618, #1868, .T. ) ;
#9644 = DIRECTION ( 'NONE',  ( 1.000000000000000000, -0.000000000000000000, -0.000000000000000000 ) ) ;
#9645 = LINE ( 'NONE', #1094, #8662 ) ;
#9646 = ORIENTED_EDGE ( 'NONE', *, *, #4894, .T. ) ;
#9647 = ORIENTED_EDGE ( 'NONE', *, *, #7125, .F. ) ;
#9648 = FACE_OUTER_BOUND ( 'NONE', #1963, .T. ) ;
#9649 = CARTESIAN_POINT ( 'NONE',  ( -180.0041421356237663, 17.99585786437927837, -7.922912566703582522E-15 ) ) ;
#9650 = ORIENTED_EDGE ( 'NONE', *, *, #6342, .F. ) ;
#9651 = LINE ( 'NONE', #3681, #5775 ) ;
#9652 = CARTESIAN_POINT ( 'NONE',  ( 0.000000000000000000, 17.99000000000300048, -0.01000000000000000021 ) ) ;
#9653 = ORIENTED_EDGE ( 'NONE', *, *, #4721, .F. ) ;
#9654 = EDGE_CURVE ( 'NONE', #3370, #4516, #9347, .T. ) ;
#9655 = CARTESIAN_POINT ( 'NONE',  ( 147.3356571323015771, 17.99000000000299693, -10.00000000000000000 ) ) ;
#9656 = ORIENTED_EDGE ( 'NONE', *, *, #2588, .F. ) ;
#9657 = CARTESIAN_POINT ( 'NONE',  ( 283.4972739408158304, 0.5000000000000000000, -9.500000000000000000 ) ) ;
#9658 = CARTESIAN_POINT ( 'NONE',  ( 60.00171494062733046, 18.00000000000299849, -10.00000000000000000 ) ) ;
#9659 = VERTEX_POINT ( 'NONE', #733 ) ;
#9660 = ADVANCED_FACE ( 'NONE', ( #9141 ), #2292, .T. ) ;
#9661 = EDGE_CURVE ( 'NONE', #4362, #2231, #8405, .T. ) ;
#9662 = CARTESIAN_POINT ( 'NONE',  ( 97.70856956794342807, 17.99000000000300048, -10.00000000000000000 ) ) ;
#9663 = ADVANCED_FACE ( 'NONE', ( #3861 ), #8252, .T. ) ;
#9664 = APPLICATION_PROTOCOL_DEFINITION ( 'draft international standard', 'automotive_design', 1998, #2686 ) ;
#9665 = LINE ( 'NONE', #2016, #8317 ) ;
#9666 = CARTESIAN_POINT ( 'NONE',  ( 45.41651120388030449, 11.24999999999624833, -0.009999999999999592548 ) ) ;
#9667 = ORIENTED_EDGE ( 'NONE', *, *, #7003, .T. ) ;
#9668 = ORIENTED_EDGE ( 'NONE', *, *, #5540, .T. ) ;
#9669 = EDGE_CURVE ( 'NONE', #4746, #7706, #6155, .T. ) ;
#9670 = DIRECTION ( 'NONE',  ( 0.000000000000000000, 0.000000000000000000, 1.000000000000000000 ) ) ;
#9671 = ORIENTED_EDGE ( 'NONE', *, *, #2477, .F. ) ;
#9672 = CARTESIAN_POINT ( 'NONE',  ( 173.1022575248102839, 17.99585786437926771, 2.039059010068051210E-16 ) ) ;
#9673 = CARTESIAN_POINT ( 'NONE',  ( 206.4268132055889282, -35.38560377750952313, -9.990000000000000213 ) ) ;
#9674 =( BOUNDED_CURVE ( )  B_SPLINE_CURVE ( 3, ( #8255, #7552, #690, #8363 ),
 .UNSPECIFIED., .F., .F. ) 
 B_SPLINE_CURVE_WITH_KNOTS ( ( 4, 4 ),
 ( 3.141592653589813544, 4.712388980385815884 ),
 .UNSPECIFIED. ) 
 CURVE ( )  GEOMETRIC_REPRESENTATION_ITEM ( )  RATIONAL_B_SPLINE_CURVE ( ( 1.000000000000000000, 0.8047378541241043681, 0.8047378541241043681, 1.000000000000000000 ) ) 
 REPRESENTATION_ITEM ( '' )  );
#9675 = CARTESIAN_POINT ( 'NONE',  ( 60.00945776790574371, 17.99000000000300048, 0.000000000000000000 ) ) ;
#9676 = DIRECTION ( 'NONE',  ( -1.000000000000000000, 0.000000000000000000, 0.000000000000000000 ) ) ;
#9677 = DIRECTION ( 'NONE',  ( -0.2503800040544349459, 0.9681476403781095197, 0.000000000000000000 ) ) ;
#9678 = EDGE_CURVE ( 'NONE', #4102, #8271, #9185, .T. ) ;
#9679 = AXIS2_PLACEMENT_3D ( 'NONE', #9720, #9579, #7337 ) ;
#9680 = FACE_OUTER_BOUND ( 'NONE', #8584, .T. ) ;
#9681 = CARTESIAN_POINT ( 'NONE',  ( 15.38993977280542857, 18.02540000000299969, -10.00000000000000000 ) ) ;
#9682 = LINE ( 'NONE', #9837, #1793 ) ;
#9683 = VERTEX_POINT ( 'NONE', #3766 ) ;
#9684 = ORIENTED_EDGE ( 'NONE', *, *, #5169, .T. ) ;
#9685 = DIRECTION ( 'NONE',  ( 0.000000000000000000, 0.000000000000000000, -1.000000000000000000 ) ) ;
#9686 = ORIENTED_EDGE ( 'NONE', *, *, #6778, .F. ) ;
#9687 = FACE_OUTER_BOUND ( 'NONE', #8081, .T. ) ;
#9688 = DIRECTION ( 'NONE',  ( 0.9681476403781390516, -0.2503800040543205374, 0.000000000000000000 ) ) ;
#9689 = CARTESIAN_POINT ( 'NONE',  ( 144.8324593179905833, 17.99000000000299693, 0.000000000000000000 ) ) ;
#9690 = CARTESIAN_POINT ( 'NONE',  ( 237.3268272964024277, 11.23999999999625032, -10.00000000000000000 ) ) ;
#9691 = DIRECTION ( 'NONE',  ( -1.000000000000000000, -0.000000000000000000, -0.000000000000000000 ) ) ;
#9692 = EDGE_LOOP ( 'NONE', ( #1470, #769, #7748, #1446 ) ) ;
#9693 = VERTEX_POINT ( 'NONE', #1479 ) ;
#9694 = PLANE ( 'NONE',  #6607 ) ;
#9695 = DIRECTION ( 'NONE',  ( 0.000000000000000000, 0.000000000000000000, -1.000000000000000000 ) ) ;
#9696 = VERTEX_POINT ( 'NONE', #637 ) ;
#9697 = LINE ( 'NONE', #4332, #1592 ) ;
#9698 = CARTESIAN_POINT ( 'NONE',  ( 194.4672897096270674, 18.00000000000300560, -9.995857864376265667 ) ) ;
#9699 = CARTESIAN_POINT ( 'NONE',  ( 17.13897016978219057, 11.24585786437251755, 2.046232824926288202E-16 ) ) ;
#9700 = VERTEX_POINT ( 'NONE', #2333 ) ;
#9701 = VECTOR ( 'NONE', #5293, 1000.000000000000000 ) ;
#9702 = CARTESIAN_POINT ( 'NONE',  ( 92.54040095392741705, 11.24999999999624833, -9.990000000000000213 ) ) ;
#9703 = VERTEX_POINT ( 'NONE', #685 ) ;
#9704 = DIRECTION ( 'NONE',  ( 0.9681476403780955309, -0.2503800040544887362, 0.000000000000000000 ) ) ;
#9705 = ORIENTED_EDGE ( 'NONE', *, *, #6967, .T. ) ;
#9706 = CARTESIAN_POINT ( 'NONE',  ( -189.9899999999999238, 107.0000000000000000, -9.990000000000000213 ) ) ;
#9707 = ORIENTED_EDGE ( 'NONE', *, *, #611, .T. ) ;
#9708 = CARTESIAN_POINT ( 'NONE',  ( 0.000000000000000000, 17.99000000000300048, -10.00000000000000000 ) ) ;
#9709 = LINE ( 'NONE', #9870, #621 ) ;
#9710 =( BOUNDED_CURVE ( )  B_SPLINE_CURVE ( 3, ( #9251, #5478, #9833, #6109 ),
 .UNSPECIFIED., .F., .F. ) 
 B_SPLINE_CURVE_WITH_KNOTS ( ( 4, 4 ),
 ( 3.141592653589793116, 4.712388980384689674 ),
 .UNSPECIFIED. ) 
 CURVE ( )  GEOMETRIC_REPRESENTATION_ITEM ( )  RATIONAL_B_SPLINE_CURVE ( ( 1.000000000000000000, 0.8047378541243649375, 0.8047378541243649375, 1.000000000000000000 ) ) 
 REPRESENTATION_ITEM ( '' )  );
#9711 = AXIS2_PLACEMENT_3D ( 'NONE', #188, #3299, #9385 ) ;
#9712 = EDGE_CURVE ( 'NONE', #6472, #2329, #3556, .T. ) ;
#9713 = CARTESIAN_POINT ( 'NONE',  ( 283.4433873497861214, 0.2390066277837642472, -0.2442264952286461732 ) ) ;
#9714 = EDGE_CURVE ( 'NONE', #8434, #3089, #5609, .T. ) ;
#9715 = DIRECTION ( 'NONE',  ( 0.9681476403781095197, -0.2503800040544349459, 0.000000000000000000 ) ) ;
#9716 = VERTEX_POINT ( 'NONE', #9785 ) ;
#9717 = ORIENTED_EDGE ( 'NONE', *, *, #3348, .F. ) ;
#9718 = CYLINDRICAL_SURFACE ( 'NONE', #4703, 0.009999999999999998473 ) ;
#9719 = ORIENTED_EDGE ( 'NONE', *, *, #5961, .T. ) ;
#9720 = CARTESIAN_POINT ( 'NONE',  ( 182.5400786537962858, 18.02289619996245307, -0.009999999999999592548 ) ) ;
#9721 = EDGE_CURVE ( 'NONE', #1486, #7801, #4558, .T. ) ;
#9722 = CARTESIAN_POINT ( 'NONE',  ( -215.9999999999999432, 107.0000000000000000, -9.990000000000000213 ) ) ;
#9723 = LINE ( 'NONE', #1374, #9417 ) ;
#9724 = AXIS2_PLACEMENT_3D ( 'NONE', #2801, #3457, #9441 ) ;
#9725 = VECTOR ( 'NONE', #963, 1000.000000000000000 ) ;
#9726 = CYLINDRICAL_SURFACE ( 'NONE', #8474, 0.009999999999999998473 ) ;
#9727 = CARTESIAN_POINT ( 'NONE',  ( 111.3899568539462592, 11.24999999999624833, -9.990000000000000213 ) ) ;
#9728 = EDGE_CURVE ( 'NONE', #6814, #6475, #1376, .T. ) ;
#9729 = FACE_OUTER_BOUND ( 'NONE', #726, .T. ) ;
#9730 = ADVANCED_FACE ( 'NONE', ( #9226 ), #6855, .T. ) ;
#9731 = FACE_OUTER_BOUND ( 'NONE', #867, .T. ) ;
#9732 = DIRECTION ( 'NONE',  ( 1.000000000000000000, 0.000000000000000000, 0.000000000000000000 ) ) ;
#9733 = ORIENTED_EDGE ( 'NONE', *, *, #9801, .F. ) ;
#9734 = ORIENTED_EDGE ( 'NONE', *, *, #2729, .F. ) ;
#9735 =( BOUNDED_CURVE ( )  B_SPLINE_CURVE ( 3, ( #7272, #4236, #8169, #4283 ),
 .UNSPECIFIED., .F., .F. ) 
 B_SPLINE_CURVE_WITH_KNOTS ( ( 4, 4 ),
 ( 3.141592653589793116, 4.712388980383237502 ),
 .UNSPECIFIED. ) 
 CURVE ( )  GEOMETRIC_REPRESENTATION_ITEM ( )  RATIONAL_B_SPLINE_CURVE ( ( 1.000000000000000000, 0.8047378541247072192, 0.8047378541247072192, 1.000000000000000000 ) ) 
 REPRESENTATION_ITEM ( '' )  );
#9736 = CARTESIAN_POINT ( 'NONE',  ( 0.000000000000000000, 11.23999999999625032, -9.990000000000000213 ) ) ;
#9737 = ORIENTED_EDGE ( 'NONE', *, *, #3430, .T. ) ;
#9738 = CARTESIAN_POINT ( 'NONE',  ( 199.6277154963647149, 11.24999999999624833, -9.990000000000000213 ) ) ;
#9739 = ADVANCED_FACE ( 'NONE', ( #6198 ), #89, .T. ) ;
#9740 = CARTESIAN_POINT ( 'NONE',  ( 0.000000000000000000, 0.01000000000000000021, -9.990000000000000213 ) ) ;
#9741 = CARTESIAN_POINT ( 'NONE',  ( 0.000000000000000000, 18.00000000000299849, -9.990000000000000213 ) ) ;
#9742 = VECTOR ( 'NONE', #539, 1000.000000000000000 ) ;
#9743 = ADVANCED_FACE ( 'NONE', ( #7648 ), #240, .T. ) ;
#9744 = CARTESIAN_POINT ( 'NONE',  ( 0.000000000000000000, 17.99000000000300048, -0.01000000000000000021 ) ) ;
#9745 = LINE ( 'NONE', #2919, #6281 ) ;
#9746 = ORIENTED_EDGE ( 'NONE', *, *, #6667, .T. ) ;
#9747 = ORIENTED_EDGE ( 'NONE', *, *, #3313, .T. ) ;
#9748 = DIRECTION ( 'NONE',  ( 0.000000000000000000, -1.000000000000000000, -0.000000000000000000 ) ) ;
#9749 = CARTESIAN_POINT ( 'NONE',  ( 67.68082419623279122, 11.24999999999624833, -0.009999999999999592548 ) ) ;
#9750 = VECTOR ( 'NONE', #537, 1000.000000000000000 ) ;
#9751 = VERTEX_POINT ( 'NONE', #2485 ) ;
#9752 = CARTESIAN_POINT ( 'NONE',  ( 88.28379161793399987, 17.99000000000300048, -10.00000000000000000 ) ) ;
#9753 = FACE_OUTER_BOUND ( 'NONE', #5234, .T. ) ;
#9754 = CARTESIAN_POINT ( 'NONE',  ( 17.14217735385202701, 11.24999999999624833, -0.004142135623730744919 ) ) ;
#9755 = VECTOR ( 'NONE', #3887, 1000.000000000000000 ) ;
#9756 = ORIENTED_EDGE ( 'NONE', *, *, #4754, .F. ) ;
#9757 =( BOUNDED_CURVE ( )  B_SPLINE_CURVE ( 3, ( #2026, #1224, #5858, #492 ),
 .UNSPECIFIED., .F., .F. ) 
 B_SPLINE_CURVE_WITH_KNOTS ( ( 4, 4 ),
 ( 3.141592653589793116, 4.712388980383563464 ),
 .UNSPECIFIED. ) 
 CURVE ( )  GEOMETRIC_REPRESENTATION_ITEM ( )  RATIONAL_B_SPLINE_CURVE ( ( 1.000000000000000000, 0.8047378541246305028, 0.8047378541246305028, 1.000000000000000000 ) ) 
 REPRESENTATION_ITEM ( '' )  );
#9758 = EDGE_CURVE ( 'NONE', #7954, #1257, #1730, .T. ) ;
#9759 = DIRECTION ( 'NONE',  ( -0.000000000000000000, -0.000000000000000000, 1.000000000000000000 ) ) ;
#9760 = ORIENTED_EDGE ( 'NONE', *, *, #4021, .T. ) ;
#9761 = CARTESIAN_POINT ( 'NONE',  ( 29.74806840058328916, 10.30662641099057097, -9.990000000000000213 ) ) ;
#9762 = ORIENTED_EDGE ( 'NONE', *, *, #3942, .T. ) ;
#9763 = DIRECTION ( 'NONE',  ( 0.2503800040544349459, -0.9681476403781095197, -0.000000000000000000 ) ) ;
#9764 = AXIS2_PLACEMENT_3D ( 'NONE', #8933, #7396, #4457 ) ;
#9765 = ORIENTED_EDGE ( 'NONE', *, *, #4626, .F. ) ;
#9766 = LINE ( 'NONE', #1359, #6719 ) ;
#9767 = CARTESIAN_POINT ( 'NONE',  ( 156.7681779095894115, 18.00000000000299849, -10.00000000000000000 ) ) ;
#9768 =( BOUNDED_CURVE ( )  B_SPLINE_CURVE ( 3, ( #7020, #1746, #5573, #7766 ),
 .UNSPECIFIED., .F., .F. ) 
 B_SPLINE_CURVE_WITH_KNOTS ( ( 4, 4 ),
 ( 3.141592653589793116, 4.712388980383129145 ),
 .UNSPECIFIED. ) 
 CURVE ( )  GEOMETRIC_REPRESENTATION_ITEM ( )  RATIONAL_B_SPLINE_CURVE ( ( 1.000000000000000000, 0.8047378541247327544, 0.8047378541247327544, 1.000000000000000000 ) ) 
 REPRESENTATION_ITEM ( '' )  );
#9769 = VECTOR ( 'NONE', #1292, 1000.000000000000000 ) ;
#9770 = CARTESIAN_POINT ( 'NONE',  ( 0.000000000000000000, 11.23999999999625032, -9.990000000000000213 ) ) ;
#9771 = CARTESIAN_POINT ( 'NONE',  ( 0.000000000000000000, 17.99000000000300048, -10.00000000000000000 ) ) ;
#9772 = ORIENTED_EDGE ( 'NONE', *, *, #6382, .F. ) ;
#9773 = ORIENTED_EDGE ( 'NONE', *, *, #1343, .F. ) ;
#9774 = CARTESIAN_POINT ( 'NONE',  ( 22.31034596786804869, 17.99000000000300048, 0.000000000000000000 ) ) ;
#9775 = ORIENTED_EDGE ( 'NONE', *, *, #2078, .T. ) ;
#9776 = DIRECTION ( 'NONE',  ( 1.000000000000000000, -1.460819769243464921E-16, 0.000000000000000000 ) ) ;
#9777 = CARTESIAN_POINT ( 'NONE',  ( 111.3899568539462592, 11.24999999999625366, -0.004142135623730242716 ) ) ;
#9778 = ORIENTED_EDGE ( 'NONE', *, *, #6773, .T. ) ;
#9779 = DIRECTION ( 'NONE',  ( -0.2503800040544349459, -0.9681476403781095197, -0.000000000000000000 ) ) ;
#9780 = AXIS2_PLACEMENT_3D ( 'NONE', #4291, #8126, #4243 ) ;
#9781 = AXIS2_PLACEMENT_3D ( 'NONE', #7502, #5114, #9890 ) ;
#9782 = DIRECTION ( 'NONE',  ( 0.000000000000000000, -1.000000000000000000, -0.000000000000000000 ) ) ;
#9783 = EDGE_CURVE ( 'NONE', #9484, #20, #9478, .T. ) ;
#9784 = CARTESIAN_POINT ( 'NONE',  ( 88.27925597472543018, 17.99585786437926416, 2.867754207968261659E-15 ) ) ;
#9785 = CARTESIAN_POINT ( 'NONE',  ( 215.0547714767714638, 11.23999999999625032, -10.00000000000000000 ) ) ;
#9786 = ADVANCED_FACE ( 'NONE', ( #5459 ), #1071, .F. ) ;
#9787 = LINE ( 'NONE', #6157, #1744 ) ;
#9788 = AXIS2_PLACEMENT_3D ( 'NONE', #5806, #6406, #2643 ) ;
#9789 = DIRECTION ( 'NONE',  ( -1.000000000000000000, -0.000000000000000000, -0.000000000000000000 ) ) ;
#9790 = FACE_OUTER_BOUND ( 'NONE', #2006, .T. ) ;
#9791 = ORIENTED_EDGE ( 'NONE', *, *, #9122, .T. ) ;
#9792 = ORIENTED_EDGE ( 'NONE', *, *, #1045, .F. ) ;
#9793 = DIRECTION ( 'NONE',  ( -1.000000000000000000, -0.000000000000000000, -0.000000000000000000 ) ) ;
#9794 = ORIENTED_EDGE ( 'NONE', *, *, #8411, .F. ) ;
#9795 = CARTESIAN_POINT ( 'NONE',  ( 109.6442881595423131, 18.00000000000299849, -10.00000000000000000 ) ) ;
#9796 = CARTESIAN_POINT ( 'NONE',  ( 12.87782519058020192, 18.00000000000299849, -0.004142135623730637366 ) ) ;
#9797 = EDGE_CURVE ( 'NONE', #6613, #8444, #4155, .T. ) ;
#9798 = DIRECTION ( 'NONE',  ( -1.000000000000000000, 0.000000000000000000, 0.000000000000000000 ) ) ;
#9799 = EDGE_CURVE ( 'NONE', #8141, #2638, #7637, .T. ) ;
#9800 = VECTOR ( 'NONE', #4391, 1000.000000000000000 ) ;
#9801 = EDGE_CURVE ( 'NONE', #4226, #1194, #3993, .T. ) ;
#9802 = CARTESIAN_POINT ( 'NONE',  ( 69.42649289063673734, 18.00000000000299849, -10.00000000000000000 ) ) ;
#9803 = CARTESIAN_POINT ( 'NONE',  ( 167.9386245540027289, 11.24999999999625011, -0.004142135623729738779 ) ) ;
#9804 = ORIENTED_EDGE ( 'NONE', *, *, #7261, .T. ) ;
#9805 = ORIENTED_EDGE ( 'NONE', *, *, #3428, .F. ) ;
#9806 = CARTESIAN_POINT ( 'NONE',  ( 152.5038257463176308, 11.24999999999624833, -0.004142135623730543691 ) ) ;
#9807 = CARTESIAN_POINT ( 'NONE',  ( 191.9648566038057140, 18.02289619996245307, -0.009999999999999592548 ) ) ;
#9808 = EDGE_CURVE ( 'NONE', #6347, #391, #6253, .T. ) ;
#9809 = ORIENTED_EDGE ( 'NONE', *, *, #3586, .F. ) ;
#9810 = CARTESIAN_POINT ( 'NONE',  ( 220.2229400907875174, 18.00000000000299849, -9.990000000000000213 ) ) ;
#9811 = CARTESIAN_POINT ( 'NONE',  ( 180.7781595963458869, 11.24999999999624833, -9.990000000000000213 ) ) ;
#9812 = FACE_OUTER_BOUND ( 'NONE', #7719, .T. ) ;
#9813 = ORIENTED_EDGE ( 'NONE', *, *, #9783, .F. ) ;
#9814 = FACE_OUTER_BOUND ( 'NONE', #2522, .T. ) ;
#9815 = EDGE_LOOP ( 'NONE', ( #7963, #7853, #6403, #2417 ) ) ;
#9816 = CYLINDRICAL_SURFACE ( 'NONE', #7291, 0.01000000000000018409 ) ;
#9817 = DIRECTION ( 'NONE',  ( -0.9681476403782230955, -0.2503800040539953531, 0.000000000000000000 ) ) ;
#9818 = VERTEX_POINT ( 'NONE', #6351 ) ;
#9819 = CARTESIAN_POINT ( 'NONE',  ( 199.6309226804345371, 11.24585786437251755, 4.071938083478370545E-16 ) ) ;
#9820 = ORIENTED_EDGE ( 'NONE', *, *, #3705, .T. ) ;
#9821 = CARTESIAN_POINT ( 'NONE',  ( 283.1285412658785958, 2.422514229147298970E-16, -0.01000000027336175878 ) ) ;
#9822 = PLANE ( 'NONE',  #9151 ) ;
#9823 = VERTEX_POINT ( 'NONE', #7847 ) ;
#9824 = VERTEX_POINT ( 'NONE', #8497 ) ;
#9825 = DIRECTION ( 'NONE',  ( 0.000000000000000000, 0.000000000000000000, -1.000000000000000000 ) ) ;
#9826 = EDGE_LOOP ( 'NONE', ( #4923, #6309, #3755, #6794 ) ) ;
#9827 = LINE ( 'NONE', #4502, #584 ) ;
#9828 = CARTESIAN_POINT ( 'NONE',  ( 111.3822140266678389, 11.23999999999625210, 0.000000000000000000 ) ) ;
#9829 = ORIENTED_EDGE ( 'NONE', *, *, #7922, .F. ) ;
#9830 = CARTESIAN_POINT ( 'NONE',  ( 229.6477180407969740, 18.00000000000299849, -10.00000000000000000 ) ) ;
#9831 = FACE_OUTER_BOUND ( 'NONE', #5655, .T. ) ;
#9832 = CARTESIAN_POINT ( 'NONE',  ( 180.7813667804157376, 11.24585786437251755, 4.071938083478370545E-16 ) ) ;
#9833 = CARTESIAN_POINT ( 'NONE',  ( 58.25925343029319237, 11.24585786437251755, -10.00000000000000000 ) ) ;
#9834 = DIRECTION ( 'NONE',  ( 1.000000000000000000, -0.000000000000000000, 0.000000000000000000 ) ) ;
#9835 = AXIS2_PLACEMENT_3D ( 'NONE', #8578, #423, #6490 ) ;
#9836 = CARTESIAN_POINT ( 'NONE',  ( 0.000000000000000000, 11.23999999999625032, 0.000000000000000000 ) ) ;
#9837 = CARTESIAN_POINT ( 'NONE',  ( 139.6546092275706883, 11.24749619995568750, -10.00000000000000000 ) ) ;
#9838 = ORIENTED_EDGE ( 'NONE', *, *, #5431, .T. ) ;
#9839 = ORIENTED_EDGE ( 'NONE', *, *, #4692, .F. ) ;
#9840 = CYLINDRICAL_SURFACE ( 'NONE', #7564, 0.009999999999999592548 ) ;
#9841 = ORIENTED_EDGE ( 'NONE', *, *, #9310, .T. ) ;
#9842 = CARTESIAN_POINT ( 'NONE',  ( 210.8013693248479115, 17.99585786437926771, -9.999999999999996447 ) ) ;
#9843 = FACE_OUTER_BOUND ( 'NONE', #5357, .T. ) ;
#9844 = EDGE_CURVE ( 'NONE', #7382, #6270, #9383, .T. ) ;
#9845 = DIRECTION ( 'NONE',  ( -0.000000000000000000, -0.000000000000000000, 1.000000000000000000 ) ) ;
#9846 = AXIS2_PLACEMENT_3D ( 'NONE', #3110, #1441, #4519 ) ;
#9847 = CARTESIAN_POINT ( 'NONE',  ( 0.000000000000000000, 18.00000000000299849, -10.00000000000000000 ) ) ;
#9848 = CARTESIAN_POINT ( 'NONE',  ( 60.00945776790574371, 17.99000000000300048, 0.000000000000000000 ) ) ;
#9849 = VERTEX_POINT ( 'NONE', #9333 ) ;
#9850 = ORIENTED_EDGE ( 'NONE', *, *, #8035, .F. ) ;
#9851 = ADVANCED_FACE ( 'NONE', ( #6303 ), #7797, .T. ) ;
#9852 = EDGE_CURVE ( 'NONE', #6779, #4531, #7764, .T. ) ;
#9853 = CARTESIAN_POINT ( 'NONE',  ( 29.98945522347352011, 11.23999999999625032, 0.000000000000000000 ) ) ;
#9854 = CARTESIAN_POINT ( 'NONE',  ( 0.000000000000000000, 17.99000000000300048, -0.01000000000000000021 ) ) ;
#9855 = EDGE_LOOP ( 'NONE', ( #7409, #4936, #1992, #5049 ) ) ;
#9856 = ADVANCED_FACE ( 'NONE', ( #5613 ), #4109, .F. ) ;
#9857 = DIRECTION ( 'NONE',  ( -1.460819769243627131E-16, -1.000000000000000000, 0.000000000000000000 ) ) ;
#9858 = CARTESIAN_POINT ( 'NONE',  ( 229.6509252248667963, 17.99585786437926060, 8.075785761232440744E-15 ) ) ;
#9859 = EDGE_CURVE ( 'NONE', #3020, #9508, #1926, .T. ) ;
#9860 = ADVANCED_FACE ( 'NONE', ( #4706 ), #8542, .T. ) ;
#9861 = LINE ( 'NONE', #9117, #4691 ) ;
#9862 = VERTEX_POINT ( 'NONE', #6543 ) ;
#9863 = CARTESIAN_POINT ( 'NONE',  ( 246.7516052464118843, 11.24999999999624833, -0.004142135623730543691 ) ) ;
#9864 = VERTEX_POINT ( 'NONE', #5005 ) ;
#9865 = CARTESIAN_POINT ( 'NONE',  ( 120.4288646836714634, 49.14502207121564226, -9.990000000000000213 ) ) ;
#9866 = ADVANCED_FACE ( 'NONE', ( #6595 ), #4952, .T. ) ;
#9867 = EDGE_LOOP ( 'NONE', ( #3230, #9829, #9850, #9839 ) ) ;
#9868 = DIRECTION ( 'NONE',  ( 0.2503800040544349459, -0.9681476403781095197, -0.000000000000000000 ) ) ;
#9869 = AXIS2_PLACEMENT_3D ( 'NONE', #8686, #3951, #8632 ) ;
#9870 = CARTESIAN_POINT ( 'NONE',  ( 0.000000000000000000, 17.99000000000300048, -10.00000000000000000 ) ) ;
#9871 = ADVANCED_FACE ( 'NONE', ( #7999 ), #1167, .T. ) ;
#9872 = VECTOR ( 'NONE', #2601, 1000.000000000000000 ) ;
#9873 = EDGE_LOOP ( 'NONE', ( #4209, #432, #1278 ) ) ;
#9874 = EDGE_LOOP ( 'NONE', ( #644, #8044, #6726, #6099 ) ) ;
#9875 = DIRECTION ( 'NONE',  ( 0.000000000000000000, -0.000000000000000000, 1.000000000000000000 ) ) ;
#9876 = VERTEX_POINT ( 'NONE', #1260 ) ;
#9877 = DIRECTION ( 'NONE',  ( -0.2503800040544349459, 0.9681476403781095197, -0.000000000000000000 ) ) ;
#9878 = CARTESIAN_POINT ( 'NONE',  ( -180.0000000000000000, 18.00000000000298783, -0.009999999999999592548 ) ) ;
#9879 = ORIENTED_EDGE ( 'NONE', *, *, #4630, .T. ) ;
#9880 = FACE_OUTER_BOUND ( 'NONE', #4461, .T. ) ;
#9881 = DIRECTION ( 'NONE',  ( 1.000000000000000000, 0.000000000000000000, 0.000000000000000000 ) ) ;
#9882 = PLANE ( 'NONE',  #6703 ) ;
#9883 = AXIS2_PLACEMENT_3D ( 'NONE', #4906, #477, #3544 ) ;
#9884 = CARTESIAN_POINT ( 'NONE',  ( 92.53265812664899670, 11.23999999999625210, 0.000000000000000000 ) ) ;
#9885 = CARTESIAN_POINT ( 'NONE',  ( 0.000000000000000000, 18.00000000000299849, -9.990000000000000213 ) ) ;
#9886 = LINE ( 'NONE', #5161, #1975 ) ;
#9887 = CARTESIAN_POINT ( 'NONE',  ( 69.42649289063673734, 18.00000000000300204, -9.995857864376270996 ) ) ;
#9888 = ORIENTED_EDGE ( 'NONE', *, *, #2718, .T. ) ;
#9889 = EDGE_LOOP ( 'NONE', ( #4350, #8219, #9686, #2418 ) ) ;
#9890 = DIRECTION ( 'NONE',  ( -1.000000000000000000, 0.000000000000000000, 0.000000000000000000 ) ) ;
#9891 = ORIENTED_EDGE ( 'NONE', *, *, #7702, .T. ) ;
#9892 = VECTOR ( 'NONE', #5640, 1000.000000000000000 ) ;
#9893 = FACE_OUTER_BOUND ( 'NONE', #2755, .T. ) ;
ENDSEC;
END-ISO-10303-21;
