ISO-10303-21;
HEADER;
FILE_DESCRIPTION (( 'STEP AP214' ),
    '1' );
FILE_NAME ('Blue_Cable.STEP',
    '2025-07-29T15:59:08',
    ( '' ),
    ( '' ),
    'SwSTEP 2.0',
    'SolidWorks 2025',
    '' );
FILE_SCHEMA (( 'AUTOMOTIVE_DESIGN' ));
ENDSEC;

DATA;
#1 = CARTESIAN_POINT ( 'NONE',  ( -6.000000000000000000, -1.307469984379149963, -2.650045345896302695 ) ) ;
#2 = CARTESIAN_POINT ( 'NONE',  ( 0.000000000000000000, -0.7249999999999999778, 1.975000000000000977 ) ) ;
#3 = VECTOR ( 'NONE', #1035, 1000.000000000000000 ) ;
#4 = CARTESIAN_POINT ( 'NONE',  ( -4.515670703736355485, -8.437634524545600320E-16, -0.4000000000000000222 ) ) ;
#5 = VECTOR ( 'NONE', #125, 1000.000000000000000 ) ;
#6 = ORIENTED_EDGE ( 'NONE', *, *, #1703, .F. ) ;
#7 = CARTESIAN_POINT ( 'NONE',  ( -11.28287609001529113, -0.7268985067496787078, 0.9000000000000002442 ) ) ;
#8 = EDGE_CURVE ( 'NONE', #204, #123, #1588, .T. ) ;
#9 = VECTOR ( 'NONE', #711, 1000.000000000000000 ) ;
#10 = EDGE_LOOP ( 'NONE', ( #380, #2409, #2459, #1230, #1257, #569, #2238, #942 ) ) ;
#11 = CARTESIAN_POINT ( 'NONE',  ( 1.000000000000000000, -0.3000000000000002109, -0.9645898033750234246 ) ) ;
#12 = AXIS2_PLACEMENT_3D ( 'NONE', #1532, #2552, #1587 ) ;
#13 = CARTESIAN_POINT ( 'NONE',  ( -9.490704277553565049, -1.425258686149182497, -0.9000000000000000222 ) ) ;
#14 = VERTEX_POINT ( 'NONE', #2203 ) ;
#15 = DIRECTION ( 'NONE',  ( -1.000000000000000000, -0.000000000000000000, -0.000000000000000000 ) ) ;
#16 = CARTESIAN_POINT ( 'NONE',  ( -6.000000000000000000, -0.3000000000000000999, -0.3354101966249684597 ) ) ;
#17 = CARTESIAN_POINT ( 'NONE',  ( -7.782448939017433176, -0.01946246647860479934, -0.9000000000000000222 ) ) ;
#18 = DIRECTION ( 'NONE',  ( 0.000000000000000000, 0.000000000000000000, 1.000000000000000000 ) ) ;
#19 = CARTESIAN_POINT ( 'NONE',  ( -6.928776636621623908, 0.7999999999999987121, -0.3999999999999998557 ) ) ;
#20 = CARTESIAN_POINT ( 'NONE',  ( 1.000000000000000000, -0.9999999999999997780, 2.999999999999999556 ) ) ;
#21 = CARTESIAN_POINT ( 'NONE',  ( -3.826211865769982623, -8.204691795881260066E-16, 0.4000000000000000222 ) ) ;
#22 = ORIENTED_EDGE ( 'NONE', *, *, #905, .F. ) ;
#23 = CARTESIAN_POINT ( 'NONE',  ( -8.447480511018147453, 0.6876135490861997601, 1.699999999999999734 ) ) ;
#24 = MECHANICAL_DESIGN_GEOMETRIC_PRESENTATION_REPRESENTATION (  '', ( #1637 ), #2523 ) ;
#25 = VERTEX_POINT ( 'NONE', #1990 ) ;
#26 = CARTESIAN_POINT ( 'NONE',  ( 1.000000000000000000, -0.2666666666666667185, -0.2981423969999719703 ) ) ;
#27 = CARTESIAN_POINT ( 'NONE',  ( -10.41443891878996197, -1.095431924005422886, -0.9000000000000000222 ) ) ;
#28 = CARTESIAN_POINT ( 'NONE',  ( -6.411682508146158810, -1.091519722709469673E-15, 1.699999999999999956 ) ) ;
#29 = DIRECTION ( 'NONE',  ( 0.000000000000000000, 0.000000000000000000, -1.000000000000000000 ) ) ;
#30 = CARTESIAN_POINT ( 'NONE',  ( -2.271788935686914979, -1.726221549255618548, -2.976221549255618104 ) ) ;
#31 = ADVANCED_FACE ( 'NONE', ( #2411, #1405 ), #1901, .T. ) ;
#32 = CARTESIAN_POINT ( 'NONE',  ( 1.000000000000000000, -0.3000000000000002109, -0.9645898033750234246 ) ) ;
#33 = CARTESIAN_POINT ( 'NONE',  ( -3.826211865769982623, -7.714833076222318882E-16, -0.4000000000000000222 ) ) ;
#34 = CARTESIAN_POINT ( 'NONE',  ( 0.2500000000000000000, -0.9999999999999997780, 2.999999999999999556 ) ) ;
#35 = CARTESIAN_POINT ( 'NONE',  ( 3.000000000000000444, 0.7999999999999999334, -0.3999999999999998557 ) ) ;
#36 = VECTOR ( 'NONE', #75, 1000.000000000000114 ) ;
#37 = ORIENTED_EDGE ( 'NONE', *, *, #2566, .T. ) ;
#38 = CARTESIAN_POINT ( 'NONE',  ( -10.77472981399816199, -2.324329995787719039, 0.8999999999999999112 ) ) ;
#39 = ORIENTED_EDGE ( 'NONE', *, *, #1356, .T. ) ;
#40 = DIRECTION ( 'NONE',  ( 0.000000000000000000, 0.000000000000000000, 1.000000000000000000 ) ) ;
#41 = CARTESIAN_POINT ( 'NONE',  ( -11.77969232593829751, -2.051392651257140987, -0.9000000000000000222 ) ) ;
#42 = CARTESIAN_POINT ( 'NONE',  ( -11.23359096307900096, -1.669008360356527332, 1.699999999999999956 ) ) ;
#43 = DIRECTION ( 'NONE',  ( -1.000000000000000000, -0.000000000000000000, -0.000000000000000000 ) ) ;
#44 = DIRECTION ( 'NONE',  ( -0.000000000000000000, -1.000000000000000000, -0.000000000000000000 ) ) ;
#45 = CIRCLE ( 'NONE', #1522, 0.05000000000000002359 ) ;
#46 = DIRECTION ( 'NONE',  ( -1.000000000000000000, -0.000000000000000000, -0.000000000000000000 ) ) ;
#47 = EDGE_CURVE ( 'NONE', #1867, #1830, #2376, .T. ) ;
#48 = CARTESIAN_POINT ( 'NONE',  ( 2.333333333334111526, 4.898587196589413075E-17, -0.4000000000000000222 ) ) ;
#49 = DIRECTION ( 'NONE',  ( 0.000000000000000000, -1.000000000000000000, 0.000000000000000000 ) ) ;
#50 = CARTESIAN_POINT ( 'NONE',  ( -7.087352244545633617, 0.8000099971380947306, -0.3999999999999998557 ) ) ;
#51 = EDGE_LOOP ( 'NONE', ( #2004, #1416, #544, #141, #1399, #833, #285, #2120 ) ) ;
#52 = CARTESIAN_POINT ( 'NONE',  ( -3.826211865769982623, -0.8000000000000007105, 1.699999999999999734 ) ) ;
#53 = VERTEX_POINT ( 'NONE', #1951 ) ;
#54 = CARTESIAN_POINT ( 'NONE',  ( 1.000000000000000000, 0.2999999999999999889, 0.3354101966249685152 ) ) ;
#55 = CIRCLE ( 'NONE', #1496, 0.05000000000000002359 ) ;
#56 = DIRECTION ( 'NONE',  ( -0.8191520442889907994, -0.5735764363510474917, 0.000000000000000000 ) ) ;
#57 = CARTESIAN_POINT ( 'NONE',  ( -4.515670703736355485, -8.927493244204541504E-16, -0.9000000000000000222 ) ) ;
#58 = CARTESIAN_POINT ( 'NONE',  ( -8.735932130895626813, 0.6203677554525900417, -0.3999999999999998557 ) ) ;
#59 = EDGE_CURVE ( 'NONE', #84, #151, #122, .T. ) ;
#60 = CARTESIAN_POINT ( 'NONE',  ( 1.000000000000000000, 0.000000000000000000, 0.000000000000000000 ) ) ;
#61 = CARTESIAN_POINT ( 'NONE',  ( -10.74770223941997926, -0.3521539415067700407, -0.3999999999999998557 ) ) ;
#62 = ORIENTED_EDGE ( 'NONE', *, *, #1289, .F. ) ;
#63 = EDGE_CURVE ( 'NONE', #1134, #2279, #752, .T. ) ;
#64 = ORIENTED_EDGE ( 'NONE', *, *, #2367, .F. ) ;
#65 = CARTESIAN_POINT ( 'NONE',  ( -2.115596801473091482, -1.739886590331247929, -2.989886590331248151 ) ) ;
#66 = CARTESIAN_POINT ( 'NONE',  ( 3.000000000000000000, 0.000000000000000000, 0.000000000000000000 ) ) ;
#67 = FACE_OUTER_BOUND ( 'NONE', #2093, .T. ) ;
#68 = CARTESIAN_POINT ( 'NONE',  ( 1.000000000000000000, 0.2500000000000000000, -0.9645898033750235356 ) ) ;
#69 = CARTESIAN_POINT ( 'NONE',  ( -9.490704277553565049, -1.425258686149182497, -0.4000000000000001332 ) ) ;
#70 = CARTESIAN_POINT ( 'NONE',  ( -2.000000000000000000, 1.250000000000000000, 3.000000000000000888 ) ) ;
#71 = CARTESIAN_POINT ( 'NONE',  ( -1.757835351867656826, -5.546428731250303230E-16, -0.4000000000000000222 ) ) ;
#72 = ORIENTED_EDGE ( 'NONE', *, *, #2456, .F. ) ;
#73 = VERTEX_POINT ( 'NONE', #1344 ) ;
#74 = ADVANCED_FACE ( 'NONE', ( #556 ), #1373, .T. ) ;
#75 = DIRECTION ( 'NONE',  ( 0.9924325091389669673, 0.08682659386424777803, -0.08682659386424779191 ) ) ;
#76 = DIRECTION ( 'NONE',  ( 0.000000000000000000, -1.097926250618232273E-16, -1.000000000000000000 ) ) ;
#77 = DIRECTION ( 'NONE',  ( -0.000000000000000000, -1.000000000000000000, -2.990902544787598592E-16 ) ) ;
#78 = CARTESIAN_POINT ( 'NONE',  ( -10.68748960021965999, -1.286624069455715613, -0.9000000000000000222 ) ) ;
#79 = CARTESIAN_POINT ( 'NONE',  ( -7.507670983177139767, -0.8000106901255261693, 0.4000000000000000222 ) ) ;
#80 = CARTESIAN_POINT ( 'NONE',  ( -2.000000000000000000, -1.749999999999999556, 3.000000000000000888 ) ) ;
#81 = CARTESIAN_POINT ( 'NONE',  ( -12.23855347501913471, -1.396071015825947725, -0.3999999999999998557 ) ) ;
#82 = VERTEX_POINT ( 'NONE', #1139 ) ;
#83 = CARTESIAN_POINT ( 'NONE',  ( -10.41443891878996197, -1.095431924005422886, 0.9000000000000000222 ) ) ;
#84 = VERTEX_POINT ( 'NONE', #136 ) ;
#85 = AXIS2_PLACEMENT_3D ( 'NONE', #377, #978, #162 ) ;
#86 =( BOUNDED_CURVE ( )  B_SPLINE_CURVE ( 3, ( #1408, #2032, #2017, #654 ),
 .UNSPECIFIED., .F., .F. ) 
 B_SPLINE_CURVE_WITH_KNOTS ( ( 4, 4 ),
 ( -8.881784197001252323E-16, 1.658062789394612491 ),
 .UNSPECIFIED. ) 
 CURVE ( )  GEOMETRIC_REPRESENTATION_ITEM ( )  RATIONAL_B_SPLINE_CURVE ( ( 1.000000000000000000, 0.7837268050771066807, 0.7837268050771066807, 1.000000000000000000 ) ) 
 REPRESENTATION_ITEM ( '' )  );
#87 = EDGE_CURVE ( 'NONE', #1892, #1134, #1841, .T. ) ;
#88 = CARTESIAN_POINT ( 'NONE',  ( -2.000000000000000000, -1.250000000000000666, -3.099999999999998757 ) ) ;
#89 = CARTESIAN_POINT ( 'NONE',  ( -1.000000000000000000, 1.000000000000000000, -1.398970545142586541E-16 ) ) ;
#90 = DIRECTION ( 'NONE',  ( 0.000000000000000000, -1.000000000000000000, -2.168404344971008868E-16 ) ) ;
#91 = CLOSED_SHELL ( 'NONE', ( #838, #1746, #2102, #785, #1455, #135, #1762, #2214, #2166, #998, #2601, #472, #1031, #855, #1798, #926, #571, #2569, #2087, #202, #734, #1470, #1368, #916, #1259, #1326, #217, #74, #730, #2537, #309, #1097, #170, #2150, #188, #2618, #2219, #1862, #1403, #154, #881, #2507, #706, #717, #1438, #371, #1603, #1420, #102, #119 ) ) ;
#92 = VECTOR ( 'NONE', #2272, 1000.000000000000000 ) ;
#93 = CARTESIAN_POINT ( 'NONE',  ( -9.932884554299999280, -0.7582594639243382950, -0.9000000000000000222 ) ) ;
#94 = VECTOR ( 'NONE', #1302, 1000.000000000000000 ) ;
#95 = CARTESIAN_POINT ( 'NONE',  ( -8.740436578989211114, -1.058699091801260650, 0.4000000000000000222 ) ) ;
#96 = LINE ( 'NONE', #908, #517 ) ;
#97 = CARTESIAN_POINT ( 'NONE',  ( -7.528033142468717465, -1.272633994307954335E-05, 0.4000000000000000222 ) ) ;
#98 =( GEOMETRIC_REPRESENTATION_CONTEXT ( 3 ) GLOBAL_UNCERTAINTY_ASSIGNED_CONTEXT ( ( #1527 ) ) GLOBAL_UNIT_ASSIGNED_CONTEXT ( ( #1580, #2583, #2544 ) ) REPRESENTATION_CONTEXT ( 'NONE', 'WORKASPACE' ) );
#99 = CARTESIAN_POINT ( 'NONE',  ( -8.740436578989211114, -1.058699091801260650, 1.699999999999999734 ) ) ;
#100 = ORIENTED_EDGE ( 'NONE', *, *, #1950, .T. ) ;
#101 = PLANE ( 'NONE',  #2462 ) ;
#102 = ADVANCED_FACE ( 'NONE', ( #189 ), #769, .T. ) ;
#103 = PLANE ( 'NONE',  #1917 ) ;
#104 = CARTESIAN_POINT ( 'NONE',  ( -8.447480511018147453, 0.6876135490861997601, -0.9000000000000000222 ) ) ;
#105 = CIRCLE ( 'NONE', #992, 0.05000000000000002359 ) ;
#106 = EDGE_CURVE ( 'NONE', #344, #744, #786, .T. ) ;
#107 = CARTESIAN_POINT ( 'NONE',  ( -9.322952643226258829, -1.327742476002200078, -0.4000000000000001332 ) ) ;
#108 = CIRCLE ( 'NONE', #2186, 0.2500000000000000000 ) ;
#109 =( NAMED_UNIT ( * ) SI_UNIT ( $, .STERADIAN. ) SOLID_ANGLE_UNIT ( ) );
#110 = CARTESIAN_POINT ( 'NONE',  ( -8.123625488835381603, -0.8813832920409744309, -0.4000000000000001332 ) ) ;
#111 = CARTESIAN_POINT ( 'NONE',  ( -9.713323421820810211, -0.6282648523835685506, 1.699999999999999956 ) ) ;
#112 = ORIENTED_EDGE ( 'NONE', *, *, #1174, .T. ) ;
#113 = PLANE ( 'NONE',  #683 ) ;
#114 = AXIS2_PLACEMENT_3D ( 'NONE', #434, #1885, #2454 ) ;
#115 = CARTESIAN_POINT ( 'NONE',  ( -6.000000000000000000, -0.3000000000000000999, 0.3354101966249684597 ) ) ;
#116 = CARTESIAN_POINT ( 'NONE',  ( -8.735932130895626813, 0.6203677554525900417, -0.9000000000000000222 ) ) ;
#117 = FILL_AREA_STYLE_COLOUR ( '', #1329 ) ;
#118 = CARTESIAN_POINT ( 'NONE',  ( -11.32083117685746032, -2.706714286688333360, 0.4000000000000000222 ) ) ;
#119 = ADVANCED_FACE ( 'NONE', ( #2416 ), #597, .F. ) ;
#120 = DIRECTION ( 'NONE',  ( -0.000000000000000000, 1.084202172485504434E-16, 1.000000000000000000 ) ) ;
#121 = CARTESIAN_POINT ( 'NONE',  ( -6.928776636621623908, -0.8000000000000010436, 0.4000000000000000222 ) ) ;
#122 = LINE ( 'NONE', #729, #504 ) ;
#123 = VERTEX_POINT ( 'NONE', #214 ) ;
#124 = VERTEX_POINT ( 'NONE', #1969 ) ;
#125 = DIRECTION ( 'NONE',  ( -1.000000000000000000, -0.000000000000000000, -0.000000000000000000 ) ) ;
#126 = LINE ( 'NONE', #2354, #2172 ) ;
#127 = CARTESIAN_POINT ( 'NONE',  ( 2.333333333334111970, 0.7999999999999999334, -0.9000000000000000222 ) ) ;
#128 = ORIENTED_EDGE ( 'NONE', *, *, #489, .F. ) ;
#129 = SURFACE_STYLE_USAGE ( .BOTH. , #1961 ) ;
#130 = LINE ( 'NONE', #1553, #1954 ) ;
#131 = AXIS2_PLACEMENT_3D ( 'NONE', #984, #2236, #1183 ) ;
#132 = SURFACE_STYLE_FILL_AREA ( #950 ) ;
#133 = VECTOR ( 'NONE', #1731, 1000.000000000000000 ) ;
#134 = CARTESIAN_POINT ( 'NONE',  ( -9.955577769709124780, -1.750753559436615259, 0.4000000000000000222 ) ) ;
#135 = ADVANCED_FACE ( 'NONE', ( #2208 ), #2405, .F. ) ;
#136 = CARTESIAN_POINT ( 'NONE',  ( 1.000000000000000000, 0.2666666666666668850, -0.2981423969999719148 ) ) ;
#137 = ORIENTED_EDGE ( 'NONE', *, *, #325, .T. ) ;
#138 = CARTESIAN_POINT ( 'NONE',  ( -5.907776915682686258, 1.408113820289463636, 2.658113820289464968 ) ) ;
#139 = EDGE_CURVE ( 'NONE', #1552, #777, #1169, .T. ) ;
#140 = CARTESIAN_POINT ( 'NONE',  ( -11.50664164450715354, -1.860200505805547300, 0.4000000000000000222 ) ) ;
#141 = ORIENTED_EDGE ( 'NONE', *, *, #1564, .T. ) ;
#142 = LINE ( 'NONE', #2555, #1029 ) ;
#143 = CARTESIAN_POINT ( 'NONE',  ( -7.701018077671367479, -0.8163484718420587205, -1.699999999999999734 ) ) ;
#144 = ORIENTED_EDGE ( 'NONE', *, *, #674, .F. ) ;
#145 = VECTOR ( 'NONE', #120, 1000.000000000000000 ) ;
#146 = CARTESIAN_POINT ( 'NONE',  ( -11.23359096307900096, -1.669008360356527332, 0.4000000000000000222 ) ) ;
#147 = FILL_AREA_STYLE_COLOUR ( '', #612 ) ;
#148 = CARTESIAN_POINT ( 'NONE',  ( -0.3789176759342964274, -0.8000000000002168710, 0.4000000000000000222 ) ) ;
#149 = CARTESIAN_POINT ( 'NONE',  ( -0.3789176759342964274, 0.7999999999997831068, 0.4000000000000000222 ) ) ;
#150 = UNCERTAINTY_MEASURE_WITH_UNIT (LENGTH_MEASURE( 1.000000000000000082E-05 ), #1987, 'distance_accuracy_value', 'NONE');
#151 = VERTEX_POINT ( 'NONE', #1628 ) ;
#152 = CARTESIAN_POINT ( 'NONE',  ( 3.000000000000000000, 0.000000000000000000, -0.9000000000000000222 ) ) ;
#153 = CARTESIAN_POINT ( 'NONE',  ( -5.894588379671017009, -1.037309614085190704E-15, 0.4000000000000000222 ) ) ;
#154 = ADVANCED_FACE ( 'NONE', ( #1439 ), #407, .F. ) ;
#155 = ORIENTED_EDGE ( 'NONE', *, *, #1934, .F. ) ;
#156 = SURFACE_STYLE_FILL_AREA ( #2580 ) ;
#157 = CARTESIAN_POINT ( 'NONE',  ( -0.3789176759342964274, -0.8000000000002168710, -0.9000000000000000222 ) ) ;
#158 = AXIS2_PLACEMENT_3D ( 'NONE', #1663, #1459, #862 ) ;
#159 = VERTEX_POINT ( 'NONE', #1413 ) ;
#160 = SURFACE_SIDE_STYLE ('',( #521 ) ) ;
#161 = CARTESIAN_POINT ( 'NONE',  ( -10.68748960021965999, -1.286624069455715613, 0.4000000000000000222 ) ) ;
#162 = DIRECTION ( 'NONE',  ( 0.000000000000000000, 0.000000000000000000, 1.000000000000000000 ) ) ;
#163 = CARTESIAN_POINT ( 'NONE',  ( -10.68748960021965999, -1.286624069455715613, 0.4000000000000000222 ) ) ;
#164 = DIRECTION ( 'NONE',  ( 0.000000000000000000, -1.723199799951891182E-16, -1.000000000000000000 ) ) ;
#165 = ORIENTED_EDGE ( 'NONE', *, *, #2018, .T. ) ;
#166 = FACE_OUTER_BOUND ( 'NONE', #1096, .T. ) ;
#167 = CARTESIAN_POINT ( 'NONE',  ( -5.894588379671017009, 0.7999999999999987121, 0.4000000000000000222 ) ) ;
#168 = VERTEX_POINT ( 'NONE', #1398 ) ;
#169 =( NAMED_UNIT ( * ) PLANE_ANGLE_UNIT ( ) SI_UNIT ( $, .RADIAN. ) );
#170 = ADVANCED_FACE ( 'NONE', ( #203 ), #1195, .T. ) ;
#171 = CARTESIAN_POINT ( 'NONE',  ( -7.114930577321783467, -0.7999927606931349633, -1.699999999999999734 ) ) ;
#172 = CARTESIAN_POINT ( 'NONE',  ( -9.713323421820810211, -0.6282648523835685506, 0.4000000000000000222 ) ) ;
#173 =( BOUNDED_CURVE ( )  B_SPLINE_CURVE ( 3, ( #454, #1883, #65, #651 ),
 .UNSPECIFIED., .F., .T. ) 
 B_SPLINE_CURVE_WITH_KNOTS ( ( 4, 4 ),
 ( -8.881784197001252323E-16, 1.658062789394612491 ),
 .UNSPECIFIED. ) 
 CURVE ( )  GEOMETRIC_REPRESENTATION_ITEM ( )  RATIONAL_B_SPLINE_CURVE ( ( 1.000000000000000000, 0.7837268050771066807, 0.7837268050771066807, 1.000000000000000000 ) ) 
 REPRESENTATION_ITEM ( '' )  );
#174 = CYLINDRICAL_SURFACE ( 'NONE', #85, 0.05000000000000002359 ) ;
#175 = LINE ( 'NONE', #1642, #800 ) ;
#176 = VECTOR ( 'NONE', #76, 1000.000000000000000 ) ;
#177 = VERTEX_POINT ( 'NONE', #1222 ) ;
#178 = APPLICATION_PROTOCOL_DEFINITION ( 'draft international standard', 'automotive_design', 1998, #1296 ) ;
#179 = CARTESIAN_POINT ( 'NONE',  ( 1.666666666666723362, 1.049199864775533939E-13, 0.9000000000000000222 ) ) ;
#180 = ORIENTED_EDGE ( 'NONE', *, *, #354, .F. ) ;
#181 = DIRECTION ( 'NONE',  ( -1.000000000000000000, -0.000000000000000000, -0.000000000000000000 ) ) ;
#182 = CARTESIAN_POINT ( 'NONE',  ( -9.322952643226258829, -1.327742476002200078, -1.699999999999999734 ) ) ;
#183 = ORIENTED_EDGE ( 'NONE', *, *, #608, .T. ) ;
#184 = CYLINDRICAL_SURFACE ( 'NONE', #646, 0.04999999999999991257 ) ;
#185 = PLANE ( 'NONE',  #2419 ) ;
#186 = LINE ( 'NONE', #609, #1228 ) ;
#187 = CARTESIAN_POINT ( 'NONE',  ( -10.82401494093445393, -1.382220142180871969, 0.4000000000000000222 ) ) ;
#188 = ADVANCED_FACE ( 'NONE', ( #2390 ), #1012, .T. ) ;
#189 = FACE_OUTER_BOUND ( 'NONE', #1562, .T. ) ;
#190 = ORIENTED_EDGE ( 'NONE', *, *, #939, .T. ) ;
#191 = CARTESIAN_POINT ( 'NONE',  ( -12.23855347501913471, -1.396071015825947725, 0.9000000000000002442 ) ) ;
#192 = ORIENTED_EDGE ( 'NONE', *, *, #1847, .F. ) ;
#193 = AXIS2_PLACEMENT_3D ( 'NONE', #311, #29, #2610 ) ;
#194 = CARTESIAN_POINT ( 'NONE',  ( -6.000000000000000000, -0.2500000000000000555, 0.3354101966249684597 ) ) ;
#195 = CARTESIAN_POINT ( 'NONE',  ( -9.713323421820810211, -0.6282648523835685506, -1.699999999999999956 ) ) ;
#196 = EDGE_LOOP ( 'NONE', ( #682, #492, #1939, #2144 ) ) ;
#197 = LINE ( 'NONE', #225, #2483 ) ;
#198 = CARTESIAN_POINT ( 'NONE',  ( -2.000000000000000000, 1.250000000000000444, 3.100000000000000977 ) ) ;
#199 = DIRECTION ( 'NONE',  ( -0.000000000000000000, -1.000000000000000000, -0.000000000000000000 ) ) ;
#200 = CARTESIAN_POINT ( 'NONE',  ( -11.23359096307900096, -1.669008360356527332, 0.4000000000000000222 ) ) ;
#201 = CARTESIAN_POINT ( 'NONE',  ( -1.757835351867656826, -5.546428731250303230E-16, -0.4000000000000000222 ) ) ;
#202 = ADVANCED_FACE ( 'NONE', ( #797 ), #1208, .T. ) ;
#203 = FACE_OUTER_BOUND ( 'NONE', #2609, .T. ) ;
#204 = VERTEX_POINT ( 'NONE', #2262 ) ;
#205 = CARTESIAN_POINT ( 'NONE',  ( -5.549858960687535259, -9.521836697031182654E-16, 0.9000000000000000222 ) ) ;
#206 = ORIENTED_EDGE ( 'NONE', *, *, #2423, .T. ) ;
#207 = CARTESIAN_POINT ( 'NONE',  ( -9.322952643226258829, -1.327742476002200078, -0.9000000000000000222 ) ) ;
#208 = EDGE_LOOP ( 'NONE', ( #1311, #2598, #1108, #1530 ) ) ;
#209 = LINE ( 'NONE', #1835, #2211 ) ;
#210 = LINE ( 'NONE', #198, #92 ) ;
#211 = DIRECTION ( 'NONE',  ( 1.000000000000000000, -0.000000000000000000, -0.000000000000000000 ) ) ;
#212 = LINE ( 'NONE', #378, #1353 ) ;
#213 = CARTESIAN_POINT ( 'NONE',  ( -5.894588379671017009, 0.7999999999999987121, -0.3999999999999998557 ) ) ;
#214 = CARTESIAN_POINT ( 'NONE',  ( -2.000000000000000000, -1.477172874732681551, 3.000000000000000888 ) ) ;
#215 = CARTESIAN_POINT ( 'NONE',  ( -11.28287609001529113, -0.7268985067496787078, 0.4000000000000000222 ) ) ;
#216 = VERTEX_POINT ( 'NONE', #421 ) ;
#217 = ADVANCED_FACE ( 'NONE', ( #1053 ), #2065, .T. ) ;
#218 = CARTESIAN_POINT ( 'NONE',  ( -8.735932130895626813, 0.6203677554525900417, 1.699999999999999734 ) ) ;
#219 = AXIS2_PLACEMENT_3D ( 'NONE', #2293, #455, #1461 ) ;
#220 = ORIENTED_EDGE ( 'NONE', *, *, #1988, .F. ) ;
#221 = EDGE_CURVE ( 'NONE', #1957, #73, #1898, .T. ) ;
#222 = CIRCLE ( 'NONE', #1715, 0.3999999999999999667 ) ;
#223 = CARTESIAN_POINT ( 'NONE',  ( -9.713323421820810211, -0.6282648523835685506, -0.9000000000000000222 ) ) ;
#224 = CARTESIAN_POINT ( 'NONE',  ( -5.549858960687535259, -1.001169541669012285E-15, 1.699999999999999956 ) ) ;
#225 = CARTESIAN_POINT ( 'NONE',  ( 1.000000000000000000, 0.2666666666666637764, -1.001857603000025465 ) ) ;
#226 = CARTESIAN_POINT ( 'NONE',  ( -2.000000000000000000, 1.750000000000000444, 3.000000000000000888 ) ) ;
#227 = CARTESIAN_POINT ( 'NONE',  ( 1.000000000000000000, 1.000000000000000222, 3.000000000000000000 ) ) ;
#228 = CARTESIAN_POINT ( 'NONE',  ( -9.932884554299999280, -0.7582594639243382950, -0.4000000000000000222 ) ) ;
#229 = CARTESIAN_POINT ( 'NONE',  ( 1.000000000000000000, 1.000000000000000222, -3.000000000000000000 ) ) ;
#230 = CARTESIAN_POINT ( 'NONE',  ( -1.757835351867656382, 0.7999999999999992673, 0.4000000000000000222 ) ) ;
#231 = VERTEX_POINT ( 'NONE', #2275 ) ;
#232 = CARTESIAN_POINT ( 'NONE',  ( -10.37506483104643529, -0.09126024169949303877, 1.699999999999999734 ) ) ;
#233 = ORIENTED_EDGE ( 'NONE', *, *, #2476, .T. ) ;
#234 = DIRECTION ( 'NONE',  ( 0.000000000000000000, 1.000000000000000000, 0.000000000000000000 ) ) ;
#235 = EDGE_CURVE ( 'NONE', #815, #1867, #899, .T. ) ;
#236 = CARTESIAN_POINT ( 'NONE',  ( -6.411682508146158810, -0.8000000000000010436, -0.9000000000000000222 ) ) ;
#237 = CARTESIAN_POINT ( 'NONE',  ( -7.782448939017433176, -0.01946246647860479934, 1.699999999999999956 ) ) ;
#238 = DIRECTION ( 'NONE',  ( 0.000000000000000000, 1.000000000000000000, 2.168404344971008868E-16 ) ) ;
#239 = FACE_OUTER_BOUND ( 'NONE', #1186, .T. ) ;
#240 = CARTESIAN_POINT ( 'NONE',  ( 0.000000000000000000, 0.7500000000000002220, -3.000000000000000000 ) ) ;
#241 = CARTESIAN_POINT ( 'NONE',  ( -6.584047217637897909, -1.060603886951648396E-15, -0.4000000000000000222 ) ) ;
#242 = DIRECTION ( 'NONE',  ( -0.000000000000000000, -2.168404344971008868E-16, 1.000000000000000000 ) ) ;
#243 = CARTESIAN_POINT ( 'NONE',  ( -8.534218189476241889, -0.1548553832305235023, -0.4000000000000000222 ) ) ;
#244 = VERTEX_POINT ( 'NONE', #2052 ) ;
#245 = CARTESIAN_POINT ( 'NONE',  ( -3.826211865769982623, -0.8000000000000007105, 0.8999999999999999112 ) ) ;
#246 = ORIENTED_EDGE ( 'NONE', *, *, #642, .T. ) ;
#247 = CARTESIAN_POINT ( 'NONE',  ( -11.32083117685746032, -2.706714286688333360, -0.9000000000000000222 ) ) ;
#248 = CARTESIAN_POINT ( 'NONE',  ( 1.666666666666723806, 0.8000000000001048495, 1.699999999999999734 ) ) ;
#249 = CARTESIAN_POINT ( 'NONE',  ( -6.584047217637897909, -1.109589758917542415E-15, 0.4000000000000000222 ) ) ;
#250 = EDGE_CURVE ( 'NONE', #316, #1804, #2473, .T. ) ;
#251 = PLANE ( 'NONE',  #1284 ) ;
#252 = PLANE ( 'NONE',  #2025 ) ;
#253 = CARTESIAN_POINT ( 'NONE',  ( -8.735932130895626813, 0.6203677554525900417, 0.4000000000000000222 ) ) ;
#254 = CARTESIAN_POINT ( 'NONE',  ( 1.000000000000000000, -0.7499999999999997780, -3.000000000000000444 ) ) ;
#255 = PRODUCT ( 'Blue_Cable', 'Blue_Cable', '', ( #1570 ) ) ;
#256 = CARTESIAN_POINT ( 'NONE',  ( -8.447480511018147453, 0.6876135490861995381, -0.3999999999999998557 ) ) ;
#257 = ORIENTED_EDGE ( 'NONE', *, *, #2439, .F. ) ;
#258 = CARTESIAN_POINT ( 'NONE',  ( -7.528033142468717465, -1.272633994302595835E-05, 0.9000000000000000222 ) ) ;
#259 = ORIENTED_EDGE ( 'NONE', *, *, #1735, .T. ) ;
#260 = VECTOR ( 'NONE', #262, 1000.000000000000000 ) ;
#261 = CARTESIAN_POINT ( 'NONE',  ( -5.549858960687535259, -1.001169541669012285E-15, -0.9000000000000000222 ) ) ;
#262 = DIRECTION ( 'NONE',  ( -0.000000000000000000, -0.000000000000000000, 1.000000000000000000 ) ) ;
#263 = AXIS2_PLACEMENT_3D ( 'NONE', #771, #2157, #514 ) ;
#264 = LINE ( 'NONE', #456, #552 ) ;
#265 = DIRECTION ( 'NONE',  ( 0.000000000000000000, -0.000000000000000000, -1.000000000000000000 ) ) ;
#266 = CARTESIAN_POINT ( 'NONE',  ( -7.114930577321783467, -0.7999927606931349633, -0.4000000000000001332 ) ) ;
#267 = EDGE_CURVE ( 'NONE', #84, #168, #2374, .T. ) ;
#268 = FACE_OUTER_BOUND ( 'NONE', #2392, .T. ) ;
#269 = CARTESIAN_POINT ( 'NONE',  ( -3.826211865769982623, -7.714833076222318882E-16, -0.4000000000000000222 ) ) ;
#270 = ORIENTED_EDGE ( 'NONE', *, *, #402, .F. ) ;
#271 = VERTEX_POINT ( 'NONE', #1685 ) ;
#272 = VECTOR ( 'NONE', #2535, 1000.000000000000000 ) ;
#273 = FACE_OUTER_BOUND ( 'NONE', #2317, .T. ) ;
#274 = CARTESIAN_POINT ( 'NONE',  ( 3.000000000000000000, 0.000000000000000000, 0.000000000000000000 ) ) ;
#275 = CARTESIAN_POINT ( 'NONE',  ( -2.250000000000000444, -1.477172874732681551, 3.000000000000000888 ) ) ;
#276 = CARTESIAN_POINT ( 'NONE',  ( -6.584047217637897909, -1.109589758917542415E-15, -0.9000000000000000222 ) ) ;
#277 = CARTESIAN_POINT ( 'NONE',  ( -9.808134373638695891, -1.647504036639465319, -0.4000000000000001332 ) ) ;
#278 = DIRECTION ( 'NONE',  ( 0.000000000000000000, 0.000000000000000000, -1.000000000000000000 ) ) ;
#279 = CARTESIAN_POINT ( 'NONE',  ( 1.666666666666723362, 1.049199864775533939E-13, -0.4000000000000000222 ) ) ;
#280 = ORIENTED_EDGE ( 'NONE', *, *, #898, .T. ) ;
#281 = EDGE_CURVE ( 'NONE', #933, #2027, #1544, .T. ) ;
#282 = CARTESIAN_POINT ( 'NONE',  ( -8.534218189476241889, -0.1548553832305235023, 0.9000000000000000222 ) ) ;
#283 = VERTEX_POINT ( 'NONE', #1293 ) ;
#284 = CARTESIAN_POINT ( 'NONE',  ( 1.000000000000000000, 1.000000000000000222, 3.000000000000000000 ) ) ;
#285 = ORIENTED_EDGE ( 'NONE', *, *, #2439, .T. ) ;
#286 = LINE ( 'NONE', #1665, #176 ) ;
#287 = CARTESIAN_POINT ( 'NONE',  ( -1.000000000000000000, 1.000000000000000666, 3.100000000000000977 ) ) ;
#288 = CARTESIAN_POINT ( 'NONE',  ( 1.666666666666723806, 0.8000000000001048495, -1.699999999999999734 ) ) ;
#289 = CARTESIAN_POINT ( 'NONE',  ( -11.32083117685746032, -2.706714286688333360, -0.4000000000000001332 ) ) ;
#290 = SURFACE_STYLE_USAGE ( .BOTH. , #2315 ) ;
#291 = CARTESIAN_POINT ( 'NONE',  ( -4.515670703736355485, 0.7999999999999990452, -0.3999999999999998557 ) ) ;
#292 = CARTESIAN_POINT ( 'NONE',  ( -8.740436578989211114, -1.058699091801260650, 0.8999999999999999112 ) ) ;
#293 = EDGE_LOOP ( 'NONE', ( #1443, #1308, #601, #673 ) ) ;
#294 = CARTESIAN_POINT ( 'NONE',  ( -6.000000000000000000, 0.2999999999999998779, 0.9645898033750313072 ) ) ;
#295 = EDGE_CURVE ( 'NONE', #2463, #344, #657, .T. ) ;
#296 = DIRECTION ( 'NONE',  ( -1.000000000000000000, 0.000000000000000000, 0.000000000000000000 ) ) ;
#297 = CARTESIAN_POINT ( 'NONE',  ( 0.000000000000000000, -0.7250000000000005329, -1.974999999999999867 ) ) ;
#298 = AXIS2_PLACEMENT_3D ( 'NONE', #2060, #1808, #238 ) ;
#299 = CARTESIAN_POINT ( 'NONE',  ( -6.411682508146158810, 0.7999999999999987121, -1.699999999999999734 ) ) ;
#300 = AXIS2_PLACEMENT_3D ( 'NONE', #1832, #2227, #1212 ) ;
#301 = CARTESIAN_POINT ( 'NONE',  ( -6.584047217637897020, -0.8000000000000010436, 0.4000000000000000222 ) ) ;
#302 = PRESENTATION_STYLE_ASSIGNMENT (( #290 ) ) ;
#303 = CARTESIAN_POINT ( 'NONE',  ( -10.27791830652933669, -0.9998289890731180130, 0.4000000000000000222 ) ) ;
#304 = PRODUCT_DEFINITION_CONTEXT ( 'detailed design', #2530, 'design' ) ;
#305 = CIRCLE ( 'NONE', #1799, 0.2500000000000000000 ) ;
#306 = CARTESIAN_POINT ( 'NONE',  ( -9.490704277553565049, -1.425258686149182497, 1.699999999999999734 ) ) ;
#307 = VERTEX_POINT ( 'NONE', #448 ) ;
#308 = VECTOR ( 'NONE', #1465, 1000.000000000000000 ) ;
#309 = ADVANCED_FACE ( 'NONE', ( #268 ), #1887, .T. ) ;
#310 = CARTESIAN_POINT ( 'NONE',  ( -11.69245211215983815, -1.013686724925334293, -1.699999999999999734 ) ) ;
#311 = CARTESIAN_POINT ( 'NONE',  ( 0.7500000000000000000, 0.7500000000000002220, 0.000000000000000000 ) ) ;
#312 = CARTESIAN_POINT ( 'NONE',  ( -10.77472981399816199, -2.324329995787719039, 0.4000000000000000222 ) ) ;
#313 = DIRECTION ( 'NONE',  ( 0.000000000000000000, 0.000000000000000000, 1.000000000000000000 ) ) ;
#314 = CARTESIAN_POINT ( 'NONE',  ( -7.701018077671367479, -0.8163484718420587205, -0.4000000000000001332 ) ) ;
#315 = CARTESIAN_POINT ( 'NONE',  ( -6.928776636621624796, -1.145729831333761461E-15, 1.699999999999999956 ) ) ;
#316 = VERTEX_POINT ( 'NONE', #2286 ) ;
#317 = CARTESIAN_POINT ( 'NONE',  ( -6.000000000000000000, -1.170962552391947797, -2.650045345896302251 ) ) ;
#318 = CARTESIAN_POINT ( 'NONE',  ( -6.000000000000000000, -1.170962552391947131, 2.650045345896304028 ) ) ;
#319 = CARTESIAN_POINT ( 'NONE',  ( -8.735932130895626813, 0.6203677554525900417, -1.699999999999999734 ) ) ;
#320 = EDGE_CURVE ( 'NONE', #14, #1032, #1267, .T. ) ;
#321 = ORIENTED_EDGE ( 'NONE', *, *, #1350, .T. ) ;
#322 = FACE_OUTER_BOUND ( 'NONE', #635, .T. ) ;
#323 = DIRECTION ( 'NONE',  ( 1.000000000000000000, -0.000000000000000000, -0.000000000000000000 ) ) ;
#324 = CARTESIAN_POINT ( 'NONE',  ( -8.534218189476241889, -0.1548553832305235023, 0.4000000000000000222 ) ) ;
#325 = EDGE_CURVE ( 'NONE', #2030, #587, #780, .T. ) ;
#326 = DIRECTION ( 'NONE',  ( 0.000000000000000000, -1.398970545142586541E-16, -1.000000000000000000 ) ) ;
#327 = EDGE_LOOP ( 'NONE', ( #1150, #1620, #1700, #2201 ) ) ;
#328 = CARTESIAN_POINT ( 'NONE',  ( -11.77969232593829751, -2.051392651257140987, 0.4000000000000000222 ) ) ;
#329 = CARTESIAN_POINT ( 'NONE',  ( -11.77969232593829751, -2.051392651257140987, 0.4000000000000000222 ) ) ;
#330 = CIRCLE ( 'NONE', #2460, 0.04999999999999991257 ) ;
#331 = DIRECTION ( 'NONE',  ( 1.000000000000000000, -0.000000000000000000, -0.000000000000000000 ) ) ;
#332 = CARTESIAN_POINT ( 'NONE',  ( -5.894588379671017009, 0.7999999999999987121, -1.699999999999999734 ) ) ;
#333 = VERTEX_POINT ( 'NONE', #643 ) ;
#334 = SURFACE_STYLE_USAGE ( .BOTH. , #160 ) ;
#335 = LINE ( 'NONE', #2164, #1836 ) ;
#336 = AXIS2_PLACEMENT_3D ( 'NONE', #2155, #326, #2182 ) ;
#337 = CIRCLE ( 'NONE', #1236, 0.3999999999999999667 ) ;
#338 = CARTESIAN_POINT ( 'NONE',  ( -1.757835351867656382, -0.8000000000000005995, 0.4000000000000000222 ) ) ;
#339 = PRESENTATION_LAYER_ASSIGNMENT (  '', '', ( #1625 ) ) ;
#340 = EDGE_CURVE ( 'NONE', #1032, #2197, #1854, .T. ) ;
#341 = CARTESIAN_POINT ( 'NONE',  ( -1.757835351867656826, -6.036287450909245401E-16, 1.699999999999999956 ) ) ;
#342 = ORIENTED_EDGE ( 'NONE', *, *, #1322, .F. ) ;
#343 = DIRECTION ( 'NONE',  ( 0.000000000000000000, -1.097926250618232396E-16, -1.000000000000000000 ) ) ;
#344 = VERTEX_POINT ( 'NONE', #70 ) ;
#345 = DIRECTION ( 'NONE',  ( 0.000000000000000000, 1.723199799951891182E-16, 1.000000000000000000 ) ) ;
#346 = CARTESIAN_POINT ( 'NONE',  ( -11.32083117685746032, -2.706714286688333360, -1.699999999999999734 ) ) ;
#347 = ORIENTED_EDGE ( 'NONE', *, *, #1640, .T. ) ;
#348 = FILL_AREA_STYLE ('',( #762 ) ) ;
#349 = CARTESIAN_POINT ( 'NONE',  ( -7.528033142468717465, -1.272633994307954335E-05, 0.4000000000000000222 ) ) ;
#350 = VECTOR ( 'NONE', #278, 1000.000000000000000 ) ;
#351 = DIRECTION ( 'NONE',  ( 0.000000000000000000, 1.000000000000000000, -3.446399599903781379E-16 ) ) ;
#352 = CARTESIAN_POINT ( 'NONE',  ( -5.894588379671017009, -0.8000000000000010436, 0.4000000000000000222 ) ) ;
#353 = ORIENTED_EDGE ( 'NONE', *, *, #1719, .T. ) ;
#354 = EDGE_CURVE ( 'NONE', #560, #933, #2103, .T. ) ;
#355 = PLANE ( 'NONE',  #263 ) ;
#356 = CARTESIAN_POINT ( 'NONE',  ( -9.256797034685009251, -0.4031169393428793435, 0.4000000000000000222 ) ) ;
#357 = VERTEX_POINT ( 'NONE', #891 ) ;
#358 = CARTESIAN_POINT ( 'NONE',  ( -1.000000000000000000, 0.7249999999999999778, 1.975000000000000977 ) ) ;
#359 = CARTESIAN_POINT ( 'NONE',  ( -0.3789176759342969270, -2.168637287699570536E-13, -1.699999999999999956 ) ) ;
#360 = ORIENTED_EDGE ( 'NONE', *, *, #1518, .T. ) ;
#361 = CARTESIAN_POINT ( 'NONE',  ( 1.000000000000000000, 0.2500000000000001665, 0.3354101966249684041 ) ) ;
#362 = CARTESIAN_POINT ( 'NONE',  ( -3.826211865769982623, -8.204691795881260066E-16, 0.4000000000000000222 ) ) ;
#363 = CARTESIAN_POINT ( 'NONE',  ( -5.771788935686915423, -1.420011226914884128, -2.670011226914883462 ) ) ;
#364 = DIRECTION ( 'NONE',  ( 0.000000000000000000, 0.000000000000000000, 1.000000000000000000 ) ) ;
#365 = CARTESIAN_POINT ( 'NONE',  ( -1.000000000000000000, 0.7249999999999999778, 1.975000000000000977 ) ) ;
#366 = ORIENTED_EDGE ( 'NONE', *, *, #2314, .T. ) ;
#367 = APPLICATION_PROTOCOL_DEFINITION ( 'draft international standard', 'automotive_design', 1998, #2530 ) ;
#368 = CARTESIAN_POINT ( 'NONE',  ( -4.515670703736355485, 0.7999999999999990452, 1.699999999999999734 ) ) ;
#369 = ORIENTED_EDGE ( 'NONE', *, *, #295, .T. ) ;
#370 = LINE ( 'NONE', #989, #903 ) ;
#371 = ADVANCED_FACE ( 'NONE', ( #1452 ), #2457, .F. ) ;
#372 = CARTESIAN_POINT ( 'NONE',  ( 3.000000000000000444, -0.7999999999999999334, -0.9000000000000000222 ) ) ;
#373 = VECTOR ( 'NONE', #1624, 1000.000000000000000 ) ;
#374 = EDGE_LOOP ( 'NONE', ( #2342, #353, #37, #1605 ) ) ;
#375 = CARTESIAN_POINT ( 'NONE',  ( 1.000000000000000000, 0.2500000000000001665, 0.3354101966249684041 ) ) ;
#376 = CARTESIAN_POINT ( 'NONE',  ( -7.782448939017433176, -0.01946246647860479934, 0.4000000000000000222 ) ) ;
#377 = CARTESIAN_POINT ( 'NONE',  ( 1.000000000000000000, 0.2999999999999999889, -0.9645898033750235356 ) ) ;
#378 = CARTESIAN_POINT ( 'NONE',  ( -6.000000000000000000, 0.2499999999999999445, -0.9645898033750235356 ) ) ;
#379 = VECTOR ( 'NONE', #1851, 1000.000000000000000 ) ;
#380 = ORIENTED_EDGE ( 'NONE', *, *, #960, .F. ) ;
#381 = AXIS2_PLACEMENT_3D ( 'NONE', #1335, #986, #754 ) ;
#382 = CARTESIAN_POINT ( 'NONE',  ( -11.96550279358799251, -1.204878870374354038, 0.9000000000000002442 ) ) ;
#383 = EDGE_LOOP ( 'NONE', ( #453, #1617, #2054, #1201 ) ) ;
#384 = FACE_OUTER_BOUND ( 'NONE', #880, .T. ) ;
#385 = CARTESIAN_POINT ( 'NONE',  ( -5.549858960687534370, -0.8000000000000009326, -1.699999999999999734 ) ) ;
#386 = CARTESIAN_POINT ( 'NONE',  ( 1.666666666666723362, 1.048710006055874721E-13, 1.699999999999999956 ) ) ;
#387 = FACE_OUTER_BOUND ( 'NONE', #208, .T. ) ;
#388 = EDGE_CURVE ( 'NONE', #25, #1497, #2485, .T. ) ;
#389 = CARTESIAN_POINT ( 'NONE',  ( 3.000000000000000000, 0.000000000000000000, 0.000000000000000000 ) ) ;
#390 = CYLINDRICAL_SURFACE ( 'NONE', #1128, 0.2500000000000000000 ) ;
#391 = DIRECTION ( 'NONE',  ( -1.000000000000000000, 0.000000000000000000, 0.000000000000000000 ) ) ;
#392 = CARTESIAN_POINT ( 'NONE',  ( -8.447480511018147453, 0.6876135490861997601, 0.4000000000000000222 ) ) ;
#393 = DIRECTION ( 'NONE',  ( 0.000000000000000000, 0.000000000000000000, 1.000000000000000000 ) ) ;
#394 = ORIENTED_EDGE ( 'NONE', *, *, #106, .F. ) ;
#395 = CARTESIAN_POINT ( 'NONE',  ( -6.584047217637897020, 0.7999999999999987121, 0.9000000000000002442 ) ) ;
#396 = ORIENTED_EDGE ( 'NONE', *, *, #250, .F. ) ;
#397 = DIRECTION ( 'NONE',  ( 0.000000000000000000, 0.000000000000000000, -1.000000000000000000 ) ) ;
#398 = CARTESIAN_POINT ( 'NONE',  ( -4.515670703736355485, -0.8000000000000007105, -0.9000000000000000222 ) ) ;
#399 = ORIENTED_EDGE ( 'NONE', *, *, #1155, .T. ) ;
#400 = CARTESIAN_POINT ( 'NONE',  ( -1.000000000000000000, -0.7250000000000005329, -1.974999999999999867 ) ) ;
#401 = CARTESIAN_POINT ( 'NONE',  ( -2.000000000000000000, -1.750000000000000222, -2.999999999999999112 ) ) ;
#402 = EDGE_CURVE ( 'NONE', #283, #14, #1726, .T. ) ;
#403 = DIRECTION ( 'NONE',  ( 0.000000000000000000, 0.000000000000000000, 1.000000000000000000 ) ) ;
#404 = DIRECTION ( 'NONE',  ( -1.000000000000000000, 0.000000000000000000, 0.000000000000000000 ) ) ;
#405 = CARTESIAN_POINT ( 'NONE',  ( -10.74770223941997926, -0.3521539415067700407, 0.4000000000000000222 ) ) ;
#406 = EDGE_CURVE ( 'NONE', #744, #1763, #2359, .T. ) ;
#407 = PLANE ( 'NONE',  #465 ) ;
#408 = CARTESIAN_POINT ( 'NONE',  ( -8.447480511018147453, 0.6876135490861997601, 0.4000000000000000222 ) ) ;
#409 = EDGE_LOOP ( 'NONE', ( #632, #1323, #1145, #2406, #1431, #2487, #897, #369, #988, #100 ) ) ;
#410 = MANIFOLD_SOLID_BREP ( 'LPattern1[1]', #1668 ) ;
#411 = CARTESIAN_POINT ( 'NONE',  ( -6.928776636621624796, -1.096743959367867441E-15, 0.9000000000000000222 ) ) ;
#412 = VERTEX_POINT ( 'NONE', #1153 ) ;
#413 = LINE ( 'NONE', #194, #2379 ) ;
#414 = CARTESIAN_POINT ( 'NONE',  ( -7.101141410933709430, 8.618222479898967754E-06, -0.9000000000000000222 ) ) ;
#415 = VERTEX_POINT ( 'NONE', #485 ) ;
#416 = CARTESIAN_POINT ( 'NONE',  ( -2.000000000000000000, -1.749999999999999556, 3.000000000000000888 ) ) ;
#417 = CARTESIAN_POINT ( 'NONE',  ( 1.000000000000000000, 0.2499999999999999445, -0.9645898033750235356 ) ) ;
#418 = CARTESIAN_POINT ( 'NONE',  ( -6.928776636621624796, -1.145729831333761461E-15, -0.9000000000000000222 ) ) ;
#419 = CARTESIAN_POINT ( 'NONE',  ( -2.115596801473091038, 1.739886590331247707, -2.989886590331247262 ) ) ;
#420 = CARTESIAN_POINT ( 'NONE',  ( -7.528033142468717465, -1.272633994302595835E-05, -0.4000000000000000222 ) ) ;
#421 = CARTESIAN_POINT ( 'NONE',  ( -6.000000000000000000, -1.170962552391947131, 2.650045345896304028 ) ) ;
#422 = CARTESIAN_POINT ( 'NONE',  ( -7.528033142468717465, -1.272633994307954335E-05, 0.4000000000000000222 ) ) ;
#423 = EDGE_LOOP ( 'NONE', ( #2191 ) ) ;
#424 = VECTOR ( 'NONE', #1938, 1000.000000000000000 ) ;
#425 = EDGE_CURVE ( 'NONE', #1957, #527, #1803, .T. ) ;
#426 = CIRCLE ( 'NONE', #1071, 0.2500000000000000000 ) ;
#427 = CARTESIAN_POINT ( 'NONE',  ( -6.928776636621623908, 0.7999999999999987121, 0.9000000000000002442 ) ) ;
#428 = CIRCLE ( 'NONE', #300, 0.2500000000000000000 ) ;
#429 = EDGE_LOOP ( 'NONE', ( #820 ) ) ;
#430 = CARTESIAN_POINT ( 'NONE',  ( -7.782448939017433176, -0.01946246647860479934, -0.9000000000000000222 ) ) ;
#431 = CARTESIAN_POINT ( 'NONE',  ( -10.82401494093445393, -1.382220142180871969, 1.699999999999999956 ) ) ;
#432 = PLANE ( 'NONE',  #1529 ) ;
#433 = DIRECTION ( 'NONE',  ( 0.000000000000000000, 0.000000000000000000, -1.000000000000000000 ) ) ;
#434 = CARTESIAN_POINT ( 'NONE',  ( -2.000000000000000000, 0.000000000000000000, 0.000000000000000000 ) ) ;
#435 = CARTESIAN_POINT ( 'NONE',  ( -7.782448939017433176, -0.01946246647860474382, -0.4000000000000000222 ) ) ;
#436 = DIRECTION ( 'NONE',  ( 0.9924325091389669673, -0.08682659386424780579, -0.08682659386424779191 ) ) ;
#437 = CARTESIAN_POINT ( 'NONE',  ( -10.87330006787080094, -0.4401102885742298465, -0.3999999999999998557 ) ) ;
#438 = VERTEX_POINT ( 'NONE', #1963 ) ;
#439 = CARTESIAN_POINT ( 'NONE',  ( -4.515670703736355485, -0.8000000000000007105, 1.699999999999999734 ) ) ;
#440 = EDGE_CURVE ( 'NONE', #2595, #1298, #105, .T. ) ;
#441 = VERTEX_POINT ( 'NONE', #739 ) ;
#442 = PLANE ( 'NONE',  #1649 ) ;
#443 = CARTESIAN_POINT ( 'NONE',  ( -3.826211865769982623, -8.204691795881260066E-16, 1.699999999999999956 ) ) ;
#444 = CARTESIAN_POINT ( 'NONE',  ( -5.771788935686913646, 1.420011226914883684, -2.670011226914883018 ) ) ;
#445 = DIRECTION ( 'NONE',  ( -0.000000000000000000, 1.748713181428233054E-16, 1.000000000000000000 ) ) ;
#446 = DIRECTION ( 'NONE',  ( 0.000000000000000000, 0.000000000000000000, 1.000000000000000000 ) ) ;
#447 = CARTESIAN_POINT ( 'NONE',  ( 1.666666666666723362, 1.049199864775533939E-13, -0.4000000000000000222 ) ) ;
#448 = CARTESIAN_POINT ( 'NONE',  ( -1.000000000000000000, -1.000000000000000666, -3.099999999999998757 ) ) ;
#449 = CARTESIAN_POINT ( 'NONE',  ( -4.515670703736355485, -8.437634524545600320E-16, -0.4000000000000000222 ) ) ;
#450 = AXIS2_PLACEMENT_3D ( 'NONE', #2612, #1598, #551 ) ;
#451 = ORIENTED_EDGE ( 'NONE', *, *, #1847, .T. ) ;
#452 = CARTESIAN_POINT ( 'NONE',  ( -9.713323421820810211, -0.6282648523835685506, 0.9000000000000000222 ) ) ;
#453 = ORIENTED_EDGE ( 'NONE', *, *, #1188, .T. ) ;
#454 = CARTESIAN_POINT ( 'NONE',  ( -2.000000000000000000, -1.477172874732682217, -2.999999999999999112 ) ) ;
#455 = DIRECTION ( 'NONE',  ( -0.8191520442889907994, -0.5735764363510474917, 0.000000000000000000 ) ) ;
#456 = CARTESIAN_POINT ( 'NONE',  ( 0.7500000000000000000, 1.000000000000000222, -3.000000000000000000 ) ) ;
#457 = EDGE_CURVE ( 'NONE', #1374, #1006, #715, .T. ) ;
#458 = CARTESIAN_POINT ( 'NONE',  ( -8.534218189476241889, -0.1548553832305235023, -0.9000000000000000222 ) ) ;
#459 = CARTESIAN_POINT ( 'NONE',  ( -7.507670983177139767, -0.8000106901255261693, -0.4000000000000001332 ) ) ;
#460 = DIRECTION ( 'NONE',  ( 0.000000000000000000, -1.000000000000000000, 0.000000000000000000 ) ) ;
#461 = CARTESIAN_POINT ( 'NONE',  ( -9.019851916776666201, -0.3079751092872122786, -0.4000000000000000222 ) ) ;
#462 = ORIENTED_EDGE ( 'NONE', *, *, #799, .T. ) ;
#463 = CARTESIAN_POINT ( 'NONE',  ( -10.68748960021965999, -1.286624069455715613, 0.9000000000000000222 ) ) ;
#464 = EDGE_LOOP ( 'NONE', ( #155 ) ) ;
#465 = AXIS2_PLACEMENT_3D ( 'NONE', #582, #1982, #164 ) ;
#466 = VECTOR ( 'NONE', #1523, 1000.000000000000114 ) ;
#467 = DIRECTION ( 'NONE',  ( -0.8191520442889907994, -0.5735764363510474917, 0.000000000000000000 ) ) ;
#468 = DIRECTION ( 'NONE',  ( 0.000000000000000000, 0.000000000000000000, 1.000000000000000000 ) ) ;
#469 = CIRCLE ( 'NONE', #691, 0.05000000000000012768 ) ;
#470 = CARTESIAN_POINT ( 'NONE',  ( -6.000000000000000000, -0.2500000000000000555, 0.9645898033750316403 ) ) ;
#471 = CARTESIAN_POINT ( 'NONE',  ( 1.000000000000000000, 0.2666666666666665519, 1.001857603000027908 ) ) ;
#472 = ADVANCED_FACE ( 'NONE', ( #1354, #510 ), #1306, .F. ) ;
#473 = CARTESIAN_POINT ( 'NONE',  ( -8.740436578989211114, -1.058699091801260650, -0.4000000000000001332 ) ) ;
#474 = CARTESIAN_POINT ( 'NONE',  ( 0.7500000000000000000, -0.7499999999999997780, 2.999999999999999556 ) ) ;
#475 = CARTESIAN_POINT ( 'NONE',  ( -10.41443891878996197, -1.095431924005422886, -0.4000000000000000222 ) ) ;
#476 = VERTEX_POINT ( 'NONE', #1104 ) ;
#477 = CARTESIAN_POINT ( 'NONE',  ( -8.123625488835381603, -0.8813832920409744309, 0.8999999999999999112 ) ) ;
#478 = VERTEX_POINT ( 'NONE', #1914 ) ;
#479 = FACE_OUTER_BOUND ( 'NONE', #2288, .T. ) ;
#480 = DIRECTION ( 'NONE',  ( -1.000000000000000000, 0.000000000000000000, 0.000000000000000000 ) ) ;
#481 = FACE_OUTER_BOUND ( 'NONE', #789, .T. ) ;
#482 = CARTESIAN_POINT ( 'NONE',  ( -10.74770223941997926, -0.3521539415067700407, -1.699999999999999734 ) ) ;
#483 = CARTESIAN_POINT ( 'NONE',  ( -5.549858960687534370, -0.8000000000000009326, -0.4000000000000001332 ) ) ;
#484 = EDGE_CURVE ( 'NONE', #744, #415, #96, .T. ) ;
#485 = CARTESIAN_POINT ( 'NONE',  ( -2.000000000000000000, -1.250000000000000666, -2.999999999999998668 ) ) ;
#486 = CARTESIAN_POINT ( 'NONE',  ( -7.114930577321783467, -0.7999927606931349633, -0.4000000000000001332 ) ) ;
#487 = ORIENTED_EDGE ( 'NONE', *, *, #1828, .F. ) ;
#488 = PRESENTATION_LAYER_ASSIGNMENT (  '', '', ( #1647 ) ) ;
#489 = EDGE_CURVE ( 'NONE', #1346, #1346, #1240, .T. ) ;
#490 = CARTESIAN_POINT ( 'NONE',  ( -10.22862845113882280, -1.941945704886907986, 0.8999999999999999112 ) ) ;
#491 = VECTOR ( 'NONE', #865, 1000.000000000000000 ) ;
#492 = ORIENTED_EDGE ( 'NONE', *, *, #1640, .F. ) ;
#493 = DIRECTION ( 'NONE',  ( -0.000000000000000000, 1.748713181428233054E-16, 1.000000000000000000 ) ) ;
#494 = FACE_OUTER_BOUND ( 'NONE', #2011, .T. ) ;
#495 = CARTESIAN_POINT ( 'NONE',  ( 0.000000000000000000, -0.7499999999999997780, -3.000000000000000444 ) ) ;
#496 = CARTESIAN_POINT ( 'NONE',  ( -9.574123591337761141, 0.3323843503622573303, -0.9000000000000000222 ) ) ;
#497 = CARTESIAN_POINT ( 'NONE',  ( 2.333333333334111970, -0.7999999999999999334, 0.4000000000000000222 ) ) ;
#498 = CARTESIAN_POINT ( 'NONE',  ( -9.490704277553565049, -1.425258686149182497, 0.4000000000000000222 ) ) ;
#499 = CARTESIAN_POINT ( 'NONE',  ( -7.782448939017433176, -0.01946246647860479934, 1.699999999999999956 ) ) ;
#500 = ORIENTED_EDGE ( 'NONE', *, *, #1241, .T. ) ;
#501 = EDGE_CURVE ( 'NONE', #2571, #216, #1124, .T. ) ;
#502 = CARTESIAN_POINT ( 'NONE',  ( -2.000000000000000000, 1.250000000000000444, 3.100000000000000977 ) ) ;
#503 = CYLINDRICAL_SURFACE ( 'NONE', #2131, 0.2500000000000000000 ) ;
#504 = VECTOR ( 'NONE', #1543, 1000.000000000000000 ) ;
#505 = CIRCLE ( 'NONE', #2171, 0.2500000000000000000 ) ;
#506 = CARTESIAN_POINT ( 'NONE',  ( 1.666666666666723806, 0.8000000000001048495, -0.9000000000000000222 ) ) ;
#507 = AXIS2_PLACEMENT_3D ( 'NONE', #1662, #1199, #1227 ) ;
#508 =( NAMED_UNIT ( * ) SI_UNIT ( $, .STERADIAN. ) SOLID_ANGLE_UNIT ( ) );
#509 = CARTESIAN_POINT ( 'NONE',  ( -11.77969232593829751, -2.051392651257140987, -0.4000000000000000222 ) ) ;
#510 = FACE_BOUND ( 'NONE', #2013, .T. ) ;
#511 = CARTESIAN_POINT ( 'NONE',  ( -8.939470478032253808, -1.138618229048015351, 0.4000000000000000222 ) ) ;
#512 = CARTESIAN_POINT ( 'NONE',  ( -11.04778049542631635, -2.515522141236739895, 1.699999999999999734 ) ) ;
#513 = ORIENTED_EDGE ( 'NONE', *, *, #1844, .F. ) ;
#514 = DIRECTION ( 'NONE',  ( 0.000000000000000000, -0.000000000000000000, -1.000000000000000000 ) ) ;
#515 = EDGE_CURVE ( 'NONE', #2197, #846, #2546, .T. ) ;
#516 = CARTESIAN_POINT ( 'NONE',  ( -6.000000000000000000, 0.2500000000000001665, 0.3354101966249684041 ) ) ;
#517 = VECTOR ( 'NONE', #1330, 1000.000000000000000 ) ;
#518 = DIRECTION ( 'NONE',  ( 0.000000000000000000, 0.000000000000000000, 1.000000000000000000 ) ) ;
#519 = EDGE_CURVE ( 'NONE', #1763, #1000, #2348, .T. ) ;
#520 = CARTESIAN_POINT ( 'NONE',  ( -10.74770223941997926, -0.3521539415067700407, -0.9000000000000000222 ) ) ;
#521 = SURFACE_STYLE_FILL_AREA ( #1976 ) ;
#522 = CARTESIAN_POINT ( 'NONE',  ( -7.101141410933709430, 8.618222479898967754E-06, 0.4000000000000000222 ) ) ;
#523 = COLOUR_RGB ( '',0.7921568627450980005, 0.8196078431372548767, 0.9333333333333333481 ) ;
#524 = CARTESIAN_POINT ( 'NONE',  ( -2.000000000000000000, 1.249999999999999556, -3.099999999999999201 ) ) ;
#525 = CARTESIAN_POINT ( 'NONE',  ( -7.782448939017433176, -0.01946246647860479934, 0.4000000000000000222 ) ) ;
#526 = CARTESIAN_POINT ( 'NONE',  ( 1.666666666666723362, 1.048710006055874721E-13, 1.699999999999999956 ) ) ;
#527 = VERTEX_POINT ( 'NONE', #1341 ) ;
#528 = FACE_OUTER_BOUND ( 'NONE', #1244, .T. ) ;
#529 = CARTESIAN_POINT ( 'NONE',  ( -8.285552999926764528, -0.09688487147738744643, 0.4000000000000000222 ) ) ;
#530 = DIRECTION ( 'NONE',  ( 0.000000000000000000, 1.000000000000000000, 0.000000000000000000 ) ) ;
#531 = CARTESIAN_POINT ( 'NONE',  ( -1.757835351867656382, 0.7999999999999992673, -0.9000000000000000222 ) ) ;
#532 = EDGE_LOOP ( 'NONE', ( #798, #1214, #557, #1468 ) ) ;
#533 = PRESENTATION_STYLE_ASSIGNMENT (( #334 ) ) ;
#534 = EDGE_CURVE ( 'NONE', #1134, #2504, #2152, .T. ) ;
#535 = VECTOR ( 'NONE', #1432, 1000.000000000000000 ) ;
#536 = CARTESIAN_POINT ( 'NONE',  ( -6.000000000000000000, 0.2499999999999999445, 0.9645898033750313072 ) ) ;
#537 = CARTESIAN_POINT ( 'NONE',  ( -6.000000000000000000, 0.2999999999999999889, -0.9645898033750235356 ) ) ;
#538 = CARTESIAN_POINT ( 'NONE',  ( -7.101141410933709430, 8.618222479898967754E-06, 0.4000000000000000222 ) ) ;
#539 = CARTESIAN_POINT ( 'NONE',  ( -1.757835351867656382, 0.7999999999999992673, 0.4000000000000000222 ) ) ;
#540 = CARTESIAN_POINT ( 'NONE',  ( -7.528033142468717465, -1.272633994307954335E-05, 1.699999999999999956 ) ) ;
#541 = ORIENTED_EDGE ( 'NONE', *, *, #822, .F. ) ;
#542 = AXIS2_PLACEMENT_3D ( 'NONE', #567, #1780, #1409 ) ;
#543 = CARTESIAN_POINT ( 'NONE',  ( -3.826211865769982623, 0.7999999999999990452, -0.3999999999999998557 ) ) ;
#544 = ORIENTED_EDGE ( 'NONE', *, *, #340, .F. ) ;
#545 = LINE ( 'NONE', #2365, #1579 ) ;
#546 = CARTESIAN_POINT ( 'NONE',  ( -9.490704277553565049, -1.425258686149182497, -1.699999999999999734 ) ) ;
#547 = EDGE_LOOP ( 'NONE', ( #2517, #615, #645, #2216 ) ) ;
#548 = SURFACE_STYLE_FILL_AREA ( #348 ) ;
#549 = CARTESIAN_POINT ( 'NONE',  ( 1.000000000000000000, 0.000000000000000000, 0.000000000000000000 ) ) ;
#550 = EDGE_CURVE ( 'NONE', #1298, #2305, #2332, .T. ) ;
#551 = DIRECTION ( 'NONE',  ( 0.9961946980917455452, -0.08715574274765836016, 0.000000000000000000 ) ) ;
#552 = VECTOR ( 'NONE', #2323, 1000.000000000000000 ) ;
#553 = CARTESIAN_POINT ( 'NONE',  ( 3.000000000000000000, 0.000000000000000000, 0.4000000000000000222 ) ) ;
#554 = CARTESIAN_POINT ( 'NONE',  ( -5.894588379671017009, 0.7999999999999987121, 0.4000000000000000222 ) ) ;
#555 = AXIS2_PLACEMENT_3D ( 'NONE', #959, #1775, #40 ) ;
#556 = FACE_OUTER_BOUND ( 'NONE', #196, .T. ) ;
#557 = ORIENTED_EDGE ( 'NONE', *, *, #1655, .F. ) ;
#558 = SHAPE_DEFINITION_REPRESENTATION ( #1143, #866 ) ;
#559 = CARTESIAN_POINT ( 'NONE',  ( -10.37506483104643529, -0.09126024169949303877, 0.4000000000000000222 ) ) ;
#560 = VERTEX_POINT ( 'NONE', #810 ) ;
#561 = CYLINDRICAL_SURFACE ( 'NONE', #1366, 0.05000000000000002359 ) ;
#562 = CARTESIAN_POINT ( 'NONE',  ( -12.23855347501913471, -1.396071015825947725, -1.699999999999999734 ) ) ;
#563 = ORIENTED_EDGE ( 'NONE', *, *, #1616, .F. ) ;
#564 =( NAMED_UNIT ( * ) PLANE_ANGLE_UNIT ( ) SI_UNIT ( $, .RADIAN. ) );
#565 = CARTESIAN_POINT ( 'NONE',  ( -1.000000000000000000, -0.7249999999999999778, 1.975000000000000977 ) ) ;
#566 = VECTOR ( 'NONE', #2303, 1000.000000000000000 ) ;
#567 = CARTESIAN_POINT ( 'NONE',  ( -2.000000000000000000, 0.000000000000000000, 0.000000000000000000 ) ) ;
#568 = CARTESIAN_POINT ( 'NONE',  ( -5.750000000000000000, 1.170962552391947797, -1.269560143202521153E-16 ) ) ;
#569 = ORIENTED_EDGE ( 'NONE', *, *, #2134, .T. ) ;
#570 = DIRECTION ( 'NONE',  ( -1.000000000000000000, -0.000000000000000000, -0.000000000000000000 ) ) ;
#571 = ADVANCED_FACE ( 'NONE', ( #1611 ), #1978, .T. ) ;
#572 = CARTESIAN_POINT ( 'NONE',  ( 1.666666666666723806, 0.8000000000001048495, 0.9000000000000002442 ) ) ;
#573 = ORIENTED_EDGE ( 'NONE', *, *, #2249, .F. ) ;
#574 = LINE ( 'NONE', #1606, #816 ) ;
#575 = CARTESIAN_POINT ( 'NONE',  ( 3.000000000000000444, -0.7999999999999999334, -1.699999999999999734 ) ) ;
#576 = CARTESIAN_POINT ( 'NONE',  ( -2.115596801473091482, -1.739886590331247262, 2.989886590331249039 ) ) ;
#577 = CARTESIAN_POINT ( 'NONE',  ( -2.000000000000000000, 1.750000000000000444, 3.000000000000000888 ) ) ;
#578 = CARTESIAN_POINT ( 'NONE',  ( -2.271788935686914979, 1.726221549255618770, 3.000000000000000888 ) ) ;
#579 = DIRECTION ( 'NONE',  ( 0.000000000000000000, 0.000000000000000000, 1.000000000000000000 ) ) ;
#580 = CARTESIAN_POINT ( 'NONE',  ( 1.000000000000000000, -9.077851480992148301E-15, -1.300000000000000044 ) ) ;
#581 = CARTESIAN_POINT ( 'NONE',  ( -11.50664164450715354, -1.860200505805547300, 0.4000000000000000222 ) ) ;
#582 = CARTESIAN_POINT ( 'NONE',  ( 1.000000000000000000, -0.2500000000000001665, -0.9645898033750234246 ) ) ;
#583 = ORIENTED_EDGE ( 'NONE', *, *, #1084, .F. ) ;
#584 = AXIS2_PLACEMENT_3D ( 'NONE', #2247, #2207, #1411 ) ;
#585 = CARTESIAN_POINT ( 'NONE',  ( -10.74770223941997926, -0.3521539415067700407, 1.699999999999999734 ) ) ;
#586 = EDGE_CURVE ( 'NONE', #2305, #1497, #2291, .T. ) ;
#587 = VERTEX_POINT ( 'NONE', #2194 ) ;
#588 = DIRECTION ( 'NONE',  ( -0.000000000000000000, 1.000000000000000000, 2.168404344971008868E-16 ) ) ;
#589 = CARTESIAN_POINT ( 'NONE',  ( -4.515670703736355485, -0.8000000000000007105, -1.699999999999999734 ) ) ;
#590 = ORIENTED_EDGE ( 'NONE', *, *, #1065, .F. ) ;
#591 = LINE ( 'NONE', #416, #1219 ) ;
#592 = DIRECTION ( 'NONE',  ( -1.000000000000000000, 0.000000000000000000, 0.000000000000000000 ) ) ;
#593 = CARTESIAN_POINT ( 'NONE',  ( -6.000000000000000000, -1.170962552391947797, -2.650045345896302251 ) ) ;
#594 = DIRECTION ( 'NONE',  ( -1.000000000000000000, 0.000000000000000000, 0.000000000000000000 ) ) ;
#595 = CARTESIAN_POINT ( 'NONE',  ( -10.87330006787080094, -0.4401102885742299575, 0.4000000000000000222 ) ) ;
#596 = VECTOR ( 'NONE', #1113, 1000.000000000000000 ) ;
#597 = CYLINDRICAL_SURFACE ( 'NONE', #131, 0.3999999999999999667 ) ;
#598 = ORIENTED_EDGE ( 'NONE', *, *, #898, .F. ) ;
#599 = AXIS2_PLACEMENT_3D ( 'NONE', #703, #1973, #2136 ) ;
#600 = CARTESIAN_POINT ( 'NONE',  ( -11.28287609001529113, -0.7268985067496787078, 1.699999999999999734 ) ) ;
#601 = ORIENTED_EDGE ( 'NONE', *, *, #2489, .F. ) ;
#602 = CARTESIAN_POINT ( 'NONE',  ( 1.000000000000000000, 0.2666666666666668295, 0.2981423969999718593 ) ) ;
#603 = EDGE_CURVE ( 'NONE', #177, #333, #330, .T. ) ;
#604 = CARTESIAN_POINT ( 'NONE',  ( -8.123625488835381603, -0.8813832920409744309, -1.699999999999999734 ) ) ;
#605 = ORIENTED_EDGE ( 'NONE', *, *, #2041, .T. ) ;
#606 = DIRECTION ( 'NONE',  ( -0.08715574274765836016, 0.000000000000000000, 0.9961946980917455452 ) ) ;
#607 = CARTESIAN_POINT ( 'NONE',  ( 1.000000000000000000, -0.2666666666666667185, 0.2981423969999719148 ) ) ;
#608 = EDGE_CURVE ( 'NONE', #316, #2571, #819, .T. ) ;
#609 = CARTESIAN_POINT ( 'NONE',  ( -1.000000000000000000, -1.249999999999999556, 3.100000000000000977 ) ) ;
#610 = CARTESIAN_POINT ( 'NONE',  ( -6.000000000000000000, 0.2666666666666637764, -1.001857603000025465 ) ) ;
#611 = CARTESIAN_POINT ( 'NONE',  ( -1.757835351867656382, 0.7999999999999992673, -0.3999999999999998557 ) ) ;
#612 = COLOUR_RGB ( '',0.7921568627450980005, 0.8196078431372548767, 0.9333333333333333481 ) ;
#613 = CARTESIAN_POINT ( 'NONE',  ( 0.2500000000000000000, -0.7499999999999997780, 2.999999999999999556 ) ) ;
#614 = CARTESIAN_POINT ( 'NONE',  ( -9.299267254564117735, 0.4427488732268364813, 0.4000000000000000222 ) ) ;
#615 = ORIENTED_EDGE ( 'NONE', *, *, #2018, .F. ) ;
#616 = CIRCLE ( 'NONE', #783, 0.3999999999999999667 ) ;
#617 = CARTESIAN_POINT ( 'NONE',  ( -5.549858960687534370, 0.7999999999999989342, 1.699999999999999734 ) ) ;
#618 = PRESENTATION_LAYER_ASSIGNMENT (  '', '', ( #663 ) ) ;
#619 = ORIENTED_EDGE ( 'NONE', *, *, #1338, .T. ) ;
#620 = DIRECTION ( 'NONE',  ( 0.000000000000000000, -1.000000000000000000, 1.084202172485504434E-16 ) ) ;
#621 = CARTESIAN_POINT ( 'NONE',  ( -3.826211865769982623, -8.204691795881260066E-16, -0.9000000000000000222 ) ) ;
#622 = ORIENTED_EDGE ( 'NONE', *, *, #1988, .T. ) ;
#623 = LINE ( 'NONE', #2244, #981 ) ;
#624 = DIRECTION ( 'NONE',  ( 0.000000000000000000, 0.000000000000000000, -1.000000000000000000 ) ) ;
#625 = CIRCLE ( 'NONE', #158, 0.3999999999999999667 ) ;
#626 = CARTESIAN_POINT ( 'NONE',  ( -6.000000000000000000, 0.000000000000000000, 0.000000000000000000 ) ) ;
#627 = CARTESIAN_POINT ( 'NONE',  ( -10.41443891878996197, -1.095431924005422886, 0.4000000000000000222 ) ) ;
#628 = EDGE_CURVE ( 'NONE', #1426, #2030, #186, .T. ) ;
#629 = CARTESIAN_POINT ( 'NONE',  ( -0.3789176759342969270, -2.168637287699570536E-13, -0.4000000000000000222 ) ) ;
#630 = DIRECTION ( 'NONE',  ( 0.000000000000000000, -0.000000000000000000, 1.000000000000000000 ) ) ;
#631 = CARTESIAN_POINT ( 'NONE',  ( 2.333333333334111970, 0.7999999999999999334, 0.4000000000000000222 ) ) ;
#632 = ORIENTED_EDGE ( 'NONE', *, *, #2006, .F. ) ;
#633 = CARTESIAN_POINT ( 'NONE',  ( -1.757835351867656382, 0.7999999999999992673, 0.9000000000000002442 ) ) ;
#634 =( BOUNDED_CURVE ( )  B_SPLINE_CURVE ( 3, ( #2565, #138, #1785, #2145 ),
 .UNSPECIFIED., .F., .T. ) 
 B_SPLINE_CURVE_WITH_KNOTS ( ( 4, 4 ),
 ( 4.799655442984406939, 6.283185307179584456 ),
 .UNSPECIFIED. ) 
 CURVE ( )  GEOMETRIC_REPRESENTATION_ITEM ( )  RATIONAL_B_SPLINE_CURVE ( ( 1.000000000000000000, 0.8248515578734162412, 0.8248515578734162412, 1.000000000000000000 ) ) 
 REPRESENTATION_ITEM ( '' )  );
#635 = EDGE_LOOP ( 'NONE', ( #857, #137, #64, #1602, #1480, #1285 ) ) ;
#636 = CARTESIAN_POINT ( 'NONE',  ( -9.808134373638695891, -1.647504036639465319, -0.9000000000000000222 ) ) ;
#637 = CARTESIAN_POINT ( 'NONE',  ( -4.515670703736355485, -8.927493244204541504E-16, 1.699999999999999956 ) ) ;
#638 = CARTESIAN_POINT ( 'NONE',  ( 1.000000000000000000, -0.3000000000000000999, -0.3354101966249684597 ) ) ;
#639 = DIRECTION ( 'NONE',  ( 1.000000000000000000, -0.000000000000000000, -0.000000000000000000 ) ) ;
#640 = CARTESIAN_POINT ( 'NONE',  ( -6.000000000000000000, -1.749999999999999556, 2.650045345896304028 ) ) ;
#641 = CARTESIAN_POINT ( 'NONE',  ( -6.928776636621624796, -1.096743959367867441E-15, -0.4000000000000000222 ) ) ;
#642 = EDGE_CURVE ( 'NONE', #587, #1000, #1583, .T. ) ;
#643 = CARTESIAN_POINT ( 'NONE',  ( 1.000000000000000000, 0.2499999999999999445, 0.9645898033750313072 ) ) ;
#644 = CARTESIAN_POINT ( 'NONE',  ( -11.23359096307900096, -1.669008360356527332, -0.4000000000000000222 ) ) ;
#645 = ORIENTED_EDGE ( 'NONE', *, *, #2524, .F. ) ;
#646 = AXIS2_PLACEMENT_3D ( 'NONE', #2258, #1202, #1249 ) ;
#647 = CARTESIAN_POINT ( 'NONE',  ( -9.932884554299999280, -0.7582594639243382950, 0.9000000000000000222 ) ) ;
#648 = VECTOR ( 'NONE', #77, 1000.000000000000000 ) ;
#649 = ORIENTED_EDGE ( 'NONE', *, *, #534, .F. ) ;
#650 = CARTESIAN_POINT ( 'NONE',  ( -5.771788935686913646, 1.420011226914883684, -2.670011226914883018 ) ) ;
#651 = CARTESIAN_POINT ( 'NONE',  ( -2.271788935686914979, -1.726221549255618548, -2.976221549255618104 ) ) ;
#652 = CARTESIAN_POINT ( 'NONE',  ( -1.757835351867656826, -6.036287450909245401E-16, 1.699999999999999956 ) ) ;
#653 = CARTESIAN_POINT ( 'NONE',  ( -7.782448939017433176, -0.01946246647860479934, 0.4000000000000000222 ) ) ;
#654 = CARTESIAN_POINT ( 'NONE',  ( -2.271788935686914979, 1.726221549255618770, 2.976221549255619436 ) ) ;
#655 = DIRECTION ( 'NONE',  ( -0.000000000000000000, 1.372407813272790279E-16, 1.000000000000000000 ) ) ;
#656 = CARTESIAN_POINT ( 'NONE',  ( -5.549858960687534370, 0.7999999999999989342, -0.3999999999999998557 ) ) ;
#657 = LINE ( 'NONE', #80, #308 ) ;
#658 = CARTESIAN_POINT ( 'NONE',  ( -9.299267254564117735, 0.4427488732268364813, -0.3999999999999998557 ) ) ;
#659 = ORIENTED_EDGE ( 'NONE', *, *, #2344, .F. ) ;
#660 = CARTESIAN_POINT ( 'NONE',  ( -7.507670983177139767, -0.8000106901255261693, 1.699999999999999734 ) ) ;
#661 = ORIENTED_EDGE ( 'NONE', *, *, #1907, .T. ) ;
#662 = EDGE_CURVE ( 'NONE', #882, #946, #2502, .T. ) ;
#663 = STYLED_ITEM ( 'NONE', ( #2192 ), #1299 ) ;
#664 = CARTESIAN_POINT ( 'NONE',  ( -9.955577769709124780, -1.750753559436615259, -0.9000000000000000222 ) ) ;
#665 = LINE ( 'NONE', #2271, #596 ) ;
#666 = DIRECTION ( 'NONE',  ( 0.000000000000000000, 1.372407813272790279E-16, 1.000000000000000000 ) ) ;
#667 = CARTESIAN_POINT ( 'NONE',  ( -7.528033142468717465, -1.272633994307954335E-05, -0.9000000000000000222 ) ) ;
#668 = CARTESIAN_POINT ( 'NONE',  ( -10.41443891878996197, -1.095431924005422886, -0.4000000000000000222 ) ) ;
#669 = CARTESIAN_POINT ( 'NONE',  ( 1.000000000000000000, -0.2500000000000001665, -0.9645898033750234246 ) ) ;
#670 = CARTESIAN_POINT ( 'NONE',  ( -5.549858960687535259, -9.521836697031182654E-16, -0.4000000000000000222 ) ) ;
#671 = ORIENTED_EDGE ( 'NONE', *, *, #1241, .F. ) ;
#672 = CARTESIAN_POINT ( 'NONE',  ( -7.114930577321783467, -0.7999927606931349633, 1.699999999999999734 ) ) ;
#673 = ORIENTED_EDGE ( 'NONE', *, *, #956, .T. ) ;
#674 = EDGE_CURVE ( 'NONE', #802, #2595, #1422, .T. ) ;
#675 = CARTESIAN_POINT ( 'NONE',  ( -8.534218189476241889, -0.1548553832305235023, -0.9000000000000000222 ) ) ;
#676 = CARTESIAN_POINT ( 'NONE',  ( 0.7500000000000000000, -0.7499999999999997780, -3.000000000000000444 ) ) ;
#677 = PLANE ( 'NONE',  #1234 ) ;
#678 = DIRECTION ( 'NONE',  ( 0.000000000000000000, 1.000000000000000000, -1.748713181428233054E-16 ) ) ;
#679 = CARTESIAN_POINT ( 'NONE',  ( -7.701018077671367479, -0.8163484718420587205, -0.4000000000000001332 ) ) ;
#680 = DIRECTION ( 'NONE',  ( -0.000000000000000000, -0.000000000000000000, 1.000000000000000000 ) ) ;
#681 = CARTESIAN_POINT ( 'NONE',  ( -11.14635074930049896, -0.6313024340245225741, -0.3999999999999998557 ) ) ;
#682 = ORIENTED_EDGE ( 'NONE', *, *, #325, .F. ) ;
#683 = AXIS2_PLACEMENT_3D ( 'NONE', #88, #2097, #1930 ) ;
#684 = CARTESIAN_POINT ( 'NONE',  ( -6.411682508146158810, -0.8000000000000010436, 0.8999999999999999112 ) ) ;
#685 = ORIENTED_EDGE ( 'NONE', *, *, #905, .T. ) ;
#686 = AXIS2_PLACEMENT_3D ( 'NONE', #613, #966, #2010 ) ;
#687 = VECTOR ( 'NONE', #1908, 1000.000000000000000 ) ;
#688 = FACE_OUTER_BOUND ( 'NONE', #1381, .T. ) ;
#689 = DIRECTION ( 'NONE',  ( 0.000000000000000000, 0.000000000000000000, 1.000000000000000000 ) ) ;
#690 = EDGE_CURVE ( 'NONE', #151, #1028, #890, .T. ) ;
#691 = AXIS2_PLACEMENT_3D ( 'NONE', #775, #1958, #2147 ) ;
#692 = DIRECTION ( 'NONE',  ( -0.000000000000000000, -1.734723475976806848E-16, -1.000000000000000000 ) ) ;
#693 = CARTESIAN_POINT ( 'NONE',  ( -10.87330006787080094, -0.4401102885742299575, -0.9000000000000000222 ) ) ;
#694 = EDGE_CURVE ( 'NONE', #1772, #1209, #2220, .T. ) ;
#695 = CARTESIAN_POINT ( 'NONE',  ( -5.549858960687534370, -0.8000000000000009326, 0.4000000000000000222 ) ) ;
#696 = DIRECTION ( 'NONE',  ( -0.000000000000000000, -2.168404344971008868E-16, 1.000000000000000000 ) ) ;
#697 = CARTESIAN_POINT ( 'NONE',  ( 1.666666666666723806, -0.7999999999998950173, -0.4000000000000001332 ) ) ;
#698 = ORIENTED_EDGE ( 'NONE', *, *, #956, .F. ) ;
#699 = CARTESIAN_POINT ( 'NONE',  ( -10.27791830652933669, -0.9998289890731180130, 0.9000000000000000222 ) ) ;
#700 = EDGE_LOOP ( 'NONE', ( #1016, #719, #1441, #1094 ) ) ;
#701 = LINE ( 'NONE', #2321, #894 ) ;
#702 = CARTESIAN_POINT ( 'NONE',  ( -5.771788935686914535, -1.420011226914884128, -2.650045345896302695 ) ) ;
#703 = CARTESIAN_POINT ( 'NONE',  ( -1.000000000000000000, -0.7250000000000005329, -1.974999999999999867 ) ) ;
#704 = CARTESIAN_POINT ( 'NONE',  ( -3.826211865769982623, 0.7999999999999990452, -1.699999999999999734 ) ) ;
#705 = CARTESIAN_POINT ( 'NONE',  ( -10.36515379185361674, -2.037541777612064120, 0.4000000000000000222 ) ) ;
#706 = ADVANCED_FACE ( 'NONE', ( #749 ), #174, .T. ) ;
#707 = CARTESIAN_POINT ( 'NONE',  ( -9.713323421820810211, -0.6282648523835685506, 0.4000000000000000222 ) ) ;
#708 = CARTESIAN_POINT ( 'NONE',  ( -10.77472981399816199, -2.324329995787719039, 1.699999999999999734 ) ) ;
#709 = ORIENTED_EDGE ( 'NONE', *, *, #1831, .T. ) ;
#710 = CYLINDRICAL_SURFACE ( 'NONE', #2541, 0.2500000000000000000 ) ;
#711 = DIRECTION ( 'NONE',  ( -0.000000000000000000, -1.084202172485504434E-16, -1.000000000000000000 ) ) ;
#712 = CARTESIAN_POINT ( 'NONE',  ( -5.894588379671017009, 0.7999999999999987121, -0.9000000000000000222 ) ) ;
#713 = CARTESIAN_POINT ( 'NONE',  ( 3.000000000000000444, -0.7999999999999999334, 0.4000000000000000222 ) ) ;
#714 = AXIS2_PLACEMENT_3D ( 'NONE', #980, #796, #1397 ) ;
#715 = LINE ( 'NONE', #2573, #1333 ) ;
#716 = CARTESIAN_POINT ( 'NONE',  ( -6.411682508146158810, -0.8000000000000010436, 0.4000000000000000222 ) ) ;
#717 = ADVANCED_FACE ( 'NONE', ( #1022 ), #1838, .F. ) ;
#718 = CARTESIAN_POINT ( 'NONE',  ( -11.77969232593829751, -2.051392651257140987, 1.699999999999999956 ) ) ;
#719 = ORIENTED_EDGE ( 'NONE', *, *, #2294, .F. ) ;
#720 = DIRECTION ( 'NONE',  ( -1.000000000000000000, -0.000000000000000000, -0.000000000000000000 ) ) ;
#721 = ORIENTED_EDGE ( 'NONE', *, *, #406, .T. ) ;
#722 = DIRECTION ( 'NONE',  ( -0.8191520442889907994, -0.5735764363510474917, 0.000000000000000000 ) ) ;
#723 = AXIS2_PLACEMENT_3D ( 'NONE', #2412, #606, #1419 ) ;
#724 = CARTESIAN_POINT ( 'NONE',  ( -10.37506483104643529, -0.09126024169949303877, -0.9000000000000000222 ) ) ;
#725 = PRODUCT_DEFINITION_FORMATION_WITH_SPECIFIED_SOURCE ( 'Symmetric', '', #255, .NOT_KNOWN. ) ;
#726 = DIRECTION ( 'NONE',  ( -0.000000000000000000, 1.748713181428233054E-16, 1.000000000000000000 ) ) ;
#727 = CARTESIAN_POINT ( 'NONE',  ( 1.000000000000000000, 0.7500000000000002220, 3.000000000000000000 ) ) ;
#728 = CARTESIAN_POINT ( 'NONE',  ( -7.114930577321783467, -0.7999927606931349633, 0.4000000000000000222 ) ) ;
#729 = CARTESIAN_POINT ( 'NONE',  ( 1.000000000000000000, 0.2666666666666668850, -0.2981423969999719148 ) ) ;
#730 = ADVANCED_FACE ( 'NONE', ( #1566 ), #390, .T. ) ;
#731 = ORIENTED_EDGE ( 'NONE', *, *, #662, .F. ) ;
#732 = VERTEX_POINT ( 'NONE', #927 ) ;
#733 = LINE ( 'NONE', #1120, #5 ) ;
#734 = ADVANCED_FACE ( 'NONE', ( #781 ), #1204, .T. ) ;
#735 = CARTESIAN_POINT ( 'NONE',  ( 1.000000000000000000, 0.2666666666666637764, -1.001857603000025465 ) ) ;
#736 = CARTESIAN_POINT ( 'NONE',  ( -10.41443891878996197, -1.095431924005422886, -0.9000000000000000222 ) ) ;
#737 = EDGE_LOOP ( 'NONE', ( #598, #1295, #1184, #1648 ) ) ;
#738 = CARTESIAN_POINT ( 'NONE',  ( -10.27791830652933669, -0.9998289890731180130, 0.4000000000000000222 ) ) ;
#739 = CARTESIAN_POINT ( 'NONE',  ( 1.000000000000000000, -0.2500000000000000555, 0.3354101966249684597 ) ) ;
#740 = CARTESIAN_POINT ( 'NONE',  ( 2.333333333334111970, -0.7999999999999999334, 0.4000000000000000222 ) ) ;
#741 = CARTESIAN_POINT ( 'NONE',  ( -7.101141410933709430, 8.618222479898967754E-06, 1.699999999999999956 ) ) ;
#742 = ORIENTED_EDGE ( 'NONE', *, *, #281, .F. ) ;
#743 = CARTESIAN_POINT ( 'NONE',  ( -7.101141410933709430, 8.618222479898967754E-06, 0.4000000000000000222 ) ) ;
#744 = VERTEX_POINT ( 'NONE', #1369 ) ;
#745 = EDGE_CURVE ( 'NONE', #2433, #744, #1167, .T. ) ;
#746 = CARTESIAN_POINT ( 'NONE',  ( -4.515670703736355485, -8.437634524545600320E-16, -1.699999999999999956 ) ) ;
#747 = ORIENTED_EDGE ( 'NONE', *, *, #2022, .F. ) ;
#748 = LINE ( 'NONE', #947, #763 ) ;
#749 = FACE_OUTER_BOUND ( 'NONE', #2109, .T. ) ;
#750 = CARTESIAN_POINT ( 'NONE',  ( -9.322952643226258829, -1.327742476002200078, 0.4000000000000000222 ) ) ;
#751 = CARTESIAN_POINT ( 'NONE',  ( -5.549858960687534370, 0.7999999999999989342, 0.4000000000000000222 ) ) ;
#752 = LINE ( 'NONE', #2350, #1493 ) ;
#753 = EDGE_LOOP ( 'NONE', ( #1057, #1141, #1688, #259 ) ) ;
#754 = DIRECTION ( 'NONE',  ( 1.000000000000000000, 0.000000000000000000, 0.000000000000000000 ) ) ;
#755 = CARTESIAN_POINT ( 'NONE',  ( -6.411682508146158810, 0.7999999999999987121, 0.4000000000000000222 ) ) ;
#756 = ORIENTED_EDGE ( 'NONE', *, *, #1338, .F. ) ;
#757 = VECTOR ( 'NONE', #1535, 1000.000000000000000 ) ;
#758 = SURFACE_STYLE_USAGE ( .BOTH. , #1593 ) ;
#759 = CARTESIAN_POINT ( 'NONE',  ( -9.256797034685009251, -0.4031169393428793435, -1.699999999999999956 ) ) ;
#760 = EDGE_LOOP ( 'NONE', ( #2557, #1765, #1591, #844 ) ) ;
#761 = AXIS2_PLACEMENT_3D ( 'NONE', #2078, #242, #2497 ) ;
#762 = FILL_AREA_STYLE_COLOUR ( '', #2106 ) ;
#763 = VECTOR ( 'NONE', #924, 1000.000000000000000 ) ;
#764 = CARTESIAN_POINT ( 'NONE',  ( -0.3789176759342969270, -2.169127146419229123E-13, 0.4000000000000000222 ) ) ;
#765 = CARTESIAN_POINT ( 'NONE',  ( -6.000000000000000000, 0.2999999999999999889, -0.3354101966249685152 ) ) ;
#766 = MECHANICAL_DESIGN_GEOMETRIC_PRESENTATION_REPRESENTATION (  '', ( #1625 ), #979 ) ;
#767 = CARTESIAN_POINT ( 'NONE',  ( -1.000000000000000000, -1.000000000000000222, 1.748713181428233547E-16 ) ) ;
#768 = EDGE_CURVE ( 'NONE', #2515, #2043, #964, .T. ) ;
#769 = CYLINDRICAL_SURFACE ( 'NONE', #2168, 0.04999999999999991257 ) ;
#770 = ORIENTED_EDGE ( 'NONE', *, *, #1136, .F. ) ;
#771 = CARTESIAN_POINT ( 'NONE',  ( 1.000000000000000000, -0.2500000000000000555, 0.3354101966249684597 ) ) ;
#772 = CARTESIAN_POINT ( 'NONE',  ( -1.757835351867656826, -5.546428731250303230E-16, 0.9000000000000000222 ) ) ;
#773 = CARTESIAN_POINT ( 'NONE',  ( -1.757835351867656826, -6.036287450909245401E-16, 0.4000000000000000222 ) ) ;
#774 = ORIENTED_EDGE ( 'NONE', *, *, #425, .T. ) ;
#775 = CARTESIAN_POINT ( 'NONE',  ( -6.000000000000000000, -0.3000000000000002109, 0.9645898033750316403 ) ) ;
#776 = CARTESIAN_POINT ( 'NONE',  ( -11.50664164450715354, -1.860200505805547300, -1.699999999999999956 ) ) ;
#777 = VERTEX_POINT ( 'NONE', #826 ) ;
#778 = SURFACE_SIDE_STYLE ('',( #1563 ) ) ;
#779 = LINE ( 'NONE', #2179, #1026 ) ;
#780 = CIRCLE ( 'NONE', #1592, 0.2500000000000000000 ) ;
#781 = FACE_OUTER_BOUND ( 'NONE', #1334, .T. ) ;
#782 = DIRECTION ( 'NONE',  ( 0.000000000000000000, 1.000000000000000000, -1.084202172485504434E-16 ) ) ;
#783 = AXIS2_PLACEMENT_3D ( 'NONE', #2221, #391, #1010 ) ;
#784 = CARTESIAN_POINT ( 'NONE',  ( -6.928776636621623908, 0.7999999999999987121, 0.4000000000000000222 ) ) ;
#785 = ADVANCED_FACE ( 'NONE', ( #2246 ), #252, .F. ) ;
#786 = LINE ( 'NONE', #1995, #930 ) ;
#787 = ORIENTED_EDGE ( 'NONE', *, *, #586, .T. ) ;
#788 = CARTESIAN_POINT ( 'NONE',  ( 2.333333333334111526, 4.898587196589413075E-17, 0.9000000000000000222 ) ) ;
#789 = EDGE_LOOP ( 'NONE', ( #62 ) ) ;
#790 = CARTESIAN_POINT ( 'NONE',  ( -2.000000000000000000, 1.477172874732681773, -2.999999999999999112 ) ) ;
#791 = CARTESIAN_POINT ( 'NONE',  ( -8.285552999926764528, -0.09688487147738739091, -1.699999999999999956 ) ) ;
#792 = ORIENTED_EDGE ( 'NONE', *, *, #1274, .F. ) ;
#793 = FACE_OUTER_BOUND ( 'NONE', #409, .T. ) ;
#794 = LINE ( 'NONE', #401, #2129 ) ;
#795 = DIRECTION ( 'NONE',  ( 1.000000000000000000, -0.000000000000000000, -0.000000000000000000 ) ) ;
#796 = DIRECTION ( 'NONE',  ( -0.8191520442889907994, -0.5735764363510474917, 0.000000000000000000 ) ) ;
#797 = FACE_OUTER_BOUND ( 'NONE', #885, .T. ) ;
#798 = ORIENTED_EDGE ( 'NONE', *, *, #1084, .T. ) ;
#799 = EDGE_CURVE ( 'NONE', #476, #307, #1487, .T. ) ;
#800 = VECTOR ( 'NONE', #2442, 1000.000000000000000 ) ;
#801 = CARTESIAN_POINT ( 'NONE',  ( -8.447480511018147453, 0.6876135490861995381, 0.9000000000000002442 ) ) ;
#802 = VERTEX_POINT ( 'NONE', #68 ) ;
#803 = EDGE_CURVE ( 'NONE', #1834, #357, #1695, .T. ) ;
#804 = CYLINDRICAL_SURFACE ( 'NONE', #2002, 0.4000000000000060174 ) ;
#805 = CARTESIAN_POINT ( 'NONE',  ( -6.411682508146158810, -1.042533850743575653E-15, -1.699999999999999956 ) ) ;
#806 = VECTOR ( 'NONE', #1947, 1000.000000000000000 ) ;
#807 = ORIENTED_EDGE ( 'NONE', *, *, #1750, .F. ) ;
#808 = FACE_OUTER_BOUND ( 'NONE', #10, .T. ) ;
#809 = CARTESIAN_POINT ( 'NONE',  ( 1.000000000000000000, 0.2999999999999999889, 0.3354101966249685152 ) ) ;
#810 = CARTESIAN_POINT ( 'NONE',  ( 0.2500000000000000000, -0.9999999999999997780, 2.999999999999999556 ) ) ;
#811 = LINE ( 'NONE', #827, #1064 ) ;
#812 = CARTESIAN_POINT ( 'NONE',  ( -4.515670703736355485, 0.7999999999999990452, -0.3999999999999998557 ) ) ;
#813 = AXIS2_PLACEMENT_3D ( 'NONE', #2023, #1826, #2430 ) ;
#814 = VECTOR ( 'NONE', #1540, 1000.000000000000000 ) ;
#815 = VERTEX_POINT ( 'NONE', #2100 ) ;
#816 = VECTOR ( 'NONE', #588, 1000.000000000000000 ) ;
#817 = EDGE_CURVE ( 'NONE', #177, #82, #1233, .T. ) ;
#818 = CARTESIAN_POINT ( 'NONE',  ( -0.3789176759342964274, 0.7999999999997831068, 0.9000000000000002442 ) ) ;
#819 =( BOUNDED_CURVE ( )  B_SPLINE_CURVE ( 3, ( #363, #1180, #1, #593 ),
 .UNSPECIFIED., .F., .F. ) 
 B_SPLINE_CURVE_WITH_KNOTS ( ( 4, 4 ),
 ( 4.799655442984406939, 6.283185307179584456 ),
 .UNSPECIFIED. ) 
 CURVE ( )  GEOMETRIC_REPRESENTATION_ITEM ( )  RATIONAL_B_SPLINE_CURVE ( ( 1.000000000000000000, 0.8248515578734162412, 0.8248515578734162412, 1.000000000000000000 ) ) 
 REPRESENTATION_ITEM ( '' )  );
#820 = ORIENTED_EDGE ( 'NONE', *, *, #1968, .F. ) ;
#821 = CARTESIAN_POINT ( 'NONE',  ( 1.000000000000000000, -0.3000000000000002109, 0.9645898033750316403 ) ) ;
#822 = EDGE_CURVE ( 'NONE', #2568, #1209, #1276, .T. ) ;
#823 = CARTESIAN_POINT ( 'NONE',  ( -10.22862845113882280, -1.941945704886907986, -0.9000000000000000222 ) ) ;
#824 = FACE_OUTER_BOUND ( 'NONE', #423, .T. ) ;
#825 = DIRECTION ( 'NONE',  ( -1.000000000000000000, 0.000000000000000000, -0.000000000000000000 ) ) ;
#826 = CARTESIAN_POINT ( 'NONE',  ( -6.000000000000000000, 0.2500000000000000555, 0.3354101966249684041 ) ) ;
#827 = CARTESIAN_POINT ( 'NONE',  ( -1.000000000000000000, -0.7249999999999999778, 1.975000000000000977 ) ) ;
#828 = CARTESIAN_POINT ( 'NONE',  ( -11.69245211215983815, -1.013686724925334293, -0.3999999999999998557 ) ) ;
#829 = AXIS2_PLACEMENT_3D ( 'NONE', #474, #696, #1554 ) ;
#830 = CARTESIAN_POINT ( 'NONE',  ( -7.863879800363497985, 0.7774235388848491635, 0.4000000000000000222 ) ) ;
#831 = ORIENTED_EDGE ( 'NONE', *, *, #975, .T. ) ;
#832 = CARTESIAN_POINT ( 'NONE',  ( -3.826211865769982623, 0.7999999999999990452, 0.9000000000000002442 ) ) ;
#833 = ORIENTED_EDGE ( 'NONE', *, *, #281, .T. ) ;
#834 = CARTESIAN_POINT ( 'NONE',  ( 0.2500000000000000000, 1.000000000000000222, 3.000000000000000000 ) ) ;
#835 = CARTESIAN_POINT ( 'NONE',  ( -10.68748960021965999, -1.286624069455715613, -0.9000000000000000222 ) ) ;
#836 = CARTESIAN_POINT ( 'NONE',  ( -9.256797034685009251, -0.4031169393428793435, 1.699999999999999956 ) ) ;
#837 = DIRECTION ( 'NONE',  ( -1.000000000000000000, 0.000000000000000000, 0.000000000000000000 ) ) ;
#838 = ADVANCED_FACE ( 'NONE', ( #2273 ), #1654, .T. ) ;
#839 = CARTESIAN_POINT ( 'NONE',  ( -2.000000000000000000, -1.249999999999999556, 3.100000000000000977 ) ) ;
#840 = DIRECTION ( 'NONE',  ( 0.000000000000000000, 1.748713181428233054E-16, 1.000000000000000000 ) ) ;
#841 = CARTESIAN_POINT ( 'NONE',  ( -10.27791830652933669, -0.9998289890731180130, -0.4000000000000000222 ) ) ;
#842 = DIRECTION ( 'NONE',  ( 1.000000000000000000, -0.000000000000000000, -0.000000000000000000 ) ) ;
#843 = CARTESIAN_POINT ( 'NONE',  ( -11.50664164450715354, -1.860200505805547300, -0.4000000000000000222 ) ) ;
#844 = ORIENTED_EDGE ( 'NONE', *, *, #59, .T. ) ;
#845 = CARTESIAN_POINT ( 'NONE',  ( -11.04778049542631635, -2.515522141236739895, 0.8999999999999999112 ) ) ;
#846 = VERTEX_POINT ( 'NONE', #1476 ) ;
#847 = CARTESIAN_POINT ( 'NONE',  ( -9.256797034685009251, -0.4031169393428793435, 0.4000000000000000222 ) ) ;
#848 = LINE ( 'NONE', #26, #2422 ) ;
#849 = CARTESIAN_POINT ( 'NONE',  ( -6.584047217637897909, -1.109589758917542415E-15, -0.9000000000000000222 ) ) ;
#850 = CARTESIAN_POINT ( 'NONE',  ( -9.713323421820810211, -0.6282648523835685506, 1.699999999999999956 ) ) ;
#851 = CARTESIAN_POINT ( 'NONE',  ( -5.894588379671017009, -1.037309614085190704E-15, 0.4000000000000000222 ) ) ;
#852 = CARTESIAN_POINT ( 'NONE',  ( 1.000000000000000000, 0.000000000000000000, 0.000000000000000000 ) ) ;
#853 = FACE_OUTER_BOUND ( 'NONE', #2490, .T. ) ;
#854 = CARTESIAN_POINT ( 'NONE',  ( -6.411682508146158810, 0.7999999999999987121, -0.3999999999999998557 ) ) ;
#855 = ADVANCED_FACE ( 'NONE', ( #2086 ), #1251, .F. ) ;
#856 = CARTESIAN_POINT ( 'NONE',  ( -6.928776636621623908, 0.7999999999999987121, -0.3999999999999998557 ) ) ;
#857 = ORIENTED_EDGE ( 'NONE', *, *, #628, .T. ) ;
#858 = VECTOR ( 'NONE', #1782, 1000.000000000000000 ) ;
#859 = VECTOR ( 'NONE', #1448, 1000.000000000000000 ) ;
#860 = CARTESIAN_POINT ( 'NONE',  ( 3.000000000000000444, -0.7999999999999999334, 1.699999999999999734 ) ) ;
#861 = ORIENTED_EDGE ( 'NONE', *, *, #2389, .T. ) ;
#862 = DIRECTION ( 'NONE',  ( 0.000000000000000000, 0.000000000000000000, 1.000000000000000000 ) ) ;
#863 = CYLINDRICAL_SURFACE ( 'NONE', #1407, 0.04999999999999991257 ) ;
#864 = DIRECTION ( 'NONE',  ( -0.000000000000000000, 0.000000000000000000, 1.000000000000000000 ) ) ;
#865 = DIRECTION ( 'NONE',  ( -1.000000000000000000, -0.000000000000000000, -0.000000000000000000 ) ) ;
#866 = ADVANCED_BREP_SHAPE_REPRESENTATION ( 'Blue_Cable', ( #1299, #410, #1303, #2223, #1315, #381 ), #2340 ) ;
#867 = CARTESIAN_POINT ( 'NONE',  ( -7.101141410933709430, 8.618222479944839671E-06, -0.4000000000000000222 ) ) ;
#868 = DIRECTION ( 'NONE',  ( -1.000000000000000000, -0.000000000000000000, -0.000000000000000000 ) ) ;
#869 = CARTESIAN_POINT ( 'NONE',  ( 3.000000000000000444, -0.7999999999999999334, -0.4000000000000001332 ) ) ;
#870 = ORIENTED_EDGE ( 'NONE', *, *, #1531, .F. ) ;
#871 = EDGE_CURVE ( 'NONE', #216, #244, #876, .T. ) ;
#872 = ORIENTED_EDGE ( 'NONE', *, *, #1968, .T. ) ;
#873 = CARTESIAN_POINT ( 'NONE',  ( -9.256797034685009251, -0.4031169393428793435, -0.9000000000000000222 ) ) ;
#874 = LINE ( 'NONE', #1706, #260 ) ;
#875 = DIRECTION ( 'NONE',  ( 0.000000000000000000, -2.168404344971008868E-16, 1.000000000000000000 ) ) ;
#876 = LINE ( 'NONE', #640, #1475 ) ;
#877 = CARTESIAN_POINT ( 'NONE',  ( -10.22862845113882280, -1.941945704886907986, 0.4000000000000000222 ) ) ;
#878 = CARTESIAN_POINT ( 'NONE',  ( -2.517017206452113243, -1.704766855587598107, -2.954766855587597441 ) ) ;
#879 = CARTESIAN_POINT ( 'NONE',  ( -10.37506483104643529, -0.09126024169949303877, -0.3999999999999998557 ) ) ;
#880 = EDGE_LOOP ( 'NONE', ( #685 ) ) ;
#881 = ADVANCED_FACE ( 'NONE', ( #853 ), #1696, .T. ) ;
#882 = VERTEX_POINT ( 'NONE', #240 ) ;
#883 = DIRECTION ( 'NONE',  ( 0.000000000000000000, -0.000000000000000000, 1.000000000000000000 ) ) ;
#884 = ADVANCED_FACE ( 'NONE', ( #1435, #2260 ), #2094, .T. ) ;
#885 = EDGE_LOOP ( 'NONE', ( #1281, #2579, #190, #1013, #1171, #2243, #451, #280, #396, #183 ) ) ;
#886 = CARTESIAN_POINT ( 'NONE',  ( -1.757835351867656826, -6.036287450909245401E-16, 0.4000000000000000222 ) ) ;
#887 = FACE_OUTER_BOUND ( 'NONE', #1119, .T. ) ;
#888 = CARTESIAN_POINT ( 'NONE',  ( -10.82401494093445393, -1.382220142180871969, -0.9000000000000000222 ) ) ;
#889 = CARTESIAN_POINT ( 'NONE',  ( -8.123625488835381603, -0.8813832920409744309, 0.4000000000000000222 ) ) ;
#890 = CIRCLE ( 'NONE', #2123, 0.04999999999999991257 ) ;
#891 = CARTESIAN_POINT ( 'NONE',  ( -6.000000000000000000, -0.2666666666666667185, 0.2981423969999719148 ) ) ;
#892 = CARTESIAN_POINT ( 'NONE',  ( -10.68748960021965999, -1.286624069455715613, -0.4000000000000000222 ) ) ;
#893 = ORIENTED_EDGE ( 'NONE', *, *, #1691, .F. ) ;
#894 = VECTOR ( 'NONE', #493, 1000.000000000000000 ) ;
#895 = CARTESIAN_POINT ( 'NONE',  ( -7.507670983177139767, -0.8000106901255261693, 0.8999999999999999112 ) ) ;
#896 = VECTOR ( 'NONE', #436, 1000.000000000000114 ) ;
#897 = ORIENTED_EDGE ( 'NONE', *, *, #1388, .T. ) ;
#898 = EDGE_CURVE ( 'NONE', #1520, #1804, #173, .T. ) ;
#899 = CIRCLE ( 'NONE', #761, 0.2500000000000000000 ) ;
#900 = AXIS2_PLACEMENT_3D ( 'NONE', #66, #2111, #689 ) ;
#901 = CARTESIAN_POINT ( 'NONE',  ( 1.000000000000000000, -0.7499999999999997780, -3.000000000000000444 ) ) ;
#902 = CARTESIAN_POINT ( 'NONE',  ( 1.000000000000000000, -0.9999999999999997780, -3.000000000000000444 ) ) ;
#903 = VECTOR ( 'NONE', #234, 1000.000000000000000 ) ;
#904 = LINE ( 'NONE', #2532, #466 ) ;
#905 = EDGE_CURVE ( 'NONE', #1940, #1940, #625, .T. ) ;
#906 = CARTESIAN_POINT ( 'NONE',  ( -11.69245211215983815, -1.013686724925334293, -0.9000000000000000222 ) ) ;
#907 = CARTESIAN_POINT ( 'NONE',  ( -6.928776636621623908, -0.8000000000000010436, 0.4000000000000000222 ) ) ;
#908 = CARTESIAN_POINT ( 'NONE',  ( -2.000000000000000000, -1.750000000000000222, -2.999999999999999112 ) ) ;
#909 = CARTESIAN_POINT ( 'NONE',  ( -8.285552999926764528, -0.09688487147738744643, 0.4000000000000000222 ) ) ;
#910 = CARTESIAN_POINT ( 'NONE',  ( -8.939470478032253808, -1.138618229048015351, 1.699999999999999734 ) ) ;
#911 = ORIENTED_EDGE ( 'NONE', *, *, #87, .F. ) ;
#912 = DIRECTION ( 'NONE',  ( 0.000000000000000000, -1.398970545142586541E-16, -1.000000000000000000 ) ) ;
#913 = CIRCLE ( 'NONE', #1686, 0.4000000000000000222 ) ;
#914 = CARTESIAN_POINT ( 'NONE',  ( -1.000000000000000000, -0.7249999999999999778, 1.975000000000000977 ) ) ;
#915 = CARTESIAN_POINT ( 'NONE',  ( -8.447480511018147453, 0.6876135490861995381, -1.699999999999999734 ) ) ;
#916 = ADVANCED_FACE ( 'NONE', ( #2269, #1692 ), #442, .T. ) ;
#917 = CARTESIAN_POINT ( 'NONE',  ( -8.332504248056853413, -0.9300785219136368243, -0.4000000000000001332 ) ) ;
#918 = DIRECTION ( 'NONE',  ( 0.000000000000000000, 0.000000000000000000, -1.000000000000000000 ) ) ;
#919 = CARTESIAN_POINT ( 'NONE',  ( -8.740436578989211114, -1.058699091801260650, -0.4000000000000001332 ) ) ;
#920 = CARTESIAN_POINT ( 'NONE',  ( -9.932884554299999280, -0.7582594639243382950, 1.699999999999999956 ) ) ;
#921 = EDGE_LOOP ( 'NONE', ( #2377, #721, #1983, #1506 ) ) ;
#922 = DIRECTION ( 'NONE',  ( 0.000000000000000000, 0.000000000000000000, -1.000000000000000000 ) ) ;
#923 = LINE ( 'NONE', #2345, #2512 ) ;
#924 = DIRECTION ( 'NONE',  ( -0.000000000000000000, -0.000000000000000000, 1.000000000000000000 ) ) ;
#925 = CARTESIAN_POINT ( 'NONE',  ( -11.32083117685746032, -2.706714286688333360, 0.4000000000000000222 ) ) ;
#926 = ADVANCED_FACE ( 'NONE', ( #1740 ), #1893, .F. ) ;
#927 = CARTESIAN_POINT ( 'NONE',  ( 3.000000000000000000, 0.000000000000000000, 0.4000000000000000222 ) ) ;
#928 = CARTESIAN_POINT ( 'NONE',  ( 0.7500000000000000000, -0.7499999999999997780, 0.000000000000000000 ) ) ;
#929 = FACE_OUTER_BOUND ( 'NONE', #1175, .T. ) ;
#930 = VECTOR ( 'NONE', #1601, 1000.000000000000000 ) ;
#931 = VECTOR ( 'NONE', #2468, 1000.000000000000000 ) ;
#932 = CARTESIAN_POINT ( 'NONE',  ( -6.584047217637897020, 0.7999999999999987121, -0.9000000000000000222 ) ) ;
#933 = VERTEX_POINT ( 'NONE', #1300 ) ;
#934 = CARTESIAN_POINT ( 'NONE',  ( 0.000000000000000000, 0.000000000000000000, 0.000000000000000000 ) ) ;
#935 = CARTESIAN_POINT ( 'NONE',  ( -6.000000000000000000, -9.077851480992148301E-15, -1.300000000000000044 ) ) ;
#936 = CARTESIAN_POINT ( 'NONE',  ( -8.740436578989211114, -1.058699091801260650, 0.4000000000000000222 ) ) ;
#937 = CARTESIAN_POINT ( 'NONE',  ( -10.68748960021965999, -1.286624069455715613, 1.699999999999999956 ) ) ;
#938 = ORIENTED_EDGE ( 'NONE', *, *, #267, .T. ) ;
#939 = EDGE_CURVE ( 'NONE', #1586, #1044, #1498, .T. ) ;
#940 = CARTESIAN_POINT ( 'NONE',  ( -11.77969232593829751, -2.051392651257140987, 1.699999999999999956 ) ) ;
#941 = CARTESIAN_POINT ( 'NONE',  ( -10.10369420041536159, 0.07121277123506331019, 0.4000000000000000222 ) ) ;
#942 = ORIENTED_EDGE ( 'NONE', *, *, #402, .T. ) ;
#943 = PRESENTATION_LAYER_ASSIGNMENT (  '', '', ( #1637 ) ) ;
#944 = CARTESIAN_POINT ( 'NONE',  ( -6.000000000000000000, -0.2500000000000000555, 0.3354101966249684597 ) ) ;
#945 = CARTESIAN_POINT ( 'NONE',  ( -9.808134373638695891, -1.647504036639465319, -1.699999999999999734 ) ) ;
#946 = VERTEX_POINT ( 'NONE', #1509 ) ;
#947 = CARTESIAN_POINT ( 'NONE',  ( 0.7500000000000000000, -0.9999999999999997780, 2.999999999999999556 ) ) ;
#948 = CIRCLE ( 'NONE', #1972, 0.4000000000000000222 ) ;
#949 = STYLED_ITEM ( 'NONE', ( #1539 ), #1303 ) ;
#950 = FILL_AREA_STYLE ('',( #147 ) ) ;
#951 = CARTESIAN_POINT ( 'NONE',  ( -8.332504248056853413, -0.9300785219136368243, -0.4000000000000001332 ) ) ;
#952 = CARTESIAN_POINT ( 'NONE',  ( -4.515670703736355485, 0.7999999999999990452, 0.4000000000000000222 ) ) ;
#953 = CARTESIAN_POINT ( 'NONE',  ( -11.23359096307900096, -1.669008360356527332, 1.699999999999999956 ) ) ;
#954 = ORIENTED_EDGE ( 'NONE', *, *, #2373, .F. ) ;
#955 =( NAMED_UNIT ( * ) PLANE_ANGLE_UNIT ( ) SI_UNIT ( $, .RADIAN. ) );
#956 = EDGE_CURVE ( 'NONE', #1164, #2105, #1098, .T. ) ;
#957 = CARTESIAN_POINT ( 'NONE',  ( -6.411682508146158810, -1.091519722709469673E-15, 0.4000000000000000222 ) ) ;
#958 = ORIENTED_EDGE ( 'NONE', *, *, #768, .T. ) ;
#959 = CARTESIAN_POINT ( 'NONE',  ( -6.000000000000000000, 0.2999999999999999889, 0.3354101966249685152 ) ) ;
#960 = EDGE_CURVE ( 'NONE', #846, #14, #2110, .T. ) ;
#961 = CARTESIAN_POINT ( 'NONE',  ( -3.826211865769982623, -0.8000000000000007105, -0.9000000000000000222 ) ) ;
#962 = FILL_AREA_STYLE_COLOUR ( '', #523 ) ;
#963 = FACE_OUTER_BOUND ( 'NONE', #1702, .T. ) ;
#964 = LINE ( 'NONE', #1009, #2614 ) ;
#965 = CARTESIAN_POINT ( 'NONE',  ( 1.000000000000000000, -0.3000000000000000999, 0.3354101966249684597 ) ) ;
#966 = DIRECTION ( 'NONE',  ( 0.000000000000000000, 0.000000000000000000, -1.000000000000000000 ) ) ;
#967 = VERTEX_POINT ( 'NONE', #2343 ) ;
#968 = VERTEX_POINT ( 'NONE', #328 ) ;
#969 = CARTESIAN_POINT ( 'NONE',  ( -10.74770223941997926, -0.3521539415067700407, 0.4000000000000000222 ) ) ;
#970 = ORIENTED_EDGE ( 'NONE', *, *, #406, .F. ) ;
#971 = DIRECTION ( 'NONE',  ( 0.000000000000000000, 0.000000000000000000, 1.000000000000000000 ) ) ;
#972 = CARTESIAN_POINT ( 'NONE',  ( 1.666666666666723806, -0.7999999999998950173, -1.699999999999999734 ) ) ;
#973 = CARTESIAN_POINT ( 'NONE',  ( 2.333333333334111526, 0.000000000000000000, 1.699999999999999956 ) ) ;
#974 = FACE_OUTER_BOUND ( 'NONE', #547, .T. ) ;
#975 = EDGE_CURVE ( 'NONE', #441, #2368, #733, .T. ) ;
#976 = AXIS2_PLACEMENT_3D ( 'NONE', #852, #1821, #2453 ) ;
#977 = CARTESIAN_POINT ( 'NONE',  ( -11.50664164450715354, -1.860200505805547300, 0.4000000000000000222 ) ) ;
#978 = DIRECTION ( 'NONE',  ( -1.000000000000000000, -0.000000000000000000, -0.000000000000000000 ) ) ;
#979 =( GEOMETRIC_REPRESENTATION_CONTEXT ( 3 ) GLOBAL_UNCERTAINTY_ASSIGNED_CONTEXT ( ( #150 ) ) GLOBAL_UNIT_ASSIGNED_CONTEXT ( ( #1987, #169, #1575 ) ) REPRESENTATION_CONTEXT ( 'NONE', 'WORKASPACE' ) );
#980 = CARTESIAN_POINT ( 'NONE',  ( -11.77969232593829751, -2.051392651257140987, 0.000000000000000000 ) ) ;
#981 = VECTOR ( 'NONE', #2452, 1000.000000000000000 ) ;
#982 = CARTESIAN_POINT ( 'NONE',  ( -9.932884554299999280, -0.7582594639243382950, 0.4000000000000000222 ) ) ;
#983 = AXIS2_PLACEMENT_3D ( 'NONE', #1724, #1744, #313 ) ;
#984 = CARTESIAN_POINT ( 'NONE',  ( 1.000000000000000000, 0.000000000000000000, 1.300000000000000044 ) ) ;
#985 = ORIENTED_EDGE ( 'NONE', *, *, #1221, .T. ) ;
#986 = DIRECTION ( 'NONE',  ( 0.000000000000000000, 0.000000000000000000, 1.000000000000000000 ) ) ;
#987 = CARTESIAN_POINT ( 'NONE',  ( -7.863879800363497985, 0.7774235388848491635, 1.699999999999999734 ) ) ;
#988 = ORIENTED_EDGE ( 'NONE', *, *, #2407, .T. ) ;
#989 = CARTESIAN_POINT ( 'NONE',  ( -2.000000000000000000, -1.749999999999999556, 3.000000000000000888 ) ) ;
#990 = CARTESIAN_POINT ( 'NONE',  ( 1.666666666666723362, 1.049199864775533939E-13, -1.699999999999999956 ) ) ;
#991 = ORIENTED_EDGE ( 'NONE', *, *, #803, .T. ) ;
#992 = AXIS2_PLACEMENT_3D ( 'NONE', #537, #2141, #2128 ) ;
#993 = FACE_OUTER_BOUND ( 'NONE', #760, .T. ) ;
#994 = CARTESIAN_POINT ( 'NONE',  ( 0.000000000000000000, -0.7499999999999997780, 2.999999999999999556 ) ) ;
#995 = ADVANCED_FACE ( 'NONE', ( #479 ), #2308, .T. ) ;
#996 = CARTESIAN_POINT ( 'NONE',  ( 0.2500000000000000000, 0.7500000000000002220, -3.000000000000000000 ) ) ;
#997 = CARTESIAN_POINT ( 'NONE',  ( 1.000000000000000000, -0.2500000000000000555, 0.9645898033750316403 ) ) ;
#998 = ADVANCED_FACE ( 'NONE', ( #273 ), #101, .F. ) ;
#999 = DIRECTION ( 'NONE',  ( 0.000000000000000000, 0.000000000000000000, 1.000000000000000000 ) ) ;
#1000 = VERTEX_POINT ( 'NONE', #2292 ) ;
#1001 = CARTESIAN_POINT ( 'NONE',  ( -7.548395301760295162, 0.7999852374456397630, 0.9000000000000002442 ) ) ;
#1002 = VERTEX_POINT ( 'NONE', #502 ) ;
#1003 = DIRECTION ( 'NONE',  ( 0.000000000000000000, 0.000000000000000000, 1.000000000000000000 ) ) ;
#1004 = CARTESIAN_POINT ( 'NONE',  ( 2.333333333334111970, -0.7999999999999999334, -1.699999999999999734 ) ) ;
#1005 = AXIS2_PLACEMENT_3D ( 'NONE', #1077, #678, #840 ) ;
#1006 = VERTEX_POINT ( 'NONE', #1906 ) ;
#1007 = DIRECTION ( 'NONE',  ( 0.000000000000000000, 1.000000000000000000, 0.000000000000000000 ) ) ;
#1008 = LINE ( 'NONE', #839, #2591 ) ;
#1009 = CARTESIAN_POINT ( 'NONE',  ( 1.000000000000000000, 0.2666666666666668295, 0.2981423969999718593 ) ) ;
#1010 = DIRECTION ( 'NONE',  ( 0.000000000000000000, 0.000000000000000000, 1.000000000000000000 ) ) ;
#1011 = CARTESIAN_POINT ( 'NONE',  ( -9.574123591337761141, 0.3323843503622573303, 0.4000000000000000222 ) ) ;
#1012 = CYLINDRICAL_SURFACE ( 'NONE', #2298, 0.05000000000000002359 ) ;
#1013 = ORIENTED_EDGE ( 'NONE', *, *, #1245, .T. ) ;
#1014 = EDGE_CURVE ( 'NONE', #1675, #777, #2331, .T. ) ;
#1015 = CARTESIAN_POINT ( 'NONE',  ( -5.894588379671017009, -9.883237421192966846E-16, 0.9000000000000000222 ) ) ;
#1016 = ORIENTED_EDGE ( 'NONE', *, *, #1950, .F. ) ;
#1017 = CARTESIAN_POINT ( 'NONE',  ( -5.750000000000000000, -1.170962552391947353, 1.269560143202520660E-16 ) ) ;
#1018 = CARTESIAN_POINT ( 'NONE',  ( -5.549858960687534370, -0.8000000000000009326, -0.9000000000000000222 ) ) ;
#1019 = ORIENTED_EDGE ( 'NONE', *, *, #1014, .F. ) ;
#1020 = CARTESIAN_POINT ( 'NONE',  ( -6.000000000000000000, -1.750000000000000222, -2.650045345896302251 ) ) ;
#1021 = DIRECTION ( 'NONE',  ( 0.000000000000000000, 0.000000000000000000, 1.000000000000000000 ) ) ;
#1022 = FACE_OUTER_BOUND ( 'NONE', #1418, .T. ) ;
#1023 = FACE_OUTER_BOUND ( 'NONE', #2045, .T. ) ;
#1024 = CARTESIAN_POINT ( 'NONE',  ( -10.87330006787080094, -0.4401102885742298465, -0.3999999999999998557 ) ) ;
#1025 = VECTOR ( 'NONE', #1237, 1000.000000000000000 ) ;
#1026 = VECTOR ( 'NONE', #2151, 1000.000000000000000 ) ;
#1027 = CARTESIAN_POINT ( 'NONE',  ( -8.735932130895626813, 0.6203677554525900417, 0.4000000000000000222 ) ) ;
#1028 = VERTEX_POINT ( 'NONE', #1336 ) ;
#1029 = VECTOR ( 'NONE', #1162, 1000.000000000000000 ) ;
#1030 = CARTESIAN_POINT ( 'NONE',  ( -8.735932130895626813, 0.6203677554525900417, 0.9000000000000002442 ) ) ;
#1031 = ADVANCED_FACE ( 'NONE', ( #688 ), #113, .F. ) ;
#1032 = VERTEX_POINT ( 'NONE', #901 ) ;
#1033 = CARTESIAN_POINT ( 'NONE',  ( -9.019851916776666201, -0.3079751092872122786, -0.9000000000000000222 ) ) ;
#1034 = CARTESIAN_POINT ( 'NONE',  ( -5.894588379671017009, -1.037309614085190704E-15, 1.699999999999999956 ) ) ;
#1035 = DIRECTION ( 'NONE',  ( -1.000000000000000000, -0.000000000000000000, -0.000000000000000000 ) ) ;
#1036 = CARTESIAN_POINT ( 'NONE',  ( -2.000000000000000000, -1.249999999999999556, 3.100000000000000977 ) ) ;
#1037 = CARTESIAN_POINT ( 'NONE',  ( -9.713323421820810211, -0.6282648523835685506, -0.9000000000000000222 ) ) ;
#1038 = CARTESIAN_POINT ( 'NONE',  ( 2.333333333334111970, 0.7999999999999999334, -0.3999999999999998557 ) ) ;
#1039 = VECTOR ( 'NONE', #1698, 1000.000000000000000 ) ;
#1040 = DIRECTION ( 'NONE',  ( 0.000000000000000000, 0.000000000000000000, 1.000000000000000000 ) ) ;
#1041 = CARTESIAN_POINT ( 'NONE',  ( -8.534218189476241889, -0.1548553832305235023, 0.4000000000000000222 ) ) ;
#1042 = ORIENTED_EDGE ( 'NONE', *, *, #534, .T. ) ;
#1043 = CARTESIAN_POINT ( 'NONE',  ( -10.87330006787080094, -0.4401102885742298465, 0.9000000000000002442 ) ) ;
#1044 = VERTEX_POINT ( 'NONE', #1717 ) ;
#1045 = DIRECTION ( 'NONE',  ( -0.000000000000000000, 0.000000000000000000, 1.000000000000000000 ) ) ;
#1046 = CARTESIAN_POINT ( 'NONE',  ( -6.411682508146158810, -1.091519722709469673E-15, -0.9000000000000000222 ) ) ;
#1047 = CARTESIAN_POINT ( 'NONE',  ( -8.534218189476241889, -0.1548553832305235023, 1.699999999999999956 ) ) ;
#1048 = DIRECTION ( 'NONE',  ( -0.08715574274765836016, 0.9961946980917455452, -1.080076455889611693E-16 ) ) ;
#1049 = DIRECTION ( 'NONE',  ( -1.000000000000000000, 0.000000000000000000, 0.000000000000000000 ) ) ;
#1050 = EDGE_CURVE ( 'NONE', #216, #53, #1091, .T. ) ;
#1051 = DIRECTION ( 'NONE',  ( 0.000000000000000000, -1.000000000000000000, 0.000000000000000000 ) ) ;
#1052 = CARTESIAN_POINT ( 'NONE',  ( -12.23855347501913471, -1.396071015825947725, -0.3999999999999998557 ) ) ;
#1053 = FACE_OUTER_BOUND ( 'NONE', #1975, .T. ) ;
#1054 = CARTESIAN_POINT ( 'NONE',  ( -6.411682508146158810, -0.8000000000000010436, -0.4000000000000001332 ) ) ;
#1055 = ORIENTED_EDGE ( 'NONE', *, *, #550, .F. ) ;
#1056 = CARTESIAN_POINT ( 'NONE',  ( -6.584047217637897020, -0.8000000000000010436, 1.699999999999999734 ) ) ;
#1057 = ORIENTED_EDGE ( 'NONE', *, *, #939, .F. ) ;
#1058 = CARTESIAN_POINT ( 'NONE',  ( -5.907776915682685370, 1.408113820289464746, -2.658113820289462748 ) ) ;
#1059 = CARTESIAN_POINT ( 'NONE',  ( -8.123625488835381603, -0.8813832920409744309, -0.9000000000000000222 ) ) ;
#1060 = CARTESIAN_POINT ( 'NONE',  ( -0.3789176759342964274, 0.7999999999997831068, 1.699999999999999734 ) ) ;
#1061 = CARTESIAN_POINT ( 'NONE',  ( -7.101141410933709430, 8.618222479898967754E-06, 0.4000000000000000222 ) ) ;
#1062 = DIRECTION ( 'NONE',  ( 0.000000000000000000, 0.000000000000000000, 1.000000000000000000 ) ) ;
#1063 = CARTESIAN_POINT ( 'NONE',  ( -0.3789176759342969270, -2.169127146419229123E-13, -0.9000000000000000222 ) ) ;
#1064 = VECTOR ( 'NONE', #1436, 1000.000000000000000 ) ;
#1065 = EDGE_CURVE ( 'NONE', #415, #2463, #701, .T. ) ;
#1066 = CARTESIAN_POINT ( 'NONE',  ( -9.713323421820810211, -0.6282648523835685506, -0.4000000000000000222 ) ) ;
#1067 = DIRECTION ( 'NONE',  ( -0.000000000000000000, 1.000000000000000000, 2.168404344971008868E-16 ) ) ;
#1068 = CARTESIAN_POINT ( 'NONE',  ( -10.27791830652933669, -0.9998289890731180130, -0.4000000000000000222 ) ) ;
#1069 = ORIENTED_EDGE ( 'NONE', *, *, #63, .F. ) ;
#1070 = CLOSED_SHELL ( 'NONE', ( #884, #2056, #1904 ) ) ;
#1071 = AXIS2_PLACEMENT_3D ( 'NONE', #676, #1287, #2505 ) ;
#1072 = CARTESIAN_POINT ( 'NONE',  ( -8.285552999926764528, -0.09688487147738739091, 0.9000000000000000222 ) ) ;
#1073 = ORIENTED_EDGE ( 'NONE', *, *, #2022, .T. ) ;
#1074 = CARTESIAN_POINT ( 'NONE',  ( -0.3789176759342969270, -2.169127146419229123E-13, -0.9000000000000000222 ) ) ;
#1075 = DIRECTION ( 'NONE',  ( 0.000000000000000000, 0.000000000000000000, 1.000000000000000000 ) ) ;
#1076 = LINE ( 'NONE', #914, #133 ) ;
#1077 = CARTESIAN_POINT ( 'NONE',  ( -2.000000000000000000, -1.249999999999999556, 3.100000000000000977 ) ) ;
#1078 = CARTESIAN_POINT ( 'NONE',  ( -11.04778049542631635, -2.515522141236739895, -0.4000000000000001332 ) ) ;
#1079 = EDGE_CURVE ( 'NONE', #82, #1675, #1783, .T. ) ;
#1080 = CARTESIAN_POINT ( 'NONE',  ( 0.2500000000000000000, -0.7499999999999997780, -3.000000000000000444 ) ) ;
#1081 = CARTESIAN_POINT ( 'NONE',  ( -6.584047217637897909, -1.060603886951648396E-15, -0.4000000000000000222 ) ) ;
#1082 = ORIENTED_EDGE ( 'NONE', *, *, #2300, .T. ) ;
#1083 = AXIS2_PLACEMENT_3D ( 'NONE', #1080, #1490, #49 ) ;
#1084 = EDGE_CURVE ( 'NONE', #159, #82, #2587, .T. ) ;
#1085 = CARTESIAN_POINT ( 'NONE',  ( 1.666666666666723806, -0.7999999999998950173, 1.699999999999999734 ) ) ;
#1086 = ORIENTED_EDGE ( 'NONE', *, *, #1719, .F. ) ;
#1087 = CARTESIAN_POINT ( 'NONE',  ( -5.771788935686915423, -1.420011226914883462, 2.670011226914884794 ) ) ;
#1088 = CARTESIAN_POINT ( 'NONE',  ( 2.333333333334111526, 0.000000000000000000, 0.4000000000000000222 ) ) ;
#1089 = DIRECTION ( 'NONE',  ( 0.000000000000000000, 1.000000000000000000, 0.000000000000000000 ) ) ;
#1090 = CARTESIAN_POINT ( 'NONE',  ( -7.101141410933709430, 8.618222479898967754E-06, -0.9000000000000000222 ) ) ;
#1091 =( BOUNDED_CURVE ( )  B_SPLINE_CURVE ( 3, ( #318, #1941, #2518, #1087 ),
 .UNSPECIFIED., .F., .F. ) 
 B_SPLINE_CURVE_WITH_KNOTS ( ( 4, 4 ),
 ( 3.141592653589791784, 4.625122517784969745 ),
 .UNSPECIFIED. ) 
 CURVE ( )  GEOMETRIC_REPRESENTATION_ITEM ( )  RATIONAL_B_SPLINE_CURVE ( ( 1.000000000000000000, 0.8248515578734165743, 0.8248515578734165743, 1.000000000000000000 ) ) 
 REPRESENTATION_ITEM ( '' )  );
#1092 = CARTESIAN_POINT ( 'NONE',  ( -1.757835351867656382, -0.8000000000000005995, 0.4000000000000000222 ) ) ;
#1093 = CARTESIAN_POINT ( 'NONE',  ( -6.411682508146158810, -1.042533850743575653E-15, -0.4000000000000000222 ) ) ;
#1094 = ORIENTED_EDGE ( 'NONE', *, *, #1735, .F. ) ;
#1095 = CARTESIAN_POINT ( 'NONE',  ( 2.333333333334111970, -0.7999999999999999334, 0.8999999999999999112 ) ) ;
#1096 = EDGE_LOOP ( 'NONE', ( #206, #698, #573, #831 ) ) ;
#1097 = ADVANCED_FACE ( 'NONE', ( #2531 ), #710, .T. ) ;
#1098 = LINE ( 'NONE', #2554, #1140 ) ;
#1099 = ORIENTED_EDGE ( 'NONE', *, *, #1155, .F. ) ;
#1100 = CARTESIAN_POINT ( 'NONE',  ( -2.000000000000000000, -1.477172874732682217, -2.999999999999999112 ) ) ;
#1101 = PLANE ( 'NONE',  #1148 ) ;
#1102 = CARTESIAN_POINT ( 'NONE',  ( -10.27791830652933669, -0.9998289890731180130, -0.9000000000000000222 ) ) ;
#1103 = CARTESIAN_POINT ( 'NONE',  ( -5.894588379671017009, -0.8000000000000010436, 0.4000000000000000222 ) ) ;
#1104 = CARTESIAN_POINT ( 'NONE',  ( -1.000000000000000000, 0.9999999999999995559, -3.099999999999999201 ) ) ;
#1105 = CARTESIAN_POINT ( 'NONE',  ( -11.28287609001529113, -0.7268985067496787078, -0.3999999999999998557 ) ) ;
#1106 = AXIS2_PLACEMENT_3D ( 'NONE', #294, #2122, #2146 ) ;
#1107 = AXIS2_PLACEMENT_3D ( 'NONE', #1865, #842, #1040 ) ;
#1108 = ORIENTED_EDGE ( 'NONE', *, *, #425, .F. ) ;
#1109 = VECTOR ( 'NONE', #1215, 1000.000000000000000 ) ;
#1110 = ADVANCED_FACE ( 'NONE', ( #2503, #1376 ), #1170, .T. ) ;
#1111 = CIRCLE ( 'NONE', #1955, 0.05000000000000002359 ) ;
#1112 = CARTESIAN_POINT ( 'NONE',  ( -6.000000000000000000, 0.000000000000000000, 1.300000000000000044 ) ) ;
#1113 = DIRECTION ( 'NONE',  ( -5.862995914032915683E-36, 1.084202172485504434E-16, 1.000000000000000000 ) ) ;
#1114 = DIRECTION ( 'NONE',  ( 0.000000000000000000, -1.000000000000000000, 0.000000000000000000 ) ) ;
#1115 = CARTESIAN_POINT ( 'NONE',  ( -7.863879800363497985, 0.7774235388848491635, -1.699999999999999734 ) ) ;
#1116 = CARTESIAN_POINT ( 'NONE',  ( 1.666666666666723806, -0.7999999999998950173, 0.4000000000000000222 ) ) ;
#1117 = CARTESIAN_POINT ( 'NONE',  ( 1.666666666666723806, -0.7999999999998950173, 0.4000000000000000222 ) ) ;
#1118 = CARTESIAN_POINT ( 'NONE',  ( -5.549858960687535259, -1.001169541669012285E-15, 1.699999999999999956 ) ) ;
#1119 = EDGE_LOOP ( 'NONE', ( #1759, #2351, #1069, #1042 ) ) ;
#1120 = CARTESIAN_POINT ( 'NONE',  ( 1.000000000000000000, -0.2500000000000000555, 0.3354101966249684597 ) ) ;
#1121 = CARTESIAN_POINT ( 'NONE',  ( -11.14635074930049896, -0.6313024340245224630, -0.9000000000000000222 ) ) ;
#1122 = EDGE_CURVE ( 'NONE', #1772, #1892, #811, .T. ) ;
#1123 = CARTESIAN_POINT ( 'NONE',  ( 1.666666666666723806, -0.7999999999998950173, -0.4000000000000001332 ) ) ;
#1124 = LINE ( 'NONE', #1936, #145 ) ;
#1125 = CARTESIAN_POINT ( 'NONE',  ( -11.04778049542631635, -2.515522141236739895, 0.4000000000000000222 ) ) ;
#1126 = UNCERTAINTY_MEASURE_WITH_UNIT (LENGTH_MEASURE( 1.000000000000000082E-05 ), #1382, 'distance_accuracy_value', 'NONE');
#1127 = CARTESIAN_POINT ( 'NONE',  ( -10.27791830652933669, -0.9998289890731180130, 1.699999999999999956 ) ) ;
#1128 = AXIS2_PLACEMENT_3D ( 'NONE', #1193, #2371, #2588 ) ;
#1129 = ORIENTED_EDGE ( 'NONE', *, *, #1550, .T. ) ;
#1130 = CARTESIAN_POINT ( 'NONE',  ( -11.77969232593829751, -2.051392651257140987, 0.4000000000000000222 ) ) ;
#1131 = CARTESIAN_POINT ( 'NONE',  ( -11.77969232593829751, -2.051392651257140987, 0.000000000000000000 ) ) ;
#1132 = CARTESIAN_POINT ( 'NONE',  ( 1.000000000000000000, -0.3000000000000000999, 0.3354101966249684597 ) ) ;
#1133 = CARTESIAN_POINT ( 'NONE',  ( -9.299267254564117735, 0.4427488732268364813, -1.699999999999999734 ) ) ;
#1134 = VERTEX_POINT ( 'NONE', #2233 ) ;
#1135 = CARTESIAN_POINT ( 'NONE',  ( -10.82401494093445393, -1.382220142180871969, 0.4000000000000000222 ) ) ;
#1136 = EDGE_CURVE ( 'NONE', #1586, #1971, #2402, .T. ) ;
#1137 = CARTESIAN_POINT ( 'NONE',  ( -1.000000000000000000, 0.7249999999999995337, -1.974999999999999423 ) ) ;
#1138 = CARTESIAN_POINT ( 'NONE',  ( -9.019851916776666201, -0.3079751092872122786, 0.4000000000000000222 ) ) ;
#1139 = CARTESIAN_POINT ( 'NONE',  ( -6.000000000000000000, 0.2666666666666665519, 1.001857603000027908 ) ) ;
#1140 = VECTOR ( 'NONE', #720, 1000.000000000000000 ) ;
#1141 = ORIENTED_EDGE ( 'NONE', *, *, #1136, .T. ) ;
#1142 = FACE_OUTER_BOUND ( 'NONE', #1869, .T. ) ;
#1143 = PRODUCT_DEFINITION_SHAPE ( 'NONE', 'NONE',  #2117 ) ;
#1144 = CARTESIAN_POINT ( 'NONE',  ( -7.548395301760295162, 0.7999852374456397630, 0.4000000000000000222 ) ) ;
#1145 = ORIENTED_EDGE ( 'NONE', *, *, #871, .F. ) ;
#1146 = CARTESIAN_POINT ( 'NONE',  ( -6.000000000000000000, -0.2666666666666678842, -1.001857603000020802 ) ) ;
#1147 = VECTOR ( 'NONE', #1800, 1000.000000000000000 ) ;
#1148 = AXIS2_PLACEMENT_3D ( 'NONE', #2333, #875, #90 ) ;
#1149 = CARTESIAN_POINT ( 'NONE',  ( -7.507670983177139767, -0.8000106901255261693, -1.699999999999999734 ) ) ;
#1150 = ORIENTED_EDGE ( 'NONE', *, *, #295, .F. ) ;
#1151 = AXIS2_PLACEMENT_3D ( 'NONE', #1017, #2434, #620 ) ;
#1152 = CARTESIAN_POINT ( 'NONE',  ( -8.285552999926764528, -0.09688487147738744643, 0.4000000000000000222 ) ) ;
#1153 = CARTESIAN_POINT ( 'NONE',  ( 1.000000000000000000, -0.2666666666666667740, 1.001857603000028130 ) ) ;
#1154 = CARTESIAN_POINT ( 'NONE',  ( -8.332504248056853413, -0.9300785219136368243, 0.4000000000000000222 ) ) ;
#1155 = EDGE_CURVE ( 'NONE', #478, #441, #45, .T. ) ;
#1156 = CARTESIAN_POINT ( 'NONE',  ( -3.826211865769982623, -8.204691795881260066E-16, 1.699999999999999956 ) ) ;
#1157 = VERTEX_POINT ( 'NONE', #1781 ) ;
#1158 = CARTESIAN_POINT ( 'NONE',  ( 3.000000000000000000, 0.000000000000000000, 1.699999999999999956 ) ) ;
#1159 = ADVANCED_FACE ( 'NONE', ( #1023 ), #1181, .T. ) ;
#1160 = CARTESIAN_POINT ( 'NONE',  ( 3.000000000000000000, 0.000000000000000000, 0.4000000000000000222 ) ) ;
#1161 = ORIENTED_EDGE ( 'NONE', *, *, #1547, .T. ) ;
#1162 = DIRECTION ( 'NONE',  ( 0.000000000000000000, -1.084202172485504434E-16, -1.000000000000000000 ) ) ;
#1163 = CARTESIAN_POINT ( 'NONE',  ( -7.782448939017433176, -0.01946246647860474382, -1.699999999999999956 ) ) ;
#1164 = VERTEX_POINT ( 'NONE', #997 ) ;
#1165 = CARTESIAN_POINT ( 'NONE',  ( 0.7500000000000000000, 0.7500000000000002220, -3.000000000000000000 ) ) ;
#1166 = CARTESIAN_POINT ( 'NONE',  ( -8.534218189476241889, -0.1548553832305235023, 0.4000000000000000222 ) ) ;
#1167 = LINE ( 'NONE', #2401, #2070 ) ;
#1168 = CARTESIAN_POINT ( 'NONE',  ( -6.584047217637897909, -1.109589758917542415E-15, 0.4000000000000000222 ) ) ;
#1169 = LINE ( 'NONE', #1424, #1147 ) ;
#1170 =( BOUNDED_SURFACE ( )  B_SPLINE_SURFACE ( 3, 3, ( 
 ( #1160, #1440, #1956, #2250, #773, #21, #1590, #2187, #153, #957, #2594, #2363, #743, #422, #2353, #529, #1041, #1360, #356, #1173, #1842, #1985, #1970, #2158, #2053, #2173, #140, #329 ),
 ( #1773, #631, #2578, #1425, #230, #1347, #2380, #2394, #167, #755, #1644, #1238, #1855, #1144, #830, #408, #1027, #614, #1572, #941, #559, #969, #1787, #2444, #215, #2237, #1223, #2038 ),
 ( #35, #1548, #1761, #2567, #1559, #543, #291, #1467, #1307, #1866, #1899, #856, #50, #2474, #2287, #256, #2066, #658, #1674, #1491, #879, #61, #437, #681, #1105, #2092, #2276, #81 ),
 ( #1711, #1658, #279, #2104, #71, #269, #449, #670, #1268, #1093, #1081, #1479, #1294, #2079, #2458, #2304, #243, #461, #1699, #2514, #1280, #1068, #475, #892, #1879, #644, #843, #1453 ),
 ( #869, #1254, #697, #1916, #1888, #1687, #1505, #2486, #2263, #1054, #2498, #2316, #486, #2116, #314, #110, #951, #919, #2142, #1937, #1555, #1355, #1517, #1948, #2562, #1737, #2153, #2526 ),
 ( #2167, #740, #1117, #148, #338, #1927, #2536, #1331, #352, #716, #2574, #121, #728, #1567, #1526, #2339, #1154, #936, #511, #750, #498, #2372, #134, #1964, #1757, #2548, #1125, #925 ),
 ( #553, #1745, #2360, #1542, #1769, #1370, #2327, #2349, #1319, #2181, #1168, #1342, #538, #97, #525, #909, #324, #1138, #1725, #707, #2130, #303, #627, #163, #187, #200, #1612, #1599 ) ),
 .UNSPECIFIED., .T., .F., .F. ) 
 B_SPLINE_SURFACE_WITH_KNOTS ( ( 4, 3, 4 ),
 ( 4, 2, 2, 2, 2, 2, 2, 2, 2, 2, 2, 2, 2, 4 ),
 ( 0.000000000000000000, 0.5000000000000000000, 1.000000000000000000 ),
 ( 0.000000000000000000, 0.1304815950373066358, 0.4003666617088481039, 0.5353091950446188241, 0.6027804617125042119, 0.6365160950464469058, 0.6702517283803895998, 0.7200683975259656311, 0.7698850666715415514, 0.8197017358171174717, 0.8695184049626933920, 0.9021388037220200440, 0.9347592024813466960, 1.000000000000000000 ),
 .UNSPECIFIED. ) 
 GEOMETRIC_REPRESENTATION_ITEM ( )  RATIONAL_B_SPLINE_SURFACE ( (
 ( 1.000000000000000000, 1.000000000000000000, 1.000000000000000000, 1.000000000000000000, 1.000000000000000000, 1.000000000000000000, 1.000000000000000000, 1.000000000000000000, 1.000000000000000000, 1.000000000000000000, 1.000000000000000000, 1.000000000000000000, 1.000000000000000000, 1.000000000000000000, 1.000000000000000000, 1.000000000000000000, 1.000000000000000000, 1.000000000000000000, 1.000000000000000000, 1.000000000000000000, 1.000000000000000000, 1.000000000000000000, 1.000000000000000000, 1.000000000000000000, 1.000000000000000000, 1.000000000000000000, 1.000000000000000000, 1.000000000000000000),
 ( 0.3333333333333333703, 0.3333333333333333703, 0.3333333333333333703, 0.3333333333333333703, 0.3333333333333333703, 0.3333333333333333703, 0.3333333333333333703, 0.3333333333333333703, 0.3333333333333333703, 0.3333333333333333703, 0.3333333333333333703, 0.3333333333333333703, 0.3333333333333333703, 0.3333333333333333703, 0.3333333333333333703, 0.3333333333333333703, 0.3333333333333333703, 0.3333333333333333703, 0.3333333333333333703, 0.3333333333333333703, 0.3333333333333333703, 0.3333333333333333703, 0.3333333333333333703, 0.3333333333333333703, 0.3333333333333333703, 0.3333333333333333703, 0.3333333333333333703, 0.3333333333333333703),
 ( 0.3333333333333333703, 0.3333333333333333703, 0.3333333333333333703, 0.3333333333333333703, 0.3333333333333333703, 0.3333333333333333703, 0.3333333333333333703, 0.3333333333333333703, 0.3333333333333333703, 0.3333333333333333703, 0.3333333333333333703, 0.3333333333333333703, 0.3333333333333333703, 0.3333333333333333703, 0.3333333333333333703, 0.3333333333333333703, 0.3333333333333333703, 0.3333333333333333703, 0.3333333333333333703, 0.3333333333333333703, 0.3333333333333333703, 0.3333333333333333703, 0.3333333333333333703, 0.3333333333333333703, 0.3333333333333333703, 0.3333333333333333703, 0.3333333333333333703, 0.3333333333333333703),
 ( 1.000000000000000000, 1.000000000000000000, 1.000000000000000000, 1.000000000000000000, 1.000000000000000000, 1.000000000000000000, 1.000000000000000000, 1.000000000000000000, 1.000000000000000000, 1.000000000000000000, 1.000000000000000000, 1.000000000000000000, 1.000000000000000000, 1.000000000000000000, 1.000000000000000000, 1.000000000000000000, 1.000000000000000000, 1.000000000000000000, 1.000000000000000000, 1.000000000000000000, 1.000000000000000000, 1.000000000000000000, 1.000000000000000000, 1.000000000000000000, 1.000000000000000000, 1.000000000000000000, 1.000000000000000000, 1.000000000000000000),
 ( 0.3333333333333333703, 0.3333333333333333703, 0.3333333333333333703, 0.3333333333333333703, 0.3333333333333333703, 0.3333333333333333703, 0.3333333333333333703, 0.3333333333333333703, 0.3333333333333333703, 0.3333333333333333703, 0.3333333333333333703, 0.3333333333333333703, 0.3333333333333333703, 0.3333333333333333703, 0.3333333333333333703, 0.3333333333333333703, 0.3333333333333333703, 0.3333333333333333703, 0.3333333333333333703, 0.3333333333333333703, 0.3333333333333333703, 0.3333333333333333703, 0.3333333333333333703, 0.3333333333333333703, 0.3333333333333333703, 0.3333333333333333703, 0.3333333333333333703, 0.3333333333333333703),
 ( 0.3333333333333333703, 0.3333333333333333703, 0.3333333333333333703, 0.3333333333333333703, 0.3333333333333333703, 0.3333333333333333703, 0.3333333333333333703, 0.3333333333333333703, 0.3333333333333333703, 0.3333333333333333703, 0.3333333333333333703, 0.3333333333333333703, 0.3333333333333333703, 0.3333333333333333703, 0.3333333333333333703, 0.3333333333333333703, 0.3333333333333333703, 0.3333333333333333703, 0.3333333333333333703, 0.3333333333333333703, 0.3333333333333333703, 0.3333333333333333703, 0.3333333333333333703, 0.3333333333333333703, 0.3333333333333333703, 0.3333333333333333703, 0.3333333333333333703, 0.3333333333333333703),
 ( 1.000000000000000000, 1.000000000000000000, 1.000000000000000000, 1.000000000000000000, 1.000000000000000000, 1.000000000000000000, 1.000000000000000000, 1.000000000000000000, 1.000000000000000000, 1.000000000000000000, 1.000000000000000000, 1.000000000000000000, 1.000000000000000000, 1.000000000000000000, 1.000000000000000000, 1.000000000000000000, 1.000000000000000000, 1.000000000000000000, 1.000000000000000000, 1.000000000000000000, 1.000000000000000000, 1.000000000000000000, 1.000000000000000000, 1.000000000000000000, 1.000000000000000000, 1.000000000000000000, 1.000000000000000000, 1.000000000000000000) ) ) 
 REPRESENTATION_ITEM ( '' )  SURFACE ( )  );
#1171 = ORIENTED_EDGE ( 'NONE', *, *, #745, .T. ) ;
#1172 = CARTESIAN_POINT ( 'NONE',  ( -1.000000000000000000, 0.7249999999999999778, 1.975000000000000977 ) ) ;
#1173 = CARTESIAN_POINT ( 'NONE',  ( -9.713323421820810211, -0.6282648523835685506, 0.4000000000000000222 ) ) ;
#1174 = EDGE_CURVE ( 'NONE', #2043, #151, #1942, .T. ) ;
#1175 = EDGE_LOOP ( 'NONE', ( #1082, #1560, #1099, #1196 ) ) ;
#1176 = DIRECTION ( 'NONE',  ( -1.000000000000000000, -0.000000000000000000, -0.000000000000000000 ) ) ;
#1177 = CARTESIAN_POINT ( 'NONE',  ( -11.77969232593829751, -2.051392651257140987, -1.699999999999999956 ) ) ;
#1178 = CARTESIAN_POINT ( 'NONE',  ( -2.000000000000000000, -1.477172874732681551, 3.000000000000000888 ) ) ;
#1179 = CARTESIAN_POINT ( 'NONE',  ( -6.584047217637897909, -1.109589758917542415E-15, 0.4000000000000000222 ) ) ;
#1180 = CARTESIAN_POINT ( 'NONE',  ( -5.907776915682686258, -1.408113820289463414, -2.658113820289462748 ) ) ;
#1181 = PLANE ( 'NONE',  #714 ) ;
#1182 = VECTOR ( 'NONE', #2603, 1000.000000000000000 ) ;
#1183 = DIRECTION ( 'NONE',  ( 0.000000000000000000, 0.000000000000000000, 1.000000000000000000 ) ) ;
#1184 = ORIENTED_EDGE ( 'NONE', *, *, #8, .F. ) ;
#1185 = CARTESIAN_POINT ( 'NONE',  ( -5.894588379671017009, 0.7999999999999987121, 1.699999999999999734 ) ) ;
#1186 = EDGE_LOOP ( 'NONE', ( #991, #1645, #792, #861 ) ) ;
#1187 = CARTESIAN_POINT ( 'NONE',  ( -1.250000000000000000, -1.250000000000000666, -3.099999999999998757 ) ) ;
#1188 = EDGE_CURVE ( 'NONE', #1497, #73, #175, .T. ) ;
#1189 = CARTESIAN_POINT ( 'NONE',  ( -7.101141410933709430, 8.618222479944839671E-06, -1.699999999999999956 ) ) ;
#1190 = ORIENTED_EDGE ( 'NONE', *, *, #1722, .T. ) ;
#1191 = DIRECTION ( 'NONE',  ( -0.000000000000000000, 1.000000000000000000, 3.446399599903740457E-16 ) ) ;
#1192 = LINE ( 'NONE', #578, #2255 ) ;
#1193 = CARTESIAN_POINT ( 'NONE',  ( -2.250000000000000444, 1.477172874732682439, 3.000000000000000888 ) ) ;
#1194 = CARTESIAN_POINT ( 'NONE',  ( -1.250000000000000000, -0.9999999999999995559, 3.100000000000000977 ) ) ;
#1195 = CYLINDRICAL_SURFACE ( 'NONE', #686, 0.2500000000000000000 ) ;
#1196 = ORIENTED_EDGE ( 'NONE', *, *, #1890, .T. ) ;
#1197 = CARTESIAN_POINT ( 'NONE',  ( -10.10369420041536159, 0.07121277123506331019, 1.699999999999999734 ) ) ;
#1198 = ORIENTED_EDGE ( 'NONE', *, *, #1400, .T. ) ;
#1199 = DIRECTION ( 'NONE',  ( -0.8191520442889907994, -0.5735764363510474917, 0.000000000000000000 ) ) ;
#1200 = CARTESIAN_POINT ( 'NONE',  ( -6.411682508146158810, -0.8000000000000010436, -1.699999999999999734 ) ) ;
#1201 = ORIENTED_EDGE ( 'NONE', *, *, #388, .T. ) ;
#1202 = DIRECTION ( 'NONE',  ( -1.000000000000000000, -0.000000000000000000, -0.000000000000000000 ) ) ;
#1203 = CARTESIAN_POINT ( 'NONE',  ( 3.000000000000000000, 0.000000000000000000, 0.000000000000000000 ) ) ;
#1204 = PLANE ( 'NONE',  #450 ) ;
#1205 = CARTESIAN_POINT ( 'NONE',  ( -1.999999999999999334, 1.633961637524750987, -2.999999999999999112 ) ) ;
#1206 = EDGE_CURVE ( 'NONE', #2251, #1226, #1824, .T. ) ;
#1207 = CARTESIAN_POINT ( 'NONE',  ( -11.28287609001529113, -0.7268985067496787078, 0.4000000000000000222 ) ) ;
#1208 = PLANE ( 'NONE',  #813 ) ;
#1209 = VERTEX_POINT ( 'NONE', #1839 ) ;
#1210 = CARTESIAN_POINT ( 'NONE',  ( -11.14635074930049896, -0.6313024340245225741, 0.9000000000000002442 ) ) ;
#1211 = ORIENTED_EDGE ( 'NONE', *, *, #1079, .F. ) ;
#1212 = DIRECTION ( 'NONE',  ( 0.000000000000000000, 1.000000000000000000, 0.000000000000000000 ) ) ;
#1213 = CARTESIAN_POINT ( 'NONE',  ( -6.928776636621623908, -0.8000000000000010436, -0.9000000000000000222 ) ) ;
#1214 = ORIENTED_EDGE ( 'NONE', *, *, #817, .F. ) ;
#1215 = DIRECTION ( 'NONE',  ( 1.000000000000000000, -0.000000000000000000, -0.000000000000000000 ) ) ;
#1216 = DIRECTION ( 'NONE',  ( -1.000000000000000000, 0.000000000000000000, 0.000000000000000000 ) ) ;
#1217 = DIRECTION ( 'NONE',  ( 0.000000000000000000, -1.000000000000000000, 0.000000000000000000 ) ) ;
#1218 = CARTESIAN_POINT ( 'NONE',  ( -5.771788935686914535, 1.420011226914884350, 2.650045345896304028 ) ) ;
#1219 = VECTOR ( 'NONE', #1007, 1000.000000000000000 ) ;
#1220 = CARTESIAN_POINT ( 'NONE',  ( 1.666666666666723806, 0.8000000000001048495, -0.3999999999999998557 ) ) ;
#1221 = EDGE_CURVE ( 'NONE', #1028, #2595, #212, .T. ) ;
#1222 = CARTESIAN_POINT ( 'NONE',  ( 1.000000000000000000, 0.2666666666666664409, 1.001857603000027908 ) ) ;
#1223 = CARTESIAN_POINT ( 'NONE',  ( -11.96550279358799251, -1.204878870374354038, 0.4000000000000000222 ) ) ;
#1224 = ORIENTED_EDGE ( 'NONE', *, *, #1322, .T. ) ;
#1225 = CARTESIAN_POINT ( 'NONE',  ( -7.087352244545633617, 0.8000099971380947306, 1.699999999999999734 ) ) ;
#1226 = VERTEX_POINT ( 'NONE', #1797 ) ;
#1227 = DIRECTION ( 'NONE',  ( 0.000000000000000000, 0.000000000000000000, 1.000000000000000000 ) ) ;
#1228 = VECTOR ( 'NONE', #1396, 1000.000000000000000 ) ;
#1229 = CARTESIAN_POINT ( 'NONE',  ( -8.285552999926764528, -0.09688487147738744643, -0.9000000000000000222 ) ) ;
#1230 = ORIENTED_EDGE ( 'NONE', *, *, #235, .T. ) ;
#1231 = CARTESIAN_POINT ( 'NONE',  ( -1.000000000000000000, -0.9999999999999995559, 3.100000000000000977 ) ) ;
#1232 = DIRECTION ( 'NONE',  ( -0.000000000000000000, -3.446399599903781379E-16, -1.000000000000000000 ) ) ;
#1233 = LINE ( 'NONE', #471, #491 ) ;
#1234 = AXIS2_PLACEMENT_3D ( 'NONE', #1314, #56, #1062 ) ;
#1235 = CARTESIAN_POINT ( 'NONE',  ( -8.534218189476241889, -0.1548553832305235023, -0.4000000000000000222 ) ) ;
#1236 = AXIS2_PLACEMENT_3D ( 'NONE', #2470, #592, #2231 ) ;
#1237 = DIRECTION ( 'NONE',  ( -1.000000000000000000, -0.000000000000000000, -0.000000000000000000 ) ) ;
#1238 = CARTESIAN_POINT ( 'NONE',  ( -6.928776636621623908, 0.7999999999999987121, 0.4000000000000000222 ) ) ;
#1239 = EDGE_LOOP ( 'NONE', ( #659 ) ) ;
#1240 = CIRCLE ( 'NONE', #983, 0.4000000000000000222 ) ;
#1241 = EDGE_CURVE ( 'NONE', #1426, #307, #1993, .T. ) ;
#1242 = CIRCLE ( 'NONE', #2259, 0.2500000000000000000 ) ;
#1243 = CARTESIAN_POINT ( 'NONE',  ( -7.087352244545633617, 0.8000099971380947306, 0.9000000000000002442 ) ) ;
#1244 = EDGE_LOOP ( 'NONE', ( #1454, #366, #192, #2539 ) ) ;
#1245 = EDGE_CURVE ( 'NONE', #1044, #2433, #1618, .T. ) ;
#1246 =( GEOMETRIC_REPRESENTATION_CONTEXT ( 3 ) GLOBAL_UNCERTAINTY_ASSIGNED_CONTEXT ( ( #2036 ) ) GLOBAL_UNIT_ASSIGNED_CONTEXT ( ( #2138, #564, #508 ) ) REPRESENTATION_CONTEXT ( 'NONE', 'WORKASPACE' ) );
#1247 = CARTESIAN_POINT ( 'NONE',  ( -11.50664164450715354, -1.860200505805547300, -0.9000000000000000222 ) ) ;
#1248 = CARTESIAN_POINT ( 'NONE',  ( -11.77969232593829751, -2.051392651257140987, 1.699999999999999956 ) ) ;
#1249 = DIRECTION ( 'NONE',  ( 0.000000000000000000, 0.000000000000000000, 1.000000000000000000 ) ) ;
#1250 = CARTESIAN_POINT ( 'NONE',  ( -6.000000000000000000, 1.170962552391947575, -2.650045345896302251 ) ) ;
#1251 = PLANE ( 'NONE',  #1005 ) ;
#1252 = CARTESIAN_POINT ( 'NONE',  ( -10.10369420041536159, 0.07121277123506331019, 0.4000000000000000222 ) ) ;
#1253 = DIRECTION ( 'NONE',  ( 1.000000000000000000, 0.000000000000000000, 0.000000000000000000 ) ) ;
#1254 = CARTESIAN_POINT ( 'NONE',  ( 2.333333333334111970, -0.7999999999999999334, -0.4000000000000001332 ) ) ;
#1255 = EDGE_LOOP ( 'NONE', ( #1492, #1198, #257, #2320 ) ) ;
#1256 = CARTESIAN_POINT ( 'NONE',  ( -5.549858960687534370, -0.8000000000000009326, 1.699999999999999734 ) ) ;
#1257 = ORIENTED_EDGE ( 'NONE', *, *, #47, .T. ) ;
#1258 = CARTESIAN_POINT ( 'NONE',  ( -6.000000000000001776, 1.307469984379150629, -2.650045345896302695 ) ) ;
#1259 = ADVANCED_FACE ( 'NONE', ( #1584 ), #2009, .T. ) ;
#1260 = CARTESIAN_POINT ( 'NONE',  ( -6.000000000000000000, 0.000000000000000000, 0.000000000000000000 ) ) ;
#1261 = CARTESIAN_POINT ( 'NONE',  ( -9.019851916776666201, -0.3079751092872122786, 1.699999999999999956 ) ) ;
#1262 = PLANE ( 'NONE',  #1573 ) ;
#1263 = CARTESIAN_POINT ( 'NONE',  ( 3.000000000000000000, 0.000000000000000000, -1.300000000000000044 ) ) ;
#1264 = VECTOR ( 'NONE', #655, 1000.000000000000000 ) ;
#1265 = DIRECTION ( 'NONE',  ( -0.000000000000000000, -1.000000000000000000, 1.734723475976806848E-16 ) ) ;
#1266 = CARTESIAN_POINT ( 'NONE',  ( -5.894588379671017009, -9.883237421192966846E-16, -0.4000000000000000222 ) ) ;
#1267 = LINE ( 'NONE', #254, #566 ) ;
#1268 = CARTESIAN_POINT ( 'NONE',  ( -5.894588379671017009, -9.883237421192966846E-16, -0.4000000000000000222 ) ) ;
#1269 = ORIENTED_EDGE ( 'NONE', *, *, #2407, .F. ) ;
#1270 = CARTESIAN_POINT ( 'NONE',  ( -4.515670703736355485, -0.8000000000000007105, 0.8999999999999999112 ) ) ;
#1271 = ORIENTED_EDGE ( 'NONE', *, *, #1292, .F. ) ;
#1272 = CARTESIAN_POINT ( 'NONE',  ( -8.939470478032253808, -1.138618229048015351, -0.9000000000000000222 ) ) ;
#1273 = CARTESIAN_POINT ( 'NONE',  ( -4.515670703736355485, -8.927493244204541504E-16, 0.4000000000000000222 ) ) ;
#1274 = EDGE_CURVE ( 'NONE', #527, #478, #913, .T. ) ;
#1275 = CARTESIAN_POINT ( 'NONE',  ( 1.000000000000000000, 0.7500000000000002220, -3.000000000000000000 ) ) ;
#1276 = LINE ( 'NONE', #1641, #1264 ) ;
#1277 = EDGE_CURVE ( 'NONE', #1006, #1426, #108, .T. ) ;
#1278 = CARTESIAN_POINT ( 'NONE',  ( -3.826211865769982623, -0.8000000000000007105, 0.4000000000000000222 ) ) ;
#1279 = DIRECTION ( 'NONE',  ( -1.000000000000000000, 0.000000000000000000, 0.000000000000000000 ) ) ;
#1280 = CARTESIAN_POINT ( 'NONE',  ( -9.932884554299999280, -0.7582594639243382950, -0.4000000000000000222 ) ) ;
#1281 = ORIENTED_EDGE ( 'NONE', *, *, #1350, .F. ) ;
#1282 = VECTOR ( 'NONE', #1884, 1000.000000000000114 ) ;
#1283 = CARTESIAN_POINT ( 'NONE',  ( -7.114930577321783467, -0.7999927606931349633, 0.8999999999999999112 ) ) ;
#1284 = AXIS2_PLACEMENT_3D ( 'NONE', #1873, #1922, #666 ) ;
#1285 = ORIENTED_EDGE ( 'NONE', *, *, #1277, .T. ) ;
#1286 = DIRECTION ( 'NONE',  ( 0.000000000000000000, 0.000000000000000000, 1.000000000000000000 ) ) ;
#1287 = DIRECTION ( 'NONE',  ( -0.000000000000000000, 2.168404344971008868E-16, -1.000000000000000000 ) ) ;
#1288 = CARTESIAN_POINT ( 'NONE',  ( -1.250000000000000000, -1.249999999999999556, 3.100000000000000977 ) ) ;
#1289 = EDGE_CURVE ( 'NONE', #1375, #1375, #616, .T. ) ;
#1290 = CARTESIAN_POINT ( 'NONE',  ( -5.549858960687535259, -1.001169541669012285E-15, -0.9000000000000000222 ) ) ;
#1291 = CARTESIAN_POINT ( 'NONE',  ( -5.894588379671017009, -0.8000000000000010436, -0.4000000000000001332 ) ) ;
#1292 = EDGE_CURVE ( 'NONE', #1209, #438, #1823, .T. ) ;
#1293 = CARTESIAN_POINT ( 'NONE',  ( 0.7500000000000000000, -0.9999999999999997780, 2.999999999999999556 ) ) ;
#1294 = CARTESIAN_POINT ( 'NONE',  ( -7.101141410933709430, 8.618222479944839671E-06, -0.4000000000000000222 ) ) ;
#1295 = ORIENTED_EDGE ( 'NONE', *, *, #2314, .F. ) ;
#1296 = APPLICATION_CONTEXT ( 'automotive_design' ) ;
#1297 = CARTESIAN_POINT ( 'NONE',  ( -8.939470478032253808, -1.138618229048015351, 0.8999999999999999112 ) ) ;
#1298 = VERTEX_POINT ( 'NONE', #610 ) ;
#1299 = MANIFOLD_SOLID_BREP ( 'Sweep3', #1571 ) ;
#1300 = CARTESIAN_POINT ( 'NONE',  ( 0.2500000000000000000, -0.9999999999999997780, -3.000000000000000444 ) ) ;
#1301 = CARTESIAN_POINT ( 'NONE',  ( -6.928776636621624796, -1.145729831333761461E-15, 0.4000000000000000222 ) ) ;
#1302 = DIRECTION ( 'NONE',  ( 0.000000000000000000, 1.748713181428233054E-16, 1.000000000000000000 ) ) ;
#1303 = MANIFOLD_SOLID_BREP ( 'LPattern1[2]', #1070 ) ;
#1304 = CARTESIAN_POINT ( 'NONE',  ( -10.87330006787080094, -0.4401102885742298465, -1.699999999999999734 ) ) ;
#1305 = CARTESIAN_POINT ( 'NONE',  ( -11.23359096307900096, -1.669008360356527332, -0.4000000000000000222 ) ) ;
#1306 = PLANE ( 'NONE',  #1683 ) ;
#1307 = CARTESIAN_POINT ( 'NONE',  ( -5.894588379671017009, 0.7999999999999987121, -0.3999999999999998557 ) ) ;
#1308 = ORIENTED_EDGE ( 'NONE', *, *, #2355, .F. ) ;
#1309 = EDGE_CURVE ( 'NONE', #271, #2197, #305, .T. ) ;
#1310 = CARTESIAN_POINT ( 'NONE',  ( -11.32083117685746032, -2.706714286688333360, 0.8999999999999999112 ) ) ;
#1311 = ORIENTED_EDGE ( 'NONE', *, *, #1828, .T. ) ;
#1312 = CARTESIAN_POINT ( 'NONE',  ( -2.301593370430399244, 1.723613999092765248, -2.973613999092764804 ) ) ;
#1313 = CARTESIAN_POINT ( 'NONE',  ( -5.549858960687535259, -1.001169541669012285E-15, 0.4000000000000000222 ) ) ;
#1314 = CARTESIAN_POINT ( 'NONE',  ( -11.77969232593829751, -2.051392651257140987, -1.300000000000000044 ) ) ;
#1315 = MANIFOLD_SOLID_BREP ( 'Cut-Extrude6', #91 ) ;
#1316 = CARTESIAN_POINT ( 'NONE',  ( -4.515670703736355485, 0.7999999999999990452, -1.699999999999999734 ) ) ;
#1317 = CARTESIAN_POINT ( 'NONE',  ( -9.955577769709124780, -1.750753559436615259, 0.4000000000000000222 ) ) ;
#1318 = AXIS2_PLACEMENT_3D ( 'NONE', #996, #2414, #1217 ) ;
#1319 = CARTESIAN_POINT ( 'NONE',  ( -5.894588379671017009, -1.037309614085190704E-15, 0.4000000000000000222 ) ) ;
#1320 = VECTOR ( 'NONE', #1325, 1000.000000000000000 ) ;
#1321 = CARTESIAN_POINT ( 'NONE',  ( -8.534218189476241889, -0.1548553832305235023, 1.699999999999999956 ) ) ;
#1322 = EDGE_CURVE ( 'NONE', #333, #1552, #2385, .T. ) ;
#1323 = ORIENTED_EDGE ( 'NONE', *, *, #2584, .T. ) ;
#1324 = VECTOR ( 'NONE', #2160, 1000.000000000000000 ) ;
#1325 = DIRECTION ( 'NONE',  ( -0.000000000000000000, 3.446399599903740457E-16, -1.000000000000000000 ) ) ;
#1326 = ADVANCED_FACE ( 'NONE', ( #974 ), #2599, .T. ) ;
#1327 = CARTESIAN_POINT ( 'NONE',  ( -11.96550279358799251, -1.204878870374354038, -0.9000000000000000222 ) ) ;
#1328 = CARTESIAN_POINT ( 'NONE',  ( -8.332504248056853413, -0.9300785219136368243, 0.4000000000000000222 ) ) ;
#1329 = COLOUR_RGB ( '',0.7921568627450980005, 0.8196078431372548767, 0.9333333333333333481 ) ;
#1330 = DIRECTION ( 'NONE',  ( -0.000000000000000000, -1.000000000000000000, -0.000000000000000000 ) ) ;
#1331 = CARTESIAN_POINT ( 'NONE',  ( -5.549858960687534370, -0.8000000000000009326, 0.4000000000000000222 ) ) ;
#1332 = CARTESIAN_POINT ( 'NONE',  ( -4.515670703736355485, -8.927493244204541504E-16, 1.699999999999999956 ) ) ;
#1333 = VECTOR ( 'NONE', #2337, 1000.000000000000000 ) ;
#1334 = EDGE_LOOP ( 'NONE', ( #1807, #360, #2069, #1161 ) ) ;
#1335 = CARTESIAN_POINT ( 'NONE',  ( 0.000000000000000000, 0.000000000000000000, 0.000000000000000000 ) ) ;
#1336 = CARTESIAN_POINT ( 'NONE',  ( -6.000000000000000000, 0.2500000000000001665, -0.3354101966249684041 ) ) ;
#1337 = CARTESIAN_POINT ( 'NONE',  ( 1.000000000000000000, -0.2666666666666667740, 1.001857603000028130 ) ) ;
#1338 = EDGE_CURVE ( 'NONE', #2251, #1298, #197, .T. ) ;
#1339 = CARTESIAN_POINT ( 'NONE',  ( 3.000000000000000444, 0.7999999999999999334, -1.699999999999999734 ) ) ;
#1340 = CARTESIAN_POINT ( 'NONE',  ( -10.41443891878996197, -1.095431924005422886, 0.4000000000000000222 ) ) ;
#1341 = CARTESIAN_POINT ( 'NONE',  ( 1.000000000000000000, -0.2666666666666667185, -0.2981423969999719703 ) ) ;
#1342 = CARTESIAN_POINT ( 'NONE',  ( -6.928776636621624796, -1.145729831333761461E-15, 0.4000000000000000222 ) ) ;
#1343 = CARTESIAN_POINT ( 'NONE',  ( -11.77969232593829751, -2.051392651257140987, 0.4000000000000000222 ) ) ;
#1344 = CARTESIAN_POINT ( 'NONE',  ( -6.000000000000000000, -0.2500000000000000555, -0.3354101966249684597 ) ) ;
#1345 = ORIENTED_EDGE ( 'NONE', *, *, #2280, .F. ) ;
#1346 = VERTEX_POINT ( 'NONE', #1130 ) ;
#1347 = CARTESIAN_POINT ( 'NONE',  ( -3.826211865769982623, 0.7999999999999990452, 0.4000000000000000222 ) ) ;
#1348 = DIRECTION ( 'NONE',  ( 0.000000000000000000, 1.084202172485504434E-16, 1.000000000000000000 ) ) ;
#1349 = CARTESIAN_POINT ( 'NONE',  ( -11.23359096307900096, -1.669008360356527332, -0.9000000000000000222 ) ) ;
#1350 = EDGE_CURVE ( 'NONE', #1880, #2571, #1596, .T. ) ;
#1351 = ORIENTED_EDGE ( 'NONE', *, *, #2423, .F. ) ;
#1352 = CARTESIAN_POINT ( 'NONE',  ( -9.256797034685009251, -0.4031169393428793435, 0.4000000000000000222 ) ) ;
#1353 = VECTOR ( 'NONE', #2020, 1000.000000000000000 ) ;
#1354 = FACE_OUTER_BOUND ( 'NONE', #1393, .T. ) ;
#1355 = CARTESIAN_POINT ( 'NONE',  ( -9.808134373638695891, -1.647504036639465319, -0.4000000000000001332 ) ) ;
#1356 = EDGE_CURVE ( 'NONE', #2515, #84, #948, .T. ) ;
#1357 = CARTESIAN_POINT ( 'NONE',  ( -10.41443891878996197, -1.095431924005422886, 1.699999999999999956 ) ) ;
#1358 = ORIENTED_EDGE ( 'NONE', *, *, #1655, .T. ) ;
#1359 = CARTESIAN_POINT ( 'NONE',  ( 0.000000000000000000, -0.7250000000000005329, -1.974999999999999867 ) ) ;
#1360 = CARTESIAN_POINT ( 'NONE',  ( -9.019851916776666201, -0.3079751092872122786, 0.4000000000000000222 ) ) ;
#1361 = ORIENTED_EDGE ( 'NONE', *, *, #1292, .T. ) ;
#1362 = LINE ( 'NONE', #1337, #1324 ) ;
#1363 = CIRCLE ( 'NONE', #1669, 0.04999999999999991257 ) ;
#1364 = CARTESIAN_POINT ( 'NONE',  ( -10.36515379185361674, -2.037541777612064120, -1.699999999999999734 ) ) ;
#1365 = EDGE_LOOP ( 'NONE', ( #1536, #770, #1931, #2417 ) ) ;
#1366 = AXIS2_PLACEMENT_3D ( 'NONE', #1132, #1176, #2382 ) ;
#1367 = DIRECTION ( 'NONE',  ( 0.000000000000000000, 0.000000000000000000, -1.000000000000000000 ) ) ;
#1368 = ADVANCED_FACE ( 'NONE', ( #1850 ), #2399, .T. ) ;
#1369 = CARTESIAN_POINT ( 'NONE',  ( -2.000000000000000000, 1.249999999999999556, -2.999999999999996891 ) ) ;
#1370 = CARTESIAN_POINT ( 'NONE',  ( -3.826211865769982623, -8.204691795881260066E-16, 0.4000000000000000222 ) ) ;
#1371 = CARTESIAN_POINT ( 'NONE',  ( -6.411682508146158810, 0.7999999999999987121, 0.4000000000000000222 ) ) ;
#1372 = EDGE_CURVE ( 'NONE', #2096, #2437, #1621, .T. ) ;
#1373 = CYLINDRICAL_SURFACE ( 'NONE', #336, 0.2500000000000000000 ) ;
#1374 = VERTEX_POINT ( 'NONE', #1394 ) ;
#1375 = VERTEX_POINT ( 'NONE', #1158 ) ;
#1376 = FACE_OUTER_BOUND ( 'NONE', #2209, .T. ) ;
#1377 = ORIENTED_EDGE ( 'NONE', *, *, #1831, .F. ) ;
#1378 = AXIS2_PLACEMENT_3D ( 'NONE', #2561, #1516, #918 ) ;
#1379 = FILL_AREA_STYLE_COLOUR ( '', #2090 ) ;
#1380 = CARTESIAN_POINT ( 'NONE',  ( -5.549858960687535259, -9.521836697031182654E-16, -1.699999999999999956 ) ) ;
#1381 = EDGE_LOOP ( 'NONE', ( #1631, #1190, #462, #605, #1789, #1569 ) ) ;
#1382 =( LENGTH_UNIT ( ) NAMED_UNIT ( * ) SI_UNIT ( .MILLI., .METRE. ) );
#1383 = PLANE ( 'NONE',  #1533 ) ;
#1384 = DIRECTION ( 'NONE',  ( 0.000000000000000000, 0.000000000000000000, 1.000000000000000000 ) ) ;
#1385 = DIRECTION ( 'NONE',  ( 0.000000000000000000, -1.084202172485504434E-16, -1.000000000000000000 ) ) ;
#1386 = CARTESIAN_POINT ( 'NONE',  ( -10.82401494093445393, -1.382220142180871969, 0.4000000000000000222 ) ) ;
#1387 = ORIENTED_EDGE ( 'NONE', *, *, #1174, .F. ) ;
#1388 = EDGE_CURVE ( 'NONE', #123, #2463, #591, .T. ) ;
#1389 = CARTESIAN_POINT ( 'NONE',  ( -10.37506483104643529, -0.09126024169949303877, 0.9000000000000002442 ) ) ;
#1390 = EDGE_LOOP ( 'NONE', ( #893, #165, #2174, #233 ) ) ;
#1391 = CARTESIAN_POINT ( 'NONE',  ( 0.000000000000000000, 0.7249999999999995337, -1.974999999999999423 ) ) ;
#1392 = CARTESIAN_POINT ( 'NONE',  ( -6.584047217637897020, -0.8000000000000010436, -1.699999999999999734 ) ) ;
#1393 = EDGE_LOOP ( 'NONE', ( #2229, #347, #2183, #500 ) ) ;
#1394 = CARTESIAN_POINT ( 'NONE',  ( -2.000000000000000000, -1.249999999999999556, 3.100000000000000977 ) ) ;
#1395 = CARTESIAN_POINT ( 'NONE',  ( -2.000000000000000000, 1.249999999999999556, -3.099999999999999201 ) ) ;
#1396 = DIRECTION ( 'NONE',  ( 0.000000000000000000, 1.000000000000000000, 0.000000000000000000 ) ) ;
#1397 = DIRECTION ( 'NONE',  ( 0.000000000000000000, 0.000000000000000000, 1.000000000000000000 ) ) ;
#1398 = CARTESIAN_POINT ( 'NONE',  ( 1.000000000000000000, 0.2500000000000001665, -0.3354101966249684041 ) ) ;
#1399 = ORIENTED_EDGE ( 'NONE', *, *, #1582, .T. ) ;
#1400 = EDGE_CURVE ( 'NONE', #1867, #882, #623, .T. ) ;
#1401 = CARTESIAN_POINT ( 'NONE',  ( -11.96550279358799251, -1.204878870374354038, 1.699999999999999734 ) ) ;
#1402 = EDGE_LOOP ( 'NONE', ( #2381, #1358, #2277, #1224, #709, #39, #938, #622, #2169, #2188, #2431, #2356, #774, #2582, #399, #2290 ) ) ;
#1403 = ADVANCED_FACE ( 'NONE', ( #387 ), #1820, .T. ) ;
#1404 = CARTESIAN_POINT ( 'NONE',  ( -3.826211865769982623, -7.714833076222318882E-16, -1.699999999999999956 ) ) ;
#1405 = FACE_OUTER_BOUND ( 'NONE', #2577, .T. ) ;
#1406 = DIRECTION ( 'NONE',  ( -0.9961946980917455452, -0.08715574274765836016, 0.000000000000000000 ) ) ;
#1407 = AXIS2_PLACEMENT_3D ( 'NONE', #54, #2480, #468 ) ;
#1408 = CARTESIAN_POINT ( 'NONE',  ( -2.000000000000000000, 1.477172874732682439, 3.000000000000000888 ) ) ;
#1409 = DIRECTION ( 'NONE',  ( -0.000000000000000000, 0.000000000000000000, 1.000000000000000000 ) ) ;
#1410 = VECTOR ( 'NONE', #1045, 1000.000000000000000 ) ;
#1411 = DIRECTION ( 'NONE',  ( 0.000000000000000000, 0.000000000000000000, 1.000000000000000000 ) ) ;
#1412 = CARTESIAN_POINT ( 'NONE',  ( -3.826211865769982623, 0.7999999999999990452, -0.3999999999999998557 ) ) ;
#1413 = CARTESIAN_POINT ( 'NONE',  ( -6.000000000000000000, -0.2666666666666666630, 1.001857603000028130 ) ) ;
#1414 = ORIENTED_EDGE ( 'NONE', *, *, #59, .F. ) ;
#1415 = CARTESIAN_POINT ( 'NONE',  ( -4.515670703736355485, -8.437634524545600320E-16, 0.9000000000000000222 ) ) ;
#1416 = ORIENTED_EDGE ( 'NONE', *, *, #1309, .T. ) ;
#1417 = CARTESIAN_POINT ( 'NONE',  ( -1.757835351867656382, -0.8000000000000005995, -1.699999999999999734 ) ) ;
#1418 = EDGE_LOOP ( 'NONE', ( #985, #144, #220, #2364 ) ) ;
#1419 = DIRECTION ( 'NONE',  ( 0.9961946980917455452, 0.000000000000000000, 0.08715574274765836016 ) ) ;
#1420 = ADVANCED_FACE ( 'NONE', ( #2624 ), #432, .F. ) ;
#1421 = LINE ( 'NONE', #2413, #859 ) ;
#1422 = LINE ( 'NONE', #1992, #2040 ) ;
#1423 = CARTESIAN_POINT ( 'NONE',  ( -7.863879800363497985, 0.7774235388848491635, -0.3999999999999998557 ) ) ;
#1424 = CARTESIAN_POINT ( 'NONE',  ( 1.000000000000000000, 0.2500000000000000555, 0.3354101966249684041 ) ) ;
#1425 = CARTESIAN_POINT ( 'NONE',  ( -0.3789176759342964274, 0.7999999999997831068, 0.4000000000000000222 ) ) ;
#1426 = VERTEX_POINT ( 'NONE', #1231 ) ;
#1427 = CARTESIAN_POINT ( 'NONE',  ( -7.863879800363497985, 0.7774235388848491635, 0.9000000000000002442 ) ) ;
#1428 = ORIENTED_EDGE ( 'NONE', *, *, #603, .F. ) ;
#1429 = PLANE ( 'NONE',  #507 ) ;
#1430 = CARTESIAN_POINT ( 'NONE',  ( -5.894588379671017009, -1.037309614085190704E-15, -0.9000000000000000222 ) ) ;
#1431 = ORIENTED_EDGE ( 'NONE', *, *, #2075, .T. ) ;
#1432 = DIRECTION ( 'NONE',  ( 1.000000000000000000, -0.000000000000000000, -0.000000000000000000 ) ) ;
#1433 = CARTESIAN_POINT ( 'NONE',  ( -5.771788935686915423, 1.420011226914884128, 2.670011226914884794 ) ) ;
#1434 = EDGE_CURVE ( 'NONE', #168, #1028, #2046, .T. ) ;
#1435 = FACE_OUTER_BOUND ( 'NONE', #1239, .T. ) ;
#1436 = DIRECTION ( 'NONE',  ( 0.000000000000000000, 1.000000000000000000, 0.000000000000000000 ) ) ;
#1437 = CARTESIAN_POINT ( 'NONE',  ( -5.549858960687535259, -9.521836697031182654E-16, -0.4000000000000000222 ) ) ;
#1438 = ADVANCED_FACE ( 'NONE', ( #993 ), #184, .T. ) ;
#1439 = FACE_OUTER_BOUND ( 'NONE', #383, .T. ) ;
#1440 = CARTESIAN_POINT ( 'NONE',  ( 2.333333333334111526, 0.000000000000000000, 0.4000000000000000222 ) ) ;
#1441 = ORIENTED_EDGE ( 'NONE', *, *, #1245, .F. ) ;
#1442 = CARTESIAN_POINT ( 'NONE',  ( -11.69245211215983815, -1.013686724925334293, 1.699999999999999734 ) ) ;
#1443 = ORIENTED_EDGE ( 'NONE', *, *, #2280, .T. ) ;
#1444 = CARTESIAN_POINT ( 'NONE',  ( -1.757835351867656826, -6.036287450909245401E-16, -0.9000000000000000222 ) ) ;
#1445 = AXIS2_PLACEMENT_3D ( 'NONE', #1112, #1730, #1920 ) ;
#1446 = CARTESIAN_POINT ( 'NONE',  ( -6.584047217637897909, -1.109589758917542415E-15, 1.699999999999999956 ) ) ;
#1447 = DIRECTION ( 'NONE',  ( 0.000000000000000000, 0.000000000000000000, 1.000000000000000000 ) ) ;
#1448 = DIRECTION ( 'NONE',  ( -1.000000000000000000, -0.000000000000000000, -0.000000000000000000 ) ) ;
#1449 = DIRECTION ( 'NONE',  ( 0.000000000000000000, 0.000000000000000000, 1.000000000000000000 ) ) ;
#1450 = AXIS2_PLACEMENT_3D ( 'NONE', #16, #2440, #433 ) ;
#1451 = CARTESIAN_POINT ( 'NONE',  ( -10.10369420041536159, 0.07121277123506331019, -0.3999999999999998557 ) ) ;
#1452 = FACE_OUTER_BOUND ( 'NONE', #1574, .T. ) ;
#1453 = CARTESIAN_POINT ( 'NONE',  ( -11.77969232593829751, -2.051392651257140987, -0.4000000000000000222 ) ) ;
#1454 = ORIENTED_EDGE ( 'NONE', *, *, #1388, .F. ) ;
#1455 = ADVANCED_FACE ( 'NONE', ( #808 ), #2426, .F. ) ;
#1456 = CARTESIAN_POINT ( 'NONE',  ( -9.256797034685009251, -0.4031169393428793435, 0.9000000000000000222 ) ) ;
#1457 = EDGE_LOOP ( 'NONE', ( #270, #1086, #2564, #1629 ) ) ;
#1458 = CARTESIAN_POINT ( 'NONE',  ( 1.000000000000000000, -0.9999999999999997780, 2.999999999999999556 ) ) ;
#1459 = DIRECTION ( 'NONE',  ( -0.8191520442889907994, -0.5735764363510474917, 0.000000000000000000 ) ) ;
#1460 = CARTESIAN_POINT ( 'NONE',  ( 3.000000000000000444, 0.7999999999999999334, 1.699999999999999734 ) ) ;
#1461 = DIRECTION ( 'NONE',  ( 0.000000000000000000, 0.000000000000000000, 1.000000000000000000 ) ) ;
#1462 = DIRECTION ( 'NONE',  ( 0.000000000000000000, 0.000000000000000000, 1.000000000000000000 ) ) ;
#1463 = CARTESIAN_POINT ( 'NONE',  ( -1.000000000000000000, -1.250000000000000666, -3.099999999999998757 ) ) ;
#1464 = CARTESIAN_POINT ( 'NONE',  ( -6.584047217637897020, 0.7999999999999987121, -0.3999999999999998557 ) ) ;
#1465 = DIRECTION ( 'NONE',  ( 0.000000000000000000, 1.000000000000000000, 0.000000000000000000 ) ) ;
#1466 = VECTOR ( 'NONE', #2428, 1000.000000000000000 ) ;
#1467 = CARTESIAN_POINT ( 'NONE',  ( -5.549858960687534370, 0.7999999999999989342, -0.3999999999999998557 ) ) ;
#1468 = ORIENTED_EDGE ( 'NONE', *, *, #2355, .T. ) ;
#1469 = CARTESIAN_POINT ( 'NONE',  ( -7.701018077671367479, -0.8163484718420587205, 1.699999999999999734 ) ) ;
#1470 = ADVANCED_FACE ( 'NONE', ( #793 ), #1609, .T. ) ;
#1471 = ORIENTED_EDGE ( 'NONE', *, *, #674, .T. ) ;
#1472 = CARTESIAN_POINT ( 'NONE',  ( 2.333333333334111526, 0.000000000000000000, -0.9000000000000000222 ) ) ;
#1473 = FACE_OUTER_BOUND ( 'NONE', #2362, .T. ) ;
#1474 = CARTESIAN_POINT ( 'NONE',  ( 3.000000000000000000, 0.000000000000000000, 1.300000000000000044 ) ) ;
#1475 = VECTOR ( 'NONE', #2063, 1000.000000000000000 ) ;
#1476 = CARTESIAN_POINT ( 'NONE',  ( 1.000000000000000000, 0.7500000000000002220, 3.000000000000000000 ) ) ;
#1477 = CARTESIAN_POINT ( 'NONE',  ( 2.333333333334111970, -0.7999999999999999334, -0.4000000000000001332 ) ) ;
#1478 = CARTESIAN_POINT ( 'NONE',  ( -1.250000000000000000, 1.000000000000000444, 3.100000000000000977 ) ) ;
#1479 = CARTESIAN_POINT ( 'NONE',  ( -6.928776636621624796, -1.096743959367867441E-15, -0.4000000000000000222 ) ) ;
#1480 = ORIENTED_EDGE ( 'NONE', *, *, #457, .T. ) ;
#1481 = CARTESIAN_POINT ( 'NONE',  ( -6.411682508146158810, -0.8000000000000010436, 1.699999999999999734 ) ) ;
#1482 = ORIENTED_EDGE ( 'NONE', *, *, #817, .T. ) ;
#1483 = CARTESIAN_POINT ( 'NONE',  ( -4.515670703736355485, -8.927493244204541504E-16, -0.9000000000000000222 ) ) ;
#1484 = CARTESIAN_POINT ( 'NONE',  ( -8.534218189476241889, -0.1548553832305235023, 0.4000000000000000222 ) ) ;
#1485 = DIRECTION ( 'NONE',  ( -1.000000000000000000, 0.000000000000000000, -0.000000000000000000 ) ) ;
#1486 = EDGE_CURVE ( 'NONE', #2279, #2568, #2230, .T. ) ;
#1487 = LINE ( 'NONE', #1463, #1734 ) ;
#1488 = AXIS2_PLACEMENT_3D ( 'NONE', #1131, #467, #1286 ) ;
#1489 = CARTESIAN_POINT ( 'NONE',  ( -0.3789176759342964274, -0.8000000000002168710, -0.4000000000000001332 ) ) ;
#1490 = DIRECTION ( 'NONE',  ( -0.000000000000000000, 2.168404344971008868E-16, -1.000000000000000000 ) ) ;
#1491 = CARTESIAN_POINT ( 'NONE',  ( -10.10369420041536159, 0.07121277123506331019, -0.3999999999999998557 ) ) ;
#1492 = ORIENTED_EDGE ( 'NONE', *, *, #47, .F. ) ;
#1493 = VECTOR ( 'NONE', #1568, 1000.000000000000000 ) ;
#1494 = CIRCLE ( 'NONE', #219, 0.4000000000000000222 ) ;
#1495 = CARTESIAN_POINT ( 'NONE',  ( -11.77969232593829751, -2.051392651257140987, 0.9000000000000000222 ) ) ;
#1496 = AXIS2_PLACEMENT_3D ( 'NONE', #11, #2213, #1003 ) ;
#1497 = VERTEX_POINT ( 'NONE', #2031 ) ;
#1498 = LINE ( 'NONE', #1312, #36 ) ;
#1499 = FACE_OUTER_BOUND ( 'NONE', #2446, .T. ) ;
#1500 = CARTESIAN_POINT ( 'NONE',  ( -6.000000000000000000, 1.170962552391947575, -2.650045345896302695 ) ) ;
#1501 = CARTESIAN_POINT ( 'NONE',  ( -10.10369420041536159, 0.07121277123506331019, -1.699999999999999734 ) ) ;
#1502 = EDGE_CURVE ( 'NONE', #271, #946, #209, .T. ) ;
#1503 = CARTESIAN_POINT ( 'NONE',  ( -1.757835351867656382, -0.8000000000000005995, -0.4000000000000001332 ) ) ;
#1504 = CARTESIAN_POINT ( 'NONE',  ( -1.000000000000000000, 0.000000000000000000, 0.000000000000000000 ) ) ;
#1505 = CARTESIAN_POINT ( 'NONE',  ( -4.515670703736355485, -0.8000000000000007105, -0.4000000000000001332 ) ) ;
#1506 = ORIENTED_EDGE ( 'NONE', *, *, #1750, .T. ) ;
#1507 = CARTESIAN_POINT ( 'NONE',  ( -11.23359096307900096, -1.669008360356527332, 0.9000000000000000222 ) ) ;
#1508 = EDGE_LOOP ( 'NONE', ( #2499 ) ) ;
#1509 = CARTESIAN_POINT ( 'NONE',  ( 0.2500000000000000000, 1.000000000000000222, -3.000000000000000000 ) ) ;
#1510 = LINE ( 'NONE', #702, #687 ) ;
#1511 = LINE ( 'NONE', #1288, #94 ) ;
#1512 = CARTESIAN_POINT ( 'NONE',  ( -6.411682508146158810, 0.7999999999999987121, -0.9000000000000000222 ) ) ;
#1513 = MECHANICAL_DESIGN_GEOMETRIC_PRESENTATION_REPRESENTATION (  '', ( #1647 ), #98 ) ;
#1514 = CARTESIAN_POINT ( 'NONE',  ( -10.22862845113882280, -1.941945704886907986, -0.4000000000000001332 ) ) ;
#1515 = ADVANCED_FACE ( 'NONE', ( #824 ), #1638, .F. ) ;
#1516 = DIRECTION ( 'NONE',  ( 1.000000000000000000, -0.000000000000000000, -0.000000000000000000 ) ) ;
#1517 = CARTESIAN_POINT ( 'NONE',  ( -9.955577769709124780, -1.750753559436615259, -0.4000000000000001332 ) ) ;
#1518 = EDGE_CURVE ( 'NONE', #53, #316, #1510, .T. ) ;
#1519 = CARTESIAN_POINT ( 'NONE',  ( 3.000000000000000000, 0.000000000000000000, 1.699999999999999956 ) ) ;
#1520 = VERTEX_POINT ( 'NONE', #1100 ) ;
#1521 = DIRECTION ( 'NONE',  ( -1.000000000000000000, 0.000000000000000000, -0.000000000000000000 ) ) ;
#1522 = AXIS2_PLACEMENT_3D ( 'NONE', #965, #1979, #2589 ) ;
#1523 = DIRECTION ( 'NONE',  ( 0.9924325091389669673, -0.08682659386424777803, 0.08682659386424779191 ) ) ;
#1524 = CARTESIAN_POINT ( 'NONE',  ( -9.299267254564117735, 0.4427488732268364813, -0.9000000000000000222 ) ) ;
#1525 = CARTESIAN_POINT ( 'NONE',  ( -8.939470478032253808, -1.138618229048015351, -0.4000000000000001332 ) ) ;
#1526 = CARTESIAN_POINT ( 'NONE',  ( -7.701018077671367479, -0.8163484718420587205, 0.4000000000000000222 ) ) ;
#1527 = UNCERTAINTY_MEASURE_WITH_UNIT (LENGTH_MEASURE( 1.000000000000000082E-05 ), #1580, 'distance_accuracy_value', 'NONE');
#1528 = CARTESIAN_POINT ( 'NONE',  ( -0.3789176759342969270, -2.169127146419229123E-13, 1.699999999999999956 ) ) ;
#1529 = AXIS2_PLACEMENT_3D ( 'NONE', #375, #1191, #1861 ) ;
#1530 = ORIENTED_EDGE ( 'NONE', *, *, #221, .T. ) ;
#1531 = EDGE_CURVE ( 'NONE', #2027, #1830, #874, .T. ) ;
#1532 = CARTESIAN_POINT ( 'NONE',  ( -2.000000000000000000, 0.000000000000000000, 0.000000000000000000 ) ) ;
#1533 = AXIS2_PLACEMENT_3D ( 'NONE', #934, #2545, #2386 ) ;
#1534 = VECTOR ( 'NONE', #971, 1000.000000000000000 ) ;
#1535 = DIRECTION ( 'NONE',  ( 0.000000000000000000, -1.000000000000000000, -2.168404344971008868E-16 ) ) ;
#1536 = ORIENTED_EDGE ( 'NONE', *, *, #2584, .F. ) ;
#1537 = CARTESIAN_POINT ( 'NONE',  ( 1.000000000000000000, -0.2500000000000000555, 0.3354101966249684597 ) ) ;
#1538 = CARTESIAN_POINT ( 'NONE',  ( -4.515670703736355485, 0.7999999999999990452, -0.9000000000000000222 ) ) ;
#1539 = PRESENTATION_STYLE_ASSIGNMENT (( #129 ) ) ;
#1540 = DIRECTION ( 'NONE',  ( -0.000000000000000000, -1.000000000000000000, 1.734723475976806848E-16 ) ) ;
#1541 = DIRECTION ( 'NONE',  ( -0.000000000000000000, 0.000000000000000000, 1.000000000000000000 ) ) ;
#1542 = CARTESIAN_POINT ( 'NONE',  ( -0.3789176759342969270, -2.169127146419229123E-13, 0.4000000000000000222 ) ) ;
#1543 = DIRECTION ( 'NONE',  ( -1.000000000000000000, -0.000000000000000000, -0.000000000000000000 ) ) ;
#1544 = CIRCLE ( 'NONE', #1083, 0.2500000000000000000 ) ;
#1545 = ORIENTED_EDGE ( 'NONE', *, *, #1014, .T. ) ;
#1546 = PLANE ( 'NONE',  #2469 ) ;
#1547 = EDGE_CURVE ( 'NONE', #1804, #204, #665, .T. ) ;
#1548 = CARTESIAN_POINT ( 'NONE',  ( 2.333333333334111970, 0.7999999999999999334, -0.3999999999999998557 ) ) ;
#1549 = LINE ( 'NONE', #2176, #2050 ) ;
#1550 = EDGE_CURVE ( 'NONE', #968, #968, #1494, .T. ) ;
#1551 = CARTESIAN_POINT ( 'NONE',  ( 3.000000000000000444, 0.7999999999999999334, -0.9000000000000000222 ) ) ;
#1552 = VERTEX_POINT ( 'NONE', #2124 ) ;
#1553 = CARTESIAN_POINT ( 'NONE',  ( 1.000000000000000000, 0.2499999999999999445, 0.9645898033750313072 ) ) ;
#1554 = DIRECTION ( 'NONE',  ( 0.000000000000000000, 1.000000000000000000, 0.000000000000000000 ) ) ;
#1555 = CARTESIAN_POINT ( 'NONE',  ( -9.490704277553565049, -1.425258686149182497, -0.4000000000000001332 ) ) ;
#1556 = CARTESIAN_POINT ( 'NONE',  ( -9.019851916776666201, -0.3079751092872122786, 1.699999999999999956 ) ) ;
#1557 = ORIENTED_EDGE ( 'NONE', *, *, #1703, .T. ) ;
#1558 = CARTESIAN_POINT ( 'NONE',  ( -6.000000000000000000, 0.2500000000000000000, -0.9645898033750235356 ) ) ;
#1559 = CARTESIAN_POINT ( 'NONE',  ( -1.757835351867656382, 0.7999999999999992673, -0.3999999999999998557 ) ) ;
#1560 = ORIENTED_EDGE ( 'NONE', *, *, #975, .F. ) ;
#1561 = CARTESIAN_POINT ( 'NONE',  ( -8.332504248056853413, -0.9300785219136368243, -1.699999999999999734 ) ) ;
#1562 = EDGE_LOOP ( 'NONE', ( #2384, #6, #1428, #1482 ) ) ;
#1563 = SURFACE_STYLE_FILL_AREA ( #2335 ) ;
#1564 = EDGE_CURVE ( 'NONE', #1032, #967, #426, .T. ) ;
#1565 = DIRECTION ( 'NONE',  ( -5.862995914032915683E-36, -1.084202172485504434E-16, -1.000000000000000000 ) ) ;
#1566 = FACE_OUTER_BOUND ( 'NONE', #700, .T. ) ;
#1567 = CARTESIAN_POINT ( 'NONE',  ( -7.507670983177139767, -0.8000106901255261693, 0.4000000000000000222 ) ) ;
#1568 = DIRECTION ( 'NONE',  ( -0.000000000000000000, -1.000000000000000000, -2.990902544787598592E-16 ) ) ;
#1569 = ORIENTED_EDGE ( 'NONE', *, *, #1776, .F. ) ;
#1570 = PRODUCT_CONTEXT ( 'NONE', #1296, 'mechanical' ) ;
#1571 = CLOSED_SHELL ( 'NONE', ( #1110, #995, #1515 ) ) ;
#1572 = CARTESIAN_POINT ( 'NONE',  ( -9.574123591337761141, 0.3323843503622573303, 0.4000000000000000222 ) ) ;
#1573 = AXIS2_PLACEMENT_3D ( 'NONE', #274, #296, #1075 ) ;
#1574 = EDGE_LOOP ( 'NONE', ( #112, #1414, #2149, #958 ) ) ;
#1575 =( NAMED_UNIT ( * ) SI_UNIT ( $, .STERADIAN. ) SOLID_ANGLE_UNIT ( ) );
#1576 = AXIS2_PLACEMENT_3D ( 'NONE', #821, #1817, #397 ) ;
#1577 = CARTESIAN_POINT ( 'NONE',  ( -8.534218189476241889, -0.1548553832305235023, -1.699999999999999956 ) ) ;
#1578 = CARTESIAN_POINT ( 'NONE',  ( -2.000000000000000000, -1.633961637524750321, 3.000000000000000888 ) ) ;
#1579 = VECTOR ( 'NONE', #345, 1000.000000000000000 ) ;
#1580 =( LENGTH_UNIT ( ) NAMED_UNIT ( * ) SI_UNIT ( .MILLI., .METRE. ) );
#1581 = FACE_BOUND ( 'NONE', #1402, .T. ) ;
#1582 = EDGE_CURVE ( 'NONE', #967, #933, #2084, .T. ) ;
#1583 = LINE ( 'NONE', #2387, #373 ) ;
#1584 = FACE_OUTER_BOUND ( 'NONE', #1365, .T. ) ;
#1585 = DIRECTION ( 'NONE',  ( -0.000000000000000000, 1.000000000000000000, 0.000000000000000000 ) ) ;
#1586 = VERTEX_POINT ( 'NONE', #444 ) ;
#1587 = DIRECTION ( 'NONE',  ( -0.000000000000000000, 0.000000000000000000, 1.000000000000000000 ) ) ;
#1588 =( BOUNDED_CURVE ( )  B_SPLINE_CURVE ( 3, ( #2398, #576, #1578, #1178 ),
 .UNSPECIFIED., .F., .F. ) 
 B_SPLINE_CURVE_WITH_KNOTS ( ( 4, 4 ),
 ( 1.483529864195178405, 3.141592653589791784 ),
 .UNSPECIFIED. ) 
 CURVE ( )  GEOMETRIC_REPRESENTATION_ITEM ( )  RATIONAL_B_SPLINE_CURVE ( ( 1.000000000000000000, 0.7837268050771066807, 0.7837268050771066807, 1.000000000000000000 ) ) 
 REPRESENTATION_ITEM ( '' )  );
#1589 = CARTESIAN_POINT ( 'NONE',  ( -5.549858960687534370, 0.7999999999999989342, 0.9000000000000002442 ) ) ;
#1590 = CARTESIAN_POINT ( 'NONE',  ( -4.515670703736355485, -8.927493244204541504E-16, 0.4000000000000000222 ) ) ;
#1591 = ORIENTED_EDGE ( 'NONE', *, *, #267, .F. ) ;
#1592 = AXIS2_PLACEMENT_3D ( 'NONE', #1478, #680, #1279 ) ;
#1593 = SURFACE_SIDE_STYLE ('',( #156 ) ) ;
#1594 = CARTESIAN_POINT ( 'NONE',  ( -8.939470478032253808, -1.138618229048015351, -1.699999999999999734 ) ) ;
#1595 = ORIENTED_EDGE ( 'NONE', *, *, #1122, .T. ) ;
#1596 = LINE ( 'NONE', #1020, #1919 ) ;
#1597 = CARTESIAN_POINT ( 'NONE',  ( -9.932884554299999280, -0.7582594639243382950, 0.4000000000000000222 ) ) ;
#1598 = DIRECTION ( 'NONE',  ( -0.08715574274765836016, -0.9961946980917455452, 1.080076455889611693E-16 ) ) ;
#1599 = CARTESIAN_POINT ( 'NONE',  ( -11.77969232593829751, -2.051392651257140987, 0.4000000000000000222 ) ) ;
#1600 = CARTESIAN_POINT ( 'NONE',  ( -7.087352244545633617, 0.8000099971380947306, 0.4000000000000000222 ) ) ;
#1601 = DIRECTION ( 'NONE',  ( 0.000000000000000000, -1.398970545142586541E-16, -1.000000000000000000 ) ) ;
#1602 = ORIENTED_EDGE ( 'NONE', *, *, #2328, .F. ) ;
#1603 = ADVANCED_FACE ( 'NONE', ( #1499 ), #863, .T. ) ;
#1604 = CARTESIAN_POINT ( 'NONE',  ( -6.584047217637897020, 0.7999999999999987121, 1.699999999999999734 ) ) ;
#1605 = ORIENTED_EDGE ( 'NONE', *, *, #354, .T. ) ;
#1606 = CARTESIAN_POINT ( 'NONE',  ( 0.000000000000000000, 1.000000000000000222, -3.000000000000000000 ) ) ;
#1607 = CARTESIAN_POINT ( 'NONE',  ( -1.757835351867656382, -0.8000000000000005995, -0.9000000000000000222 ) ) ;
#1608 = ORIENTED_EDGE ( 'NONE', *, *, #871, .T. ) ;
#1609 = PLANE ( 'NONE',  #723 ) ;
#1610 = DIRECTION ( 'NONE',  ( 0.000000000000000000, 0.000000000000000000, 1.000000000000000000 ) ) ;
#1611 = FACE_OUTER_BOUND ( 'NONE', #327, .T. ) ;
#1612 = CARTESIAN_POINT ( 'NONE',  ( -11.50664164450715354, -1.860200505805547300, 0.4000000000000000222 ) ) ;
#1613 = CARTESIAN_POINT ( 'NONE',  ( 1.000000000000000000, 0.2999999999999998779, 0.9645898033750313072 ) ) ;
#1614 = ORIENTED_EDGE ( 'NONE', *, *, #139, .T. ) ;
#1615 = CARTESIAN_POINT ( 'NONE',  ( -3.826211865769982623, -7.714833076222318882E-16, 0.9000000000000000222 ) ) ;
#1616 = EDGE_CURVE ( 'NONE', #438, #2504, #286, .T. ) ;
#1617 = ORIENTED_EDGE ( 'NONE', *, *, #221, .F. ) ;
#1618 =( BOUNDED_CURVE ( )  B_SPLINE_CURVE ( 3, ( #2388, #419, #1205, #2034 ),
 .UNSPECIFIED., .F., .F. ) 
 B_SPLINE_CURVE_WITH_KNOTS ( ( 4, 4 ),
 ( 1.483529864195178183, 3.141592653589791784 ),
 .UNSPECIFIED. ) 
 CURVE ( )  GEOMETRIC_REPRESENTATION_ITEM ( )  RATIONAL_B_SPLINE_CURVE ( ( 1.000000000000000000, 0.7837268050771065697, 0.7837268050771065697, 1.000000000000000000 ) ) 
 REPRESENTATION_ITEM ( '' )  );
#1619 = CARTESIAN_POINT ( 'NONE',  ( -7.528033142468717465, -1.272633994302595835E-05, -1.699999999999999956 ) ) ;
#1620 = ORIENTED_EDGE ( 'NONE', *, *, #1812, .T. ) ;
#1621 = LINE ( 'NONE', #2438, #535 ) ;
#1622 = CIRCLE ( 'NONE', #2338, 0.4000000000000000222 ) ;
#1623 = CARTESIAN_POINT ( 'NONE',  ( 1.000000000000000000, 0.2999999999999999889, -0.9645898033750235356 ) ) ;
#1624 = DIRECTION ( 'NONE',  ( 0.000000000000000000, -1.398970545142586541E-16, -1.000000000000000000 ) ) ;
#1625 = STYLED_ITEM ( 'NONE', ( #2396 ), #2223 ) ;
#1626 = DIRECTION ( 'NONE',  ( -0.000000000000000000, -1.748713181428233054E-16, -1.000000000000000000 ) ) ;
#1627 = CARTESIAN_POINT ( 'NONE',  ( -11.69245211215983815, -1.013686724925334293, 0.4000000000000000222 ) ) ;
#1628 = CARTESIAN_POINT ( 'NONE',  ( -6.000000000000000000, 0.2666666666666668850, -0.2981423969999719148 ) ) ;
#1629 = ORIENTED_EDGE ( 'NONE', *, *, #320, .F. ) ;
#1630 = CARTESIAN_POINT ( 'NONE',  ( -0.3789176759342969270, -2.168637287699570536E-13, 0.9000000000000000222 ) ) ;
#1631 = ORIENTED_EDGE ( 'NONE', *, *, #519, .T. ) ;
#1632 = DIRECTION ( 'NONE',  ( -1.000000000000000000, -0.000000000000000000, -0.000000000000000000 ) ) ;
#1633 = ADVANCED_FACE ( 'NONE', ( #2309 ), #1262, .F. ) ;
#1634 = CARTESIAN_POINT ( 'NONE',  ( -10.36515379185361674, -2.037541777612064120, -0.9000000000000000222 ) ) ;
#1635 =( BOUNDED_SURFACE ( )  B_SPLINE_SURFACE ( 3, 3, ( 
 ( #2073, #1088, #1921, #1693, #886, #1680, #1273, #1313, #851, #2282, #249, #1301, #1061, #2493, #653, #1872, #1484, #2098, #847, #1965, #982, #2590, #2361, #1949, #1386, #2615, #581, #1343 ),
 ( #1770, #2575, #2604, #149, #539, #2154, #952, #751, #554, #1371, #1981, #784, #1600, #2404, #2035, #392, #253, #2235, #1011, #1252, #1670, #405, #595, #2415, #1207, #1627, #2248, #2064 ),
 ( #1876, #1038, #1220, #2472, #611, #1412, #812, #656, #213, #854, #1464, #19, #2429, #2274, #1423, #1840, #58, #1656, #2021, #1451, #2455, #2261, #1024, #1853, #2222, #828, #1643, #1052 ),
 ( #2443, #48, #447, #629, #201, #33, #4, #1437, #1266, #2077, #241, #641, #867, #420, #435, #2051, #1235, #1825, #1864, #1066, #228, #841, #668, #2089, #1733, #1305, #2534, #509 ),
 ( #2484, #1477, #1123, #1489, #1503, #2114, #1925, #483, #1291, #2285, #2139, #2301, #266, #459, #679, #2101, #917, #473, #1525, #107, #69, #277, #1709, #1514, #2325, #1684, #1078, #289 ),
 ( #713, #497, #1116, #2525, #1092, #1278, #1897, #695, #1103, #2336, #301, #907, #1912, #79, #2313, #889, #1328, #95, #1723, #2127, #1697, #1886, #1317, #877, #705, #312, #1935, #118 ),
 ( #2496, #2511, #2559, #764, #2347, #362, #1977, #2007, #1962, #1779, #1179, #1991, #522, #349, #376, #1152, #1166, #1756, #1352, #172, #1597, #738, #1340, #161, #1135, #146, #977, #2600 ) ),
 .UNSPECIFIED., .T., .F., .T. ) 
 B_SPLINE_SURFACE_WITH_KNOTS ( ( 4, 3, 4 ),
 ( 4, 2, 2, 2, 2, 2, 2, 2, 2, 2, 2, 2, 2, 4 ),
 ( 0.000000000000000000, 0.5000000000000000000, 1.000000000000000000 ),
 ( 0.000000000000000000, 0.1304815950373066358, 0.4003666617088481039, 0.5353091950446188241, 0.6027804617125042119, 0.6365160950464469058, 0.6702517283803895998, 0.7200683975259656311, 0.7698850666715415514, 0.8197017358171174717, 0.8695184049626933920, 0.9021388037220200440, 0.9347592024813466960, 1.000000000000000000 ),
 .UNSPECIFIED. ) 
 GEOMETRIC_REPRESENTATION_ITEM ( )  RATIONAL_B_SPLINE_SURFACE ( (
 ( 1.000000000000000000, 1.000000000000000000, 1.000000000000000000, 1.000000000000000000, 1.000000000000000000, 1.000000000000000000, 1.000000000000000000, 1.000000000000000000, 1.000000000000000000, 1.000000000000000000, 1.000000000000000000, 1.000000000000000000, 1.000000000000000000, 1.000000000000000000, 1.000000000000000000, 1.000000000000000000, 1.000000000000000000, 1.000000000000000000, 1.000000000000000000, 1.000000000000000000, 1.000000000000000000, 1.000000000000000000, 1.000000000000000000, 1.000000000000000000, 1.000000000000000000, 1.000000000000000000, 1.000000000000000000, 1.000000000000000000),
 ( 0.3333333333333333703, 0.3333333333333333703, 0.3333333333333333703, 0.3333333333333333703, 0.3333333333333333703, 0.3333333333333333703, 0.3333333333333333703, 0.3333333333333333703, 0.3333333333333333703, 0.3333333333333333703, 0.3333333333333333703, 0.3333333333333333703, 0.3333333333333333703, 0.3333333333333333703, 0.3333333333333333703, 0.3333333333333333703, 0.3333333333333333703, 0.3333333333333333703, 0.3333333333333333703, 0.3333333333333333703, 0.3333333333333333703, 0.3333333333333333703, 0.3333333333333333703, 0.3333333333333333703, 0.3333333333333333703, 0.3333333333333333703, 0.3333333333333333703, 0.3333333333333333703),
 ( 0.3333333333333333703, 0.3333333333333333703, 0.3333333333333333703, 0.3333333333333333703, 0.3333333333333333703, 0.3333333333333333703, 0.3333333333333333703, 0.3333333333333333703, 0.3333333333333333703, 0.3333333333333333703, 0.3333333333333333703, 0.3333333333333333703, 0.3333333333333333703, 0.3333333333333333703, 0.3333333333333333703, 0.3333333333333333703, 0.3333333333333333703, 0.3333333333333333703, 0.3333333333333333703, 0.3333333333333333703, 0.3333333333333333703, 0.3333333333333333703, 0.3333333333333333703, 0.3333333333333333703, 0.3333333333333333703, 0.3333333333333333703, 0.3333333333333333703, 0.3333333333333333703),
 ( 1.000000000000000000, 1.000000000000000000, 1.000000000000000000, 1.000000000000000000, 1.000000000000000000, 1.000000000000000000, 1.000000000000000000, 1.000000000000000000, 1.000000000000000000, 1.000000000000000000, 1.000000000000000000, 1.000000000000000000, 1.000000000000000000, 1.000000000000000000, 1.000000000000000000, 1.000000000000000000, 1.000000000000000000, 1.000000000000000000, 1.000000000000000000, 1.000000000000000000, 1.000000000000000000, 1.000000000000000000, 1.000000000000000000, 1.000000000000000000, 1.000000000000000000, 1.000000000000000000, 1.000000000000000000, 1.000000000000000000),
 ( 0.3333333333333333703, 0.3333333333333333703, 0.3333333333333333703, 0.3333333333333333703, 0.3333333333333333703, 0.3333333333333333703, 0.3333333333333333703, 0.3333333333333333703, 0.3333333333333333703, 0.3333333333333333703, 0.3333333333333333703, 0.3333333333333333703, 0.3333333333333333703, 0.3333333333333333703, 0.3333333333333333703, 0.3333333333333333703, 0.3333333333333333703, 0.3333333333333333703, 0.3333333333333333703, 0.3333333333333333703, 0.3333333333333333703, 0.3333333333333333703, 0.3333333333333333703, 0.3333333333333333703, 0.3333333333333333703, 0.3333333333333333703, 0.3333333333333333703, 0.3333333333333333703),
 ( 0.3333333333333333703, 0.3333333333333333703, 0.3333333333333333703, 0.3333333333333333703, 0.3333333333333333703, 0.3333333333333333703, 0.3333333333333333703, 0.3333333333333333703, 0.3333333333333333703, 0.3333333333333333703, 0.3333333333333333703, 0.3333333333333333703, 0.3333333333333333703, 0.3333333333333333703, 0.3333333333333333703, 0.3333333333333333703, 0.3333333333333333703, 0.3333333333333333703, 0.3333333333333333703, 0.3333333333333333703, 0.3333333333333333703, 0.3333333333333333703, 0.3333333333333333703, 0.3333333333333333703, 0.3333333333333333703, 0.3333333333333333703, 0.3333333333333333703, 0.3333333333333333703),
 ( 1.000000000000000000, 1.000000000000000000, 1.000000000000000000, 1.000000000000000000, 1.000000000000000000, 1.000000000000000000, 1.000000000000000000, 1.000000000000000000, 1.000000000000000000, 1.000000000000000000, 1.000000000000000000, 1.000000000000000000, 1.000000000000000000, 1.000000000000000000, 1.000000000000000000, 1.000000000000000000, 1.000000000000000000, 1.000000000000000000, 1.000000000000000000, 1.000000000000000000, 1.000000000000000000, 1.000000000000000000, 1.000000000000000000, 1.000000000000000000, 1.000000000000000000, 1.000000000000000000, 1.000000000000000000, 1.000000000000000000) ) ) 
 REPRESENTATION_ITEM ( '' )  SURFACE ( )  );
#1636 = ORIENTED_EDGE ( 'NONE', *, *, #440, .T. ) ;
#1637 = STYLED_ITEM ( 'NONE', ( #302 ), #410 ) ;
#1638 = PLANE ( 'NONE',  #900 ) ;
#1639 = CARTESIAN_POINT ( 'NONE',  ( -1.000000000000000000, 0.7249999999999999778, 1.975000000000000977 ) ) ;
#1640 = EDGE_CURVE ( 'NONE', #476, #2030, #1718, .T. ) ;
#1641 = CARTESIAN_POINT ( 'NONE',  ( 0.000000000000000000, -0.7249999999999999778, 1.975000000000000977 ) ) ;
#1642 = CARTESIAN_POINT ( 'NONE',  ( -6.000000000000000000, -0.2500000000000001665, -0.9645898033750234246 ) ) ;
#1643 = CARTESIAN_POINT ( 'NONE',  ( -11.96550279358799251, -1.204878870374354038, -0.3999999999999998557 ) ) ;
#1644 = CARTESIAN_POINT ( 'NONE',  ( -6.584047217637897020, 0.7999999999999987121, 0.4000000000000000222 ) ) ;
#1645 = ORIENTED_EDGE ( 'NONE', *, *, #1890, .F. ) ;
#1646 = CARTESIAN_POINT ( 'NONE',  ( -6.411682508146158810, 0.7999999999999987121, 0.9000000000000002442 ) ) ;
#1647 = STYLED_ITEM ( 'NONE', ( #533 ), #1315 ) ;
#1648 = ORIENTED_EDGE ( 'NONE', *, *, #1547, .F. ) ;
#1649 = AXIS2_PLACEMENT_3D ( 'NONE', #1260, #1679, #2479 ) ;
#1650 = CARTESIAN_POINT ( 'NONE',  ( -7.114930577321783467, -0.7999927606931349633, -0.9000000000000000222 ) ) ;
#1651 = CARTESIAN_POINT ( 'NONE',  ( -9.932884554299999280, -0.7582594639243382950, 1.699999999999999956 ) ) ;
#1652 = DIRECTION ( 'NONE',  ( 0.000000000000000000, 0.000000000000000000, 1.000000000000000000 ) ) ;
#1653 = DIRECTION ( 'NONE',  ( 1.000000000000000000, -0.000000000000000000, -0.000000000000000000 ) ) ;
#1654 = PLANE ( 'NONE',  #114 ) ;
#1655 = EDGE_CURVE ( 'NONE', #412, #177, #1915, .T. ) ;
#1656 = CARTESIAN_POINT ( 'NONE',  ( -9.299267254564117735, 0.4427488732268364813, -0.3999999999999998557 ) ) ;
#1657 = CARTESIAN_POINT ( 'NONE',  ( -1.250000000000000000, -0.9999999999999995559, 3.100000000000000977 ) ) ;
#1658 = CARTESIAN_POINT ( 'NONE',  ( 2.333333333334111526, 4.898587196589413075E-17, -0.4000000000000000222 ) ) ;
#1659 = ORIENTED_EDGE ( 'NONE', *, *, #690, .F. ) ;
#1660 = CARTESIAN_POINT ( 'NONE',  ( 2.333333333334111970, -0.7999999999999999334, 1.699999999999999734 ) ) ;
#1661 = ORIENTED_EDGE ( 'NONE', *, *, #501, .T. ) ;
#1662 = CARTESIAN_POINT ( 'NONE',  ( -11.77969232593829751, -2.051392651257140987, 1.300000000000000044 ) ) ;
#1663 = CARTESIAN_POINT ( 'NONE',  ( -11.77969232593829751, -2.051392651257140987, 1.300000000000000044 ) ) ;
#1664 = CARTESIAN_POINT ( 'NONE',  ( -11.50664164450715354, -1.860200505805547300, 1.699999999999999956 ) ) ;
#1665 = CARTESIAN_POINT ( 'NONE',  ( 0.000000000000000000, 0.7249999999999999778, 1.975000000000000977 ) ) ;
#1666 = DIRECTION ( 'NONE',  ( -1.000000000000000000, 0.000000000000000000, 0.000000000000000000 ) ) ;
#1667 = CARTESIAN_POINT ( 'NONE',  ( 3.000000000000000000, 0.000000000000000000, -0.9000000000000000222 ) ) ;
#1668 = CLOSED_SHELL ( 'NONE', ( #31, #2492, #2185 ) ) ;
#1669 = AXIS2_PLACEMENT_3D ( 'NONE', #809, #1653, #1462 ) ;
#1670 = CARTESIAN_POINT ( 'NONE',  ( -10.37506483104643529, -0.09126024169949303877, 0.4000000000000000222 ) ) ;
#1671 = ADVANCED_FACE ( 'NONE', ( #1473, #494 ), #1635, .T. ) ;
#1672 = VECTOR ( 'NONE', #1790, 1000.000000000000000 ) ;
#1673 = CARTESIAN_POINT ( 'NONE',  ( 0.2500000000000000000, 0.7500000000000002220, 3.000000000000000000 ) ) ;
#1674 = CARTESIAN_POINT ( 'NONE',  ( -9.574123591337761141, 0.3323843503622573303, -0.3999999999999998557 ) ) ;
#1675 = VERTEX_POINT ( 'NONE', #536 ) ;
#1676 = CARTESIAN_POINT ( 'NONE',  ( 1.666666666666723806, -0.7999999999998950173, 0.8999999999999999112 ) ) ;
#1677 = VECTOR ( 'NONE', #1794, 1000.000000000000000 ) ;
#1678 = ORIENTED_EDGE ( 'NONE', *, *, #586, .F. ) ;
#1679 = DIRECTION ( 'NONE',  ( -1.000000000000000000, 0.000000000000000000, -0.000000000000000000 ) ) ;
#1680 = CARTESIAN_POINT ( 'NONE',  ( -3.826211865769982623, -8.204691795881260066E-16, 0.4000000000000000222 ) ) ;
#1681 = FACE_OUTER_BOUND ( 'NONE', #737, .T. ) ;
#1682 = CARTESIAN_POINT ( 'NONE',  ( -5.894588379671017009, -1.037309614085190704E-15, -0.9000000000000000222 ) ) ;
#1683 = AXIS2_PLACEMENT_3D ( 'NONE', #1504, #1736, #2115 ) ;
#1684 = CARTESIAN_POINT ( 'NONE',  ( -10.77472981399816199, -2.324329995787719039, -0.4000000000000001332 ) ) ;
#1685 = CARTESIAN_POINT ( 'NONE',  ( 0.7500000000000000000, 1.000000000000000222, -3.000000000000000000 ) ) ;
#1686 = AXIS2_PLACEMENT_3D ( 'NONE', #2195, #1811, #364 ) ;
#1687 = CARTESIAN_POINT ( 'NONE',  ( -3.826211865769982623, -0.8000000000000007105, -0.4000000000000001332 ) ) ;
#1688 = ORIENTED_EDGE ( 'NONE', *, *, #2006, .T. ) ;
#1689 = CARTESIAN_POINT ( 'NONE',  ( -7.701018077671367479, -0.8163484718420587205, 0.8999999999999999112 ) ) ;
#1690 = EDGE_LOOP ( 'NONE', ( #2080, #2550, #2156, #2620 ) ) ;
#1691 = EDGE_CURVE ( 'NONE', #231, #815, #779, .T. ) ;
#1692 = FACE_OUTER_BOUND ( 'NONE', #1755, .T. ) ;
#1693 = CARTESIAN_POINT ( 'NONE',  ( -0.3789176759342969270, -2.169127146419229123E-13, 0.4000000000000000222 ) ) ;
#1694 = LINE ( 'NONE', #1500, #9 ) ;
#1695 = CIRCLE ( 'NONE', #2403, 0.4000000000000000222 ) ;
#1696 = CYLINDRICAL_SURFACE ( 'NONE', #2445, 0.05000000000000002359 ) ;
#1697 = CARTESIAN_POINT ( 'NONE',  ( -9.490704277553565049, -1.425258686149182497, 0.4000000000000000222 ) ) ;
#1698 = DIRECTION ( 'NONE',  ( -1.000000000000000000, -0.000000000000000000, -0.000000000000000000 ) ) ;
#1699 = CARTESIAN_POINT ( 'NONE',  ( -9.256797034685009251, -0.4031169393428793435, -0.4000000000000000222 ) ) ;
#1700 = ORIENTED_EDGE ( 'NONE', *, *, #2328, .T. ) ;
#1701 = CARTESIAN_POINT ( 'NONE',  ( -7.782448939017433176, -0.01946246647860474382, 0.9000000000000000222 ) ) ;
#1702 = EDGE_LOOP ( 'NONE', ( #2501, #1960, #2448, #2226 ) ) ;
#1703 = EDGE_CURVE ( 'NONE', #333, #1675, #130, .T. ) ;
#1704 = DIRECTION ( 'NONE',  ( 1.000000000000000000, 0.000000000000000000, 0.000000000000000000 ) ) ;
#1705 = AXIS2_PLACEMENT_3D ( 'NONE', #2019, #2180, #579 ) ;
#1706 = CARTESIAN_POINT ( 'NONE',  ( 0.000000000000000000, -0.7499999999999997780, 0.000000000000000000 ) ) ;
#1707 = PLANE ( 'NONE',  #599 ) ;
#1708 = CARTESIAN_POINT ( 'NONE',  ( -7.863879800363497985, 0.7774235388848491635, -0.9000000000000000222 ) ) ;
#1709 = CARTESIAN_POINT ( 'NONE',  ( -9.955577769709124780, -1.750753559436615259, -0.4000000000000001332 ) ) ;
#1710 = DIRECTION ( 'NONE',  ( 0.000000000000000000, 0.000000000000000000, 1.000000000000000000 ) ) ;
#1711 = CARTESIAN_POINT ( 'NONE',  ( 3.000000000000000000, 4.898587196589413075E-17, -0.4000000000000000222 ) ) ;
#1712 = ORIENTED_EDGE ( 'NONE', *, *, #106, .T. ) ;
#1713 = VECTOR ( 'NONE', #1232, 1000.000000000000000 ) ;
#1714 = CARTESIAN_POINT ( 'NONE',  ( -0.3789176759342964274, -0.8000000000002168710, 0.8999999999999999112 ) ) ;
#1715 = AXIS2_PLACEMENT_3D ( 'NONE', #1741, #722, #518 ) ;
#1716 = ORIENTED_EDGE ( 'NONE', *, *, #2134, .F. ) ;
#1717 = CARTESIAN_POINT ( 'NONE',  ( -2.271788935686914979, 1.726221549255618326, -2.976221549255617660 ) ) ;
#1718 = LINE ( 'NONE', #89, #931 ) ;
#1719 = EDGE_CURVE ( 'NONE', #967, #283, #748, .T. ) ;
#1720 = PLANE ( 'NONE',  #2299 ) ;
#1721 = CARTESIAN_POINT ( 'NONE',  ( -11.50664164450715354, -1.860200505805547300, -0.9000000000000000222 ) ) ;
#1722 = EDGE_CURVE ( 'NONE', #1000, #476, #505, .T. ) ;
#1723 = CARTESIAN_POINT ( 'NONE',  ( -8.939470478032253808, -1.138618229048015351, 0.4000000000000000222 ) ) ;
#1724 = CARTESIAN_POINT ( 'NONE',  ( -11.77969232593829751, -2.051392651257140987, 0.000000000000000000 ) ) ;
#1725 = CARTESIAN_POINT ( 'NONE',  ( -9.256797034685009251, -0.4031169393428793435, 0.4000000000000000222 ) ) ;
#1726 = CIRCLE ( 'NONE', #829, 0.2500000000000000000 ) ;
#1727 = CARTESIAN_POINT ( 'NONE',  ( -9.322952643226258829, -1.327742476002200078, 1.699999999999999734 ) ) ;
#1728 = ORIENTED_EDGE ( 'NONE', *, *, #2121, .T. ) ;
#1729 =( GEOMETRIC_REPRESENTATION_CONTEXT ( 3 ) GLOBAL_UNCERTAINTY_ASSIGNED_CONTEXT ( ( #1126 ) ) GLOBAL_UNIT_ASSIGNED_CONTEXT ( ( #1382, #2357, #2369 ) ) REPRESENTATION_CONTEXT ( 'NONE', 'WORKASPACE' ) );
#1730 = DIRECTION ( 'NONE',  ( -1.000000000000000000, 0.000000000000000000, 0.000000000000000000 ) ) ;
#1731 = DIRECTION ( 'NONE',  ( -0.000000000000000000, 1.372407813272790279E-16, 1.000000000000000000 ) ) ;
#1732 = CARTESIAN_POINT ( 'NONE',  ( -11.77969232593829751, -2.051392651257140987, -0.9000000000000000222 ) ) ;
#1733 = CARTESIAN_POINT ( 'NONE',  ( -10.82401494093445393, -1.382220142180871969, -0.4000000000000000222 ) ) ;
#1734 = VECTOR ( 'NONE', #1265, 1000.000000000000000 ) ;
#1735 = EDGE_CURVE ( 'NONE', #1157, #1044, #1192, .T. ) ;
#1736 = DIRECTION ( 'NONE',  ( -1.000000000000000000, 0.000000000000000000, -0.000000000000000000 ) ) ;
#1737 = CARTESIAN_POINT ( 'NONE',  ( -10.77472981399816199, -2.324329995787719039, -0.4000000000000001332 ) ) ;
#1738 = CARTESIAN_POINT ( 'NONE',  ( -8.332504248056853413, -0.9300785219136368243, 1.699999999999999734 ) ) ;
#1739 = ORIENTED_EDGE ( 'NONE', *, *, #694, .T. ) ;
#1740 = FACE_OUTER_BOUND ( 'NONE', #2133, .T. ) ;
#1741 = CARTESIAN_POINT ( 'NONE',  ( -11.77969232593829751, -2.051392651257140987, -1.300000000000000044 ) ) ;
#1742 = CARTESIAN_POINT ( 'NONE',  ( -7.087352244545633617, 0.8000099971380947306, -0.9000000000000000222 ) ) ;
#1743 = FACE_BOUND ( 'NONE', #2519, .T. ) ;
#1744 = DIRECTION ( 'NONE',  ( -0.8191520442889907994, -0.5735764363510474917, 0.000000000000000000 ) ) ;
#1745 = CARTESIAN_POINT ( 'NONE',  ( 2.333333333334111526, 0.000000000000000000, 0.4000000000000000222 ) ) ;
#1746 = ADVANCED_FACE ( 'NONE', ( #1767, #1743 ), #1383, .F. ) ;
#1747 = CARTESIAN_POINT ( 'NONE',  ( -9.808134373638695891, -1.647504036639465319, 1.699999999999999734 ) ) ;
#1748 = EDGE_LOOP ( 'NONE', ( #1545, #1814, #342, #1557 ) ) ;
#1749 = AXIS2_PLACEMENT_3D ( 'NONE', #2520, #480, #2322 ) ;
#1750 = EDGE_CURVE ( 'NONE', #2096, #415, #335, .T. ) ;
#1751 = CIRCLE ( 'NONE', #555, 0.04999999999999991257 ) ;
#1752 = DIRECTION ( 'NONE',  ( 0.000000000000000000, -1.000000000000000000, 1.398970545142586541E-16 ) ) ;
#1753 = DIRECTION ( 'NONE',  ( 1.000000000000000000, -0.000000000000000000, -0.000000000000000000 ) ) ;
#1754 = CARTESIAN_POINT ( 'NONE',  ( -0.3789176759342964274, 0.7999999999997831068, -1.699999999999999734 ) ) ;
#1755 = EDGE_LOOP ( 'NONE', ( #1608, #2057, #321, #1661 ) ) ;
#1756 = CARTESIAN_POINT ( 'NONE',  ( -9.019851916776666201, -0.3079751092872122786, 0.4000000000000000222 ) ) ;
#1757 = CARTESIAN_POINT ( 'NONE',  ( -10.36515379185361674, -2.037541777612064120, 0.4000000000000000222 ) ) ;
#1758 = CARTESIAN_POINT ( 'NONE',  ( -11.32083117685746032, -2.706714286688333360, 1.699999999999999734 ) ) ;
#1759 = ORIENTED_EDGE ( 'NONE', *, *, #2200, .T. ) ;
#1760 = VERTEX_POINT ( 'NONE', #2184 ) ;
#1761 = CARTESIAN_POINT ( 'NONE',  ( 1.666666666666723806, 0.8000000000001048495, -0.3999999999999998557 ) ) ;
#1762 = ADVANCED_FACE ( 'NONE', ( #1581, #963 ), #2572, .T. ) ;
#1763 = VERTEX_POINT ( 'NONE', #1395 ) ;
#1764 = CARTESIAN_POINT ( 'NONE',  ( -5.894588379671017009, -0.8000000000000010436, -1.699999999999999734 ) ) ;
#1765 = ORIENTED_EDGE ( 'NONE', *, *, #1434, .F. ) ;
#1766 = SURFACE_STYLE_USAGE ( .BOTH. , #778 ) ;
#1767 = FACE_OUTER_BOUND ( 'NONE', #1255, .T. ) ;
#1768 =( LENGTH_UNIT ( ) NAMED_UNIT ( * ) SI_UNIT ( .MILLI., .METRE. ) );
#1769 = CARTESIAN_POINT ( 'NONE',  ( -1.757835351867656826, -6.036287450909245401E-16, 0.4000000000000000222 ) ) ;
#1770 = CARTESIAN_POINT ( 'NONE',  ( 3.000000000000000444, 0.7999999999999999334, 0.4000000000000000222 ) ) ;
#1771 = CARTESIAN_POINT ( 'NONE',  ( -11.50664164450715354, -1.860200505805547300, 1.699999999999999956 ) ) ;
#1772 = VERTEX_POINT ( 'NONE', #565 ) ;
#1773 = CARTESIAN_POINT ( 'NONE',  ( 3.000000000000000444, 0.7999999999999999334, 0.4000000000000000222 ) ) ;
#1774 = ORIENTED_EDGE ( 'NONE', *, *, #2294, .T. ) ;
#1775 = DIRECTION ( 'NONE',  ( 1.000000000000000000, -0.000000000000000000, -0.000000000000000000 ) ) ;
#1776 = EDGE_CURVE ( 'NONE', #1763, #2096, #2193, .T. ) ;
#1777 = CARTESIAN_POINT ( 'NONE',  ( -9.932884554299999280, -0.7582594639243382950, -1.699999999999999956 ) ) ;
#1778 = ORIENTED_EDGE ( 'NONE', *, *, #2041, .F. ) ;
#1779 = CARTESIAN_POINT ( 'NONE',  ( -6.411682508146158810, -1.091519722709469673E-15, 0.4000000000000000222 ) ) ;
#1780 = DIRECTION ( 'NONE',  ( -1.000000000000000000, 0.000000000000000000, -0.000000000000000000 ) ) ;
#1781 = CARTESIAN_POINT ( 'NONE',  ( -2.271788935686914979, 1.726221549255618770, 2.976221549255619436 ) ) ;
#1782 = DIRECTION ( 'NONE',  ( 0.000000000000000000, -1.097926250618232273E-16, -1.000000000000000000 ) ) ;
#1783 = CIRCLE ( 'NONE', #1106, 0.04999999999999991257 ) ;
#1784 = ORIENTED_EDGE ( 'NONE', *, *, #1923, .T. ) ;
#1785 = CARTESIAN_POINT ( 'NONE',  ( -6.000000000000000000, 1.307469984379149963, 2.650045345896304472 ) ) ;
#1786 = AXIS2_PLACEMENT_3D ( 'NONE', #20, #1585, #630 ) ;
#1787 = CARTESIAN_POINT ( 'NONE',  ( -10.87330006787080094, -0.4401102885742299575, 0.4000000000000000222 ) ) ;
#1788 = AXIS2_PLACEMENT_3D ( 'NONE', #1036, #1863, #825 ) ;
#1789 = ORIENTED_EDGE ( 'NONE', *, *, #1372, .F. ) ;
#1790 = DIRECTION ( 'NONE',  ( 1.000000000000000000, -0.000000000000000000, -0.000000000000000000 ) ) ;
#1791 = VECTOR ( 'NONE', #570, 1000.000000000000000 ) ;
#1792 = CARTESIAN_POINT ( 'NONE',  ( -8.740436578989211114, -1.058699091801260650, -1.699999999999999734 ) ) ;
#1793 = ORIENTED_EDGE ( 'NONE', *, *, #235, .F. ) ;
#1794 = DIRECTION ( 'NONE',  ( -0.000000000000000000, 3.446399599903740457E-16, -1.000000000000000000 ) ) ;
#1795 = CARTESIAN_POINT ( 'NONE',  ( -1.250000000000000000, 0.9999999999999995559, -3.099999999999998312 ) ) ;
#1796 = DIRECTION ( 'NONE',  ( -1.000000000000000000, 0.000000000000000000, 0.000000000000000000 ) ) ;
#1797 = CARTESIAN_POINT ( 'NONE',  ( 1.000000000000000000, -0.2666666666666678842, -1.001857603000020802 ) ) ;
#1798 = ADVANCED_FACE ( 'NONE', ( #322 ), #1946, .F. ) ;
#1799 = AXIS2_PLACEMENT_3D ( 'NONE', #1165, #1945, #2163 ) ;
#1800 = DIRECTION ( 'NONE',  ( -1.000000000000000000, -0.000000000000000000, -0.000000000000000000 ) ) ;
#1801 = ORIENTED_EDGE ( 'NONE', *, *, #2267, .F. ) ;
#1802 = CARTESIAN_POINT ( 'NONE',  ( -9.299267254564117735, 0.4427488732268364813, 1.699999999999999734 ) ) ;
#1803 = CIRCLE ( 'NONE', #1378, 0.05000000000000002359 ) ;
#1804 = VERTEX_POINT ( 'NONE', #30 ) ;
#1805 = DIRECTION ( 'NONE',  ( 0.000000000000000000, 0.000000000000000000, 1.000000000000000000 ) ) ;
#1806 = CARTESIAN_POINT ( 'NONE',  ( -10.27791830652933669, -0.9998289890731180130, -1.699999999999999956 ) ) ;
#1807 = ORIENTED_EDGE ( 'NONE', *, *, #2075, .F. ) ;
#1808 = DIRECTION ( 'NONE',  ( 0.000000000000000000, 2.168404344971008868E-16, -1.000000000000000000 ) ) ;
#1809 = CYLINDRICAL_SURFACE ( 'NONE', #976, 0.4000000000000000222 ) ;
#1810 = DIRECTION ( 'NONE',  ( 0.000000000000000000, 3.446399599903781379E-16, 1.000000000000000000 ) ) ;
#1811 = DIRECTION ( 'NONE',  ( -1.000000000000000000, 0.000000000000000000, 0.000000000000000000 ) ) ;
#1812 = EDGE_CURVE ( 'NONE', #2463, #1374, #1008, .T. ) ;
#1813 = CARTESIAN_POINT ( 'NONE',  ( 1.000000000000000000, -0.3000000000000002109, 0.9645898033750316403 ) ) ;
#1814 = ORIENTED_EDGE ( 'NONE', *, *, #139, .F. ) ;
#1815 = CARTESIAN_POINT ( 'NONE',  ( -6.928776636621623908, 0.7999999999999987121, 1.699999999999999734 ) ) ;
#1816 = ORIENTED_EDGE ( 'NONE', *, *, #768, .F. ) ;
#1817 = DIRECTION ( 'NONE',  ( 1.000000000000000000, -0.000000000000000000, -0.000000000000000000 ) ) ;
#1818 = CARTESIAN_POINT ( 'NONE',  ( -6.928776636621623908, -0.8000000000000010436, -1.699999999999999734 ) ) ;
#1819 = ORIENTED_EDGE ( 'NONE', *, *, #694, .F. ) ;
#1820 = CYLINDRICAL_SURFACE ( 'NONE', #2296, 0.05000000000000002359 ) ;
#1821 = DIRECTION ( 'NONE',  ( -1.000000000000000000, -0.000000000000000000, -0.000000000000000000 ) ) ;
#1822 = DIRECTION ( 'NONE',  ( 0.000000000000000000, 0.000000000000000000, 1.000000000000000000 ) ) ;
#1823 = LINE ( 'NONE', #2, #1466 ) ;
#1824 = CIRCLE ( 'NONE', #2159, 0.4000000000000060174 ) ;
#1825 = CARTESIAN_POINT ( 'NONE',  ( -9.019851916776666201, -0.3079751092872122786, -0.4000000000000000222 ) ) ;
#1826 = DIRECTION ( 'NONE',  ( -0.08715574274765836016, 0.000000000000000000, -0.9961946980917455452 ) ) ;
#1827 = ORIENTED_EDGE ( 'NONE', *, *, #2200, .F. ) ;
#1828 = EDGE_CURVE ( 'NONE', #73, #1834, #2465, .T. ) ;
#1829 = CARTESIAN_POINT ( 'NONE',  ( -6.411682508146158810, -1.042533850743575653E-15, 0.9000000000000000222 ) ) ;
#1830 = VERTEX_POINT ( 'NONE', #994 ) ;
#1831 = EDGE_CURVE ( 'NONE', #1552, #2515, #1363, .T. ) ;
#1832 = CARTESIAN_POINT ( 'NONE',  ( 0.7500000000000000000, 0.7500000000000002220, 3.000000000000000000 ) ) ;
#1833 = CARTESIAN_POINT ( 'NONE',  ( -7.507670983177139767, -0.8000106901255261693, -0.9000000000000000222 ) ) ;
#1834 = VERTEX_POINT ( 'NONE', #1837 ) ;
#1835 = CARTESIAN_POINT ( 'NONE',  ( 1.000000000000000000, 1.000000000000000222, -3.000000000000000000 ) ) ;
#1836 = VECTOR ( 'NONE', #726, 1000.000000000000000 ) ;
#1837 = CARTESIAN_POINT ( 'NONE',  ( -6.000000000000000000, -0.2666666666666667185, -0.2981423969999719703 ) ) ;
#1838 = PLANE ( 'NONE',  #2586 ) ;
#1839 = CARTESIAN_POINT ( 'NONE',  ( 0.000000000000000000, -0.7249999999999999778, 1.975000000000000977 ) ) ;
#1840 = CARTESIAN_POINT ( 'NONE',  ( -8.447480511018147453, 0.6876135490861995381, -0.3999999999999998557 ) ) ;
#1841 = LINE ( 'NONE', #365, #858 ) ;
#1842 = CARTESIAN_POINT ( 'NONE',  ( -9.932884554299999280, -0.7582594639243382950, 0.4000000000000000222 ) ) ;
#1843 = EDGE_LOOP ( 'NONE', ( #2330, #1819, #747, #2240 ) ) ;
#1844 = EDGE_CURVE ( 'NONE', #1002, #344, #210, .T. ) ;
#1845 = CARTESIAN_POINT ( 'NONE',  ( -9.299267254564117735, 0.4427488732268364813, 0.9000000000000002442 ) ) ;
#1846 = ORIENTED_EDGE ( 'NONE', *, *, #1221, .F. ) ;
#1847 = EDGE_CURVE ( 'NONE', #415, #1520, #794, .T. ) ;
#1848 = CARTESIAN_POINT ( 'NONE',  ( -10.27791830652933669, -0.9998289890731180130, -0.9000000000000000222 ) ) ;
#1849 = CARTESIAN_POINT ( 'NONE',  ( -7.528033142468717465, -1.272633994307954335E-05, 1.699999999999999956 ) ) ;
#1850 = FACE_OUTER_BOUND ( 'NONE', #753, .T. ) ;
#1851 = DIRECTION ( 'NONE',  ( -1.000000000000000000, -0.000000000000000000, -0.000000000000000000 ) ) ;
#1852 = DIRECTION ( 'NONE',  ( -1.000000000000000000, -0.000000000000000000, -0.000000000000000000 ) ) ;
#1853 = CARTESIAN_POINT ( 'NONE',  ( -11.14635074930049896, -0.6313024340245225741, -0.3999999999999998557 ) ) ;
#1854 = LINE ( 'NONE', #229, #2140 ) ;
#1855 = CARTESIAN_POINT ( 'NONE',  ( -7.087352244545633617, 0.8000099971380947306, 0.4000000000000000222 ) ) ;
#1856 = EDGE_LOOP ( 'NONE', ( #2605 ) ) ;
#1857 = CARTESIAN_POINT ( 'NONE',  ( -6.584047217637897020, -0.8000000000000010436, 0.8999999999999999112 ) ) ;
#1858 = ORIENTED_EDGE ( 'NONE', *, *, #1206, .F. ) ;
#1859 = CARTESIAN_POINT ( 'NONE',  ( -10.82401494093445393, -1.382220142180871969, -0.9000000000000000222 ) ) ;
#1860 = CARTESIAN_POINT ( 'NONE',  ( -6.928776636621624796, -1.145729831333761461E-15, 1.699999999999999956 ) ) ;
#1861 = DIRECTION ( 'NONE',  ( 0.000000000000000000, -3.446399599903740457E-16, 1.000000000000000000 ) ) ;
#1862 = ADVANCED_FACE ( 'NONE', ( #239 ), #1809, .F. ) ;
#1863 = DIRECTION ( 'NONE',  ( 0.000000000000000000, 0.000000000000000000, -1.000000000000000000 ) ) ;
#1864 = CARTESIAN_POINT ( 'NONE',  ( -9.256797034685009251, -0.4031169393428793435, -0.4000000000000000222 ) ) ;
#1865 = CARTESIAN_POINT ( 'NONE',  ( 1.000000000000000000, 0.2999999999999999889, -0.3354101966249685152 ) ) ;
#1866 = CARTESIAN_POINT ( 'NONE',  ( -6.411682508146158810, 0.7999999999999987121, -0.3999999999999998557 ) ) ;
#1867 = VERTEX_POINT ( 'NONE', #2625 ) ;
#1868 = CARTESIAN_POINT ( 'NONE',  ( -11.50664164450715354, -1.860200505805547300, 0.9000000000000000222 ) ) ;
#1869 = EDGE_LOOP ( 'NONE', ( #2253, #649, #911, #2264 ) ) ;
#1870 = CARTESIAN_POINT ( 'NONE',  ( -6.584047217637897020, -0.8000000000000010436, -0.9000000000000000222 ) ) ;
#1871 = CARTESIAN_POINT ( 'NONE',  ( -1.757835351867656382, 0.7999999999999992673, 1.699999999999999734 ) ) ;
#1872 = CARTESIAN_POINT ( 'NONE',  ( -8.285552999926764528, -0.09688487147738744643, 0.4000000000000000222 ) ) ;
#1873 = CARTESIAN_POINT ( 'NONE',  ( -1.000000000000000000, -0.7249999999999999778, 1.975000000000000977 ) ) ;
#1874 = CARTESIAN_POINT ( 'NONE',  ( -3.826211865769982623, -8.204691795881260066E-16, -0.9000000000000000222 ) ) ;
#1875 = CIRCLE ( 'NONE', #2088, 0.4000000000000000222 ) ;
#1876 = CARTESIAN_POINT ( 'NONE',  ( 3.000000000000000444, 0.7999999999999999334, -0.3999999999999998557 ) ) ;
#1877 = EDGE_CURVE ( 'NONE', #802, #2251, #2378, .T. ) ;
#1878 = DIRECTION ( 'NONE',  ( 0.000000000000000000, 1.748713181428233054E-16, 1.000000000000000000 ) ) ;
#1879 = CARTESIAN_POINT ( 'NONE',  ( -10.82401494093445393, -1.382220142180871969, -0.4000000000000000222 ) ) ;
#1880 = VERTEX_POINT ( 'NONE', #1250 ) ;
#1881 = CARTESIAN_POINT ( 'NONE',  ( -5.549858960687534370, -0.8000000000000009326, 0.8999999999999999112 ) ) ;
#1882 = ORIENTED_EDGE ( 'NONE', *, *, #457, .F. ) ;
#1883 = CARTESIAN_POINT ( 'NONE',  ( -2.000000000000000000, -1.633961637524751653, -3.000000000000000444 ) ) ;
#1884 = DIRECTION ( 'NONE',  ( 0.9924325091389669673, 0.08682659386424780579, 0.08682659386424779191 ) ) ;
#1885 = DIRECTION ( 'NONE',  ( -1.000000000000000000, 0.000000000000000000, -0.000000000000000000 ) ) ;
#1886 = CARTESIAN_POINT ( 'NONE',  ( -9.808134373638695891, -1.647504036639465319, 0.4000000000000000222 ) ) ;
#1887 = CYLINDRICAL_SURFACE ( 'NONE', #2560, 0.2500000000000000000 ) ;
#1888 = CARTESIAN_POINT ( 'NONE',  ( -1.757835351867656382, -0.8000000000000005995, -0.4000000000000001332 ) ) ;
#1889 = ORIENTED_EDGE ( 'NONE', *, *, #63, .T. ) ;
#1890 = EDGE_CURVE ( 'NONE', #478, #357, #2611, .T. ) ;
#1891 = CARTESIAN_POINT ( 'NONE',  ( -10.82401494093445393, -1.382220142180871969, 0.9000000000000000222 ) ) ;
#1892 = VERTEX_POINT ( 'NONE', #1639 ) ;
#1893 = PLANE ( 'NONE',  #1980 ) ;
#1894 = DIRECTION ( 'NONE',  ( -1.000000000000000000, -0.000000000000000000, -0.000000000000000000 ) ) ;
#1895 = FACE_OUTER_BOUND ( 'NONE', #1843, .T. ) ;
#1896 = CARTESIAN_POINT ( 'NONE',  ( -7.548395301760295162, 0.7999852374456397630, -1.699999999999999734 ) ) ;
#1897 = CARTESIAN_POINT ( 'NONE',  ( -4.515670703736355485, -0.8000000000000007105, 0.4000000000000000222 ) ) ;
#1898 = LINE ( 'NONE', #2091, #1025 ) ;
#1899 = CARTESIAN_POINT ( 'NONE',  ( -6.584047217637897020, 0.7999999999999987121, -0.3999999999999998557 ) ) ;
#1900 = EDGE_LOOP ( 'NONE', ( #1345, #1351, #1952, #1929, #487, #2607, #1678, #1055, #1944, #1846, #1659, #1387, #954, #1019, #1211, #583 ) ) ;
#1901 =( BOUNDED_SURFACE ( )  B_SPLINE_SURFACE ( 3, 3, ( 
 ( #2623, #973, #386, #2015, #652, #443, #637, #224, #1034, #28, #1446, #1860, #2270, #1849, #237, #2451, #1047, #1261, #836, #850, #1651, #2257, #2059, #2467, #431, #42, #1664, #1248 ),
 ( #1460, #2072, #248, #1060, #1871, #2418, #368, #617, #1185, #2393, #1604, #1815, #1225, #2432, #987, #23, #218, #1802, #2408, #1197, #232, #585, #2447, #2619, #600, #1442, #1401, #2210 ),
 ( #2225, #2606, #572, #818, #633, #832, #2252, #1589, #1998, #1646, #395, #427, #1243, #1001, #1427, #801, #1030, #1845, #2199, #2012, #1389, #2055, #1043, #1210, #7, #2593, #382, #191 ),
 ( #2026, #788, #179, #1630, #772, #1615, #1415, #205, #1015, #1829, #2239, #411, #2042, #258, #1701, #1072, #282, #2108, #1456, #452, #647, #699, #83, #463, #1891, #1507, #1868, #1495 ),
 ( #2278, #1095, #1676, #1714, #1903, #245, #1270, #1881, #2500, #684, #1857, #2265, #1283, #895, #1689, #477, #2119, #292, #1297, #2516, #2461, #2319, #2095, #490, #2081, #38, #845, #1310 ),
 ( #860, #1660, #1085, #2488, #2306, #52, #439, #1256, #2068, #1481, #1056, #2477, #672, #660, #1469, #2289, #1738, #99, #910, #1727, #306, #1747, #2563, #2528, #2341, #708, #512, #1758 ),
 ( #1519, #2329, #526, #1528, #341, #1156, #1332, #1118, #1966, #1928, #2143, #315, #741, #540, #499, #2549, #1321, #1556, #2132, #111, #920, #1127, #1357, #937, #2538, #953, #1771, #718 ) ),
 .UNSPECIFIED., .T., .F., .F. ) 
 B_SPLINE_SURFACE_WITH_KNOTS ( ( 4, 3, 4 ),
 ( 4, 2, 2, 2, 2, 2, 2, 2, 2, 2, 2, 2, 2, 4 ),
 ( 0.000000000000000000, 0.5000000000000000000, 1.000000000000000000 ),
 ( 0.000000000000000000, 0.1304815950373066358, 0.4003666617088481039, 0.5353091950446188241, 0.6027804617125042119, 0.6365160950464469058, 0.6702517283803895998, 0.7200683975259656311, 0.7698850666715415514, 0.8197017358171174717, 0.8695184049626933920, 0.9021388037220200440, 0.9347592024813466960, 1.000000000000000000 ),
 .UNSPECIFIED. ) 
 GEOMETRIC_REPRESENTATION_ITEM ( )  RATIONAL_B_SPLINE_SURFACE ( (
 ( 1.000000000000000000, 1.000000000000000000, 1.000000000000000000, 1.000000000000000000, 1.000000000000000000, 1.000000000000000000, 1.000000000000000000, 1.000000000000000000, 1.000000000000000000, 1.000000000000000000, 1.000000000000000000, 1.000000000000000000, 1.000000000000000000, 1.000000000000000000, 1.000000000000000000, 1.000000000000000000, 1.000000000000000000, 1.000000000000000000, 1.000000000000000000, 1.000000000000000000, 1.000000000000000000, 1.000000000000000000, 1.000000000000000000, 1.000000000000000000, 1.000000000000000000, 1.000000000000000000, 1.000000000000000000, 1.000000000000000000),
 ( 0.3333333333333333703, 0.3333333333333333703, 0.3333333333333333703, 0.3333333333333333703, 0.3333333333333333703, 0.3333333333333333703, 0.3333333333333333703, 0.3333333333333333703, 0.3333333333333333703, 0.3333333333333333703, 0.3333333333333333703, 0.3333333333333333703, 0.3333333333333333703, 0.3333333333333333703, 0.3333333333333333703, 0.3333333333333333703, 0.3333333333333333703, 0.3333333333333333703, 0.3333333333333333703, 0.3333333333333333703, 0.3333333333333333703, 0.3333333333333333703, 0.3333333333333333703, 0.3333333333333333703, 0.3333333333333333703, 0.3333333333333333703, 0.3333333333333333703, 0.3333333333333333703),
 ( 0.3333333333333333703, 0.3333333333333333703, 0.3333333333333333703, 0.3333333333333333703, 0.3333333333333333703, 0.3333333333333333703, 0.3333333333333333703, 0.3333333333333333703, 0.3333333333333333703, 0.3333333333333333703, 0.3333333333333333703, 0.3333333333333333703, 0.3333333333333333703, 0.3333333333333333703, 0.3333333333333333703, 0.3333333333333333703, 0.3333333333333333703, 0.3333333333333333703, 0.3333333333333333703, 0.3333333333333333703, 0.3333333333333333703, 0.3333333333333333703, 0.3333333333333333703, 0.3333333333333333703, 0.3333333333333333703, 0.3333333333333333703, 0.3333333333333333703, 0.3333333333333333703),
 ( 1.000000000000000000, 1.000000000000000000, 1.000000000000000000, 1.000000000000000000, 1.000000000000000000, 1.000000000000000000, 1.000000000000000000, 1.000000000000000000, 1.000000000000000000, 1.000000000000000000, 1.000000000000000000, 1.000000000000000000, 1.000000000000000000, 1.000000000000000000, 1.000000000000000000, 1.000000000000000000, 1.000000000000000000, 1.000000000000000000, 1.000000000000000000, 1.000000000000000000, 1.000000000000000000, 1.000000000000000000, 1.000000000000000000, 1.000000000000000000, 1.000000000000000000, 1.000000000000000000, 1.000000000000000000, 1.000000000000000000),
 ( 0.3333333333333333703, 0.3333333333333333703, 0.3333333333333333703, 0.3333333333333333703, 0.3333333333333333703, 0.3333333333333333703, 0.3333333333333333703, 0.3333333333333333703, 0.3333333333333333703, 0.3333333333333333703, 0.3333333333333333703, 0.3333333333333333703, 0.3333333333333333703, 0.3333333333333333703, 0.3333333333333333703, 0.3333333333333333703, 0.3333333333333333703, 0.3333333333333333703, 0.3333333333333333703, 0.3333333333333333703, 0.3333333333333333703, 0.3333333333333333703, 0.3333333333333333703, 0.3333333333333333703, 0.3333333333333333703, 0.3333333333333333703, 0.3333333333333333703, 0.3333333333333333703),
 ( 0.3333333333333333703, 0.3333333333333333703, 0.3333333333333333703, 0.3333333333333333703, 0.3333333333333333703, 0.3333333333333333703, 0.3333333333333333703, 0.3333333333333333703, 0.3333333333333333703, 0.3333333333333333703, 0.3333333333333333703, 0.3333333333333333703, 0.3333333333333333703, 0.3333333333333333703, 0.3333333333333333703, 0.3333333333333333703, 0.3333333333333333703, 0.3333333333333333703, 0.3333333333333333703, 0.3333333333333333703, 0.3333333333333333703, 0.3333333333333333703, 0.3333333333333333703, 0.3333333333333333703, 0.3333333333333333703, 0.3333333333333333703, 0.3333333333333333703, 0.3333333333333333703),
 ( 1.000000000000000000, 1.000000000000000000, 1.000000000000000000, 1.000000000000000000, 1.000000000000000000, 1.000000000000000000, 1.000000000000000000, 1.000000000000000000, 1.000000000000000000, 1.000000000000000000, 1.000000000000000000, 1.000000000000000000, 1.000000000000000000, 1.000000000000000000, 1.000000000000000000, 1.000000000000000000, 1.000000000000000000, 1.000000000000000000, 1.000000000000000000, 1.000000000000000000, 1.000000000000000000, 1.000000000000000000, 1.000000000000000000, 1.000000000000000000, 1.000000000000000000, 1.000000000000000000, 1.000000000000000000, 1.000000000000000000) ) ) 
 REPRESENTATION_ITEM ( '' )  SURFACE ( )  );
#1902 = VECTOR ( 'NONE', #1626, 1000.000000000000000 ) ;
#1903 = CARTESIAN_POINT ( 'NONE',  ( -1.757835351867656382, -0.8000000000000005995, 0.8999999999999999112 ) ) ;
#1904 = ADVANCED_FACE ( 'NONE', ( #2427 ), #185, .F. ) ;
#1905 = EDGE_LOOP ( 'NONE', ( #1986, #1728, #1882, #2266, #590, #807 ) ) ;
#1906 = CARTESIAN_POINT ( 'NONE',  ( -1.250000000000000000, -1.249999999999999556, 3.100000000000000977 ) ) ;
#1907 = EDGE_CURVE ( 'NONE', #1226, #2305, #1421, .T. ) ;
#1908 = DIRECTION ( 'NONE',  ( 5.862995914032915683E-36, -1.084202172485504434E-16, -1.000000000000000000 ) ) ;
#1909 = DIRECTION ( 'NONE',  ( 0.000000000000000000, -1.084202172485504434E-16, -1.000000000000000000 ) ) ;
#1910 = VECTOR ( 'NONE', #211, 1000.000000000000000 ) ;
#1911 = CARTESIAN_POINT ( 'NONE',  ( -3.826211865769982623, 0.7999999999999990452, -0.9000000000000000222 ) ) ;
#1912 = CARTESIAN_POINT ( 'NONE',  ( -7.114930577321783467, -0.7999927606931349633, 0.4000000000000000222 ) ) ;
#1913 = AXIS2_PLACEMENT_3D ( 'NONE', #1673, #2513, #1253 ) ;
#1914 = CARTESIAN_POINT ( 'NONE',  ( 1.000000000000000000, -0.2666666666666667185, 0.2981423969999719148 ) ) ;
#1915 = CIRCLE ( 'NONE', #1749, 0.3999999999999999667 ) ;
#1916 = CARTESIAN_POINT ( 'NONE',  ( -0.3789176759342964274, -0.8000000000002168710, -0.4000000000000001332 ) ) ;
#1917 = AXIS2_PLACEMENT_3D ( 'NONE', #1474, #2283, #2112 ) ;
#1918 = ORIENTED_EDGE ( 'NONE', *, *, #1122, .F. ) ;
#1919 = VECTOR ( 'NONE', #2204, 1000.000000000000000 ) ;
#1920 = DIRECTION ( 'NONE',  ( 0.000000000000000000, 0.000000000000000000, 1.000000000000000000 ) ) ;
#1921 = CARTESIAN_POINT ( 'NONE',  ( 1.666666666666723362, 1.048710006055874721E-13, 0.4000000000000000222 ) ) ;
#1922 = DIRECTION ( 'NONE',  ( 0.000000000000000000, 1.000000000000000000, -1.372407813272790279E-16 ) ) ;
#1923 = EDGE_CURVE ( 'NONE', #124, #124, #1622, .T. ) ;
#1924 = CARTESIAN_POINT ( 'NONE',  ( -6.928776636621623908, 0.7999999999999987121, -1.699999999999999734 ) ) ;
#1925 = CARTESIAN_POINT ( 'NONE',  ( -4.515670703736355485, -0.8000000000000007105, -0.4000000000000001332 ) ) ;
#1926 =( NAMED_UNIT ( * ) PLANE_ANGLE_UNIT ( ) SI_UNIT ( $, .RADIAN. ) );
#1927 = CARTESIAN_POINT ( 'NONE',  ( -3.826211865769982623, -0.8000000000000007105, 0.4000000000000000222 ) ) ;
#1928 = CARTESIAN_POINT ( 'NONE',  ( -6.411682508146158810, -1.091519722709469673E-15, 1.699999999999999956 ) ) ;
#1929 = ORIENTED_EDGE ( 'NONE', *, *, #803, .F. ) ;
#1930 = DIRECTION ( 'NONE',  ( 0.000000000000000000, -1.000000000000000000, 1.734723475976806848E-16 ) ) ;
#1931 = ORIENTED_EDGE ( 'NONE', *, *, #2551, .F. ) ;
#1932 = LINE ( 'NONE', #1537, #1534 ) ;
#1933 = CARTESIAN_POINT ( 'NONE',  ( -0.3789176759342964274, 0.7999999999997831068, -0.9000000000000000222 ) ) ;
#1934 = EDGE_CURVE ( 'NONE', #1997, #1997, #337, .T. ) ;
#1935 = CARTESIAN_POINT ( 'NONE',  ( -11.04778049542631635, -2.515522141236739895, 0.4000000000000000222 ) ) ;
#1936 = CARTESIAN_POINT ( 'NONE',  ( -6.000000000000000000, -1.170962552391947131, 2.650045345896304028 ) ) ;
#1937 = CARTESIAN_POINT ( 'NONE',  ( -9.322952643226258829, -1.327742476002200078, -0.4000000000000001332 ) ) ;
#1938 = DIRECTION ( 'NONE',  ( 0.000000000000000000, -1.000000000000000000, -2.168404344971008868E-16 ) ) ;
#1939 = ORIENTED_EDGE ( 'NONE', *, *, #1722, .F. ) ;
#1940 = VERTEX_POINT ( 'NONE', #940 ) ;
#1941 = CARTESIAN_POINT ( 'NONE',  ( -6.000000000000000000, -1.307469984379149297, 2.650045345896304472 ) ) ;
#1942 = CIRCLE ( 'NONE', #584, 0.4000000000000000222 ) ;
#1943 = CARTESIAN_POINT ( 'NONE',  ( -10.10369420041536159, 0.07121277123506331019, -0.9000000000000000222 ) ) ;
#1944 = ORIENTED_EDGE ( 'NONE', *, *, #440, .F. ) ;
#1945 = DIRECTION ( 'NONE',  ( -0.000000000000000000, 2.168404344971008868E-16, -1.000000000000000000 ) ) ;
#1946 = PLANE ( 'NONE',  #1788 ) ;
#1947 = DIRECTION ( 'NONE',  ( 1.000000000000000000, -0.000000000000000000, -0.000000000000000000 ) ) ;
#1948 = CARTESIAN_POINT ( 'NONE',  ( -10.22862845113882280, -1.941945704886907986, -0.4000000000000001332 ) ) ;
#1949 = CARTESIAN_POINT ( 'NONE',  ( -10.68748960021965999, -1.286624069455715613, 0.4000000000000000222 ) ) ;
#1950 = EDGE_CURVE ( 'NONE', #2617, #1157, #86, .T. ) ;
#1951 = CARTESIAN_POINT ( 'NONE',  ( -5.771788935686915423, -1.420011226914883462, 2.670011226914884794 ) ) ;
#1952 = ORIENTED_EDGE ( 'NONE', *, *, #2300, .F. ) ;
#1953 = DIRECTION ( 'NONE',  ( 0.000000000000000000, -1.000000000000000000, 1.097926250618232396E-16 ) ) ;
#1954 = VECTOR ( 'NONE', #2370, 1000.000000000000000 ) ;
#1955 = AXIS2_PLACEMENT_3D ( 'NONE', #115, #1753, #2542 ) ;
#1956 = CARTESIAN_POINT ( 'NONE',  ( 1.666666666666723362, 1.048710006055874721E-13, 0.4000000000000000222 ) ) ;
#1957 = VERTEX_POINT ( 'NONE', #2218 ) ;
#1958 = DIRECTION ( 'NONE',  ( 1.000000000000000000, -0.000000000000000000, -0.000000000000000000 ) ) ;
#1959 = CARTESIAN_POINT ( 'NONE',  ( -10.68748960021965999, -1.286624069455715613, -1.699999999999999956 ) ) ;
#1960 = ORIENTED_EDGE ( 'NONE', *, *, #515, .T. ) ;
#1961 = SURFACE_SIDE_STYLE ('',( #548 ) ) ;
#1962 = CARTESIAN_POINT ( 'NONE',  ( -5.894588379671017009, -1.037309614085190704E-15, 0.4000000000000000222 ) ) ;
#1963 = CARTESIAN_POINT ( 'NONE',  ( 0.000000000000000000, 0.7249999999999999778, 1.975000000000000977 ) ) ;
#1964 = CARTESIAN_POINT ( 'NONE',  ( -10.22862845113882280, -1.941945704886907986, 0.4000000000000000222 ) ) ;
#1965 = CARTESIAN_POINT ( 'NONE',  ( -9.713323421820810211, -0.6282648523835685506, 0.4000000000000000222 ) ) ;
#1966 = CARTESIAN_POINT ( 'NONE',  ( -5.894588379671017009, -1.037309614085190704E-15, 1.699999999999999956 ) ) ;
#1967 = ORIENTED_EDGE ( 'NONE', *, *, #489, .T. ) ;
#1968 = EDGE_CURVE ( 'NONE', #732, #732, #1875, .T. ) ;
#1969 = CARTESIAN_POINT ( 'NONE',  ( 3.000000000000000000, 0.000000000000000000, 0.4000000000000000222 ) ) ;
#1970 = CARTESIAN_POINT ( 'NONE',  ( -10.41443891878996197, -1.095431924005422886, 0.4000000000000000222 ) ) ;
#1971 = VERTEX_POINT ( 'NONE', #1433 ) ;
#1972 = AXIS2_PLACEMENT_3D ( 'NONE', #2016, #837, #1652 ) ;
#1973 = DIRECTION ( 'NONE',  ( 0.000000000000000000, -2.990902544787598592E-16, 1.000000000000000000 ) ) ;
#1974 = CARTESIAN_POINT ( 'NONE',  ( 2.333333333334111970, -0.7999999999999999334, -0.9000000000000000222 ) ) ;
#1975 = EDGE_LOOP ( 'NONE', ( #731, #2212, #1793, #2420 ) ) ;
#1976 = FILL_AREA_STYLE ('',( #117 ) ) ;
#1977 = CARTESIAN_POINT ( 'NONE',  ( -4.515670703736355485, -8.927493244204541504E-16, 0.4000000000000000222 ) ) ;
#1978 = PLANE ( 'NONE',  #542 ) ;
#1979 = DIRECTION ( 'NONE',  ( 1.000000000000000000, -0.000000000000000000, -0.000000000000000000 ) ) ;
#1980 = AXIS2_PLACEMENT_3D ( 'NONE', #2135, #1752, #912 ) ;
#1981 = CARTESIAN_POINT ( 'NONE',  ( -6.584047217637897020, 0.7999999999999987121, 0.4000000000000000222 ) ) ;
#1982 = DIRECTION ( 'NONE',  ( 0.000000000000000000, -1.000000000000000000, 1.723199799951891182E-16 ) ) ;
#1983 = ORIENTED_EDGE ( 'NONE', *, *, #1776, .T. ) ;
#1984 =( LENGTH_UNIT ( ) NAMED_UNIT ( * ) SI_UNIT ( .MILLI., .METRE. ) );
#1985 = CARTESIAN_POINT ( 'NONE',  ( -10.27791830652933669, -0.9998289890731180130, 0.4000000000000000222 ) ) ;
#1986 = ORIENTED_EDGE ( 'NONE', *, *, #1372, .T. ) ;
#1987 =( LENGTH_UNIT ( ) NAMED_UNIT ( * ) SI_UNIT ( .MILLI., .METRE. ) );
#1988 = EDGE_CURVE ( 'NONE', #168, #802, #2245, .T. ) ;
#1989 = CARTESIAN_POINT ( 'NONE',  ( -10.82401494093445393, -1.382220142180871969, -1.699999999999999956 ) ) ;
#1990 = CARTESIAN_POINT ( 'NONE',  ( 1.000000000000000000, -0.2500000000000001665, -0.9645898033750234246 ) ) ;
#1991 = CARTESIAN_POINT ( 'NONE',  ( -6.928776636621624796, -1.145729831333761461E-15, 0.4000000000000000222 ) ) ;
#1992 = CARTESIAN_POINT ( 'NONE',  ( 1.000000000000000000, 0.2500000000000000000, -0.9645898033750235356 ) ) ;
#1993 = LINE ( 'NONE', #767, #1902 ) ;
#1994 = VECTOR ( 'NONE', #323, 1000.000000000000000 ) ;
#1995 = CARTESIAN_POINT ( 'NONE',  ( -2.000000000000000000, 1.250000000000000444, 3.100000000000000977 ) ) ;
#1996 = ORIENTED_EDGE ( 'NONE', *, *, #2121, .F. ) ;
#1997 = VERTEX_POINT ( 'NONE', #152 ) ;
#1998 = CARTESIAN_POINT ( 'NONE',  ( -5.894588379671017009, 0.7999999999999987121, 0.9000000000000002442 ) ) ;
#1999 = AXIS2_PLACEMENT_3D ( 'NONE', #1623, #639, #624 ) ;
#2000 = ORIENTED_EDGE ( 'NONE', *, *, #1277, .F. ) ;
#2001 = LINE ( 'NONE', #834, #1410 ) ;
#2002 = AXIS2_PLACEMENT_3D ( 'NONE', #2449, #1632, #2421 ) ;
#2003 = CARTESIAN_POINT ( 'NONE',  ( -11.23359096307900096, -1.669008360356527332, -1.699999999999999956 ) ) ;
#2004 = ORIENTED_EDGE ( 'NONE', *, *, #1502, .F. ) ;
#2005 = CARTESIAN_POINT ( 'NONE',  ( 1.000000000000000000, 0.2500000000000001665, -0.3354101966249684041 ) ) ;
#2006 = EDGE_CURVE ( 'NONE', #1971, #1157, #2048, .T. ) ;
#2007 = CARTESIAN_POINT ( 'NONE',  ( -5.549858960687535259, -1.001169541669012285E-15, 0.4000000000000000222 ) ) ;
#2008 = CARTESIAN_POINT ( 'NONE',  ( 1.000000000000000000, 0.2999999999999998779, 0.9645898033750313072 ) ) ;
#2009 = CYLINDRICAL_SURFACE ( 'NONE', #2062, 0.2500000000000000000 ) ;
#2010 = DIRECTION ( 'NONE',  ( -1.000000000000000000, 0.000000000000000000, 0.000000000000000000 ) ) ;
#2011 = EDGE_LOOP ( 'NONE', ( #872 ) ) ;
#2012 = CARTESIAN_POINT ( 'NONE',  ( -10.10369420041536159, 0.07121277123506331019, 0.9000000000000002442 ) ) ;
#2013 = EDGE_LOOP ( 'NONE', ( #2224, #1889, #1073, #1595 ) ) ;
#2014 = CARTESIAN_POINT ( 'NONE',  ( -6.584047217637897909, -1.060603886951648396E-15, -1.699999999999999956 ) ) ;
#2015 = CARTESIAN_POINT ( 'NONE',  ( -0.3789176759342969270, -2.169127146419229123E-13, 1.699999999999999956 ) ) ;
#2016 = CARTESIAN_POINT ( 'NONE',  ( 1.000000000000000000, 0.000000000000000000, 0.000000000000000000 ) ) ;
#2017 = CARTESIAN_POINT ( 'NONE',  ( -2.115596801473091482, 1.739886590331248595, 2.989886590331249039 ) ) ;
#2018 = EDGE_CURVE ( 'NONE', #231, #271, #264, .T. ) ;
#2019 = CARTESIAN_POINT ( 'NONE',  ( -6.000000000000000000, -0.3000000000000002109, -0.9645898033750234246 ) ) ;
#2020 = DIRECTION ( 'NONE',  ( -0.000000000000000000, -3.446399599903781379E-16, -1.000000000000000000 ) ) ;
#2021 = CARTESIAN_POINT ( 'NONE',  ( -9.574123591337761141, 0.3323843503622573303, -0.3999999999999998557 ) ) ;
#2022 = EDGE_CURVE ( 'NONE', #2279, #1772, #1076, .T. ) ;
#2023 = CARTESIAN_POINT ( 'NONE',  ( -2.000000000000000000, -1.750000000000000222, -2.999999999999999112 ) ) ;
#2024 = ORIENTED_EDGE ( 'NONE', *, *, #1907, .F. ) ;
#2025 = AXIS2_PLACEMENT_3D ( 'NONE', #227, #1051, #265 ) ;
#2026 = CARTESIAN_POINT ( 'NONE',  ( 3.000000000000000000, 4.898587196589413075E-17, 0.9000000000000000222 ) ) ;
#2027 = VERTEX_POINT ( 'NONE', #495 ) ;
#2028 = CYLINDRICAL_SURFACE ( 'NONE', #1151, 0.2500000000000000000 ) ;
#2029 = CARTESIAN_POINT ( 'NONE',  ( -8.332504248056853413, -0.9300785219136368243, -0.9000000000000000222 ) ) ;
#2030 = VERTEX_POINT ( 'NONE', #287 ) ;
#2031 = CARTESIAN_POINT ( 'NONE',  ( -6.000000000000000000, -0.2500000000000001665, -0.9645898033750234246 ) ) ;
#2032 = CARTESIAN_POINT ( 'NONE',  ( -2.000000000000000000, 1.633961637524751653, 3.000000000000000888 ) ) ;
#2033 = CARTESIAN_POINT ( 'NONE',  ( -1.000000000000000000, -0.7249999999999999778, 1.975000000000000977 ) ) ;
#2034 = CARTESIAN_POINT ( 'NONE',  ( -2.000000000000000000, 1.477172874732681773, -2.999999999999999112 ) ) ;
#2035 = CARTESIAN_POINT ( 'NONE',  ( -7.863879800363497985, 0.7774235388848491635, 0.4000000000000000222 ) ) ;
#2036 = UNCERTAINTY_MEASURE_WITH_UNIT (LENGTH_MEASURE( 1.000000000000000082E-05 ), #2138, 'distance_accuracy_value', 'NONE');
#2037 = DIRECTION ( 'NONE',  ( -1.000000000000000000, -0.000000000000000000, -0.000000000000000000 ) ) ;
#2038 = CARTESIAN_POINT ( 'NONE',  ( -12.23855347501913471, -1.396071015825947725, 0.4000000000000000222 ) ) ;
#2039 = ORIENTED_EDGE ( 'NONE', *, *, #2373, .T. ) ;
#2040 = VECTOR ( 'NONE', #2206, 1000.000000000000000 ) ;
#2041 = EDGE_CURVE ( 'NONE', #307, #2437, #2375, .T. ) ;
#2042 = CARTESIAN_POINT ( 'NONE',  ( -7.101141410933709430, 8.618222479944839671E-06, 0.9000000000000000222 ) ) ;
#2043 = VERTEX_POINT ( 'NONE', #2506 ) ;
#2044 = CARTESIAN_POINT ( 'NONE',  ( -11.04778049542631635, -2.515522141236739895, -0.9000000000000000222 ) ) ;
#2045 = EDGE_LOOP ( 'NONE', ( #1967 ) ) ;
#2046 = LINE ( 'NONE', #2005, #3 ) ;
#2047 = AXIS2_PLACEMENT_3D ( 'NONE', #2481, #692, #1114 ) ;
#2048 = LINE ( 'NONE', #226, #1282 ) ;
#2049 = CARTESIAN_POINT ( 'NONE',  ( -9.256797034685009251, -0.4031169393428793435, -0.9000000000000000222 ) ) ;
#2050 = VECTOR ( 'NONE', #331, 1000.000000000000000 ) ;
#2051 = CARTESIAN_POINT ( 'NONE',  ( -8.285552999926764528, -0.09688487147738739091, -0.4000000000000000222 ) ) ;
#2052 = CARTESIAN_POINT ( 'NONE',  ( -6.000000000000000000, 1.170962552391948241, 2.650045345896304028 ) ) ;
#2053 = CARTESIAN_POINT ( 'NONE',  ( -10.82401494093445393, -1.382220142180871969, 0.4000000000000000222 ) ) ;
#2054 = ORIENTED_EDGE ( 'NONE', *, *, #2234, .F. ) ;
#2055 = CARTESIAN_POINT ( 'NONE',  ( -10.74770223941997926, -0.3521539415067700407, 0.9000000000000002442 ) ) ;
#2056 = ADVANCED_FACE ( 'NONE', ( #2099 ), #677, .T. ) ;
#2057 = ORIENTED_EDGE ( 'NONE', *, *, #2107, .T. ) ;
#2058 = CARTESIAN_POINT ( 'NONE',  ( -8.740436578989211114, -1.058699091801260650, -0.9000000000000000222 ) ) ;
#2059 = CARTESIAN_POINT ( 'NONE',  ( -10.41443891878996197, -1.095431924005422886, 1.699999999999999956 ) ) ;
#2060 = CARTESIAN_POINT ( 'NONE',  ( 1.000000000000000000, 1.000000000000000222, 3.000000000000000000 ) ) ;
#2061 = DIRECTION ( 'NONE',  ( 0.000000000000000000, 0.000000000000000000, 1.000000000000000000 ) ) ;
#2062 = AXIS2_PLACEMENT_3D ( 'NONE', #568, #1385, #782 ) ;
#2063 = DIRECTION ( 'NONE',  ( -0.000000000000000000, 1.000000000000000000, -0.000000000000000000 ) ) ;
#2064 = CARTESIAN_POINT ( 'NONE',  ( -12.23855347501913471, -1.396071015825947725, 0.4000000000000000222 ) ) ;
#2065 = CYLINDRICAL_SURFACE ( 'NONE', #1913, 0.2500000000000000000 ) ;
#2066 = CARTESIAN_POINT ( 'NONE',  ( -8.735932130895626813, 0.6203677554525900417, -0.3999999999999998557 ) ) ;
#2067 = ORIENTED_EDGE ( 'NONE', *, *, #1289, .T. ) ;
#2068 = CARTESIAN_POINT ( 'NONE',  ( -5.894588379671017009, -0.8000000000000010436, 1.699999999999999734 ) ) ;
#2069 = ORIENTED_EDGE ( 'NONE', *, *, #250, .T. ) ;
#2070 = VECTOR ( 'NONE', #199, 1000.000000000000000 ) ;
#2071 = CARTESIAN_POINT ( 'NONE',  ( -6.928776636621624796, -1.145729831333761461E-15, -0.9000000000000000222 ) ) ;
#2072 = CARTESIAN_POINT ( 'NONE',  ( 2.333333333334111970, 0.7999999999999999334, 1.699999999999999734 ) ) ;
#2073 = CARTESIAN_POINT ( 'NONE',  ( 3.000000000000000000, 0.000000000000000000, 0.4000000000000000222 ) ) ;
#2074 = CARTESIAN_POINT ( 'NONE',  ( -2.000000000000000000, 0.000000000000000000, 0.000000000000000000 ) ) ;
#2075 = EDGE_CURVE ( 'NONE', #53, #204, #904, .T. ) ;
#2076 = CARTESIAN_POINT ( 'NONE',  ( 1.666666666666723362, 1.048710006055874721E-13, -0.9000000000000000222 ) ) ;
#2077 = CARTESIAN_POINT ( 'NONE',  ( -6.411682508146158810, -1.042533850743575653E-15, -0.4000000000000000222 ) ) ;
#2078 = CARTESIAN_POINT ( 'NONE',  ( 0.2500000000000000000, 0.7500000000000002220, 3.000000000000000000 ) ) ;
#2079 = CARTESIAN_POINT ( 'NONE',  ( -7.528033142468717465, -1.272633994302595835E-05, -0.4000000000000000222 ) ) ;
#2080 = ORIENTED_EDGE ( 'NONE', *, *, #608, .F. ) ;
#2081 = CARTESIAN_POINT ( 'NONE',  ( -10.36515379185361674, -2.037541777612064120, 0.8999999999999999112 ) ) ;
#2082 = ORIENTED_EDGE ( 'NONE', *, *, #745, .F. ) ;
#2083 = CARTESIAN_POINT ( 'NONE',  ( -10.77472981399816199, -2.324329995787719039, -0.9000000000000000222 ) ) ;
#2084 = LINE ( 'NONE', #902, #2547 ) ;
#2085 = FACE_OUTER_BOUND ( 'NONE', #51, .T. ) ;
#2086 = FACE_OUTER_BOUND ( 'NONE', #1905, .T. ) ;
#2087 = ADVANCED_FACE ( 'NONE', ( #67 ), #1720, .F. ) ;
#2088 = AXIS2_PLACEMENT_3D ( 'NONE', #389, #1216, #1021 ) ;
#2089 = CARTESIAN_POINT ( 'NONE',  ( -10.68748960021965999, -1.286624069455715613, -0.4000000000000000222 ) ) ;
#2090 = COLOUR_RGB ( '',0.7921568627450980005, 0.8196078431372548767, 0.9333333333333333481 ) ;
#2091 = CARTESIAN_POINT ( 'NONE',  ( 1.000000000000000000, -0.2500000000000000555, -0.3354101966249684597 ) ) ;
#2092 = CARTESIAN_POINT ( 'NONE',  ( -11.69245211215983815, -1.013686724925334293, -0.3999999999999998557 ) ) ;
#2093 = EDGE_LOOP ( 'NONE', ( #2082, #1774, #1269, #1712 ) ) ;
#2094 =( BOUNDED_SURFACE ( )  B_SPLINE_SURFACE ( 3, 3, ( 
 ( #1667, #2495, #2076, #1063, #2297, #1874, #57, #1290, #1682, #2482, #276, #418, #1090, #667, #17, #2284, #458, #2441, #2049, #1037, #93, #1102, #736, #78, #888, #1349, #1721, #1732 ),
 ( #1551, #127, #506, #1933, #531, #1911, #1538, #2324, #712, #1512, #932, #2522, #1742, #2161, #1708, #104, #116, #1524, #496, #1943, #724, #520, #693, #1121, #2543, #906, #1327, #2508 ),
 ( #1339, #2346, #288, #1754, #2148, #704, #1316, #2126, #332, #299, #2556, #1924, #2533, #1896, #1115, #915, #319, #1133, #2334, #1501, #2312, #482, #1304, #2113, #2137, #310, #2383, #562 ),
 ( #2622, #2190, #990, #359, #2215, #1404, #746, #1380, #2570, #805, #2014, #2397, #1189, #1619, #1163, #791, #1577, #2597, #759, #195, #1777, #1806, #2424, #1959, #1989, #2003, #776, #1177 ),
 ( #575, #1004, #972, #2410, #1417, #2228, #589, #385, #1764, #1200, #1392, #1818, #171, #1149, #143, #604, #1561, #1792, #1594, #182, #546, #945, #2202, #2366, #1364, #2581, #2177, #346 ),
 ( #372, #1974, #2608, #157, #1607, #961, #398, #1018, #2242, #236, #1870, #1213, #1650, #1833, #2450, #1059, #2029, #2058, #1272, #207, #13, #636, #664, #823, #1634, #2083, #2044, #247 ),
 ( #2435, #1472, #2466, #1074, #1444, #621, #1483, #261, #1430, #1046, #849, #2071, #414, #2491, #430, #1229, #675, #1033, #873, #223, #2281, #1848, #27, #835, #1859, #2256, #1247, #41 ) ),
 .UNSPECIFIED., .T., .F., .F. ) 
 B_SPLINE_SURFACE_WITH_KNOTS ( ( 4, 3, 4 ),
 ( 4, 2, 2, 2, 2, 2, 2, 2, 2, 2, 2, 2, 2, 4 ),
 ( 0.000000000000000000, 0.5000000000000000000, 1.000000000000000000 ),
 ( 0.000000000000000000, 0.1304815950373066358, 0.4003666617088481039, 0.5353091950446188241, 0.6027804617125042119, 0.6365160950464469058, 0.6702517283803895998, 0.7200683975259656311, 0.7698850666715415514, 0.8197017358171174717, 0.8695184049626933920, 0.9021388037220200440, 0.9347592024813466960, 1.000000000000000000 ),
 .UNSPECIFIED. ) 
 GEOMETRIC_REPRESENTATION_ITEM ( )  RATIONAL_B_SPLINE_SURFACE ( (
 ( 1.000000000000000000, 1.000000000000000000, 1.000000000000000000, 1.000000000000000000, 1.000000000000000000, 1.000000000000000000, 1.000000000000000000, 1.000000000000000000, 1.000000000000000000, 1.000000000000000000, 1.000000000000000000, 1.000000000000000000, 1.000000000000000000, 1.000000000000000000, 1.000000000000000000, 1.000000000000000000, 1.000000000000000000, 1.000000000000000000, 1.000000000000000000, 1.000000000000000000, 1.000000000000000000, 1.000000000000000000, 1.000000000000000000, 1.000000000000000000, 1.000000000000000000, 1.000000000000000000, 1.000000000000000000, 1.000000000000000000),
 ( 0.3333333333333333703, 0.3333333333333333703, 0.3333333333333333703, 0.3333333333333333703, 0.3333333333333333703, 0.3333333333333333703, 0.3333333333333333703, 0.3333333333333333703, 0.3333333333333333703, 0.3333333333333333703, 0.3333333333333333703, 0.3333333333333333703, 0.3333333333333333703, 0.3333333333333333703, 0.3333333333333333703, 0.3333333333333333703, 0.3333333333333333703, 0.3333333333333333703, 0.3333333333333333703, 0.3333333333333333703, 0.3333333333333333703, 0.3333333333333333703, 0.3333333333333333703, 0.3333333333333333703, 0.3333333333333333703, 0.3333333333333333703, 0.3333333333333333703, 0.3333333333333333703),
 ( 0.3333333333333333703, 0.3333333333333333703, 0.3333333333333333703, 0.3333333333333333703, 0.3333333333333333703, 0.3333333333333333703, 0.3333333333333333703, 0.3333333333333333703, 0.3333333333333333703, 0.3333333333333333703, 0.3333333333333333703, 0.3333333333333333703, 0.3333333333333333703, 0.3333333333333333703, 0.3333333333333333703, 0.3333333333333333703, 0.3333333333333333703, 0.3333333333333333703, 0.3333333333333333703, 0.3333333333333333703, 0.3333333333333333703, 0.3333333333333333703, 0.3333333333333333703, 0.3333333333333333703, 0.3333333333333333703, 0.3333333333333333703, 0.3333333333333333703, 0.3333333333333333703),
 ( 1.000000000000000000, 1.000000000000000000, 1.000000000000000000, 1.000000000000000000, 1.000000000000000000, 1.000000000000000000, 1.000000000000000000, 1.000000000000000000, 1.000000000000000000, 1.000000000000000000, 1.000000000000000000, 1.000000000000000000, 1.000000000000000000, 1.000000000000000000, 1.000000000000000000, 1.000000000000000000, 1.000000000000000000, 1.000000000000000000, 1.000000000000000000, 1.000000000000000000, 1.000000000000000000, 1.000000000000000000, 1.000000000000000000, 1.000000000000000000, 1.000000000000000000, 1.000000000000000000, 1.000000000000000000, 1.000000000000000000),
 ( 0.3333333333333333703, 0.3333333333333333703, 0.3333333333333333703, 0.3333333333333333703, 0.3333333333333333703, 0.3333333333333333703, 0.3333333333333333703, 0.3333333333333333703, 0.3333333333333333703, 0.3333333333333333703, 0.3333333333333333703, 0.3333333333333333703, 0.3333333333333333703, 0.3333333333333333703, 0.3333333333333333703, 0.3333333333333333703, 0.3333333333333333703, 0.3333333333333333703, 0.3333333333333333703, 0.3333333333333333703, 0.3333333333333333703, 0.3333333333333333703, 0.3333333333333333703, 0.3333333333333333703, 0.3333333333333333703, 0.3333333333333333703, 0.3333333333333333703, 0.3333333333333333703),
 ( 0.3333333333333333703, 0.3333333333333333703, 0.3333333333333333703, 0.3333333333333333703, 0.3333333333333333703, 0.3333333333333333703, 0.3333333333333333703, 0.3333333333333333703, 0.3333333333333333703, 0.3333333333333333703, 0.3333333333333333703, 0.3333333333333333703, 0.3333333333333333703, 0.3333333333333333703, 0.3333333333333333703, 0.3333333333333333703, 0.3333333333333333703, 0.3333333333333333703, 0.3333333333333333703, 0.3333333333333333703, 0.3333333333333333703, 0.3333333333333333703, 0.3333333333333333703, 0.3333333333333333703, 0.3333333333333333703, 0.3333333333333333703, 0.3333333333333333703, 0.3333333333333333703),
 ( 1.000000000000000000, 1.000000000000000000, 1.000000000000000000, 1.000000000000000000, 1.000000000000000000, 1.000000000000000000, 1.000000000000000000, 1.000000000000000000, 1.000000000000000000, 1.000000000000000000, 1.000000000000000000, 1.000000000000000000, 1.000000000000000000, 1.000000000000000000, 1.000000000000000000, 1.000000000000000000, 1.000000000000000000, 1.000000000000000000, 1.000000000000000000, 1.000000000000000000, 1.000000000000000000, 1.000000000000000000, 1.000000000000000000, 1.000000000000000000, 1.000000000000000000, 1.000000000000000000, 1.000000000000000000, 1.000000000000000000) ) ) 
 REPRESENTATION_ITEM ( '' )  SURFACE ( )  );
#2095 = CARTESIAN_POINT ( 'NONE',  ( -9.955577769709124780, -1.750753559436615259, 0.8999999999999999112 ) ) ;
#2096 = VERTEX_POINT ( 'NONE', #2295 ) ;
#2097 = DIRECTION ( 'NONE',  ( 0.000000000000000000, 1.734723475976806848E-16, 1.000000000000000000 ) ) ;
#2098 = CARTESIAN_POINT ( 'NONE',  ( -9.019851916776666201, -0.3079751092872122786, 0.4000000000000000222 ) ) ;
#2099 = FACE_OUTER_BOUND ( 'NONE', #1856, .T. ) ;
#2100 = CARTESIAN_POINT ( 'NONE',  ( 0.2500000000000000000, 1.000000000000000222, 3.000000000000000000 ) ) ;
#2101 = CARTESIAN_POINT ( 'NONE',  ( -8.123625488835381603, -0.8813832920409744309, -0.4000000000000001332 ) ) ;
#2102 = ADVANCED_FACE ( 'NONE', ( #2085 ), #1101, .F. ) ;
#2103 = LINE ( 'NONE', #34, #350 ) ;
#2104 = CARTESIAN_POINT ( 'NONE',  ( -0.3789176759342969270, -2.168637287699570536E-13, -0.4000000000000000222 ) ) ;
#2105 = VERTEX_POINT ( 'NONE', #470 ) ;
#2106 = COLOUR_RGB ( '',0.7921568627450980005, 0.8196078431372548767, 0.9333333333333333481 ) ;
#2107 = EDGE_CURVE ( 'NONE', #244, #1880, #1694, .T. ) ;
#2108 = CARTESIAN_POINT ( 'NONE',  ( -9.019851916776666201, -0.3079751092872122786, 0.9000000000000000222 ) ) ;
#2109 = EDGE_LOOP ( 'NONE', ( #1636, #756, #2529, #1471 ) ) ;
#2110 = LINE ( 'NONE', #284, #757 ) ;
#2111 = DIRECTION ( 'NONE',  ( -1.000000000000000000, 0.000000000000000000, 0.000000000000000000 ) ) ;
#2112 = DIRECTION ( 'NONE',  ( 0.000000000000000000, 0.000000000000000000, 1.000000000000000000 ) ) ;
#2113 = CARTESIAN_POINT ( 'NONE',  ( -11.14635074930049896, -0.6313024340245225741, -1.699999999999999734 ) ) ;
#2114 = CARTESIAN_POINT ( 'NONE',  ( -3.826211865769982623, -0.8000000000000007105, -0.4000000000000001332 ) ) ;
#2115 = DIRECTION ( 'NONE',  ( -0.000000000000000000, 0.000000000000000000, 1.000000000000000000 ) ) ;
#2116 = CARTESIAN_POINT ( 'NONE',  ( -7.507670983177139767, -0.8000106901255261693, -0.4000000000000001332 ) ) ;
#2117 = PRODUCT_DEFINITION ( 'General', '', #725, #304 ) ;
#2118 = UNCERTAINTY_MEASURE_WITH_UNIT (LENGTH_MEASURE( 1.000000000000000082E-05 ), #1768, 'distance_accuracy_value', 'NONE');
#2119 = CARTESIAN_POINT ( 'NONE',  ( -8.332504248056853413, -0.9300785219136368243, 0.8999999999999999112 ) ) ;
#2120 = ORIENTED_EDGE ( 'NONE', *, *, #662, .T. ) ;
#2121 = EDGE_CURVE ( 'NONE', #2437, #1006, #1511, .T. ) ;
#2122 = DIRECTION ( 'NONE',  ( 1.000000000000000000, -0.000000000000000000, -0.000000000000000000 ) ) ;
#2123 = AXIS2_PLACEMENT_3D ( 'NONE', #765, #2232, #1384 ) ;
#2124 = CARTESIAN_POINT ( 'NONE',  ( 1.000000000000000000, 0.2500000000000000555, 0.3354101966249684041 ) ) ;
#2125 = DIRECTION ( 'NONE',  ( 0.000000000000000000, 1.000000000000000000, 0.000000000000000000 ) ) ;
#2126 = CARTESIAN_POINT ( 'NONE',  ( -5.549858960687534370, 0.7999999999999989342, -1.699999999999999734 ) ) ;
#2127 = CARTESIAN_POINT ( 'NONE',  ( -9.322952643226258829, -1.327742476002200078, 0.4000000000000000222 ) ) ;
#2128 = DIRECTION ( 'NONE',  ( 0.000000000000000000, 0.000000000000000000, -1.000000000000000000 ) ) ;
#2129 = VECTOR ( 'NONE', #44, 1000.000000000000000 ) ;
#2130 = CARTESIAN_POINT ( 'NONE',  ( -9.932884554299999280, -0.7582594639243382950, 0.4000000000000000222 ) ) ;
#2131 = AXIS2_PLACEMENT_3D ( 'NONE', #275, #1909, #1089 ) ;
#2132 = CARTESIAN_POINT ( 'NONE',  ( -9.256797034685009251, -0.4031169393428793435, 1.699999999999999956 ) ) ;
#2133 = EDGE_LOOP ( 'NONE', ( #2475, #246, #2425, #970, #394, #513 ) ) ;
#2134 = EDGE_CURVE ( 'NONE', #1830, #560, #1242, .T. ) ;
#2135 = CARTESIAN_POINT ( 'NONE',  ( -2.000000000000000000, 1.250000000000000444, 3.100000000000000977 ) ) ;
#2136 = DIRECTION ( 'NONE',  ( 0.000000000000000000, -1.000000000000000000, -2.990902544787598592E-16 ) ) ;
#2137 = CARTESIAN_POINT ( 'NONE',  ( -11.28287609001529113, -0.7268985067496787078, -1.699999999999999734 ) ) ;
#2138 =( LENGTH_UNIT ( ) NAMED_UNIT ( * ) SI_UNIT ( .MILLI., .METRE. ) );
#2139 = CARTESIAN_POINT ( 'NONE',  ( -6.584047217637897020, -0.8000000000000010436, -0.4000000000000001332 ) ) ;
#2140 = VECTOR ( 'NONE', #1067, 1000.000000000000000 ) ;
#2141 = DIRECTION ( 'NONE',  ( 1.000000000000000000, -0.000000000000000000, -0.000000000000000000 ) ) ;
#2142 = CARTESIAN_POINT ( 'NONE',  ( -8.939470478032253808, -1.138618229048015351, -0.4000000000000001332 ) ) ;
#2143 = CARTESIAN_POINT ( 'NONE',  ( -6.584047217637897909, -1.109589758917542415E-15, 1.699999999999999956 ) ) ;
#2144 = ORIENTED_EDGE ( 'NONE', *, *, #642, .F. ) ;
#2145 = CARTESIAN_POINT ( 'NONE',  ( -6.000000000000000000, 1.170962552391948241, 2.650045345896304028 ) ) ;
#2146 = DIRECTION ( 'NONE',  ( 0.000000000000000000, 0.000000000000000000, 1.000000000000000000 ) ) ;
#2147 = DIRECTION ( 'NONE',  ( 0.000000000000000000, 0.000000000000000000, -1.000000000000000000 ) ) ;
#2148 = CARTESIAN_POINT ( 'NONE',  ( -1.757835351867656382, 0.7999999999999992673, -1.699999999999999734 ) ) ;
#2149 = ORIENTED_EDGE ( 'NONE', *, *, #1356, .F. ) ;
#2150 = ADVANCED_FACE ( 'NONE', ( #1681 ), #503, .T. ) ;
#2151 = DIRECTION ( 'NONE',  ( -1.000000000000000000, -0.000000000000000000, -0.000000000000000000 ) ) ;
#2152 = LINE ( 'NONE', #1137, #806 ) ;
#2153 = CARTESIAN_POINT ( 'NONE',  ( -11.04778049542631635, -2.515522141236739895, -0.4000000000000001332 ) ) ;
#2154 = CARTESIAN_POINT ( 'NONE',  ( -3.826211865769982623, 0.7999999999999990452, 0.4000000000000000222 ) ) ;
#2155 = CARTESIAN_POINT ( 'NONE',  ( -1.250000000000000000, 1.000000000000000444, 3.100000000000000977 ) ) ;
#2156 = ORIENTED_EDGE ( 'NONE', *, *, #1050, .F. ) ;
#2157 = DIRECTION ( 'NONE',  ( 0.000000000000000000, -1.000000000000000000, 0.000000000000000000 ) ) ;
#2158 = CARTESIAN_POINT ( 'NONE',  ( -10.68748960021965999, -1.286624069455715613, 0.4000000000000000222 ) ) ;
#2159 = AXIS2_PLACEMENT_3D ( 'NONE', #580, #404, #18 ) ;
#2160 = DIRECTION ( 'NONE',  ( -1.000000000000000000, -0.000000000000000000, -0.000000000000000000 ) ) ;
#2161 = CARTESIAN_POINT ( 'NONE',  ( -7.548395301760295162, 0.7999852374456397630, -0.9000000000000000222 ) ) ;
#2162 = EDGE_LOOP ( 'NONE', ( #22 ) ) ;
#2163 = DIRECTION ( 'NONE',  ( 0.000000000000000000, -1.000000000000000000, 0.000000000000000000 ) ) ;
#2164 = CARTESIAN_POINT ( 'NONE',  ( -2.000000000000000000, -1.249999999999999556, 3.100000000000000977 ) ) ;
#2165 = AXIS2_PLACEMENT_3D ( 'NONE', #935, #1796, #1822 ) ;
#2166 = ADVANCED_FACE ( 'NONE', ( #1895 ), #251, .F. ) ;
#2167 = CARTESIAN_POINT ( 'NONE',  ( 3.000000000000000444, -0.7999999999999999334, 0.4000000000000000222 ) ) ;
#2168 = AXIS2_PLACEMENT_3D ( 'NONE', #1613, #2037, #999 ) ;
#2169 = ORIENTED_EDGE ( 'NONE', *, *, #1877, .T. ) ;
#2170 = CARTESIAN_POINT ( 'NONE',  ( -2.000000000000000000, 1.477172874732682439, 3.000000000000000888 ) ) ;
#2171 = AXIS2_PLACEMENT_3D ( 'NONE', #1795, #2400, #2358 ) ;
#2172 = VECTOR ( 'NONE', #1348, 1000.000000000000000 ) ;
#2173 = CARTESIAN_POINT ( 'NONE',  ( -11.23359096307900096, -1.669008360356527332, 0.4000000000000000222 ) ) ;
#2174 = ORIENTED_EDGE ( 'NONE', *, *, #1502, .T. ) ;
#2175 =( BOUNDED_CURVE ( )  B_SPLINE_CURVE ( 3, ( #2268, #1258, #1058, #650 ),
 .UNSPECIFIED., .F., .F. ) 
 B_SPLINE_CURVE_WITH_KNOTS ( ( 4, 4 ),
 ( 3.141592653589791784, 4.625122517784976850 ),
 .UNSPECIFIED. ) 
 CURVE ( )  GEOMETRIC_REPRESENTATION_ITEM ( )  RATIONAL_B_SPLINE_CURVE ( ( 1.000000000000000000, 0.8248515578734147979, 0.8248515578734147979, 1.000000000000000000 ) ) 
 REPRESENTATION_ITEM ( '' )  );
#2176 = CARTESIAN_POINT ( 'NONE',  ( -2.000000000000000000, 1.250000000000000444, 3.100000000000000977 ) ) ;
#2177 = CARTESIAN_POINT ( 'NONE',  ( -11.04778049542631635, -2.515522141236739895, -1.699999999999999734 ) ) ;
#2178 = ORIENTED_EDGE ( 'NONE', *, *, #388, .F. ) ;
#2179 = CARTESIAN_POINT ( 'NONE',  ( 1.000000000000000000, 1.000000000000000222, 3.000000000000000000 ) ) ;
#2180 = DIRECTION ( 'NONE',  ( 1.000000000000000000, -0.000000000000000000, -0.000000000000000000 ) ) ;
#2181 = CARTESIAN_POINT ( 'NONE',  ( -6.411682508146158810, -1.091519722709469673E-15, 0.4000000000000000222 ) ) ;
#2182 = DIRECTION ( 'NONE',  ( 0.000000000000000000, 1.000000000000000000, 0.000000000000000000 ) ) ;
#2183 = ORIENTED_EDGE ( 'NONE', *, *, #628, .F. ) ;
#2184 = CARTESIAN_POINT ( 'NONE',  ( -11.77969232593829751, -2.051392651257140987, -0.9000000000000000222 ) ) ;
#2185 = ADVANCED_FACE ( 'NONE', ( #481 ), #103, .F. ) ;
#2186 = AXIS2_PLACEMENT_3D ( 'NONE', #1194, #2613, #594 ) ;
#2187 = CARTESIAN_POINT ( 'NONE',  ( -5.549858960687535259, -1.001169541669012285E-15, 0.4000000000000000222 ) ) ;
#2188 = ORIENTED_EDGE ( 'NONE', *, *, #1206, .T. ) ;
#2189 = LINE ( 'NONE', #358, #1672 ) ;
#2190 = CARTESIAN_POINT ( 'NONE',  ( 2.333333333334111526, 4.898587196589413075E-17, -1.699999999999999956 ) ) ;
#2191 = ORIENTED_EDGE ( 'NONE', *, *, #1923, .F. ) ;
#2192 = PRESENTATION_STYLE_ASSIGNMENT (( #1766 ) ) ;
#2193 = LINE ( 'NONE', #2205, #814 ) ;
#2194 = CARTESIAN_POINT ( 'NONE',  ( -1.250000000000000000, 1.250000000000000444, 3.100000000000000977 ) ) ;
#2195 = CARTESIAN_POINT ( 'NONE',  ( 1.000000000000000000, 0.000000000000000000, 0.000000000000000000 ) ) ;
#2196 = UNCERTAINTY_MEASURE_WITH_UNIT (LENGTH_MEASURE( 1.000000000000000082E-05 ), #1984, 'distance_accuracy_value', 'NONE');
#2197 = VERTEX_POINT ( 'NONE', #1275 ) ;
#2198 =( NAMED_UNIT ( * ) SI_UNIT ( $, .STERADIAN. ) SOLID_ANGLE_UNIT ( ) );
#2199 = CARTESIAN_POINT ( 'NONE',  ( -9.574123591337761141, 0.3323843503622573303, 0.9000000000000002442 ) ) ;
#2200 = EDGE_CURVE ( 'NONE', #2504, #2568, #2521, .T. ) ;
#2201 = ORIENTED_EDGE ( 'NONE', *, *, #1844, .T. ) ;
#2202 = CARTESIAN_POINT ( 'NONE',  ( -9.955577769709124780, -1.750753559436615259, -1.699999999999999734 ) ) ;
#2203 = CARTESIAN_POINT ( 'NONE',  ( 1.000000000000000000, -0.7499999999999997780, 2.999999999999999556 ) ) ;
#2204 = DIRECTION ( 'NONE',  ( -0.000000000000000000, -1.000000000000000000, -0.000000000000000000 ) ) ;
#2205 = CARTESIAN_POINT ( 'NONE',  ( -2.000000000000000000, -1.250000000000000666, -3.099999999999998757 ) ) ;
#2206 = DIRECTION ( 'NONE',  ( -1.000000000000000000, -0.000000000000000000, -0.000000000000000000 ) ) ;
#2207 = DIRECTION ( 'NONE',  ( -1.000000000000000000, 0.000000000000000000, 0.000000000000000000 ) ) ;
#2208 = FACE_OUTER_BOUND ( 'NONE', #374, .T. ) ;
#2209 = EDGE_LOOP ( 'NONE', ( #1784 ) ) ;
#2210 = CARTESIAN_POINT ( 'NONE',  ( -12.23855347501913471, -1.396071015825947725, 1.699999999999999734 ) ) ;
#2211 = VECTOR ( 'NONE', #15, 1000.000000000000000 ) ;
#2212 = ORIENTED_EDGE ( 'NONE', *, *, #1400, .F. ) ;
#2213 = DIRECTION ( 'NONE',  ( 1.000000000000000000, -0.000000000000000000, -0.000000000000000000 ) ) ;
#2214 = ADVANCED_FACE ( 'NONE', ( #887 ), #1707, .F. ) ;
#2215 = CARTESIAN_POINT ( 'NONE',  ( -1.757835351867656826, -5.546428731250303230E-16, -1.699999999999999956 ) ) ;
#2216 = ORIENTED_EDGE ( 'NONE', *, *, #515, .F. ) ;
#2217 = DIRECTION ( 'NONE',  ( -1.000000000000000000, -0.000000000000000000, -0.000000000000000000 ) ) ;
#2218 = CARTESIAN_POINT ( 'NONE',  ( 1.000000000000000000, -0.2500000000000000555, -0.3354101966249684597 ) ) ;
#2219 = ADVANCED_FACE ( 'NONE', ( #929 ), #561, .T. ) ;
#2220 = LINE ( 'NONE', #2033, #1910 ) ;
#2221 = CARTESIAN_POINT ( 'NONE',  ( 3.000000000000000000, 0.000000000000000000, 1.300000000000000044 ) ) ;
#2222 = CARTESIAN_POINT ( 'NONE',  ( -11.28287609001529113, -0.7268985067496787078, -0.3999999999999998557 ) ) ;
#2223 = MANIFOLD_SOLID_BREP ( 'LPattern1[3]', #2509 ) ;
#2224 = ORIENTED_EDGE ( 'NONE', *, *, #87, .T. ) ;
#2225 = CARTESIAN_POINT ( 'NONE',  ( 3.000000000000000444, 0.7999999999999999334, 0.9000000000000002442 ) ) ;
#2226 = ORIENTED_EDGE ( 'NONE', *, *, #320, .T. ) ;
#2227 = DIRECTION ( 'NONE',  ( -0.000000000000000000, -2.168404344971008868E-16, 1.000000000000000000 ) ) ;
#2228 = CARTESIAN_POINT ( 'NONE',  ( -3.826211865769982623, -0.8000000000000007105, -1.699999999999999734 ) ) ;
#2229 = ORIENTED_EDGE ( 'NONE', *, *, #799, .F. ) ;
#2230 = LINE ( 'NONE', #400, #1109 ) ;
#2231 = DIRECTION ( 'NONE',  ( 0.000000000000000000, 0.000000000000000000, 1.000000000000000000 ) ) ;
#2232 = DIRECTION ( 'NONE',  ( 1.000000000000000000, -0.000000000000000000, -0.000000000000000000 ) ) ;
#2233 = CARTESIAN_POINT ( 'NONE',  ( -1.000000000000000000, 0.7249999999999995337, -1.974999999999999423 ) ) ;
#2234 = EDGE_CURVE ( 'NONE', #25, #1957, #545, .T. ) ;
#2235 = CARTESIAN_POINT ( 'NONE',  ( -9.299267254564117735, 0.4427488732268364813, 0.4000000000000000222 ) ) ;
#2236 = DIRECTION ( 'NONE',  ( -1.000000000000000000, -0.000000000000000000, -0.000000000000000000 ) ) ;
#2237 = CARTESIAN_POINT ( 'NONE',  ( -11.69245211215983815, -1.013686724925334293, 0.4000000000000000222 ) ) ;
#2238 = ORIENTED_EDGE ( 'NONE', *, *, #2566, .F. ) ;
#2239 = CARTESIAN_POINT ( 'NONE',  ( -6.584047217637897909, -1.060603886951648396E-15, 0.9000000000000000222 ) ) ;
#2240 = ORIENTED_EDGE ( 'NONE', *, *, #1486, .T. ) ;
#2241 = FACE_OUTER_BOUND ( 'NONE', #1690, .T. ) ;
#2242 = CARTESIAN_POINT ( 'NONE',  ( -5.894588379671017009, -0.8000000000000010436, -0.9000000000000000222 ) ) ;
#2243 = ORIENTED_EDGE ( 'NONE', *, *, #484, .T. ) ;
#2244 = CARTESIAN_POINT ( 'NONE',  ( 0.000000000000000000, 0.7500000000000002220, 0.000000000000000000 ) ) ;
#2245 = LINE ( 'NONE', #417, #1713 ) ;
#2246 = FACE_OUTER_BOUND ( 'NONE', #1390, .T. ) ;
#2247 = CARTESIAN_POINT ( 'NONE',  ( -6.000000000000000000, 0.000000000000000000, 0.000000000000000000 ) ) ;
#2248 = CARTESIAN_POINT ( 'NONE',  ( -11.96550279358799251, -1.204878870374354038, 0.4000000000000000222 ) ) ;
#2249 = EDGE_CURVE ( 'NONE', #441, #1164, #1932, .T. ) ;
#2250 = CARTESIAN_POINT ( 'NONE',  ( -0.3789176759342969270, -2.169127146419229123E-13, 0.4000000000000000222 ) ) ;
#2251 = VERTEX_POINT ( 'NONE', #735 ) ;
#2252 = CARTESIAN_POINT ( 'NONE',  ( -4.515670703736355485, 0.7999999999999990452, 0.9000000000000002442 ) ) ;
#2253 = ORIENTED_EDGE ( 'NONE', *, *, #1616, .T. ) ;
#2254 = CARTESIAN_POINT ( 'NONE',  ( -2.000000000000000000, -1.249999999999999556, 3.000000000000000888 ) ) ;
#2255 = VECTOR ( 'NONE', #1565, 1000.000000000000000 ) ;
#2256 = CARTESIAN_POINT ( 'NONE',  ( -11.23359096307900096, -1.669008360356527332, -0.9000000000000000222 ) ) ;
#2257 = CARTESIAN_POINT ( 'NONE',  ( -10.27791830652933669, -0.9998289890731180130, 1.699999999999999956 ) ) ;
#2258 = CARTESIAN_POINT ( 'NONE',  ( 1.000000000000000000, 0.2999999999999999889, -0.3354101966249685152 ) ) ;
#2259 = AXIS2_PLACEMENT_3D ( 'NONE', #2310, #2494, #2125 ) ;
#2260 = FACE_OUTER_BOUND ( 'NONE', #2478, .T. ) ;
#2261 = CARTESIAN_POINT ( 'NONE',  ( -10.74770223941997926, -0.3521539415067700407, -0.3999999999999998557 ) ) ;
#2262 = CARTESIAN_POINT ( 'NONE',  ( -2.271788935686914979, -1.726221549255617882, 2.976221549255619436 ) ) ;
#2263 = CARTESIAN_POINT ( 'NONE',  ( -5.894588379671017009, -0.8000000000000010436, -0.4000000000000001332 ) ) ;
#2264 = ORIENTED_EDGE ( 'NONE', *, *, #2267, .T. ) ;
#2265 = CARTESIAN_POINT ( 'NONE',  ( -6.928776636621623908, -0.8000000000000010436, 0.8999999999999999112 ) ) ;
#2266 = ORIENTED_EDGE ( 'NONE', *, *, #1812, .F. ) ;
#2267 = EDGE_CURVE ( 'NONE', #1892, #438, #2189, .T. ) ;
#2268 = CARTESIAN_POINT ( 'NONE',  ( -6.000000000000000000, 1.170962552391947575, -2.650045345896302251 ) ) ;
#2269 = FACE_BOUND ( 'NONE', #1900, .T. ) ;
#2270 = CARTESIAN_POINT ( 'NONE',  ( -7.101141410933709430, 8.618222479898967754E-06, 1.699999999999999956 ) ) ;
#2271 = CARTESIAN_POINT ( 'NONE',  ( -2.271788935686914979, -1.726221549255617882, 3.000000000000000888 ) ) ;
#2272 = DIRECTION ( 'NONE',  ( 0.000000000000000000, -1.398970545142586541E-16, -1.000000000000000000 ) ) ;
#2273 = FACE_OUTER_BOUND ( 'NONE', #921, .T. ) ;
#2274 = CARTESIAN_POINT ( 'NONE',  ( -7.548395301760295162, 0.7999852374456397630, -0.3999999999999998557 ) ) ;
#2275 = CARTESIAN_POINT ( 'NONE',  ( 0.7500000000000000000, 1.000000000000000222, 3.000000000000000000 ) ) ;
#2276 = CARTESIAN_POINT ( 'NONE',  ( -11.96550279358799251, -1.204878870374354038, -0.3999999999999998557 ) ) ;
#2277 = ORIENTED_EDGE ( 'NONE', *, *, #603, .T. ) ;
#2278 = CARTESIAN_POINT ( 'NONE',  ( 3.000000000000000444, -0.7999999999999999334, 0.8999999999999999112 ) ) ;
#2279 = VERTEX_POINT ( 'NONE', #2596 ) ;
#2280 = EDGE_CURVE ( 'NONE', #2105, #159, #469, .T. ) ;
#2281 = CARTESIAN_POINT ( 'NONE',  ( -9.932884554299999280, -0.7582594639243382950, -0.9000000000000000222 ) ) ;
#2282 = CARTESIAN_POINT ( 'NONE',  ( -6.411682508146158810, -1.091519722709469673E-15, 0.4000000000000000222 ) ) ;
#2283 = DIRECTION ( 'NONE',  ( -1.000000000000000000, 0.000000000000000000, 0.000000000000000000 ) ) ;
#2284 = CARTESIAN_POINT ( 'NONE',  ( -8.285552999926764528, -0.09688487147738744643, -0.9000000000000000222 ) ) ;
#2285 = CARTESIAN_POINT ( 'NONE',  ( -6.411682508146158810, -0.8000000000000010436, -0.4000000000000001332 ) ) ;
#2286 = CARTESIAN_POINT ( 'NONE',  ( -5.771788935686915423, -1.420011226914884128, -2.670011226914883462 ) ) ;
#2287 = CARTESIAN_POINT ( 'NONE',  ( -7.863879800363497985, 0.7774235388848491635, -0.3999999999999998557 ) ) ;
#2288 = EDGE_LOOP ( 'NONE', ( #1129 ) ) ;
#2289 = CARTESIAN_POINT ( 'NONE',  ( -8.123625488835381603, -0.8813832920409744309, 1.699999999999999734 ) ) ;
#2290 = ORIENTED_EDGE ( 'NONE', *, *, #2249, .T. ) ;
#2291 = CIRCLE ( 'NONE', #1705, 0.05000000000000002359 ) ;
#2292 = CARTESIAN_POINT ( 'NONE',  ( -1.250000000000000000, 1.249999999999999556, -3.099999999999999201 ) ) ;
#2293 = CARTESIAN_POINT ( 'NONE',  ( -11.77969232593829751, -2.051392651257140987, 0.000000000000000000 ) ) ;
#2294 = EDGE_CURVE ( 'NONE', #2433, #2617, #126, .T. ) ;
#2295 = CARTESIAN_POINT ( 'NONE',  ( -2.000000000000000000, -1.250000000000000666, -3.099999999999998757 ) ) ;
#2296 = AXIS2_PLACEMENT_3D ( 'NONE', #638, #2217, #1447 ) ;
#2297 = CARTESIAN_POINT ( 'NONE',  ( -1.757835351867656826, -6.036287450909245401E-16, -0.9000000000000000222 ) ) ;
#2298 = AXIS2_PLACEMENT_3D ( 'NONE', #1813, #2616, #393 ) ;
#2299 = AXIS2_PLACEMENT_3D ( 'NONE', #2074, #1485, #864 ) ;
#2300 = EDGE_CURVE ( 'NONE', #357, #2368, #1111, .T. ) ;
#2301 = CARTESIAN_POINT ( 'NONE',  ( -6.928776636621623908, -0.8000000000000010436, -0.4000000000000001332 ) ) ;
#2302 = CIRCLE ( 'NONE', #1576, 0.05000000000000012768 ) ;
#2303 = DIRECTION ( 'NONE',  ( 0.000000000000000000, 0.000000000000000000, -1.000000000000000000 ) ) ;
#2304 = CARTESIAN_POINT ( 'NONE',  ( -8.285552999926764528, -0.09688487147738739091, -0.4000000000000000222 ) ) ;
#2305 = VERTEX_POINT ( 'NONE', #1146 ) ;
#2306 = CARTESIAN_POINT ( 'NONE',  ( -1.757835351867656382, -0.8000000000000005995, 1.699999999999999734 ) ) ;
#2307 = ORIENTED_EDGE ( 'NONE', *, *, #1934, .T. ) ;
#2308 = PLANE ( 'NONE',  #1488 ) ;
#2309 = FACE_OUTER_BOUND ( 'NONE', #429, .T. ) ;
#2310 = CARTESIAN_POINT ( 'NONE',  ( 0.2500000000000000000, -0.7499999999999997780, 2.999999999999999556 ) ) ;
#2311 = PRODUCT_RELATED_PRODUCT_CATEGORY ( 'part', '', ( #255 ) ) ;
#2312 = CARTESIAN_POINT ( 'NONE',  ( -10.37506483104643529, -0.09126024169949303877, -1.699999999999999734 ) ) ;
#2313 = CARTESIAN_POINT ( 'NONE',  ( -7.701018077671367479, -0.8163484718420587205, 0.4000000000000000222 ) ) ;
#2314 = EDGE_CURVE ( 'NONE', #123, #1520, #142, .T. ) ;
#2315 = SURFACE_SIDE_STYLE ('',( #132 ) ) ;
#2316 = CARTESIAN_POINT ( 'NONE',  ( -6.928776636621623908, -0.8000000000000010436, -0.4000000000000001332 ) ) ;
#2317 = EDGE_LOOP ( 'NONE', ( #1361, #1801, #1918, #1739 ) ) ;
#2318 = PRESENTATION_LAYER_ASSIGNMENT (  '', '', ( #949 ) ) ;
#2319 = CARTESIAN_POINT ( 'NONE',  ( -9.808134373638695891, -1.647504036639465319, 0.8999999999999999112 ) ) ;
#2320 = ORIENTED_EDGE ( 'NONE', *, *, #1531, .T. ) ;
#2321 = CARTESIAN_POINT ( 'NONE',  ( -2.000000000000000000, -1.249999999999999556, 3.100000000000000977 ) ) ;
#2322 = DIRECTION ( 'NONE',  ( 0.000000000000000000, 0.000000000000000000, 1.000000000000000000 ) ) ;
#2323 = DIRECTION ( 'NONE',  ( -0.000000000000000000, -0.000000000000000000, -1.000000000000000000 ) ) ;
#2324 = CARTESIAN_POINT ( 'NONE',  ( -5.549858960687534370, 0.7999999999999989342, -0.9000000000000000222 ) ) ;
#2325 = CARTESIAN_POINT ( 'NONE',  ( -10.36515379185361674, -2.037541777612064120, -0.4000000000000001332 ) ) ;
#2326 = CARTESIAN_POINT ( 'NONE',  ( -2.000000000000000000, 1.250000000000000444, 3.100000000000000977 ) ) ;
#2327 = CARTESIAN_POINT ( 'NONE',  ( -4.515670703736355485, -8.927493244204541504E-16, 0.4000000000000000222 ) ) ;
#2328 = EDGE_CURVE ( 'NONE', #1374, #1002, #923, .T. ) ;
#2329 = CARTESIAN_POINT ( 'NONE',  ( 2.333333333334111526, 0.000000000000000000, 1.699999999999999956 ) ) ;
#2330 = ORIENTED_EDGE ( 'NONE', *, *, #822, .T. ) ;
#2331 = LINE ( 'NONE', #516, #1320 ) ;
#2332 = CIRCLE ( 'NONE', #2165, 0.4000000000000060174 ) ;
#2333 = CARTESIAN_POINT ( 'NONE',  ( 1.000000000000000000, 1.000000000000000222, -3.000000000000000000 ) ) ;
#2334 = CARTESIAN_POINT ( 'NONE',  ( -9.574123591337761141, 0.3323843503622573303, -1.699999999999999734 ) ) ;
#2335 = FILL_AREA_STYLE ('',( #962 ) ) ;
#2336 = CARTESIAN_POINT ( 'NONE',  ( -6.411682508146158810, -0.8000000000000010436, 0.4000000000000000222 ) ) ;
#2337 = DIRECTION ( 'NONE',  ( 1.000000000000000000, -0.000000000000000000, -0.000000000000000000 ) ) ;
#2338 = AXIS2_PLACEMENT_3D ( 'NONE', #1203, #1049, #2061 ) ;
#2339 = CARTESIAN_POINT ( 'NONE',  ( -8.123625488835381603, -0.8813832920409744309, 0.4000000000000000222 ) ) ;
#2340 =( GEOMETRIC_REPRESENTATION_CONTEXT ( 3 ) GLOBAL_UNCERTAINTY_ASSIGNED_CONTEXT ( ( #2196 ) ) GLOBAL_UNIT_ASSIGNED_CONTEXT ( ( #1984, #955, #2198 ) ) REPRESENTATION_CONTEXT ( 'NONE', 'WORKASPACE' ) );
#2341 = CARTESIAN_POINT ( 'NONE',  ( -10.36515379185361674, -2.037541777612064120, 1.699999999999999734 ) ) ;
#2342 = ORIENTED_EDGE ( 'NONE', *, *, #1582, .F. ) ;
#2343 = CARTESIAN_POINT ( 'NONE',  ( 0.7500000000000000000, -0.9999999999999997780, -3.000000000000000444 ) ) ;
#2344 = EDGE_CURVE ( 'NONE', #1760, #1760, #222, .T. ) ;
#2345 = CARTESIAN_POINT ( 'NONE',  ( -2.000000000000000000, -1.249999999999999556, 3.100000000000000977 ) ) ;
#2346 = CARTESIAN_POINT ( 'NONE',  ( 2.333333333334111970, 0.7999999999999999334, -1.699999999999999734 ) ) ;
#2347 = CARTESIAN_POINT ( 'NONE',  ( -1.757835351867656826, -6.036287450909245401E-16, 0.4000000000000000222 ) ) ;
#2348 = LINE ( 'NONE', #524, #1994 ) ;
#2349 = CARTESIAN_POINT ( 'NONE',  ( -5.549858960687535259, -1.001169541669012285E-15, 0.4000000000000000222 ) ) ;
#2350 = CARTESIAN_POINT ( 'NONE',  ( -1.000000000000000000, -0.7250000000000005329, -1.974999999999999867 ) ) ;
#2351 = ORIENTED_EDGE ( 'NONE', *, *, #1486, .F. ) ;
#2352 = PLANE ( 'NONE',  #12 ) ;
#2353 = CARTESIAN_POINT ( 'NONE',  ( -7.782448939017433176, -0.01946246647860479934, 0.4000000000000000222 ) ) ;
#2354 = CARTESIAN_POINT ( 'NONE',  ( -2.000000000000000000, 1.477172874732681995, -1.601554039921831698E-16 ) ) ;
#2355 = EDGE_CURVE ( 'NONE', #412, #159, #1362, .T. ) ;
#2356 = ORIENTED_EDGE ( 'NONE', *, *, #2234, .T. ) ;
#2357 =( NAMED_UNIT ( * ) PLANE_ANGLE_UNIT ( ) SI_UNIT ( $, .RADIAN. ) );
#2358 = DIRECTION ( 'NONE',  ( 0.000000000000000000, -1.000000000000000000, 0.000000000000000000 ) ) ;
#2359 = LINE ( 'NONE', #2326, #272 ) ;
#2360 = CARTESIAN_POINT ( 'NONE',  ( 1.666666666666723362, 1.048710006055874721E-13, 0.4000000000000000222 ) ) ;
#2361 = CARTESIAN_POINT ( 'NONE',  ( -10.41443891878996197, -1.095431924005422886, 0.4000000000000000222 ) ) ;
#2362 = EDGE_LOOP ( 'NONE', ( #128 ) ) ;
#2363 = CARTESIAN_POINT ( 'NONE',  ( -6.928776636621624796, -1.145729831333761461E-15, 0.4000000000000000222 ) ) ;
#2364 = ORIENTED_EDGE ( 'NONE', *, *, #1434, .T. ) ;
#2365 = CARTESIAN_POINT ( 'NONE',  ( 1.000000000000000000, -0.2500000000000001665, -0.9645898033750234246 ) ) ;
#2366 = CARTESIAN_POINT ( 'NONE',  ( -10.22862845113882280, -1.941945704886907986, -1.699999999999999734 ) ) ;
#2367 = EDGE_CURVE ( 'NONE', #1002, #587, #1549, .T. ) ;
#2368 = VERTEX_POINT ( 'NONE', #944 ) ;
#2369 =( NAMED_UNIT ( * ) SI_UNIT ( $, .STERADIAN. ) SOLID_ANGLE_UNIT ( ) );
#2370 = DIRECTION ( 'NONE',  ( -1.000000000000000000, -0.000000000000000000, -0.000000000000000000 ) ) ;
#2371 = DIRECTION ( 'NONE',  ( 0.000000000000000000, 1.084202172485504434E-16, 1.000000000000000000 ) ) ;
#2372 = CARTESIAN_POINT ( 'NONE',  ( -9.808134373638695891, -1.647504036639465319, 0.4000000000000000222 ) ) ;
#2373 = EDGE_CURVE ( 'NONE', #777, #2043, #1751, .T. ) ;
#2374 = CIRCLE ( 'NONE', #1107, 0.04999999999999991257 ) ;
#2375 = CIRCLE ( 'NONE', #2047, 0.2500000000000000000 ) ;
#2376 = LINE ( 'NONE', #2576, #424 ) ;
#2377 = ORIENTED_EDGE ( 'NONE', *, *, #484, .F. ) ;
#2378 = CIRCLE ( 'NONE', #1999, 0.05000000000000002359 ) ;
#2379 = VECTOR ( 'NONE', #1805, 1000.000000000000000 ) ;
#2380 = CARTESIAN_POINT ( 'NONE',  ( -4.515670703736355485, 0.7999999999999990452, 0.4000000000000000222 ) ) ;
#2381 = ORIENTED_EDGE ( 'NONE', *, *, #2489, .T. ) ;
#2382 = DIRECTION ( 'NONE',  ( 0.000000000000000000, 0.000000000000000000, 1.000000000000000000 ) ) ;
#2383 = CARTESIAN_POINT ( 'NONE',  ( -11.96550279358799251, -1.204878870374354038, -1.699999999999999734 ) ) ;
#2384 = ORIENTED_EDGE ( 'NONE', *, *, #1079, .T. ) ;
#2385 = LINE ( 'NONE', #361, #1677 ) ;
#2386 = DIRECTION ( 'NONE',  ( 0.000000000000000000, 0.000000000000000000, -1.000000000000000000 ) ) ;
#2387 = CARTESIAN_POINT ( 'NONE',  ( -1.250000000000000000, 1.250000000000000444, 3.100000000000000977 ) ) ;
#2388 = CARTESIAN_POINT ( 'NONE',  ( -2.271788935686914979, 1.726221549255618326, -2.976221549255617660 ) ) ;
#2389 = EDGE_CURVE ( 'NONE', #527, #1834, #848, .T. ) ;
#2390 = FACE_OUTER_BOUND ( 'NONE', #293, .T. ) ;
#2391 = AXIS2_PLACEMENT_3D ( 'NONE', #60, #868, #1710 ) ;
#2392 = EDGE_LOOP ( 'NONE', ( #1778, #671, #2000, #1996 ) ) ;
#2393 = CARTESIAN_POINT ( 'NONE',  ( -6.411682508146158810, 0.7999999999999987121, 1.699999999999999734 ) ) ;
#2394 = CARTESIAN_POINT ( 'NONE',  ( -5.549858960687534370, 0.7999999999999989342, 0.4000000000000000222 ) ) ;
#2395 = EDGE_LOOP ( 'NONE', ( #2592, #2024, #1858, #619 ) ) ;
#2396 = PRESENTATION_STYLE_ASSIGNMENT (( #758 ) ) ;
#2397 = CARTESIAN_POINT ( 'NONE',  ( -6.928776636621624796, -1.096743959367867441E-15, -1.699999999999999956 ) ) ;
#2398 = CARTESIAN_POINT ( 'NONE',  ( -2.271788935686914979, -1.726221549255617882, 2.976221549255619436 ) ) ;
#2399 = PLANE ( 'NONE',  #2436 ) ;
#2400 = DIRECTION ( 'NONE',  ( -0.000000000000000000, -1.734723475976806848E-16, -1.000000000000000000 ) ) ;
#2401 = CARTESIAN_POINT ( 'NONE',  ( -2.000000000000000000, -1.750000000000000222, -2.999999999999999112 ) ) ;
#2402 = LINE ( 'NONE', #1218, #1182 ) ;
#2403 = AXIS2_PLACEMENT_3D ( 'NONE', #626, #2471, #446 ) ;
#2404 = CARTESIAN_POINT ( 'NONE',  ( -7.548395301760295162, 0.7999852374456397630, 0.4000000000000000222 ) ) ;
#2405 = PLANE ( 'NONE',  #1786 ) ;
#2406 = ORIENTED_EDGE ( 'NONE', *, *, #1050, .T. ) ;
#2407 = EDGE_CURVE ( 'NONE', #344, #2617, #370, .T. ) ;
#2408 = CARTESIAN_POINT ( 'NONE',  ( -9.574123591337761141, 0.3323843503622573303, 1.699999999999999734 ) ) ;
#2409 = ORIENTED_EDGE ( 'NONE', *, *, #2524, .T. ) ;
#2410 = CARTESIAN_POINT ( 'NONE',  ( -0.3789176759342964274, -0.8000000000002168710, -1.699999999999999734 ) ) ;
#2411 = FACE_OUTER_BOUND ( 'NONE', #2162, .T. ) ;
#2412 = CARTESIAN_POINT ( 'NONE',  ( -2.000000000000000000, -1.749999999999999556, 3.000000000000000888 ) ) ;
#2413 = CARTESIAN_POINT ( 'NONE',  ( 1.000000000000000000, -0.2666666666666678842, -1.001857603000020802 ) ) ;
#2414 = DIRECTION ( 'NONE',  ( -0.000000000000000000, 2.168404344971008868E-16, -1.000000000000000000 ) ) ;
#2415 = CARTESIAN_POINT ( 'NONE',  ( -11.14635074930049896, -0.6313024340245224630, 0.4000000000000000222 ) ) ;
#2416 = FACE_OUTER_BOUND ( 'NONE', #532, .T. ) ;
#2417 = ORIENTED_EDGE ( 'NONE', *, *, #2107, .F. ) ;
#2418 = CARTESIAN_POINT ( 'NONE',  ( -3.826211865769982623, 0.7999999999999990452, 1.699999999999999734 ) ) ;
#2419 = AXIS2_PLACEMENT_3D ( 'NONE', #1263, #1666, #1610 ) ;
#2420 = ORIENTED_EDGE ( 'NONE', *, *, #2476, .F. ) ;
#2421 = DIRECTION ( 'NONE',  ( 0.000000000000000000, 0.000000000000000000, 1.000000000000000000 ) ) ;
#2422 = VECTOR ( 'NONE', #181, 1000.000000000000000 ) ;
#2423 = EDGE_CURVE ( 'NONE', #2368, #2105, #413, .T. ) ;
#2424 = CARTESIAN_POINT ( 'NONE',  ( -10.41443891878996197, -1.095431924005422886, -1.699999999999999956 ) ) ;
#2425 = ORIENTED_EDGE ( 'NONE', *, *, #519, .F. ) ;
#2426 = PLANE ( 'NONE',  #298 ) ;
#2427 = FACE_OUTER_BOUND ( 'NONE', #464, .T. ) ;
#2428 = DIRECTION ( 'NONE',  ( 0.000000000000000000, 1.000000000000000000, 0.000000000000000000 ) ) ;
#2429 = CARTESIAN_POINT ( 'NONE',  ( -7.087352244545633617, 0.8000099971380947306, -0.3999999999999998557 ) ) ;
#2430 = DIRECTION ( 'NONE',  ( -0.9961946980917455452, 0.000000000000000000, 0.08715574274765836016 ) ) ;
#2431 = ORIENTED_EDGE ( 'NONE', *, *, #2456, .T. ) ;
#2432 = CARTESIAN_POINT ( 'NONE',  ( -7.548395301760295162, 0.7999852374456397630, 1.699999999999999734 ) ) ;
#2433 = VERTEX_POINT ( 'NONE', #790 ) ;
#2434 = DIRECTION ( 'NONE',  ( 0.000000000000000000, 1.084202172485504434E-16, 1.000000000000000000 ) ) ;
#2435 = CARTESIAN_POINT ( 'NONE',  ( 3.000000000000000000, 0.000000000000000000, -0.9000000000000000222 ) ) ;
#2436 = AXIS2_PLACEMENT_3D ( 'NONE', #577, #1048, #1406 ) ;
#2437 = VERTEX_POINT ( 'NONE', #1187 ) ;
#2438 = CARTESIAN_POINT ( 'NONE',  ( -2.000000000000000000, -1.250000000000000666, -3.099999999999998757 ) ) ;
#2439 = EDGE_CURVE ( 'NONE', #2027, #882, #574, .T. ) ;
#2440 = DIRECTION ( 'NONE',  ( 1.000000000000000000, -0.000000000000000000, -0.000000000000000000 ) ) ;
#2441 = CARTESIAN_POINT ( 'NONE',  ( -9.019851916776666201, -0.3079751092872122786, -0.9000000000000000222 ) ) ;
#2442 = DIRECTION ( 'NONE',  ( 0.000000000000000000, 1.723199799951891182E-16, 1.000000000000000000 ) ) ;
#2443 = CARTESIAN_POINT ( 'NONE',  ( 3.000000000000000000, 4.898587196589413075E-17, -0.4000000000000000222 ) ) ;
#2444 = CARTESIAN_POINT ( 'NONE',  ( -11.14635074930049896, -0.6313024340245224630, 0.4000000000000000222 ) ) ;
#2445 = AXIS2_PLACEMENT_3D ( 'NONE', #32, #1852, #1449 ) ;
#2446 = EDGE_LOOP ( 'NONE', ( #2039, #1816, #1377, #1614 ) ) ;
#2447 = CARTESIAN_POINT ( 'NONE',  ( -10.87330006787080094, -0.4401102885742299575, 1.699999999999999734 ) ) ;
#2448 = ORIENTED_EDGE ( 'NONE', *, *, #960, .T. ) ;
#2449 = CARTESIAN_POINT ( 'NONE',  ( 1.000000000000000000, -9.077851480992148301E-15, -1.300000000000000044 ) ) ;
#2450 = CARTESIAN_POINT ( 'NONE',  ( -7.701018077671367479, -0.8163484718420587205, -0.9000000000000000222 ) ) ;
#2451 = CARTESIAN_POINT ( 'NONE',  ( -8.285552999926764528, -0.09688487147738744643, 1.699999999999999956 ) ) ;
#2452 = DIRECTION ( 'NONE',  ( 0.000000000000000000, -0.000000000000000000, -1.000000000000000000 ) ) ;
#2453 = DIRECTION ( 'NONE',  ( 0.000000000000000000, 0.000000000000000000, 1.000000000000000000 ) ) ;
#2454 = DIRECTION ( 'NONE',  ( -0.000000000000000000, 0.000000000000000000, 1.000000000000000000 ) ) ;
#2455 = CARTESIAN_POINT ( 'NONE',  ( -10.37506483104643529, -0.09126024169949303877, -0.3999999999999998557 ) ) ;
#2456 = EDGE_CURVE ( 'NONE', #1226, #25, #55, .T. ) ;
#2457 = CYLINDRICAL_SURFACE ( 'NONE', #2391, 0.4000000000000000222 ) ;
#2458 = CARTESIAN_POINT ( 'NONE',  ( -7.782448939017433176, -0.01946246647860474382, -0.4000000000000000222 ) ) ;
#2459 = ORIENTED_EDGE ( 'NONE', *, *, #1691, .T. ) ;
#2460 = AXIS2_PLACEMENT_3D ( 'NONE', #2008, #795, #403 ) ;
#2461 = CARTESIAN_POINT ( 'NONE',  ( -9.490704277553565049, -1.425258686149182497, 0.8999999999999999112 ) ) ;
#2462 = AXIS2_PLACEMENT_3D ( 'NONE', #2540, #922, #1521 ) ;
#2463 = VERTEX_POINT ( 'NONE', #2254 ) ;
#2464 = LINE ( 'NONE', #1458, #1791 ) ;
#2465 = CIRCLE ( 'NONE', #1450, 0.05000000000000002359 ) ;
#2466 = CARTESIAN_POINT ( 'NONE',  ( 1.666666666666723362, 1.048710006055874721E-13, -0.9000000000000000222 ) ) ;
#2467 = CARTESIAN_POINT ( 'NONE',  ( -10.68748960021965999, -1.286624069455715613, 1.699999999999999956 ) ) ;
#2468 = DIRECTION ( 'NONE',  ( -0.000000000000000000, 1.398970545142586541E-16, 1.000000000000000000 ) ) ;
#2469 = AXIS2_PLACEMENT_3D ( 'NONE', #1172, #1953, #343 ) ;
#2470 = CARTESIAN_POINT ( 'NONE',  ( 3.000000000000000000, 0.000000000000000000, -1.300000000000000044 ) ) ;
#2471 = DIRECTION ( 'NONE',  ( -1.000000000000000000, 0.000000000000000000, 0.000000000000000000 ) ) ;
#2472 = CARTESIAN_POINT ( 'NONE',  ( -0.3789176759342964274, 0.7999999999997831068, -0.3999999999999998557 ) ) ;
#2473 = LINE ( 'NONE', #878, #896 ) ;
#2474 = CARTESIAN_POINT ( 'NONE',  ( -7.548395301760295162, 0.7999852374456397630, -0.3999999999999998557 ) ) ;
#2475 = ORIENTED_EDGE ( 'NONE', *, *, #2367, .T. ) ;
#2476 = EDGE_CURVE ( 'NONE', #946, #815, #2001, .T. ) ;
#2477 = CARTESIAN_POINT ( 'NONE',  ( -6.928776636621623908, -0.8000000000000010436, 1.699999999999999734 ) ) ;
#2478 = EDGE_LOOP ( 'NONE', ( #2307 ) ) ;
#2479 = DIRECTION ( 'NONE',  ( -0.000000000000000000, 0.000000000000000000, 1.000000000000000000 ) ) ;
#2480 = DIRECTION ( 'NONE',  ( -1.000000000000000000, -0.000000000000000000, -0.000000000000000000 ) ) ;
#2481 = CARTESIAN_POINT ( 'NONE',  ( -1.250000000000000000, -1.000000000000000666, -3.099999999999998312 ) ) ;
#2482 = CARTESIAN_POINT ( 'NONE',  ( -6.411682508146158810, -1.091519722709469673E-15, -0.9000000000000000222 ) ) ;
#2483 = VECTOR ( 'NONE', #43, 1000.000000000000000 ) ;
#2484 = CARTESIAN_POINT ( 'NONE',  ( 3.000000000000000444, -0.7999999999999999334, -0.4000000000000001332 ) ) ;
#2485 = LINE ( 'NONE', #669, #1039 ) ;
#2486 = CARTESIAN_POINT ( 'NONE',  ( -5.549858960687534370, -0.8000000000000009326, -0.4000000000000001332 ) ) ;
#2487 = ORIENTED_EDGE ( 'NONE', *, *, #8, .T. ) ;
#2488 = CARTESIAN_POINT ( 'NONE',  ( -0.3789176759342964274, -0.8000000000002168710, 1.699999999999999734 ) ) ;
#2489 = EDGE_CURVE ( 'NONE', #1164, #412, #2302, .T. ) ;
#2490 = EDGE_LOOP ( 'NONE', ( #787, #2178, #72, #661 ) ) ;
#2491 = CARTESIAN_POINT ( 'NONE',  ( -7.528033142468717465, -1.272633994307954335E-05, -0.9000000000000000222 ) ) ;
#2492 = ADVANCED_FACE ( 'NONE', ( #384 ), #1429, .T. ) ;
#2493 = CARTESIAN_POINT ( 'NONE',  ( -7.528033142468717465, -1.272633994307954335E-05, 0.4000000000000000222 ) ) ;
#2494 = DIRECTION ( 'NONE',  ( -0.000000000000000000, -2.168404344971008868E-16, 1.000000000000000000 ) ) ;
#2495 = CARTESIAN_POINT ( 'NONE',  ( 2.333333333334111526, 0.000000000000000000, -0.9000000000000000222 ) ) ;
#2496 = CARTESIAN_POINT ( 'NONE',  ( 3.000000000000000000, 0.000000000000000000, 0.4000000000000000222 ) ) ;
#2497 = DIRECTION ( 'NONE',  ( 0.000000000000000000, 1.000000000000000000, 0.000000000000000000 ) ) ;
#2498 = CARTESIAN_POINT ( 'NONE',  ( -6.584047217637897020, -0.8000000000000010436, -0.4000000000000001332 ) ) ;
#2499 = ORIENTED_EDGE ( 'NONE', *, *, #1550, .F. ) ;
#2500 = CARTESIAN_POINT ( 'NONE',  ( -5.894588379671017009, -0.8000000000000010436, 0.8999999999999999112 ) ) ;
#2501 = ORIENTED_EDGE ( 'NONE', *, *, #340, .T. ) ;
#2502 = CIRCLE ( 'NONE', #1318, 0.2500000000000000000 ) ;
#2503 = FACE_OUTER_BOUND ( 'NONE', #1508, .T. ) ;
#2504 = VERTEX_POINT ( 'NONE', #1391 ) ;
#2505 = DIRECTION ( 'NONE',  ( 0.000000000000000000, -1.000000000000000000, 0.000000000000000000 ) ) ;
#2506 = CARTESIAN_POINT ( 'NONE',  ( -6.000000000000000000, 0.2666666666666668295, 0.2981423969999718593 ) ) ;
#2507 = ADVANCED_FACE ( 'NONE', ( #2621 ), #804, .F. ) ;
#2508 = CARTESIAN_POINT ( 'NONE',  ( -12.23855347501913471, -1.396071015825947725, -0.9000000000000000222 ) ) ;
#2509 = CLOSED_SHELL ( 'NONE', ( #1671, #1159, #1633 ) ) ;
#2510 = AXIS2_PLACEMENT_3D ( 'NONE', #549, #2585, #1367 ) ;
#2511 = CARTESIAN_POINT ( 'NONE',  ( 2.333333333334111526, 0.000000000000000000, 0.4000000000000000222 ) ) ;
#2512 = VECTOR ( 'NONE', #530, 1000.000000000000000 ) ;
#2513 = DIRECTION ( 'NONE',  ( -0.000000000000000000, 0.000000000000000000, 1.000000000000000000 ) ) ;
#2514 = CARTESIAN_POINT ( 'NONE',  ( -9.713323421820810211, -0.6282648523835685506, -0.4000000000000000222 ) ) ;
#2515 = VERTEX_POINT ( 'NONE', #602 ) ;
#2516 = CARTESIAN_POINT ( 'NONE',  ( -9.322952643226258829, -1.327742476002200078, 0.8999999999999999112 ) ) ;
#2517 = ORIENTED_EDGE ( 'NONE', *, *, #1309, .F. ) ;
#2518 = CARTESIAN_POINT ( 'NONE',  ( -5.907776915682685370, -1.408113820289463192, 2.658113820289464968 ) ) ;
#2519 = EDGE_LOOP ( 'NONE', ( #1827, #563, #1271, #541 ) ) ;
#2520 = CARTESIAN_POINT ( 'NONE',  ( 1.000000000000000000, 0.000000000000000000, 1.300000000000000044 ) ) ;
#2521 = LINE ( 'NONE', #297, #648 ) ;
#2522 = CARTESIAN_POINT ( 'NONE',  ( -6.928776636621623908, 0.7999999999999987121, -0.9000000000000000222 ) ) ;
#2523 =( GEOMETRIC_REPRESENTATION_CONTEXT ( 3 ) GLOBAL_UNCERTAINTY_ASSIGNED_CONTEXT ( ( #2118 ) ) GLOBAL_UNIT_ASSIGNED_CONTEXT ( ( #1768, #1926, #109 ) ) REPRESENTATION_CONTEXT ( 'NONE', 'WORKASPACE' ) );
#2524 = EDGE_CURVE ( 'NONE', #846, #231, #428, .T. ) ;
#2525 = CARTESIAN_POINT ( 'NONE',  ( -0.3789176759342964274, -0.8000000000002168710, 0.4000000000000000222 ) ) ;
#2526 = CARTESIAN_POINT ( 'NONE',  ( -11.32083117685746032, -2.706714286688333360, -0.4000000000000001332 ) ) ;
#2527 = MECHANICAL_DESIGN_GEOMETRIC_PRESENTATION_REPRESENTATION (  '', ( #663 ), #1729 ) ;
#2528 = CARTESIAN_POINT ( 'NONE',  ( -10.22862845113882280, -1.941945704886907986, 1.699999999999999734 ) ) ;
#2529 = ORIENTED_EDGE ( 'NONE', *, *, #1877, .F. ) ;
#2530 = APPLICATION_CONTEXT ( 'automotive_design' ) ;
#2531 = FACE_OUTER_BOUND ( 'NONE', #1457, .T. ) ;
#2532 = CARTESIAN_POINT ( 'NONE',  ( -2.000000000000000000, -1.749999999999999556, 3.000000000000000888 ) ) ;
#2533 = CARTESIAN_POINT ( 'NONE',  ( -7.087352244545633617, 0.8000099971380947306, -1.699999999999999734 ) ) ;
#2534 = CARTESIAN_POINT ( 'NONE',  ( -11.50664164450715354, -1.860200505805547300, -0.4000000000000000222 ) ) ;
#2535 = DIRECTION ( 'NONE',  ( 0.000000000000000000, -1.398970545142586541E-16, -1.000000000000000000 ) ) ;
#2536 = CARTESIAN_POINT ( 'NONE',  ( -4.515670703736355485, -0.8000000000000007105, 0.4000000000000000222 ) ) ;
#2537 = ADVANCED_FACE ( 'NONE', ( #2241 ), #2028, .T. ) ;
#2538 = CARTESIAN_POINT ( 'NONE',  ( -10.82401494093445393, -1.382220142180871969, 1.699999999999999956 ) ) ;
#2539 = ORIENTED_EDGE ( 'NONE', *, *, #1065, .T. ) ;
#2540 = CARTESIAN_POINT ( 'NONE',  ( -1.000000000000000000, -0.7249999999999999778, 1.975000000000000977 ) ) ;
#2541 = AXIS2_PLACEMENT_3D ( 'NONE', #928, #883, #1704 ) ;
#2542 = DIRECTION ( 'NONE',  ( 0.000000000000000000, 0.000000000000000000, -1.000000000000000000 ) ) ;
#2543 = CARTESIAN_POINT ( 'NONE',  ( -11.28287609001529113, -0.7268985067496787078, -0.9000000000000000222 ) ) ;
#2544 =( NAMED_UNIT ( * ) SI_UNIT ( $, .STERADIAN. ) SOLID_ANGLE_UNIT ( ) );
#2545 = DIRECTION ( 'NONE',  ( 1.000000000000000000, 0.000000000000000000, 0.000000000000000000 ) ) ;
#2546 = LINE ( 'NONE', #727, #2558 ) ;
#2547 = VECTOR ( 'NONE', #1894, 1000.000000000000000 ) ;
#2548 = CARTESIAN_POINT ( 'NONE',  ( -10.77472981399816199, -2.324329995787719039, 0.4000000000000000222 ) ) ;
#2549 = CARTESIAN_POINT ( 'NONE',  ( -8.285552999926764528, -0.09688487147738744643, 1.699999999999999956 ) ) ;
#2550 = ORIENTED_EDGE ( 'NONE', *, *, #1518, .F. ) ;
#2551 = EDGE_CURVE ( 'NONE', #1880, #1586, #2175, .T. ) ;
#2552 = DIRECTION ( 'NONE',  ( -1.000000000000000000, 0.000000000000000000, -0.000000000000000000 ) ) ;
#2553 = MECHANICAL_DESIGN_GEOMETRIC_PRESENTATION_REPRESENTATION (  '', ( #949 ), #1246 ) ;
#2554 = CARTESIAN_POINT ( 'NONE',  ( 1.000000000000000000, -0.2500000000000000555, 0.9645898033750316403 ) ) ;
#2555 = CARTESIAN_POINT ( 'NONE',  ( -2.000000000000000000, -1.477172874732681995, 1.601554039921831698E-16 ) ) ;
#2556 = CARTESIAN_POINT ( 'NONE',  ( -6.584047217637897020, 0.7999999999999987121, -1.699999999999999734 ) ) ;
#2557 = ORIENTED_EDGE ( 'NONE', *, *, #690, .T. ) ;
#2558 = VECTOR ( 'NONE', #1541, 1000.000000000000000 ) ;
#2559 = CARTESIAN_POINT ( 'NONE',  ( 1.666666666666723362, 1.048710006055874721E-13, 0.4000000000000000222 ) ) ;
#2560 = AXIS2_PLACEMENT_3D ( 'NONE', #1657, #1878, #460 ) ;
#2561 = CARTESIAN_POINT ( 'NONE',  ( 1.000000000000000000, -0.3000000000000000999, -0.3354101966249684597 ) ) ;
#2562 = CARTESIAN_POINT ( 'NONE',  ( -10.36515379185361674, -2.037541777612064120, -0.4000000000000001332 ) ) ;
#2563 = CARTESIAN_POINT ( 'NONE',  ( -9.955577769709124780, -1.750753559436615259, 1.699999999999999734 ) ) ;
#2564 = ORIENTED_EDGE ( 'NONE', *, *, #1564, .F. ) ;
#2565 = CARTESIAN_POINT ( 'NONE',  ( -5.771788935686915423, 1.420011226914884128, 2.670011226914884794 ) ) ;
#2566 = EDGE_CURVE ( 'NONE', #283, #560, #2464, .T. ) ;
#2567 = CARTESIAN_POINT ( 'NONE',  ( -0.3789176759342964274, 0.7999999999997831068, -0.3999999999999998557 ) ) ;
#2568 = VERTEX_POINT ( 'NONE', #1359 ) ;
#2569 = ADVANCED_FACE ( 'NONE', ( #528 ), #2352, .F. ) ;
#2570 = CARTESIAN_POINT ( 'NONE',  ( -5.894588379671017009, -9.883237421192966846E-16, -1.699999999999999956 ) ) ;
#2571 = VERTEX_POINT ( 'NONE', #317 ) ;
#2572 = PLANE ( 'NONE',  #2510 ) ;
#2573 = CARTESIAN_POINT ( 'NONE',  ( -2.000000000000000000, -1.249999999999999556, 3.100000000000000977 ) ) ;
#2574 = CARTESIAN_POINT ( 'NONE',  ( -6.584047217637897020, -0.8000000000000010436, 0.4000000000000000222 ) ) ;
#2575 = CARTESIAN_POINT ( 'NONE',  ( 2.333333333334111970, 0.7999999999999999334, 0.4000000000000000222 ) ) ;
#2576 = CARTESIAN_POINT ( 'NONE',  ( 0.000000000000000000, 1.000000000000000222, 3.000000000000000000 ) ) ;
#2577 = EDGE_LOOP ( 'NONE', ( #2067 ) ) ;
#2578 = CARTESIAN_POINT ( 'NONE',  ( 1.666666666666723806, 0.8000000000001048495, 0.4000000000000000222 ) ) ;
#2579 = ORIENTED_EDGE ( 'NONE', *, *, #2551, .T. ) ;
#2580 = FILL_AREA_STYLE ('',( #1379 ) ) ;
#2581 = CARTESIAN_POINT ( 'NONE',  ( -10.77472981399816199, -2.324329995787719039, -1.699999999999999734 ) ) ;
#2582 = ORIENTED_EDGE ( 'NONE', *, *, #1274, .T. ) ;
#2583 =( NAMED_UNIT ( * ) PLANE_ANGLE_UNIT ( ) SI_UNIT ( $, .RADIAN. ) );
#2584 = EDGE_CURVE ( 'NONE', #1971, #244, #634, .T. ) ;
#2585 = DIRECTION ( 'NONE',  ( 1.000000000000000000, 0.000000000000000000, 0.000000000000000000 ) ) ;
#2586 = AXIS2_PLACEMENT_3D ( 'NONE', #2602, #351, #1810 ) ;
#2587 = CIRCLE ( 'NONE', #1445, 0.3999999999999999667 ) ;
#2588 = DIRECTION ( 'NONE',  ( 0.000000000000000000, -1.000000000000000000, 0.000000000000000000 ) ) ;
#2589 = DIRECTION ( 'NONE',  ( 0.000000000000000000, 0.000000000000000000, -1.000000000000000000 ) ) ;
#2590 = CARTESIAN_POINT ( 'NONE',  ( -10.27791830652933669, -0.9998289890731180130, 0.4000000000000000222 ) ) ;
#2591 = VECTOR ( 'NONE', #445, 1000.000000000000000 ) ;
#2592 = ORIENTED_EDGE ( 'NONE', *, *, #550, .T. ) ;
#2593 = CARTESIAN_POINT ( 'NONE',  ( -11.69245211215983815, -1.013686724925334293, 0.9000000000000002442 ) ) ;
#2594 = CARTESIAN_POINT ( 'NONE',  ( -6.584047217637897909, -1.109589758917542415E-15, 0.4000000000000000222 ) ) ;
#2595 = VERTEX_POINT ( 'NONE', #1558 ) ;
#2596 = CARTESIAN_POINT ( 'NONE',  ( -1.000000000000000000, -0.7250000000000005329, -1.974999999999999867 ) ) ;
#2597 = CARTESIAN_POINT ( 'NONE',  ( -9.019851916776666201, -0.3079751092872122786, -1.699999999999999956 ) ) ;
#2598 = ORIENTED_EDGE ( 'NONE', *, *, #2389, .F. ) ;
#2599 = CYLINDRICAL_SURFACE ( 'NONE', #193, 0.2500000000000000000 ) ;
#2600 = CARTESIAN_POINT ( 'NONE',  ( -11.77969232593829751, -2.051392651257140987, 0.4000000000000000222 ) ) ;
#2601 = ADVANCED_FACE ( 'NONE', ( #1142 ), #1546, .F. ) ;
#2602 = CARTESIAN_POINT ( 'NONE',  ( 1.000000000000000000, 0.2499999999999999445, -0.9645898033750235356 ) ) ;
#2603 = DIRECTION ( 'NONE',  ( 5.862995914032915683E-36, 1.084202172485504434E-16, 1.000000000000000000 ) ) ;
#2604 = CARTESIAN_POINT ( 'NONE',  ( 1.666666666666723806, 0.8000000000001048495, 0.4000000000000000222 ) ) ;
#2605 = ORIENTED_EDGE ( 'NONE', *, *, #2344, .T. ) ;
#2606 = CARTESIAN_POINT ( 'NONE',  ( 2.333333333334111970, 0.7999999999999999334, 0.9000000000000002442 ) ) ;
#2607 = ORIENTED_EDGE ( 'NONE', *, *, #1188, .F. ) ;
#2608 = CARTESIAN_POINT ( 'NONE',  ( 1.666666666666723806, -0.7999999999998950173, -0.9000000000000000222 ) ) ;
#2609 = EDGE_LOOP ( 'NONE', ( #1716, #870, #742, #180 ) ) ;
#2610 = DIRECTION ( 'NONE',  ( -1.000000000000000000, 0.000000000000000000, 0.000000000000000000 ) ) ;
#2611 = LINE ( 'NONE', #607, #379 ) ;
#2612 = CARTESIAN_POINT ( 'NONE',  ( -2.000000000000000000, -1.749999999999999556, 3.000000000000000888 ) ) ;
#2613 = DIRECTION ( 'NONE',  ( -0.000000000000000000, -0.000000000000000000, 1.000000000000000000 ) ) ;
#2614 = VECTOR ( 'NONE', #46, 1000.000000000000000 ) ;
#2615 = CARTESIAN_POINT ( 'NONE',  ( -11.23359096307900096, -1.669008360356527332, 0.4000000000000000222 ) ) ;
#2616 = DIRECTION ( 'NONE',  ( -1.000000000000000000, -0.000000000000000000, -0.000000000000000000 ) ) ;
#2617 = VERTEX_POINT ( 'NONE', #2170 ) ;
#2618 = ADVANCED_FACE ( 'NONE', ( #166 ), #355, .F. ) ;
#2619 = CARTESIAN_POINT ( 'NONE',  ( -11.14635074930049896, -0.6313024340245224630, 1.699999999999999734 ) ) ;
#2620 = ORIENTED_EDGE ( 'NONE', *, *, #501, .F. ) ;
#2621 = FACE_OUTER_BOUND ( 'NONE', #2395, .T. ) ;
#2622 = CARTESIAN_POINT ( 'NONE',  ( 3.000000000000000000, 4.898587196589413075E-17, -1.699999999999999956 ) ) ;
#2623 = CARTESIAN_POINT ( 'NONE',  ( 3.000000000000000000, 0.000000000000000000, 1.699999999999999956 ) ) ;
#2624 = FACE_OUTER_BOUND ( 'NONE', #1748, .T. ) ;
#2625 = CARTESIAN_POINT ( 'NONE',  ( 0.000000000000000000, 0.7500000000000002220, 3.000000000000000000 ) ) ;
ENDSEC;
END-ISO-10303-21;
