ISO-10303-21;
HEADER;
FILE_DESCRIPTION (( 'STEP AP214' ),
    '1' );
FILE_NAME ('Part 6 T307.STEP',
    '2025-07-29T15:59:07',
    ( '' ),
    ( '' ),
    'SwSTEP 2.0',
    'SolidWorks 2025',
    '' );
FILE_SCHEMA (( 'AUTOMOTIVE_DESIGN' ));
ENDSEC;

DATA;
#1 = CARTESIAN_POINT ( 'NONE',  ( -7.500000000000000000, 3.499999999999999556, 2.299999999999999822 ) ) ;
#2 = VECTOR ( 'NONE', #420, 1000.000000000000000 ) ;
#3 = CIRCLE ( 'NONE', #990, 9.999999999999998224 ) ;
#4 = FACE_OUTER_BOUND ( 'NONE', #725, .T. ) ;
#5 = DIRECTION ( 'NONE',  ( 1.000000000000000000, 0.000000000000000000, 0.000000000000000000 ) ) ;
#6 = FACE_BOUND ( 'NONE', #1134, .T. ) ;
#7 = ORIENTED_EDGE ( 'NONE', *, *, #437, .T. ) ;
#8 = VERTEX_POINT ( 'NONE', #731 ) ;
#9 = EDGE_LOOP ( 'NONE', ( #549, #7, #1669, #679 ) ) ;
#10 = CARTESIAN_POINT ( 'NONE',  ( 0.8999999999999945821, 6.000000000000000000, 2.299999999999999822 ) ) ;
#11 = FACE_OUTER_BOUND ( 'NONE', #197, .T. ) ;
#12 = DIRECTION ( 'NONE',  ( 0.000000000000000000, 0.000000000000000000, -1.000000000000000000 ) ) ;
#13 = AXIS2_PLACEMENT_3D ( 'NONE', #666, #1317, #76 ) ;
#14 = CARTESIAN_POINT ( 'NONE',  ( -14.90000000000000568, 22.00000000000006750, -2.300000000000000266 ) ) ;
#15 = ORIENTED_EDGE ( 'NONE', *, *, #1284, .T. ) ;
#16 = FACE_OUTER_BOUND ( 'NONE', #1527, .T. ) ;
#17 = ORIENTED_EDGE ( 'NONE', *, *, #1424, .T. ) ;
#18 = ORIENTED_EDGE ( 'NONE', *, *, #135, .F. ) ;
#19 = DIRECTION ( 'NONE',  ( -0.000000000000000000, -0.000000000000000000, -1.000000000000000000 ) ) ;
#20 = EDGE_CURVE ( 'NONE', #567, #1754, #49, .T. ) ;
#21 = DIRECTION ( 'NONE',  ( 0.000000000000000000, 0.000000000000000000, 1.000000000000000000 ) ) ;
#22 = PLANE ( 'NONE',  #1573 ) ;
#23 = TOROIDAL_SURFACE ( 'NONE', #1354, 8.799999999999998934, 0.2000000000000000111 ) ;
#24 = AXIS2_PLACEMENT_3D ( 'NONE', #1176, #355, #383 ) ;
#25 = EDGE_LOOP ( 'NONE', ( #17 ) ) ;
#26 = ORIENTED_EDGE ( 'NONE', *, *, #481, .F. ) ;
#27 = VECTOR ( 'NONE', #1356, 1000.000000000000000 ) ;
#28 = ORIENTED_EDGE ( 'NONE', *, *, #548, .T. ) ;
#29 =( BOUNDED_CURVE ( )  B_SPLINE_CURVE ( 3, ( #99, #1510, #536, #657 ),
 .UNSPECIFIED., .F., .F. ) 
 B_SPLINE_CURVE_WITH_KNOTS ( ( 4, 4 ),
 ( 3.141592653589795336, 4.712388980384689674 ),
 .UNSPECIFIED. ) 
 CURVE ( )  GEOMETRIC_REPRESENTATION_ITEM ( )  RATIONAL_B_SPLINE_CURVE ( ( 1.000000000000000000, 0.8047378541243654926, 0.8047378541243654926, 1.000000000000000000 ) ) 
 REPRESENTATION_ITEM ( '' )  );
#30 = TOROIDAL_SURFACE ( 'NONE', #1044, 2.199999999999999734, 0.2000000000000000111 ) ;
#31 = LINE ( 'NONE', #775, #762 ) ;
#32 = PRESENTATION_STYLE_ASSIGNMENT (( #1274 ) ) ;
#33 = ADVANCED_FACE ( 'NONE', ( #1037 ), #88, .T. ) ;
#34 = DIRECTION ( 'NONE',  ( 0.000000000000000000, -1.000000000000000000, 0.000000000000000000 ) ) ;
#35 = CARTESIAN_POINT ( 'NONE',  ( -27.50000000000000000, 6.000000000000000000, 2.500000000000000000 ) ) ;
#36 = ADVANCED_FACE ( 'NONE', ( #1759 ), #1237, .T. ) ;
#37 = DIRECTION ( 'NONE',  ( -1.000000000000000000, 0.000000000000000000, 0.000000000000000000 ) ) ;
#38 = ORIENTED_EDGE ( 'NONE', *, *, #1171, .T. ) ;
#39 = VERTEX_POINT ( 'NONE', #1214 ) ;
#40 = DIRECTION ( 'NONE',  ( 0.000000000000000000, -0.000000000000000000, 1.000000000000000000 ) ) ;
#41 = CARTESIAN_POINT ( 'NONE',  ( 2.500000000000000444, 3.499999999999999556, -2.300000000000000266 ) ) ;
#42 = CARTESIAN_POINT ( 'NONE',  ( -7.417157287525380838, 3.417157287525380394, -2.500000000000000000 ) ) ;
#43 = ADVANCED_FACE ( 'NONE', ( #1590 ), #515, .T. ) ;
#44 = VERTEX_POINT ( 'NONE', #1727 ) ;
#45 = VERTEX_POINT ( 'NONE', #213 ) ;
#46 = CARTESIAN_POINT ( 'NONE',  ( 10.49999999999999822, 8.500000000000000000, 2.500000000000000000 ) ) ;
#47 = CARTESIAN_POINT ( 'NONE',  ( 2.299999999999999822, 8.700000000000001066, -2.500000000000000000 ) ) ;
#48 = CARTESIAN_POINT ( 'NONE',  ( -7.300000000000000711, 3.299999999999999378, -2.500000000000000000 ) ) ;
#49 = LINE ( 'NONE', #1441, #1115 ) ;
#50 = CARTESIAN_POINT ( 'NONE',  ( 2.300000000000000266, 8.700000000000001066, 2.500000000000000000 ) ) ;
#51 = ADVANCED_FACE ( 'NONE', ( #354 ), #252, .F. ) ;
#52 = ORIENTED_EDGE ( 'NONE', *, *, #1653, .F. ) ;
#53 = ORIENTED_EDGE ( 'NONE', *, *, #1413, .T. ) ;
#54 = VECTOR ( 'NONE', #995, 1000.000000000000000 ) ;
#55 = VECTOR ( 'NONE', #1490, 1000.000000000000000 ) ;
#56 = CARTESIAN_POINT ( 'NONE',  ( -29.69999999999999929, 6.000000000000000000, -2.500000000000000000 ) ) ;
#57 = CARTESIAN_POINT ( 'NONE',  ( -7.299999999999999822, 8.700000000000001066, 2.500000000000000000 ) ) ;
#58 = DIRECTION ( 'NONE',  ( -1.000000000000000000, 0.000000000000000000, 0.000000000000000000 ) ) ;
#59 = AXIS2_PLACEMENT_3D ( 'NONE', #959, #965, #1243 ) ;
#60 = ORIENTED_EDGE ( 'NONE', *, *, #100, .F. ) ;
#61 = EDGE_LOOP ( 'NONE', ( #604, #1391, #787, #861 ) ) ;
#62 = AXIS2_PLACEMENT_3D ( 'NONE', #1021, #1289, #601 ) ;
#63 = ADVANCED_FACE ( 'NONE', ( #97, #1075 ), #1460, .F. ) ;
#64 = EDGE_CURVE ( 'NONE', #226, #587, #795, .T. ) ;
#65 = CARTESIAN_POINT ( 'NONE',  ( 0.8999999999999928058, 28.00000000000007105, 2.299999999999999822 ) ) ;
#66 = DIRECTION ( 'NONE',  ( 0.000000000000000000, 0.000000000000000000, 1.000000000000000000 ) ) ;
#67 = AXIS2_PLACEMENT_3D ( 'NONE', #1338, #490, #1049 ) ;
#68 = CARTESIAN_POINT ( 'NONE',  ( -6.900000000000006573, 33.00000000000000000, -2.300000000000000266 ) ) ;
#69 = CARTESIAN_POINT ( 'NONE',  ( 2.299999999999999822, 3.299999999999999378, -2.500000000000000000 ) ) ;
#70 = ORIENTED_EDGE ( 'NONE', *, *, #1118, .T. ) ;
#71 = VECTOR ( 'NONE', #1083, 1000.000000000000000 ) ;
#72 = DIRECTION ( 'NONE',  ( 1.000000000000000000, 0.000000000000000000, 0.000000000000000000 ) ) ;
#73 = FACE_OUTER_BOUND ( 'NONE', #829, .T. ) ;
#74 = ADVANCED_FACE ( 'NONE', ( #636 ), #1184, .T. ) ;
#75 = DIRECTION ( 'NONE',  ( -0.000000000000000000, -0.000000000000000000, -1.000000000000000000 ) ) ;
#76 = DIRECTION ( 'NONE',  ( -1.000000000000000000, 0.000000000000000000, 0.000000000000000000 ) ) ;
#77 = CARTESIAN_POINT ( 'NONE',  ( -15.50000000000000178, 3.299999999999999378, 2.299999999999999822 ) ) ;
#78 = DIRECTION ( 'NONE',  ( -1.000000000000000000, 0.000000000000000000, 0.000000000000000000 ) ) ;
#79 = AXIS2_PLACEMENT_3D ( 'NONE', #813, #1665, #1365 ) ;
#80 = ORIENTED_EDGE ( 'NONE', *, *, #1081, .F. ) ;
#81 = ORIENTED_EDGE ( 'NONE', *, *, #122, .F. ) ;
#82 = CIRCLE ( 'NONE', #983, 4.699999999999999289 ) ;
#83 = CARTESIAN_POINT ( 'NONE',  ( 0.8999999999999928058, 28.00000000000007105, 2.500000000000000000 ) ) ;
#84 = AXIS2_PLACEMENT_3D ( 'NONE', #1574, #486, #201 ) ;
#85 = EDGE_CURVE ( 'NONE', #1079, #567, #216, .T. ) ;
#86 = DIRECTION ( 'NONE',  ( -1.000000000000000000, 0.000000000000000000, 0.000000000000000000 ) ) ;
#87 = DIRECTION ( 'NONE',  ( -1.000000000000000000, 0.000000000000000000, 0.000000000000000000 ) ) ;
#88 = CYLINDRICAL_SURFACE ( 'NONE', #1498, 0.2000000000000000944 ) ;
#89 = CARTESIAN_POINT ( 'NONE',  ( 27.50000000000000000, 17.80000000000000071, -2.500000000000000000 ) ) ;
#90 = LINE ( 'NONE', #1750, #411 ) ;
#91 = EDGE_LOOP ( 'NONE', ( #649, #1763, #1688, #623 ) ) ;
#92 = VERTEX_POINT ( 'NONE', #1777 ) ;
#93 = CIRCLE ( 'NONE', #300, 0.2000000000000000944 ) ;
#94 = LINE ( 'NONE', #1191, #530 ) ;
#95 = CARTESIAN_POINT ( 'NONE',  ( 11.10000000000006537, 18.00000000000000000, -2.300000000000000266 ) ) ;
#96 = DIRECTION ( 'NONE',  ( 1.000000000000000000, 0.000000000000000000, -0.000000000000000000 ) ) ;
#97 = FACE_OUTER_BOUND ( 'NONE', #349, .T. ) ;
#98 = DIRECTION ( 'NONE',  ( -0.000000000000000000, -1.000000000000000000, -0.000000000000000000 ) ) ;
#99 = CARTESIAN_POINT ( 'NONE',  ( 10.49999999999999822, 8.500000000000000000, -2.300000000000000266 ) ) ;
#100 = EDGE_CURVE ( 'NONE', #537, #1303, #1224, .T. ) ;
#101 = ORIENTED_EDGE ( 'NONE', *, *, #255, .F. ) ;
#102 = CLOSED_SHELL ( 'NONE', ( #877, #1162, #43, #1196, #189, #51, #335, #426, #1555, #345, #451, #931, #1714, #523, #63, #1264, #671, #458, #1186, #1410, #810, #895, #1674, #770, #1377, #33, #415, #469, #1277, #1605, #1152, #1051, #470, #918, #757, #658, #1581, #1235, #845, #854, #1351, #1726, #1475, #1641, #166, #74, #222, #986, #1784, #688, #149, #1010, #570, #1029, #208, #685, #1751, #864, #36, #1222, #1523, #997, #1563, #370, #1073 ) ) ;
#103 = ORIENTED_EDGE ( 'NONE', *, *, #1106, .F. ) ;
#104 = LINE ( 'NONE', #778, #1708 ) ;
#105 = LINE ( 'NONE', #930, #55 ) ;
#106 = DIRECTION ( 'NONE',  ( 0.000000000000000000, 0.000000000000000000, -1.000000000000000000 ) ) ;
#107 = FACE_OUTER_BOUND ( 'NONE', #485, .T. ) ;
#108 = VERTEX_POINT ( 'NONE', #438 ) ;
#109 = EDGE_CURVE ( 'NONE', #821, #1079, #884, .T. ) ;
#110 = VECTOR ( 'NONE', #1030, 1000.000000000000000 ) ;
#111 = VERTEX_POINT ( 'NONE', #136 ) ;
#112 = CARTESIAN_POINT ( 'NONE',  ( -24.90000000000000568, 22.00000000000000000, -2.300000000000000266 ) ) ;
#113 = DIRECTION ( 'NONE',  ( 0.000000000000000000, 0.000000000000000000, 1.000000000000000000 ) ) ;
#114 = VECTOR ( 'NONE', #464, 1000.000000000000000 ) ;
#115 = AXIS2_PLACEMENT_3D ( 'NONE', #707, #1252, #857 ) ;
#116 = DIRECTION ( 'NONE',  ( -1.000000000000000000, 0.000000000000000000, 0.000000000000000000 ) ) ;
#117 = FACE_OUTER_BOUND ( 'NONE', #1670, .T. ) ;
#118 = ORIENTED_EDGE ( 'NONE', *, *, #1305, .T. ) ;
#119 = ORIENTED_EDGE ( 'NONE', *, *, #1636, .F. ) ;
#120 = CIRCLE ( 'NONE', #183, 8.999999999999998224 ) ;
#121 = FACE_OUTER_BOUND ( 'NONE', #274, .T. ) ;
#122 = EDGE_CURVE ( 'NONE', #1052, #293, #748, .T. ) ;
#123 = PRODUCT_DEFINITION_CONTEXT ( 'detailed design', #1008, 'design' ) ;
#124 = CIRCLE ( 'NONE', #680, 0.2000000000000000944 ) ;
#125 = DIRECTION ( 'NONE',  ( -1.000000000000000000, 0.000000000000000000, 0.000000000000000000 ) ) ;
#126 = DIRECTION ( 'NONE',  ( 0.000000000000000000, 0.000000000000000000, -1.000000000000000000 ) ) ;
#127 = CARTESIAN_POINT ( 'NONE',  ( 11.09999999999999254, 27.99999999999999645, -2.300000000000000266 ) ) ;
#128 = ORIENTED_EDGE ( 'NONE', *, *, #1249, .T. ) ;
#129 = CARTESIAN_POINT ( 'NONE',  ( -27.50000000000000000, 6.000000000000000000, 2.500000000000000000 ) ) ;
#130 = ORIENTED_EDGE ( 'NONE', *, *, #379, .F. ) ;
#131 = ORIENTED_EDGE ( 'NONE', *, *, #1502, .F. ) ;
#132 = CARTESIAN_POINT ( 'NONE',  ( -7.299999999999999822, 3.499999999999999556, 2.500000000000000000 ) ) ;
#133 = CARTESIAN_POINT ( 'NONE',  ( -7.499999999999999112, 3.499999999999999112, 2.417157287525380838 ) ) ;
#134 = CARTESIAN_POINT ( 'NONE',  ( 10.49999999999999822, 8.500000000000000000, -2.300000000000000266 ) ) ;
#135 = EDGE_CURVE ( 'NONE', #1654, #1061, #409, .T. ) ;
#136 = CARTESIAN_POINT ( 'NONE',  ( -7.300000000000000711, 3.299999999999999378, -2.500000000000000000 ) ) ;
#137 = CARTESIAN_POINT ( 'NONE',  ( 27.50000000000000000, 17.80000000000000071, 2.299999999999999822 ) ) ;
#138 = ORIENTED_EDGE ( 'NONE', *, *, #750, .T. ) ;
#139 = DIRECTION ( 'NONE',  ( -1.000000000000000000, 0.000000000000000000, 0.000000000000000000 ) ) ;
#140 = AXIS2_PLACEMENT_3D ( 'NONE', #700, #1086, #827 ) ;
#141 = ORIENTED_EDGE ( 'NONE', *, *, #502, .T. ) ;
#142 = ORIENTED_EDGE ( 'NONE', *, *, #1712, .T. ) ;
#143 = CYLINDRICAL_SURFACE ( 'NONE', #1399, 1.999999999999998224 ) ;
#144 = LINE ( 'NONE', #697, #262 ) ;
#145 = CARTESIAN_POINT ( 'NONE',  ( 11.09999999999999254, 27.99999999999999645, -2.500000000000000000 ) ) ;
#146 = VECTOR ( 'NONE', #1776, 1000.000000000000000 ) ;
#147 = EDGE_LOOP ( 'NONE', ( #1269, #60, #28, #1443 ) ) ;
#148 = AXIS2_PLACEMENT_3D ( 'NONE', #1682, #314, #1137 ) ;
#149 = ADVANCED_FACE ( 'NONE', ( #1111, #534 ), #1058, .T. ) ;
#150 = ORIENTED_EDGE ( 'NONE', *, *, #232, .T. ) ;
#151 = CARTESIAN_POINT ( 'NONE',  ( 10.49999999999999822, 3.499999999999999556, -2.300000000000000266 ) ) ;
#152 = FILL_AREA_STYLE_COLOUR ( '', #1512 ) ;
#153 = CARTESIAN_POINT ( 'NONE',  ( -15.50000000000000178, 3.499999999999999556, 2.500000000000000000 ) ) ;
#154 = CARTESIAN_POINT ( 'NONE',  ( -15.50000000000000178, 8.500000000000000000, 2.500000000000000000 ) ) ;
#155 = ORIENTED_EDGE ( 'NONE', *, *, #1464, .T. ) ;
#156 = EDGE_CURVE ( 'NONE', #1570, #1562, #1675, .T. ) ;
#157 = ORIENTED_EDGE ( 'NONE', *, *, #1764, .T. ) ;
#158 = CARTESIAN_POINT ( 'NONE',  ( 0.8999999999999933609, 33.00000000000000000, -2.300000000000000266 ) ) ;
#159 =( LENGTH_UNIT ( ) NAMED_UNIT ( * ) SI_UNIT ( .MILLI., .METRE. ) );
#160 = CARTESIAN_POINT ( 'NONE',  ( 1.099999999999993427, 28.00000000000007105, 2.500000000000000000 ) ) ;
#161 = CARTESIAN_POINT ( 'NONE',  ( -15.58284271247461916, 8.582842712474619162, 2.500000000000000000 ) ) ;
#162 = VERTEX_POINT ( 'NONE', #1236 ) ;
#163 = ORIENTED_EDGE ( 'NONE', *, *, #952, .F. ) ;
#164 = VECTOR ( 'NONE', #1158, 1000.000000000000000 ) ;
#165 = ORIENTED_EDGE ( 'NONE', *, *, #1453, .T. ) ;
#166 = ADVANCED_FACE ( 'NONE', ( #419 ), #1657, .T. ) ;
#167 = CARTESIAN_POINT ( 'NONE',  ( 2.299999999999999822, 6.000000000000000000, -2.299999999999999822 ) ) ;
#168 = EDGE_CURVE ( 'NONE', #1754, #724, #572, .T. ) ;
#169 = DIRECTION ( 'NONE',  ( 1.000000000000000000, -0.000000000000000000, -0.000000000000000000 ) ) ;
#170 = CARTESIAN_POINT ( 'NONE',  ( 10.49999999999999822, 8.500000000000000000, 2.299999999999999822 ) ) ;
#171 = DIRECTION ( 'NONE',  ( 1.000000000000000000, 0.000000000000000000, 0.000000000000000000 ) ) ;
#172 = ORIENTED_EDGE ( 'NONE', *, *, #779, .T. ) ;
#173 = TOROIDAL_SURFACE ( 'NONE', #1507, 5.800000000000000711, 0.2000000000000000111 ) ;
#174 = CARTESIAN_POINT ( 'NONE',  ( 27.50000000000000000, 9.000000000000000000, 2.299999999999999822 ) ) ;
#175 = AXIS2_PLACEMENT_3D ( 'NONE', #428, #1530, #288 ) ;
#176 = EDGE_LOOP ( 'NONE', ( #710, #681, #1495, #851 ) ) ;
#177 = ORIENTED_EDGE ( 'NONE', *, *, #1325, .T. ) ;
#178 = DIRECTION ( 'NONE',  ( -1.000000000000000000, 0.000000000000000000, 0.000000000000000000 ) ) ;
#179 = EDGE_CURVE ( 'NONE', #712, #111, #1368, .T. ) ;
#180 = CARTESIAN_POINT ( 'NONE',  ( 23.00000000000000000, 9.000000000000000000, 2.299999999999999822 ) ) ;
#181 = DIRECTION ( 'NONE',  ( 0.000000000000000000, 0.000000000000000000, -1.000000000000000000 ) ) ;
#182 = EDGE_CURVE ( 'NONE', #248, #44, #1103, .T. ) ;
#183 = AXIS2_PLACEMENT_3D ( 'NONE', #668, #951, #819 ) ;
#184 = DIRECTION ( 'NONE',  ( 1.000000000000000000, 0.000000000000000000, 0.000000000000000000 ) ) ;
#185 = EDGE_LOOP ( 'NONE', ( #820, #404, #1024, #1320 ) ) ;
#186 = ORIENTED_EDGE ( 'NONE', *, *, #1502, .T. ) ;
#187 = VERTEX_POINT ( 'NONE', #746 ) ;
#188 = CARTESIAN_POINT ( 'NONE',  ( -7.500000000000000888, 8.499999999999998224, -2.417157287525381282 ) ) ;
#189 = ADVANCED_FACE ( 'NONE', ( #1532 ), #1634, .T. ) ;
#190 = FACE_OUTER_BOUND ( 'NONE', #330, .T. ) ;
#191 = AXIS2_PLACEMENT_3D ( 'NONE', #1253, #5, #553 ) ;
#192 = ORIENTED_EDGE ( 'NONE', *, *, #1163, .T. ) ;
#193 = ORIENTED_EDGE ( 'NONE', *, *, #1006, .T. ) ;
#194 = VERTEX_POINT ( 'NONE', #754 ) ;
#195 = DIRECTION ( 'NONE',  ( 0.000000000000000000, 0.000000000000000000, -1.000000000000000000 ) ) ;
#196 = CARTESIAN_POINT ( 'NONE',  ( -15.50000000000000178, 8.500000000000000000, 2.299999999999999822 ) ) ;
#197 = EDGE_LOOP ( 'NONE', ( #1153 ) ) ;
#198 = EDGE_CURVE ( 'NONE', #860, #818, #539, .T. ) ;
#199 = ORIENTED_EDGE ( 'NONE', *, *, #1182, .F. ) ;
#200 = CIRCLE ( 'NONE', #955, 10.20000000000000107 ) ;
#201 = DIRECTION ( 'NONE',  ( -1.000000000000000000, 0.000000000000000000, 0.000000000000000000 ) ) ;
#202 = DIRECTION ( 'NONE',  ( 0.000000000000000000, 1.000000000000000000, 0.000000000000000000 ) ) ;
#203 = DIRECTION ( 'NONE',  ( 0.000000000000000000, 1.000000000000000000, 0.000000000000000000 ) ) ;
#204 = CARTESIAN_POINT ( 'NONE',  ( 2.500000000000000444, 3.499999999999999556, -2.300000000000000266 ) ) ;
#205 = CARTESIAN_POINT ( 'NONE',  ( 2.299999999999999822, 3.299999999999999378, -2.500000000000000000 ) ) ;
#206 = EDGE_LOOP ( 'NONE', ( #846 ) ) ;
#207 = VERTEX_POINT ( 'NONE', #698 ) ;
#208 = ADVANCED_FACE ( 'NONE', ( #984 ), #359, .T. ) ;
#209 = CARTESIAN_POINT ( 'NONE',  ( -15.58284271247461916, 3.417157287525379505, 2.500000000000000000 ) ) ;
#210 = CARTESIAN_POINT ( 'NONE',  ( -15.70000000000000284, 6.000000000000000000, -2.299999999999999822 ) ) ;
#211 = VECTOR ( 'NONE', #1195, 1000.000000000000000 ) ;
#212 = LINE ( 'NONE', #405, #319 ) ;
#213 = CARTESIAN_POINT ( 'NONE',  ( -7.299999999999999822, 8.700000000000001066, 2.500000000000000000 ) ) ;
#214 = LINE ( 'NONE', #1760, #1122 ) ;
#215 = CARTESIAN_POINT ( 'NONE',  ( 2.500000000000000444, 8.500000000000000000, 2.299999999999999822 ) ) ;
#216 = CIRCLE ( 'NONE', #1027, 7.800000000000001599 ) ;
#217 = ORIENTED_EDGE ( 'NONE', *, *, #219, .F. ) ;
#218 = ORIENTED_EDGE ( 'NONE', *, *, #437, .F. ) ;
#219 = EDGE_CURVE ( 'NONE', #44, #660, #834, .T. ) ;
#220 = DIRECTION ( 'NONE',  ( 0.000000000000000000, 0.000000000000000000, 1.000000000000000000 ) ) ;
#221 = LINE ( 'NONE', #1598, #1492 ) ;
#222 = ADVANCED_FACE ( 'NONE', ( #1516 ), #272, .T. ) ;
#223 = DIRECTION ( 'NONE',  ( 0.000000000000000000, 0.000000000000000000, 1.000000000000000000 ) ) ;
#224 = CARTESIAN_POINT ( 'NONE',  ( 2.500000000000000444, 8.500000000000000000, -2.300000000000000266 ) ) ;
#225 = CARTESIAN_POINT ( 'NONE',  ( -27.50000000000000355, 11.79999999999999893, -2.300000000000000266 ) ) ;
#226 = VERTEX_POINT ( 'NONE', #574 ) ;
#227 = ORIENTED_EDGE ( 'NONE', *, *, #739, .F. ) ;
#228 = AXIS2_PLACEMENT_3D ( 'NONE', #1375, #1090, #87 ) ;
#229 = CARTESIAN_POINT ( 'NONE',  ( -24.90000000000000568, 22.00000000000000000, 2.500000000000000000 ) ) ;
#230 =( GEOMETRIC_REPRESENTATION_CONTEXT ( 3 ) GLOBAL_UNCERTAINTY_ASSIGNED_CONTEXT ( ( #1448 ) ) GLOBAL_UNIT_ASSIGNED_CONTEXT ( ( #682, #541, #1743 ) ) REPRESENTATION_CONTEXT ( 'NONE', 'WORKASPACE' ) );
#231 = CARTESIAN_POINT ( 'NONE',  ( -14.90000000000000568, 22.00000000000006750, 2.299999999999999822 ) ) ;
#232 = EDGE_CURVE ( 'NONE', #108, #735, #1120, .T. ) ;
#233 = CARTESIAN_POINT ( 'NONE',  ( 11.10000000000006537, 18.00000000000000000, 2.500000000000000000 ) ) ;
#234 = CARTESIAN_POINT ( 'NONE',  ( 27.50000000000000000, 0.2000000000000000111, -2.500000000000000000 ) ) ;
#235 = DIRECTION ( 'NONE',  ( 0.000000000000000000, 0.000000000000000000, 1.000000000000000000 ) ) ;
#236 = CIRCLE ( 'NONE', #902, 7.800000000000001599 ) ;
#237 = ORIENTED_EDGE ( 'NONE', *, *, #769, .T. ) ;
#238 = EDGE_LOOP ( 'NONE', ( #70, #218, #80, #745 ) ) ;
#239 = VECTOR ( 'NONE', #1765, 1000.000000000000000 ) ;
#240 = CYLINDRICAL_SURFACE ( 'NONE', #1486, 0.2000000000000000944 ) ;
#241 = DIRECTION ( 'NONE',  ( -0.000000000000000000, -0.000000000000000000, -1.000000000000000000 ) ) ;
#242 = CARTESIAN_POINT ( 'NONE',  ( -27.50000000000000000, 6.000000000000000000, 2.500000000000000000 ) ) ;
#243 = EDGE_CURVE ( 'NONE', #1096, #108, #839, .T. ) ;
#244 = DIRECTION ( 'NONE',  ( -1.000000000000000000, 0.000000000000000000, 0.000000000000000000 ) ) ;
#245 = CYLINDRICAL_SURFACE ( 'NONE', #1330, 0.2000000000000000944 ) ;
#246 = ORIENTED_EDGE ( 'NONE', *, *, #1531, .F. ) ;
#247 = EDGE_CURVE ( 'NONE', #1562, #690, #124, .T. ) ;
#248 = VERTEX_POINT ( 'NONE', #1012 ) ;
#249 = AXIS2_PLACEMENT_3D ( 'NONE', #145, #429, #816 ) ;
#250 = CARTESIAN_POINT ( 'NONE',  ( 1.099999999999993427, 33.00000000000000000, -2.300000000000000266 ) ) ;
#251 = DIRECTION ( 'NONE',  ( -1.000000000000000000, 0.000000000000000000, 0.000000000000000000 ) ) ;
#252 = PLANE ( 'NONE',  #693 ) ;
#253 = CARTESIAN_POINT ( 'NONE',  ( 2.500000000000000444, 3.499999999999999556, -2.300000000000000266 ) ) ;
#254 = DIRECTION ( 'NONE',  ( 0.000000000000000000, 1.000000000000000000, 0.000000000000000000 ) ) ;
#255 = EDGE_CURVE ( 'NONE', #1313, #1313, #741, .T. ) ;
#256 = ORIENTED_EDGE ( 'NONE', *, *, #802, .T. ) ;
#257 = EDGE_CURVE ( 'NONE', #400, #759, #650, .T. ) ;
#258 = VERTEX_POINT ( 'NONE', #471 ) ;
#259 = DIRECTION ( 'NONE',  ( -1.000000000000000000, 0.000000000000000000, 0.000000000000000000 ) ) ;
#260 = DIRECTION ( 'NONE',  ( -1.000000000000000000, -0.000000000000000000, -0.000000000000000000 ) ) ;
#261 = VECTOR ( 'NONE', #1577, 1000.000000000000000 ) ;
#262 = VECTOR ( 'NONE', #1266, 1000.000000000000000 ) ;
#263 = CARTESIAN_POINT ( 'NONE',  ( 11.10000000000006537, 18.00000000000000000, 2.299999999999999822 ) ) ;
#264 = ORIENTED_EDGE ( 'NONE', *, *, #402, .F. ) ;
#265 = DIRECTION ( 'NONE',  ( 0.000000000000000000, 0.000000000000000000, -1.000000000000000000 ) ) ;
#266 = ORIENTED_EDGE ( 'NONE', *, *, #390, .T. ) ;
#267 = VECTOR ( 'NONE', #571, 1000.000000000000000 ) ;
#268 = ORIENTED_EDGE ( 'NONE', *, *, #1511, .T. ) ;
#269 = EDGE_CURVE ( 'NONE', #1798, #1561, #594, .T. ) ;
#270 = CARTESIAN_POINT ( 'NONE',  ( 2.500000000000000444, 8.500000000000000000, 2.500000000000000000 ) ) ;
#271 = DIRECTION ( 'NONE',  ( -1.000000000000000000, 0.000000000000000000, 0.000000000000000000 ) ) ;
#272 = CYLINDRICAL_SURFACE ( 'NONE', #620, 0.2000000000000000944 ) ;
#273 = CARTESIAN_POINT ( 'NONE',  ( 1.099999999999993427, 28.00000000000007105, 2.299999999999999822 ) ) ;
#274 = EDGE_LOOP ( 'NONE', ( #1496 ) ) ;
#275 = DIRECTION ( 'NONE',  ( -1.000000000000000000, -0.000000000000000000, -0.000000000000000000 ) ) ;
#276 = VERTEX_POINT ( 'NONE', #1552 ) ;
#277 = ORIENTED_EDGE ( 'NONE', *, *, #954, .F. ) ;
#278 = CARTESIAN_POINT ( 'NONE',  ( -6.900000000000006573, 33.00000000000000000, 2.500000000000000000 ) ) ;
#279 = EDGE_CURVE ( 'NONE', #1654, #518, #753, .T. ) ;
#280 = CARTESIAN_POINT ( 'NONE',  ( 10.69999999999999929, 3.299999999999999378, 2.500000000000000000 ) ) ;
#281 = DIRECTION ( 'NONE',  ( -1.000000000000000000, 0.000000000000000000, 0.000000000000000000 ) ) ;
#282 = EDGE_CURVE ( 'NONE', #863, #1519, #1077, .T. ) ;
#283 = LINE ( 'NONE', #14, #869 ) ;
#284 = EDGE_LOOP ( 'NONE', ( #1624, #103, #434, #836 ) ) ;
#285 = ORIENTED_EDGE ( 'NONE', *, *, #1249, .F. ) ;
#286 = ORIENTED_EDGE ( 'NONE', *, *, #1053, .T. ) ;
#287 = LINE ( 'NONE', #1117, #1388 ) ;
#288 = DIRECTION ( 'NONE',  ( -1.000000000000000000, 0.000000000000000000, 0.000000000000000000 ) ) ;
#289 = DIRECTION ( 'NONE',  ( -1.000000000000000000, 0.000000000000000000, -0.000000000000000000 ) ) ;
#290 = EDGE_CURVE ( 'NONE', #1484, #1218, #1522, .T. ) ;
#291 = AXIS2_PLACEMENT_3D ( 'NONE', #448, #1150, #1028 ) ;
#292 = DIRECTION ( 'NONE',  ( -1.000000000000000000, 0.000000000000000000, 0.000000000000000000 ) ) ;
#293 = VERTEX_POINT ( 'NONE', #333 ) ;
#294 = ORIENTED_EDGE ( 'NONE', *, *, #1664, .F. ) ;
#295 = ORIENTED_EDGE ( 'NONE', *, *, #198, .F. ) ;
#296 = FACE_OUTER_BOUND ( 'NONE', #1005, .T. ) ;
#297 = CIRCLE ( 'NONE', #527, 9.999999999999994671 ) ;
#298 =( BOUNDED_CURVE ( )  B_SPLINE_CURVE ( 3, ( #1420, #1279, #889, #1451 ),
 .UNSPECIFIED., .F., .F. ) 
 B_SPLINE_CURVE_WITH_KNOTS ( ( 4, 4 ),
 ( 0.000000000000000000, 1.570796326794896558 ),
 .UNSPECIFIED. ) 
 CURVE ( )  GEOMETRIC_REPRESENTATION_ITEM ( )  RATIONAL_B_SPLINE_CURVE ( ( 1.000000000000000000, 0.8047378541243649375, 0.8047378541243649375, 1.000000000000000000 ) ) 
 REPRESENTATION_ITEM ( '' )  );
#299 = CARTESIAN_POINT ( 'NONE',  ( 27.50000000000000000, 9.000000000000000000, 2.299999999999999822 ) ) ;
#300 = AXIS2_PLACEMENT_3D ( 'NONE', #883, #1439, #195 ) ;
#301 = CARTESIAN_POINT ( 'NONE',  ( -14.70000000000000284, 6.000000000000001776, 2.500000000000000000 ) ) ;
#302 = ORIENTED_EDGE ( 'NONE', *, *, #635, .F. ) ;
#303 = EDGE_CURVE ( 'NONE', #518, #587, #747, .T. ) ;
#304 = ORIENTED_EDGE ( 'NONE', *, *, #303, .T. ) ;
#305 = DIRECTION ( 'NONE',  ( -0.000000000000000000, -0.000000000000000000, -1.000000000000000000 ) ) ;
#306 = CARTESIAN_POINT ( 'NONE',  ( 2.300000000000000266, 3.299999999999999378, 2.500000000000000000 ) ) ;
#307 = CARTESIAN_POINT ( 'NONE',  ( -7.500000000000000000, 3.499999999999999556, -2.300000000000000266 ) ) ;
#308 = LINE ( 'NONE', #859, #114 ) ;
#309 = VERTEX_POINT ( 'NONE', #307 ) ;
#310 = CARTESIAN_POINT ( 'NONE',  ( -7.500000000000003553, 8.700000000000001066, 2.500000000000000000 ) ) ;
#311 = ORIENTED_EDGE ( 'NONE', *, *, #769, .F. ) ;
#312 = EDGE_CURVE ( 'NONE', #276, #860, #93, .T. ) ;
#313 = CYLINDRICAL_SURFACE ( 'NONE', #343, 0.2000000000000000944 ) ;
#314 = DIRECTION ( 'NONE',  ( 1.000000000000000000, 0.000000000000000000, 0.000000000000000000 ) ) ;
#315 = CARTESIAN_POINT ( 'NONE',  ( -6.900000000000006573, 33.00000000000000000, 2.299999999999999822 ) ) ;
#316 = VECTOR ( 'NONE', #1729, 1000.000000000000000 ) ;
#317 = DIRECTION ( 'NONE',  ( -1.000000000000000000, 1.020425574104003999E-15, 0.000000000000000000 ) ) ;
#318 = DIRECTION ( 'NONE',  ( -0.000000000000000000, -1.000000000000000000, -0.000000000000000000 ) ) ;
#319 = VECTOR ( 'NONE', #1324, 1000.000000000000000 ) ;
#320 = TOROIDAL_SURFACE ( 'NONE', #554, 8.799999999999998934, 0.2000000000000000111 ) ;
#321 = ORIENTED_EDGE ( 'NONE', *, *, #332, .T. ) ;
#322 = EDGE_LOOP ( 'NONE', ( #360, #1762, #988, #435 ) ) ;
#323 = EDGE_CURVE ( 'NONE', #45, #258, #622, .T. ) ;
#324 = DIRECTION ( 'NONE',  ( 0.000000000000000000, 1.000000000000000000, 0.000000000000000000 ) ) ;
#325 = CARTESIAN_POINT ( 'NONE',  ( 10.58284271247461916, 3.417157287525380394, 2.500000000000000000 ) ) ;
#326 = CARTESIAN_POINT ( 'NONE',  ( -15.50000000000000178, 8.500000000000000000, 2.500000000000000000 ) ) ;
#327 = VECTOR ( 'NONE', #1559, 1000.000000000000000 ) ;
#328 = LINE ( 'NONE', #507, #432 ) ;
#329 = ORIENTED_EDGE ( 'NONE', *, *, #122, .T. ) ;
#330 = EDGE_LOOP ( 'NONE', ( #811, #1241, #1585, #980 ) ) ;
#331 = CARTESIAN_POINT ( 'NONE',  ( 22.80000000000000071, 9.000000000000000000, 2.500000000000000000 ) ) ;
#332 = EDGE_CURVE ( 'NONE', #1154, #1455, #755, .T. ) ;
#333 = CARTESIAN_POINT ( 'NONE',  ( 27.50000000000000000, 0.000000000000000000, -2.300000000000000266 ) ) ;
#334 = DIRECTION ( 'NONE',  ( 0.000000000000000000, 0.000000000000000000, 1.000000000000000000 ) ) ;
#335 = ADVANCED_FACE ( 'NONE', ( #1165 ), #1713, .F. ) ;
#336 = ORIENTED_EDGE ( 'NONE', *, *, #1053, .F. ) ;
#337 = DIRECTION ( 'NONE',  ( -1.000000000000000000, -0.000000000000000000, -0.000000000000000000 ) ) ;
#338 = ORIENTED_EDGE ( 'NONE', *, *, #379, .T. ) ;
#339 = ORIENTED_EDGE ( 'NONE', *, *, #1292, .T. ) ;
#340 = DIRECTION ( 'NONE',  ( -1.000000000000000000, 0.000000000000000000, 0.000000000000000000 ) ) ;
#341 = DIRECTION ( 'NONE',  ( 0.000000000000000000, 1.000000000000000000, 0.000000000000000000 ) ) ;
#342 = AXIS2_PLACEMENT_3D ( 'NONE', #1493, #647, #244 ) ;
#343 = AXIS2_PLACEMENT_3D ( 'NONE', #158, #347, #1309 ) ;
#344 = CARTESIAN_POINT ( 'NONE',  ( 10.69999999999999751, 8.700000000000001066, -2.500000000000000000 ) ) ;
#345 = ADVANCED_FACE ( 'NONE', ( #729 ), #22, .F. ) ;
#346 = FACE_OUTER_BOUND ( 'NONE', #61, .T. ) ;
#347 = DIRECTION ( 'NONE',  ( 0.000000000000000000, -1.000000000000000000, 0.000000000000000000 ) ) ;
#348 = ORIENTED_EDGE ( 'NONE', *, *, #156, .T. ) ;
#349 = EDGE_LOOP ( 'NONE', ( #1520 ) ) ;
#350 = CIRCLE ( 'NONE', #1679, 8.000000000000000000 ) ;
#351 = CARTESIAN_POINT ( 'NONE',  ( -6.900000000000006573, 33.00000000000000000, 2.299999999999999822 ) ) ;
#352 = DIRECTION ( 'NONE',  ( -1.000000000000000000, 0.000000000000000000, 0.000000000000000000 ) ) ;
#353 = FACE_OUTER_BOUND ( 'NONE', #1089, .T. ) ;
#354 = FACE_OUTER_BOUND ( 'NONE', #9, .T. ) ;
#355 = DIRECTION ( 'NONE',  ( -0.000000000000000000, -0.000000000000000000, -1.000000000000000000 ) ) ;
#356 = DIRECTION ( 'NONE',  ( -1.000000000000000000, 0.000000000000000000, 0.000000000000000000 ) ) ;
#357 = EDGE_CURVE ( 'NONE', #972, #207, #447, .T. ) ;
#358 = EDGE_LOOP ( 'NONE', ( #503, #1360, #1404, #1465 ) ) ;
#359 = TOROIDAL_SURFACE ( 'NONE', #1711, 7.800000000000000711, 0.2000000000000000111 ) ;
#360 = ORIENTED_EDGE ( 'NONE', *, *, #243, .T. ) ;
#361 = CARTESIAN_POINT ( 'NONE',  ( -6.900000000000006573, 33.00000000000000000, 2.500000000000000000 ) ) ;
#362 = VECTOR ( 'NONE', #500, 1000.000000000000000 ) ;
#363 = LINE ( 'NONE', #231, #1705 ) ;
#364 = CARTESIAN_POINT ( 'NONE',  ( -27.50000000000000000, 6.000000000000000000, -2.300000000000000266 ) ) ;
#365 = CARTESIAN_POINT ( 'NONE',  ( -27.50000000000000000, 17.80000000000000071, 2.500000000000000000 ) ) ;
#366 = AXIS2_PLACEMENT_3D ( 'NONE', #1092, #289, #1506 ) ;
#367 = VERTEX_POINT ( 'NONE', #41 ) ;
#368 = ORIENTED_EDGE ( 'NONE', *, *, #727, .F. ) ;
#369 = AXIS2_PLACEMENT_3D ( 'NONE', #174, #1560, #465 ) ;
#370 = ADVANCED_FACE ( 'NONE', ( #1323 ), #521, .T. ) ;
#371 = FACE_OUTER_BOUND ( 'NONE', #569, .T. ) ;
#372 = DIRECTION ( 'NONE',  ( -0.000000000000000000, -0.000000000000000000, -1.000000000000000000 ) ) ;
#373 = CARTESIAN_POINT ( 'NONE',  ( 1.099999999999993427, 33.00000000000000000, -2.300000000000000266 ) ) ;
#374 = DIRECTION ( 'NONE',  ( -1.000000000000000000, 0.000000000000000000, 0.000000000000000000 ) ) ;
#375 = PLANE ( 'NONE',  #555 ) ;
#376 = EDGE_LOOP ( 'NONE', ( #1770 ) ) ;
#377 = EDGE_LOOP ( 'NONE', ( #733 ) ) ;
#378 = FACE_OUTER_BOUND ( 'NONE', #1584, .T. ) ;
#379 = EDGE_CURVE ( 'NONE', #587, #702, #1625, .T. ) ;
#380 = AXIS2_PLACEMENT_3D ( 'NONE', #65, #324, #903 ) ;
#381 = CARTESIAN_POINT ( 'NONE',  ( 10.49999999999999822, 8.500000000000000000, 2.299999999999999822 ) ) ;
#382 = EDGE_CURVE ( 'NONE', #39, #1604, #94, .T. ) ;
#383 = DIRECTION ( 'NONE',  ( -1.000000000000000000, 0.000000000000000000, 0.000000000000000000 ) ) ;
#384 = FACE_BOUND ( 'NONE', #1741, .T. ) ;
#385 = VERTEX_POINT ( 'NONE', #652 ) ;
#386 = ORIENTED_EDGE ( 'NONE', *, *, #614, .T. ) ;
#387 = LINE ( 'NONE', #1333, #239 ) ;
#388 = DIRECTION ( 'NONE',  ( -0.000000000000000000, -0.000000000000000000, -1.000000000000000000 ) ) ;
#389 = DIRECTION ( 'NONE',  ( -1.000000000000000000, 0.000000000000000000, 0.000000000000000000 ) ) ;
#390 = EDGE_CURVE ( 'NONE', #1220, #1570, #1744, .T. ) ;
#391 = LINE ( 'NONE', #807, #1671 ) ;
#392 = DIRECTION ( 'NONE',  ( 0.000000000000000000, 0.000000000000000000, -1.000000000000000000 ) ) ;
#393 = ORIENTED_EDGE ( 'NONE', *, *, #1693, .F. ) ;
#394 = ORIENTED_EDGE ( 'NONE', *, *, #1207, .T. ) ;
#395 = CARTESIAN_POINT ( 'NONE',  ( 0.000000000000000000, 0.000000000000000000, 0.000000000000000000 ) ) ;
#396 = CARTESIAN_POINT ( 'NONE',  ( 10.49999999999999822, 3.499999999999999556, 2.299999999999999822 ) ) ;
#397 = DIRECTION ( 'NONE',  ( -1.000000000000000000, 0.000000000000000000, 0.000000000000000000 ) ) ;
#398 = CARTESIAN_POINT ( 'NONE',  ( 2.500000000000000444, 3.299999999999999378, 2.500000000000000000 ) ) ;
#399 = FACE_OUTER_BOUND ( 'NONE', #1730, .T. ) ;
#400 = VERTEX_POINT ( 'NONE', #1170 ) ;
#401 = FACE_OUTER_BOUND ( 'NONE', #238, .T. ) ;
#402 = EDGE_CURVE ( 'NONE', #1061, #956, #387, .T. ) ;
#403 = EDGE_LOOP ( 'NONE', ( #477, #295, #830, #998 ) ) ;
#404 = ORIENTED_EDGE ( 'NONE', *, *, #1325, .F. ) ;
#405 = CARTESIAN_POINT ( 'NONE',  ( 2.500000000000000444, 3.499999999999999556, 2.299999999999999822 ) ) ;
#406 = FACE_OUTER_BOUND ( 'NONE', #284, .T. ) ;
#407 = TOROIDAL_SURFACE ( 'NONE', #1767, 10.19999999999999929, 0.2000000000000000111 ) ;
#408 = DIRECTION ( 'NONE',  ( 1.000000000000000000, -0.000000000000000000, -0.000000000000000000 ) ) ;
#409 = LINE ( 'NONE', #398, #944 ) ;
#410 =( GEOMETRIC_REPRESENTATION_CONTEXT ( 3 ) GLOBAL_UNCERTAINTY_ASSIGNED_CONTEXT ( ( #1488 ) ) GLOBAL_UNIT_ASSIGNED_CONTEXT ( ( #159, #1541, #848 ) ) REPRESENTATION_CONTEXT ( 'NONE', 'WORKASPACE' ) );
#411 = VECTOR ( 'NONE', #508, 1000.000000000000000 ) ;
#412 = DIRECTION ( 'NONE',  ( 0.000000000000000000, 0.000000000000000000, 1.000000000000000000 ) ) ;
#413 = ORIENTED_EDGE ( 'NONE', *, *, #1182, .T. ) ;
#414 = ORIENTED_EDGE ( 'NONE', *, *, #332, .F. ) ;
#415 = ADVANCED_FACE ( 'NONE', ( #1446 ), #1607, .T. ) ;
#416 = ORIENTED_EDGE ( 'NONE', *, *, #900, .T. ) ;
#417 = CARTESIAN_POINT ( 'NONE',  ( 2.500000000000000444, 8.500000000000000000, 2.500000000000000000 ) ) ;
#418 = DIRECTION ( 'NONE',  ( -1.000000000000000000, 0.000000000000000000, 0.000000000000000000 ) ) ;
#419 = FACE_OUTER_BOUND ( 'NONE', #651, .T. ) ;
#420 = DIRECTION ( 'NONE',  ( 1.577021341797106928E-16, -1.000000000000000000, 0.000000000000000000 ) ) ;
#421 = ORIENTED_EDGE ( 'NONE', *, *, #1380, .T. ) ;
#422 = AXIS2_PLACEMENT_3D ( 'NONE', #364, #1481, #374 ) ;
#423 = ORIENTED_EDGE ( 'NONE', *, *, #964, .F. ) ;
#424 = ORIENTED_EDGE ( 'NONE', *, *, #974, .T. ) ;
#425 = DIRECTION ( 'NONE',  ( 0.000000000000000000, 0.000000000000000000, 1.000000000000000000 ) ) ;
#426 = ADVANCED_FACE ( 'NONE', ( #1307 ), #1343, .F. ) ;
#427 = AXIS2_PLACEMENT_3D ( 'NONE', #299, #708, #676 ) ;
#428 = CARTESIAN_POINT ( 'NONE',  ( 27.50000000000000000, 9.000000000000000000, 2.500000000000000000 ) ) ;
#429 = DIRECTION ( 'NONE',  ( 0.000000000000000000, 0.000000000000000000, 1.000000000000000000 ) ) ;
#430 = AXIS2_PLACEMENT_3D ( 'NONE', #765, #475, #872 ) ;
#431 = FACE_BOUND ( 'NONE', #531, .T. ) ;
#432 = VECTOR ( 'NONE', #637, 1000.000000000000000 ) ;
#433 = ORIENTED_EDGE ( 'NONE', *, *, #1627, .F. ) ;
#434 = ORIENTED_EDGE ( 'NONE', *, *, #1257, .F. ) ;
#435 = ORIENTED_EDGE ( 'NONE', *, *, #1284, .F. ) ;
#436 = AXIS2_PLACEMENT_3D ( 'NONE', #278, #1497, #1353 ) ;
#437 = EDGE_CURVE ( 'NONE', #1604, #1606, #221, .T. ) ;
#438 = CARTESIAN_POINT ( 'NONE',  ( 2.299999999999999822, 8.700000000000001066, -2.500000000000000000 ) ) ;
#439 =( BOUNDED_CURVE ( )  B_SPLINE_CURVE ( 3, ( #832, #1791, #445, #306 ),
 .UNSPECIFIED., .F., .F. ) 
 B_SPLINE_CURVE_WITH_KNOTS ( ( 4, 4 ),
 ( 3.141592653589793116, 4.712388980384689674 ),
 .UNSPECIFIED. ) 
 CURVE ( )  GEOMETRIC_REPRESENTATION_ITEM ( )  RATIONAL_B_SPLINE_CURVE ( ( 1.000000000000000000, 0.8047378541243649375, 0.8047378541243649375, 1.000000000000000000 ) ) 
 REPRESENTATION_ITEM ( '' )  );
#440 = AXIS2_PLACEMENT_3D ( 'NONE', #535, #1369, #1226 ) ;
#441 = PLANE ( 'NONE',  #542 ) ;
#442 = MECHANICAL_DESIGN_GEOMETRIC_PRESENTATION_REPRESENTATION (  '', ( #1619 ), #410 ) ;
#443 = ORIENTED_EDGE ( 'NONE', *, *, #1405, .T. ) ;
#444 = CARTESIAN_POINT ( 'NONE',  ( 0.8999999999999945821, 33.00000000000000000, 2.500000000000000000 ) ) ;
#445 = CARTESIAN_POINT ( 'NONE',  ( 2.417157287525380838, 3.417157287525379505, 2.500000000000000000 ) ) ;
#446 = CARTESIAN_POINT ( 'NONE',  ( -7.499999999999998224, 8.499999999999998224, 2.417157287525380838 ) ) ;
#447 = CIRCLE ( 'NONE', #794, 8.799999999999998934 ) ;
#448 = CARTESIAN_POINT ( 'NONE',  ( -27.50000000000000000, 6.000000000000000000, 2.299999999999999822 ) ) ;
#449 = ORIENTED_EDGE ( 'NONE', *, *, #1322, .F. ) ;
#450 = ORIENTED_EDGE ( 'NONE', *, *, #581, .T. ) ;
#451 = ADVANCED_FACE ( 'NONE', ( #626 ), #1723, .F. ) ;
#452 = DIRECTION ( 'NONE',  ( 0.000000000000000000, -0.000000000000000000, -1.000000000000000000 ) ) ;
#453 = ORIENTED_EDGE ( 'NONE', *, *, #279, .T. ) ;
#454 = CARTESIAN_POINT ( 'NONE',  ( -27.50000000000000000, 0.2000000000000000111, 2.299999999999999822 ) ) ;
#455 = CARTESIAN_POINT ( 'NONE',  ( 11.10000000000006715, 17.80000000000000071, 2.299999999999999822 ) ) ;
#456 = VECTOR ( 'NONE', #337, 1000.000000000000000 ) ;
#457 = CARTESIAN_POINT ( 'NONE',  ( -15.50000000000000178, 8.700000000000001066, 2.299999999999999822 ) ) ;
#458 = ADVANCED_FACE ( 'NONE', ( #1474 ), #1035, .T. ) ;
#459 = EDGE_LOOP ( 'NONE', ( #1250, #1437, #1571, #776 ) ) ;
#460 = VERTEX_POINT ( 'NONE', #83 ) ;
#461 = DIRECTION ( 'NONE',  ( 0.000000000000000000, 0.000000000000000000, 1.000000000000000000 ) ) ;
#462 = CARTESIAN_POINT ( 'NONE',  ( -29.50000000000000000, 6.000000000000000000, 2.299999999999999822 ) ) ;
#463 = CARTESIAN_POINT ( 'NONE',  ( 2.417157287525380838, 8.582842712474619162, -2.500000000000000000 ) ) ;
#464 = DIRECTION ( 'NONE',  ( 0.000000000000000000, 1.000000000000000000, 0.000000000000000000 ) ) ;
#465 = DIRECTION ( 'NONE',  ( -1.000000000000000000, 0.000000000000000000, 0.000000000000000000 ) ) ;
#466 = AXIS2_PLACEMENT_3D ( 'NONE', #395, #220, #1230 ) ;
#467 = EDGE_LOOP ( 'NONE', ( #661, #450, #294, #1719 ) ) ;
#468 = EDGE_LOOP ( 'NONE', ( #1545, #881, #937, #1352 ) ) ;
#469 = ADVANCED_FACE ( 'NONE', ( #371 ), #240, .T. ) ;
#470 = ADVANCED_FACE ( 'NONE', ( #378, #73 ), #1454, .T. ) ;
#471 = CARTESIAN_POINT ( 'NONE',  ( -7.500000000000000000, 8.500000000000000000, 2.299999999999999822 ) ) ;
#472 = VECTOR ( 'NONE', #1629, 1000.000000000000000 ) ;
#473 = DIRECTION ( 'NONE',  ( -0.000000000000000000, 0.000000000000000000, -1.000000000000000000 ) ) ;
#474 = AXIS2_PLACEMENT_3D ( 'NONE', #664, #202, #1200 ) ;
#475 = DIRECTION ( 'NONE',  ( -0.000000000000000000, -0.000000000000000000, -1.000000000000000000 ) ) ;
#476 = ORIENTED_EDGE ( 'NONE', *, *, #1118, .F. ) ;
#477 = ORIENTED_EDGE ( 'NONE', *, *, #1257, .T. ) ;
#478 = AXIS2_PLACEMENT_3D ( 'NONE', #77, #1470, #1328 ) ;
#479 = DIRECTION ( 'NONE',  ( -0.000000000000000000, -0.000000000000000000, -1.000000000000000000 ) ) ;
#480 = CARTESIAN_POINT ( 'NONE',  ( -7.300000000000000711, 8.700000000000001066, -2.500000000000000000 ) ) ;
#481 = EDGE_CURVE ( 'NONE', #518, #8, #1210, .T. ) ;
#482 = DIRECTION ( 'NONE',  ( 1.000000000000000000, 0.000000000000000000, 0.000000000000000000 ) ) ;
#483 = FACE_OUTER_BOUND ( 'NONE', #1256, .T. ) ;
#484 = ORIENTED_EDGE ( 'NONE', *, *, #1594, .T. ) ;
#485 = EDGE_LOOP ( 'NONE', ( #1229, #752, #1703, #1228 ) ) ;
#486 = DIRECTION ( 'NONE',  ( -0.000000000000000000, -0.000000000000000000, -1.000000000000000000 ) ) ;
#487 = DIRECTION ( 'NONE',  ( -0.000000000000000000, -0.000000000000000000, -1.000000000000000000 ) ) ;
#488 = EDGE_CURVE ( 'NONE', #758, #276, #236, .T. ) ;
#489 = LINE ( 'NONE', #644, #1185 ) ;
#490 = DIRECTION ( 'NONE',  ( 1.000000000000000000, 0.000000000000000000, 0.000000000000000000 ) ) ;
#491 = CARTESIAN_POINT ( 'NONE',  ( -14.70000000000000462, 22.00000000000006750, -2.300000000000000266 ) ) ;
#492 = CIRCLE ( 'NONE', #706, 5.800000000000003375 ) ;
#493 = AXIS2_PLACEMENT_3D ( 'NONE', #749, #1285, #602 ) ;
#494 = VECTOR ( 'NONE', #501, 1000.000000000000000 ) ;
#495 = CIRCLE ( 'NONE', #115, 0.2000000000000000944 ) ;
#496 = CYLINDRICAL_SURFACE ( 'NONE', #1014, 0.2000000000000005107 ) ;
#497 = CARTESIAN_POINT ( 'NONE',  ( -7.299999999999999822, 8.500000000000000000, 2.299999999999999822 ) ) ;
#498 = DIRECTION ( 'NONE',  ( 0.000000000000000000, -1.000000000000000000, 0.000000000000000000 ) ) ;
#499 = EDGE_CURVE ( 'NONE', #400, #1642, #104, .T. ) ;
#500 = DIRECTION ( 'NONE',  ( -0.000000000000000000, -0.000000000000000000, -1.000000000000000000 ) ) ;
#501 = DIRECTION ( 'NONE',  ( -0.000000000000000000, -1.000000000000000000, -0.000000000000000000 ) ) ;
#502 = EDGE_CURVE ( 'NONE', #838, #1642, #919, .T. ) ;
#503 = ORIENTED_EDGE ( 'NONE', *, *, #243, .F. ) ;
#504 = VECTOR ( 'NONE', #566, 1000.000000000000000 ) ;
#505 = DIRECTION ( 'NONE',  ( -1.000000000000000000, 0.000000000000000000, 0.000000000000000000 ) ) ;
#506 = CARTESIAN_POINT ( 'NONE',  ( -7.500000000000000000, 8.500000000000000000, -2.300000000000000266 ) ) ;
#507 = CARTESIAN_POINT ( 'NONE',  ( 2.500000000000000444, 8.500000000000000000, -2.300000000000000266 ) ) ;
#508 = DIRECTION ( 'NONE',  ( 0.000000000000000000, 1.000000000000000000, 0.000000000000000000 ) ) ;
#509 = ORIENTED_EDGE ( 'NONE', *, *, #1305, .F. ) ;
#510 = EDGE_CURVE ( 'NONE', #92, #8, #1211, .T. ) ;
#511 = ORIENTED_EDGE ( 'NONE', *, *, #64, .F. ) ;
#512 = APPLICATION_PROTOCOL_DEFINITION ( 'draft international standard', 'automotive_design', 1998, #1418 ) ;
#513 = DIRECTION ( 'NONE',  ( -1.000000000000000000, 0.000000000000000000, 0.000000000000000000 ) ) ;
#514 = DIRECTION ( 'NONE',  ( 0.000000000000000000, 0.000000000000000000, 1.000000000000000000 ) ) ;
#515 = CYLINDRICAL_SURFACE ( 'NONE', #1145, 6.000000000000001776 ) ;
#516 = CARTESIAN_POINT ( 'NONE',  ( -14.90000000000000746, 33.00000000000000000, 2.500000000000000000 ) ) ;
#517 = CARTESIAN_POINT ( 'NONE',  ( -27.50000000000000000, 0.1999999999999996503, 2.299999999999999822 ) ) ;
#518 = VERTEX_POINT ( 'NONE', #532 ) ;
#519 = ORIENTED_EDGE ( 'NONE', *, *, #1685, .F. ) ;
#520 = VECTOR ( 'NONE', #482, 1000.000000000000000 ) ;
#521 = CYLINDRICAL_SURFACE ( 'NONE', #1306, 0.2000000000000000944 ) ;
#522 = AXIS2_PLACEMENT_3D ( 'NONE', #543, #241, #125 ) ;
#523 = ADVANCED_FACE ( 'NONE', ( #121, #938 ), #143, .F. ) ;
#524 = CARTESIAN_POINT ( 'NONE',  ( -6.900000000000006573, 33.00000000000000000, -2.300000000000000266 ) ) ;
#525 = DIRECTION ( 'NONE',  ( -0.000000000000000000, -0.000000000000000000, -1.000000000000000000 ) ) ;
#526 = CARTESIAN_POINT ( 'NONE',  ( 11.10000000000006537, 17.80000000000000071, -2.300000000000000266 ) ) ;
#527 = AXIS2_PLACEMENT_3D ( 'NONE', #112, #696, #271 ) ;
#528 = AXIS2_PLACEMENT_3D ( 'NONE', #491, #907, #1540 ) ;
#529 = ORIENTED_EDGE ( 'NONE', *, *, #559, .F. ) ;
#530 = VECTOR ( 'NONE', #1468, 1000.000000000000000 ) ;
#531 = EDGE_LOOP ( 'NONE', ( #641, #155, #386, #192 ) ) ;
#532 = CARTESIAN_POINT ( 'NONE',  ( 10.49999999999999822, 3.499999999999999556, 2.299999999999999822 ) ) ;
#533 = EDGE_CURVE ( 'NONE', #702, #1096, #551, .T. ) ;
#534 = FACE_OUTER_BOUND ( 'NONE', #590, .T. ) ;
#535 = CARTESIAN_POINT ( 'NONE',  ( -27.50000000000000000, 6.000000000000000000, 2.299999999999999822 ) ) ;
#536 = CARTESIAN_POINT ( 'NONE',  ( 10.58284271247461739, 8.582842712474619162, -2.499999999999999112 ) ) ;
#537 = VERTEX_POINT ( 'NONE', #1789 ) ;
#538 = VERTEX_POINT ( 'NONE', #250 ) ;
#539 = CIRCLE ( 'NONE', #913, 8.000000000000000000 ) ;
#540 = CARTESIAN_POINT ( 'NONE',  ( 0.8999999999999933609, 33.00000000000000000, -2.299999999999999822 ) ) ;
#541 =( NAMED_UNIT ( * ) PLANE_ANGLE_UNIT ( ) SI_UNIT ( $, .RADIAN. ) );
#542 = AXIS2_PLACEMENT_3D ( 'NONE', #1546, #852, #452 ) ;
#543 = CARTESIAN_POINT ( 'NONE',  ( -24.90000000000000568, 22.00000000000000000, -2.300000000000000266 ) ) ;
#544 = DIRECTION ( 'NONE',  ( -0.000000000000000000, -0.000000000000000000, -1.000000000000000000 ) ) ;
#545 = CARTESIAN_POINT ( 'NONE',  ( 0.8999999999999945821, 33.00000000000000000, 2.299999999999999822 ) ) ;
#546 = ORIENTED_EDGE ( 'NONE', *, *, #1221, .F. ) ;
#547 = VERTEX_POINT ( 'NONE', #714 ) ;
#548 = EDGE_CURVE ( 'NONE', #537, #1321, #1637, .T. ) ;
#549 = ORIENTED_EDGE ( 'NONE', *, *, #382, .T. ) ;
#550 = CARTESIAN_POINT ( 'NONE',  ( -27.50000000000000000, 11.79999999999999893, 2.299999999999999822 ) ) ;
#551 = LINE ( 'NONE', #417, #267 ) ;
#552 = DIRECTION ( 'NONE',  ( 0.000000000000000000, -1.000000000000000000, 0.000000000000000000 ) ) ;
#553 = DIRECTION ( 'NONE',  ( 0.000000000000000000, 0.000000000000000000, -1.000000000000000000 ) ) ;
#554 = AXIS2_PLACEMENT_3D ( 'NONE', #1445, #479, #1164 ) ;
#555 = AXIS2_PLACEMENT_3D ( 'NONE', #1067, #1482, #235 ) ;
#556 = DIRECTION ( 'NONE',  ( 0.000000000000000000, -1.000000000000000000, 0.000000000000000000 ) ) ;
#557 = EDGE_LOOP ( 'NONE', ( #348, #1069, #1504, #266 ) ) ;
#558 = ORIENTED_EDGE ( 'NONE', *, *, #1207, .F. ) ;
#559 = EDGE_CURVE ( 'NONE', #1680, #518, #674, .T. ) ;
#560 = ORIENTED_EDGE ( 'NONE', *, *, #1704, .T. ) ;
#561 = DIRECTION ( 'NONE',  ( 1.000000000000000000, -0.000000000000000000, 0.000000000000000000 ) ) ;
#562 = AXIS2_PLACEMENT_3D ( 'NONE', #893, #868, #1267 ) ;
#563 = LINE ( 'NONE', #1102, #1449 ) ;
#564 = DIRECTION ( 'NONE',  ( -0.000000000000000000, -0.000000000000000000, -1.000000000000000000 ) ) ;
#565 =( BOUNDED_CURVE ( )  B_SPLINE_CURVE ( 3, ( #1045, #1732, #209, #1011 ),
 .UNSPECIFIED., .F., .T. ) 
 B_SPLINE_CURVE_WITH_KNOTS ( ( 4, 4 ),
 ( 3.141592653589793116, 4.712388980384689674 ),
 .UNSPECIFIED. ) 
 CURVE ( )  GEOMETRIC_REPRESENTATION_ITEM ( )  RATIONAL_B_SPLINE_CURVE ( ( 1.000000000000000000, 0.8047378541243649375, 0.8047378541243649375, 1.000000000000000000 ) ) 
 REPRESENTATION_ITEM ( '' )  );
#566 = DIRECTION ( 'NONE',  ( -1.000000000000000000, 0.000000000000000000, 0.000000000000000000 ) ) ;
#567 = VERTEX_POINT ( 'NONE', #1376 ) ;
#568 = EDGE_LOOP ( 'NONE', ( #996, #1373, #519, #509 ) ) ;
#569 = EDGE_LOOP ( 'NONE', ( #163, #1623, #579, #1239 ) ) ;
#570 = ADVANCED_FACE ( 'NONE', ( #406 ), #947, .T. ) ;
#571 = DIRECTION ( 'NONE',  ( -0.000000000000000000, -0.000000000000000000, -1.000000000000000000 ) ) ;
#572 = CIRCLE ( 'NONE', #249, 10.19999999999999929 ) ;
#573 = EDGE_CURVE ( 'NONE', #385, #162, #1304, .T. ) ;
#574 = CARTESIAN_POINT ( 'NONE',  ( 10.69999999999999929, 8.700000000000001066, 2.500000000000000000 ) ) ;
#575 = DIRECTION ( 'NONE',  ( 1.577021341797106928E-16, -1.000000000000000000, 0.000000000000000000 ) ) ;
#576 = AXIS2_PLACEMENT_3D ( 'NONE', #1701, #37, #1143 ) ;
#577 = ORIENTED_EDGE ( 'NONE', *, *, #1139, .T. ) ;
#578 = EDGE_LOOP ( 'NONE', ( #443, #484, #311, #828 ) ) ;
#579 = ORIENTED_EDGE ( 'NONE', *, *, #1389, .F. ) ;
#580 = LINE ( 'NONE', #1281, #1790 ) ;
#581 = EDGE_CURVE ( 'NONE', #547, #400, #297, .T. ) ;
#582 = CARTESIAN_POINT ( 'NONE',  ( -24.90000000000007674, 11.79999999999999893, -2.300000000000000266 ) ) ;
#583 = EDGE_CURVE ( 'NONE', #92, #1382, #287, .T. ) ;
#584 = AXIS2_PLACEMENT_3D ( 'NONE', #1633, #1192, #1355 ) ;
#585 = DIRECTION ( 'NONE',  ( 1.000000000000000000, 0.000000000000000000, -0.000000000000000000 ) ) ;
#586 = ORIENTED_EDGE ( 'NONE', *, *, #750, .F. ) ;
#587 = VERTEX_POINT ( 'NONE', #1505 ) ;
#588 = CIRCLE ( 'NONE', #84, 10.20000000000000107 ) ;
#589 = ORIENTED_EDGE ( 'NONE', *, *, #1466, .T. ) ;
#590 = EDGE_LOOP ( 'NONE', ( #917 ) ) ;
#591 = FACE_OUTER_BOUND ( 'NONE', #785, .T. ) ;
#592 = CARTESIAN_POINT ( 'NONE',  ( 2.500000000000000444, 3.499999999999999556, 2.299999999999999822 ) ) ;
#593 = CARTESIAN_POINT ( 'NONE',  ( 10.49999999999999822, 3.499999999999999112, 2.417157287525380838 ) ) ;
#594 = CIRCLE ( 'NONE', #62, 0.2000000000000000944 ) ;
#595 = EDGE_CURVE ( 'NONE', #867, #867, #1212, .T. ) ;
#596 = DIRECTION ( 'NONE',  ( -0.000000000000000000, -0.000000000000000000, -1.000000000000000000 ) ) ;
#597 = ORIENTED_EDGE ( 'NONE', *, *, #1442, .T. ) ;
#598 = ORIENTED_EDGE ( 'NONE', *, *, #1693, .T. ) ;
#599 = CARTESIAN_POINT ( 'NONE',  ( 11.10000000000006537, 17.80000000000000071, -2.500000000000000000 ) ) ;
#600 = LINE ( 'NONE', #46, #1652 ) ;
#601 = DIRECTION ( 'NONE',  ( 0.000000000000000000, 0.000000000000000000, -1.000000000000000000 ) ) ;
#602 = DIRECTION ( 'NONE',  ( 0.000000000000000000, 0.000000000000000000, -1.000000000000000000 ) ) ;
#603 = CARTESIAN_POINT ( 'NONE',  ( -27.50000000000000000, 3.299999999999999378, -2.500000000000000000 ) ) ;
#604 = ORIENTED_EDGE ( 'NONE', *, *, #323, .F. ) ;
#605 =( BOUNDED_CURVE ( )  B_SPLINE_CURVE ( 3, ( #69, #942, #1500, #253 ),
 .UNSPECIFIED., .F., .F. ) 
 B_SPLINE_CURVE_WITH_KNOTS ( ( 4, 4 ),
 ( 4.712388980384689674, 6.283185307179584456 ),
 .UNSPECIFIED. ) 
 CURVE ( )  GEOMETRIC_REPRESENTATION_ITEM ( )  RATIONAL_B_SPLINE_CURVE ( ( 1.000000000000000000, 0.8047378541243649375, 0.8047378541243649375, 1.000000000000000000 ) ) 
 REPRESENTATION_ITEM ( '' )  );
#606 = ORIENTED_EDGE ( 'NONE', *, *, #1736, .F. ) ;
#607 = CARTESIAN_POINT ( 'NONE',  ( -9.100000000000008527, 33.00000000000000000, 2.500000000000000000 ) ) ;
#608 = CARTESIAN_POINT ( 'NONE',  ( 2.500000000000000000, 8.500000000000000000, -2.417157287525380838 ) ) ;
#609 = CYLINDRICAL_SURFACE ( 'NONE', #493, 0.2000000000000000944 ) ;
#610 = TOROIDAL_SURFACE ( 'NONE', #522, 10.19999999999999929, 0.2000000000000000111 ) ;
#611 = CARTESIAN_POINT ( 'NONE',  ( 27.50000000000000000, 0.1999999999999996503, 2.500000000000000000 ) ) ;
#612 = EDGE_LOOP ( 'NONE', ( #1535, #227, #606, #1509 ) ) ;
#613 = ORIENTED_EDGE ( 'NONE', *, *, #502, .F. ) ;
#614 = EDGE_CURVE ( 'NONE', #1218, #1107, #705, .T. ) ;
#615 = VECTOR ( 'NONE', #561, 1000.000000000000000 ) ;
#616 = CARTESIAN_POINT ( 'NONE',  ( 2.300000000000000266, 8.700000000000001066, 2.500000000000000000 ) ) ;
#617 = CARTESIAN_POINT ( 'NONE',  ( -7.500000000000000000, 8.500000000000000000, 2.299999999999999822 ) ) ;
#618 = LINE ( 'NONE', #1023, #261 ) ;
#619 = AXIS2_PLACEMENT_3D ( 'NONE', #315, #1157, #1707 ) ;
#620 = AXIS2_PLACEMENT_3D ( 'NONE', #1261, #1792, #12 ) ;
#621 = ORIENTED_EDGE ( 'NONE', *, *, #1405, .F. ) ;
#622 =( BOUNDED_CURVE ( )  B_SPLINE_CURVE ( 3, ( #57, #721, #446, #617 ),
 .UNSPECIFIED., .F., .T. ) 
 B_SPLINE_CURVE_WITH_KNOTS ( ( 4, 4 ),
 ( 4.712388980384691450, 6.283185307179586232 ),
 .UNSPECIFIED. ) 
 CURVE ( )  GEOMETRIC_REPRESENTATION_ITEM ( )  RATIONAL_B_SPLINE_CURVE ( ( 1.000000000000000000, 0.8047378541243654926, 0.8047378541243654926, 1.000000000000000000 ) ) 
 REPRESENTATION_ITEM ( '' )  );
#623 = ORIENTED_EDGE ( 'NONE', *, *, #198, .T. ) ;
#624 = EDGE_CURVE ( 'NONE', #39, #1220, #703, .T. ) ;
#625 = CARTESIAN_POINT ( 'NONE',  ( -14.70000000000000284, 6.000000000000001776, 2.299999999999999822 ) ) ;
#626 = FACE_OUTER_BOUND ( 'NONE', #467, .T. ) ;
#627 = DIRECTION ( 'NONE',  ( 0.000000000000000000, 0.000000000000000000, 1.000000000000000000 ) ) ;
#628 = LINE ( 'NONE', #1591, #1232 ) ;
#629 = CIRCLE ( 'NONE', #369, 4.500000000000000888 ) ;
#630 = PLANE ( 'NONE',  #780 ) ;
#631 = ORIENTED_EDGE ( 'NONE', *, *, #109, .T. ) ;
#632 = CARTESIAN_POINT ( 'NONE',  ( 0.8999999999999933609, 28.00000000000007105, -2.500000000000000000 ) ) ;
#633 = CARTESIAN_POINT ( 'NONE',  ( 27.50000000000000000, 9.000000000000000000, -2.300000000000000266 ) ) ;
#634 = DIRECTION ( 'NONE',  ( -0.000000000000000000, -0.000000000000000000, -1.000000000000000000 ) ) ;
#635 = EDGE_CURVE ( 'NONE', #1426, #1426, #1155, .T. ) ;
#636 = FACE_OUTER_BOUND ( 'NONE', #1521, .T. ) ;
#637 = DIRECTION ( 'NONE',  ( -0.000000000000000000, 1.000000000000000000, -0.000000000000000000 ) ) ;
#638 = DIRECTION ( 'NONE',  ( 1.000000000000000000, -0.000000000000000000, -0.000000000000000000 ) ) ;
#639 = CARTESIAN_POINT ( 'NONE',  ( -14.70000000000000462, 22.00000000000006750, -2.300000000000000266 ) ) ;
#640 = AXIS2_PLACEMENT_3D ( 'NONE', #781, #634, #654 ) ;
#641 = ORIENTED_EDGE ( 'NONE', *, *, #179, .T. ) ;
#642 = EDGE_LOOP ( 'NONE', ( #577, #277, #1031, #1444 ) ) ;
#643 = DIRECTION ( 'NONE',  ( -1.000000000000000000, 0.000000000000000000, 0.000000000000000000 ) ) ;
#644 = CARTESIAN_POINT ( 'NONE',  ( -24.90000000000007674, 11.79999999999999893, -2.500000000000000000 ) ) ;
#645 = DIRECTION ( 'NONE',  ( -1.000000000000000000, 0.000000000000000000, 0.000000000000000000 ) ) ;
#646 = EDGE_CURVE ( 'NONE', #818, #538, #840, .T. ) ;
#647 = DIRECTION ( 'NONE',  ( 0.000000000000000000, 0.000000000000000000, 1.000000000000000000 ) ) ;
#648 = FACE_BOUND ( 'NONE', #1161, .T. ) ;
#649 = ORIENTED_EDGE ( 'NONE', *, *, #646, .T. ) ;
#650 = CIRCLE ( 'NONE', #1403, 0.2000000000000000944 ) ;
#651 = EDGE_LOOP ( 'NONE', ( #511, #927, #855, #130 ) ) ;
#652 = CARTESIAN_POINT ( 'NONE',  ( -24.90000000000007674, 11.79999999999999893, 2.500000000000000000 ) ) ;
#653 = CARTESIAN_POINT ( 'NONE',  ( -15.70000000000000284, 8.700000000000001066, 2.500000000000000000 ) ) ;
#654 = DIRECTION ( 'NONE',  ( -1.000000000000000000, 0.000000000000000000, 0.000000000000000000 ) ) ;
#655 = CARTESIAN_POINT ( 'NONE',  ( -24.90000000000000568, 22.00000000000000000, 2.299999999999999822 ) ) ;
#656 = CARTESIAN_POINT ( 'NONE',  ( -14.70000000000000639, 33.00000000000000000, -2.500000000000000000 ) ) ;
#657 = CARTESIAN_POINT ( 'NONE',  ( 10.69999999999999751, 8.700000000000001066, -2.500000000000000000 ) ) ;
#658 = ADVANCED_FACE ( 'NONE', ( #766 ), #313, .T. ) ;
#659 = AXIS2_PLACEMENT_3D ( 'NONE', #1600, #1747, #1491 ) ;
#660 = VERTEX_POINT ( 'NONE', #1319 ) ;
#661 = ORIENTED_EDGE ( 'NONE', *, *, #1615, .T. ) ;
#662 = VECTOR ( 'NONE', #1768, 1000.000000000000000 ) ;
#663 = AXIS2_PLACEMENT_3D ( 'NONE', #154, #1262, #677 ) ;
#664 = CARTESIAN_POINT ( 'NONE',  ( 10.69999999999999751, 6.000000000000000000, -2.299999999999999822 ) ) ;
#665 = FACE_OUTER_BOUND ( 'NONE', #767, .T. ) ;
#666 = CARTESIAN_POINT ( 'NONE',  ( -6.900000000000006573, 33.00000000000000000, 2.500000000000000000 ) ) ;
#667 = LINE ( 'NONE', #1215, #662 ) ;
#668 = CARTESIAN_POINT ( 'NONE',  ( 27.50000000000000000, 9.000000000000000000, -2.300000000000000266 ) ) ;
#669 = ORIENTED_EDGE ( 'NONE', *, *, #1664, .T. ) ;
#670 = ORIENTED_EDGE ( 'NONE', *, *, #219, .T. ) ;
#671 = ADVANCED_FACE ( 'NONE', ( #898 ), #630, .T. ) ;
#672 = AXIS2_PLACEMENT_3D ( 'NONE', #958, #822, #1308 ) ;
#673 = SHAPE_DEFINITION_REPRESENTATION ( #1341, #1041 ) ;
#674 = LINE ( 'NONE', #396, #615 ) ;
#675 = AXIS2_PLACEMENT_3D ( 'NONE', #1034, #1699, #1026 ) ;
#676 = DIRECTION ( 'NONE',  ( -1.000000000000000000, 0.000000000000000000, 0.000000000000000000 ) ) ;
#677 = DIRECTION ( 'NONE',  ( 0.000000000000000000, -0.000000000000000000, -1.000000000000000000 ) ) ;
#678 = DIRECTION ( 'NONE',  ( 1.000000000000000000, 0.000000000000000000, 0.000000000000000000 ) ) ;
#679 = ORIENTED_EDGE ( 'NONE', *, *, #1209, .T. ) ;
#680 = AXIS2_PLACEMENT_3D ( 'NONE', #1416, #1297, #181 ) ;
#681 = ORIENTED_EDGE ( 'NONE', *, *, #1775, .F. ) ;
#682 =( LENGTH_UNIT ( ) NAMED_UNIT ( * ) SI_UNIT ( .MILLI., .METRE. ) );
#683 = VECTOR ( 'NONE', #556, 1000.000000000000000 ) ;
#684 = CARTESIAN_POINT ( 'NONE',  ( 27.50000000000000000, 9.000000000000000000, -2.500000000000000000 ) ) ;
#685 = ADVANCED_FACE ( 'NONE', ( #296 ), #23, .T. ) ;
#686 = FACE_OUTER_BOUND ( 'NONE', #468, .T. ) ;
#687 = DIRECTION ( 'NONE',  ( -1.000000000000000000, 0.000000000000000000, 0.000000000000000000 ) ) ;
#688 = ADVANCED_FACE ( 'NONE', ( #1681, #591 ), #1009, .T. ) ;
#689 = DIRECTION ( 'NONE',  ( 0.000000000000000000, 0.000000000000000000, -1.000000000000000000 ) ) ;
#690 = VERTEX_POINT ( 'NONE', #720 ) ;
#691 = DIRECTION ( 'NONE',  ( -0.000000000000000000, 0.000000000000000000, -1.000000000000000000 ) ) ;
#692 = ORIENTED_EDGE ( 'NONE', *, *, #533, .F. ) ;
#693 = AXIS2_PLACEMENT_3D ( 'NONE', #233, #1478, #799 ) ;
#694 = ORIENTED_EDGE ( 'NONE', *, *, #290, .F. ) ;
#695 = DIRECTION ( 'NONE',  ( -0.000000000000000000, -1.000000000000000000, -0.000000000000000000 ) ) ;
#696 = DIRECTION ( 'NONE',  ( -0.000000000000000000, -0.000000000000000000, -1.000000000000000000 ) ) ;
#697 = CARTESIAN_POINT ( 'NONE',  ( -24.90000000000007674, 12.00000000000000000, 2.500000000000000000 ) ) ;
#698 = CARTESIAN_POINT ( 'NONE',  ( 27.50000000000000000, 17.80000000000000071, 2.500000000000000000 ) ) ;
#699 = EDGE_CURVE ( 'NONE', #1570, #1596, #1419, .T. ) ;
#700 = CARTESIAN_POINT ( 'NONE',  ( -7.300000000000000711, 6.000000000000000000, -2.299999999999999822 ) ) ;
#701 = ORIENTED_EDGE ( 'NONE', *, *, #257, .T. ) ;
#702 = VERTEX_POINT ( 'NONE', #215 ) ;
#703 = CIRCLE ( 'NONE', #79, 8.999999999999998224 ) ;
#704 = EDGE_LOOP ( 'NONE', ( #1178, #1371, #172, #424 ) ) ;
#705 = LINE ( 'NONE', #1109, #1676 ) ;
#706 = AXIS2_PLACEMENT_3D ( 'NONE', #1687, #1553, #58 ) ;
#707 = CARTESIAN_POINT ( 'NONE',  ( 0.8999999999999933609, 28.00000000000007105, -2.299999999999999822 ) ) ;
#708 = DIRECTION ( 'NONE',  ( -0.000000000000000000, -0.000000000000000000, -1.000000000000000000 ) ) ;
#709 = DIRECTION ( 'NONE',  ( 0.000000000000000000, 1.000000000000000000, 0.000000000000000000 ) ) ;
#710 = ORIENTED_EDGE ( 'NONE', *, *, #269, .T. ) ;
#711 = EDGE_CURVE ( 'NONE', #1562, #293, #1265, .T. ) ;
#712 = VERTEX_POINT ( 'NONE', #1423 ) ;
#713 = VERTEX_POINT ( 'NONE', #737 ) ;
#714 = CARTESIAN_POINT ( 'NONE',  ( -14.90000000000000568, 22.00000000000006750, -2.300000000000000266 ) ) ;
#715 = FILL_AREA_STYLE ('',( #152 ) ) ;
#716 = CARTESIAN_POINT ( 'NONE',  ( -6.900000000000006573, 33.00000000000000000, 2.299999999999999822 ) ) ;
#717 = LINE ( 'NONE', #263, #27 ) ;
#718 = ORIENTED_EDGE ( 'NONE', *, *, #1337, .F. ) ;
#719 = EDGE_CURVE ( 'NONE', #44, #1321, #580, .T. ) ;
#720 = CARTESIAN_POINT ( 'NONE',  ( -27.50000000000000000, 0.2000000000000000111, -2.500000000000000000 ) ) ;
#721 = CARTESIAN_POINT ( 'NONE',  ( -7.417157287525379949, 8.582842712474619162, 2.499999999999999112 ) ) ;
#722 = CARTESIAN_POINT ( 'NONE',  ( -15.70000000000000284, 8.700000000000001066, 2.500000000000000000 ) ) ;
#723 = ORIENTED_EDGE ( 'NONE', *, *, #739, .T. ) ;
#724 = VERTEX_POINT ( 'NONE', #599 ) ;
#725 = EDGE_LOOP ( 'NONE', ( #165 ) ) ;
#726 = DIRECTION ( 'NONE',  ( -1.000000000000000000, 0.000000000000000000, 0.000000000000000000 ) ) ;
#727 = EDGE_CURVE ( 'NONE', #547, #713, #790, .T. ) ;
#728 = SURFACE_SIDE_STYLE ('',( #1260 ) ) ;
#729 = FACE_OUTER_BOUND ( 'NONE', #1429, .T. ) ;
#730 = DIRECTION ( 'NONE',  ( 0.000000000000000000, 0.000000000000000000, -1.000000000000000000 ) ) ;
#731 = CARTESIAN_POINT ( 'NONE',  ( 10.49999999999999822, 3.499999999999999556, -2.300000000000000266 ) ) ;
#732 = AXIS2_PLACEMENT_3D ( 'NONE', #1344, #251, #514 ) ;
#733 = ORIENTED_EDGE ( 'NONE', *, *, #595, .F. ) ;
#734 = DIRECTION ( 'NONE',  ( 0.000000000000000000, 0.000000000000000000, 1.000000000000000000 ) ) ;
#735 = VERTEX_POINT ( 'NONE', #205 ) ;
#736 = ORIENTED_EDGE ( 'NONE', *, *, #1142, .T. ) ;
#737 = CARTESIAN_POINT ( 'NONE',  ( -14.70000000000000639, 22.00000000000006750, -2.500000000000000000 ) ) ;
#738 = CARTESIAN_POINT ( 'NONE',  ( -29.50000000000000000, 6.000000000000000000, -2.300000000000000266 ) ) ;
#739 = EDGE_CURVE ( 'NONE', #1154, #863, #3, .T. ) ;
#740 = DIRECTION ( 'NONE',  ( 0.000000000000000000, 0.000000000000000000, 1.000000000000000000 ) ) ;
#741 = CIRCLE ( 'NONE', #619, 2.000000000000001776 ) ;
#742 = CARTESIAN_POINT ( 'NONE',  ( -24.90000000000000568, 22.00000000000000000, -2.500000000000000000 ) ) ;
#743 = DIRECTION ( 'NONE',  ( 0.000000000000000000, 0.000000000000000000, -1.000000000000000000 ) ) ;
#744 = ORIENTED_EDGE ( 'NONE', *, *, #1548, .T. ) ;
#745 = ORIENTED_EDGE ( 'NONE', *, *, #1704, .F. ) ;
#746 = CARTESIAN_POINT ( 'NONE',  ( -29.69999999999999929, 6.000000000000000000, 2.500000000000000000 ) ) ;
#747 = LINE ( 'NONE', #170, #878 ) ;
#748 = CIRCLE ( 'NONE', #366, 0.2000000000000000944 ) ;
#749 = CARTESIAN_POINT ( 'NONE',  ( -27.50000000000000000, 3.299999999999999378, -2.299999999999999822 ) ) ;
#750 = EDGE_CURVE ( 'NONE', #1321, #309, #31, .T. ) ;
#751 = ORIENTED_EDGE ( 'NONE', *, *, #488, .T. ) ;
#752 = ORIENTED_EDGE ( 'NONE', *, *, #954, .T. ) ;
#753 =( BOUNDED_CURVE ( )  B_SPLINE_CURVE ( 3, ( #1567, #325, #593, #1575 ),
 .UNSPECIFIED., .F., .T. ) 
 B_SPLINE_CURVE_WITH_KNOTS ( ( 4, 4 ),
 ( 4.712388980384690562, 6.283185307179586232 ),
 .UNSPECIFIED. ) 
 CURVE ( )  GEOMETRIC_REPRESENTATION_ITEM ( )  RATIONAL_B_SPLINE_CURVE ( ( 1.000000000000000000, 0.8047378541243652705, 0.8047378541243652705, 1.000000000000000000 ) ) 
 REPRESENTATION_ITEM ( '' )  );
#754 = CARTESIAN_POINT ( 'NONE',  ( -8.900000000000009237, 33.00000000000000000, -2.300000000000000266 ) ) ;
#755 = LINE ( 'NONE', #160, #327 ) ;
#756 = CIRCLE ( 'NONE', #640, 8.799999999999998934 ) ;
#757 = ADVANCED_FACE ( 'NONE', ( #1592 ), #1583, .T. ) ;
#758 = VERTEX_POINT ( 'NONE', #444 ) ;
#759 = VERTEX_POINT ( 'NONE', #847 ) ;
#760 = FACE_OUTER_BOUND ( 'NONE', #963, .T. ) ;
#761 = CARTESIAN_POINT ( 'NONE',  ( -27.50000000000000000, 0.000000000000000000, 2.299999999999999822 ) ) ;
#762 = VECTOR ( 'NONE', #1042, 1000.000000000000000 ) ;
#763 = CARTESIAN_POINT ( 'NONE',  ( -15.50000000000000178, 3.499999999999999112, -2.417157287525380838 ) ) ;
#764 = VECTOR ( 'NONE', #788, 1000.000000000000000 ) ;
#765 = CARTESIAN_POINT ( 'NONE',  ( 11.09999999999999254, 27.99999999999999645, -2.300000000000000266 ) ) ;
#766 = FACE_OUTER_BOUND ( 'NONE', #981, .T. ) ;
#767 = EDGE_LOOP ( 'NONE', ( #1709 ) ) ;
#768 = ORIENTED_EDGE ( 'NONE', *, *, #646, .F. ) ;
#769 = EDGE_CURVE ( 'NONE', #258, #1484, #1406, .T. ) ;
#770 = ADVANCED_FACE ( 'NONE', ( #856 ), #1414, .T. ) ;
#771 = DIRECTION ( 'NONE',  ( -0.000000000000000000, -0.000000000000000000, -1.000000000000000000 ) ) ;
#772 = DIRECTION ( 'NONE',  ( 0.000000000000000000, -1.000000000000000000, 0.000000000000000000 ) ) ;
#773 = CARTESIAN_POINT ( 'NONE',  ( -7.300000000000000711, 6.000000000000000000, -2.500000000000000000 ) ) ;
#774 = DIRECTION ( 'NONE',  ( -1.000000000000000000, 0.000000000000000000, 0.000000000000000000 ) ) ;
#775 = CARTESIAN_POINT ( 'NONE',  ( -7.500000000000000000, 3.499999999999999556, 2.500000000000000000 ) ) ;
#776 = ORIENTED_EDGE ( 'NONE', *, *, #885, .F. ) ;
#777 = ORIENTED_EDGE ( 'NONE', *, *, #1636, .T. ) ;
#778 = CARTESIAN_POINT ( 'NONE',  ( -27.50000000000000355, 12.00000000000000000, -2.300000000000000266 ) ) ;
#779 = EDGE_CURVE ( 'NONE', #1303, #1613, #1001, .T. ) ;
#780 = AXIS2_PLACEMENT_3D ( 'NONE', #992, #1462, #40 ) ;
#781 = CARTESIAN_POINT ( 'NONE',  ( 27.50000000000000000, 9.000000000000000000, -2.500000000000000000 ) ) ;
#782 = LINE ( 'NONE', #656, #211 ) ;
#783 = CARTESIAN_POINT ( 'NONE',  ( 2.500000000000000444, 3.499999999999999556, 2.500000000000000000 ) ) ;
#784 = CIRCLE ( 'NONE', #1273, 0.2000000000000000944 ) ;
#785 = EDGE_LOOP ( 'NONE', ( #199 ) ) ;
#786 = AXIS2_PLACEMENT_3D ( 'NONE', #966, #1127, #1524 ) ;
#787 = ORIENTED_EDGE ( 'NONE', *, *, #1363, .F. ) ;
#788 = DIRECTION ( 'NONE',  ( -1.000000000000000000, -0.000000000000000000, -0.000000000000000000 ) ) ;
#789 = CARTESIAN_POINT ( 'NONE',  ( -15.50000000000000178, 8.500000000000000000, -2.300000000000000266 ) ) ;
#790 = CIRCLE ( 'NONE', #528, 0.2000000000000000944 ) ;
#791 = DIRECTION ( 'NONE',  ( -1.000000000000000000, 0.000000000000000000, 0.000000000000000000 ) ) ;
#792 = CARTESIAN_POINT ( 'NONE',  ( -15.50000000000000178, 8.500000000000000000, -2.300000000000000266 ) ) ;
#793 = ORIENTED_EDGE ( 'NONE', *, *, #1413, .F. ) ;
#794 = AXIS2_PLACEMENT_3D ( 'NONE', #1683, #740, #1283 ) ;
#795 =( BOUNDED_CURVE ( )  B_SPLINE_CURVE ( 3, ( #932, #1617, #1194, #381 ),
 .UNSPECIFIED., .F., .T. ) 
 B_SPLINE_CURVE_WITH_KNOTS ( ( 4, 4 ),
 ( 4.712388980384689674, 6.283185307179586232 ),
 .UNSPECIFIED. ) 
 CURVE ( )  GEOMETRIC_REPRESENTATION_ITEM ( )  RATIONAL_B_SPLINE_CURVE ( ( 1.000000000000000000, 0.8047378541243649375, 0.8047378541243649375, 1.000000000000000000 ) ) 
 REPRESENTATION_ITEM ( '' )  );
#796 = ORIENTED_EDGE ( 'NONE', *, *, #1128, .T. ) ;
#797 = DIRECTION ( 'NONE',  ( -0.000000000000000000, -0.000000000000000000, -1.000000000000000000 ) ) ;
#798 = FACE_OUTER_BOUND ( 'NONE', #1430, .T. ) ;
#799 = DIRECTION ( 'NONE',  ( 0.000000000000000000, -0.000000000000000000, -1.000000000000000000 ) ) ;
#800 = CARTESIAN_POINT ( 'NONE',  ( 11.10000000000006537, 17.80000000000000071, -2.299999999999999822 ) ) ;
#801 = DIRECTION ( 'NONE',  ( -1.000000000000000000, -0.000000000000000000, -0.000000000000000000 ) ) ;
#802 = EDGE_CURVE ( 'NONE', #207, #1519, #1501, .T. ) ;
#803 = ORIENTED_EDGE ( 'NONE', *, *, #1108, .T. ) ;
#804 = ORIENTED_EDGE ( 'NONE', *, *, #1722, .F. ) ;
#805 = CARTESIAN_POINT ( 'NONE',  ( -27.50000000000000355, 12.00000000000000000, 2.500000000000000000 ) ) ;
#806 =( BOUNDED_CURVE ( )  B_SPLINE_CURVE ( 3, ( #196, #871, #161, #722 ),
 .UNSPECIFIED., .F., .T. ) 
 B_SPLINE_CURVE_WITH_KNOTS ( ( 4, 4 ),
 ( 0.000000000000000000, 1.570796326794896558 ),
 .UNSPECIFIED. ) 
 CURVE ( )  GEOMETRIC_REPRESENTATION_ITEM ( )  RATIONAL_B_SPLINE_CURVE ( ( 1.000000000000000000, 0.8047378541243649375, 0.8047378541243649375, 1.000000000000000000 ) ) 
 REPRESENTATION_ITEM ( '' )  );
#807 = CARTESIAN_POINT ( 'NONE',  ( 10.49999999999999822, 8.500000000000000000, -2.300000000000000266 ) ) ;
#808 = CARTESIAN_POINT ( 'NONE',  ( -14.90000000000000746, 33.00000000000000000, 2.299999999999999822 ) ) ;
#809 = ORIENTED_EDGE ( 'NONE', *, *, #357, .F. ) ;
#810 = ADVANCED_FACE ( 'NONE', ( #107 ), #943, .T. ) ;
#811 = ORIENTED_EDGE ( 'NONE', *, *, #1389, .T. ) ;
#812 = AXIS2_PLACEMENT_3D ( 'NONE', #524, #388, #397 ) ;
#813 = CARTESIAN_POINT ( 'NONE',  ( 27.50000000000000000, 9.000000000000000000, 2.299999999999999822 ) ) ;
#814 = AXIS2_PLACEMENT_3D ( 'NONE', #225, #1639, #392 ) ;
#815 = LINE ( 'NONE', #1074, #924 ) ;
#816 = DIRECTION ( 'NONE',  ( -1.000000000000000000, 0.000000000000000000, 0.000000000000000000 ) ) ;
#817 = PLANE ( 'NONE',  #663 ) ;
#818 = VERTEX_POINT ( 'NONE', #1769 ) ;
#819 = DIRECTION ( 'NONE',  ( -1.000000000000000000, 0.000000000000000000, 0.000000000000000000 ) ) ;
#820 = ORIENTED_EDGE ( 'NONE', *, *, #323, .T. ) ;
#821 = VERTEX_POINT ( 'NONE', #1216 ) ;
#822 = DIRECTION ( 'NONE',  ( -1.000000000000000000, 0.000000000000000000, 0.000000000000000000 ) ) ;
#823 = DIRECTION ( 'NONE',  ( 0.000000000000000000, 1.000000000000000000, 0.000000000000000000 ) ) ;
#824 = EDGE_CURVE ( 'NONE', #293, #1604, #120, .T. ) ;
#825 = CARTESIAN_POINT ( 'NONE',  ( -14.90000000000000568, 22.00000000000006750, 2.299999999999999822 ) ) ;
#826 = CARTESIAN_POINT ( 'NONE',  ( -15.50000000000000178, 3.299999999999999378, 2.500000000000000000 ) ) ;
#827 = DIRECTION ( 'NONE',  ( 0.000000000000000000, 0.000000000000000000, 1.000000000000000000 ) ) ;
#828 = ORIENTED_EDGE ( 'NONE', *, *, #1063, .T. ) ;
#829 = EDGE_LOOP ( 'NONE', ( #302 ) ) ;
#830 = ORIENTED_EDGE ( 'NONE', *, *, #312, .F. ) ;
#831 = DIRECTION ( 'NONE',  ( -0.000000000000000000, -0.000000000000000000, -1.000000000000000000 ) ) ;
#832 = CARTESIAN_POINT ( 'NONE',  ( 2.500000000000000444, 3.499999999999999556, 2.299999999999999822 ) ) ;
#833 = EDGE_CURVE ( 'NONE', #1661, #1382, #29, .T. ) ;
#834 = LINE ( 'NONE', #153, #1518 ) ;
#835 = FACE_OUTER_BOUND ( 'NONE', #1374, .T. ) ;
#836 = ORIENTED_EDGE ( 'NONE', *, *, #888, .F. ) ;
#837 = ORIENTED_EDGE ( 'NONE', *, *, #824, .T. ) ;
#838 = VERTEX_POINT ( 'NONE', #1204 ) ;
#839 =( BOUNDED_CURVE ( )  B_SPLINE_CURVE ( 3, ( #858, #608, #463, #47 ),
 .UNSPECIFIED., .F., .F. ) 
 B_SPLINE_CURVE_WITH_KNOTS ( ( 4, 4 ),
 ( 0.000000000000000000, 1.570796326794896558 ),
 .UNSPECIFIED. ) 
 CURVE ( )  GEOMETRIC_REPRESENTATION_ITEM ( )  RATIONAL_B_SPLINE_CURVE ( ( 1.000000000000000000, 0.8047378541243649375, 0.8047378541243649375, 1.000000000000000000 ) ) 
 REPRESENTATION_ITEM ( '' )  );
#840 = LINE ( 'NONE', #1396, #110 ) ;
#841 = AXIS2_PLACEMENT_3D ( 'NONE', #843, #709, #1658 ) ;
#842 = AXIS2_PLACEMENT_3D ( 'NONE', #545, #1093, #412 ) ;
#843 = CARTESIAN_POINT ( 'NONE',  ( -27.50000000000000000, 0.000000000000000000, 2.500000000000000000 ) ) ;
#844 = EDGE_LOOP ( 'NONE', ( #1595 ) ) ;
#845 = ADVANCED_FACE ( 'NONE', ( #117 ), #1050, .T. ) ;
#846 = ORIENTED_EDGE ( 'NONE', *, *, #1108, .F. ) ;
#847 = CARTESIAN_POINT ( 'NONE',  ( -24.90000000000007674, 11.79999999999999893, -2.500000000000000000 ) ) ;
#848 =( NAMED_UNIT ( * ) SI_UNIT ( $, .STERADIAN. ) SOLID_ANGLE_UNIT ( ) );
#849 = DIRECTION ( 'NONE',  ( -0.000000000000000000, -0.000000000000000000, -1.000000000000000000 ) ) ;
#850 = PLANE ( 'NONE',  #1731 ) ;
#851 = ORIENTED_EDGE ( 'NONE', *, *, #1764, .F. ) ;
#852 = DIRECTION ( 'NONE',  ( 0.000000000000000000, -1.000000000000000000, 0.000000000000000000 ) ) ;
#853 = AXIS2_PLACEMENT_3D ( 'NONE', #1610, #933, #1318 ) ;
#854 = ADVANCED_FACE ( 'NONE', ( #401 ), #245, .T. ) ;
#855 = ORIENTED_EDGE ( 'NONE', *, *, #1753, .F. ) ;
#856 = FACE_OUTER_BOUND ( 'NONE', #358, .T. ) ;
#857 = DIRECTION ( 'NONE',  ( 0.000000000000000000, 0.000000000000000000, -1.000000000000000000 ) ) ;
#858 = CARTESIAN_POINT ( 'NONE',  ( 2.500000000000000444, 8.500000000000000000, -2.300000000000000266 ) ) ;
#859 = CARTESIAN_POINT ( 'NONE',  ( -7.500000000000000000, 8.500000000000000000, 2.299999999999999822 ) ) ;
#860 = VERTEX_POINT ( 'NONE', #808 ) ;
#861 = ORIENTED_EDGE ( 'NONE', *, *, #1063, .F. ) ;
#862 = DIRECTION ( 'NONE',  ( 1.000000000000000000, -0.000000000000000000, -0.000000000000000000 ) ) ;
#863 = VERTEX_POINT ( 'NONE', #1603 ) ;
#864 = ADVANCED_FACE ( 'NONE', ( #1357 ), #935, .T. ) ;
#865 = AXIS2_PLACEMENT_3D ( 'NONE', #454, #982, #1698 ) ;
#866 = CARTESIAN_POINT ( 'NONE',  ( 27.50000000000000000, 0.000000000000000000, -2.300000000000000266 ) ) ;
#867 = VERTEX_POINT ( 'NONE', #607 ) ;
#868 = DIRECTION ( 'NONE',  ( -0.000000000000000000, -0.000000000000000000, -1.000000000000000000 ) ) ;
#869 = VECTOR ( 'NONE', #575, 1000.000000000000000 ) ;
#870 = CIRCLE ( 'NONE', #732, 0.2000000000000000944 ) ;
#871 = CARTESIAN_POINT ( 'NONE',  ( -15.50000000000000178, 8.500000000000000000, 2.417157287525380838 ) ) ;
#872 = DIRECTION ( 'NONE',  ( -1.000000000000000000, 0.000000000000000000, 0.000000000000000000 ) ) ;
#873 = EDGE_LOOP ( 'NONE', ( #421 ) ) ;
#874 = ORIENTED_EDGE ( 'NONE', *, *, #499, .F. ) ;
#875 = VERTEX_POINT ( 'NONE', #738 ) ;
#876 = DIRECTION ( 'NONE',  ( 1.000000000000000000, 8.673617379884089115E-15, -0.000000000000000000 ) ) ;
#877 = ADVANCED_FACE ( 'NONE', ( #384, #648, #1372, #1078, #1779, #923 ), #1087, .F. ) ;
#878 = VECTOR ( 'NONE', #341, 1000.000000000000000 ) ;
#879 = CARTESIAN_POINT ( 'NONE',  ( 11.09999999999999254, 27.99999999999999645, 2.299999999999999822 ) ) ;
#880 = ORIENTED_EDGE ( 'NONE', *, *, #20, .F. ) ;
#881 = ORIENTED_EDGE ( 'NONE', *, *, #1292, .F. ) ;
#882 = VERTEX_POINT ( 'NONE', #1438 ) ;
#883 = CARTESIAN_POINT ( 'NONE',  ( -14.70000000000000639, 33.00000000000000000, 2.299999999999999822 ) ) ;
#884 = CIRCLE ( 'NONE', #971, 0.2000000000000000944 ) ;
#885 = EDGE_CURVE ( 'NONE', #226, #1654, #1494, .T. ) ;
#886 = CARTESIAN_POINT ( 'NONE',  ( -27.50000000000000000, 6.000000000000000000, -2.300000000000000266 ) ) ;
#887 = ORIENTED_EDGE ( 'NONE', *, *, #802, .F. ) ;
#888 = EDGE_CURVE ( 'NONE', #460, #758, #90, .T. ) ;
#889 = CARTESIAN_POINT ( 'NONE',  ( -15.58284271247461916, 8.582842712474619162, -2.500000000000000000 ) ) ;
#890 = VERTEX_POINT ( 'NONE', #1060 ) ;
#891 = ORIENTED_EDGE ( 'NONE', *, *, #168, .T. ) ;
#892 = VERTEX_POINT ( 'NONE', #180 ) ;
#893 = CARTESIAN_POINT ( 'NONE',  ( 11.09999999999999254, 27.99999999999999645, 2.500000000000000000 ) ) ;
#894 = CARTESIAN_POINT ( 'NONE',  ( -15.50000000000000178, 3.499999999999999556, -2.300000000000000266 ) ) ;
#895 = ADVANCED_FACE ( 'NONE', ( #1611 ), #375, .T. ) ;
#896 = AXIS2_PLACEMENT_3D ( 'NONE', #550, #1100, #627 ) ;
#897 = CYLINDRICAL_SURFACE ( 'NONE', #1724, 0.2000000000000000944 ) ;
#898 = FACE_OUTER_BOUND ( 'NONE', #936, .T. ) ;
#899 = VERTEX_POINT ( 'NONE', #792 ) ;
#900 = EDGE_CURVE ( 'NONE', #1052, #690, #1339, .T. ) ;
#901 = VERTEX_POINT ( 'NONE', #1347 ) ;
#902 = AXIS2_PLACEMENT_3D ( 'NONE', #361, #911, #643 ) ;
#903 = DIRECTION ( 'NONE',  ( 0.000000000000000000, 0.000000000000000000, 1.000000000000000000 ) ) ;
#904 = CARTESIAN_POINT ( 'NONE',  ( -7.500000000000000000, 8.500000000000000000, 2.500000000000000000 ) ) ;
#905 = LINE ( 'NONE', #1725, #1537 ) ;
#906 = DIRECTION ( 'NONE',  ( -0.000000000000000000, -0.000000000000000000, -1.000000000000000000 ) ) ;
#907 = DIRECTION ( 'NONE',  ( -0.000000000000000000, -1.000000000000000000, -0.000000000000000000 ) ) ;
#908 = ORIENTED_EDGE ( 'NONE', *, *, #282, .T. ) ;
#909 = EDGE_CURVE ( 'NONE', #309, #660, #970, .T. ) ;
#910 = EDGE_LOOP ( 'NONE', ( #1062 ) ) ;
#911 = DIRECTION ( 'NONE',  ( 0.000000000000000000, 0.000000000000000000, 1.000000000000000000 ) ) ;
#912 = DIRECTION ( 'NONE',  ( -1.577021341797106928E-16, 1.000000000000000000, -0.000000000000000000 ) ) ;
#913 = AXIS2_PLACEMENT_3D ( 'NONE', #716, #1783, #281 ) ;
#914 = LINE ( 'NONE', #516, #362 ) ;
#915 = DIRECTION ( 'NONE',  ( -1.000000000000000000, 0.000000000000000000, 0.000000000000000000 ) ) ;
#916 = ORIENTED_EDGE ( 'NONE', *, *, #824, .F. ) ;
#917 = ORIENTED_EDGE ( 'NONE', *, *, #976, .F. ) ;
#918 = ADVANCED_FACE ( 'NONE', ( #1133 ), #1622, .T. ) ;
#919 = LINE ( 'NONE', #805, #1593 ) ;
#920 = CARTESIAN_POINT ( 'NONE',  ( -27.50000000000000000, 0.000000000000000000, -2.300000000000000266 ) ) ;
#921 = DIRECTION ( 'NONE',  ( 0.000000000000000000, 1.000000000000000000, 0.000000000000000000 ) ) ;
#922 = DIRECTION ( 'NONE',  ( -1.000000000000000000, 0.000000000000000000, 0.000000000000000000 ) ) ;
#923 = FACE_BOUND ( 'NONE', #704, .T. ) ;
#924 = VECTOR ( 'NONE', #372, 1000.000000000000000 ) ;
#925 = EDGE_LOOP ( 'NONE', ( #101 ) ) ;
#926 = CIRCLE ( 'NONE', #380, 0.2000000000000000944 ) ;
#927 = ORIENTED_EDGE ( 'NONE', *, *, #1466, .F. ) ;
#928 = VECTOR ( 'NONE', #275, 1000.000000000000000 ) ;
#929 = DIRECTION ( 'NONE',  ( -0.000000000000000000, -0.000000000000000000, -1.000000000000000000 ) ) ;
#930 = CARTESIAN_POINT ( 'NONE',  ( -27.50000000000000000, 11.79999999999999893, 2.500000000000000000 ) ) ;
#931 = ADVANCED_FACE ( 'NONE', ( #16 ), #441, .F. ) ;
#932 = CARTESIAN_POINT ( 'NONE',  ( 10.69999999999999929, 8.700000000000001066, 2.500000000000000000 ) ) ;
#933 = DIRECTION ( 'NONE',  ( -0.000000000000000000, -0.000000000000000000, -1.000000000000000000 ) ) ;
#934 = CARTESIAN_POINT ( 'NONE',  ( -27.50000000000000355, 12.00000000000000000, 2.299999999999999822 ) ) ;
#935 = CYLINDRICAL_SURFACE ( 'NONE', #1043, 0.2000000000000000944 ) ;
#936 = EDGE_LOOP ( 'NONE', ( #138, #1332, #217, #1054 ) ) ;
#937 = ORIENTED_EDGE ( 'NONE', *, *, #257, .F. ) ;
#938 = FACE_OUTER_BOUND ( 'NONE', #1549, .T. ) ;
#939 = CYLINDRICAL_SURFACE ( 'NONE', #1734, 0.2000000000000000944 ) ;
#940 = DIRECTION ( 'NONE',  ( -0.000000000000000000, -0.000000000000000000, -1.000000000000000000 ) ) ;
#941 = EDGE_CURVE ( 'NONE', #901, #1596, #1499, .T. ) ;
#942 = CARTESIAN_POINT ( 'NONE',  ( 2.417157287525380838, 3.417157287525380394, -2.500000000000000000 ) ) ;
#943 = PLANE ( 'NONE',  #1773 ) ;
#944 = VECTOR ( 'NONE', #260, 1000.000000000000000 ) ;
#945 = EDGE_LOOP ( 'NONE', ( #631, #336, #368, #546 ) ) ;
#946 = EDGE_LOOP ( 'NONE', ( #1270, #736, #26, #304 ) ) ;
#947 = CYLINDRICAL_SURFACE ( 'NONE', #1772, 0.2000000000000000944 ) ;
#948 = CARTESIAN_POINT ( 'NONE',  ( -15.50000000000000178, 3.499999999999999556, 2.299999999999999822 ) ) ;
#949 = FACE_OUTER_BOUND ( 'NONE', #578, .T. ) ;
#950 = ORIENTED_EDGE ( 'NONE', *, *, #583, .T. ) ;
#951 = DIRECTION ( 'NONE',  ( 0.000000000000000000, 0.000000000000000000, 1.000000000000000000 ) ) ;
#952 = EDGE_CURVE ( 'NONE', #899, #1107, #298, .T. ) ;
#953 = EDGE_LOOP ( 'NONE', ( #1025, #246, #1650, #558 ) ) ;
#954 = EDGE_CURVE ( 'NONE', #8, #367, #1301, .T. ) ;
#955 = AXIS2_PLACEMENT_3D ( 'NONE', #742, #1131, #317 ) ;
#956 = VERTEX_POINT ( 'NONE', #50 ) ;
#957 = CIRCLE ( 'NONE', #148, 0.2000000000000000944 ) ;
#958 = CARTESIAN_POINT ( 'NONE',  ( -27.50000000000000000, 0.2000000000000000111, -2.300000000000000266 ) ) ;
#959 = CARTESIAN_POINT ( 'NONE',  ( -24.90000000000007674, 11.79999999999999893, 2.299999999999999822 ) ) ;
#960 = CARTESIAN_POINT ( 'NONE',  ( -7.500000000000000000, 8.500000000000000000, -2.300000000000000266 ) ) ;
#961 = FACE_OUTER_BOUND ( 'NONE', #1472, .T. ) ;
#962 = ORIENTED_EDGE ( 'NONE', *, *, #357, .T. ) ;
#963 = EDGE_LOOP ( 'NONE', ( #1007, #916, #81, #793 ) ) ;
#964 = EDGE_CURVE ( 'NONE', #1606, #1455, #1412, .T. ) ;
#965 = DIRECTION ( 'NONE',  ( -1.000000000000000000, 0.000000000000000000, 0.000000000000000000 ) ) ;
#966 = CARTESIAN_POINT ( 'NONE',  ( -27.50000000000000000, 6.000000000000000000, -2.300000000000000266 ) ) ;
#967 = DIRECTION ( 'NONE',  ( -0.000000000000000000, -0.000000000000000000, -1.000000000000000000 ) ) ;
#968 = CARTESIAN_POINT ( 'NONE',  ( -7.300000000000000711, 8.700000000000001066, -2.500000000000000000 ) ) ;
#969 = ORIENTED_EDGE ( 'NONE', *, *, #1534, .F. ) ;
#970 = LINE ( 'NONE', #979, #928 ) ;
#971 = AXIS2_PLACEMENT_3D ( 'NONE', #1387, #1647, #126 ) ;
#972 = VERTEX_POINT ( 'NONE', #611 ) ;
#973 = DIRECTION ( 'NONE',  ( -1.000000000000000000, 0.000000000000000000, 0.000000000000000000 ) ) ;
#974 = EDGE_CURVE ( 'NONE', #1613, #45, #999, .T. ) ;
#975 = DIRECTION ( 'NONE',  ( -1.000000000000000000, -0.000000000000000000, -0.000000000000000000 ) ) ;
#976 = EDGE_CURVE ( 'NONE', #892, #892, #629, .T. ) ;
#977 = FACE_OUTER_BOUND ( 'NONE', #1105, .T. ) ;
#978 = ORIENTED_EDGE ( 'NONE', *, *, #20, .T. ) ;
#979 = CARTESIAN_POINT ( 'NONE',  ( -15.50000000000000178, 3.499999999999999556, -2.300000000000000266 ) ) ;
#980 = ORIENTED_EDGE ( 'NONE', *, *, #179, .F. ) ;
#981 = EDGE_LOOP ( 'NONE', ( #186, #1362, #1795, #880 ) ) ;
#982 = DIRECTION ( 'NONE',  ( -1.000000000000000000, 0.000000000000000000, 0.000000000000000000 ) ) ;
#983 = AXIS2_PLACEMENT_3D ( 'NONE', #1316, #75, #1589 ) ;
#984 = FACE_OUTER_BOUND ( 'NONE', #403, .T. ) ;
#985 = VECTOR ( 'NONE', #169, 1000.000000000000000 ) ;
#986 = ADVANCED_FACE ( 'NONE', ( #483 ), #1293, .T. ) ;
#987 = DIRECTION ( 'NONE',  ( 1.000000000000000000, 0.000000000000000000, 0.000000000000000000 ) ) ;
#988 = ORIENTED_EDGE ( 'NONE', *, *, #833, .F. ) ;
#989 = CARTESIAN_POINT ( 'NONE',  ( -6.900000000000006573, 33.00000000000000000, -2.300000000000000266 ) ) ;
#990 = AXIS2_PLACEMENT_3D ( 'NONE', #1146, #461, #726 ) ;
#991 = ORIENTED_EDGE ( 'NONE', *, *, #1695, .T. ) ;
#992 = CARTESIAN_POINT ( 'NONE',  ( -15.50000000000000178, 3.499999999999999556, 2.500000000000000000 ) ) ;
#993 = FACE_OUTER_BOUND ( 'NONE', #1294, .T. ) ;
#994 = DIRECTION ( 'NONE',  ( 1.000000000000000000, 1.577021341797106928E-16, -0.000000000000000000 ) ) ;
#995 = DIRECTION ( 'NONE',  ( 1.000000000000000000, -0.000000000000000000, -0.000000000000000000 ) ) ;
#996 = ORIENTED_EDGE ( 'NONE', *, *, #699, .T. ) ;
#997 = ADVANCED_FACE ( 'NONE', ( #346 ), #897, .T. ) ;
#998 = ORIENTED_EDGE ( 'NONE', *, *, #488, .F. ) ;
#999 = LINE ( 'NONE', #310, #1148 ) ;
#1000 = ORIENTED_EDGE ( 'NONE', *, *, #135, .T. ) ;
#1001 = LINE ( 'NONE', #1557, #472 ) ;
#1002 = PLANE ( 'NONE',  #1327 ) ;
#1003 = AXIS2_PLACEMENT_3D ( 'NONE', #1717, #734, #1578 ) ;
#1004 = DIRECTION ( 'NONE',  ( -1.000000000000000000, 0.000000000000000000, 0.000000000000000000 ) ) ;
#1005 = EDGE_LOOP ( 'NONE', ( #128, #809, #433, #1167 ) ) ;
#1006 = EDGE_CURVE ( 'NONE', #735, #92, #1286, .T. ) ;
#1007 = ORIENTED_EDGE ( 'NONE', *, *, #1081, .T. ) ;
#1008 = APPLICATION_CONTEXT ( 'automotive_design' ) ;
#1009 = TOROIDAL_SURFACE ( 'NONE', #1645, 2.199999999999999734, 0.2000000000000000111 ) ;
#1010 = ADVANCED_FACE ( 'NONE', ( #1151 ), #1175, .T. ) ;
#1011 = CARTESIAN_POINT ( 'NONE',  ( -15.70000000000000284, 3.299999999999999378, 2.500000000000000000 ) ) ;
#1012 = CARTESIAN_POINT ( 'NONE',  ( -15.50000000000000178, 8.500000000000000000, 2.299999999999999822 ) ) ;
#1013 = VECTOR ( 'NONE', #921, 1000.000000000000000 ) ;
#1014 = AXIS2_PLACEMENT_3D ( 'NONE', #625, #1706, #72 ) ;
#1015 = ORIENTED_EDGE ( 'NONE', *, *, #941, .T. ) ;
#1016 = ORIENTED_EDGE ( 'NONE', *, *, #614, .F. ) ;
#1017 = ORIENTED_EDGE ( 'NONE', *, *, #382, .F. ) ;
#1018 = AXIS2_PLACEMENT_3D ( 'NONE', #639, #1188, #78 ) ;
#1019 = EDGE_CURVE ( 'NONE', #367, #1096, #328, .T. ) ;
#1020 = VERTEX_POINT ( 'NONE', #331 ) ;
#1021 = CARTESIAN_POINT ( 'NONE',  ( -14.70000000000000462, 22.00000000000006750, 2.299999999999999822 ) ) ;
#1022 = VECTOR ( 'NONE', #1587, 1000.000000000000000 ) ;
#1023 = CARTESIAN_POINT ( 'NONE',  ( 2.500000000000000444, 3.499999999999999556, 2.500000000000000000 ) ) ;
#1024 = ORIENTED_EDGE ( 'NONE', *, *, #548, .F. ) ;
#1025 = ORIENTED_EDGE ( 'NONE', *, *, #312, .T. ) ;
#1026 = DIRECTION ( 'NONE',  ( -1.000000000000000000, 0.000000000000000000, 0.000000000000000000 ) ) ;
#1027 = AXIS2_PLACEMENT_3D ( 'NONE', #1345, #525, #1628 ) ;
#1028 = DIRECTION ( 'NONE',  ( -1.000000000000000000, 0.000000000000000000, 0.000000000000000000 ) ) ;
#1029 = ADVANCED_FACE ( 'NONE', ( #1728 ), #1187, .T. ) ;
#1030 = DIRECTION ( 'NONE',  ( -0.000000000000000000, -0.000000000000000000, -1.000000000000000000 ) ) ;
#1031 = ORIENTED_EDGE ( 'NONE', *, *, #510, .F. ) ;
#1032 = ORIENTED_EDGE ( 'NONE', *, *, #583, .F. ) ;
#1033 = CIRCLE ( 'NONE', #1348, 0.2000000000000000944 ) ;
#1034 = CARTESIAN_POINT ( 'NONE',  ( -24.90000000000000568, 22.00000000000000000, 2.299999999999999822 ) ) ;
#1035 = PLANE ( 'NONE',  #1569 ) ;
#1036 = DIRECTION ( 'NONE',  ( 1.000000000000000000, -0.000000000000000000, -0.000000000000000000 ) ) ;
#1037 = FACE_OUTER_BOUND ( 'NONE', #322, .T. ) ;
#1038 = EDGE_CURVE ( 'NONE', #875, #875, #1198, .T. ) ;
#1039 = VECTOR ( 'NONE', #638, 1000.000000000000000 ) ;
#1040 = DIRECTION ( 'NONE',  ( -0.000000000000000000, -1.000000000000000000, -0.000000000000000000 ) ) ;
#1041 = ADVANCED_BREP_SHAPE_REPRESENTATION ( 'Part 6 T307', ( #1716, #466 ), #230 ) ;
#1042 = DIRECTION ( 'NONE',  ( -0.000000000000000000, -0.000000000000000000, -1.000000000000000000 ) ) ;
#1043 = AXIS2_PLACEMENT_3D ( 'NONE', #517, #678, #1227 ) ;
#1044 = AXIS2_PLACEMENT_3D ( 'NONE', #1110, #1558, #418 ) ;
#1045 = CARTESIAN_POINT ( 'NONE',  ( -15.50000000000000178, 3.499999999999999556, 2.299999999999999822 ) ) ;
#1046 = CIRCLE ( 'NONE', #1572, 1.999999999999998224 ) ;
#1047 = CYLINDRICAL_SURFACE ( 'NONE', #896, 0.2000000000000000944 ) ;
#1048 = DIRECTION ( 'NONE',  ( -1.000000000000000000, 0.000000000000000000, 0.000000000000000000 ) ) ;
#1049 = DIRECTION ( 'NONE',  ( 0.000000000000000000, 0.000000000000000000, -1.000000000000000000 ) ) ;
#1050 = CYLINDRICAL_SURFACE ( 'NONE', #814, 0.2000000000000000944 ) ;
#1051 = ADVANCED_FACE ( 'NONE', ( #1066, #1461 ), #1663, .T. ) ;
#1052 = VERTEX_POINT ( 'NONE', #234 ) ;
#1053 = EDGE_CURVE ( 'NONE', #713, #1079, #782, .T. ) ;
#1054 = ORIENTED_EDGE ( 'NONE', *, *, #719, .T. ) ;
#1055 = DIRECTION ( 'NONE',  ( -1.000000000000000000, 0.000000000000000000, 0.000000000000000000 ) ) ;
#1056 = FACE_OUTER_BOUND ( 'NONE', #1342, .T. ) ;
#1057 = DIRECTION ( 'NONE',  ( -0.000000000000000000, 0.000000000000000000, -1.000000000000000000 ) ) ;
#1058 = TOROIDAL_SURFACE ( 'NONE', #427, 4.700000000000001066, 0.2000000000000000111 ) ;
#1059 = DIRECTION ( 'NONE',  ( 0.000000000000000000, 0.000000000000000000, 1.000000000000000000 ) ) ;
#1060 = CARTESIAN_POINT ( 'NONE',  ( -27.50000000000000355, 11.79999999999999893, -2.500000000000000000 ) ) ;
#1061 = VERTEX_POINT ( 'NONE', #1749 ) ;
#1062 = ORIENTED_EDGE ( 'NONE', *, *, #1651, .T. ) ;
#1063 = EDGE_CURVE ( 'NONE', #258, #248, #628, .T. ) ;
#1064 = DIRECTION ( 'NONE',  ( 0.000000000000000000, 0.000000000000000000, 1.000000000000000000 ) ) ;
#1065 = CARTESIAN_POINT ( 'NONE',  ( -14.90000000000000568, 22.00000000000006750, 2.500000000000000000 ) ) ;
#1066 = FACE_OUTER_BOUND ( 'NONE', #376, .T. ) ;
#1067 = CARTESIAN_POINT ( 'NONE',  ( 10.49999999999999822, 8.500000000000000000, 2.500000000000000000 ) ) ;
#1068 = CIRCLE ( 'NONE', #1217, 2.200000000000000622 ) ;
#1069 = ORIENTED_EDGE ( 'NONE', *, *, #711, .T. ) ;
#1070 = ORIENTED_EDGE ( 'NONE', *, *, #1106, .T. ) ;
#1071 = PRODUCT_CONTEXT ( 'NONE', #1418, 'mechanical' ) ;
#1072 = DIRECTION ( 'NONE',  ( 0.000000000000000000, -1.000000000000000000, 0.000000000000000000 ) ) ;
#1073 = ADVANCED_FACE ( 'NONE', ( #1737 ), #1601, .T. ) ;
#1074 = CARTESIAN_POINT ( 'NONE',  ( 11.10000000000006537, 18.00000000000000000, 2.500000000000000000 ) ) ;
#1075 = FACE_OUTER_BOUND ( 'NONE', #844, .T. ) ;
#1076 = CARTESIAN_POINT ( 'NONE',  ( -27.50000000000000000, 17.80000000000000071, 2.299999999999999822 ) ) ;
#1077 = CIRCLE ( 'NONE', #1742, 0.1999999999999987899 ) ;
#1078 = FACE_BOUND ( 'NONE', #25, .T. ) ;
#1079 = VERTEX_POINT ( 'NONE', #1203 ) ;
#1080 = ORIENTED_EDGE ( 'NONE', *, *, #900, .F. ) ;
#1081 = EDGE_CURVE ( 'NONE', #1094, #1604, #1141, .T. ) ;
#1082 = FACE_OUTER_BOUND ( 'NONE', #91, .T. ) ;
#1083 = DIRECTION ( 'NONE',  ( 0.000000000000000000, -1.000000000000000000, 0.000000000000000000 ) ) ;
#1084 =( BOUNDED_CURVE ( )  B_SPLINE_CURVE ( 3, ( #48, #42, #1434, #1568 ),
 .UNSPECIFIED., .F., .T. ) 
 B_SPLINE_CURVE_WITH_KNOTS ( ( 4, 4 ),
 ( 4.712388980384689674, 6.283185307179584456 ),
 .UNSPECIFIED. ) 
 CURVE ( )  GEOMETRIC_REPRESENTATION_ITEM ( )  RATIONAL_B_SPLINE_CURVE ( ( 1.000000000000000000, 0.8047378541243649375, 0.8047378541243649375, 1.000000000000000000 ) ) 
 REPRESENTATION_ITEM ( '' )  );
#1085 = EDGE_CURVE ( 'NONE', #860, #821, #914, .T. ) ;
#1086 = DIRECTION ( 'NONE',  ( 0.000000000000000000, 1.000000000000000000, 0.000000000000000000 ) ) ;
#1087 = PLANE ( 'NONE',  #1483 ) ;
#1088 = ORIENTED_EDGE ( 'NONE', *, *, #1349, .T. ) ;
#1089 = EDGE_LOOP ( 'NONE', ( #1556, #1080, #329, #1678 ) ) ;
#1090 = DIRECTION ( 'NONE',  ( -0.000000000000000000, -0.000000000000000000, -1.000000000000000000 ) ) ;
#1091 = CARTESIAN_POINT ( 'NONE',  ( 10.49999999999999822, 3.499999999999999112, -2.417157287525380838 ) ) ;
#1092 = CARTESIAN_POINT ( 'NONE',  ( 27.50000000000000000, 0.2000000000000000111, -2.299999999999999822 ) ) ;
#1093 = DIRECTION ( 'NONE',  ( 0.000000000000000000, 1.000000000000000000, 0.000000000000000000 ) ) ;
#1094 = VERTEX_POINT ( 'NONE', #89 ) ;
#1095 = EDGE_CURVE ( 'NONE', #1519, #460, #1662, .T. ) ;
#1096 = VERTEX_POINT ( 'NONE', #224 ) ;
#1097 = CIRCLE ( 'NONE', #1271, 0.2000000000000000944 ) ;
#1098 = ORIENTED_EDGE ( 'NONE', *, *, #1653, .T. ) ;
#1099 = VECTOR ( 'NONE', #1616, 1000.000000000000000 ) ;
#1100 = DIRECTION ( 'NONE',  ( -1.000000000000000000, 0.000000000000000000, 0.000000000000000000 ) ) ;
#1101 = CARTESIAN_POINT ( 'NONE',  ( -7.417157287525380838, 3.417157287525380394, 2.499999999999999556 ) ) ;
#1102 = CARTESIAN_POINT ( 'NONE',  ( -15.50000000000000178, 8.500000000000000000, -2.300000000000000266 ) ) ;
#1103 = LINE ( 'NONE', #948, #71 ) ;
#1104 = FACE_OUTER_BOUND ( 'NONE', #557, .T. ) ;
#1105 = EDGE_LOOP ( 'NONE', ( #53, #416, #1088, #1579, #339, #286, #1696, #978, #891, #560 ) ) ;
#1106 = EDGE_CURVE ( 'NONE', #818, #1154, #214, .T. ) ;
#1107 = VERTEX_POINT ( 'NONE', #1620 ) ;
#1108 = EDGE_CURVE ( 'NONE', #1288, #1288, #1246, .T. ) ;
#1109 = CARTESIAN_POINT ( 'NONE',  ( -27.50000000000000000, 8.700000000000001066, -2.500000000000000000 ) ) ;
#1110 = CARTESIAN_POINT ( 'NONE',  ( -27.50000000000000000, 6.000000000000000000, -2.300000000000000266 ) ) ;
#1111 = FACE_OUTER_BOUND ( 'NONE', #1160, .T. ) ;
#1112 = CYLINDRICAL_SURFACE ( 'NONE', #140, 0.2000000000000000944 ) ;
#1113 = ORIENTED_EDGE ( 'NONE', *, *, #952, .T. ) ;
#1114 = ORIENTED_EDGE ( 'NONE', *, *, #1627, .T. ) ;
#1115 = VECTOR ( 'NONE', #318, 1000.000000000000000 ) ;
#1116 = ORIENTED_EDGE ( 'NONE', *, *, #1753, .T. ) ;
#1117 = CARTESIAN_POINT ( 'NONE',  ( 10.69999999999999751, 6.000000000000000000, -2.500000000000000000 ) ) ;
#1118 = EDGE_CURVE ( 'NONE', #724, #1606, #1033, .T. ) ;
#1119 = DIRECTION ( 'NONE',  ( 0.000000000000000000, -0.000000000000000000, -1.000000000000000000 ) ) ;
#1120 = LINE ( 'NONE', #1542, #1626 ) ;
#1121 = CARTESIAN_POINT ( 'NONE',  ( 27.50000000000000000, 0.000000000000000000, 2.299999999999999822 ) ) ;
#1122 = VECTOR ( 'NONE', #98, 1000.000000000000000 ) ;
#1123 = ORIENTED_EDGE ( 'NONE', *, *, #1349, .F. ) ;
#1124 = ORIENTED_EDGE ( 'NONE', *, *, #247, .F. ) ;
#1125 = DIRECTION ( 'NONE',  ( 1.000000000000000000, -0.000000000000000000, 0.000000000000000000 ) ) ;
#1126 = AXIS2_PLACEMENT_3D ( 'NONE', #1417, #171, #730 ) ;
#1127 = DIRECTION ( 'NONE',  ( 0.000000000000000000, 0.000000000000000000, 1.000000000000000000 ) ) ;
#1128 = EDGE_CURVE ( 'NONE', #1220, #293, #667, .T. ) ;
#1129 = CARTESIAN_POINT ( 'NONE',  ( -14.90000000000000568, 22.00000000000006750, 2.500000000000000000 ) ) ;
#1130 = PRODUCT_DEFINITION_FORMATION_WITH_SPECIFIED_SOURCE ( 'ANY', '', #1233, .NOT_KNOWN. ) ;
#1131 = DIRECTION ( 'NONE',  ( 0.000000000000000000, 0.000000000000000000, 1.000000000000000000 ) ) ;
#1132 = ORIENTED_EDGE ( 'NONE', *, *, #156, .F. ) ;
#1133 = FACE_OUTER_BOUND ( 'NONE', #1311, .T. ) ;
#1134 = EDGE_LOOP ( 'NONE', ( #803 ) ) ;
#1135 = ORIENTED_EDGE ( 'NONE', *, *, #182, .F. ) ;
#1136 = DIRECTION ( 'NONE',  ( 0.000000000000000000, 0.000000000000000000, -1.000000000000000000 ) ) ;
#1137 = DIRECTION ( 'NONE',  ( 0.000000000000000000, 0.000000000000000000, -1.000000000000000000 ) ) ;
#1138 = DIRECTION ( 'NONE',  ( -1.000000000000000000, 0.000000000000000000, 0.000000000000000000 ) ) ;
#1139 = EDGE_CURVE ( 'NONE', #735, #367, #605, .T. ) ;
#1140 = CARTESIAN_POINT ( 'NONE',  ( 2.500000000000000444, 8.500000000000000000, -2.300000000000000266 ) ) ;
#1141 = CIRCLE ( 'NONE', #67, 0.2000000000000000944 ) ;
#1142 = EDGE_CURVE ( 'NONE', #1661, #8, #391, .T. ) ;
#1143 = DIRECTION ( 'NONE',  ( 0.000000000000000000, 0.000000000000000000, 1.000000000000000000 ) ) ;
#1144 = ORIENTED_EDGE ( 'NONE', *, *, #833, .T. ) ;
#1145 = AXIS2_PLACEMENT_3D ( 'NONE', #242, #1766, #645 ) ;
#1146 = CARTESIAN_POINT ( 'NONE',  ( 11.09999999999999254, 27.99999999999999645, 2.299999999999999822 ) ) ;
#1147 = VERTEX_POINT ( 'NONE', #462 ) ;
#1148 = VECTOR ( 'NONE', #862, 1000.000000000000000 ) ;
#1149 = DIRECTION ( 'NONE',  ( -8.673617379884087537E-15, 1.000000000000000000, 0.000000000000000000 ) ) ;
#1150 = DIRECTION ( 'NONE',  ( -0.000000000000000000, -0.000000000000000000, -1.000000000000000000 ) ) ;
#1151 = FACE_OUTER_BOUND ( 'NONE', #612, .T. ) ;
#1152 = ADVANCED_FACE ( 'NONE', ( #835 ), #1112, .T. ) ;
#1153 = ORIENTED_EDGE ( 'NONE', *, *, #976, .T. ) ;
#1154 = VERTEX_POINT ( 'NONE', #273 ) ;
#1155 = CIRCLE ( 'NONE', #1179, 4.699999999999999289 ) ;
#1156 = FACE_OUTER_BOUND ( 'NONE', #953, .T. ) ;
#1157 = DIRECTION ( 'NONE',  ( 0.000000000000000000, 0.000000000000000000, 1.000000000000000000 ) ) ;
#1158 = DIRECTION ( 'NONE',  ( 1.000000000000000000, 0.000000000000000000, 0.000000000000000000 ) ) ;
#1159 = AXIS2_PLACEMENT_3D ( 'NONE', #229, #487, #352 ) ;
#1160 = EDGE_LOOP ( 'NONE', ( #1421 ) ) ;
#1161 = EDGE_LOOP ( 'NONE', ( #1787 ) ) ;
#1162 = ADVANCED_FACE ( 'NONE', ( #1668, #431, #6, #1390, #977, #1649 ), #1785, .T. ) ;
#1163 = EDGE_CURVE ( 'NONE', #1107, #712, #1238, .T. ) ;
#1164 = DIRECTION ( 'NONE',  ( -1.000000000000000000, 0.000000000000000000, 0.000000000000000000 ) ) ;
#1165 = FACE_OUTER_BOUND ( 'NONE', #1485, .T. ) ;
#1166 = CARTESIAN_POINT ( 'NONE',  ( -27.50000000000000000, 0.1999999999999996503, 2.500000000000000000 ) ) ;
#1167 = ORIENTED_EDGE ( 'NONE', *, *, #624, .F. ) ;
#1168 = ORIENTED_EDGE ( 'NONE', *, *, #1142, .F. ) ;
#1169 = CARTESIAN_POINT ( 'NONE',  ( 2.417157287525380838, 8.582842712474619162, 2.500000000000000000 ) ) ;
#1170 = CARTESIAN_POINT ( 'NONE',  ( -24.90000000000007674, 12.00000000000000000, -2.300000000000000266 ) ) ;
#1171 = EDGE_CURVE ( 'NONE', #1382, #108, #1778, .T. ) ;
#1172 = AXIS2_PLACEMENT_3D ( 'NONE', #655, #940, #389 ) ;
#1173 = DIRECTION ( 'NONE',  ( 1.000000000000000000, -0.000000000000000000, -0.000000000000000000 ) ) ;
#1174 = CARTESIAN_POINT ( 'NONE',  ( -27.50000000000000000, 8.700000000000001066, -2.299999999999999822 ) ) ;
#1175 = TOROIDAL_SURFACE ( 'NONE', #1206, 10.19999999999999929, 0.2000000000000000111 ) ;
#1176 = CARTESIAN_POINT ( 'NONE',  ( 11.09999999999999254, 27.99999999999999645, 2.500000000000000000 ) ) ;
#1177 = CARTESIAN_POINT ( 'NONE',  ( 27.50000000000000000, 9.000000000000000000, 2.299999999999999822 ) ) ;
#1178 = ORIENTED_EDGE ( 'NONE', *, *, #1435, .T. ) ;
#1179 = AXIS2_PLACEMENT_3D ( 'NONE', #684, #425, #973 ) ;
#1180 = FACE_OUTER_BOUND ( 'NONE', #377, .T. ) ;
#1181 = DIRECTION ( 'NONE',  ( -1.000000000000000000, 0.000000000000000000, 0.000000000000000000 ) ) ;
#1182 = EDGE_CURVE ( 'NONE', #1147, #1147, #1046, .T. ) ;
#1183 = LINE ( 'NONE', #1758, #1326 ) ;
#1184 = CYLINDRICAL_SURFACE ( 'NONE', #659, 0.2000000000000000944 ) ;
#1185 = VECTOR ( 'NONE', #1036, 1000.000000000000000 ) ;
#1186 = ADVANCED_FACE ( 'NONE', ( #949 ), #817, .T. ) ;
#1187 = CYLINDRICAL_SURFACE ( 'NONE', #1748, 0.2000000000000000944 ) ;
#1188 = DIRECTION ( 'NONE',  ( -1.577021341797106928E-16, 1.000000000000000000, 0.000000000000000000 ) ) ;
#1189 = EDGE_LOOP ( 'NONE', ( #141, #1098, #1132, #118 ) ) ;
#1190 = EDGE_LOOP ( 'NONE', ( #1513, #969, #1263, #119 ) ) ;
#1191 = CARTESIAN_POINT ( 'NONE',  ( 27.50000000000000000, 18.00000000000000000, 2.500000000000000000 ) ) ;
#1192 = DIRECTION ( 'NONE',  ( -0.000000000000000000, -0.000000000000000000, -1.000000000000000000 ) ) ;
#1193 = LINE ( 'NONE', #773, #1447 ) ;
#1194 = CARTESIAN_POINT ( 'NONE',  ( 10.49999999999999822, 8.500000000000000000, 2.417157287525380838 ) ) ;
#1195 = DIRECTION ( 'NONE',  ( -1.577021341797106928E-16, 1.000000000000000000, -0.000000000000000000 ) ) ;
#1196 = ADVANCED_FACE ( 'NONE', ( #1104 ), #1381, .F. ) ;
#1197 = ORIENTED_EDGE ( 'NONE', *, *, #1531, .T. ) ;
#1198 = CIRCLE ( 'NONE', #422, 1.999999999999998224 ) ;
#1199 = ORIENTED_EDGE ( 'NONE', *, *, #1534, .T. ) ;
#1200 = DIRECTION ( 'NONE',  ( 0.000000000000000000, 0.000000000000000000, 1.000000000000000000 ) ) ;
#1201 = LINE ( 'NONE', #1065, #1099 ) ;
#1202 = LINE ( 'NONE', #132, #1588 ) ;
#1203 = CARTESIAN_POINT ( 'NONE',  ( -14.70000000000000639, 33.00000000000000000, -2.500000000000000000 ) ) ;
#1204 = CARTESIAN_POINT ( 'NONE',  ( -27.50000000000000355, 12.00000000000000000, 2.299999999999999822 ) ) ;
#1205 = ORIENTED_EDGE ( 'NONE', *, *, #1796, .F. ) ;
#1206 = AXIS2_PLACEMENT_3D ( 'NONE', #879, #906, #774 ) ;
#1207 = EDGE_CURVE ( 'NONE', #276, #1798, #1508, .T. ) ;
#1208 = ORIENTED_EDGE ( 'NONE', *, *, #1337, .T. ) ;
#1209 = EDGE_CURVE ( 'NONE', #863, #39, #717, .T. ) ;
#1210 = LINE ( 'NONE', #1487, #1684 ) ;
#1211 =( BOUNDED_CURVE ( )  B_SPLINE_CURVE ( 3, ( #1632, #1385, #1091, #151 ),
 .UNSPECIFIED., .F., .T. ) 
 B_SPLINE_CURVE_WITH_KNOTS ( ( 4, 4 ),
 ( 4.712388980384689674, 6.283185307179584456 ),
 .UNSPECIFIED. ) 
 CURVE ( )  GEOMETRIC_REPRESENTATION_ITEM ( )  RATIONAL_B_SPLINE_CURVE ( ( 1.000000000000000000, 0.8047378541243649375, 0.8047378541243649375, 1.000000000000000000 ) ) 
 REPRESENTATION_ITEM ( '' )  );
#1212 = CIRCLE ( 'NONE', #436, 2.200000000000002398 ) ;
#1213 = CYLINDRICAL_SURFACE ( 'NONE', #1359, 0.2000000000000000944 ) ;
#1214 = CARTESIAN_POINT ( 'NONE',  ( 27.50000000000000000, 18.00000000000000000, 2.299999999999999822 ) ) ;
#1215 = CARTESIAN_POINT ( 'NONE',  ( 27.50000000000000000, 0.000000000000000000, 2.500000000000000000 ) ) ;
#1216 = CARTESIAN_POINT ( 'NONE',  ( -14.90000000000000746, 33.00000000000000000, -2.300000000000000266 ) ) ;
#1217 = AXIS2_PLACEMENT_3D ( 'NONE', #35, #596, #1692 ) ;
#1218 = VERTEX_POINT ( 'NONE', #968 ) ;
#1219 = CIRCLE ( 'NONE', #786, 6.000000000000001776 ) ;
#1220 = VERTEX_POINT ( 'NONE', #1121 ) ;
#1221 = EDGE_CURVE ( 'NONE', #821, #547, #283, .T. ) ;
#1222 = ADVANCED_FACE ( 'NONE', ( #1677 ), #1564, .T. ) ;
#1223 = LINE ( 'NONE', #960, #146 ) ;
#1224 = LINE ( 'NONE', #826, #1720 ) ;
#1225 = AXIS2_PLACEMENT_3D ( 'NONE', #167, #1272, #1136 ) ;
#1226 = DIRECTION ( 'NONE',  ( -1.000000000000000000, 0.000000000000000000, 0.000000000000000000 ) ) ;
#1227 = DIRECTION ( 'NONE',  ( 0.000000000000000000, 0.000000000000000000, -1.000000000000000000 ) ) ;
#1228 = ORIENTED_EDGE ( 'NONE', *, *, #559, .T. ) ;
#1229 = ORIENTED_EDGE ( 'NONE', *, *, #481, .T. ) ;
#1230 = DIRECTION ( 'NONE',  ( 1.000000000000000000, 0.000000000000000000, 0.000000000000000000 ) ) ;
#1231 = PRODUCT_RELATED_PRODUCT_CATEGORY ( 'part', '', ( #1233 ) ) ;
#1232 = VECTOR ( 'NONE', #791, 1000.000000000000000 ) ;
#1233 = PRODUCT ( 'Part 6 T307', 'Part 6 T307', '', ( #1071 ) ) ;
#1234 = CARTESIAN_POINT ( 'NONE',  ( 27.50000000000000000, 18.00000000000000000, -2.300000000000000266 ) ) ;
#1235 = ADVANCED_FACE ( 'NONE', ( #399 ), #407, .T. ) ;
#1236 = CARTESIAN_POINT ( 'NONE',  ( -24.90000000000007674, 12.00000000000000000, 2.299999999999999822 ) ) ;
#1237 = TOROIDAL_SURFACE ( 'NONE', #1172, 10.19999999999999929, 0.2000000000000000111 ) ;
#1238 = LINE ( 'NONE', #1400, #683 ) ;
#1239 = ORIENTED_EDGE ( 'NONE', *, *, #1163, .F. ) ;
#1240 = ORIENTED_EDGE ( 'NONE', *, *, #1548, .F. ) ;
#1241 = ORIENTED_EDGE ( 'NONE', *, *, #909, .F. ) ;
#1242 = CARTESIAN_POINT ( 'NONE',  ( -15.70000000000000284, 3.299999999999999378, -2.500000000000000000 ) ) ;
#1243 = DIRECTION ( 'NONE',  ( 0.000000000000000000, 0.000000000000000000, 1.000000000000000000 ) ) ;
#1244 = CYLINDRICAL_SURFACE ( 'NONE', #175, 4.500000000000000888 ) ;
#1245 = CARTESIAN_POINT ( 'NONE',  ( -6.900000000000006573, 33.00000000000000000, 2.299999999999999822 ) ) ;
#1246 = CIRCLE ( 'NONE', #342, 2.200000000000002398 ) ;
#1247 = EDGE_LOOP ( 'NONE', ( #237, #744, #586, #177 ) ) ;
#1248 = ORIENTED_EDGE ( 'NONE', *, *, #1442, .F. ) ;
#1249 = EDGE_CURVE ( 'NONE', #39, #207, #1097, .T. ) ;
#1250 = ORIENTED_EDGE ( 'NONE', *, *, #64, .T. ) ;
#1251 = CARTESIAN_POINT ( 'NONE',  ( -27.50000000000000000, 6.000000000000000000, 2.500000000000000000 ) ) ;
#1252 = DIRECTION ( 'NONE',  ( 0.000000000000000000, -1.000000000000000000, 0.000000000000000000 ) ) ;
#1253 = CARTESIAN_POINT ( 'NONE',  ( 2.500000000000000444, 8.700000000000001066, 2.299999999999999822 ) ) ;
#1254 = DIRECTION ( 'NONE',  ( -1.000000000000000000, 0.000000000000000000, 0.000000000000000000 ) ) ;
#1255 = ORIENTED_EDGE ( 'NONE', *, *, #1543, .T. ) ;
#1256 = EDGE_LOOP ( 'NONE', ( #598, #18, #453, #529 ) ) ;
#1257 = EDGE_CURVE ( 'NONE', #758, #818, #1618, .T. ) ;
#1258 = ORIENTED_EDGE ( 'NONE', *, *, #390, .F. ) ;
#1259 = CARTESIAN_POINT ( 'NONE',  ( -7.299999999999999822, 3.299999999999999378, 2.500000000000000000 ) ) ;
#1260 = SURFACE_STYLE_FILL_AREA ( #715 ) ;
#1261 = CARTESIAN_POINT ( 'NONE',  ( 10.69999999999999929, 8.500000000000000000, 2.299999999999999822 ) ) ;
#1262 = DIRECTION ( 'NONE',  ( 0.000000000000000000, -1.000000000000000000, 0.000000000000000000 ) ) ;
#1263 = ORIENTED_EDGE ( 'NONE', *, *, #1685, .T. ) ;
#1264 = ADVANCED_FACE ( 'NONE', ( #961 ), #850, .T. ) ;
#1265 = LINE ( 'NONE', #866, #316 ) ;
#1266 = DIRECTION ( 'NONE',  ( -0.000000000000000000, -0.000000000000000000, -1.000000000000000000 ) ) ;
#1267 = DIRECTION ( 'NONE',  ( -1.000000000000000000, 0.000000000000000000, 0.000000000000000000 ) ) ;
#1268 = FACE_OUTER_BOUND ( 'NONE', #642, .T. ) ;
#1269 = ORIENTED_EDGE ( 'NONE', *, *, #1722, .T. ) ;
#1270 = ORIENTED_EDGE ( 'NONE', *, *, #1796, .T. ) ;
#1271 = AXIS2_PLACEMENT_3D ( 'NONE', #137, #987, #689 ) ;
#1272 = DIRECTION ( 'NONE',  ( 0.000000000000000000, -1.000000000000000000, 0.000000000000000000 ) ) ;
#1273 = AXIS2_PLACEMENT_3D ( 'NONE', #540, #498, #1514 ) ;
#1274 = SURFACE_STYLE_USAGE ( .BOTH. , #728 ) ;
#1275 = DIRECTION ( 'NONE',  ( -1.577021341797106928E-16, 1.000000000000000000, 0.000000000000000000 ) ) ;
#1276 = AXIS2_PLACEMENT_3D ( 'NONE', #1666, #21, #1378 ) ;
#1277 = ADVANCED_FACE ( 'NONE', ( #190 ), #609, .T. ) ;
#1278 = CARTESIAN_POINT ( 'NONE',  ( -7.500000000000000000, 3.499999999999999556, 2.299999999999999822 ) ) ;
#1279 = CARTESIAN_POINT ( 'NONE',  ( -15.50000000000000178, 8.500000000000000000, -2.417157287525380838 ) ) ;
#1280 = ORIENTED_EDGE ( 'NONE', *, *, #1019, .T. ) ;
#1281 = CARTESIAN_POINT ( 'NONE',  ( -7.500000000000000000, 3.499999999999999556, 2.299999999999999822 ) ) ;
#1282 = CARTESIAN_POINT ( 'NONE',  ( -9.100000000000008527, 33.00000000000000000, -2.500000000000000000 ) ) ;
#1283 = DIRECTION ( 'NONE',  ( -1.000000000000000000, 0.000000000000000000, 0.000000000000000000 ) ) ;
#1284 = EDGE_CURVE ( 'NONE', #1096, #1661, #1715, .T. ) ;
#1285 = DIRECTION ( 'NONE',  ( 1.000000000000000000, 0.000000000000000000, 0.000000000000000000 ) ) ;
#1286 = LINE ( 'NONE', #603, #164 ) ;
#1287 = ORIENTED_EDGE ( 'NONE', *, *, #1464, .F. ) ;
#1288 = VERTEX_POINT ( 'NONE', #1282 ) ;
#1289 = DIRECTION ( 'NONE',  ( 0.000000000000000000, -1.000000000000000000, 0.000000000000000000 ) ) ;
#1290 = CARTESIAN_POINT ( 'NONE',  ( -15.70000000000000284, 3.299999999999999378, 2.500000000000000000 ) ) ;
#1291 = EDGE_LOOP ( 'NONE', ( #1295 ) ) ;
#1292 = EDGE_CURVE ( 'NONE', #759, #713, #200, .T. ) ;
#1293 = CYLINDRICAL_SURFACE ( 'NONE', #576, 0.2000000000000000944 ) ;
#1294 = EDGE_LOOP ( 'NONE', ( #1786, #15, #1205, #338 ) ) ;
#1295 = ORIENTED_EDGE ( 'NONE', *, *, #1380, .F. ) ;
#1296 = VERTEX_POINT ( 'NONE', #56 ) ;
#1297 = DIRECTION ( 'NONE',  ( 1.000000000000000000, 0.000000000000000000, 0.000000000000000000 ) ) ;
#1298 = AXIS2_PLACEMENT_3D ( 'NONE', #1300, #1004, #334 ) ;
#1299 = AXIS2_PLACEMENT_3D ( 'NONE', #989, #1383, #139 ) ;
#1300 = CARTESIAN_POINT ( 'NONE',  ( -27.50000000000000355, 11.79999999999999893, -2.300000000000000266 ) ) ;
#1301 = LINE ( 'NONE', #204, #456 ) ;
#1302 = EDGE_LOOP ( 'NONE', ( #193, #950, #38, #150 ) ) ;
#1303 = VERTEX_POINT ( 'NONE', #1290 ) ;
#1304 = CIRCLE ( 'NONE', #59, 0.2000000000000000944 ) ;
#1305 = EDGE_CURVE ( 'NONE', #1570, #838, #1479, .T. ) ;
#1306 = AXIS2_PLACEMENT_3D ( 'NONE', #497, #1072, #1314 ) ;
#1307 = FACE_OUTER_BOUND ( 'NONE', #1473, .T. ) ;
#1308 = DIRECTION ( 'NONE',  ( 0.000000000000000000, 0.000000000000000000, 1.000000000000000000 ) ) ;
#1309 = DIRECTION ( 'NONE',  ( 0.000000000000000000, 0.000000000000000000, -1.000000000000000000 ) ) ;
#1310 = EDGE_LOOP ( 'NONE', ( #1771, #1168, #1144, #1032 ) ) ;
#1311 = EDGE_LOOP ( 'NONE', ( #131, #1630, #1631, #1529 ) ) ;
#1312 = EDGE_CURVE ( 'NONE', #111, #309, #1084, .T. ) ;
#1313 = VERTEX_POINT ( 'NONE', #1597 ) ;
#1314 = DIRECTION ( 'NONE',  ( 0.000000000000000000, 0.000000000000000000, -1.000000000000000000 ) ) ;
#1315 = EDGE_CURVE ( 'NONE', #1680, #367, #618, .T. ) ;
#1316 = CARTESIAN_POINT ( 'NONE',  ( 27.50000000000000000, 9.000000000000000000, 2.500000000000000000 ) ) ;
#1317 = DIRECTION ( 'NONE',  ( -0.000000000000000000, -0.000000000000000000, -1.000000000000000000 ) ) ;
#1318 = DIRECTION ( 'NONE',  ( -1.000000000000000000, 0.000000000000000000, 0.000000000000000000 ) ) ;
#1319 = CARTESIAN_POINT ( 'NONE',  ( -15.50000000000000178, 3.499999999999999556, -2.300000000000000266 ) ) ;
#1320 = ORIENTED_EDGE ( 'NONE', *, *, #1435, .F. ) ;
#1321 = VERTEX_POINT ( 'NONE', #1278 ) ;
#1322 = EDGE_CURVE ( 'NONE', #1642, #890, #1422, .T. ) ;
#1323 = FACE_OUTER_BOUND ( 'NONE', #185, .T. ) ;
#1324 = DIRECTION ( 'NONE',  ( 0.000000000000000000, -1.000000000000000000, 0.000000000000000000 ) ) ;
#1325 = EDGE_CURVE ( 'NONE', #1321, #258, #308, .T. ) ;
#1326 = VECTOR ( 'NONE', #1173, 1000.000000000000000 ) ;
#1327 = AXIS2_PLACEMENT_3D ( 'NONE', #1397, #552, #1119 ) ;
#1328 = DIRECTION ( 'NONE',  ( 0.000000000000000000, 0.000000000000000000, 1.000000000000000000 ) ) ;
#1329 = DIRECTION ( 'NONE',  ( 0.000000000000000000, -0.000000000000000000, 1.000000000000000000 ) ) ;
#1330 = AXIS2_PLACEMENT_3D ( 'NONE', #526, #1761, #265 ) ;
#1331 = ORIENTED_EDGE ( 'NONE', *, *, #1095, .T. ) ;
#1332 = ORIENTED_EDGE ( 'NONE', *, *, #909, .T. ) ;
#1333 = CARTESIAN_POINT ( 'NONE',  ( 2.300000000000000266, 8.500000000000000000, 2.500000000000000000 ) ) ;
#1334 = CARTESIAN_POINT ( 'NONE',  ( -27.50000000000000000, 0.000000000000000000, 2.299999999999999822 ) ) ;
#1335 = PLANE ( 'NONE',  #1648 ) ;
#1336 = DIRECTION ( 'NONE',  ( 0.000000000000000000, 0.000000000000000000, 1.000000000000000000 ) ) ;
#1337 = EDGE_CURVE ( 'NONE', #1596, #972, #1428, .T. ) ;
#1338 = CARTESIAN_POINT ( 'NONE',  ( 27.50000000000000000, 17.80000000000000071, -2.299999999999999822 ) ) ;
#1339 = LINE ( 'NONE', #1621, #1566 ) ;
#1340 = ORIENTED_EDGE ( 'NONE', *, *, #1312, .T. ) ;
#1341 = PRODUCT_DEFINITION_SHAPE ( 'NONE', 'NONE',  #1602 ) ;
#1342 = EDGE_LOOP ( 'NONE', ( #1394, #1612, #804, #1135 ) ) ;
#1343 = PLANE ( 'NONE',  #1370 ) ;
#1344 = CARTESIAN_POINT ( 'NONE',  ( 27.50000000000000000, 0.2000000000000000111, 2.299999999999999822 ) ) ;
#1345 = CARTESIAN_POINT ( 'NONE',  ( -6.900000000000006573, 33.00000000000000000, -2.500000000000000000 ) ) ;
#1346 = DIRECTION ( 'NONE',  ( 1.000000000000000000, 0.000000000000000000, 0.000000000000000000 ) ) ;
#1347 = CARTESIAN_POINT ( 'NONE',  ( -27.50000000000000355, 11.79999999999999893, 2.500000000000000000 ) ) ;
#1349 = EDGE_CURVE ( 'NONE', #690, #890, #492, .T. ) ;
#1348 = AXIS2_PLACEMENT_3D ( 'NONE', #800, #1346, #106 ) ;
#1350 = EDGE_LOOP ( 'NONE', ( #1114, #718, #1799, #1258 ) ) ;
#1351 = ADVANCED_FACE ( 'NONE', ( #1700 ), #173, .T. ) ;
#1352 = ORIENTED_EDGE ( 'NONE', *, *, #581, .F. ) ;
#1353 = DIRECTION ( 'NONE',  ( -1.000000000000000000, 0.000000000000000000, 0.000000000000000000 ) ) ;
#1354 = AXIS2_PLACEMENT_3D ( 'NONE', #1177, #1452, #356 ) ;
#1355 = DIRECTION ( 'NONE',  ( -1.000000000000000000, 0.000000000000000000, 0.000000000000000000 ) ) ;
#1356 = DIRECTION ( 'NONE',  ( 1.000000000000000000, -0.000000000000000000, -0.000000000000000000 ) ) ;
#1357 = FACE_OUTER_BOUND ( 'NONE', #1350, .T. ) ;
#1358 =( BOUNDED_CURVE ( )  B_SPLINE_CURVE ( 3, ( #1721, #1565, #1169, #616 ),
 .UNSPECIFIED., .F., .F. ) 
 B_SPLINE_CURVE_WITH_KNOTS ( ( 4, 4 ),
 ( 0.000000000000000000, 1.570796326794896558 ),
 .UNSPECIFIED. ) 
 CURVE ( )  GEOMETRIC_REPRESENTATION_ITEM ( )  RATIONAL_B_SPLINE_CURVE ( ( 1.000000000000000000, 0.8047378541243649375, 0.8047378541243649375, 1.000000000000000000 ) ) 
 REPRESENTATION_ITEM ( '' )  );
#1359 = AXIS2_PLACEMENT_3D ( 'NONE', #1745, #1476, #113 ) ;
#1360 = ORIENTED_EDGE ( 'NONE', *, *, #1019, .F. ) ;
#1361 = VECTOR ( 'NONE', #408, 1000.000000000000000 ) ;
#1362 = ORIENTED_EDGE ( 'NONE', *, *, #1511, .F. ) ;
#1363 = EDGE_CURVE ( 'NONE', #248, #1613, #806, .T. ) ;
#1364 = APPLICATION_PROTOCOL_DEFINITION ( 'draft international standard', 'automotive_design', 1998, #1008 ) ;
#1365 = DIRECTION ( 'NONE',  ( -1.000000000000000000, 0.000000000000000000, 0.000000000000000000 ) ) ;
#1366 = AXIS2_PLACEMENT_3D ( 'NONE', #633, #929, #1181 ) ;
#1367 = LINE ( 'NONE', #789, #1361 ) ;
#1368 = LINE ( 'NONE', #1407, #1635 ) ;
#1369 = DIRECTION ( 'NONE',  ( -0.000000000000000000, -0.000000000000000000, -1.000000000000000000 ) ) ;
#1370 = AXIS2_PLACEMENT_3D ( 'NONE', #1756, #1055, #66 ) ;
#1371 = ORIENTED_EDGE ( 'NONE', *, *, #100, .T. ) ;
#1372 = FACE_BOUND ( 'NONE', #873, .T. ) ;
#1373 = ORIENTED_EDGE ( 'NONE', *, *, #941, .F. ) ;
#1374 = EDGE_LOOP ( 'NONE', ( #1340, #1240, #1392, #1287 ) ) ;
#1375 = CARTESIAN_POINT ( 'NONE',  ( 27.50000000000000000, 9.000000000000000000, -2.300000000000000266 ) ) ;
#1376 = CARTESIAN_POINT ( 'NONE',  ( 0.8999999999999933609, 33.00000000000000000, -2.500000000000000000 ) ) ;
#1377 = ADVANCED_FACE ( 'NONE', ( #1268 ), #1440, .T. ) ;
#1378 = DIRECTION ( 'NONE',  ( -1.000000000000000000, 0.000000000000000000, 0.000000000000000000 ) ) ;
#1379 = CARTESIAN_POINT ( 'NONE',  ( 27.50000000000000000, 9.000000000000000000, 2.500000000000000000 ) ) ;
#1380 = EDGE_CURVE ( 'NONE', #187, #187, #1068, .T. ) ;
#1381 = PLANE ( 'NONE',  #841 ) ;
#1382 = VERTEX_POINT ( 'NONE', #344 ) ;
#1383 = DIRECTION ( 'NONE',  ( -0.000000000000000000, -0.000000000000000000, -1.000000000000000000 ) ) ;
#1384 = EDGE_LOOP ( 'NONE', ( #1503, #1123, #1124, #52 ) ) ;
#1385 = CARTESIAN_POINT ( 'NONE',  ( 10.58284271247461561, 3.417157287525380394, -2.500000000000000000 ) ) ;
#1386 = DIRECTION ( 'NONE',  ( -0.000000000000000000, 1.000000000000000000, -0.000000000000000000 ) ) ;
#1387 = CARTESIAN_POINT ( 'NONE',  ( -14.70000000000000639, 33.00000000000000000, -2.300000000000000266 ) ) ;
#1388 = VECTOR ( 'NONE', #823, 1000.000000000000000 ) ;
#1389 = EDGE_CURVE ( 'NONE', #712, #660, #1433, .T. ) ;
#1390 = FACE_BOUND ( 'NONE', #1640, .T. ) ;
#1391 = ORIENTED_EDGE ( 'NONE', *, *, #974, .F. ) ;
#1392 = ORIENTED_EDGE ( 'NONE', *, *, #290, .T. ) ;
#1393 = CIRCLE ( 'NONE', #812, 2.000000000000001776 ) ;
#1394 = ORIENTED_EDGE ( 'NONE', *, *, #1363, .T. ) ;
#1395 = CIRCLE ( 'NONE', #1276, 2.200000000000000622 ) ;
#1396 = CARTESIAN_POINT ( 'NONE',  ( 1.099999999999993427, 33.00000000000000000, 2.500000000000000000 ) ) ;
#1397 = CARTESIAN_POINT ( 'NONE',  ( 2.500000000000000444, 8.500000000000000000, 2.500000000000000000 ) ) ;
#1398 = DIRECTION ( 'NONE',  ( -1.000000000000000000, 0.000000000000000000, 0.000000000000000000 ) ) ;
#1399 = AXIS2_PLACEMENT_3D ( 'NONE', #1251, #1774, #1644 ) ;
#1400 = CARTESIAN_POINT ( 'NONE',  ( -15.70000000000000284, 6.000000000000000000, -2.500000000000000000 ) ) ;
#1401 = ORIENTED_EDGE ( 'NONE', *, *, #1615, .F. ) ;
#1402 = EDGE_CURVE ( 'NONE', #890, #759, #489, .T. ) ;
#1403 = AXIS2_PLACEMENT_3D ( 'NONE', #582, #1138, #1691 ) ;
#1404 = ORIENTED_EDGE ( 'NONE', *, *, #1139, .F. ) ;
#1405 = EDGE_CURVE ( 'NONE', #248, #899, #905, .T. ) ;
#1406 = LINE ( 'NONE', #1550, #1686 ) ;
#1407 = CARTESIAN_POINT ( 'NONE',  ( -27.50000000000000000, 3.299999999999999378, -2.500000000000000000 ) ) ;
#1408 = DIRECTION ( 'NONE',  ( -1.000000000000000000, 0.000000000000000000, 0.000000000000000000 ) ) ;
#1409 = ORIENTED_EDGE ( 'NONE', *, *, #1315, .T. ) ;
#1410 = ADVANCED_FACE ( 'NONE', ( #1450 ), #1335, .T. ) ;
#1411 = ORIENTED_EDGE ( 'NONE', *, *, #168, .F. ) ;
#1412 = CIRCLE ( 'NONE', #430, 9.999999999999998224 ) ;
#1413 = EDGE_CURVE ( 'NONE', #1094, #1052, #756, .T. ) ;
#1414 = CYLINDRICAL_SURFACE ( 'NONE', #1225, 0.2000000000000000944 ) ;
#1415 = CARTESIAN_POINT ( 'NONE',  ( -27.50000000000000355, 12.00000000000000000, -2.300000000000000266 ) ) ;
#1416 = CARTESIAN_POINT ( 'NONE',  ( -27.50000000000000000, 0.2000000000000000111, -2.300000000000000266 ) ) ;
#1417 = CARTESIAN_POINT ( 'NONE',  ( -27.50000000000000000, 3.299999999999999378, -2.299999999999999822 ) ) ;
#1418 = APPLICATION_CONTEXT ( 'automotive_design' ) ;
#1419 = CIRCLE ( 'NONE', #865, 0.2000000000000000944 ) ;
#1420 = CARTESIAN_POINT ( 'NONE',  ( -15.50000000000000178, 8.500000000000000000, -2.300000000000000266 ) ) ;
#1421 = ORIENTED_EDGE ( 'NONE', *, *, #1424, .F. ) ;
#1422 = CIRCLE ( 'NONE', #1298, 0.2000000000000000944 ) ;
#1423 = CARTESIAN_POINT ( 'NONE',  ( -15.70000000000000284, 3.299999999999999378, -2.500000000000000000 ) ) ;
#1424 = EDGE_CURVE ( 'NONE', #1020, #1020, #82, .T. ) ;
#1425 = AXIS2_PLACEMENT_3D ( 'NONE', #351, #1457, #340 ) ;
#1426 = VERTEX_POINT ( 'NONE', #1431 ) ;
#1427 = CARTESIAN_POINT ( 'NONE',  ( -7.417157287525379949, 8.582842712474619162, -2.499999999999999112 ) ) ;
#1428 = LINE ( 'NONE', #1166, #520 ) ;
#1429 = EDGE_LOOP ( 'NONE', ( #1436, #1456, #1401, #1197 ) ) ;
#1430 = EDGE_LOOP ( 'NONE', ( #1710 ) ) ;
#1431 = CARTESIAN_POINT ( 'NONE',  ( 22.80000000000000071, 9.000000000000000000, -2.500000000000000000 ) ) ;
#1432 = CARTESIAN_POINT ( 'NONE',  ( -7.500000000000000000, 8.500000000000000000, -2.300000000000000266 ) ) ;
#1433 =( BOUNDED_CURVE ( )  B_SPLINE_CURVE ( 3, ( #1242, #1643, #763, #894 ),
 .UNSPECIFIED., .F., .T. ) 
 B_SPLINE_CURVE_WITH_KNOTS ( ( 4, 4 ),
 ( 4.712388980384689674, 6.283185307179584456 ),
 .UNSPECIFIED. ) 
 CURVE ( )  GEOMETRIC_REPRESENTATION_ITEM ( )  RATIONAL_B_SPLINE_CURVE ( ( 1.000000000000000000, 0.8047378541243649375, 0.8047378541243649375, 1.000000000000000000 ) ) 
 REPRESENTATION_ITEM ( '' )  );
#1434 = CARTESIAN_POINT ( 'NONE',  ( -7.500000000000000888, 3.499999999999999112, -2.417157287525380838 ) ) ;
#1435 = EDGE_CURVE ( 'NONE', #45, #537, #1202, .T. ) ;
#1436 = ORIENTED_EDGE ( 'NONE', *, *, #1085, .T. ) ;
#1437 = ORIENTED_EDGE ( 'NONE', *, *, #303, .F. ) ;
#1438 = CARTESIAN_POINT ( 'NONE',  ( 23.00000000000000000, 9.000000000000000000, -2.300000000000000266 ) ) ;
#1439 = DIRECTION ( 'NONE',  ( 0.000000000000000000, -1.000000000000000000, 0.000000000000000000 ) ) ;
#1440 = CYLINDRICAL_SURFACE ( 'NONE', #1126, 0.2000000000000000944 ) ;
#1441 = CARTESIAN_POINT ( 'NONE',  ( 0.8999999999999933609, 28.00000000000007105, -2.500000000000000000 ) ) ;
#1442 = EDGE_CURVE ( 'NONE', #702, #1680, #212, .T. ) ;
#1443 = ORIENTED_EDGE ( 'NONE', *, *, #719, .F. ) ;
#1444 = ORIENTED_EDGE ( 'NONE', *, *, #1006, .F. ) ;
#1445 = CARTESIAN_POINT ( 'NONE',  ( 27.50000000000000000, 9.000000000000000000, -2.300000000000000266 ) ) ;
#1446 = FACE_OUTER_BOUND ( 'NONE', #1310, .T. ) ;
#1447 = VECTOR ( 'NONE', #203, 1000.000000000000000 ) ;
#1448 = UNCERTAINTY_MEASURE_WITH_UNIT (LENGTH_MEASURE( 1.000000000000000082E-05 ), #682, 'distance_accuracy_value', 'NONE');
#1449 = VECTOR ( 'NONE', #1386, 1000.000000000000000 ) ;
#1450 = FACE_OUTER_BOUND ( 'NONE', #1702, .T. ) ;
#1451 = CARTESIAN_POINT ( 'NONE',  ( -15.70000000000000284, 8.700000000000001066, -2.500000000000000000 ) ) ;
#1452 = DIRECTION ( 'NONE',  ( -0.000000000000000000, -0.000000000000000000, -1.000000000000000000 ) ) ;
#1453 = EDGE_CURVE ( 'NONE', #882, #882, #1793, .T. ) ;
#1454 = TOROIDAL_SURFACE ( 'NONE', #1366, 4.700000000000001066, 0.2000000000000000111 ) ;
#1455 = VERTEX_POINT ( 'NONE', #1459 ) ;
#1456 = ORIENTED_EDGE ( 'NONE', *, *, #1221, .T. ) ;
#1457 = DIRECTION ( 'NONE',  ( -0.000000000000000000, -0.000000000000000000, -1.000000000000000000 ) ) ;
#1458 = DIRECTION ( 'NONE',  ( -1.000000000000000000, 0.000000000000000000, 0.000000000000000000 ) ) ;
#1459 = CARTESIAN_POINT ( 'NONE',  ( 1.099999999999993427, 28.00000000000007105, -2.300000000000000266 ) ) ;
#1460 = CYLINDRICAL_SURFACE ( 'NONE', #13, 2.000000000000001776 ) ;
#1461 = FACE_OUTER_BOUND ( 'NONE', #206, .T. ) ;
#1462 = DIRECTION ( 'NONE',  ( 0.000000000000000000, 1.000000000000000000, 0.000000000000000000 ) ) ;
#1463 = ORIENTED_EDGE ( 'NONE', *, *, #635, .T. ) ;
#1464 = EDGE_CURVE ( 'NONE', #111, #1218, #1193, .T. ) ;
#1465 = ORIENTED_EDGE ( 'NONE', *, *, #232, .F. ) ;
#1466 = EDGE_CURVE ( 'NONE', #956, #226, #1183, .T. ) ;
#1467 = AXIS2_PLACEMENT_3D ( 'NONE', #1379, #967, #687 ) ;
#1468 = DIRECTION ( 'NONE',  ( -0.000000000000000000, -0.000000000000000000, -1.000000000000000000 ) ) ;
#1469 = LINE ( 'NONE', #934, #1039 ) ;
#1470 = DIRECTION ( 'NONE',  ( -1.000000000000000000, 0.000000000000000000, 0.000000000000000000 ) ) ;
#1471 = DIRECTION ( 'NONE',  ( -1.000000000000000000, 0.000000000000000000, 0.000000000000000000 ) ) ;
#1472 = EDGE_LOOP ( 'NONE', ( #670, #991, #621, #1780 ) ) ;
#1473 = EDGE_LOOP ( 'NONE', ( #321, #268, #768, #1070 ) ) ;
#1474 = FACE_OUTER_BOUND ( 'NONE', #1247, .T. ) ;
#1475 = ADVANCED_FACE ( 'NONE', ( #353 ), #1735, .T. ) ;
#1476 = DIRECTION ( 'NONE',  ( 0.000000000000000000, 1.000000000000000000, 0.000000000000000000 ) ) ;
#1477 = CARTESIAN_POINT ( 'NONE',  ( 11.10000000000006715, 17.80000000000000071, 2.500000000000000000 ) ) ;
#1478 = DIRECTION ( 'NONE',  ( 0.000000000000000000, -1.000000000000000000, 0.000000000000000000 ) ) ;
#1479 = CIRCLE ( 'NONE', #291, 6.000000000000001776 ) ;
#1480 = TOROIDAL_SURFACE ( 'NONE', #1425, 2.200000000000001954, 0.2000000000000000111 ) ;
#1481 = DIRECTION ( 'NONE',  ( -0.000000000000000000, -0.000000000000000000, -1.000000000000000000 ) ) ;
#1482 = DIRECTION ( 'NONE',  ( -1.000000000000000000, 0.000000000000000000, 0.000000000000000000 ) ) ;
#1483 = AXIS2_PLACEMENT_3D ( 'NONE', #129, #691, #915 ) ;
#1484 = VERTEX_POINT ( 'NONE', #506 ) ;
#1485 = EDGE_LOOP ( 'NONE', ( #1255, #1689, #414, #723 ) ) ;
#1486 = AXIS2_PLACEMENT_3D ( 'NONE', #210, #772, #1614 ) ;
#1487 = CARTESIAN_POINT ( 'NONE',  ( 10.49999999999999822, 3.499999999999999556, 2.500000000000000000 ) ) ;
#1488 = UNCERTAINTY_MEASURE_WITH_UNIT (LENGTH_MEASURE( 1.000000000000000082E-05 ), #159, 'distance_accuracy_value', 'NONE');
#1489 = EDGE_CURVE ( 'NONE', #538, #821, #350, .T. ) ;
#1490 = DIRECTION ( 'NONE',  ( -1.000000000000000000, 0.000000000000000000, 0.000000000000000000 ) ) ;
#1491 = DIRECTION ( 'NONE',  ( 0.000000000000000000, 0.000000000000000000, 1.000000000000000000 ) ) ;
#1492 = VECTOR ( 'NONE', #513, 1000.000000000000000 ) ;
#1493 = CARTESIAN_POINT ( 'NONE',  ( -6.900000000000006573, 33.00000000000000000, -2.500000000000000000 ) ) ;
#1494 = LINE ( 'NONE', #1738, #494 ) ;
#1495 = ORIENTED_EDGE ( 'NONE', *, *, #573, .F. ) ;
#1496 = ORIENTED_EDGE ( 'NONE', *, *, #1038, .T. ) ;
#1497 = DIRECTION ( 'NONE',  ( -0.000000000000000000, -0.000000000000000000, -1.000000000000000000 ) ) ;
#1498 = AXIS2_PLACEMENT_3D ( 'NONE', #1174, #1048, #1336 ) ;
#1499 = CIRCLE ( 'NONE', #1003, 5.800000000000003375 ) ;
#1500 = CARTESIAN_POINT ( 'NONE',  ( 2.500000000000000000, 3.499999999999999112, -2.417157287525380838 ) ) ;
#1501 = LINE ( 'NONE', #365, #1739 ) ;
#1502 = EDGE_CURVE ( 'NONE', #567, #538, #784, .T. ) ;
#1503 = ORIENTED_EDGE ( 'NONE', *, *, #1322, .T. ) ;
#1504 = ORIENTED_EDGE ( 'NONE', *, *, #1128, .F. ) ;
#1505 = CARTESIAN_POINT ( 'NONE',  ( 10.49999999999999822, 8.500000000000000000, 2.299999999999999822 ) ) ;
#1506 = DIRECTION ( 'NONE',  ( 0.000000000000000000, 0.000000000000000000, 1.000000000000000000 ) ) ;
#1507 = AXIS2_PLACEMENT_3D ( 'NONE', #886, #1582, #1408 ) ;
#1508 = LINE ( 'NONE', #301, #2 ) ;
#1509 = ORIENTED_EDGE ( 'NONE', *, *, #1095, .F. ) ;
#1510 = CARTESIAN_POINT ( 'NONE',  ( 10.49999999999999645, 8.499999999999998224, -2.417157287525381282 ) ) ;
#1511 = EDGE_CURVE ( 'NONE', #1455, #538, #1599, .T. ) ;
#1512 = COLOUR_RGB ( '',0.7921568627450980005, 0.8196078431372548767, 0.9333333333333333481 ) ;
#1513 = ORIENTED_EDGE ( 'NONE', *, *, #573, .T. ) ;
#1514 = DIRECTION ( 'NONE',  ( 0.000000000000000000, 0.000000000000000000, -1.000000000000000000 ) ) ;
#1515 = CYLINDRICAL_SURFACE ( 'NONE', #584, 8.000000000000000000 ) ;
#1516 = FACE_OUTER_BOUND ( 'NONE', #459, .T. ) ;
#1517 = CARTESIAN_POINT ( 'NONE',  ( -27.50000000000000000, 6.000000000000000000, 2.299999999999999822 ) ) ;
#1518 = VECTOR ( 'NONE', #849, 1000.000000000000000 ) ;
#1519 = VERTEX_POINT ( 'NONE', #1477 ) ;
#1520 = ORIENTED_EDGE ( 'NONE', *, *, #1576, .T. ) ;
#1521 = EDGE_LOOP ( 'NONE', ( #1116, #264, #393, #1248 ) ) ;
#1522 =( BOUNDED_CURVE ( )  B_SPLINE_CURVE ( 3, ( #1432, #188, #1427, #480 ),
 .UNSPECIFIED., .F., .T. ) 
 B_SPLINE_CURVE_WITH_KNOTS ( ( 4, 4 ),
 ( 3.141592653589795336, 4.712388980384689674 ),
 .UNSPECIFIED. ) 
 CURVE ( )  GEOMETRIC_REPRESENTATION_ITEM ( )  RATIONAL_B_SPLINE_CURVE ( ( 1.000000000000000000, 0.8047378541243654926, 0.8047378541243654926, 1.000000000000000000 ) ) 
 REPRESENTATION_ITEM ( '' )  );
#1523 = ADVANCED_FACE ( 'NONE', ( #1788 ), #1047, .T. ) ;
#1524 = DIRECTION ( 'NONE',  ( -1.000000000000000000, 0.000000000000000000, 0.000000000000000000 ) ) ;
#1525 = DIRECTION ( 'NONE',  ( 1.000000000000000000, 0.000000000000000000, 0.000000000000000000 ) ) ;
#1526 = CARTESIAN_POINT ( 'NONE',  ( -27.50000000000000000, 8.700000000000001066, -2.500000000000000000 ) ) ;
#1527 = EDGE_LOOP ( 'NONE', ( #669, #1672, #613, #1199 ) ) ;
#1528 = EDGE_LOOP ( 'NONE', ( #908, #887, #285, #1752 ) ) ;
#1529 = ORIENTED_EDGE ( 'NONE', *, *, #1489, .F. ) ;
#1530 = DIRECTION ( 'NONE',  ( -0.000000000000000000, -0.000000000000000000, -1.000000000000000000 ) ) ;
#1531 = EDGE_CURVE ( 'NONE', #1561, #860, #363, .T. ) ;
#1532 = FACE_OUTER_BOUND ( 'NONE', #1659, .T. ) ;
#1533 = DIRECTION ( 'NONE',  ( 0.000000000000000000, 0.000000000000000000, 1.000000000000000000 ) ) ;
#1534 = EDGE_CURVE ( 'NONE', #838, #162, #1469, .T. ) ;
#1535 = ORIENTED_EDGE ( 'NONE', *, *, #282, .F. ) ;
#1536 = ORIENTED_EDGE ( 'NONE', *, *, #402, .T. ) ;
#1537 = VECTOR ( 'NONE', #1746, 1000.000000000000000 ) ;
#1538 = EDGE_LOOP ( 'NONE', ( #1113, #1016, #694, #1660 ) ) ;
#1539 = PRESENTATION_LAYER_ASSIGNMENT (  '', '', ( #1619 ) ) ;
#1540 = DIRECTION ( 'NONE',  ( 0.000000000000000000, 0.000000000000000000, -1.000000000000000000 ) ) ;
#1541 =( NAMED_UNIT ( * ) PLANE_ANGLE_UNIT ( ) SI_UNIT ( $, .RADIAN. ) );
#1542 = CARTESIAN_POINT ( 'NONE',  ( 2.299999999999999822, 6.000000000000000000, -2.500000000000000000 ) ) ;
#1543 = EDGE_CURVE ( 'NONE', #863, #1606, #815, .T. ) ;
#1544 = DIRECTION ( 'NONE',  ( -0.000000000000000000, -0.000000000000000000, -1.000000000000000000 ) ) ;
#1545 = ORIENTED_EDGE ( 'NONE', *, *, #727, .T. ) ;
#1546 = CARTESIAN_POINT ( 'NONE',  ( -27.50000000000000355, 12.00000000000000000, 2.500000000000000000 ) ) ;
#1547 = ORIENTED_EDGE ( 'NONE', *, *, #1453, .F. ) ;
#1548 = EDGE_CURVE ( 'NONE', #1484, #309, #1223, .T. ) ;
#1549 = EDGE_LOOP ( 'NONE', ( #413 ) ) ;
#1550 = CARTESIAN_POINT ( 'NONE',  ( -7.500000000000000000, 8.500000000000000000, 2.500000000000000000 ) ) ;
#1551 = LINE ( 'NONE', #1656, #985 ) ;
#1552 = CARTESIAN_POINT ( 'NONE',  ( -14.70000000000000639, 33.00000000000000000, 2.500000000000000000 ) ) ;
#1553 = DIRECTION ( 'NONE',  ( -0.000000000000000000, -0.000000000000000000, -1.000000000000000000 ) ) ;
#1554 = ORIENTED_EDGE ( 'NONE', *, *, #888, .T. ) ;
#1555 = ADVANCED_FACE ( 'NONE', ( #1082 ), #1515, .T. ) ;
#1556 = ORIENTED_EDGE ( 'NONE', *, *, #247, .T. ) ;
#1557 = CARTESIAN_POINT ( 'NONE',  ( -15.70000000000000284, 8.500000000000000000, 2.500000000000000000 ) ) ;
#1558 = DIRECTION ( 'NONE',  ( -0.000000000000000000, -0.000000000000000000, -1.000000000000000000 ) ) ;
#1559 = DIRECTION ( 'NONE',  ( -0.000000000000000000, -0.000000000000000000, -1.000000000000000000 ) ) ;
#1560 = DIRECTION ( 'NONE',  ( 0.000000000000000000, 0.000000000000000000, 1.000000000000000000 ) ) ;
#1561 = VERTEX_POINT ( 'NONE', #825 ) ;
#1562 = VERTEX_POINT ( 'NONE', #920 ) ;
#1563 = ADVANCED_FACE ( 'NONE', ( #1056 ), #1213, .T. ) ;
#1564 = TOROIDAL_SURFACE ( 'NONE', #440, 5.800000000000000711, 0.2000000000000000111 ) ;
#1565 = CARTESIAN_POINT ( 'NONE',  ( 2.500000000000000444, 8.500000000000000000, 2.417157287525380838 ) ) ;
#1566 = VECTOR ( 'NONE', #801, 1000.000000000000000 ) ;
#1567 = CARTESIAN_POINT ( 'NONE',  ( 10.69999999999999929, 3.299999999999999378, 2.500000000000000000 ) ) ;
#1568 = CARTESIAN_POINT ( 'NONE',  ( -7.500000000000000000, 3.499999999999999556, -2.300000000000000266 ) ) ;
#1569 = AXIS2_PLACEMENT_3D ( 'NONE', #904, #1458, #1064 ) ;
#1570 = VERTEX_POINT ( 'NONE', #1334 ) ;
#1571 = ORIENTED_EDGE ( 'NONE', *, *, #279, .F. ) ;
#1572 = AXIS2_PLACEMENT_3D ( 'NONE', #1517, #1533, #292 ) ;
#1573 = AXIS2_PLACEMENT_3D ( 'NONE', #1129, #994, #1275 ) ;
#1574 = CARTESIAN_POINT ( 'NONE',  ( -24.90000000000000568, 22.00000000000000000, 2.500000000000000000 ) ) ;
#1575 = CARTESIAN_POINT ( 'NONE',  ( 10.49999999999999822, 3.499999999999999556, 2.299999999999999822 ) ) ;
#1576 = EDGE_CURVE ( 'NONE', #194, #194, #1393, .T. ) ;
#1577 = DIRECTION ( 'NONE',  ( -0.000000000000000000, -0.000000000000000000, -1.000000000000000000 ) ) ;
#1578 = DIRECTION ( 'NONE',  ( -1.000000000000000000, 0.000000000000000000, 0.000000000000000000 ) ) ;
#1579 = ORIENTED_EDGE ( 'NONE', *, *, #1402, .T. ) ;
#1580 = CARTESIAN_POINT ( 'NONE',  ( -14.70000000000000462, 22.00000000000006750, 2.500000000000000000 ) ) ;
#1581 = ADVANCED_FACE ( 'NONE', ( #686 ), #610, .T. ) ;
#1582 = DIRECTION ( 'NONE',  ( -0.000000000000000000, -0.000000000000000000, -1.000000000000000000 ) ) ;
#1583 = CYLINDRICAL_SURFACE ( 'NONE', #1018, 0.2000000000000005107 ) ;
#1584 = EDGE_LOOP ( 'NONE', ( #1547 ) ) ;
#1585 = ORIENTED_EDGE ( 'NONE', *, *, #1312, .F. ) ;
#1586 = FACE_OUTER_BOUND ( 'NONE', #925, .T. ) ;
#1587 = DIRECTION ( 'NONE',  ( -1.000000000000000000, 0.000000000000000000, 0.000000000000000000 ) ) ;
#1588 = VECTOR ( 'NONE', #695, 1000.000000000000000 ) ;
#1589 = DIRECTION ( 'NONE',  ( -1.000000000000000000, 0.000000000000000000, 0.000000000000000000 ) ) ;
#1590 = FACE_OUTER_BOUND ( 'NONE', #1189, .T. ) ;
#1591 = CARTESIAN_POINT ( 'NONE',  ( -15.50000000000000178, 8.500000000000000000, 2.299999999999999822 ) ) ;
#1592 = FACE_OUTER_BOUND ( 'NONE', #945, .T. ) ;
#1593 = VECTOR ( 'NONE', #831, 1000.000000000000000 ) ;
#1594 = EDGE_CURVE ( 'NONE', #899, #1484, #1367, .T. ) ;
#1595 = ORIENTED_EDGE ( 'NONE', *, *, #255, .T. ) ;
#1596 = VERTEX_POINT ( 'NONE', #1646 ) ;
#1597 = CARTESIAN_POINT ( 'NONE',  ( -8.900000000000009237, 33.00000000000000000, 2.299999999999999822 ) ) ;
#1598 = CARTESIAN_POINT ( 'NONE',  ( 11.10000000000006537, 18.00000000000000000, -2.300000000000000266 ) ) ;
#1599 = LINE ( 'NONE', #373, #1013 ) ;
#1600 = CARTESIAN_POINT ( 'NONE',  ( 2.300000000000000266, 8.500000000000000000, 2.299999999999999822 ) ) ;
#1601 = CYLINDRICAL_SURFACE ( 'NONE', #478, 0.2000000000000000944 ) ;
#1602 = PRODUCT_DEFINITION ( 'UNKNOWN', '', #1130, #123 ) ;
#1603 = CARTESIAN_POINT ( 'NONE',  ( 11.10000000000006537, 18.00000000000000000, 2.299999999999999822 ) ) ;
#1604 = VERTEX_POINT ( 'NONE', #1234 ) ;
#1605 = ADVANCED_FACE ( 'NONE', ( #1782 ), #939, .T. ) ;
#1606 = VERTEX_POINT ( 'NONE', #95 ) ;
#1607 = CYLINDRICAL_SURFACE ( 'NONE', #474, 0.2000000000000000944 ) ;
#1608 = DIRECTION ( 'NONE',  ( 0.000000000000000000, 0.000000000000000000, 1.000000000000000000 ) ) ;
#1609 = DIRECTION ( 'NONE',  ( -1.000000000000000000, 0.000000000000000000, 0.000000000000000000 ) ) ;
#1610 = CARTESIAN_POINT ( 'NONE',  ( -6.900000000000006573, 33.00000000000000000, -2.300000000000000266 ) ) ;
#1611 = FACE_OUTER_BOUND ( 'NONE', #946, .T. ) ;
#1612 = ORIENTED_EDGE ( 'NONE', *, *, #779, .F. ) ;
#1613 = VERTEX_POINT ( 'NONE', #653 ) ;
#1614 = DIRECTION ( 'NONE',  ( 0.000000000000000000, 0.000000000000000000, -1.000000000000000000 ) ) ;
#1615 = EDGE_CURVE ( 'NONE', #1561, #547, #1201, .T. ) ;
#1616 = DIRECTION ( 'NONE',  ( -0.000000000000000000, -0.000000000000000000, -1.000000000000000000 ) ) ;
#1617 = CARTESIAN_POINT ( 'NONE',  ( 10.58284271247461916, 8.582842712474619162, 2.500000000000000000 ) ) ;
#1618 = CIRCLE ( 'NONE', #842, 0.2000000000000000944 ) ;
#1619 = STYLED_ITEM ( 'NONE', ( #32 ), #1716 ) ;
#1620 = CARTESIAN_POINT ( 'NONE',  ( -15.70000000000000284, 8.700000000000001066, -2.500000000000000000 ) ) ;
#1621 = CARTESIAN_POINT ( 'NONE',  ( -27.50000000000000000, 0.2000000000000000111, -2.500000000000000000 ) ) ;
#1622 = TOROIDAL_SURFACE ( 'NONE', #1299, 7.800000000000000711, 0.2000000000000000111 ) ;
#1623 = ORIENTED_EDGE ( 'NONE', *, *, #1695, .F. ) ;
#1624 = ORIENTED_EDGE ( 'NONE', *, *, #1736, .T. ) ;
#1625 = LINE ( 'NONE', #1733, #1022 ) ;
#1626 = VECTOR ( 'NONE', #34, 1000.000000000000000 ) ;
#1627 = EDGE_CURVE ( 'NONE', #1220, #972, #870, .T. ) ;
#1628 = DIRECTION ( 'NONE',  ( -1.000000000000000000, 0.000000000000000000, 0.000000000000000000 ) ) ;
#1629 = DIRECTION ( 'NONE',  ( -0.000000000000000000, 1.000000000000000000, -0.000000000000000000 ) ) ;
#1630 = ORIENTED_EDGE ( 'NONE', *, *, #85, .F. ) ;
#1631 = ORIENTED_EDGE ( 'NONE', *, *, #109, .F. ) ;
#1632 = CARTESIAN_POINT ( 'NONE',  ( 10.69999999999999751, 3.299999999999999378, -2.500000000000000000 ) ) ;
#1633 = CARTESIAN_POINT ( 'NONE',  ( -6.900000000000006573, 33.00000000000000000, 2.500000000000000000 ) ) ;
#1634 = CYLINDRICAL_SURFACE ( 'NONE', #1467, 8.999999999999998224 ) ;
#1635 = VECTOR ( 'NONE', #1525, 1000.000000000000000 ) ;
#1636 = EDGE_CURVE ( 'NONE', #385, #901, #105, .T. ) ;
#1637 =( BOUNDED_CURVE ( )  B_SPLINE_CURVE ( 3, ( #1259, #1101, #133, #1 ),
 .UNSPECIFIED., .F., .F. ) 
 B_SPLINE_CURVE_WITH_KNOTS ( ( 4, 4 ),
 ( 4.712388980384693227, 6.283185307179586232 ),
 .UNSPECIFIED. ) 
 CURVE ( )  GEOMETRIC_REPRESENTATION_ITEM ( )  RATIONAL_B_SPLINE_CURVE ( ( 1.000000000000000000, 0.8047378541243658256, 0.8047378541243658256, 1.000000000000000000 ) ) 
 REPRESENTATION_ITEM ( '' )  );
#1638 = DIRECTION ( 'NONE',  ( -0.000000000000000000, 0.000000000000000000, -1.000000000000000000 ) ) ;
#1639 = DIRECTION ( 'NONE',  ( 1.000000000000000000, 0.000000000000000000, 0.000000000000000000 ) ) ;
#1640 = EDGE_LOOP ( 'NONE', ( #1463 ) ) ;
#1641 = ADVANCED_FACE ( 'NONE', ( #798, #665 ), #30, .T. ) ;
#1642 = VERTEX_POINT ( 'NONE', #1415 ) ;
#1643 = CARTESIAN_POINT ( 'NONE',  ( -15.58284271247461916, 3.417157287525380394, -2.500000000000000000 ) ) ;
#1644 = DIRECTION ( 'NONE',  ( -1.000000000000000000, 0.000000000000000000, 0.000000000000000000 ) ) ;
#1645 = AXIS2_PLACEMENT_3D ( 'NONE', #1690, #19, #178 ) ;
#1646 = CARTESIAN_POINT ( 'NONE',  ( -27.50000000000000000, 0.1999999999999996503, 2.500000000000000000 ) ) ;
#1647 = DIRECTION ( 'NONE',  ( -0.000000000000000000, -1.000000000000000000, -0.000000000000000000 ) ) ;
#1648 = AXIS2_PLACEMENT_3D ( 'NONE', #270, #96, #1057 ) ;
#1649 = FACE_BOUND ( 'NONE', #910, .T. ) ;
#1650 = ORIENTED_EDGE ( 'NONE', *, *, #269, .F. ) ;
#1651 = EDGE_CURVE ( 'NONE', #1296, #1296, #1395, .T. ) ;
#1652 = VECTOR ( 'NONE', #771, 1000.000000000000000 ) ;
#1653 = EDGE_CURVE ( 'NONE', #1642, #1562, #1219, .T. ) ;
#1654 = VERTEX_POINT ( 'NONE', #280 ) ;
#1655 = DIRECTION ( 'NONE',  ( 0.000000000000000000, 0.000000000000000000, 1.000000000000000000 ) ) ;
#1656 = CARTESIAN_POINT ( 'NONE',  ( 27.50000000000000000, 17.80000000000000071, -2.500000000000000000 ) ) ;
#1657 = CYLINDRICAL_SURFACE ( 'NONE', #191, 0.2000000000000000944 ) ;
#1658 = DIRECTION ( 'NONE',  ( 0.000000000000000000, -0.000000000000000000, 1.000000000000000000 ) ) ;
#1659 = EDGE_LOOP ( 'NONE', ( #796, #837, #1017, #1781 ) ) ;
#1660 = ORIENTED_EDGE ( 'NONE', *, *, #1594, .F. ) ;
#1661 = VERTEX_POINT ( 'NONE', #134 ) ;
#1662 = CIRCLE ( 'NONE', #24, 10.19999999999999929 ) ;
#1663 = TOROIDAL_SURFACE ( 'NONE', #853, 2.200000000000001954, 0.2000000000000000111 ) ;
#1664 = EDGE_CURVE ( 'NONE', #162, #400, #144, .T. ) ;
#1665 = DIRECTION ( 'NONE',  ( -0.000000000000000000, -0.000000000000000000, -1.000000000000000000 ) ) ;
#1666 = CARTESIAN_POINT ( 'NONE',  ( -27.50000000000000000, 6.000000000000000000, -2.500000000000000000 ) ) ;
#1667 = CARTESIAN_POINT ( 'NONE',  ( -27.50000000000000000, 0.000000000000000000, 2.500000000000000000 ) ) ;
#1668 = FACE_BOUND ( 'NONE', #1302, .T. ) ;
#1669 = ORIENTED_EDGE ( 'NONE', *, *, #1543, .F. ) ;
#1670 = EDGE_LOOP ( 'NONE', ( #701, #1694, #449, #874 ) ) ;
#1671 = VECTOR ( 'NONE', #1040, 1000.000000000000000 ) ;
#1672 = ORIENTED_EDGE ( 'NONE', *, *, #499, .T. ) ;
#1673 = DIRECTION ( 'NONE',  ( 0.000000000000000000, 1.000000000000000000, 0.000000000000000000 ) ) ;
#1674 = ADVANCED_FACE ( 'NONE', ( #993 ), #1002, .T. ) ;
#1675 = LINE ( 'NONE', #1667, #1755 ) ;
#1676 = VECTOR ( 'NONE', #259, 1000.000000000000000 ) ;
#1677 = FACE_OUTER_BOUND ( 'NONE', #568, .T. ) ;
#1678 = ORIENTED_EDGE ( 'NONE', *, *, #711, .F. ) ;
#1679 = AXIS2_PLACEMENT_3D ( 'NONE', #68, #223, #1609 ) ;
#1680 = VERTEX_POINT ( 'NONE', #592 ) ;
#1681 = FACE_OUTER_BOUND ( 'NONE', #1291, .T. ) ;
#1682 = CARTESIAN_POINT ( 'NONE',  ( -27.50000000000000355, 11.79999999999999893, 2.299999999999999822 ) ) ;
#1683 = CARTESIAN_POINT ( 'NONE',  ( 27.50000000000000000, 9.000000000000000000, 2.500000000000000000 ) ) ;
#1684 = VECTOR ( 'NONE', #797, 1000.000000000000000 ) ;
#1685 = EDGE_CURVE ( 'NONE', #838, #901, #957, .T. ) ;
#1686 = VECTOR ( 'NONE', #305, 1000.000000000000000 ) ;
#1687 = CARTESIAN_POINT ( 'NONE',  ( -27.50000000000000000, 6.000000000000000000, -2.500000000000000000 ) ) ;
#1688 = ORIENTED_EDGE ( 'NONE', *, *, #1085, .F. ) ;
#1689 = ORIENTED_EDGE ( 'NONE', *, *, #964, .T. ) ;
#1690 = CARTESIAN_POINT ( 'NONE',  ( -27.50000000000000000, 6.000000000000000000, 2.299999999999999822 ) ) ;
#1691 = DIRECTION ( 'NONE',  ( 0.000000000000000000, 0.000000000000000000, 1.000000000000000000 ) ) ;
#1692 = DIRECTION ( 'NONE',  ( -1.000000000000000000, 0.000000000000000000, 0.000000000000000000 ) ) ;
#1693 = EDGE_CURVE ( 'NONE', #1680, #1061, #439, .T. ) ;
#1694 = ORIENTED_EDGE ( 'NONE', *, *, #1402, .F. ) ;
#1695 = EDGE_CURVE ( 'NONE', #660, #899, #563, .T. ) ;
#1696 = ORIENTED_EDGE ( 'NONE', *, *, #85, .T. ) ;
#1697 = AXIS2_PLACEMENT_3D ( 'NONE', #1794, #1638, #1254 ) ;
#1698 = DIRECTION ( 'NONE',  ( 0.000000000000000000, 0.000000000000000000, 1.000000000000000000 ) ) ;
#1699 = DIRECTION ( 'NONE',  ( 0.000000000000000000, 0.000000000000000000, 1.000000000000000000 ) ) ;
#1700 = FACE_OUTER_BOUND ( 'NONE', #1384, .T. ) ;
#1701 = CARTESIAN_POINT ( 'NONE',  ( 2.500000000000000444, 3.299999999999999378, 2.299999999999999822 ) ) ;
#1702 = EDGE_LOOP ( 'NONE', ( #1409, #1280, #692, #597 ) ) ;
#1703 = ORIENTED_EDGE ( 'NONE', *, *, #1315, .F. ) ;
#1704 = EDGE_CURVE ( 'NONE', #724, #1094, #1551, .T. ) ;
#1705 = VECTOR ( 'NONE', #912, 1000.000000000000000 ) ;
#1706 = DIRECTION ( 'NONE',  ( 1.577021341797106928E-16, -1.000000000000000000, 0.000000000000000000 ) ) ;
#1707 = DIRECTION ( 'NONE',  ( -1.000000000000000000, 0.000000000000000000, 0.000000000000000000 ) ) ;
#1708 = VECTOR ( 'NONE', #505, 1000.000000000000000 ) ;
#1709 = ORIENTED_EDGE ( 'NONE', *, *, #1651, .F. ) ;
#1710 = ORIENTED_EDGE ( 'NONE', *, *, #1038, .F. ) ;
#1711 = AXIS2_PLACEMENT_3D ( 'NONE', #1245, #544, #1398 ) ;
#1712 = EDGE_CURVE ( 'NONE', #1754, #1455, #495, .T. ) ;
#1713 = CYLINDRICAL_SURFACE ( 'NONE', #562, 9.999999999999998224 ) ;
#1714 = ADVANCED_FACE ( 'NONE', ( #4, #11 ), #1244, .F. ) ;
#1715 = LINE ( 'NONE', #1140, #54 ) ;
#1716 = MANIFOLD_SOLID_BREP ( 'Fillet1', #102 ) ;
#1717 = CARTESIAN_POINT ( 'NONE',  ( -27.50000000000000000, 6.000000000000000000, 2.500000000000000000 ) ) ;
#1718 = EDGE_LOOP ( 'NONE', ( #157, #777, #1015, #1208, #962, #256, #1331, #1554, #751, #394 ) ) ;
#1719 = ORIENTED_EDGE ( 'NONE', *, *, #1775, .T. ) ;
#1720 = VECTOR ( 'NONE', #975, 1000.000000000000000 ) ;
#1721 = CARTESIAN_POINT ( 'NONE',  ( 2.500000000000000444, 8.500000000000000000, 2.299999999999999822 ) ) ;
#1722 = EDGE_CURVE ( 'NONE', #44, #1303, #565, .T. ) ;
#1723 = CYLINDRICAL_SURFACE ( 'NONE', #1159, 9.999999999999994671 ) ;
#1724 = AXIS2_PLACEMENT_3D ( 'NONE', #457, #184, #743 ) ;
#1725 = CARTESIAN_POINT ( 'NONE',  ( -15.50000000000000178, 8.500000000000000000, 2.500000000000000000 ) ) ;
#1726 = ADVANCED_FACE ( 'NONE', ( #760 ), #320, .T. ) ;
#1727 = CARTESIAN_POINT ( 'NONE',  ( -15.50000000000000178, 3.499999999999999556, 2.299999999999999822 ) ) ;
#1728 = FACE_OUTER_BOUND ( 'NONE', #1528, .T. ) ;
#1729 = DIRECTION ( 'NONE',  ( 1.000000000000000000, -0.000000000000000000, 0.000000000000000000 ) ) ;
#1730 = EDGE_LOOP ( 'NONE', ( #142, #423, #476, #1411 ) ) ;
#1731 = AXIS2_PLACEMENT_3D ( 'NONE', #326, #585, #473 ) ;
#1732 = CARTESIAN_POINT ( 'NONE',  ( -15.50000000000000178, 3.499999999999999112, 2.417157287525380838 ) ) ;
#1733 = CARTESIAN_POINT ( 'NONE',  ( 2.500000000000000444, 8.500000000000000000, 2.299999999999999822 ) ) ;
#1734 = AXIS2_PLACEMENT_3D ( 'NONE', #1757, #86, #1608 ) ;
#1735 = CYLINDRICAL_SURFACE ( 'NONE', #672, 0.2000000000000000944 ) ;
#1736 = EDGE_CURVE ( 'NONE', #460, #1154, #926, .T. ) ;
#1737 = FACE_OUTER_BOUND ( 'NONE', #147, .T. ) ;
#1738 = CARTESIAN_POINT ( 'NONE',  ( 10.69999999999999929, 3.499999999999999556, 2.500000000000000000 ) ) ;
#1739 = VECTOR ( 'NONE', #1471, 1000.000000000000000 ) ;
#1740 = ORIENTED_EDGE ( 'NONE', *, *, #885, .T. ) ;
#1741 = EDGE_LOOP ( 'NONE', ( #1740, #1000, #1536, #589 ) ) ;
#1742 = AXIS2_PLACEMENT_3D ( 'NONE', #455, #876, #1149 ) ;
#1743 =( NAMED_UNIT ( * ) SI_UNIT ( $, .STERADIAN. ) SOLID_ANGLE_UNIT ( ) );
#1744 = LINE ( 'NONE', #761, #764 ) ;
#1745 = CARTESIAN_POINT ( 'NONE',  ( -15.70000000000000284, 8.500000000000000000, 2.299999999999999822 ) ) ;
#1746 = DIRECTION ( 'NONE',  ( -0.000000000000000000, -0.000000000000000000, -1.000000000000000000 ) ) ;
#1747 = DIRECTION ( 'NONE',  ( 0.000000000000000000, 1.000000000000000000, 0.000000000000000000 ) ) ;
#1748 = AXIS2_PLACEMENT_3D ( 'NONE', #1076, #922, #1059 ) ;
#1749 = CARTESIAN_POINT ( 'NONE',  ( 2.300000000000000266, 3.299999999999999378, 2.500000000000000000 ) ) ;
#1750 = CARTESIAN_POINT ( 'NONE',  ( 0.8999999999999945821, 6.000000000000000000, 2.500000000000000000 ) ) ;
#1751 = ADVANCED_FACE ( 'NONE', ( #1156 ), #496, .T. ) ;
#1752 = ORIENTED_EDGE ( 'NONE', *, *, #1209, .F. ) ;
#1753 = EDGE_CURVE ( 'NONE', #702, #956, #1358, .T. ) ;
#1754 = VERTEX_POINT ( 'NONE', #632 ) ;
#1755 = VECTOR ( 'NONE', #564, 1000.000000000000000 ) ;
#1756 = CARTESIAN_POINT ( 'NONE',  ( 1.099999999999993427, 33.00000000000000000, 2.500000000000000000 ) ) ;
#1757 = CARTESIAN_POINT ( 'NONE',  ( -27.50000000000000000, 8.700000000000001066, -2.299999999999999822 ) ) ;
#1758 = CARTESIAN_POINT ( 'NONE',  ( 10.49999999999999822, 8.700000000000001066, 2.500000000000000000 ) ) ;
#1759 = FACE_OUTER_BOUND ( 'NONE', #176, .T. ) ;
#1760 = CARTESIAN_POINT ( 'NONE',  ( 1.099999999999993427, 33.00000000000000000, 2.299999999999999822 ) ) ;
#1761 = DIRECTION ( 'NONE',  ( 1.000000000000000000, 0.000000000000000000, 0.000000000000000000 ) ) ;
#1762 = ORIENTED_EDGE ( 'NONE', *, *, #1171, .F. ) ;
#1763 = ORIENTED_EDGE ( 'NONE', *, *, #1489, .T. ) ;
#1764 = EDGE_CURVE ( 'NONE', #1798, #385, #588, .T. ) ;
#1765 = DIRECTION ( 'NONE',  ( -0.000000000000000000, 1.000000000000000000, -0.000000000000000000 ) ) ;
#1766 = DIRECTION ( 'NONE',  ( -0.000000000000000000, -0.000000000000000000, -1.000000000000000000 ) ) ;
#1767 = AXIS2_PLACEMENT_3D ( 'NONE', #127, #1544, #116 ) ;
#1768 = DIRECTION ( 'NONE',  ( -0.000000000000000000, -0.000000000000000000, -1.000000000000000000 ) ) ;
#1769 = CARTESIAN_POINT ( 'NONE',  ( 1.099999999999993427, 33.00000000000000000, 2.299999999999999822 ) ) ;
#1770 = ORIENTED_EDGE ( 'NONE', *, *, #1576, .F. ) ;
#1771 = ORIENTED_EDGE ( 'NONE', *, *, #510, .T. ) ;
#1772 = AXIS2_PLACEMENT_3D ( 'NONE', #10, #1673, #1655 ) ;
#1773 = AXIS2_PLACEMENT_3D ( 'NONE', #783, #254, #1329 ) ;
#1774 = DIRECTION ( 'NONE',  ( -0.000000000000000000, -0.000000000000000000, -1.000000000000000000 ) ) ;
#1775 = EDGE_CURVE ( 'NONE', #162, #1561, #1797, .T. ) ;
#1776 = DIRECTION ( 'NONE',  ( -0.000000000000000000, -1.000000000000000000, -0.000000000000000000 ) ) ;
#1777 = CARTESIAN_POINT ( 'NONE',  ( 10.69999999999999751, 3.299999999999999378, -2.500000000000000000 ) ) ;
#1778 = LINE ( 'NONE', #1526, #504 ) ;
#1779 = FACE_OUTER_BOUND ( 'NONE', #1718, .T. ) ;
#1780 = ORIENTED_EDGE ( 'NONE', *, *, #182, .T. ) ;
#1781 = ORIENTED_EDGE ( 'NONE', *, *, #624, .T. ) ;
#1782 = FACE_OUTER_BOUND ( 'NONE', #1538, .T. ) ;
#1783 = DIRECTION ( 'NONE',  ( -0.000000000000000000, -0.000000000000000000, -1.000000000000000000 ) ) ;
#1784 = ADVANCED_FACE ( 'NONE', ( #1180, #1586 ), #1480, .T. ) ;
#1785 = PLANE ( 'NONE',  #1697 ) ;
#1786 = ORIENTED_EDGE ( 'NONE', *, *, #533, .T. ) ;
#1787 = ORIENTED_EDGE ( 'NONE', *, *, #595, .T. ) ;
#1788 = FACE_OUTER_BOUND ( 'NONE', #1190, .T. ) ;
#1789 = CARTESIAN_POINT ( 'NONE',  ( -7.299999999999999822, 3.299999999999999378, 2.500000000000000000 ) ) ;
#1790 = VECTOR ( 'NONE', #1125, 1000.000000000000000 ) ;
#1791 = CARTESIAN_POINT ( 'NONE',  ( 2.500000000000000444, 3.499999999999999112, 2.417157287525380838 ) ) ;
#1792 = DIRECTION ( 'NONE',  ( 0.000000000000000000, -1.000000000000000000, 0.000000000000000000 ) ) ;
#1793 = CIRCLE ( 'NONE', #228, 4.500000000000000888 ) ;
#1794 = CARTESIAN_POINT ( 'NONE',  ( -27.50000000000000000, 6.000000000000000000, -2.500000000000000000 ) ) ;
#1795 = ORIENTED_EDGE ( 'NONE', *, *, #1712, .F. ) ;
#1796 = EDGE_CURVE ( 'NONE', #587, #1661, #600, .T. ) ;
#1797 = CIRCLE ( 'NONE', #675, 9.999999999999994671 ) ;
#1798 = VERTEX_POINT ( 'NONE', #1580 ) ;
#1799 = ORIENTED_EDGE ( 'NONE', *, *, #699, .F. ) ;
ENDSEC;
END-ISO-10303-21;
