ISO-10303-21;
HEADER;
FILE_DESCRIPTION (( 'STEP AP214' ),
    '1' );
FILE_NAME ('part6.STEP',
    '2025-07-29T15:59:09',
    ( '' ),
    ( '' ),
    'SwSTEP 2.0',
    'SolidWorks 2025',
    '' );
FILE_SCHEMA (( 'AUTOMOTIVE_DESIGN' ));
ENDSEC;

DATA;
#1 = CARTESIAN_POINT ( 'NONE',  ( 19.69999999999999929, 0.008726203218641778378, 0.4999238475781968560 ) ) ;
#2 = VECTOR ( 'NONE', #1842, 1000.000000000000000 ) ;
#3 = CARTESIAN_POINT ( 'NONE',  ( 19.19687500047795581, 0.6030004839466659439, 0.3342486262820371090 ) ) ;
#4 = CARTESIAN_POINT ( 'NONE',  ( 17.57187500047795936, -0.4100219495864690367, -0.6823911180101194240 ) ) ;
#5 = AXIS2_PLACEMENT_3D ( 'NONE', #1768, #2049, #1269 ) ;
#6 = EDGE_CURVE ( 'NONE', #32, #1033, #1055, .T. ) ;
#7 = CARTESIAN_POINT ( 'NONE',  ( 0.5000000000000000000, 0.1500000000000000500, 0.000000000000000000 ) ) ;
#8 = ORIENTED_EDGE ( 'NONE', *, *, #806, .F. ) ;
#9 = B_SPLINE_CURVE_WITH_KNOTS ( 'NONE', 3,
 ( #253, #914, #1567, #413, #604, #1243, #1887, #1056, #1046, #422, #2020, #1085, #1700, #1546, #97, #1871, #1065, #1709 ),
 .UNSPECIFIED., .F., .F.,
 ( 4, 2, 2, 2, 2, 2, 2, 2, 4 ),
 ( 1.551356546340508880E-17, 0.0003414975520546049514, 0.0006829951041091943988, 0.001024492656163784009, 0.001365990208218373402, 0.001707487760272962795, 0.002048985312327552405, 0.002390482864382141581, 0.002731980416436731191 ),
 .UNSPECIFIED. ) ;
#10 = CARTESIAN_POINT ( 'NONE',  ( 17.57499999999999929, 0.2973573711922270491, 0.4948857718009106454 ) ) ;
#11 = CARTESIAN_POINT ( 'NONE',  ( 19.62187500047796007, -0.7959790183068626845, 0.01389386544604503775 ) ) ;
#12 = CARTESIAN_POINT ( 'NONE',  ( 17.67500000000000071, -0.5772623359471708016, 0.01007615155457231015 ) ) ;
#13 = ORIENTED_EDGE ( 'NONE', *, *, #378, .T. ) ;
#14 = DIRECTION ( 'NONE',  ( 0.000000000000000000, 0.000000000000000000, -1.000000000000000000 ) ) ;
#15 = DIRECTION ( 'NONE',  ( 0.000000000000000000, 0.000000000000000000, 1.000000000000000000 ) ) ;
#16 = CARTESIAN_POINT ( 'NONE',  ( 17.49062500047795865, 0.01203244043303794072, 0.6893380507331419160 ) ) ;
#17 = CARTESIAN_POINT ( 'NONE',  ( 17.92187500047795723, 0.3859570687203936479, -0.6962849834561642970 ) ) ;
#18 = CARTESIAN_POINT ( 'NONE',  ( 18.14687500047795865, -0.6030004839466659439, -0.3342486262820373866 ) ) ;
#19 = MECHANICAL_DESIGN_GEOMETRIC_PRESENTATION_REPRESENTATION (  '', ( #282 ), #1696 ) ;
#20 = CARTESIAN_POINT ( 'NONE',  ( 0.2500000000000457967, 0.1500000000015742907, 0.9886859966642598252 ) ) ;
#21 = CARTESIAN_POINT ( 'NONE',  ( 19.14062500047795723, -0.01203244043303785572, -0.6893380507331419160 ) ) ;
#22 = CARTESIAN_POINT ( 'NONE',  ( 18.74687500047795652, -0.6030004839466659439, -0.3342486262820373866 ) ) ;
#23 = EDGE_CURVE ( 'NONE', #767, #1390, #2005, .T. ) ;
#24 = CARTESIAN_POINT ( 'NONE',  ( 17.57500000000000284, 0.2973573711922271046, 0.4948857718009107010 ) ) ;
#25 = DIRECTION ( 'NONE',  ( 0.000000000000000000, 0.000000000000000000, 1.000000000000000000 ) ) ;
#26 = CARTESIAN_POINT ( 'NONE',  ( 19.46250000095591659, -0.2799049647549438635, 0.5049619233554828446 ) ) ;
#27 = AXIS2_PLACEMENT_3D ( 'NONE', #58, #66, #554 ) ;
#28 = CARTESIAN_POINT ( 'NONE',  ( 19.59687500047795794, -0.5909680435136284160, 0.3550894244511044184 ) ) ;
#29 = PRODUCT_DEFINITION_FORMATION_WITH_SPECIFIED_SOURCE ( 'Symmetric', '', #1447, .NOT_KNOWN. ) ;
#30 = CARTESIAN_POINT ( 'NONE',  ( 0.2210857862422173636, -0.1402182644645700582, 0.9886860006607181006 ) ) ;
#31 = DIRECTION ( 'NONE',  ( -1.000000000000000000, 0.000000000000000000, 0.000000000000000000 ) ) ;
#32 = VERTEX_POINT ( 'NONE', #984 ) ;
#33 = CARTESIAN_POINT ( 'NONE',  ( 18.81562500047795794, -0.4100219495864690367, -0.6823911180101194240 ) ) ;
#34 = CARTESIAN_POINT ( 'NONE',  ( 19.07187500047795226, -0.4100219495864690367, -0.6823911180101194240 ) ) ;
#35 = AXIS2_PLACEMENT_3D ( 'NONE', #1690, #725, #1559 ) ;
#36 = CARTESIAN_POINT ( 'NONE',  ( 19.79062500047795581, 0.5909680435136281940, -0.3550894244511046960 ) ) ;
#37 = CARTESIAN_POINT ( 'NONE',  ( 17.83750000095592014, 0.4285836503510572215, -0.2575190374550276329 ) ) ;
#38 = CARTESIAN_POINT ( 'NONE',  ( 19.42187500047796078, 0.3859570687203936479, -0.6962849834561642970 ) ) ;
#39 = CARTESIAN_POINT ( 'NONE',  ( 0.5000000000000000000, 0.7348469228349516769, 0.1500000000000006051 ) ) ;
#40 = CARTESIAN_POINT ( 'NONE',  ( 17.46562500047795652, 0.4100219495864692587, 0.6823911180101192020 ) ) ;
#41 = CARTESIAN_POINT ( 'NONE',  ( 18.04687500047795723, 0.01203244043303794072, 0.6893380507331419160 ) ) ;
#42 = CARTESIAN_POINT ( 'NONE',  ( 0.5000000000000000000, -0.04999999999999994033, 0.9886859966642598252 ) ) ;
#43 = DIRECTION ( 'NONE',  ( 0.000000000000000000, 0.000000000000000000, 1.000000000000000000 ) ) ;
#44 = CARTESIAN_POINT ( 'NONE',  ( 18.86562500047795510, 0.3859570687203936479, -0.6962849834561644080 ) ) ;
#45 = CARTESIAN_POINT ( 'NONE',  ( 19.46562500047796007, 0.3859570687203936479, -0.6962849834561642970 ) ) ;
#46 = CARTESIAN_POINT ( 'NONE',  ( 17.56250000095591801, 0.5772623359471708016, -0.01007615155457238301 ) ) ;
#47 = CARTESIAN_POINT ( 'NONE',  ( 18.66250000095592299, -0.2973573711922269380, -0.4948857718009107565 ) ) ;
#48 = CARTESIAN_POINT ( 'NONE',  ( 19.14687500047795865, 0.5909680435136281940, -0.3550894244511046960 ) ) ;
#49 = EDGE_CURVE ( 'NONE', #1242, #1594, #1540, .T. ) ;
#50 = CARTESIAN_POINT ( 'NONE',  ( 0.000000000000000000, -0.1499999999999999389, 0.9886859966642593811 ) ) ;
#51 = CARTESIAN_POINT ( 'NONE',  ( 18.56250000095591801, -0.2799049647549438635, 0.5049619233554829556 ) ) ;
#52 = CARTESIAN_POINT ( 'NONE',  ( 19.06562500047795794, -0.7959790183068626845, 0.01389386544604503775 ) ) ;
#53 = CARTESIAN_POINT ( 'NONE',  ( 19.89062500047795723, 0.01203244043303794072, 0.6893380507331419160 ) ) ;
#54 = CYLINDRICAL_SURFACE ( 'NONE', #1522, 1.000000000000000000 ) ;
#55 = CARTESIAN_POINT ( 'NONE',  ( 19.53750000095591943, -0.4373098535696989253, -0.2424048101231693342 ) ) ;
#56 = CARTESIAN_POINT ( 'NONE',  ( 18.54687500047795723, 0.5909680435136281940, -0.3550894244511046960 ) ) ;
#57 = EDGE_LOOP ( 'NONE', ( #429 ) ) ;
#58 = CARTESIAN_POINT ( 'NONE',  ( 20.00000000000000000, 0.000000000000000000, 0.000000000000000000 ) ) ;
#59 = EDGE_CURVE ( 'NONE', #2042, #1796, #751, .T. ) ;
#60 = CARTESIAN_POINT ( 'NONE',  ( 18.89062500047795723, 0.5909680435136281940, -0.3550894244511046960 ) ) ;
#61 = CARTESIAN_POINT ( 'NONE',  ( 18.09062500047795652, 0.01203244043303794072, 0.6893380507331419160 ) ) ;
#62 = CARTESIAN_POINT ( 'NONE',  ( 17.86250000095591872, 0.5772623359471708016, -0.01007615155457238301 ) ) ;
#63 = CARTESIAN_POINT ( 'NONE',  ( 18.58750000095591659, -0.4285836503510573881, 0.2575190374550274108 ) ) ;
#64 = CARTESIAN_POINT ( 'NONE',  ( 18.27187500047795865, 0.7959790183068626845, -0.01389386544604513316 ) ) ;
#65 = ORIENTED_EDGE ( 'NONE', *, *, #1838, .F. ) ;
#66 = DIRECTION ( 'NONE',  ( -1.000000000000000000, 0.000000000000000000, 0.000000000000000000 ) ) ;
#67 = CARTESIAN_POINT ( 'NONE',  ( 19.46250000095591659, -0.2799049647549438635, 0.5049619233554829556 ) ) ;
#68 = AXIS2_PLACEMENT_3D ( 'NONE', #1961, #1175, #509 ) ;
#69 = CARTESIAN_POINT ( 'NONE',  ( 17.91562500047795581, -0.4100219495864690367, -0.6823911180101194240 ) ) ;
#70 = AXIS2_PLACEMENT_3D ( 'NONE', #257, #1867, #899 ) ;
#71 = CARTESIAN_POINT ( 'NONE',  ( 19.09062500047795652, -0.6030004839466659439, -0.3342486262820373866 ) ) ;
#72 = CARTESIAN_POINT ( 'NONE',  ( 19.25000000000000000, -0.008726203218641717663, -0.4999238475781968560 ) ) ;
#73 = FACE_OUTER_BOUND ( 'NONE', #1082, .T. ) ;
#74 = ORIENTED_EDGE ( 'NONE', *, *, #1229, .F. ) ;
#75 = CARTESIAN_POINT ( 'NONE',  ( 0.5000000000000000000, -0.1499999999999999389, -0.1499999999999993283 ) ) ;
#76 = CYLINDRICAL_SURFACE ( 'NONE', #27, 0.6894430562500013515 ) ;
#77 = CARTESIAN_POINT ( 'NONE',  ( 18.41250000095591588, 0.2799049647549438080, -0.5049619233554829556 ) ) ;
#78 = CARTESIAN_POINT ( 'NONE',  ( 17.64062500047795723, -0.01203244043303785572, -0.6893380507331419160 ) ) ;
#79 = ORIENTED_EDGE ( 'NONE', *, *, #548, .T. ) ;
#80 = CARTESIAN_POINT ( 'NONE',  ( 18.59062500047795652, 0.5909680435136281940, -0.3550894244511046960 ) ) ;
#81 = CARTESIAN_POINT ( 'NONE',  ( 19.37500000000000355, 0.2973573711922270491, 0.4948857718009106454 ) ) ;
#82 = ADVANCED_FACE ( 'NONE', ( #1253, #453 ), #1886, .T. ) ;
#83 = CIRCLE ( 'NONE', #521, 0.5000000000000012212 ) ;
#84 = CARTESIAN_POINT ( 'NONE',  ( 18.87187500047796007, 0.7959790183068626845, -0.01389386544604513316 ) ) ;
#85 = CARTESIAN_POINT ( 'NONE',  ( 18.18750000095591801, 0.4373098535696989808, 0.2424048101231691676 ) ) ;
#86 = EDGE_LOOP ( 'NONE', ( #1079 ) ) ;
#87 = LINE ( 'NONE', #1999, #1209 ) ;
#88 = CARTESIAN_POINT ( 'NONE',  ( 0.2114109712357347404, -0.1285170602129741824, 0.9887073866023763369 ) ) ;
#89 = CARTESIAN_POINT ( 'NONE',  ( 19.26250000095591730, -0.2973573711922269380, -0.4948857718009107565 ) ) ;
#90 = CIRCLE ( 'NONE', #2073, 0.7499999999999983347 ) ;
#91 = VERTEX_POINT ( 'NONE', #1557 ) ;
#92 = CARTESIAN_POINT ( 'NONE',  ( 19.06562500047795794, -0.7959790183068626845, 0.01389386544604503775 ) ) ;
#93 = DIRECTION ( 'NONE',  ( 0.000000000000000000, 0.000000000000000000, -1.000000000000000000 ) ) ;
#94 = EDGE_CURVE ( 'NONE', #1045, #1203, #1187, .T. ) ;
#95 = CARTESIAN_POINT ( 'NONE',  ( 0.2424511919833265416, -0.1500000000060044136, 0.9886859966642598252 ) ) ;
#96 = ORIENTED_EDGE ( 'NONE', *, *, #2051, .F. ) ;
#97 = CARTESIAN_POINT ( 'NONE',  ( 19.83100143916394842, 0.6712840961073951451, -0.01950947984815382119 ) ) ;
#98 = CARTESIAN_POINT ( 'NONE',  ( 0.2114109712357347404, -0.1285170602129741824, 0.9886859966633501084 ) ) ;
#99 = LINE ( 'NONE', #718, #661 ) ;
#100 = VERTEX_POINT ( 'NONE', #433 ) ;
#101 = CARTESIAN_POINT ( 'NONE',  ( 18.69062500047795794, 0.01203244043303794072, 0.6893380507331419160 ) ) ;
#102 = CARTESIAN_POINT ( 'NONE',  ( 19.02499999999999858, 0.5772623359471706905, -0.01007615155457238301 ) ) ;
#103 = CARTESIAN_POINT ( 'NONE',  ( 17.36800581494458839, 0.7642499983927784069, -0.06669982228414667036 ) ) ;
#104 = CIRCLE ( 'NONE', #374, 0.6894430562500014625 ) ;
#105 = FACE_OUTER_BOUND ( 'NONE', #1727, .T. ) ;
#106 = ORIENTED_EDGE ( 'NONE', *, *, #274, .F. ) ;
#107 = CARTESIAN_POINT ( 'NONE',  ( -0.000000000000000000, 0.000000000000000000, -0.1499999999999993283 ) ) ;
#108 = B_SPLINE_CURVE_WITH_KNOTS ( 'NONE', 3,
 ( #1350, #1989, #1652, #1307, #846, #1960 ),
 .UNSPECIFIED., .F., .F.,
 ( 4, 2, 4 ),
 ( 0.001354336230155403671, 0.001551081845390418421, 0.001747827460625433387 ),
 .UNSPECIFIED. ) ;
#109 = PLANE ( 'NONE',  #1072 ) ;
#110 = CARTESIAN_POINT ( 'NONE',  ( 18.56562500047795794, 0.3859570687203936479, -0.6962849834561642970 ) ) ;
#111 = EDGE_CURVE ( 'NONE', #1632, #1452, #1138, .T. ) ;
#112 = CARTESIAN_POINT ( 'NONE',  ( 0.2349021139289801385, -0.1500000000060320859, 0.9886859966642596032 ) ) ;
#113 = ORIENTED_EDGE ( 'NONE', *, *, #1292, .F. ) ;
#114 = CARTESIAN_POINT ( 'NONE',  ( 19.30000000000000071, 0.4285836503510572215, -0.2575190374550276329 ) ) ;
#115 = CARTESIAN_POINT ( 'NONE',  ( 18.24687500047795652, 0.5909680435136281940, -0.3550894244511046960 ) ) ;
#116 = CONICAL_SURFACE ( 'NONE', #1518, 0.5000000000000013323, 1.047197551196608067 ) ;
#117 = CARTESIAN_POINT ( 'NONE',  ( 19.94999999999999929, 0.4373098535696989808, 0.2424048101231691676 ) ) ;
#118 = ORIENTED_EDGE ( 'NONE', *, *, #1357, .T. ) ;
#119 = CARTESIAN_POINT ( 'NONE',  ( 19.04062500047795581, -0.5909680435136284160, 0.3550894244511044184 ) ) ;
#120 = EDGE_CURVE ( 'NONE', #962, #904, #660, .T. ) ;
#121 = CARTESIAN_POINT ( 'NONE',  ( 0.5000000000000000000, 0.05075683810917750588, -1.003742823941927931 ) ) ;
#122 = ORIENTED_EDGE ( 'NONE', *, *, #1838, .T. ) ;
#123 = CARTESIAN_POINT ( 'NONE',  ( 17.49062500047795865, 0.01203244043303794072, 0.6893380507331419160 ) ) ;
#124 = VECTOR ( 'NONE', #771, 1000.000000000000000 ) ;
#125 = DIRECTION ( 'NONE',  ( -1.000000000000000000, -0.000000000000000000, -0.000000000000000000 ) ) ;
#126 = CARTESIAN_POINT ( 'NONE',  ( 0.000000000000000000, 0.1500000000000000500, -0.7348469228349516769 ) ) ;
#127 = ORIENTED_EDGE ( 'NONE', *, *, #1383, .F. ) ;
#128 = CARTESIAN_POINT ( 'NONE',  ( 19.75000000000000000, -0.4285836503510573881, 0.2575190374550274108 ) ) ;
#129 = VERTEX_POINT ( 'NONE', #1775 ) ;
#130 = CARTESIAN_POINT ( 'NONE',  ( 0.2500000000000457967, 0.1500000000015742907, 0.9886859966642598252 ) ) ;
#131 = CARTESIAN_POINT ( 'NONE',  ( 18.84062500047795652, -0.01203244043303785572, -0.6893380507331419160 ) ) ;
#132 = CARTESIAN_POINT ( 'NONE',  ( 18.19687500047795936, -0.01203244043303785572, -0.6893380507331419160 ) ) ;
#133 = CARTESIAN_POINT ( 'NONE',  ( 0.2500000000000000000, 0.000000000000000000, 0.000000000000000000 ) ) ;
#134 = ORIENTED_EDGE ( 'NONE', *, *, #2076, .F. ) ;
#135 = CARTESIAN_POINT ( 'NONE',  ( 17.80000000000000071, 0.4285836503510572215, -0.2575190374550276329 ) ) ;
#136 = DIRECTION ( 'NONE',  ( -1.000000000000000000, -0.000000000000000000, -0.000000000000000000 ) ) ;
#137 = VECTOR ( 'NONE', #1819, 1000.000000000000000 ) ;
#138 = CARTESIAN_POINT ( 'NONE',  ( 18.72500000000000142, 0.5772623359471708016, -0.01007615155457238301 ) ) ;
#139 = VECTOR ( 'NONE', #14, 1000.000000000000000 ) ;
#140 = CARTESIAN_POINT ( 'NONE',  ( 18.41562500047795226, -0.3859570687203937589, 0.6962849834561642970 ) ) ;
#141 = CARTESIAN_POINT ( 'NONE',  ( 17.52187500047795865, -0.7959790183068626845, 0.01389386544604503775 ) ) ;
#142 = CARTESIAN_POINT ( 'NONE',  ( 0.2500000000000017208, -0.1499999999999999389, 0.9886859966642593811 ) ) ;
#143 = VERTEX_POINT ( 'NONE', #1745 ) ;
#144 = DIRECTION ( 'NONE',  ( -1.000000000000000000, -0.000000000000000000, -0.000000000000000000 ) ) ;
#145 = CARTESIAN_POINT ( 'NONE',  ( 1.000000000000000000, 0.000000000000000000, 0.000000000000000000 ) ) ;
#146 = VERTEX_POINT ( 'NONE', #1785 ) ;
#147 = CARTESIAN_POINT ( 'NONE',  ( 19.40000000000000213, 0.008726203218641778378, 0.4999238475781968560 ) ) ;
#148 = ADVANCED_FACE ( 'NONE', ( #650 ), #1337, .F. ) ;
#149 = CARTESIAN_POINT ( 'NONE',  ( 0.5000000000000000000, 2.766398021465107823E-18, 0.1500000000000006328 ) ) ;
#150 = LINE ( 'NONE', #935, #187 ) ;
#151 = CARTESIAN_POINT ( 'NONE',  ( 18.04062500047795581, 0.6030004839466659439, 0.3342486262820371090 ) ) ;
#152 = CARTESIAN_POINT ( 'NONE',  ( 17.59687500047795794, -0.01203244043303785572, -0.6893380507331419160 ) ) ;
#153 = CARTESIAN_POINT ( 'NONE',  ( 19.73750000095592227, -0.3440349187183895374, 0.3628222356780691493 ) ) ;
#154 =( NAMED_UNIT ( * ) SI_UNIT ( $, .STERADIAN. ) SOLID_ANGLE_UNIT ( ) );
#155 = CARTESIAN_POINT ( 'NONE',  ( 18.39999999999999858, 0.4285836503510572215, -0.2575190374550276329 ) ) ;
#156 = ORIENTED_EDGE ( 'NONE', *, *, #94, .T. ) ;
#157 = CARTESIAN_POINT ( 'NONE',  ( 19.65000000000000213, 0.4373098535696989808, 0.2424048101231691676 ) ) ;
#158 = CARTESIAN_POINT ( 'NONE',  ( 17.72187500047795794, 0.4100219495864692587, 0.6823911180101192020 ) ) ;
#159 = EDGE_CURVE ( 'NONE', #1758, #2042, #1984, .T. ) ;
#160 = FACE_OUTER_BOUND ( 'NONE', #441, .T. ) ;
#161 = CARTESIAN_POINT ( 'NONE',  ( 19.44687500047795581, 0.5909680435136281940, -0.3550894244511046960 ) ) ;
#162 = CARTESIAN_POINT ( 'NONE',  ( 0.2348383407448713101, 0.1475291691284782158, 0.9886859966642598252 ) ) ;
#163 = DIRECTION ( 'NONE',  ( 0.000000000000000000, 0.000000000000000000, -1.000000000000000000 ) ) ;
#164 = ORIENTED_EDGE ( 'NONE', *, *, #1971, .T. ) ;
#165 = CARTESIAN_POINT ( 'NONE',  ( 19.84687500047796149, 0.5507897228673223067, 0.4146835046093353405 ) ) ;
#166 = DIRECTION ( 'NONE',  ( 0.000000000000000000, 0.000000000000000000, 1.000000000000000000 ) ) ;
#167 = CARTESIAN_POINT ( 'NONE',  ( 19.47500000000000142, -0.5772623359471708016, 0.01007615155457231015 ) ) ;
#168 = CARTESIAN_POINT ( 'NONE',  ( 0.2114334654313151651, 0.1285442393609589062, 0.9886859966642598252 ) ) ;
#169 = CARTESIAN_POINT ( 'NONE',  ( 19.54687500047795723, 0.01203244043303794072, 0.6893380507331419160 ) ) ;
#170 = CARTESIAN_POINT ( 'NONE',  ( 18.02187500047795865, 0.4100219495864692587, 0.6823911180101192020 ) ) ;
#171 = CARTESIAN_POINT ( 'NONE',  ( 18.12187500047795652, -0.7959790183068626845, 0.01389386544604503775 ) ) ;
#172 = DIRECTION ( 'NONE',  ( 0.000000000000000000, 0.000000000000000000, 1.000000000000000000 ) ) ;
#173 = ADVANCED_FACE ( 'NONE', ( #1191, #1477 ), #54, .T. ) ;
#174 = CARTESIAN_POINT ( 'NONE',  ( 19.69062500047795794, -0.6030004839466659439, -0.3342486262820373866 ) ) ;
#175 = CARTESIAN_POINT ( 'NONE',  ( 19.17187500047796078, 0.7959790183068626845, -0.01389386544604513489 ) ) ;
#176 = CARTESIAN_POINT ( 'NONE',  ( 19.16562500047795936, 0.3859570687203936479, -0.6962849834561642970 ) ) ;
#177 = DIRECTION ( 'NONE',  ( 0.000000000000000000, 0.000000000000000000, -1.000000000000000000 ) ) ;
#178 = ORIENTED_EDGE ( 'NONE', *, *, #260, .F. ) ;
#179 = CARTESIAN_POINT ( 'NONE',  ( 19.54687500047795723, 0.01203244043303794072, 0.6893380507331419160 ) ) ;
#180 = CARTESIAN_POINT ( 'NONE',  ( 0.000000000000000000, 0.1500000000000000500, -0.9886859966642593811 ) ) ;
#181 = CARTESIAN_POINT ( 'NONE',  ( 18.82187500047795936, 0.3859570687203936479, -0.6962849834561642970 ) ) ;
#182 =( BOUNDED_CURVE ( )  B_SPLINE_CURVE ( 2, ( #165, #810, #840, #1158, #1655, #1299, #492, #364, #174, #995, #1962, #532, #1803, #1939, #1006, #698, #1792, #1931, #1289, #1782, #667, #679, #970, #1168, #861, #195, #1146, #1331, #501, #1133, #21, #1972, #1633, #52, #1177, #1474, #328, #1309, #342, #1506, #60, #44, #1620, #33, #522, #1495, #1823, #817, #1484, #1463, #1952, #688, #985, #185, #375, #1016, #353, #829, #510, #1645, #1319, #1814, #1665, #206, #849, #217, #1375, #397, #589, #1027, #266, #407, #1050, #729, #567, #1684, #237, #1541, #1353, #69, #1873, #1527, #1549, #897, #384, #878, #1835, #424, #1384, #1693, #78, #1067, #738, #2013, #1037, #1854, #1365, #2024, #1198, #578, #1711 ),
 .UNSPECIFIED., .F., .F. ) 
 B_SPLINE_CURVE_WITH_KNOTS ( ( 3, 2, 2, 2, 2, 2, 2, 2, 2, 2, 2, 2, 2, 2, 2, 2, 2, 2, 2, 2, 2, 2, 2, 2, 2, 2, 2, 2, 2, 2, 2, 2, 2, 2, 2, 2, 2, 2, 2, 2, 2, 2, 2, 2, 2, 2, 2, 2, 2, 2, 3 ),
 ( 0.01598387934473489980, 0.01851851851851851749, 0.03703703703703703498, 0.05555555555555555247, 0.07407407407407406996, 0.09259259259259258745, 0.1111111111111111049, 0.1296296296296296224, 0.1481481481481481399, 0.1666666666666666297, 0.1851851851851851749, 0.2037037037037036646, 0.2222222222222222099, 0.2407407407407406996, 0.2592592592592592449, 0.2777777777777777901, 0.2962962962962962798, 0.3148148148148147696, 0.3333333333333333148, 0.3518518518518518601, 0.3703703703703704053, 0.3888888888888888951, 0.4074074074074073848, 0.4259259259259258745, 0.4444444444444444198, 0.4629629629629629650, 0.4814814814814815103, 0.5000000000000000000, 0.5185185185185184897, 0.5370370370370370905, 0.5555555555555555802, 0.5740740740740740700, 0.5925925925925925597, 0.6111111111111111605, 0.6296296296296296502, 0.6481481481481481399, 0.6666666666666666297, 0.6851851851851852304, 0.7037037037037037202, 0.7222222222222222099, 0.7407407407407406996, 0.7592592592592593004, 0.7777777777777777901, 0.7962962962962962798, 0.8148148148148147696, 0.8333333333333333703, 0.8518518518518518601, 0.8703703703703703498, 0.8888888888888888395, 0.9074074074074074403, 0.9259259259259259300 ),
 .UNSPECIFIED. ) 
 CURVE ( )  GEOMETRIC_REPRESENTATION_ITEM ( )  RATIONAL_B_SPLINE_CURVE ( ( 0.9683452923086800501, 0.9816628279675705393, 1.000000000000000000, 0.8660254037844387076, 1.000000000000000000, 0.8660254037844387076, 1.000000000000000000, 0.8660254037844387076, 1.000000000000000000, 0.8660254037844387076, 1.000000000000000000, 0.8660254037844387076, 1.000000000000000000, 0.8660254037844387076, 1.000000000000000000, 0.8660254037844387076, 1.000000000000000000, 0.8660254037844387076, 1.000000000000000000, 0.8660254037844387076, 1.000000000000000000, 0.8660254037844387076, 1.000000000000000000, 0.8660254037844387076, 1.000000000000000000, 0.8660254037844387076, 1.000000000000000000, 0.8660254037844387076, 1.000000000000000000, 0.8660254037844387076, 1.000000000000000000, 0.8660254037844387076, 1.000000000000000000, 0.8660254037844387076, 1.000000000000000000, 0.8660254037844387076, 1.000000000000000000, 0.8660254037844387076, 1.000000000000000000, 0.8660254037844387076, 1.000000000000000000, 0.8660254037844387076, 1.000000000000000000, 0.8660254037844387076, 1.000000000000000000, 0.8660254037844387076, 1.000000000000000000, 0.8660254037844387076, 1.000000000000000000, 0.8660254037844387076, 1.000000000000000000, 0.8660254037844387076, 1.000000000000000000, 0.8660254037844387076, 1.000000000000000000, 0.8660254037844387076, 1.000000000000000000, 0.8660254037844387076, 1.000000000000000000, 0.8660254037844387076, 1.000000000000000000, 0.8660254037844387076, 1.000000000000000000, 0.8660254037844387076, 1.000000000000000000, 0.8660254037844387076, 1.000000000000000000, 0.8660254037844387076, 1.000000000000000000, 0.8660254037844387076, 1.000000000000000000, 0.8660254037844387076, 1.000000000000000000, 0.8660254037844387076, 1.000000000000000000, 0.8660254037844387076, 1.000000000000000000, 0.8660254037844387076, 1.000000000000000000, 0.8660254037844387076, 1.000000000000000000, 0.8660254037844387076, 1.000000000000000000, 0.8660254037844387076, 1.000000000000000000, 0.8660254037844387076, 1.000000000000000000, 0.8660254037844387076, 1.000000000000000000, 0.8660254037844387076, 1.000000000000000000, 0.8660254037844387076, 1.000000000000000000, 0.8660254037844387076, 1.000000000000000000, 0.8660254037844387076, 1.000000000000000000, 0.8660254037844387076, 1.000000000000000000, 0.8660254037844387076, 1.000000000000000000 ) ) 
 REPRESENTATION_ITEM ( '' )  );
#183 = CARTESIAN_POINT ( 'NONE',  ( 17.42187500047795723, 0.4100219495864692587, 0.6823911180101194240 ) ) ;
#184 = CARTESIAN_POINT ( 'NONE',  ( 0.5000000000000000000, -0.1499999999999999389, 0.1500000000000006328 ) ) ;
#185 = CARTESIAN_POINT ( 'NONE',  ( 18.56562500047796505, 0.3859570687203936479, -0.6962849834561644080 ) ) ;
#186 = CARTESIAN_POINT ( 'NONE',  ( 19.14687500047795865, 0.5909680435136281940, -0.3550894244511046960 ) ) ;
#187 = VECTOR ( 'NONE', #1595, 1000.000000000000000 ) ;
#188 = CARTESIAN_POINT ( 'NONE',  ( 18.05000000000000071, -0.008726203218641717663, -0.4999238475781968560 ) ) ;
#189 = CARTESIAN_POINT ( 'NONE',  ( 18.03750000095591588, -0.4373098535696989253, -0.2424048101231693342 ) ) ;
#190 = CARTESIAN_POINT ( 'NONE',  ( 19.68750000095591446, 0.4373098535696989808, 0.2424048101231691676 ) ) ;
#191 = CARTESIAN_POINT ( 'NONE',  ( 19.12187500047795652, 0.3859570687203936479, -0.6962849834561642970 ) ) ;
#192 = CARTESIAN_POINT ( 'NONE',  ( 0.5000000000000000000, 0.000000000000000000, -0.1499999999999993283 ) ) ;
#193 = DIRECTION ( 'NONE',  ( 0.000000000000000000, 0.000000000000000000, -1.000000000000000000 ) ) ;
#194 =( BOUNDED_CURVE ( )  B_SPLINE_CURVE ( 2, ( #952, #612, #2061, #1270, #1769, #1121, #778, #811, #1454, #11, #1902, #930, #303, #1601, #1783, #971, #460, #1621, #943, #801, #1249, #1737, #290, #818, #1310, #343, #1804, #175, #186, #1300, #1646, #34, #196, #1485, #1634, #1159, #830, #996, #841, #668, #986, #1464, #680, #1475, #22, #502, #1940, #1148, #1953, #511, #354, #1793, #1908, #1936, #815, #784, #306, #2077, #1928, #488, #938, #498, #1586, #297, #1459, #1131, #1618, #796, #18, #171, #1742, #948, #1097, #1143, #663, #958, #1438, #339, #1449, #1286, #1597, #1752, #1295, #467, #1779, #980, #620, #642, #654, #1764, #152, #4, #1788, #141, #1427, #1630, #325, #183, #966, #1107, #2064 ),
 .UNSPECIFIED., .F., .F. ) 
 B_SPLINE_CURVE_WITH_KNOTS ( ( 3, 2, 2, 2, 2, 2, 2, 2, 2, 2, 2, 2, 2, 2, 2, 2, 2, 2, 2, 2, 2, 2, 2, 2, 2, 2, 2, 2, 2, 2, 2, 2, 2, 2, 2, 2, 2, 2, 2, 2, 2, 2, 2, 2, 2, 2, 2, 2, 2, 2, 3 ),
 ( 0.000000000000000000, 0.01851851851851851749, 0.03703703703703703498, 0.05555555555555554553, 0.07407407407407406996, 0.09259259259259258745, 0.1111111111111110911, 0.1296296296296296224, 0.1481481481481481399, 0.1666666666666666574, 0.1851851851851851749, 0.2037037037037036924, 0.2222222222222221821, 0.2407407407407407274, 0.2592592592592592449, 0.2777777777777777901, 0.2962962962962962798, 0.3148148148148147696, 0.3333333333333333148, 0.3518518518518518601, 0.3703703703703703498, 0.3888888888888888951, 0.4074074074074073848, 0.4259259259259259300, 0.4444444444444443643, 0.4629629629629629650, 0.4814814814814814548, 0.5000000000000000000, 0.5185185185185184897, 0.5370370370370370905, 0.5555555555555555802, 0.5740740740740740700, 0.5925925925925925597, 0.6111111111111111605, 0.6296296296296295392, 0.6481481481481481399, 0.6666666666666666297, 0.6851851851851852304, 0.7037037037037037202, 0.7222222222222222099, 0.7407407407407406996, 0.7592592592592593004, 0.7777777777777777901, 0.7962962962962962798, 0.8148148148148147696, 0.8333333333333333703, 0.8518518518518518601, 0.8703703703703703498, 0.8888888888888887285, 0.9074074074074074403, 0.9099420465811886016 ),
 .UNSPECIFIED. ) 
 CURVE ( )  GEOMETRIC_REPRESENTATION_ITEM ( )  RATIONAL_B_SPLINE_CURVE ( ( 1.000000000000000000, 0.8660254037844387076, 1.000000000000000000, 0.8660254037844387076, 1.000000000000000000, 0.8660254037844387076, 1.000000000000000000, 0.8660254037844387076, 1.000000000000000000, 0.8660254037844387076, 1.000000000000000000, 0.8660254037844387076, 1.000000000000000000, 0.8660254037844387076, 1.000000000000000000, 0.8660254037844387076, 1.000000000000000000, 0.8660254037844387076, 1.000000000000000000, 0.8660254037844387076, 1.000000000000000000, 0.8660254037844387076, 1.000000000000000000, 0.8660254037844387076, 1.000000000000000000, 0.8660254037844387076, 1.000000000000000000, 0.8660254037844387076, 1.000000000000000000, 0.8660254037844387076, 1.000000000000000000, 0.8660254037844387076, 1.000000000000000000, 0.8660254037844387076, 1.000000000000000000, 0.8660254037844387076, 1.000000000000000000, 0.8660254037844387076, 1.000000000000000000, 0.8660254037844387076, 1.000000000000000000, 0.8660254037844387076, 1.000000000000000000, 0.8660254037844387076, 1.000000000000000000, 0.8660254037844387076, 1.000000000000000000, 0.8660254037844387076, 1.000000000000000000, 0.8660254037844387076, 1.000000000000000000, 0.8660254037844387076, 1.000000000000000000, 0.8660254037844387076, 1.000000000000000000, 0.8660254037844387076, 1.000000000000000000, 0.8660254037844387076, 1.000000000000000000, 0.8660254037844387076, 1.000000000000000000, 0.8660254037844387076, 1.000000000000000000, 0.8660254037844387076, 1.000000000000000000, 0.8660254037844387076, 1.000000000000000000, 0.8660254037844387076, 1.000000000000000000, 0.8660254037844387076, 1.000000000000000000, 0.8660254037844387076, 1.000000000000000000, 0.8660254037844387076, 1.000000000000000000, 0.8660254037844387076, 1.000000000000000000, 0.8660254037844387076, 1.000000000000000000, 0.8660254037844387076, 1.000000000000000000, 0.8660254037844387076, 1.000000000000000000, 0.8660254037844387076, 1.000000000000000000, 0.8660254037844387076, 1.000000000000000000, 0.8660254037844387076, 1.000000000000000000, 0.8660254037844387076, 1.000000000000000000, 0.8660254037844387076, 1.000000000000000000, 0.8660254037844387076, 1.000000000000000000, 0.8660254037844387076, 1.000000000000000000, 0.8660254037844387076, 1.000000000000000000, 0.9816628279675883029, 0.9683452923087059183 ) ) 
 REPRESENTATION_ITEM ( '' )  );
#195 = CARTESIAN_POINT ( 'NONE',  ( 19.26562500047795368, 0.4100219495864692587, 0.6823911180101194240 ) ) ;
#196 = CARTESIAN_POINT ( 'NONE',  ( 19.04687500047796078, -0.6030004839466659439, -0.3342486262820373866 ) ) ;
#197 = CARTESIAN_POINT ( 'NONE',  ( 18.02499999999999858, -0.2973573711922269380, -0.4948857718009107565 ) ) ;
#198 = DIRECTION ( 'NONE',  ( -1.000000000000000000, -0.000000000000000000, -0.000000000000000000 ) ) ;
#199 = CARTESIAN_POINT ( 'NONE',  ( 18.82187500047795936, 0.3859570687203936479, -0.6962849834561642970 ) ) ;
#200 = CARTESIAN_POINT ( 'NONE',  ( 18.76250000095592085, 0.5772623359471706905, -0.01007615155457238301 ) ) ;
#201 = CARTESIAN_POINT ( 'NONE',  ( 18.72187500047795439, -0.7959790183068626845, 0.01389386544604503775 ) ) ;
#202 = ORIENTED_EDGE ( 'NONE', *, *, #94, .F. ) ;
#203 = PLANE ( 'NONE',  #843 ) ;
#204 = DIRECTION ( 'NONE',  ( 0.000000000000000000, 1.000000000000000000, -1.844265347643397460E-17 ) ) ;
#205 = CARTESIAN_POINT ( 'NONE',  ( 19.51250000095592085, -0.5772623359471708016, 0.01007615155457231015 ) ) ;
#206 = CARTESIAN_POINT ( 'NONE',  ( 18.31562500047795794, 0.7959790183068626845, -0.01389386544604513489 ) ) ;
#207 = CARTESIAN_POINT ( 'NONE',  ( 18.17500000000000071, 0.2973573711922271046, 0.4948857718009107010 ) ) ;
#208 = CARTESIAN_POINT ( 'NONE',  ( 17.38750000095591730, -0.4285836503510573881, 0.2575190374550274108 ) ) ;
#209 = CARTESIAN_POINT ( 'NONE',  ( 17.49687500047796007, -0.5909680435136284160, 0.3550894244511044184 ) ) ;
#210 = EDGE_CURVE ( 'NONE', #1390, #32, #408, .T. ) ;
#211 = CARTESIAN_POINT ( 'NONE',  ( 19.41250000095592299, 0.2973573711922270491, 0.4948857718009106454 ) ) ;
#212 = B_SPLINE_CURVE_WITH_KNOTS ( 'NONE', 3,
 ( #1968, #42, #540, #867 ),
 .UNSPECIFIED., .F., .F.,
 ( 4, 4 ),
 ( 0.000000000000000000, 1.000000000000000000 ),
 .UNSPECIFIED. ) ;
#213 = DIRECTION ( 'NONE',  ( 0.000000000000000000, 0.000000000000000000, 1.000000000000000000 ) ) ;
#214 = ORIENTED_EDGE ( 'NONE', *, *, #1303, .T. ) ;
#215 = CARTESIAN_POINT ( 'NONE',  ( 0.2500000000001167955, -0.1500000000059850125, 0.9886859966633501084 ) ) ;
#216 = CARTESIAN_POINT ( 'NONE',  ( 19.28750000095591943, -0.008726203218641717663, -0.4999238475781968560 ) ) ;
#217 = CARTESIAN_POINT ( 'NONE',  ( 18.26562500047795368, 0.3859570687203936479, -0.6962849834561644080 ) ) ;
#218 = CARTESIAN_POINT ( 'NONE',  ( 17.75000000000000355, -0.008726203218641717663, -0.4999238475781968560 ) ) ;
#219 = CARTESIAN_POINT ( 'NONE',  ( 17.36250000095591872, -0.2799049647549438635, 0.5049619233554829556 ) ) ;
#220 = CARTESIAN_POINT ( 'NONE',  ( 18.71250000095591659, 0.2799049647549437525, -0.5049619233554829556 ) ) ;
#221 = CARTESIAN_POINT ( 'NONE',  ( 18.59687500047795794, 0.6030004839466659439, 0.3342486262820371090 ) ) ;
#222 = ORIENTED_EDGE ( 'NONE', *, *, #1074, .T. ) ;
#223 = CARTESIAN_POINT ( 'NONE',  ( 17.41922398382599013, 0.001791350904154072506, 0.6500638632532615979 ) ) ;
#224 = PRODUCT_RELATED_PRODUCT_CATEGORY ( 'part', '', ( #1447 ) ) ;
#225 = CARTESIAN_POINT ( 'NONE',  ( 0.000000000000000000, 0.1499999999999971634, 0.9886859966642598252 ) ) ;
#226 = CARTESIAN_POINT ( 'NONE',  ( 0.2211284706040510528, -0.1402701369087537286, 0.9886859966633501084 ) ) ;
#227 = CARTESIAN_POINT ( 'NONE',  ( 19.48750000095591872, -0.4285836503510573881, 0.2575190374550274108 ) ) ;
#228 = PRESENTATION_STYLE_ASSIGNMENT (( #544 ) ) ;
#229 = CARTESIAN_POINT ( 'NONE',  ( 19.14062500047795723, -0.01203244043303785572, -0.6893380507331419160 ) ) ;
#230 = CARTESIAN_POINT ( 'NONE',  ( 19.55000000000000071, -0.008726203218641717663, -0.4999238475781968560 ) ) ;
#231 = CARTESIAN_POINT ( 'NONE',  ( 17.63750000095591730, 0.008726203218641778378, 0.4999238475781968560 ) ) ;
#232 = ORIENTED_EDGE ( 'NONE', *, *, #455, .T. ) ;
#233 = FACE_OUTER_BOUND ( 'NONE', #330, .T. ) ;
#234 = DIRECTION ( 'NONE',  ( -1.000000000000000000, -0.000000000000000000, -0.000000000000000000 ) ) ;
#235 = CARTESIAN_POINT ( 'NONE',  ( 18.98750000095591517, -0.008726203218641717663, -0.4999238475781968560 ) ) ;
#236 = ADVANCED_FACE ( 'NONE', ( #1497 ), #821, .F. ) ;
#237 = CARTESIAN_POINT ( 'NONE',  ( 17.99062500047795865, 0.5909680435136281940, -0.3550894244511046960 ) ) ;
#238 = CARTESIAN_POINT ( 'NONE',  ( 18.86562500047795510, 0.3859570687203936479, -0.6962849834561642970 ) ) ;
#239 = CARTESIAN_POINT ( 'NONE',  ( 0.000000000000000000, 0.1500000000000000500, 0.000000000000000000 ) ) ;
#240 = CARTESIAN_POINT ( 'NONE',  ( 17.58750000095591659, 0.4373098535696989808, 0.2424048101231691676 ) ) ;
#241 = ORIENTED_EDGE ( 'NONE', *, *, #707, .T. ) ;
#242 = CARTESIAN_POINT ( 'NONE',  ( 17.47374016751422587, -0.4138745364963603568, -0.3734322716188177016 ) ) ;
#243 = UNCERTAINTY_MEASURE_WITH_UNIT (LENGTH_MEASURE( 1.000000000000000082E-05 ), #415, 'distance_accuracy_value', 'NONE');
#244 = AXIS2_PLACEMENT_3D ( 'NONE', #1398, #941, #1589 ) ;
#245 = FACE_OUTER_BOUND ( 'NONE', #1722, .T. ) ;
#246 = CARTESIAN_POINT ( 'NONE',  ( 19.71562500047795652, -0.4100219495864690367, -0.6823911180101194240 ) ) ;
#247 = CARTESIAN_POINT ( 'NONE',  ( 18.31250000095591801, -0.5772623359471708016, 0.01007615155457231015 ) ) ;
#248 = FILL_AREA_STYLE_COLOUR ( '', #856 ) ;
#249 = ADVANCED_FACE ( 'NONE', ( #345 ), #700, .F. ) ;
#250 = CARTESIAN_POINT ( 'NONE',  ( 17.66562500047795581, 0.3859570687203936479, -0.6962849834561642970 ) ) ;
#251 = CARTESIAN_POINT ( 'NONE',  ( 19.73750000095592227, -0.3440349187183895374, 0.3628222356780690938 ) ) ;
#252 = CARTESIAN_POINT ( 'NONE',  ( 0.2114692942514267149, -0.1285876004606198442, 0.9886859966642596032 ) ) ;
#253 = CARTESIAN_POINT ( 'NONE',  ( 19.73750000095592227, -0.3440349187183895374, 0.3628222356780691493 ) ) ;
#254 = CARTESIAN_POINT ( 'NONE',  ( 19.56562500047795794, 0.4100219495864692587, 0.6823911180101192020 ) ) ;
#255 = LINE ( 'NONE', #1189, #756 ) ;
#256 = CARTESIAN_POINT ( 'NONE',  ( 18.84062500047795652, -0.01203244043303785572, -0.6893380507331419160 ) ) ;
#257 = CARTESIAN_POINT ( 'NONE',  ( 19.84687500047795794, 0.000000000000000000, 0.000000000000000000 ) ) ;
#258 = CARTESIAN_POINT ( 'NONE',  ( 17.79687500047795723, -0.5909680435136284160, 0.3550894244511044184 ) ) ;
#259 = CARTESIAN_POINT ( 'NONE',  ( 0.2218796300692086609, -0.1397005359864547935, 0.9886859966642598252 ) ) ;
#260 = EDGE_CURVE ( 'NONE', #1895, #745, #1171, .T. ) ;
#261 = ORIENTED_EDGE ( 'NONE', *, *, #1277, .T. ) ;
#262 = DIRECTION ( 'NONE',  ( 0.000000000000000000, 1.000000000000000000, 0.000000000000000000 ) ) ;
#263 = UNCERTAINTY_MEASURE_WITH_UNIT (LENGTH_MEASURE( 1.000000000000000082E-05 ), #1767, 'distance_accuracy_value', 'NONE');
#264 = CARTESIAN_POINT ( 'NONE',  ( 0.000000000000000000, 0.7348469228349518989, -0.1499999999999989397 ) ) ;
#265 = CARTESIAN_POINT ( 'NONE',  ( 17.89062500047795723, -0.6030004839466659439, -0.3342486262820373866 ) ) ;
#266 = CARTESIAN_POINT ( 'NONE',  ( 18.14062500047795723, -0.5909680435136284160, 0.3550894244511044184 ) ) ;
#267 = AXIS2_PLACEMENT_3D ( 'NONE', #828, #993, #705 ) ;
#268 = CARTESIAN_POINT ( 'NONE',  ( 18.11562500047795865, -0.3859570687203937589, 0.6962849834561642970 ) ) ;
#269 = CARTESIAN_POINT ( 'NONE',  ( 19.14999999999999858, -0.4285836503510573881, 0.2575190374550274108 ) ) ;
#270 = CARTESIAN_POINT ( 'NONE',  ( 17.44687500047795936, 0.01203244043303794072, 0.6893380507331419160 ) ) ;
#271 = AXIS2_PLACEMENT_3D ( 'NONE', #479, #144, #1120 ) ;
#272 = CARTESIAN_POINT ( 'NONE',  ( 18.06250000095591801, -0.2973573711922269380, -0.4948857718009107565 ) ) ;
#273 = ORIENTED_EDGE ( 'NONE', *, *, #1277, .F. ) ;
#274 = EDGE_CURVE ( 'NONE', #1840, #1840, #104, .T. ) ;
#275 = CARTESIAN_POINT ( 'NONE',  ( 19.73750000095591872, 0.008726203218641778378, 0.4999238475781968560 ) ) ;
#276 = CARTESIAN_POINT ( 'NONE',  ( 18.59062500047795652, 0.5909680435136281940, -0.3550894244511046960 ) ) ;
#277 = DIRECTION ( 'NONE',  ( 0.000000000000000000, 0.000000000000000000, 1.000000000000000000 ) ) ;
#278 = ORIENTED_EDGE ( 'NONE', *, *, #321, .T. ) ;
#279 = CARTESIAN_POINT ( 'NONE',  ( 17.64999999999999858, -0.4285836503510573881, 0.2575190374550274108 ) ) ;
#280 = CARTESIAN_POINT ( 'NONE',  ( 17.52187500047795865, -0.7959790183068626845, 0.01389386544604503775 ) ) ;
#281 = ORIENTED_EDGE ( 'NONE', *, *, #1019, .T. ) ;
#282 = STYLED_ITEM ( 'NONE', ( #228 ), #512 ) ;
#283 = CARTESIAN_POINT ( 'NONE',  ( 19.57499999999999929, 0.2799049647549438080, -0.5049619233554829556 ) ) ;
#284 = ORIENTED_EDGE ( 'NONE', *, *, #1240, .T. ) ;
#285 = CARTESIAN_POINT ( 'NONE',  ( 18.34062500047795652, 0.6030004839466659439, 0.3342486262820371090 ) ) ;
#286 = DIRECTION ( 'NONE',  ( 0.000000000000000000, 0.000000000000000000, 1.000000000000000000 ) ) ;
#287 = ORIENTED_EDGE ( 'NONE', *, *, #1084, .T. ) ;
#288 = CARTESIAN_POINT ( 'NONE',  ( 17.36145833381129222, 0.5909680435136284160, -0.3550894244511048070 ) ) ;
#289 = CARTESIAN_POINT ( 'NONE',  ( 18.07499999999999929, 0.2799049647549437525, -0.5049619233554829556 ) ) ;
#290 = CARTESIAN_POINT ( 'NONE',  ( 19.29687500047796078, -0.5909680435136284160, 0.3550894244511044184 ) ) ;
#291 = ORIENTED_EDGE ( 'NONE', *, *, #2009, .F. ) ;
#292 = CARTESIAN_POINT ( 'NONE',  ( 19.82499999999999929, -0.2973573711922269380, -0.4948857718009107565 ) ) ;
#293 = ORIENTED_EDGE ( 'NONE', *, *, #494, .T. ) ;
#294 = DIRECTION ( 'NONE',  ( 0.000000000000000000, 0.000000000000000000, 1.000000000000000000 ) ) ;
#295 = CARTESIAN_POINT ( 'NONE',  ( 17.34687500047795794, 0.5909680435136281940, -0.3550894244511046960 ) ) ;
#296 = CARTESIAN_POINT ( 'NONE',  ( 18.96562500047795652, 0.4100219495864692587, 0.6823911180101192020 ) ) ;
#297 = CARTESIAN_POINT ( 'NONE',  ( 18.27187500047796220, 0.7959790183068626845, -0.01389386544604513489 ) ) ;
#298 = DIRECTION ( 'NONE',  ( 1.000000000000000000, 0.000000000000000000, -0.000000000000000000 ) ) ;
#299 = ORIENTED_EDGE ( 'NONE', *, *, #260, .T. ) ;
#300 = ADVANCED_FACE ( 'NONE', ( #1201 ), #876, .T. ) ;
#301 = CARTESIAN_POINT ( 'NONE',  ( 18.42500000000000071, 0.5772623359471706905, -0.01007615155457238301 ) ) ;
#302 = VECTOR ( 'NONE', #1801, 1000.000000000000000 ) ;
#303 = CARTESIAN_POINT ( 'NONE',  ( 19.54687500047795723, 0.01203244043303794072, 0.6893380507331419160 ) ) ;
#304 = CARTESIAN_POINT ( 'NONE',  ( 19.84999999999999787, -0.008726203218641717663, -0.4999238475781968560 ) ) ;
#305 = CARTESIAN_POINT ( 'NONE',  ( 18.06562500047795439, 0.4100219495864692587, 0.6823911180101192020 ) ) ;
#306 = CARTESIAN_POINT ( 'NONE',  ( 18.44687500047795936, -0.6030004839466659439, -0.3342486262820373866 ) ) ;
#307 = DIRECTION ( 'NONE',  ( 0.000000000000000000, 0.000000000000000000, 1.000000000000000000 ) ) ;
#308 = ORIENTED_EDGE ( 'NONE', *, *, #695, .T. ) ;
#309 = CARTESIAN_POINT ( 'NONE',  ( 18.02499999999999858, -0.2973573711922269380, -0.4948857718009107565 ) ) ;
#310 = DIRECTION ( 'NONE',  ( -1.000000000000000000, -0.000000000000000000, -0.000000000000000000 ) ) ;
#311 = CARTESIAN_POINT ( 'NONE',  ( 19.14999999999999858, -0.4285836503510573881, 0.2575190374550274108 ) ) ;
#312 = DIRECTION ( 'NONE',  ( 0.000000000000000000, 0.000000000000000000, -1.000000000000000000 ) ) ;
#313 = CARTESIAN_POINT ( 'NONE',  ( 17.44062500047795439, 0.6030004839466659439, 0.3342486262820371090 ) ) ;
#314 = CARTESIAN_POINT ( 'NONE',  ( 18.72187500047795439, -0.7959790183068626845, 0.01389386544604503775 ) ) ;
#315 = PLANE ( 'NONE',  #609 ) ;
#316 = CARTESIAN_POINT ( 'NONE',  ( 0.5000000000000000000, 0.000000000000000000, 0.9886859966642598252 ) ) ;
#317 = ORIENTED_EDGE ( 'NONE', *, *, #695, .F. ) ;
#318 = DIRECTION ( 'NONE',  ( -1.000000000000000000, -0.000000000000000000, -0.000000000000000000 ) ) ;
#319 = CARTESIAN_POINT ( 'NONE',  ( 1.817571523527921472E-17, 0.1500000000000000777, 0.000000000000000000 ) ) ;
#320 = CARTESIAN_POINT ( 'NONE',  ( 18.42500000000000071, 0.5772623359471708016, -0.01007615155457238301 ) ) ;
#321 = EDGE_CURVE ( 'NONE', #762, #1135, #2004, .T. ) ;
#322 = CARTESIAN_POINT ( 'NONE',  ( 0.2500000000000000000, 0.000000000000000000, 0.000000000000000000 ) ) ;
#323 = CARTESIAN_POINT ( 'NONE',  ( 18.67187500047796078, -0.3859570687203937589, 0.6962849834561642970 ) ) ;
#324 = CARTESIAN_POINT ( 'NONE',  ( 18.42187500047796078, -0.7959790183068626845, 0.01389386544604503775 ) ) ;
#325 = CARTESIAN_POINT ( 'NONE',  ( 17.44687500047795936, 0.01203244043303794072, 0.6893380507331419160 ) ) ;
#326 = CARTESIAN_POINT ( 'NONE',  ( 0.000000000000000000, 2.766398021465107823E-18, 0.1500000000000006328 ) ) ;
#327 = EDGE_LOOP ( 'NONE', ( #1878, #1859, #855 ) ) ;
#328 = CARTESIAN_POINT ( 'NONE',  ( 18.99062500047795510, 0.01203244043303794072, 0.6893380507331419160 ) ) ;
#329 = DIRECTION ( 'NONE',  ( -1.000000000000000000, 0.000000000000000000, -0.000000000000000000 ) ) ;
#330 = EDGE_LOOP ( 'NONE', ( #122, #1043, #1089, #164 ) ) ;
#331 = B_SPLINE_CURVE_WITH_KNOTS ( 'NONE', 3,
 ( #1436, #639, #1915, #474 ),
 .UNSPECIFIED., .F., .F.,
 ( 4, 4 ),
 ( 0.000000000000000000, 0.1249895143047132784 ),
 .UNSPECIFIED. ) ;
#332 = CARTESIAN_POINT ( 'NONE',  ( 19.49062500047795510, 0.5909680435136281940, -0.3550894244511046960 ) ) ;
#333 = CIRCLE ( 'NONE', #68, 0.7499999999999983347 ) ;
#334 = CARTESIAN_POINT ( 'NONE',  ( 19.66250000095591943, 0.5772623359471706905, -0.01007615155457238301 ) ) ;
#335 = CARTESIAN_POINT ( 'NONE',  ( 19.17187500047795723, 0.7959790183068626845, -0.01389386544604513316 ) ) ;
#336 = CLOSED_SHELL ( 'NONE', ( #173, #1772, #1435, #1579, #249, #1944, #531, #1451, #1827, #1204, #1529, #793, #1716, #481, #754, #1178, #82, #1049, #1124, #300, #148, #2037, #1423, #417, #1616, #902, #779, #869, #1329, #1982, #1503, #615, #236, #831 ) ) ;
#337 = EDGE_CURVE ( 'NONE', #1900, #1632, #1520, .T. ) ;
#338 = CARTESIAN_POINT ( 'NONE',  ( 17.82187500047795936, -0.7959790183068626845, 0.01389386544604503775 ) ) ;
#339 = CARTESIAN_POINT ( 'NONE',  ( 17.92187500047795723, 0.3859570687203936479, -0.6962849834561644080 ) ) ;
#340 = CARTESIAN_POINT ( 'NONE',  ( 0.5000000000000000000, 0.000000000000000000, 0.9886859966642598252 ) ) ;
#341 = ORIENTED_EDGE ( 'NONE', *, *, #1603, .F. ) ;
#342 = CARTESIAN_POINT ( 'NONE',  ( 18.94062500047795794, 0.6030004839466659439, 0.3342486262820371090 ) ) ;
#343 = CARTESIAN_POINT ( 'NONE',  ( 19.22187500047795794, 0.4100219495864692587, 0.6823911180101194240 ) ) ;
#344 = CARTESIAN_POINT ( 'NONE',  ( 17.97500000000000142, -0.5772623359471708016, 0.01007615155457231015 ) ) ;
#345 = FACE_OUTER_BOUND ( 'NONE', #1791, .T. ) ;
#346 = CARTESIAN_POINT ( 'NONE',  ( 17.39687500047795865, 0.6030004839466659439, 0.3342486262820371090 ) ) ;
#347 = CARTESIAN_POINT ( 'NONE',  ( 19.57187500047795581, -0.3859570687203937589, 0.6962849834561642970 ) ) ;
#348 = CARTESIAN_POINT ( 'NONE',  ( 19.03750000095591943, 0.4285836503510572215, -0.2575190374550276329 ) ) ;
#349 = CARTESIAN_POINT ( 'NONE',  ( 17.64062500047795723, -0.01203244043303785572, -0.6893380507331419160 ) ) ;
#350 = CARTESIAN_POINT ( 'NONE',  ( 18.09687500047795794, -0.5909680435136284160, 0.3550894244511044184 ) ) ;
#351 = CARTESIAN_POINT ( 'NONE',  ( 0.2500000000000000000, 0.000000000000000000, 0.000000000000000000 ) ) ;
#352 = DIRECTION ( 'NONE',  ( -1.000000000000000000, -0.000000000000000000, -0.000000000000000000 ) ) ;
#353 = CARTESIAN_POINT ( 'NONE',  ( 18.49062500047795865, -0.6030004839466659439, -0.3342486262820373866 ) ) ;
#354 = CARTESIAN_POINT ( 'NONE',  ( 18.59687500047795794, 0.6030004839466659439, 0.3342486262820371090 ) ) ;
#355 = CARTESIAN_POINT ( 'NONE',  ( 19.86562500047795510, 0.4100219495864692587, 0.6823911180101192020 ) ) ;
#356 = CARTESIAN_POINT ( 'NONE',  ( 18.21250000095591659, 0.2973573711922271046, 0.4948857718009107010 ) ) ;
#357 = CARTESIAN_POINT ( 'NONE',  ( 18.99687500047795652, -0.5909680435136284160, 0.3550894244511044184 ) ) ;
#358 = CARTESIAN_POINT ( 'NONE',  ( 19.16250000095592299, -0.2799049647549438635, 0.5049619233554828446 ) ) ;
#359 = COLOUR_RGB ( '',0.7921568627450980005, 0.8196078431372548767, 0.9333333333333333481 ) ;
#360 = CARTESIAN_POINT ( 'NONE',  ( 19.49687500047795652, 0.6030004839466659439, 0.3342486262820371090 ) ) ;
#361 = LINE ( 'NONE', #1003, #874 ) ;
#362 = CARTESIAN_POINT ( 'NONE',  ( 0.7499999999999983347, 0.000000000000000000, 0.000000000000000000 ) ) ;
#363 = CARTESIAN_POINT ( 'NONE',  ( 19.31250000095592156, 0.2799049647549438080, -0.5049619233554829556 ) ) ;
#364 = CARTESIAN_POINT ( 'NONE',  ( 19.71562500047795652, -0.4100219495864690367, -0.6823911180101194240 ) ) ;
#365 = EDGE_CURVE ( 'NONE', #635, #1033, #1773, .T. ) ;
#366 = CARTESIAN_POINT ( 'NONE',  ( 19.56562500047795794, 0.4100219495864692587, 0.6823911180101192020 ) ) ;
#367 = CARTESIAN_POINT ( 'NONE',  ( 17.63750000095591730, 0.008726203218641778378, 0.4999238475781968560 ) ) ;
#368 = CARTESIAN_POINT ( 'NONE',  ( 17.54687500047795723, -0.6030004839466659439, -0.3342486262820373866 ) ) ;
#369 = CARTESIAN_POINT ( 'NONE',  ( 18.63750000095591730, -0.4373098535696989253, -0.2424048101231693342 ) ) ;
#370 = CARTESIAN_POINT ( 'NONE',  ( 17.87187500047795652, -0.4100219495864690367, -0.6823911180101194240 ) ) ;
#371 = LINE ( 'NONE', #225, #2 ) ;
#372 = DIRECTION ( 'NONE',  ( 0.000000000000000000, 0.000000000000000000, 1.000000000000000000 ) ) ;
#373 = CARTESIAN_POINT ( 'NONE',  ( 19.01250000095591375, 0.2799049647549438080, -0.5049619233554829556 ) ) ;
#374 = AXIS2_PLACEMENT_3D ( 'NONE', #1703, #731, #93 ) ;
#375 = CARTESIAN_POINT ( 'NONE',  ( 18.54062500047795581, -0.01203244043303785572, -0.6893380507331419160 ) ) ;
#376 = CARTESIAN_POINT ( 'NONE',  ( 19.54062500047795581, 0.6030004839466659439, 0.3342486262820371090 ) ) ;
#377 = CARTESIAN_POINT ( 'NONE',  ( 17.61250000095591872, 0.2973573711922271046, 0.4948857718009107010 ) ) ;
#378 = EDGE_CURVE ( 'NONE', #962, #1758, #1920, .T. ) ;
#379 = DIRECTION ( 'NONE',  ( 1.000000000000000000, 0.000000000000000000, 0.000000000000000000 ) ) ;
#380 = DIRECTION ( 'NONE',  ( -0.000000000000000000, 0.000000000000000000, 1.000000000000000000 ) ) ;
#381 = CARTESIAN_POINT ( 'NONE',  ( 17.47906697635878359, -0.3198871193309668626, -0.4453670082708483524 ) ) ;
#382 = CARTESIAN_POINT ( 'NONE',  ( 0.7500000000000000000, 0.000000000000000000, 0.000000000000000000 ) ) ;
#383 = CARTESIAN_POINT ( 'NONE',  ( 19.36562500047795865, -0.7959790183068626845, 0.01389386544604503775 ) ) ;
#384 = CARTESIAN_POINT ( 'NONE',  ( 17.79062500047795581, 0.01203244043303794072, 0.6893380507331419160 ) ) ;
#385 = CARTESIAN_POINT ( 'NONE',  ( 17.89062500047795723, -0.6030004839466659439, -0.3342486262820373866 ) ) ;
#386 = CARTESIAN_POINT ( 'NONE',  ( 18.57500000000000284, -0.5772623359471706905, 0.01007615155457231015 ) ) ;
#387 = CARTESIAN_POINT ( 'NONE',  ( 18.94687500047795581, 0.01203244043303794072, 0.6893380507331419160 ) ) ;
#388 = CARTESIAN_POINT ( 'NONE',  ( 18.23750000095591517, 0.008726203218641778378, 0.4999238475781968560 ) ) ;
#389 = CARTESIAN_POINT ( 'NONE',  ( 17.64687500047795865, 0.5909680435136281940, -0.3550894244511046960 ) ) ;
#390 = ORIENTED_EDGE ( 'NONE', *, *, #1383, .T. ) ;
#391 = ORIENTED_EDGE ( 'NONE', *, *, #1084, .F. ) ;
#392 = EDGE_CURVE ( 'NONE', #1610, #1123, #1100, .T. ) ;
#393 = DIRECTION ( 'NONE',  ( 0.000000000000000000, 0.000000000000000000, 1.000000000000000000 ) ) ;
#394 = CIRCLE ( 'NONE', #1933, 0.7499999999999983347 ) ;
#395 = FACE_OUTER_BOUND ( 'NONE', #1717, .T. ) ;
#396 = CARTESIAN_POINT ( 'NONE',  ( 18.51250000095591730, 0.2973573711922271046, 0.4948857718009107010 ) ) ;
#397 = CARTESIAN_POINT ( 'NONE',  ( 18.21562500047795652, -0.4100219495864690367, -0.6823911180101194240 ) ) ;
#398 = CARTESIAN_POINT ( 'NONE',  ( 18.49062500047795865, -0.6030004839466659439, -0.3342486262820373866 ) ) ;
#399 = CARTESIAN_POINT ( 'NONE',  ( 19.62500000000000000, 0.5772623359471706905, -0.01007615155457238301 ) ) ;
#400 = CARTESIAN_POINT ( 'NONE',  ( 19.04687500047796078, -0.6030004839466659439, -0.3342486262820373866 ) ) ;
#401 = CARTESIAN_POINT ( 'NONE',  ( 18.43750000095591801, 0.4285836503510572215, -0.2575190374550276329 ) ) ;
#402 = CARTESIAN_POINT ( 'NONE',  ( 17.39062500047795723, 0.5909680435136281940, -0.3550894244511046960 ) ) ;
#403 = CARTESIAN_POINT ( 'NONE',  ( 0.2112606574110782176, 0.1283343564394089087, 0.9887085768299629374 ) ) ;
#404 = LINE ( 'NONE', #1872, #1981 ) ;
#405 = EDGE_CURVE ( 'NONE', #2042, #1758, #1825, .T. ) ;
#406 = CARTESIAN_POINT ( 'NONE',  ( 18.63750000095591730, -0.4373098535696989253, -0.2424048101231693342 ) ) ;
#407 = CARTESIAN_POINT ( 'NONE',  ( 18.11562500047795865, -0.3859570687203937589, 0.6962849834561644080 ) ) ;
#408 = CIRCLE ( 'NONE', #1587, 0.6894430562500014625 ) ;
#409 = CARTESIAN_POINT ( 'NONE',  ( 18.39062500047795368, 0.01203244043303794072, 0.6893380507331419160 ) ) ;
#410 = CARTESIAN_POINT ( 'NONE',  ( 19.07499999999999929, 0.2973573711922270491, 0.4948857718009106454 ) ) ;
#411 = CARTESIAN_POINT ( 'NONE',  ( 17.96250000095592014, -0.2799049647549438635, 0.5049619233554828446 ) ) ;
#412 = ORIENTED_EDGE ( 'NONE', *, *, #520, .T. ) ;
#413 = CARTESIAN_POINT ( 'NONE',  ( 19.75843302459713158, -0.5472069903685171655, -0.03527110519695893232 ) ) ;
#414 = LINE ( 'NONE', #586, #1369 ) ;
#415 =( LENGTH_UNIT ( ) NAMED_UNIT ( * ) SI_UNIT ( .MILLI., .METRE. ) );
#416 = VECTOR ( 'NONE', #163, 1000.000000000000000 ) ;
#417 = ADVANCED_FACE ( 'NONE', ( #2068 ), #633, .F. ) ;
#418 = CARTESIAN_POINT ( 'NONE',  ( 18.04062500047795581, 0.6030004839466659439, 0.3342486262820371090 ) ) ;
#419 = CARTESIAN_POINT ( 'NONE',  ( 18.70000000000000284, 0.4285836503510572215, -0.2575190374550276329 ) ) ;
#420 = CARTESIAN_POINT ( 'NONE',  ( 18.31250000095591801, -0.5772623359471706905, 0.01007615155457231015 ) ) ;
#421 = ORIENTED_EDGE ( 'NONE', *, *, #1110, .F. ) ;
#422 = CARTESIAN_POINT ( 'NONE',  ( 19.80066545775403952, 0.1728570953092021800, -0.5953138659217970252 ) ) ;
#423 = CARTESIAN_POINT ( 'NONE',  ( 17.86562500047795865, -0.7959790183068626845, 0.01389386544604503775 ) ) ;
#424 = CARTESIAN_POINT ( 'NONE',  ( 17.71562500047795652, 0.7959790183068626845, -0.01389386544604513489 ) ) ;
#425 = ORIENTED_EDGE ( 'NONE', *, *, #891, .F. ) ;
#426 = CARTESIAN_POINT ( 'NONE',  ( 18.34062500047795652, 0.6030004839466659439, 0.3342486262820371090 ) ) ;
#427 = CARTESIAN_POINT ( 'NONE',  ( 19.20000000000000284, -0.4373098535696989253, -0.2424048101231693342 ) ) ;
#428 = CARTESIAN_POINT ( 'NONE',  ( 18.57187500047795936, 0.7959790183068626845, -0.01389386544604513316 ) ) ;
#429 = ORIENTED_EDGE ( 'NONE', *, *, #1265, .F. ) ;
#430 = EDGE_CURVE ( 'NONE', #1770, #1594, #908, .T. ) ;
#431 = CARTESIAN_POINT ( 'NONE',  ( 20.00000000000000000, 0.008726203218641778378, 0.4999238475781968560 ) ) ;
#432 = ORIENTED_EDGE ( 'NONE', *, *, #656, .T. ) ;
#433 = CARTESIAN_POINT ( 'NONE',  ( 0.2500000000005547784, 0.1500000000000000500, -0.9886859966642593811 ) ) ;
#434 = CARTESIAN_POINT ( 'NONE',  ( 0.2112606574110782176, 0.1283343564394089087, 0.9886859966640205721 ) ) ;
#435 = CARTESIAN_POINT ( 'NONE',  ( 18.19062500047795794, -0.6030004839466659439, -0.3342486262820373866 ) ) ;
#436 = CIRCLE ( 'NONE', #267, 0.5000000000000024425 ) ;
#437 = LINE ( 'NONE', #1460, #416 ) ;
#438 = ORIENTED_EDGE ( 'NONE', *, *, #455, .F. ) ;
#439 = CARTESIAN_POINT ( 'NONE',  ( 18.07187500047795581, -0.3859570687203937589, 0.6962849834561642970 ) ) ;
#440 = CARTESIAN_POINT ( 'NONE',  ( 18.89999999999999858, -0.4373098535696989253, -0.2424048101231693342 ) ) ;
#441 = EDGE_LOOP ( 'NONE', ( #1258, #927 ) ) ;
#442 = CARTESIAN_POINT ( 'NONE',  ( 0.2500000000000007216, -0.1499999999999999389, 0.9886859966642598252 ) ) ;
#443 = CARTESIAN_POINT ( 'NONE',  ( 0.2114334654313151651, 0.1285442393609589062, 0.9886859966642598252 ) ) ;
#444 = CARTESIAN_POINT ( 'NONE',  ( 17.74062500047795865, 0.6030004839466659439, 0.3342486262820371090 ) ) ;
#445 = CARTESIAN_POINT ( 'NONE',  ( 18.69687500047795936, -0.5909680435136284160, 0.3550894244511044184 ) ) ;
#446 =( NAMED_UNIT ( * ) SI_UNIT ( $, .STERADIAN. ) SOLID_ANGLE_UNIT ( ) );
#447 = CARTESIAN_POINT ( 'NONE',  ( 18.22500000000000142, -0.2799049647549438635, 0.5049619233554828446 ) ) ;
#448 =( NAMED_UNIT ( * ) PLANE_ANGLE_UNIT ( ) SI_UNIT ( $, .RADIAN. ) );
#449 = ORIENTED_EDGE ( 'NONE', *, *, #684, .F. ) ;
#450 = PRESENTATION_LAYER_ASSIGNMENT (  '', '', ( #1428 ) ) ;
#451 = CARTESIAN_POINT ( 'NONE',  ( 19.59999999999999787, 0.4285836503510572215, -0.2575190374550276329 ) ) ;
#452 = ORIENTED_EDGE ( 'NONE', *, *, #1884, .T. ) ;
#453 = FACE_OUTER_BOUND ( 'NONE', #2031, .T. ) ;
#454 = CARTESIAN_POINT ( 'NONE',  ( 18.79062500047795581, -0.6030004839466659439, -0.3342486262820373866 ) ) ;
#455 = EDGE_CURVE ( 'NONE', #1339, #32, #182, .T. ) ;
#456 = DIRECTION ( 'NONE',  ( 0.000000000000000000, -0.000000000000000000, 1.000000000000000000 ) ) ;
#457 = ORIENTED_EDGE ( 'NONE', *, *, #560, .F. ) ;
#458 = CARTESIAN_POINT ( 'NONE',  ( 17.56562500047795794, -0.7959790183068626845, 0.01389386544604503775 ) ) ;
#459 = CARTESIAN_POINT ( 'NONE',  ( 17.52499999999999858, 0.5772623359471706905, -0.01007615155457238301 ) ) ;
#460 = CARTESIAN_POINT ( 'NONE',  ( 19.44687500047795581, 0.5909680435136281940, -0.3550894244511046960 ) ) ;
#461 = CARTESIAN_POINT ( 'NONE',  ( 19.34999999999999787, 0.4373098535696989808, 0.2424048101231691676 ) ) ;
#462 =( BOUNDED_SURFACE ( )  B_SPLINE_SURFACE ( 1, 2, ( 
 ( #431, #1073, #117, #1241, #1262, #1272, #304, #292, #636, #1125, #128, #921, #1, #1760, #157, #1913, #451, #283, #931, #1904, #1433, #167, #772, #812, #147, #1582, #461, #1894, #802, #790, #1102, #953, #614, #1883, #311, #1572, #944, #472, #1923, #1748, #1251, #1602, #649, #1094, #440, #602, #1083, #2053, #1593, #1443, #1726, #138, #1411, #780, #1114, #1738, #1282, #1422, #482, #2062, #626, #1771, #2071, #320, #961, #1455, #1612, #1465, #1656, #842, #862, #832, #689, #207, #850, #1784, #1648, #1666, #188, #197, #669, #344, #1496, #533, #1160, #1136, #1301, #987, #1170, #820, #218, #1941, #1320, #12, #503, #523, #1805, #24, #1932, #1963, #1476 ),
 ( #53, #355, #699, #1179, #36, #1815, #681, #1333, #1973, #1824, #1486, #658, #1311, #366, #376, #1017, #332, #45, #1293, #1954, #1007, #1149, #1636, #493, #973, #998, #1623, #1794, #513, #176, #229, #1069, #71, #92, #1712, #720, #2015, #1210, #871, #1344, #1376, #238, #256, #709, #1530, #1836, #1551, #1856, #101, #590, #879, #580, #80, #898, #1702, #1190, #398, #546, #1230, #747, #409, #730, #426, #889, #1220, #1846, #568, #1200, #1386, #1993, #1866, #268, #61, #1366, #418, #1051, #1038, #1542, #2025, #1028, #385, #1507, #1059, #1983, #1675, #1355, #1519, #1686, #2003, #250, #558, #1694, #1119, #458, #610, #776, #123, #1111, #1099, #1419, #1268 ) ),
 .UNSPECIFIED., .F., .F., .T. ) 
 B_SPLINE_SURFACE_WITH_KNOTS ( ( 2, 2 ),
 ( 3, 2, 2, 2, 2, 2, 2, 2, 2, 2, 2, 2, 2, 2, 2, 2, 2, 2, 2, 2, 2, 2, 2, 2, 2, 2, 2, 2, 2, 2, 2, 2, 2, 2, 2, 2, 2, 2, 2, 2, 2, 2, 2, 2, 2, 2, 2, 2, 2, 2, 3 ),
 ( 0.000000000000000000, 1.000000000000000000 ),
 ( 0.000000000000000000, 0.01851851851851851749, 0.03703703703703703498, 0.05555555555555555247, 0.07407407407407406996, 0.09259259259259258745, 0.1111111111111111049, 0.1296296296296296224, 0.1481481481481481399, 0.1666666666666666574, 0.1851851851851851749, 0.2037037037037036924, 0.2222222222222222099, 0.2407407407407407274, 0.2592592592592592449, 0.2777777777777777901, 0.2962962962962962798, 0.3148148148148148251, 0.3333333333333333148, 0.3518518518518518601, 0.3703703703703703498, 0.3888888888888888951, 0.4074074074074073848, 0.4259259259259259300, 0.4444444444444444198, 0.4629629629629629650, 0.4814814814814814548, 0.5000000000000000000, 0.5185185185185184897, 0.5370370370370370905, 0.5555555555555555802, 0.5740740740740740700, 0.5925925925925925597, 0.6111111111111111605, 0.6296296296296296502, 0.6481481481481481399, 0.6666666666666666297, 0.6851851851851852304, 0.7037037037037037202, 0.7222222222222222099, 0.7407407407407406996, 0.7592592592592593004, 0.7777777777777777901, 0.7962962962962962798, 0.8148148148148147696, 0.8333333333333333703, 0.8518518518518518601, 0.8703703703703703498, 0.8888888888888888395, 0.9074074074074074403, 0.9259259259259259300 ),
 .UNSPECIFIED. ) 
 GEOMETRIC_REPRESENTATION_ITEM ( )  RATIONAL_B_SPLINE_SURFACE ( (
 ( 1.000000000000000000, 0.8660254037844387076, 1.000000000000000000, 0.8660254037844387076, 1.000000000000000000, 0.8660254037844387076, 1.000000000000000000, 0.8660254037844387076, 1.000000000000000000, 0.8660254037844387076, 1.000000000000000000, 0.8660254037844387076, 1.000000000000000000, 0.8660254037844387076, 1.000000000000000000, 0.8660254037844387076, 1.000000000000000000, 0.8660254037844387076, 1.000000000000000000, 0.8660254037844387076, 1.000000000000000000, 0.8660254037844387076, 1.000000000000000000, 0.8660254037844387076, 1.000000000000000000, 0.8660254037844387076, 1.000000000000000000, 0.8660254037844387076, 1.000000000000000000, 0.8660254037844387076, 1.000000000000000000, 0.8660254037844387076, 1.000000000000000000, 0.8660254037844387076, 1.000000000000000000, 0.8660254037844387076, 1.000000000000000000, 0.8660254037844387076, 1.000000000000000000, 0.8660254037844387076, 1.000000000000000000, 0.8660254037844387076, 1.000000000000000000, 0.8660254037844387076, 1.000000000000000000, 0.8660254037844387076, 1.000000000000000000, 0.8660254037844387076, 1.000000000000000000, 0.8660254037844387076, 1.000000000000000000, 0.8660254037844387076, 1.000000000000000000, 0.8660254037844387076, 1.000000000000000000, 0.8660254037844387076, 1.000000000000000000, 0.8660254037844387076, 1.000000000000000000, 0.8660254037844387076, 1.000000000000000000, 0.8660254037844387076, 1.000000000000000000, 0.8660254037844387076, 1.000000000000000000, 0.8660254037844387076, 1.000000000000000000, 0.8660254037844387076, 1.000000000000000000, 0.8660254037844387076, 1.000000000000000000, 0.8660254037844387076, 1.000000000000000000, 0.8660254037844387076, 1.000000000000000000, 0.8660254037844387076, 1.000000000000000000, 0.8660254037844387076, 1.000000000000000000, 0.8660254037844387076, 1.000000000000000000, 0.8660254037844387076, 1.000000000000000000, 0.8660254037844387076, 1.000000000000000000, 0.8660254037844387076, 1.000000000000000000, 0.8660254037844387076, 1.000000000000000000, 0.8660254037844387076, 1.000000000000000000, 0.8660254037844387076, 1.000000000000000000, 0.8660254037844387076, 1.000000000000000000, 0.8660254037844387076, 1.000000000000000000, 0.8660254037844387076, 1.000000000000000000, 0.8660254037844387076, 1.000000000000000000),
 ( 1.000000000000000000, 0.8660254037844387076, 1.000000000000000000, 0.8660254037844387076, 1.000000000000000000, 0.8660254037844387076, 1.000000000000000000, 0.8660254037844387076, 1.000000000000000000, 0.8660254037844387076, 1.000000000000000000, 0.8660254037844387076, 1.000000000000000000, 0.8660254037844387076, 1.000000000000000000, 0.8660254037844387076, 1.000000000000000000, 0.8660254037844387076, 1.000000000000000000, 0.8660254037844387076, 1.000000000000000000, 0.8660254037844387076, 1.000000000000000000, 0.8660254037844387076, 1.000000000000000000, 0.8660254037844387076, 1.000000000000000000, 0.8660254037844387076, 1.000000000000000000, 0.8660254037844387076, 1.000000000000000000, 0.8660254037844387076, 1.000000000000000000, 0.8660254037844387076, 1.000000000000000000, 0.8660254037844387076, 1.000000000000000000, 0.8660254037844387076, 1.000000000000000000, 0.8660254037844387076, 1.000000000000000000, 0.8660254037844387076, 1.000000000000000000, 0.8660254037844387076, 1.000000000000000000, 0.8660254037844387076, 1.000000000000000000, 0.8660254037844387076, 1.000000000000000000, 0.8660254037844387076, 1.000000000000000000, 0.8660254037844387076, 1.000000000000000000, 0.8660254037844387076, 1.000000000000000000, 0.8660254037844387076, 1.000000000000000000, 0.8660254037844387076, 1.000000000000000000, 0.8660254037844387076, 1.000000000000000000, 0.8660254037844387076, 1.000000000000000000, 0.8660254037844387076, 1.000000000000000000, 0.8660254037844387076, 1.000000000000000000, 0.8660254037844387076, 1.000000000000000000, 0.8660254037844387076, 1.000000000000000000, 0.8660254037844387076, 1.000000000000000000, 0.8660254037844387076, 1.000000000000000000, 0.8660254037844387076, 1.000000000000000000, 0.8660254037844387076, 1.000000000000000000, 0.8660254037844387076, 1.000000000000000000, 0.8660254037844387076, 1.000000000000000000, 0.8660254037844387076, 1.000000000000000000, 0.8660254037844387076, 1.000000000000000000, 0.8660254037844387076, 1.000000000000000000, 0.8660254037844387076, 1.000000000000000000, 0.8660254037844387076, 1.000000000000000000, 0.8660254037844387076, 1.000000000000000000, 0.8660254037844387076, 1.000000000000000000, 0.8660254037844387076, 1.000000000000000000, 0.8660254037844387076, 1.000000000000000000) ) ) 
 REPRESENTATION_ITEM ( '' )  SURFACE ( )  );
#463 = CARTESIAN_POINT ( 'NONE',  ( 0.2210370581689301561, 0.1401741063843573443, 0.9886860157781515168 ) ) ;
#464 = B_SPLINE_CURVE_WITH_KNOTS ( 'NONE', 3,
 ( #1909, #1754, #1429, #2046, #1880, #1889 ),
 .UNSPECIFIED., .F., .F.,
 ( 4, 2, 4 ),
 ( 0.001354336230154862871, 0.001551081845390147370, 0.001747827460625431869 ),
 .UNSPECIFIED. ) ;
#465 = CARTESIAN_POINT ( 'NONE',  ( 18.14062500047795723, -0.5909680435136284160, 0.3550894244511044184 ) ) ;
#466 = AXIS2_PLACEMENT_3D ( 'NONE', #1978, #992, #393 ) ;
#467 = CARTESIAN_POINT ( 'NONE',  ( 17.77187500047795865, -0.3859570687203937589, 0.6962849834561644080 ) ) ;
#468 = CARTESIAN_POINT ( 'NONE',  ( 0.000000000000000000, -0.1499999999999999389, -0.7348469228349516769 ) ) ;
#469 = CARTESIAN_POINT ( 'NONE',  ( 18.25000000000000355, -0.4285836503510573881, 0.2575190374550274108 ) ) ;
#470 = CARTESIAN_POINT ( 'NONE',  ( -0.000000000000000000, -0.1499999999999999389, 0.7348469228349516769 ) ) ;
#471 = ORIENTED_EDGE ( 'NONE', *, *, #1874, .F. ) ;
#472 = CARTESIAN_POINT ( 'NONE',  ( 19.07499999999999929, 0.2973573711922271046, 0.4948857718009107010 ) ) ;
#473 = CARTESIAN_POINT ( 'NONE',  ( 19.24687500047795652, 0.01203244043303794072, 0.6893380507331419160 ) ) ;
#474 = CARTESIAN_POINT ( 'NONE',  ( 0.2114334654313151651, 0.1285442393609589062, 0.9886859966642598252 ) ) ;
#475 = CARTESIAN_POINT ( 'NONE',  ( 17.61562500047795510, -0.4100219495864690367, -0.6823911180101194240 ) ) ;
#476 = CARTESIAN_POINT ( 'NONE',  ( 19.84687500047796149, 0.5507897228673223067, 0.4146835046093353405 ) ) ;
#477 = ORIENTED_EDGE ( 'NONE', *, *, #1154, .F. ) ;
#478 = CARTESIAN_POINT ( 'NONE',  ( 17.39062500047795723, 0.5909680435136281940, -0.3550894244511046960 ) ) ;
#479 = CARTESIAN_POINT ( 'NONE',  ( 3.635143047055842943E-17, 0.000000000000000000, 0.000000000000000000 ) ) ;
#480 = ORIENTED_EDGE ( 'NONE', *, *, #916, .F. ) ;
#481 = ADVANCED_FACE ( 'NONE', ( #1219 ), #1022, .T. ) ;
#482 = CARTESIAN_POINT ( 'NONE',  ( 18.55000000000000071, -0.4285836503510573881, 0.2575190374550274108 ) ) ;
#483 = CARTESIAN_POINT ( 'NONE',  ( 19.67187500047795723, -0.4100219495864690367, -0.6823911180101194240 ) ) ;
#484 = AXIS2_PLACEMENT_3D ( 'NONE', #1864, #708, #2002 ) ;
#485 = DIRECTION ( 'NONE',  ( -1.000000000000000000, -0.000000000000000000, -0.000000000000000000 ) ) ;
#486 = CARTESIAN_POINT ( 'NONE',  ( 19.57187500047795581, -0.3859570687203937589, 0.6962849834561642970 ) ) ;
#487 = AXIS2_PLACEMENT_3D ( 'NONE', #1750, #1140, #312 ) ;
#488 = CARTESIAN_POINT ( 'NONE',  ( 18.37187500047795652, -0.3859570687203937589, 0.6962849834561644080 ) ) ;
#489 = VECTOR ( 'NONE', #1627, 1000.000000000000000 ) ;
#490 = CARTESIAN_POINT ( 'NONE',  ( 17.23750000095591872, 0.000000000000000000, 0.000000000000000000 ) ) ;
#491 = ORIENTED_EDGE ( 'NONE', *, *, #719, .T. ) ;
#492 = CARTESIAN_POINT ( 'NONE',  ( 19.74062500047795510, -0.01203244043303785572, -0.6893380507331419160 ) ) ;
#493 = CARTESIAN_POINT ( 'NONE',  ( 19.31562500047795794, -0.3859570687203937589, 0.6962849834561642970 ) ) ;
#494 = EDGE_CURVE ( 'NONE', #2007, #1199, #99, .T. ) ;
#495 = CARTESIAN_POINT ( 'NONE',  ( 0.5000000000000000000, -0.7348469228349486793, 0.000000000000000000 ) ) ;
#496 = CARTESIAN_POINT ( 'NONE',  ( 19.62187500047796007, -0.7959790183068626845, 0.01389386544604503775 ) ) ;
#497 = CARTESIAN_POINT ( 'NONE',  ( 17.94687500047795936, 0.5909680435136281940, -0.3550894244511046960 ) ) ;
#498 = CARTESIAN_POINT ( 'NONE',  ( 18.32187500047795936, 0.4100219495864692587, 0.6823911180101194240 ) ) ;
#499 = FACE_OUTER_BOUND ( 'NONE', #1461, .T. ) ;
#500 = CARTESIAN_POINT ( 'NONE',  ( 17.44549654505055969, -0.5400893589859586674, 0.2729851394804933551 ) ) ;
#501 = CARTESIAN_POINT ( 'NONE',  ( 19.19062500047795794, 0.5909680435136281940, -0.3550894244511046960 ) ) ;
#502 = CARTESIAN_POINT ( 'NONE',  ( 18.72187500047796149, -0.7959790183068626845, 0.01389386544604503775 ) ) ;
#503 = CARTESIAN_POINT ( 'NONE',  ( 17.64999999999999858, -0.4285836503510573881, 0.2575190374550274108 ) ) ;
#504 = DIRECTION ( 'NONE',  ( -0.000000000000000000, 1.844265347643397460E-17, 1.000000000000000000 ) ) ;
#505 = CARTESIAN_POINT ( 'NONE',  ( 19.08750000095591659, 0.4373098535696989808, 0.2424048101231691676 ) ) ;
#506 = CARTESIAN_POINT ( 'NONE',  ( 19.77187500047795865, 0.7959790183068626845, -0.01389386544604513316 ) ) ;
#507 = AXIS2_PLACEMENT_3D ( 'NONE', #1740, #1708, #294 ) ;
#508 = PLANE ( 'NONE',  #1414 ) ;
#509 = DIRECTION ( 'NONE',  ( 0.000000000000000000, 0.000000000000000000, 1.000000000000000000 ) ) ;
#510 = CARTESIAN_POINT ( 'NONE',  ( 18.44062500047795794, -0.5909680435136284160, 0.3550894244511044184 ) ) ;
#511 = CARTESIAN_POINT ( 'NONE',  ( 18.62187500047795652, 0.4100219495864692587, 0.6823911180101194240 ) ) ;
#512 = MANIFOLD_SOLID_BREP ( 'Cut-Extrude1[1]', #336 ) ;
#513 = CARTESIAN_POINT ( 'NONE',  ( 19.19062500047795794, 0.5909680435136281940, -0.3550894244511046960 ) ) ;
#514 = CARTESIAN_POINT ( 'NONE',  ( 17.53750000095591588, 0.4285836503510572215, -0.2575190374550276329 ) ) ;
#515 = CARTESIAN_POINT ( 'NONE',  ( 19.28750000095591943, -0.008726203218641717663, -0.4999238475781968560 ) ) ;
#516 = CARTESIAN_POINT ( 'NONE',  ( 19.52187500047795865, 0.4100219495864692587, 0.6823911180101192020 ) ) ;
#517 = CARTESIAN_POINT ( 'NONE',  ( 18.14687500047795865, -0.6030004839466659439, -0.3342486262820373866 ) ) ;
#518 = FACE_OUTER_BOUND ( 'NONE', #742, .T. ) ;
#519 = DIRECTION ( 'NONE',  ( 1.000000000000000000, 0.000000000000000000, -0.000000000000000000 ) ) ;
#520 = EDGE_CURVE ( 'NONE', #745, #1698, #255, .T. ) ;
#521 = AXIS2_PLACEMENT_3D ( 'NONE', #946, #1263, #1575 ) ;
#522 = CARTESIAN_POINT ( 'NONE',  ( 18.79062500047795581, -0.6030004839466659439, -0.3342486262820373866 ) ) ;
#523 = CARTESIAN_POINT ( 'NONE',  ( 17.62500000000000000, -0.2799049647549438635, 0.5049619233554829556 ) ) ;
#524 = CARTESIAN_POINT ( 'NONE',  ( 17.28750000095591588, 0.4373098535696989808, 0.2424048101231691676 ) ) ;
#525 = CARTESIAN_POINT ( 'NONE',  ( 18.77187500047795865, -0.4100219495864690367, -0.6823911180101194240 ) ) ;
#526 = CARTESIAN_POINT ( 'NONE',  ( 0.000000000000000000, -0.1499999999999999944, -0.9886859966642593811 ) ) ;
#527 = CARTESIAN_POINT ( 'NONE',  ( 18.22187500047795794, 0.3859570687203936479, -0.6962849834561642970 ) ) ;
#528 = FACE_OUTER_BOUND ( 'NONE', #1288, .T. ) ;
#529 = PLANE ( 'NONE',  #646 ) ;
#530 = CARTESIAN_POINT ( 'NONE',  ( 19.23750000095591872, -0.4373098535696989253, -0.2424048101231693342 ) ) ;
#531 = ADVANCED_FACE ( 'NONE', ( #1992 ), #1899, .F. ) ;
#532 = CARTESIAN_POINT ( 'NONE',  ( 19.61562500047795510, -0.3859570687203937589, 0.6962849834561644080 ) ) ;
#533 = CARTESIAN_POINT ( 'NONE',  ( 17.92500000000000071, -0.2799049647549438635, 0.5049619233554829556 ) ) ;
#534 = CARTESIAN_POINT ( 'NONE',  ( 17.48750000095591872, -0.008726203218641717663, -0.4999238475781968560 ) ) ;
#535 = MANIFOLD_SOLID_BREP ( 'Cut-Extrude2[2]', #543 ) ;
#536 = CARTESIAN_POINT ( 'NONE',  ( 18.78750000095591943, 0.4373098535696989808, 0.2424048101231691676 ) ) ;
#537 = CARTESIAN_POINT ( 'NONE',  ( 18.42187500047796078, -0.7959790183068626845, 0.01389386544604503775 ) ) ;
#538 = TOROIDAL_SURFACE ( 'NONE', #1147, 0.7500000000000000000, 0.2500000000000000000 ) ;
#539 = ORIENTED_EDGE ( 'NONE', *, *, #768, .T. ) ;
#540 = CARTESIAN_POINT ( 'NONE',  ( 0.5000000000000000000, 0.05000000000000005135, 0.9886859966642598252 ) ) ;
#541 = CARTESIAN_POINT ( 'NONE',  ( 19.59062500047795652, 0.01203244043303794072, 0.6893380507331419160 ) ) ;
#542 = CARTESIAN_POINT ( 'NONE',  ( 19.08750000095591659, 0.4373098535696989808, 0.2424048101231691676 ) ) ;
#543 = CLOSED_SHELL ( 'NONE', ( #743, #644, #1009 ) ) ;
#544 = SURFACE_STYLE_USAGE ( .BOTH. , #1227 ) ;
#545 =( BOUNDED_SURFACE ( )  B_SPLINE_SURFACE ( 1, 2, ( 
 ( #1691, #1014, #1525, #736, #2000, #1833, #859, #246, #565, #1058, #1979, #1206, #541, #254, #1852, #1547, #1382, #1374, #2011, #576, #1188, #383, #1025, #1405, #1561, #1596, #1106, #1415, #1888, #795, #1897, #1741, #764, #1576, #119, #1751, #915, #296, #1437, #1066, #1086, #1096, #131, #2044, #454, #947, #2034, #753, #1907, #1585, #2063, #936, #276, #110, #605, #1730, #775, #629, #1426, #140, #2056, #1244, #285, #1719, #1264, #619, #925, #782, #435, #1710, #465, #1393, #1255, #305, #151, #2075, #1077, #640, #1275, #1568, #265, #423, #907, #1879, #597, #1235, #444, #814, #956, #1458, #349, #475, #1798, #1916, #1959, #662, #16, #40, #313, #1116, #1294 ),
 ( #674, #694, #1934, #506, #685, #1316, #1605, #1470, #1491, #496, #28, #486, #169, #516, #360, #977, #161, #991, #1763, #1640, #805, #1165, #1141, #1786, #1809, #1448, #3, #335, #48, #191, #1284, #1481, #1306, #652, #1628, #1153, #1002, #1651, #1927, #1946, #1129, #181, #837, #1777, #825, #201, #845, #323, #964, #1614, #221, #428, #56, #920, #1976, #2027, #1571, #537, #1876, #1032, #703, #1173, #592, #64, #115, #527, #1348, #1660, #1400, #1704, #2040, #439, #712, #1231, #1987, #759, #1564, #1011, #864, #370, #1081, #601, #258, #551, #1724, #749, #1071, #1669, #389, #1021, #1239, #1830, #1714, #280, #1967, #1193, #270, #900, #1511, #1388, #1882 ) ),
 .UNSPECIFIED., .F., .F., .T. ) 
 B_SPLINE_SURFACE_WITH_KNOTS ( ( 2, 2 ),
 ( 3, 2, 2, 2, 2, 2, 2, 2, 2, 2, 2, 2, 2, 2, 2, 2, 2, 2, 2, 2, 2, 2, 2, 2, 2, 2, 2, 2, 2, 2, 2, 2, 2, 2, 2, 2, 2, 2, 2, 2, 2, 2, 2, 2, 2, 2, 2, 2, 2, 2, 3 ),
 ( 0.000000000000000000, 1.000000000000000000 ),
 ( 0.000000000000000000, 0.01851851851851851749, 0.03703703703703703498, 0.05555555555555555247, 0.07407407407407406996, 0.09259259259259258745, 0.1111111111111111049, 0.1296296296296296224, 0.1481481481481481399, 0.1666666666666666574, 0.1851851851851851749, 0.2037037037037036924, 0.2222222222222222099, 0.2407407407407407274, 0.2592592592592592449, 0.2777777777777777901, 0.2962962962962962798, 0.3148148148148148251, 0.3333333333333333148, 0.3518518518518518601, 0.3703703703703703498, 0.3888888888888888951, 0.4074074074074073848, 0.4259259259259259300, 0.4444444444444444198, 0.4629629629629629650, 0.4814814814814814548, 0.5000000000000000000, 0.5185185185185184897, 0.5370370370370370905, 0.5555555555555555802, 0.5740740740740740700, 0.5925925925925925597, 0.6111111111111111605, 0.6296296296296296502, 0.6481481481481481399, 0.6666666666666666297, 0.6851851851851852304, 0.7037037037037037202, 0.7222222222222222099, 0.7407407407407406996, 0.7592592592592593004, 0.7777777777777777901, 0.7962962962962962798, 0.8148148148148147696, 0.8333333333333333703, 0.8518518518518518601, 0.8703703703703703498, 0.8888888888888888395, 0.9074074074074074403, 0.9259259259259259300 ),
 .UNSPECIFIED. ) 
 GEOMETRIC_REPRESENTATION_ITEM ( )  RATIONAL_B_SPLINE_SURFACE ( (
 ( 1.000000000000000000, 0.8660254037844387076, 1.000000000000000000, 0.8660254037844387076, 1.000000000000000000, 0.8660254037844387076, 1.000000000000000000, 0.8660254037844387076, 1.000000000000000000, 0.8660254037844387076, 1.000000000000000000, 0.8660254037844387076, 1.000000000000000000, 0.8660254037844387076, 1.000000000000000000, 0.8660254037844387076, 1.000000000000000000, 0.8660254037844387076, 1.000000000000000000, 0.8660254037844387076, 1.000000000000000000, 0.8660254037844387076, 1.000000000000000000, 0.8660254037844387076, 1.000000000000000000, 0.8660254037844387076, 1.000000000000000000, 0.8660254037844387076, 1.000000000000000000, 0.8660254037844387076, 1.000000000000000000, 0.8660254037844387076, 1.000000000000000000, 0.8660254037844387076, 1.000000000000000000, 0.8660254037844387076, 1.000000000000000000, 0.8660254037844387076, 1.000000000000000000, 0.8660254037844387076, 1.000000000000000000, 0.8660254037844387076, 1.000000000000000000, 0.8660254037844387076, 1.000000000000000000, 0.8660254037844387076, 1.000000000000000000, 0.8660254037844387076, 1.000000000000000000, 0.8660254037844387076, 1.000000000000000000, 0.8660254037844387076, 1.000000000000000000, 0.8660254037844387076, 1.000000000000000000, 0.8660254037844387076, 1.000000000000000000, 0.8660254037844387076, 1.000000000000000000, 0.8660254037844387076, 1.000000000000000000, 0.8660254037844387076, 1.000000000000000000, 0.8660254037844387076, 1.000000000000000000, 0.8660254037844387076, 1.000000000000000000, 0.8660254037844387076, 1.000000000000000000, 0.8660254037844387076, 1.000000000000000000, 0.8660254037844387076, 1.000000000000000000, 0.8660254037844387076, 1.000000000000000000, 0.8660254037844387076, 1.000000000000000000, 0.8660254037844387076, 1.000000000000000000, 0.8660254037844387076, 1.000000000000000000, 0.8660254037844387076, 1.000000000000000000, 0.8660254037844387076, 1.000000000000000000, 0.8660254037844387076, 1.000000000000000000, 0.8660254037844387076, 1.000000000000000000, 0.8660254037844387076, 1.000000000000000000, 0.8660254037844387076, 1.000000000000000000, 0.8660254037844387076, 1.000000000000000000, 0.8660254037844387076, 1.000000000000000000, 0.8660254037844387076, 1.000000000000000000, 0.8660254037844387076, 1.000000000000000000),
 ( 1.000000000000000000, 0.8660254037844387076, 1.000000000000000000, 0.8660254037844387076, 1.000000000000000000, 0.8660254037844387076, 1.000000000000000000, 0.8660254037844387076, 1.000000000000000000, 0.8660254037844387076, 1.000000000000000000, 0.8660254037844387076, 1.000000000000000000, 0.8660254037844387076, 1.000000000000000000, 0.8660254037844387076, 1.000000000000000000, 0.8660254037844387076, 1.000000000000000000, 0.8660254037844387076, 1.000000000000000000, 0.8660254037844387076, 1.000000000000000000, 0.8660254037844387076, 1.000000000000000000, 0.8660254037844387076, 1.000000000000000000, 0.8660254037844387076, 1.000000000000000000, 0.8660254037844387076, 1.000000000000000000, 0.8660254037844387076, 1.000000000000000000, 0.8660254037844387076, 1.000000000000000000, 0.8660254037844387076, 1.000000000000000000, 0.8660254037844387076, 1.000000000000000000, 0.8660254037844387076, 1.000000000000000000, 0.8660254037844387076, 1.000000000000000000, 0.8660254037844387076, 1.000000000000000000, 0.8660254037844387076, 1.000000000000000000, 0.8660254037844387076, 1.000000000000000000, 0.8660254037844387076, 1.000000000000000000, 0.8660254037844387076, 1.000000000000000000, 0.8660254037844387076, 1.000000000000000000, 0.8660254037844387076, 1.000000000000000000, 0.8660254037844387076, 1.000000000000000000, 0.8660254037844387076, 1.000000000000000000, 0.8660254037844387076, 1.000000000000000000, 0.8660254037844387076, 1.000000000000000000, 0.8660254037844387076, 1.000000000000000000, 0.8660254037844387076, 1.000000000000000000, 0.8660254037844387076, 1.000000000000000000, 0.8660254037844387076, 1.000000000000000000, 0.8660254037844387076, 1.000000000000000000, 0.8660254037844387076, 1.000000000000000000, 0.8660254037844387076, 1.000000000000000000, 0.8660254037844387076, 1.000000000000000000, 0.8660254037844387076, 1.000000000000000000, 0.8660254037844387076, 1.000000000000000000, 0.8660254037844387076, 1.000000000000000000, 0.8660254037844387076, 1.000000000000000000, 0.8660254037844387076, 1.000000000000000000, 0.8660254037844387076, 1.000000000000000000, 0.8660254037844387076, 1.000000000000000000, 0.8660254037844387076, 1.000000000000000000, 0.8660254037844387076, 1.000000000000000000, 0.8660254037844387076, 1.000000000000000000) ) ) 
 REPRESENTATION_ITEM ( '' )  SURFACE ( )  );
#546 = CARTESIAN_POINT ( 'NONE',  ( 18.46562500047795652, -0.7959790183068626845, 0.01389386544604503775 ) ) ;
#547 = CARTESIAN_POINT ( 'NONE',  ( 17.26250000095591730, 0.5772623359471708016, -0.01007615155457238301 ) ) ;
#548 = EDGE_CURVE ( 'NONE', #91, #1297, #1368, .T. ) ;
#549 = CARTESIAN_POINT ( 'NONE',  ( 19.12187500047795652, 0.3859570687203936479, -0.6962849834561642970 ) ) ;
#550 = CARTESIAN_POINT ( 'NONE',  ( 19.11250000095591517, 0.2973573711922270491, 0.4948857718009106454 ) ) ;
#551 = CARTESIAN_POINT ( 'NONE',  ( 17.77187500047795865, -0.3859570687203937589, 0.6962849834561642970 ) ) ;
#552 = EDGE_LOOP ( 'NONE', ( #1247, #1774 ) ) ;
#553 = CARTESIAN_POINT ( 'NONE',  ( 1.817571523527921472E-17, 0.7499999999999983347, 0.000000000000000000 ) ) ;
#554 = DIRECTION ( 'NONE',  ( 0.000000000000000000, 0.000000000000000000, 1.000000000000000000 ) ) ;
#555 = CARTESIAN_POINT ( 'NONE',  ( 18.58750000095591659, -0.4285836503510573881, 0.2575190374550274108 ) ) ;
#556 =( GEOMETRIC_REPRESENTATION_CONTEXT ( 3 ) GLOBAL_UNCERTAINTY_ASSIGNED_CONTEXT ( ( #1380 ) ) GLOBAL_UNIT_ASSIGNED_CONTEXT ( ( #797, #1588, #446 ) ) REPRESENTATION_CONTEXT ( 'NONE', 'WORKASPACE' ) );
#557 = ORIENTED_EDGE ( 'NONE', *, *, #59, .F. ) ;
#558 = CARTESIAN_POINT ( 'NONE',  ( 17.64062500047795723, -0.01203244043303785572, -0.6893380507331419160 ) ) ;
#559 = DIRECTION ( 'NONE',  ( 0.000000000000000000, 0.000000000000000000, -1.000000000000000000 ) ) ;
#560 = EDGE_CURVE ( 'NONE', #100, #1135, #464, .T. ) ;
#561 = CARTESIAN_POINT ( 'NONE',  ( 18.08750000095592014, -0.008726203218641717663, -0.4999238475781968560 ) ) ;
#562 = ORIENTED_EDGE ( 'NONE', *, *, #1462, .T. ) ;
#563 = CARTESIAN_POINT ( 'NONE',  ( 17.40649856179196675, 0.3391813970584652282, 0.5796196488906665278 ) ) ;
#564 = CARTESIAN_POINT ( 'NONE',  ( 0.5000000000000000000, 0.1500000000000000500, -0.1499999999999993283 ) ) ;
#565 = CARTESIAN_POINT ( 'NONE',  ( 19.69062500047795794, -0.6030004839466659439, -0.3342486262820373866 ) ) ;
#566 = CARTESIAN_POINT ( 'NONE',  ( 19.21250000095591304, -0.5772623359471708016, 0.01007615155457231015 ) ) ;
#567 = CARTESIAN_POINT ( 'NONE',  ( 18.04062500047795581, 0.6030004839466659439, 0.3342486262820371090 ) ) ;
#568 = CARTESIAN_POINT ( 'NONE',  ( 18.24062500047795865, -0.01203244043303785572, -0.6893380507331419160 ) ) ;
#569 = CARTESIAN_POINT ( 'NONE',  ( 19.71770509881145017, -0.1956835307428845538, 0.5034918327564548157 ) ) ;
#570 = VECTOR ( 'NONE', #585, 1000.000000000000000 ) ;
#571 = PLANE ( 'NONE',  #1364 ) ;
#572 = ORIENTED_EDGE ( 'NONE', *, *, #684, .T. ) ;
#573 = CARTESIAN_POINT ( 'NONE',  ( 17.43201826144049349, -0.3221785729873944959, 0.5391871380213704157 ) ) ;
#574 = PRODUCT_DEFINITION ( 'General', '', #29, #1216 ) ;
#575 = DIRECTION ( 'NONE',  ( 0.000000000000000000, 1.000000000000000000, 0.000000000000000000 ) ) ;
#576 = CARTESIAN_POINT ( 'NONE',  ( 19.41562500047795581, -0.4100219495864690367, -0.6823911180101194240 ) ) ;
#577 = CARTESIAN_POINT ( 'NONE',  ( 19.56250000095591801, -0.2973573711922269380, -0.4948857718009107565 ) ) ;
#578 = CARTESIAN_POINT ( 'NONE',  ( 17.41562500047795581, 0.7959790183068626845, -0.01389386544604513489 ) ) ;
#579 = ORIENTED_EDGE ( 'NONE', *, *, #1971, .F. ) ;
#580 = CARTESIAN_POINT ( 'NONE',  ( 18.61562500047795865, 0.7959790183068626845, -0.01389386544604513316 ) ) ;
#581 = CARTESIAN_POINT ( 'NONE',  ( 18.72500000000000142, 0.5772623359471706905, -0.01007615155457238301 ) ) ;
#582 = ORIENTED_EDGE ( 'NONE', *, *, #1592, .F. ) ;
#583 = CARTESIAN_POINT ( 'NONE',  ( 17.93750000095591801, 0.008726203218641778378, 0.4999238475781968560 ) ) ;
#584 = ORIENTED_EDGE ( 'NONE', *, *, #6, .T. ) ;
#585 = DIRECTION ( 'NONE',  ( -1.000000000000000000, -0.000000000000000000, -0.000000000000000000 ) ) ;
#586 = CARTESIAN_POINT ( 'NONE',  ( 0.5000000000000000000, -0.7348469228349486793, -0.1500000000000148159 ) ) ;
#587 = B_SPLINE_CURVE_WITH_KNOTS ( 'NONE', 3,
 ( #168, #463, #1283, #130 ),
 .UNSPECIFIED., .F., .F.,
 ( 4, 4 ),
 ( 0.0003177063054056611120, 0.0003630114412885852610 ),
 .UNSPECIFIED. ) ;
#588 = ADVANCED_FACE ( 'NONE', ( #631 ), #1743, .F. ) ;
#589 = CARTESIAN_POINT ( 'NONE',  ( 18.19062500047795794, -0.6030004839466659439, -0.3342486262820373866 ) ) ;
#590 = CARTESIAN_POINT ( 'NONE',  ( 18.66562500047795581, 0.4100219495864692587, 0.6823911180101192020 ) ) ;
#591 = CARTESIAN_POINT ( 'NONE',  ( 19.42500000000000071, -0.2799049647549438635, 0.5049619233554828446 ) ) ;
#592 = CARTESIAN_POINT ( 'NONE',  ( 18.29687500047795723, 0.6030004839466659439, 0.3342486262820371090 ) ) ;
#593 = CARTESIAN_POINT ( 'NONE',  ( 17.51979490214446145, 0.3232888175655997953, -0.4327590672573931041 ) ) ;
#594 = ORIENTED_EDGE ( 'NONE', *, *, #1731, .F. ) ;
#595 = CARTESIAN_POINT ( 'NONE',  ( 0.2499999999999863998, 0.1500000000000000500, 0.9886859966642598252 ) ) ;
#596 = CARTESIAN_POINT ( 'NONE',  ( 0.2348411621398019955, 0.1500000000015927759, 0.9886859966640205721 ) ) ;
#597 = CARTESIAN_POINT ( 'NONE',  ( 17.79062500047795581, 0.01203244043303794072, 0.6893380507331419160 ) ) ;
#598 = FACE_OUTER_BOUND ( 'NONE', #1566, .T. ) ;
#599 = EDGE_LOOP ( 'NONE', ( #1093, #1233, #1118, #281, #1532 ) ) ;
#600 = CARTESIAN_POINT ( 'NONE',  ( 18.82499999999999929, -0.2799049647549438635, 0.5049619233554828446 ) ) ;
#601 = CARTESIAN_POINT ( 'NONE',  ( 17.82187500047795936, -0.7959790183068626845, 0.01389386544604503775 ) ) ;
#602 = CARTESIAN_POINT ( 'NONE',  ( 18.87500000000000000, -0.5772623359471708016, 0.01007615155457231015 ) ) ;
#603 = ORIENTED_EDGE ( 'NONE', *, *, #1139, .T. ) ;
#604 = CARTESIAN_POINT ( 'NONE',  ( 19.76375983344167508, -0.5360086168547202323, -0.1530965581061858316 ) ) ;
#605 = CARTESIAN_POINT ( 'NONE',  ( 18.54062500047795581, -0.01203244043303785572, -0.6893380507331419160 ) ) ;
#606 = CARTESIAN_POINT ( 'NONE',  ( 0.2114692942514267149, -0.1285876004606198442, 0.9886859966642596032 ) ) ;
#607 = AXIS2_PLACEMENT_3D ( 'NONE', #655, #1472, #1167 ) ;
#608 = ORIENTED_EDGE ( 'NONE', *, *, #1884, .F. ) ;
#609 = AXIS2_PLACEMENT_3D ( 'NONE', #1917, #1898, #456 ) ;
#610 = CARTESIAN_POINT ( 'NONE',  ( 17.54062500047795581, -0.5909680435136284160, 0.3550894244511044184 ) ) ;
#611 = CARTESIAN_POINT ( 'NONE',  ( 18.05000000000000071, -0.008726203218641717663, -0.4999238475781968560 ) ) ;
#612 = CARTESIAN_POINT ( 'NONE',  ( 19.82187500047795226, 0.4100219495864692587, 0.6823911180101194240 ) ) ;
#613 = VECTOR ( 'NONE', #559, 1000.000000000000000 ) ;
#614 = CARTESIAN_POINT ( 'NONE',  ( 19.20000000000000284, -0.4373098535696989253, -0.2424048101231693342 ) ) ;
#615 = ADVANCED_FACE ( 'NONE', ( #1098 ), #1246, .T. ) ;
#616 = EDGE_LOOP ( 'NONE', ( #471, #671 ) ) ;
#617 = CARTESIAN_POINT ( 'NONE',  ( 0.1842967909656781922, -0.1499999999999999389, 0.9886859966642930209 ) ) ;
#618 = CARTESIAN_POINT ( 'NONE',  ( 0.000000000000000000, -0.7348469228349486793, 0.1500000000000148159 ) ) ;
#619 = CARTESIAN_POINT ( 'NONE',  ( 18.26562500047795368, 0.3859570687203936479, -0.6962849834561642970 ) ) ;
#620 = CARTESIAN_POINT ( 'NONE',  ( 17.69687500047795936, 0.6030004839466659439, 0.3342486262820371090 ) ) ;
#621 = DIRECTION ( 'NONE',  ( -1.000000000000000000, -0.000000000000000000, -0.000000000000000000 ) ) ;
#622 = DIRECTION ( 'NONE',  ( 0.000000000000000000, 1.000000000000000000, 0.000000000000000000 ) ) ;
#623 = CARTESIAN_POINT ( 'NONE',  ( 17.72500000000000142, -0.2973573711922269380, -0.4948857718009107565 ) ) ;
#624 = CARTESIAN_POINT ( 'NONE',  ( 19.84687500047795794, 0.01203244043303794072, 0.6893380507331419160 ) ) ;
#625 = CIRCLE ( 'NONE', #1057, 0.6894430562500013515 ) ;
#626 = CARTESIAN_POINT ( 'NONE',  ( 18.50000000000000000, 0.008726203218641778378, 0.4999238475781968560 ) ) ;
#627 = AXIS2_PLACEMENT_3D ( 'NONE', #322, #485, #963 ) ;
#628 = DIRECTION ( 'NONE',  ( 0.000000000000000000, 0.000000000000000000, -1.000000000000000000 ) ) ;
#629 = CARTESIAN_POINT ( 'NONE',  ( 18.46562500047795652, -0.7959790183068626845, 0.01389386544604503775 ) ) ;
#630 = DIRECTION ( 'NONE',  ( -1.000000000000000000, -0.000000000000000000, -0.000000000000000000 ) ) ;
#631 = FACE_OUTER_BOUND ( 'NONE', #1103, .T. ) ;
#632 = ORIENTED_EDGE ( 'NONE', *, *, #1292, .T. ) ;
#633 = PLANE ( 'NONE',  #5 ) ;
#634 = SURFACE_STYLE_USAGE ( .BOTH. , #1432 ) ;
#635 = VERTEX_POINT ( 'NONE', #153 ) ;
#636 = CARTESIAN_POINT ( 'NONE',  ( 19.80000000000000071, -0.4373098535696989253, -0.2424048101231693342 ) ) ;
#637 = ORIENTED_EDGE ( 'NONE', *, *, #210, .T. ) ;
#638 = CARTESIAN_POINT ( 'NONE',  ( 19.77187500047795865, 0.7959790183068626845, -0.01389386544604513316 ) ) ;
#639 = CARTESIAN_POINT ( 'NONE',  ( 0.2348411621398019955, 0.1500000000015927759, 0.9886859966642596032 ) ) ;
#640 = CARTESIAN_POINT ( 'NONE',  ( 17.96562500047795652, 0.3859570687203936479, -0.6962849834561642970 ) ) ;
#641 = VECTOR ( 'NONE', #1392, 1000.000000000000000 ) ;
#642 = CARTESIAN_POINT ( 'NONE',  ( 17.67187500047795723, 0.7959790183068626845, -0.01389386544604513489 ) ) ;
#643 = CARTESIAN_POINT ( 'NONE',  ( 0.5000000000000000000, 0.1500000000000000500, 0.000000000000000000 ) ) ;
#644 = ADVANCED_FACE ( 'NONE', ( #598 ), #823, .T. ) ;
#645 = CARTESIAN_POINT ( 'NONE',  ( 17.67500000000000071, -0.5772623359471706905, 0.01007615155457231015 ) ) ;
#646 = AXIS2_PLACEMENT_3D ( 'NONE', #7, #1287, #1609 ) ;
#647 = FACE_OUTER_BOUND ( 'NONE', #86, .T. ) ;
#648 = VERTEX_POINT ( 'NONE', #468 ) ;
#649 = CARTESIAN_POINT ( 'NONE',  ( 18.95000000000000284, -0.008726203218641717663, -0.4999238475781968560 ) ) ;
#650 = FACE_OUTER_BOUND ( 'NONE', #678, .T. ) ;
#651 = VECTOR ( 'NONE', #919, 1000.000000000000000 ) ;
#652 = CARTESIAN_POINT ( 'NONE',  ( 19.02187500047795865, -0.7959790183068626845, 0.01389386544604503775 ) ) ;
#653 = CARTESIAN_POINT ( 'NONE',  ( 18.57187500047795936, 0.7959790183068626845, -0.01389386544604513316 ) ) ;
#654 = CARTESIAN_POINT ( 'NONE',  ( 17.64687500047795865, 0.5909680435136281940, -0.3550894244511046960 ) ) ;
#655 = CARTESIAN_POINT ( 'NONE',  ( 1.817571523527921472E-17, 0.7499999999999983347, 0.000000000000000000 ) ) ;
#656 = EDGE_CURVE ( 'NONE', #2007, #2007, #625, .T. ) ;
#657 = CARTESIAN_POINT ( 'NONE',  ( 0.5000000000000000000, -0.7348469228349486793, 0.1500000000000148159 ) ) ;
#658 = CARTESIAN_POINT ( 'NONE',  ( 19.61562500047795510, -0.3859570687203937589, 0.6962849834561642970 ) ) ;
#659 = VERTEX_POINT ( 'NONE', #2058 ) ;
#660 = LINE ( 'NONE', #149, #746 ) ;
#661 = VECTOR ( 'NONE', #1674, 1000.000000000000000 ) ;
#662 = CARTESIAN_POINT ( 'NONE',  ( 17.51562500047795723, -0.3859570687203937589, 0.6962849834561642970 ) ) ;
#663 = CARTESIAN_POINT ( 'NONE',  ( 17.99687500047795652, 0.6030004839466659439, 0.3342486262820371090 ) ) ;
#664 = AXIS2_PLACEMENT_3D ( 'NONE', #1457, #774, #15 ) ;
#665 = LINE ( 'NONE', #326, #1855 ) ;
#666 = CARTESIAN_POINT ( 'NONE',  ( 17.46354166682598574, 0.4827117814052488409, -0.2900424997870539867 ) ) ;
#667 = CARTESIAN_POINT ( 'NONE',  ( 19.39062500047795723, -0.6030004839466659439, -0.3342486262820373866 ) ) ;
#668 = CARTESIAN_POINT ( 'NONE',  ( 18.87187500047795652, 0.7959790183068626845, -0.01389386544604513489 ) ) ;
#669 = CARTESIAN_POINT ( 'NONE',  ( 18.00000000000000355, -0.4373098535696989253, -0.2424048101231693342 ) ) ;
#670 = CARTESIAN_POINT ( 'NONE',  ( 17.31250000095591801, 0.2973573711922271046, 0.4948857718009107010 ) ) ;
#671 = ORIENTED_EDGE ( 'NONE', *, *, #1813, .F. ) ;
#672 = CARTESIAN_POINT ( 'NONE',  ( 0.5000000000000000000, -0.1499999999999999389, 0.000000000000000000 ) ) ;
#673 = CARTESIAN_POINT ( 'NONE',  ( 19.38750000095591730, 0.4373098535696989808, 0.2424048101231691676 ) ) ;
#674 = CARTESIAN_POINT ( 'NONE',  ( 19.84687500047795794, 0.01203244043303794072, 0.6893380507331419160 ) ) ;
#675 = CARTESIAN_POINT ( 'NONE',  ( 18.07187500047795581, -0.3859570687203937589, 0.6962849834561642970 ) ) ;
#676 = CARTESIAN_POINT ( 'NONE',  ( 0.2114692942514267149, -0.1285876004606198442, 0.9886859966642596032 ) ) ;
#677 = CARTESIAN_POINT ( 'NONE',  ( -0.000000000000000000, -0.1499999999999999389, 0.000000000000000000 ) ) ;
#678 = EDGE_LOOP ( 'NONE', ( #865, #579, #127, #632 ) ) ;
#679 = CARTESIAN_POINT ( 'NONE',  ( 19.36562500047795510, -0.7959790183068626845, 0.01389386544604503775 ) ) ;
#680 = CARTESIAN_POINT ( 'NONE',  ( 18.79687500047796078, -0.01203244043303785572, -0.6893380507331419160 ) ) ;
#681 = CARTESIAN_POINT ( 'NONE',  ( 19.74062500047795510, -0.01203244043303785572, -0.6893380507331419160 ) ) ;
#682 = CARTESIAN_POINT ( 'NONE',  ( 17.81250000095591801, 0.2799049647549438080, -0.5049619233554829556 ) ) ;
#683 = CARTESIAN_POINT ( 'NONE',  ( 19.73750000095591872, 0.008726203218641778378, 0.4999238475781968560 ) ) ;
#684 = EDGE_CURVE ( 'NONE', #1326, #1610, #939, .T. ) ;
#685 = CARTESIAN_POINT ( 'NONE',  ( 19.74687500047796007, 0.5909680435136281940, -0.3550894244511046960 ) ) ;
#686 = LINE ( 'NONE', #1195, #137 ) ;
#687 = FACE_OUTER_BOUND ( 'NONE', #1062, .T. ) ;
#688 = CARTESIAN_POINT ( 'NONE',  ( 18.61562500047795865, 0.7959790183068626845, -0.01389386544604513489 ) ) ;
#689 = CARTESIAN_POINT ( 'NONE',  ( 18.19999999999999929, 0.008726203218641778378, 0.4999238475781968560 ) ) ;
#690 = CARTESIAN_POINT ( 'NONE',  ( -0.000000000000000000, -0.7348469228349486793, 0.000000000000000000 ) ) ;
#691 = CARTESIAN_POINT ( 'NONE',  ( 19.07187500047795936, -0.4100219495864690367, -0.6823911180101194240 ) ) ;
#692 = B_SPLINE_CURVE_WITH_KNOTS ( 'NONE', 3,
 ( #757, #288, #1407, #478 ),
 .UNSPECIFIED., .F., .F.,
 ( 4, 4 ),
 ( 0.000000000000000000, 1.000000000000000000 ),
 .UNSPECIFIED. ) ;
#693 = DIRECTION ( 'NONE',  ( 0.000000000000000000, 0.000000000000000000, -1.000000000000000000 ) ) ;
#694 = CARTESIAN_POINT ( 'NONE',  ( 19.82187500047795936, 0.4100219495864692587, 0.6823911180101192020 ) ) ;
#695 = EDGE_CURVE ( 'NONE', #1698, #1135, #1359, .T. ) ;
#696 = PLANE ( 'NONE',  #978 ) ;
#697 = CARTESIAN_POINT ( 'NONE',  ( 19.06250000095591801, 0.5772623359471708016, -0.01007615155457238301 ) ) ;
#698 = CARTESIAN_POINT ( 'NONE',  ( 19.51562500047795723, 0.7959790183068626845, -0.01389386544604513489 ) ) ;
#699 = CARTESIAN_POINT ( 'NONE',  ( 19.84062500047795652, 0.6030004839466659439, 0.3342486262820371090 ) ) ;
#700 = PLANE ( 'NONE',  #716 ) ;
#701 = CARTESIAN_POINT ( 'NONE',  ( 17.52187500047795865, -0.7959790183068626845, 0.01389386544604503775 ) ) ;
#702 = CARTESIAN_POINT ( 'NONE',  ( 18.96250000095591659, -0.2973573711922269380, -0.4948857718009107565 ) ) ;
#703 = CARTESIAN_POINT ( 'NONE',  ( 18.34687500047795794, 0.01203244043303794072, 0.6893380507331419160 ) ) ;
#704 = ORIENTED_EDGE ( 'NONE', *, *, #1265, .T. ) ;
#705 = DIRECTION ( 'NONE',  ( 0.000000000000000000, 0.000000000000000000, 1.000000000000000000 ) ) ;
#706 = CARTESIAN_POINT ( 'NONE',  ( 18.71250000095591659, 0.2799049647549438080, -0.5049619233554829556 ) ) ;
#707 = EDGE_CURVE ( 'NONE', #1452, #129, #1498, .T. ) ;
#708 = DIRECTION ( 'NONE',  ( -1.000000000000000000, 0.000000000000000000, 0.000000000000000000 ) ) ;
#709 = CARTESIAN_POINT ( 'NONE',  ( 18.81562500047795794, -0.4100219495864690367, -0.6823911180101194240 ) ) ;
#710 = CARTESIAN_POINT ( 'NONE',  ( 17.66250000095591588, -0.2799049647549438635, 0.5049619233554829556 ) ) ;
#711 = CARTESIAN_POINT ( 'NONE',  ( 18.56250000095591446, -0.2799049647549438635, 0.5049619233554828446 ) ) ;
#712 = CARTESIAN_POINT ( 'NONE',  ( 18.04687500047795723, 0.01203244043303794072, 0.6893380507331419160 ) ) ;
#713 = AXIS2_PLACEMENT_3D ( 'NONE', #1800, #1514, #1174 ) ;
#714 = ORIENTED_EDGE ( 'NONE', *, *, #916, .T. ) ;
#715 = DIRECTION ( 'NONE',  ( 1.000000000000000000, 0.000000000000000000, 0.000000000000000000 ) ) ;
#716 = AXIS2_PLACEMENT_3D ( 'NONE', #988, #1637, #1334 ) ;
#717 = CARTESIAN_POINT ( 'NONE',  ( 0.2113532704144910346, -0.1284470696763898856, 0.9886859966633501084 ) ) ;
#718 = CARTESIAN_POINT ( 'NONE',  ( 19.86875000047795581, 0.01203244043303794072, 0.6893380507331419160 ) ) ;
#719 = EDGE_CURVE ( 'NONE', #146, #1698, #437, .T. ) ;
#720 = CARTESIAN_POINT ( 'NONE',  ( 19.01562500047795368, -0.3859570687203937589, 0.6962849834561642970 ) ) ;
#721 = CARTESIAN_POINT ( 'NONE',  ( 18.92500000000000071, -0.2973573711922269380, -0.4948857718009107565 ) ) ;
#722 = CARTESIAN_POINT ( 'NONE',  ( 18.89687500047795865, 0.6030004839466659439, 0.3342486262820371090 ) ) ;
#723 = CARTESIAN_POINT ( 'NONE',  ( 17.71250000095592014, -0.5772623359471706905, 0.01007615155457231015 ) ) ;
#724 = ORIENTED_EDGE ( 'NONE', *, *, #1863, .T. ) ;
#725 = DIRECTION ( 'NONE',  ( 1.000000000000000000, 0.000000000000000000, 0.000000000000000000 ) ) ;
#726 = DIRECTION ( 'NONE',  ( 0.000000000000000000, 0.000000000000000000, 1.000000000000000000 ) ) ;
#727 = CARTESIAN_POINT ( 'NONE',  ( 18.38750000095591730, -0.008726203218641717663, -0.4999238475781968560 ) ) ;
#728 = AXIS2_PLACEMENT_3D ( 'NONE', #1613, #1906, #1446 ) ;
#729 = CARTESIAN_POINT ( 'NONE',  ( 18.06562500047795794, 0.4100219495864692587, 0.6823911180101194240 ) ) ;
#730 = CARTESIAN_POINT ( 'NONE',  ( 18.36562500047795510, 0.4100219495864692587, 0.6823911180101192020 ) ) ;
#731 = DIRECTION ( 'NONE',  ( 1.000000000000000000, -0.000000000000000000, -0.000000000000000000 ) ) ;
#732 = CARTESIAN_POINT ( 'NONE',  ( 18.16250000095591233, 0.5772623359471706905, -0.01007615155457238301 ) ) ;
#733 = EDGE_LOOP ( 'NONE', ( #1747, #341, #1271, #412 ) ) ;
#734 = ORIENTED_EDGE ( 'NONE', *, *, #120, .T. ) ;
#735 = LINE ( 'NONE', #564, #570 ) ;
#736 = CARTESIAN_POINT ( 'NONE',  ( 19.81562500047795794, 0.7959790183068626845, -0.01389386544604513316 ) ) ;
#737 = CARTESIAN_POINT ( 'NONE',  ( 18.23750000095591517, 0.008726203218641778378, 0.4999238475781968560 ) ) ;
#738 = CARTESIAN_POINT ( 'NONE',  ( 17.59062500047795652, -0.6030004839466659439, -0.3342486262820373866 ) ) ;
#739 = EDGE_LOOP ( 'NONE', ( #773 ) ) ;
#740 = CARTESIAN_POINT ( 'NONE',  ( 19.45000000000000284, -0.4285836503510573881, 0.2575190374550274108 ) ) ;
#741 = CARTESIAN_POINT ( 'NONE',  ( 17.83750000095592014, 0.4285836503510572215, -0.2575190374550276329 ) ) ;
#742 = EDGE_LOOP ( 'NONE', ( #557, #1442, #1126, #1988 ) ) ;
#743 = ADVANCED_FACE ( 'NONE', ( #1483 ), #696, .F. ) ;
#744 =( NAMED_UNIT ( * ) SI_UNIT ( $, .STERADIAN. ) SOLID_ANGLE_UNIT ( ) );
#745 = VERTEX_POINT ( 'NONE', #1328 ) ;
#746 = VECTOR ( 'NONE', #955, 1000.000000000000000 ) ;
#747 = CARTESIAN_POINT ( 'NONE',  ( 18.41562500047795226, -0.3859570687203937589, 0.6962849834561642970 ) ) ;
#748 = CARTESIAN_POINT ( 'NONE',  ( 19.00000000000000000, 0.4285836503510572215, -0.2575190374550276329 ) ) ;
#749 = CARTESIAN_POINT ( 'NONE',  ( 17.72187500047795794, 0.4100219495864692587, 0.6823911180101192020 ) ) ;
#750 = ORIENTED_EDGE ( 'NONE', *, *, #405, .F. ) ;
#751 = LINE ( 'NONE', #107, #1718 ) ;
#752 = CARTESIAN_POINT ( 'NONE',  ( 0.5000000000000000000, 2.766398021465107823E-18, 0.1500000000000006328 ) ) ;
#753 = CARTESIAN_POINT ( 'NONE',  ( 18.71562500047796007, -0.3859570687203937589, 0.6962849834561642970 ) ) ;
#754 = ADVANCED_FACE ( 'NONE', ( #1937, #687 ), #116, .T. ) ;
#755 = SURFACE_STYLE_FILL_AREA ( #2065 ) ;
#756 = VECTOR ( 'NONE', #1267, 1000.000000000000000 ) ;
#757 = CARTESIAN_POINT ( 'NONE',  ( 17.34687500047795794, 0.5909680435136281940, -0.3550894244511046960 ) ) ;
#758 = CARTESIAN_POINT ( 'NONE',  ( 18.62500000000000355, -0.2973573711922269380, -0.4948857718009107565 ) ) ;
#759 = CARTESIAN_POINT ( 'NONE',  ( 17.97187500047795439, 0.7959790183068626845, -0.01389386544604513316 ) ) ;
#760 = VECTOR ( 'NONE', #1555, 1000.000000000000000 ) ;
#761 = CARTESIAN_POINT ( 'NONE',  ( 18.53750000095591943, 0.008726203218641778378, 0.4999238475781968560 ) ) ;
#762 = VERTEX_POINT ( 'NONE', #1643 ) ;
#763 = CARTESIAN_POINT ( 'NONE',  ( 0.5000000000000000000, 2.766398021465107823E-18, 0.1500000000000006328 ) ) ;
#764 = CARTESIAN_POINT ( 'NONE',  ( 19.09062500047795652, -0.6030004839466659439, -0.3342486262820373866 ) ) ;
#765 = CARTESIAN_POINT ( 'NONE',  ( 18.39687500047795865, -0.5909680435136284160, 0.3550894244511044184 ) ) ;
#766 = DIRECTION ( 'NONE',  ( 0.000000000000000000, 0.000000000000000000, 1.000000000000000000 ) ) ;
#767 = VERTEX_POINT ( 'NONE', #1318 ) ;
#768 = EDGE_CURVE ( 'NONE', #787, #787, #333, .T. ) ;
#769 =( NAMED_UNIT ( * ) PLANE_ANGLE_UNIT ( ) SI_UNIT ( $, .RADIAN. ) );
#770 = CARTESIAN_POINT ( 'NONE',  ( 18.30000000000000071, -0.4373098535696989253, -0.2424048101231693342 ) ) ;
#771 = DIRECTION ( 'NONE',  ( 0.000000000000000000, -0.000000000000000000, 1.000000000000000000 ) ) ;
#772 = CARTESIAN_POINT ( 'NONE',  ( 19.45000000000000284, -0.4285836503510573881, 0.2575190374550274108 ) ) ;
#773 = ORIENTED_EDGE ( 'NONE', *, *, #982, .T. ) ;
#774 = DIRECTION ( 'NONE',  ( -1.000000000000000000, -0.000000000000000000, -0.000000000000000000 ) ) ;
#775 = CARTESIAN_POINT ( 'NONE',  ( 18.49062500047795865, -0.6030004839466659439, -0.3342486262820373866 ) ) ;
#776 = CARTESIAN_POINT ( 'NONE',  ( 17.51562500047795723, -0.3859570687203937589, 0.6962849834561642970 ) ) ;
#777 = CARTESIAN_POINT ( 'NONE',  ( 17.75000000000000355, -0.008726203218641717663, -0.4999238475781968560 ) ) ;
#778 = CARTESIAN_POINT ( 'NONE',  ( 19.69687500047795581, -0.01203244043303785572, -0.6893380507331419160 ) ) ;
#779 = ADVANCED_FACE ( 'NONE', ( #1450 ), #839, .T. ) ;
#780 = CARTESIAN_POINT ( 'NONE',  ( 18.67499999999999716, 0.2799049647549438080, -0.5049619233554829556 ) ) ;
#781 = LINE ( 'NONE', #1128, #1732 ) ;
#782 = CARTESIAN_POINT ( 'NONE',  ( 18.21562500047795652, -0.4100219495864690367, -0.6823911180101194240 ) ) ;
#783 = CARTESIAN_POINT ( 'NONE',  ( 18.59687500047795794, 0.6030004839466659439, 0.3342486262820371090 ) ) ;
#784 = CARTESIAN_POINT ( 'NONE',  ( 18.47187500047795794, -0.4100219495864690367, -0.6823911180101194240 ) ) ;
#785 = DIRECTION ( 'NONE',  ( 0.000000000000000000, 0.000000000000000000, -1.000000000000000000 ) ) ;
#786 = ORIENTED_EDGE ( 'NONE', *, *, #1863, .F. ) ;
#787 = VERTEX_POINT ( 'NONE', #1260 ) ;
#788 = CARTESIAN_POINT ( 'NONE',  ( 17.87500000000000355, 0.2973573711922270491, 0.4948857718009106454 ) ) ;
#789 = SURFACE_STYLE_FILL_AREA ( #2050 ) ;
#790 = CARTESIAN_POINT ( 'NONE',  ( 19.27499999999999858, 0.2799049647549438080, -0.5049619233554829556 ) ) ;
#791 = ORIENTED_EDGE ( 'NONE', *, *, #982, .F. ) ;
#792 = CARTESIAN_POINT ( 'NONE',  ( 19.32187500047795581, -0.7959790183068626845, 0.01389386544604503775 ) ) ;
#793 = ADVANCED_FACE ( 'NONE', ( #1631 ), #809, .F. ) ;
#794 = LINE ( 'NONE', #180, #489 ) ;
#795 = CARTESIAN_POINT ( 'NONE',  ( 19.16562500047795936, 0.3859570687203936479, -0.6962849834561642970 ) ) ;
#796 = CARTESIAN_POINT ( 'NONE',  ( 18.17187500047795723, -0.4100219495864690367, -0.6823911180101194240 ) ) ;
#797 =( LENGTH_UNIT ( ) NAMED_UNIT ( * ) SI_UNIT ( .MILLI., .METRE. ) );
#798 = ORIENTED_EDGE ( 'NONE', *, *, #1919, .T. ) ;
#799 = AXIS2_PLACEMENT_3D ( 'NONE', #1338, #1183, #380 ) ;
#800 = CARTESIAN_POINT ( 'NONE',  ( 0.5000000000000000000, 0.1500000000000000500, 0.1500000000000006328 ) ) ;
#801 = CARTESIAN_POINT ( 'NONE',  ( 19.37187500047795652, -0.4100219495864690367, -0.6823911180101194240 ) ) ;
#802 = CARTESIAN_POINT ( 'NONE',  ( 19.30000000000000071, 0.4285836503510572215, -0.2575190374550276329 ) ) ;
#803 = ORIENTED_EDGE ( 'NONE', *, *, #1682, .F. ) ;
#804 = CARTESIAN_POINT ( 'NONE',  ( 0.2500000000000104361, -0.1499999999999999389, -0.9886859966642593811 ) ) ;
#805 = CARTESIAN_POINT ( 'NONE',  ( 19.34687500047795794, -0.6030004839466659439, -0.3342486262820373866 ) ) ;
#806 = EDGE_CURVE ( 'NONE', #1796, #648, #1969, .T. ) ;
#807 = CARTESIAN_POINT ( 'NONE',  ( 18.62187500047795652, 0.4100219495864692587, 0.6823911180101192020 ) ) ;
#808 = CARTESIAN_POINT ( 'NONE',  ( 0.2218604025492937615, 0.1396805418356279749, 0.9886859966642596032 ) ) ;
#809 = PLANE ( 'NONE',  #607 ) ;
#810 = CARTESIAN_POINT ( 'NONE',  ( 19.84364368825890423, 0.5796988062003261000, 0.3762859657143795000 ) ) ;
#811 = CARTESIAN_POINT ( 'NONE',  ( 19.67187500047795723, -0.4100219495864690367, -0.6823911180101194240 ) ) ;
#812 = CARTESIAN_POINT ( 'NONE',  ( 19.42500000000000071, -0.2799049647549438635, 0.5049619233554829556 ) ) ;
#813 = AXIS2_PLACEMENT_3D ( 'NONE', #1112, #318, #960 ) ;
#814 = CARTESIAN_POINT ( 'NONE',  ( 17.71562500047795652, 0.7959790183068626845, -0.01389386544604513316 ) ) ;
#815 = CARTESIAN_POINT ( 'NONE',  ( 18.49687500047795652, -0.01203244043303785572, -0.6893380507331419160 ) ) ;
#816 = DIRECTION ( 'NONE',  ( 0.000000000000000000, 0.000000000000000000, 1.000000000000000000 ) ) ;
#817 = CARTESIAN_POINT ( 'NONE',  ( 18.71562500047796007, -0.3859570687203937589, 0.6962849834561644080 ) ) ;
#818 = CARTESIAN_POINT ( 'NONE',  ( 19.27187500047795865, -0.3859570687203937589, 0.6962849834561644080 ) ) ;
#819 = ORIENTED_EDGE ( 'NONE', *, *, #1303, .F. ) ;
#820 = CARTESIAN_POINT ( 'NONE',  ( 17.77499999999999858, 0.2799049647549438080, -0.5049619233554829556 ) ) ;
#821 = PLANE ( 'NONE',  #1012 ) ;
#822 = CARTESIAN_POINT ( 'NONE',  ( 19.82187500047795936, 0.4100219495864692587, 0.6823911180101192020 ) ) ;
#823 = TOROIDAL_SURFACE ( 'NONE', #1994, 0.7500000000000000000, 0.2500000000000000000 ) ;
#824 = CARTESIAN_POINT ( 'NONE',  ( 19.61250000095591872, 0.2799049647549437525, -0.5049619233554829556 ) ) ;
#825 = CARTESIAN_POINT ( 'NONE',  ( 18.74687500047795652, -0.6030004839466659439, -0.3342486262820373866 ) ) ;
#826 = CARTESIAN_POINT ( 'NONE',  ( 18.12187500047795652, -0.7959790183068626845, 0.01389386544604503775 ) ) ;
#827 = CARTESIAN_POINT ( 'NONE',  ( 3.635143047055842943E-17, 0.000000000000000000, 0.000000000000000000 ) ) ;
#828 = CARTESIAN_POINT ( 'NONE',  ( 20.00000000000000000, 0.000000000000000000, 0.000000000000000000 ) ) ;
#829 = CARTESIAN_POINT ( 'NONE',  ( 18.46562500047795652, -0.7959790183068626845, 0.01389386544604503775 ) ) ;
#830 = CARTESIAN_POINT ( 'NONE',  ( 18.94687500047795581, 0.01203244043303794072, 0.6893380507331419160 ) ) ;
#831 = ADVANCED_FACE ( 'NONE', ( #967 ), #1811, .T. ) ;
#832 = CARTESIAN_POINT ( 'NONE',  ( 18.22500000000000497, -0.2799049647549438635, 0.5049619233554829556 ) ) ;
#833 = CARTESIAN_POINT ( 'NONE',  ( 17.96250000095592014, -0.2799049647549438635, 0.5049619233554829556 ) ) ;
#834 = CARTESIAN_POINT ( 'NONE',  ( 17.37187500047796007, 0.7959790183068626845, -0.01389386544604513316 ) ) ;
#835 = CARTESIAN_POINT ( 'NONE',  ( 19.47187500047796149, 0.7959790183068626845, -0.01389386544604513316 ) ) ;
#836 = CARTESIAN_POINT ( 'NONE',  ( 19.13750000095591730, 0.008726203218641778378, 0.4999238475781968560 ) ) ;
#837 = CARTESIAN_POINT ( 'NONE',  ( 18.79687500047796078, -0.01203244043303785572, -0.6893380507331419160 ) ) ;
#838 = FACE_OUTER_BOUND ( 'NONE', #2019, .T. ) ;
#839 = PLANE ( 'NONE',  #2052 ) ;
#840 = CARTESIAN_POINT ( 'NONE',  ( 19.84062500047795652, 0.6030004839466659439, 0.3342486262820371090 ) ) ;
#841 = CARTESIAN_POINT ( 'NONE',  ( 18.89687500047795865, 0.6030004839466659439, 0.3342486262820371090 ) ) ;
#842 = CARTESIAN_POINT ( 'NONE',  ( 18.27499999999999858, -0.5772623359471708016, 0.01007615155457231015 ) ) ;
#843 = AXIS2_PLACEMENT_3D ( 'NONE', #192, #1662, #1504 ) ;
#844 = CARTESIAN_POINT ( 'NONE',  ( 18.68750000095591801, -0.008726203218641717663, -0.4999238475781968560 ) ) ;
#845 = CARTESIAN_POINT ( 'NONE',  ( 18.69687500047795936, -0.5909680435136284160, 0.3550894244511044184 ) ) ;
#846 = CARTESIAN_POINT ( 'NONE',  ( -5.251604272976660130E-16, -0.1499999999999999389, -0.8011962285546061491 ) ) ;
#847 = CARTESIAN_POINT ( 'NONE',  ( 0.5000000000000000000, 0.000000000000000000, 0.000000000000000000 ) ) ;
#848 = CARTESIAN_POINT ( 'NONE',  ( 18.73750000095591517, 0.4285836503510572215, -0.2575190374550276329 ) ) ;
#849 = CARTESIAN_POINT ( 'NONE',  ( 18.29062500047795581, 0.5909680435136281940, -0.3550894244511046960 ) ) ;
#850 = CARTESIAN_POINT ( 'NONE',  ( 18.14999999999999858, 0.4373098535696989808, 0.2424048101231691676 ) ) ;
#851 = CARTESIAN_POINT ( 'NONE',  ( 18.16250000095591588, 0.5772623359471708016, -0.01007615155457238301 ) ) ;
#852 = CARTESIAN_POINT ( 'NONE',  ( 19.66250000095591943, 0.5772623359471708016, -0.01007615155457238301 ) ) ;
#853 = FACE_OUTER_BOUND ( 'NONE', #327, .T. ) ;
#854 = FACE_OUTER_BOUND ( 'NONE', #1930, .T. ) ;
#855 = ORIENTED_EDGE ( 'NONE', *, *, #59, .T. ) ;
#856 = COLOUR_RGB ( '',0.7921568627450980005, 0.8196078431372548767, 0.9333333333333333481 ) ;
#857 = EDGE_CURVE ( 'NONE', #143, #143, #1685, .T. ) ;
#858 = CARTESIAN_POINT ( 'NONE',  ( 17.39062500047795723, 0.6435456412804593240, 0.2473473982079965050 ) ) ;
#859 = CARTESIAN_POINT ( 'NONE',  ( 19.74062500047795510, -0.01203244043303785572, -0.6893380507331419160 ) ) ;
#860 = CARTESIAN_POINT ( 'NONE',  ( 18.81250000095591801, 0.2973573711922271046, 0.4948857718009107010 ) ) ;
#861 = CARTESIAN_POINT ( 'NONE',  ( 19.29062500047795581, 0.01203244043303794072, 0.6893380507331419160 ) ) ;
#862 = CARTESIAN_POINT ( 'NONE',  ( 18.25000000000000355, -0.4285836503510573881, 0.2575190374550274108 ) ) ;
#863 = CARTESIAN_POINT ( 'NONE',  ( 17.93750000095591801, 0.008726203218641778378, 0.4999238475781968560 ) ) ;
#864 = CARTESIAN_POINT ( 'NONE',  ( 17.89687500047795865, -0.01203244043303785572, -0.6893380507331419160 ) ) ;
#865 = ORIENTED_EDGE ( 'NONE', *, *, #23, .F. ) ;
#866 = EDGE_LOOP ( 'NONE', ( #1951, #1349, #888, #74, #750, #477 ) ) ;
#867 = CARTESIAN_POINT ( 'NONE',  ( 0.5000000000000000000, 0.1500000000000000500, 0.9886859966642598252 ) ) ;
#868 = CARTESIAN_POINT ( 'NONE',  ( 0.2349021139289801385, -0.1500000000060320859, 0.9886859966633501084 ) ) ;
#869 = ADVANCED_FACE ( 'NONE', ( #499 ), #529, .F. ) ;
#870 = CARTESIAN_POINT ( 'NONE',  ( 19.11250000095591872, 0.2973573711922271046, 0.4948857718009107010 ) ) ;
#871 = CARTESIAN_POINT ( 'NONE',  ( 18.94062500047795794, 0.6030004839466659439, 0.3342486262820371090 ) ) ;
#872 = CARTESIAN_POINT ( 'NONE',  ( 19.32500000000000284, 0.5772623359471706905, -0.01007615155457238301 ) ) ;
#873 = CARTESIAN_POINT ( 'NONE',  ( 18.01250000095591730, -0.5772623359471706905, 0.01007615155457231015 ) ) ;
#874 = VECTOR ( 'NONE', #1340, 1000.000000000000114 ) ;
#875 = ORIENTED_EDGE ( 'NONE', *, *, #392, .F. ) ;
#876 = CONICAL_SURFACE ( 'NONE', #70, 0.6894430562500013515, 1.047197551196608067 ) ;
#877 = CARTESIAN_POINT ( 'NONE',  ( 18.46250000095592014, 0.5772623359471708016, -0.01007615155457238301 ) ) ;
#878 = CARTESIAN_POINT ( 'NONE',  ( 17.76562500047795723, 0.4100219495864692587, 0.6823911180101194240 ) ) ;
#879 = CARTESIAN_POINT ( 'NONE',  ( 18.64062500047795368, 0.6030004839466659439, 0.3342486262820371090 ) ) ;
#880 = CARTESIAN_POINT ( 'NONE',  ( 19.50000000000000000, -0.4373098535696989253, -0.2424048101231693342 ) ) ;
#881 = CARTESIAN_POINT ( 'NONE',  ( 17.98750000095591872, -0.4285836503510573881, 0.2575190374550274108 ) ) ;
#882 = EDGE_LOOP ( 'NONE', ( #1869, #480, #1850 ) ) ;
#883 = CARTESIAN_POINT ( 'NONE',  ( 17.46464852809854662, -0.5429304404975249243, -0.1827510736218843634 ) ) ;
#884 = B_SPLINE_CURVE_WITH_KNOTS ( 'NONE', 3,
 ( #1672, #1034, #30, #676 ),
 .UNSPECIFIED., .F., .F.,
 ( 4, 4 ),
 ( 1.259143396494210200E-15, 4.520159888148659401E-05 ),
 .UNSPECIFIED. ) ;
#885 = CARTESIAN_POINT ( 'NONE',  ( 0.2113173542338604716, 0.1284034178970757945, 0.9887085768299629374 ) ) ;
#886 = CARTESIAN_POINT ( 'NONE',  ( 0.000000000000000000, 0.1500000000000000500, 0.1500000000000006328 ) ) ;
#887 = CARTESIAN_POINT ( 'NONE',  ( 18.28750000095591588, -0.4285836503510573881, 0.2575190374550274108 ) ) ;
#888 = ORIENTED_EDGE ( 'NONE', *, *, #49, .F. ) ;
#889 = CARTESIAN_POINT ( 'NONE',  ( 18.31562500047795794, 0.7959790183068626845, -0.01389386544604513316 ) ) ;
#890 = CARTESIAN_POINT ( 'NONE',  ( 19.47500000000000142, -0.5772623359471706905, 0.01007615155457231015 ) ) ;
#891 = EDGE_CURVE ( 'NONE', #1339, #1199, #969, .T. ) ;
#892 = CARTESIAN_POINT ( 'NONE',  ( 18.38750000095591730, -0.008726203218641717663, -0.4999238475781968560 ) ) ;
#893 = VERTEX_POINT ( 'NONE', #20 ) ;
#894 = CARTESIAN_POINT ( 'NONE',  ( 0.5000000000000000000, 0.1500000000000000500, 0.1500000000000006328 ) ) ;
#895 = AXIS2_PLACEMENT_3D ( 'NONE', #1581, #329, #1421 ) ;
#896 = CARTESIAN_POINT ( 'NONE',  ( 0.2349021139289801385, -0.1500000000060320859, 0.9887073866023763369 ) ) ;
#897 = CARTESIAN_POINT ( 'NONE',  ( 17.81562500047795439, -0.3859570687203937589, 0.6962849834561644080 ) ) ;
#898 = CARTESIAN_POINT ( 'NONE',  ( 18.56562500047795794, 0.3859570687203936479, -0.6962849834561642970 ) ) ;
#899 = DIRECTION ( 'NONE',  ( 0.000000000000000000, 0.000000000000000000, -1.000000000000000000 ) ) ;
#900 = CARTESIAN_POINT ( 'NONE',  ( 17.42187500047795723, 0.4100219495864692587, 0.6823911180101192020 ) ) ;
#901 = EDGE_LOOP ( 'NONE', ( #1223 ) ) ;
#902 = ADVANCED_FACE ( 'NONE', ( #1132 ), #1144, .F. ) ;
#903 = CARTESIAN_POINT ( 'NONE',  ( 0.5000000000000000000, 0.7348469228349516769, 0.1500000000000006051 ) ) ;
#904 = VERTEX_POINT ( 'NONE', #184 ) ;
#905 = LINE ( 'NONE', #495, #1445 ) ;
#906 = AXIS2_PLACEMENT_3D ( 'NONE', #827, #630, #2057 ) ;
#907 = CARTESIAN_POINT ( 'NONE',  ( 17.84062500047795652, -0.5909680435136284160, 0.3550894244511044184 ) ) ;
#908 = CIRCLE ( 'NONE', #813, 1.000000000000000000 ) ;
#909 = CARTESIAN_POINT ( 'NONE',  ( 18.64999999999999858, -0.008726203218641717663, -0.4999238475781968560 ) ) ;
#910 = CARTESIAN_POINT ( 'NONE',  ( 17.34687500047795794, 0.5909680435136281940, -0.3550894244511046960 ) ) ;
#911 = EDGE_LOOP ( 'NONE', ( #1761 ) ) ;
#912 = CARTESIAN_POINT ( 'NONE',  ( 19.89062500047795723, 0.01203244043303794072, 0.6893380507331419160 ) ) ;
#913 = ORIENTED_EDGE ( 'NONE', *, *, #1240, .F. ) ;
#914 = CARTESIAN_POINT ( 'NONE',  ( 19.74306384962405048, -0.4340614383220639527, 0.2907378111497702089 ) ) ;
#915 = CARTESIAN_POINT ( 'NONE',  ( 18.99062500047795510, 0.01203244043303794072, 0.6893380507331419160 ) ) ;
#916 = EDGE_CURVE ( 'NONE', #1758, #1707, #665, .T. ) ;
#917 = CARTESIAN_POINT ( 'NONE',  ( 1.817571523527921472E-17, 0.7499999999999983347, 0.000000000000000000 ) ) ;
#918 = VERTEX_POINT ( 'NONE', #2059 ) ;
#919 = DIRECTION ( 'NONE',  ( -1.000000000000000000, -0.000000000000000000, -0.000000000000000000 ) ) ;
#920 = CARTESIAN_POINT ( 'NONE',  ( 18.52187500047795865, 0.3859570687203936479, -0.6962849834561642970 ) ) ;
#921 = CARTESIAN_POINT ( 'NONE',  ( 19.72500000000000142, -0.2799049647549438635, 0.5049619233554829556 ) ) ;
#922 = EDGE_LOOP ( 'NONE', ( #1865, #113, #1385, #287, #232, #96 ) ) ;
#923 = CARTESIAN_POINT ( 'NONE',  ( -3.253241792166952844E-15, -0.1499999999999999667, 0.8008218064510448375 ) ) ;
#924 = CARTESIAN_POINT ( 'NONE',  ( 0.000000000000000000, -0.1499999999999999389, -0.1499999999999993283 ) ) ;
#925 = CARTESIAN_POINT ( 'NONE',  ( 18.24062500047795865, -0.01203244043303785572, -0.6893380507331419160 ) ) ;
#926 = SURFACE_SIDE_STYLE ('',( #755 ) ) ;
#927 = ORIENTED_EDGE ( 'NONE', *, *, #1813, .T. ) ;
#928 = VERTEX_POINT ( 'NONE', #2067 ) ;
#929 = CARTESIAN_POINT ( 'NONE',  ( 17.85000000000000142, 0.4373098535696989808, 0.2424048101231691676 ) ) ;
#930 = CARTESIAN_POINT ( 'NONE',  ( 19.57187500047795581, -0.3859570687203937589, 0.6962849834561644080 ) ) ;
#931 = CARTESIAN_POINT ( 'NONE',  ( 19.55000000000000071, -0.008726203218641717663, -0.4999238475781968560 ) ) ;
#932 = TOROIDAL_SURFACE ( 'NONE', #1550, 0.7500000000000000000, 0.2500000000000000000 ) ;
#933 = EDGE_LOOP ( 'NONE', ( #1569, #1109 ) ) ;
#934 = CARTESIAN_POINT ( 'NONE',  ( 0.000000000000000000, 0.1500000000000000500, 0.7348469228349516769 ) ) ;
#935 = CARTESIAN_POINT ( 'NONE',  ( 0.000000000000000000, 2.766398021465107823E-18, 0.1500000000000006328 ) ) ;
#936 = CARTESIAN_POINT ( 'NONE',  ( 18.61562500047795865, 0.7959790183068626845, -0.01389386544604513316 ) ) ;
#937 = CARTESIAN_POINT ( 'NONE',  ( 18.64687500047795865, 0.01203244043303794072, 0.6893380507331419160 ) ) ;
#938 = CARTESIAN_POINT ( 'NONE',  ( 18.34687500047795794, 0.01203244043303794072, 0.6893380507331419160 ) ) ;
#939 = LINE ( 'NONE', #643, #1090 ) ;
#940 = ORIENTED_EDGE ( 'NONE', *, *, #954, .F. ) ;
#941 = DIRECTION ( 'NONE',  ( 0.000000000000000000, 0.000000000000000000, 1.000000000000000000 ) ) ;
#942 = CARTESIAN_POINT ( 'NONE',  ( 18.14999999999999858, 0.4373098535696989808, 0.2424048101231691676 ) ) ;
#943 = CARTESIAN_POINT ( 'NONE',  ( 19.39687500047795865, -0.01203244043303785572, -0.6893380507331419160 ) ) ;
#944 = CARTESIAN_POINT ( 'NONE',  ( 19.09999999999999787, 0.008726203218641778378, 0.4999238475781968560 ) ) ;
#945 = CARTESIAN_POINT ( 'NONE',  ( 19.34687500047795794, -0.6030004839466659439, -0.3342486262820373866 ) ) ;
#946 = CARTESIAN_POINT ( 'NONE',  ( 17.23750000095591872, 0.000000000000000000, 0.000000000000000000 ) ) ;
#947 = CARTESIAN_POINT ( 'NONE',  ( 18.76562500047795723, -0.7959790183068626845, 0.01389386544604503775 ) ) ;
#948 = CARTESIAN_POINT ( 'NONE',  ( 18.07187500047795581, -0.3859570687203937589, 0.6962849834561644080 ) ) ;
#949 = PRESENTATION_STYLE_ASSIGNMENT (( #1395 ) ) ;
#950 = CARTESIAN_POINT ( 'NONE',  ( 0.000000000000000000, -0.7348469228349486793, -0.1500000000000148159 ) ) ;
#951 = CARTESIAN_POINT ( 'NONE',  ( 18.32499999999999929, -0.2973573711922269380, -0.4948857718009107565 ) ) ;
#952 = CARTESIAN_POINT ( 'NONE',  ( 19.84687500047795794, 0.01203244043303794072, 0.6893380507331419160 ) ) ;
#953 = CARTESIAN_POINT ( 'NONE',  ( 19.22499999999999787, -0.2973573711922269380, -0.4948857718009107565 ) ) ;
#954 = EDGE_CURVE ( 'NONE', #1594, #1554, #1493, .T. ) ;
#955 = DIRECTION ( 'NONE',  ( 0.000000000000000000, 1.000000000000000000, -1.844265347643397460E-17 ) ) ;
#956 = CARTESIAN_POINT ( 'NONE',  ( 17.69062500047795439, 0.5909680435136281940, -0.3550894244511046960 ) ) ;
#957 = CARTESIAN_POINT ( 'NONE',  ( 18.49687500047795652, -0.01203244043303785572, -0.6893380507331419160 ) ) ;
#958 = CARTESIAN_POINT ( 'NONE',  ( 17.97187500047795794, 0.7959790183068626845, -0.01389386544604513489 ) ) ;
#959 = CARTESIAN_POINT ( 'NONE',  ( 0.2211284706040510528, -0.1402701369087537286, 0.9886859966642596032 ) ) ;
#960 = DIRECTION ( 'NONE',  ( 0.000000000000000000, 0.000000000000000000, 1.000000000000000000 ) ) ;
#961 = CARTESIAN_POINT ( 'NONE',  ( 18.39999999999999858, 0.4285836503510572215, -0.2575190374550276329 ) ) ;
#962 = VERTEX_POINT ( 'NONE', #1789 ) ;
#963 = DIRECTION ( 'NONE',  ( 0.000000000000000000, 0.000000000000000000, 1.000000000000000000 ) ) ;
#964 = CARTESIAN_POINT ( 'NONE',  ( 18.64687500047795865, 0.01203244043303794072, 0.6893380507331419160 ) ) ;
#965 = CARTESIAN_POINT ( 'NONE',  ( 18.34687500047795794, 0.01203244043303794072, 0.6893380507331419160 ) ) ;
#966 = CARTESIAN_POINT ( 'NONE',  ( 17.39687500047795865, 0.6030004839466659439, 0.3342486262820371090 ) ) ;
#967 = FACE_OUTER_BOUND ( 'NONE', #1354, .T. ) ;
#968 = CARTESIAN_POINT ( 'NONE',  ( 17.39448801494985375, 0.5960711773396566437, 0.3522159524894036275 ) ) ;
#969 = CIRCLE ( 'NONE', #1041, 0.6894430562500013515 ) ;
#970 = CARTESIAN_POINT ( 'NONE',  ( 19.34062500047795652, -0.5909680435136284160, 0.3550894244511044184 ) ) ;
#971 = CARTESIAN_POINT ( 'NONE',  ( 19.47187500047796149, 0.7959790183068626845, -0.01389386544604513489 ) ) ;
#972 = ORIENTED_EDGE ( 'NONE', *, *, #337, .F. ) ;
#973 = CARTESIAN_POINT ( 'NONE',  ( 19.29062500047795581, 0.01203244043303794072, 0.6893380507331419160 ) ) ;
#974 = CARTESIAN_POINT ( 'NONE',  ( 0.000000000000000000, 0.000000000000000000, 0.000000000000000000 ) ) ;
#975 = CARTESIAN_POINT ( 'NONE',  ( 19.79687500047795723, 0.6030004839466659439, 0.3342486262820371090 ) ) ;
#976 = CARTESIAN_POINT ( 'NONE',  ( 19.63750000095591730, 0.4285836503510572215, -0.2575190374550276329 ) ) ;
#977 = CARTESIAN_POINT ( 'NONE',  ( 19.47187500047796149, 0.7959790183068626845, -0.01389386544604513316 ) ) ;
#978 = AXIS2_PLACEMENT_3D ( 'NONE', #340, #43, #981 ) ;
#979 = CARTESIAN_POINT ( 'NONE',  ( 17.79687500047795723, -0.5909680435136284160, 0.3550894244511044184 ) ) ;
#980 = CARTESIAN_POINT ( 'NONE',  ( 17.72187500047795794, 0.4100219495864692587, 0.6823911180101194240 ) ) ;
#981 = DIRECTION ( 'NONE',  ( 1.000000000000000000, 0.000000000000000000, -0.000000000000000000 ) ) ;
#982 = EDGE_CURVE ( 'NONE', #918, #918, #436, .T. ) ;
#983 =( GEOMETRIC_REPRESENTATION_CONTEXT ( 3 ) GLOBAL_UNCERTAINTY_ASSIGNED_CONTEXT ( ( #263 ) ) GLOBAL_UNIT_ASSIGNED_CONTEXT ( ( #1767, #769, #154 ) ) REPRESENTATION_CONTEXT ( 'NONE', 'WORKASPACE' ) );
#984 = CARTESIAN_POINT ( 'NONE',  ( 17.39062500047795723, 0.5909680435136281940, -0.3550894244511046960 ) ) ;
#985 = CARTESIAN_POINT ( 'NONE',  ( 18.59062500047795652, 0.5909680435136281940, -0.3550894244511046960 ) ) ;
#986 = CARTESIAN_POINT ( 'NONE',  ( 18.84687500047795794, 0.5909680435136281940, -0.3550894244511046960 ) ) ;
#987 = CARTESIAN_POINT ( 'NONE',  ( 17.82499999999999929, 0.5772623359471708016, -0.01007615155457238301 ) ) ;
#988 = CARTESIAN_POINT ( 'NONE',  ( 1.817571523527921472E-17, 0.7499999999999983347, 0.000000000000000000 ) ) ;
#989 = CARTESIAN_POINT ( 'NONE',  ( 18.93750000095591801, -0.4373098535696989253, -0.2424048101231693342 ) ) ;
#990 = B_SPLINE_SURFACE_WITH_KNOTS ( 'NONE', 3, 1, ( 
 ( #1362, #1218 ),
 ( #717, #1862 ),
 ( #98, #88 ),
 ( #226, #1351 ),
 ( #868, #896 ),
 ( #215, #1681 ) ),
 .UNSPECIFIED., .F., .F., .F.,
 ( 4, 2, 4 ),
 ( 2, 2 ),
 ( 0.8742519859513125935, 0.8750000000000000000, 1.000000000000000000 ),
 ( 0.000000000000000000, 1.000000000000000000 ),
 .UNSPECIFIED. ) ;
#991 = CARTESIAN_POINT ( 'NONE',  ( 19.42187500047796078, 0.3859570687203936479, -0.6962849834561642970 ) ) ;
#992 = DIRECTION ( 'NONE',  ( -1.000000000000000000, 0.000000000000000000, 0.000000000000000000 ) ) ;
#993 = DIRECTION ( 'NONE',  ( -1.000000000000000000, -0.000000000000000000, -0.000000000000000000 ) ) ;
#994 = EDGE_CURVE ( 'NONE', #1203, #100, #1615, .T. ) ;
#995 = CARTESIAN_POINT ( 'NONE',  ( 19.66562500047795581, -0.7959790183068626845, 0.01389386544604503775 ) ) ;
#996 = CARTESIAN_POINT ( 'NONE',  ( 18.92187500047795723, 0.4100219495864692587, 0.6823911180101194240 ) ) ;
#997 =( GEOMETRIC_REPRESENTATION_CONTEXT ( 3 ) GLOBAL_UNCERTAINTY_ASSIGNED_CONTEXT ( ( #1762 ) ) GLOBAL_UNIT_ASSIGNED_CONTEXT ( ( #1281, #448, #1912 ) ) REPRESENTATION_CONTEXT ( 'NONE', 'WORKASPACE' ) );
#998 = CARTESIAN_POINT ( 'NONE',  ( 19.26562500047795368, 0.4100219495864692587, 0.6823911180101192020 ) ) ;
#999 = CARTESIAN_POINT ( 'NONE',  ( 17.91250000095591588, 0.2973573711922271046, 0.4948857718009107010 ) ) ;
#1000 = CARTESIAN_POINT ( 'NONE',  ( 19.68750000095591446, 0.4373098535696989808, 0.2424048101231691676 ) ) ;
#1001 = CARTESIAN_POINT ( 'NONE',  ( 18.83750000095591659, 0.008726203218641778378, 0.4999238475781968560 ) ) ;
#1002 = CARTESIAN_POINT ( 'NONE',  ( 18.94687500047795581, 0.01203244043303794072, 0.6893380507331419160 ) ) ;
#1003 = CARTESIAN_POINT ( 'NONE',  ( 19.79218750071693478, 0.01037932182583985868, 0.5946309491556693860 ) ) ;
#1004 = DIRECTION ( 'NONE',  ( -1.000000000000000000, 0.000000000000000000, 0.000000000000000000 ) ) ;
#1005 = CARTESIAN_POINT ( 'NONE',  ( 18.86250000095591517, -0.2799049647549438635, 0.5049619233554829556 ) ) ;
#1006 = CARTESIAN_POINT ( 'NONE',  ( 19.54062500047795581, 0.6030004839466659439, 0.3342486262820371090 ) ) ;
#1007 = CARTESIAN_POINT ( 'NONE',  ( 19.39062500047795723, -0.6030004839466659439, -0.3342486262820373866 ) ) ;
#1008 = CARTESIAN_POINT ( 'NONE',  ( 17.58750000095591659, 0.4373098535696989808, 0.2424048101231691676 ) ) ;
#1009 = ADVANCED_FACE ( 'NONE', ( #1663 ), #990, .F. ) ;
#1010 = CARTESIAN_POINT ( 'NONE',  ( 19.01250000095591375, 0.2799049647549437525, -0.5049619233554829556 ) ) ;
#1011 = CARTESIAN_POINT ( 'NONE',  ( 17.92187500047795723, 0.3859570687203936479, -0.6962849834561642970 ) ) ;
#1012 = AXIS2_PLACEMENT_3D ( 'NONE', #1466, #504, #1322 ) ;
#1013 = DIRECTION ( 'NONE',  ( 0.000000000000000000, 0.000000000000000000, -1.000000000000000000 ) ) ;
#1014 = CARTESIAN_POINT ( 'NONE',  ( 19.86562500047795510, 0.4100219495864692587, 0.6823911180101192020 ) ) ;
#1015 = CARTESIAN_POINT ( 'NONE',  ( 19.13750000095591730, 0.008726203218641778378, 0.4999238475781968560 ) ) ;
#1016 = CARTESIAN_POINT ( 'NONE',  ( 18.51562500047795368, -0.4100219495864690367, -0.6823911180101194240 ) ) ;
#1017 = CARTESIAN_POINT ( 'NONE',  ( 19.51562500047795723, 0.7959790183068626845, -0.01389386544604513316 ) ) ;
#1018 = CARTESIAN_POINT ( 'NONE',  ( 18.11250000095591517, 0.2799049647549438080, -0.5049619233554829556 ) ) ;
#1019 = EDGE_CURVE ( 'NONE', #904, #1707, #404, .T. ) ;
#1020 = CARTESIAN_POINT ( 'NONE',  ( 18.73750000095591517, 0.4285836503510572215, -0.2575190374550276329 ) ) ;
#1021 = CARTESIAN_POINT ( 'NONE',  ( 17.62187500047795652, 0.3859570687203936479, -0.6962849834561642970 ) ) ;
#1022 = CONICAL_SURFACE ( 'NONE', #484, 0.6894430562500014625, 1.047197551196594301 ) ;
#1023 = CARTESIAN_POINT ( 'NONE',  ( 17.44982678473775906, -0.5762843607521913603, 0.1591981384098456742 ) ) ;
#1024 = DIRECTION ( 'NONE',  ( -1.000000000000000000, -0.000000000000000000, -0.000000000000000000 ) ) ;
#1025 = CARTESIAN_POINT ( 'NONE',  ( 19.34062500047795652, -0.5909680435136284160, 0.3550894244511044184 ) ) ;
#1026 = CARTESIAN_POINT ( 'NONE',  ( 18.93750000095591801, -0.4373098535696989253, -0.2424048101231693342 ) ) ;
#1027 = CARTESIAN_POINT ( 'NONE',  ( 18.16562500047795936, -0.7959790183068626845, 0.01389386544604503775 ) ) ;
#1028 = CARTESIAN_POINT ( 'NONE',  ( 17.91562500047795581, -0.4100219495864690367, -0.6823911180101194240 ) ) ;
#1029 = DIRECTION ( 'NONE',  ( 0.000000000000000000, 0.000000000000000000, -1.000000000000000000 ) ) ;
#1030 = CARTESIAN_POINT ( 'NONE',  ( 17.59687500047795794, -0.01203244043303785572, -0.6893380507331419160 ) ) ;
#1031 = CARTESIAN_POINT ( 'NONE',  ( 18.33750000095592014, -0.4373098535696989253, -0.2424048101231693342 ) ) ;
#1032 = CARTESIAN_POINT ( 'NONE',  ( 18.37187500047795652, -0.3859570687203937589, 0.6962849834561642970 ) ) ;
#1033 = VERTEX_POINT ( 'NONE', #1515 ) ;
#1034 = CARTESIAN_POINT ( 'NONE',  ( 0.2346195042719137203, -0.1500000000060330019, 0.9886859966633477770 ) ) ;
#1035 = CARTESIAN_POINT ( 'NONE',  ( 19.89062500047795723, 0.01203244043303794072, 0.6893380507331419160 ) ) ;
#1036 = CARTESIAN_POINT ( 'NONE',  ( 19.43750000095591446, 0.008726203218641778378, 0.4999238475781968560 ) ) ;
#1037 = CARTESIAN_POINT ( 'NONE',  ( 17.54062500047795581, -0.5909680435136284160, 0.3550894244511044184 ) ) ;
#1038 = CARTESIAN_POINT ( 'NONE',  ( 17.99062500047795865, 0.5909680435136281940, -0.3550894244511046960 ) ) ;
#1039 = CARTESIAN_POINT ( 'NONE',  ( 19.65000000000000213, 0.4373098535696989808, 0.2424048101231691676 ) ) ;
#1040 = ORIENTED_EDGE ( 'NONE', *, *, #1516, .F. ) ;
#1041 = AXIS2_PLACEMENT_3D ( 'NONE', #1950, #1004, #1929 ) ;
#1042 = CARTESIAN_POINT ( 'NONE',  ( 18.11250000095591517, 0.2799049647549437525, -0.5049619233554829556 ) ) ;
#1043 = ORIENTED_EDGE ( 'NONE', *, *, #365, .F. ) ;
#1044 = CIRCLE ( 'NONE', #906, 0.7499999999999983347 ) ;
#1045 = VERTEX_POINT ( 'NONE', #1047 ) ;
#1046 = CARTESIAN_POINT ( 'NONE',  ( 19.79200345590535903, -0.05469922791859537642, -0.6026818369024889988 ) ) ;
#1047 = CARTESIAN_POINT ( 'NONE',  ( 0.000000000000000000, 0.1500000000000000500, 0.7348469228349516769 ) ) ;
#1048 = CARTESIAN_POINT ( 'NONE',  ( 18.61250000095591517, -0.5772623359471708016, 0.01007615155457231015 ) ) ;
#1049 = ADVANCED_FACE ( 'NONE', ( #395 ), #76, .T. ) ;
#1050 = CARTESIAN_POINT ( 'NONE',  ( 18.09062500047795652, 0.01203244043303794072, 0.6893380507331419160 ) ) ;
#1051 = CARTESIAN_POINT ( 'NONE',  ( 18.01562500047795723, 0.7959790183068626845, -0.01389386544604513316 ) ) ;
#1052 = CARTESIAN_POINT ( 'NONE',  ( 19.05000000000000071, 0.4373098535696989808, 0.2424048101231691676 ) ) ;
#1053 = CARTESIAN_POINT ( 'NONE',  ( 18.21250000095592014, 0.2973573711922270491, 0.4948857718009106454 ) ) ;
#1054 = ORIENTED_EDGE ( 'NONE', *, *, #520, .F. ) ;
#1055 = B_SPLINE_CURVE_WITH_KNOTS ( 'NONE', 3,
 ( #402, #1689, #666, #1194 ),
 .UNSPECIFIED., .F., .F.,
 ( 4, 4 ),
 ( 0.000000000000000000, 1.000000000000000000 ),
 .UNSPECIFIED. ) ;
#1056 = CARTESIAN_POINT ( 'NONE',  ( 19.78767321621814546, -0.1703765062487924975, -0.5730790153540581411 ) ) ;
#1057 = AXIS2_PLACEMENT_3D ( 'NONE', #2078, #1417, #277 ) ;
#1058 = CARTESIAN_POINT ( 'NONE',  ( 19.66562500047795581, -0.7959790183068626845, 0.01389386544604503775 ) ) ;
#1059 = CARTESIAN_POINT ( 'NONE',  ( 17.84062500047795652, -0.5909680435136284160, 0.3550894244511044184 ) ) ;
#1060 = CARTESIAN_POINT ( 'NONE',  ( 18.67499999999999716, 0.2799049647549437525, -0.5049619233554829556 ) ) ;
#1061 = DIRECTION ( 'NONE',  ( -0.000000000000000000, 1.000000000000000000, 0.000000000000000000 ) ) ;
#1062 = EDGE_LOOP ( 'NONE', ( #106 ) ) ;
#1063 = CARTESIAN_POINT ( 'NONE',  ( 0.1188691080737661887, -0.1499999999999998834, 0.9612229965437548707 ) ) ;
#1064 = B_SPLINE_CURVE_WITH_KNOTS ( 'NONE', 3,
 ( #1117, #1608, #162, #808, #1642, #1810 ),
 .UNSPECIFIED., .F., .F.,
 ( 4, 2, 4 ),
 ( 0.0005426745559802237081, 0.0005652362451817568353, 0.0005877979343832898541 ),
 .UNSPECIFIED. ) ;
#1065 = CARTESIAN_POINT ( 'NONE',  ( 19.84301198600568839, 0.6145656676761217518, 0.3188510087109328039 ) ) ;
#1066 = CARTESIAN_POINT ( 'NONE',  ( 18.91562500047795581, 0.7959790183068626845, -0.01389386544604513316 ) ) ;
#1067 = CARTESIAN_POINT ( 'NONE',  ( 17.61562500047795865, -0.4100219495864690367, -0.6823911180101194240 ) ) ;
#1068 = ORIENTED_EDGE ( 'NONE', *, *, #23, .T. ) ;
#1069 = CARTESIAN_POINT ( 'NONE',  ( 19.11562500047795510, -0.4100219495864690367, -0.6823911180101194240 ) ) ;
#1070 = CARTESIAN_POINT ( 'NONE',  ( 19.12500000000000000, -0.2799049647549438635, 0.5049619233554828446 ) ) ;
#1071 = CARTESIAN_POINT ( 'NONE',  ( 17.69687500047795936, 0.6030004839466659439, 0.3342486262820371090 ) ) ;
#1072 = AXIS2_PLACEMENT_3D ( 'NONE', #763, #1381, #1537 ) ;
#1073 = CARTESIAN_POINT ( 'NONE',  ( 19.97499999999999787, 0.2973573711922271046, 0.4948857718009107010 ) ) ;
#1074 = EDGE_CURVE ( 'NONE', #1900, #2042, #414, .T. ) ;
#1075 = EDGE_LOOP ( 'NONE', ( #2028, #1755, #1744, #603 ) ) ;
#1076 = CARTESIAN_POINT ( 'NONE',  ( -0.000000000000000000, 0.000000000000000000, -0.1499999999999993283 ) ) ;
#1077 = CARTESIAN_POINT ( 'NONE',  ( 17.99062500047795865, 0.5909680435136281940, -0.3550894244511046960 ) ) ;
#1078 = CARTESIAN_POINT ( 'NONE',  ( 0.5000000000000000000, -0.1499999999999999389, -0.9886859966642593811 ) ) ;
#1079 = ORIENTED_EDGE ( 'NONE', *, *, #768, .F. ) ;
#1080 = CARTESIAN_POINT ( 'NONE',  ( 18.35000000000000142, -0.008726203218641717663, -0.4999238475781968560 ) ) ;
#1081 = CARTESIAN_POINT ( 'NONE',  ( 17.84687500047795439, -0.6030004839466659439, -0.3342486262820373866 ) ) ;
#1082 = EDGE_LOOP ( 'NONE', ( #8, #421, #1502, #1749, #562 ) ) ;
#1083 = CARTESIAN_POINT ( 'NONE',  ( 18.84999999999999787, -0.4285836503510573881, 0.2575190374550274108 ) ) ;
#1084 = EDGE_CURVE ( 'NONE', #2007, #1339, #1980, .T. ) ;
#1085 = CARTESIAN_POINT ( 'NONE',  ( 19.81446245724199784, 0.4761413799543020020, -0.4327486072605978840 ) ) ;
#1086 = CARTESIAN_POINT ( 'NONE',  ( 18.89062500047795723, 0.5909680435136281940, -0.3550894244511046960 ) ) ;
#1087 = CARTESIAN_POINT ( 'NONE',  ( 18.37187500047795652, -0.3859570687203937589, 0.6962849834561642970 ) ) ;
#1088 = CARTESIAN_POINT ( 'NONE',  ( 0.5000000000000000000, -0.7348469228349486793, 0.000000000000000000 ) ) ;
#1089 = ORIENTED_EDGE ( 'NONE', *, *, #1516, .T. ) ;
#1090 = VECTOR ( 'NONE', #1236, 1000.000000000000000 ) ;
#1091 = CARTESIAN_POINT ( 'NONE',  ( 18.50000000000000000, 0.008726203218641778378, 0.4999238475781968560 ) ) ;
#1092 = PRESENTATION_STYLE_ASSIGNMENT (( #634 ) ) ;
#1093 = ORIENTED_EDGE ( 'NONE', *, *, #49, .T. ) ;
#1094 = CARTESIAN_POINT ( 'NONE',  ( 18.92500000000000071, -0.2973573711922269380, -0.4948857718009107565 ) ) ;
#1095 = ORIENTED_EDGE ( 'NONE', *, *, #1705, .F. ) ;
#1096 = CARTESIAN_POINT ( 'NONE',  ( 18.86562500047795510, 0.3859570687203936479, -0.6962849834561642970 ) ) ;
#1097 = CARTESIAN_POINT ( 'NONE',  ( 18.04687500047795723, 0.01203244043303794072, 0.6893380507331419160 ) ) ;
#1098 = FACE_OUTER_BOUND ( 'NONE', #1556, .T. ) ;
#1099 = CARTESIAN_POINT ( 'NONE',  ( 17.44062500047795439, 0.6030004839466659439, 0.3342486262820371090 ) ) ;
#1100 = LINE ( 'NONE', #800, #651 ) ;
#1101 = FACE_BOUND ( 'NONE', #1456, .T. ) ;
#1102 = CARTESIAN_POINT ( 'NONE',  ( 19.25000000000000000, -0.008726203218641717663, -0.4999238475781968560 ) ) ;
#1103 = EDGE_LOOP ( 'NONE', ( #1578, #1918 ) ) ;
#1104 = CARTESIAN_POINT ( 'NONE',  ( 19.37187500047795652, -0.4100219495864690367, -0.6823911180101194240 ) ) ;
#1105 = CYLINDRICAL_SURFACE ( 'NONE', #664, 0.5000000000000012212 ) ;
#1106 = CARTESIAN_POINT ( 'NONE',  ( 19.24062500047795510, 0.6030004839466659439, 0.3342486262820371090 ) ) ;
#1107 = CARTESIAN_POINT ( 'NONE',  ( 17.39385631269701449, 0.6263021616929828062, 0.2922112868497361293 ) ) ;
#1108 = CARTESIAN_POINT ( 'NONE',  ( 3.635143047055842943E-17, 0.000000000000000000, 0.000000000000000000 ) ) ;
#1109 = ORIENTED_EDGE ( 'NONE', *, *, #1558, .F. ) ;
#1110 = EDGE_CURVE ( 'NONE', #1632, #1796, #1701, .T. ) ;
#1111 = CARTESIAN_POINT ( 'NONE',  ( 17.46562500047795652, 0.4100219495864692587, 0.6823911180101192020 ) ) ;
#1112 = CARTESIAN_POINT ( 'NONE',  ( 0.2500000000000017208, 0.000000000000000000, 0.000000000000000000 ) ) ;
#1113 = FILL_AREA_STYLE_COLOUR ( '', #359 ) ;
#1114 = CARTESIAN_POINT ( 'NONE',  ( 18.64999999999999858, -0.008726203218641717663, -0.4999238475781968560 ) ) ;
#1115 = FACE_OUTER_BOUND ( 'NONE', #1545, .T. ) ;
#1116 = CARTESIAN_POINT ( 'NONE',  ( 17.41562500047795226, 0.7959790183068626845, -0.01389386544604513316 ) ) ;
#1117 = CARTESIAN_POINT ( 'NONE',  ( 0.2500000000000457967, 0.1500000000015742907, 0.9886859966642598252 ) ) ;
#1118 = ORIENTED_EDGE ( 'NONE', *, *, #1592, .T. ) ;
#1119 = CARTESIAN_POINT ( 'NONE',  ( 17.59062500047795652, -0.6030004839466659439, -0.3342486262820373866 ) ) ;
#1120 = DIRECTION ( 'NONE',  ( 0.000000000000000000, 0.000000000000000000, 1.000000000000000000 ) ) ;
#1121 = CARTESIAN_POINT ( 'NONE',  ( 19.72187500047795794, 0.3859570687203936479, -0.6962849834561644080 ) ) ;
#1122 = MECHANICAL_DESIGN_GEOMETRIC_PRESENTATION_REPRESENTATION (  '', ( #1428 ), #556 ) ;
#1123 = VERTEX_POINT ( 'NONE', #886 ) ;
#1124 = ADVANCED_FACE ( 'NONE', ( #2021 ), #545, .F. ) ;
#1125 = CARTESIAN_POINT ( 'NONE',  ( 19.77499999999999858, -0.5772623359471708016, 0.01007615155457231015 ) ) ;
#1126 = ORIENTED_EDGE ( 'NONE', *, *, #337, .T. ) ;
#1127 = CARTESIAN_POINT ( 'NONE',  ( 19.62187500047796007, -0.7959790183068626845, 0.01389386544604503775 ) ) ;
#1128 = CARTESIAN_POINT ( 'NONE',  ( 0.5000000000000000000, 0.1500000000000000500, 0.000000000000000000 ) ) ;
#1129 = CARTESIAN_POINT ( 'NONE',  ( 18.84687500047795794, 0.5909680435136281940, -0.3550894244511046960 ) ) ;
#1130 = CARTESIAN_POINT ( 'NONE',  ( 18.74687500047795652, -0.6030004839466659439, -0.3342486262820373866 ) ) ;
#1131 = CARTESIAN_POINT ( 'NONE',  ( 18.22187500047795794, 0.3859570687203936479, -0.6962849834561644080 ) ) ;
#1132 = FACE_OUTER_BOUND ( 'NONE', #1781, .T. ) ;
#1133 = CARTESIAN_POINT ( 'NONE',  ( 19.16562500047795936, 0.3859570687203936479, -0.6962849834561644080 ) ) ;
#1134 = CARTESIAN_POINT ( 'NONE',  ( 3.635143047055842943E-17, 0.000000000000000000, 0.000000000000000000 ) ) ;
#1135 = VERTEX_POINT ( 'NONE', #126 ) ;
#1136 = CARTESIAN_POINT ( 'NONE',  ( 17.87500000000000355, 0.2973573711922271046, 0.4948857718009107010 ) ) ;
#1137 = ADVANCED_BREP_SHAPE_REPRESENTATION ( 'part6', ( #512, #1212, #535, #244 ), #983 ) ;
#1138 = LINE ( 'NONE', #672, #139 ) ;
#1139 = EDGE_CURVE ( 'NONE', #1390, #1840, #1548, .T. ) ;
#1140 = DIRECTION ( 'NONE',  ( 1.000000000000000000, -0.000000000000000000, -0.000000000000000000 ) ) ;
#1141 = CARTESIAN_POINT ( 'NONE',  ( 19.29687500047796078, -0.5909680435136284160, 0.3550894244511044184 ) ) ;
#1142 = CARTESIAN_POINT ( 'NONE',  ( 17.89687500047795865, -0.01203244043303785572, -0.6893380507331419160 ) ) ;
#1143 = CARTESIAN_POINT ( 'NONE',  ( 18.02187500047795865, 0.4100219495864692587, 0.6823911180101194240 ) ) ;
#1144 = PLANE ( 'NONE',  #1583 ) ;
#1145 = CARTESIAN_POINT ( 'NONE',  ( 17.39062500047795723, 0.6435456412804593240, 0.2473473982079965050 ) ) ;
#1146 = CARTESIAN_POINT ( 'NONE',  ( 19.24062500047795510, 0.6030004839466659439, 0.3342486262820371090 ) ) ;
#1147 = AXIS2_PLACEMENT_3D ( 'NONE', #351, #1166, #1327 ) ;
#1148 = CARTESIAN_POINT ( 'NONE',  ( 18.67187500047796078, -0.3859570687203937589, 0.6962849834561644080 ) ) ;
#1149 = CARTESIAN_POINT ( 'NONE',  ( 19.36562500047795865, -0.7959790183068626845, 0.01389386544604503775 ) ) ;
#1150 = CARTESIAN_POINT ( 'NONE',  ( 18.01250000095591375, -0.5772623359471708016, 0.01007615155457231015 ) ) ;
#1151 = CARTESIAN_POINT ( 'NONE',  ( 19.72187500047795439, 0.3859570687203936479, -0.6962849834561642970 ) ) ;
#1152 = CARTESIAN_POINT ( 'NONE',  ( 19.58750000095591659, -0.008726203218641717663, -0.4999238475781968560 ) ) ;
#1153 = CARTESIAN_POINT ( 'NONE',  ( 18.97187500047795794, -0.3859570687203937589, 0.6962849834561642970 ) ) ;
#1154 = EDGE_CURVE ( 'NONE', #648, #2042, #394, .T. ) ;
#1155 = CARTESIAN_POINT ( 'NONE',  ( 17.97187500047795439, 0.7959790183068626845, -0.01389386544604513316 ) ) ;
#1156 = FACE_OUTER_BOUND ( 'NONE', #1910, .T. ) ;
#1157 = DIRECTION ( 'NONE',  ( 0.000000000000000000, 0.000000000000000000, -1.000000000000000000 ) ) ;
#1158 = CARTESIAN_POINT ( 'NONE',  ( 19.81562500047795794, 0.7959790183068626845, -0.01389386544604513489 ) ) ;
#1159 = CARTESIAN_POINT ( 'NONE',  ( 18.97187500047795794, -0.3859570687203937589, 0.6962849834561644080 ) ) ;
#1160 = CARTESIAN_POINT ( 'NONE',  ( 17.89999999999999858, 0.008726203218641778378, 0.4999238475781968560 ) ) ;
#1161 = PRESENTATION_LAYER_ASSIGNMENT (  '', '', ( #282 ) ) ;
#1162 = CARTESIAN_POINT ( 'NONE',  ( 17.51250000095591375, 0.2799049647549438080, -0.5049619233554829556 ) ) ;
#1163 = CARTESIAN_POINT ( 'NONE',  ( 19.26250000095591730, -0.2973573711922269380, -0.4948857718009107565 ) ) ;
#1164 = TOROIDAL_SURFACE ( 'NONE', #728, 0.7500000000000000000, 0.2500000000000000000 ) ;
#1165 = CARTESIAN_POINT ( 'NONE',  ( 19.32187500047795581, -0.7959790183068626845, 0.01389386544604503775 ) ) ;
#1166 = DIRECTION ( 'NONE',  ( -1.000000000000000000, -0.000000000000000000, -0.000000000000000000 ) ) ;
#1167 = DIRECTION ( 'NONE',  ( 0.000000000000000000, 0.000000000000000000, -1.000000000000000000 ) ) ;
#1168 = CARTESIAN_POINT ( 'NONE',  ( 19.31562500047795794, -0.3859570687203937589, 0.6962849834561644080 ) ) ;
#1169 = AXIS2_PLACEMENT_3D ( 'NONE', #145, #1441, #166 ) ;
#1170 = CARTESIAN_POINT ( 'NONE',  ( 17.80000000000000071, 0.4285836503510572215, -0.2575190374550276329 ) ) ;
#1171 = LINE ( 'NONE', #1543, #613 ) ;
#1172 = CARTESIAN_POINT ( 'NONE',  ( 19.06250000095591801, 0.5772623359471706905, -0.01007615155457238301 ) ) ;
#1173 = CARTESIAN_POINT ( 'NONE',  ( 18.32187500047795936, 0.4100219495864692587, 0.6823911180101192020 ) ) ;
#1174 = DIRECTION ( 'NONE',  ( 0.000000000000000000, 0.000000000000000000, 1.000000000000000000 ) ) ;
#1175 = DIRECTION ( 'NONE',  ( -1.000000000000000000, -0.000000000000000000, -0.000000000000000000 ) ) ;
#1176 = CARTESIAN_POINT ( 'NONE',  ( 19.16250000095591943, -0.2799049647549438635, 0.5049619233554829556 ) ) ;
#1177 = CARTESIAN_POINT ( 'NONE',  ( 19.04062500047795581, -0.5909680435136284160, 0.3550894244511044184 ) ) ;
#1178 = ADVANCED_FACE ( 'NONE', ( #854 ), #1501, .F. ) ;
#1179 = CARTESIAN_POINT ( 'NONE',  ( 19.81562500047795794, 0.7959790183068626845, -0.01389386544604513316 ) ) ;
#1180 = AXIS2_PLACEMENT_3D ( 'NONE', #1757, #310, #2069 ) ;
#1181 = CARTESIAN_POINT ( 'NONE',  ( 18.08750000095592014, -0.008726203218641717663, -0.4999238475781968560 ) ) ;
#1182 = CARTESIAN_POINT ( 'NONE',  ( 19.71250000095591659, 0.2973573711922270491, 0.4948857718009106454 ) ) ;
#1183 = DIRECTION ( 'NONE',  ( -1.000000000000000000, 0.000000000000000000, -0.000000000000000000 ) ) ;
#1184 = ORIENTED_EDGE ( 'NONE', *, *, #1019, .F. ) ;
#1185 = VECTOR ( 'NONE', #1029, 1000.000000000000000 ) ;
#1186 = EDGE_LOOP ( 'NONE', ( #637, #584, #65, #1068 ) ) ;
#1187 = B_SPLINE_CURVE_WITH_KNOTS ( 'NONE', 3,
 ( #934, #1425, #1870, #1391, #2032, #595 ),
 .UNSPECIFIED., .F., .F.,
 ( 4, 2, 4 ),
 ( 0.0002444046907431518989, 0.0004413093651274971113, 0.0006382140395118422694 ),
 .UNSPECIFIED. ) ;
#1188 = CARTESIAN_POINT ( 'NONE',  ( 19.39062500047795723, -0.6030004839466659439, -0.3342486262820373866 ) ) ;
#1189 = CARTESIAN_POINT ( 'NONE',  ( 0.5000000000000000000, 0.7348469228349518989, -0.1499999999999989397 ) ) ;
#1190 = CARTESIAN_POINT ( 'NONE',  ( 18.51562500047795368, -0.4100219495864690367, -0.6823911180101194240 ) ) ;
#1191 = FACE_OUTER_BOUND ( 'NONE', #901, .T. ) ;
#1192 = CARTESIAN_POINT ( 'NONE',  ( 17.86250000095591872, 0.5772623359471706905, -0.01007615155457238301 ) ) ;
#1193 = CARTESIAN_POINT ( 'NONE',  ( 17.47187500047795794, -0.3859570687203937589, 0.6962849834561642970 ) ) ;
#1194 = CARTESIAN_POINT ( 'NONE',  ( 17.50000000000000000, 0.4285836503510572215, -0.2575190374550276329 ) ) ;
#1195 = CARTESIAN_POINT ( 'NONE',  ( 1.817571523527921472E-17, -0.1499999999999999667, 0.000000000000000000 ) ) ;
#1196 = CARTESIAN_POINT ( 'NONE',  ( 19.86949418601133388, 0.3484261395364281477, 0.6834662768738487548 ) ) ;
#1197 = CARTESIAN_POINT ( 'NONE',  ( 18.53750000095591943, 0.008726203218641778378, 0.4999238475781968560 ) ) ;
#1198 = CARTESIAN_POINT ( 'NONE',  ( 17.44062500047795439, 0.6030004839466659439, 0.3342486262820371090 ) ) ;
#1199 = VERTEX_POINT ( 'NONE', #624 ) ;
#1200 = CARTESIAN_POINT ( 'NONE',  ( 18.21562500047795652, -0.4100219495864690367, -0.6823911180101194240 ) ) ;
#1201 = FACE_OUTER_BOUND ( 'NONE', #1977, .T. ) ;
#1202 = CARTESIAN_POINT ( 'NONE',  ( 17.53750000095591588, 0.4285836503510572215, -0.2575190374550276329 ) ) ;
#1203 = VERTEX_POINT ( 'NONE', #1409 ) ;
#1204 = ADVANCED_FACE ( 'NONE', ( #647, #1101 ), #1921, .F. ) ;
#1205 = CARTESIAN_POINT ( 'NONE',  ( 0.2113173542338604716, 0.1284034178970757945, 0.9886859966640205721 ) ) ;
#1206 = CARTESIAN_POINT ( 'NONE',  ( 19.61562500047795510, -0.3859570687203937589, 0.6962849834561642970 ) ) ;
#1207 = CARTESIAN_POINT ( 'NONE',  ( 18.78750000095591943, 0.4373098535696989808, 0.2424048101231691676 ) ) ;
#1208 = FILL_AREA_STYLE ('',( #248 ) ) ;
#1209 = VECTOR ( 'NONE', #1217, 1000.000000000000000 ) ;
#1210 = CARTESIAN_POINT ( 'NONE',  ( 18.96562500047795652, 0.4100219495864692587, 0.6823911180101192020 ) ) ;
#1211 = CARTESIAN_POINT ( 'NONE',  ( 19.69999999999999929, 0.008726203218641778378, 0.4999238475781968560 ) ) ;
#1212 = MANIFOLD_SOLID_BREP ( 'Cut-Extrude2[1]', #1753 ) ;
#1213 = CARTESIAN_POINT ( 'NONE',  ( 17.66250000095591588, -0.2799049647549438635, 0.5049619233554828446 ) ) ;
#1214 = ORIENTED_EDGE ( 'NONE', *, *, #1671, .T. ) ;
#1215 = CARTESIAN_POINT ( 'NONE',  ( 17.41094966034940583, 0.2296078504200032566, 0.6232283799217193110 ) ) ;
#1216 = PRODUCT_DEFINITION_CONTEXT ( 'detailed design', #1290, 'design' ) ;
#1217 = DIRECTION ( 'NONE',  ( 0.000000000000000000, 0.000000000000000000, -1.000000000000000000 ) ) ;
#1218 = CARTESIAN_POINT ( 'NONE',  ( 0.2112956731992465254, -0.1283770023577436026, 0.9887073866023763369 ) ) ;
#1219 = FACE_OUTER_BOUND ( 'NONE', #1186, .T. ) ;
#1220 = CARTESIAN_POINT ( 'NONE',  ( 18.29062500047795581, 0.5909680435136281940, -0.3550894244511046960 ) ) ;
#1221 = CARTESIAN_POINT ( 'NONE',  ( 19.67499999999999716, 0.2973573711922270491, 0.4948857718009106454 ) ) ;
#1222 = LINE ( 'NONE', #903, #760 ) ;
#1223 = ORIENTED_EDGE ( 'NONE', *, *, #857, .T. ) ;
#1224 = CARTESIAN_POINT ( 'NONE',  ( 0.2500000000000007216, -0.1499999999999999389, 0.9886859966642598252 ) ) ;
#1225 = AXIS2_PLACEMENT_3D ( 'NONE', #316, #286, #298 ) ;
#1226 = CARTESIAN_POINT ( 'NONE',  ( 19.84687500047796149, 0.5507897228673223067, 0.4146835046093353405 ) ) ;
#1227 = SURFACE_SIDE_STYLE ('',( #1517 ) ) ;
#1228 = ORIENTED_EDGE ( 'NONE', *, *, #891, .T. ) ;
#1229 = EDGE_CURVE ( 'NONE', #1758, #1242, #90, .T. ) ;
#1230 = CARTESIAN_POINT ( 'NONE',  ( 18.44062500047795794, -0.5909680435136284160, 0.3550894244511044184 ) ) ;
#1231 = CARTESIAN_POINT ( 'NONE',  ( 18.02187500047795865, 0.4100219495864692587, 0.6823911180101192020 ) ) ;
#1232 = CARTESIAN_POINT ( 'NONE',  ( 0.5000000000000000000, -0.1499999999999999389, 0.000000000000000000 ) ) ;
#1233 = ORIENTED_EDGE ( 'NONE', *, *, #954, .T. ) ;
#1234 = CARTESIAN_POINT ( 'NONE',  ( 0.2210454848260590133, 0.1401854673371875915, 0.9887085768299629374 ) ) ;
#1235 = CARTESIAN_POINT ( 'NONE',  ( 17.76562500047795723, 0.4100219495864692587, 0.6823911180101192020 ) ) ;
#1236 = DIRECTION ( 'NONE',  ( 0.000000000000000000, 0.000000000000000000, -1.000000000000000000 ) ) ;
#1237 = LINE ( 'NONE', #1890, #2023 ) ;
#1238 = CARTESIAN_POINT ( 'NONE',  ( 18.80000000000000071, 0.008726203218641778378, 0.4999238475781968560 ) ) ;
#1239 = CARTESIAN_POINT ( 'NONE',  ( 17.59687500047795794, -0.01203244043303785572, -0.6893380507331419160 ) ) ;
#1240 = EDGE_CURVE ( 'NONE', #1123, #1045, #1291, .T. ) ;
#1241 = CARTESIAN_POINT ( 'NONE',  ( 19.92499999999999716, 0.5772623359471708016, -0.01007615155457238301 ) ) ;
#1242 = VERTEX_POINT ( 'NONE', #470 ) ;
#1243 = CARTESIAN_POINT ( 'NONE',  ( 19.77285147285736855, -0.4426909996138415626, -0.3635878119377614071 ) ) ;
#1244 = CARTESIAN_POINT ( 'NONE',  ( 18.36562500047795510, 0.4100219495864692587, 0.6823911180101192020 ) ) ;
#1245 = CARTESIAN_POINT ( 'NONE',  ( 18.24687500047795652, 0.5909680435136281940, -0.3550894244511046960 ) ) ;
#1246 = PLANE ( 'NONE',  #1729 ) ;
#1247 = ORIENTED_EDGE ( 'NONE', *, *, #159, .T. ) ;
#1248 = CARTESIAN_POINT ( 'NONE',  ( 18.19999999999999929, 0.008726203218641778378, 0.4999238475781968560 ) ) ;
#1249 = CARTESIAN_POINT ( 'NONE',  ( 19.34687500047795794, -0.6030004839466659439, -0.3342486262820373866 ) ) ;
#1250 = ORIENTED_EDGE ( 'NONE', *, *, #111, .F. ) ;
#1251 = CARTESIAN_POINT ( 'NONE',  ( 19.00000000000000000, 0.4285836503510572215, -0.2575190374550276329 ) ) ;
#1252 = ORIENTED_EDGE ( 'NONE', *, *, #1558, .T. ) ;
#1253 = FACE_BOUND ( 'NONE', #739, .T. ) ;
#1254 = DIRECTION ( 'NONE',  ( 1.000000000000000000, -0.000000000000000000, -0.000000000000000000 ) ) ;
#1255 = CARTESIAN_POINT ( 'NONE',  ( 18.09062500047795652, 0.01203244043303794072, 0.6893380507331419160 ) ) ;
#1256 = CARTESIAN_POINT ( 'NONE',  ( 18.67187500047796078, -0.3859570687203937589, 0.6962849834561642970 ) ) ;
#1257 = FACE_OUTER_BOUND ( 'NONE', #599, .T. ) ;
#1258 = ORIENTED_EDGE ( 'NONE', *, *, #1342, .T. ) ;
#1259 = COLOUR_RGB ( '',0.7921568627450980005, 0.8196078431372548767, 0.9333333333333333481 ) ;
#1260 = CARTESIAN_POINT ( 'NONE',  ( 1.000000000000000000, 0.000000000000000000, 0.7499999999999983347 ) ) ;
#1261 = CARTESIAN_POINT ( 'NONE',  ( 17.97500000000000142, -0.5772623359471706905, 0.01007615155457231015 ) ) ;
#1262 = CARTESIAN_POINT ( 'NONE',  ( 19.90000000000000213, 0.4285836503510572215, -0.2575190374550276329 ) ) ;
#1263 = DIRECTION ( 'NONE',  ( 1.000000000000000000, -0.000000000000000000, -0.000000000000000000 ) ) ;
#1264 = CARTESIAN_POINT ( 'NONE',  ( 18.29062500047795581, 0.5909680435136281940, -0.3550894244511046960 ) ) ;
#1265 = EDGE_CURVE ( 'NONE', #928, #928, #1298, .T. ) ;
#1266 = CARTESIAN_POINT ( 'NONE',  ( 0.5000000000000000000, 0.1500000000000000500, 0.9886859966642598252 ) ) ;
#1267 = DIRECTION ( 'NONE',  ( -1.000000000000000000, -0.000000000000000000, -0.000000000000000000 ) ) ;
#1268 = CARTESIAN_POINT ( 'NONE',  ( 17.39062500047795723, 0.5909680435136281940, -0.3550894244511046960 ) ) ;
#1269 = DIRECTION ( 'NONE',  ( 0.000000000000000000, -0.000000000000000000, 1.000000000000000000 ) ) ;
#1270 = CARTESIAN_POINT ( 'NONE',  ( 19.77187500047795865, 0.7959790183068626845, -0.01389386544604513489 ) ) ;
#1271 = ORIENTED_EDGE ( 'NONE', *, *, #2076, .T. ) ;
#1272 = CARTESIAN_POINT ( 'NONE',  ( 19.87500000000000355, 0.2799049647549438080, -0.5049619233554829556 ) ) ;
#1273 = CARTESIAN_POINT ( 'NONE',  ( 19.64687500047795865, -0.6030004839466659439, -0.3342486262820373866 ) ) ;
#1274 = CYLINDRICAL_SURFACE ( 'NONE', #487, 0.6894430562500014625 ) ;
#1275 = CARTESIAN_POINT ( 'NONE',  ( 17.94062500047795794, -0.01203244043303785572, -0.6893380507331419160 ) ) ;
#1276 = CARTESIAN_POINT ( 'NONE',  ( 0.2500000000000017208, -0.1499999999999999389, 0.9886859966642593811 ) ) ;
#1277 = EDGE_CURVE ( 'NONE', #1045, #146, #1949, .T. ) ;
#1278 = FILL_AREA_STYLE_COLOUR ( '', #1259 ) ;
#1279 = SHAPE_DEFINITION_REPRESENTATION ( #2047, #1137 ) ;
#1280 = CARTESIAN_POINT ( 'NONE',  ( 17.82499999999999929, 0.5772623359471706905, -0.01007615155457238301 ) ) ;
#1281 =( LENGTH_UNIT ( ) NAMED_UNIT ( * ) SI_UNIT ( .MILLI., .METRE. ) );
#1282 = CARTESIAN_POINT ( 'NONE',  ( 18.60000000000000142, -0.4373098535696989253, -0.2424048101231693342 ) ) ;
#1283 = CARTESIAN_POINT ( 'NONE',  ( 0.2346098001991947513, 0.1500000000015930535, 0.9886859966640205721 ) ) ;
#1284 = CARTESIAN_POINT ( 'NONE',  ( 19.09687500047795794, -0.01203244043303785572, -0.6893380507331419160 ) ) ;
#1285 = CARTESIAN_POINT ( 'NONE',  ( 18.47187500047795794, -0.4100219495864690367, -0.6823911180101194240 ) ) ;
#1286 = CARTESIAN_POINT ( 'NONE',  ( 17.87187500047795652, -0.4100219495864690367, -0.6823911180101194240 ) ) ;
#1287 = DIRECTION ( 'NONE',  ( -0.000000000000000000, 1.000000000000000000, 0.000000000000000000 ) ) ;
#1288 = EDGE_LOOP ( 'NONE', ( #261, #786, #284 ) ) ;
#1289 = CARTESIAN_POINT ( 'NONE',  ( 19.44062500047795794, -0.01203244043303785572, -0.6893380507331419160 ) ) ;
#1290 = APPLICATION_CONTEXT ( 'automotive_design' ) ;
#1291 = LINE ( 'NONE', #319, #124 ) ;
#1292 = EDGE_CURVE ( 'NONE', #1199, #1390, #194, .T. ) ;
#1293 = CARTESIAN_POINT ( 'NONE',  ( 19.44062500047795794, -0.01203244043303785572, -0.6893380507331419160 ) ) ;
#1294 = CARTESIAN_POINT ( 'NONE',  ( 17.39062500047795723, 0.5909680435136281940, -0.3550894244511046960 ) ) ;
#1295 = CARTESIAN_POINT ( 'NONE',  ( 17.79687500047795723, -0.5909680435136284160, 0.3550894244511044184 ) ) ;
#1296 = CARTESIAN_POINT ( 'NONE',  ( 0.5000000000000000000, 0.1500000000000000500, -0.9886859966642593811 ) ) ;
#1297 = VERTEX_POINT ( 'NONE', #1276 ) ;
#1298 = CIRCLE ( 'NONE', #1169, 0.5000000000000000000 ) ;
#1299 = CARTESIAN_POINT ( 'NONE',  ( 19.76562500047795723, 0.3859570687203936479, -0.6962849834561644080 ) ) ;
#1300 = CARTESIAN_POINT ( 'NONE',  ( 19.12187500047795652, 0.3859570687203936479, -0.6962849834561644080 ) ) ;
#1301 = CARTESIAN_POINT ( 'NONE',  ( 17.85000000000000142, 0.4373098535696989808, 0.2424048101231691676 ) ) ;
#1302 = CARTESIAN_POINT ( 'NONE',  ( 17.68750000095591801, -0.4285836503510573881, 0.2575190374550274108 ) ) ;
#1303 = EDGE_CURVE ( 'NONE', #146, #1698, #1044, .T. ) ;
#1304 = CARTESIAN_POINT ( 'NONE',  ( 17.57187500047795936, -0.4100219495864690367, -0.6823911180101194240 ) ) ;
#1305 = CARTESIAN_POINT ( 'NONE',  ( 19.33750000095591659, 0.4285836503510572215, -0.2575190374550276329 ) ) ;
#1306 = CARTESIAN_POINT ( 'NONE',  ( 19.04687500047796078, -0.6030004839466659439, -0.3342486262820373866 ) ) ;
#1307 = CARTESIAN_POINT ( 'NONE',  ( 0.02609077622628356782, -0.1499999999999998834, -0.8663446049199454713 ) ) ;
#1308 = DIRECTION ( 'NONE',  ( 1.000000000000000000, -0.000000000000000000, -0.000000000000000000 ) ) ;
#1309 = CARTESIAN_POINT ( 'NONE',  ( 18.96562500047795297, 0.4100219495864692587, 0.6823911180101194240 ) ) ;
#1310 = CARTESIAN_POINT ( 'NONE',  ( 19.24687500047795652, 0.01203244043303794072, 0.6893380507331419160 ) ) ;
#1311 = CARTESIAN_POINT ( 'NONE',  ( 19.59062500047795652, 0.01203244043303794072, 0.6893380507331419160 ) ) ;
#1312 = VECTOR ( 'NONE', #1964, 1000.000000000000000 ) ;
#1313 = CARTESIAN_POINT ( 'NONE',  ( 17.98750000095591872, -0.4285836503510573881, 0.2575190374550274108 ) ) ;
#1314 = CARTESIAN_POINT ( 'NONE',  ( 18.84687500047795794, 0.5909680435136281940, -0.3550894244511046960 ) ) ;
#1315 = CARTESIAN_POINT ( 'NONE',  ( 19.48750000095591872, -0.4285836503510573881, 0.2575190374550274108 ) ) ;
#1316 = CARTESIAN_POINT ( 'NONE',  ( 19.72187500047795439, 0.3859570687203936479, -0.6962849834561642970 ) ) ;
#1317 = CARTESIAN_POINT ( 'NONE',  ( 0.5000000000000000000, -0.1499999999999999389, -0.9886859966642593811 ) ) ;
#1318 = CARTESIAN_POINT ( 'NONE',  ( 17.49999999999999645, 0.1253799752122367606, -0.4840246500084268710 ) ) ;
#1319 = CARTESIAN_POINT ( 'NONE',  ( 18.39062500047795368, 0.01203244043303794072, 0.6893380507331419160 ) ) ;
#1320 = CARTESIAN_POINT ( 'NONE',  ( 17.69999999999999929, -0.4373098535696989253, -0.2424048101231693342 ) ) ;
#1321 = AXIS2_PLACEMENT_3D ( 'NONE', #1108, #621, #307 ) ;
#1322 = DIRECTION ( 'NONE',  ( 0.000000000000000000, -1.000000000000000000, 1.844265347643397460E-17 ) ) ;
#1323 = CARTESIAN_POINT ( 'NONE',  ( 18.79687500047796078, -0.01203244043303785572, -0.6893380507331419160 ) ) ;
#1324 = CARTESIAN_POINT ( 'NONE',  ( 1.817571523527921472E-17, 0.7499999999999983347, 0.000000000000000000 ) ) ;
#1325 = CARTESIAN_POINT ( 'NONE',  ( 3.635143047055842943E-17, 0.000000000000000000, 0.000000000000000000 ) ) ;
#1326 = VERTEX_POINT ( 'NONE', #1266 ) ;
#1327 = DIRECTION ( 'NONE',  ( 0.000000000000000000, 0.000000000000000000, 1.000000000000000000 ) ) ;
#1328 = CARTESIAN_POINT ( 'NONE',  ( 0.5000000000000000000, 0.7348469228349518989, -0.1499999999999989397 ) ) ;
#1329 = ADVANCED_FACE ( 'NONE', ( #1257 ), #315, .T. ) ;
#1330 = CARTESIAN_POINT ( 'NONE',  ( 19.41250000095591588, 0.2973573711922271046, 0.4948857718009107010 ) ) ;
#1331 = CARTESIAN_POINT ( 'NONE',  ( 19.21562500047795652, 0.7959790183068626845, -0.01389386544604513489 ) ) ;
#1332 = PRESENTATION_LAYER_ASSIGNMENT (  '', '', ( #1644 ) ) ;
#1333 = CARTESIAN_POINT ( 'NONE',  ( 19.71562500047795652, -0.4100219495864690367, -0.6823911180101194240 ) ) ;
#1334 = DIRECTION ( 'NONE',  ( 0.000000000000000000, 0.000000000000000000, -1.000000000000000000 ) ) ;
#1335 = ORIENTED_EDGE ( 'NONE', *, *, #656, .F. ) ;
#1336 = CARTESIAN_POINT ( 'NONE',  ( 18.81250000095591801, 0.2973573711922270491, 0.4948857718009106454 ) ) ;
#1337 =( BOUNDED_SURFACE ( )  B_SPLINE_SURFACE ( 1, 2, ( 
 ( #1925, #822, #975, #638, #1943, #1151, #1797, #483, #1273, #1127, #1626, #347, #179, #1468, #1638, #835, #1479, #38, #1905, #1104, #945, #792, #1434, #1914, #473, #1346, #1828, #1499, #1985, #549, #1965, #691, #400, #1957, #357, #1533, #387, #1521, #722, #84, #1314, #199, #1323, #525, #1130, #314, #445, #1256, #937, #807, #783, #653, #1606, #1577, #957, #1285, #1778, #324, #765, #1087, #965, #1617, #1406, #2045, #1245, #1733, #132, #1416, #517, #826, #350, #675, #41, #170, #1935, #1155, #497, #17, #1142, #1787, #1641, #338, #979, #1629, #1799, #158, #1444, #1424, #1924, #1509, #1030, #1304, #368, #701, #209, #1807, #1677, #1467, #346, #834, #1478 ),
 ( #683, #1956, #1000, #852, #1488, #1790, #1812, #577, #1692, #205, #227, #67, #1036, #1330, #2012, #1834, #1654, #363, #216, #89, #530, #566, #1821, #1176, #1015, #870, #542, #697, #1664, #373, #235, #1844, #1026, #1494, #1683, #1005, #1352, #860, #1207, #1505, #848, #706, #1853, #1991, #406, #1048, #555, #51, #1197, #396, #1970, #877, #1526, #77, #727, #1363, #2001, #247, #887, #1539, #737, #356, #1974, #851, #1795, #1018, #1181, #1667, #189, #1150, #1313, #833, #863, #999, #1487, #62, #37, #682, #1826, #1657, #1955, #1508, #1302, #710, #367, #377, #1008, #46, #514, #1162, #534, #1816, #1837, #1806, #208, #219, #1345, #670, #524, #547, #1649 ) ),
 .UNSPECIFIED., .F., .F., .T. ) 
 B_SPLINE_SURFACE_WITH_KNOTS ( ( 2, 2 ),
 ( 3, 2, 2, 2, 2, 2, 2, 2, 2, 2, 2, 2, 2, 2, 2, 2, 2, 2, 2, 2, 2, 2, 2, 2, 2, 2, 2, 2, 2, 2, 2, 2, 2, 2, 2, 2, 2, 2, 2, 2, 2, 2, 2, 2, 2, 2, 2, 2, 2, 2, 3 ),
 ( 0.000000000000000000, 1.000000000000000000 ),
 ( 0.000000000000000000, 0.01851851851851851749, 0.03703703703703703498, 0.05555555555555555247, 0.07407407407407406996, 0.09259259259259258745, 0.1111111111111111049, 0.1296296296296296224, 0.1481481481481481399, 0.1666666666666666574, 0.1851851851851851749, 0.2037037037037036924, 0.2222222222222222099, 0.2407407407407407274, 0.2592592592592592449, 0.2777777777777777901, 0.2962962962962962798, 0.3148148148148148251, 0.3333333333333333148, 0.3518518518518518601, 0.3703703703703703498, 0.3888888888888888951, 0.4074074074074073848, 0.4259259259259259300, 0.4444444444444444198, 0.4629629629629629650, 0.4814814814814814548, 0.5000000000000000000, 0.5185185185185184897, 0.5370370370370370905, 0.5555555555555555802, 0.5740740740740740700, 0.5925925925925925597, 0.6111111111111111605, 0.6296296296296296502, 0.6481481481481481399, 0.6666666666666666297, 0.6851851851851852304, 0.7037037037037037202, 0.7222222222222222099, 0.7407407407407406996, 0.7592592592592593004, 0.7777777777777777901, 0.7962962962962962798, 0.8148148148148147696, 0.8333333333333333703, 0.8518518518518518601, 0.8703703703703703498, 0.8888888888888888395, 0.9074074074074074403, 0.9259259259259259300 ),
 .UNSPECIFIED. ) 
 GEOMETRIC_REPRESENTATION_ITEM ( )  RATIONAL_B_SPLINE_SURFACE ( (
 ( 1.000000000000000000, 0.8660254037844387076, 1.000000000000000000, 0.8660254037844387076, 1.000000000000000000, 0.8660254037844387076, 1.000000000000000000, 0.8660254037844387076, 1.000000000000000000, 0.8660254037844387076, 1.000000000000000000, 0.8660254037844387076, 1.000000000000000000, 0.8660254037844387076, 1.000000000000000000, 0.8660254037844387076, 1.000000000000000000, 0.8660254037844387076, 1.000000000000000000, 0.8660254037844387076, 1.000000000000000000, 0.8660254037844387076, 1.000000000000000000, 0.8660254037844387076, 1.000000000000000000, 0.8660254037844387076, 1.000000000000000000, 0.8660254037844387076, 1.000000000000000000, 0.8660254037844387076, 1.000000000000000000, 0.8660254037844387076, 1.000000000000000000, 0.8660254037844387076, 1.000000000000000000, 0.8660254037844387076, 1.000000000000000000, 0.8660254037844387076, 1.000000000000000000, 0.8660254037844387076, 1.000000000000000000, 0.8660254037844387076, 1.000000000000000000, 0.8660254037844387076, 1.000000000000000000, 0.8660254037844387076, 1.000000000000000000, 0.8660254037844387076, 1.000000000000000000, 0.8660254037844387076, 1.000000000000000000, 0.8660254037844387076, 1.000000000000000000, 0.8660254037844387076, 1.000000000000000000, 0.8660254037844387076, 1.000000000000000000, 0.8660254037844387076, 1.000000000000000000, 0.8660254037844387076, 1.000000000000000000, 0.8660254037844387076, 1.000000000000000000, 0.8660254037844387076, 1.000000000000000000, 0.8660254037844387076, 1.000000000000000000, 0.8660254037844387076, 1.000000000000000000, 0.8660254037844387076, 1.000000000000000000, 0.8660254037844387076, 1.000000000000000000, 0.8660254037844387076, 1.000000000000000000, 0.8660254037844387076, 1.000000000000000000, 0.8660254037844387076, 1.000000000000000000, 0.8660254037844387076, 1.000000000000000000, 0.8660254037844387076, 1.000000000000000000, 0.8660254037844387076, 1.000000000000000000, 0.8660254037844387076, 1.000000000000000000, 0.8660254037844387076, 1.000000000000000000, 0.8660254037844387076, 1.000000000000000000, 0.8660254037844387076, 1.000000000000000000, 0.8660254037844387076, 1.000000000000000000, 0.8660254037844387076, 1.000000000000000000, 0.8660254037844387076, 1.000000000000000000, 0.8660254037844387076, 1.000000000000000000),
 ( 1.000000000000000000, 0.8660254037844387076, 1.000000000000000000, 0.8660254037844387076, 1.000000000000000000, 0.8660254037844387076, 1.000000000000000000, 0.8660254037844387076, 1.000000000000000000, 0.8660254037844387076, 1.000000000000000000, 0.8660254037844387076, 1.000000000000000000, 0.8660254037844387076, 1.000000000000000000, 0.8660254037844387076, 1.000000000000000000, 0.8660254037844387076, 1.000000000000000000, 0.8660254037844387076, 1.000000000000000000, 0.8660254037844387076, 1.000000000000000000, 0.8660254037844387076, 1.000000000000000000, 0.8660254037844387076, 1.000000000000000000, 0.8660254037844387076, 1.000000000000000000, 0.8660254037844387076, 1.000000000000000000, 0.8660254037844387076, 1.000000000000000000, 0.8660254037844387076, 1.000000000000000000, 0.8660254037844387076, 1.000000000000000000, 0.8660254037844387076, 1.000000000000000000, 0.8660254037844387076, 1.000000000000000000, 0.8660254037844387076, 1.000000000000000000, 0.8660254037844387076, 1.000000000000000000, 0.8660254037844387076, 1.000000000000000000, 0.8660254037844387076, 1.000000000000000000, 0.8660254037844387076, 1.000000000000000000, 0.8660254037844387076, 1.000000000000000000, 0.8660254037844387076, 1.000000000000000000, 0.8660254037844387076, 1.000000000000000000, 0.8660254037844387076, 1.000000000000000000, 0.8660254037844387076, 1.000000000000000000, 0.8660254037844387076, 1.000000000000000000, 0.8660254037844387076, 1.000000000000000000, 0.8660254037844387076, 1.000000000000000000, 0.8660254037844387076, 1.000000000000000000, 0.8660254037844387076, 1.000000000000000000, 0.8660254037844387076, 1.000000000000000000, 0.8660254037844387076, 1.000000000000000000, 0.8660254037844387076, 1.000000000000000000, 0.8660254037844387076, 1.000000000000000000, 0.8660254037844387076, 1.000000000000000000, 0.8660254037844387076, 1.000000000000000000, 0.8660254037844387076, 1.000000000000000000, 0.8660254037844387076, 1.000000000000000000, 0.8660254037844387076, 1.000000000000000000, 0.8660254037844387076, 1.000000000000000000, 0.8660254037844387076, 1.000000000000000000, 0.8660254037844387076, 1.000000000000000000, 0.8660254037844387076, 1.000000000000000000, 0.8660254037844387076, 1.000000000000000000, 0.8660254037844387076, 1.000000000000000000) ) ) 
 REPRESENTATION_ITEM ( '' )  SURFACE ( )  );
#1338 = CARTESIAN_POINT ( 'NONE',  ( 20.00000000000000000, 0.000000000000000000, 0.000000000000000000 ) ) ;
#1339 = VERTEX_POINT ( 'NONE', #476 ) ;
#1340 = DIRECTION ( 'NONE',  ( -0.4999999999999913958, -0.01511422733185867340, -0.8658935039207589224 ) ) ;
#1341 = DIRECTION ( 'NONE',  ( -1.000000000000000000, -0.000000000000000000, -0.000000000000000000 ) ) ;
#1342 = EDGE_CURVE ( 'NONE', #893, #1625, #1064, .T. ) ;
#1343 = AXIS2_PLACEMENT_3D ( 'NONE', #362, #352, #372 ) ;
#1344 = CARTESIAN_POINT ( 'NONE',  ( 18.91562500047795581, 0.7959790183068626845, -0.01389386544604513316 ) ) ;
#1345 = CARTESIAN_POINT ( 'NONE',  ( 17.33750000095591659, 0.008726203218641778378, 0.4999238475781968560 ) ) ;
#1346 = CARTESIAN_POINT ( 'NONE',  ( 19.22187500047795794, 0.4100219495864692587, 0.6823911180101192020 ) ) ;
#1347 = CARTESIAN_POINT ( 'NONE',  ( 0.5000000000000000000, -0.7348469228349486793, -0.1500000000000148159 ) ) ;
#1348 = CARTESIAN_POINT ( 'NONE',  ( 18.19687500047795936, -0.01203244043303785572, -0.6893380507331419160 ) ) ;
#1349 = ORIENTED_EDGE ( 'NONE', *, *, #430, .T. ) ;
#1350 = CARTESIAN_POINT ( 'NONE',  ( 0.2500000000000104361, -0.1499999999999999389, -0.9886859966642593811 ) ) ;
#1351 = CARTESIAN_POINT ( 'NONE',  ( 0.2211284706040510528, -0.1402701369087537286, 0.9887073866023763369 ) ) ;
#1352 = CARTESIAN_POINT ( 'NONE',  ( 18.83750000095591659, 0.008726203218641778378, 0.4999238475781968560 ) ) ;
#1353 = CARTESIAN_POINT ( 'NONE',  ( 17.94062500047795794, -0.01203244043303785572, -0.6893380507331419160 ) ) ;
#1354 = EDGE_LOOP ( 'NONE', ( #734, #582, #1403, #572, #1622, #299, #134, #1573, #1473, #1250, #972, #1095 ) ) ;
#1355 = CARTESIAN_POINT ( 'NONE',  ( 17.76562500047795723, 0.4100219495864692587, 0.6823911180101192020 ) ) ;
#1356 = CARTESIAN_POINT ( 'NONE',  ( 18.97499999999999432, 0.2799049647549437525, -0.5049619233554829556 ) ) ;
#1357 = EDGE_CURVE ( 'NONE', #1326, #1203, #371, .T. ) ;
#1358 = CARTESIAN_POINT ( 'NONE',  ( 17.88750000095591730, 0.4373098535696989808, 0.2424048101231691676 ) ) ;
#1359 = CIRCLE ( 'NONE', #1321, 0.7499999999999983347 ) ;
#1360 = CARTESIAN_POINT ( 'NONE',  ( 17.48984130665224868, -0.1026350368964757814, -0.5200758844637600742 ) ) ;
#1361 = CARTESIAN_POINT ( 'NONE',  ( 0.2113741502849356968, 0.1284724022413411271, 0.9887085768299629374 ) ) ;
#1362 = CARTESIAN_POINT ( 'NONE',  ( 0.2112956731992465254, -0.1283770023577436026, 0.9886859966633501084 ) ) ;
#1363 = CARTESIAN_POINT ( 'NONE',  ( 18.36250000095591872, -0.2973573711922269380, -0.4948857718009107565 ) ) ;
#1364 = AXIS2_PLACEMENT_3D ( 'NONE', #1232, #1061, #1858 ) ;
#1365 = CARTESIAN_POINT ( 'NONE',  ( 17.49062500047795865, 0.01203244043303794072, 0.6893380507331419160 ) ) ;
#1366 = CARTESIAN_POINT ( 'NONE',  ( 18.06562500047795439, 0.4100219495864692587, 0.6823911180101192020 ) ) ;
#1367 = DIRECTION ( 'NONE',  ( 0.000000000000000000, 1.000000000000000000, 0.000000000000000000 ) ) ;
#1368 = B_SPLINE_CURVE_WITH_KNOTS ( 'NONE', 3,
 ( #606, #959, #112, #142 ),
 .UNSPECIFIED., .F., .F.,
 ( 4, 4 ),
 ( 0.8750022357213093072, 1.000000000000000000 ),
 .UNSPECIFIED. ) ;
#1369 = VECTOR ( 'NONE', #1341, 1000.000000000000000 ) ;
#1370 = CARTESIAN_POINT ( 'NONE',  ( 17.49999999999999645, 0.1253799752122367606, -0.4840246500084268710 ) ) ;
#1371 = EDGE_LOOP ( 'NONE', ( #1379 ) ) ;
#1372 = CARTESIAN_POINT ( 'NONE',  ( 17.49999999999999645, 0.1253799752122367606, -0.4840246500084268710 ) ) ;
#1373 = CARTESIAN_POINT ( 'NONE',  ( 0.2210454848260590133, 0.1401854673371875915, 0.9886859966640205721 ) ) ;
#1374 = CARTESIAN_POINT ( 'NONE',  ( 19.46562500047796007, 0.3859570687203936479, -0.6962849834561642970 ) ) ;
#1375 = CARTESIAN_POINT ( 'NONE',  ( 18.24062500047795865, -0.01203244043303785572, -0.6893380507331419160 ) ) ;
#1376 = CARTESIAN_POINT ( 'NONE',  ( 18.89062500047795723, 0.5909680435136281940, -0.3550894244511046960 ) ) ;
#1377 = CARTESIAN_POINT ( 'NONE',  ( 19.40000000000000213, 0.008726203218641778378, 0.4999238475781968560 ) ) ;
#1378 = CARTESIAN_POINT ( 'NONE',  ( 0.2500000000000017208, -0.1499999999999999389, 0.9886859966642593811 ) ) ;
#1379 = ORIENTED_EDGE ( 'NONE', *, *, #1802, .T. ) ;
#1380 = UNCERTAINTY_MEASURE_WITH_UNIT (LENGTH_MEASURE( 1.000000000000000082E-05 ), #797, 'distance_accuracy_value', 'NONE');
#1381 = DIRECTION ( 'NONE',  ( -0.000000000000000000, 1.844265347643397460E-17, 1.000000000000000000 ) ) ;
#1382 = CARTESIAN_POINT ( 'NONE',  ( 19.49062500047795510, 0.5909680435136281940, -0.3550894244511046960 ) ) ;
#1383 = EDGE_CURVE ( 'NONE', #1199, #1661, #361, .T. ) ;
#1384 = CARTESIAN_POINT ( 'NONE',  ( 17.69062500047795439, 0.5909680435136281940, -0.3550894244511046960 ) ) ;
#1385 = ORIENTED_EDGE ( 'NONE', *, *, #494, .F. ) ;
#1386 = CARTESIAN_POINT ( 'NONE',  ( 18.19062500047795794, -0.6030004839466659439, -0.3342486262820373866 ) ) ;
#1387 = CARTESIAN_POINT ( 'NONE',  ( 18.84999999999999787, -0.4285836503510573881, 0.2575190374550274108 ) ) ;
#1388 = CARTESIAN_POINT ( 'NONE',  ( 17.37187500047796007, 0.7959790183068626845, -0.01389386544604513316 ) ) ;
#1389 = CARTESIAN_POINT ( 'NONE',  ( 17.73750000095591872, -0.4373098535696989253, -0.2424048101231693342 ) ) ;
#1390 = VERTEX_POINT ( 'NONE', #858 ) ;
#1391 = CARTESIAN_POINT ( 'NONE',  ( 0.1188691080737583339, 0.1500000000000000500, 0.9612229965437494306 ) ) ;
#1392 = DIRECTION ( 'NONE',  ( 0.000000000000000000, 1.000000000000000000, -1.844265347643397460E-17 ) ) ;
#1393 = CARTESIAN_POINT ( 'NONE',  ( 18.11562500047795865, -0.3859570687203937589, 0.6962849834561642970 ) ) ;
#1394 = EDGE_CURVE ( 'NONE', #1554, #1326, #212, .T. ) ;
#1395 = SURFACE_STYLE_USAGE ( .BOTH. , #926 ) ;
#1396 = ORIENTED_EDGE ( 'NONE', *, *, #1705, .T. ) ;
#1397 = CIRCLE ( 'NONE', #1997, 0.5000000000000013323 ) ;
#1398 = CARTESIAN_POINT ( 'NONE',  ( 0.000000000000000000, 0.000000000000000000, 0.000000000000000000 ) ) ;
#1399 = CARTESIAN_POINT ( 'NONE',  ( 18.60000000000000142, -0.4373098535696989253, -0.2424048101231693342 ) ) ;
#1400 = CARTESIAN_POINT ( 'NONE',  ( 18.14687500047795865, -0.6030004839466659439, -0.3342486262820373866 ) ) ;
#1401 = ORIENTED_EDGE ( 'NONE', *, *, #378, .F. ) ;
#1402 = CARTESIAN_POINT ( 'NONE',  ( 18.46250000095592014, 0.5772623359471706905, -0.01007615155457238301 ) ) ;
#1403 = ORIENTED_EDGE ( 'NONE', *, *, #1394, .T. ) ;
#1404 = CARTESIAN_POINT ( 'NONE',  ( 0.2348411621398019955, 0.1500000000015927759, 0.9887085768299629374 ) ) ;
#1405 = CARTESIAN_POINT ( 'NONE',  ( 19.31562500047795794, -0.3859570687203937589, 0.6962849834561642970 ) ) ;
#1406 = CARTESIAN_POINT ( 'NONE',  ( 18.29687500047795723, 0.6030004839466659439, 0.3342486262820371090 ) ) ;
#1407 = CARTESIAN_POINT ( 'NONE',  ( 17.37604166714462650, 0.5909680435136284160, -0.3550894244511048070 ) ) ;
#1408 = CARTESIAN_POINT ( 'NONE',  ( 18.10000000000000142, 0.4285836503510572215, -0.2575190374550276329 ) ) ;
#1409 = CARTESIAN_POINT ( 'NONE',  ( 0.2499999999999863998, 0.1500000000000000500, 0.9886859966642598252 ) ) ;
#1410 = ORIENTED_EDGE ( 'NONE', *, *, #2022, .T. ) ;
#1411 = CARTESIAN_POINT ( 'NONE',  ( 18.70000000000000284, 0.4285836503510572215, -0.2575190374550276329 ) ) ;
#1412 = ORIENTED_EDGE ( 'NONE', *, *, #159, .F. ) ;
#1413 = CARTESIAN_POINT ( 'NONE',  ( 1.817571523527921472E-17, -0.1499999999999999667, 0.1500000000000006328 ) ) ;
#1414 = AXIS2_PLACEMENT_3D ( 'NONE', #553, #715, #1013 ) ;
#1415 = CARTESIAN_POINT ( 'NONE',  ( 19.21562500047795652, 0.7959790183068626845, -0.01389386544604513316 ) ) ;
#1416 = CARTESIAN_POINT ( 'NONE',  ( 18.17187500047795723, -0.4100219495864690367, -0.6823911180101194240 ) ) ;
#1417 = DIRECTION ( 'NONE',  ( -1.000000000000000000, 0.000000000000000000, 0.000000000000000000 ) ) ;
#1418 = EDGE_LOOP ( 'NONE', ( #714, #1184, #2054, #13 ) ) ;
#1419 = CARTESIAN_POINT ( 'NONE',  ( 17.41562500047795226, 0.7959790183068626845, -0.01389386544604513316 ) ) ;
#1420 = CARTESIAN_POINT ( 'NONE',  ( 18.12500000000000355, 0.5772623359471706905, -0.01007615155457238301 ) ) ;
#1421 = DIRECTION ( 'NONE',  ( -0.000000000000000000, 0.000000000000000000, 1.000000000000000000 ) ) ;
#1422 = CARTESIAN_POINT ( 'NONE',  ( 18.57500000000000284, -0.5772623359471708016, 0.01007615155457231015 ) ) ;
#1423 = ADVANCED_FACE ( 'NONE', ( #233 ), #1492, .T. ) ;
#1424 = CARTESIAN_POINT ( 'NONE',  ( 17.67187500047795723, 0.7959790183068626845, -0.01389386544604513316 ) ) ;
#1425 = CARTESIAN_POINT ( 'NONE',  ( -3.239901023247697614E-15, 0.1500000000000000222, 0.8008218064510422840 ) ) ;
#1426 = CARTESIAN_POINT ( 'NONE',  ( 18.44062500047795794, -0.5909680435136284160, 0.3550894244511044184 ) ) ;
#1427 = CARTESIAN_POINT ( 'NONE',  ( 17.49687500047796007, -0.5909680435136284160, 0.3550894244511044184 ) ) ;
#1428 = STYLED_ITEM ( 'NONE', ( #949 ), #535 ) ;
#1429 = CARTESIAN_POINT ( 'NONE',  ( 0.1186900683299794701, 0.1500000000000000777, -0.9610739493218403151 ) ) ;
#1430 = APPLICATION_PROTOCOL_DEFINITION ( 'draft international standard', 'automotive_design', 1998, #1290 ) ;
#1431 = CARTESIAN_POINT ( 'NONE',  ( 18.45000000000000284, 0.4373098535696989808, 0.2424048101231691676 ) ) ;
#1432 = SURFACE_SIDE_STYLE ('',( #789 ) ) ;
#1433 = CARTESIAN_POINT ( 'NONE',  ( 19.50000000000000000, -0.4373098535696989253, -0.2424048101231693342 ) ) ;
#1434 = CARTESIAN_POINT ( 'NONE',  ( 19.29687500047796078, -0.5909680435136284160, 0.3550894244511044184 ) ) ;
#1435 = ADVANCED_FACE ( 'NONE', ( #1156 ), #538, .T. ) ;
#1436 = CARTESIAN_POINT ( 'NONE',  ( 0.2500000000000457967, 0.1500000000015742907, 0.9886859966642598252 ) ) ;
#1437 = CARTESIAN_POINT ( 'NONE',  ( 18.94062500047795794, 0.6030004839466659439, 0.3342486262820371090 ) ) ;
#1438 = CARTESIAN_POINT ( 'NONE',  ( 17.94687500047795936, 0.5909680435136281940, -0.3550894244511046960 ) ) ;
#1439 = DIRECTION ( 'NONE',  ( -1.000000000000000000, -0.000000000000000000, -0.000000000000000000 ) ) ;
#1440 = CARTESIAN_POINT ( 'NONE',  ( 17.50000000000000000, 0.4285836503510572215, -0.2575190374550276329 ) ) ;
#1441 = DIRECTION ( 'NONE',  ( -1.000000000000000000, -0.000000000000000000, -0.000000000000000000 ) ) ;
#1442 = ORIENTED_EDGE ( 'NONE', *, *, #1074, .F. ) ;
#1443 = CARTESIAN_POINT ( 'NONE',  ( 18.77500000000000213, 0.2973573711922271046, 0.4948857718009107010 ) ) ;
#1444 = CARTESIAN_POINT ( 'NONE',  ( 17.69687500047795936, 0.6030004839466659439, 0.3342486262820371090 ) ) ;
#1445 = VECTOR ( 'NONE', #1926, 1000.000000000000000 ) ;
#1446 = DIRECTION ( 'NONE',  ( 0.000000000000000000, 0.000000000000000000, 1.000000000000000000 ) ) ;
#1447 = PRODUCT ( 'part6', 'part6', '', ( #2038 ) ) ;
#1448 = CARTESIAN_POINT ( 'NONE',  ( 19.22187500047795794, 0.4100219495864692587, 0.6823911180101192020 ) ) ;
#1449 = CARTESIAN_POINT ( 'NONE',  ( 17.89687500047795865, -0.01203244043303785572, -0.6893380507331419160 ) ) ;
#1450 = FACE_OUTER_BOUND ( 'NONE', #733, .T. ) ;
#1451 = ADVANCED_FACE ( 'NONE', ( #528 ), #508, .F. ) ;
#1452 = VERTEX_POINT ( 'NONE', #1317 ) ;
#1453 = CARTESIAN_POINT ( 'NONE',  ( 17.89999999999999858, 0.008726203218641778378, 0.4999238475781968560 ) ) ;
#1454 = CARTESIAN_POINT ( 'NONE',  ( 19.64687500047795865, -0.6030004839466659439, -0.3342486262820373866 ) ) ;
#1455 = CARTESIAN_POINT ( 'NONE',  ( 18.37500000000000000, 0.2799049647549438080, -0.5049619233554829556 ) ) ;
#1456 = EDGE_LOOP ( 'NONE', ( #704 ) ) ;
#1457 = CARTESIAN_POINT ( 'NONE',  ( 0.000000000000000000, 0.000000000000000000, 0.000000000000000000 ) ) ;
#1458 = CARTESIAN_POINT ( 'NONE',  ( 17.66562500047795581, 0.3859570687203936479, -0.6962849834561642970 ) ) ;
#1459 = CARTESIAN_POINT ( 'NONE',  ( 18.24687500047795652, 0.5909680435136281940, -0.3550894244511046960 ) ) ;
#1460 = CARTESIAN_POINT ( 'NONE',  ( 0.000000000000000000, 0.7348469228349518989, 0.000000000000000000 ) ) ;
#1461 = EDGE_LOOP ( 'NONE', ( #457, #608, #594, #1536, #278 ) ) ;
#1462 = EDGE_CURVE ( 'NONE', #1770, #648, #108, .T. ) ;
#1463 = CARTESIAN_POINT ( 'NONE',  ( 18.66562500047795581, 0.4100219495864692587, 0.6823911180101194240 ) ) ;
#1464 = CARTESIAN_POINT ( 'NONE',  ( 18.82187500047795936, 0.3859570687203936479, -0.6962849834561644080 ) ) ;
#1465 = CARTESIAN_POINT ( 'NONE',  ( 18.32499999999999929, -0.2973573711922269380, -0.4948857718009107565 ) ) ;
#1466 = CARTESIAN_POINT ( 'NONE',  ( 0.5000000000000000000, 2.766398021465107823E-18, 0.1500000000000006328 ) ) ;
#1467 = CARTESIAN_POINT ( 'NONE',  ( 17.42187500047795723, 0.4100219495864692587, 0.6823911180101192020 ) ) ;
#1468 = CARTESIAN_POINT ( 'NONE',  ( 19.52187500047795865, 0.4100219495864692587, 0.6823911180101192020 ) ) ;
#1469 = CARTESIAN_POINT ( 'NONE',  ( 19.51250000095591730, -0.5772623359471706905, 0.01007615155457231015 ) ) ;
#1470 = CARTESIAN_POINT ( 'NONE',  ( 19.67187500047795723, -0.4100219495864690367, -0.6823911180101194240 ) ) ;
#1471 = DIRECTION ( 'NONE',  ( 0.000000000000000000, 0.000000000000000000, 1.000000000000000000 ) ) ;
#1472 = DIRECTION ( 'NONE',  ( 1.000000000000000000, 0.000000000000000000, 0.000000000000000000 ) ) ;
#1473 = ORIENTED_EDGE ( 'NONE', *, *, #707, .F. ) ;
#1474 = CARTESIAN_POINT ( 'NONE',  ( 19.01562500047795723, -0.3859570687203937589, 0.6962849834561644080 ) ) ;
#1475 = CARTESIAN_POINT ( 'NONE',  ( 18.77187500047795865, -0.4100219495864690367, -0.6823911180101194240 ) ) ;
#1476 = CARTESIAN_POINT ( 'NONE',  ( 17.50000000000000000, 0.4285836503510572215, -0.2575190374550276329 ) ) ;
#1477 = FACE_OUTER_BOUND ( 'NONE', #2048, .T. ) ;
#1478 = CARTESIAN_POINT ( 'NONE',  ( 17.34687500047795794, 0.5909680435136281940, -0.3550894244511046960 ) ) ;
#1479 = CARTESIAN_POINT ( 'NONE',  ( 19.44687500047795581, 0.5909680435136281940, -0.3550894244511046960 ) ) ;
#1480 = CARTESIAN_POINT ( 'NONE',  ( 18.86250000095591517, -0.2799049647549438635, 0.5049619233554828446 ) ) ;
#1481 = CARTESIAN_POINT ( 'NONE',  ( 19.07187500047795936, -0.4100219495864690367, -0.6823911180101194240 ) ) ;
#1482 = PLANE ( 'NONE',  #35 ) ;
#1483 = FACE_OUTER_BOUND ( 'NONE', #1922, .T. ) ;
#1484 = CARTESIAN_POINT ( 'NONE',  ( 18.69062500047795794, 0.01203244043303794072, 0.6893380507331419160 ) ) ;
#1485 = CARTESIAN_POINT ( 'NONE',  ( 19.02187500047795865, -0.7959790183068626845, 0.01389386544604503775 ) ) ;
#1486 = CARTESIAN_POINT ( 'NONE',  ( 19.64062500047795723, -0.5909680435136284160, 0.3550894244511044184 ) ) ;
#1487 = CARTESIAN_POINT ( 'NONE',  ( 17.88750000095591730, 0.4373098535696989808, 0.2424048101231691676 ) ) ;
#1488 = CARTESIAN_POINT ( 'NONE',  ( 19.63750000095591730, 0.4285836503510572215, -0.2575190374550276329 ) ) ;
#1489 = EDGE_CURVE ( 'NONE', #1707, #1242, #686, .T. ) ;
#1490 = LINE ( 'NONE', #526, #1841 ) ;
#1491 = CARTESIAN_POINT ( 'NONE',  ( 19.64687500047795865, -0.6030004839466659439, -0.3342486262820373866 ) ) ;
#1492 = CYLINDRICAL_SURFACE ( 'NONE', #713, 0.5000000000000012212 ) ;
#1493 = LINE ( 'NONE', #50, #302 ) ;
#1494 = CARTESIAN_POINT ( 'NONE',  ( 18.91250000095591943, -0.5772623359471708016, 0.01007615155457231015 ) ) ;
#1495 = CARTESIAN_POINT ( 'NONE',  ( 18.76562500047795723, -0.7959790183068626845, 0.01389386544604503775 ) ) ;
#1496 = CARTESIAN_POINT ( 'NONE',  ( 17.94999999999999929, -0.4285836503510573881, 0.2575190374550274108 ) ) ;
#1497 = FACE_OUTER_BOUND ( 'NONE', #1418, .T. ) ;
#1498 = B_SPLINE_CURVE_WITH_KNOTS ( 'NONE', 3,
 ( #1078, #1720, #121, #1296 ),
 .UNSPECIFIED., .F., .F.,
 ( 4, 4 ),
 ( 0.000000000000000000, 1.000000000000000000 ),
 .UNSPECIFIED. ) ;
#1499 = CARTESIAN_POINT ( 'NONE',  ( 19.17187500047795723, 0.7959790183068626845, -0.01389386544604513316 ) ) ;
#1500 = CARTESIAN_POINT ( 'NONE',  ( 19.73750000095591872, 0.008726203218641778378, 0.4999238475781968560 ) ) ;
#1501 = PLANE ( 'NONE',  #799 ) ;
#1502 = ORIENTED_EDGE ( 'NONE', *, *, #111, .T. ) ;
#1503 = ADVANCED_FACE ( 'NONE', ( #518 ), #203, .T. ) ;
#1504 = DIRECTION ( 'NONE',  ( 1.000000000000000000, 0.000000000000000000, -0.000000000000000000 ) ) ;
#1505 = CARTESIAN_POINT ( 'NONE',  ( 18.76250000095592085, 0.5772623359471708016, -0.01007615155457238301 ) ) ;
#1506 = CARTESIAN_POINT ( 'NONE',  ( 18.91562500047795581, 0.7959790183068626845, -0.01389386544604513489 ) ) ;
#1507 = CARTESIAN_POINT ( 'NONE',  ( 17.86562500047795865, -0.7959790183068626845, 0.01389386544604503775 ) ) ;
#1508 = CARTESIAN_POINT ( 'NONE',  ( 17.71250000095592014, -0.5772623359471708016, 0.01007615155457231015 ) ) ;
#1509 = CARTESIAN_POINT ( 'NONE',  ( 17.62187500047795652, 0.3859570687203936479, -0.6962849834561642970 ) ) ;
#1510 = DIRECTION ( 'NONE',  ( 1.000000000000000000, 0.000000000000000000, 0.000000000000000000 ) ) ;
#1511 = CARTESIAN_POINT ( 'NONE',  ( 17.39687500047795865, 0.6030004839466659439, 0.3342486262820371090 ) ) ;
#1512 = ORIENTED_EDGE ( 'NONE', *, *, #1682, .T. ) ;
#1513 = VECTOR ( 'NONE', #575, 1000.000000000000000 ) ;
#1514 = DIRECTION ( 'NONE',  ( -1.000000000000000000, -0.000000000000000000, -0.000000000000000000 ) ) ;
#1515 = CARTESIAN_POINT ( 'NONE',  ( 17.50000000000000000, 0.4285836503510572215, -0.2575190374550276329 ) ) ;
#1516 = EDGE_CURVE ( 'NONE', #635, #1661, #2014, .T. ) ;
#1517 = SURFACE_STYLE_FILL_AREA ( #1208 ) ;
#1518 = AXIS2_PLACEMENT_3D ( 'NONE', #490, #1308, #193 ) ;
#1519 = CARTESIAN_POINT ( 'NONE',  ( 17.74062500047795865, 0.6030004839466659439, 0.3342486262820371090 ) ) ;
#1520 = LINE ( 'NONE', #1847, #2017 ) ;
#1521 = CARTESIAN_POINT ( 'NONE',  ( 18.92187500047795723, 0.4100219495864692587, 0.6823911180101192020 ) ) ;
#1522 = AXIS2_PLACEMENT_3D ( 'NONE', #974, #198, #25 ) ;
#1523 = CARTESIAN_POINT ( 'NONE',  ( 17.61250000095591872, 0.2973573711922270491, 0.4948857718009106454 ) ) ;
#1524 = ORIENTED_EDGE ( 'NONE', *, *, #321, .F. ) ;
#1525 = CARTESIAN_POINT ( 'NONE',  ( 19.84062500047795652, 0.6030004839466659439, 0.3342486262820371090 ) ) ;
#1526 = CARTESIAN_POINT ( 'NONE',  ( 18.43750000095591801, 0.4285836503510572215, -0.2575190374550276329 ) ) ;
#1527 = CARTESIAN_POINT ( 'NONE',  ( 17.86562500047795865, -0.7959790183068626845, 0.01389386544604503775 ) ) ;
#1528 = ORIENTED_EDGE ( 'NONE', *, *, #2022, .F. ) ;
#1529 = ADVANCED_FACE ( 'NONE', ( #1680, #838 ), #932, .T. ) ;
#1530 = CARTESIAN_POINT ( 'NONE',  ( 18.79062500047795581, -0.6030004839466659439, -0.3342486262820373866 ) ) ;
#1531 = CARTESIAN_POINT ( 'NONE',  ( 19.17499999999999716, -0.5772623359471706905, 0.01007615155457231015 ) ) ;
#1532 = ORIENTED_EDGE ( 'NONE', *, *, #1489, .T. ) ;
#1533 = CARTESIAN_POINT ( 'NONE',  ( 18.97187500047795794, -0.3859570687203937589, 0.6962849834561642970 ) ) ;
#1534 = CARTESIAN_POINT ( 'NONE',  ( 17.81250000095591801, 0.2799049647549437525, -0.5049619233554829556 ) ) ;
#1535 = ORIENTED_EDGE ( 'NONE', *, *, #392, .T. ) ;
#1536 = ORIENTED_EDGE ( 'NONE', *, *, #1603, .T. ) ;
#1537 = DIRECTION ( 'NONE',  ( 0.000000000000000000, -1.000000000000000000, 1.844265347643397460E-17 ) ) ;
#1538 = DIRECTION ( 'NONE',  ( -1.000000000000000000, -0.000000000000000000, -0.000000000000000000 ) ) ;
#1539 = CARTESIAN_POINT ( 'NONE',  ( 18.26250000095591730, -0.2799049647549438635, 0.5049619233554829556 ) ) ;
#1540 = B_SPLINE_CURVE_WITH_KNOTS ( 'NONE', 3,
 ( #2055, #923, #1699, #1063, #617, #442 ),
 .UNSPECIFIED., .F., .F.,
 ( 4, 2, 4 ),
 ( 0.0002444046907431519531, 0.0004413093651275043212, 0.0006382140395118566893 ),
 .UNSPECIFIED. ) ;
#1541 = CARTESIAN_POINT ( 'NONE',  ( 17.96562500047795652, 0.3859570687203936479, -0.6962849834561644080 ) ) ;
#1542 = CARTESIAN_POINT ( 'NONE',  ( 17.96562500047795652, 0.3859570687203936479, -0.6962849834561642970 ) ) ;
#1543 = CARTESIAN_POINT ( 'NONE',  ( 0.5000000000000000000, 0.7348469228349518989, 0.000000000000000000 ) ) ;
#1544 = CARTESIAN_POINT ( 'NONE',  ( 0.2162991110799151739, -0.1344290367353304094, 0.9886859966642598252 ) ) ;
#1545 = EDGE_LOOP ( 'NONE', ( #2066 ) ) ;
#1546 = CARTESIAN_POINT ( 'NONE',  ( 19.82655034060652355, 0.6502012642199990200, -0.1355422241261224070 ) ) ;
#1547 = CARTESIAN_POINT ( 'NONE',  ( 19.51562500047795723, 0.7959790183068626845, -0.01389386544604513316 ) ) ;
#1548 =( BOUNDED_CURVE ( )  B_SPLINE_CURVE ( 2, ( #1553, #103, #910 ),
 .UNSPECIFIED., .F., .F. ) 
 B_SPLINE_CURVE_WITH_KNOTS ( ( 3, 3 ),
 ( 0.9099420465811886016, 0.9259259259259259300 ),
 .UNSPECIFIED. ) 
 CURVE ( )  GEOMETRIC_REPRESENTATION_ITEM ( )  RATIONAL_B_SPLINE_CURVE ( ( 0.9683452923087059183, 0.8843625758168504047, 1.000000000000000000 ) ) 
 REPRESENTATION_ITEM ( '' )  );
#1549 = CARTESIAN_POINT ( 'NONE',  ( 17.84062500047795652, -0.5909680435136284160, 0.3550894244511044184 ) ) ;
#1550 = AXIS2_PLACEMENT_3D ( 'NONE', #382, #1024, #1471 ) ;
#1551 = CARTESIAN_POINT ( 'NONE',  ( 18.74062500047795510, -0.5909680435136284160, 0.3550894244511044184 ) ) ;
#1552 = CARTESIAN_POINT ( 'NONE',  ( 19.27499999999999858, 0.2799049647549437525, -0.5049619233554829556 ) ) ;
#1553 = CARTESIAN_POINT ( 'NONE',  ( 17.39062500047795723, 0.6435456412804593240, 0.2473473982079965050 ) ) ;
#1554 = VERTEX_POINT ( 'NONE', #1832 ) ;
#1555 = DIRECTION ( 'NONE',  ( -1.000000000000000000, -0.000000000000000000, -0.000000000000000000 ) ) ;
#1556 = EDGE_LOOP ( 'NONE', ( #1412, #1401, #1396, #222 ) ) ;
#1557 = CARTESIAN_POINT ( 'NONE',  ( 0.2114692942514267149, -0.1285876004606198442, 0.9886859966642596032 ) ) ;
#1558 = EDGE_CURVE ( 'NONE', #1297, #91, #884, .T. ) ;
#1559 = DIRECTION ( 'NONE',  ( 0.000000000000000000, 0.000000000000000000, -1.000000000000000000 ) ) ;
#1560 = VECTOR ( 'NONE', #125, 1000.000000000000000 ) ;
#1561 = CARTESIAN_POINT ( 'NONE',  ( 19.29062500047795581, 0.01203244043303794072, 0.6893380507331419160 ) ) ;
#1562 = APPLICATION_PROTOCOL_DEFINITION ( 'draft international standard', 'automotive_design', 1998, #1721 ) ;
#1563 = CARTESIAN_POINT ( 'NONE',  ( 19.59999999999999787, 0.4285836503510572215, -0.2575190374550276329 ) ) ;
#1564 = CARTESIAN_POINT ( 'NONE',  ( 17.94687500047795936, 0.5909680435136281940, -0.3550894244511046960 ) ) ;
#1565 = CARTESIAN_POINT ( 'NONE',  ( 17.56250000095591801, 0.5772623359471706905, -0.01007615155457238301 ) ) ;
#1566 = EDGE_LOOP ( 'NONE', ( #2079, #1252 ) ) ;
#1567 = CARTESIAN_POINT ( 'NONE',  ( 19.74765869430367715, -0.4954376469130857830, 0.1885587824014651470 ) ) ;
#1568 = CARTESIAN_POINT ( 'NONE',  ( 17.91562500047795581, -0.4100219495864690367, -0.6823911180101194240 ) ) ;
#1569 = ORIENTED_EDGE ( 'NONE', *, *, #548, .F. ) ;
#1570 = CARTESIAN_POINT ( 'NONE',  ( 17.94999999999999929, -0.4285836503510573881, 0.2575190374550274108 ) ) ;
#1571 = CARTESIAN_POINT ( 'NONE',  ( 18.44687500047795936, -0.6030004839466659439, -0.3342486262820373866 ) ) ;
#1572 = CARTESIAN_POINT ( 'NONE',  ( 19.12500000000000000, -0.2799049647549438635, 0.5049619233554829556 ) ) ;
#1573 = ORIENTED_EDGE ( 'NONE', *, *, #1731, .T. ) ;
#1574 = VECTOR ( 'NONE', #234, 1000.000000000000000 ) ;
#1575 = DIRECTION ( 'NONE',  ( 0.000000000000000000, 0.000000000000000000, -1.000000000000000000 ) ) ;
#1576 = CARTESIAN_POINT ( 'NONE',  ( 19.06562500047795794, -0.7959790183068626845, 0.01389386544604503775 ) ) ;
#1577 = CARTESIAN_POINT ( 'NONE',  ( 18.52187500047795865, 0.3859570687203936479, -0.6962849834561642970 ) ) ;
#1578 = ORIENTED_EDGE ( 'NONE', *, *, #1342, .F. ) ;
#1579 = ADVANCED_FACE ( 'NONE', ( #1948 ), #1482, .F. ) ;
#1580 = CARTESIAN_POINT ( 'NONE',  ( 18.55000000000000071, -0.4285836503510573881, 0.2575190374550274108 ) ) ;
#1581 = CARTESIAN_POINT ( 'NONE',  ( 1.000000000000000000, 0.5000000000000000000, 0.000000000000000000 ) ) ;
#1582 = CARTESIAN_POINT ( 'NONE',  ( 19.37499999999999645, 0.2973573711922271046, 0.4948857718009107010 ) ) ;
#1583 = AXIS2_PLACEMENT_3D ( 'NONE', #1780, #1653, #1619 ) ;
#1584 = FACE_OUTER_BOUND ( 'NONE', #1075, .T. ) ;
#1585 = CARTESIAN_POINT ( 'NONE',  ( 18.66562500047795581, 0.4100219495864692587, 0.6823911180101192020 ) ) ;
#1586 = CARTESIAN_POINT ( 'NONE',  ( 18.29687500047795723, 0.6030004839466659439, 0.3342486262820371090 ) ) ;
#1587 = AXIS2_PLACEMENT_3D ( 'NONE', #1624, #1942, #177 ) ;
#1588 =( NAMED_UNIT ( * ) PLANE_ANGLE_UNIT ( ) SI_UNIT ( $, .RADIAN. ) );
#1589 = DIRECTION ( 'NONE',  ( 1.000000000000000000, 0.000000000000000000, 0.000000000000000000 ) ) ;
#1590 = CARTESIAN_POINT ( 'NONE',  ( 18.27499999999999503, -0.5772623359471706905, 0.01007615155457231015 ) ) ;
#1591 = ORIENTED_EDGE ( 'NONE', *, *, #1647, .F. ) ;
#1592 = EDGE_CURVE ( 'NONE', #1554, #904, #87, .T. ) ;
#1593 = CARTESIAN_POINT ( 'NONE',  ( 18.80000000000000071, 0.008726203218641778378, 0.4999238475781968560 ) ) ;
#1594 = VERTEX_POINT ( 'NONE', #1224 ) ;
#1595 = DIRECTION ( 'NONE',  ( 0.000000000000000000, 1.000000000000000000, -1.844265347643397460E-17 ) ) ;
#1596 = CARTESIAN_POINT ( 'NONE',  ( 19.26562500047795368, 0.4100219495864692587, 0.6823911180101192020 ) ) ;
#1597 = CARTESIAN_POINT ( 'NONE',  ( 17.84687500047795439, -0.6030004839466659439, -0.3342486262820373866 ) ) ;
#1598 = DIRECTION ( 'NONE',  ( -0.000000000000000000, 1.000000000000000000, 0.000000000000000000 ) ) ;
#1599 = VERTEX_POINT ( 'NONE', #1735 ) ;
#1600 = CARTESIAN_POINT ( 'NONE',  ( 17.55000000000000071, 0.4373098535696989808, 0.2424048101231691676 ) ) ;
#1601 = CARTESIAN_POINT ( 'NONE',  ( 19.52187500047795865, 0.4100219495864692587, 0.6823911180101194240 ) ) ;
#1602 = CARTESIAN_POINT ( 'NONE',  ( 18.97500000000000142, 0.2799049647549438080, -0.5049619233554829556 ) ) ;
#1603 = EDGE_CURVE ( 'NONE', #659, #762, #735, .T. ) ;
#1604 = CARTESIAN_POINT ( 'NONE',  ( 17.50000000000000000, 0.000000000000000000, 0.000000000000000000 ) ) ;
#1605 = CARTESIAN_POINT ( 'NONE',  ( 19.69687500047795581, -0.01203244043303785572, -0.6893380507331419160 ) ) ;
#1606 = CARTESIAN_POINT ( 'NONE',  ( 18.54687500047795723, 0.5909680435136281940, -0.3550894244511046960 ) ) ;
#1607 = MECHANICAL_DESIGN_GEOMETRIC_PRESENTATION_REPRESENTATION (  '', ( #1644 ), #997 ) ;
#1608 = CARTESIAN_POINT ( 'NONE',  ( 0.2424212168773106912, 0.1500000000015814239, 0.9886859966642598252 ) ) ;
#1609 = DIRECTION ( 'NONE',  ( 0.000000000000000000, -0.000000000000000000, 1.000000000000000000 ) ) ;
#1610 = VERTEX_POINT ( 'NONE', #894 ) ;
#1611 = ORIENTED_EDGE ( 'NONE', *, *, #560, .T. ) ;
#1612 = CARTESIAN_POINT ( 'NONE',  ( 18.35000000000000142, -0.008726203218641717663, -0.4999238475781968560 ) ) ;
#1613 = CARTESIAN_POINT ( 'NONE',  ( 0.2500000000000000000, 0.000000000000000000, 0.000000000000000000 ) ) ;
#1614 = CARTESIAN_POINT ( 'NONE',  ( 18.62187500047795652, 0.4100219495864692587, 0.6823911180101192020 ) ) ;
#1615 = CIRCLE ( 'NONE', #1715, 1.000000000000000000 ) ;
#1616 = ADVANCED_FACE ( 'NONE', ( #245 ), #109, .F. ) ;
#1617 = CARTESIAN_POINT ( 'NONE',  ( 18.32187500047795936, 0.4100219495864692587, 0.6823911180101192020 ) ) ;
#1618 = CARTESIAN_POINT ( 'NONE',  ( 18.19687500047795936, -0.01203244043303785572, -0.6893380507331419160 ) ) ;
#1619 = DIRECTION ( 'NONE',  ( 0.000000000000000000, -0.000000000000000000, 1.000000000000000000 ) ) ;
#1620 = CARTESIAN_POINT ( 'NONE',  ( 18.84062500047795652, -0.01203244043303785572, -0.6893380507331419160 ) ) ;
#1621 = CARTESIAN_POINT ( 'NONE',  ( 19.42187500047796078, 0.3859570687203936479, -0.6962849834561644080 ) ) ;
#1622 = ORIENTED_EDGE ( 'NONE', *, *, #1647, .T. ) ;
#1623 = CARTESIAN_POINT ( 'NONE',  ( 19.24062500047795510, 0.6030004839466659439, 0.3342486262820371090 ) ) ;
#1624 = CARTESIAN_POINT ( 'NONE',  ( 17.39062500047795723, 0.000000000000000000, 0.000000000000000000 ) ) ;
#1625 = VERTEX_POINT ( 'NONE', #443 ) ;
#1626 = CARTESIAN_POINT ( 'NONE',  ( 19.59687500047795794, -0.5909680435136284160, 0.3550894244511044184 ) ) ;
#1627 = DIRECTION ( 'NONE',  ( -1.000000000000000000, -0.000000000000000000, -0.000000000000000000 ) ) ;
#1628 = CARTESIAN_POINT ( 'NONE',  ( 18.99687500047795652, -0.5909680435136284160, 0.3550894244511044184 ) ) ;
#1629 = CARTESIAN_POINT ( 'NONE',  ( 17.77187500047795865, -0.3859570687203937589, 0.6962849834561642970 ) ) ;
#1630 = CARTESIAN_POINT ( 'NONE',  ( 17.47187500047795794, -0.3859570687203937589, 0.6962849834561644080 ) ) ;
#1631 = FACE_OUTER_BOUND ( 'NONE', #882, .T. ) ;
#1632 = VERTEX_POINT ( 'NONE', #75 ) ;
#1633 = CARTESIAN_POINT ( 'NONE',  ( 19.09062500047795652, -0.6030004839466659439, -0.3342486262820373866 ) ) ;
#1634 = CARTESIAN_POINT ( 'NONE',  ( 18.99687500047795652, -0.5909680435136284160, 0.3550894244511044184 ) ) ;
#1635 = TOROIDAL_SURFACE ( 'NONE', #627, 0.7500000000000000000, 0.2500000000000000000 ) ;
#1636 = CARTESIAN_POINT ( 'NONE',  ( 19.34062500047795652, -0.5909680435136284160, 0.3550894244511044184 ) ) ;
#1637 = DIRECTION ( 'NONE',  ( 1.000000000000000000, 0.000000000000000000, 0.000000000000000000 ) ) ;
#1638 = CARTESIAN_POINT ( 'NONE',  ( 19.49687500047795652, 0.6030004839466659439, 0.3342486262820371090 ) ) ;
#1639 = CARTESIAN_POINT ( 'NONE',  ( 18.88750000095591730, -0.4285836503510573881, 0.2575190374550274108 ) ) ;
#1640 = CARTESIAN_POINT ( 'NONE',  ( 19.37187500047795652, -0.4100219495864690367, -0.6823911180101194240 ) ) ;
#1641 = CARTESIAN_POINT ( 'NONE',  ( 17.84687500047795439, -0.6030004839466659439, -0.3342486262820373866 ) ) ;
#1642 = CARTESIAN_POINT ( 'NONE',  ( 0.2162405409929896438, 0.1343656395304537732, 0.9886859966642598252 ) ) ;
#1643 = CARTESIAN_POINT ( 'NONE',  ( 0.000000000000000000, 0.1500000000000000500, -0.1499999999999993283 ) ) ;
#1644 = STYLED_ITEM ( 'NONE', ( #1092 ), #1212 ) ;
#1645 = CARTESIAN_POINT ( 'NONE',  ( 18.41562500047795581, -0.3859570687203937589, 0.6962849834561644080 ) ) ;
#1646 = CARTESIAN_POINT ( 'NONE',  ( 19.09687500047795794, -0.01203244043303785572, -0.6893380507331419160 ) ) ;
#1647 = EDGE_CURVE ( 'NONE', #1610, #1895, #1728, .T. ) ;
#1648 = CARTESIAN_POINT ( 'NONE',  ( 18.10000000000000142, 0.4285836503510572215, -0.2575190374550276329 ) ) ;
#1649 = CARTESIAN_POINT ( 'NONE',  ( 17.23750000095591872, 0.4285836503510572215, -0.2575190374550276329 ) ) ;
#1650 = CARTESIAN_POINT ( 'NONE',  ( 19.56250000095591801, -0.2973573711922269380, -0.4948857718009107565 ) ) ;
#1651 = CARTESIAN_POINT ( 'NONE',  ( 18.92187500047795723, 0.4100219495864692587, 0.6823911180101192020 ) ) ;
#1652 = CARTESIAN_POINT ( 'NONE',  ( 0.1186900683296733122, -0.1499999999999999389, -0.9610739493216300389 ) ) ;
#1653 = DIRECTION ( 'NONE',  ( -0.000000000000000000, 1.000000000000000000, 0.000000000000000000 ) ) ;
#1654 = CARTESIAN_POINT ( 'NONE',  ( 19.33750000095591659, 0.4285836503510572215, -0.2575190374550276329 ) ) ;
#1655 = CARTESIAN_POINT ( 'NONE',  ( 19.79062500047795581, 0.5909680435136281940, -0.3550894244511046960 ) ) ;
#1656 = CARTESIAN_POINT ( 'NONE',  ( 18.30000000000000071, -0.4373098535696989253, -0.2424048101231693342 ) ) ;
#1657 = CARTESIAN_POINT ( 'NONE',  ( 17.76250000095591730, -0.2973573711922269380, -0.4948857718009107565 ) ) ;
#1658 = ADVANCED_FACE ( 'NONE', ( #1861 ), #1765, .F. ) ;
#1659 = CARTESIAN_POINT ( 'NONE',  ( 19.36250000095591872, 0.5772623359471706905, -0.01007615155457238301 ) ) ;
#1660 = CARTESIAN_POINT ( 'NONE',  ( 18.17187500047795723, -0.4100219495864690367, -0.6823911180101194240 ) ) ;
#1661 = VERTEX_POINT ( 'NONE', #275 ) ;
#1662 = DIRECTION ( 'NONE',  ( 0.000000000000000000, 0.000000000000000000, 1.000000000000000000 ) ) ;
#1663 = FACE_OUTER_BOUND ( 'NONE', #933, .T. ) ;
#1664 = CARTESIAN_POINT ( 'NONE',  ( 19.03750000095591943, 0.4285836503510572215, -0.2575190374550276329 ) ) ;
#1665 = CARTESIAN_POINT ( 'NONE',  ( 18.34062500047795652, 0.6030004839466659439, 0.3342486262820371090 ) ) ;
#1666 = CARTESIAN_POINT ( 'NONE',  ( 18.07499999999999929, 0.2799049647549438080, -0.5049619233554829556 ) ) ;
#1667 = CARTESIAN_POINT ( 'NONE',  ( 18.06250000095591801, -0.2973573711922269380, -0.4948857718009107565 ) ) ;
#1668 = CARTESIAN_POINT ( 'NONE',  ( 18.61250000095591517, -0.5772623359471706905, 0.01007615155457231015 ) ) ;
#1669 = CARTESIAN_POINT ( 'NONE',  ( 17.67187500047795723, 0.7959790183068626845, -0.01389386544604513316 ) ) ;
#1670 = AXIS2_PLACEMENT_3D ( 'NONE', #1324, #379, #693 ) ;
#1671 = EDGE_CURVE ( 'NONE', #762, #1698, #2043, .T. ) ;
#1672 = CARTESIAN_POINT ( 'NONE',  ( 0.2500000000000017208, -0.1499999999999999389, 0.9886859966642593811 ) ) ;
#1673 = CARTESIAN_POINT ( 'NONE',  ( 0.2500000000000017208, 0.000000000000000000, 0.000000000000000000 ) ) ;
#1674 = DIRECTION ( 'NONE',  ( -1.000000000000000000, 0.000000000000000000, 0.000000000000000000 ) ) ;
#1675 = CARTESIAN_POINT ( 'NONE',  ( 17.79062500047795581, 0.01203244043303794072, 0.6893380507331419160 ) ) ;
#1676 = CARTESIAN_POINT ( 'NONE',  ( 19.57499999999999929, 0.2799049647549437525, -0.5049619233554829556 ) ) ;
#1677 = CARTESIAN_POINT ( 'NONE',  ( 17.44687500047795936, 0.01203244043303794072, 0.6893380507331419160 ) ) ;
#1678 = CARTESIAN_POINT ( 'NONE',  ( 17.68750000095591801, -0.4285836503510573881, 0.2575190374550274108 ) ) ;
#1679 = ORIENTED_EDGE ( 'NONE', *, *, #6, .F. ) ;
#1680 = FACE_OUTER_BOUND ( 'NONE', #911, .T. ) ;
#1681 = CARTESIAN_POINT ( 'NONE',  ( 0.2500000000001167955, -0.1500000000059850125, 0.9887073866023763369 ) ) ;
#1682 = EDGE_CURVE ( 'NONE', #635, #1339, #9, .T. ) ;
#1683 = CARTESIAN_POINT ( 'NONE',  ( 18.88750000095591730, -0.4285836503510573881, 0.2575190374550274108 ) ) ;
#1684 = CARTESIAN_POINT ( 'NONE',  ( 18.01562500047795723, 0.7959790183068626845, -0.01389386544604513489 ) ) ;
#1685 = CIRCLE ( 'NONE', #1343, 1.000000000000000000 ) ;
#1686 = CARTESIAN_POINT ( 'NONE',  ( 17.71562500047795652, 0.7959790183068626845, -0.01389386544604513316 ) ) ;
#1687 = CARTESIAN_POINT ( 'NONE',  ( 19.09999999999999787, 0.008726203218641778378, 0.4999238475781968560 ) ) ;
#1688 = CARTESIAN_POINT ( 'NONE',  ( 17.76250000095591730, -0.2973573711922269380, -0.4948857718009107565 ) ) ;
#1689 = CARTESIAN_POINT ( 'NONE',  ( 17.42708333365197504, 0.5368399124594392946, -0.3225659621190797299 ) ) ;
#1690 = CARTESIAN_POINT ( 'NONE',  ( 1.817571523527921472E-17, 0.7499999999999983347, 0.000000000000000000 ) ) ;
#1691 = CARTESIAN_POINT ( 'NONE',  ( 19.89062500047795723, 0.01203244043303794072, 0.6893380507331419160 ) ) ;
#1692 = CARTESIAN_POINT ( 'NONE',  ( 19.53750000095591943, -0.4373098535696989253, -0.2424048101231693342 ) ) ;
#1693 = CARTESIAN_POINT ( 'NONE',  ( 17.66562500047795581, 0.3859570687203936479, -0.6962849834561644080 ) ) ;
#1694 = CARTESIAN_POINT ( 'NONE',  ( 17.61562500047795510, -0.4100219495864690367, -0.6823911180101194240 ) ) ;
#1695 = CARTESIAN_POINT ( 'NONE',  ( 18.95000000000000284, -0.008726203218641717663, -0.4999238475781968560 ) ) ;
#1696 =( GEOMETRIC_REPRESENTATION_CONTEXT ( 3 ) GLOBAL_UNCERTAINTY_ASSIGNED_CONTEXT ( ( #243 ) ) GLOBAL_UNIT_ASSIGNED_CONTEXT ( ( #415, #1845, #744 ) ) REPRESENTATION_CONTEXT ( 'NONE', 'WORKASPACE' ) );
#1697 = CARTESIAN_POINT ( 'NONE',  ( 17.78750000095591588, -0.008726203218641717663, -0.4999238475781968560 ) ) ;
#1698 = VERTEX_POINT ( 'NONE', #264 ) ;
#1699 = CARTESIAN_POINT ( 'NONE',  ( 0.02603777917499893596, -0.1499999999999999389, 0.8663244534466814084 ) ) ;
#1700 = CARTESIAN_POINT ( 'NONE',  ( 19.81827601712993925, 0.5522346929651276159, -0.3429622123959512048 ) ) ;
#1701 = LINE ( 'NONE', #1843, #1574 ) ;
#1702 = CARTESIAN_POINT ( 'NONE',  ( 18.54062500047795581, -0.01203244043303785572, -0.6893380507331419160 ) ) ;
#1703 = CARTESIAN_POINT ( 'NONE',  ( 17.34687500047795794, 0.000000000000000000, 0.000000000000000000 ) ) ;
#1704 = CARTESIAN_POINT ( 'NONE',  ( 18.12187500047795652, -0.7959790183068626845, 0.01389386544604503775 ) ) ;
#1705 = EDGE_CURVE ( 'NONE', #962, #1900, #905, .T. ) ;
#1706 = CARTESIAN_POINT ( 'NONE',  ( 18.41250000095591943, 0.2799049647549437525, -0.5049619233554829556 ) ) ;
#1707 = VERTEX_POINT ( 'NONE', #1413 ) ;
#1708 = DIRECTION ( 'NONE',  ( -1.000000000000000000, 0.000000000000000000, 0.000000000000000000 ) ) ;
#1709 = CARTESIAN_POINT ( 'NONE',  ( 19.84687500047796149, 0.5507897228673223067, 0.4146835046093353405 ) ) ;
#1710 = CARTESIAN_POINT ( 'NONE',  ( 18.16562500047795581, -0.7959790183068626845, 0.01389386544604503775 ) ) ;
#1711 = CARTESIAN_POINT ( 'NONE',  ( 17.39062500047795723, 0.5909680435136281940, -0.3550894244511046960 ) ) ;
#1712 = CARTESIAN_POINT ( 'NONE',  ( 19.04062500047795581, -0.5909680435136284160, 0.3550894244511044184 ) ) ;
#1713 = CARTESIAN_POINT ( 'NONE',  ( 18.75000000000000000, 0.4373098535696989808, 0.2424048101231691676 ) ) ;
#1714 = CARTESIAN_POINT ( 'NONE',  ( 17.54687500047795723, -0.6030004839466659439, -0.3342486262820373866 ) ) ;
#1715 = AXIS2_PLACEMENT_3D ( 'NONE', #1673, #1538, #726 ) ;
#1716 = ADVANCED_FACE ( 'NONE', ( #1584 ), #1274, .T. ) ;
#1717 = EDGE_LOOP ( 'NONE', ( #432, #293, #425, #391 ) ) ;
#1718 = VECTOR ( 'NONE', #262, 1000.000000000000000 ) ;
#1719 = CARTESIAN_POINT ( 'NONE',  ( 18.31562500047795794, 0.7959790183068626845, -0.01389386544604513316 ) ) ;
#1720 = CARTESIAN_POINT ( 'NONE',  ( 0.5000000000000000000, -0.05075683810917724914, -1.003742823941928153 ) ) ;
#1721 = APPLICATION_CONTEXT ( 'automotive_design' ) ;
#1722 = EDGE_LOOP ( 'NONE', ( #724, #1528, #1591, #1535 ) ) ;
#1723 = CARTESIAN_POINT ( 'NONE',  ( 17.62500000000000000, -0.2799049647549438635, 0.5049619233554828446 ) ) ;
#1724 = CARTESIAN_POINT ( 'NONE',  ( 17.74687500047795652, 0.01203244043303794072, 0.6893380507331419160 ) ) ;
#1725 = ORIENTED_EDGE ( 'NONE', *, *, #1394, .F. ) ;
#1726 = CARTESIAN_POINT ( 'NONE',  ( 18.75000000000000000, 0.4373098535696989808, 0.2424048101231691676 ) ) ;
#1727 = EDGE_LOOP ( 'NONE', ( #803, #1885, #1679, #438 ) ) ;
#1728 = LINE ( 'NONE', #752, #641 ) ;
#1729 = AXIS2_PLACEMENT_3D ( 'NONE', #1088, #1598, #1734 ) ;
#1730 = CARTESIAN_POINT ( 'NONE',  ( 18.51562500047795368, -0.4100219495864690367, -0.6823911180101194240 ) ) ;
#1731 = EDGE_CURVE ( 'NONE', #659, #129, #781, .T. ) ;
#1732 = VECTOR ( 'NONE', #628, 1000.000000000000000 ) ;
#1733 = CARTESIAN_POINT ( 'NONE',  ( 18.22187500047795794, 0.3859570687203936479, -0.6962849834561642970 ) ) ;
#1734 = DIRECTION ( 'NONE',  ( 0.000000000000000000, -0.000000000000000000, 1.000000000000000000 ) ) ;
#1735 = CARTESIAN_POINT ( 'NONE',  ( 17.23750000095591872, 0.000000000000000000, -0.5000000000000012212 ) ) ;
#1736 = CARTESIAN_POINT ( 'NONE',  ( 18.17500000000000071, 0.2973573711922270491, 0.4948857718009106454 ) ) ;
#1737 = CARTESIAN_POINT ( 'NONE',  ( 19.32187500047795581, -0.7959790183068626845, 0.01389386544604503775 ) ) ;
#1738 = CARTESIAN_POINT ( 'NONE',  ( 18.62500000000000355, -0.2973573711922269380, -0.4948857718009107565 ) ) ;
#1739 = ORIENTED_EDGE ( 'NONE', *, *, #430, .F. ) ;
#1740 = CARTESIAN_POINT ( 'NONE',  ( 20.00000000000000000, 0.000000000000000000, 0.000000000000000000 ) ) ;
#1741 = CARTESIAN_POINT ( 'NONE',  ( 19.11562500047795510, -0.4100219495864690367, -0.6823911180101194240 ) ) ;
#1742 = CARTESIAN_POINT ( 'NONE',  ( 18.09687500047795794, -0.5909680435136284160, 0.3550894244511044184 ) ) ;
#1743 = PLANE ( 'NONE',  #1225 ) ;
#1744 = ORIENTED_EDGE ( 'NONE', *, *, #210, .F. ) ;
#1745 = CARTESIAN_POINT ( 'NONE',  ( 0.7499999999999983347, 0.000000000000000000, 1.000000000000000000 ) ) ;
#1746 = CARTESIAN_POINT ( 'NONE',  ( 18.52499999999999858, -0.2799049647549438635, 0.5049619233554828446 ) ) ;
#1747 = ORIENTED_EDGE ( 'NONE', *, *, #1671, .F. ) ;
#1748 = CARTESIAN_POINT ( 'NONE',  ( 19.02499999999999858, 0.5772623359471708016, -0.01007615155457238301 ) ) ;
#1749 = ORIENTED_EDGE ( 'NONE', *, *, #1919, .F. ) ;
#1750 = CARTESIAN_POINT ( 'NONE',  ( 19.73750000095591872, 0.000000000000000000, 0.000000000000000000 ) ) ;
#1751 = CARTESIAN_POINT ( 'NONE',  ( 19.01562500047795368, -0.3859570687203937589, 0.6962849834561642970 ) ) ;
#1752 = CARTESIAN_POINT ( 'NONE',  ( 17.82187500047795936, -0.7959790183068626845, 0.01389386544604503775 ) ) ;
#1753 = CLOSED_SHELL ( 'NONE', ( #588, #1759, #1658 ) ) ;
#1754 = CARTESIAN_POINT ( 'NONE',  ( 0.1838702438840734976, 0.1500000000000000222, -0.9886859966644088171 ) ) ;
#1755 = ORIENTED_EDGE ( 'NONE', *, *, #2051, .T. ) ;
#1756 = CARTESIAN_POINT ( 'NONE',  ( 17.92500000000000071, -0.2799049647549438635, 0.5049619233554828446 ) ) ;
#1757 = CARTESIAN_POINT ( 'NONE',  ( 3.635143047055842943E-17, 0.000000000000000000, 0.000000000000000000 ) ) ;
#1758 = VERTEX_POINT ( 'NONE', #618 ) ;
#1759 = ADVANCED_FACE ( 'NONE', ( #160 ), #1635, .T. ) ;
#1760 = CARTESIAN_POINT ( 'NONE',  ( 19.67500000000000071, 0.2973573711922271046, 0.4948857718009107010 ) ) ;
#1761 = ORIENTED_EDGE ( 'NONE', *, *, #857, .F. ) ;
#1762 = UNCERTAINTY_MEASURE_WITH_UNIT (LENGTH_MEASURE( 1.000000000000000082E-05 ), #1281, 'distance_accuracy_value', 'NONE');
#1763 = CARTESIAN_POINT ( 'NONE',  ( 19.39687500047795865, -0.01203244043303785572, -0.6893380507331419160 ) ) ;
#1764 = CARTESIAN_POINT ( 'NONE',  ( 17.62187500047795652, 0.3859570687203936479, -0.6962849834561644080 ) ) ;
#1765 = B_SPLINE_SURFACE_WITH_KNOTS ( 'NONE', 3, 1, ( 
 ( #2033, #1851 ),
 ( #596, #1404 ),
 ( #1373, #1234 ),
 ( #2010, #1361 ),
 ( #1205, #885 ),
 ( #434, #403 ) ),
 .UNSPECIFIED., .F., .F., .F.,
 ( 4, 2, 4 ),
 ( 2, 2 ),
 ( 0.000000000000000000, 0.1250000000000000555, 0.1257397145436890684 ),
 ( 0.000000000000000000, 1.000000000000000000 ),
 .UNSPECIFIED. ) ;
#1766 = EDGE_LOOP ( 'NONE', ( #913, #875, #449, #118, #202 ) ) ;
#1767 =( LENGTH_UNIT ( ) NAMED_UNIT ( * ) SI_UNIT ( .MILLI., .METRE. ) );
#1768 = CARTESIAN_POINT ( 'NONE',  ( 0.5000000000000000000, 0.1500000000000000500, 0.000000000000000000 ) ) ;
#1769 = CARTESIAN_POINT ( 'NONE',  ( 19.74687500047796007, 0.5909680435136281940, -0.3550894244511046960 ) ) ;
#1770 = VERTEX_POINT ( 'NONE', #804 ) ;
#1771 = CARTESIAN_POINT ( 'NONE',  ( 18.47500000000000142, 0.2973573711922271046, 0.4948857718009107010 ) ) ;
#1772 = ADVANCED_FACE ( 'NONE', ( #2074 ), #1164, .T. ) ;
#1773 =( BOUNDED_CURVE ( )  B_SPLINE_CURVE ( 2, ( #251, #569, #1211, #1221, #1039, #399, #1563, #1676, #230, #2039, #880, #890, #740, #591, #1377, #81, #1875, #872, #114, #1552, #72, #1857, #427, #1531, #269, #1070, #1687, #410, #1052, #102, #748, #1356, #1695, #721, #1995, #2016, #1387, #600, #1238, #2026, #1713, #581, #419, #1060, #909, #758, #1399, #386, #1580, #1746, #1091, #2080, #1431, #301, #155, #1891, #1080, #951, #770, #1590, #469, #447, #1248, #1736, #942, #1420, #1408, #289, #611, #309, #1911, #1261, #1570, #1756, #1453, #788, #929, #1280, #135, #1881, #777, #623, #2060, #645, #279, #1723, #1901, #10, #1600, #459, #1440 ),
 .UNSPECIFIED., .F., .F. ) 
 B_SPLINE_CURVE_WITH_KNOTS ( ( 3, 2, 2, 2, 2, 2, 2, 2, 2, 2, 2, 2, 2, 2, 2, 2, 2, 2, 2, 2, 2, 2, 2, 2, 2, 2, 2, 2, 2, 2, 2, 2, 2, 2, 2, 2, 2, 2, 2, 2, 2, 2, 2, 2, 2, 3 ),
 ( 0.09746266071480440274, 0.1111111111111111049, 0.1296296296296296224, 0.1481481481481481399, 0.1666666666666666574, 0.1851851851851851749, 0.2037037037037036924, 0.2222222222222222099, 0.2407407407407407551, 0.2592592592592592449, 0.2777777777777777901, 0.2962962962962962798, 0.3148148148148148251, 0.3333333333333333148, 0.3518518518518518601, 0.3703703703703703498, 0.3888888888888888951, 0.4074074074074073848, 0.4259259259259259855, 0.4444444444444444198, 0.4629629629629629095, 0.4814814814814813992, 0.5000000000000000000, 0.5185185185185184897, 0.5370370370370370905, 0.5555555555555555802, 0.5740740740740740700, 0.5925925925925925597, 0.6111111111111111605, 0.6296296296296296502, 0.6481481481481481399, 0.6666666666666666297, 0.6851851851851852304, 0.7037037037037037202, 0.7222222222222222099, 0.7407407407407406996, 0.7592592592592593004, 0.7777777777777776791, 0.7962962962962962798, 0.8148148148148148806, 0.8333333333333333703, 0.8518518518518518601, 0.8703703703703703498, 0.8888888888888888395, 0.9074074074074074403, 0.9259259259259259300 ),
 .UNSPECIFIED. ) 
 CURVE ( )  GEOMETRIC_REPRESENTATION_ITEM ( )  RATIONAL_B_SPLINE_CURVE ( ( 0.9480652131003528549, 0.9012585359360814063, 1.000000000000000000, 0.8660254037844387076, 1.000000000000000000, 0.8660254037844387076, 1.000000000000000000, 0.8660254037844387076, 1.000000000000000000, 0.8660254037844387076, 1.000000000000000000, 0.8660254037844387076, 1.000000000000000000, 0.8660254037844387076, 1.000000000000000000, 0.8660254037844387076, 1.000000000000000000, 0.8660254037844387076, 1.000000000000000000, 0.8660254037844387076, 1.000000000000000000, 0.8660254037844387076, 1.000000000000000000, 0.8660254037844387076, 1.000000000000000000, 0.8660254037844387076, 1.000000000000000000, 0.8660254037844387076, 1.000000000000000000, 0.8660254037844387076, 1.000000000000000000, 0.8660254037844387076, 1.000000000000000000, 0.8660254037844387076, 1.000000000000000000, 0.8660254037844387076, 1.000000000000000000, 0.8660254037844387076, 1.000000000000000000, 0.8660254037844387076, 1.000000000000000000, 0.8660254037844387076, 1.000000000000000000, 0.8660254037844387076, 1.000000000000000000, 0.8660254037844387076, 1.000000000000000000, 0.8660254037844387076, 1.000000000000000000, 0.8660254037844387076, 1.000000000000000000, 0.8660254037844387076, 1.000000000000000000, 0.8660254037844387076, 1.000000000000000000, 0.8660254037844387076, 1.000000000000000000, 0.8660254037844387076, 1.000000000000000000, 0.8660254037844387076, 1.000000000000000000, 0.8660254037844387076, 1.000000000000000000, 0.8660254037844387076, 1.000000000000000000, 0.8660254037844387076, 1.000000000000000000, 0.8660254037844387076, 1.000000000000000000, 0.8660254037844387076, 1.000000000000000000, 0.8660254037844387076, 1.000000000000000000, 0.8660254037844387076, 1.000000000000000000, 0.8660254037844387076, 1.000000000000000000, 0.8660254037844387076, 1.000000000000000000, 0.8660254037844387076, 1.000000000000000000, 0.8660254037844387076, 1.000000000000000000, 0.8660254037844387076, 1.000000000000000000, 0.8660254037844387076, 1.000000000000000000, 0.8660254037844387076, 1.000000000000000000, 0.8660254037844387076, 1.000000000000000000 ) ) 
 REPRESENTATION_ITEM ( '' )  );
#1774 = ORIENTED_EDGE ( 'NONE', *, *, #405, .T. ) ;
#1775 = CARTESIAN_POINT ( 'NONE',  ( 0.5000000000000000000, 0.1500000000000000500, -0.9886859966642593811 ) ) ;
#1776 = FACE_OUTER_BOUND ( 'NONE', #57, .T. ) ;
#1777 = CARTESIAN_POINT ( 'NONE',  ( 18.77187500047795865, -0.4100219495864690367, -0.6823911180101194240 ) ) ;
#1778 = CARTESIAN_POINT ( 'NONE',  ( 18.44687500047795936, -0.6030004839466659439, -0.3342486262820373866 ) ) ;
#1779 = CARTESIAN_POINT ( 'NONE',  ( 17.74687500047795652, 0.01203244043303794072, 0.6893380507331419160 ) ) ;
#1780 = CARTESIAN_POINT ( 'NONE',  ( 0.5000000000000000000, 0.7348469228349518989, 0.000000000000000000 ) ) ;
#1781 = EDGE_LOOP ( 'NONE', ( #491, #1054, #178, #1410 ) ) ;
#1782 = CARTESIAN_POINT ( 'NONE',  ( 19.41562500047795581, -0.4100219495864690367, -0.6823911180101194240 ) ) ;
#1783 = CARTESIAN_POINT ( 'NONE',  ( 19.49687500047795652, 0.6030004839466659439, 0.3342486262820371090 ) ) ;
#1784 = CARTESIAN_POINT ( 'NONE',  ( 18.12500000000000355, 0.5772623359471708016, -0.01007615155457238301 ) ) ;
#1785 = CARTESIAN_POINT ( 'NONE',  ( 0.000000000000000000, 0.7348469228349516769, 0.1500000000000006051 ) ) ;
#1786 = CARTESIAN_POINT ( 'NONE',  ( 19.27187500047796220, -0.3859570687203937589, 0.6962849834561642970 ) ) ;
#1787 = CARTESIAN_POINT ( 'NONE',  ( 17.87187500047795652, -0.4100219495864690367, -0.6823911180101194240 ) ) ;
#1788 = CARTESIAN_POINT ( 'NONE',  ( 17.54687500047795723, -0.6030004839466659439, -0.3342486262820373866 ) ) ;
#1789 = CARTESIAN_POINT ( 'NONE',  ( 0.5000000000000000000, -0.7348469228349486793, 0.1500000000000148159 ) ) ;
#1790 = CARTESIAN_POINT ( 'NONE',  ( 19.61250000095591517, 0.2799049647549438080, -0.5049619233554829556 ) ) ;
#1791 = EDGE_LOOP ( 'NONE', ( #214, #2070 ) ) ;
#1792 = CARTESIAN_POINT ( 'NONE',  ( 19.49062500047795510, 0.5909680435136281940, -0.3550894244511046960 ) ) ;
#1793 = CARTESIAN_POINT ( 'NONE',  ( 18.57187500047795936, 0.7959790183068626845, -0.01389386544604513489 ) ) ;
#1794 = CARTESIAN_POINT ( 'NONE',  ( 19.21562500047795652, 0.7959790183068626845, -0.01389386544604513316 ) ) ;
#1795 = CARTESIAN_POINT ( 'NONE',  ( 18.13750000095591730, 0.4285836503510572215, -0.2575190374550276329 ) ) ;
#1796 = VERTEX_POINT ( 'NONE', #924 ) ;
#1797 = CARTESIAN_POINT ( 'NONE',  ( 19.69687500047795581, -0.01203244043303785572, -0.6893380507331419160 ) ) ;
#1798 = CARTESIAN_POINT ( 'NONE',  ( 17.59062500047795652, -0.6030004839466659439, -0.3342486262820373866 ) ) ;
#1799 = CARTESIAN_POINT ( 'NONE',  ( 17.74687500047795652, 0.01203244043303794072, 0.6893380507331419160 ) ) ;
#1800 = CARTESIAN_POINT ( 'NONE',  ( 0.000000000000000000, 0.000000000000000000, 0.000000000000000000 ) ) ;
#1801 = DIRECTION ( 'NONE',  ( 1.000000000000000000, 0.000000000000000000, 0.000000000000000000 ) ) ;
#1802 = EDGE_CURVE ( 'NONE', #1599, #1599, #83, .T. ) ;
#1803 = CARTESIAN_POINT ( 'NONE',  ( 19.59062500047795652, 0.01203244043303794072, 0.6893380507331419160 ) ) ;
#1804 = CARTESIAN_POINT ( 'NONE',  ( 19.19687500047795581, 0.6030004839466659439, 0.3342486262820371090 ) ) ;
#1805 = CARTESIAN_POINT ( 'NONE',  ( 17.60000000000000142, 0.008726203218641778378, 0.4999238475781968560 ) ) ;
#1806 = CARTESIAN_POINT ( 'NONE',  ( 17.41250000095591588, -0.5772623359471708016, 0.01007615155457231015 ) ) ;
#1807 = CARTESIAN_POINT ( 'NONE',  ( 17.47187500047795794, -0.3859570687203937589, 0.6962849834561642970 ) ) ;
#1808 = CARTESIAN_POINT ( 'NONE',  ( 19.21250000095591659, -0.5772623359471706905, 0.01007615155457231015 ) ) ;
#1809 = CARTESIAN_POINT ( 'NONE',  ( 19.24687500047795652, 0.01203244043303794072, 0.6893380507331419160 ) ) ;
#1810 = CARTESIAN_POINT ( 'NONE',  ( 0.2114334654313151651, 0.1285442393609589062, 0.9886859966642598252 ) ) ;
#1811 = PLANE ( 'NONE',  #1822 ) ;
#1812 = CARTESIAN_POINT ( 'NONE',  ( 19.58750000095591659, -0.008726203218641717663, -0.4999238475781968560 ) ) ;
#1813 = EDGE_CURVE ( 'NONE', #1625, #893, #587, .T. ) ;
#1814 = CARTESIAN_POINT ( 'NONE',  ( 18.36562500047795510, 0.4100219495864692587, 0.6823911180101194240 ) ) ;
#1815 = CARTESIAN_POINT ( 'NONE',  ( 19.76562500047795723, 0.3859570687203936479, -0.6962849834561642970 ) ) ;
#1816 = CARTESIAN_POINT ( 'NONE',  ( 17.46250000095591659, -0.2973573711922269380, -0.4948857718009107565 ) ) ;
#1817 = CARTESIAN_POINT ( 'NONE',  ( 18.98750000095591517, -0.008726203218641717663, -0.4999238475781968560 ) ) ;
#1818 = DIRECTION ( 'NONE',  ( -1.000000000000000000, -0.000000000000000000, -0.000000000000000000 ) ) ;
#1819 = DIRECTION ( 'NONE',  ( 0.000000000000000000, -0.000000000000000000, 1.000000000000000000 ) ) ;
#1820 = CARTESIAN_POINT ( 'NONE',  ( 0.5000000000000000000, 0.000000000000000000, -0.1499999999999993283 ) ) ;
#1821 = CARTESIAN_POINT ( 'NONE',  ( 19.18750000095591801, -0.4285836503510573881, 0.2575190374550274108 ) ) ;
#1822 = AXIS2_PLACEMENT_3D ( 'NONE', #847, #31, #816 ) ;
#1823 = CARTESIAN_POINT ( 'NONE',  ( 18.74062500047795510, -0.5909680435136284160, 0.3550894244511044184 ) ) ;
#1824 = CARTESIAN_POINT ( 'NONE',  ( 19.66562500047795581, -0.7959790183068626845, 0.01389386544604503775 ) ) ;
#1825 = CIRCLE ( 'NONE', #271, 0.7499999999999983347 ) ;
#1826 = CARTESIAN_POINT ( 'NONE',  ( 17.78750000095591588, -0.008726203218641717663, -0.4999238475781968560 ) ) ;
#1827 = ADVANCED_FACE ( 'NONE', ( #1776, #1115 ), #1105, .T. ) ;
#1828 = CARTESIAN_POINT ( 'NONE',  ( 19.19687500047795581, 0.6030004839466659439, 0.3342486262820371090 ) ) ;
#1829 = CARTESIAN_POINT ( 'NONE',  ( 19.31250000095591801, 0.2799049647549437525, -0.5049619233554829556 ) ) ;
#1830 = CARTESIAN_POINT ( 'NONE',  ( 17.57187500047795936, -0.4100219495864690367, -0.6823911180101194240 ) ) ;
#1831 = CARTESIAN_POINT ( 'NONE',  ( 17.49443615133185403, 0.01654212919860626602, -0.5221725433532053984 ) ) ;
#1832 = CARTESIAN_POINT ( 'NONE',  ( 0.5000000000000000000, -0.1499999999999999389, 0.9886859966642598252 ) ) ;
#1833 = CARTESIAN_POINT ( 'NONE',  ( 19.76562500047795723, 0.3859570687203936479, -0.6962849834561642970 ) ) ;
#1834 = CARTESIAN_POINT ( 'NONE',  ( 19.36250000095591872, 0.5772623359471708016, -0.01007615155457238301 ) ) ;
#1835 = CARTESIAN_POINT ( 'NONE',  ( 17.74062500047795865, 0.6030004839466659439, 0.3342486262820371090 ) ) ;
#1836 = CARTESIAN_POINT ( 'NONE',  ( 18.76562500047795723, -0.7959790183068626845, 0.01389386544604503775 ) ) ;
#1837 = CARTESIAN_POINT ( 'NONE',  ( 17.43750000095591801, -0.4373098535696989253, -0.2424048101231693342 ) ) ;
#1838 = EDGE_CURVE ( 'NONE', #767, #1033, #1397, .T. ) ;
#1839 = CARTESIAN_POINT ( 'NONE',  ( 18.03750000095591588, -0.4373098535696989253, -0.2424048101231693342 ) ) ;
#1840 = VERTEX_POINT ( 'NONE', #295 ) ;
#1841 = VECTOR ( 'NONE', #1510, 1000.000000000000000 ) ;
#1842 = DIRECTION ( 'NONE',  ( -1.000000000000000000, -0.000000000000000000, -0.000000000000000000 ) ) ;
#1843 = CARTESIAN_POINT ( 'NONE',  ( 0.5000000000000000000, -0.1499999999999999389, -0.1499999999999993283 ) ) ;
#1844 = CARTESIAN_POINT ( 'NONE',  ( 18.96250000095592014, -0.2973573711922269380, -0.4948857718009107565 ) ) ;
#1845 =( NAMED_UNIT ( * ) PLANE_ANGLE_UNIT ( ) SI_UNIT ( $, .RADIAN. ) );
#1846 = CARTESIAN_POINT ( 'NONE',  ( 18.26562500047795368, 0.3859570687203936479, -0.6962849834561642970 ) ) ;
#1847 = CARTESIAN_POINT ( 'NONE',  ( 0.5000000000000000000, 0.000000000000000000, -0.1499999999999993283 ) ) ;
#1848 = B_SPLINE_CURVE_WITH_KNOTS ( 'NONE', 3,
 ( #252, #1544, #259, #1877, #95, #1378 ),
 .UNSPECIFIED., .F., .F.,
 ( 4, 2, 4 ),
 ( 0.0001353424583560318601, 0.0001579056367595280943, 0.0001804688151630243556 ),
 .UNSPECIFIED. ) ;
#1849 = CARTESIAN_POINT ( 'NONE',  ( 18.51250000095591730, 0.2973573711922270491, 0.4948857718009106454 ) ) ;
#1850 = ORIENTED_EDGE ( 'NONE', *, *, #1229, .T. ) ;
#1851 = CARTESIAN_POINT ( 'NONE',  ( 0.2500000000000457967, 0.1500000000015742907, 0.9887085768299629374 ) ) ;
#1852 = CARTESIAN_POINT ( 'NONE',  ( 19.54062500047795581, 0.6030004839466659439, 0.3342486262820371090 ) ) ;
#1853 = CARTESIAN_POINT ( 'NONE',  ( 18.68750000095591801, -0.008726203218641717663, -0.4999238475781968560 ) ) ;
#1854 = CARTESIAN_POINT ( 'NONE',  ( 17.51562500047795723, -0.3859570687203937589, 0.6962849834561644080 ) ) ;
#1855 = VECTOR ( 'NONE', #204, 1000.000000000000000 ) ;
#1856 = CARTESIAN_POINT ( 'NONE',  ( 18.71562500047796007, -0.3859570687203937589, 0.6962849834561642970 ) ) ;
#1857 = CARTESIAN_POINT ( 'NONE',  ( 19.22499999999999787, -0.2973573711922269380, -0.4948857718009107565 ) ) ;
#1858 = DIRECTION ( 'NONE',  ( 0.000000000000000000, -0.000000000000000000, 1.000000000000000000 ) ) ;
#1859 = ORIENTED_EDGE ( 'NONE', *, *, #1154, .T. ) ;
#1860 = CARTESIAN_POINT ( 'NONE',  ( 17.39814179700518437, 0.5218950873057627282, 0.4449725162810548862 ) ) ;
#1861 = FACE_OUTER_BOUND ( 'NONE', #616, .T. ) ;
#1862 = CARTESIAN_POINT ( 'NONE',  ( 0.2113532704144910346, -0.1284470696763898856, 0.9887073866023763369 ) ) ;
#1863 = EDGE_CURVE ( 'NONE', #1123, #146, #150, .T. ) ;
#1864 = CARTESIAN_POINT ( 'NONE',  ( 17.39062500047795723, 0.000000000000000000, 0.000000000000000000 ) ) ;
#1865 = ORIENTED_EDGE ( 'NONE', *, *, #1139, .F. ) ;
#1866 = CARTESIAN_POINT ( 'NONE',  ( 18.14062500047795723, -0.5909680435136284160, 0.3550894244511044184 ) ) ;
#1867 = DIRECTION ( 'NONE',  ( 1.000000000000000000, -0.000000000000000000, -0.000000000000000000 ) ) ;
#1868 = CARTESIAN_POINT ( 'NONE',  ( 18.48750000095591517, 0.4373098535696989808, 0.2424048101231691676 ) ) ;
#1869 = ORIENTED_EDGE ( 'NONE', *, *, #1489, .F. ) ;
#1870 = CARTESIAN_POINT ( 'NONE',  ( 0.02603777917499675368, 0.1500000000000000777, 0.8663244534466763014 ) ) ;
#1871 = CARTESIAN_POINT ( 'NONE',  ( 19.83935820395073790, 0.6539203559460765591, 0.2067926267513755523 ) ) ;
#1872 = CARTESIAN_POINT ( 'NONE',  ( 0.5000000000000000000, -0.1499999999999999389, 0.1500000000000006328 ) ) ;
#1873 = CARTESIAN_POINT ( 'NONE',  ( 17.89062500047795723, -0.6030004839466659439, -0.3342486262820373866 ) ) ;
#1874 = EDGE_CURVE ( 'NONE', #893, #1625, #331, .T. ) ;
#1875 = CARTESIAN_POINT ( 'NONE',  ( 19.34999999999999787, 0.4373098535696989808, 0.2424048101231691676 ) ) ;
#1876 = CARTESIAN_POINT ( 'NONE',  ( 18.39687500047795865, -0.5909680435136284160, 0.3550894244511044184 ) ) ;
#1877 = CARTESIAN_POINT ( 'NONE',  ( 0.2349032734856766336, -0.1475600180739137235, 0.9886859966642596032 ) ) ;
#1878 = ORIENTED_EDGE ( 'NONE', *, *, #806, .T. ) ;
#1879 = CARTESIAN_POINT ( 'NONE',  ( 17.81562500047795439, -0.3859570687203937589, 0.6962849834561642970 ) ) ;
#1880 = CARTESIAN_POINT ( 'NONE',  ( -5.166900978251230096E-16, 0.1500000000000000500, -0.8011962285546970763 ) ) ;
#1881 = CARTESIAN_POINT ( 'NONE',  ( 17.77499999999999858, 0.2799049647549437525, -0.5049619233554829556 ) ) ;
#1882 = CARTESIAN_POINT ( 'NONE',  ( 17.34687500047795794, 0.5909680435136281940, -0.3550894244511046960 ) ) ;
#1883 = CARTESIAN_POINT ( 'NONE',  ( 19.17500000000000426, -0.5772623359471708016, 0.01007615155457231015 ) ) ;
#1884 = EDGE_CURVE ( 'NONE', #129, #100, #794, .T. ) ;
#1885 = ORIENTED_EDGE ( 'NONE', *, *, #365, .T. ) ;
#1886 = CONICAL_SURFACE ( 'NONE', #507, 0.5000000000000012212, 1.047197551196594301 ) ;
#1887 = CARTESIAN_POINT ( 'NONE',  ( 19.77783715260439834, -0.3646242790235543207, -0.4525367253183728011 ) ) ;
#1888 = CARTESIAN_POINT ( 'NONE',  ( 19.19062500047795794, 0.5909680435136281940, -0.3550894244511046960 ) ) ;
#1889 = CARTESIAN_POINT ( 'NONE',  ( 0.000000000000000000, 0.1500000000000000500, -0.7348469228349516769 ) ) ;
#1890 = CARTESIAN_POINT ( 'NONE',  ( 0.5000000000000000000, 0.000000000000000000, -0.1499999999999993283 ) ) ;
#1891 = CARTESIAN_POINT ( 'NONE',  ( 18.37500000000000000, 0.2799049647549437525, -0.5049619233554829556 ) ) ;
#1892 = DIRECTION ( 'NONE',  ( 0.000000000000000000, 0.000000000000000000, 1.000000000000000000 ) ) ;
#1893 = ORIENTED_EDGE ( 'NONE', *, *, #1357, .F. ) ;
#1894 = CARTESIAN_POINT ( 'NONE',  ( 19.32500000000000284, 0.5772623359471708016, -0.01007615155457238301 ) ) ;
#1895 = VERTEX_POINT ( 'NONE', #39 ) ;
#1896 = DIRECTION ( 'NONE',  ( 0.000000000000000000, 0.000000000000000000, -1.000000000000000000 ) ) ;
#1897 = CARTESIAN_POINT ( 'NONE',  ( 19.14062500047795723, -0.01203244043303785572, -0.6893380507331419160 ) ) ;
#1898 = DIRECTION ( 'NONE',  ( -0.000000000000000000, 1.000000000000000000, 0.000000000000000000 ) ) ;
#1899 = PLANE ( 'NONE',  #2029 ) ;
#1900 = VERTEX_POINT ( 'NONE', #1347 ) ;
#1901 = CARTESIAN_POINT ( 'NONE',  ( 17.60000000000000142, 0.008726203218641778378, 0.4999238475781968560 ) ) ;
#1902 = CARTESIAN_POINT ( 'NONE',  ( 19.59687500047795794, -0.5909680435136284160, 0.3550894244511044184 ) ) ;
#1903 =( BOUNDED_CURVE ( )  B_SPLINE_CURVE ( 2, ( #1500, #1182, #190, #334, #976, #824, #1152, #1650, #55, #1469, #1315, #26, #1958, #211, #673, #1659, #1305, #1829, #515, #1163, #1975, #1808, #1945, #358, #836, #550, #505, #1172, #348, #1010, #1817, #702, #989, #1966, #1639, #1480, #1001, #1336, #536, #200, #1020, #220, #844, #47, #369, #1668, #63, #711, #761, #1849, #1868, #1402, #401, #1706, #892, #1996, #1031, #420, #2006, #2030, #388, #1053, #85, #732, #2018, #1042, #561, #272, #1839, #873, #881, #411, #583, #2041, #1358, #1192, #741, #1534, #1697, #1688, #1389, #723, #1678, #1213, #231, #1523, #240, #1565, #1202, #593, #1370 ),
 .UNSPECIFIED., .F., .F. ) 
 B_SPLINE_CURVE_WITH_KNOTS ( ( 3, 2, 2, 2, 2, 2, 2, 2, 2, 2, 2, 2, 2, 2, 2, 2, 2, 2, 2, 2, 2, 2, 2, 2, 2, 2, 2, 2, 2, 2, 2, 2, 2, 2, 2, 2, 2, 2, 2, 2, 2, 2, 2, 2, 2, 3 ),
 ( 0.000000000000000000, 0.01851851851851851749, 0.03703703703703703498, 0.05555555555555555247, 0.07407407407407406996, 0.09259259259259258745, 0.1111111111111111049, 0.1296296296296296224, 0.1481481481481481399, 0.1666666666666666574, 0.1851851851851851749, 0.2037037037037036924, 0.2222222222222222099, 0.2407407407407407274, 0.2592592592592592449, 0.2777777777777777901, 0.2962962962962962798, 0.3148148148148148251, 0.3333333333333333148, 0.3518518518518518601, 0.3703703703703703498, 0.3888888888888888951, 0.4074074074074073848, 0.4259259259259259300, 0.4444444444444444198, 0.4629629629629629095, 0.4814814814814814548, 0.5000000000000000000, 0.5185185185185184897, 0.5370370370370370905, 0.5555555555555555802, 0.5740740740740740700, 0.5925925925925925597, 0.6111111111111111605, 0.6296296296296296502, 0.6481481481481481399, 0.6666666666666666297, 0.6851851851851852304, 0.7037037037037037202, 0.7222222222222222099, 0.7407407407407406996, 0.7592592592592593004, 0.7777777777777777901, 0.7962962962962962798, 0.8148148148148147696, 0.8284632652111212359 ),
 .UNSPECIFIED. ) 
 CURVE ( )  GEOMETRIC_REPRESENTATION_ITEM ( )  RATIONAL_B_SPLINE_CURVE ( ( 1.000000000000000000, 0.8660254037844387076, 1.000000000000000000, 0.8660254037844387076, 1.000000000000000000, 0.8660254037844387076, 1.000000000000000000, 0.8660254037844387076, 1.000000000000000000, 0.8660254037844387076, 1.000000000000000000, 0.8660254037844387076, 1.000000000000000000, 0.8660254037844387076, 1.000000000000000000, 0.8660254037844387076, 1.000000000000000000, 0.8660254037844387076, 1.000000000000000000, 0.8660254037844387076, 1.000000000000000000, 0.8660254037844387076, 1.000000000000000000, 0.8660254037844387076, 1.000000000000000000, 0.8660254037844387076, 1.000000000000000000, 0.8660254037844387076, 1.000000000000000000, 0.8660254037844387076, 1.000000000000000000, 0.8660254037844387076, 1.000000000000000000, 0.8660254037844387076, 1.000000000000000000, 0.8660254037844387076, 1.000000000000000000, 0.8660254037844387076, 1.000000000000000000, 0.8660254037844387076, 1.000000000000000000, 0.8660254037844387076, 1.000000000000000000, 0.8660254037844387076, 1.000000000000000000, 0.8660254037844387076, 1.000000000000000000, 0.8660254037844387076, 1.000000000000000000, 0.8660254037844387076, 1.000000000000000000, 0.8660254037844387076, 1.000000000000000000, 0.8660254037844387076, 1.000000000000000000, 0.8660254037844387076, 1.000000000000000000, 0.8660254037844387076, 1.000000000000000000, 0.8660254037844387076, 1.000000000000000000, 0.8660254037844387076, 1.000000000000000000, 0.8660254037844387076, 1.000000000000000000, 0.8660254037844387076, 1.000000000000000000, 0.8660254037844387076, 1.000000000000000000, 0.8660254037844387076, 1.000000000000000000, 0.8660254037844387076, 1.000000000000000000, 0.8660254037844387076, 1.000000000000000000, 0.8660254037844387076, 1.000000000000000000, 0.8660254037844387076, 1.000000000000000000, 0.8660254037844387076, 1.000000000000000000, 0.8660254037844387076, 1.000000000000000000, 0.8660254037844387076, 1.000000000000000000, 0.8660254037844387076, 1.000000000000000000, 0.8660254037844387076, 1.000000000000000000, 0.9012585359360842929, 0.9480652131003501903 ) ) 
 REPRESENTATION_ITEM ( '' )  );
#1904 = CARTESIAN_POINT ( 'NONE',  ( 19.52500000000000213, -0.2973573711922269380, -0.4948857718009107565 ) ) ;
#1905 = CARTESIAN_POINT ( 'NONE',  ( 19.39687500047795865, -0.01203244043303785572, -0.6893380507331419160 ) ) ;
#1906 = DIRECTION ( 'NONE',  ( -1.000000000000000000, -0.000000000000000000, -0.000000000000000000 ) ) ;
#1907 = CARTESIAN_POINT ( 'NONE',  ( 18.69062500047795794, 0.01203244043303794072, 0.6893380507331419160 ) ) ;
#1908 = CARTESIAN_POINT ( 'NONE',  ( 18.54687500047795723, 0.5909680435136281940, -0.3550894244511046960 ) ) ;
#1909 = CARTESIAN_POINT ( 'NONE',  ( 0.2500000000005547784, 0.1500000000000000500, -0.9886859966642593811 ) ) ;
#1910 = EDGE_LOOP ( 'NONE', ( #2072, #1611, #317, #819, #273, #156 ) ) ;
#1911 = CARTESIAN_POINT ( 'NONE',  ( 18.00000000000000355, -0.4373098535696989253, -0.2424048101231693342 ) ) ;
#1912 =( NAMED_UNIT ( * ) SI_UNIT ( $, .STERADIAN. ) SOLID_ANGLE_UNIT ( ) );
#1913 = CARTESIAN_POINT ( 'NONE',  ( 19.62500000000000000, 0.5772623359471708016, -0.01007615155457238301 ) ) ;
#1914 = CARTESIAN_POINT ( 'NONE',  ( 19.27187500047796220, -0.3859570687203937589, 0.6962849834561642970 ) ) ;
#1915 = CARTESIAN_POINT ( 'NONE',  ( 0.2210454848260590133, 0.1401854673371875915, 0.9886859966642596032 ) ) ;
#1916 = CARTESIAN_POINT ( 'NONE',  ( 17.56562500047795794, -0.7959790183068626845, 0.01389386544604503775 ) ) ;
#1917 = CARTESIAN_POINT ( 'NONE',  ( 0.5000000000000000000, -0.1499999999999999389, 0.000000000000000000 ) ) ;
#1918 = ORIENTED_EDGE ( 'NONE', *, *, #1874, .T. ) ;
#1919 = EDGE_CURVE ( 'NONE', #1770, #1452, #1490, .T. ) ;
#1920 = LINE ( 'NONE', #657, #1560 ) ;
#1921 = PLANE ( 'NONE',  #895 ) ;
#1922 = EDGE_LOOP ( 'NONE', ( #291, #79 ) ) ;
#1923 = CARTESIAN_POINT ( 'NONE',  ( 19.05000000000000071, 0.4373098535696989808, 0.2424048101231691676 ) ) ;
#1924 = CARTESIAN_POINT ( 'NONE',  ( 17.64687500047795865, 0.5909680435136281940, -0.3550894244511046960 ) ) ;
#1925 = CARTESIAN_POINT ( 'NONE',  ( 19.84687500047795794, 0.01203244043303794072, 0.6893380507331419160 ) ) ;
#1926 = DIRECTION ( 'NONE',  ( 0.000000000000000000, 0.000000000000000000, -1.000000000000000000 ) ) ;
#1927 = CARTESIAN_POINT ( 'NONE',  ( 18.89687500047795865, 0.6030004839466659439, 0.3342486262820371090 ) ) ;
#1928 = CARTESIAN_POINT ( 'NONE',  ( 18.39687500047795865, -0.5909680435136284160, 0.3550894244511044184 ) ) ;
#1929 = DIRECTION ( 'NONE',  ( 0.000000000000000000, 0.000000000000000000, 1.000000000000000000 ) ) ;
#1930 = EDGE_LOOP ( 'NONE', ( #791 ) ) ;
#1931 = CARTESIAN_POINT ( 'NONE',  ( 19.46562500047796007, 0.3859570687203936479, -0.6962849834561644080 ) ) ;
#1932 = CARTESIAN_POINT ( 'NONE',  ( 17.55000000000000071, 0.4373098535696989808, 0.2424048101231691676 ) ) ;
#1933 = AXIS2_PLACEMENT_3D ( 'NONE', #1325, #1818, #213 ) ;
#1934 = CARTESIAN_POINT ( 'NONE',  ( 19.79687500047795723, 0.6030004839466659439, 0.3342486262820371090 ) ) ;
#1935 = CARTESIAN_POINT ( 'NONE',  ( 17.99687500047795652, 0.6030004839466659439, 0.3342486262820371090 ) ) ;
#1936 = CARTESIAN_POINT ( 'NONE',  ( 18.52187500047795865, 0.3859570687203936479, -0.6962849834561644080 ) ) ;
#1937 = FACE_BOUND ( 'NONE', #1371, .T. ) ;
#1938 = CARTESIAN_POINT ( 'NONE',  ( 17.45966284835151328, -0.5769943380088321527, -0.06941099711911573322 ) ) ;
#1939 = CARTESIAN_POINT ( 'NONE',  ( 19.56562500047796149, 0.4100219495864692587, 0.6823911180101194240 ) ) ;
#1940 = CARTESIAN_POINT ( 'NONE',  ( 18.69687500047795936, -0.5909680435136284160, 0.3550894244511044184 ) ) ;
#1941 = CARTESIAN_POINT ( 'NONE',  ( 17.72500000000000142, -0.2973573711922269380, -0.4948857718009107565 ) ) ;
#1942 = DIRECTION ( 'NONE',  ( 1.000000000000000000, -0.000000000000000000, -0.000000000000000000 ) ) ;
#1943 = CARTESIAN_POINT ( 'NONE',  ( 19.74687500047796007, 0.5909680435136281940, -0.3550894244511046960 ) ) ;
#1944 = ADVANCED_FACE ( 'NONE', ( #853 ), #1986, .F. ) ;
#1945 = CARTESIAN_POINT ( 'NONE',  ( 19.18750000095591801, -0.4285836503510573881, 0.2575190374550274108 ) ) ;
#1946 = CARTESIAN_POINT ( 'NONE',  ( 18.87187500047796007, 0.7959790183068626845, -0.01389386544604513316 ) ) ;
#1947 = VECTOR ( 'NONE', #1157, 1000.000000000000000 ) ;
#1948 = FACE_OUTER_BOUND ( 'NONE', #2036, .T. ) ;
#1949 = CIRCLE ( 'NONE', #1180, 0.7499999999999983347 ) ;
#1950 = CARTESIAN_POINT ( 'NONE',  ( 19.84687500047795794, 0.000000000000000000, 0.000000000000000000 ) ) ;
#1951 = ORIENTED_EDGE ( 'NONE', *, *, #1462, .F. ) ;
#1952 = CARTESIAN_POINT ( 'NONE',  ( 18.64062500047795368, 0.6030004839466659439, 0.3342486262820371090 ) ) ;
#1953 = CARTESIAN_POINT ( 'NONE',  ( 18.64687500047795865, 0.01203244043303794072, 0.6893380507331419160 ) ) ;
#1954 = CARTESIAN_POINT ( 'NONE',  ( 19.41562500047795581, -0.4100219495864690367, -0.6823911180101194240 ) ) ;
#1955 = CARTESIAN_POINT ( 'NONE',  ( 17.73750000095591872, -0.4373098535696989253, -0.2424048101231693342 ) ) ;
#1956 = CARTESIAN_POINT ( 'NONE',  ( 19.71250000095591659, 0.2973573711922271046, 0.4948857718009107010 ) ) ;
#1957 = CARTESIAN_POINT ( 'NONE',  ( 19.02187500047795865, -0.7959790183068626845, 0.01389386544604503775 ) ) ;
#1958 = CARTESIAN_POINT ( 'NONE',  ( 19.43750000095591446, 0.008726203218641778378, 0.4999238475781968560 ) ) ;
#1959 = CARTESIAN_POINT ( 'NONE',  ( 17.54062500047795581, -0.5909680435136284160, 0.3550894244511044184 ) ) ;
#1960 = CARTESIAN_POINT ( 'NONE',  ( 0.000000000000000000, -0.1499999999999999389, -0.7348469228349516769 ) ) ;
#1961 = CARTESIAN_POINT ( 'NONE',  ( 1.000000000000000000, 0.000000000000000000, 0.000000000000000000 ) ) ;
#1962 = CARTESIAN_POINT ( 'NONE',  ( 19.64062500047795723, -0.5909680435136284160, 0.3550894244511044184 ) ) ;
#1963 = CARTESIAN_POINT ( 'NONE',  ( 17.52499999999999858, 0.5772623359471708016, -0.01007615155457238301 ) ) ;
#1964 = DIRECTION ( 'NONE',  ( 0.000000000000000000, 0.000000000000000000, -1.000000000000000000 ) ) ;
#1965 = CARTESIAN_POINT ( 'NONE',  ( 19.09687500047795794, -0.01203244043303785572, -0.6893380507331419160 ) ) ;
#1966 = CARTESIAN_POINT ( 'NONE',  ( 18.91250000095591943, -0.5772623359471706905, 0.01007615155457231015 ) ) ;
#1967 = CARTESIAN_POINT ( 'NONE',  ( 17.49687500047796007, -0.5909680435136284160, 0.3550894244511044184 ) ) ;
#1968 = CARTESIAN_POINT ( 'NONE',  ( 0.5000000000000000000, -0.1499999999999999389, 0.9886859966642598252 ) ) ;
#1969 = LINE ( 'NONE', #677, #1947 ) ;
#1970 = CARTESIAN_POINT ( 'NONE',  ( 18.48750000095591517, 0.4373098535696989808, 0.2424048101231691676 ) ) ;
#1971 = EDGE_CURVE ( 'NONE', #1661, #767, #1903, .T. ) ;
#1972 = CARTESIAN_POINT ( 'NONE',  ( 19.11562500047795510, -0.4100219495864690367, -0.6823911180101194240 ) ) ;
#1973 = CARTESIAN_POINT ( 'NONE',  ( 19.69062500047795794, -0.6030004839466659439, -0.3342486262820373866 ) ) ;
#1974 = CARTESIAN_POINT ( 'NONE',  ( 18.18750000095591801, 0.4373098535696989808, 0.2424048101231691676 ) ) ;
#1975 = CARTESIAN_POINT ( 'NONE',  ( 19.23750000095591872, -0.4373098535696989253, -0.2424048101231693342 ) ) ;
#1976 = CARTESIAN_POINT ( 'NONE',  ( 18.49687500047795652, -0.01203244043303785572, -0.6893380507331419160 ) ) ;
#1977 = EDGE_LOOP ( 'NONE', ( #1040, #1512, #1228, #390 ) ) ;
#1978 = CARTESIAN_POINT ( 'NONE',  ( 19.73750000095591872, 0.000000000000000000, 0.000000000000000000 ) ) ;
#1979 = CARTESIAN_POINT ( 'NONE',  ( 19.64062500047795723, -0.5909680435136284160, 0.3550894244511044184 ) ) ;
#1980 =( BOUNDED_CURVE ( )  B_SPLINE_CURVE ( 2, ( #1035, #1196, #1226 ),
 .UNSPECIFIED., .F., .T. ) 
 B_SPLINE_CURVE_WITH_KNOTS ( ( 3, 3 ),
 ( 0.000000000000000000, 0.01598387934473489980 ),
 .UNSPECIFIED. ) 
 CURVE ( )  GEOMETRIC_REPRESENTATION_ITEM ( )  RATIONAL_B_SPLINE_CURVE ( ( 1.000000000000000000, 0.8843625758168681683, 0.9683452923086800501 ) ) 
 REPRESENTATION_ITEM ( '' )  );
#1981 = VECTOR ( 'NONE', #1990, 1000.000000000000000 ) ;
#1982 = ADVANCED_FACE ( 'NONE', ( #73 ), #571, .T. ) ;
#1983 = CARTESIAN_POINT ( 'NONE',  ( 17.81562500047795439, -0.3859570687203937589, 0.6962849834561642970 ) ) ;
#1984 = LINE ( 'NONE', #690, #1312 ) ;
#1985 = CARTESIAN_POINT ( 'NONE',  ( 19.14687500047795865, 0.5909680435136281940, -0.3550894244511046960 ) ) ;
#1986 = PLANE ( 'NONE',  #1670 ) ;
#1987 = CARTESIAN_POINT ( 'NONE',  ( 17.99687500047795652, 0.6030004839466659439, 0.3342486262820371090 ) ) ;
#1988 = ORIENTED_EDGE ( 'NONE', *, *, #1110, .T. ) ;
#1989 = CARTESIAN_POINT ( 'NONE',  ( 0.1838702438836014863, -0.1499999999999999667, -0.9886859966642634889 ) ) ;
#1990 = DIRECTION ( 'NONE',  ( -1.000000000000000000, -0.000000000000000000, -0.000000000000000000 ) ) ;
#1991 = CARTESIAN_POINT ( 'NONE',  ( 18.66250000095591588, -0.2973573711922269380, -0.4948857718009107565 ) ) ;
#1992 = FACE_OUTER_BOUND ( 'NONE', #552, .T. ) ;
#1993 = CARTESIAN_POINT ( 'NONE',  ( 18.16562500047795581, -0.7959790183068626845, 0.01389386544604503775 ) ) ;
#1994 = AXIS2_PLACEMENT_3D ( 'NONE', #133, #1439, #766 ) ;
#1995 = CARTESIAN_POINT ( 'NONE',  ( 18.89999999999999858, -0.4373098535696989253, -0.2424048101231693342 ) ) ;
#1996 = CARTESIAN_POINT ( 'NONE',  ( 18.36250000095591872, -0.2973573711922269380, -0.4948857718009107565 ) ) ;
#1997 = AXIS2_PLACEMENT_3D ( 'NONE', #1604, #1254, #1896 ) ;
#1998 = CARTESIAN_POINT ( 'NONE',  ( 17.42303754371392088, -0.1146751427653252969, 0.6331126143290251029 ) ) ;
#1999 = CARTESIAN_POINT ( 'NONE',  ( 0.5000000000000000000, -0.1499999999999999389, 0.000000000000000000 ) ) ;
#2000 = CARTESIAN_POINT ( 'NONE',  ( 19.79062500047795581, 0.5909680435136281940, -0.3550894244511046960 ) ) ;
#2001 = CARTESIAN_POINT ( 'NONE',  ( 18.33750000095592014, -0.4373098535696989253, -0.2424048101231693342 ) ) ;
#2002 = DIRECTION ( 'NONE',  ( 0.000000000000000000, 0.000000000000000000, 1.000000000000000000 ) ) ;
#2003 = CARTESIAN_POINT ( 'NONE',  ( 17.69062500047795439, 0.5909680435136281940, -0.3550894244511046960 ) ) ;
#2004 = LINE ( 'NONE', #239, #1185 ) ;
#2005 = B_SPLINE_CURVE_WITH_KNOTS ( 'NONE', 3,
 ( #1372, #1831, #1360, #381, #242, #883, #1938, #1023, #500, #2008, #573, #1998, #223, #1215, #563, #1860, #968, #1145 ),
 .UNSPECIFIED., .F., .F.,
 ( 4, 2, 2, 2, 2, 2, 2, 2, 4 ),
 ( 2.994464533913578027E-18, 0.0003414975520545953020, 0.0006829951041091876767, 0.001024492656163780106, 0.001365990208218372318, 0.001707487760272964747, 0.002048985312327557175, 0.002390482864382149821, 0.002731980416436742901 ),
 .UNSPECIFIED. ) ;
#2006 = CARTESIAN_POINT ( 'NONE',  ( 18.28750000095591588, -0.4285836503510573881, 0.2575190374550274108 ) ) ;
#2007 = VERTEX_POINT ( 'NONE', #912 ) ;
#2008 = CARTESIAN_POINT ( 'NONE',  ( 17.43683454320187565, -0.4132544858467591120, 0.4620594164012039595 ) ) ;
#2009 = EDGE_CURVE ( 'NONE', #91, #1297, #1848, .T. ) ;
#2010 = CARTESIAN_POINT ( 'NONE',  ( 0.2113741502849356968, 0.1284724022413411271, 0.9886859966640205721 ) ) ;
#2011 = CARTESIAN_POINT ( 'NONE',  ( 19.44062500047795794, -0.01203244043303785572, -0.6893380507331419160 ) ) ;
#2012 = CARTESIAN_POINT ( 'NONE',  ( 19.38750000095591730, 0.4373098535696989808, 0.2424048101231691676 ) ) ;
#2013 = CARTESIAN_POINT ( 'NONE',  ( 17.56562500047795439, -0.7959790183068626845, 0.01389386544604503775 ) ) ;
#2014 = CIRCLE ( 'NONE', #466, 0.5000000000000012212 ) ;
#2015 = CARTESIAN_POINT ( 'NONE',  ( 18.99062500047795510, 0.01203244043303794072, 0.6893380507331419160 ) ) ;
#2016 = CARTESIAN_POINT ( 'NONE',  ( 18.87500000000000355, -0.5772623359471706905, 0.01007615155457231015 ) ) ;
#2017 = VECTOR ( 'NONE', #1367, 1000.000000000000000 ) ;
#2018 = CARTESIAN_POINT ( 'NONE',  ( 18.13750000095591730, 0.4285836503510572215, -0.2575190374550276329 ) ) ;
#2019 = EDGE_LOOP ( 'NONE', ( #539 ) ) ;
#2020 = CARTESIAN_POINT ( 'NONE',  ( 19.80548173951541813, 0.2865279935218645879, -0.5589485769086451894 ) ) ;
#2021 = FACE_OUTER_BOUND ( 'NONE', #922, .T. ) ;
#2022 = EDGE_CURVE ( 'NONE', #1895, #146, #1222, .T. ) ;
#2023 = VECTOR ( 'NONE', #622, 1000.000000000000000 ) ;
#2024 = CARTESIAN_POINT ( 'NONE',  ( 17.46562500047795652, 0.4100219495864692587, 0.6823911180101194240 ) ) ;
#2025 = CARTESIAN_POINT ( 'NONE',  ( 17.94062500047795794, -0.01203244043303785572, -0.6893380507331419160 ) ) ;
#2026 = CARTESIAN_POINT ( 'NONE',  ( 18.77499999999999858, 0.2973573711922270491, 0.4948857718009106454 ) ) ;
#2027 = CARTESIAN_POINT ( 'NONE',  ( 18.47187500047795794, -0.4100219495864690367, -0.6823911180101194240 ) ) ;
#2028 = ORIENTED_EDGE ( 'NONE', *, *, #274, .T. ) ;
#2029 = AXIS2_PLACEMENT_3D ( 'NONE', #917, #2035, #785 ) ;
#2030 = CARTESIAN_POINT ( 'NONE',  ( 18.26250000095591730, -0.2799049647549438635, 0.5049619233554828446 ) ) ;
#2031 = EDGE_LOOP ( 'NONE', ( #1335 ) ) ;
#2032 = CARTESIAN_POINT ( 'NONE',  ( 0.1842967909656661185, 0.1500000000000000500, 0.9886859966642892461 ) ) ;
#2033 = CARTESIAN_POINT ( 'NONE',  ( 0.2500000000000457967, 0.1500000000015742907, 0.9886859966640205721 ) ) ;
#2034 = CARTESIAN_POINT ( 'NONE',  ( 18.74062500047795510, -0.5909680435136284160, 0.3550894244511044184 ) ) ;
#2035 = DIRECTION ( 'NONE',  ( 1.000000000000000000, 0.000000000000000000, 0.000000000000000000 ) ) ;
#2036 = EDGE_LOOP ( 'NONE', ( #308, #1524, #1214 ) ) ;
#2037 = ADVANCED_FACE ( 'NONE', ( #105 ), #462, .F. ) ;
#2038 = PRODUCT_CONTEXT ( 'NONE', #1721, 'mechanical' ) ;
#2039 = CARTESIAN_POINT ( 'NONE',  ( 19.52500000000000213, -0.2973573711922269380, -0.4948857718009107565 ) ) ;
#2040 = CARTESIAN_POINT ( 'NONE',  ( 18.09687500047795794, -0.5909680435136284160, 0.3550894244511044184 ) ) ;
#2041 = CARTESIAN_POINT ( 'NONE',  ( 17.91250000095591588, 0.2973573711922270491, 0.4948857718009106454 ) ) ;
#2042 = VERTEX_POINT ( 'NONE', #950 ) ;
#2043 = LINE ( 'NONE', #1076, #1513 ) ;
#2044 = CARTESIAN_POINT ( 'NONE',  ( 18.81562500047795794, -0.4100219495864690367, -0.6823911180101194240 ) ) ;
#2045 = CARTESIAN_POINT ( 'NONE',  ( 18.27187500047795865, 0.7959790183068626845, -0.01389386544604513316 ) ) ;
#2046 = CARTESIAN_POINT ( 'NONE',  ( 0.02609077622635804297, 0.1500000000000000500, -0.8663446049201242172 ) ) ;
#2047 = PRODUCT_DEFINITION_SHAPE ( 'NONE', 'NONE',  #574 ) ;
#2048 = EDGE_LOOP ( 'NONE', ( #798, #241, #452, #2081, #1893, #1725, #940, #1739 ) ) ;
#2049 = DIRECTION ( 'NONE',  ( -0.000000000000000000, 1.000000000000000000, 0.000000000000000000 ) ) ;
#2050 = FILL_AREA_STYLE ('',( #1113 ) ) ;
#2051 = EDGE_CURVE ( 'NONE', #1840, #32, #692, .T. ) ;
#2052 = AXIS2_PLACEMENT_3D ( 'NONE', #1820, #172, #519 ) ;
#2053 = CARTESIAN_POINT ( 'NONE',  ( 18.82499999999999929, -0.2799049647549438635, 0.5049619233554829556 ) ) ;
#2054 = ORIENTED_EDGE ( 'NONE', *, *, #120, .F. ) ;
#2055 = CARTESIAN_POINT ( 'NONE',  ( -0.000000000000000000, -0.1499999999999999389, 0.7348469228349516769 ) ) ;
#2056 = CARTESIAN_POINT ( 'NONE',  ( 18.39062500047795368, 0.01203244043303794072, 0.6893380507331419160 ) ) ;
#2057 = DIRECTION ( 'NONE',  ( 0.000000000000000000, 0.000000000000000000, 1.000000000000000000 ) ) ;
#2058 = CARTESIAN_POINT ( 'NONE',  ( 0.5000000000000000000, 0.1500000000000000500, -0.1499999999999993283 ) ) ;
#2059 = CARTESIAN_POINT ( 'NONE',  ( 20.00000000000000000, 0.000000000000000000, 0.5000000000000024425 ) ) ;
#2060 = CARTESIAN_POINT ( 'NONE',  ( 17.69999999999999929, -0.4373098535696989253, -0.2424048101231693342 ) ) ;
#2061 = CARTESIAN_POINT ( 'NONE',  ( 19.79687500047795723, 0.6030004839466659439, 0.3342486262820371090 ) ) ;
#2062 = CARTESIAN_POINT ( 'NONE',  ( 18.52499999999999858, -0.2799049647549438635, 0.5049619233554829556 ) ) ;
#2063 = CARTESIAN_POINT ( 'NONE',  ( 18.64062500047795368, 0.6030004839466659439, 0.3342486262820371090 ) ) ;
#2064 = CARTESIAN_POINT ( 'NONE',  ( 17.39062500047795723, 0.6435456412804593240, 0.2473473982079965050 ) ) ;
#2065 = FILL_AREA_STYLE ('',( #1278 ) ) ;
#2066 = ORIENTED_EDGE ( 'NONE', *, *, #1802, .F. ) ;
#2067 = CARTESIAN_POINT ( 'NONE',  ( 1.000000000000000000, 0.000000000000000000, 0.5000000000000000000 ) ) ;
#2068 = FACE_OUTER_BOUND ( 'NONE', #1766, .T. ) ;
#2069 = DIRECTION ( 'NONE',  ( 0.000000000000000000, 0.000000000000000000, 1.000000000000000000 ) ) ;
#2070 = ORIENTED_EDGE ( 'NONE', *, *, #719, .F. ) ;
#2071 = CARTESIAN_POINT ( 'NONE',  ( 18.45000000000000284, 0.4373098535696989808, 0.2424048101231691676 ) ) ;
#2072 = ORIENTED_EDGE ( 'NONE', *, *, #994, .T. ) ;
#2073 = AXIS2_PLACEMENT_3D ( 'NONE', #1134, #136, #1892 ) ;
#2074 = FACE_OUTER_BOUND ( 'NONE', #866, .T. ) ;
#2075 = CARTESIAN_POINT ( 'NONE',  ( 18.01562500047795723, 0.7959790183068626845, -0.01389386544604513316 ) ) ;
#2076 = EDGE_CURVE ( 'NONE', #659, #745, #1237, .T. ) ;
#2077 = CARTESIAN_POINT ( 'NONE',  ( 18.42187500047795723, -0.7959790183068626845, 0.01389386544604503775 ) ) ;
#2078 = CARTESIAN_POINT ( 'NONE',  ( 19.89062500047795723, 0.000000000000000000, 0.000000000000000000 ) ) ;
#2079 = ORIENTED_EDGE ( 'NONE', *, *, #2009, .T. ) ;
#2080 = CARTESIAN_POINT ( 'NONE',  ( 18.47500000000000142, 0.2973573711922270491, 0.4948857718009106454 ) ) ;
#2081 = ORIENTED_EDGE ( 'NONE', *, *, #994, .F. ) ;
ENDSEC;
END-ISO-10303-21;
