ISO-10303-21;
HEADER;
FILE_DESCRIPTION (( 'STEP AP214' ),
    '1' );
FILE_NAME ('ISO 15 ABB - 4260 - Full,DE,NC,Full_68.STEP',
    '2025-07-31T16:34:00',
    ( '' ),
    ( '' ),
    'SwSTEP 2.0',
    'SolidWorks 2025',
    '' );
FILE_SCHEMA (( 'AUTOMOTIVE_DESIGN' ));
ENDSEC;

DATA;
#1 = CARTESIAN_POINT ( 'NONE',  ( 5.556583932597444431, 34.66389655873243214, -32.47559507330849016 ) ) ;
#2 = CARTESIAN_POINT ( 'NONE',  ( -0.5525058339321817780, 36.70632534894228627, -33.91403895038087057 ) ) ;
#3 = AXIS2_PLACEMENT_3D ( 'NONE', #101, #2641, #2072 ) ;
#4 = TOROIDAL_SURFACE ( 'NONE', #2048, 42.50000000000000000, 7.475000000000004086 ) ;
#5 = ORIENTED_EDGE ( 'NONE', *, *, #1148, .F. ) ;
#6 = AXIS2_PLACEMENT_3D ( 'NONE', #2180, #3287, #239 ) ;
#7 = CARTESIAN_POINT ( 'NONE',  ( 0.5274834676871847927, 3.521649674658567708, -34.84757284993378335 ) ) ;
#8 = CARTESIAN_POINT ( 'NONE',  ( -0.2631557696538509572, -30.06751008205507247, 17.96372629677676613 ) ) ;
#9 = DIRECTION ( 'NONE',  ( 1.000000000000000000, 0.000000000000000000, 0.000000000000000000 ) ) ;
#10 = ORIENTED_EDGE ( 'NONE', *, *, #2347, .T. ) ;
#11 = EDGE_CURVE ( 'NONE', #1009, #2153, #1587, .T. ) ;
#12 = ORIENTED_EDGE ( 'NONE', *, *, #1539, .T. ) ;
#13 = CARTESIAN_POINT ( 'NONE',  ( -2.567739918546539268, 15.30388162127049512, 31.98817202732274367 ) ) ;
#14 = CARTESIAN_POINT ( 'NONE',  ( 0.3065306711279909835, 32.47515767655173136, -13.11963768125346874 ) ) ;
#15 = PRODUCT_DEFINITION_CONTEXT ( 'detailed design', #1386, 'design' ) ;
#16 = ORIENTED_EDGE ( 'NONE', *, *, #3153, .T. ) ;
#17 = DIRECTION ( 'NONE',  ( 0.000000000000000000, 0.000000000000000000, -1.000000000000000000 ) ) ;
#18 = CARTESIAN_POINT ( 'NONE',  ( 1.805199156379296621, -29.45516036405778237, 40.10350789555719331 ) ) ;
#19 = CARTESIAN_POINT ( 'NONE',  ( 5.601502700796335610, 20.98021780755344423, -42.61767767802729878 ) ) ;
#20 = DIRECTION ( 'NONE',  ( 0.000000000000000000, -0.9618256431728219313, 0.2736629900720729536 ) ) ;
#21 = EDGE_CURVE ( 'NONE', #2075, #211, #2350, .T. ) ;
#22 = CARTESIAN_POINT ( 'NONE',  ( -3.469446951953614189E-15, -30.06751008205516484, 17.96372629677681587 ) ) ;
#23 = EDGE_LOOP ( 'NONE', ( #3045, #1867, #2561, #1904 ) ) ;
#24 = CARTESIAN_POINT ( 'NONE',  ( 0.5944992156789009607, 3.080895813347815260, -34.88930324090080859 ) ) ;
#25 = CARTESIAN_POINT ( 'NONE',  ( -0.5251770792775644070, -30.07935010810221144, 17.97092804621295059 ) ) ;
#26 = CARTESIAN_POINT ( 'NONE',  ( 0.5937110929421766103, 32.60401989431747438, 12.79582887871729469 ) ) ;
#27 = VERTEX_POINT ( 'NONE', #634 ) ;
#28 = CARTESIAN_POINT ( 'NONE',  ( 5.601502700796326728, -46.65304690335470639, -8.940313448307959376 ) ) ;
#29 = EDGE_CURVE ( 'NONE', #605, #2264, #1882, .T. ) ;
#30 = CARTESIAN_POINT ( 'NONE',  ( 1.046969926904347092, -14.29391823835695163, 47.81515632740826760 ) ) ;
#31 = CARTESIAN_POINT ( 'NONE',  ( 5.556583932597444431, 34.66389655873196318, 32.47559507330898043 ) ) ;
#32 = ORIENTED_EDGE ( 'NONE', *, *, #2145, .F. ) ;
#33 = CARTESIAN_POINT ( 'NONE',  ( 2.567736996609359501, 5.228278432807692333, -49.26276946980394911 ) ) ;
#34 = CARTESIAN_POINT ( 'NONE',  ( -0.2631557696538503466, -34.32224221905836004, -6.980996637750206624 ) ) ;
#35 = CARTESIAN_POINT ( 'NONE',  ( 0.2631553418359365293, -42.13658108803330293, -26.87022811982824777 ) ) ;
#36 = CARTESIAN_POINT ( 'NONE',  ( 3.515903202787779680, 46.01946102066299460, -17.12275335364834916 ) ) ;
#37 = CARTESIAN_POINT ( 'NONE',  ( 5.556583932597444431, 47.49559558823529670, 0.6468382477899505822 ) ) ;
#38 = CARTESIAN_POINT ( 'NONE',  ( 2.801538165936542590, -41.67939236529529978, 26.58292193295980255 ) ) ;
#39 = EDGE_CURVE ( 'NONE', #2152, #2537, #1294, .T. ) ;
#40 = ORIENTED_EDGE ( 'NONE', *, *, #1970, .T. ) ;
#41 = ADVANCED_FACE ( 'NONE', ( #3097, #2861 ), #2843, .F. ) ;
#42 = B_SPLINE_CURVE_WITH_KNOTS ( 'NONE', 3,
 ( #1018, #1818, #3474, #2684, #2100, #2669, #2064, #2429, #993, #1856, #3211, #2924, #420, #399 ),
 .UNSPECIFIED., .F., .F.,
 ( 4, 2, 2, 2, 2, 2, 4 ),
 ( 2.947685801845433023E-07, 0.001556821940974614966, 0.002335085527171823321, 0.003113349113369032542, 0.004669876285763459658, 0.005448139871960669747, 0.006226403458157880703 ),
 .UNSPECIFIED. ) ;
#43 = CARTESIAN_POINT ( 'NONE',  ( 0.000000000000000000, 0.000000000000000000, 0.000000000000000000 ) ) ;
#44 = DIRECTION ( 'NONE',  ( 1.000000000000000000, 0.000000000000000000, 0.000000000000000000 ) ) ;
#45 = CARTESIAN_POINT ( 'NONE',  ( 4.599615815309076261, 48.39368498970282673, -0.6529256446632674127 ) ) ;
#46 = ORIENTED_EDGE ( 'NONE', *, *, #2144, .T. ) ;
#47 = CARTESIAN_POINT ( 'NONE',  ( 5.601502700796345380, -12.79201200653431236, 45.74713563432459296 ) ) ;
#48 = CARTESIAN_POINT ( 'NONE',  ( -5.601503256229785066, 16.54435130294072565, -33.65533062621059912 ) ) ;
#49 = CARTESIAN_POINT ( 'NONE',  ( 3.969779934108145447, -12.73341498334722921, -47.15003359516559556 ) ) ;
#50 = ORIENTED_EDGE ( 'NONE', *, *, #3178, .T. ) ;
#51 = CARTESIAN_POINT ( 'NONE',  ( 0.5944992156788605486, -20.98628178029713709, 28.04160082246027486 ) ) ;
#52 = CARTESIAN_POINT ( 'NONE',  ( -5.556583932597439990, 28.09677078279074181, -24.83589079496277918 ) ) ;
#53 = CARTESIAN_POINT ( 'NONE',  ( 2.801538165936544811, -29.26201690790031051, 39.84416962261639128 ) ) ;
#54 = EDGE_CURVE ( 'NONE', #1629, #2109, #2269, .T. ) ;
#55 = CARTESIAN_POINT ( 'NONE',  ( -3.515274631057110799, 16.49555596909139155, 31.86626772612531511 ) ) ;
#56 = CARTESIAN_POINT ( 'NONE',  ( -20.63749999999999929, 0.000000000000000000, 0.000000000000000000 ) ) ;
#57 = ORIENTED_EDGE ( 'NONE', *, *, #1970, .F. ) ;
#58 = AXIS2_PLACEMENT_3D ( 'NONE', #1079, #1329, #2164 ) ;
#59 = CARTESIAN_POINT ( 'NONE',  ( -5.556583932597439990, -32.18195282558718873, 19.25024447459515287 ) ) ;
#60 = CARTESIAN_POINT ( 'NONE',  ( -2.555678084769641867, -30.44819670977692638, -18.19529451492017458 ) ) ;
#61 = ORIENTED_EDGE ( 'NONE', *, *, #2630, .F. ) ;
#62 = AXIS2_PLACEMENT_3D ( 'NONE', #210, #1884, #798 ) ;
#63 = AXIS2_PLACEMENT_3D ( 'NONE', #169, #1585, #779 ) ;
#64 = ORIENTED_EDGE ( 'NONE', *, *, #3120, .F. ) ;
#65 = ADVANCED_FACE ( 'NONE', ( #2879, #1791 ), #1809, .T. ) ;
#66 = CIRCLE ( 'NONE', #2637, 47.50000000000000000 ) ;
#67 = TOROIDAL_SURFACE ( 'NONE', #1536, 42.50000000000000000, 7.475000000000004086 ) ;
#68 = CARTESIAN_POINT ( 'NONE',  ( 5.204542906582165784, -13.72955948295365225, 45.88103124797110155 ) ) ;
#69 = FACE_OUTER_BOUND ( 'NONE', #2738, .T. ) ;
#70 = ORIENTED_EDGE ( 'NONE', *, *, #3061, .T. ) ;
#71 = CIRCLE ( 'NONE', #2114, 49.97500000000001563 ) ;
#72 = CARTESIAN_POINT ( 'NONE',  ( 2.555675114558311201, 22.66647002985390458, 44.03856894562137825 ) ) ;
#73 = CARTESIAN_POINT ( 'NONE',  ( 0.000000000000000000, -42.83513221543134364, 25.74202931174070130 ) ) ;
#74 = CARTESIAN_POINT ( 'NONE',  ( 2.555675114558309424, -30.37259611322729214, -39.12377568353140589 ) ) ;
#75 = ADVANCED_BREP_SHAPE_REPRESENTATION ( 'ISO 15 ABB - 4260 - Full,DE,NC,Full_68_ISO 15 ABB - 4260 - Full,DE,NC,Full_68', ( #2472, #2691 ), #2458 ) ;
#76 = B_SPLINE_CURVE_WITH_KNOTS ( 'NONE', 3,
 ( #2993, #1686, #2774, #1394, #2231, #1889, #2756, #13, #3334, #2793, #1615, #1632, #2735, #2717 ),
 .UNSPECIFIED., .F., .F.,
 ( 4, 2, 2, 2, 2, 2, 4 ),
 ( 2.947685801840414882E-07, 0.001556821940974616484, 0.002335085527171825923, 0.003113349113369034710, 0.004669876285763453587, 0.005448139871960664543, 0.006226403458157874632 ),
 .UNSPECIFIED. ) ;
#77 = CARTESIAN_POINT ( 'NONE',  ( 5.556583932597444431, 21.74963453899328769, 42.22799305461047226 ) ) ;
#78 = ADVANCED_FACE ( 'NONE', ( #3169 ), #2917, .F. ) ;
#79 = CARTESIAN_POINT ( 'NONE',  ( -3.469446951953614189E-15, -34.52636457722955754, 5.889038468224478962 ) ) ;
#80 = VERTEX_POINT ( 'NONE', #2367 ) ;
#81 = DIRECTION ( 'NONE',  ( 0.000000000000000000, 0.000000000000000000, -1.000000000000000000 ) ) ;
#82 = CARTESIAN_POINT ( 'NONE',  ( -3.469446951953614189E-15, -10.11807391946259393, -33.53170447740898652 ) ) ;
#83 = ORIENTED_EDGE ( 'NONE', *, *, #2522, .F. ) ;
#84 = VERTEX_POINT ( 'NONE', #2331 ) ;
#85 = B_SPLINE_CURVE_WITH_KNOTS ( 'NONE', 3,
 ( #2078, #396, #1835, #2648, #2337, #1524, #2121, #2045, #1268, #3205, #2098, #3157, #3442, #954 ),
 .UNSPECIFIED., .F., .F.,
 ( 4, 2, 2, 2, 2, 2, 4 ),
 ( 1.971617195674890347E-07, 0.001556721546461270391, 0.002334983738832119727, 0.003113245931202969063, 0.004669770315944658627, 0.005448032508315497555, 0.006226294700686335615 ),
 .UNSPECIFIED. ) ;
#86 = VERTEX_POINT ( 'NONE', #3418 ) ;
#87 = CARTESIAN_POINT ( 'NONE',  ( 4.804961032689092804, -13.82505424066959065, -46.20824520018847181 ) ) ;
#88 = EDGE_CURVE ( 'NONE', #2191, #3579, #3390, .T. ) ;
#89 = ORIENTED_EDGE ( 'NONE', *, *, #1126, .T. ) ;
#90 = EDGE_CURVE ( 'NONE', #1456, #3224, #1822, .T. ) ;
#91 = CARTESIAN_POINT ( 'NONE',  ( 0.5251762499567619313, 5.269981254348615529, -49.68242173520266647 ) ) ;
#92 = CARTESIAN_POINT ( 'NONE',  ( 3.964897064204554233, 22.36332016576081472, 43.43982886413198941 ) ) ;
#93 = DIRECTION ( 'NONE',  ( 0.000000000000000000, 0.000000000000000000, -1.000000000000000000 ) ) ;
#94 = DIRECTION ( 'NONE',  ( 1.000000000000000000, 0.000000000000000000, 0.000000000000000000 ) ) ;
#95 = CARTESIAN_POINT ( 'NONE',  ( -3.469446951953614189E-15, 15.11281637889359963, -31.59673094004892491 ) ) ;
#96 = CARTESIAN_POINT ( 'NONE',  ( 2.074418812251865862, 21.55912039759057208, 44.78094538159120219 ) ) ;
#97 = VERTEX_POINT ( 'NONE', #1278 ) ;
#98 = CARTESIAN_POINT ( 'NONE',  ( 5.556583932597444431, 44.05465897866447023, -17.76054678982542612 ) ) ;
#99 = B_SPLINE_CURVE_WITH_KNOTS ( 'NONE', 3,
 ( #1654, #2758, #3315, #1375 ),
 .UNSPECIFIED., .F., .F.,
 ( 4, 4 ),
 ( 1.703398595637816609E-06, 0.001151158023206736011 ),
 .UNSPECIFIED. ) ;
#100 = ORIENTED_EDGE ( 'NONE', *, *, #462, .F. ) ;
#101 = CARTESIAN_POINT ( 'NONE',  ( 24.99999999999999645, 0.000000000000000000, 0.000000000000000000 ) ) ;
#102 = CARTESIAN_POINT ( 'NONE',  ( 23.50000000000000000, 0.000000000000000000, -54.99999999999998579 ) ) ;
#103 = CARTESIAN_POINT ( 'NONE',  ( 0.5251762499567628195, -13.03324963867584074, -48.23121536672780252 ) ) ;
#104 = ORIENTED_EDGE ( 'NONE', *, *, #2409, .F. ) ;
#105 = ORIENTED_EDGE ( 'NONE', *, *, #2051, .T. ) ;
#106 = EDGE_CURVE ( 'NONE', #1209, #1209, #1003, .T. ) ;
#107 = CARTESIAN_POINT ( 'NONE',  ( -3.969782328569877894, -35.43708205432289304, -7.198486829426186340 ) ) ;
#108 = CARTESIAN_POINT ( 'NONE',  ( 0.000000000000000000, 0.000000000000000000, 0.000000000000000000 ) ) ;
#109 = DIRECTION ( 'NONE',  ( 1.000000000000000000, 0.000000000000000000, 0.000000000000000000 ) ) ;
#110 = CARTESIAN_POINT ( 'NONE',  ( 5.556583932597444431, 0.000000000000000000, 0.000000000000000000 ) ) ;
#111 = CARTESIAN_POINT ( 'NONE',  ( -2.378268148537112106E-15, -48.99783768347148794, 9.834252759827844415 ) ) ;
#112 = CARTESIAN_POINT ( 'NONE',  ( -2.056915804659396496, -21.72068781334021992, -27.83743150928238208 ) ) ;
#113 = ORIENTED_EDGE ( 'NONE', *, *, #354, .F. ) ;
#114 = CARTESIAN_POINT ( 'NONE',  ( -5.204543592070402624, -21.90412716056698272, -29.95446805469507723 ) ) ;
#115 = CARTESIAN_POINT ( 'NONE',  ( -4.599617731266009812, -31.41473864512311209, -18.78334811834459828 ) ) ;
#116 = EDGE_LOOP ( 'NONE', ( #32, #2130, #262, #1208, #1371, #1696, #3060, #83, #1795, #334, #100, #2094, #592, #1396, #1140, #1317, #3076, #3589, #64, #3007, #2245, #1610, #1823, #1722, #690, #899, #2148, #2479, #1480, #1635, #1349, #1174, #1149, #3417 ) ) ;
#117 = FACE_OUTER_BOUND ( 'NONE', #3038, .T. ) ;
#118 = ADVANCED_FACE ( 'NONE', ( #117 ), #1878, .F. ) ;
#119 = CARTESIAN_POINT ( 'NONE',  ( -4.817902579072504743, 16.89332917010666790, -32.64974872224248514 ) ) ;
#120 = AXIS2_PLACEMENT_3D ( 'NONE', #2694, #1097, #1643 ) ;
#121 = AXIS2_PLACEMENT_3D ( 'NONE', #3057, #2505, #537 ) ;
#122 = ORIENTED_EDGE ( 'NONE', *, *, #309, .F. ) ;
#123 = TOROIDAL_SURFACE ( 'NONE', #2105, 42.50000000000000000, 7.475000000000004086 ) ;
#124 = CIRCLE ( 'NONE', #2580, 47.50000000000000000 ) ;
#125 = DIRECTION ( 'NONE',  ( 0.000000000000000000, 0.000000000000000000, -1.000000000000000000 ) ) ;
#126 = CARTESIAN_POINT ( 'NONE',  ( 2.074418812251864086, 46.10111004320566508, 18.56923246585873599 ) ) ;
#127 = CARTESIAN_POINT ( 'NONE',  ( 4.804961032689092804, -29.58382263713395588, -38.09371978965559435 ) ) ;
#128 = CIRCLE ( 'NONE', #949, 49.97500000000001563 ) ;
#129 = B_SPLINE_CURVE_WITH_KNOTS ( 'NONE', 3,
 ( #846, #1198, #344, #864, #586, #1962, #1977, #640, #879, #3072, #1746, #609, #1762, #2869 ),
 .UNSPECIFIED., .F., .F.,
 ( 4, 2, 2, 2, 2, 2, 4 ),
 ( 2.947685801879445631E-07, 0.001556821940974618219, 0.002335085527171832428, 0.003113349113369045119, 0.004669876285763463995, 0.005448139871960670615, 0.006226403458157878969 ),
 .UNSPECIFIED. ) ;
#130 = CARTESIAN_POINT ( 'NONE',  ( -0.1687870779475077465, 46.83586816282477372, -17.43278745452078127 ) ) ;
#131 = CARTESIAN_POINT ( 'NONE',  ( 0.5263093472665469896, 37.37569721551972179, 33.17465723491039853 ) ) ;
#132 = CARTESIAN_POINT ( 'NONE',  ( -3.469446951953614189E-15, 32.45508605610396557, 13.16882736202755666 ) ) ;
#133 = ORIENTED_EDGE ( 'NONE', *, *, #1883, .F. ) ;
#134 = EDGE_CURVE ( 'NONE', #2847, #141, #881, .T. ) ;
#135 = CARTESIAN_POINT ( 'NONE',  ( -3.469446951953614189E-15, 25.50633731225603285, -24.00369517206496894 ) ) ;
#136 = CARTESIAN_POINT ( 'NONE',  ( 5.556583932597444431, 0.000000000000000000, 0.000000000000000000 ) ) ;
#137 = VERTEX_POINT ( 'NONE', #3464 ) ;
#138 = CARTESIAN_POINT ( 'NONE',  ( 0.5251762499567621534, -30.63505309846857116, 39.46655867376500026 ) ) ;
#139 = CARTESIAN_POINT ( 'NONE',  ( 1.307726991999699662, 22.81775631447118613, -44.33739099566905395 ) ) ;
#140 = EDGE_LOOP ( 'NONE', ( #105, #1759, #1932, #2955 ) ) ;
#141 = VERTEX_POINT ( 'NONE', #1245 ) ;
#142 = CARTESIAN_POINT ( 'NONE',  ( -5.601503256229782401, 3.269440432010150666, -37.35917021102319779 ) ) ;
#143 = CARTESIAN_POINT ( 'NONE',  ( -2.555678084769643199, 3.828979474256775539, 35.26330020783187535 ) ) ;
#144 = CARTESIAN_POINT ( 'NONE',  ( 0.000000000000000000, 0.000000000000000000, 0.000000000000000000 ) ) ;
#145 = CARTESIAN_POINT ( 'NONE',  ( -3.469446951953614189E-15, -21.54787174047426745, 27.61231334850577213 ) ) ;
#146 = CARTESIAN_POINT ( 'NONE',  ( -5.601503256229771743, -10.07850150798672573, -36.12230124103633244 ) ) ;
#147 = FACE_BOUND ( 'NONE', #1502, .T. ) ;
#148 = CARTESIAN_POINT ( 'NONE',  ( 1.805199156379295511, 5.249932396979064997, 49.48066316682231758 ) ) ;
#149 = CARTESIAN_POINT ( 'NONE',  ( -4.804962602584521569, -22.60910988039017155, -28.99496172763931767 ) ) ;
#150 = ORIENTED_EDGE ( 'NONE', *, *, #309, .T. ) ;
#151 = CARTESIAN_POINT ( 'NONE',  ( 0.000000000000000000, 0.000000000000000000, 0.000000000000000000 ) ) ;
#152 = EDGE_CURVE ( 'NONE', #2071, #193, #1707, .T. ) ;
#153 = FACE_BOUND ( 'NONE', #2424, .T. ) ;
#154 = EDGE_LOOP ( 'NONE', ( #2572, #2773, #3068, #3559 ) ) ;
#155 = CARTESIAN_POINT ( 'NONE',  ( 0.4806690185975298069, -34.36238032373715612, 6.780853706422749205 ) ) ;
#156 = APPLICATION_PROTOCOL_DEFINITION ( 'draft international standard', 'automotive_design', 1998, #1386 ) ;
#157 = CARTESIAN_POINT ( 'NONE',  ( 1.043258717209528452, -14.29785821219188158, -47.82866112317639562 ) ) ;
#158 = ORIENTED_EDGE ( 'NONE', *, *, #2332, .T. ) ;
#159 = CARTESIAN_POINT ( 'NONE',  ( -3.469446951953614189E-15, -20.66137603572839154, 28.28176382954620749 ) ) ;
#160 = CARTESIAN_POINT ( 'NONE',  ( 0.000000000000000000, -14.31325167158805733, 47.88143117729234177 ) ) ;
#161 = CARTESIAN_POINT ( 'NONE',  ( -3.469446951953614189E-15, 0.000000000000000000, 0.000000000000000000 ) ) ;
#162 = CARTESIAN_POINT ( 'NONE',  ( -0.5525058339321982093, 46.47879296894144119, -18.36404537950814486 ) ) ;
#163 = CARTESIAN_POINT ( 'NONE',  ( 1.043258717209529118, 46.30539256570260420, -18.64993816686159533 ) ) ;
#164 = CARTESIAN_POINT ( 'NONE',  ( 3.515271977441963180, 36.73805874292822438, 32.60110806625372248 ) ) ;
#165 = CARTESIAN_POINT ( 'NONE',  ( 3.969779934108141894, 3.852808457595782166, 48.68697353658835425 ) ) ;
#166 = EDGE_CURVE ( 'NONE', #1499, #1499, #1993, .T. ) ;
#167 = ORIENTED_EDGE ( 'NONE', *, *, #166, .T. ) ;
#168 = CARTESIAN_POINT ( 'NONE',  ( -0.5525058339322471701, -49.18449035853556950, -8.854505447594300804 ) ) ;
#169 = CARTESIAN_POINT ( 'NONE',  ( 0.000000000000000000, 0.000000000000000000, 0.000000000000000000 ) ) ;
#170 = CARTESIAN_POINT ( 'NONE',  ( 0.6120577571879184386, -29.81822795317245678, -18.37470264690779231 ) ) ;
#171 = B_SPLINE_CURVE_WITH_KNOTS ( 'NONE', 3,
 ( #3377, #1934, #2007, #1151, #1968, #2206, #299, #3078, #575, #1698, #3114, #1426, #2261, #872 ),
 .UNSPECIFIED., .F., .F.,
 ( 4, 2, 2, 2, 2, 2, 4 ),
 ( 2.947685801822474195E-07, 0.001556821940974601956, 0.002335085527171814647, 0.003113349113369028205, 0.004669876285763454454, 0.005448139871960667145, 0.006226403458157879836 ),
 .UNSPECIFIED. ) ;
#172 = CARTESIAN_POINT ( 'NONE',  ( 2.555675114558312977, 3.911897874183824619, -49.37470479318805872 ) ) ;
#173 = CARTESIAN_POINT ( 'NONE',  ( 0.2631553418359353635, 49.97059558823543313, 0.6634768700108237827 ) ) ;
#174 = EDGE_LOOP ( 'NONE', ( #3407, #1430, #2795, #2019, #89, #428, #857, #2378, #723, #2388, #3297, #2054, #2636, #2801, #46, #1464, #2529, #487, #1274, #2753, #615, #451, #1406, #2892, #3296, #411, #2012, #2620, #2860, #266, #3453, #3563, #3202, #57 ) ) ;
#175 = EDGE_CURVE ( 'NONE', #996, #2153, #1401, .T. ) ;
#176 = CIRCLE ( 'NONE', #1937, 49.97500000000001563 ) ;
#177 = CARTESIAN_POINT ( 'NONE',  ( -5.556583932597439990, -36.96276768637388699, 6.324856121933131625 ) ) ;
#178 = CARTESIAN_POINT ( 'NONE',  ( -0.5518461579785660653, -13.99793171297829453, 47.97472341904182969 ) ) ;
#179 = CARTESIAN_POINT ( 'NONE',  ( -3.469446951953614189E-15, 35.02059558823528818, -0.5554364457564059387 ) ) ;
#180 = CIRCLE ( 'NONE', #3209, 37.50000000000000711 ) ;
#181 = EDGE_CURVE ( 'NONE', #3002, #1700, #1412, .T. ) ;
#182 = AXIS2_PLACEMENT_3D ( 'NONE', #2874, #3111, #400 ) ;
#183 = SPHERICAL_SURFACE ( 'NONE', #1413, 7.500000000000000000 ) ;
#184 = CARTESIAN_POINT ( 'NONE',  ( 0.000000000000000000, -29.58454572980014774, -40.27723027917095777 ) ) ;
#185 = DIRECTION ( 'NONE',  ( 1.000000000000000000, 0.000000000000000000, 0.000000000000000000 ) ) ;
#186 = CARTESIAN_POINT ( 'NONE',  ( -4.599617731266012477, -35.87003179132791075, 7.282910816798231046 ) ) ;
#187 = EDGE_CURVE ( 'NONE', #211, #1037, #2688, .T. ) ;
#188 = CARTESIAN_POINT ( 'NONE',  ( 0.1541532762803351497, 3.784359954153567518, 34.81995469177693536 ) ) ;
#189 = DIRECTION ( 'NONE',  ( 0.000000000000000000, 0.000000000000000000, -1.000000000000000000 ) ) ;
#190 = ORIENTED_EDGE ( 'NONE', *, *, #1897, .T. ) ;
#191 = CARTESIAN_POINT ( 'NONE',  ( -3.469446951953614189E-15, 32.85637963035620857, 12.13296924029369173 ) ) ;
#192 = CARTESIAN_POINT ( 'NONE',  ( -5.601503256229781513, 27.84298337938339785, 25.12299974386111145 ) ) ;
#193 = VERTEX_POINT ( 'NONE', #1024 ) ;
#194 = VERTEX_POINT ( 'NONE', #2149 ) ;
#195 = EDGE_CURVE ( 'NONE', #1440, #1084, #765, .T. ) ;
#196 = ADVANCED_FACE ( 'NONE', ( #1345, #3531 ), #3252, .T. ) ;
#197 = CARTESIAN_POINT ( 'NONE',  ( 5.556583932597444431, 44.05465897866447023, -17.76054678982542612 ) ) ;
#198 = FACE_OUTER_BOUND ( 'NONE', #1503, .T. ) ;
#199 = CARTESIAN_POINT ( 'NONE',  ( -1.046971508578976362, 32.51926244794326948, 13.19427625950781824 ) ) ;
#200 = EDGE_CURVE ( 'NONE', #373, #373, #1648, .T. ) ;
#201 = CARTESIAN_POINT ( 'NONE',  ( -2.378268148537112106E-15, 46.35651718282614553, -18.67013496679510354 ) ) ;
#202 = CARTESIAN_POINT ( 'NONE',  ( 1.805199156379298175, 46.15505847761317426, -18.59054583731977317 ) ) ;
#203 = CARTESIAN_POINT ( 'NONE',  ( 0.6120577571880149170, 35.02500281951894578, -0.07478718022158650780 ) ) ;
#204 = CARTESIAN_POINT ( 'NONE',  ( 0.000000000000000000, 0.000000000000000000, 0.000000000000000000 ) ) ;
#205 = DIRECTION ( 'NONE',  ( 1.000000000000000000, 0.000000000000000000, 0.000000000000000000 ) ) ;
#206 = CARTESIAN_POINT ( 'NONE',  ( -3.964899447139823341, -30.42749306661209729, 19.50353276745468989 ) ) ;
#207 = ORIENTED_EDGE ( 'NONE', *, *, #3166, .T. ) ;
#208 = B_SPLINE_CURVE_WITH_KNOTS ( 'NONE', 3,
 ( #3019, #3058, #1110, #3357, #572, #245, #38, #869, #2490, #812, #555, #1679, #1981, #3291 ),
 .UNSPECIFIED., .F., .F.,
 ( 4, 2, 2, 2, 2, 2, 4 ),
 ( 1.971617195688557753E-07, 0.001556721546461263019, 0.002334983738832109752, 0.003113245931202956920, 0.004669770315944643882, 0.005448032508315489748, 0.006226294700686336482 ),
 .UNSPECIFIED. ) ;
#209 = CARTESIAN_POINT ( 'NONE',  ( -3.469446951953614189E-15, -34.52636457722946517, -5.889038468225015421 ) ) ;
#210 = CARTESIAN_POINT ( 'NONE',  ( 5.556583932597444431, 0.000000000000000000, 0.000000000000000000 ) ) ;
#211 = VERTEX_POINT ( 'NONE', #1625 ) ;
#212 = B_SPLINE_CURVE_WITH_KNOTS ( 'NONE', 3,
 ( #1124, #3596, #1340, #791, #3016, #3247, #753, #1911, #2160, #2215, #221, #3054, #3033, #2486 ),
 .UNSPECIFIED., .F., .F.,
 ( 4, 2, 2, 2, 2, 2, 4 ),
 ( 1.971617195671426511E-07, 0.001556721546461260416, 0.002334983738832106283, 0.003113245931202952583, 0.004669770315944644749, 0.005448032508315491483, 0.006226294700686338217 ),
 .UNSPECIFIED. ) ;
#213 = ADVANCED_FACE ( 'NONE', ( #2729 ), #590, .F. ) ;
#214 = ORIENTED_EDGE ( 'NONE', *, *, #342, .T. ) ;
#215 = DIRECTION ( 'NONE',  ( 0.000000000000000000, 0.000000000000000000, -1.000000000000000000 ) ) ;
#216 = CARTESIAN_POINT ( 'NONE',  ( 0.000000000000000000, 0.000000000000000000, 0.000000000000000000 ) ) ;
#217 = CARTESIAN_POINT ( 'NONE',  ( 5.556583932597444431, -46.56803660056404937, 9.363117385172941454 ) ) ;
#218 = B_SPLINE_CURVE_WITH_KNOTS ( 'NONE', 3,
 ( #3564, #824, #2466, #789, #3285, #2996, #3318, #1689, #2778, #272, #1945, #2198, #3594, #806 ),
 .UNSPECIFIED., .F., .F.,
 ( 4, 2, 2, 2, 2, 2, 4 ),
 ( 2.947685801804539860E-07, 0.001556821940974605209, 0.002335085527171815948, 0.003113349113369028205, 0.004669876285763451852, 0.005448139871960665410, 0.006226403458157877234 ),
 .UNSPECIFIED. ) ;
#219 = CARTESIAN_POINT ( 'NONE',  ( 0.5937110929420965633, 25.77995657400466101, 23.70968555263647914 ) ) ;
#220 = CARTESIAN_POINT ( 'NONE',  ( -0.5518461579785004512, 21.97576581402027784, 44.88409402296209549 ) ) ;
#221 = CARTESIAN_POINT ( 'NONE',  ( 4.804961032689094580, -47.52628180690001614, -8.221106181610979391 ) ) ;
#222 = CARTESIAN_POINT ( 'NONE',  ( -2.555678084769644087, -34.75957953138166090, 7.066332582288167963 ) ) ;
#223 = CARTESIAN_POINT ( 'NONE',  ( -5.380563170409295992, 27.95119974997515655, 24.70521377888506365 ) ) ;
#224 = CARTESIAN_POINT ( 'NONE',  ( -2.567739918546542821, 3.827980189254995835, -35.25334750060092404 ) ) ;
#225 = ORIENTED_EDGE ( 'NONE', *, *, #3261, .F. ) ;
#226 = CARTESIAN_POINT ( 'NONE',  ( -3.469446951953614189E-15, -30.06751008205488773, -17.96372629677728128 ) ) ;
#227 = DIRECTION ( 'NONE',  ( 0.000000000000000000, 0.000000000000000000, -1.000000000000000000 ) ) ;
#228 = CARTESIAN_POINT ( 'NONE',  ( 3.281284640227980276, 49.21695035020493947, 0.6584552612201307609 ) ) ;
#229 = EDGE_LOOP ( 'NONE', ( #673, #2438, #2241, #600 ) ) ;
#230 = ORIENTED_EDGE ( 'NONE', *, *, #1522, .T. ) ;
#231 = EDGE_CURVE ( 'NONE', #620, #620, #3545, .T. ) ;
#232 = CARTESIAN_POINT ( 'NONE',  ( -5.204543592070409730, 2.854268849240940487, 36.99883906884497975 ) ) ;
#233 = CARTESIAN_POINT ( 'NONE',  ( -2.378268148537112106E-15, -48.99783768347148794, 9.834252759827844415 ) ) ;
#234 = DIRECTION ( 'NONE',  ( 0.000000000000000000, 0.000000000000000000, -1.000000000000000000 ) ) ;
#235 = VERTEX_POINT ( 'NONE', #3236 ) ;
#236 = AXIS2_PLACEMENT_3D ( 'NONE', #1586, #2987, #1313 ) ;
#237 = CARTESIAN_POINT ( 'NONE',  ( -3.469446951953614189E-15, 26.25472753991292763, 23.18275019933866332 ) ) ;
#238 = CARTESIAN_POINT ( 'NONE',  ( 5.556583932597444431, 44.52198883143466190, 16.55422938386464793 ) ) ;
#239 = DIRECTION ( 'NONE',  ( 0.000000000000000000, -0.09226835946329867144, -0.9957341762950348008 ) ) ;
#240 = CARTESIAN_POINT ( 'NONE',  ( 2.567736996609356837, 46.42866709203708098, -17.27814293443609728 ) ) ;
#241 = AXIS2_PLACEMENT_3D ( 'NONE', #312, #1996, #93 ) ;
#242 = AXIS2_PLACEMENT_3D ( 'NONE', #2960, #2358, #1800 ) ;
#243 = CARTESIAN_POINT ( 'NONE',  ( -0.5518461579784792459, 36.70579625162321236, 33.91460895999078673 ) ) ;
#244 = TOROIDAL_SURFACE ( 'NONE', #2343, 42.50000000000000000, 7.475000000000004086 ) ;
#245 = CARTESIAN_POINT ( 'NONE',  ( 2.555675114558310312, -41.75931016980172217, 26.63314537441657848 ) ) ;
#246 = VERTEX_POINT ( 'NONE', #484 ) ;
#247 = CARTESIAN_POINT ( 'NONE',  ( 3.969779934108143671, 36.53120780245276933, -32.41506411620051864 ) ) ;
#248 = CARTESIAN_POINT ( 'NONE',  ( -3.469446951953614189E-15, 25.50633731225565626, 24.00369517206536685 ) ) ;
#249 = CARTESIAN_POINT ( 'NONE',  ( -5.204543592070405289, -31.84774545337875651, 19.04683838968635712 ) ) ;
#250 = VERTEX_POINT ( 'NONE', #1607 ) ;
#251 = ORIENTED_EDGE ( 'NONE', *, *, #1078, .F. ) ;
#252 = CARTESIAN_POINT ( 'NONE',  ( -4.188095163653579256, 2.786142569855753148, 36.19592152472694835 ) ) ;
#253 = CARTESIAN_POINT ( 'NONE',  ( 2.056913264089354598, -48.71922400627079952, 9.780251776957980425 ) ) ;
#254 = FACE_BOUND ( 'NONE', #140, .T. ) ;
#255 = ORIENTED_EDGE ( 'NONE', *, *, #848, .T. ) ;
#256 = DIRECTION ( 'NONE',  ( 0.000000000000000000, 0.000000000000000000, -1.000000000000000000 ) ) ;
#257 = CARTESIAN_POINT ( 'NONE',  ( -4.188095163653576591, -30.56399494850144904, -19.58952623806231585 ) ) ;
#258 = CARTESIAN_POINT ( 'NONE',  ( 5.204542906582163120, -46.95211478691116724, -9.437624118917899096 ) ) ;
#259 = CARTESIAN_POINT ( 'NONE',  ( 25.00000000000000000, 53.50000000000000000, 0.000000000000000000 ) ) ;
#260 = DIRECTION ( 'NONE',  ( 0.000000000000000000, -0.4457383557765491333, 0.8951632913550569004 ) ) ;
#261 = CARTESIAN_POINT ( 'NONE',  ( 0.4806690185975165952, -29.59243849703606699, 18.73608129519625365 ) ) ;
#262 = ORIENTED_EDGE ( 'NONE', *, *, #866, .F. ) ;
#263 = ADVANCED_FACE ( 'NONE', ( #2711 ), #349, .F. ) ;
#264 = CARTESIAN_POINT ( 'NONE',  ( 0.5286488320023976506, 2.943210124728484978, -34.90118785671815971 ) ) ;
#265 = CARTESIAN_POINT ( 'NONE',  ( -3.469446951953614189E-15, 32.45508605610396557, 13.16882736202755666 ) ) ;
#266 = ORIENTED_EDGE ( 'NONE', *, *, #1817, .F. ) ;
#267 = ORIENTED_EDGE ( 'NONE', *, *, #2163, .T. ) ;
#268 = DIRECTION ( 'NONE',  ( 1.000000000000000000, 0.000000000000000000, 0.000000000000000000 ) ) ;
#269 = CARTESIAN_POINT ( 'NONE',  ( 2.567736996609354616, -12.92054047807863881, -47.82483648649875363 ) ) ;
#270 = DIRECTION ( 'NONE',  ( 0.000000000000000000, -0.7390089172206675272, 0.6736956436465479925 ) ) ;
#271 = ORIENTED_EDGE ( 'NONE', *, *, #607, .F. ) ;
#272 = CARTESIAN_POINT ( 'NONE',  ( -1.307728941856032945, -34.63528369372139082, 5.908506964819498997 ) ) ;
#273 = CARTESIAN_POINT ( 'NONE',  ( -5.556583932597439990, 37.49559558823530381, 0.5747273123055471888 ) ) ;
#274 = CARTESIAN_POINT ( 'NONE',  ( 0.000000000000000000, -48.99783768347135293, -9.834252759828592261 ) ) ;
#275 = CARTESIAN_POINT ( 'NONE',  ( 4.188092993901589622, 45.64109200265966138, -16.97908493732259316 ) ) ;
#276 = CARTESIAN_POINT ( 'NONE',  ( -5.601503256229778849, 16.88733449795022423, 33.48454528807290842 ) ) ;
#277 = ADVANCED_FACE ( 'NONE', ( #2204, #3273 ), #2451, .T. ) ;
#278 = CARTESIAN_POINT ( 'NONE',  ( 0.3059180898280433047, -30.04041749172664666, 18.00927398223212705 ) ) ;
#279 = ORIENTED_EDGE ( 'NONE', *, *, #740, .T. ) ;
#280 = CARTESIAN_POINT ( 'NONE',  ( -5.556583932597439102, -36.75155595334957326, 7.454739097233115785 ) ) ;
#281 = CARTESIAN_POINT ( 'NONE',  ( 0.6116626697215928887, 32.63187517920259495, 12.72466651502416468 ) ) ;
#282 = ORIENTED_EDGE ( 'NONE', *, *, #2535, .T. ) ;
#283 = ORIENTED_EDGE ( 'NONE', *, *, #2504, .T. ) ;
#284 = CARTESIAN_POINT ( 'NONE',  ( -5.556583932597439102, 34.75598615910556077, -14.08088868317846476 ) ) ;
#285 = CARTESIAN_POINT ( 'NONE',  ( -5.556583932597439102, 4.031932718938539217, 37.28261684149804012 ) ) ;
#286 = VERTEX_POINT ( 'NONE', #744 ) ;
#287 = EDGE_CURVE ( 'NONE', #3521, #337, #2004, .T. ) ;
#288 = CARTESIAN_POINT ( 'NONE',  ( 0.000000000000000000, 0.000000000000000000, 0.000000000000000000 ) ) ;
#289 = CARTESIAN_POINT ( 'NONE',  ( -3.469446951953614189E-15, 0.000000000000000000, 0.000000000000000000 ) ) ;
#290 = CARTESIAN_POINT ( 'NONE',  ( 1.307726991999696331, -42.04289856037379991, -26.81135811874409924 ) ) ;
#291 = CARTESIAN_POINT ( 'NONE',  ( -2.378268148537112106E-15, -30.64347767414130530, -39.47756199456096482 ) ) ;
#292 = B_SPLINE_CURVE_WITH_KNOTS ( 'NONE', 3,
 ( #733, #1813, #3471, #1597, #2972, #2077, #1319, #472, #2622, #416 ),
 .UNSPECIFIED., .F., .F.,
 ( 4, 2, 2, 2, 4 ),
 ( 1.968926466812572716E-07, 0.0004987066525189276902, 0.0009972164123911741486, 0.001495726172263420499, 0.001994235932135667282 ),
 .UNSPECIFIED. ) ;
#293 = CARTESIAN_POINT ( 'NONE',  ( -5.556583932597439990, -36.75155595334947378, -7.454739097233609613 ) ) ;
#294 = AXIS2_PLACEMENT_3D ( 'NONE', #476, #1306, #2629 ) ;
#295 = EDGE_LOOP ( 'NONE', ( #207, #2534, #987, #3051 ) ) ;
#296 = AXIS2_PLACEMENT_3D ( 'NONE', #3339, #1144, #2237 ) ;
#297 = AXIS2_PLACEMENT_3D ( 'NONE', #2651, #2705, #720 ) ;
#298 = DIRECTION ( 'NONE',  ( 1.000000000000000000, 0.000000000000000000, 0.000000000000000000 ) ) ;
#299 = CARTESIAN_POINT ( 'NONE',  ( -3.281287451276767797, -22.00678946932660907, 28.21015368964003045 ) ) ;
#300 = DIRECTION ( 'NONE',  ( 0.000000000000000000, 0.000000000000000000, -1.000000000000000000 ) ) ;
#301 = AXIS2_PLACEMENT_3D ( 'NONE', #1733, #94, #1525 ) ;
#302 = ORIENTED_EDGE ( 'NONE', *, *, #595, .F. ) ;
#303 = B_SPLINE_CURVE_WITH_KNOTS ( 'NONE', 3,
 ( #1542, #142, #1266, #892 ),
 .UNSPECIFIED., .F., .F.,
 ( 4, 4 ),
 ( 1.703398595644212766E-06, 0.001151158023206738396 ),
 .UNSPECIFIED. ) ;
#304 = ORIENTED_EDGE ( 'NONE', *, *, #3274, .T. ) ;
#305 = FACE_BOUND ( 'NONE', #3362, .T. ) ;
#306 = DIRECTION ( 'NONE',  ( 0.000000000000000000, 0.000000000000000000, -1.000000000000000000 ) ) ;
#307 = EDGE_LOOP ( 'NONE', ( #2990, #61, #1667, #1390 ) ) ;
#308 = EDGE_CURVE ( 'NONE', #2191, #3504, #1470, .T. ) ;
#309 = EDGE_CURVE ( 'NONE', #1935, #2495, #1936, .T. ) ;
#310 = SURFACE_STYLE_USAGE ( .BOTH. , #2884 ) ;
#311 = CARTESIAN_POINT ( 'NONE',  ( -3.281287451276766909, 26.81568419675784298, -23.68608526118499924 ) ) ;
#312 = CARTESIAN_POINT ( 'NONE',  ( -5.556583932597439102, 0.000000000000000000, 0.000000000000000000 ) ) ;
#313 = FACE_BOUND ( 'NONE', #1594, .T. ) ;
#314 = EDGE_CURVE ( 'NONE', #2071, #376, #2221, .T. ) ;
#315 = CARTESIAN_POINT ( 'NONE',  ( -3.469446951953614189E-15, -34.32224221905858030, 6.980996637749701250 ) ) ;
#316 = ORIENTED_EDGE ( 'NONE', *, *, #1706, .T. ) ;
#317 = FACE_OUTER_BOUND ( 'NONE', #3358, .T. ) ;
#318 = CARTESIAN_POINT ( 'NONE',  ( -2.074421552793069168, -30.30213351610325390, 18.10644200002076687 ) ) ;
#319 = B_SPLINE_CURVE_WITH_KNOTS ( 'NONE', 3,
 ( #2598, #1187, #350, #59 ),
 .UNSPECIFIED., .F., .F.,
 ( 4, 4 ),
 ( 1.703398595694207827E-06, 0.001151158023206741432 ),
 .UNSPECIFIED. ) ;
#320 = CARTESIAN_POINT ( 'NONE',  ( 2.801538165936544367, 49.43063868454004250, -0.6598830748888983022 ) ) ;
#321 = EDGE_LOOP ( 'NONE', ( #2895 ) ) ;
#322 = ORIENTED_EDGE ( 'NONE', *, *, #1978, .T. ) ;
#323 = SPHERICAL_SURFACE ( 'NONE', #2110, 7.500000000000000000 ) ;
#324 = EDGE_CURVE ( 'NONE', #1403, #403, #2915, .T. ) ;
#325 = CARTESIAN_POINT ( 'NONE',  ( -5.194999927352056623, -9.606886358814124449, 35.85413730493270634 ) ) ;
#326 = ORIENTED_EDGE ( 'NONE', *, *, #1973, .T. ) ;
#327 = B_SPLINE_CURVE_WITH_KNOTS ( 'NONE', 3,
 ( #762, #1083, #2151, #3503 ),
 .UNSPECIFIED., .F., .F.,
 ( 4, 4 ),
 ( 1.703398595737614030E-06, 0.001151158023206740131 ),
 .UNSPECIFIED. ) ;
#328 =( NAMED_UNIT ( * ) PLANE_ANGLE_UNIT ( ) SI_UNIT ( $, .RADIAN. ) );
#329 = CARTESIAN_POINT ( 'NONE',  ( 1.805199156379295955, 22.76989337286137882, 44.24284996911818979 ) ) ;
#330 = CARTESIAN_POINT ( 'NONE',  ( 1.043258717209527786, -29.55171094933666609, 40.23314497101166864 ) ) ;
#331 = CARTESIAN_POINT ( 'NONE',  ( 0.1541532762803319856, -9.049607886100606180, 33.83570927449025589 ) ) ;
#332 = CARTESIAN_POINT ( 'NONE',  ( -5.204543592070405289, -9.604188336742458532, -35.84439299944156687 ) ) ;
#333 = CARTESIAN_POINT ( 'NONE',  ( 1.307726991999700550, -49.13277210676545081, 8.510284873849791154 ) ) ;
#334 = ORIENTED_EDGE ( 'NONE', *, *, #2307, .F. ) ;
#335 = DIRECTION ( 'NONE',  ( 1.000000000000000000, 0.000000000000000000, 0.000000000000000000 ) ) ;
#336 = CARTESIAN_POINT ( 'NONE',  ( -5.194999927352050406, -31.85637942748760665, -19.05210007227757885 ) ) ;
#337 = VERTEX_POINT ( 'NONE', #2927 ) ;
#338 = DIRECTION ( 'NONE',  ( 1.000000000000000000, 0.000000000000000000, 0.000000000000000000 ) ) ;
#339 = VERTEX_POINT ( 'NONE', #358 ) ;
#340 = CARTESIAN_POINT ( 'NONE',  ( -2.555678084769641867, 32.86929643094445197, -13.33307082020710865 ) ) ;
#341 = VERTEX_POINT ( 'NONE', #111 ) ;
#342 = EDGE_CURVE ( 'NONE', #1629, #650, #1119, .T. ) ;
#343 = CARTESIAN_POINT ( 'NONE',  ( -0.1687870779475073579, 49.97059558823529102, 0.6634768700107608330 ) ) ;
#344 = CARTESIAN_POINT ( 'NONE',  ( -4.817902579072502967, 34.48031437858224990, -12.74749318216278304 ) ) ;
#345 = CARTESIAN_POINT ( 'NONE',  ( -3.469446951953614189E-15, -9.049607886099979126, -33.83570927449041221 ) ) ;
#346 = CARTESIAN_POINT ( 'NONE',  ( 0.2631553418359367513, 21.67989097597744319, 45.02757990687199907 ) ) ;
#347 = ORIENTED_EDGE ( 'NONE', *, *, #1145, .F. ) ;
#348 = EDGE_CURVE ( 'NONE', #2537, #2784, #2699, .T. ) ;
#349 = TOROIDAL_SURFACE ( 'NONE', #58, 42.50000000000000000, 7.475000000000004086 ) ;
#350 = CARTESIAN_POINT ( 'NONE',  ( -5.601503256229770855, -31.98524276592036486, 19.57909816104420742 ) ) ;
#351 = TOROIDAL_SURFACE ( 'NONE', #3546, 42.50000000000000000, 7.475000000000004086 ) ;
#352 = CARTESIAN_POINT ( 'NONE',  ( -5.380563170409296880, -32.01484857754223867, -19.14854109013181471 ) ) ;
#353 = VERTEX_POINT ( 'NONE', #2200 ) ;
#354 = EDGE_CURVE ( 'NONE', #940, #605, #212, .T. ) ;
#355 = AXIS2_PLACEMENT_3D ( 'NONE', #1194, #2553, #306 ) ;
#356 = CIRCLE ( 'NONE', #1244, 35.02499999999999147 ) ;
#357 = CARTESIAN_POINT ( 'NONE',  ( -20.63749999999999574, 0.000000000000000000, 0.000000000000000000 ) ) ;
#358 = CARTESIAN_POINT ( 'NONE',  ( -25.00000000000000000, 0.000000000000000000, -37.50000000000000000 ) ) ;
#359 = CARTESIAN_POINT ( 'NONE',  ( -2.074421552793068724, 16.23157974047353491, -31.34642494219257003 ) ) ;
#360 = ORIENTED_EDGE ( 'NONE', *, *, #1170, .T. ) ;
#361 = AXIS2_PLACEMENT_3D ( 'NONE', #1697, #3587, #558 ) ;
#362 = CARTESIAN_POINT ( 'NONE',  ( -0.5263101570733877965, 32.85637963035625830, 12.13296924029357449 ) ) ;
#363 = CARTESIAN_POINT ( 'NONE',  ( -5.601503256229785954, 27.58485585499385095, -25.40615214970337377 ) ) ;
#364 = CARTESIAN_POINT ( 'NONE',  ( 3.281284640227979832, -41.49846252877550512, -26.46921556928692709 ) ) ;
#365 = CARTESIAN_POINT ( 'NONE',  ( 0.1540323861005400141, -10.11807391946302026, 33.53170447740887283 ) ) ;
#366 = CARTESIAN_POINT ( 'NONE',  ( -4.817902579072504743, -9.511672582076830196, -35.50941771933919000 ) ) ;
#367 = CYLINDRICAL_SURFACE ( 'NONE', #712, 37.50000000000000711 ) ;
#368 = VERTEX_POINT ( 'NONE', #1872 ) ;
#369 = CARTESIAN_POINT ( 'NONE',  ( 3.515271977441965401, 21.30273472893796338, -44.25732369241162445 ) ) ;
#370 = CARTESIAN_POINT ( 'NONE',  ( 1.805199156379294623, -42.65021272544409214, -25.62922496049665000 ) ) ;
#371 = ORIENTED_EDGE ( 'NONE', *, *, #2911, .T. ) ;
#372 = CARTESIAN_POINT ( 'NONE',  ( 0.000000000000000000, 0.000000000000000000, 0.000000000000000000 ) ) ;
#373 = VERTEX_POINT ( 'NONE', #2283 ) ;
#374 = CARTESIAN_POINT ( 'NONE',  ( -0.6119266459122052471, 46.54007050008484470, 18.20852424230757904 ) ) ;
#375 = EDGE_LOOP ( 'NONE', ( #434 ) ) ;
#376 = VERTEX_POINT ( 'NONE', #3320 ) ;
#377 = CARTESIAN_POINT ( 'NONE',  ( -4.804962602584522458, 34.48653305872888097, 12.74985069559741291 ) ) ;
#378 = CARTESIAN_POINT ( 'NONE',  ( -2.074421552793067836, -34.59177797656433029, -7.033593245841148089 ) ) ;
#379 = DIRECTION ( 'NONE',  ( 0.000000000000000000, 0.000000000000000000, -1.000000000000000000 ) ) ;
#380 = CARTESIAN_POINT ( 'NONE',  ( 0.4806690185975113216, -34.49149227919502891, -6.090165749410692442 ) ) ;
#381 = CARTESIAN_POINT ( 'NONE',  ( -3.964899447139822453, 16.61283926720751580, 32.09725371759761003 ) ) ;
#382 = CARTESIAN_POINT ( 'NONE',  ( 3.281284640227982052, -48.49992907948269050, 8.396347086127263992 ) ) ;
#383 = DIRECTION ( 'NONE',  ( 0.000000000000000000, 0.000000000000000000, -1.000000000000000000 ) ) ;
#384 = CARTESIAN_POINT ( 'NONE',  ( 0.6120577571881007373, 32.68685870960336359, 12.58275340806069664 ) ) ;
#385 = ORIENTED_EDGE ( 'NONE', *, *, #2966, .F. ) ;
#386 = EDGE_CURVE ( 'NONE', #3144, #1943, #2654, .T. ) ;
#387 = DIRECTION ( 'NONE',  ( 1.000000000000000000, 0.000000000000000000, 0.000000000000000000 ) ) ;
#388 = EDGE_LOOP ( 'NONE', ( #3346, #2345, #2366, #2382 ) ) ;
#389 = CARTESIAN_POINT ( 'NONE',  ( 4.188092993901585182, -29.86650210683982465, 38.46284774176491084 ) ) ;
#390 = B_SPLINE_CURVE_WITH_KNOTS ( 'NONE', 3,
 ( #922, #1437, #3125, #37 ),
 .UNSPECIFIED., .F., .F.,
 ( 4, 4 ),
 ( 1.917147537320294283E-06, 0.001295593643117217298 ),
 .UNSPECIFIED. ) ;
#391 = DIRECTION ( 'NONE',  ( 1.000000000000000000, 0.000000000000000000, 0.000000000000000000 ) ) ;
#392 = CARTESIAN_POINT ( 'NONE',  ( 0.2631553418359376395, -13.03695353713052540, -48.24456930547430034 ) ) ;
#393 = ORIENTED_EDGE ( 'NONE', *, *, #2645, .F. ) ;
#394 = EDGE_LOOP ( 'NONE', ( #1190 ) ) ;
#395 = CARTESIAN_POINT ( 'NONE',  ( -1.043260194215537728, -20.69415365941417306, 28.32589250902771028 ) ) ;
#396 = CARTESIAN_POINT ( 'NONE',  ( 0.5263093472665474337, 46.83586816282456056, 17.43278745452139589 ) ) ;
#397 = CARTESIAN_POINT ( 'NONE',  ( 5.556583932597444431, -40.72208569861752636, 24.45325615034632705 ) ) ;
#398 = EDGE_CURVE ( 'NONE', #1411, #2537, #1702, .T. ) ;
#399 = CARTESIAN_POINT ( 'NONE',  ( -3.469446951953614189E-15, -10.11807391946313217, 33.53170447740883731 ) ) ;
#400 = DIRECTION ( 'NONE',  ( 0.000000000000000000, 0.000000000000000000, -1.000000000000000000 ) ) ;
#401 = CARTESIAN_POINT ( 'NONE',  ( 3.515903202787781900, 36.72641746274086927, -32.59063876935645254 ) ) ;
#402 = CARTESIAN_POINT ( 'NONE',  ( -2.555678084769641423, -21.81919935997241922, -27.96576415283038486 ) ) ;
#403 = VERTEX_POINT ( 'NONE', #2723 ) ;
#404 = CARTESIAN_POINT ( 'NONE',  ( 4.804961032689091027, -41.34713185683313696, -24.83442643694137786 ) ) ;
#405 = ADVANCED_FACE ( 'NONE', ( #3526, #512 ), #3543, .T. ) ;
#406 = EDGE_LOOP ( 'NONE', ( #1770, #1460, #3520, #251 ) ) ;
#407 = CARTESIAN_POINT ( 'NONE',  ( 5.556583932597444431, -29.13867904193272906, 37.51249636709385982 ) ) ;
#408 = AXIS2_PLACEMENT_3D ( 'NONE', #357, #338, #1191 ) ;
#409 = CARTESIAN_POINT ( 'NONE',  ( 5.204542906582166673, 21.92640501099543826, -42.57701956768528362 ) ) ;
#410 = TOROIDAL_SURFACE ( 'NONE', #3437, 42.50000000000000000, 7.475000000000004086 ) ;
#411 = ORIENTED_EDGE ( 'NONE', *, *, #1280, .F. ) ;
#412 = EDGE_LOOP ( 'NONE', ( #1328, #578, #685, #1756 ) ) ;
#413 = CIRCLE ( 'NONE', #3039, 37.50000000000000711 ) ;
#414 = AXIS2_PLACEMENT_3D ( 'NONE', #630, #3396, #679 ) ;
#415 = CARTESIAN_POINT ( 'NONE',  ( 5.556583932597444431, -29.13867904193272906, 37.51249636709385982 ) ) ;
#416 = CARTESIAN_POINT ( 'NONE',  ( -2.378268148537112106E-15, -42.13658108803358715, 26.87022811982755144 ) ) ;
#417 = CARTESIAN_POINT ( 'NONE',  ( -5.556583932597439102, -9.708369336403023908, 36.22150693756390183 ) ) ;
#418 = CARTESIAN_POINT ( 'NONE',  ( -1.805201453756182461, 35.23720170678524255, -0.5571515700783146174 ) ) ;
#419 = CIRCLE ( 'NONE', #2293, 35.02499999999999147 ) ;
#420 = CARTESIAN_POINT ( 'NONE',  ( -0.2631557696538509017, -10.11807391946307355, 33.53170447740873783 ) ) ;
#421 = B_SPLINE_CURVE_WITH_KNOTS ( 'NONE', 3,
 ( #3560, #786, #524, #1335, #1905, #506, #2210, #1957, #3066, #2518, #3536, #1116, #1062, #1373 ),
 .UNSPECIFIED., .F., .F.,
 ( 4, 2, 2, 2, 2, 2, 4 ),
 ( 1.974398904496635580E-07, 0.0004563904265459745794, 0.0006844869198737370698, 0.0009125834132014995059, 0.001140679906529262159, 0.001368776399857024595, 0.001824969386512549467 ),
 .UNSPECIFIED. ) ;
#422 = CARTESIAN_POINT ( 'NONE',  ( -0.6119266459122777446, -49.15471823691925835, 9.018990646666001254 ) ) ;
#423 = CARTESIAN_POINT ( 'NONE',  ( 0.000000000000000000, 0.000000000000000000, 0.000000000000000000 ) ) ;
#424 = CARTESIAN_POINT ( 'NONE',  ( -1.043260194215537284, 2.682863191696879479, -34.97722726585220698 ) ) ;
#425 = ORIENTED_EDGE ( 'NONE', *, *, #2274, .T. ) ;
#426 = DIRECTION ( 'NONE',  ( 0.000000000000000000, 0.000000000000000000, -1.000000000000000000 ) ) ;
#427 = DIRECTION ( 'NONE',  ( 1.000000000000000000, 0.000000000000000000, 0.000000000000000000 ) ) ;
#428 = ORIENTED_EDGE ( 'NONE', *, *, #1017, .F. ) ;
#429 = DIRECTION ( 'NONE',  ( 1.000000000000000000, 0.000000000000000000, 0.000000000000000000 ) ) ;
#430 = B_SPLINE_CURVE_WITH_KNOTS ( 'NONE', 3,
 ( #1914, #516, #2203, #1641, #1663, #2745, #2783, #2766, #96, #1511, #2595, #2035, #346, #1783 ),
 .UNSPECIFIED., .F., .F.,
 ( 4, 2, 2, 2, 2, 2, 4 ),
 ( 2.947675409797236315E-07, 0.001556819483393532535, 0.002335081841319803456, 0.003113344199246074594, 0.004669868915098619039, 0.005448131273024891912, 0.006226393630951163050 ),
 .UNSPECIFIED. ) ;
#431 = CARTESIAN_POINT ( 'NONE',  ( 0.1540323861005521155, -34.52636457722955043, 5.889038468224526035 ) ) ;
#432 = DIRECTION ( 'NONE',  ( 0.000000000000000000, 0.000000000000000000, -1.000000000000000000 ) ) ;
#433 = ORIENTED_EDGE ( 'NONE', *, *, #2772, .T. ) ;
#434 = ORIENTED_EDGE ( 'NONE', *, *, #1455, .F. ) ;
#435 = EDGE_CURVE ( 'NONE', #2264, #2883, #1229, .T. ) ;
#436 = CARTESIAN_POINT ( 'NONE',  ( -3.515274631057115240, -21.17281110563739688, 28.97023395500148624 ) ) ;
#437 = CARTESIAN_POINT ( 'NONE',  ( 3.515903202787782345, 45.54431640154608374, 18.34924299686659310 ) ) ;
#438 = DIRECTION ( 'NONE',  ( 0.000000000000000000, 0.000000000000000000, -1.000000000000000000 ) ) ;
#439 = DIRECTION ( 'NONE',  ( 1.000000000000000000, 0.000000000000000000, 0.000000000000000000 ) ) ;
#440 = CARTESIAN_POINT ( 'NONE',  ( -2.378268148537112106E-15, -48.99783768347148794, 9.834252759827844415 ) ) ;
#441 = CARTESIAN_POINT ( 'NONE',  ( 0.3059180898280359218, 15.16066955481531942, 31.57395653214901898 ) ) ;
#442 = CARTESIAN_POINT ( 'NONE',  ( -5.556583932597439102, -23.05478690934785391, -29.57578064167644527 ) ) ;
#443 = ORIENTED_EDGE ( 'NONE', *, *, #2051, .F. ) ;
#444 = DIRECTION ( 'NONE',  ( 0.000000000000000000, 0.000000000000000000, -1.000000000000000000 ) ) ;
#445 = CARTESIAN_POINT ( 'NONE',  ( -3.469446951953614189E-15, 25.50633731225603285, -24.00369517206496894 ) ) ;
#446 = ORIENTED_EDGE ( 'NONE', *, *, #90, .T. ) ;
#447 = CARTESIAN_POINT ( 'NONE',  ( 0.4796554304381130951, -29.59186209382398047, -18.73699081179226056 ) ) ;
#448 = CARTESIAN_POINT ( 'NONE',  ( -3.469446951953614189E-15, 0.000000000000000000, 0.000000000000000000 ) ) ;
#449 = CARTESIAN_POINT ( 'NONE',  ( -2.378268148537112106E-15, -30.64347767414130530, -39.47756199456096482 ) ) ;
#450 = ORIENTED_EDGE ( 'NONE', *, *, #2837, .F. ) ;
#451 = ORIENTED_EDGE ( 'NONE', *, *, #1331, .F. ) ;
#452 = CARTESIAN_POINT ( 'NONE',  ( 0.000000000000000000, 0.000000000000000000, 0.000000000000000000 ) ) ;
#453 = CARTESIAN_POINT ( 'NONE',  ( 0.000000000000000000, 46.35651718282590394, 18.67013496679570750 ) ) ;
#454 = CARTESIAN_POINT ( 'NONE',  ( 23.49999999999999645, 0.000000000000000000, 0.000000000000000000 ) ) ;
#455 = B_SPLINE_CURVE_WITH_KNOTS ( 'NONE', 3,
 ( #977, #3447, #3361, #1405, #1513, #893, #320, #2549, #2244, #45, #2008, #3162, #960, #2067 ),
 .UNSPECIFIED., .F., .F.,
 ( 4, 2, 2, 2, 2, 2, 4 ),
 ( 1.971617195683335795E-07, 0.001556721546461264320, 0.002334983738832111921, 0.003113245931202960389, 0.004669770315944655158, 0.005448032508315495820, 0.006226294700686337349 ),
 .UNSPECIFIED. ) ;
#456 = CARTESIAN_POINT ( 'NONE',  ( -5.556583932597439102, -10.81394427001693970, -35.90694374804082400 ) ) ;
#457 = DIRECTION ( 'NONE',  ( 0.000000000000000000, 0.8951632913550635617, -0.4457383557765357551 ) ) ;
#458 = CARTESIAN_POINT ( 'NONE',  ( -5.194999927352056623, -36.37746528828974135, 7.381832197456828837 ) ) ;
#459 = CARTESIAN_POINT ( 'NONE',  ( 0.3065306711279653928, 3.731555198138776674, 34.82579869590223609 ) ) ;
#460 = CARTESIAN_POINT ( 'NONE',  ( -4.804962602584518905, 26.78516885498793343, -25.18798095482465982 ) ) ;
#461 = ORIENTED_EDGE ( 'NONE', *, *, #536, .F. ) ;
#462 = EDGE_CURVE ( 'NONE', #80, #3116, #3492, .T. ) ;
#463 = DIRECTION ( 'NONE',  ( 0.000000000000000000, 0.000000000000000000, -1.000000000000000000 ) ) ;
#464 = EDGE_CURVE ( 'NONE', #353, #235, #2177, .T. ) ;
#465 = CARTESIAN_POINT ( 'NONE',  ( 5.380562815295797385, 3.754984543107326544, -47.54757411584933635 ) ) ;
#466 = EDGE_CURVE ( 'NONE', #2119, #3427, #129, .T. ) ;
#467 = CARTESIAN_POINT ( 'NONE',  ( -2.378268148537112106E-15, -42.83513221543099547, -25.74202931174126974 ) ) ;
#468 = ORIENTED_EDGE ( 'NONE', *, *, #2063, .F. ) ;
#469 = ORIENTED_EDGE ( 'NONE', *, *, #2760, .T. ) ;
#470 = AXIS2_PLACEMENT_3D ( 'NONE', #2089, #429, #704 ) ;
#471 = AXIS2_PLACEMENT_3D ( 'NONE', #2932, #3218, #1023 ) ;
#472 = CARTESIAN_POINT ( 'NONE',  ( -0.3305743550285028531, -42.17899955037391635, 26.80388694723044907 ) ) ;
#473 = CARTESIAN_POINT ( 'NONE',  ( 0.000000000000000000, -25.61197204611810108, -33.91573215941040331 ) ) ;
#474 = CARTESIAN_POINT ( 'NONE',  ( -0.5518461579785517435, -42.31260336115943943, -26.59247593166087498 ) ) ;
#475 = CIRCLE ( 'NONE', #2516, 35.02499999999999147 ) ;
#476 = CARTESIAN_POINT ( 'NONE',  ( 0.000000000000000000, 42.50000000000000000, 0.000000000000000000 ) ) ;
#477 = CARTESIAN_POINT ( 'NONE',  ( -2.378268148537112106E-15, 46.35651718282614553, -18.67013496679510354 ) ) ;
#478 = CARTESIAN_POINT ( 'NONE',  ( -0.3305743550285818455, 5.193057752908976532, 49.70461255985510718 ) ) ;
#479 = CARTESIAN_POINT ( 'NONE',  ( -5.556583932597439102, 2.887381465113487256, -37.38867513398835740 ) ) ;
#480 = B_SPLINE_CURVE_WITH_KNOTS ( 'NONE', 3,
 ( #2836, #332, #366, #1717, #1453, #1217, #1180, #2544, #661, #588, #3444, #2296, #2854, #345 ),
 .UNSPECIFIED., .F., .F.,
 ( 4, 2, 2, 2, 2, 2, 4 ),
 ( 2.947685801806721499E-07, 0.001556821940974615617, 0.002335085527171828091, 0.003113349113369040782, 0.004669876285763459658, 0.005448139871960668880, 0.006226403458157878101 ),
 .UNSPECIFIED. ) ;
#481 = CARTESIAN_POINT ( 'NONE',  ( -0.1688795059594303538, -49.24166479336523139, -8.529892928862327750 ) ) ;
#482 = CARTESIAN_POINT ( 'NONE',  ( -2.801541032638787065, -29.93954674579958564, 19.19608770983047918 ) ) ;
#483 = VERTEX_POINT ( 'NONE', #2310 ) ;
#484 = CARTESIAN_POINT ( 'NONE',  ( 5.556583932597444431, 47.49559558823530381, -0.6468382477899462524 ) ) ;
#485 = CARTESIAN_POINT ( 'NONE',  ( 3.281284640227981608, 35.92816674618769213, 33.64384935413455224 ) ) ;
#486 = CARTESIAN_POINT ( 'NONE',  ( 1.307726991999700772, 49.85995403590155206, 0.6627420819680711617 ) ) ;
#487 = ORIENTED_EDGE ( 'NONE', *, *, #2826, .F. ) ;
#488 = CARTESIAN_POINT ( 'NONE',  ( -5.601503256229779737, 3.650957516618051457, 37.32381744685979896 ) ) ;
#489 = CARTESIAN_POINT ( 'NONE',  ( 5.194999182140327854, -46.94218965454769688, 9.435694583126606361 ) ) ;
#490 = DIRECTION ( 'NONE',  ( 1.000000000000000000, 0.000000000000000000, 0.000000000000000000 ) ) ;
#491 = B_SPLINE_CURVE_WITH_KNOTS ( 'NONE', 3,
 ( #3324, #831, #1964, #3356, #496, #1950, #867, #1980, #2183, #2726, #1130, #554, #223, #2782 ),
 .UNSPECIFIED., .F., .F.,
 ( 4, 2, 2, 2, 2, 2, 4 ),
 ( 1.971617045666407297E-07, 0.001556723823003168744, 0.002334987153652469827, 0.003113250484301770260, 0.004669777145600370258, 0.005448040476249672859, 0.006226303806898975460 ),
 .UNSPECIFIED. ) ;
#492 = CARTESIAN_POINT ( 'NONE',  ( 5.556583932597444431, 5.026419636518689060, -47.23330504673179320 ) ) ;
#493 = DIRECTION ( 'NONE',  ( 1.000000000000000000, 0.000000000000000000, 0.000000000000000000 ) ) ;
#494 = CARTESIAN_POINT ( 'NONE',  ( -0.6117970708676202518, 4.777686345182336147, 49.74637906845713076 ) ) ;
#495 = CARTESIAN_POINT ( 'NONE',  ( -2.801541032638785733, -21.87667344514499490, -28.04063839647574952 ) ) ;
#496 = CARTESIAN_POINT ( 'NONE',  ( -2.056915804659396496, 26.46596644422798050, 23.37228042557191188 ) ) ;
#497 = CARTESIAN_POINT ( 'NONE',  ( -3.969782328569871677, 3.898057928350791013, -35.95010628003007724 ) ) ;
#498 = ORIENTED_EDGE ( 'NONE', *, *, #2127, .T. ) ;
#499 = DIRECTION ( 'NONE',  ( 1.000000000000000000, 0.000000000000000000, 0.000000000000000000 ) ) ;
#500 = EDGE_CURVE ( 'NONE', #1042, #2659, #1710, .T. ) ;
#501 = DIRECTION ( 'NONE',  ( 1.000000000000000000, 0.000000000000000000, 0.000000000000000000 ) ) ;
#502 = CARTESIAN_POINT ( 'NONE',  ( -0.1687870779475180438, -13.03695353713035132, -48.24456930547420797 ) ) ;
#503 = DIRECTION ( 'NONE',  ( 0.000000000000000000, 0.000000000000000000, -1.000000000000000000 ) ) ;
#504 = ORIENTED_EDGE ( 'NONE', *, *, #200, .F. ) ;
#505 = ORIENTED_EDGE ( 'NONE', *, *, #152, .F. ) ;
#506 = CARTESIAN_POINT ( 'NONE',  ( 0.5937110929420671424, -9.437019790967374533, -33.72977923775006559 ) ) ;
#507 = CARTESIAN_POINT ( 'NONE',  ( -5.194999927352052183, 16.03149130394515964, -33.47839174697114828 ) ) ;
#508 = CARTESIAN_POINT ( 'NONE',  ( -2.378268148537112106E-15, -42.13658108803358715, 26.87022811982755144 ) ) ;
#509 = ORIENTED_EDGE ( 'NONE', *, *, #785, .F. ) ;
#510 = CARTESIAN_POINT ( 'NONE',  ( -5.194999927352051294, -36.58760151997437049, -6.257702646155700599 ) ) ;
#511 = CARTESIAN_POINT ( 'NONE',  ( -0.1688795059594278003, 22.86773125337103707, 44.43610572860313823 ) ) ;
#512 = FACE_BOUND ( 'NONE', #2839, .T. ) ;
#513 = CARTESIAN_POINT ( 'NONE',  ( 0.2631553418359362517, 46.83586816282490162, -17.43278745452081324 ) ) ;
#514 = ADVANCED_FACE ( 'NONE', ( #1160 ), #828, .F. ) ;
#515 = CARTESIAN_POINT ( 'NONE',  ( 0.000000000000000000, -11.63067707806309770, -40.87758983484493314 ) ) ;
#516 = CARTESIAN_POINT ( 'NONE',  ( 5.204542906582164896, 20.76358399035552793, 43.15603563638245532 ) ) ;
#517 = CARTESIAN_POINT ( 'NONE',  ( 4.817901204096655121, 36.08475080174882521, -32.01353410632983554 ) ) ;
#518 = CYLINDRICAL_SURFACE ( 'NONE', #1189, 54.99999999999997868 ) ;
#519 = B_SPLINE_CURVE_WITH_KNOTS ( 'NONE', 3,
 ( #3404, #3101, #914, #3134, #49, #842, #2775, #269, #1958, #2497, #655, #103, #392, #1500 ),
 .UNSPECIFIED., .F., .F.,
 ( 4, 2, 2, 2, 2, 2, 4 ),
 ( 2.947675409812278561E-07, 0.001556819483393529283, 0.002335081841319804757, 0.003113344199246079365, 0.004669868915098619906, 0.005448131273024891044, 0.006226393630951161315 ),
 .UNSPECIFIED. ) ;
#520 = CARTESIAN_POINT ( 'NONE',  ( -2.378268148537112106E-15, -14.31325167158724376, -47.88143117729257625 ) ) ;
#521 = CARTESIAN_POINT ( 'NONE',  ( -0.5525058339322096446, -30.38253521722224804, -39.67893537287265104 ) ) ;
#522 = ORIENTED_EDGE ( 'NONE', *, *, #29, .T. ) ;
#523 = ORIENTED_EDGE ( 'NONE', *, *, #39, .T. ) ;
#524 = CARTESIAN_POINT ( 'NONE',  ( 0.3059180898280505767, -9.100831057236163701, -33.82211564216503774 ) ) ;
#525 = DIRECTION ( 'NONE',  ( -1.000000000000000000, 0.000000000000000000, -0.000000000000000000 ) ) ;
#526 = CARTESIAN_POINT ( 'NONE',  ( -23.50000000000000000, 0.000000000000000000, 0.000000000000000000 ) ) ;
#527 = ORIENTED_EDGE ( 'NONE', *, *, #3363, .T. ) ;
#528 = AXIS2_PLACEMENT_3D ( 'NONE', #796, #759, #1055 ) ;
#529 = CIRCLE ( 'NONE', #3488, 37.50000000000000711 ) ;
#530 = CARTESIAN_POINT ( 'NONE',  ( -4.804962602584521569, -36.24211321563932131, -6.195876438051963753 ) ) ;
#531 = CARTESIAN_POINT ( 'NONE',  ( 0.5263093472665446582, -13.03695353713096594, 48.24456930547407296 ) ) ;
#532 = CARTESIAN_POINT ( 'NONE',  ( 3.281284640227981608, -48.25794740597660137, -9.690834704377300213 ) ) ;
#533 = CARTESIAN_POINT ( 'NONE',  ( -5.556583932597439102, -23.05478690934785391, -29.57578064167644527 ) ) ;
#534 = AXIS2_PLACEMENT_3D ( 'NONE', #699, #3194, #873 ) ;
#535 = CIRCLE ( 'NONE', #471, 31.50000000000000000 ) ;
#536 = EDGE_CURVE ( 'NONE', #1027, #1037, #1350, .T. ) ;
#537 = DIRECTION ( 'NONE',  ( 0.000000000000000000, 0.000000000000000000, -1.000000000000000000 ) ) ;
#538 = AXIS2_PLACEMENT_3D ( 'NONE', #1819, #457, #1019 ) ;
#539 = CARTESIAN_POINT ( 'NONE',  ( -0.5518461579784678106, 37.15671882007645621, -33.41997046528525317 ) ) ;
#540 = ORIENTED_EDGE ( 'NONE', *, *, #3166, .F. ) ;
#541 = TOROIDAL_SURFACE ( 'NONE', #2755, 42.50000000000000000, 7.475000000000004086 ) ;
#542 = CARTESIAN_POINT ( 'NONE',  ( 0.5937110929421072214, 3.384842768553331105, -34.86112719627173107 ) ) ;
#543 = CARTESIAN_POINT ( 'NONE',  ( 0.000000000000000000, 0.000000000000000000, 0.000000000000000000 ) ) ;
#544 = EDGE_LOOP ( 'NONE', ( #1169, #393, #3347, #2498 ) ) ;
#545 = VERTEX_POINT ( 'NONE', #160 ) ;
#546 = CARTESIAN_POINT ( 'NONE',  ( -2.074421552793073609, 2.701399045479331740, 35.19609325940802336 ) ) ;
#547 = CARTESIAN_POINT ( 'NONE',  ( -3.515274631057113019, 15.48903724126551396, -32.36745450079777697 ) ) ;
#548 = CARTESIAN_POINT ( 'NONE',  ( 0.000000000000000000, 0.000000000000000000, 0.000000000000000000 ) ) ;
#549 = ORIENTED_EDGE ( 'NONE', *, *, #670, .T. ) ;
#550 = EDGE_CURVE ( 'NONE', #3235, #3224, #85, .T. ) ;
#551 = CARTESIAN_POINT ( 'NONE',  ( -4.599617731266012477, -36.07869935141724937, -6.166637964592597498 ) ) ;
#552 = CARTESIAN_POINT ( 'NONE',  ( 5.380562815295789392, -12.42789261273794565, 46.04800971190195469 ) ) ;
#553 = CARTESIAN_POINT ( 'NONE',  ( 0.000000000000000000, 0.000000000000000000, 0.000000000000000000 ) ) ;
#554 = CARTESIAN_POINT ( 'NONE',  ( -5.194999927352050406, 27.81314982887016285, 24.58129622271686543 ) ) ;
#555 = CARTESIAN_POINT ( 'NONE',  ( 4.804961032689093692, -40.66086947814816455, 25.94277823439884045 ) ) ;
#556 = B_SPLINE_CURVE_WITH_KNOTS ( 'NONE', 3,
 ( #2868, #363, #1487, #1213 ),
 .UNSPECIFIED., .F., .F.,
 ( 4, 4 ),
 ( 1.703398595624618565E-06, 0.001151158023206739047 ),
 .UNSPECIFIED. ) ;
#557 = EDGE_LOOP ( 'NONE', ( #70, #1247, #1688, #3448 ) ) ;
#558 = DIRECTION ( 'NONE',  ( 0.000000000000000000, 0.000000000000000000, -1.000000000000000000 ) ) ;
#559 = CARTESIAN_POINT ( 'NONE',  ( -5.601503256229770855, -36.82773276110652461, -7.079190580227875174 ) ) ;
#560 = B_SPLINE_CURVE_WITH_KNOTS ( 'NONE', 3,
 ( #1750, #3373, #1473, #2298, #2017, #1801, #382, #1164, #2276, #333, #2610, #1454, #1492, #3139 ),
 .UNSPECIFIED., .F., .F.,
 ( 4, 2, 2, 2, 2, 2, 4 ),
 ( 2.947675409806268862E-07, 0.001556819483393513453, 0.002335081841319785675, 0.003113344199246057247, 0.004669868915098607763, 0.005448131273024885840, 0.006226393630951163050 ),
 .UNSPECIFIED. ) ;
#561 = ORIENTED_EDGE ( 'NONE', *, *, #1121, .F. ) ;
#562 = EDGE_CURVE ( 'NONE', #1684, #1774, #2875, .T. ) ;
#563 = CARTESIAN_POINT ( 'NONE',  ( 5.556583932597444431, -13.61993231764043344, 45.50546608554729033 ) ) ;
#564 = CARTESIAN_POINT ( 'NONE',  ( -5.556583932597439990, 17.22769991887750152, -33.30850275087591683 ) ) ;
#565 = CARTESIAN_POINT ( 'NONE',  ( -3.469446951953614189E-15, 32.45508605610417163, -13.16882736202705217 ) ) ;
#566 = EDGE_LOOP ( 'NONE', ( #3343 ) ) ;
#567 = CARTESIAN_POINT ( 'NONE',  ( -5.556583932597439102, -36.96276768637379462, -6.324856121933683184 ) ) ;
#568 = DIRECTION ( 'NONE',  ( 1.000000000000000000, 0.000000000000000000, 0.000000000000000000 ) ) ;
#569 = CARTESIAN_POINT ( 'NONE',  ( 5.204542906582161343, -40.37228008903424836, -25.76138257908206697 ) ) ;
#570 = DIRECTION ( 'NONE',  ( 1.000000000000000000, 0.000000000000000000, 0.000000000000000000 ) ) ;
#571 = CARTESIAN_POINT ( 'NONE',  ( -0.5525058339321997636, 37.15620006096870043, 33.42054989942002408 ) ) ;
#572 = CARTESIAN_POINT ( 'NONE',  ( 2.056913264089351934, -41.89628897633932780, 26.71922683396642739 ) ) ;
#573 = ORIENTED_EDGE ( 'NONE', *, *, #2898, .F. ) ;
#574 = FACE_OUTER_BOUND ( 'NONE', #2663, .T. ) ;
#575 = CARTESIAN_POINT ( 'NONE',  ( -2.074421552793066947, -21.71509671866069979, 27.83014753872274127 ) ) ;
#576 = CARTESIAN_POINT ( 'NONE',  ( -3.469446951953614189E-15, 26.25472753991329711, -23.18275019933825121 ) ) ;
#577 = ORIENTED_EDGE ( 'NONE', *, *, #1429, .F. ) ;
#578 = ORIENTED_EDGE ( 'NONE', *, *, #629, .T. ) ;
#579 = ADVANCED_FACE ( 'NONE', ( #2886 ), #1535, .F. ) ;
#580 = ADVANCED_FACE ( 'NONE', ( #1284, #2061 ), #1768, .T. ) ;
#581 = CARTESIAN_POINT ( 'NONE',  ( 0.000000000000000000, -14.31325167158805733, 47.88143117729234177 ) ) ;
#582 = CARTESIAN_POINT ( 'NONE',  ( -5.556583932597439990, 34.75598615910536893, 14.08088868317893727 ) ) ;
#583 = ORIENTED_EDGE ( 'NONE', *, *, #181, .F. ) ;
#584 = CARTESIAN_POINT ( 'NONE',  ( -1.805201453756176910, 33.05897839499092328, 12.20961708966479264 ) ) ;
#585 = CARTESIAN_POINT ( 'NONE',  ( -3.515905914969993606, -30.22156133830901581, -19.37378196391269469 ) ) ;
#586 = CARTESIAN_POINT ( 'NONE',  ( -3.969782328569872565, 33.91872939390080433, -12.53494289821717977 ) ) ;
#587 = FACE_OUTER_BOUND ( 'NONE', #566, .T. ) ;
#588 = CARTESIAN_POINT ( 'NONE',  ( -1.307728941856033389, -9.079043121713674225, -33.94236743499115505 ) ) ;
#589 = CARTESIAN_POINT ( 'NONE',  ( -3.469446951953614189E-15, 0.000000000000000000, 0.000000000000000000 ) ) ;
#590 = TOROIDAL_SURFACE ( 'NONE', #528, 42.50000000000000000, 7.475000000000004086 ) ;
#591 = MECHANICAL_DESIGN_GEOMETRIC_PRESENTATION_REPRESENTATION (  '', ( #2166 ), #2288 ) ;
#592 = ORIENTED_EDGE ( 'NONE', *, *, #883, .F. ) ;
#593 = AXIS2_PLACEMENT_3D ( 'NONE', #1246, #3451, #1558 ) ;
#594 = CIRCLE ( 'NONE', #1715, 49.97500000000001563 ) ;
#595 = EDGE_CURVE ( 'NONE', #250, #194, #1875, .T. ) ;
#596 = DIRECTION ( 'NONE',  ( 0.000000000000000000, 0.000000000000000000, -1.000000000000000000 ) ) ;
#597 = CARTESIAN_POINT ( 'NONE',  ( -5.556583932597439990, -36.75155595334947378, -7.454739097233609613 ) ) ;
#598 = CARTESIAN_POINT ( 'NONE',  ( -5.556583932597439990, -10.81394427001748682, 35.90694374804066769 ) ) ;
#599 = AXIS2_PLACEMENT_3D ( 'NONE', #526, #3283, #1907 ) ;
#600 = ORIENTED_EDGE ( 'NONE', *, *, #1408, .F. ) ;
#601 = CARTESIAN_POINT ( 'NONE',  ( -0.5518461579784285087, 22.57492262070233835, -44.58574938300426993 ) ) ;
#602 = EDGE_CURVE ( 'NONE', #3186, #2109, #1714, .T. ) ;
#603 = CARTESIAN_POINT ( 'NONE',  ( 0.000000000000000000, 39.63006974968511287, 15.35277081295403434 ) ) ;
#604 = DIRECTION ( 'NONE',  ( 1.000000000000000000, 0.000000000000000000, 0.000000000000000000 ) ) ;
#605 = VERTEX_POINT ( 'NONE', #3455 ) ;
#606 = CARTESIAN_POINT ( 'NONE',  ( 0.5274834676871849037, -21.33905004584803677, 27.77409392047306014 ) ) ;
#607 = EDGE_CURVE ( 'NONE', #3131, #2095, #2050, .T. ) ;
#608 = CARTESIAN_POINT ( 'NONE',  ( -4.188095163653577480, -35.57662960718717216, -7.225700743648745927 ) ) ;
#609 = CARTESIAN_POINT ( 'NONE',  ( -0.5251770792775644070, 32.86934137544659507, -12.13787276718238672 ) ) ;
#610 = CARTESIAN_POINT ( 'NONE',  ( 5.556583932597444431, -29.13867904193220681, -37.51249636709428614 ) ) ;
#611 = B_SPLINE_CURVE_WITH_KNOTS ( 'NONE', 3,
 ( #22, #3569, #278, #1931, #3585, #2240, #3308, #1439, #3342, #2256, #261, #1131, #850, #1147 ),
 .UNSPECIFIED., .F., .F.,
 ( 4, 2, 2, 2, 2, 2, 4 ),
 ( 1.974398904501652662E-07, 0.0004563904265459763142, 0.0006844869198737394550, 0.0009125834132015025416, 0.001140679906529265628, 0.001368776399857028715, 0.001824969386512554888 ),
 .UNSPECIFIED. ) ;
#612 = CARTESIAN_POINT ( 'NONE',  ( -5.556583932597439102, 17.22769991887698637, 33.30850275087617973 ) ) ;
#613 = B_SPLINE_CURVE_WITH_KNOTS ( 'NONE', 3,
 ( #2559, #3395, #905, #2819 ),
 .UNSPECIFIED., .F., .F.,
 ( 4, 4 ),
 ( 1.917147537319202881E-06, 0.001295593643117216864 ),
 .UNSPECIFIED. ) ;
#614 = CARTESIAN_POINT ( 'NONE',  ( 5.556583932597444431, 34.66389655873243214, -32.47559507330849016 ) ) ;
#615 = ORIENTED_EDGE ( 'NONE', *, *, #181, .T. ) ;
#616 = CARTESIAN_POINT ( 'NONE',  ( -3.469446951953614189E-15, -20.66137603572795456, -28.28176382954652723 ) ) ;
#617 = CARTESIAN_POINT ( 'NONE',  ( 2.555675114558311201, -42.45474032595048186, -25.50998710796669755 ) ) ;
#618 = VERTEX_POINT ( 'NONE', #2920 ) ;
#619 = ORIENTED_EDGE ( 'NONE', *, *, #2743, .T. ) ;
#620 = VERTEX_POINT ( 'NONE', #2845 ) ;
#621 = CARTESIAN_POINT ( 'NONE',  ( 0.5286488320023883247, 32.55416383572251959, -12.92214442750007208 ) ) ;
#622 = VERTEX_POINT ( 'NONE', #1014 ) ;
#623 = CARTESIAN_POINT ( 'NONE',  ( 0.4806690185975064922, -20.82587387394784528, 28.16089728484306676 ) ) ;
#624 = CARTESIAN_POINT ( 'NONE',  ( -4.817902579072505631, 27.54700994232576150, -24.34240960366408757 ) ) ;
#625 = CARTESIAN_POINT ( 'NONE',  ( 2.567736996609357281, -42.46328037268307298, 25.51519490807226731 ) ) ;
#626 = CARTESIAN_POINT ( 'NONE',  ( 0.5274834676871850148, -34.37398240952484230, -6.721955316136991598 ) ) ;
#627 = B_SPLINE_CURVE_WITH_KNOTS ( 'NONE', 3,
 ( #981, #725, #2708, #1567, #1326, #3514, #3497, #2931, #1022, #2965, #2128, #459, #188, #3233 ),
 .UNSPECIFIED., .F., .F.,
 ( 4, 2, 2, 2, 2, 2, 4 ),
 ( 1.974398904502928505E-07, 0.0004563904265459770731, 0.0006844869198737404308, 0.0009125834132015038427, 0.001140679906529267146, 0.001368776399857030450, 0.001824969386512557273 ),
 .UNSPECIFIED. ) ;
#628 = DIRECTION ( 'NONE',  ( 0.000000000000000000, 0.000000000000000000, -1.000000000000000000 ) ) ;
#629 = EDGE_CURVE ( 'NONE', #3224, #250, #2086, .T. ) ;
#630 = CARTESIAN_POINT ( 'NONE',  ( 5.556583932597444431, 0.000000000000000000, 0.000000000000000000 ) ) ;
#631 = VERTEX_POINT ( 'NONE', #417 ) ;
#632 = CARTESIAN_POINT ( 'NONE',  ( 5.601502700796333833, 44.37168845662394290, -16.95845669360613428 ) ) ;
#633 = EDGE_LOOP ( 'NONE', ( #3240, #450, #1059, #1066 ) ) ;
#634 = CARTESIAN_POINT ( 'NONE',  ( -5.556583932597439102, -36.96276768637379462, -6.324856121933683184 ) ) ;
#635 = DIRECTION ( 'NONE',  ( 0.000000000000000000, 0.000000000000000000, -1.000000000000000000 ) ) ;
#636 = FACE_OUTER_BOUND ( 'NONE', #1808, .T. ) ;
#637 = EDGE_LOOP ( 'NONE', ( #3215, #3379, #3171, #668 ) ) ;
#638 = CARTESIAN_POINT ( 'NONE',  ( 5.556583932597444431, -13.61993231763977263, -45.50546608554748929 ) ) ;
#639 = CARTESIAN_POINT ( 'NONE',  ( -3.469446951953614189E-15, 26.25472753991329711, -23.18275019933825121 ) ) ;
#640 = CARTESIAN_POINT ( 'NONE',  ( -2.567739918546541045, 33.26378017542542409, -12.28710180508118377 ) ) ;
#641 = CARTESIAN_POINT ( 'NONE',  ( 3.515271977441962292, -30.12208559144509934, -38.79661282854541327 ) ) ;
#642 = CARTESIAN_POINT ( 'NONE',  ( 5.556583932597444431, 20.59158282926129857, 42.80463428865699882 ) ) ;
#643 = CARTESIAN_POINT ( 'NONE',  ( -0.1687870779475105221, 5.271351470982111209, -49.69621191468595356 ) ) ;
#644 = EDGE_CURVE ( 'NONE', #2866, #1534, #770, .T. ) ;
#645 = ORIENTED_EDGE ( 'NONE', *, *, #2163, .F. ) ;
#646 = AXIS2_PLACEMENT_3D ( 'NONE', #948, #1261, #1775 ) ;
#647 = CARTESIAN_POINT ( 'NONE',  ( 0.3059180898281066985, 26.21972688717957567, -23.22254409848439494 ) ) ;
#648 = AXIS2_PLACEMENT_3D ( 'NONE', #136, #2563, #2585 ) ;
#649 = CARTESIAN_POINT ( 'NONE',  ( -2.056915804659396496, -30.30997833028522948, -18.11121436392969741 ) ) ;
#650 = VERTEX_POINT ( 'NONE', #3422 ) ;
#651 = CIRCLE ( 'NONE', #534, 49.97500000000001563 ) ;
#652 = AXIS2_PLACEMENT_3D ( 'NONE', #603, #1725, #2811 ) ;
#653 = CARTESIAN_POINT ( 'NONE',  ( 5.204542906582167561, -29.37657311421149586, 37.82309855152865907 ) ) ;
#654 = CARTESIAN_POINT ( 'NONE',  ( 0.2631553418359364738, -14.31325167158810174, 47.88143117729244835 ) ) ;
#655 = CARTESIAN_POINT ( 'NONE',  ( 1.046969926904346648, -13.01850194078708789, -48.17804355136316730 ) ) ;
#656 = ORIENTED_EDGE ( 'NONE', *, *, #3363, .F. ) ;
#657 = CARTESIAN_POINT ( 'NONE',  ( 0.000000000000000000, -36.13422826850843705, -22.37336692228791790 ) ) ;
#658 = CARTESIAN_POINT ( 'NONE',  ( -5.556583932597439990, 37.49559558823530381, 0.5747273123055471888 ) ) ;
#659 = CARTESIAN_POINT ( 'NONE',  ( 0.5274834676870658878, -9.864911604952794733, 33.60712527112267622 ) ) ;
#660 = EDGE_CURVE ( 'NONE', #2220, #1719, #1751, .T. ) ;
#661 = CARTESIAN_POINT ( 'NONE',  ( -2.074421552793067836, -9.122667758660830017, -34.10043211592712709 ) ) ;
#662 = CARTESIAN_POINT ( 'NONE',  ( 0.000000000000000000, 49.97059558823531233, 0.6634768700107630535 ) ) ;
#663 = CARTESIAN_POINT ( 'NONE',  ( 4.599615815309073596, 5.115346301354339431, 48.12700168301851278 ) ) ;
#664 = CARTESIAN_POINT ( 'NONE',  ( -3.469446951953614189E-15, -21.54787174047383758, -27.61231334850610608 ) ) ;
#665 = ORIENTED_EDGE ( 'NONE', *, *, #3485, .F. ) ;
#666 = CARTESIAN_POINT ( 'NONE',  ( 4.599615815309079814, 20.98644650819148438, -43.61128433947875038 ) ) ;
#667 = CARTESIAN_POINT ( 'NONE',  ( -0.3305743550285312193, -29.64806496367282662, 40.23069229407057890 ) ) ;
#668 = ORIENTED_EDGE ( 'NONE', *, *, #1429, .T. ) ;
#669 = DIRECTION ( 'NONE',  ( 1.000000000000000000, 0.000000000000000000, 0.000000000000000000 ) ) ;
#670 = EDGE_CURVE ( 'NONE', #341, #1908, #2658, .T. ) ;
#671 = CARTESIAN_POINT ( 'NONE',  ( -5.556583932597439990, 17.22769991887750152, -33.30850275087591683 ) ) ;
#672 = ORIENTED_EDGE ( 'NONE', *, *, #832, .T. ) ;
#673 = ORIENTED_EDGE ( 'NONE', *, *, #3411, .T. ) ;
#674 = CARTESIAN_POINT ( 'NONE',  ( -3.964899447139826894, 3.896145855252380219, 35.93104746879090072 ) ) ;
#675 = CARTESIAN_POINT ( 'NONE',  ( 23.49999999999999645, 0.000000000000000000, 0.000000000000000000 ) ) ;
#676 = CARTESIAN_POINT ( 'NONE',  ( 0.6120577571879831646, -34.44237769624446344, -6.362313593251840871 ) ) ;
#677 = EDGE_CURVE ( 'NONE', #97, #2334, #1352, .T. ) ;
#678 = DIRECTION ( 'NONE',  ( 0.000000000000000000, 0.2736629900720867203, -0.9618256431728180456 ) ) ;
#679 = DIRECTION ( 'NONE',  ( 0.000000000000000000, 0.000000000000000000, -1.000000000000000000 ) ) ;
#680 = CARTESIAN_POINT ( 'NONE',  ( 0.5937110929421375305, 15.47416726670168963, 31.42141781276909640 ) ) ;
#681 = CARTESIAN_POINT ( 'NONE',  ( -5.556583932597439102, -9.708369336403023908, 36.22150693756390183 ) ) ;
#682 = ORIENTED_EDGE ( 'NONE', *, *, #2645, .T. ) ;
#683 = CARTESIAN_POINT ( 'NONE',  ( -1.307728941856033389, -20.72735294711542764, -28.37058636869511119 ) ) ;
#684 = CARTESIAN_POINT ( 'NONE',  ( -0.3311252865191612327, -30.58081438301727673, 39.52631997854352619 ) ) ;
#685 = ORIENTED_EDGE ( 'NONE', *, *, #595, .T. ) ;
#686 = DIRECTION ( 'NONE',  ( 1.000000000000000000, 0.000000000000000000, 0.000000000000000000 ) ) ;
#687 = ADVANCED_FACE ( 'NONE', ( #1336, #2412 ), #1030, .T. ) ;
#688 = CARTESIAN_POINT ( 'NONE',  ( -0.3311252865191539052, 46.38626523851322503, 18.59652055081984301 ) ) ;
#689 = EDGE_CURVE ( 'NONE', #2842, #1743, #475, .T. ) ;
#690 = ORIENTED_EDGE ( 'NONE', *, *, #1973, .F. ) ;
#691 = EDGE_CURVE ( 'NONE', #545, #2084, #2832, .T. ) ;
#692 = CARTESIAN_POINT ( 'NONE',  ( 5.601502700796335610, -28.45396745413348327, 38.03692582267554911 ) ) ;
#693 = DIRECTION ( 'NONE',  ( 1.000000000000000000, 0.000000000000000000, 0.000000000000000000 ) ) ;
#694 = DIRECTION ( 'NONE',  ( 0.000000000000000000, 0.000000000000000000, -1.000000000000000000 ) ) ;
#695 = CARTESIAN_POINT ( 'NONE',  ( 5.556583932597444431, 3.738261736799508128, 47.35267045465526081 ) ) ;
#696 = FACE_BOUND ( 'NONE', #1376, .T. ) ;
#697 = DIRECTION ( 'NONE',  ( 1.000000000000000000, 0.000000000000000000, 0.000000000000000000 ) ) ;
#698 = CARTESIAN_POINT ( 'NONE',  ( 3.964897064204556010, 36.54545116961423901, 32.42787102772459917 ) ) ;
#699 = CARTESIAN_POINT ( 'NONE',  ( 0.000000000000000000, 0.000000000000000000, 0.000000000000000000 ) ) ;
#700 = ORIENTED_EDGE ( 'NONE', *, *, #691, .T. ) ;
#701 = CARTESIAN_POINT ( 'NONE',  ( 5.556583932597444431, 34.66389655873196318, 32.47559507330898043 ) ) ;
#702 = DIRECTION ( 'NONE',  ( 0.000000000000000000, 0.000000000000000000, -1.000000000000000000 ) ) ;
#703 = ORIENTED_EDGE ( 'NONE', *, *, #1694, .F. ) ;
#704 = DIRECTION ( 'NONE',  ( 0.000000000000000000, 0.000000000000000000, -1.000000000000000000 ) ) ;
#705 = ADVANCED_FACE ( 'NONE', ( #768, #198 ), #3299, .T. ) ;
#706 = CARTESIAN_POINT ( 'NONE',  ( -5.556583932597439102, 0.000000000000000000, 0.000000000000000000 ) ) ;
#707 =( NAMED_UNIT ( * ) PLANE_ANGLE_UNIT ( ) SI_UNIT ( $, .RADIAN. ) );
#708 = CARTESIAN_POINT ( 'NONE',  ( 5.380562815295795609, -13.67474608847640560, -45.69324931143398771 ) ) ;
#709 = TOROIDAL_SURFACE ( 'NONE', #2747, 42.50000000000000000, 7.475000000000004086 ) ;
#710 = CIRCLE ( 'NONE', #2397, 35.02499999999999147 ) ;
#711 = ORIENTED_EDGE ( 'NONE', *, *, #2609, .T. ) ;
#712 = AXIS2_PLACEMENT_3D ( 'NONE', #56, #1735, #2855 ) ;
#713 = CARTESIAN_POINT ( 'NONE',  ( -0.3305743550284820365, 49.97173636481023351, -0.5847420253885973196 ) ) ;
#714 = DIRECTION ( 'NONE',  ( 1.000000000000000000, 0.000000000000000000, 0.000000000000000000 ) ) ;
#715 = CARTESIAN_POINT ( 'NONE',  ( -4.599617731266022247, 36.59750768656945041, -0.5678043745882652704 ) ) ;
#716 = AXIS2_PLACEMENT_3D ( 'NONE', #2260, #2477, #596 ) ;
#717 = EDGE_CURVE ( 'NONE', #3427, #763, #1184, .T. ) ;
#718 = B_SPLINE_CURVE_WITH_KNOTS ( 'NONE', 3,
 ( #3238, #2989, #1058, #3533, #2437, #2190, #521, #1370, #2478, #1849 ),
 .UNSPECIFIED., .F., .F.,
 ( 4, 2, 2, 2, 4 ),
 ( 1.968926466829300558E-07, 0.0004987066525189300754, 0.0009972164123911769675, 0.001495726172263423968, 0.001994235932135670752 ),
 .UNSPECIFIED. ) ;
#719 = CARTESIAN_POINT ( 'NONE',  ( 0.000000000000000000, 0.000000000000000000, 0.000000000000000000 ) ) ;
#720 = DIRECTION ( 'NONE',  ( 0.000000000000000000, 0.000000000000000000, -1.000000000000000000 ) ) ;
#721 = CARTESIAN_POINT ( 'NONE',  ( 2.567736996609360389, 37.05185756932895913, -32.88335752121687250 ) ) ;
#722 = CARTESIAN_POINT ( 'NONE',  ( -3.469446951953614189E-15, 25.50633731225565626, 24.00369517206536685 ) ) ;
#723 = ORIENTED_EDGE ( 'NONE', *, *, #1501, .T. ) ;
#724 = ADVANCED_FACE ( 'NONE', ( #636 ), #709, .F. ) ;
#725 = CARTESIAN_POINT ( 'NONE',  ( 0.1540323861005477857, 2.678225850554628362, 34.92245311104905880 ) ) ;
#726 = CARTESIAN_POINT ( 'NONE',  ( -4.817902579072503855, 3.958110684296243686, -36.54755835737883984 ) ) ;
#727 = CARTESIAN_POINT ( 'NONE',  ( 2.567736996609358169, -30.37867819525600410, 39.13171683321710503 ) ) ;
#728 = CARTESIAN_POINT ( 'NONE',  ( 3.969779934108144559, 35.64746178044129721, 33.38448732233808869 ) ) ;
#729 =( LENGTH_UNIT ( ) NAMED_UNIT ( * ) SI_UNIT ( .MILLI., .METRE. ) );
#730 = FACE_OUTER_BOUND ( 'NONE', #3575, .T. ) ;
#731 = VERTEX_POINT ( 'NONE', #31 ) ;
#732 = VERTEX_POINT ( 'NONE', #582 ) ;
#733 = CARTESIAN_POINT ( 'NONE',  ( 0.000000000000000000, -42.83513221543134364, 25.74202931174070130 ) ) ;
#734 = CARTESIAN_POINT ( 'NONE',  ( 5.601502700796330281, 44.21591183903354505, 17.36056249559392484 ) ) ;
#735 = CARTESIAN_POINT ( 'NONE',  ( -0.5251770792775635188, 32.46796838601211732, 13.17393588313191799 ) ) ;
#736 = CARTESIAN_POINT ( 'NONE',  ( -5.601503256229767302, -22.75256458783984215, 29.81136770211728759 ) ) ;
#737 = CARTESIAN_POINT ( 'NONE',  ( 4.599615815309080702, 44.88990338366608057, -18.09065043013026752 ) ) ;
#738 = CARTESIAN_POINT ( 'NONE',  ( 0.5251762499567629305, 37.36539422936641586, -33.16538927827854621 ) ) ;
#739 = B_SPLINE_CURVE_WITH_KNOTS ( 'NONE', 3,
 ( #1361, #1658, #3337, #257, #3319, #585, #2445, #1910, #3353, #1675, #3565, #1091, #2179, #2779 ),
 .UNSPECIFIED., .F., .F.,
 ( 4, 2, 2, 2, 2, 2, 4 ),
 ( 2.947685801806331864E-07, 0.001556821940974599571, 0.002335085527171811611, 0.003113349113369023868, 0.004669876285763451852, 0.005448139871960665410, 0.006226403458157878969 ),
 .UNSPECIFIED. ) ;
#740 = EDGE_CURVE ( 'NONE', #1743, #631, #2353, .T. ) ;
#741 = CARTESIAN_POINT ( 'NONE',  ( -2.378268148537112106E-15, 36.48173426154711052, -34.15528788152516881 ) ) ;
#742 = CARTESIAN_POINT ( 'NONE',  ( 5.556583932597444431, 5.026419636518006051, 47.23330504673188557 ) ) ;
#743 = VERTEX_POINT ( 'NONE', #285 ) ;
#744 = CARTESIAN_POINT ( 'NONE',  ( -5.556583932597439102, 2.887381465113487256, -37.38867513398835740 ) ) ;
#745 = CARTESIAN_POINT ( 'NONE',  ( 0.3059180898280514094, -34.51755521091043022, 5.941297392496800889 ) ) ;
#746 = CARTESIAN_POINT ( 'NONE',  ( 1.046969926904345316, 49.90155989297299755, 0.6630184517444146497 ) ) ;
#747 = ORIENTED_EDGE ( 'NONE', *, *, #435, .T. ) ;
#748 = VERTEX_POINT ( 'NONE', #2249 ) ;
#749 = CARTESIAN_POINT ( 'NONE',  ( -5.380563170409299545, -22.02081434634971302, 30.11147440506729467 ) ) ;
#750 = CARTESIAN_POINT ( 'NONE',  ( -0.1688795059594316306, -13.03695353713103700, 48.24456930547404454 ) ) ;
#751 = CARTESIAN_POINT ( 'NONE',  ( -3.969782328569874341, 33.51097990677461524, 13.58746565206273438 ) ) ;
#752 = DIRECTION ( 'NONE',  ( 1.000000000000000000, 0.000000000000000000, 0.000000000000000000 ) ) ;
#753 = CARTESIAN_POINT ( 'NONE',  ( 2.801538165936542590, -48.71024132392340533, -8.434208712097134963 ) ) ;
#754 = CARTESIAN_POINT ( 'NONE',  ( -2.056915804659396496, 2.702174355888534496, -35.20524287473318026 ) ) ;
#755 = CARTESIAN_POINT ( 'NONE',  ( -5.556583932597439102, 0.000000000000000000, 0.000000000000000000 ) ) ;
#756 = EDGE_CURVE ( 'NONE', #763, #3316, #3306, .T. ) ;
#757 = DIRECTION ( 'NONE',  ( 1.000000000000000000, 0.000000000000000000, 0.000000000000000000 ) ) ;
#758 = ORIENTED_EDGE ( 'NONE', *, *, #1325, .T. ) ;
#759 = DIRECTION ( 'NONE',  ( 1.000000000000000000, 0.000000000000000000, 0.000000000000000000 ) ) ;
#760 = ADVANCED_FACE ( 'NONE', ( #2536, #69 ), #2812, .F. ) ;
#761 = CARTESIAN_POINT ( 'NONE',  ( 0.000000000000000000, 0.000000000000000000, 0.000000000000000000 ) ) ;
#762 = CARTESIAN_POINT ( 'NONE',  ( -5.556583932597439102, -32.18195282558686898, -19.25024447459568222 ) ) ;
#763 = VERTEX_POINT ( 'NONE', #2305 ) ;
#764 = ORIENTED_EDGE ( 'NONE', *, *, #644, .T. ) ;
#765 = CIRCLE ( 'NONE', #120, 35.02499999999999147 ) ;
#766 = AXIS2_PLACEMENT_3D ( 'NONE', #543, #44, #2223 ) ;
#767 = CARTESIAN_POINT ( 'NONE',  ( -3.469446951953614189E-15, 2.678225850554556420, 34.92245311104908012 ) ) ;
#768 = FACE_BOUND ( 'NONE', #1207, .T. ) ;
#769 = CARTESIAN_POINT ( 'NONE',  ( -3.469446951953614189E-15, -30.06751008205516484, 17.96372629677681587 ) ) ;
#770 = CIRCLE ( 'NONE', #2169, 37.50000000000000711 ) ;
#771 = CIRCLE ( 'NONE', #414, 47.50000000000000000 ) ;
#772 = DIRECTION ( 'NONE',  ( 1.000000000000000000, 0.000000000000000000, 0.000000000000000000 ) ) ;
#773 = CARTESIAN_POINT ( 'NONE',  ( 5.194999182140329630, 44.40910534076652283, -17.90063866632343093 ) ) ;
#774 = AXIS2_PLACEMENT_3D ( 'NONE', #548, #1337, #2737 ) ;
#775 = CARTESIAN_POINT ( 'NONE',  ( 0.5286488320023481347, 35.02387071199198942, -0.2896204376505483458 ) ) ;
#776 = CARTESIAN_POINT ( 'NONE',  ( -3.469446951953614189E-15, -29.48271086309422628, 18.90820946475855990 ) ) ;
#777 = EDGE_CURVE ( 'NONE', #1786, #3416, #3469, .T. ) ;
#778 = CARTESIAN_POINT ( 'NONE',  ( 0.000000000000000000, 0.000000000000000000, 0.000000000000000000 ) ) ;
#779 = DIRECTION ( 'NONE',  ( 0.000000000000000000, 0.000000000000000000, -1.000000000000000000 ) ) ;
#780 = B_SPLINE_CURVE_WITH_KNOTS ( 'NONE', 3,
 ( #953, #1506, #2013, #329, #2576, #72, #2606, #2060, #92, #2885, #2540, #2556, #1995, #2592 ),
 .UNSPECIFIED., .F., .F.,
 ( 4, 2, 2, 2, 2, 2, 4 ),
 ( 1.971617195678412416E-07, 0.001556721546461260416, 0.002334983738832106283, 0.003113245931202951716, 0.004669770315944644749, 0.005448032508315492350, 0.006226294700686339952 ),
 .UNSPECIFIED. ) ;
#781 = CARTESIAN_POINT ( 'NONE',  ( 4.188092993901582517, 35.54303886180239402, 33.28800073558732464 ) ) ;
#782 = ORIENTED_EDGE ( 'NONE', *, *, #2307, .T. ) ;
#783 = ORIENTED_EDGE ( 'NONE', *, *, #1469, .F. ) ;
#784 = B_SPLINE_CURVE_WITH_KNOTS ( 'NONE', 3,
 ( #2455, #2605, #2664, #3004, #1627, #3172, #2938, #3440, #1249, #2354, #2731, #3556, #2189, #1796 ),
 .UNSPECIFIED., .F., .F.,
 ( 4, 2, 2, 2, 2, 2, 4 ),
 ( 1.974398904500430022E-07, 0.0004563904265459746879, 0.0006844869198737384792, 0.0009125834132015022164, 0.001140679906529265845, 0.001368776399857029799, 0.001824969386512548166 ),
 .UNSPECIFIED. ) ;
#785 = EDGE_CURVE ( 'NONE', #2603, #952, #519, .T. ) ;
#786 = CARTESIAN_POINT ( 'NONE',  ( 0.1540323861005569173, -9.049607886099989784, -33.83570927449039800 ) ) ;
#787 = CARTESIAN_POINT ( 'NONE',  ( -0.3311252865192430006, -14.23720647743732748, 47.90426005162360923 ) ) ;
#788 = ORIENTED_EDGE ( 'NONE', *, *, #3196, .T. ) ;
#789 = CARTESIAN_POINT ( 'NONE',  ( -4.188095163653576591, -35.78444330051225819, 6.113995675184622058 ) ) ;
#790 = CARTESIAN_POINT ( 'NONE',  ( 4.804961032689089251, -12.57120844569344342, 46.56499508700848367 ) ) ;
#791 = CARTESIAN_POINT ( 'NONE',  ( 1.805199156379295289, -49.02848287248003345, -8.491506628644204469 ) ) ;
#792 = CARTESIAN_POINT ( 'NONE',  ( 1.307726991999699218, 3.940581220723466505, 49.70841038669721001 ) ) ;
#793 = EDGE_CURVE ( 'NONE', #194, #3235, #1724, .T. ) ;
#794 = CARTESIAN_POINT ( 'NONE',  ( -2.378268148537112106E-15, 37.37569721551969337, 33.17465723491041985 ) ) ;
#795 = CARTESIAN_POINT ( 'NONE',  ( 0.000000000000000000, 0.000000000000000000, 0.000000000000000000 ) ) ;
#796 = CARTESIAN_POINT ( 'NONE',  ( 0.000000000000000000, 0.000000000000000000, 0.000000000000000000 ) ) ;
#797 = CARTESIAN_POINT ( 'NONE',  ( -1.046971508578975474, 25.55698681330081001, 24.05060874895256262 ) ) ;
#798 = DIRECTION ( 'NONE',  ( 0.000000000000000000, 0.000000000000000000, -1.000000000000000000 ) ) ;
#799 = ORIENTED_EDGE ( 'NONE', *, *, #3261, .T. ) ;
#800 = ORIENTED_EDGE ( 'NONE', *, *, #1314, .F. ) ;
#801 = EDGE_CURVE ( 'NONE', #2264, #1736, #2573, .T. ) ;
#802 = CARTESIAN_POINT ( 'NONE',  ( -5.601503256229777072, 35.03828307213409232, -13.36845387289296561 ) ) ;
#803 = CARTESIAN_POINT ( 'NONE',  ( 0.000000000000000000, -14.31325167158805733, 47.88143117729234177 ) ) ;
#804 = CARTESIAN_POINT ( 'NONE',  ( -3.469446951953614189E-15, -34.52636457722955754, 5.889038468224478962 ) ) ;
#805 = ORIENTED_EDGE ( 'NONE', *, *, #756, .T. ) ;
#806 = CARTESIAN_POINT ( 'NONE',  ( -3.469446951953614189E-15, -34.52636457722955754, 5.889038468224478962 ) ) ;
#807 = CARTESIAN_POINT ( 'NONE',  ( -0.3311252865191878225, 21.75146876575284693, 44.99321933255324524 ) ) ;
#808 = B_SPLINE_CURVE_WITH_KNOTS ( 'NONE', 3,
 ( #865, #1979, #3017, #275, #1161, #36, #2273, #240, #1400, #2503, #1364, #2798, #513, #3305 ),
 .UNSPECIFIED., .F., .F.,
 ( 4, 2, 2, 2, 2, 2, 4 ),
 ( 2.947675409847148790E-07, 0.001556819483393534487, 0.002335081841319809528, 0.003113344199246084569, 0.004669868915098625110, 0.005448131273024895381, 0.006226393630951164784 ),
 .UNSPECIFIED. ) ;
#809 = CARTESIAN_POINT ( 'NONE',  ( 2.567736996609357725, -48.57021850621489278, -9.751370440330404676 ) ) ;
#810 = CARTESIAN_POINT ( 'NONE',  ( 1.046969926904346870, 3.944144934067981279, 49.74986426070316980 ) ) ;
#811 = FACE_BOUND ( 'NONE', #2933, .T. ) ;
#812 = CARTESIAN_POINT ( 'NONE',  ( 4.599615815309075373, -40.80141918002829726, 26.03112083018449141 ) ) ;
#813 = CARTESIAN_POINT ( 'NONE',  ( 0.000000000000000000, 3.921405277190805450, -42.31870249253892524 ) ) ;
#814 = CARTESIAN_POINT ( 'NONE',  ( 3.515903202787774795, -29.06292656168276167, -39.57683381363938935 ) ) ;
#815 = ORIENTED_EDGE ( 'NONE', *, *, #2978, .F. ) ;
#816 = ADVANCED_FACE ( 'NONE', ( #1226 ), #1824, .F. ) ;
#817 = VERTEX_POINT ( 'NONE', #2589 ) ;
#818 = CARTESIAN_POINT ( 'NONE',  ( 5.556583932597444431, 0.000000000000000000, 0.000000000000000000 ) ) ;
#819 = CARTESIAN_POINT ( 'NONE',  ( -2.056915804659399161, 15.23730314046668433, -31.85177334347488909 ) ) ;
#820 = FACE_OUTER_BOUND ( 'NONE', #3574, .T. ) ;
#821 = ORIENTED_EDGE ( 'NONE', *, *, #3141, .F. ) ;
#822 = AXIS2_PLACEMENT_3D ( 'NONE', #2375, #1528, #3193 ) ;
#823 = TOROIDAL_SURFACE ( 'NONE', #2865, 42.50000000000000000, 7.475000000000004086 ) ;
#824 = CARTESIAN_POINT ( 'NONE',  ( -5.204543592070403513, -36.57764983990226426, 6.255915224452317069 ) ) ;
#825 = DIRECTION ( 'NONE',  ( 1.000000000000000000, 0.000000000000000000, 0.000000000000000000 ) ) ;
#826 = CARTESIAN_POINT ( 'NONE',  ( -3.469446951953614189E-15, 35.02059558823528818, -0.5554364457564059387 ) ) ;
#827 = CARTESIAN_POINT ( 'NONE',  ( 0.5274834676871450467, -20.87412750775659731, -28.12518712386433961 ) ) ;
#828 = TOROIDAL_SURFACE ( 'NONE', #1243, 42.50000000000000000, 7.475000000000004086 ) ;
#829 = CIRCLE ( 'NONE', #2401, 37.50000000000000711 ) ;
#830 = AXIS2_PLACEMENT_3D ( 'NONE', #2454, #985, #1556 ) ;
#831 = CARTESIAN_POINT ( 'NONE',  ( -0.5263101570733887957, 26.25472753991295249, 23.18275019933863490 ) ) ;
#832 = EDGE_CURVE ( 'NONE', #2827, #2495, #1063, .T. ) ;
#833 = CARTESIAN_POINT ( 'NONE',  ( -5.556583932597439102, -31.57684294142381987, 20.22753049318312080 ) ) ;
#834 = ORIENTED_EDGE ( 'NONE', *, *, #740, .F. ) ;
#835 = CIRCLE ( 'NONE', #716, 35.02499999999999147 ) ;
#836 = CARTESIAN_POINT ( 'NONE',  ( -3.515905914969986057, 26.14705873185251761, 24.59710383324546967 ) ) ;
#837 = CARTESIAN_POINT ( 'NONE',  ( 5.556583932597444431, -28.10630291193191255, -38.29211063160045114 ) ) ;
#838 = EDGE_LOOP ( 'NONE', ( #2767, #1778, #1887, #700 ) ) ;
#839 = EDGE_LOOP ( 'NONE', ( #1428 ) ) ;
#840 = EDGE_CURVE ( 'NONE', #3131, #1629, #887, .T. ) ;
#841 = CARTESIAN_POINT ( 'NONE',  ( -5.601503256229765526, 3.269440432009521391, 37.35917021102325464 ) ) ;
#842 = CARTESIAN_POINT ( 'NONE',  ( 3.515903202787784121, -12.80357053473630913, -47.40303847438716645 ) ) ;
#843 = ORIENTED_EDGE ( 'NONE', *, *, #2364, .T. ) ;
#844 = CARTESIAN_POINT ( 'NONE',  ( -1.805201453756178909, -34.73959771825817455, -5.927153816993614655 ) ) ;
#845 = CARTESIAN_POINT ( 'NONE',  ( -3.281287451276764688, 35.77424219827842933, 0.5613814026926906564 ) ) ;
#846 = CARTESIAN_POINT ( 'NONE',  ( -5.556583932597439990, 35.17121706290658523, -13.00905416676818938 ) ) ;
#847 = CARTESIAN_POINT ( 'NONE',  ( -5.601503256229775296, -22.44680305703382572, -30.04226809202998183 ) ) ;
#848 = EDGE_CURVE ( 'NONE', #3452, #2197, #2844, .T. ) ;
#849 = CARTESIAN_POINT ( 'NONE',  ( -5.556583932597439990, 16.19875033384685281, 33.82085876529004764 ) ) ;
#850 = CARTESIAN_POINT ( 'NONE',  ( 0.1541532762803392298, -29.48271086309421918, 18.90820946475858122 ) ) ;
#851 = EDGE_CURVE ( 'NONE', #1774, #3374, #3547, .T. ) ;
#852 = ORIENTED_EDGE ( 'NONE', *, *, #1145, .T. ) ;
#853 = EDGE_CURVE ( 'NONE', #1456, #2916, #2115, .T. ) ;
#854 = FACE_OUTER_BOUND ( 'NONE', #174, .T. ) ;
#855 = CARTESIAN_POINT ( 'NONE',  ( 1.046969926904345760, -29.54330825436241170, -40.22186234632908253 ) ) ;
#856 = CARTESIAN_POINT ( 'NONE',  ( 0.3059180898280354222, 32.47510696043884337, 13.11975839535146804 ) ) ;
#857 = ORIENTED_EDGE ( 'NONE', *, *, #1949, .T. ) ;
#858 = CARTESIAN_POINT ( 'NONE',  ( -0.1687870779475053040, 22.86773125337164458, -44.43610572860283980 ) ) ;
#859 = CARTESIAN_POINT ( 'NONE',  ( -23.49999999999999645, 0.000000000000000000, -30.00000000000000000 ) ) ;
#860 = CARTESIAN_POINT ( 'NONE',  ( -4.599617731266012477, -9.469254574908243072, 35.35580841208257397 ) ) ;
#861 = ORIENTED_EDGE ( 'NONE', *, *, #2792, .T. ) ;
#862 = CARTESIAN_POINT ( 'NONE',  ( 0.5286488320023577936, -20.87547549249794443, 28.12418750133686984 ) ) ;
#863 = CARTESIAN_POINT ( 'NONE',  ( -3.515905914969987389, 35.89387126071081013, 0.5623195087510254320 ) ) ;
#864 = CARTESIAN_POINT ( 'NONE',  ( -4.188095163653573927, 34.05170139431969289, -12.58526748209351176 ) ) ;
#865 = CARTESIAN_POINT ( 'NONE',  ( 5.556583932597444431, 44.52198883143488928, -16.55422938386401555 ) ) ;
#866 = EDGE_CURVE ( 'NONE', #1219, #3316, #180, .T. ) ;
#867 = CARTESIAN_POINT ( 'NONE',  ( -2.801541032638789286, 26.65663529176803337, 23.54336504472310310 ) ) ;
#868 = B_SPLINE_CURVE_WITH_KNOTS ( 'NONE', 3,
 ( #445, #1569, #1344, #2434, #1076, #3550, #2380, #3270, #3480, #3515, #460, #2675, #2147, #3530 ),
 .UNSPECIFIED., .F., .F.,
 ( 4, 2, 2, 2, 2, 2, 4 ),
 ( 1.971617045670887043E-07, 0.001556723823003170262, 0.002334987153652471562, 0.003113250484301772428, 0.004669777145600375462, 0.005448040476249674594, 0.006226303806898974592 ),
 .UNSPECIFIED. ) ;
#869 = CARTESIAN_POINT ( 'NONE',  ( 3.515271977441961848, -41.41042873900472898, 26.41389026626348624 ) ) ;
#870 = ORIENTED_EDGE ( 'NONE', *, *, #1408, .T. ) ;
#871 = DIRECTION ( 'NONE',  ( 1.000000000000000000, 0.000000000000000000, 0.000000000000000000 ) ) ;
#872 = CARTESIAN_POINT ( 'NONE',  ( -3.469446951953614189E-15, -21.54787174047426745, 27.61231334850577213 ) ) ;
#873 = DIRECTION ( 'NONE',  ( 0.000000000000000000, 0.000000000000000000, -1.000000000000000000 ) ) ;
#874 = ORIENTED_EDGE ( 'NONE', *, *, #1490, .F. ) ;
#875 = CARTESIAN_POINT ( 'NONE',  ( 5.556583932597444431, -12.37564109022174286, 45.85949746351366940 ) ) ;
#876 = CARTESIAN_POINT ( 'NONE',  ( -5.556583932597439990, 17.22769991887750152, -33.30850275087591683 ) ) ;
#877 = CARTESIAN_POINT ( 'NONE',  ( -5.556583932597439990, -36.96276768637388699, 6.324856121933131625 ) ) ;
#878 = VERTEX_POINT ( 'NONE', #467 ) ;
#879 = CARTESIAN_POINT ( 'NONE',  ( -2.074421552793070500, 33.11323209623707697, -12.23014299460961496 ) ) ;
#880 = CARTESIAN_POINT ( 'NONE',  ( 0.5286488320023383647, -34.48074037246306034, -6.150930256069520041 ) ) ;
#881 = CIRCLE ( 'NONE', #470, 37.50000000000000711 ) ;
#882 = DIRECTION ( 'NONE',  ( 1.000000000000000000, 0.000000000000000000, 0.000000000000000000 ) ) ;
#883 = EDGE_CURVE ( 'NONE', #2172, #2407, #2400, .T. ) ;
#884 = CARTESIAN_POINT ( 'NONE',  ( -3.469446951953614189E-15, -10.11807391946313217, 33.53170447740883731 ) ) ;
#885 = TOROIDAL_SURFACE ( 'NONE', #3328, 42.50000000000000000, 7.475000000000004086 ) ;
#886 = CIRCLE ( 'NONE', #2980, 47.50000000000000000 ) ;
#887 = B_SPLINE_CURVE_WITH_KNOTS ( 'NONE', 3,
 ( #3466, #409, #2897, #1831, #1520, #1540, #2056, #1210, #2642, #139, #2386, #3484, #1263, #2092 ),
 .UNSPECIFIED., .F., .F.,
 ( 4, 2, 2, 2, 2, 2, 4 ),
 ( 2.947675409793634307E-07, 0.001556819483393524295, 0.002335081841319797819, 0.003113344199246071559, 0.004669868915098615569, 0.005448131273024887575, 0.006226393630951161315 ),
 .UNSPECIFIED. ) ;
#888 = ORIENTED_EDGE ( 'NONE', *, *, #2616, .F. ) ;
#889 = CIRCLE ( 'NONE', #301, 35.02499999999999147 ) ;
#890 = CIRCLE ( 'NONE', #1012, 49.97500000000001563 ) ;
#891 = CARTESIAN_POINT ( 'NONE',  ( 5.556583932597444431, -28.10630291193191255, -38.29211063160045114 ) ) ;
#892 = CARTESIAN_POINT ( 'NONE',  ( -5.556583932597439990, 4.031932718939132521, -37.28261684149797617 ) ) ;
#893 = CARTESIAN_POINT ( 'NONE',  ( 2.555675114558311645, 49.52502540629453875, -0.6605126027520498155 ) ) ;
#894 = VERTEX_POINT ( 'NONE', #2456 ) ;
#895 = ORIENTED_EDGE ( 'NONE', *, *, #3425, .T. ) ;
#896 = B_SPLINE_CURVE_WITH_KNOTS ( 'NONE', 3,
 ( #1639, #2469, #3567, #1093 ),
 .UNSPECIFIED., .F., .F.,
 ( 4, 4 ),
 ( 1.917147537320661048E-06, 0.001295593643117217515 ),
 .UNSPECIFIED. ) ;
#897 = CARTESIAN_POINT ( 'NONE',  ( -25.00000000000000000, 0.000000000000000000, 0.000000000000000000 ) ) ;
#898 = CARTESIAN_POINT ( 'NONE',  ( -0.5263101570733902390, -9.049607886100515586, 33.83570927449028432 ) ) ;
#899 = ORIENTED_EDGE ( 'NONE', *, *, #3439, .F. ) ;
#900 = ADVANCED_FACE ( 'NONE', ( #730 ), #2229, .F. ) ;
#901 = CARTESIAN_POINT ( 'NONE',  ( -4.599617731266014253, 34.33127418148305310, 12.69108284395568198 ) ) ;
#902 = FACE_OUTER_BOUND ( 'NONE', #394, .T. ) ;
#903 = CARTESIAN_POINT ( 'NONE',  ( 4.804961032689095468, -28.54351917689019302, 38.87932049607733376 ) ) ;
#904 = CARTESIAN_POINT ( 'NONE',  ( 2.801538165936542590, -30.31521303140386436, -39.04883282883972839 ) ) ;
#905 = CARTESIAN_POINT ( 'NONE',  ( 5.601502700796334722, -12.79201200653362847, -45.74713563432479191 ) ) ;
#906 = FACE_OUTER_BOUND ( 'NONE', #2655, .T. ) ;
#907 = ORIENTED_EDGE ( 'NONE', *, *, #2023, .T. ) ;
#908 = B_SPLINE_CURVE_WITH_KNOTS ( 'NONE', 3,
 ( #3048, #232, #2174, #252, #2481, #1138, #3258, #1102, #546, #2496, #2462, #3576, #3298, #767 ),
 .UNSPECIFIED., .F., .F.,
 ( 4, 2, 2, 2, 2, 2, 4 ),
 ( 2.947685801801600126E-07, 0.001556821940974611714, 0.002335085527171822019, 0.003113349113369033409, 0.004669876285763458791, 0.005448139871960668013, 0.006226403458157878101 ),
 .UNSPECIFIED. ) ;
#909 = CARTESIAN_POINT ( 'NONE',  ( -2.567739918546542821, -20.92111514030969133, -28.63143174228910226 ) ) ;
#910 = CARTESIAN_POINT ( 'NONE',  ( -2.056915804659397384, -10.19789804871735228, -33.80404927677363247 ) ) ;
#911 = ORIENTED_EDGE ( 'NONE', *, *, #3013, .F. ) ;
#912 = ORIENTED_EDGE ( 'NONE', *, *, #3528, .F. ) ;
#913 = VERTEX_POINT ( 'NONE', #2025 ) ;
#914 = CARTESIAN_POINT ( 'NONE',  ( 4.817901204096652457, -12.57298306755216899, -46.57140435057227990 ) ) ;
#915 = ORIENTED_EDGE ( 'NONE', *, *, #2911, .F. ) ;
#916 = EDGE_CURVE ( 'NONE', #1888, #2866, #3022, .T. ) ;
#917 = EDGE_CURVE ( 'NONE', #141, #2172, #327, .T. ) ;
#918 = CARTESIAN_POINT ( 'NONE',  ( 0.1540323861005463701, -21.54787174047420351, 27.61231334850582542 ) ) ;
#919 = CARTESIAN_POINT ( 'NONE',  ( -1.046971508578977694, -34.39000210851224892, -6.994219838334217343 ) ) ;
#920 = CARTESIAN_POINT ( 'NONE',  ( 3.969779934108145447, -41.86544697011864002, 25.15054423179668674 ) ) ;
#921 = CARTESIAN_POINT ( 'NONE',  ( 0.5944992156788416748, -34.45620242171110448, -6.286932027810181900 ) ) ;
#922 = CARTESIAN_POINT ( 'NONE',  ( 5.556583932597444431, 47.49559558823530381, -0.6468382477899462524 ) ) ;
#923 = DIRECTION ( 'NONE',  ( 1.000000000000000000, 0.000000000000000000, 0.000000000000000000 ) ) ;
#924 = VERTEX_POINT ( 'NONE', #1026 ) ;
#925 = EDGE_CURVE ( 'NONE', #3521, #3382, #1182, .T. ) ;
#926 = CARTESIAN_POINT ( 'NONE',  ( 5.556583932597444431, -46.56803660056404937, 9.363117385172941454 ) ) ;
#927 = CARTESIAN_POINT ( 'NONE',  ( 0.5263093472665456574, -42.83513221543108784, -25.74202931174110631 ) ) ;
#928 = ORIENTED_EDGE ( 'NONE', *, *, #3228, .T. ) ;
#929 = ORIENTED_EDGE ( 'NONE', *, *, #2257, .F. ) ;
#930 = DIRECTION ( 'NONE',  ( 0.000000000000000000, 0.000000000000000000, -1.000000000000000000 ) ) ;
#931 = EDGE_CURVE ( 'NONE', #1736, #1042, #2461, .T. ) ;
#932 = ORIENTED_EDGE ( 'NONE', *, *, #2826, .T. ) ;
#933 = ORIENTED_EDGE ( 'NONE', *, *, #2810, .F. ) ;
#934 = CARTESIAN_POINT ( 'NONE',  ( -3.515905914969988721, -35.17938395420390663, -7.148226487255622708 ) ) ;
#935 = CARTESIAN_POINT ( 'NONE',  ( -3.469446951953614189E-15, 15.11281637889359963, -31.59673094004892491 ) ) ;
#936 = CARTESIAN_POINT ( 'NONE',  ( 0.4806690185974700769, -9.246659584032100199, 33.78242805125309189 ) ) ;
#937 = B_SPLINE_CURVE_WITH_KNOTS ( 'NONE', 3,
 ( #533, #2216, #847, #1381 ),
 .UNSPECIFIED., .F., .F.,
 ( 4, 4 ),
 ( 1.703398595658423014E-06, 0.001151158023206738179 ),
 .UNSPECIFIED. ) ;
#938 = CARTESIAN_POINT ( 'NONE',  ( -3.469446951953614189E-15, -20.66137603572795456, -28.28176382954652723 ) ) ;
#939 = DIRECTION ( 'NONE',  ( 0.000000000000000000, 0.000000000000000000, -1.000000000000000000 ) ) ;
#940 = VERTEX_POINT ( 'NONE', #1316 ) ;
#941 = EDGE_CURVE ( 'NONE', #3115, #961, #718, .T. ) ;
#942 = AXIS2_PLACEMENT_3D ( 'NONE', #1293, #686, #2934 ) ;
#943 = DIRECTION ( 'NONE',  ( 0.000000000000000000, 0.000000000000000000, -1.000000000000000000 ) ) ;
#944 = AXIS2_PLACEMENT_3D ( 'NONE', #589, #3075, #1422 ) ;
#945 = CARTESIAN_POINT ( 'NONE',  ( -3.469446951953614189E-15, -30.06751008205488773, -17.96372629677728128 ) ) ;
#946 = ORIENTED_EDGE ( 'NONE', *, *, #1504, .F. ) ;
#947 = AXIS2_PLACEMENT_3D ( 'NONE', #3212, #697, #3525 ) ;
#948 = CARTESIAN_POINT ( 'NONE',  ( 0.000000000000000000, 0.000000000000000000, 0.000000000000000000 ) ) ;
#949 = AXIS2_PLACEMENT_3D ( 'NONE', #1303, #2974, #438 ) ;
#950 = CARTESIAN_POINT ( 'NONE',  ( 5.556583932597444431, -13.61993231763977263, -45.50546608554748929 ) ) ;
#951 = EDGE_LOOP ( 'NONE', ( #469, #113, #3431, #915 ) ) ;
#952 = VERTEX_POINT ( 'NONE', #2954 ) ;
#953 = CARTESIAN_POINT ( 'NONE',  ( -2.378268148537112106E-15, 22.86773125337105128, 44.43610572860314534 ) ) ;
#954 = CARTESIAN_POINT ( 'NONE',  ( 5.556583932597444431, 44.52198883143466190, 16.55422938386464793 ) ) ;
#955 = B_SPLINE_CURVE_WITH_KNOTS ( 'NONE', 3,
 ( #284, #1354, #802, #3027 ),
 .UNSPECIFIED., .F., .F.,
 ( 4, 4 ),
 ( 1.703398595626493684E-06, 0.001151158023206735577 ),
 .UNSPECIFIED. ) ;
#956 = CARTESIAN_POINT ( 'NONE',  ( 0.6116626697213672914, -9.659495741970433258, 33.66675745658452001 ) ) ;
#957 = CARTESIAN_POINT ( 'NONE',  ( -5.556583932597439990, -31.57684294142352499, -20.22753049318360752 ) ) ;
#958 = CARTESIAN_POINT ( 'NONE',  ( -3.469446951953614189E-15, 26.25472753991292763, 23.18275019933866332 ) ) ;
#959 = CARTESIAN_POINT ( 'NONE',  ( 1.043258717209529118, 37.33482957884009323, 33.13789484277107533 ) ) ;
#960 = CARTESIAN_POINT ( 'NONE',  ( 5.380562815295798273, 47.69121081067492440, -0.6481702190980951350 ) ) ;
#961 = VERTEX_POINT ( 'NONE', #449 ) ;
#962 = CARTESIAN_POINT ( 'NONE',  ( 0.5944992156788319049, 25.78158108235045276, -23.70792012265993876 ) ) ;
#963 = ADVANCED_FACE ( 'NONE', ( #1168 ), #123, .F. ) ;
#964 = CARTESIAN_POINT ( 'NONE',  ( -4.804962602584520681, -10.60817880949027625, -35.20434912786639359 ) ) ;
#965 = EDGE_LOOP ( 'NONE', ( #1385, #2546, #1655, #3420 ) ) ;
#966 = EDGE_CURVE ( 'NONE', #631, #1574, #1465, .T. ) ;
#967 = CARTESIAN_POINT ( 'NONE',  ( 0.000000000000000000, -30.64347767414183465, 39.47756199456055271 ) ) ;
#968 = CARTESIAN_POINT ( 'NONE',  ( -2.378268148537112106E-15, -14.31325167158724376, -47.88143117729257625 ) ) ;
#969 = ORIENTED_EDGE ( 'NONE', *, *, #2616, .T. ) ;
#970 = VERTEX_POINT ( 'NONE', #576 ) ;
#971 = CARTESIAN_POINT ( 'NONE',  ( -0.5263101570733891288, 3.784359954153648342, 34.81995469177691405 ) ) ;
#972 = CARTESIAN_POINT ( 'NONE',  ( -5.556583932597439102, 37.49559558823533933, -0.5747273123026690467 ) ) ;
#973 = CARTESIAN_POINT ( 'NONE',  ( -0.1687870779475206529, -42.13658108803311819, -26.87022811982827619 ) ) ;
#974 = SPHERICAL_SURFACE ( 'NONE', #294, 7.500000000000000000 ) ;
#975 = CARTESIAN_POINT ( 'NONE',  ( -0.3311252865191560701, -49.22820410384421308, 8.608141500057980622 ) ) ;
#976 = CARTESIAN_POINT ( 'NONE',  ( 2.555675114558314753, 37.04441986387901409, 32.87666916433540365 ) ) ;
#977 = CARTESIAN_POINT ( 'NONE',  ( -2.378268148537112106E-15, 49.97059558823529812, -0.6634768700108067963 ) ) ;
#978 = EDGE_CURVE ( 'NONE', #3579, #1606, #651, .T. ) ;
#979 = ORIENTED_EDGE ( 'NONE', *, *, #2093, .T. ) ;
#980 = B_SPLINE_CURVE_WITH_KNOTS ( 'NONE', 3,
 ( #1896, #3217, #2674, #1290, #3000, #1532, #168, #2656, #481, #2106 ),
 .UNSPECIFIED., .F., .F.,
 ( 4, 2, 2, 2, 4 ),
 ( 1.968926466646020628E-07, 0.0004987066525189168481, 0.0009972164123911689444, 0.001495726172263421149, 0.001994235932135673354 ),
 .UNSPECIFIED. ) ;
#981 = CARTESIAN_POINT ( 'NONE',  ( -3.469446951953614189E-15, 2.678225850554556420, 34.92245311104908012 ) ) ;
#982 = CARTESIAN_POINT ( 'NONE',  ( 2.056913264089353710, -42.59285399660807059, -25.59423569903017892 ) ) ;
#983 = ORIENTED_EDGE ( 'NONE', *, *, #3228, .F. ) ;
#984 = CARTESIAN_POINT ( 'NONE',  ( 3.969779934108149000, -29.95294216742837179, 38.57572786971189061 ) ) ;
#985 = DIRECTION ( 'NONE',  ( 1.000000000000000000, 0.000000000000000000, 0.000000000000000000 ) ) ;
#986 = CARTESIAN_POINT ( 'NONE',  ( 1.805199156379295733, -14.25259031953673627, -47.67348830099202672 ) ) ;
#987 = ORIENTED_EDGE ( 'NONE', *, *, #2387, .F. ) ;
#988 = EDGE_LOOP ( 'NONE', ( #1611 ) ) ;
#989 = CARTESIAN_POINT ( 'NONE',  ( -0.3311252865192039763, -13.11362631797740796, -48.22394616958688829 ) ) ;
#990 = DIRECTION ( 'NONE',  ( 1.000000000000000000, 0.000000000000000000, 0.000000000000000000 ) ) ;
#991 = CARTESIAN_POINT ( 'NONE',  ( -5.601503256229778849, 37.50146848216373741, -0.1915757707665606824 ) ) ;
#992 = CARTESIAN_POINT ( 'NONE',  ( -0.6119266459123777757, -42.40182980930016043, -26.45020502867066980 ) ) ;
#993 = CARTESIAN_POINT ( 'NONE',  ( -2.074421552793070056, -10.19531578185816656, 33.79523744014914399 ) ) ;
#994 = CARTESIAN_POINT ( 'NONE',  ( -0.3305743550284707122, -49.01342652589210758, 9.757068142701998070 ) ) ;
#995 = CARTESIAN_POINT ( 'NONE',  ( 5.194999182140323413, 5.064164744461003842, 47.61255860873820467 ) ) ;
#996 = VERTEX_POINT ( 'NONE', #2280 ) ;
#997 = B_SPLINE_CURVE_WITH_KNOTS ( 'NONE', 3,
 ( #477, #1580, #163, #202, #3493, #3510, #1271, #3192, #3230, #737, #2430, #773, #2685, #1033 ),
 .UNSPECIFIED., .F., .F.,
 ( 4, 2, 2, 2, 2, 2, 4 ),
 ( 1.971617195680834400E-07, 0.001556721546461262802, 0.002334983738832109752, 0.003113245931202956920, 0.004669770315944649954, 0.005448032508315496687, 0.006226294700686342554 ),
 .UNSPECIFIED. ) ;
#998 = ADVANCED_FACE ( 'NONE', ( #3459 ), #1007, .F. ) ;
#999 = DIRECTION ( 'NONE',  ( 0.000000000000000000, 0.000000000000000000, -1.000000000000000000 ) ) ;
#1000 = CARTESIAN_POINT ( 'NONE',  ( -3.281287451276767797, 3.859817287275864928, -35.56983784682214633 ) ) ;
#1001 = ORIENTED_EDGE ( 'NONE', *, *, #1126, .F. ) ;
#1002 = CARTESIAN_POINT ( 'NONE',  ( 3.515903202787788118, -30.11256625443179402, 38.78418271170158960 ) ) ;
#1003 = CIRCLE ( 'NONE', #3, 35.02499999999999147 ) ;
#1004 = TOROIDAL_SURFACE ( 'NONE', #1183, 42.50000000000000000, 7.475000000000004086 ) ;
#1005 = CARTESIAN_POINT ( 'NONE',  ( 0.5274834676872049988, -34.48103434935266165, 6.149278019509937465 ) ) ;
#1006 = CARTESIAN_POINT ( 'NONE',  ( -4.188095163653575703, 16.68587110012426677, -32.24110778298088320 ) ) ;
#1007 = TOROIDAL_SURFACE ( 'NONE', #2457, 42.50000000000000000, 7.475000000000004086 ) ;
#1008 = CIRCLE ( 'NONE', #1593, 49.97500000000000853 ) ;
#1009 = VERTEX_POINT ( 'NONE', #3095 ) ;
#1010 = ORIENTED_EDGE ( 'NONE', *, *, #3398, .T. ) ;
#1011 = AXIS2_PLACEMENT_3D ( 'NONE', #3050, #2776, #234 ) ;
#1012 = AXIS2_PLACEMENT_3D ( 'NONE', #1267, #1834, #1797 ) ;
#1013 = CARTESIAN_POINT ( 'NONE',  ( -5.556583932597439102, 4.031932718938539217, 37.28261684149804012 ) ) ;
#1014 = CARTESIAN_POINT ( 'NONE',  ( 5.556583932597444431, 21.74963453899328769, 42.22799305461047226 ) ) ;
#1015 = CARTESIAN_POINT ( 'NONE',  ( -2.378268148537112106E-15, -42.83513221543099547, -25.74202931174126974 ) ) ;
#1016 = CIRCLE ( 'NONE', #3496, 35.02499999999999147 ) ;
#1017 = EDGE_CURVE ( 'NONE', #2550, #1727, #2768, .T. ) ;
#1018 = CARTESIAN_POINT ( 'NONE',  ( -5.556583932597439990, -10.81394427001748682, 35.90694374804066769 ) ) ;
#1019 = DIRECTION ( 'NONE',  ( 0.000000000000000000, -0.4457383557765358106, -0.8951632913550636728 ) ) ;
#1020 = DIRECTION ( 'NONE',  ( 1.000000000000000000, 0.000000000000000000, 0.000000000000000000 ) ) ;
#1021 = DIRECTION ( 'NONE',  ( 1.000000000000000000, 0.000000000000000000, 0.000000000000000000 ) ) ;
#1022 = CARTESIAN_POINT ( 'NONE',  ( 0.5944992156787730631, 3.382454940022195711, 34.86135967266559987 ) ) ;
#1023 = DIRECTION ( 'NONE',  ( 0.000000000000000000, 0.000000000000000000, -1.000000000000000000 ) ) ;
#1024 = CARTESIAN_POINT ( 'NONE',  ( -3.469446951953614189E-15, 3.784359954153603489, 34.81995469177693536 ) ) ;
#1025 = CARTESIAN_POINT ( 'NONE',  ( 4.599615815309080702, 3.815065543413590721, -48.24749043918768621 ) ) ;
#1026 = CARTESIAN_POINT ( 'NONE',  ( -5.556583932597439990, 16.19875033384685281, 33.82085876529004764 ) ) ;
#1027 = VERTEX_POINT ( 'NONE', #2787 ) ;
#1028 = EDGE_LOOP ( 'NONE', ( #2613, #3168, #1202, #509 ) ) ;
#1029 = CARTESIAN_POINT ( 'NONE',  ( -3.515274631057117016, 3.870224201211454051, 35.67329183233419343 ) ) ;
#1030 = SPHERICAL_SURFACE ( 'NONE', #3267, 7.500000000000000000 ) ;
#1031 = CARTESIAN_POINT ( 'NONE',  ( -5.380563170409302209, 37.29998076043928279, -0.5732282218143669450 ) ) ;
#1032 = CARTESIAN_POINT ( 'NONE',  ( -0.3305743550284993559, 46.38602323176055364, -18.59712900672912284 ) ) ;
#1033 = CARTESIAN_POINT ( 'NONE',  ( 5.556583932597444431, 44.05465897866447023, -17.76054678982542612 ) ) ;
#1034 = CARTESIAN_POINT ( 'NONE',  ( -5.556583932597439102, -36.75155595334957326, 7.454739097233115785 ) ) ;
#1035 = CARTESIAN_POINT ( 'NONE',  ( 2.056913264089353710, 36.27327999315211571, -33.96270411984702520 ) ) ;
#1036 = CARTESIAN_POINT ( 'NONE',  ( -1.805201453756179575, -29.66597020018291886, 19.02369612032763868 ) ) ;
#1037 = VERTEX_POINT ( 'NONE', #1803 ) ;
#1038 = DIRECTION ( 'NONE',  ( 1.000000000000000000, 0.000000000000000000, 0.000000000000000000 ) ) ;
#1039 = CARTESIAN_POINT ( 'NONE',  ( 1.046969926904345982, 36.43102510153026685, 34.10844005918468724 ) ) ;
#1040 = CARTESIAN_POINT ( 'NONE',  ( 5.601502700796343603, -40.27305692817493110, -25.18961840879273950 ) ) ;
#1041 = ORIENTED_EDGE ( 'NONE', *, *, #3446, .T. ) ;
#1042 = VERTEX_POINT ( 'NONE', #2361 ) ;
#1043 = EDGE_CURVE ( 'NONE', #84, #1132, #1998, .T. ) ;
#1044 = CARTESIAN_POINT ( 'NONE',  ( -4.599617731266016030, 3.942174215912456869, 36.38899879259809467 ) ) ;
#1045 = CARTESIAN_POINT ( 'NONE',  ( -1.805201453756180463, 15.20783071769406902, -31.79139328275298126 ) ) ;
#1046 = CARTESIAN_POINT ( 'NONE',  ( -3.281287451276766465, 33.15569302460487933, 13.44661942640389363 ) ) ;
#1047 = CARTESIAN_POINT ( 'NONE',  ( -3.469446951953614189E-15, -34.52636457722946517, -5.889038468225015421 ) ) ;
#1048 = DIRECTION ( 'NONE',  ( 0.000000000000000000, 0.000000000000000000, -1.000000000000000000 ) ) ;
#1049 = CARTESIAN_POINT ( 'NONE',  ( 0.6116626697215061803, 35.02499713155890504, 0.07740519314516856875 ) ) ;
#1050 = CARTESIAN_POINT ( 'NONE',  ( 4.817901204096653345, 3.801431044727105579, 48.08871726729297080 ) ) ;
#1051 = CARTESIAN_POINT ( 'NONE',  ( 2.801538165936543923, 36.08512241891921946, -33.78886542110704738 ) ) ;
#1052 = B_SPLINE_CURVE_WITH_KNOTS ( 'NONE', 3,
 ( #456, #2704, #146, #2650 ),
 .UNSPECIFIED., .F., .F.,
 ( 4, 4 ),
 ( 1.703398595672549195E-06, 0.001151158023206741432 ),
 .UNSPECIFIED. ) ;
#1053 = FACE_OUTER_BOUND ( 'NONE', #633, .T. ) ;
#1054 = ORIENTED_EDGE ( 'NONE', *, *, #2508, .T. ) ;
#1055 = DIRECTION ( 'NONE',  ( 0.000000000000000000, 0.000000000000000000, -1.000000000000000000 ) ) ;
#1056 = EDGE_CURVE ( 'NONE', #3130, #1844, #413, .T. ) ;
#1057 = CARTESIAN_POINT ( 'NONE',  ( 0.5944992156789110638, -34.40055368991223617, 6.584626449214975530 ) ) ;
#1058 = CARTESIAN_POINT ( 'NONE',  ( -0.3311252865191709471, -29.64859103272126362, -40.23030237456841718 ) ) ;
#1059 = ORIENTED_EDGE ( 'NONE', *, *, #978, .F. ) ;
#1060 = EDGE_LOOP ( 'NONE', ( #3367, #3516, #1850, #2250 ) ) ;
#1061 = AXIS2_PLACEMENT_3D ( 'NONE', #3198, #3498, #702 ) ;
#1062 = CARTESIAN_POINT ( 'NONE',  ( 0.1541532762803400902, -10.11807391946262236, -33.53170447740898652 ) ) ;
#1063 = B_SPLINE_CURVE_WITH_KNOTS ( 'NONE', 3,
 ( #968, #2882, #157, #986, #2318, #1281, #2662, #3419, #2074, #2913, #87, #2333, #708, #950 ),
 .UNSPECIFIED., .F., .F.,
 ( 4, 2, 2, 2, 2, 2, 4 ),
 ( 1.971617195677414770E-07, 0.001556721546461258031, 0.002334983738832104982, 0.003113245931202951716, 0.004669770315944643882, 0.005448032508315490616, 0.006226294700686337349 ),
 .UNSPECIFIED. ) ;
#1064 = CARTESIAN_POINT ( 'NONE',  ( -5.380563170409295104, 16.11289923291817061, -33.64508335007136708 ) ) ;
#1065 = FACE_OUTER_BOUND ( 'NONE', #2439, .T. ) ;
#1066 = ORIENTED_EDGE ( 'NONE', *, *, #88, .F. ) ;
#1067 = AXIS2_PLACEMENT_3D ( 'NONE', #2135, #1297, #3005 ) ;
#1068 = CIRCLE ( 'NONE', #3099, 47.50000000000000000 ) ;
#1069 = CARTESIAN_POINT ( 'NONE',  ( 5.556583932597444431, -29.13867904193220681, -37.51249636709428614 ) ) ;
#1070 = CARTESIAN_POINT ( 'NONE',  ( 5.556583932597444431, -12.37564109022174286, 45.85949746351366940 ) ) ;
#1071 = AXIS2_PLACEMENT_3D ( 'NONE', #2324, #1199, #2311 ) ;
#1072 = CARTESIAN_POINT ( 'NONE',  ( -0.5525058339322720391, 4.943484299578972951, 49.73005450962395457 ) ) ;
#1073 = CARTESIAN_POINT ( 'NONE',  ( 0.000000000000000000, 0.000000000000000000, 0.000000000000000000 ) ) ;
#1074 = B_SPLINE_CURVE_WITH_KNOTS ( 'NONE', 3,
 ( #2707, #1842, #1050, #2672, #165, #2999, #2161, #1928, #1661, #792, #810, #3088, #1948, #1912 ),
 .UNSPECIFIED., .F., .F.,
 ( 4, 2, 2, 2, 2, 2, 4 ),
 ( 2.947675409843170382E-07, 0.001556819483393523862, 0.002335081841319793915, 0.003113344199246063319, 0.004669868915098612100, 0.005448131273024887575, 0.006226393630951163050 ),
 .UNSPECIFIED. ) ;
#1075 = CARTESIAN_POINT ( 'NONE',  ( -25.00000000000000000, 49.97500000000000853, 0.000000000000000000 ) ) ;
#1076 = CARTESIAN_POINT ( 'NONE',  ( -2.056915804659396496, 25.71454970311338784, -24.19654532541131786 ) ) ;
#1077 = ORIENTED_EDGE ( 'NONE', *, *, #602, .T. ) ;
#1078 = EDGE_CURVE ( 'NONE', #368, #246, #455, .T. ) ;
#1079 = CARTESIAN_POINT ( 'NONE',  ( 0.000000000000000000, 0.000000000000000000, 0.000000000000000000 ) ) ;
#1080 = EDGE_CURVE ( 'NONE', #1514, #2407, #2720, .T. ) ;
#1081 = CARTESIAN_POINT ( 'NONE',  ( -3.969782328569872565, 26.33969941178282070, 24.77549660562153022 ) ) ;
#1082 = DIRECTION ( 'NONE',  ( 1.000000000000000000, 0.000000000000000000, 0.000000000000000000 ) ) ;
#1083 = CARTESIAN_POINT ( 'NONE',  ( -5.601503256229769079, -31.98524276592001314, -19.57909816104477940 ) ) ;
#1084 = VERTEX_POINT ( 'NONE', #776 ) ;
#1085 = ORIENTED_EDGE ( 'NONE', *, *, #2093, .F. ) ;
#1086 = DIRECTION ( 'NONE',  ( 1.000000000000000000, 0.000000000000000000, 0.000000000000000000 ) ) ;
#1087 = CARTESIAN_POINT ( 'NONE',  ( -0.5525058339322916900, -13.35490592478068983, 48.15768730213913074 ) ) ;
#1088 = CARTESIAN_POINT ( 'NONE',  ( 5.601502700796333833, 4.168189578959959007, 47.31872975423642913 ) ) ;
#1089 = ORIENTED_EDGE ( 'NONE', *, *, #550, .F. ) ;
#1090 = DIRECTION ( 'NONE',  ( 0.000000000000000000, 0.000000000000000000, -1.000000000000000000 ) ) ;
#1091 = CARTESIAN_POINT ( 'NONE',  ( -0.5251770792775654062, -29.49443515856528819, -18.91559812549262887 ) ) ;
#1092 = CARTESIAN_POINT ( 'NONE',  ( 3.969779934108135233, -47.88275071864771348, -9.618092782834715138 ) ) ;
#1093 = CARTESIAN_POINT ( 'NONE',  ( 5.556583932597444431, 5.026419636518689060, -47.23330504673179320 ) ) ;
#1094 = CARTESIAN_POINT ( 'NONE',  ( 0.000000000000000000, 18.94388012050333003, -38.04443988258992704 ) ) ;
#1095 = ADVANCED_FACE ( 'NONE', ( #3232 ), #410, .F. ) ;
#1096 = CARTESIAN_POINT ( 'NONE',  ( -0.6117970708675537495, 36.81926821807909533, -33.79156707110105629 ) ) ;
#1097 = DIRECTION ( 'NONE',  ( 1.000000000000000000, 0.000000000000000000, 0.000000000000000000 ) ) ;
#1098 = FACE_BOUND ( 'NONE', #1060, .T. ) ;
#1099 = CARTESIAN_POINT ( 'NONE',  ( 5.556583932597444431, -12.37564109022107495, -45.85949746351383993 ) ) ;
#1100 = ORIENTED_EDGE ( 'NONE', *, *, #314, .T. ) ;
#1101 = ORIENTED_EDGE ( 'NONE', *, *, #717, .T. ) ;
#1102 = CARTESIAN_POINT ( 'NONE',  ( -2.567739918546544597, 2.714984052495153843, 35.35648178088639781 ) ) ;
#1103 = DIRECTION ( 'NONE',  ( 0.000000000000000000, -0.6736956436465479925, -0.7390089172206675272 ) ) ;
#1104 = ORIENTED_EDGE ( 'NONE', *, *, #2144, .F. ) ;
#1105 = CARTESIAN_POINT ( 'NONE',  ( 0.3065306711279712770, 26.21964143446698969, 23.22264330459055159 ) ) ;
#1106 = DIRECTION ( 'NONE',  ( 1.000000000000000000, 0.000000000000000000, 0.000000000000000000 ) ) ;
#1107 = CARTESIAN_POINT ( 'NONE',  ( -0.5518461579784998960, 4.277786431311805693, 49.79173347678153760 ) ) ;
#1108 = CARTESIAN_POINT ( 'NONE',  ( 5.556583932597444431, 21.74963453899389876, -42.22799305461015251 ) ) ;
#1109 = DIRECTION ( 'NONE',  ( -0.000000000000000000, 0.000000000000000000, 1.000000000000000000 ) ) ;
#1110 = CARTESIAN_POINT ( 'NONE',  ( 1.043258717209528008, -42.09003811691867725, 26.84098108504829838 ) ) ;
#1111 = ADVANCED_FACE ( 'NONE', ( #1309 ), #1885, .F. ) ;
#1112 = CARTESIAN_POINT ( 'NONE',  ( -5.204543592070403513, 27.03528683239514763, 25.41956350915879881 ) ) ;
#1113 = DIRECTION ( 'NONE',  ( 0.000000000000000000, 0.000000000000000000, -1.000000000000000000 ) ) ;
#1114 = EDGE_LOOP ( 'NONE', ( #2564 ) ) ;
#1115 = ORIENTED_EDGE ( 'NONE', *, *, #2881, .F. ) ;
#1116 = CARTESIAN_POINT ( 'NONE',  ( 0.3065306711279763285, -10.06724209770480627, -33.54715182471475998 ) ) ;
#1117 = DIRECTION ( 'NONE',  ( 0.000000000000000000, 0.000000000000000000, -1.000000000000000000 ) ) ;
#1118 = EDGE_LOOP ( 'NONE', ( #2600, #1924, #1903, #2693, #271, #2010, #821, #800, #911, #645, #122, #2520, #1351, #3012, #2813, #3044, #2281, #874, #1899, #3350, #1992, #3593, #1228, #2042, #540, #1919, #573, #2985, #1445, #1541, #385, #3478, #1701, #1407 ) ) ;
#1119 = CIRCLE ( 'NONE', #2690, 49.97500000000001563 ) ;
#1120 = CIRCLE ( 'NONE', #1061, 37.50000000000000711 ) ;
#1121 = EDGE_CURVE ( 'NONE', #2876, #1786, #1554, .T. ) ;
#1122 = DIRECTION ( 'NONE',  ( 1.000000000000000000, 0.000000000000000000, 0.000000000000000000 ) ) ;
#1123 = CARTESIAN_POINT ( 'NONE',  ( -0.1687870779475148519, 21.67989097597739345, 45.02757990687189249 ) ) ;
#1124 = CARTESIAN_POINT ( 'NONE',  ( -2.378268148537112106E-15, -49.24166479336523139, -8.529892928862338408 ) ) ;
#1125 = CARTESIAN_POINT ( 'NONE',  ( -5.556583932597439990, 28.09677078279074181, -24.83589079496277918 ) ) ;
#1126 = EDGE_CURVE ( 'NONE', #3144, #1727, #2452, .T. ) ;
#1127 = AXIS2_PLACEMENT_3D ( 'NONE', #204, #1021, #1565 ) ;
#1128 = PRODUCT_DEFINITION_FORMATION_WITH_SPECIFIED_SOURCE ( 'Symmetric', '', #1162, .NOT_KNOWN. ) ;
#1129 = CIRCLE ( 'NONE', #1011, 35.02499999999999147 ) ;
#1130 = CARTESIAN_POINT ( 'NONE',  ( -4.804962602584518017, 27.55195705678488594, 24.34685436584994989 ) ) ;
#1131 = CARTESIAN_POINT ( 'NONE',  ( 0.3065306711279807139, -29.51147930618494541, 18.86354548235511430 ) ) ;
#1132 = VERTEX_POINT ( 'NONE', #1341 ) ;
#1133 = CARTESIAN_POINT ( 'NONE',  ( 0.6120577571880263523, 3.157231399059557297, -34.88249282265284990 ) ) ;
#1134 = DIRECTION ( 'NONE',  ( 1.000000000000000000, 0.000000000000000000, 0.000000000000000000 ) ) ;
#1135 = DIRECTION ( 'NONE',  ( 1.000000000000000000, 0.000000000000000000, 0.000000000000000000 ) ) ;
#1136 = ORIENTED_EDGE ( 'NONE', *, *, #3540, .T. ) ;
#1137 = CARTESIAN_POINT ( 'NONE',  ( 0.000000000000000000, 0.000000000000000000, 0.000000000000000000 ) ) ;
#1138 = CARTESIAN_POINT ( 'NONE',  ( -3.515905914969988721, 2.751947863151800178, 35.79263863239057031 ) ) ;
#1139 = CARTESIAN_POINT ( 'NONE',  ( -2.555678084769640090, -9.168156295631240127, 34.26523508602898005 ) ) ;
#1140 = ORIENTED_EDGE ( 'NONE', *, *, #134, .F. ) ;
#1141 = CARTESIAN_POINT ( 'NONE',  ( -2.555678084769641867, 33.27313489324184559, 12.29064358518652789 ) ) ;
#1142 = CARTESIAN_POINT ( 'NONE',  ( 2.555675114558307648, -12.91786857711675829, 47.81519726840883067 ) ) ;
#1143 = CARTESIAN_POINT ( 'NONE',  ( 4.188092993901580741, -41.05450516641284509, -26.19019301274882849 ) ) ;
#1144 = DIRECTION ( 'NONE',  ( 1.000000000000000000, 0.000000000000000000, 0.000000000000000000 ) ) ;
#1145 = EDGE_CURVE ( 'NONE', #235, #341, #1592, .T. ) ;
#1146 = PLANE ( 'NONE',  #2103 ) ;
#1147 = CARTESIAN_POINT ( 'NONE',  ( -3.469446951953614189E-15, -29.48271086309422628, 18.90820946475855990 ) ) ;
#1148 = EDGE_CURVE ( 'NONE', #1132, #286, #1203, .T. ) ;
#1149 = ORIENTED_EDGE ( 'NONE', *, *, #851, .F. ) ;
#1150 = CARTESIAN_POINT ( 'NONE',  ( -5.556583932597439102, -31.57684294142381987, 20.22753049318312080 ) ) ;
#1151 = CARTESIAN_POINT ( 'NONE',  ( -4.188095163653573039, -22.32605044520984450, 28.62612088568233659 ) ) ;
#1152 = CARTESIAN_POINT ( 'NONE',  ( 0.5286488320023587928, 32.76340977463982540, 12.38201839714636776 ) ) ;
#1153 = EDGE_LOOP ( 'NONE', ( #10, #1955, #1550, #1292 ) ) ;
#1154 = VERTEX_POINT ( 'NONE', #722 ) ;
#1155 = FACE_BOUND ( 'NONE', #1260, .T. ) ;
#1156 = CARTESIAN_POINT ( 'NONE',  ( -3.515274631057113908, 33.25234973357372326, -13.48494059010354995 ) ) ;
#1157 = EDGE_LOOP ( 'NONE', ( #433, #5, #2956, #2088 ) ) ;
#1158 = CARTESIAN_POINT ( 'NONE',  ( 2.074418812251864530, 5.244196339634926041, -49.42294149823764116 ) ) ;
#1159 = CARTESIAN_POINT ( 'NONE',  ( -1.046971508578976806, 26.30611433812115862, -23.22885499976529999 ) ) ;
#1160 = FACE_OUTER_BOUND ( 'NONE', #2567, .T. ) ;
#1161 = CARTESIAN_POINT ( 'NONE',  ( 3.969779934108141894, 45.77400855328659901, -17.02955272833143496 ) ) ;
#1162 = PRODUCT ( 'ISO 15 ABB - 4260 - Full,DE,NC,Full_68_ISO 15 ABB - 4260 - Full,DE,NC,Full_68', 'ISO 15 ABB - 4260 - Full,DE,NC,Full_68_ISO 15 ABB - 4260 - Full,DE,NC,Full_68', '', ( #1557 ) ) ;
#1163 = B_SPLINE_CURVE_WITH_KNOTS ( 'NONE', 3,
 ( #217, #1617, #1285, #2140 ),
 .UNSPECIFIED., .F., .F.,
 ( 4, 4 ),
 ( 1.917147537323166572E-06, 0.001295593643117218816 ),
 .UNSPECIFIED. ) ;
#1164 = CARTESIAN_POINT ( 'NONE',  ( 2.567736996609357725, -48.81298123862000438, 8.452704526016617592 ) ) ;
#1165 = ORIENTED_EDGE ( 'NONE', *, *, #851, .T. ) ;
#1166 = CARTESIAN_POINT ( 'NONE',  ( 5.380562815295799162, 20.67758370505684340, -42.98033556571576241 ) ) ;
#1167 = CARTESIAN_POINT ( 'NONE',  ( 0.5251762499567611542, -29.57626794826783723, -40.26611610458586199 ) ) ;
#1168 = FACE_OUTER_BOUND ( 'NONE', #3284, .T. ) ;
#1169 = ORIENTED_EDGE ( 'NONE', *, *, #134, .T. ) ;
#1170 = EDGE_CURVE ( 'NONE', #1493, #1411, #1074, .T. ) ;
#1171 = DIRECTION ( 'NONE',  ( 1.000000000000000000, 0.000000000000000000, 0.000000000000000000 ) ) ;
#1172 = CARTESIAN_POINT ( 'NONE',  ( 24.99999999999999645, 0.000000000000000000, -31.50000000000000000 ) ) ;
#1173 = CARTESIAN_POINT ( 'NONE',  ( 0.4806690185975276419, 32.53131690040122947, -12.97946760182153270 ) ) ;
#1174 = ORIENTED_EDGE ( 'NONE', *, *, #1522, .F. ) ;
#1175 = CARTESIAN_POINT ( 'NONE',  ( -3.964899447139823341, 33.90081636138369703, 12.52815927268033036 ) ) ;
#1176 = CARTESIAN_POINT ( 'NONE',  ( -3.515905914969992718, 26.90472313861895159, -23.76598557065676331 ) ) ;
#1177 = CARTESIAN_POINT ( 'NONE',  ( 3.515271977441963180, -29.07227707658024229, 39.58939141902718717 ) ) ;
#1178 = CARTESIAN_POINT ( 'NONE',  ( -3.469446951953614189E-15, -9.049607886100520915, 33.83570927449027721 ) ) ;
#1179 = AXIS2_PLACEMENT_3D ( 'NONE', #1829, #2055, #1497 ) ;
#1180 = CARTESIAN_POINT ( 'NONE',  ( -3.281287451276768241, -9.250135058833304669, -34.56221282461117994 ) ) ;
#1181 = CARTESIAN_POINT ( 'NONE',  ( 0.000000000000000000, -48.99783768347135293, -9.834252759828592261 ) ) ;
#1182 = CIRCLE ( 'NONE', #62, 47.50000000000000000 ) ;
#1183 = AXIS2_PLACEMENT_3D ( 'NONE', #2804, #1134, #1113 ) ;
#1184 = B_SPLINE_CURVE_WITH_KNOTS ( 'NONE', 3,
 ( #3314, #2482, #2702, #1374, #3577, #1906, #2211, #1941, #2519, #621, #1173, #14, #3067, #565 ),
 .UNSPECIFIED., .F., .F.,
 ( 4, 2, 2, 2, 2, 2, 4 ),
 ( 1.974398904501356200E-07, 0.0004563904265459779405, 0.0006844869198737417318, 0.0009125834132015056858, 0.001140679906529269748, 0.001368776399857033485, 0.001824969386512561393 ),
 .UNSPECIFIED. ) ;
#1185 = ORIENTED_EDGE ( 'NONE', *, *, #2597, .F. ) ;
#1186 = AXIS2_PLACEMENT_3D ( 'NONE', #3595, #1106, #3032 ) ;
#1187 = CARTESIAN_POINT ( 'NONE',  ( -5.601503256229781513, -31.78353947119924428, 19.90486016724020146 ) ) ;
#1188 = CARTESIAN_POINT ( 'NONE',  ( -1.805201453756179353, -30.25257521235623415, -18.07629649616975698 ) ) ;
#1189 = AXIS2_PLACEMENT_3D ( 'NONE', #2803, #298, #1917 ) ;
#1190 = ORIENTED_EDGE ( 'NONE', *, *, #3153, .F. ) ;
#1191 = DIRECTION ( 'NONE',  ( 0.000000000000000000, 0.000000000000000000, -1.000000000000000000 ) ) ;
#1192 = ADVANCED_FACE ( 'NONE', ( #2254 ), #885, .F. ) ;
#1193 = CARTESIAN_POINT ( 'NONE',  ( 3.515903202787778348, -14.06866900387440111, 47.04308692572823247 ) ) ;
#1194 = CARTESIAN_POINT ( 'NONE',  ( -20.63749999999999574, 0.000000000000000000, 0.000000000000000000 ) ) ;
#1195 = ORIENTED_EDGE ( 'NONE', *, *, #2966, .T. ) ;
#1196 = PRESENTATION_STYLE_ASSIGNMENT (( #310 ) ) ;
#1197 = CARTESIAN_POINT ( 'NONE',  ( -4.817902579072506519, -36.02644453716518314, -7.313409333936771617 ) ) ;
#1198 = CARTESIAN_POINT ( 'NONE',  ( -5.204543592070399960, 34.80532443628669625, -12.87052190048481215 ) ) ;
#1199 = DIRECTION ( 'NONE',  ( 1.000000000000000000, 0.000000000000000000, 0.000000000000000000 ) ) ;
#1200 = CARTESIAN_POINT ( 'NONE',  ( 5.601502700796332057, 21.36623504413013563, 42.42546393334544774 ) ) ;
#1201 = CARTESIAN_POINT ( 'NONE',  ( 0.000000000000000000, 0.000000000000000000, 0.000000000000000000 ) ) ;
#1202 = ORIENTED_EDGE ( 'NONE', *, *, #2802, .F. ) ;
#1203 = B_SPLINE_CURVE_WITH_KNOTS ( 'NONE', 3,
 ( #2929, #3512, #424, #3527, #754, #1549, #2376, #2396, #3477, #1895, #1873, #2102, #2977, #479 ),
 .UNSPECIFIED., .F., .F.,
 ( 4, 2, 2, 2, 2, 2, 4 ),
 ( 1.971617045666204274E-07, 0.001556723823003173081, 0.002334987153652475032, 0.003113250484301776765, 0.004669777145600381534, 0.005448040476249678063, 0.006226303806898974592 ),
 .UNSPECIFIED. ) ;
#1204 = EDGE_CURVE ( 'NONE', #339, #339, #1474, .T. ) ;
#1205 = CARTESIAN_POINT ( 'NONE',  ( 0.1540323861005557238, 26.25472753991329000, -23.18275019933827252 ) ) ;
#1206 = CARTESIAN_POINT ( 'NONE',  ( 4.599615815309072708, -41.48886129866440342, -24.92086368728485724 ) ) ;
#1207 = EDGE_LOOP ( 'NONE', ( #861 ) ) ;
#1208 = ORIENTED_EDGE ( 'NONE', *, *, #3309, .F. ) ;
#1209 = VERTEX_POINT ( 'NONE', #2828 ) ;
#1210 = CARTESIAN_POINT ( 'NONE',  ( 2.567736996609360833, 22.67098937045253138, -44.04749246178309363 ) ) ;
#1211 = EDGE_LOOP ( 'NONE', ( #3199, #225, #2857, #1485 ) ) ;
#1212 = CARTESIAN_POINT ( 'NONE',  ( 0.2631553418359364738, 5.271351470982140519, -49.69621191468609567 ) ) ;
#1213 = CARTESIAN_POINT ( 'NONE',  ( -5.556583932597439990, 28.09677078279074181, -24.83589079496277918 ) ) ;
#1214 = DIRECTION ( 'NONE',  ( 1.000000000000000000, 0.000000000000000000, 0.000000000000000000 ) ) ;
#1215 = CARTESIAN_POINT ( 'NONE',  ( 0.5944992156787147763, -9.439330354921105837, 33.72913343237415518 ) ) ;
#1216 = ADVANCED_FACE ( 'NONE', ( #587, #313 ), #2764, .T. ) ;
#1217 = CARTESIAN_POINT ( 'NONE',  ( -3.515905914969989610, -9.281970811295110479, -34.67753184943629208 ) ) ;
#1218 = FACE_OUTER_BOUND ( 'NONE', #116, .T. ) ;
#1219 = VERTEX_POINT ( 'NONE', #1125 ) ;
#1220 = B_SPLINE_CURVE_WITH_KNOTS ( 'NONE', 3,
 ( #273, #2199, #3303, #3015, #1398, #863, #845, #3070, #3053, #1378, #1690, #3581, #2501, #2739 ),
 .UNSPECIFIED., .F., .F.,
 ( 4, 2, 2, 2, 2, 2, 4 ),
 ( 2.947685801816621197E-07, 0.001556821940974597619, 0.002335085527171806841, 0.003113349113369017363, 0.004669876285763444913, 0.005448139871960661941, 0.006226403458157878101 ),
 .UNSPECIFIED. ) ;
#1221 = CARTESIAN_POINT ( 'NONE',  ( 0.5274834676872154349, 26.07918853355638689, -23.38014703533076855 ) ) ;
#1222 = CARTESIAN_POINT ( 'NONE',  ( -5.556583932597439102, -32.18195282558686898, -19.25024447459568222 ) ) ;
#1223 = ORIENTED_EDGE ( 'NONE', *, *, #2133, .F. ) ;
#1224 = CARTESIAN_POINT ( 'NONE',  ( 2.074418812251864974, -30.47653157976620975, 39.25951813833651727 ) ) ;
#1225 =( NAMED_UNIT ( * ) SI_UNIT ( $, .STERADIAN. ) SOLID_ANGLE_UNIT ( ) );
#1226 = FACE_OUTER_BOUND ( 'NONE', #229, .T. ) ;
#1227 = ORIENTED_EDGE ( 'NONE', *, *, #3424, .F. ) ;
#1228 = ORIENTED_EDGE ( 'NONE', *, *, #187, .F. ) ;
#1229 = B_SPLINE_CURVE_WITH_KNOTS ( 'NONE', 3,
 ( #1363, #258, #1323, #2502, #1092, #2431, #532, #809, #1660, #1379, #3582, #1676, #2780, #274 ),
 .UNSPECIFIED., .F., .F.,
 ( 4, 2, 2, 2, 2, 2, 4 ),
 ( 2.947675409865298588E-07, 0.001556819483393525379, 0.002335081841319800854, 0.003113344199246075028, 0.004669868915098621641, 0.005448131273024892779, 0.006226393630951164784 ),
 .UNSPECIFIED. ) ;
#1230 = CARTESIAN_POINT ( 'NONE',  ( -2.567739918546541045, -34.74976148303292689, -7.064419240091584840 ) ) ;
#1231 = CARTESIAN_POINT ( 'NONE',  ( -5.601503256229663386, 37.50146848216372319, 0.1915757707695115164 ) ) ;
#1232 = CARTESIAN_POINT ( 'NONE',  ( 5.380562815295791168, -29.25762648642752595, -37.66779799247439797 ) ) ;
#1233 = EDGE_CURVE ( 'NONE', #2407, #80, #937, .T. ) ;
#1234 = DIRECTION ( 'NONE',  ( 0.000000000000000000, 0.000000000000000000, -1.000000000000000000 ) ) ;
#1235 = CARTESIAN_POINT ( 'NONE',  ( -0.6119266459122781887, 4.777130689367118599, -49.74643243100230450 ) ) ;
#1236 = CARTESIAN_POINT ( 'NONE',  ( 5.194999182140327854, 35.81883622200447803, 31.77439965649691445 ) ) ;
#1237 = CARTESIAN_POINT ( 'NONE',  ( 0.5274834676872546257, 32.55354398944591310, 12.92370394622512997 ) ) ;
#1238 = ORIENTED_EDGE ( 'NONE', *, *, #3141, .T. ) ;
#1239 = CARTESIAN_POINT ( 'NONE',  ( 2.555675114558312089, 21.48393675893251498, -44.62740054866183215 ) ) ;
#1240 = CIRCLE ( 'NONE', #2574, 47.50000000000000000 ) ;
#1241 = CARTESIAN_POINT ( 'NONE',  ( -5.556583932597439990, 4.031932718939132521, -37.28261684149797617 ) ) ;
#1242 = ORIENTED_EDGE ( 'NONE', *, *, #1650, .T. ) ;
#1243 = AXIS2_PLACEMENT_3D ( 'NONE', #1488, #2851, #1416 ) ;
#1244 = AXIS2_PLACEMENT_3D ( 'NONE', #289, #825, #3542 ) ;
#1245 = CARTESIAN_POINT ( 'NONE',  ( -5.556583932597439102, -32.18195282558686898, -19.25024447459568222 ) ) ;
#1246 = CARTESIAN_POINT ( 'NONE',  ( 0.000000000000000000, 0.000000000000000000, 0.000000000000000000 ) ) ;
#1247 = ORIENTED_EDGE ( 'NONE', *, *, #1863, .T. ) ;
#1248 = EDGE_CURVE ( 'NONE', #2104, #3131, #3071, .T. ) ;
#1249 = CARTESIAN_POINT ( 'NONE',  ( 0.5944992156789226101, 15.47631982248683791, -31.42035843844458753 ) ) ;
#1250 = CARTESIAN_POINT ( 'NONE',  ( -2.801541032638789730, -20.98336919283778101, 28.71523045396796192 ) ) ;
#1251 = CARTESIAN_POINT ( 'NONE',  ( 1.046969926904346426, 46.29230891393456915, 18.64476893490987663 ) ) ;
#1252 = DIRECTION ( 'NONE',  ( 0.000000000000000000, 0.000000000000000000, -1.000000000000000000 ) ) ;
#1253 = CARTESIAN_POINT ( 'NONE',  ( -0.1688795059594252190, 46.35651718282615263, -18.67013496679508577 ) ) ;
#1254 = DIRECTION ( 'NONE',  ( 0.000000000000000000, 0.000000000000000000, -1.000000000000000000 ) ) ;
#1255 = CARTESIAN_POINT ( 'NONE',  ( -3.469446951953614189E-15, 15.11281637889309515, 31.59673094004915939 ) ) ;
#1256 = CARTESIAN_POINT ( 'NONE',  ( 0.3065306711280187391, 32.83807386320050625, 12.18284301627702071 ) ) ;
#1257 = EDGE_LOOP ( 'NONE', ( #1165, #3364, #1001, #3151 ) ) ;
#1258 = FACE_OUTER_BOUND ( 'NONE', #3292, .T. ) ;
#1259 = CARTESIAN_POINT ( 'NONE',  ( -2.378268148537112106E-15, -42.83513221543099547, -25.74202931174126974 ) ) ;
#1260 = EDGE_LOOP ( 'NONE', ( #870, #3084, #2777, #230 ) ) ;
#1261 = DIRECTION ( 'NONE',  ( 1.000000000000000000, 0.000000000000000000, 0.000000000000000000 ) ) ;
#1262 = B_SPLINE_CURVE_WITH_KNOTS ( 'NONE', 3,
 ( #159, #3522, #395, #1853, #1576, #3242, #1250, #436, #3188, #2939, #1560, #2957, #749, #1868 ),
 .UNSPECIFIED., .F., .F.,
 ( 4, 2, 2, 2, 2, 2, 4 ),
 ( 1.971617045681982380E-07, 0.001556723823003169395, 0.002334987153652469394, 0.003113250484301768959, 0.004669777145600374595, 0.005448040476249676328, 0.006226303806898978929 ),
 .UNSPECIFIED. ) ;
#1263 = CARTESIAN_POINT ( 'NONE',  ( 0.2631553418359366403, 22.86773125337168722, -44.43610572860296770 ) ) ;
#1264 = VERTEX_POINT ( 'NONE', #3321 ) ;
#1265 = ORIENTED_EDGE ( 'NONE', *, *, #1880, .T. ) ;
#1266 = CARTESIAN_POINT ( 'NONE',  ( -5.601503256229771743, 3.650957516618698051, -37.32381744685973501 ) ) ;
#1267 = CARTESIAN_POINT ( 'NONE',  ( 0.000000000000000000, 0.000000000000000000, 0.000000000000000000 ) ) ;
#1268 = CARTESIAN_POINT ( 'NONE',  ( 3.964897064204550681, 45.79191648767558576, 17.03634951998650848 ) ) ;
#1269 = CARTESIAN_POINT ( 'NONE',  ( 5.556583932597444431, 47.49559558823529670, 0.6468382477899505822 ) ) ;
#1270 = B_SPLINE_CURVE_WITH_KNOTS ( 'NONE', 3,
 ( #2123, #130, #3175, #2903, #2393, #1600, #162, #1032, #1253, #201 ),
 .UNSPECIFIED., .F., .F.,
 ( 4, 2, 2, 2, 4 ),
 ( 1.968926466929197771E-07, 0.0004987066525189378817, 0.0009972164123911828222, 0.001495726172263427871, 0.001994235932135672486 ),
 .UNSPECIFIED. ) ;
#1271 = CARTESIAN_POINT ( 'NONE',  ( 2.801538165936543923, 45.85432059359288104, -18.47172892108570963 ) ) ;
#1272 = CARTESIAN_POINT ( 'NONE',  ( 2.056913264089353710, 5.243288073703858743, 49.41380417221524368 ) ) ;
#1273 = CARTESIAN_POINT ( 'NONE',  ( -3.515274631057111687, -35.16401662060069100, 7.145230621095514323 ) ) ;
#1274 = ORIENTED_EDGE ( 'NONE', *, *, #1568, .T. ) ;
#1275 = CARTESIAN_POINT ( 'NONE',  ( -23.50000000000000000, 0.000000000000000000, 0.000000000000000000 ) ) ;
#1276 = DIRECTION ( 'NONE',  ( 1.000000000000000000, 0.000000000000000000, 0.000000000000000000 ) ) ;
#1277 = EDGE_LOOP ( 'NONE', ( #946 ) ) ;
#1278 = CARTESIAN_POINT ( 'NONE',  ( 0.000000000000000000, 36.48173426154664867, 34.15528788152567330 ) ) ;
#1279 = CARTESIAN_POINT ( 'NONE',  ( 2.074418812251864530, 36.28002438422011977, 33.96893540085197571 ) ) ;
#1280 = EDGE_CURVE ( 'NONE', #2171, #1514, #3323, .T. ) ;
#1281 = CARTESIAN_POINT ( 'NONE',  ( 2.555675114558310312, -14.18846449504771456, -47.45368156071016585 ) ) ;
#1282 = ORIENTED_EDGE ( 'NONE', *, *, #54, .F. ) ;
#1283 = CARTESIAN_POINT ( 'NONE',  ( -0.1688795059594280779, 49.97059558823531233, -0.6634768700108062411 ) ) ;
#1284 = FACE_OUTER_BOUND ( 'NONE', #2136, .T. ) ;
#1285 = CARTESIAN_POINT ( 'NONE',  ( 5.601502700796329393, -46.73228438077930491, 8.516430383357816325 ) ) ;
#1286 = CARTESIAN_POINT ( 'NONE',  ( 5.556583932597444431, -46.56803660056392147, -9.363117385173593377 ) ) ;
#1287 = CARTESIAN_POINT ( 'NONE',  ( 5.380562815295801826, 35.68089951508684265, 31.65035739159100103 ) ) ;
#1288 = CARTESIAN_POINT ( 'NONE',  ( -2.801541032638788398, -34.85222260998556010, 7.084406951286420728 ) ) ;
#1289 = EDGE_LOOP ( 'NONE', ( #549, #2807, #371, #3333 ) ) ;
#1290 = CARTESIAN_POINT ( 'NONE',  ( -0.5518461579784964544, -49.06163790167752836, -9.511669978476035681 ) ) ;
#1291 = CARTESIAN_POINT ( 'NONE',  ( -3.469446951953614189E-15, 3.784359954154158157, -34.81995469177686431 ) ) ;
#1292 = ORIENTED_EDGE ( 'NONE', *, *, #777, .T. ) ;
#1293 = CARTESIAN_POINT ( 'NONE',  ( 24.99999999999999645, 0.000000000000000000, 0.000000000000000000 ) ) ;
#1294 = CIRCLE ( 'NONE', #2226, 49.97500000000001563 ) ;
#1295 = AXIS2_PLACEMENT_3D ( 'NONE', #719, #1892, #1090 ) ;
#1296 = CARTESIAN_POINT ( 'NONE',  ( 2.801538165936544811, 3.903815808620708427, -49.28066262304548673 ) ) ;
#1297 = DIRECTION ( 'NONE',  ( 1.000000000000000000, 0.000000000000000000, 0.000000000000000000 ) ) ;
#1298 = AXIS2_PLACEMENT_3D ( 'NONE', #2417, #3544, #3288 ) ;
#1299 = EDGE_CURVE ( 'NONE', #2759, #1952, #808, .T. ) ;
#1300 = ORIENTED_EDGE ( 'NONE', *, *, #3424, .T. ) ;
#1301 = CARTESIAN_POINT ( 'NONE',  ( -0.5525058339321826661, 49.97404205060233551, -0.3338857214452302102 ) ) ;
#1302 = CARTESIAN_POINT ( 'NONE',  ( -0.6119266459123673396, -13.83667393361324649, 48.02160942420024270 ) ) ;
#1303 = CARTESIAN_POINT ( 'NONE',  ( 0.000000000000000000, 0.000000000000000000, 0.000000000000000000 ) ) ;
#1304 = AXIS2_PLACEMENT_3D ( 'NONE', #3399, #387, #943 ) ;
#1305 = B_SPLINE_CURVE_WITH_KNOTS ( 'NONE', 3,
 ( #2524, #1123, #807, #220, #2235, #1976, #3086, #1339, #511, #3156 ),
 .UNSPECIFIED., .F., .F.,
 ( 4, 2, 2, 2, 4 ),
 ( 1.968926466834707540E-07, 0.0004987066525189285575, 0.0009972164123911734981, 0.001495726172263418547, 0.001994235932135663813 ),
 .UNSPECIFIED. ) ;
#1306 = DIRECTION ( 'NONE',  ( 0.000000000000000000, 0.000000000000000000, -1.000000000000000000 ) ) ;
#1307 = DIRECTION ( 'NONE',  ( 0.000000000000000000, 0.000000000000000000, -1.000000000000000000 ) ) ;
#1308 = CARTESIAN_POINT ( 'NONE',  ( 2.801538165936535929, 5.217952068671299237, 49.15888996553032086 ) ) ;
#1309 = FACE_OUTER_BOUND ( 'NONE', #3112, .T. ) ;
#1310 = CARTESIAN_POINT ( 'NONE',  ( 0.5263093472665479888, 36.48173426154714605, -34.15528788152514750 ) ) ;
#1311 = CARTESIAN_POINT ( 'NONE',  ( -3.469446951953614189E-15, -29.48271086309422628, 18.90820946475855990 ) ) ;
#1312 = ORIENTED_EDGE ( 'NONE', *, *, #1380, .F. ) ;
#1313 = DIRECTION ( 'NONE',  ( 0.000000000000000000, 0.000000000000000000, -1.000000000000000000 ) ) ;
#1314 = EDGE_CURVE ( 'NONE', #3152, #817, #896, .T. ) ;
#1315 = CARTESIAN_POINT ( 'NONE',  ( 5.556583932597444431, 3.738261736800195578, -47.35267045465520397 ) ) ;
#1316 = CARTESIAN_POINT ( 'NONE',  ( -2.378268148537112106E-15, -49.24166479336523139, -8.529892928862338408 ) ) ;
#1317 = ORIENTED_EDGE ( 'NONE', *, *, #2526, .F. ) ;
#1318 = ORIENTED_EDGE ( 'NONE', *, *, #756, .F. ) ;
#1319 = CARTESIAN_POINT ( 'NONE',  ( -0.5525058339322003187, -42.31301871060028219, 26.59181840617044301 ) ) ;
#1320 = CARTESIAN_POINT ( 'NONE',  ( -1.043260194215538839, 15.13692727767163149, -31.64613111745127938 ) ) ;
#1321 = CARTESIAN_POINT ( 'NONE',  ( -0.3311252865192289563, -42.17934923998163299, -26.80333332006348712 ) ) ;
#1322 = FACE_OUTER_BOUND ( 'NONE', #3081, .T. ) ;
#1323 = CARTESIAN_POINT ( 'NONE',  ( 4.817901204096650680, -47.29327240122272258, -9.503788296526792578 ) ) ;
#1324 = CARTESIAN_POINT ( 'NONE',  ( -5.380563170409298657, -22.93570633869131825, -29.42058004303684271 ) ) ;
#1325 = EDGE_CURVE ( 'NONE', #961, #2192, #1424, .T. ) ;
#1326 = CARTESIAN_POINT ( 'NONE',  ( 0.5274834676870856498, 2.941537811553512682, 34.90132813039735993 ) ) ;
#1327 = CARTESIAN_POINT ( 'NONE',  ( -1.043260194215538617, -29.52921620462965180, 18.93751758950140740 ) ) ;
#1328 = ORIENTED_EDGE ( 'NONE', *, *, #550, .T. ) ;
#1329 = DIRECTION ( 'NONE',  ( 1.000000000000000000, 0.000000000000000000, 0.000000000000000000 ) ) ;
#1330 = CARTESIAN_POINT ( 'NONE',  ( 1.805199156379298842, 3.931505676758790369, -49.60283339402087677 ) ) ;
#1331 = EDGE_CURVE ( 'NONE', #1009, #1700, #1816, .T. ) ;
#1332 = CARTESIAN_POINT ( 'NONE',  ( 5.556583932597444431, -40.04105278298545301, -25.55316207497956427 ) ) ;
#1333 = ORIENTED_EDGE ( 'NONE', *, *, #1056, .T. ) ;
#1334 = ORIENTED_EDGE ( 'NONE', *, *, #3133, .F. ) ;
#1335 = CARTESIAN_POINT ( 'NONE',  ( 0.4796554304381817624, -9.245620879549774074, -33.78271187179498014 ) ) ;
#1336 = FACE_BOUND ( 'NONE', #2286, .T. ) ;
#1337 = DIRECTION ( 'NONE',  ( 1.000000000000000000, 0.000000000000000000, 0.000000000000000000 ) ) ;
#1338 = CARTESIAN_POINT ( 'NONE',  ( -2.056915804659397384, -34.80573832033746129, -5.938977361024866397 ) ) ;
#1339 = CARTESIAN_POINT ( 'NONE',  ( -0.3305743550284337418, 22.79775919858950672, 44.47222205010091045 ) ) ;
#1340 = CARTESIAN_POINT ( 'NONE',  ( 1.043258717209527564, -49.18756552275701210, -8.520150951483973500 ) ) ;
#1341 = CARTESIAN_POINT ( 'NONE',  ( -3.469446951953614189E-15, 2.678225850555112864, -34.92245311104902328 ) ) ;
#1342 = EDGE_CURVE ( 'NONE', #924, #743, #2341, .T. ) ;
#1343 = CARTESIAN_POINT ( 'NONE',  ( -0.1688795059594267733, 37.37569721551970048, 33.17465723491041274 ) ) ;
#1344 = CARTESIAN_POINT ( 'NONE',  ( -1.043260194215537728, 25.54666545818731294, -24.04104960437244287 ) ) ;
#1345 = FACE_BOUND ( 'NONE', #1289, .T. ) ;
#1346 = DIRECTION ( 'NONE',  ( 0.000000000000000000, 0.000000000000000000, -1.000000000000000000 ) ) ;
#1347 = CARTESIAN_POINT ( 'NONE',  ( -0.1688795059594302705, -14.31325167158727396, -47.88143117729255493 ) ) ;
#1348 = DIRECTION ( 'NONE',  ( 0.000000000000000000, 0.000000000000000000, -1.000000000000000000 ) ) ;
#1349 = ORIENTED_EDGE ( 'NONE', *, *, #3411, .F. ) ;
#1350 = B_SPLINE_CURVE_WITH_KNOTS ( 'NONE', 3,
 ( #2525, #2272, #330, #18, #1451, #2557, #53, #1177, #2291, #3393, #903, #3123, #2577, #3490 ),
 .UNSPECIFIED., .F., .F.,
 ( 4, 2, 2, 2, 2, 2, 4 ),
 ( 1.971617195689779598E-07, 0.001556721546461256513, 0.002334983738832101079, 0.003113245931202945644, 0.004669770315944635208, 0.005448032508315488014, 0.006226294700686339952 ),
 .UNSPECIFIED. ) ;
#1351 = ORIENTED_EDGE ( 'NONE', *, *, #3501, .F. ) ;
#1352 = CIRCLE ( 'NONE', #2808, 49.97500000000001563 ) ;
#1353 = CIRCLE ( 'NONE', #121, 49.97500000000001563 ) ;
#1354 = CARTESIAN_POINT ( 'NONE',  ( -5.601503256229785066, 34.89987277086709128, -13.72573204502972111 ) ) ;
#1355 = CARTESIAN_POINT ( 'NONE',  ( 1.805199156379297953, -48.78518473138545630, 9.793036726469203757 ) ) ;
#1356 = FACE_OUTER_BOUND ( 'NONE', #3436, .T. ) ;
#1357 = ORIENTED_EDGE ( 'NONE', *, *, #2677, .F. ) ;
#1358 = CIRCLE ( 'NONE', #1186, 49.97500000000001563 ) ;
#1359 = EDGE_CURVE ( 'NONE', #3504, #353, #2850, .T. ) ;
#1360 = CARTESIAN_POINT ( 'NONE',  ( 5.556583932597444431, -28.10630291193191255, -38.29211063160045114 ) ) ;
#1361 = CARTESIAN_POINT ( 'NONE',  ( -5.556583932597439990, -31.57684294142352499, -20.22753049318360752 ) ) ;
#1362 = AXIS2_PLACEMENT_3D ( 'NONE', #2982, #1874, #426 ) ;
#1363 = CARTESIAN_POINT ( 'NONE',  ( 5.556583932597444431, -46.56803660056392147, -9.363117385173593377 ) ) ;
#1364 = CARTESIAN_POINT ( 'NONE',  ( 1.046969926904345316, 46.77132869437672014, -17.40827634724060857 ) ) ;
#1365 = CARTESIAN_POINT ( 'NONE',  ( -2.378268148537112106E-15, -13.03695353713106719, 48.24456930547403744 ) ) ;
#1366 = CARTESIAN_POINT ( 'NONE',  ( -5.556583932597439990, 27.32238820962050951, 25.68534801249129984 ) ) ;
#1367 = CARTESIAN_POINT ( 'NONE',  ( 0.3065306711279022212, -30.04035172308303814, -18.00938720106058000 ) ) ;
#1368 = CARTESIAN_POINT ( 'NONE',  ( 5.556583932597444431, -40.72208569861719241, -24.45325615034691324 ) ) ;
#1369 = CARTESIAN_POINT ( 'NONE',  ( 0.000000000000000000, -29.58454572980014774, -40.27723027917095777 ) ) ;
#1370 = CARTESIAN_POINT ( 'NONE',  ( -0.3305743550285125121, -30.58133338322199535, -39.52592069837952238 ) ) ;
#1371 = ORIENTED_EDGE ( 'NONE', *, *, #1650, .F. ) ;
#1372 = EDGE_LOOP ( 'NONE', ( #1041, #1982, #583, #2947 ) ) ;
#1373 = CARTESIAN_POINT ( 'NONE',  ( -3.469446951953614189E-15, -10.11807391946259393, -33.53170447740898652 ) ) ;
#1374 = CARTESIAN_POINT ( 'NONE',  ( 0.4796554304381910883, 32.78552250789859102, -12.32325609346651163 ) ) ;
#1375 = CARTESIAN_POINT ( 'NONE',  ( -5.556583932597439990, 34.75598615910536893, 14.08088868317893727 ) ) ;
#1376 = EDGE_LOOP ( 'NONE', ( #1389, #1866, #279, #3312 ) ) ;
#1377 = CARTESIAN_POINT ( 'NONE',  ( 0.6116626697215498121, 25.83163766443248477, 23.65339111423791252 ) ) ;
#1378 = CARTESIAN_POINT ( 'NONE',  ( -1.307728941856032723, 35.13123747665004259, 0.5563132724485644331 ) ) ;
#1379 = CARTESIAN_POINT ( 'NONE',  ( 1.307726991999698996, -48.88921503076851849, -9.813200151056896914 ) ) ;
#1380 = EDGE_CURVE ( 'NONE', #2197, #3413, #889, .T. ) ;
#1381 = CARTESIAN_POINT ( 'NONE',  ( -5.556583932597439990, -22.13750231693126835, -30.26848181141339111 ) ) ;
#1382 = EDGE_CURVE ( 'NONE', #731, #622, #66, .T. ) ;
#1383 = CARTESIAN_POINT ( 'NONE',  ( -3.469446951953614189E-15, 15.11281637889309515, 31.59673094004915939 ) ) ;
#1384 = CARTESIAN_POINT ( 'NONE',  ( -3.469446951953614189E-15, 2.678225850554556420, 34.92245311104908012 ) ) ;
#1385 = ORIENTED_EDGE ( 'NONE', *, *, #1929, .T. ) ;
#1386 = APPLICATION_CONTEXT ( 'automotive_design' ) ;
#1387 = CARTESIAN_POINT ( 'NONE',  ( 0.4796554304382040224, 3.582438411106537490, -34.84134414588096007 ) ) ;
#1388 = FACE_OUTER_BOUND ( 'NONE', #2003, .T. ) ;
#1389 = ORIENTED_EDGE ( 'NONE', *, *, #2257, .T. ) ;
#1390 = ORIENTED_EDGE ( 'NONE', *, *, #1929, .F. ) ;
#1391 = ADVANCED_FACE ( 'NONE', ( #2852, #1468 ), #2521, .T. ) ;
#1392 = B_SPLINE_CURVE_WITH_KNOTS ( 'NONE', 3,
 ( #52, #3173, #624, #2816, #2309, #1176, #311, #2044, #3106, #1434, #1159, #2290, #2029, #639 ),
 .UNSPECIFIED., .F., .F.,
 ( 4, 2, 2, 2, 2, 2, 4 ),
 ( 2.947685801844145003E-07, 0.001556821940974608678, 0.002335085527171819417, 0.003113349113369029940, 0.004669876285763453587, 0.005448139871960665410, 0.006226403458157877234 ),
 .UNSPECIFIED. ) ;
#1393 = EDGE_CURVE ( 'NONE', #2937, #1743, #1731, .T. ) ;
#1394 = CARTESIAN_POINT ( 'NONE',  ( -4.188095163653574815, 15.67347557432353611, 32.74522085533762095 ) ) ;
#1395 = CARTESIAN_POINT ( 'NONE',  ( -1.805201453756177576, -9.107235313616838468, 34.04451595983001511 ) ) ;
#1396 = ORIENTED_EDGE ( 'NONE', *, *, #917, .F. ) ;
#1397 = CARTESIAN_POINT ( 'NONE',  ( 0.4806690185975072693, 26.11919864491355980, 23.33539416098667019 ) ) ;
#1398 = CARTESIAN_POINT ( 'NONE',  ( -3.969782328569875229, 36.15641687460654197, 0.5643721714464869921 ) ) ;
#1399 = CARTESIAN_POINT ( 'NONE',  ( 0.5937110929421265393, 35.02472966279170663, 0.1538246105917793483 ) ) ;
#1400 = CARTESIAN_POINT ( 'NONE',  ( 2.074418812251864974, 46.57914243380930941, -17.33528862516469715 ) ) ;
#1401 = B_SPLINE_CURVE_WITH_KNOTS ( 'NONE', 3,
 ( #2383, #2660, #2952, #447, #1570, #2676, #2349, #170, #2404, #3500, #3146, #1367, #3003, #226 ),
 .UNSPECIFIED., .F., .F.,
 ( 4, 2, 2, 2, 2, 2, 4 ),
 ( 1.974398904500581430E-07, 0.0004563904265459809220, 0.0006844869198737417318, 0.0009125834132015025416, 0.001140679906529263243, 0.001368776399857023944, 0.001824969386512551202 ),
 .UNSPECIFIED. ) ;
#1402 = CARTESIAN_POINT ( 'NONE',  ( -5.556583932597439102, 17.22769991887698637, 33.30850275087617973 ) ) ;
#1403 = VERTEX_POINT ( 'NONE', #2608 ) ;
#1404 = CARTESIAN_POINT ( 'NONE',  ( 4.188092993901576300, -28.82119699792911049, -39.25222551793231673 ) ) ;
#1405 = CARTESIAN_POINT ( 'NONE',  ( 1.805199156379296177, 49.75399003051037994, -0.6620374953516517946 ) ) ;
#1406 = ORIENTED_EDGE ( 'NONE', *, *, #11, .T. ) ;
#1407 = ORIENTED_EDGE ( 'NONE', *, *, #2182, .F. ) ;
#1408 = EDGE_CURVE ( 'NONE', #732, #2550, #2247, .T. ) ;
#1409 = DIRECTION ( 'NONE',  ( 1.000000000000000000, 0.000000000000000000, 0.000000000000000000 ) ) ;
#1410 = CARTESIAN_POINT ( 'NONE',  ( -5.380563170409296880, -9.656278661401827890, 36.03294933441862469 ) ) ;
#1411 = VERTEX_POINT ( 'NONE', #3473 ) ;
#1412 = CIRCLE ( 'NONE', #3434, 35.02499999999999147 ) ;
#1413 = AXIS2_PLACEMENT_3D ( 'NONE', #1526, #1839, #678 ) ;
#1414 = CARTESIAN_POINT ( 'NONE',  ( 0.3059180898280599026, 25.54273200483565276, 23.96517210815487431 ) ) ;
#1415 = CARTESIAN_POINT ( 'NONE',  ( 4.599615815309071820, -12.61555990676631467, 46.72496877493699685 ) ) ;
#1416 = DIRECTION ( 'NONE',  ( 0.000000000000000000, 0.000000000000000000, -1.000000000000000000 ) ) ;
#1417 = CARTESIAN_POINT ( 'NONE',  ( 0.5937110929420681416, -20.98436053538610224, -28.04303769001132807 ) ) ;
#1418 = AXIS2_PLACEMENT_3D ( 'NONE', #1646, #2406, #503 ) ;
#1419 = TOROIDAL_SURFACE ( 'NONE', #182, 42.50000000000000000, 7.475000000000004086 ) ;
#1420 = TOROIDAL_SURFACE ( 'NONE', #599, 53.50000000000000000, 1.499999999999989120 ) ;
#1421 = CARTESIAN_POINT ( 'NONE',  ( -0.6119266459122464363, 36.81964565974961090, 33.79115580630604398 ) ) ;
#1422 = DIRECTION ( 'NONE',  ( 0.000000000000000000, 0.000000000000000000, -1.000000000000000000 ) ) ;
#1423 = ORIENTED_EDGE ( 'NONE', *, *, #2792, .F. ) ;
#1424 = B_SPLINE_CURVE_WITH_KNOTS ( 'NONE', 3,
 ( #291, #1781, #1452, #2625, #2062, #74, #904, #641, #1763, #3174, #127, #2887, #1232, #610 ),
 .UNSPECIFIED., .F., .F.,
 ( 4, 2, 2, 2, 2, 2, 4 ),
 ( 1.971617195679075219E-07, 0.001556721546461254345, 0.002334983738832097609, 0.003113245931202941741, 0.004669770315944634341, 0.005448032508315484544, 0.006226294700686334747 ),
 .UNSPECIFIED. ) ;
#1425 = DIRECTION ( 'NONE',  ( 1.000000000000000000, 0.000000000000000000, 0.000000000000000000 ) ) ;
#1426 = CARTESIAN_POINT ( 'NONE',  ( -0.5251770792775627417, -21.55631066399286411, 27.62330589059499175 ) ) ;
#1427 = CARTESIAN_POINT ( 'NONE',  ( 0.1541532762803419221, 32.85637963035623699, 12.13296924029362600 ) ) ;
#1428 = ORIENTED_EDGE ( 'NONE', *, *, #166, .F. ) ;
#1429 = EDGE_CURVE ( 'NONE', #2659, #878, #2942, .T. ) ;
#1430 = ORIENTED_EDGE ( 'NONE', *, *, #717, .F. ) ;
#1431 = FACE_BOUND ( 'NONE', #2036, .T. ) ;
#1432 = CARTESIAN_POINT ( 'NONE',  ( -5.556583932597439102, -36.75155595334957326, 7.454739097233115785 ) ) ;
#1433 = VERTEX_POINT ( 'NONE', #2428 ) ;
#1434 = CARTESIAN_POINT ( 'NONE',  ( -1.307728941856032279, 26.33708359639267726, -23.25664117482375914 ) ) ;
#1435 = CARTESIAN_POINT ( 'NONE',  ( 1.046969926904345094, -42.07812708306355631, -26.83349575439019219 ) ) ;
#1436 = CARTESIAN_POINT ( 'NONE',  ( 0.1541532762803360934, -21.54787174047382692, -27.61231334850610253 ) ) ;
#1437 = CARTESIAN_POINT ( 'NONE',  ( 5.601502700796332945, 47.50146840954461425, -0.2156127492633012621 ) ) ;
#1438 = ADVANCED_FACE ( 'NONE', ( #1870, #2649 ), #1855, .T. ) ;
#1439 = CARTESIAN_POINT ( 'NONE',  ( 0.6120577571879830536, -29.73948719909361316, 18.50187333122195810 ) ) ;
#1440 = VERTEX_POINT ( 'NONE', #145 ) ;
#1441 = CARTESIAN_POINT ( 'NONE',  ( -5.556583932597439990, 37.49559558823530381, 0.5747273123055471888 ) ) ;
#1442 = CARTESIAN_POINT ( 'NONE',  ( -3.469446951953614189E-15, -30.06751008205516484, 17.96372629677681587 ) ) ;
#1443 = VERTEX_POINT ( 'NONE', #3524 ) ;
#1444 = B_SPLINE_CURVE_WITH_KNOTS ( 'NONE', 3,
 ( #2141, #3229, #736, #3245 ),
 .UNSPECIFIED., .F., .F.,
 ( 4, 4 ),
 ( 1.703398595678538776E-06, 0.001151158023206740348 ),
 .UNSPECIFIED. ) ;
#1445 = ORIENTED_EDGE ( 'NONE', *, *, #1382, .F. ) ;
#1446 = CARTESIAN_POINT ( 'NONE',  ( 4.188092993901575412, -13.95530059953688529, 46.65456236726073058 ) ) ;
#1447 = CARTESIAN_POINT ( 'NONE',  ( -3.469446951953614189E-15, 32.45508605610417163, -13.16882736202705217 ) ) ;
#1448 = VERTEX_POINT ( 'NONE', #769 ) ;
#1449 = CARTESIAN_POINT ( 'NONE',  ( 0.5937110929421069994, -21.22986991385029043, 27.85763761347073242 ) ) ;
#1450 = DIRECTION ( 'NONE',  ( 0.000000000000000000, -0.5264321628773626083, 0.8502171357296099963 ) ) ;
#1451 = CARTESIAN_POINT ( 'NONE',  ( 2.056913264089354154, -29.41502796480170190, 40.04962225070065784 ) ) ;
#1452 = CARTESIAN_POINT ( 'NONE',  ( 1.043258717209527786, -30.61006095846700603, -39.43391614347377327 ) ) ;
#1453 = CARTESIAN_POINT ( 'NONE',  ( -3.969782328569877894, -9.351845525406844217, -34.93061669119462209 ) ) ;
#1454 = CARTESIAN_POINT ( 'NONE',  ( 0.5251762499567607101, -49.22802606753339205, 8.527436976605423880 ) ) ;
#1455 = EDGE_CURVE ( 'NONE', #1462, #1462, #3272, .T. ) ;
#1456 = VERTEX_POINT ( 'NONE', #1269 ) ;
#1457 = CARTESIAN_POINT ( 'NONE',  ( -3.469446951953614189E-15, 35.02059558823528818, -0.5554364457564059387 ) ) ;
#1458 = CARTESIAN_POINT ( 'NONE',  ( -1.805201453756179797, -10.17900064808688754, -33.73957243064820233 ) ) ;
#1459 = B_SPLINE_CURVE_WITH_KNOTS ( 'NONE', 3,
 ( #3074, #1693, #3289, #3089, #1748, #2001, #3160, #55, #381, #2873, #2325, #2275, #3110, #612 ),
 .UNSPECIFIED., .F., .F.,
 ( 4, 2, 2, 2, 2, 2, 4 ),
 ( 1.971617045674034299E-07, 0.001556723823003172214, 0.002334987153652472863, 0.003113250484301773296, 0.004669777145600376329, 0.005448040476249673726, 0.006226303806898970256 ),
 .UNSPECIFIED. ) ;
#1460 = ORIENTED_EDGE ( 'NONE', *, *, #1299, .F. ) ;
#1461 = ORIENTED_EDGE ( 'NONE', *, *, #853, .F. ) ;
#1462 = VERTEX_POINT ( 'NONE', #2568 ) ;
#1463 = CARTESIAN_POINT ( 'NONE',  ( -4.599617731266011589, 33.92104498479402963, -13.75000646603089649 ) ) ;
#1464 = ORIENTED_EDGE ( 'NONE', *, *, #2476, .F. ) ;
#1465 = B_SPLINE_CURVE_WITH_KNOTS ( 'NONE', 3,
 ( #681, #1699, #2532, #598 ),
 .UNSPECIFIED., .F., .F.,
 ( 4, 4 ),
 ( 1.703398595723064969E-06, 0.001151158023206741649 ),
 .UNSPECIFIED. ) ;
#1466 = CARTESIAN_POINT ( 'NONE',  ( -2.378268148537112106E-15, 46.83586816282456056, 17.43278745452134970 ) ) ;
#1467 = CARTESIAN_POINT ( 'NONE',  ( 2.074418812251859645, -41.90406352621288733, -26.72411273696422995 ) ) ;
#1468 = FACE_OUTER_BOUND ( 'NONE', #2420, .T. ) ;
#1469 = EDGE_CURVE ( 'NONE', #194, #1403, #128, .T. ) ;
#1470 = CIRCLE ( 'NONE', #3487, 47.50000000000000000 ) ;
#1471 = CIRCLE ( 'NONE', #1879, 54.99999999999998579 ) ;
#1472 = CARTESIAN_POINT ( 'NONE',  ( 5.556583932597444431, -29.13867904193220681, -37.51249636709428614 ) ) ;
#1473 = CARTESIAN_POINT ( 'NONE',  ( 4.817901204096658674, -47.53282747112294970, 8.222281861011325077 ) ) ;
#1474 = CIRCLE ( 'NONE', #296, 37.50000000000000000 ) ;
#1475 = ORIENTED_EDGE ( 'NONE', *, *, #3184, .T. ) ;
#1476 = CIRCLE ( 'NONE', #3494, 37.50000000000000711 ) ;
#1477 = CARTESIAN_POINT ( 'NONE',  ( -3.469446951953614189E-15, 0.000000000000000000, 0.000000000000000000 ) ) ;
#1478 = CARTESIAN_POINT ( 'NONE',  ( -3.964899447139820676, -10.43211921519250573, -34.60333818304120967 ) ) ;
#1479 = CIRCLE ( 'NONE', #1362, 37.50000000000000711 ) ;
#1480 = ORIENTED_EDGE ( 'NONE', *, *, #644, .F. ) ;
#1481 = CARTESIAN_POINT ( 'NONE',  ( 0.000000000000000000, 22.86773125337164814, -44.43610572860284691 ) ) ;
#1482 = VERTEX_POINT ( 'NONE', #859 ) ;
#1483 = CARTESIAN_POINT ( 'NONE',  ( -1.046971508578976140, 16.13849080009876502, -31.16312678255428636 ) ) ;
#1484 = UNCERTAINTY_MEASURE_WITH_UNIT (LENGTH_MEASURE( 1.000000000000000082E-05 ), #2308, 'distance_accuracy_value', 'NONE');
#1485 = ORIENTED_EDGE ( 'NONE', *, *, #1618, .F. ) ;
#1486 = SURFACE_STYLE_FILL_AREA ( #3368 ) ;
#1487 = CARTESIAN_POINT ( 'NONE',  ( -5.601503256229777961, 27.84298337938381351, -25.12299974386065315 ) ) ;
#1488 = CARTESIAN_POINT ( 'NONE',  ( 0.000000000000000000, 0.000000000000000000, 0.000000000000000000 ) ) ;
#1489 = CARTESIAN_POINT ( 'NONE',  ( 0.3059180898279590943, -10.06736697635024491, 33.54711246303968153 ) ) ;
#1490 = EDGE_CURVE ( 'NONE', #1908, #1443, #1163, .T. ) ;
#1491 = FACE_BOUND ( 'NONE', #2302, .T. ) ;
#1492 = CARTESIAN_POINT ( 'NONE',  ( 0.2631553418359361407, -49.24166479336544455, 8.529892928861700696 ) ) ;
#1493 = VERTEX_POINT ( 'NONE', #695 ) ;
#1494 = CARTESIAN_POINT ( 'NONE',  ( 5.556583932597444431, 44.52198883143488928, -16.55422938386401555 ) ) ;
#1495 = CARTESIAN_POINT ( 'NONE',  ( -2.801541032638787065, -30.52883739463976198, -18.24435063352676778 ) ) ;
#1496 = ORIENTED_EDGE ( 'NONE', *, *, #832, .F. ) ;
#1497 = DIRECTION ( 'NONE',  ( 0.000000000000000000, 0.6026346363792605132, -0.7980172272802363853 ) ) ;
#1498 = EDGE_CURVE ( 'NONE', #1943, #1684, #2713, .T. ) ;
#1499 = VERTEX_POINT ( 'NONE', #1172 ) ;
#1500 = CARTESIAN_POINT ( 'NONE',  ( 0.000000000000000000, -13.03695353713041527, -48.24456930547420086 ) ) ;
#1501 = EDGE_CURVE ( 'NONE', #1154, #376, #2986, .T. ) ;
#1502 = EDGE_LOOP ( 'NONE', ( #1300, #1100, #2771, #498 ) ) ;
#1503 = EDGE_LOOP ( 'NONE', ( #3505 ) ) ;
#1504 = EDGE_CURVE ( 'NONE', #3403, #3403, #2926, .T. ) ;
#1505 = CARTESIAN_POINT ( 'NONE',  ( 0.3059180898280279837, -21.50615493058543848, 27.64499832783490874 ) ) ;
#1506 = CARTESIAN_POINT ( 'NONE',  ( 0.5263093472665485439, 22.86773125337100865, 44.43610572860317376 ) ) ;
#1507 = B_SPLINE_CURVE_WITH_KNOTS ( 'NONE', 3,
 ( #2205, #1681, #1933, #1387, #7, #542, #2822, #1133, #24, #264, #2242, #3344, #2530, #1967 ),
 .UNSPECIFIED., .F., .F.,
 ( 4, 2, 2, 2, 2, 2, 4 ),
 ( 1.974398904503909210E-07, 0.0004563904265459763684, 0.0006844869198737393466, 0.0009125834132015023248, 0.001140679906529265195, 0.001368776399857028281, 0.001824969386512554238 ),
 .UNSPECIFIED. ) ;
#1508 = CARTESIAN_POINT ( 'NONE',  ( 5.204542906582168449, 44.41850692761935449, 17.90435908638713869 ) ) ;
#1509 = CARTESIAN_POINT ( 'NONE',  ( 0.3059180898280358107, -34.33290583048452760, -6.929084331960563503 ) ) ;
#1510 = DIRECTION ( 'NONE',  ( 1.000000000000000000, 0.000000000000000000, 0.000000000000000000 ) ) ;
#1511 = CARTESIAN_POINT ( 'NONE',  ( 1.307726991999702326, 21.63123154764234712, 44.92821012751016951 ) ) ;
#1512 = CARTESIAN_POINT ( 'NONE',  ( 0.6120577571880692069, 15.67893390623923189, 31.31976128889582611 ) ) ;
#1513 = CARTESIAN_POINT ( 'NONE',  ( 2.056913264089353266, 49.68680318377905536, -0.6615904853360031757 ) ) ;
#1514 = VERTEX_POINT ( 'NONE', #1923 ) ;
#1515 = DIRECTION ( 'NONE',  ( 0.000000000000000000, 0.000000000000000000, -1.000000000000000000 ) ) ;
#1516 = CARTESIAN_POINT ( 'NONE',  ( 5.194999182140322525, -41.04748308400598944, -24.65168623639798895 ) ) ;
#1517 = ORIENTED_EDGE ( 'NONE', *, *, #3274, .F. ) ;
#1518 = CARTESIAN_POINT ( 'NONE',  ( 0.2631553418359367513, -30.64347767414186663, 39.47756199456070192 ) ) ;
#1519 = ADVANCED_FACE ( 'NONE', ( #254, #2196 ), #1634, .T. ) ;
#1520 = CARTESIAN_POINT ( 'NONE',  ( 3.969779934108145447, 22.35466501148717811, -43.42274147710584487 ) ) ;
#1521 = ORIENTED_EDGE ( 'NONE', *, *, #2630, .T. ) ;
#1522 = EDGE_CURVE ( 'NONE', #3374, #732, #99, .T. ) ;
#1523 = CARTESIAN_POINT ( 'NONE',  ( -3.469446951953614189E-15, 3.784359954153603489, 34.81995469177693536 ) ) ;
#1524 = CARTESIAN_POINT ( 'NONE',  ( 2.555675114558311645, 46.41931552507056580, 17.27459303649307643 ) ) ;
#1525 = DIRECTION ( 'NONE',  ( 0.000000000000000000, 0.000000000000000000, -1.000000000000000000 ) ) ;
#1526 = CARTESIAN_POINT ( 'NONE',  ( 0.000000000000000000, -11.63067707806368745, 40.87758983484477682 ) ) ;
#1527 = DIRECTION ( 'NONE',  ( 1.000000000000000000, 0.000000000000000000, 0.000000000000000000 ) ) ;
#1528 = DIRECTION ( 'NONE',  ( 1.000000000000000000, 0.000000000000000000, 0.000000000000000000 ) ) ;
#1529 = CARTESIAN_POINT ( 'NONE',  ( 0.1540323861005607475, 32.45508605610395136, 13.16882736202756732 ) ) ;
#1530 = ORIENTED_EDGE ( 'NONE', *, *, #562, .T. ) ;
#1531 = AXIS2_PLACEMENT_3D ( 'NONE', #2601, #2618, #1537 ) ;
#1532 = CARTESIAN_POINT ( 'NONE',  ( -0.6117970708675232183, -49.15481897388677623, -9.018441599300450306 ) ) ;
#1533 = AXIS2_PLACEMENT_3D ( 'NONE', #778, #205, #1845 ) ;
#1534 = VERTEX_POINT ( 'NONE', #1942 ) ;
#1535 = TOROIDAL_SURFACE ( 'NONE', #1651, 42.50000000000000000, 7.475000000000004086 ) ;
#1536 = AXIS2_PLACEMENT_3D ( 'NONE', #1670, #268, #930 ) ;
#1537 = DIRECTION ( 'NONE',  ( 0.000000000000000000, 0.000000000000000000, -1.000000000000000000 ) ) ;
#1538 = B_SPLINE_CURVE_WITH_KNOTS ( 'NONE', 3,
 ( #3572, #2510, #559, #597 ),
 .UNSPECIFIED., .F., .F.,
 ( 4, 4 ),
 ( 1.703398595680363074E-06, 0.001151158023206738830 ),
 .UNSPECIFIED. ) ;
#1539 = EDGE_CURVE ( 'NONE', #2784, #1493, #3406, .T. ) ;
#1540 = CARTESIAN_POINT ( 'NONE',  ( 3.515903202787785009, 22.47326771837099457, -43.65697782829935392 ) ) ;
#1541 = ORIENTED_EDGE ( 'NONE', *, *, #2034, .F. ) ;
#1542 = CARTESIAN_POINT ( 'NONE',  ( -5.556583932597439102, 2.887381465113487256, -37.38867513398835740 ) ) ;
#1543 = CARTESIAN_POINT ( 'NONE',  ( 0.000000000000000000, 0.000000000000000000, 0.000000000000000000 ) ) ;
#1544 = CARTESIAN_POINT ( 'NONE',  ( 5.601502700796326728, 44.37168845662370131, 16.95845669360679508 ) ) ;
#1545 = CARTESIAN_POINT ( 'NONE',  ( -3.964899447139830446, 36.13726294104819203, -0.5642267801619288425 ) ) ;
#1546 = FACE_BOUND ( 'NONE', #839, .T. ) ;
#1547 = CARTESIAN_POINT ( 'NONE',  ( -0.6117970708675520841, -49.09334050429053065, 9.347322363402104983 ) ) ;
#1548 = CARTESIAN_POINT ( 'NONE',  ( 0.5263093472665471007, 5.271351470981454845, 49.69621191468604593 ) ) ;
#1549 = CARTESIAN_POINT ( 'NONE',  ( -2.555678084769642755, 2.715830587374077787, -35.36644864250067855 ) ) ;
#1550 = ORIENTED_EDGE ( 'NONE', *, *, #1121, .T. ) ;
#1551 = ADVANCED_FACE ( 'NONE', ( #820 ), #2173, .F. ) ;
#1552 = DIRECTION ( 'NONE',  ( 0.000000000000000000, 0.000000000000000000, -1.000000000000000000 ) ) ;
#1553 = CARTESIAN_POINT ( 'NONE',  ( -1.307728941856032057, 3.795441785990176786, -34.93004369804085485 ) ) ;
#1554 = B_SPLINE_CURVE_WITH_KNOTS ( 'NONE', 3,
 ( #2963, #1821, #2432, #2687, #2724, #222, #1288, #1273, #3265, #186, #2653, #458, #3248, #1034 ),
 .UNSPECIFIED., .F., .F.,
 ( 4, 2, 2, 2, 2, 2, 4 ),
 ( 1.971617045688966696E-07, 0.001556723823003169178, 0.002334987153652471129, 0.003113250484301773729, 0.004669777145600368523, 0.005448040476249671991, 0.006226303806898976327 ),
 .UNSPECIFIED. ) ;
#1555 = DIRECTION ( 'NONE',  ( 0.000000000000000000, 0.000000000000000000, -1.000000000000000000 ) ) ;
#1556 = DIRECTION ( 'NONE',  ( 0.000000000000000000, 0.000000000000000000, -1.000000000000000000 ) ) ;
#1557 = PRODUCT_CONTEXT ( 'NONE', #2470, 'mechanical' ) ;
#1558 = DIRECTION ( 'NONE',  ( 0.000000000000000000, 0.000000000000000000, -1.000000000000000000 ) ) ;
#1559 = ORIENTED_EDGE ( 'NONE', *, *, #1852, .T. ) ;
#1560 = CARTESIAN_POINT ( 'NONE',  ( -4.804962602584518905, -21.70082109972201323, 29.68086957568266016 ) ) ;
#1561 = CARTESIAN_POINT ( 'NONE',  ( 3.281284640227984717, 45.65557794186625529, 18.39320439455133638 ) ) ;
#1562 = CARTESIAN_POINT ( 'NONE',  ( -5.194999927352061064, 37.11447791995923495, -0.5718007703686009968 ) ) ;
#1563 = CARTESIAN_POINT ( 'NONE',  ( 5.556583932597444431, 3.738261736800195578, -47.35267045465520397 ) ) ;
#1564 = CARTESIAN_POINT ( 'NONE',  ( 0.4806690185975177609, 15.92571072282897582, 31.19494985528643483 ) ) ;
#1565 = DIRECTION ( 'NONE',  ( 0.000000000000000000, 0.000000000000000000, -1.000000000000000000 ) ) ;
#1566 = ORIENTED_EDGE ( 'NONE', *, *, #1838, .T. ) ;
#1567 = CARTESIAN_POINT ( 'NONE',  ( 0.4796554304381365763, 2.880639597495077808, 34.90637538287852237 ) ) ;
#1568 = EDGE_CURVE ( 'NONE', #1448, #2876, #1129, .T. ) ;
#1569 = CARTESIAN_POINT ( 'NONE',  ( -0.5263101570733893508, 25.50633731225598666, -24.00369517206503645 ) ) ;
#1570 = CARTESIAN_POINT ( 'NONE',  ( 0.5274834676870253647, -29.62453367247882952, -18.68535133869932352 ) ) ;
#1571 = CARTESIAN_POINT ( 'NONE',  ( 1.043258717209530673, 3.945349512807042380, -49.76388039043360578 ) ) ;
#1572 = B_SPLINE_CURVE_WITH_KNOTS ( 'NONE', 3,
 ( #82, #2908, #2038, #1458, #910, #2841, #3143, #1754, #1478, #2365, #964, #2087, #1738, #3400 ),
 .UNSPECIFIED., .F., .F.,
 ( 4, 2, 2, 2, 2, 2, 4 ),
 ( 1.971617045673755837E-07, 0.001556723823003169612, 0.002334987153652470261, 0.003113250484301771561, 0.004669777145600380666, 0.005448040476249679798, 0.006226303806898978062 ),
 .UNSPECIFIED. ) ;
#1573 = CARTESIAN_POINT ( 'NONE',  ( 5.556583932597444431, 47.49559558823529670, 0.6468382477899505822 ) ) ;
#1574 = VERTEX_POINT ( 'NONE', #2483 ) ;
#1575 = ORIENTED_EDGE ( 'NONE', *, *, #1583, .F. ) ;
#1576 = CARTESIAN_POINT ( 'NONE',  ( -2.056915804659396940, -20.83060709227373763, 28.50958926897910573 ) ) ;
#1577 = DIRECTION ( 'NONE',  ( 1.000000000000000000, 0.000000000000000000, 0.000000000000000000 ) ) ;
#1578 = DIRECTION ( 'NONE',  ( 0.000000000000000000, 0.000000000000000000, -1.000000000000000000 ) ) ;
#1579 = DIRECTION ( 'NONE',  ( 0.000000000000000000, 0.000000000000000000, -1.000000000000000000 ) ) ;
#1580 = CARTESIAN_POINT ( 'NONE',  ( 0.5263093472665485439, 46.35651718282618106, -18.67013496679497564 ) ) ;
#1581 = CARTESIAN_POINT ( 'NONE',  ( 0.1540323861005574169, 15.11281637889309870, 31.59673094004915939 ) ) ;
#1582 = DIRECTION ( 'NONE',  ( 0.000000000000000000, 0.000000000000000000, -1.000000000000000000 ) ) ;
#1583 = EDGE_CURVE ( 'NONE', #545, #1027, #2403, .T. ) ;
#1584 = DIRECTION ( 'NONE',  ( 1.000000000000000000, 0.000000000000000000, 0.000000000000000000 ) ) ;
#1585 = DIRECTION ( 'NONE',  ( 1.000000000000000000, 0.000000000000000000, 0.000000000000000000 ) ) ;
#1586 = CARTESIAN_POINT ( 'NONE',  ( 25.00000000000000000, 0.000000000000000000, 0.000000000000000000 ) ) ;
#1587 = CIRCLE ( 'NONE', #2047, 35.02499999999999147 ) ;
#1588 = TOROIDAL_SURFACE ( 'NONE', #1994, 42.50000000000000000, 7.475000000000004086 ) ;
#1589 = B_SPLINE_CURVE_WITH_KNOTS ( 'NONE', 3,
 ( #2090, #2132, #1571, #1330, #1864, #172, #1296, #2405, #3502, #1025, #2969, #3237, #465, #1315 ),
 .UNSPECIFIED., .F., .F.,
 ( 4, 2, 2, 2, 2, 2, 4 ),
 ( 1.971617195679305771E-07, 0.001556721546461258248, 0.002334983738832105415, 0.003113245931202953450, 0.004669770315944648219, 0.005448032508315496687, 0.006226294700686344288 ),
 .UNSPECIFIED. ) ;
#1590 = CARTESIAN_POINT ( 'NONE',  ( -5.556583932597439102, 16.19875033384732177, -33.82085876528982737 ) ) ;
#1591 = CARTESIAN_POINT ( 'NONE',  ( 5.601502700796346268, -40.50006790005217994, -24.82298310058185464 ) ) ;
#1592 = CIRCLE ( 'NONE', #1298, 49.97500000000001563 ) ;
#1593 = AXIS2_PLACEMENT_3D ( 'NONE', #897, #2248, #635 ) ;
#1594 = EDGE_LOOP ( 'NONE', ( #504 ) ) ;
#1595 = EDGE_LOOP ( 'NONE', ( #1559, #158, #3135, #1739 ) ) ;
#1596 = ADVANCED_FACE ( 'NONE', ( #1065, #1356 ), #1420, .T. ) ;
#1597 = CARTESIAN_POINT ( 'NONE',  ( -0.5518461579785338689, -42.66495853109377379, 26.02340279277119350 ) ) ;
#1598 = DIRECTION ( 'NONE',  ( -0.000000000000000000, 0.000000000000000000, 1.000000000000000000 ) ) ;
#1599 = CARTESIAN_POINT ( 'NONE',  ( -3.515274631057121457, 35.87821509620260230, -0.5621983930455143330 ) ) ;
#1600 = CARTESIAN_POINT ( 'NONE',  ( -0.6117970708674775882, 46.53986711218865224, -18.20904408296580002 ) ) ;
#1601 = SPHERICAL_SURFACE ( 'NONE', #538, 7.500000000000000000 ) ;
#1602 = CARTESIAN_POINT ( 'NONE',  ( -0.1687870779475168503, 3.950058281679349470, 49.81864775936153222 ) ) ;
#1603 = DIRECTION ( 'NONE',  ( 0.000000000000000000, 0.000000000000000000, -1.000000000000000000 ) ) ;
#1604 = DIRECTION ( 'NONE',  ( 1.000000000000000000, 0.000000000000000000, 0.000000000000000000 ) ) ;
#1605 = CARTESIAN_POINT ( 'NONE',  ( -3.515274631057112131, -30.20831395816738052, 19.36543708071971182 ) ) ;
#1606 = VERTEX_POINT ( 'NONE', #508 ) ;
#1607 = CARTESIAN_POINT ( 'NONE',  ( 5.556583932597444431, 44.05465897866421443, 17.76054678982604784 ) ) ;
#1608 = DIRECTION ( 'NONE',  ( 0.000000000000000000, 0.000000000000000000, -1.000000000000000000 ) ) ;
#1609 = CARTESIAN_POINT ( 'NONE',  ( -0.5251770792775646290, 16.11350437323798346, -31.11392830520751573 ) ) ;
#1610 = ORIENTED_EDGE ( 'NONE', *, *, #2274, .F. ) ;
#1611 = ORIENTED_EDGE ( 'NONE', *, *, #1204, .T. ) ;
#1612 = B_SPLINE_CURVE_WITH_KNOTS ( 'NONE', 3,
 ( #3421, #343, #2120, #3225, #2919, #2097, #1301, #713, #1283, #2154 ),
 .UNSPECIFIED., .F., .F.,
 ( 4, 2, 2, 2, 4 ),
 ( 1.968926466832242410E-07, 0.0004987066525189300754, 0.0009972164123911769675, 0.001495726172263423968, 0.001994235932135671185 ),
 .UNSPECIFIED. ) ;
#1613 = EDGE_CURVE ( 'NONE', #3002, #2876, #2623, .T. ) ;
#1614 = EDGE_CURVE ( 'NONE', #2586, #1719, #3103, .T. ) ;
#1615 = CARTESIAN_POINT ( 'NONE',  ( -1.046971508578977250, 15.14309849336937397, 31.65877325782758689 ) ) ;
#1616 = CARTESIAN_POINT ( 'NONE',  ( 5.556583932597444431, -46.56803660056404937, 9.363117385172941454 ) ) ;
#1617 = CARTESIAN_POINT ( 'NONE',  ( 5.601502700796331169, -46.65304690335483428, 8.940313448307277255 ) ) ;
#1618 = EDGE_CURVE ( 'NONE', #731, #97, #2761, .T. ) ;
#1619 = DIRECTION ( 'NONE',  ( 1.000000000000000000, 0.000000000000000000, 0.000000000000000000 ) ) ;
#1620 = CARTESIAN_POINT ( 'NONE',  ( -2.378268148537112106E-15, 5.271351470981441523, 49.69621191468604593 ) ) ;
#1621 = CARTESIAN_POINT ( 'NONE',  ( -4.599617731266015142, -22.50804340972899098, -28.86326302658911303 ) ) ;
#1622 = CARTESIAN_POINT ( 'NONE',  ( -2.378268148537112106E-15, 21.67989097597804005, -45.02757990687158696 ) ) ;
#1623 = CARTESIAN_POINT ( 'NONE',  ( 0.000000000000000000, 0.000000000000000000, 0.000000000000000000 ) ) ;
#1624 = EDGE_LOOP ( 'NONE', ( #1794 ) ) ;
#1625 = CARTESIAN_POINT ( 'NONE',  ( 5.556583932597444431, -13.61993231764043344, 45.50546608554729033 ) ) ;
#1626 = CARTESIAN_POINT ( 'NONE',  ( 0.000000000000000000, 22.86773125337164814, -44.43610572860284691 ) ) ;
#1627 = CARTESIAN_POINT ( 'NONE',  ( 0.5274834676871746897, 15.87223580219829167, -31.22222734850733872 ) ) ;
#1628 = CARTESIAN_POINT ( 'NONE',  ( 4.188092993901584293, 48.69260374526096058, 0.6549389368903035802 ) ) ;
#1629 = VERTEX_POINT ( 'NONE', #1626 ) ;
#1630 = ADVANCED_FACE ( 'NONE', ( #2714 ), #3331, .F. ) ;
#1631 = VERTEX_POINT ( 'NONE', #1881 ) ;
#1632 = CARTESIAN_POINT ( 'NONE',  ( -0.5251770792775639629, 15.11889494715634719, 31.60918495223820202 ) ) ;
#1633 = DIRECTION ( 'NONE',  ( 1.000000000000000000, 0.000000000000000000, 0.000000000000000000 ) ) ;
#1634 = SPHERICAL_SURFACE ( 'NONE', #2579, 7.500000000000000000 ) ;
#1635 = ORIENTED_EDGE ( 'NONE', *, *, #916, .F. ) ;
#1636 = CARTESIAN_POINT ( 'NONE',  ( 5.601502700796329393, -28.79809283079968907, -37.77705440117392044 ) ) ;
#1637 = CARTESIAN_POINT ( 'NONE',  ( 2.056913264089350157, -12.96110443232081799, 47.97109425985983933 ) ) ;
#1638 = CARTESIAN_POINT ( 'NONE',  ( 0.3059180898280590699, 35.02153877025497053, 0.5024486121649486270 ) ) ;
#1639 = CARTESIAN_POINT ( 'NONE',  ( 5.556583932597444431, 3.738261736800195578, -47.35267045465520397 ) ) ;
#1640 = CARTESIAN_POINT ( 'NONE',  ( 5.380562815295798273, 34.80756060919166828, -32.60836453517120503 ) ) ;
#1641 = CARTESIAN_POINT ( 'NONE',  ( 4.188092993901584293, 21.11788383750774756, 43.87976283811919131 ) ) ;
#1642 = EDGE_LOOP ( 'NONE', ( #2362, #1752, #1521, #782 ) ) ;
#1643 = DIRECTION ( 'NONE',  ( 0.000000000000000000, 0.000000000000000000, -1.000000000000000000 ) ) ;
#1644 = CARTESIAN_POINT ( 'NONE',  ( -0.5251770792775630747, 25.51650431646956108, 24.01311236044887920 ) ) ;
#1645 = CARTESIAN_POINT ( 'NONE',  ( -3.281287451276766021, -30.71140296073649267, 18.35541560748871959 ) ) ;
#1646 = CARTESIAN_POINT ( 'NONE',  ( -5.556583932597439102, 0.000000000000000000, 0.000000000000000000 ) ) ;
#1647 = ORIENTED_EDGE ( 'NONE', *, *, #1852, .F. ) ;
#1648 = CIRCLE ( 'NONE', #236, 47.50000000000000000 ) ;
#1649 = ORIENTED_EDGE ( 'NONE', *, *, #1504, .T. ) ;
#1650 = EDGE_CURVE ( 'NONE', #3452, #1264, #1476, .T. ) ;
#1651 = AXIS2_PLACEMENT_3D ( 'NONE', #144, #714, #2940 ) ;
#1652 = TOROIDAL_SURFACE ( 'NONE', #3326, 42.50000000000000000, 7.475000000000004086 ) ;
#1653 = CARTESIAN_POINT ( 'NONE',  ( -4.599617731266017806, 15.80463526892894244, -33.01383762443315106 ) ) ;
#1654 = CARTESIAN_POINT ( 'NONE',  ( -5.556583932597439102, 35.17121706290640759, 13.00905416676867787 ) ) ;
#1655 = ORIENTED_EDGE ( 'NONE', *, *, #1080, .T. ) ;
#1656 = AXIS2_PLACEMENT_3D ( 'NONE', #2441, #1409, #215 ) ;
#1657 = CARTESIAN_POINT ( 'NONE',  ( 0.000000000000000000, 0.000000000000000000, 0.000000000000000000 ) ) ;
#1658 = CARTESIAN_POINT ( 'NONE',  ( -5.204543592070409730, -31.24579223639836556, -20.01902621572449803 ) ) ;
#1659 = TOROIDAL_SURFACE ( 'NONE', #361, 31.50000000000000000, 1.499999999999999556 ) ;
#1660 = CARTESIAN_POINT ( 'NONE',  ( 2.074418812251860977, -48.72823854986378933, -9.781999254468827232 ) ) ;
#1661 = CARTESIAN_POINT ( 'NONE',  ( 2.074418812251862310, 3.926537738056180338, 49.54504054876208841 ) ) ;
#1662 = DIRECTION ( 'NONE',  ( -1.000000000000000000, 0.000000000000000000, -0.000000000000000000 ) ) ;
#1663 = CARTESIAN_POINT ( 'NONE',  ( 3.969779934108144559, 21.18040033388930610, 44.00745580989156025 ) ) ;
#1664 = ORIENTED_EDGE ( 'NONE', *, *, #354, .T. ) ;
#1665 = EDGE_CURVE ( 'NONE', #996, #1514, #419, .T. ) ;
#1666 = CARTESIAN_POINT ( 'NONE',  ( -2.567739918546541933, -30.43965207419489261, 18.19009411546341326 ) ) ;
#1667 = ORIENTED_EDGE ( 'NONE', *, *, #1741, .F. ) ;
#1668 = B_SPLINE_CURVE_WITH_KNOTS ( 'NONE', 3,
 ( #2270, #362, #1729, #584, #2321, #1141, #3155, #2831, #1175, #901, #377, #3352, #2289, #2539 ),
 .UNSPECIFIED., .F., .F.,
 ( 4, 2, 2, 2, 2, 2, 4 ),
 ( 1.971617045663927343E-07, 0.001556723823003165925, 0.002334987153652468093, 0.003113250484301769826, 0.004669777145600372860, 0.005448040476249672859, 0.006226303806898973725 ),
 .UNSPECIFIED. ) ;
#1669 = EDGE_LOOP ( 'NONE', ( #2733, #12, #360, #2590 ) ) ;
#1670 = CARTESIAN_POINT ( 'NONE',  ( 0.000000000000000000, 0.000000000000000000, 0.000000000000000000 ) ) ;
#1671 = CARTESIAN_POINT ( 'NONE',  ( -2.801541032638788842, 15.34967770738728099, -32.08198305882541490 ) ) ;
#1672 = CARTESIAN_POINT ( 'NONE',  ( 0.000000000000000000, 31.40787898187836902, -28.63206485497829235 ) ) ;
#1673 = ORIENTED_EDGE ( 'NONE', *, *, #195, .F. ) ;
#1674 = CARTESIAN_POINT ( 'NONE',  ( -5.556583932597439102, -23.05478690934785391, -29.57578064167644527 ) ) ;
#1675 = CARTESIAN_POINT ( 'NONE',  ( -1.307728941856038052, -29.57631890278172548, -18.96720040646064120 ) ) ;
#1676 = CARTESIAN_POINT ( 'NONE',  ( 0.5251762499567608211, -48.98423275810347377, -9.831615991060028037 ) ) ;
#1677 = CARTESIAN_POINT ( 'NONE',  ( 0.4796554304381828171, -20.82500783866902694, -28.16153716295434961 ) ) ;
#1678 = FACE_BOUND ( 'NONE', #2052, .T. ) ;
#1679 = CARTESIAN_POINT ( 'NONE',  ( 5.194999182140325189, -40.36372220745641926, 25.75599796918886852 ) ) ;
#1680 = ORIENTED_EDGE ( 'NONE', *, *, #3241, .T. ) ;
#1681 = CARTESIAN_POINT ( 'NONE',  ( 0.1540323861005596096, 3.784359954154159489, -34.81995469177687852 ) ) ;
#1682 = CARTESIAN_POINT ( 'NONE',  ( -2.378268148537112106E-15, 5.271351470981441523, 49.69621191468604593 ) ) ;
#1683 = B_SPLINE_CURVE_WITH_KNOTS ( 'NONE', 3,
 ( #1860, #2433, #3529, #701 ),
 .UNSPECIFIED., .F., .F.,
 ( 4, 4 ),
 ( 1.917147537320578039E-06, 0.001295593643117215997 ),
 .UNSPECIFIED. ) ;
#1684 = VERTEX_POINT ( 'NONE', #1830 ) ;
#1685 = DIRECTION ( 'NONE',  ( 0.000000000000000000, 0.000000000000000000, -1.000000000000000000 ) ) ;
#1686 = CARTESIAN_POINT ( 'NONE',  ( -5.204543592070405289, 16.02704870939102832, 33.46930911705295131 ) ) ;
#1687 = CARTESIAN_POINT ( 'NONE',  ( -2.801541032638788842, -9.193271357520641729, 34.35622220871226062 ) ) ;
#1688 = ORIENTED_EDGE ( 'NONE', *, *, #1299, .T. ) ;
#1689 = CARTESIAN_POINT ( 'NONE',  ( -2.567739918546541933, -34.95515013828860162, 5.965686979481675145 ) ) ;
#1690 = CARTESIAN_POINT ( 'NONE',  ( -1.046971508578977916, 35.08963149353721178, 0.5559836492077936398 ) ) ;
#1691 = CARTESIAN_POINT ( 'NONE',  ( 0.2631553418359360852, -42.83513221543145733, 25.74202931174068709 ) ) ;
#1692 = CARTESIAN_POINT ( 'NONE',  ( 0.6116626697215286068, -21.04550573295045979, -27.99719814685007435 ) ) ;
#1693 = CARTESIAN_POINT ( 'NONE',  ( -0.5263101570733896839, 16.10722901273688024, 31.10157228390949413 ) ) ;
#1694 = EDGE_CURVE ( 'NONE', #337, #618, #1944, .T. ) ;
#1695 = CARTESIAN_POINT ( 'NONE',  ( -0.3311252865191530170, 37.32306014205360611, -33.23409937108893786 ) ) ;
#1696 = ORIENTED_EDGE ( 'NONE', *, *, #3540, .F. ) ;
#1697 = CARTESIAN_POINT ( 'NONE',  ( -23.49999999999999645, 0.000000000000000000, 0.000000000000000000 ) ) ;
#1698 = CARTESIAN_POINT ( 'NONE',  ( -1.307728941856032057, -21.61524809747305653, 27.70007907538480296 ) ) ;
#1699 = CARTESIAN_POINT ( 'NONE',  ( -5.601503256229773520, -10.07850150798737765, 36.12230124103615481 ) ) ;
#1700 = VERTEX_POINT ( 'NONE', #209 ) ;
#1701 = ORIENTED_EDGE ( 'NONE', *, *, #90, .F. ) ;
#1702 = B_SPLINE_CURVE_WITH_KNOTS ( 'NONE', 3,
 ( #2446, #1602, #2468, #1107, #2998, #494, #1072, #478, #2740, #1620 ),
 .UNSPECIFIED., .F., .F.,
 ( 4, 2, 2, 2, 4 ),
 ( 1.968926466741736939E-07, 0.0004987066525189232449, 0.0009972164123911721970, 0.001495726172263421149, 0.001994235932135670318 ),
 .UNSPECIFIED. ) ;
#1703 = SPHERICAL_SURFACE ( 'NONE', #652, 7.500000000000000000 ) ;
#1704 = CARTESIAN_POINT ( 'NONE',  ( -5.556583932597439102, -9.708369336403023908, 36.22150693756390183 ) ) ;
#1705 = ORIENTED_EDGE ( 'NONE', *, *, #1314, .T. ) ;
#1706 = EDGE_CURVE ( 'NONE', #3092, #3152, #1589, .T. ) ;
#1707 = CIRCLE ( 'NONE', #2570, 35.02499999999999147 ) ;
#1708 = AXIS2_PLACEMENT_3D ( 'NONE', #1094, #2202, #260 ) ;
#1709 = FILL_AREA_STYLE_COLOUR ( '', #2227 ) ;
#1710 = B_SPLINE_CURVE_WITH_KNOTS ( 'NONE', 3,
 ( #2593, #569, #1732, #1143, #3409, #2817, #364, #2014, #1467, #290, #1435, #2541, #35, #2834 ),
 .UNSPECIFIED., .F., .F.,
 ( 4, 2, 2, 2, 2, 2, 4 ),
 ( 2.947675409858573676E-07, 0.001556819483393524078, 0.002335081841319798686, 0.003113344199246073727, 0.004669868915098616437, 0.005448131273024891044, 0.006226393630951164784 ),
 .UNSPECIFIED. ) ;
#1711 = CARTESIAN_POINT ( 'NONE',  ( -5.204543592070410618, -36.36753993179230804, -7.379903957066724196 ) ) ;
#1712 = CARTESIAN_POINT ( 'NONE',  ( 0.5251762499567610432, -42.82330167463367587, 25.73481232842080146 ) ) ;
#1713 = CARTESIAN_POINT ( 'NONE',  ( 0.5286488320023976506, -21.33771968973273658, -27.77511688707408055 ) ) ;
#1714 = CIRCLE ( 'NONE', #1939, 49.97500000000001563 ) ;
#1715 = AXIS2_PLACEMENT_3D ( 'NONE', #1543, #990, #2701 ) ;
#1716 = AXIS2_PLACEMENT_3D ( 'NONE', #161, #3508, #3244 ) ;
#1717 = CARTESIAN_POINT ( 'NONE',  ( -4.188095163653574815, -9.389686325147048152, -35.06766482329697965 ) ) ;
#1718 = CARTESIAN_POINT ( 'NONE',  ( -2.378268148537112106E-15, -14.31325167158724376, -47.88143117729257625 ) ) ;
#1719 = VERTEX_POINT ( 'NONE', #1590 ) ;
#1720 = DIRECTION ( 'NONE',  ( 0.000000000000000000, 0.000000000000000000, -1.000000000000000000 ) ) ;
#1721 = CARTESIAN_POINT ( 'NONE',  ( 0.000000000000000000, 0.000000000000000000, 0.000000000000000000 ) ) ;
#1722 = ORIENTED_EDGE ( 'NONE', *, *, #966, .F. ) ;
#1723 = CARTESIAN_POINT ( 'NONE',  ( -0.6119266459122472135, 22.42502584231204921, -44.66146810402908329 ) ) ;
#1724 = B_SPLINE_CURVE_WITH_KNOTS ( 'NONE', 3,
 ( #3185, #3433, #688, #1810, #374, #3170, #2368, #1793, #2351, #3222 ),
 .UNSPECIFIED., .F., .F.,
 ( 4, 2, 2, 2, 4 ),
 ( 1.968926466845278247E-07, 0.0004987066525189285575, 0.0009972164123911726307, 0.001495726172263416812, 0.001994235932135660777 ),
 .UNSPECIFIED. ) ;
#1725 = DIRECTION ( 'NONE',  ( 0.000000000000000000, 0.3612416661871536427, -0.9324722294043555904 ) ) ;
#1726 = CARTESIAN_POINT ( 'NONE',  ( -3.964899447139825117, -9.346743643744060748, 34.91215415851670656 ) ) ;
#1727 = VERTEX_POINT ( 'NONE', #191 ) ;
#1728 = ADVANCED_FACE ( 'NONE', ( #574, #854 ), #2222, .T. ) ;
#1729 = CARTESIAN_POINT ( 'NONE',  ( -1.043260194215536618, 32.90779374838621862, 12.15241921290203564 ) ) ;
#1730 = CARTESIAN_POINT ( 'NONE',  ( -3.469446951953614189E-15, -34.32224221905846662, -6.980996637750234157 ) ) ;
#1731 = B_SPLINE_CURVE_WITH_KNOTS ( 'NONE', 3,
 ( #3410, #365, #1489, #2594, #659, #2558, #956, #3108, #1215, #3423, #936, #2835, #331, #1178 ),
 .UNSPECIFIED., .F., .F.,
 ( 4, 2, 2, 2, 2, 2, 4 ),
 ( 1.974398904498575020E-07, 0.0004563904265459784284, 0.0006844869198737427076, 0.0009125834132015069869, 0.001140679906529271049, 0.001368776399857035437, 0.001824969386512557490 ),
 .UNSPECIFIED. ) ;
#1732 = CARTESIAN_POINT ( 'NONE',  ( 4.817901204096654233, -40.66649883246830655, -25.94631918231003453 ) ) ;
#1733 = CARTESIAN_POINT ( 'NONE',  ( -3.469446951953614189E-15, 0.000000000000000000, 0.000000000000000000 ) ) ;
#1734 = CARTESIAN_POINT ( 'NONE',  ( -5.556583932597439102, 0.000000000000000000, 0.000000000000000000 ) ) ;
#1735 = DIRECTION ( 'NONE',  ( 1.000000000000000000, 0.000000000000000000, 0.000000000000000000 ) ) ;
#1736 = VERTEX_POINT ( 'NONE', #1368 ) ;
#1737 = DIRECTION ( 'NONE',  ( 1.000000000000000000, 0.000000000000000000, 0.000000000000000000 ) ) ;
#1738 = CARTESIAN_POINT ( 'NONE',  ( -5.380563170409296880, -10.75896986766397667, -35.71920663606798030 ) ) ;
#1739 = ORIENTED_EDGE ( 'NONE', *, *, #916, .T. ) ;
#1740 = DIRECTION ( 'NONE',  ( 1.000000000000000000, 0.000000000000000000, 0.000000000000000000 ) ) ;
#1741 = EDGE_CURVE ( 'NONE', #2171, #2228, #835, .T. ) ;
#1742 = CARTESIAN_POINT ( 'NONE',  ( -1.043260194215537728, -9.064230992230912776, 33.88869868602093760 ) ) ;
#1743 = VERTEX_POINT ( 'NONE', #1953 ) ;
#1744 = CARTESIAN_POINT ( 'NONE',  ( 0.1541532762803389245, -20.66137603572838088, 28.28176382954622525 ) ) ;
#1745 = CARTESIAN_POINT ( 'NONE',  ( -20.63749999999999929, 0.000000000000000000, 0.000000000000000000 ) ) ;
#1746 = CARTESIAN_POINT ( 'NONE',  ( -1.046971508578977028, 32.92095136756875462, -12.15739763372892845 ) ) ;
#1747 = CARTESIAN_POINT ( 'NONE',  ( 5.601502700796333833, -40.50006790005254942, 24.82298310058125779 ) ) ;
#1748 = CARTESIAN_POINT ( 'NONE',  ( -2.056915804659394720, 16.23573721006313519, 31.35461225026304177 ) ) ;
#1749 = B_SPLINE_CURVE_WITH_KNOTS ( 'NONE', 3,
 ( #1241, #2070, #726, #2402, #497, #1898, #1000, #224, #3001, #1553, #1846, #2709, #2950, #1291 ),
 .UNSPECIFIED., .F., .F.,
 ( 4, 2, 2, 2, 2, 2, 4 ),
 ( 2.947685801839341797E-07, 0.001556821940974615834, 0.002335085527171830259, 0.003113349113369044685, 0.004669876285763463995, 0.005448139871960671482, 0.006226403458157878969 ),
 .UNSPECIFIED. ) ;
#1750 = CARTESIAN_POINT ( 'NONE',  ( 5.556583932597444431, -46.80574903283746835, 8.091468190324558662 ) ) ;
#1751 = B_SPLINE_CURVE_WITH_KNOTS ( 'NONE', 3,
 ( #935, #2994, #1320, #1045, #819, #3028, #1671, #547, #1869, #1653, #2973, #507, #1064, #2155 ),
 .UNSPECIFIED., .F., .F.,
 ( 4, 2, 2, 2, 2, 2, 4 ),
 ( 1.971617045682115258E-07, 0.001556723823003172864, 0.002334987153652474598, 0.003113250484301776332, 0.004669777145600382401, 0.005448040476249681532, 0.006226303806898979797 ),
 .UNSPECIFIED. ) ;
#1752 = ORIENTED_EDGE ( 'NONE', *, *, #3465, .T. ) ;
#1753 = CARTESIAN_POINT ( 'NONE',  ( -4.817902579072504743, -21.69685176024322359, -29.67553345382662755 ) ) ;
#1754 = CARTESIAN_POINT ( 'NONE',  ( -3.515274631057112131, -10.35927645265756780, -34.35473441754336221 ) ) ;
#1755 = ORIENTED_EDGE ( 'NONE', *, *, #2145, .T. ) ;
#1756 = ORIENTED_EDGE ( 'NONE', *, *, #793, .T. ) ;
#1757 = CARTESIAN_POINT ( 'NONE',  ( -24.99999999999999289, 0.000000000000000000, -31.50000000000000000 ) ) ;
#1758 = CARTESIAN_POINT ( 'NONE',  ( 5.556583932597444431, 0.000000000000000000, 0.000000000000000000 ) ) ;
#1759 = ORIENTED_EDGE ( 'NONE', *, *, #3025, .T. ) ;
#1760 = CARTESIAN_POINT ( 'NONE',  ( 4.188092993901583405, 5.144931748420364492, -48.42445954069237501 ) ) ;
#1761 = DIRECTION ( 'NONE',  ( 0.000000000000000000, 0.000000000000000000, -1.000000000000000000 ) ) ;
#1762 = CARTESIAN_POINT ( 'NONE',  ( -0.2631557696538510127, 32.85637963035632936, -12.13296924029304158 ) ) ;
#1763 = CARTESIAN_POINT ( 'NONE',  ( 3.964897064204549793, -29.96458975037975492, -38.59093393107812631 ) ) ;
#1764 = CIRCLE ( 'NONE', #63, 49.97500000000001563 ) ;
#1765 = B_SPLINE_CURVE_WITH_KNOTS ( 'NONE', 3,
 ( #2020, #114, #1753, #3376, #2840, #2278, #2858, #909, #3128, #683, #1788, #2547, #2907, #616 ),
 .UNSPECIFIED., .F., .F.,
 ( 4, 2, 2, 2, 2, 2, 4 ),
 ( 2.947685801822427078E-07, 0.001556821940974608244, 0.002335085527171820285, 0.003113349113369032108, 0.004669876285763455322, 0.005448139871960666278, 0.006226403458157878101 ),
 .UNSPECIFIED. ) ;
#1766 = FACE_BOUND ( 'NONE', #2484, .T. ) ;
#1767 = CARTESIAN_POINT ( 'NONE',  ( -0.5525058339321908818, 4.278561451939751237, -49.79166868515586231 ) ) ;
#1768 = TOROIDAL_SURFACE ( 'NONE', #2632, 31.50000000000000000, 1.499999999999999556 ) ;
#1769 = AXIS2_PLACEMENT_3D ( 'NONE', #452, #693, #125 ) ;
#1770 = ORIENTED_EDGE ( 'NONE', *, *, #2743, .F. ) ;
#1771 = CARTESIAN_POINT ( 'NONE',  ( 0.4796554304382368294, 26.11991570107206329, -23.33459086056520704 ) ) ;
#1772 = ADVANCED_FACE ( 'NONE', ( #3571, #2785 ), #1659, .T. ) ;
#1773 = CARTESIAN_POINT ( 'NONE',  ( 1.043258717209527120, -42.78820535609796849, -25.71340227772234144 ) ) ;
#1774 = VERTEX_POINT ( 'NONE', #1441 ) ;
#1775 = DIRECTION ( 'NONE',  ( 0.000000000000000000, 0.000000000000000000, -1.000000000000000000 ) ) ;
#1776 = FACE_BOUND ( 'NONE', #412, .T. ) ;
#1777 = DIRECTION ( 'NONE',  ( 1.000000000000000000, 0.000000000000000000, 0.000000000000000000 ) ) ;
#1778 = ORIENTED_EDGE ( 'NONE', *, *, #21, .T. ) ;
#1779 = CARTESIAN_POINT ( 'NONE',  ( -3.469446951953614189E-15, -21.54787174047426745, 27.61231334850577213 ) ) ;
#1780 = DIRECTION ( 'NONE',  ( 0.000000000000000000, 0.8502171357296099963, 0.5264321628773626083 ) ) ;
#1781 = CARTESIAN_POINT ( 'NONE',  ( 0.5263093472665462125, -30.64347767414131596, -39.47756199456094350 ) ) ;
#1782 = CARTESIAN_POINT ( 'NONE',  ( -3.469446951953614189E-15, 0.000000000000000000, 0.000000000000000000 ) ) ;
#1783 = CARTESIAN_POINT ( 'NONE',  ( 0.000000000000000000, 21.67989097597743964, 45.02757990687189249 ) ) ;
#1784 = CARTESIAN_POINT ( 'NONE',  ( 5.380562815295793833, 5.045795021531986002, 47.42796291031110201 ) ) ;
#1785 = CARTESIAN_POINT ( 'NONE',  ( -1.043260194215537062, -21.58134581349321479, -27.65591609386417815 ) ) ;
#1786 = VERTEX_POINT ( 'NONE', #280 ) ;
#1787 = B_SPLINE_CURVE_WITH_KNOTS ( 'NONE', 3,
 ( #3122, #1711, #1197, #608, #107, #934, #2271, #1230, #378, #3369, #919, #3136, #34, #1730 ),
 .UNSPECIFIED., .F., .F.,
 ( 4, 2, 2, 2, 2, 2, 4 ),
 ( 2.947685801807395949E-07, 0.001556821940974604341, 0.002335085527171815948, 0.003113349113369026904, 0.004669876285763450985, 0.005448139871960663676, 0.006226403458157877234 ),
 .UNSPECIFIED. ) ;
#1788 = CARTESIAN_POINT ( 'NONE',  ( -1.046971508578976584, -20.70254278563570693, -28.33718543503126952 ) ) ;
#1789 = CARTESIAN_POINT ( 'NONE',  ( -0.1687870779475132699, -30.64347767414185242, 39.47756199456053849 ) ) ;
#1790 = ORIENTED_EDGE ( 'NONE', *, *, #1342, .T. ) ;
#1791 = FACE_BOUND ( 'NONE', #3327, .T. ) ;
#1792 = B_SPLINE_CURVE_WITH_KNOTS ( 'NONE', 3,
 ( #837, #1954, #3063, #1404, #2531, #814, #3094, #1984, #2243, #3345, #855, #1167, #2279, #1369 ),
 .UNSPECIFIED., .F., .F.,
 ( 4, 2, 2, 2, 2, 2, 4 ),
 ( 2.947675409830567061E-07, 0.001556819483393533403, 0.002335081841319806492, 0.003113344199246080232, 0.004669868915098620774, 0.005448131273024891912, 0.006226393630951163050 ),
 .UNSPECIFIED. ) ;
#1793 = CARTESIAN_POINT ( 'NONE',  ( -0.3305743550284820365, 46.80848959884233551, 17.50661760664871380 ) ) ;
#1794 = ORIENTED_EDGE ( 'NONE', *, *, #200, .T. ) ;
#1795 = ORIENTED_EDGE ( 'NONE', *, *, #2772, .F. ) ;
#1796 = CARTESIAN_POINT ( 'NONE',  ( -3.469446951953614189E-15, 15.11281637889359963, -31.59673094004892491 ) ) ;
#1797 = DIRECTION ( 'NONE',  ( 0.000000000000000000, 0.000000000000000000, -1.000000000000000000 ) ) ;
#1798 = CARTESIAN_POINT ( 'NONE',  ( 5.556583932597444431, 44.05465897866421443, 17.76054678982604784 ) ) ;
#1799 = CARTESIAN_POINT ( 'NONE',  ( 0.1541532762803354550, -34.52636457722945806, -5.889038468225050060 ) ) ;
#1800 = DIRECTION ( 'NONE',  ( 0.000000000000000000, 0.000000000000000000, -1.000000000000000000 ) ) ;
#1801 = CARTESIAN_POINT ( 'NONE',  ( 3.515903202787783233, -48.38218991768847843, 8.375152166433760925 ) ) ;
#1802 = CARTESIAN_POINT ( 'NONE',  ( 2.074418812251864974, 37.17152824220749352, -32.99100225403330455 ) ) ;
#1803 = CARTESIAN_POINT ( 'NONE',  ( 5.556583932597444431, -28.10630291193245256, 38.29211063160005324 ) ) ;
#1804 = ORIENTED_EDGE ( 'NONE', *, *, #1883, .T. ) ;
#1805 = ADVANCED_FACE ( 'NONE', ( #3062, #1098 ), #2509, .T. ) ;
#1806 = CARTESIAN_POINT ( 'NONE',  ( 0.4806690185975188156, 25.64582509287254553, -23.85466021151536964 ) ) ;
#1807 = CARTESIAN_POINT ( 'NONE',  ( 3.964897064204545352, -41.88180108070464769, -25.16051586946669971 ) ) ;
#1808 = EDGE_LOOP ( 'NONE', ( #2788, #3256, #3102, #2914 ) ) ;
#1809 = SPHERICAL_SURFACE ( 'NONE', #1179, 7.500000000000000000 ) ;
#1810 = CARTESIAN_POINT ( 'NONE',  ( -0.5518461579784692539, 46.47850551160595955, 18.36476802963697352 ) ) ;
#1811 = EDGE_LOOP ( 'NONE', ( #304, #40, #2212, #3401 ) ) ;
#1812 = ORIENTED_EDGE ( 'NONE', *, *, #2609, .F. ) ;
#1813 = CARTESIAN_POINT ( 'NONE',  ( -0.1687870779475112992, -42.83513221543135074, 25.74202931174067999 ) ) ;
#1814 = CARTESIAN_POINT ( 'NONE',  ( 0.5251762499567627085, 46.34362841215590834, 18.66504319554981350 ) ) ;
#1815 = CARTESIAN_POINT ( 'NONE',  ( -1.307728941856036498, 32.55793979812435879, 13.20961343868897941 ) ) ;
#1816 = B_SPLINE_CURVE_WITH_KNOTS ( 'NONE', 3,
 ( #1997, #2338, #1509, #2015, #626, #3371, #3394, #676, #921, #880, #380, #2870, #1799, #2902 ),
 .UNSPECIFIED., .F., .F.,
 ( 4, 2, 2, 2, 2, 2, 4 ),
 ( 1.974398904501796657E-07, 0.0004563904265459809762, 0.0006844869198737442255, 0.0009125834132015075290, 0.001140679906529270832, 0.001368776399857033702, 0.001824969386512555972 ),
 .UNSPECIFIED. ) ;
#1817 = EDGE_CURVE ( 'NONE', #3588, #1132, #1507, .T. ) ;
#1818 = CARTESIAN_POINT ( 'NONE',  ( -5.204543592070406177, -10.70399583504877761, 35.53147078674474102 ) ) ;
#1819 = CARTESIAN_POINT ( 'NONE',  ( 0.000000000000000000, 18.94388012050277936, 38.04443988259020415 ) ) ;
#1820 = CARTESIAN_POINT ( 'NONE',  ( 5.556583932597444431, 35.53544077809208801, 31.51955660707666951 ) ) ;
#1821 = CARTESIAN_POINT ( 'NONE',  ( -0.5263101570733910162, -34.32224221905858030, 6.980996637749776745 ) ) ;
#1822 = CIRCLE ( 'NONE', #1531, 47.50000000000000000 ) ;
#1823 = ORIENTED_EDGE ( 'NONE', *, *, #1978, .F. ) ;
#1824 = TOROIDAL_SURFACE ( 'NONE', #593, 42.50000000000000000, 7.475000000000004086 ) ;
#1825 = CARTESIAN_POINT ( 'NONE',  ( 0.1541532762803390633, 25.50633731225601863, -24.00369517206498315 ) ) ;
#1826 = PRESENTATION_LAYER_ASSIGNMENT (  '', '', ( #2166 ) ) ;
#1827 = AXIS2_PLACEMENT_3D ( 'NONE', #761, #2953, #227 ) ;
#1828 = AXIS2_PLACEMENT_3D ( 'NONE', #2961, #493, #3263 ) ;
#1829 = CARTESIAN_POINT ( 'NONE',  ( 0.000000000000000000, -25.61197204611857359, 33.91573215941005515 ) ) ;
#1830 = CARTESIAN_POINT ( 'NONE',  ( -5.556583932597439102, 37.49559558823533933, -0.5747273123026690467 ) ) ;
#1831 = CARTESIAN_POINT ( 'NONE',  ( 4.188092993901586958, 22.29043842627487493, -43.29590002839189822 ) ) ;
#1832 = ORIENTED_EDGE ( 'NONE', *, *, #866, .T. ) ;
#1833 = CARTESIAN_POINT ( 'NONE',  ( -0.3305743550285110688, -14.23783466734689007, -47.90407521845766325 ) ) ;
#1834 = DIRECTION ( 'NONE',  ( 1.000000000000000000, 0.000000000000000000, 0.000000000000000000 ) ) ;
#1835 = CARTESIAN_POINT ( 'NONE',  ( 1.043258717209528452, 46.78448011875000390, 17.41327063793226770 ) ) ;
#1836 = CARTESIAN_POINT ( 'NONE',  ( -2.074421552793071388, 32.71036785375966360, 13.27005547839155497 ) ) ;
#1837 = ADVANCED_FACE ( 'NONE', ( #317, #3077 ), #518, .T. ) ;
#1838 = EDGE_CURVE ( 'NONE', #2883, #878, #71, .T. ) ;
#1839 = DIRECTION ( 'NONE',  ( -0.000000000000000000, 0.9618256431728179345, 0.2736629900720867203 ) ) ;
#1840 = CARTESIAN_POINT ( 'NONE',  ( -0.1688795059594261072, -48.99783768347150925, 9.834252759827789347 ) ) ;
#1841 = CARTESIAN_POINT ( 'NONE',  ( 1.046969926904347314, 37.32437038672572527, -33.12848696294227580 ) ) ;
#1842 = CARTESIAN_POINT ( 'NONE',  ( 5.204542906582163120, 3.771707234592420743, 47.74247643880431013 ) ) ;
#1843 = B_SPLINE_CURVE_WITH_KNOTS ( 'NONE', 3,
 ( #492, #2234, #2178, #1760, #3085, #3391, #2251, #33, #1158, #2575, #2591, #91, #1212, #2815 ),
 .UNSPECIFIED., .F., .F.,
 ( 4, 2, 2, 2, 2, 2, 4 ),
 ( 2.947675409827436745E-07, 0.001556819483393525379, 0.002335081841319802589, 0.003113344199246078931, 0.004669868915098622508, 0.005448131273024893646, 0.006226393630951163050 ),
 .UNSPECIFIED. ) ;
#1844 = VERTEX_POINT ( 'NONE', #1150 ) ;
#1845 = DIRECTION ( 'NONE',  ( 0.000000000000000000, 0.000000000000000000, -1.000000000000000000 ) ) ;
#1846 = CARTESIAN_POINT ( 'NONE',  ( -1.046971508578976362, 3.791274653058370081, -34.88864561251271823 ) ) ;
#1847 = ORIENTED_EDGE ( 'NONE', *, *, #2377, .T. ) ;
#1848 = CARTESIAN_POINT ( 'NONE',  ( 2.567736996609358169, 36.16179702819429309, 33.85970742486842511 ) ) ;
#1849 = CARTESIAN_POINT ( 'NONE',  ( -2.378268148537112106E-15, -30.64347767414130530, -39.47756199456096482 ) ) ;
#1850 = ORIENTED_EDGE ( 'NONE', *, *, #1148, .T. ) ;
#1851 = ORIENTED_EDGE ( 'NONE', *, *, #660, .F. ) ;
#1852 = EDGE_CURVE ( 'NONE', #2866, #1154, #2328, .T. ) ;
#1853 = CARTESIAN_POINT ( 'NONE',  ( -1.805201453756180019, -20.79054168646245060, 28.45565283700546289 ) ) ;
#1854 = CARTESIAN_POINT ( 'NONE',  ( 5.556583932597444431, 44.05465897866421443, 17.76054678982604784 ) ) ;
#1855 = SPHERICAL_SURFACE ( 'NONE', #2346, 7.500000000000000000 ) ;
#1856 = CARTESIAN_POINT ( 'NONE',  ( -1.307728941856034943, -10.14919586387097361, 33.63788272788088562 ) ) ;
#1857 = CARTESIAN_POINT ( 'NONE',  ( -5.556583932597439102, -10.81394427001693970, -35.90694374804082400 ) ) ;
#1858 = CARTESIAN_POINT ( 'NONE',  ( -2.378268148537112106E-15, 5.271351470981441523, 49.69621191468604593 ) ) ;
#1859 = DIRECTION ( 'NONE',  ( 1.000000000000000000, 0.000000000000000000, 0.000000000000000000 ) ) ;
#1860 = CARTESIAN_POINT ( 'NONE',  ( 5.556583932597444431, 35.53544077809208801, 31.51955660707666951 ) ) ;
#1861 = SPHERICAL_SURFACE ( 'NONE', #3037, 7.500000000000000000 ) ;
#1862 = CARTESIAN_POINT ( 'NONE',  ( -3.469446951953614189E-15, 0.000000000000000000, 0.000000000000000000 ) ) ;
#1863 = EDGE_CURVE ( 'NONE', #3382, #2759, #2538, .T. ) ;
#1864 = CARTESIAN_POINT ( 'NONE',  ( 2.056913264089354154, 3.925751559783066114, -49.53589190965217881 ) ) ;
#1865 = CARTESIAN_POINT ( 'NONE',  ( 3.515903202787780568, 49.09732136510807976, 0.6576547829210734886 ) ) ;
#1866 = ORIENTED_EDGE ( 'NONE', *, *, #1393, .T. ) ;
#1867 = ORIENTED_EDGE ( 'NONE', *, *, #1359, .T. ) ;
#1868 = CARTESIAN_POINT ( 'NONE',  ( -5.556583932597439102, -22.13750231693171600, 30.26848181141306426 ) ) ;
#1869 = CARTESIAN_POINT ( 'NONE',  ( -3.964899447139826894, 15.60268906400730771, -32.60024875214624984 ) ) ;
#1870 = FACE_BOUND ( 'NONE', #23, .T. ) ;
#1871 = CARTESIAN_POINT ( 'NONE',  ( 5.556583932597444431, 35.53544077809253565, -31.51955660707615792 ) ) ;
#1872 = CARTESIAN_POINT ( 'NONE',  ( -2.378268148537112106E-15, 49.97059558823529812, -0.6634768700108067963 ) ) ;
#1873 = CARTESIAN_POINT ( 'NONE',  ( -4.804962602584517128, 2.825445591579264892, -36.65919410434237591 ) ) ;
#1874 = DIRECTION ( 'NONE',  ( 1.000000000000000000, 0.000000000000000000, 0.000000000000000000 ) ) ;
#1875 = B_SPLINE_CURVE_WITH_KNOTS ( 'NONE', 3,
 ( #1798, #1508, #2607, #3472, #2901, #437, #1561, #2624, #126, #2666, #1251, #1814, #2682, #453 ),
 .UNSPECIFIED., .F., .F.,
 ( 4, 2, 2, 2, 2, 2, 4 ),
 ( 2.947675409825736326E-07, 0.001556819483393534920, 0.002335081841319806492, 0.003113344199246078498, 0.004669868915098621641, 0.005448131273024893646, 0.006226393630951165652 ),
 .UNSPECIFIED. ) ;
#1876 = CARTESIAN_POINT ( 'NONE',  ( -2.555678084769643199, -29.85968886292713975, 19.14576732260002601 ) ) ;
#1877 = DIRECTION ( 'NONE',  ( 0.000000000000000000, 0.000000000000000000, -1.000000000000000000 ) ) ;
#1878 = TOROIDAL_SURFACE ( 'NONE', #646, 42.50000000000000000, 7.475000000000004086 ) ;
#1879 = AXIS2_PLACEMENT_3D ( 'NONE', #3479, #1604, #999 ) ;
#1880 = EDGE_CURVE ( 'NONE', #1844, #3096, #319, .T. ) ;
#1881 = CARTESIAN_POINT ( 'NONE',  ( 0.000000000000000000, -49.24166479336535929, 8.529892928861711354 ) ) ;
#1882 = B_SPLINE_CURVE_WITH_KNOTS ( 'NONE', 3,
 ( #2282, #2024, #28, #1987 ),
 .UNSPECIFIED., .F., .F.,
 ( 4, 4 ),
 ( 1.917147537320186286E-06, 0.001295593643117214479 ),
 .UNSPECIFIED. ) ;
#1883 = EDGE_CURVE ( 'NONE', #2109, #2104, #2888, .T. ) ;
#1884 = DIRECTION ( 'NONE',  ( 1.000000000000000000, 0.000000000000000000, 0.000000000000000000 ) ) ;
#1885 = TOROIDAL_SURFACE ( 'NONE', #1127, 42.50000000000000000, 7.475000000000004086 ) ;
#1886 = TOROIDAL_SURFACE ( 'NONE', #297, 42.50000000000000000, 7.475000000000004086 ) ;
#1887 = ORIENTED_EDGE ( 'NONE', *, *, #3528, .T. ) ;
#1888 = VERTEX_POINT ( 'NONE', #3414 ) ;
#1889 = CARTESIAN_POINT ( 'NONE',  ( -3.515905914969987389, 15.49590737595715595, 32.38152331046456567 ) ) ;
#1890 = CARTESIAN_POINT ( 'NONE',  ( 2.555675114558313865, -48.56039886328195365, 9.749465658767126897 ) ) ;
#1891 = DIRECTION ( 'NONE',  ( -0.000000000000000000, 0.5264321628773508399, 0.8502171357296172127 ) ) ;
#1892 = DIRECTION ( 'NONE',  ( 1.000000000000000000, 0.000000000000000000, 0.000000000000000000 ) ) ;
#1893 = CARTESIAN_POINT ( 'NONE',  ( 5.556583932597444431, 0.000000000000000000, 0.000000000000000000 ) ) ;
#1894 = CARTESIAN_POINT ( 'NONE',  ( 0.3065306711280024743, 35.02154245465991522, -0.5023177288482395531 ) ) ;
#1895 = CARTESIAN_POINT ( 'NONE',  ( -4.599617731266016030, 2.811409773458487749, -36.49377954887672360 ) ) ;
#1896 = CARTESIAN_POINT ( 'NONE',  ( 0.000000000000000000, -48.99783768347135293, -9.834252759828592261 ) ) ;
#1897 = EDGE_CURVE ( 'NONE', #353, #1908, #2872, .T. ) ;
#1898 = CARTESIAN_POINT ( 'NONE',  ( -3.515905914969982948, 3.871789368874063442, -35.68887003525716040 ) ) ;
#1899 = ORIENTED_EDGE ( 'NONE', *, *, #1897, .F. ) ;
#1900 = CARTESIAN_POINT ( 'NONE',  ( 5.556583932597444431, 35.53544077809253565, -31.51955660707615792 ) ) ;
#1901 = CARTESIAN_POINT ( 'NONE',  ( 3.515903202787783233, 35.84029913818598345, 33.56266426741985498 ) ) ;
#1902 = CARTESIAN_POINT ( 'NONE',  ( 5.204542906582167561, 47.88682468998960928, 0.6495021812607165712 ) ) ;
#1903 = ORIENTED_EDGE ( 'NONE', *, *, #925, .F. ) ;
#1904 = ORIENTED_EDGE ( 'NONE', *, *, #3322, .T. ) ;
#1905 = CARTESIAN_POINT ( 'NONE',  ( 0.5274834676871441586, -9.304554755578314129, -33.76656054090955195 ) ) ;
#1906 = CARTESIAN_POINT ( 'NONE',  ( 0.5937110929421770544, 32.71515561157919194, -12.50895452356525617 ) ) ;
#1907 = DIRECTION ( 'NONE',  ( 0.000000000000000000, 0.000000000000000000, -1.000000000000000000 ) ) ;
#1908 = VERTEX_POINT ( 'NONE', #926 ) ;
#1909 = CARTESIAN_POINT ( 'NONE',  ( -3.515274631057113019, -35.37062398787934114, -6.039978826997463912 ) ) ;
#1910 = CARTESIAN_POINT ( 'NONE',  ( -2.567739918546545930, -29.85122498441813121, -19.14043649599206276 ) ) ;
#1911 = CARTESIAN_POINT ( 'NONE',  ( 3.515271977441960960, -48.39759890819506438, -8.377924997747053126 ) ) ;
#1912 = CARTESIAN_POINT ( 'NONE',  ( 0.000000000000000000, 3.950058281679397876, 49.81864775936152512 ) ) ;
#1913 = FACE_BOUND ( 'NONE', #1956, .T. ) ;
#1914 = CARTESIAN_POINT ( 'NONE',  ( 5.556583932597444431, 20.59158282926129857, 42.80463428865699882 ) ) ;
#1915 = DIRECTION ( 'NONE',  ( 0.000000000000000000, -0.9324722294043604753, 0.3612416661871405976 ) ) ;
#1916 = PRODUCT_RELATED_PRODUCT_CATEGORY ( 'part', '', ( #1162 ) ) ;
#1917 = DIRECTION ( 'NONE',  ( 0.000000000000000000, 0.000000000000000000, -1.000000000000000000 ) ) ;
#1918 = CARTESIAN_POINT ( 'NONE',  ( 5.556583932597444431, -40.72208569861719241, -24.45325615034691324 ) ) ;
#1919 = ORIENTED_EDGE ( 'NONE', *, *, #1539, .F. ) ;
#1920 = ORIENTED_EDGE ( 'NONE', *, *, #2018, .F. ) ;
#1921 = FACE_OUTER_BOUND ( 'NONE', #1028, .T. ) ;
#1922 = CARTESIAN_POINT ( 'NONE',  ( -24.99999999999999645, 37.50000000000000000, 0.000000000000000000 ) ) ;
#1923 = CARTESIAN_POINT ( 'NONE',  ( -3.469446951953614189E-15, -21.54787174047383758, -27.61231334850610608 ) ) ;
#1924 = ORIENTED_EDGE ( 'NONE', *, *, #1863, .F. ) ;
#1925 = CARTESIAN_POINT ( 'NONE',  ( 0.6120577571880578827, 25.93417320681908578, 23.54092342514079306 ) ) ;
#1926 = DIRECTION ( 'NONE',  ( 1.000000000000000000, 0.000000000000000000, 0.000000000000000000 ) ) ;
#1927 = CARTESIAN_POINT ( 'NONE',  ( 0.5944992156788514448, 35.02474082646099873, -0.1514255179012468921 ) ) ;
#1928 = CARTESIAN_POINT ( 'NONE',  ( 2.567736996609355948, 3.912753079278088020, 49.38467084578585542 ) ) ;
#1929 = EDGE_CURVE ( 'NONE', #80, #2171, #1765, .T. ) ;
#1930 = FACE_BOUND ( 'NONE', #1642, .T. ) ;
#1931 = CARTESIAN_POINT ( 'NONE',  ( 0.4796554304381749345, -29.96289431924069291, 18.13775319258421348 ) ) ;
#1932 = ORIENTED_EDGE ( 'NONE', *, *, #287, .T. ) ;
#1933 = CARTESIAN_POINT ( 'NONE',  ( 0.3059180898280741689, 3.731685183176903564, -34.82578295082534936 ) ) ;
#1934 = CARTESIAN_POINT ( 'NONE',  ( -5.204543592070403513, -22.81662656892678243, 29.26538048821819160 ) ) ;
#1935 = VERTEX_POINT ( 'NONE', #891 ) ;
#1936 = CIRCLE ( 'NONE', #822, 47.50000000000000000 ) ;
#1937 = AXIS2_PLACEMENT_3D ( 'NONE', #1657, #1122, #2796 ) ;
#1938 = ORIENTED_EDGE ( 'NONE', *, *, #3061, .F. ) ;
#1939 = AXIS2_PLACEMENT_3D ( 'NONE', #108, #2391, #2356 ) ;
#1940 = CARTESIAN_POINT ( 'NONE',  ( 5.556583932597444431, 35.53544077809253565, -31.51955660707615792 ) ) ;
#1941 = CARTESIAN_POINT ( 'NONE',  ( 0.6120577571880370105, 32.63282621841815256, -12.72222734540440925 ) ) ;
#1942 = CARTESIAN_POINT ( 'NONE',  ( -5.556583932597439102, 17.22769991887698637, 33.30850275087617973 ) ) ;
#1943 = VERTEX_POINT ( 'NONE', #1457 ) ;
#1944 = CIRCLE ( 'NONE', #830, 49.97500000000001563 ) ;
#1945 = CARTESIAN_POINT ( 'NONE',  ( -1.046971508578978360, -34.59432556342400744, 5.901185896263013042 ) ) ;
#1946 = CARTESIAN_POINT ( 'NONE',  ( 5.194999182140321636, -12.47744701391557776, 46.22677598367098284 ) ) ;
#1947 = CARTESIAN_POINT ( 'NONE',  ( 0.1540323861005596096, 35.02059558823529528, 0.5554364457564604507 ) ) ;
#1948 = CARTESIAN_POINT ( 'NONE',  ( 0.2631553418359363072, 3.950058281679364125, 49.81864775936163880 ) ) ;
#1949 = EDGE_CURVE ( 'NONE', #2550, #3006, #1016, .T. ) ;
#1950 = CARTESIAN_POINT ( 'NONE',  ( -2.555678084769641867, 26.58638170594777606, 23.48032651279789818 ) ) ;
#1951 = CARTESIAN_POINT ( 'NONE',  ( -4.804962602584517128, -30.95737981016606000, 19.83734585220381774 ) ) ;
#1952 = VERTEX_POINT ( 'NONE', #2348 ) ;
#1953 = CARTESIAN_POINT ( 'NONE',  ( -3.469446951953614189E-15, -9.049607886100520915, 33.83570927449027721 ) ) ;
#1954 = CARTESIAN_POINT ( 'NONE',  ( 5.204542906582163120, -28.33994525460659020, -38.60592357319227119 ) ) ;
#1955 = ORIENTED_EDGE ( 'NONE', *, *, #1613, .T. ) ;
#1956 = EDGE_LOOP ( 'NONE', ( #1804, #3251, #2643, #3026 ) ) ;
#1957 = CARTESIAN_POINT ( 'NONE',  ( 0.6120577571880054801, -9.656979226590042487, -33.66747938065520174 ) ) ;
#1958 = CARTESIAN_POINT ( 'NONE',  ( 2.074418812251864530, -12.96355828244012010, -47.97994266612496261 ) ) ;
#1959 = ADVANCED_FACE ( 'NONE', ( #2877 ), #541, .F. ) ;
#1960 = CARTESIAN_POINT ( 'NONE',  ( -1.043260194215537284, -34.58047719528525477, -5.898709948691680971 ) ) ;
#1961 = CARTESIAN_POINT ( 'NONE',  ( 2.801538165936537261, -12.89264392066017173, 47.72424142057299434 ) ) ;
#1962 = CARTESIAN_POINT ( 'NONE',  ( -3.515905914969985169, 33.67317139269889026, -12.44201453416321712 ) ) ;
#1963 = CARTESIAN_POINT ( 'NONE',  ( -3.469446951953614189E-15, -20.66137603572795456, -28.28176382954652723 ) ) ;
#1964 = CARTESIAN_POINT ( 'NONE',  ( -1.043260194215536840, 26.29564363666284166, 23.21945968032137486 ) ) ;
#1965 = DIRECTION ( 'NONE',  ( 1.000000000000000000, 0.000000000000000000, 0.000000000000000000 ) ) ;
#1966 = ORIENTED_EDGE ( 'NONE', *, *, #3317, .F. ) ;
#1967 = CARTESIAN_POINT ( 'NONE',  ( -3.469446951953614189E-15, 2.678225850555112864, -34.92245311104902328 ) ) ;
#1968 = CARTESIAN_POINT ( 'NONE',  ( -3.969782328569875229, -22.23948785141729445, 28.51333332433964785 ) ) ;
#1969 = ORIENTED_EDGE ( 'NONE', *, *, #466, .T. ) ;
#1970 = EDGE_CURVE ( 'NONE', #970, #3413, #2411, .T. ) ;
#1971 = ORIENTED_EDGE ( 'NONE', *, *, #1614, .T. ) ;
#1972 = CARTESIAN_POINT ( 'NONE',  ( -2.056915804659396496, 32.71890383911579647, -13.27343978346483588 ) ) ;
#1973 = EDGE_CURVE ( 'NONE', #748, #631, #3046, .T. ) ;
#1974 = EDGE_LOOP ( 'NONE', ( #1333, #933, #1673, #1812 ) ) ;
#1975 = CARTESIAN_POINT ( 'NONE',  ( 0.3065306711279710550, -20.70433630141567960, 28.25050826661608028 ) ) ;
#1976 = CARTESIAN_POINT ( 'NONE',  ( -0.6117970708675521951, 22.42552469915412772, 44.66121761890507713 ) ) ;
#1977 = CARTESIAN_POINT ( 'NONE',  ( -3.281287451276765132, 33.56128173115542523, -12.39967429017342049 ) ) ;
#1978 = EDGE_CURVE ( 'NONE', #1574, #1433, #1479, .T. ) ;
#1979 = CARTESIAN_POINT ( 'NONE',  ( 5.204542906582167561, 44.88776142792119828, -16.69307359246023381 ) ) ;
#1980 = CARTESIAN_POINT ( 'NONE',  ( -3.515274631057113908, 26.89307149831438792, 23.75552758641813966 ) ) ;
#1981 = CARTESIAN_POINT ( 'NONE',  ( 5.380562815295792944, -40.20666700457687170, 25.65727268445017373 ) ) ;
#1982 = ORIENTED_EDGE ( 'NONE', *, *, #2364, .F. ) ;
#1983 = DIRECTION ( 'NONE',  ( 0.000000000000000000, -0.09226835946331304883, 0.9957341762950334685 ) ) ;
#1984 = CARTESIAN_POINT ( 'NONE',  ( 2.567736996609355948, -29.32436880221423081, -39.92789432912454828 ) ) ;
#1985 = CARTESIAN_POINT ( 'NONE',  ( 0.000000000000000000, 0.000000000000000000, 0.000000000000000000 ) ) ;
#1986 = ORIENTED_EDGE ( 'NONE', *, *, #2499, .F. ) ;
#1987 = CARTESIAN_POINT ( 'NONE',  ( 5.556583932597444431, -46.56803660056392147, -9.363117385173593377 ) ) ;
#1988 = ADVANCED_FACE ( 'NONE', ( #1258 ), #3388, .F. ) ;
#1989 = ADVANCED_FACE ( 'NONE', ( #3461 ), #1588, .F. ) ;
#1990 = CARTESIAN_POINT ( 'NONE',  ( -5.556583932597439102, 16.19875033384732177, -33.82085876528982737 ) ) ;
#1991 = CARTESIAN_POINT ( 'NONE',  ( 0.000000000000000000, 0.000000000000000000, 0.000000000000000000 ) ) ;
#1992 = ORIENTED_EDGE ( 'NONE', *, *, #308, .F. ) ;
#1993 = CIRCLE ( 'NONE', #942, 31.50000000000000000 ) ;
#1994 = AXIS2_PLACEMENT_3D ( 'NONE', #151, #2949, #444 ) ;
#1995 = CARTESIAN_POINT ( 'NONE',  ( 5.380562815295800050, 21.83802007842862025, 42.40250691026784580 ) ) ;
#1996 = DIRECTION ( 'NONE',  ( 1.000000000000000000, 0.000000000000000000, 0.000000000000000000 ) ) ;
#1997 = CARTESIAN_POINT ( 'NONE',  ( -3.469446951953614189E-15, -34.32224221905846662, -6.980996637750234157 ) ) ;
#1998 = CIRCLE ( 'NONE', #2981, 35.02499999999999147 ) ;
#1999 = AXIS2_PLACEMENT_3D ( 'NONE', #2944, #752, #1307 ) ;
#2000 = AXIS2_PLACEMENT_3D ( 'NONE', #454, #490, #1578 ) ;
#2001 = CARTESIAN_POINT ( 'NONE',  ( -2.555678084769640535, 16.30899034903878686, 31.49886123587509346 ) ) ;
#2002 = DIRECTION ( 'NONE',  ( 0.000000000000000000, 0.000000000000000000, -1.000000000000000000 ) ) ;
#2003 = EDGE_LOOP ( 'NONE', ( #322, #2830, #1104, #929 ) ) ;
#2004 = B_SPLINE_CURVE_WITH_KNOTS ( 'NONE', 3,
 ( #1900, #3020, #517, #2746, #247, #401, #2082, #721, #1802, #3511, #1841, #738, #2360, #3213 ),
 .UNSPECIFIED., .F., .F.,
 ( 4, 2, 2, 2, 2, 2, 4 ),
 ( 2.947675409782334887E-07, 0.001556819483393518224, 0.002335081841319789145, 0.003113344199246060717, 0.004669868915098610365, 0.005448131273024886707, 0.006226393630951161315 ),
 .UNSPECIFIED. ) ;
#2005 = EDGE_CURVE ( 'NONE', #2883, #940, #980, .T. ) ;
#2006 = CARTESIAN_POINT ( 'NONE',  ( 1.043258717209528452, 21.65571592416498348, -44.97821185978220626 ) ) ;
#2007 = CARTESIAN_POINT ( 'NONE',  ( -4.817902579072502078, -22.60506372286432608, 28.98968361607962407 ) ) ;
#2008 = CARTESIAN_POINT ( 'NONE',  ( 4.804961032689099909, 48.22768084096897212, -0.6518051394639893248 ) ) ;
#2009 = EDGE_LOOP ( 'NONE', ( #2068 ) ) ;
#2010 = ORIENTED_EDGE ( 'NONE', *, *, #1248, .F. ) ;
#2011 = DIRECTION ( 'NONE',  ( 0.000000000000000000, -0.1837495178165774457, 0.9829730996839004531 ) ) ;
#2012 = ORIENTED_EDGE ( 'NONE', *, *, #1741, .T. ) ;
#2013 = CARTESIAN_POINT ( 'NONE',  ( 1.043258717209528230, 22.84290342487537728, 44.38706272567947053 ) ) ;
#2014 = CARTESIAN_POINT ( 'NONE',  ( 2.567736996609354172, -41.76777862767370664, -26.63846879450193939 ) ) ;
#2015 = CARTESIAN_POINT ( 'NONE',  ( 0.4796554304381664413, -34.36217139903951079, -6.781910026247454759 ) ) ;
#2016 = CARTESIAN_POINT ( 'NONE',  ( 5.556583932597444431, -29.13867904193272906, 37.51249636709385982 ) ) ;
#2017 = CARTESIAN_POINT ( 'NONE',  ( 3.969779934108145447, -48.12379117504426063, 8.328640231400811444 ) ) ;
#2018 = EDGE_CURVE ( 'NONE', #913, #913, #2627, .T. ) ;
#2019 = ORIENTED_EDGE ( 'NONE', *, *, #386, .F. ) ;
#2020 = CARTESIAN_POINT ( 'NONE',  ( -5.556583932597439990, -22.13750231693126835, -30.26848181141339111 ) ) ;
#2021 = CARTESIAN_POINT ( 'NONE',  ( -4.804962602584518905, -31.55655538054059051, -18.86964407946529576 ) ) ;
#2022 = EDGE_LOOP ( 'NONE', ( #764, #1223, #2806, #1647 ) ) ;
#2023 = EDGE_CURVE ( 'NONE', #3132, #3132, #1471, .T. ) ;
#2024 = CARTESIAN_POINT ( 'NONE',  ( 5.601502700796334722, -46.73228438077918412, -8.516430383358498446 ) ) ;
#2025 = CARTESIAN_POINT ( 'NONE',  ( -23.50000000000000000, 0.000000000000000000, -54.99999999999997868 ) ) ;
#2026 = CARTESIAN_POINT ( 'NONE',  ( -4.804962602584522458, 34.07537432519384879, -13.81117372885968209 ) ) ;
#2027 = ORIENTED_EDGE ( 'NONE', *, *, #231, .F. ) ;
#2028 = FACE_OUTER_BOUND ( 'NONE', #2408, .T. ) ;
#2029 = CARTESIAN_POINT ( 'NONE',  ( -0.2631557696538500690, 26.25472753991324737, -23.18275019933813752 ) ) ;
#2030 = CARTESIAN_POINT ( 'NONE',  ( 1.307726991999699884, -42.74067605565490879, 25.68440876942646867 ) ) ;
#2031 = CARTESIAN_POINT ( 'NONE',  ( -5.556583932597439102, 0.000000000000000000, 0.000000000000000000 ) ) ;
#2032 = EDGE_CURVE ( 'NONE', #2842, #193, #627, .T. ) ;
#2033 = CARTESIAN_POINT ( 'NONE',  ( 5.601502700796328504, 20.98021780755280474, 42.61767767802762563 ) ) ;
#2034 = EDGE_CURVE ( 'NONE', #403, #731, #1683, .T. ) ;
#2035 = CARTESIAN_POINT ( 'NONE',  ( 0.5251762499567618203, 21.67379636362703366, 45.01513393386439787 ) ) ;
#2036 = EDGE_LOOP ( 'NONE', ( #1680, #2584, #843, #2640 ) ) ;
#2037 = CARTESIAN_POINT ( 'NONE',  ( 1.805199156379296177, 21.58463004618298697, -44.83304097839886282 ) ) ;
#2038 = CARTESIAN_POINT ( 'NONE',  ( -1.043260194215537950, -10.13353643457466902, -33.58445505649277862 ) ) ;
#2039 = DIRECTION ( 'NONE',  ( 1.000000000000000000, 0.000000000000000000, 0.000000000000000000 ) ) ;
#2040 = CARTESIAN_POINT ( 'NONE',  ( 1.307726991999697219, -14.28226643556848430, 47.77521437935008919 ) ) ;
#2041 = CARTESIAN_POINT ( 'NONE',  ( -2.567739918546542821, 16.30446321098214213, -31.48994159615390487 ) ) ;
#2042 = ORIENTED_EDGE ( 'NONE', *, *, #21, .F. ) ;
#2043 =( NAMED_UNIT ( * ) SI_UNIT ( $, .STERADIAN. ) SOLID_ANGLE_UNIT ( ) );
#2044 = CARTESIAN_POINT ( 'NONE',  ( -2.567739918546543265, 26.57893812991657612, -23.47364458735627935 ) ) ;
#2045 = CARTESIAN_POINT ( 'NONE',  ( 3.515271977441963624, 46.03409813740739764, 17.12831036681502894 ) ) ;
#2046 = CARTESIAN_POINT ( 'NONE',  ( -5.556583932597439990, 34.75598615910536893, 14.08088868317893727 ) ) ;
#2047 = AXIS2_PLACEMENT_3D ( 'NONE', #3402, #1740, #2551 ) ;
#2048 = AXIS2_PLACEMENT_3D ( 'NONE', #795, #1965, #3091 ) ;
#2049 = CARTESIAN_POINT ( 'NONE',  ( -0.6117970708675533054, 4.444536010908367807, -49.77724999317767640 ) ) ;
#2050 = CIRCLE ( 'NONE', #2287, 47.50000000000000000 ) ;
#2051 = EDGE_CURVE ( 'NONE', #650, #2095, #3280, .T. ) ;
#2052 = EDGE_LOOP ( 'NONE', ( #2716 ) ) ;
#2053 = CARTESIAN_POINT ( 'NONE',  ( 0.5937110929421380856, 25.98721851408761552, -23.48233003480548220 ) ) ;
#2054 = ORIENTED_EDGE ( 'NONE', *, *, #2032, .F. ) ;
#2055 = DIRECTION ( 'NONE',  ( -0.000000000000000000, 0.7980172272802363853, 0.6026346363792605132 ) ) ;
#2056 = CARTESIAN_POINT ( 'NONE',  ( 3.281284640227985161, 22.52730750428017714, -43.76370850045924499 ) ) ;
#2057 = ORIENTED_EDGE ( 'NONE', *, *, #2810, .T. ) ;
#2058 = ORIENTED_EDGE ( 'NONE', *, *, #602, .F. ) ;
#2059 = CARTESIAN_POINT ( 'NONE',  ( -0.6117970708675316560, -13.83721032299032672, -48.02145486876568725 ) ) ;
#2060 = CARTESIAN_POINT ( 'NONE',  ( 3.515271977441965845, 22.48034094260549764, 43.67094547236884949 ) ) ;
#2061 = FACE_OUTER_BOUND ( 'NONE', #375, .T. ) ;
#2062 = CARTESIAN_POINT ( 'NONE',  ( 2.056913264089351490, -30.47094917420689342, -39.25222756757610654 ) ) ;
#2063 = EDGE_CURVE ( 'NONE', #97, #1403, #3147, .T. ) ;
#2064 = CARTESIAN_POINT ( 'NONE',  ( -3.281287451276768685, -10.33003711625396548, 34.25495419814760822 ) ) ;
#2065 = FACE_OUTER_BOUND ( 'NONE', #544, .T. ) ;
#2066 = CARTESIAN_POINT ( 'NONE',  ( 1.805199156379297731, 37.21465407640403811, 33.02979472498978453 ) ) ;
#2067 = CARTESIAN_POINT ( 'NONE',  ( 5.556583932597444431, 47.49559558823530381, -0.6468382477899462524 ) ) ;
#2068 = ORIENTED_EDGE ( 'NONE', *, *, #106, .T. ) ;
#2069 = CARTESIAN_POINT ( 'NONE',  ( 0.5286488320023284837, 25.68783674458968136, -23.80946120834203228 ) ) ;
#2070 = CARTESIAN_POINT ( 'NONE',  ( -5.204543592070407065, 3.992849340603827901, -36.89333404897524105 ) ) ;
#2071 = VERTEX_POINT ( 'NONE', #1383 ) ;
#2072 = DIRECTION ( 'NONE',  ( 0.000000000000000000, 0.000000000000000000, -1.000000000000000000 ) ) ;
#2073 = ADVANCED_FACE ( 'NONE', ( #811, #1930 ), #3584, .T. ) ;
#2074 = CARTESIAN_POINT ( 'NONE',  ( 3.964897064204551569, -14.00049453474249006, -46.80943252555027811 ) ) ;
#2075 = VERTEX_POINT ( 'NONE', #3035 ) ;
#2076 = CARTESIAN_POINT ( 'NONE',  ( -5.556583932597439990, -32.18195282558718873, 19.25024447459515287 ) ) ;
#2077 = CARTESIAN_POINT ( 'NONE',  ( -0.6117970708675537495, -42.40153436399912579, 26.45067864562593130 ) ) ;
#2078 = CARTESIAN_POINT ( 'NONE',  ( -2.378268148537112106E-15, 46.83586816282456056, 17.43278745452134970 ) ) ;
#2079 = CARTESIAN_POINT ( 'NONE',  ( -2.555678084769646308, 35.46616684039831568, -0.5589588634113935584 ) ) ;
#2080 = PLANE ( 'NONE',  #242 ) ;
#2081 = CARTESIAN_POINT ( 'NONE',  ( -0.5518461579784710302, -49.18462638365348738, 8.853739711284816849 ) ) ;
#2082 = CARTESIAN_POINT ( 'NONE',  ( 3.281284640227982941, 36.81536362822844666, -32.67064073486898934 ) ) ;
#2083 = CARTESIAN_POINT ( 'NONE',  ( -3.469446951953614189E-15, 0.000000000000000000, 0.000000000000000000 ) ) ;
#2084 = VERTEX_POINT ( 'NONE', #1365 ) ;
#2085 = CARTESIAN_POINT ( 'NONE',  ( 4.804961032689091915, 35.20156791538506269, -32.97246829609107266 ) ) ;
#2086 = B_SPLINE_CURVE_WITH_KNOTS ( 'NONE', 3,
 ( #3226, #1544, #734, #1854 ),
 .UNSPECIFIED., .F., .F.,
 ( 4, 4 ),
 ( 1.917147537319019922E-06, 0.001295593643117219466 ),
 .UNSPECIFIED. ) ;
#2087 = CARTESIAN_POINT ( 'NONE',  ( -5.194999927352050406, -10.70683164626645834, -35.54117588784369275 ) ) ;
#2088 = ORIENTED_EDGE ( 'NONE', *, *, #2157, .F. ) ;
#2089 = CARTESIAN_POINT ( 'NONE',  ( -5.556583932597439102, 0.000000000000000000, 0.000000000000000000 ) ) ;
#2090 = CARTESIAN_POINT ( 'NONE',  ( -2.378268148537112106E-15, 3.950058281680122185, -49.81864775936146117 ) ) ;
#2091 = ADVANCED_FACE ( 'NONE', ( #1913, #2488 ), #2744, .T. ) ;
#2092 = CARTESIAN_POINT ( 'NONE',  ( 0.000000000000000000, 22.86773125337164814, -44.43610572860284691 ) ) ;
#2093 = EDGE_CURVE ( 'NONE', #3115, #2827, #1353, .T. ) ;
#2094 = ORIENTED_EDGE ( 'NONE', *, *, #1233, .F. ) ;
#2095 = VERTEX_POINT ( 'NONE', #2799 ) ;
#2096 = CARTESIAN_POINT ( 'NONE',  ( -0.5525058339322075351, -13.99718562233063146, -47.97494297239314420 ) ) ;
#2097 = CARTESIAN_POINT ( 'NONE',  ( -0.6117970708675637415, 49.97499906649089496, -0.1672887916302584210 ) ) ;
#2098 = CARTESIAN_POINT ( 'NONE',  ( 4.804961032689092804, 45.20643224738940091, 16.81405759180060855 ) ) ;
#2099 = CARTESIAN_POINT ( 'NONE',  ( -0.3305743550286039389, -42.79465356867481063, -25.80957156729773772 ) ) ;
#2100 = CARTESIAN_POINT ( 'NONE',  ( -3.969782328569877894, -10.43750077898795503, 34.62172113929145922 ) ) ;
#2101 = CARTESIAN_POINT ( 'NONE',  ( 2.056913264089354598, 37.16470124884937576, 32.98486158342426933 ) ) ;
#2102 = CARTESIAN_POINT ( 'NONE',  ( -5.194999927352049518, 2.855130420924139045, -37.00891321927258559 ) ) ;
#2103 = AXIS2_PLACEMENT_3D ( 'NONE', #1075, #1662, #1109 ) ;
#2104 = VERTEX_POINT ( 'NONE', #3548 ) ;
#2105 = AXIS2_PLACEMENT_3D ( 'NONE', #1985, #9, #3079 ) ;
#2106 = CARTESIAN_POINT ( 'NONE',  ( -2.378268148537112106E-15, -49.24166479336523139, -8.529892928862338408 ) ) ;
#2107 = CIRCLE ( 'NONE', #2689, 47.50000000000000000 ) ;
#2108 = FACE_BOUND ( 'NONE', #1595, .T. ) ;
#2109 = VERTEX_POINT ( 'NONE', #1622 ) ;
#2110 = AXIS2_PLACEMENT_3D ( 'NONE', #3385, #2011, #2602 ) ;
#2111 = CARTESIAN_POINT ( 'NONE',  ( -2.378268148537112106E-15, 21.67989097597804005, -45.02757990687158696 ) ) ;
#2112 = ADVANCED_FACE ( 'NONE', ( #1678, #2255 ), #1146, .T. ) ;
#2113 = CARTESIAN_POINT ( 'NONE',  ( 0.5937110929421274275, -34.45663228024966429, 6.284571732912407782 ) ) ;
#2114 = AXIS2_PLACEMENT_3D ( 'NONE', #3021, #1425, #1720 ) ;
#2115 = B_SPLINE_CURVE_WITH_KNOTS ( 'NONE', 3,
 ( #1573, #1902, #2732, #1628, #2679, #1865, #228, #2970, #2423, #486, #746, #2168, #173, #3573 ),
 .UNSPECIFIED., .F., .F.,
 ( 4, 2, 2, 2, 2, 2, 4 ),
 ( 2.947675409807206951E-07, 0.001556819483393526680, 0.002335081841319799987, 0.003113344199246072860, 0.004669868915098619039, 0.005448131273024891912, 0.006226393630951164784 ),
 .UNSPECIFIED. ) ;
#2116 = DIRECTION ( 'NONE',  ( 0.000000000000000000, 0.000000000000000000, 1.000000000000000000 ) ) ;
#2117 = CARTESIAN_POINT ( 'NONE',  ( -3.281287451276766909, 16.44847992075252918, -31.77355916854412854 ) ) ;
#2118 = ORIENTED_EDGE ( 'NONE', *, *, #2871, .F. ) ;
#2119 = VERTEX_POINT ( 'NONE', #2217 ) ;
#2120 = CARTESIAN_POINT ( 'NONE',  ( -0.3311252865191448569, 49.97174222975998958, 0.5840872342271171691 ) ) ;
#2121 = CARTESIAN_POINT ( 'NONE',  ( 2.801538165936543923, 46.33107511651580523, 17.24108363711054182 ) ) ;
#2122 = EDGE_CURVE ( 'NONE', #3006, #1888, #491, .T. ) ;
#2123 = CARTESIAN_POINT ( 'NONE',  ( 0.000000000000000000, 46.83586816282478082, -17.43278745452079193 ) ) ;
#2124 = CARTESIAN_POINT ( 'NONE',  ( -2.378268148537112106E-15, 3.950058281680122185, -49.81864775936146117 ) ) ;
#2125 = CARTESIAN_POINT ( 'NONE',  ( 0.6116626697215589159, 15.54269434503515157, 31.38759417550902953 ) ) ;
#2126 = DIRECTION ( 'NONE',  ( 1.000000000000000000, 0.000000000000000000, 0.000000000000000000 ) ) ;
#2127 = EDGE_CURVE ( 'NONE', #1534, #924, #3109, .T. ) ;
#2128 = CARTESIAN_POINT ( 'NONE',  ( 0.4806690185975003859, 3.581367320216784389, 34.84145471444538344 ) ) ;
#2129 = CARTESIAN_POINT ( 'NONE',  ( 0.000000000000000000, 0.000000000000000000, 0.000000000000000000 ) ) ;
#2130 = ORIENTED_EDGE ( 'NONE', *, *, #3425, .F. ) ;
#2131 = DIRECTION ( 'NONE',  ( 0.000000000000000000, 0.9829730996839030066, -0.1837495178165638177 ) ) ;
#2132 = CARTESIAN_POINT ( 'NONE',  ( 0.5263093472665493211, 3.950058281680234096, -49.81864775936146117 ) ) ;
#2133 = EDGE_CURVE ( 'NONE', #376, #1534, #1459, .T. ) ;
#2134 = SHAPE_DEFINITION_REPRESENTATION ( #2527, #75 ) ;
#2135 = CARTESIAN_POINT ( 'NONE',  ( -5.556583932597439102, 0.000000000000000000, 0.000000000000000000 ) ) ;
#2136 = EDGE_LOOP ( 'NONE', ( #167 ) ) ;
#2137 = ORIENTED_EDGE ( 'NONE', *, *, #1469, .T. ) ;
#2138 = CARTESIAN_POINT ( 'NONE',  ( -5.194999927352052183, 3.993853559099261208, 36.90339498122909845 ) ) ;
#2139 = CARTESIAN_POINT ( 'NONE',  ( -3.469446951953614189E-15, 0.000000000000000000, 0.000000000000000000 ) ) ;
#2140 = CARTESIAN_POINT ( 'NONE',  ( 5.556583932597444431, -46.80574903283746835, 8.091468190324558662 ) ) ;
#2141 = CARTESIAN_POINT ( 'NONE',  ( -5.556583932597439102, -22.13750231693171600, 30.26848181141306426 ) ) ;
#2142 = CARTESIAN_POINT ( 'NONE',  ( 5.556583932597444431, 21.74963453899389876, -42.22799305461015251 ) ) ;
#2143 = CARTESIAN_POINT ( 'NONE',  ( 3.964897064204547128, 5.160898854086680920, 48.58499710403702210 ) ) ;
#2144 = EDGE_CURVE ( 'NONE', #2937, #483, #710, .T. ) ;
#2145 = EDGE_CURVE ( 'NONE', #2119, #1684, #529, .T. ) ;
#2146 = CARTESIAN_POINT ( 'NONE',  ( 1.043258717209528230, 36.44135790150006216, -34.11798658459152023 ) ) ;
#2147 = CARTESIAN_POINT ( 'NONE',  ( -5.380563170409295992, 27.17883703827238051, -25.55245531393131486 ) ) ;
#2148 = ORIENTED_EDGE ( 'NONE', *, *, #1342, .F. ) ;
#2149 = CARTESIAN_POINT ( 'NONE',  ( 0.000000000000000000, 46.35651718282590394, 18.67013496679570750 ) ) ;
#2150 = CARTESIAN_POINT ( 'NONE',  ( 0.2631553418359374175, 36.48173426154674104, 34.15528788152573014 ) ) ;
#2151 = CARTESIAN_POINT ( 'NONE',  ( -5.601503256229758421, -31.78353947119889256, -19.90486016724075569 ) ) ;
#2152 = VERTEX_POINT ( 'NONE', #3372 ) ;
#2153 = VERTEX_POINT ( 'NONE', #2339 ) ;
#2154 = CARTESIAN_POINT ( 'NONE',  ( -2.378268148537112106E-15, 49.97059558823529812, -0.6634768700108067963 ) ) ;
#2155 = CARTESIAN_POINT ( 'NONE',  ( -5.556583932597439102, 16.19875033384732177, -33.82085876528982737 ) ) ;
#2156 = CARTESIAN_POINT ( 'NONE',  ( -2.567739918546542377, 32.85999712923226923, 13.32938599464737806 ) ) ;
#2157 = EDGE_CURVE ( 'NONE', #137, #84, #480, .T. ) ;
#2158 = CARTESIAN_POINT ( 'NONE',  ( -3.964899447139825117, -35.62563376604822452, -6.085584893608120716 ) ) ;
#2159 = CARTESIAN_POINT ( 'NONE',  ( -5.556583932597439990, -23.05478690934828023, 29.57578064167611487 ) ) ;
#2160 = CARTESIAN_POINT ( 'NONE',  ( 3.964897064204548016, -48.14264310000886837, -8.332030720452703321 ) ) ;
#2161 = CARTESIAN_POINT ( 'NONE',  ( 3.281284640227980276, 3.885520859441816466, 49.06775410344771871 ) ) ;
#2162 = CARTESIAN_POINT ( 'NONE',  ( 3.515271977441962736, 35.85179789673335904, -33.57328990310874417 ) ) ;
#2163 = EDGE_CURVE ( 'NONE', #2495, #2603, #613, .T. ) ;
#2164 = DIRECTION ( 'NONE',  ( 0.000000000000000000, 0.000000000000000000, -1.000000000000000000 ) ) ;
#2165 = AXIS2_PLACEMENT_3D ( 'NONE', #2421, #499, #463 ) ;
#2166 = STYLED_ITEM ( 'NONE', ( #1196 ), #2472 ) ;
#2167 = CARTESIAN_POINT ( 'NONE',  ( 0.5286488320024084198, -34.37430514092692846, 6.720308454727391023 ) ) ;
#2168 = CARTESIAN_POINT ( 'NONE',  ( 0.5251762499567613762, 49.95673780758563964, 0.6633848957174895977 ) ) ;
#2169 = AXIS2_PLACEMENT_3D ( 'NONE', #2958, #1214, #2323 ) ;
#2170 = CIRCLE ( 'NONE', #2517, 30.00000000000000000 ) ;
#2171 = VERTEX_POINT ( 'NONE', #938 ) ;
#2172 = VERTEX_POINT ( 'NONE', #957 ) ;
#2173 = TOROIDAL_SURFACE ( 'NONE', #774, 42.50000000000000000, 7.475000000000004086 ) ;
#2174 = CARTESIAN_POINT ( 'NONE',  ( -4.817902579072509184, 2.824879897307032373, 36.65256765413499807 ) ) ;
#2175 = CARTESIAN_POINT ( 'NONE',  ( -0.3305743550286038279, -13.11299491802836492, 48.22411972063478203 ) ) ;
#2176 = ORIENTED_EDGE ( 'NONE', *, *, #2063, .T. ) ;
#2177 = B_SPLINE_CURVE_WITH_KNOTS ( 'NONE', 3,
 ( #3354, #3087, #2236, #2253, #920, #3370, #3338, #625, #3107, #2030, #3137, #1712, #1691, #73 ),
 .UNSPECIFIED., .F., .F.,
 ( 4, 2, 2, 2, 2, 2, 4 ),
 ( 2.947675409784659464E-07, 0.001556819483393528849, 0.002335081841319803456, 0.003113344199246078931, 0.004669868915098620774, 0.005448131273024889309, 0.006226393630951158713 ),
 .UNSPECIFIED. ) ;
#2178 = CARTESIAN_POINT ( 'NONE',  ( 4.817901204096658674, 5.099574153012754962, -47.96842659353524141 ) ) ;
#2179 = CARTESIAN_POINT ( 'NONE',  ( -0.2631557696538507907, -29.48271086309390299, -18.90820946475886544 ) ) ;
#2180 = CARTESIAN_POINT ( 'NONE',  ( 0.000000000000000000, 3.921405277190195271, 42.31870249253898919 ) ) ;
#2181 = CARTESIAN_POINT ( 'NONE',  ( -3.469446951953614189E-15, 0.000000000000000000, 0.000000000000000000 ) ) ;
#2182 = EDGE_CURVE ( 'NONE', #246, #1456, #390, .T. ) ;
#2183 = CARTESIAN_POINT ( 'NONE',  ( -3.964899447139827782, 27.08587668120593861, 23.92854799482011430 ) ) ;
#2184 = B_SPLINE_CURVE_WITH_KNOTS ( 'NONE', 3,
 ( #2076, #249, #2823, #3360, #2770, #2493, #1645, #1666, #318, #2786, #2750, #25, #8, #1442 ),
 .UNSPECIFIED., .F., .F.,
 ( 4, 2, 2, 2, 2, 2, 4 ),
 ( 2.947685801820705484E-07, 0.001556821940974608244, 0.002335085527171818550, 0.003113349113369029506, 0.004669876285763450985, 0.005448139871960662808, 0.006226403458157874632 ),
 .UNSPECIFIED. ) ;
#2185 = CARTESIAN_POINT ( 'NONE',  ( -5.380563170409294216, -31.41131703227847183, 20.12327800387193122 ) ) ;
#2186 = ORIENTED_EDGE ( 'NONE', *, *, #398, .F. ) ;
#2187 = DIRECTION ( 'NONE',  ( 0.000000000000000000, -0.3612416661871406531, -0.9324722294043605864 ) ) ;
#2188 = CARTESIAN_POINT ( 'NONE',  ( -2.074421552793070056, 25.70781268582172174, 24.19030600134210118 ) ) ;
#2189 = CARTESIAN_POINT ( 'NONE',  ( 0.1541532762803412560, 15.11281637889354990, -31.59673094004894622 ) ) ;
#2190 = CARTESIAN_POINT ( 'NONE',  ( -0.6117970708675750657, -30.25016472813991442, -39.78009616825945471 ) ) ;
#2191 = VERTEX_POINT ( 'NONE', #2016 ) ;
#2192 = VERTEX_POINT ( 'NONE', #1472 ) ;
#2193 = EDGE_CURVE ( 'NONE', #622, #894, #3470, .T. ) ;
#2194 = CARTESIAN_POINT ( 'NONE',  ( 5.556583932597444431, -40.04105278298581538, 25.55316207497899939 ) ) ;
#2195 = CARTESIAN_POINT ( 'NONE',  ( 4.804961032689094580, -47.28674404672638332, 9.502520018268043600 ) ) ;
#2196 = FACE_BOUND ( 'NONE', #1811, .T. ) ;
#2197 = VERTEX_POINT ( 'NONE', #2582 ) ;
#2198 = CARTESIAN_POINT ( 'NONE',  ( -0.5251770792775652952, -34.54000664467965009, 5.891476788839805856 ) ) ;
#2199 = CARTESIAN_POINT ( 'NONE',  ( -5.204543592070407065, 37.10436724827555821, 0.5717291414054356258 ) ) ;
#2200 = CARTESIAN_POINT ( 'NONE',  ( 5.556583932597444431, -40.72208569861752636, 24.45325615034632705 ) ) ;
#2201 = CARTESIAN_POINT ( 'NONE',  ( 0.3065306711279590091, -21.50605270379356071, -27.64508014287381599 ) ) ;
#2202 = DIRECTION ( 'NONE',  ( 0.000000000000000000, -0.8951632913550569004, -0.4457383557765491333 ) ) ;
#2203 = CARTESIAN_POINT ( 'NONE',  ( 4.817901204096657786, 20.91637723164351925, 43.46815811493556936 ) ) ;
#2204 = FACE_BOUND ( 'NONE', #557, .T. ) ;
#2205 = CARTESIAN_POINT ( 'NONE',  ( -3.469446951953614189E-15, 3.784359954154158157, -34.81995469177686431 ) ) ;
#2206 = CARTESIAN_POINT ( 'NONE',  ( -3.515905914969988277, -22.07963071066149752, 28.30505440714108190 ) ) ;
#2207 = DIRECTION ( 'NONE',  ( 0.000000000000000000, 0.000000000000000000, -1.000000000000000000 ) ) ;
#2208 = EDGE_LOOP ( 'NONE', ( #907 ) ) ;
#2209 = ADVANCED_FACE ( 'NONE', ( #1766, #1491 ), #974, .T. ) ;
#2210 = CARTESIAN_POINT ( 'NONE',  ( 0.6116626697214958552, -9.510595142606415919, -33.70912332979110460 ) ) ;
#2211 = CARTESIAN_POINT ( 'NONE',  ( 0.6116626697215283848, 32.68779914108935714, -12.58031012898461043 ) ) ;
#2212 = ORIENTED_EDGE ( 'NONE', *, *, #2725, .T. ) ;
#2213 = CARTESIAN_POINT ( 'NONE',  ( -2.378268148537112106E-15, 22.86773125337105128, 44.43610572860314534 ) ) ;
#2214 = CARTESIAN_POINT ( 'NONE',  ( 1.805199156379293735, -12.97906103999501859, 48.03583862202742694 ) ) ;
#2215 = CARTESIAN_POINT ( 'NONE',  ( 4.599615815309073596, -47.68966531183141200, -8.250507937427395078 ) ) ;
#2216 = CARTESIAN_POINT ( 'NONE',  ( -5.601503256229781513, -22.75256458783935543, -29.81136770211766063 ) ) ;
#2217 = CARTESIAN_POINT ( 'NONE',  ( -5.556583932597439990, 35.17121706290658523, -13.00905416676818938 ) ) ;
#2218 = B_SPLINE_CURVE_WITH_KNOTS ( 'NONE', 3,
 ( #3036, #2820, #1695, #539, #2473, #1096, #2, #2219, #2800, #2528 ),
 .UNSPECIFIED., .F., .F.,
 ( 4, 2, 2, 2, 4 ),
 ( 1.968926466822219098E-07, 0.0004987066525189280154, 0.0009972164123911739318, 0.001495726172263419848, 0.001994235932135665548 ),
 .UNSPECIFIED. ) ;
#2219 = CARTESIAN_POINT ( 'NONE',  ( -0.3305743550284812038, 36.53562062743372962, -34.09787066546229539 ) ) ;
#2220 = VERTEX_POINT ( 'NONE', #95 ) ;
#2221 = B_SPLINE_CURVE_WITH_KNOTS ( 'NONE', 3,
 ( #1255, #1581, #441, #3495, #2342, #680, #2125, #1512, #2905, #3445, #1564, #2890, #2633, #2395 ),
 .UNSPECIFIED., .F., .F.,
 ( 4, 2, 2, 2, 2, 2, 4 ),
 ( 1.974398904502038062E-07, 0.0004563904265459761515, 0.0006844869198737375034, 0.0009125834132014990722, 0.001140679906529260424, 0.001368776399857021559, 0.001824969386512550334 ),
 .UNSPECIFIED. ) ;
#2222 = CYLINDRICAL_SURFACE ( 'NONE', #2295, 35.02499999999999147 ) ;
#2223 = DIRECTION ( 'NONE',  ( 0.000000000000000000, 0.000000000000000000, -1.000000000000000000 ) ) ;
#2224 = ORIENTED_EDGE ( 'NONE', *, *, #2005, .T. ) ;
#2225 = ADVANCED_FACE ( 'NONE', ( #2943, #696 ), #183, .T. ) ;
#2226 = AXIS2_PLACEMENT_3D ( 'NONE', #1137, #1171, #1685 ) ;
#2227 = COLOUR_RGB ( '',0.7921568627450980005, 0.8196078431372548767, 0.9333333333333333481 ) ;
#2228 = VERTEX_POINT ( 'NONE', #2414 ) ;
#2229 = TOROIDAL_SURFACE ( 'NONE', #2867, 42.50000000000000000, 7.475000000000004086 ) ;
#2230 = CIRCLE ( 'NONE', #3384, 37.50000000000000711 ) ;
#2231 = CARTESIAN_POINT ( 'NONE',  ( -3.969782328569876118, 15.61109655791686812, 32.61745945682514503 ) ) ;
#2232 = CARTESIAN_POINT ( 'NONE',  ( -0.5263101570733907941, 32.45508605610412189, -13.16882736202715876 ) ) ;
#2233 = ORIENTED_EDGE ( 'NONE', *, *, #2978, .T. ) ;
#2234 = CARTESIAN_POINT ( 'NONE',  ( 5.204542906582167561, 5.065170273512077159, -47.62261943733872727 ) ) ;
#2235 = CARTESIAN_POINT ( 'NONE',  ( -0.6119266459122792989, 22.12652364836540642, 44.81010453540470451 ) ) ;
#2236 = CARTESIAN_POINT ( 'NONE',  ( 4.817901204096654233, -41.35281080255849417, 24.83788729198309042 ) ) ;
#2237 = DIRECTION ( 'NONE',  ( 0.000000000000000000, 0.000000000000000000, -1.000000000000000000 ) ) ;
#2238 = CARTESIAN_POINT ( 'NONE',  ( -5.601503256229771743, 16.54435130294017853, 33.65533062621086202 ) ) ;
#2239 = ADVANCED_FACE ( 'NONE', ( #3509 ), #3266, .F. ) ;
#2240 = CARTESIAN_POINT ( 'NONE',  ( 0.5937110929420480465, -29.85960355606051309, 18.30735987075590288 ) ) ;
#2241 = ORIENTED_EDGE ( 'NONE', *, *, #1949, .F. ) ;
#2242 = CARTESIAN_POINT ( 'NONE',  ( 0.4806690185975122653, 2.881712767947344211, -34.90628725636850049 ) ) ;
#2243 = CARTESIAN_POINT ( 'NONE',  ( 2.074418812251863642, -29.42051252491533120, -40.05698671091172969 ) ) ;
#2244 = CARTESIAN_POINT ( 'NONE',  ( 3.964897064204549793, 48.85392974230754959, -0.6560253920972524133 ) ) ;
#2245 = ORIENTED_EDGE ( 'NONE', *, *, #1056, .F. ) ;
#2246 = CARTESIAN_POINT ( 'NONE',  ( -0.3305743550285119570, 21.75088000650919895, -44.99350594800090875 ) ) ;
#2247 = B_SPLINE_CURVE_WITH_KNOTS ( 'NONE', 3,
 ( #2046, #3158, #3491, #2357, #751, #3227, #1046, #2156, #1836, #1815, #199, #735, #3190, #2392 ),
 .UNSPECIFIED., .F., .F.,
 ( 4, 2, 2, 2, 2, 2, 4 ),
 ( 2.947685801783224805E-07, 0.001556821940974605859, 0.002335085527171817683, 0.003113349113369030807, 0.004669876285763450985, 0.005448139871960664543, 0.006226403458157876367 ),
 .UNSPECIFIED. ) ;
#2248 = DIRECTION ( 'NONE',  ( 1.000000000000000000, 0.000000000000000000, 0.000000000000000000 ) ) ;
#2249 = CARTESIAN_POINT ( 'NONE',  ( -5.556583932597439990, 2.887381465112948575, 37.38867513398841425 ) ) ;
#2250 = ORIENTED_EDGE ( 'NONE', *, *, #2522, .T. ) ;
#2251 = CARTESIAN_POINT ( 'NONE',  ( 3.281284640227984273, 5.196813673758797769, -48.94624492998212162 ) ) ;
#2252 = CARTESIAN_POINT ( 'NONE',  ( 3.964897064204545352, -12.73853044535974455, 47.16849226627923031 ) ) ;
#2253 = CARTESIAN_POINT ( 'NONE',  ( 4.188092993901582517, -41.74406700861278097, 25.07651239874681437 ) ) ;
#2254 = FACE_OUTER_BOUND ( 'NONE', #1372, .T. ) ;
#2255 = FACE_OUTER_BOUND ( 'NONE', #1277, .T. ) ;
#2256 = CARTESIAN_POINT ( 'NONE',  ( 0.5286488320022990628, -29.62542952550841235, 18.68393227019863900 ) ) ;
#2257 = EDGE_CURVE ( 'NONE', #1574, #2937, #42, .T. ) ;
#2258 = EDGE_LOOP ( 'NONE', ( #316, #1705, #3586, #2233 ) ) ;
#2259 = EDGE_CURVE ( 'NONE', #1952, #618, #1270, .T. ) ;
#2260 = CARTESIAN_POINT ( 'NONE',  ( -3.469446951953614189E-15, 0.000000000000000000, 0.000000000000000000 ) ) ;
#2261 = CARTESIAN_POINT ( 'NONE',  ( -0.2631557696538507352, -21.54787174047417864, 27.61231334850568686 ) ) ;
#2262 = DIRECTION ( 'NONE',  ( 0.000000000000000000, 0.000000000000000000, -1.000000000000000000 ) ) ;
#2263 = ORIENTED_EDGE ( 'NONE', *, *, #1455, .T. ) ;
#2264 = VERTEX_POINT ( 'NONE', #1286 ) ;
#2265 = CARTESIAN_POINT ( 'NONE',  ( 0.000000000000000000, -30.64347767414183465, 39.47756199456055271 ) ) ;
#2266 = CARTESIAN_POINT ( 'NONE',  ( -3.964899447139821564, 33.49317191703767804, -13.58041087985429485 ) ) ;
#2267 = ORIENTED_EDGE ( 'NONE', *, *, #2387, .T. ) ;
#2268 = B_SPLINE_CURVE_WITH_KNOTS ( 'NONE', 3,
 ( #1779, #918, #1505, #3105, #606, #1449, #2555, #3121, #51, #862, #623, #1975, #1744, #2848 ),
 .UNSPECIFIED., .F., .F.,
 ( 4, 2, 2, 2, 2, 2, 4 ),
 ( 1.974398904504507957E-07, 0.0004563904265459785368, 0.0006844869198737425992, 0.0009125834132015065532, 0.001140679906529270616, 0.001368776399857034786, 0.001824969386512557490 ),
 .UNSPECIFIED. ) ;
#2269 = B_SPLINE_CURVE_WITH_KNOTS ( 'NONE', 3,
 ( #1481, #858, #2303, #601, #1723, #2587, #2790, #2246, #3200, #2111 ),
 .UNSPECIFIED., .F., .F.,
 ( 4, 2, 2, 2, 4 ),
 ( 1.968926466845508798E-07, 0.0004987066525189294249, 0.0009972164123911741486, 0.001495726172263418981, 0.001994235932135663813 ),
 .UNSPECIFIED. ) ;
#2270 = CARTESIAN_POINT ( 'NONE',  ( -3.469446951953614189E-15, 32.85637963035620857, 12.13296924029369173 ) ) ;
#2271 = CARTESIAN_POINT ( 'NONE',  ( -3.281287451276765577, -35.06196418042836882, -7.125322571696822926 ) ) ;
#2272 = CARTESIAN_POINT ( 'NONE',  ( 0.5263093472665485439, -29.58454572980063446, 40.27723027917058118 ) ) ;
#2273 = CARTESIAN_POINT ( 'NONE',  ( 3.281284640227981608, 46.13130089321217042, -17.16522190376488766 ) ) ;
#2274 = EDGE_CURVE ( 'NONE', #1433, #3130, #1444, .T. ) ;
#2275 = CARTESIAN_POINT ( 'NONE',  ( -5.194999927352045965, 17.05520142314967558, 32.96864467653966102 ) ) ;
#2276 = CARTESIAN_POINT ( 'NONE',  ( 2.074418812251864086, -48.97139494486454225, 8.481227431271708639 ) ) ;
#2277 = EDGE_LOOP ( 'NONE', ( #799, #2821, #2644, #928 ) ) ;
#2278 = CARTESIAN_POINT ( 'NONE',  ( -3.515905914969987833, -21.18214940022296133, -28.98280083251164996 ) ) ;
#2279 = CARTESIAN_POINT ( 'NONE',  ( 0.2631553418359363072, -29.58454572980021524, -40.27723027917102883 ) ) ;
#2280 = CARTESIAN_POINT ( 'NONE',  ( -3.469446951953614189E-15, -29.48271086309393851, -18.90820946475902176 ) ) ;
#2281 = ORIENTED_EDGE ( 'NONE', *, *, #2760, .F. ) ;
#2282 = CARTESIAN_POINT ( 'NONE',  ( 5.556583932597444431, -46.80574903283736887, -8.091468190325217691 ) ) ;
#2283 = CARTESIAN_POINT ( 'NONE',  ( 25.00000000000000000, 0.000000000000000000, -47.50000000000000000 ) ) ;
#2284 = CARTESIAN_POINT ( 'NONE',  ( -3.469446951953614189E-15, -9.049607886100520915, 33.83570927449027721 ) ) ;
#2285 = AXIS2_PLACEMENT_3D ( 'NONE', #3553, #1038, #1877 ) ;
#2286 = EDGE_LOOP ( 'NONE', ( #758, #1847, #3468, #2398 ) ) ;
#2287 = AXIS2_PLACEMENT_3D ( 'NONE', #3189, #1577, #694 ) ;
#2288 =( GEOMETRIC_REPRESENTATION_CONTEXT ( 3 ) GLOBAL_UNCERTAINTY_ASSIGNED_CONTEXT ( ( #1484 ) ) GLOBAL_UNIT_ASSIGNED_CONTEXT ( ( #2308, #328, #2043 ) ) REPRESENTATION_CONTEXT ( 'NONE', 'WORKASPACE' ) );
#2289 = CARTESIAN_POINT ( 'NONE',  ( -5.380563170409296880, 34.98827013438007327, 12.93978780069716450 ) ) ;
#2290 = CARTESIAN_POINT ( 'NONE',  ( -0.5251770792775641850, 26.26504264903080710, -23.19200492438169903 ) ) ;
#2291 = CARTESIAN_POINT ( 'NONE',  ( 3.964897064204553345, -28.91755062152654787, 39.38162117832184350 ) ) ;
#2292 = DIRECTION ( 'NONE',  ( 0.000000000000000000, 0.000000000000000000, -1.000000000000000000 ) ) ;
#2293 = AXIS2_PLACEMENT_3D ( 'NONE', #448, #2730, #1346 ) ;
#2294 = AXIS2_PLACEMENT_3D ( 'NONE', #1893, #1619, #1254 ) ;
#2295 = AXIS2_PLACEMENT_3D ( 'NONE', #3310, #871, #3041 ) ;
#2296 = CARTESIAN_POINT ( 'NONE',  ( -0.5251770792775648511, -9.053294536452744623, -33.84906816744276625 ) ) ;
#2297 = ADVANCED_FACE ( 'NONE', ( #3191, #1546 ), #2080, .T. ) ;
#2298 = CARTESIAN_POINT ( 'NONE',  ( 4.188092993901584293, -47.98386434901204467, 8.303455102526033471 ) ) ;
#2299 = ORIENTED_EDGE ( 'NONE', *, *, #2018, .T. ) ;
#2300 = CARTESIAN_POINT ( 'NONE',  ( 5.556583932597444431, 20.59158282926192385, -42.80463428865670750 ) ) ;
#2301 = CARTESIAN_POINT ( 'NONE',  ( 5.556583932597444431, -40.72208569861719241, -24.45325615034691324 ) ) ;
#2302 = EDGE_LOOP ( 'NONE', ( #1475, #2617, #3030, #1530 ) ) ;
#2303 = CARTESIAN_POINT ( 'NONE',  ( -0.3311252865191121608, 22.79717566781194904, -44.47251916572398756 ) ) ;
#2304 = CARTESIAN_POINT ( 'NONE',  ( -5.601503256229771743, 16.88733449795078201, -33.48454528807262420 ) ) ;
#2305 = CARTESIAN_POINT ( 'NONE',  ( -3.469446951953614189E-15, 32.45508605610417163, -13.16882736202705217 ) ) ;
#2306 = ORIENTED_EDGE ( 'NONE', *, *, #88, .T. ) ;
#2307 = EDGE_CURVE ( 'NONE', #3116, #137, #1052, .T. ) ;
#2308 =( LENGTH_UNIT ( ) NAMED_UNIT ( * ) SI_UNIT ( .MILLI., .METRE. ) );
#2309 = CARTESIAN_POINT ( 'NONE',  ( -3.969782328569878782, 27.10012955838087478, -23.94134447096083562 ) ) ;
#2310 = CARTESIAN_POINT ( 'NONE',  ( -3.469446951953614189E-15, -20.66137603572839154, 28.28176382954620749 ) ) ;
#2311 = DIRECTION ( 'NONE',  ( 0.000000000000000000, 0.000000000000000000, -1.000000000000000000 ) ) ;
#2312 = CARTESIAN_POINT ( 'NONE',  ( 5.601502700796335610, 34.95875136583596543, -32.16087207869636444 ) ) ;
#2313 = ORIENTED_EDGE ( 'NONE', *, *, #840, .F. ) ;
#2314 = CARTESIAN_POINT ( 'NONE',  ( 5.194999182140332294, 20.75914256462482399, -43.14695240467341364 ) ) ;
#2315 = CARTESIAN_POINT ( 'NONE',  ( -0.5518461579784794679, -30.38315161421327915, 39.67846112644106427 ) ) ;
#2316 = ORIENTED_EDGE ( 'NONE', *, *, #1583, .T. ) ;
#2317 = CARTESIAN_POINT ( 'NONE',  ( -24.99999999999999645, 0.000000000000000000, -53.50000000000000000 ) ) ;
#2318 = CARTESIAN_POINT ( 'NONE',  ( 2.056913264089352378, -14.23377382047092077, -47.60898859901939772 ) ) ;
#2319 = ORIENTED_EDGE ( 'NONE', *, *, #536, .T. ) ;
#2320 = ADVANCED_FACE ( 'NONE', ( #3457 ), #3381, .F. ) ;
#2321 = CARTESIAN_POINT ( 'NONE',  ( -2.056915804659395608, 33.12182025711717159, 12.23339261913051423 ) ) ;
#2322 = CARTESIAN_POINT ( 'NONE',  ( -5.556583932597439102, 34.75598615910556077, -14.08088868317846476 ) ) ;
#2323 = DIRECTION ( 'NONE',  ( 0.000000000000000000, 0.000000000000000000, -1.000000000000000000 ) ) ;
#2324 = CARTESIAN_POINT ( 'NONE',  ( 23.50000000000000000, 0.000000000000000000, 0.000000000000000000 ) ) ;
#2325 = CARTESIAN_POINT ( 'NONE',  ( -4.804962602584513576, 16.89633658365762869, 32.65568044341713971 ) ) ;
#2326 = CARTESIAN_POINT ( 'NONE',  ( 0.000000000000000000, 5.271351470982089893, -49.69621191468596777 ) ) ;
#2327 = ORIENTED_EDGE ( 'NONE', *, *, #3383, .T. ) ;
#2328 = B_SPLINE_CURVE_WITH_KNOTS ( 'NONE', 3,
 ( #2492, #1112, #3329, #3555, #1081, #836, #3359, #3093, #2188, #3294, #797, #1644, #2749, #248 ),
 .UNSPECIFIED., .F., .F.,
 ( 4, 2, 2, 2, 2, 2, 4 ),
 ( 2.947685801826302254E-07, 0.001556821940974600438, 0.002335085527171815081, 0.003113349113369029506, 0.004669876285763453587, 0.005448139871960665410, 0.006226403458157878969 ),
 .UNSPECIFIED. ) ;
#2329 = CARTESIAN_POINT ( 'NONE',  ( -2.378268148537112106E-15, 21.67989097597804005, -45.02757990687158696 ) ) ;
#2330 = CARTESIAN_POINT ( 'NONE',  ( 0.000000000000000000, -42.13658108803315372, -26.87022811982823711 ) ) ;
#2331 = CARTESIAN_POINT ( 'NONE',  ( -3.469446951953614189E-15, -9.049607886099979126, -33.83570927449041221 ) ) ;
#2332 = EDGE_CURVE ( 'NONE', #1154, #3006, #2912, .T. ) ;
#2333 = CARTESIAN_POINT ( 'NONE',  ( 5.194999182140324301, -13.72672240254127729, -45.87132648957451408 ) ) ;
#2334 = VERTEX_POINT ( 'NONE', #2213 ) ;
#2335 = CARTESIAN_POINT ( 'NONE',  ( 0.000000000000000000, 0.000000000000000000, 0.000000000000000000 ) ) ;
#2336 = FACE_BOUND ( 'NONE', #3119, .T. ) ;
#2337 = CARTESIAN_POINT ( 'NONE',  ( 2.056913264089353710, 46.57055818601023134, 17.33202881480755053 ) ) ;
#2338 = CARTESIAN_POINT ( 'NONE',  ( 0.1540323861005504225, -34.32224221905848083, -6.980996637750178202 ) ) ;
#2339 = CARTESIAN_POINT ( 'NONE',  ( -3.469446951953614189E-15, -30.06751008205488773, -17.96372629677728128 ) ) ;
#2340 = FACE_OUTER_BOUND ( 'NONE', #3486, .T. ) ;
#2341 = CIRCLE ( 'NONE', #2814, 37.50000000000000711 ) ;
#2342 = CARTESIAN_POINT ( 'NONE',  ( 0.5274834676872144357, 15.35071624698578852, 31.48191323072650860 ) ) ;
#2343 = AXIS2_PLACEMENT_3D ( 'NONE', #1201, #2904, #2002 ) ;
#2344 = DIRECTION ( 'NONE',  ( 1.000000000000000000, 0.000000000000000000, 0.000000000000000000 ) ) ;
#2345 = ORIENTED_EDGE ( 'NONE', *, *, #2628, .F. ) ;
#2346 = AXIS2_PLACEMENT_3D ( 'NONE', #2959, #1891, #2995 ) ;
#2347 = EDGE_CURVE ( 'NONE', #3416, #3002, #218, .T. ) ;
#2348 = CARTESIAN_POINT ( 'NONE',  ( 0.000000000000000000, 46.83586816282478082, -17.43278745452079193 ) ) ;
#2349 = CARTESIAN_POINT ( 'NONE',  ( 0.6116626697214091468, -29.73810415688647524, -18.50409621634646129 ) ) ;
#2350 = B_SPLINE_CURVE_WITH_KNOTS ( 'NONE', 3,
 ( #875, #47, #3065, #563 ),
 .UNSPECIFIED., .F., .F.,
 ( 4, 4 ),
 ( 1.917147537320871536E-06, 0.001295593643117218382 ),
 .UNSPECIFIED. ) ;
#2351 = CARTESIAN_POINT ( 'NONE',  ( -0.1688795059594248027, 46.83586816282455345, 17.43278745452142786 ) ) ;
#2352 = ORIENTED_EDGE ( 'NONE', *, *, #324, .T. ) ;
#2353 = B_SPLINE_CURVE_WITH_KNOTS ( 'NONE', 3,
 ( #2284, #898, #1742, #1395, #3386, #1139, #1687, #2794, #1726, #860, #2829, #325, #1410, #1704 ),
 .UNSPECIFIED., .F., .F.,
 ( 4, 2, 2, 2, 2, 2, 4 ),
 ( 1.971617045683323339E-07, 0.001556723823003169178, 0.002334987153652472430, 0.003113250484301775031, 0.004669777145600373727, 0.005448040476249671991, 0.006226303806898969388 ),
 .UNSPECIFIED. ) ;
#2354 = CARTESIAN_POINT ( 'NONE',  ( 0.5286488320024190779, 15.35222495988276137, -31.48117832021839035 ) ) ;
#2355 = CARTESIAN_POINT ( 'NONE',  ( -4.804962602584520681, 3.958772229074309035, 36.55417592572885610 ) ) ;
#2356 = DIRECTION ( 'NONE',  ( 0.000000000000000000, 0.000000000000000000, -1.000000000000000000 ) ) ;
#2357 = CARTESIAN_POINT ( 'NONE',  ( -4.188095163653573039, 33.64315085375061187, 13.63985799323192971 ) ) ;
#2358 = DIRECTION ( 'NONE',  ( 1.000000000000000000, 0.000000000000000000, 0.000000000000000000 ) ) ;
#2359 = CARTESIAN_POINT ( 'NONE',  ( 0.000000000000000000, -49.24166479336535929, 8.529892928861711354 ) ) ;
#2360 = CARTESIAN_POINT ( 'NONE',  ( 0.2631553418359359742, 37.37569721552022628, -33.17465723490998641 ) ) ;
#2361 = CARTESIAN_POINT ( 'NONE',  ( 5.556583932597444431, -40.04105278298545301, -25.55316207497956427 ) ) ;
#2362 = ORIENTED_EDGE ( 'NONE', *, *, #2157, .T. ) ;
#2363 = CARTESIAN_POINT ( 'NONE',  ( 0.3065306711279822682, 25.54282290316439230, -23.96507786638388637 ) ) ;
#2364 = EDGE_CURVE ( 'NONE', #1700, #27, #2742, .T. ) ;
#2365 = CARTESIAN_POINT ( 'NONE',  ( -4.599617731266013365, -10.56151219047693601, -35.04503432623113923 ) ) ;
#2366 = ORIENTED_EDGE ( 'NONE', *, *, #1838, .F. ) ;
#2367 = CARTESIAN_POINT ( 'NONE',  ( -5.556583932597439990, -22.13750231693126835, -30.26848181141339111 ) ) ;
#2368 = CARTESIAN_POINT ( 'NONE',  ( -0.5525058339321827772, 46.72001983760313237, 17.74136705342415610 ) ) ;
#2369 = ORIENTED_EDGE ( 'NONE', *, *, #2802, .T. ) ;
#2370 = CARTESIAN_POINT ( 'NONE',  ( -5.556583932597439102, 35.17121706290640759, 13.00905416676867787 ) ) ;
#2371 = DIRECTION ( 'NONE',  ( 1.000000000000000000, 0.000000000000000000, 0.000000000000000000 ) ) ;
#2372 = CARTESIAN_POINT ( 'NONE',  ( 0.000000000000000000, -42.13658108803315372, -26.87022811982823711 ) ) ;
#2373 = CARTESIAN_POINT ( 'NONE',  ( -3.469446951953614189E-15, 25.50633731225565626, 24.00369517206536685 ) ) ;
#2374 = FACE_OUTER_BOUND ( 'NONE', #2899, .T. ) ;
#2375 = CARTESIAN_POINT ( 'NONE',  ( 5.556583932597444431, 0.000000000000000000, 0.000000000000000000 ) ) ;
#2376 = CARTESIAN_POINT ( 'NONE',  ( -2.801541032638789286, 2.723799177687670436, -35.46050141702809100 ) ) ;
#2377 = EDGE_CURVE ( 'NONE', #2192, #1935, #3389, .T. ) ;
#2378 = ORIENTED_EDGE ( 'NONE', *, *, #2332, .F. ) ;
#2379 = DIRECTION ( 'NONE',  ( 0.000000000000000000, 0.000000000000000000, -1.000000000000000000 ) ) ;
#2380 = CARTESIAN_POINT ( 'NONE',  ( -2.801541032638788398, 25.90249720720389703, -24.37061511612330733 ) ) ;
#2381 = B_SPLINE_CURVE_WITH_KNOTS ( 'NONE', 3,
 ( #1990, #48, #2304, #876 ),
 .UNSPECIFIED., .F., .F.,
 ( 4, 4 ),
 ( 1.703398595625857562E-06, 0.001151158023206740348 ),
 .UNSPECIFIED. ) ;
#2382 = ORIENTED_EDGE ( 'NONE', *, *, #435, .F. ) ;
#2383 = CARTESIAN_POINT ( 'NONE',  ( -3.469446951953614189E-15, -29.48271086309393851, -18.90820946475902176 ) ) ;
#2384 = CARTESIAN_POINT ( 'NONE',  ( 0.1541532762803415335, -34.32224221905857320, 6.980996637749761646 ) ) ;
#2385 = APPLICATION_PROTOCOL_DEFINITION ( 'draft international standard', 'automotive_design', 1998, #2470 ) ;
#2386 = CARTESIAN_POINT ( 'NONE',  ( 1.046969926904346426, 22.83654903687136439, -44.37451184301518481 ) ) ;
#2387 = EDGE_CURVE ( 'NONE', #1411, #2084, #176, .T. ) ;
#2388 = ORIENTED_EDGE ( 'NONE', *, *, #314, .F. ) ;
#2389 = CARTESIAN_POINT ( 'NONE',  ( -0.5518461579785183257, -13.35415600578174811, -48.15789340023094667 ) ) ;
#2390 = DIRECTION ( 'NONE',  ( 0.000000000000000000, 0.000000000000000000, -1.000000000000000000 ) ) ;
#2391 = DIRECTION ( 'NONE',  ( 1.000000000000000000, 0.000000000000000000, 0.000000000000000000 ) ) ;
#2392 = CARTESIAN_POINT ( 'NONE',  ( -3.469446951953614189E-15, 32.45508605610396557, 13.16882736202755666 ) ) ;
#2393 = CARTESIAN_POINT ( 'NONE',  ( -0.6119266459122063573, 46.66053056691640677, -17.89758096641638829 ) ) ;
#2394 = FACE_BOUND ( 'NONE', #2277, .T. ) ;
#2395 = CARTESIAN_POINT ( 'NONE',  ( -3.469446951953614189E-15, 16.10722901273686603, 31.10157228390949058 ) ) ;
#2396 = CARTESIAN_POINT ( 'NONE',  ( -3.515274631057114796, 2.750623893584920765, -35.77703807917255574 ) ) ;
#2397 = AXIS2_PLACEMENT_3D ( 'NONE', #1782, #882, #1234 ) ;
#2398 = ORIENTED_EDGE ( 'NONE', *, *, #941, .T. ) ;
#2399 = ADVANCED_FACE ( 'NONE', ( #3262 ), #351, .F. ) ;
#2400 = CIRCLE ( 'NONE', #1418, 37.50000000000000711 ) ;
#2401 = AXIS2_PLACEMENT_3D ( 'NONE', #2665, #2681, #2390 ) ;
#2402 = CARTESIAN_POINT ( 'NONE',  ( -4.188095163653574815, 3.912279929042959292, -36.09156953085527419 ) ) ;
#2403 = CIRCLE ( 'NONE', #3159, 49.97500000000001563 ) ;
#2404 = CARTESIAN_POINT ( 'NONE',  ( 0.5944992156787428650, -29.85835008804915702, -18.30940549738659584 ) ) ;
#2405 = CARTESIAN_POINT ( 'NONE',  ( 3.515271977441967621, 3.876619193471406710, -48.96416067875777145 ) ) ;
#2406 = DIRECTION ( 'NONE',  ( 1.000000000000000000, 0.000000000000000000, 0.000000000000000000 ) ) ;
#2407 = VERTEX_POINT ( 'NONE', #1674 ) ;
#2408 = EDGE_LOOP ( 'NONE', ( #1832, #1318, #2825, #1517 ) ) ;
#2409 = EDGE_CURVE ( 'NONE', #817, #3186, #1843, .T. ) ;
#2410 = FACE_OUTER_BOUND ( 'NONE', #2480, .T. ) ;
#2411 = B_SPLINE_CURVE_WITH_KNOTS ( 'NONE', 3,
 ( #2893, #1205, #647, #1771, #1221, #2053, #3165, #3449, #962, #2069, #1806, #2363, #1825, #135 ),
 .UNSPECIFIED., .F., .F.,
 ( 4, 2, 2, 2, 2, 2, 4 ),
 ( 1.974398904496493966E-07, 0.0004563904265459698090, 0.0006844869198737346845, 0.0009125834132014997227, 0.001140679906529264544, 0.001368776399857029365, 0.001824969386512554888 ),
 .UNSPECIFIED. ) ;
#2412 = FACE_BOUND ( 'NONE', #965, .T. ) ;
#2413 = CARTESIAN_POINT ( 'NONE',  ( -2.801541032638795947, 35.56055365112609223, -0.5597023609077452777 ) ) ;
#2414 = CARTESIAN_POINT ( 'NONE',  ( -3.469446951953614189E-15, -10.11807391946259393, -33.53170447740898652 ) ) ;
#2415 = DIRECTION ( 'NONE',  ( 1.000000000000000000, 0.000000000000000000, 0.000000000000000000 ) ) ;
#2416 = CARTESIAN_POINT ( 'NONE',  ( 4.599615815309082478, 36.20323790699264066, 32.12009688387846040 ) ) ;
#2417 = CARTESIAN_POINT ( 'NONE',  ( 0.000000000000000000, 0.000000000000000000, 0.000000000000000000 ) ) ;
#2418 = CARTESIAN_POINT ( 'NONE',  ( 1.805199156379295733, 36.32263052330623765, -34.00829795018796631 ) ) ;
#2419 = CARTESIAN_POINT ( 'NONE',  ( -0.5263101570733893508, -29.48271086309420141, 18.90820946475863096 ) ) ;
#2420 = EDGE_LOOP ( 'NONE', ( #2027 ) ) ;
#2421 = CARTESIAN_POINT ( 'NONE',  ( 5.556583932597444431, 0.000000000000000000, 0.000000000000000000 ) ) ;
#2422 = CARTESIAN_POINT ( 'NONE',  ( 5.556583932597444431, 34.66389655873196318, 32.47559507330898043 ) ) ;
#2423 = CARTESIAN_POINT ( 'NONE',  ( 2.074418812251864086, 49.69598533578691502, 0.6616517906820384987 ) ) ;
#2424 = EDGE_LOOP ( 'NONE', ( #2352, #2710, #2909, #2176 ) ) ;
#2425 = ORIENTED_EDGE ( 'NONE', *, *, #175, .T. ) ;
#2426 = CARTESIAN_POINT ( 'NONE',  ( -2.801541032638791950, 3.838428716304796762, 35.35721577977075469 ) ) ;
#2427 = CARTESIAN_POINT ( 'NONE',  ( 0.5263093472665475447, -48.99783768347150215, 9.834252759827835533 ) ) ;
#2428 = CARTESIAN_POINT ( 'NONE',  ( -5.556583932597439102, -22.13750231693171600, 30.26848181141306426 ) ) ;
#2429 = CARTESIAN_POINT ( 'NONE',  ( -2.567739918546542821, -10.24058715681569964, 33.94970275291252193 ) ) ;
#2430 = CARTESIAN_POINT ( 'NONE',  ( 4.804961032689097244, 44.73551389817096435, -18.02963797486653874 ) ) ;
#2431 = CARTESIAN_POINT ( 'NONE',  ( 3.515903202787772575, -48.14050241918533857, -9.668066087414096899 ) ) ;
#2432 = CARTESIAN_POINT ( 'NONE',  ( -1.043260194215538617, -34.37619447437423048, 6.991525983105571385 ) ) ;
#2433 = CARTESIAN_POINT ( 'NONE',  ( 5.601502700796335610, 35.24926610562219054, 31.84219258995278068 ) ) ;
#2434 = CARTESIAN_POINT ( 'NONE',  ( -1.805201453756178465, 25.66525569360501891, -24.15088926268730773 ) ) ;
#2435 = ORIENTED_EDGE ( 'NONE', *, *, #2476, .T. ) ;
#2436 = CARTESIAN_POINT ( 'NONE',  ( 0.3065306711279921492, -34.33293350190189130, 6.928956354188196443 ) ) ;
#2437 = CARTESIAN_POINT ( 'NONE',  ( -0.6119266459122981727, -29.98361263755337447, -39.98138930098251365 ) ) ;
#2438 = ORIENTED_EDGE ( 'NONE', *, *, #2122, .F. ) ;
#2439 = EDGE_LOOP ( 'NONE', ( #1649 ) ) ;
#2440 = EDGE_CURVE ( 'NONE', #1727, #3374, #1668, .T. ) ;
#2441 = CARTESIAN_POINT ( 'NONE',  ( -5.556583932597439102, 0.000000000000000000, 0.000000000000000000 ) ) ;
#2442 = CARTESIAN_POINT ( 'NONE',  ( -0.1687870779475002803, -14.31325167158799516, 47.88143117729234177 ) ) ;
#2443 = DIRECTION ( 'NONE',  ( 1.000000000000000000, 0.000000000000000000, 0.000000000000000000 ) ) ;
#2444 = CARTESIAN_POINT ( 'NONE',  ( -5.380563170409293328, -36.77020811559606273, -6.290385557275221196 ) ) ;
#2445 = CARTESIAN_POINT ( 'NONE',  ( -3.281287451276770906, -30.12034450869909463, -19.31000778398741602 ) ) ;
#2446 = CARTESIAN_POINT ( 'NONE',  ( 0.000000000000000000, 3.950058281679397876, 49.81864775936152512 ) ) ;
#2447 = CARTESIAN_POINT ( 'NONE',  ( -3.964899447139826005, -22.22782900288188301, -28.49813577321416247 ) ) ;
#2448 = CARTESIAN_POINT ( 'NONE',  ( 5.194999182140326965, 34.94380092532058057, -32.73426765212774825 ) ) ;
#2449 = CARTESIAN_POINT ( 'NONE',  ( 5.556583932597444431, 44.52198883143488928, -16.55422938386401555 ) ) ;
#2450 = AXIS2_PLACEMENT_3D ( 'NONE', #2474, #2187, #1915 ) ;
#2451 = SPHERICAL_SURFACE ( 'NONE', #2450, 7.500000000000000000 ) ;
#2452 = CIRCLE ( 'NONE', #3154, 35.02499999999999147 ) ;
#2453 = AXIS2_PLACEMENT_3D ( 'NONE', #2129, #757, #189 ) ;
#2454 = CARTESIAN_POINT ( 'NONE',  ( 0.000000000000000000, 0.000000000000000000, 0.000000000000000000 ) ) ;
#2455 = CARTESIAN_POINT ( 'NONE',  ( -3.469446951953614189E-15, 16.10722901273736696, -31.10157228390923834 ) ) ;
#2456 = CARTESIAN_POINT ( 'NONE',  ( 5.556583932597444431, 20.59158282926129857, 42.80463428865699882 ) ) ;
#2457 = AXIS2_PLACEMENT_3D ( 'NONE', #1721, #2891, #300 ) ;
#2458 =( GEOMETRIC_REPRESENTATION_CONTEXT ( 3 ) GLOBAL_UNCERTAINTY_ASSIGNED_CONTEXT ( ( #3405 ) ) GLOBAL_UNIT_ASSIGNED_CONTEXT ( ( #729, #707, #1225 ) ) REPRESENTATION_CONTEXT ( 'NONE', 'WORKASPACE' ) );
#2459 = ORIENTED_EDGE ( 'NONE', *, *, #2182, .T. ) ;
#2460 = ORIENTED_EDGE ( 'NONE', *, *, #941, .F. ) ;
#2461 = B_SPLINE_CURVE_WITH_KNOTS ( 'NONE', 3,
 ( #1918, #1591, #1040, #1332 ),
 .UNSPECIFIED., .F., .F.,
 ( 4, 4 ),
 ( 1.917147537322847664E-06, 0.001295593643117216214 ),
 .UNSPECIFIED. ) ;
#2462 = CARTESIAN_POINT ( 'NONE',  ( -1.046971508578976584, 2.684050811103016354, 34.99124501091439043 ) ) ;
#2463 = CARTESIAN_POINT ( 'NONE',  ( 3.515271977441965845, -48.15587253711961324, 9.671046868622189763 ) ) ;
#2464 = DIRECTION ( 'NONE',  ( 1.000000000000000000, 0.000000000000000000, 0.000000000000000000 ) ) ;
#2465 = ORIENTED_EDGE ( 'NONE', *, *, #848, .F. ) ;
#2466 = CARTESIAN_POINT ( 'NONE',  ( -4.817902579072506519, -36.23556722838279143, 6.194701745241943058 ) ) ;
#2467 = CARTESIAN_POINT ( 'NONE',  ( -2.378268148537112106E-15, -13.03695353713106719, 48.24456930547403744 ) ) ;
#2468 = CARTESIAN_POINT ( 'NONE',  ( -0.3311252865191816608, 4.029215054005172547, 49.81246435806346540 ) ) ;
#2469 = CARTESIAN_POINT ( 'NONE',  ( 5.601502700796331169, 4.168189578960672215, -47.31872975423635808 ) ) ;
#2470 = APPLICATION_CONTEXT ( 'automotive_design' ) ;
#2471 = CARTESIAN_POINT ( 'NONE',  ( -0.1687870779475154626, 36.48173426154662025, 34.15528788152570172 ) ) ;
#2472 = MANIFOLD_SOLID_BREP ( 'BallsDetailed', #2513 ) ;
#2473 = CARTESIAN_POINT ( 'NONE',  ( -0.6119266459122788548, 37.04429699389487496, -33.54472503186872956 ) ) ;
#2474 = CARTESIAN_POINT ( 'NONE',  ( 0.000000000000000000, 39.63006974968532603, -15.35277081295347656 ) ) ;
#2475 = B_SPLINE_CURVE_WITH_KNOTS ( 'NONE', 3,
 ( #614, #2312, #3412, #1871 ),
 .UNSPECIFIED., .F., .F.,
 ( 4, 4 ),
 ( 1.917147537320578039E-06, 0.001295593643117215997 ),
 .UNSPECIFIED. ) ;
#2476 = EDGE_CURVE ( 'NONE', #1440, #483, #2268, .T. ) ;
#2477 = DIRECTION ( 'NONE',  ( 1.000000000000000000, 0.000000000000000000, 0.000000000000000000 ) ) ;
#2478 = CARTESIAN_POINT ( 'NONE',  ( -0.1688795059594302983, -30.64347767414134793, -39.47756199456093640 ) ) ;
#2479 = ORIENTED_EDGE ( 'NONE', *, *, #2127, .F. ) ;
#2480 = EDGE_LOOP ( 'NONE', ( #446, #1089, #2698, #1461 ) ) ;
#2481 = CARTESIAN_POINT ( 'NONE',  ( -3.969782328569876118, 2.774128609831964187, 36.05425366880234606 ) ) ;
#2482 = CARTESIAN_POINT ( 'NONE',  ( 0.1540323861005629125, 32.85637963035640752, -12.13296924029316060 ) ) ;
#2483 = CARTESIAN_POINT ( 'NONE',  ( -5.556583932597439990, -10.81394427001748682, 35.90694374804066769 ) ) ;
#2484 = EDGE_LOOP ( 'NONE', ( #2734, #2459, #3024, #3127 ) ) ;
#2485 = DIRECTION ( 'NONE',  ( 0.000000000000000000, 0.000000000000000000, -1.000000000000000000 ) ) ;
#2486 = CARTESIAN_POINT ( 'NONE',  ( 5.556583932597444431, -46.80574903283736887, -8.091468190325217691 ) ) ;
#2487 = CARTESIAN_POINT ( 'NONE',  ( 5.556583932597444431, 20.59158282926192385, -42.80463428865670750 ) ) ;
#2488 = FACE_BOUND ( 'NONE', #3163, .T. ) ;
#2489 = ADVANCED_FACE ( 'NONE', ( #2028 ), #823, .F. ) ;
#2490 = CARTESIAN_POINT ( 'NONE',  ( 3.964897064204549793, -41.19109534857643951, 26.27604392913596953 ) ) ;
#2491 = ORIENTED_EDGE ( 'NONE', *, *, #689, .F. ) ;
#2492 = CARTESIAN_POINT ( 'NONE',  ( -5.556583932597439990, 27.32238820962050951, 25.68534801249129984 ) ) ;
#2493 = CARTESIAN_POINT ( 'NONE',  ( -3.515905914969988277, -30.81360748874908140, 18.41759459972201185 ) ) ;
#2494 = ORIENTED_EDGE ( 'NONE', *, *, #3322, .F. ) ;
#2495 = VERTEX_POINT ( 'NONE', #638 ) ;
#2496 = CARTESIAN_POINT ( 'NONE',  ( -1.307728941856039606, 2.687561509782615765, 35.03270392403388911 ) ) ;
#2497 = CARTESIAN_POINT ( 'NONE',  ( 1.307726991999701882, -13.00738177707428456, -48.13795033894630393 ) ) ;
#2498 = ORIENTED_EDGE ( 'NONE', *, *, #3241, .F. ) ;
#2499 = EDGE_CURVE ( 'NONE', #952, #2827, #3428, .T. ) ;
#2500 = CARTESIAN_POINT ( 'NONE',  ( 0.5274834676871746897, 25.68669539200755736, 23.81069150194263884 ) ) ;
#2501 = CARTESIAN_POINT ( 'NONE',  ( -0.2631557696538502356, 35.02059558823518870, 0.5554364457565178492 ) ) ;
#2502 = CARTESIAN_POINT ( 'NONE',  ( 4.188092993901579852, -47.74317492130619200, -9.591029816324118329 ) ) ;
#2503 = CARTESIAN_POINT ( 'NONE',  ( 1.307726991999702548, 46.73243255179854572, -17.39350428525046155 ) ) ;
#2504 = EDGE_CURVE ( 'NONE', #2197, #2220, #784, .T. ) ;
#2505 = DIRECTION ( 'NONE',  ( 1.000000000000000000, 0.000000000000000000, 0.000000000000000000 ) ) ;
#2506 = FACE_OUTER_BOUND ( 'NONE', #951, .T. ) ;
#2507 = ORIENTED_EDGE ( 'NONE', *, *, #1568, .F. ) ;
#2508 = EDGE_CURVE ( 'NONE', #1037, #2191, #2565, .T. ) ;
#2509 = SPHERICAL_SURFACE ( 'NONE', #3216, 7.500000000000000000 ) ;
#2510 = CARTESIAN_POINT ( 'NONE',  ( -5.601503256229782401, -36.89813667211463155, -6.702562921794565476 ) ) ;
#2511 = CARTESIAN_POINT ( 'NONE',  ( -3.469446951953614189E-15, 32.85637963035620857, 12.13296924029369173 ) ) ;
#2512 = ORIENTED_EDGE ( 'NONE', *, *, #466, .F. ) ;
#2513 = CLOSED_SHELL ( 'NONE', ( #900, #2489, #1728, #2948, #41, #514, #1959, #760, #118, #963, #3056, #3090, #213, #3513, #2320, #1111, #724, #78, #3008, #998, #1192, #2853, #1988, #3104, #1989, #2712, #2566, #263, #1630, #2399, #2543, #1551, #579, #1095, #816, #2992, #2239, #3340, #2297, #580, #3290, #1772, #705, #2209, #1596, #1837, #1391, #1216, #2112, #3549, #2791, #3059, #405, #2225, #65, #1438, #196, #3554, #3253, #687, #2073, #1805, #2091, #1519, #277 ) ) ;
#2514 = CIRCLE ( 'NONE', #944, 35.02499999999999147 ) ;
#2515 = ORIENTED_EDGE ( 'NONE', *, *, #3439, .T. ) ;
#2516 = AXIS2_PLACEMENT_3D ( 'NONE', #2139, #3243, #3259 ) ;
#2517 = AXIS2_PLACEMENT_3D ( 'NONE', #2670, #1926, #17 ) ;
#2518 = CARTESIAN_POINT ( 'NONE',  ( 0.5286488320023488008, -9.863301546660661501, -33.60759857901003045 ) ) ;
#2519 = CARTESIAN_POINT ( 'NONE',  ( 0.5944992156788915239, 32.60489695637011209, -12.79359582418963726 ) ) ;
#2520 = ORIENTED_EDGE ( 'NONE', *, *, #2377, .F. ) ;
#2521 = TOROIDAL_SURFACE ( 'NONE', #1071, 53.50000000000000000, 1.499999999999989120 ) ;
#2522 = EDGE_CURVE ( 'NONE', #286, #2586, #303, .T. ) ;
#2523 = CARTESIAN_POINT ( 'NONE',  ( 0.1540323861005570838, 25.50633731225567402, 24.00369517206536329 ) ) ;
#2524 = CARTESIAN_POINT ( 'NONE',  ( 0.000000000000000000, 21.67989097597743964, 45.02757990687189249 ) ) ;
#2525 = CARTESIAN_POINT ( 'NONE',  ( -2.378268148537112106E-15, -29.58454572980066288, 40.27723027917055987 ) ) ;
#2526 = EDGE_CURVE ( 'NONE', #27, #2847, #1538, .T. ) ;
#2527 = PRODUCT_DEFINITION_SHAPE ( 'NONE', 'NONE',  #2668 ) ;
#2528 = CARTESIAN_POINT ( 'NONE',  ( -2.378268148537112106E-15, 36.48173426154711052, -34.15528788152516881 ) ) ;
#2529 = ORIENTED_EDGE ( 'NONE', *, *, #195, .T. ) ;
#2530 = CARTESIAN_POINT ( 'NONE',  ( 0.1541532762803418111, 2.678225850555044474, -34.92245311104903749 ) ) ;
#2531 = CARTESIAN_POINT ( 'NONE',  ( 3.969779934108136121, -28.90611255415042535, -39.36625689813754292 ) ) ;
#2532 = CARTESIAN_POINT ( 'NONE',  ( -5.601503256229761085, -10.44702648585886529, 36.01744684452840062 ) ) ;
#2533 = ORIENTED_EDGE ( 'NONE', *, *, #925, .T. ) ;
#2534 = ORIENTED_EDGE ( 'NONE', *, *, #3164, .F. ) ;
#2535 = EDGE_CURVE ( 'NONE', #3096, #1448, #2184, .T. ) ;
#2536 = FACE_OUTER_BOUND ( 'NONE', #321, .T. ) ;
#2537 = VERTEX_POINT ( 'NONE', #1682 ) ;
#2538 = B_SPLINE_CURVE_WITH_KNOTS ( 'NONE', 3,
 ( #98, #2614, #632, #1494 ),
 .UNSPECIFIED., .F., .F.,
 ( 4, 4 ),
 ( 1.917147537319019922E-06, 0.001295593643117216648 ),
 .UNSPECIFIED. ) ;
#2539 = CARTESIAN_POINT ( 'NONE',  ( -5.556583932597439102, 35.17121706290640759, 13.00905416676867787 ) ) ;
#2540 = CARTESIAN_POINT ( 'NONE',  ( 4.804961032689095468, 22.08039919493388936, 42.88111496487190522 ) ) ;
#2541 = CARTESIAN_POINT ( 'NONE',  ( 0.5251762499567610432, -42.12484738368773662, -26.86285474026799491 ) ) ;
#2542 = CARTESIAN_POINT ( 'NONE',  ( -3.469446951953614189E-15, -21.54787174047383758, -27.61231334850610608 ) ) ;
#2543 = ADVANCED_FACE ( 'NONE', ( #2548 ), #3435, .F. ) ;
#2544 = CARTESIAN_POINT ( 'NONE',  ( -2.567739918546544597, -9.165492768601492202, -34.25559347954971656 ) ) ;
#2545 = CARTESIAN_POINT ( 'NONE',  ( -5.194999927352051294, -31.25435079492779167, 20.02440969865858378 ) ) ;
#2546 = ORIENTED_EDGE ( 'NONE', *, *, #1280, .T. ) ;
#2547 = CARTESIAN_POINT ( 'NONE',  ( -0.5251770792775638519, -20.66963952354996081, -28.29288885452408309 ) ) ;
#2548 = FACE_OUTER_BOUND ( 'NONE', #3311, .T. ) ;
#2549 = CARTESIAN_POINT ( 'NONE',  ( 3.515271977441963624, 49.11297749468614171, -0.6577605589062228697 ) ) ;
#2550 = VERTEX_POINT ( 'NONE', #265 ) ;
#2551 = DIRECTION ( 'NONE',  ( 0.000000000000000000, 0.000000000000000000, -1.000000000000000000 ) ) ;
#2552 = CARTESIAN_POINT ( 'NONE',  ( 2.567736996609357725, -14.19126719349260313, 47.46328356370755586 ) ) ;
#2553 = DIRECTION ( 'NONE',  ( 1.000000000000000000, 0.000000000000000000, 0.000000000000000000 ) ) ;
#2554 = ORIENTED_EDGE ( 'NONE', *, *, #2005, .F. ) ;
#2555 = CARTESIAN_POINT ( 'NONE',  ( 0.6116626697214849750, -21.16904708817244085, 27.90390404599997254 ) ) ;
#2556 = CARTESIAN_POINT ( 'NONE',  ( 5.194999182140326965, 21.92183299259258789, 42.56800136340029894 ) ) ;
#2557 = CARTESIAN_POINT ( 'NONE',  ( 2.555675114558312089, -29.31839524156405830, 39.91987122789785758 ) ) ;
#2558 = CARTESIAN_POINT ( 'NONE',  ( 0.5937110929419897598, -9.732924701004284529, 33.64558703198750322 ) ) ;
#2559 = CARTESIAN_POINT ( 'NONE',  ( 5.556583932597444431, -13.61993231763977263, -45.50546608554748929 ) ) ;
#2560 = FACE_OUTER_BOUND ( 'NONE', #988, .T. ) ;
#2561 = ORIENTED_EDGE ( 'NONE', *, *, #464, .T. ) ;
#2562 = CARTESIAN_POINT ( 'NONE',  ( 0.5263093472665487660, 21.67989097597811110, -45.02757990687156564 ) ) ;
#2563 = DIRECTION ( 'NONE',  ( 1.000000000000000000, 0.000000000000000000, 0.000000000000000000 ) ) ;
#2564 = ORIENTED_EDGE ( 'NONE', *, *, #2023, .F. ) ;
#2565 = B_SPLINE_CURVE_WITH_KNOTS ( 'NONE', 3,
 ( #3187, #692, #2918, #415 ),
 .UNSPECIFIED., .F., .F.,
 ( 4, 4 ),
 ( 1.917147537323108550E-06, 0.001295593643117215563 ),
 .UNSPECIFIED. ) ;
#2566 = ADVANCED_FACE ( 'NONE', ( #1388 ), #1004, .F. ) ;
#2567 = EDGE_LOOP ( 'NONE', ( #2533, #1938, #703, #2604 ) ) ;
#2568 = CARTESIAN_POINT ( 'NONE',  ( 23.49999999999999645, 0.000000000000000000, -30.00000000000000000 ) ) ;
#2569 = CARTESIAN_POINT ( 'NONE',  ( -5.380563170409295104, 34.57412229847285090, -14.00882659660211083 ) ) ;
#2570 = AXIS2_PLACEMENT_3D ( 'NONE', #3183, #2039, #1555 ) ;
#2571 = AXIS2_PLACEMENT_3D ( 'NONE', #2975, #439, #1579 ) ;
#2572 = ORIENTED_EDGE ( 'NONE', *, *, #3501, .T. ) ;
#2573 = CIRCLE ( 'NONE', #3098, 47.50000000000000000 ) ;
#2574 = AXIS2_PLACEMENT_3D ( 'NONE', #110, #923, #939 ) ;
#2575 = CARTESIAN_POINT ( 'NONE',  ( 1.307726991999700772, 5.260411102893455926, -49.58611013739614748 ) ) ;
#2576 = CARTESIAN_POINT ( 'NONE',  ( 2.056913264089354598, 22.73954547131259218, 44.18290601977183485 ) ) ;
#2577 = CARTESIAN_POINT ( 'NONE',  ( 5.380562815295800050, -28.22312448432743182, 38.44901764107009967 ) ) ;
#2578 = CARTESIAN_POINT ( 'NONE',  ( 5.556583932597444431, -40.04105278298581538, 25.55316207497899939 ) ) ;
#2579 = AXIS2_PLACEMENT_3D ( 'NONE', #1672, #1103, #270 ) ;
#2580 = AXIS2_PLACEMENT_3D ( 'NONE', #2762, #568, #2485 ) ;
#2581 = AXIS2_PLACEMENT_3D ( 'NONE', #755, #3197, #1552 ) ;
#2582 = CARTESIAN_POINT ( 'NONE',  ( -3.469446951953614189E-15, 16.10722901273736696, -31.10157228390923834 ) ) ;
#2583 = CARTESIAN_POINT ( 'NONE',  ( -0.3305743550284910848, 4.028562514918814230, -49.81251893463876002 ) ) ;
#2584 = ORIENTED_EDGE ( 'NONE', *, *, #1331, .T. ) ;
#2585 = DIRECTION ( 'NONE',  ( 0.000000000000000000, 0.000000000000000000, -1.000000000000000000 ) ) ;
#2586 = VERTEX_POINT ( 'NONE', #3330 ) ;
#2587 = CARTESIAN_POINT ( 'NONE',  ( -0.6117970708675199987, 22.12602312850965802, -44.81035168074700437 ) ) ;
#2588 = CARTESIAN_POINT ( 'NONE',  ( 5.556583932597444431, -13.61993231764043344, 45.50546608554729033 ) ) ;
#2589 = CARTESIAN_POINT ( 'NONE',  ( 5.556583932597444431, 5.026419636518689060, -47.23330504673179320 ) ) ;
#2590 = ORIENTED_EDGE ( 'NONE', *, *, #398, .T. ) ;
#2591 = CARTESIAN_POINT ( 'NONE',  ( 1.046969926904345316, 5.264525197901011033, -49.62751301103038060 ) ) ;
#2592 = CARTESIAN_POINT ( 'NONE',  ( 5.556583932597444431, 21.74963453899328769, 42.22799305461047226 ) ) ;
#2593 = CARTESIAN_POINT ( 'NONE',  ( 5.556583932597444431, -40.04105278298545301, -25.55316207497956427 ) ) ;
#2594 = CARTESIAN_POINT ( 'NONE',  ( 0.4796554304380907241, -9.923520776278540012, 33.58983272158187816 ) ) ;
#2595 = CARTESIAN_POINT ( 'NONE',  ( 1.046969926904346648, 21.64952947788545146, 44.96557735207560569 ) ) ;
#2596 = ORIENTED_EDGE ( 'NONE', *, *, #793, .F. ) ;
#2597 = EDGE_CURVE ( 'NONE', #1935, #3115, #1792, .T. ) ;
#2598 = CARTESIAN_POINT ( 'NONE',  ( -5.556583932597439102, -31.57684294142381987, 20.22753049318312080 ) ) ;
#2599 = CARTESIAN_POINT ( 'NONE',  ( -3.515274631057109911, -30.80023259020133253, -18.40945566582627535 ) ) ;
#2600 = ORIENTED_EDGE ( 'NONE', *, *, #2626, .F. ) ;
#2601 = CARTESIAN_POINT ( 'NONE',  ( 5.556583932597444431, 0.000000000000000000, 0.000000000000000000 ) ) ;
#2602 = DIRECTION ( 'NONE',  ( 0.000000000000000000, 0.9829730996839004531, 0.1837495178165774457 ) ) ;
#2603 = VERTEX_POINT ( 'NONE', #1099 ) ;
#2604 = ORIENTED_EDGE ( 'NONE', *, *, #287, .F. ) ;
#2605 = CARTESIAN_POINT ( 'NONE',  ( 0.1540323861005583883, 16.10722901273736340, -31.10157228390924189 ) ) ;
#2606 = CARTESIAN_POINT ( 'NONE',  ( 2.801538165936543923, 22.62383471745799923, 43.95435802182999652 ) ) ;
#2607 = CARTESIAN_POINT ( 'NONE',  ( 4.817901204096657786, 44.74169804950759755, 18.03208424026864165 ) ) ;
#2608 = CARTESIAN_POINT ( 'NONE',  ( -2.378268148537112106E-15, 37.37569721551969337, 33.17465723491041985 ) ) ;
#2609 = EDGE_CURVE ( 'NONE', #3130, #1440, #171, .T. ) ;
#2610 = CARTESIAN_POINT ( 'NONE',  ( 1.046969926904345538, -49.17372032786911262, 8.517658265969300757 ) ) ;
#2611 = DIRECTION ( 'NONE',  ( 0.000000000000000000, 0.000000000000000000, -1.000000000000000000 ) ) ;
#2612 = CARTESIAN_POINT ( 'NONE',  ( -1.805201453756178465, -21.67977478871955554, -27.78413516932118554 ) ) ;
#2613 = ORIENTED_EDGE ( 'NONE', *, *, #3013, .T. ) ;
#2614 = CARTESIAN_POINT ( 'NONE',  ( 5.601502700796334722, 44.21591183903380085, -17.36056249559326758 ) ) ;
#2615 = CARTESIAN_POINT ( 'NONE',  ( -0.1688795059594281889, -29.58454572980066999, 40.27723027917056697 ) ) ;
#2616 = EDGE_CURVE ( 'NONE', #3579, #1027, #2964, .T. ) ;
#2617 = ORIENTED_EDGE ( 'NONE', *, *, #386, .T. ) ;
#2618 = DIRECTION ( 'NONE',  ( 1.000000000000000000, 0.000000000000000000, 0.000000000000000000 ) ) ;
#2619 = CARTESIAN_POINT ( 'NONE',  ( -5.204543592070404401, 17.05063058935969877, -32.95962590217353494 ) ) ;
#2620 = ORIENTED_EDGE ( 'NONE', *, *, #3465, .F. ) ;
#2621 = CARTESIAN_POINT ( 'NONE',  ( -0.6119266459122568724, -13.51594243417180330, -48.11286540367061093 ) ) ;
#2622 = CARTESIAN_POINT ( 'NONE',  ( -0.1688795059594288273, -42.13658108803357294, 26.87022811982757275 ) ) ;
#2623 = B_SPLINE_CURVE_WITH_KNOTS ( 'NONE', 3,
 ( #804, #431, #745, #3201, #1005, #2113, #3518, #3532, #1057, #2167, #155, #2436, #2384, #2696 ),
 .UNSPECIFIED., .F., .F.,
 ( 4, 2, 2, 2, 2, 2, 4 ),
 ( 1.974398904501526136E-07, 0.0004563904265459779947, 0.0006844869198737411897, 0.0009125834132015042763, 0.001140679906529267363, 0.001368776399857030450, 0.001824969386512556406 ),
 .UNSPECIFIED. ) ;
#2624 = CARTESIAN_POINT ( 'NONE',  ( 2.567736996609359945, 45.95140862091714240, 18.51008905865963428 ) ) ;
#2625 = CARTESIAN_POINT ( 'NONE',  ( 1.805199156379293957, -30.51179501684957529, -39.30557444499608977 ) ) ;
#2626 = EDGE_CURVE ( 'NONE', #2759, #246, #3210, .T. ) ;
#2627 = CIRCLE ( 'NONE', #2748, 54.99999999999997868 ) ;
#2628 = EDGE_CURVE ( 'NONE', #878, #1736, #2789, .T. ) ;
#2629 = DIRECTION ( 'NONE',  ( 0.000000000000000000, -1.000000000000000000, 0.000000000000000000 ) ) ;
#2630 = EDGE_CURVE ( 'NONE', #2228, #3116, #1572, .T. ) ;
#2631 = CARTESIAN_POINT ( 'NONE',  ( 5.556583932597444431, 0.000000000000000000, 0.000000000000000000 ) ) ;
#2632 = AXIS2_PLACEMENT_3D ( 'NONE', #675, #2371, #379 ) ;
#2633 = CARTESIAN_POINT ( 'NONE',  ( 0.1541532762803388135, 16.10722901273688024, 31.10157228390949413 ) ) ;
#2634 = CIRCLE ( 'NONE', #1656, 37.50000000000000711 ) ;
#2635 = CARTESIAN_POINT ( 'NONE',  ( 0.4796554304381658307, 32.53091743478511688, 12.98046754598143160 ) ) ;
#2636 = ORIENTED_EDGE ( 'NONE', *, *, #689, .T. ) ;
#2637 = AXIS2_PLACEMENT_3D ( 'NONE', #3443, #109, #2292 ) ;
#2638 = CARTESIAN_POINT ( 'NONE',  ( 4.599615815309078926, 35.32349158212360862, -33.08513263125433923 ) ) ;
#2639 = CARTESIAN_POINT ( 'NONE',  ( -3.964899447139821564, -31.02154731507966545, -18.54410221359286126 ) ) ;
#2640 = ORIENTED_EDGE ( 'NONE', *, *, #2526, .T. ) ;
#2641 = DIRECTION ( 'NONE',  ( 1.000000000000000000, 0.000000000000000000, 0.000000000000000000 ) ) ;
#2642 = CARTESIAN_POINT ( 'NONE',  ( 2.074418812251862754, 22.74369318694712661, -44.19109821904037716 ) ) ;
#2643 = ORIENTED_EDGE ( 'NONE', *, *, #840, .T. ) ;
#2644 = ORIENTED_EDGE ( 'NONE', *, *, #2881, .T. ) ;
#2645 = EDGE_CURVE ( 'NONE', #2153, #141, #3047, .T. ) ;
#2646 = CARTESIAN_POINT ( 'NONE',  ( 0.000000000000000000, -13.03695353713041527, -48.24456930547420086 ) ) ;
#2647 = CARTESIAN_POINT ( 'NONE',  ( -2.056915804659396496, 3.812781700353591763, 35.10232994865186384 ) ) ;
#2648 = CARTESIAN_POINT ( 'NONE',  ( 1.805199156379295289, 46.63336953341131164, 17.35588267884074298 ) ) ;
#2649 = FACE_BOUND ( 'NONE', #2991, .T. ) ;
#2650 = CARTESIAN_POINT ( 'NONE',  ( -5.556583932597439990, -9.708369336402427052, -36.22150693756406525 ) ) ;
#2651 = CARTESIAN_POINT ( 'NONE',  ( 0.000000000000000000, 0.000000000000000000, 0.000000000000000000 ) ) ;
#2652 = CARTESIAN_POINT ( 'NONE',  ( 1.043258717209527786, 5.265916586483847972, 49.64151183027951930 ) ) ;
#2653 = CARTESIAN_POINT ( 'NONE',  ( -4.804962602584523346, -36.03297283648385729, 7.314678648856768106 ) ) ;
#2654 = B_SPLINE_CURVE_WITH_KNOTS ( 'NONE', 3,
 ( #3566, #1947, #1638, #2763, #2706, #1399, #1049, #203, #1927, #775, #3304, #1894, #2976, #826 ),
 .UNSPECIFIED., .F., .F.,
 ( 4, 2, 2, 2, 2, 2, 4 ),
 ( 1.974398904503145557E-07, 0.0004563904265459764226, 0.0006844869198737394550, 0.0009125834132015025416, 0.001140679906529265845, 0.001368776399857028715, 0.001824969386512555322 ),
 .UNSPECIFIED. ) ;
#2655 = EDGE_LOOP ( 'NONE', ( #1971, #1851, #3499, #1357 ) ) ;
#2656 = CARTESIAN_POINT ( 'NONE',  ( -0.3305743550285538124, -49.22831865631647474, -8.607496780279305426 ) ) ;
#2657 = CARTESIAN_POINT ( 'NONE',  ( 0.000000000000000000, 31.40787898187796756, 28.63206485497873643 ) ) ;
#2658 = B_SPLINE_CURVE_WITH_KNOTS ( 'NONE', 3,
 ( #233, #2427, #3049, #1355, #253, #1890, #2736, #2463, #2757, #3561, #2195, #489, #3523, #1616 ),
 .UNSPECIFIED., .F., .F.,
 ( 4, 2, 2, 2, 2, 2, 4 ),
 ( 1.971617195688870096E-07, 0.001556721546461264753, 0.002334983738832110186, 0.003113245931202956486, 0.004669770315944655158, 0.005448032508315499289, 0.006226294700686342554 ),
 .UNSPECIFIED. ) ;
#2659 = VERTEX_POINT ( 'NONE', #2330 ) ;
#2660 = CARTESIAN_POINT ( 'NONE',  ( 0.1540323861005276074, -29.48271086309404154, -18.90820946475885833 ) ) ;
#2661 = CARTESIAN_POINT ( 'NONE',  ( -5.556583932597439102, 0.000000000000000000, 0.000000000000000000 ) ) ;
#2662 = CARTESIAN_POINT ( 'NONE',  ( 2.801538165936539482, -14.16202884650745553, -47.36307026982900226 ) ) ;
#2663 = EDGE_LOOP ( 'NONE', ( #3271 ) ) ;
#2664 = CARTESIAN_POINT ( 'NONE',  ( 0.3059180898281037564, 16.06021666162051176, -31.12603529565155469 ) ) ;
#2665 = CARTESIAN_POINT ( 'NONE',  ( -5.556583932597439102, 0.000000000000000000, 0.000000000000000000 ) ) ;
#2666 = CARTESIAN_POINT ( 'NONE',  ( 1.307726991999700994, 46.25361244391329052, 18.62948145863688509 ) ) ;
#2667 = CARTESIAN_POINT ( 'NONE',  ( -5.556583932597439102, 37.49559558823533933, -0.5747273123026690467 ) ) ;
#2668 = PRODUCT_DEFINITION ( 'General', '', #1128, #15 ) ;
#2669 = CARTESIAN_POINT ( 'NONE',  ( -3.515905914969992274, -10.36367745764165704, 34.36975977315486119 ) ) ;
#2670 = CARTESIAN_POINT ( 'NONE',  ( -23.49999999999999645, 0.000000000000000000, 0.000000000000000000 ) ) ;
#2671 = CARTESIAN_POINT ( 'NONE',  ( -2.378268148537112106E-15, 37.37569721551969337, 33.17465723491041985 ) ) ;
#2672 = CARTESIAN_POINT ( 'NONE',  ( 4.188092993901579852, 3.840641582723672176, 48.54531982320344952 ) ) ;
#2673 = ORIENTED_EDGE ( 'NONE', *, *, #2898, .T. ) ;
#2674 = CARTESIAN_POINT ( 'NONE',  ( -0.3311252865191746109, -49.01355260853997464, -9.756425578286776812 ) ) ;
#2675 = CARTESIAN_POINT ( 'NONE',  ( -5.194999927352051294, 27.04271045280837882, -25.42642795906856534 ) ) ;
#2676 = CARTESIAN_POINT ( 'NONE',  ( 0.5937110929419490146, -29.69764711114511258, -18.56892851040036518 ) ) ;
#2677 = EDGE_CURVE ( 'NONE', #2586, #3588, #1749, .T. ) ;
#2678 = CARTESIAN_POINT ( 'NONE',  ( 0.5251762499567622644, 36.47155520075435220, 34.14588398524850987 ) ) ;
#2679 = CARTESIAN_POINT ( 'NONE',  ( 3.969779934108140118, 48.83477580646163574, 0.6558941195074246000 ) ) ;
#2680 = ORIENTED_EDGE ( 'NONE', *, *, #39, .F. ) ;
#2681 = DIRECTION ( 'NONE',  ( 1.000000000000000000, 0.000000000000000000, 0.000000000000000000 ) ) ;
#2682 = CARTESIAN_POINT ( 'NONE',  ( 0.2631553418359366958, 46.35651718282606737, 18.67013496679566842 ) ) ;
#2683 = CARTESIAN_POINT ( 'NONE',  ( -2.056915804659399605, 35.30438870994073142, -0.5576826480930142660 ) ) ;
#2684 = CARTESIAN_POINT ( 'NONE',  ( -4.188095163653581032, -10.47747442721997402, 34.75816242367689313 ) ) ;
#2685 = CARTESIAN_POINT ( 'NONE',  ( 5.380562815295799162, 44.23658357770350591, -17.83245318496631526 ) ) ;
#2686 = CARTESIAN_POINT ( 'NONE',  ( 3.515271977441956963, 5.186528530114634883, 48.84277970337791430 ) ) ;
#2687 = CARTESIAN_POINT ( 'NONE',  ( -1.805201453756180019, -34.53484505355298495, 7.022483828660493366 ) ) ;
#2688 = CIRCLE ( 'NONE', #2165, 47.50000000000000000 ) ;
#2689 = AXIS2_PLACEMENT_3D ( 'NONE', #2692, #427, #3234 ) ;
#2690 = AXIS2_PLACEMENT_3D ( 'NONE', #423, #1020, #383 ) ;
#2691 = AXIS2_PLACEMENT_3D ( 'NONE', #3082, #2116, #391 ) ;
#2692 = CARTESIAN_POINT ( 'NONE',  ( 5.556583932597444431, 0.000000000000000000, 0.000000000000000000 ) ) ;
#2693 = ORIENTED_EDGE ( 'NONE', *, *, #3025, .F. ) ;
#2694 = CARTESIAN_POINT ( 'NONE',  ( -3.469446951953614189E-15, 0.000000000000000000, 0.000000000000000000 ) ) ;
#2695 = B_SPLINE_CURVE_WITH_KNOTS ( 'NONE', 3,
 ( #2467, #531, #2722, #2214, #1637, #1142, #1961, #3286, #2252, #1415, #790, #1946, #552, #1070 ),
 .UNSPECIFIED., .F., .F.,
 ( 4, 2, 2, 2, 2, 2, 4 ),
 ( 1.971617195674355922E-07, 0.001556721546461265187, 0.002334983738832111487, 0.003113245931202958221, 0.004669770315944641280, 0.005448032508315488881, 0.006226294700686335615 ),
 .UNSPECIFIED. ) ;
#2696 = CARTESIAN_POINT ( 'NONE',  ( -3.469446951953614189E-15, -34.32224221905858030, 6.980996637749701250 ) ) ;
#2697 = CARTESIAN_POINT ( 'NONE',  ( -0.2631557696538503466, 16.10722901273737406, -31.10157228390911044 ) ) ;
#2698 = ORIENTED_EDGE ( 'NONE', *, *, #3196, .F. ) ;
#2699 = B_SPLINE_CURVE_WITH_KNOTS ( 'NONE', 3,
 ( #1858, #1548, #2652, #148, #1272, #2962, #1308, #2686, #2143, #663, #3476, #995, #1784, #3264 ),
 .UNSPECIFIED., .F., .F.,
 ( 4, 2, 2, 2, 2, 2, 4 ),
 ( 1.971617195691065764E-07, 0.001556721546461263886, 0.002334983738832108451, 0.003113245931202953017, 0.004669770315944642147, 0.005448032508315493218, 0.006226294700686343421 ),
 .UNSPECIFIED. ) ;
#2700 = ORIENTED_EDGE ( 'NONE', *, *, #917, .T. ) ;
#2701 = DIRECTION ( 'NONE',  ( 0.000000000000000000, 0.000000000000000000, -1.000000000000000000 ) ) ;
#2702 = CARTESIAN_POINT ( 'NONE',  ( 0.3059180898280604577, 32.83811770810279285, -12.18271964025787391 ) ) ;
#2703 = CARTESIAN_POINT ( 'NONE',  ( -24.99999999999999645, 0.000000000000000000, 0.000000000000000000 ) ) ;
#2704 = CARTESIAN_POINT ( 'NONE',  ( -5.601503256229782401, -10.44702648585823290, -36.01744684452858536 ) ) ;
#2705 = DIRECTION ( 'NONE',  ( 1.000000000000000000, 0.000000000000000000, 0.000000000000000000 ) ) ;
#2706 = CARTESIAN_POINT ( 'NONE',  ( 0.5274834676872039996, 35.02385608569525033, 0.2912985598541492638 ) ) ;
#2707 = CARTESIAN_POINT ( 'NONE',  ( 5.556583932597444431, 3.738261736799508128, 47.35267045465526081 ) ) ;
#2708 = CARTESIAN_POINT ( 'NONE',  ( 0.3059180898280055017, 2.731074673247136708, 34.91850316914353414 ) ) ;
#2709 = CARTESIAN_POINT ( 'NONE',  ( -0.5251770792775636298, 3.785748043829265441, -34.83374326018660838 ) ) ;
#2710 = ORIENTED_EDGE ( 'NONE', *, *, #2034, .T. ) ;
#2711 = FACE_OUTER_BOUND ( 'NONE', #3195, .T. ) ;
#2712 = ADVANCED_FACE ( 'NONE', ( #1053 ), #1652, .F. ) ;
#2713 = B_SPLINE_CURVE_WITH_KNOTS ( 'NONE', 3,
 ( #179, #2921, #2719, #418, #2683, #2079, #2413, #1599, #1545, #715, #2941, #1562, #1031, #2667 ),
 .UNSPECIFIED., .F., .F.,
 ( 4, 2, 2, 2, 2, 2, 4 ),
 ( 1.971617045668697727E-07, 0.001556723823003172214, 0.002334987153652475032, 0.003113250484301777633, 0.004669777145600384136, 0.005448040476249687604, 0.006226303806898991072 ),
 .UNSPECIFIED. ) ;
#2714 = FACE_OUTER_BOUND ( 'NONE', #3179, .T. ) ;
#2715 = CARTESIAN_POINT ( 'NONE',  ( 0.000000000000000000, 0.000000000000000000, 0.000000000000000000 ) ) ;
#2716 = ORIENTED_EDGE ( 'NONE', *, *, #3590, .T. ) ;
#2717 = CARTESIAN_POINT ( 'NONE',  ( -3.469446951953614189E-15, 15.11281637889309515, 31.59673094004915939 ) ) ;
#2718 = DIRECTION ( 'NONE',  ( 0.000000000000000000, 0.6026346363792495220, 0.7980172272802448230 ) ) ;
#2719 = CARTESIAN_POINT ( 'NONE',  ( -1.043260194215539727, 35.07556396600992343, -0.5558728080990724685 ) ) ;
#2720 = B_SPLINE_CURVE_WITH_KNOTS ( 'NONE', 3,
 ( #664, #3177, #1785, #2612, #112, #402, #495, #3214, #2447, #1621, #149, #2946, #1324, #442 ),
 .UNSPECIFIED., .F., .F.,
 ( 4, 2, 2, 2, 2, 2, 4 ),
 ( 1.971617045674435052E-07, 0.001556723823003166359, 0.002334987153652466358, 0.003113250484301766791, 0.004669777145600371993, 0.005448040476249673726, 0.006226303806898975460 ),
 .UNSPECIFIED. ) ;
#2721 = CARTESIAN_POINT ( 'NONE',  ( 0.4796554304381895895, 25.64509138078448913, 23.85544832805071280 ) ) ;
#2722 = CARTESIAN_POINT ( 'NONE',  ( 1.043258717209526898, -13.02226146636352766, 48.19159968908743252 ) ) ;
#2723 = CARTESIAN_POINT ( 'NONE',  ( 5.556583932597444431, 35.53544077809208801, 31.51955660707666951 ) ) ;
#2724 = CARTESIAN_POINT ( 'NONE',  ( -2.056915804659398717, -34.60079048497409815, 7.035351443495950541 ) ) ;
#2725 = EDGE_CURVE ( 'NONE', #3413, #1264, #868, .T. ) ;
#2726 = CARTESIAN_POINT ( 'NONE',  ( -4.599617731266018694, 27.42841186202986847, 24.23596900070574733 ) ) ;
#2727 = DIRECTION ( 'NONE',  ( 0.000000000000000000, 0.000000000000000000, -1.000000000000000000 ) ) ;
#2728 = ORIENTED_EDGE ( 'NONE', *, *, #3485, .T. ) ;
#2729 = FACE_OUTER_BOUND ( 'NONE', #1157, .T. ) ;
#2730 = DIRECTION ( 'NONE',  ( 1.000000000000000000, 0.000000000000000000, 0.000000000000000000 ) ) ;
#2731 = CARTESIAN_POINT ( 'NONE',  ( 0.4806690185975481255, 15.29672249812877993, -31.50814877640872069 ) ) ;
#2732 = CARTESIAN_POINT ( 'NONE',  ( 4.817901204096655121, 48.23433108334258890, 0.6518522408837913451 ) ) ;
#2733 = ORIENTED_EDGE ( 'NONE', *, *, #348, .T. ) ;
#2734 = ORIENTED_EDGE ( 'NONE', *, *, #1078, .T. ) ;
#2735 = CARTESIAN_POINT ( 'NONE',  ( -0.2631557696538504021, 15.11281637889300455, 31.59673094004907767 ) ) ;
#2736 = CARTESIAN_POINT ( 'NONE',  ( 2.801538165936547031, -48.46773493027122015, 9.731503335201502125 ) ) ;
#2737 = DIRECTION ( 'NONE',  ( 0.000000000000000000, 0.000000000000000000, -1.000000000000000000 ) ) ;
#2738 = EDGE_LOOP ( 'NONE', ( #3278, #3182, #619, #1966, #788, #2596, #2137, #468, #2971, #983, #523, #2186, #2267, #3558, #2316, #888, #3397, #2494, #852, #3463, #3257, #2554, #1566, #577, #2327, #2460, #979, #1986, #2369, #815, #1077, #1282, #214, #2118 ) ) ;
#2739 = CARTESIAN_POINT ( 'NONE',  ( -3.469446951953614189E-15, 35.02059558823528818, 0.5554364457564597846 ) ) ;
#2740 = CARTESIAN_POINT ( 'NONE',  ( -0.1688795059594304648, 5.271351470981509912, 49.69621191468603172 ) ) ;
#2741 = DIRECTION ( 'NONE',  ( 1.000000000000000000, 0.000000000000000000, 0.000000000000000000 ) ) ;
#2742 = B_SPLINE_CURVE_WITH_KNOTS ( 'NONE', 3,
 ( #1047, #3541, #1960, #844, #1338, #3069, #3052, #1909, #2158, #551, #530, #510, #2444, #567 ),
 .UNSPECIFIED., .F., .F.,
 ( 4, 2, 2, 2, 2, 2, 4 ),
 ( 1.971617045674111591E-07, 0.001556723823003167443, 0.002334987153652466792, 0.003113250484301766357, 0.004669777145600372860, 0.005448040476249675461, 0.006226303806898977194 ),
 .UNSPECIFIED. ) ;
#2743 = EDGE_CURVE ( 'NONE', #1952, #368, #1764, .T. ) ;
#2744 = SPHERICAL_SURFACE ( 'NONE', #1708, 7.500000000000000000 ) ;
#2745 = CARTESIAN_POINT ( 'NONE',  ( 3.515903202787782789, 21.29585087826046674, 44.24326175151523444 ) ) ;
#2746 = CARTESIAN_POINT ( 'NONE',  ( 4.188092993901581629, 36.42549787907778835, -32.31998930639297640 ) ) ;
#2747 = AXIS2_PLACEMENT_3D ( 'NONE', #1991, #604, #1117 ) ;
#2748 = AXIS2_PLACEMENT_3D ( 'NONE', #1275, #1584, #2379 ) ;
#2749 = CARTESIAN_POINT ( 'NONE',  ( -0.2631557696538492919, 25.50633731225558165, 24.00369517206531356 ) ) ;
#2750 = CARTESIAN_POINT ( 'NONE',  ( -1.046971508578976806, -30.12649365721985717, 17.99960377597008332 ) ) ;
#2751 = CARTESIAN_POINT ( 'NONE',  ( -5.556583932597439990, 27.32238820962050951, 25.68534801249129984 ) ) ;
#2752 = TOROIDAL_SURFACE ( 'NONE', #947, 42.50000000000000000, 7.475000000000004086 ) ;
#2753 = ORIENTED_EDGE ( 'NONE', *, *, #1613, .F. ) ;
#2754 = ORIENTED_EDGE ( 'NONE', *, *, #2032, .T. ) ;
#2755 = AXIS2_PLACEMENT_3D ( 'NONE', #43, #335, #81 ) ;
#2756 = CARTESIAN_POINT ( 'NONE',  ( -3.281287451276764244, 15.44342387247228920, 32.27401761534388669 ) ) ;
#2757 = CARTESIAN_POINT ( 'NONE',  ( 3.964897064204553345, -47.90155440106239837, 9.621741346734456357 ) ) ;
#2758 = CARTESIAN_POINT ( 'NONE',  ( -5.601503256229787731, 35.03828307213389337, 13.36845387289351272 ) ) ;
#2759 = VERTEX_POINT ( 'NONE', #2449 ) ;
#2760 = EDGE_CURVE ( 'NONE', #1443, #605, #2107, .T. ) ;
#2761 = B_SPLINE_CURVE_WITH_KNOTS ( 'NONE', 3,
 ( #2422, #2935, #3483, #781, #728, #1901, #485, #1848, #1279, #3221, #1039, #2678, #2150, #3254 ),
 .UNSPECIFIED., .F., .F.,
 ( 4, 2, 2, 2, 2, 2, 4 ),
 ( 2.947675409824762238E-07, 0.001556819483393516272, 0.002335081841319787410, 0.003113344199246057247, 0.004669868915098609498, 0.005448131273024885840, 0.006226393630951160447 ),
 .UNSPECIFIED. ) ;
#2762 = CARTESIAN_POINT ( 'NONE',  ( 5.556583932597444431, 0.000000000000000000, 0.000000000000000000 ) ) ;
#2763 = CARTESIAN_POINT ( 'NONE',  ( 0.4796554304381890343, 35.02326282918171785, 0.3524026945737018801 ) ) ;
#2764 = PLANE ( 'NONE',  #2922 ) ;
#2765 = CARTESIAN_POINT ( 'NONE',  ( -0.3311252865191611772, 36.53606609163636421, 34.09739072014667727 ) ) ;
#2766 = CARTESIAN_POINT ( 'NONE',  ( 2.567736996609357281, 21.48833436737900371, 44.63638468023287231 ) ) ;
#2767 = ORIENTED_EDGE ( 'NONE', *, *, #3164, .T. ) ;
#2768 = B_SPLINE_CURVE_WITH_KNOTS ( 'NONE', 3,
 ( #132, #1529, #856, #2635, #1237, #26, #281, #384, #3378, #1152, #2805, #1256, #1427, #2511 ),
 .UNSPECIFIED., .F., .F.,
 ( 4, 2, 2, 2, 2, 2, 4 ),
 ( 1.974398904502996003E-07, 0.0004563904265459713268, 0.0006844869198737344677, 0.0009125834132014975543, 0.001140679906529260424, 0.001368776399857023728, 0.001824969386512551202 ),
 .UNSPECIFIED. ) ;
#2769 = DIRECTION ( 'NONE',  ( 0.000000000000000000, -0.9957341762950335795, -0.09226835946331306271 ) ) ;
#2770 = CARTESIAN_POINT ( 'NONE',  ( -3.969782328569877006, -31.03790885625631901, 18.55406184610154696 ) ) ;
#2771 = ORIENTED_EDGE ( 'NONE', *, *, #2133, .T. ) ;
#2772 = EDGE_CURVE ( 'NONE', #137, #286, #1120, .T. ) ;
#2773 = ORIENTED_EDGE ( 'NONE', *, *, #1325, .F. ) ;
#2774 = CARTESIAN_POINT ( 'NONE',  ( -4.817902579072501190, 15.87455666505847418, 33.15703715296345422 ) ) ;
#2775 = CARTESIAN_POINT ( 'NONE',  ( 3.281284640227978944, -12.83553863994226774, -47.51831976120490708 ) ) ;
#2776 = DIRECTION ( 'NONE',  ( 1.000000000000000000, 0.000000000000000000, 0.000000000000000000 ) ) ;
#2777 = ORIENTED_EDGE ( 'NONE', *, *, #2440, .T. ) ;
#2778 = CARTESIAN_POINT ( 'NONE',  ( -2.074421552793068724, -34.79669927227782011, 5.937361137957194224 ) ) ;
#2779 = CARTESIAN_POINT ( 'NONE',  ( -3.469446951953614189E-15, -29.48271086309393851, -18.90820946475902176 ) ) ;
#2780 = CARTESIAN_POINT ( 'NONE',  ( 0.2631553418359355856, -48.99783768347146662, -9.834252759828592261 ) ) ;
#2781 = CARTESIAN_POINT ( 'NONE',  ( 0.5944992156788997395, -21.22796212416681527, -27.85909229862262038 ) ) ;
#2782 = CARTESIAN_POINT ( 'NONE',  ( -5.556583932597439102, 28.09677078279037588, 24.83589079496319840 ) ) ;
#2783 = CARTESIAN_POINT ( 'NONE',  ( 3.281284640227982052, 21.34845754659180272, 44.35070603143690704 ) ) ;
#2784 = VERTEX_POINT ( 'NONE', #742 ) ;
#2785 = FACE_OUTER_BOUND ( 'NONE', #3239, .T. ) ;
#2786 = CARTESIAN_POINT ( 'NONE',  ( -1.307728941856034499, -30.16204130128685890, 18.02122625232114927 ) ) ;
#2787 = CARTESIAN_POINT ( 'NONE',  ( -2.378268148537112106E-15, -29.58454572980066288, 40.27723027917055987 ) ) ;
#2788 = ORIENTED_EDGE ( 'NONE', *, *, #883, .T. ) ;
#2789 = B_SPLINE_CURVE_WITH_KNOTS ( 'NONE', 3,
 ( #1259, #927, #1773, #370, #982, #617, #2878, #3129, #1807, #1206, #404, #1516, #3450, #2301 ),
 .UNSPECIFIED., .F., .F.,
 ( 4, 2, 2, 2, 2, 2, 4 ),
 ( 1.971617195683327060E-07, 0.001556721546461264103, 0.002334983738832111487, 0.003113245931202958654, 0.004669770315944644749, 0.005448032508315491483, 0.006226294700686338217 ),
 .UNSPECIFIED. ) ;
#2790 = CARTESIAN_POINT ( 'NONE',  ( -0.5525058339322087564, 21.97646509379821111, -44.88375363682746411 ) ) ;
#2791 = ADVANCED_FACE ( 'NONE', ( #153, #2108 ), #1861, .T. ) ;
#2792 = EDGE_CURVE ( 'NONE', #3348, #3348, #535, .T. ) ;
#2793 = CARTESIAN_POINT ( 'NONE',  ( -1.307728941856032723, 15.16134880924740358, 31.69616433233232655 ) ) ;
#2794 = CARTESIAN_POINT ( 'NONE',  ( -3.515274631057111243, -9.277802790694604340, 34.66244020405232362 ) ) ;
#2795 = ORIENTED_EDGE ( 'NONE', *, *, #3133, .T. ) ;
#2796 = DIRECTION ( 'NONE',  ( 0.000000000000000000, 0.000000000000000000, -1.000000000000000000 ) ) ;
#2797 = CARTESIAN_POINT ( 'NONE',  ( 0.000000000000000000, 5.271351470982089893, -49.69621191468596777 ) ) ;
#2798 = CARTESIAN_POINT ( 'NONE',  ( 0.5251762499567614872, 46.82291294226087075, -17.42786721022348928 ) ) ;
#2799 = CARTESIAN_POINT ( 'NONE',  ( 5.556583932597444431, 34.66389655873243214, -32.47559507330849016 ) ) ;
#2800 = CARTESIAN_POINT ( 'NONE',  ( -0.1688795059594241088, 36.48173426154714605, -34.15528788152513329 ) ) ;
#2801 = ORIENTED_EDGE ( 'NONE', *, *, #1393, .F. ) ;
#2802 = EDGE_CURVE ( 'NONE', #952, #3092, #3150, .T. ) ;
#2803 = CARTESIAN_POINT ( 'NONE',  ( -20.63749999999999574, 0.000000000000000000, 0.000000000000000000 ) ) ;
#2804 = CARTESIAN_POINT ( 'NONE',  ( 0.000000000000000000, 0.000000000000000000, 0.000000000000000000 ) ) ;
#2805 = CARTESIAN_POINT ( 'NONE',  ( 0.4806690185975580620, 32.78514405852659763, 12.32426417936272500 ) ) ;
#2806 = ORIENTED_EDGE ( 'NONE', *, *, #1501, .F. ) ;
#2807 = ORIENTED_EDGE ( 'NONE', *, *, #1490, .T. ) ;
#2808 = AXIS2_PLACEMENT_3D ( 'NONE', #216, #1633, #3010 ) ;
#2809 = TOROIDAL_SURFACE ( 'NONE', #1999, 42.50000000000000000, 7.475000000000004086 ) ;
#2810 = EDGE_CURVE ( 'NONE', #1084, #1844, #3460, .T. ) ;
#2811 = DIRECTION ( 'NONE',  ( 0.000000000000000000, -0.9324722294043555904, -0.3612416661871536427 ) ) ;
#2812 = CYLINDRICAL_SURFACE ( 'NONE', #355, 49.97500000000000853 ) ;
#2813 = ORIENTED_EDGE ( 'NONE', *, *, #801, .F. ) ;
#2814 = AXIS2_PLACEMENT_3D ( 'NONE', #2031, #3138, #1252 ) ;
#2815 = CARTESIAN_POINT ( 'NONE',  ( 0.000000000000000000, 5.271351470982089893, -49.69621191468596777 ) ) ;
#2816 = CARTESIAN_POINT ( 'NONE',  ( -4.188095163653577480, 27.20594291953020871, -24.03630577486935493 ) ) ;
#2817 = CARTESIAN_POINT ( 'NONE',  ( 3.515903202787773907, -41.39717331323851113, -26.40555844355291626 ) ) ;
#2818 = CARTESIAN_POINT ( 'NONE',  ( 0.4806690185974933915, -21.38660222810913325, -27.73745488752894062 ) ) ;
#2819 = CARTESIAN_POINT ( 'NONE',  ( 5.556583932597444431, -12.37564109022107495, -45.85949746351383993 ) ) ;
#2820 = CARTESIAN_POINT ( 'NONE',  ( -0.1687870779475108551, 37.37569721552014101, -33.17465723490990115 ) ) ;
#2821 = ORIENTED_EDGE ( 'NONE', *, *, #2193, .T. ) ;
#2822 = CARTESIAN_POINT ( 'NONE',  ( 0.6116626697215175046, 3.308774021773549290, -34.86844461834328257 ) ) ;
#2823 = CARTESIAN_POINT ( 'NONE',  ( -4.817902579072506519, -31.55087577719777769, 18.86618402769849823 ) ) ;
#2824 = CARTESIAN_POINT ( 'NONE',  ( -5.556583932597439102, 0.000000000000000000, 0.000000000000000000 ) ) ;
#2825 = ORIENTED_EDGE ( 'NONE', *, *, #3208, .F. ) ;
#2826 = EDGE_CURVE ( 'NONE', #1448, #1084, #611, .T. ) ;
#2827 = VERTEX_POINT ( 'NONE', #1718 ) ;
#2828 = CARTESIAN_POINT ( 'NONE',  ( 24.99999999999999645, 0.000000000000000000, -35.02499999999999147 ) ) ;
#2829 = CARTESIAN_POINT ( 'NONE',  ( -4.804962602584522458, -9.513446251359750860, 35.51582739558960355 ) ) ;
#2830 = ORIENTED_EDGE ( 'NONE', *, *, #3398, .F. ) ;
#2831 = CARTESIAN_POINT ( 'NONE',  ( -3.515274631057109023, 33.65852870203659108, 12.43647181224252485 ) ) ;
#2832 = B_SPLINE_CURVE_WITH_KNOTS ( 'NONE', 3,
 ( #803, #2442, #787, #178, #1302, #3537, #1087, #2175, #750, #3282 ),
 .UNSPECIFIED., .F., .F.,
 ( 4, 2, 2, 2, 4 ),
 ( 1.968926466533092872E-07, 0.0004987066525189087166, 0.0009972164123911641739, 0.001495726172263419631, 0.001994235932135675089 ),
 .UNSPECIFIED. ) ;
#2833 = SPHERICAL_SURFACE ( 'NONE', #3438, 7.500000000000000000 ) ;
#2834 = CARTESIAN_POINT ( 'NONE',  ( 0.000000000000000000, -42.13658108803315372, -26.87022811982823711 ) ) ;
#2835 = CARTESIAN_POINT ( 'NONE',  ( 0.3065306711279374707, -9.100957952452287003, 33.82208336800023574 ) ) ;
#2836 = CARTESIAN_POINT ( 'NONE',  ( -5.556583932597439990, -9.708369336402427052, -36.22150693756406525 ) ) ;
#2837 = EDGE_CURVE ( 'NONE', #1606, #3504, #208, .T. ) ;
#2838 = DIRECTION ( 'NONE',  ( 0.000000000000000000, 0.000000000000000000, -1.000000000000000000 ) ) ;
#2839 = EDGE_LOOP ( 'NONE', ( #2728, #2754, #527, #2515 ) ) ;
#2840 = CARTESIAN_POINT ( 'NONE',  ( -3.969782328569875229, -21.33873042059320113, -29.19355376098439692 ) ) ;
#2841 = CARTESIAN_POINT ( 'NONE',  ( -2.555678084769643643, -10.24339823224607571, -33.95930237825231046 ) ) ;
#2842 = VERTEX_POINT ( 'NONE', #1384 ) ;
#2843 = CYLINDRICAL_SURFACE ( 'NONE', #408, 47.50000000000000000 ) ;
#2844 = B_SPLINE_CURVE_WITH_KNOTS ( 'NONE', 3,
 ( #671, #2619, #119, #1006, #2936, #2864, #2117, #2041, #359, #3149, #1483, #1609, #2697, #3277 ),
 .UNSPECIFIED., .F., .F.,
 ( 4, 2, 2, 2, 2, 2, 4 ),
 ( 2.947685801831155224E-07, 0.001556821940974610196, 0.002335085527171822453, 0.003113349113369034710, 0.004669876285763456189, 0.005448139871960667145, 0.006226403458157878101 ),
 .UNSPECIFIED. ) ;
#2845 = CARTESIAN_POINT ( 'NONE',  ( 25.00000000000000000, 0.000000000000000000, -53.50000000000000000 ) ) ;
#2846 = CARTESIAN_POINT ( 'NONE',  ( -1.805201453756179575, 32.65644567200330073, -13.24867382299856189 ) ) ;
#2847 = VERTEX_POINT ( 'NONE', #293 ) ;
#2848 = CARTESIAN_POINT ( 'NONE',  ( -3.469446951953614189E-15, -20.66137603572839154, 28.28176382954620749 ) ) ;
#2849 = DIRECTION ( 'NONE',  ( 1.000000000000000000, 0.000000000000000000, 0.000000000000000000 ) ) ;
#2850 = B_SPLINE_CURVE_WITH_KNOTS ( 'NONE', 3,
 ( #2578, #3124, #1747, #397 ),
 .UNSPECIFIED., .F., .F.,
 ( 4, 4 ),
 ( 1.917147537322847664E-06, 0.001295593643117222502 ),
 .UNSPECIFIED. ) ;
#2851 = DIRECTION ( 'NONE',  ( 1.000000000000000000, 0.000000000000000000, 0.000000000000000000 ) ) ;
#2852 = FACE_OUTER_BOUND ( 'NONE', #2208, .T. ) ;
#2853 = ADVANCED_FACE ( 'NONE', ( #2506 ), #4, .F. ) ;
#2854 = CARTESIAN_POINT ( 'NONE',  ( -0.2631557696538498470, -9.049607886099948928, -33.83570927449031984 ) ) ;
#2855 = DIRECTION ( 'NONE',  ( 0.000000000000000000, 0.000000000000000000, -1.000000000000000000 ) ) ;
#2856 = EDGE_CURVE ( 'NONE', #3588, #2220, #2514, .T. ) ;
#2857 = ORIENTED_EDGE ( 'NONE', *, *, #677, .F. ) ;
#2858 = CARTESIAN_POINT ( 'NONE',  ( -3.281287451276767797, -21.11080540847925846, -28.88676944460383922 ) ) ;
#2859 = CARTESIAN_POINT ( 'NONE',  ( -1.043260194215538839, -30.11447485393387780, -17.99229241603805107 ) ) ;
#2860 = ORIENTED_EDGE ( 'NONE', *, *, #1043, .T. ) ;
#2861 = FACE_OUTER_BOUND ( 'NONE', #1118, .T. ) ;
#2862 = B_SPLINE_CURVE_WITH_KNOTS ( 'NONE', 3,
 ( #2588, #68, #3117, #1446, #2863, #1193, #3365, #2552, #3148, #2040, #30, #2880, #654, #581 ),
 .UNSPECIFIED., .F., .F.,
 ( 4, 2, 2, 2, 2, 2, 4 ),
 ( 2.947675409813983215E-07, 0.001556819483393533836, 0.002335081841319804757, 0.003113344199246074161, 0.004669868915098619039, 0.005448131273024889309, 0.006226393630951158713 ),
 .UNSPECIFIED. ) ;
#2863 = CARTESIAN_POINT ( 'NONE',  ( 3.969779934108138786, -13.99512655004481942, 46.79104570333523583 ) ) ;
#2864 = CARTESIAN_POINT ( 'NONE',  ( -3.515905914969991386, 16.50264294045106794, -31.88022856396082716 ) ) ;
#2865 = AXIS2_PLACEMENT_3D ( 'NONE', #2335, #1082, #3276 ) ;
#2866 = VERTEX_POINT ( 'NONE', #1366 ) ;
#2867 = AXIS2_PLACEMENT_3D ( 'NONE', #2715, #3023, #2207 ) ;
#2868 = CARTESIAN_POINT ( 'NONE',  ( -5.556583932597439102, 27.32238820962085768, -25.68534801249093036 ) ) ;
#2869 = CARTESIAN_POINT ( 'NONE',  ( -3.469446951953614189E-15, 32.85637963035640752, -12.13296924029318014 ) ) ;
#2870 = CARTESIAN_POINT ( 'NONE',  ( 0.3065306711279753848, -34.51753478283494303, -5.941426724284468719 ) ) ;
#2871 = EDGE_CURVE ( 'NONE', #337, #650, #2218, .T. ) ;
#2872 = CIRCLE ( 'NONE', #1304, 47.50000000000000000 ) ;
#2873 = CARTESIAN_POINT ( 'NONE',  ( -4.599617731266011589, 16.82119053453277147, 32.50765324777006526 ) ) ;
#2874 = CARTESIAN_POINT ( 'NONE',  ( 0.000000000000000000, 0.000000000000000000, 0.000000000000000000 ) ) ;
#2875 = B_SPLINE_CURVE_WITH_KNOTS ( 'NONE', 3,
 ( #972, #991, #1231, #658 ),
 .UNSPECIFIED., .F., .F.,
 ( 4, 4 ),
 ( 1.703398598522603939E-06, 0.001151158023206738830 ),
 .UNSPECIFIED. ) ;
#2876 = VERTEX_POINT ( 'NONE', #315 ) ;
#2877 = FACE_OUTER_BOUND ( 'NONE', #406, .T. ) ;
#2878 = CARTESIAN_POINT ( 'NONE',  ( 2.801538165936538149, -42.37415971401492953, -25.46083413726315214 ) ) ;
#2879 = FACE_BOUND ( 'NONE', #3332, .T. ) ;
#2880 = CARTESIAN_POINT ( 'NONE',  ( 0.5251762499567635967, -14.30937084666588532, 47.86812757846616506 ) ) ;
#2881 = EDGE_CURVE ( 'NONE', #894, #2152, #430, .T. ) ;
#2882 = CARTESIAN_POINT ( 'NONE',  ( 0.5263093472665459904, -14.31325167158725087, -47.88143117729256915 ) ) ;
#2883 = VERTEX_POINT ( 'NONE', #1181 ) ;
#2884 = SURFACE_SIDE_STYLE ('',( #1486 ) ) ;
#2885 = CARTESIAN_POINT ( 'NONE',  ( 4.599615815309080702, 22.15539664636462192, 43.02921633288599423 ) ) ;
#2886 = FACE_OUTER_BOUND ( 'NONE', #2022, .T. ) ;
#2887 = CARTESIAN_POINT ( 'NONE',  ( 5.194999182140323413, -29.37042185242120240, -37.81507400548609610 ) ) ;
#2888 = B_SPLINE_CURVE_WITH_KNOTS ( 'NONE', 3,
 ( #2329, #2562, #2006, #2037, #3142, #1239, #3180, #369, #3429, #666, #3113, #2314, #1166, #2300 ),
 .UNSPECIFIED., .F., .F.,
 ( 4, 2, 2, 2, 2, 2, 4 ),
 ( 1.971617195682471556E-07, 0.001556721546461267138, 0.002334983738832114523, 0.003113245931202962124, 0.004669770315944649086, 0.005448032508315493218, 0.006226294700686337349 ),
 .UNSPECIFIED. ) ;
#2889 = CARTESIAN_POINT ( 'NONE',  ( -0.1688795059594266901, 3.950058281680134176, -49.81864775936145406 ) ) ;
#2890 = CARTESIAN_POINT ( 'NONE',  ( 0.3065306711279814911, 16.06010114196002192, 31.12609693351025797 ) ) ;
#2891 = DIRECTION ( 'NONE',  ( 1.000000000000000000, 0.000000000000000000, 0.000000000000000000 ) ) ;
#2892 = ORIENTED_EDGE ( 'NONE', *, *, #175, .F. ) ;
#2893 = CARTESIAN_POINT ( 'NONE',  ( -3.469446951953614189E-15, 26.25472753991329711, -23.18275019933825121 ) ) ;
#2894 = CARTESIAN_POINT ( 'NONE',  ( -0.6117970708676181424, -29.98316605283678626, 39.98172420848789699 ) ) ;
#2895 = ORIENTED_EDGE ( 'NONE', *, *, #3590, .F. ) ;
#2896 = CARTESIAN_POINT ( 'NONE',  ( 4.817901204096656897, -29.58786789127353245, 38.09899841268799037 ) ) ;
#2897 = CARTESIAN_POINT ( 'NONE',  ( 4.817901204096659562, 22.08340562649744143, -42.88704702281373216 ) ) ;
#2898 = EDGE_CURVE ( 'NONE', #894, #2784, #886, .T. ) ;
#2899 = EDGE_LOOP ( 'NONE', ( #190, #3064, #347, #3467 ) ) ;
#2900 = CARTESIAN_POINT ( 'NONE',  ( -1.043260194215537950, 3.789866297091053049, 34.87464832170512352 ) ) ;
#2901 = CARTESIAN_POINT ( 'NONE',  ( 3.969779934108143671, 45.30013598413997045, 18.25275883207255845 ) ) ;
#2902 = CARTESIAN_POINT ( 'NONE',  ( -3.469446951953614189E-15, -34.52636457722946517, -5.889038468225015421 ) ) ;
#2903 = CARTESIAN_POINT ( 'NONE',  ( -0.5518461579784323945, 46.72029425031256977, -17.74063934978030588 ) ) ;
#2904 = DIRECTION ( 'NONE',  ( 1.000000000000000000, 0.000000000000000000, 0.000000000000000000 ) ) ;
#2905 = CARTESIAN_POINT ( 'NONE',  ( 0.5944992156788324600, 15.74742095248565121, 31.28536611570097037 ) ) ;
#2906 = DIRECTION ( 'NONE',  ( 0.000000000000000000, 0.000000000000000000, -1.000000000000000000 ) ) ;
#2907 = CARTESIAN_POINT ( 'NONE',  ( -0.2631557696538502911, -20.66137603572785153, -28.28176382954647394 ) ) ;
#2908 = CARTESIAN_POINT ( 'NONE',  ( -0.5263101570733893508, -10.11807391946266854, -33.53170447740897941 ) ) ;
#2909 = ORIENTED_EDGE ( 'NONE', *, *, #1618, .T. ) ;
#2910 = DIRECTION ( 'NONE',  ( 0.000000000000000000, 0.000000000000000000, -1.000000000000000000 ) ) ;
#2911 = EDGE_CURVE ( 'NONE', #1443, #1631, #560, .T. ) ;
#2912 = B_SPLINE_CURVE_WITH_KNOTS ( 'NONE', 3,
 ( #2373, #2523, #1414, #2721, #2500, #219, #1377, #1925, #3014, #3580, #1397, #1105, #3031, #237 ),
 .UNSPECIFIED., .F., .F.,
 ( 4, 2, 2, 2, 2, 2, 4 ),
 ( 1.974398904506385723E-07, 0.0004563904265459788620, 0.0006844869198737430329, 0.0009125834132015070953, 0.001140679906529271266, 0.001368776399857035437, 0.001824969386512558358 ),
 .UNSPECIFIED. ) ;
#2913 = CARTESIAN_POINT ( 'NONE',  ( 4.599615815309080702, -13.87156116301033215, -46.36760560651059393 ) ) ;
#2914 = ORIENTED_EDGE ( 'NONE', *, *, #3178, .F. ) ;
#2915 = B_SPLINE_CURVE_WITH_KNOTS ( 'NONE', 3,
 ( #2671, #131, #959, #2066, #2101, #976, #2945, #164, #698, #2416, #3176, #1236, #1287, #1820 ),
 .UNSPECIFIED., .F., .F.,
 ( 4, 2, 2, 2, 2, 2, 4 ),
 ( 1.971617195677700643E-07, 0.001556721546461260633, 0.002334983738832107150, 0.003113245931202954318, 0.004669770315944647351, 0.005448032508315494085, 0.006226294700686340819 ),
 .UNSPECIFIED. ) ;
#2916 = VERTEX_POINT ( 'NONE', #662 ) ;
#2917 = TOROIDAL_SURFACE ( 'NONE', #2979, 42.50000000000000000, 7.475000000000004086 ) ;
#2918 = CARTESIAN_POINT ( 'NONE',  ( 5.601502700796334722, -28.79809283080023974, 37.77705440117348701 ) ) ;
#2919 = CARTESIAN_POINT ( 'NONE',  ( -0.6119266459122876256, 49.97500093195036897, 0.1667305824695635985 ) ) ;
#2920 = CARTESIAN_POINT ( 'NONE',  ( -2.378268148537112106E-15, 46.35651718282614553, -18.67013496679510354 ) ) ;
#2921 = CARTESIAN_POINT ( 'NONE',  ( -0.5263101570733891288, 35.02059558823528818, -0.5554364457565186264 ) ) ;
#2922 = AXIS2_PLACEMENT_3D ( 'NONE', #259, #2741, #3597 ) ;
#2923 = AXIS2_PLACEMENT_3D ( 'NONE', #515, #20, #3341 ) ;
#2924 = CARTESIAN_POINT ( 'NONE',  ( -0.5251770792775650731, -10.12197201707023808, 33.54500320843031602 ) ) ;
#2925 = CARTESIAN_POINT ( 'NONE',  ( -3.469446951953614189E-15, 35.02059558823528818, 0.5554364457564597846 ) ) ;
#2926 = CIRCLE ( 'NONE', #3042, 53.50000000000000000 ) ;
#2927 = CARTESIAN_POINT ( 'NONE',  ( 0.000000000000000000, 37.37569721552014101, -33.17465723490992247 ) ) ;
#2928 = AXIS2_PLACEMENT_3D ( 'NONE', #1745, #2849, #1761 ) ;
#2929 = CARTESIAN_POINT ( 'NONE',  ( -3.469446951953614189E-15, 2.678225850555112864, -34.92245311104902328 ) ) ;
#2930 = EDGE_LOOP ( 'NONE', ( #1969, #1101, #805, #895 ) ) ;
#2931 = CARTESIAN_POINT ( 'NONE',  ( 0.6120577571880042589, 3.306167701649793678, 34.86869184179703751 ) ) ;
#2932 = CARTESIAN_POINT ( 'NONE',  ( -24.99999999999999289, 0.000000000000000000, 0.000000000000000000 ) ) ;
#2933 = EDGE_LOOP ( 'NONE', ( #672, #267, #3219, #3336 ) ) ;
#2934 = DIRECTION ( 'NONE',  ( 0.000000000000000000, 0.000000000000000000, -1.000000000000000000 ) ) ;
#2935 = CARTESIAN_POINT ( 'NONE',  ( 5.204542906582164896, 34.95122367323040891, 32.74113308541841860 ) ) ;
#2936 = CARTESIAN_POINT ( 'NONE',  ( -3.969782328569877894, 16.62150705899980352, -32.11433480933172291 ) ) ;
#2937 = VERTEX_POINT ( 'NONE', #884 ) ;
#2938 = CARTESIAN_POINT ( 'NONE',  ( 0.6116626697215610253, 15.68127491996320444, -31.31858924846659420 ) ) ;
#2939 = CARTESIAN_POINT ( 'NONE',  ( -4.599617731266011589, -21.60180806443645807, 29.54762019221783476 ) ) ;
#2940 = DIRECTION ( 'NONE',  ( 0.000000000000000000, 0.000000000000000000, -1.000000000000000000 ) ) ;
#2941 = CARTESIAN_POINT ( 'NONE',  ( -4.804962602584528675, 36.76351167461497482, -0.5690909604572033098 ) ) ;
#2942 = B_SPLINE_CURVE_WITH_KNOTS ( 'NONE', 3,
 ( #2372, #973, #1321, #474, #992, #3207, #3456, #2099, #3260, #1015 ),
 .UNSPECIFIED., .F., .F.,
 ( 4, 2, 2, 2, 4 ),
 ( 1.968926466556544832E-07, 0.0004987066525189095840, 0.0009972164123911635234, 0.001495726172263417463, 0.001994235932135671619 ),
 .UNSPECIFIED. ) ;
#2943 = FACE_BOUND ( 'NONE', #838, .T. ) ;
#2944 = CARTESIAN_POINT ( 'NONE',  ( 0.000000000000000000, 0.000000000000000000, 0.000000000000000000 ) ) ;
#2945 = CARTESIAN_POINT ( 'NONE',  ( 2.801538165936543479, 36.97424312465631147, 32.81354646777573691 ) ) ;
#2946 = CARTESIAN_POINT ( 'NONE',  ( -5.194999927352052183, -22.82277677102654323, -29.27340581230727778 ) ) ;
#2947 = ORIENTED_EDGE ( 'NONE', *, *, #2347, .F. ) ;
#2948 = ADVANCED_FACE ( 'NONE', ( #2560, #1218 ), #367, .T. ) ;
#2949 = DIRECTION ( 'NONE',  ( 1.000000000000000000, 0.000000000000000000, 0.000000000000000000 ) ) ;
#2950 = CARTESIAN_POINT ( 'NONE',  ( -0.2631557696538500690, 3.784359954154187022, -34.81995469177675773 ) ) ;
#2951 = ORIENTED_EDGE ( 'NONE', *, *, #2725, .F. ) ;
#2952 = CARTESIAN_POINT ( 'NONE',  ( 0.3059180898279810767, -29.51140727245299900, -18.86365482200488941 ) ) ;
#2953 = DIRECTION ( 'NONE',  ( 1.000000000000000000, 0.000000000000000000, 0.000000000000000000 ) ) ;
#2954 = CARTESIAN_POINT ( 'NONE',  ( 0.000000000000000000, -13.03695353713041527, -48.24456930547420086 ) ) ;
#2955 = ORIENTED_EDGE ( 'NONE', *, *, #2871, .T. ) ;
#2956 = ORIENTED_EDGE ( 'NONE', *, *, #1043, .F. ) ;
#2957 = CARTESIAN_POINT ( 'NONE',  ( -5.194999927352051294, -21.91016304037448492, 29.96257971097185546 ) ) ;
#2958 = CARTESIAN_POINT ( 'NONE',  ( -5.556583932597439102, 0.000000000000000000, 0.000000000000000000 ) ) ;
#2959 = CARTESIAN_POINT ( 'NONE',  ( 0.000000000000000000, -36.13422826850874259, 22.37336692228740986 ) ) ;
#2960 = CARTESIAN_POINT ( 'NONE',  ( 24.99999999999999289, 31.50000000000000000, 0.000000000000000000 ) ) ;
#2961 = CARTESIAN_POINT ( 'NONE',  ( -3.469446951953614189E-15, 0.000000000000000000, 0.000000000000000000 ) ) ;
#2962 = CARTESIAN_POINT ( 'NONE',  ( 2.555675114558312533, 5.227287819050864925, 49.25281596466658840 ) ) ;
#2963 = CARTESIAN_POINT ( 'NONE',  ( -3.469446951953614189E-15, -34.32224221905858030, 6.980996637749701250 ) ) ;
#2964 = B_SPLINE_CURVE_WITH_KNOTS ( 'NONE', 3,
 ( #3462, #1789, #684, #2315, #3167, #2894, #3181, #667, #2615, #3415 ),
 .UNSPECIFIED., .F., .F.,
 ( 4, 2, 2, 2, 4 ),
 ( 1.968926466811551777E-07, 0.0004987066525189313764, 0.0009972164123911815212, 0.001495726172263431774, 0.001994235932135681594 ),
 .UNSPECIFIED. ) ;
#2965 = CARTESIAN_POINT ( 'NONE',  ( 0.5286488320022693088, 3.519980060572323932, 34.84774225142007964 ) ) ;
#2966 = EDGE_CURVE ( 'NONE', #250, #403, #1240, .T. ) ;
#2967 = DIRECTION ( 'NONE',  ( 0.000000000000000000, 0.6736956436465584286, -0.7390089172206580903 ) ) ;
#2968 = DIRECTION ( 'NONE',  ( 1.000000000000000000, 0.000000000000000000, 0.000000000000000000 ) ) ;
#2969 = CARTESIAN_POINT ( 'NONE',  ( 4.804961032689094580, 3.800864338267313070, -48.08209104771010800 ) ) ;
#2970 = CARTESIAN_POINT ( 'NONE',  ( 2.567736996609356392, 49.53502785383994222, 0.6605805971347618044 ) ) ;
#2971 = ORIENTED_EDGE ( 'NONE', *, *, #677, .T. ) ;
#2972 = CARTESIAN_POINT ( 'NONE',  ( -0.6119266459122779667, -42.57737449159505161, 26.16669063213844382 ) ) ;
#2973 = CARTESIAN_POINT ( 'NONE',  ( -4.804962602584521569, 15.87747790917157253, -33.16301178141988260 ) ) ;
#2974 = DIRECTION ( 'NONE',  ( 1.000000000000000000, 0.000000000000000000, 0.000000000000000000 ) ) ;
#2975 = CARTESIAN_POINT ( 'NONE',  ( 0.000000000000000000, 0.000000000000000000, 0.000000000000000000 ) ) ;
#2976 = CARTESIAN_POINT ( 'NONE',  ( 0.1541532762803375090, 35.02059558823528107, -0.5554364457564080482 ) ) ;
#2977 = CARTESIAN_POINT ( 'NONE',  ( -5.380563170409294216, 2.870825101501532917, -37.19375644594146735 ) ) ;
#2978 = EDGE_CURVE ( 'NONE', #3186, #3092, #3506, .T. ) ;
#2979 = AXIS2_PLACEMENT_3D ( 'NONE', #372, #669, #2910 ) ;
#2980 = AXIS2_PLACEMENT_3D ( 'NONE', #2631, #1527, #2838 ) ;
#2981 = AXIS2_PLACEMENT_3D ( 'NONE', #2083, #2344, #2906 ) ;
#2982 = CARTESIAN_POINT ( 'NONE',  ( -5.556583932597439102, 0.000000000000000000, 0.000000000000000000 ) ) ;
#2983 = CIRCLE ( 'NONE', #2294, 47.50000000000000000 ) ;
#2984 = DIRECTION ( 'NONE',  ( 0.000000000000000000, -0.7390089172206580903, -0.6736956436465584286 ) ) ;
#2985 = ORIENTED_EDGE ( 'NONE', *, *, #2193, .F. ) ;
#2986 = CIRCLE ( 'NONE', #1716, 35.02499999999999147 ) ;
#2987 = DIRECTION ( 'NONE',  ( 1.000000000000000000, 0.000000000000000000, 0.000000000000000000 ) ) ;
#2988 = DIRECTION ( 'NONE',  ( 0.000000000000000000, 0.000000000000000000, -1.000000000000000000 ) ) ;
#2989 = CARTESIAN_POINT ( 'NONE',  ( -0.1687870779475106608, -29.58454572980012642, -40.27723027917096488 ) ) ;
#2990 = ORIENTED_EDGE ( 'NONE', *, *, #462, .T. ) ;
#2991 = EDGE_LOOP ( 'NONE', ( #282, #932, #2057, #1265 ) ) ;
#2992 = ADVANCED_FACE ( 'NONE', ( #2340 ), #1419, .F. ) ;
#2993 = CARTESIAN_POINT ( 'NONE',  ( -5.556583932597439990, 16.19875033384685281, 33.82085876529004764 ) ) ;
#2994 = CARTESIAN_POINT ( 'NONE',  ( -0.5263101570733895729, 15.11281637889349660, -31.59673094004898530 ) ) ;
#2995 = DIRECTION ( 'NONE',  ( 0.000000000000000000, 0.8502171357296172127, -0.5264321628773508399 ) ) ;
#2996 = CARTESIAN_POINT ( 'NONE',  ( -3.515905914969991386, -35.38603583138772279, 6.042736586195685433 ) ) ;
#2997 = CARTESIAN_POINT ( 'NONE',  ( -5.556583932597439102, 0.000000000000000000, 0.000000000000000000 ) ) ;
#2998 = CARTESIAN_POINT ( 'NONE',  ( -0.6119266459123391400, 4.445092010969350582, 49.77720034563601814 ) ) ;
#2999 = CARTESIAN_POINT ( 'NONE',  ( 3.515903202787783233, 3.875279952842540787, 48.94856157569184774 ) ) ;
#3000 = CARTESIAN_POINT ( 'NONE',  ( -0.6119266459122445490, -49.09344490865100852, -9.346774001591109382 ) ) ;
#3001 = CARTESIAN_POINT ( 'NONE',  ( -2.074421552793067836, 3.811862572225760637, -35.09319366000091378 ) ) ;
#3002 = VERTEX_POINT ( 'NONE', #79 ) ;
#3003 = CARTESIAN_POINT ( 'NONE',  ( 0.1541532762803280998, -30.06751008205479891, -17.96372629677741273 ) ) ;
#3004 = CARTESIAN_POINT ( 'NONE',  ( 0.4796554304382332212, 15.92666954336641183, -31.19445983051301852 ) ) ;
#3005 = DIRECTION ( 'NONE',  ( 0.000000000000000000, 0.000000000000000000, -1.000000000000000000 ) ) ;
#3006 = VERTEX_POINT ( 'NONE', #958 ) ;
#3007 = ORIENTED_EDGE ( 'NONE', *, *, #1880, .F. ) ;
#3008 = ADVANCED_FACE ( 'NONE', ( #2065 ), #244, .F. ) ;
#3009 = CARTESIAN_POINT ( 'NONE',  ( -3.469446951953614189E-15, 32.85637963035640752, -12.13296924029318014 ) ) ;
#3010 = DIRECTION ( 'NONE',  ( 0.000000000000000000, 0.000000000000000000, -1.000000000000000000 ) ) ;
#3011 = DIRECTION ( 'NONE',  ( 0.000000000000000000, 0.000000000000000000, -1.000000000000000000 ) ) ;
#3012 = ORIENTED_EDGE ( 'NONE', *, *, #931, .F. ) ;
#3013 = EDGE_CURVE ( 'NONE', #2603, #3152, #771, .T. ) ;
#3014 = CARTESIAN_POINT ( 'NONE',  ( 0.5944992156788221349, 25.98561050584410381, 23.48411050661276533 ) ) ;
#3015 = CARTESIAN_POINT ( 'NONE',  ( -4.188095163653576591, 36.29858890881516231, 0.5654809215130698341 ) ) ;
#3016 = CARTESIAN_POINT ( 'NONE',  ( 2.056913264089352822, -48.96235787161573683, -8.479600476774370676 ) ) ;
#3017 = CARTESIAN_POINT ( 'NONE',  ( 4.817901204096660450, 45.21265042871716844, -16.81641601566987632 ) ) ;
#3018 = CARTESIAN_POINT ( 'NONE',  ( 0.000000000000000000, 36.48173426154664867, 34.15528788152567330 ) ) ;
#3019 = CARTESIAN_POINT ( 'NONE',  ( -2.378268148537112106E-15, -42.13658108803358715, 26.87022811982755144 ) ) ;
#3020 = CARTESIAN_POINT ( 'NONE',  ( 5.204542906582167561, 35.82635725333945942, -31.78115727800599188 ) ) ;
#3021 = CARTESIAN_POINT ( 'NONE',  ( 0.000000000000000000, 0.000000000000000000, 0.000000000000000000 ) ) ;
#3022 = B_SPLINE_CURVE_WITH_KNOTS ( 'NONE', 3,
 ( #3557, #192, #3519, #2751 ),
 .UNSPECIFIED., .F., .F.,
 ( 4, 4 ),
 ( 1.703398595673858284E-06, 0.001151158023206739047 ),
 .UNSPECIFIED. ) ;
#3023 = DIRECTION ( 'NONE',  ( 1.000000000000000000, 0.000000000000000000, 0.000000000000000000 ) ) ;
#3024 = ORIENTED_EDGE ( 'NONE', *, *, #853, .T. ) ;
#3025 = EDGE_CURVE ( 'NONE', #2095, #3521, #2475, .T. ) ;
#3026 = ORIENTED_EDGE ( 'NONE', *, *, #54, .T. ) ;
#3027 = CARTESIAN_POINT ( 'NONE',  ( -5.556583932597439990, 35.17121706290658523, -13.00905416676818938 ) ) ;
#3028 = CARTESIAN_POINT ( 'NONE',  ( -2.555678084769644087, 15.30827143723257144, -31.99716004532218605 ) ) ;
#3029 = CARTESIAN_POINT ( 'NONE',  ( 5.556583932597444431, 3.738261736799508128, 47.35267045465526081 ) ) ;
#3030 = ORIENTED_EDGE ( 'NONE', *, *, #1498, .T. ) ;
#3031 = CARTESIAN_POINT ( 'NONE',  ( 0.1541532762803364542, 26.25472753991292763, 23.18275019933868109 ) ) ;
#3032 = DIRECTION ( 'NONE',  ( 0.000000000000000000, 0.000000000000000000, -1.000000000000000000 ) ) ;
#3033 = CARTESIAN_POINT ( 'NONE',  ( 5.380562815295800938, -46.99827828346983694, -8.126103101160643050 ) ) ;
#3034 = DIRECTION ( 'NONE',  ( 0.000000000000000000, 0.000000000000000000, -1.000000000000000000 ) ) ;
#3035 = CARTESIAN_POINT ( 'NONE',  ( 5.556583932597444431, -12.37564109022174286, 45.85949746351366940 ) ) ;
#3036 = CARTESIAN_POINT ( 'NONE',  ( 0.000000000000000000, 37.37569721552014101, -33.17465723490992247 ) ) ;
#3037 = AXIS2_PLACEMENT_3D ( 'NONE', #2657, #2967, #2984 ) ;
#3038 = EDGE_LOOP ( 'NONE', ( #1242, #2951, #1312, #2465 ) ) ;
#3039 = AXIS2_PLACEMENT_3D ( 'NONE', #2824, #1135, #2262 ) ;
#3040 = CIRCLE ( 'NONE', #1828, 35.02499999999999147 ) ;
#3041 = DIRECTION ( 'NONE',  ( 0.000000000000000000, 0.000000000000000000, -1.000000000000000000 ) ) ;
#3042 = AXIS2_PLACEMENT_3D ( 'NONE', #2703, #2464, #3011 ) ;
#3043 = B_SPLINE_CURVE_WITH_KNOTS ( 'NONE', 3,
 ( #2359, #3458, #975, #2081, #422, #1547, #3475, #994, #1840, #440 ),
 .UNSPECIFIED., .F., .F.,
 ( 4, 2, 2, 2, 4 ),
 ( 1.968926466858230175E-07, 0.0004987066525189321354, 0.0009972164123911784854, 0.001495726172263424835, 0.001994235932135671185 ),
 .UNSPECIFIED. ) ;
#3044 = ORIENTED_EDGE ( 'NONE', *, *, #29, .F. ) ;
#3045 = ORIENTED_EDGE ( 'NONE', *, *, #2837, .T. ) ;
#3046 = CIRCLE ( 'NONE', #2581, 37.50000000000000711 ) ;
#3047 = B_SPLINE_CURVE_WITH_KNOTS ( 'NONE', 3,
 ( #945, #3430, #2859, #1188, #649, #60, #1495, #2599, #2639, #115, #2021, #336, #352, #1222 ),
 .UNSPECIFIED., .F., .F.,
 ( 4, 2, 2, 2, 2, 2, 4 ),
 ( 1.971617045684656887E-07, 0.001556723823003176767, 0.002334987153652479802, 0.003113250484301783270, 0.004669777145600383268, 0.005448040476249676328, 0.006226303806898969388 ),
 .UNSPECIFIED. ) ;
#3048 = CARTESIAN_POINT ( 'NONE',  ( -5.556583932597439990, 2.887381465112948575, 37.38867513398841425 ) ) ;
#3049 = CARTESIAN_POINT ( 'NONE',  ( 1.043258717209529562, -48.94387240785818705, 9.823793972538551245 ) ) ;
#3050 = CARTESIAN_POINT ( 'NONE',  ( -3.469446951953614189E-15, 0.000000000000000000, 0.000000000000000000 ) ) ;
#3051 = ORIENTED_EDGE ( 'NONE', *, *, #1170, .F. ) ;
#3052 = CARTESIAN_POINT ( 'NONE',  ( -2.801541032638788398, -35.05791268786065729, -5.984062222083111671 ) ) ;
#3053 = CARTESIAN_POINT ( 'NONE',  ( -2.074421552793067836, 35.29520658864197458, 0.5576104311684135784 ) ) ;
#3054 = CARTESIAN_POINT ( 'NONE',  ( 5.194999182140327854, -47.18085427313992852, -8.158951641375507435 ) ) ;
#3055 = CARTESIAN_POINT ( 'NONE',  ( 0.6120577571880377876, -21.16696129651951708, -27.90548629035659545 ) ) ;
#3056 = ADVANCED_FACE ( 'NONE', ( #906 ), #1886, .F. ) ;
#3057 = CARTESIAN_POINT ( 'NONE',  ( 0.000000000000000000, 0.000000000000000000, 0.000000000000000000 ) ) ;
#3058 = CARTESIAN_POINT ( 'NONE',  ( 0.5263093472665480999, -42.13658108803356583, 26.87022811982755144 ) ) ;
#3059 = ADVANCED_FACE ( 'NONE', ( #2394, #147 ), #1601, .T. ) ;
#3060 = ORIENTED_EDGE ( 'NONE', *, *, #1614, .F. ) ;
#3061 = EDGE_CURVE ( 'NONE', #618, #3382, #997, .T. ) ;
#3062 = FACE_BOUND ( 'NONE', #2258, .T. ) ;
#3063 = CARTESIAN_POINT ( 'NONE',  ( 4.817901204096651568, -28.54748925553997552, -38.88465588900438519 ) ) ;
#3064 = ORIENTED_EDGE ( 'NONE', *, *, #670, .F. ) ;
#3065 = CARTESIAN_POINT ( 'NONE',  ( 5.601502700796340939, -13.20677574900721041, 45.62912517500247134 ) ) ;
#3066 = CARTESIAN_POINT ( 'NONE',  ( 0.5944992156788518889, -9.730620247216867469, -33.64625431237017494 ) ) ;
#3067 = CARTESIAN_POINT ( 'NONE',  ( 0.1541532762803419776, 32.45508605610414321, -13.16882736202711612 ) ) ;
#3068 = ORIENTED_EDGE ( 'NONE', *, *, #3383, .F. ) ;
#3069 = CARTESIAN_POINT ( 'NONE',  ( -2.555678084769644975, -34.96499637464381749, -5.967449529162347943 ) ) ;
#3070 = CARTESIAN_POINT ( 'NONE',  ( -2.567739918546540601, 35.45616438727407171, 0.5588821611510615961 ) ) ;
#3071 = B_SPLINE_CURVE_WITH_KNOTS ( 'NONE', 3,
 ( #2487, #19, #3583, #1108 ),
 .UNSPECIFIED., .F., .F.,
 ( 4, 4 ),
 ( 1.917147537318821716E-06, 0.001295593643117216214 ),
 .UNSPECIFIED. ) ;
#3072 = CARTESIAN_POINT ( 'NONE',  ( -1.307728941856036498, 32.95986686504723906, -12.17212008387380884 ) ) ;
#3073 = CARTESIAN_POINT ( 'NONE',  ( 0.3059180898280522976, -20.70422963392372040, -28.25058420121775171 ) ) ;
#3074 = CARTESIAN_POINT ( 'NONE',  ( -3.469446951953614189E-15, 16.10722901273686603, 31.10157228390949058 ) ) ;
#3075 = DIRECTION ( 'NONE',  ( 1.000000000000000000, 0.000000000000000000, 0.000000000000000000 ) ) ;
#3076 = ORIENTED_EDGE ( 'NONE', *, *, #3446, .F. ) ;
#3077 = FACE_OUTER_BOUND ( 'NONE', #1114, .T. ) ;
#3078 = CARTESIAN_POINT ( 'NONE',  ( -2.567739918546541933, -21.81311032554631169, 27.95782824636060582 ) ) ;
#3079 = DIRECTION ( 'NONE',  ( 0.000000000000000000, 0.000000000000000000, -1.000000000000000000 ) ) ;
#3080 = ORIENTED_EDGE ( 'NONE', *, *, #342, .F. ) ;
#3081 = EDGE_LOOP ( 'NONE', ( #1238, #133, #2058, #104 ) ) ;
#3082 = CARTESIAN_POINT ( 'NONE',  ( 0.000000000000000000, 0.000000000000000000, 0.000000000000000000 ) ) ;
#3083 = CARTESIAN_POINT ( 'NONE',  ( -2.801541032638791062, 32.95704092849572930, -13.36786055974852694 ) ) ;
#3084 = ORIENTED_EDGE ( 'NONE', *, *, #1017, .T. ) ;
#3085 = CARTESIAN_POINT ( 'NONE',  ( 3.969779934108140118, 5.159000839245343251, -48.56593698781112067 ) ) ;
#3086 = CARTESIAN_POINT ( 'NONE',  ( -0.5525058339321414769, 22.57422957648829609, 44.58610229183927487 ) ) ;
#3087 = CARTESIAN_POINT ( 'NONE',  ( 5.204542906582169337, -41.05611776518393441, 24.65694681067811800 ) ) ;
#3088 = CARTESIAN_POINT ( 'NONE',  ( 0.5251762499567628195, 3.948871228940208589, 49.80484060724391071 ) ) ;
#3089 = CARTESIAN_POINT ( 'NONE',  ( -1.805201453756176244, 16.20531398420357405, 31.29470563322311349 ) ) ;
#3090 = ADVANCED_FACE ( 'NONE', ( #1322 ), #2809, .F. ) ;
#3091 = DIRECTION ( 'NONE',  ( 0.000000000000000000, 0.000000000000000000, -1.000000000000000000 ) ) ;
#3092 = VERTEX_POINT ( 'NONE', #2124 ) ;
#3093 = CARTESIAN_POINT ( 'NONE',  ( -2.567739918546539712, 25.82590517535780705, 24.29968238888899279 ) ) ;
#3094 = CARTESIAN_POINT ( 'NONE',  ( 3.281284640227980720, -29.13438033614437117, -39.67278220057741578 ) ) ;
#3095 = CARTESIAN_POINT ( 'NONE',  ( -3.469446951953614189E-15, -34.32224221905846662, -6.980996637750234157 ) ) ;
#3096 = VERTEX_POINT ( 'NONE', #3246 ) ;
#3097 = FACE_OUTER_BOUND ( 'NONE', #1624, .T. ) ;
#3098 = AXIS2_PLACEMENT_3D ( 'NONE', #1758, #1777, #432 ) ;
#3099 = AXIS2_PLACEMENT_3D ( 'NONE', #818, #1086, #3313 ) ;
#3100 = CARTESIAN_POINT ( 'NONE',  ( -3.469446951953614189E-15, 3.784359954154158157, -34.81995469177686431 ) ) ;
#3101 = CARTESIAN_POINT ( 'NONE',  ( 5.204542906582167561, -12.48014377648647866, -46.23652066593555787 ) ) ;
#3102 = ORIENTED_EDGE ( 'NONE', *, *, #1665, .F. ) ;
#3103 = CIRCLE ( 'NONE', #3552, 37.50000000000000711 ) ;
#3104 = ADVANCED_FACE ( 'NONE', ( #2374 ), #2752, .F. ) ;
#3105 = CARTESIAN_POINT ( 'NONE',  ( 0.4796554304381586697, -21.38745468108896475, 27.73679702354708709 ) ) ;
#3106 = CARTESIAN_POINT ( 'NONE',  ( -2.074421552793066947, 26.45913212248213497, -23.36614783940427742 ) ) ;
#3107 = CARTESIAN_POINT ( 'NONE',  ( 2.074418812251863642, -42.60069309269427151, 25.59901735631526165 ) ) ;
#3108 = CARTESIAN_POINT ( 'NONE',  ( 0.6120577571878759171, -9.513114771155109395, 33.70841234737206804 ) ) ;
#3109 = B_SPLINE_CURVE_WITH_KNOTS ( 'NONE', 3,
 ( #1402, #276, #2238, #849 ),
 .UNSPECIFIED., .F., .F.,
 ( 4, 4 ),
 ( 1.703398595681709221E-06, 0.001151158023206740781 ),
 .UNSPECIFIED. ) ;
#3110 = CARTESIAN_POINT ( 'NONE',  ( -5.380563170409287110, 17.13916495639154647, 33.13406373991911380 ) ) ;
#3111 = DIRECTION ( 'NONE',  ( 1.000000000000000000, 0.000000000000000000, 0.000000000000000000 ) ) ;
#3112 = EDGE_LOOP ( 'NONE', ( #150, #1496, #1085, #1185 ) ) ;
#3113 = CARTESIAN_POINT ( 'NONE',  ( 4.804961032689100797, 20.91345512700493359, -43.46218406717441241 ) ) ;
#3114 = CARTESIAN_POINT ( 'NONE',  ( -1.046971508578975696, -21.58991184594402313, 27.66707542648465434 ) ) ;
#3115 = VERTEX_POINT ( 'NONE', #184 ) ;
#3116 = VERTEX_POINT ( 'NONE', #1857 ) ;
#3117 = CARTESIAN_POINT ( 'NONE',  ( 4.817901204096648904, -13.82691946923627135, 46.21462868392117684 ) ) ;
#3118 = CARTESIAN_POINT ( 'NONE',  ( -5.194999927352053959, 34.40166170618825703, -13.94048418259263045 ) ) ;
#3119 = EDGE_LOOP ( 'NONE', ( #50, #2425, #682, #2700 ) ) ;
#3120 = EDGE_CURVE ( 'NONE', #3096, #1786, #2230, .T. ) ;
#3121 = CARTESIAN_POINT ( 'NONE',  ( 0.6120577571879934897, -21.04759838012682494, 27.99562498067363236 ) ) ;
#3122 = CARTESIAN_POINT ( 'NONE',  ( -5.556583932597439990, -36.75155595334947378, -7.454739097233609613 ) ) ;
#3123 = CARTESIAN_POINT ( 'NONE',  ( 5.194999182140327854, -28.33391041314218128, 38.59781111060060255 ) ) ;
#3124 = CARTESIAN_POINT ( 'NONE',  ( 5.601502700796339163, -40.27305692817530769, 25.18961840879214620 ) ) ;
#3125 = CARTESIAN_POINT ( 'NONE',  ( 5.601502700796329393, 47.50146840954461425, 0.2156127492633310161 ) ) ;
#3126 = CARTESIAN_POINT ( 'NONE',  ( -0.3311252865191648409, 5.192406296121109932, -49.70467881629219420 ) ) ;
#3127 = ORIENTED_EDGE ( 'NONE', *, *, #3317, .T. ) ;
#3128 = CARTESIAN_POINT ( 'NONE',  ( -2.074421552793067391, -20.82513125829315825, -28.50221825757997607 ) ) ;
#3129 = CARTESIAN_POINT ( 'NONE',  ( 3.515271977441957407, -42.10296136636536346, -25.29541166948549957 ) ) ;
#3130 = VERTEX_POINT ( 'NONE', #2159 ) ;
#3131 = VERTEX_POINT ( 'NONE', #2142 ) ;
#3132 = VERTEX_POINT ( 'NONE', #102 ) ;
#3133 = EDGE_CURVE ( 'NONE', #3427, #1943, #3040, .T. ) ;
#3134 = CARTESIAN_POINT ( 'NONE',  ( 4.188092993901578964, -12.69542647110929501, -47.01302746282899392 ) ) ;
#3135 = ORIENTED_EDGE ( 'NONE', *, *, #2122, .T. ) ;
#3136 = CARTESIAN_POINT ( 'NONE',  ( -0.5251770792775650731, -34.33584389110912127, -6.983651054665965141 ) ) ;
#3137 = CARTESIAN_POINT ( 'NONE',  ( 1.046969926904345538, -42.77619555822285946, 25.70607645643339012 ) ) ;
#3138 = DIRECTION ( 'NONE',  ( 1.000000000000000000, 0.000000000000000000, 0.000000000000000000 ) ) ;
#3139 = CARTESIAN_POINT ( 'NONE',  ( 0.000000000000000000, -49.24166479336535929, 8.529892928861711354 ) ) ;
#3140 = ORIENTED_EDGE ( 'NONE', *, *, #2535, .F. ) ;
#3141 = EDGE_CURVE ( 'NONE', #817, #2104, #2983, .T. ) ;
#3142 = CARTESIAN_POINT ( 'NONE',  ( 2.056913264089353710, 21.55508243854810146, -44.77269853003367928 ) ) ;
#3143 = CARTESIAN_POINT ( 'NONE',  ( -2.801541032638787510, -10.26994352405102617, -34.04988256543958158 ) ) ;
#3144 = VERTEX_POINT ( 'NONE', #2925 ) ;
#3145 = EDGE_CURVE ( 'NONE', #1631, #341, #3043, .T. ) ;
#3146 = CARTESIAN_POINT ( 'NONE',  ( 0.4806690185974309970, -29.96233707839099125, -18.13867457401289229 ) ) ;
#3147 = B_SPLINE_CURVE_WITH_KNOTS ( 'NONE', 3,
 ( #3018, #2471, #2765, #243, #1421, #3568, #571, #3307, #1343, #794 ),
 .UNSPECIFIED., .F., .F.,
 ( 4, 2, 2, 2, 4 ),
 ( 1.968926466806751482E-07, 0.0004987066525189283407, 0.0009972164123911758833, 0.001495726172263423534, 0.001994235932135671185 ),
 .UNSPECIFIED. ) ;
#3148 = CARTESIAN_POINT ( 'NONE',  ( 2.074418812251860533, -14.23634560069944222, 47.61780345127549907 ) ) ;
#3149 = CARTESIAN_POINT ( 'NONE',  ( -1.307728941856035165, 16.15733124922704889, -31.20022400561627762 ) ) ;
#3150 = CIRCLE ( 'NONE', #2453, 49.97500000000001563 ) ;
#3151 = ORIENTED_EDGE ( 'NONE', *, *, #3184, .F. ) ;
#3152 = VERTEX_POINT ( 'NONE', #1563 ) ;
#3153 = EDGE_CURVE ( 'NONE', #1482, #1482, #2170, .T. ) ;
#3154 = AXIS2_PLACEMENT_3D ( 'NONE', #2181, #2126, #1582 ) ;
#3155 = CARTESIAN_POINT ( 'NONE',  ( -2.801541032638783957, 33.36141655534198946, 12.32404674319183790 ) ) ;
#3156 = CARTESIAN_POINT ( 'NONE',  ( -2.378268148537112106E-15, 22.86773125337105128, 44.43610572860314534 ) ) ;
#3157 = CARTESIAN_POINT ( 'NONE',  ( 5.194999182140324301, 44.87830714061148285, 16.68948920795694235 ) ) ;
#3158 = CARTESIAN_POINT ( 'NONE',  ( -5.204543592070406177, 34.39225966098839393, 13.93676499468890739 ) ) ;
#3159 = AXIS2_PLACEMENT_3D ( 'NONE', #3300, #2443, #3538 ) ;
#3160 = CARTESIAN_POINT ( 'NONE',  ( -2.801541032638785733, 16.35172772252563078, 31.58302143867508605 ) ) ;
#3161 = CARTESIAN_POINT ( 'NONE',  ( -2.378268148537112106E-15, 3.950058281680122185, -49.81864775936146117 ) ) ;
#3162 = CARTESIAN_POINT ( 'NONE',  ( 5.194999182140332294, 47.87671400059430482, -0.6494292377696957441 ) ) ;
#3163 = EDGE_LOOP ( 'NONE', ( #255, #283, #3551, #1136 ) ) ;
#3164 = EDGE_CURVE ( 'NONE', #2084, #2075, #2695, .T. ) ;
#3165 = CARTESIAN_POINT ( 'NONE',  ( 0.6116626697215605812, 25.93593274726784870, -23.53898485829061116 ) ) ;
#3166 = EDGE_CURVE ( 'NONE', #1493, #2075, #124, .T. ) ;
#3167 = CARTESIAN_POINT ( 'NONE',  ( -0.6119266459123403612, -30.24972039180429562, 39.78043405310241809 ) ) ;
#3168 = ORIENTED_EDGE ( 'NONE', *, *, #1706, .F. ) ;
#3169 = FACE_OUTER_BOUND ( 'NONE', #154, .T. ) ;
#3170 = CARTESIAN_POINT ( 'NONE',  ( -0.6117970708674772551, 46.66073047583429911, 17.89705977799478731 ) ) ;
#3171 = ORIENTED_EDGE ( 'NONE', *, *, #500, .T. ) ;
#3172 = CARTESIAN_POINT ( 'NONE',  ( 0.5937110929420970074, 15.74956355611962699, -31.28428675476257936 ) ) ;
#3173 = CARTESIAN_POINT ( 'NONE',  ( -5.204543592070406177, 27.80562969621673730, -24.57453764169137145 ) ) ;
#3174 = CARTESIAN_POINT ( 'NONE',  ( 4.599615815309079814, -29.68475666939580293, -38.22551870490195114 ) ) ;
#3175 = CARTESIAN_POINT ( 'NONE',  ( -0.3311252865191179895, 46.80825852989516989, -17.50723029988644441 ) ) ;
#3176 = CARTESIAN_POINT ( 'NONE',  ( 4.804961032689096356, 36.07980448131132079, 32.00908867538320379 ) ) ;
#3177 = CARTESIAN_POINT ( 'NONE',  ( -0.5263101570733889067, -21.54787174047394416, -27.61231334850603503 ) ) ;
#3178 = EDGE_CURVE ( 'NONE', #2172, #996, #739, .T. ) ;
#3179 = EDGE_LOOP ( 'NONE', ( #326, #834, #2491, #665 ) ) ;
#3180 = CARTESIAN_POINT ( 'NONE',  ( 2.801538165936545699, 21.44242850700445757, -44.54262841544122153 ) ) ;
#3181 = CARTESIAN_POINT ( 'NONE',  ( -0.5525058339322264089, -29.84964210191039768, 40.08135757354299500 ) ) ;
#3182 = ORIENTED_EDGE ( 'NONE', *, *, #2259, .F. ) ;
#3183 = CARTESIAN_POINT ( 'NONE',  ( -3.469446951953614189E-15, 0.000000000000000000, 0.000000000000000000 ) ) ;
#3184 = EDGE_CURVE ( 'NONE', #1774, #3144, #1220, .T. ) ;
#3185 = CARTESIAN_POINT ( 'NONE',  ( 0.000000000000000000, 46.35651718282590394, 18.67013496679570750 ) ) ;
#3186 = VERTEX_POINT ( 'NONE', #2797 ) ;
#3187 = CARTESIAN_POINT ( 'NONE',  ( 5.556583932597444431, -28.10630291193245256, 38.29211063160005324 ) ) ;
#3188 = CARTESIAN_POINT ( 'NONE',  ( -3.964899447139822453, -21.32730362155823300, 29.17818097421043078 ) ) ;
#3189 = CARTESIAN_POINT ( 'NONE',  ( 5.556583932597444431, 0.000000000000000000, 0.000000000000000000 ) ) ;
#3190 = CARTESIAN_POINT ( 'NONE',  ( -0.2631557696538509572, 32.45508605610385189, 13.16882736202753357 ) ) ;
#3191 = FACE_OUTER_BOUND ( 'NONE', #2009, .T. ) ;
#3192 = CARTESIAN_POINT ( 'NONE',  ( 3.515271977441963180, 45.55887709690464504, -18.35499727636957701 ) ) ;
#3193 = DIRECTION ( 'NONE',  ( 0.000000000000000000, 0.000000000000000000, -1.000000000000000000 ) ) ;
#3194 = DIRECTION ( 'NONE',  ( 1.000000000000000000, 0.000000000000000000, 0.000000000000000000 ) ) ;
#3195 = EDGE_LOOP ( 'NONE', ( #3534, #461, #1575, #912 ) ) ;
#3196 = EDGE_CURVE ( 'NONE', #2916, #3235, #1358, .T. ) ;
#3197 = DIRECTION ( 'NONE',  ( 1.000000000000000000, 0.000000000000000000, 0.000000000000000000 ) ) ;
#3198 = CARTESIAN_POINT ( 'NONE',  ( -5.556583932597439102, 0.000000000000000000, 0.000000000000000000 ) ) ;
#3199 = ORIENTED_EDGE ( 'NONE', *, *, #1382, .T. ) ;
#3200 = CARTESIAN_POINT ( 'NONE',  ( -0.1688795059594277448, 21.67989097597806847, -45.02757990687157275 ) ) ;
#3201 = CARTESIAN_POINT ( 'NONE',  ( 0.4796554304381817624, -34.49167904944994945, 6.089105288202856237 ) ) ;
#3202 = ORIENTED_EDGE ( 'NONE', *, *, #1380, .T. ) ;
#3203 = AXIS2_PLACEMENT_3D ( 'NONE', #3570, #3293, #2131 ) ;
#3204 = CARTESIAN_POINT ( 'NONE',  ( -1.805201453756178465, 3.806053653265827119, 35.03547855510427667 ) ) ;
#3205 = CARTESIAN_POINT ( 'NONE',  ( 4.599615815309076261, 45.36163127921476956, 16.87298036710204840 ) ) ;
#3206 = B_SPLINE_CURVE_WITH_KNOTS ( 'NONE', 3,
 ( #1523, #971, #2900, #3204, #2647, #143, #2426, #1029, #674, #1044, #2355, #2138, #3454, #1013 ),
 .UNSPECIFIED., .F., .F.,
 ( 4, 2, 2, 2, 2, 2, 4 ),
 ( 1.971617045667835342E-07, 0.001556723823003172214, 0.002334987153652471996, 0.003113250484301771995, 0.004669777145600365054, 0.005448040476249668522, 0.006226303806898971990 ),
 .UNSPECIFIED. ) ;
#3207 = CARTESIAN_POINT ( 'NONE',  ( -0.6117970708676665481, -42.57766676480486723, -26.16621505110744650 ) ) ;
#3208 = EDGE_CURVE ( 'NONE', #970, #763, #356, .T. ) ;
#3209 = AXIS2_PLACEMENT_3D ( 'NONE', #3255, #3295, #1348 ) ;
#3210 = CIRCLE ( 'NONE', #648, 47.50000000000000000 ) ;
#3211 = CARTESIAN_POINT ( 'NONE',  ( -1.046971508578978138, -10.13749280604183234, 33.59795523209523083 ) ) ;
#3212 = CARTESIAN_POINT ( 'NONE',  ( 0.000000000000000000, 0.000000000000000000, 0.000000000000000000 ) ) ;
#3213 = CARTESIAN_POINT ( 'NONE',  ( 0.000000000000000000, 37.37569721552014101, -33.17465723490992247 ) ) ;
#3214 = CARTESIAN_POINT ( 'NONE',  ( -3.515274631057111243, -22.07009911123617840, -28.29263350666983001 ) ) ;
#3215 = ORIENTED_EDGE ( 'NONE', *, *, #2628, .T. ) ;
#3216 = AXIS2_PLACEMENT_3D ( 'NONE', #813, #2769, #1983 ) ;
#3217 = CARTESIAN_POINT ( 'NONE',  ( -0.1687870779474975602, -48.99783768347136714, -9.834252759828524759 ) ) ;
#3218 = DIRECTION ( 'NONE',  ( 1.000000000000000000, 0.000000000000000000, 0.000000000000000000 ) ) ;
#3219 = ORIENTED_EDGE ( 'NONE', *, *, #785, .T. ) ;
#3220 = CARTESIAN_POINT ( 'NONE',  ( 3.281284640227982052, -30.18529761983886672, 38.87916630674218510 ) ) ;
#3221 = CARTESIAN_POINT ( 'NONE',  ( 1.307726991999701882, 36.40046419126020538, 34.08020613479633454 ) ) ;
#3222 = CARTESIAN_POINT ( 'NONE',  ( -2.378268148537112106E-15, 46.83586816282456056, 17.43278745452134970 ) ) ;
#3223 = ORIENTED_EDGE ( 'NONE', *, *, #1498, .F. ) ;
#3224 = VERTEX_POINT ( 'NONE', #238 ) ;
#3225 = CARTESIAN_POINT ( 'NONE',  ( -0.5518461579784610382, 49.97403505595649875, 0.3346634141880634461 ) ) ;
#3226 = CARTESIAN_POINT ( 'NONE',  ( 5.556583932597444431, 44.52198883143466190, 16.55422938386464793 ) ) ;
#3227 = CARTESIAN_POINT ( 'NONE',  ( -3.515905914969985169, 33.26690492015714540, 13.49070918608905245 ) ) ;
#3228 = EDGE_CURVE ( 'NONE', #2152, #2334, #1305, .T. ) ;
#3229 = CARTESIAN_POINT ( 'NONE',  ( -5.601503256229779737, -22.44680305703432666, 30.04226809202960169 ) ) ;
#3230 = CARTESIAN_POINT ( 'NONE',  ( 3.964897064204555122, 45.31794907627124758, -18.25980043981543943 ) ) ;
#3231 = CARTESIAN_POINT ( 'NONE',  ( 5.556583932597444431, 0.000000000000000000, 0.000000000000000000 ) ) ;
#3232 = FACE_OUTER_BOUND ( 'NONE', #1211, .T. ) ;
#3233 = CARTESIAN_POINT ( 'NONE',  ( -3.469446951953614189E-15, 3.784359954153603489, 34.81995469177693536 ) ) ;
#3234 = DIRECTION ( 'NONE',  ( 0.000000000000000000, 0.000000000000000000, -1.000000000000000000 ) ) ;
#3235 = VERTEX_POINT ( 'NONE', #1466 ) ;
#3236 = CARTESIAN_POINT ( 'NONE',  ( 0.000000000000000000, -42.83513221543134364, 25.74202931174070130 ) ) ;
#3237 = CARTESIAN_POINT ( 'NONE',  ( 5.194999182140327854, 3.770846970196445991, -47.73240214945116122 ) ) ;
#3238 = CARTESIAN_POINT ( 'NONE',  ( 0.000000000000000000, -29.58454572980014774, -40.27723027917095777 ) ) ;
#3239 = EDGE_LOOP ( 'NONE', ( #1423 ) ) ;
#3240 = ORIENTED_EDGE ( 'NONE', *, *, #308, .T. ) ;
#3241 = EDGE_CURVE ( 'NONE', #2847, #1009, #1787, .T. ) ;
#3242 = CARTESIAN_POINT ( 'NONE',  ( -2.555678084769642311, -20.92708175528638392, 28.63946009563579409 ) ) ;
#3243 = DIRECTION ( 'NONE',  ( 1.000000000000000000, 0.000000000000000000, 0.000000000000000000 ) ) ;
#3244 = DIRECTION ( 'NONE',  ( 0.000000000000000000, 0.000000000000000000, -1.000000000000000000 ) ) ;
#3245 = CARTESIAN_POINT ( 'NONE',  ( -5.556583932597439990, -23.05478690934828023, 29.57578064167611487 ) ) ;
#3246 = CARTESIAN_POINT ( 'NONE',  ( -5.556583932597439990, -32.18195282558718873, 19.25024447459515287 ) ) ;
#3247 = CARTESIAN_POINT ( 'NONE',  ( 2.555675114558310757, -48.80313660781673235, -8.450933417752796828 ) ) ;
#3248 = CARTESIAN_POINT ( 'NONE',  ( -5.380563170409297769, -36.55954729688168925, 7.417321401320938534 ) ) ;
#3249 = CARTESIAN_POINT ( 'NONE',  ( 2.555675114558311645, 36.15445093778409813, -33.85291857107561242 ) ) ;
#3250 = CARTESIAN_POINT ( 'NONE',  ( -2.056915804659397384, -29.72281416501614970, 19.05951705134442165 ) ) ;
#3251 = ORIENTED_EDGE ( 'NONE', *, *, #1248, .T. ) ;
#3252 = SPHERICAL_SURFACE ( 'NONE', #3203, 7.500000000000000000 ) ;
#3253 = ADVANCED_FACE ( 'NONE', ( #3441, #2336 ), #2833, .T. ) ;
#3254 = CARTESIAN_POINT ( 'NONE',  ( 0.000000000000000000, 36.48173426154664867, 34.15528788152567330 ) ) ;
#3255 = CARTESIAN_POINT ( 'NONE',  ( -5.556583932597439102, 0.000000000000000000, 0.000000000000000000 ) ) ;
#3256 = ORIENTED_EDGE ( 'NONE', *, *, #1080, .F. ) ;
#3257 = ORIENTED_EDGE ( 'NONE', *, *, #3351, .T. ) ;
#3258 = CARTESIAN_POINT ( 'NONE',  ( -3.281287451276768685, 2.741843990080387261, 35.67343332894152041 ) ) ;
#3259 = DIRECTION ( 'NONE',  ( 0.000000000000000000, 0.000000000000000000, -1.000000000000000000 ) ) ;
#3260 = CARTESIAN_POINT ( 'NONE',  ( -0.1688795059594344894, -42.83513221543104521, -25.74202931174117737 ) ) ;
#3261 = EDGE_CURVE ( 'NONE', #2334, #622, #780, .T. ) ;
#3262 = FACE_OUTER_BOUND ( 'NONE', #295, .T. ) ;
#3263 = DIRECTION ( 'NONE',  ( 0.000000000000000000, 0.000000000000000000, -1.000000000000000000 ) ) ;
#3264 = CARTESIAN_POINT ( 'NONE',  ( 5.556583932597444431, 5.026419636518006051, 47.23330504673188557 ) ) ;
#3265 = CARTESIAN_POINT ( 'NONE',  ( -3.964899447139822453, -35.41828096846042229, 7.194824387648424135 ) ) ;
#3266 = TOROIDAL_SURFACE ( 'NONE', #2571, 42.50000000000000000, 7.475000000000004086 ) ;
#3267 = AXIS2_PLACEMENT_3D ( 'NONE', #473, #3507, #2718 ) ;
#3268 = CARTESIAN_POINT ( 'NONE',  ( 3.964897064204550681, 35.66152827205984721, -33.39748825709017410 ) ) ;
#3269 = TOROIDAL_SURFACE ( 'NONE', #1769, 42.50000000000000000, 7.475000000000004086 ) ;
#3270 = CARTESIAN_POINT ( 'NONE',  ( -3.515274631057113019, 26.13557028179502240, -24.58646683783328868 ) ) ;
#3271 = ORIENTED_EDGE ( 'NONE', *, *, #106, .F. ) ;
#3272 = CIRCLE ( 'NONE', #2000, 30.00000000000000000 ) ;
#3273 = FACE_BOUND ( 'NONE', #2930, .T. ) ;
#3274 = EDGE_CURVE ( 'NONE', #1219, #970, #1392, .T. ) ;
#3275 = DIRECTION ( 'NONE',  ( 1.000000000000000000, 0.000000000000000000, 0.000000000000000000 ) ) ;
#3276 = DIRECTION ( 'NONE',  ( 0.000000000000000000, 0.000000000000000000, -1.000000000000000000 ) ) ;
#3277 = CARTESIAN_POINT ( 'NONE',  ( -3.469446951953614189E-15, 16.10722901273736696, -31.10157228390923834 ) ) ;
#3278 = ORIENTED_EDGE ( 'NONE', *, *, #1694, .T. ) ;
#3279 = ORIENTED_EDGE ( 'NONE', *, *, #348, .F. ) ;
#3280 = B_SPLINE_CURVE_WITH_KNOTS ( 'NONE', 3,
 ( #741, #1310, #2146, #2418, #1035, #3249, #1051, #2162, #3268, #2638, #2085, #2448, #1640, #1 ),
 .UNSPECIFIED., .F., .F.,
 ( 4, 2, 2, 2, 2, 2, 4 ),
 ( 1.971617195683285237E-07, 0.001556721546461256513, 0.002334983738832102813, 0.003113245931202949113, 0.004669770315944642147, 0.005448032508315488014, 0.006226294700686335615 ),
 .UNSPECIFIED. ) ;
#3281 = CARTESIAN_POINT ( 'NONE',  ( -5.556583932597439102, 4.031932718938539217, 37.28261684149804012 ) ) ;
#3282 = CARTESIAN_POINT ( 'NONE',  ( -2.378268148537112106E-15, -13.03695353713106719, 48.24456930547403744 ) ) ;
#3283 = DIRECTION ( 'NONE',  ( 1.000000000000000000, 0.000000000000000000, 0.000000000000000000 ) ) ;
#3284 = EDGE_LOOP ( 'NONE', ( #3535, #443, #3080, #2313 ) ) ;
#3285 = CARTESIAN_POINT ( 'NONE',  ( -3.969782328569877006, -35.64448828306773720, 6.088961503941511921 ) ) ;
#3286 = CARTESIAN_POINT ( 'NONE',  ( 3.515271977441956963, -12.80775329991507938, 47.41812588826041264 ) ) ;
#3287 = DIRECTION ( 'NONE',  ( 0.000000000000000000, 0.9957341762950348008, -0.09226835946329865756 ) ) ;
#3288 = DIRECTION ( 'NONE',  ( 0.000000000000000000, 0.000000000000000000, -1.000000000000000000 ) ) ;
#3289 = CARTESIAN_POINT ( 'NONE',  ( -1.043260194215536174, 16.13212114261673591, 31.15058345444551335 ) ) ;
#3290 = ADVANCED_FACE ( 'NONE', ( #3392, #902 ), #3408, .F. ) ;
#3291 = CARTESIAN_POINT ( 'NONE',  ( 5.556583932597444431, -40.04105278298581538, 25.55316207497899939 ) ) ;
#3292 = EDGE_LOOP ( 'NONE', ( #3301, #561, #2507, #3140 ) ) ;
#3293 = DIRECTION ( 'NONE',  ( -0.000000000000000000, 0.1837495178165638177, 0.9829730996839030066 ) ) ;
#3294 = CARTESIAN_POINT ( 'NONE',  ( -1.307728941856035387, 25.58751194008961960, 24.07888211303952630 ) ) ;
#3295 = DIRECTION ( 'NONE',  ( 1.000000000000000000, 0.000000000000000000, 0.000000000000000000 ) ) ;
#3296 = ORIENTED_EDGE ( 'NONE', *, *, #1665, .T. ) ;
#3297 = ORIENTED_EDGE ( 'NONE', *, *, #152, .T. ) ;
#3298 = CARTESIAN_POINT ( 'NONE',  ( -0.2631557696538511237, 2.678225850554544873, 34.92245311104896643 ) ) ;
#3299 = PLANE ( 'NONE',  #3380 ) ;
#3300 = CARTESIAN_POINT ( 'NONE',  ( 0.000000000000000000, 0.000000000000000000, 0.000000000000000000 ) ) ;
#3301 = ORIENTED_EDGE ( 'NONE', *, *, #3120, .T. ) ;
#3302 = CARTESIAN_POINT ( 'NONE',  ( 5.601502700796328504, -28.45396745413292550, -38.03692582267597544 ) ) ;
#3303 = CARTESIAN_POINT ( 'NONE',  ( -4.817902579072507407, 36.75686129599351659, 0.5690428298872436397 ) ) ;
#3304 = CARTESIAN_POINT ( 'NONE',  ( 0.4806690185975408536, 35.02327409828090055, -0.3513259707893867656 ) ) ;
#3305 = CARTESIAN_POINT ( 'NONE',  ( 0.000000000000000000, 46.83586816282478082, -17.43278745452079193 ) ) ;
#3306 = B_SPLINE_CURVE_WITH_KNOTS ( 'NONE', 3,
 ( #1447, #2232, #3349, #2846, #1972, #340, #3083, #1156, #2266, #1463, #2026, #3118, #2569, #3592 ),
 .UNSPECIFIED., .F., .F.,
 ( 4, 2, 2, 2, 2, 2, 4 ),
 ( 1.971617045691126630E-07, 0.001556723823003170696, 0.002334987153652471129, 0.003113250484301771995, 0.004669777145600373727, 0.005448040476249674594, 0.006226303806898975460 ),
 .UNSPECIFIED. ) ;
#3307 = CARTESIAN_POINT ( 'NONE',  ( -0.3305743550285027976, 37.32349693775597643, 33.23361152339112579 ) ) ;
#3308 = CARTESIAN_POINT ( 'NONE',  ( 0.6116626697214738728, -29.81960132337741953, 18.37247377313307339 ) ) ;
#3309 = EDGE_CURVE ( 'NONE', #1264, #1219, #556, .T. ) ;
#3310 = CARTESIAN_POINT ( 'NONE',  ( -20.63749999999999929, 0.000000000000000000, 0.000000000000000000 ) ) ;
#3311 = EDGE_LOOP ( 'NONE', ( #1790, #656, #505, #1227 ) ) ;
#3312 = ORIENTED_EDGE ( 'NONE', *, *, #966, .T. ) ;
#3313 = DIRECTION ( 'NONE',  ( 0.000000000000000000, 0.000000000000000000, -1.000000000000000000 ) ) ;
#3314 = CARTESIAN_POINT ( 'NONE',  ( -3.469446951953614189E-15, 32.85637963035640752, -12.13296924029318014 ) ) ;
#3315 = CARTESIAN_POINT ( 'NONE',  ( -5.601503256229772632, 34.89987277086687101, 13.72573204503026290 ) ) ;
#3316 = VERTEX_POINT ( 'NONE', #2322 ) ;
#3317 = EDGE_CURVE ( 'NONE', #2916, #368, #1612, .T. ) ;
#3318 = CARTESIAN_POINT ( 'NONE',  ( -3.281287451276766909, -35.26827130454043413, 6.021676936676844782 ) ) ;
#3319 = CARTESIAN_POINT ( 'NONE',  ( -3.969782328569880114, -30.44370153049138850, -19.51373962828735387 ) ) ;
#3320 = CARTESIAN_POINT ( 'NONE',  ( -3.469446951953614189E-15, 16.10722901273686603, 31.10157228390949058 ) ) ;
#3321 = CARTESIAN_POINT ( 'NONE',  ( -5.556583932597439102, 27.32238820962085768, -25.68534801249093036 ) ) ;
#3322 = EDGE_CURVE ( 'NONE', #235, #1606, #292, .T. ) ;
#3323 = B_SPLINE_CURVE_WITH_KNOTS ( 'NONE', 3,
 ( #1963, #3355, #3073, #1677, #827, #1417, #1692, #3055, #2781, #1713, #2818, #2201, #1436, #2542 ),
 .UNSPECIFIED., .F., .F.,
 ( 4, 2, 2, 2, 2, 2, 4 ),
 ( 1.974398904504073852E-07, 0.0004563904265459811389, 0.0006844869198737466107, 0.0009125834132015120826, 0.001140679906529277771, 0.001368776399857043026, 0.001824969386512564429 ),
 .UNSPECIFIED. ) ;
#3324 = CARTESIAN_POINT ( 'NONE',  ( -3.469446951953614189E-15, 26.25472753991292763, 23.18275019933866332 ) ) ;
#3325 = CARTESIAN_POINT ( 'NONE',  ( -4.599617731266012477, -30.81691767511202684, 19.74886213637834587 ) ) ;
#3326 = AXIS2_PLACEMENT_3D ( 'NONE', #1623, #1276, #2727 ) ;
#3327 = EDGE_LOOP ( 'NONE', ( #711, #2435, #1010, #425 ) ) ;
#3328 = AXIS2_PLACEMENT_3D ( 'NONE', #553, #570, #3034 ) ;
#3329 = CARTESIAN_POINT ( 'NONE',  ( -4.817902579072502078, 26.78028659123870270, 25.18346505479880548 ) ) ;
#3330 = CARTESIAN_POINT ( 'NONE',  ( -5.556583932597439990, 4.031932718939132521, -37.28261684149797617 ) ) ;
#3331 = TOROIDAL_SURFACE ( 'NONE', #1827, 42.50000000000000000, 7.475000000000004086 ) ;
#3332 = EDGE_LOOP ( 'NONE', ( #2319, #1054, #2306, #969 ) ) ;
#3333 = ORIENTED_EDGE ( 'NONE', *, *, #3145, .T. ) ;
#3334 = CARTESIAN_POINT ( 'NONE',  ( -2.074421552793067391, 15.23327496275575221, 31.84352165569855231 ) ) ;
#3335 = CARTESIAN_POINT ( 'NONE',  ( -5.601503256229782401, -36.82773276110663119, 7.079190580227290752 ) ) ;
#3336 = ORIENTED_EDGE ( 'NONE', *, *, #2499, .T. ) ;
#3337 = CARTESIAN_POINT ( 'NONE',  ( -4.817902579072508296, -30.95175088178281797, -19.83380395756722336 ) ) ;
#3338 = CARTESIAN_POINT ( 'NONE',  ( 3.281284640227981164, -42.19172658342012738, 25.34955567688486155 ) ) ;
#3339 = CARTESIAN_POINT ( 'NONE',  ( -25.00000000000000000, 0.000000000000000000, 0.000000000000000000 ) ) ;
#3340 = ADVANCED_FACE ( 'NONE', ( #2410 ), #3269, .F. ) ;
#3341 = DIRECTION ( 'NONE',  ( 0.000000000000000000, 0.2736629900720729536, 0.9618256431728219313 ) ) ;
#3342 = CARTESIAN_POINT ( 'NONE',  ( 0.5944992156788033721, -29.69891956224229546, 18.56689463759886749 ) ) ;
#3343 = ORIENTED_EDGE ( 'NONE', *, *, #231, .T. ) ;
#3344 = CARTESIAN_POINT ( 'NONE',  ( 0.3065306711279763285, 2.731205338193186005, -34.91849476144250275 ) ) ;
#3345 = CARTESIAN_POINT ( 'NONE',  ( 1.307726991999700994, -29.51845567165749529, -40.18849360563066853 ) ) ;
#3346 = ORIENTED_EDGE ( 'NONE', *, *, #801, .T. ) ;
#3347 = ORIENTED_EDGE ( 'NONE', *, *, #11, .F. ) ;
#3348 = VERTEX_POINT ( 'NONE', #1757 ) ;
#3349 = CARTESIAN_POINT ( 'NONE',  ( -1.043260194215537506, 32.50618490961466733, -13.18909112616848667 ) ) ;
#3350 = ORIENTED_EDGE ( 'NONE', *, *, #1359, .F. ) ;
#3351 = EDGE_CURVE ( 'NONE', #1631, #940, #594, .T. ) ;
#3352 = CARTESIAN_POINT ( 'NONE',  ( -5.194999927352051294, 34.81477823221815271, 12.87410750435167373 ) ) ;
#3353 = CARTESIAN_POINT ( 'NONE',  ( -2.074421552793072276, -29.71504538545713459, -19.05462188730300710 ) ) ;
#3354 = CARTESIAN_POINT ( 'NONE',  ( 5.556583932597444431, -40.72208569861752636, 24.45325615034632705 ) ) ;
#3355 = CARTESIAN_POINT ( 'NONE',  ( 0.1540323861005558070, -20.66137603572798298, -28.28176382954650947 ) ) ;
#3356 = CARTESIAN_POINT ( 'NONE',  ( -1.805201453756178465, 26.41595686482988725, 23.32740930562492210 ) ) ;
#3357 = CARTESIAN_POINT ( 'NONE',  ( 1.805199156379295067, -41.95317706427654514, 26.75497620658329012 ) ) ;
#3358 = EDGE_LOOP ( 'NONE', ( #2299 ) ) ;
#3359 = CARTESIAN_POINT ( 'NONE',  ( -3.281287451276765132, 26.05928378592105332, 24.51581698628882222 ) ) ;
#3360 = CARTESIAN_POINT ( 'NONE',  ( -4.188095163653575703, -31.15936963765762613, 18.62796309926484639 ) ) ;
#3361 = CARTESIAN_POINT ( 'NONE',  ( 1.043258717209528452, 49.91562737686904683, -0.6631122568228767777 ) ) ;
#3362 = EDGE_LOOP ( 'NONE', ( #1664, #522, #747, #2224 ) ) ;
#3363 = EDGE_CURVE ( 'NONE', #193, #743, #3206, .T. ) ;
#3364 = ORIENTED_EDGE ( 'NONE', *, *, #2440, .F. ) ;
#3365 = CARTESIAN_POINT ( 'NONE',  ( 3.281284640227982496, -14.10217695019012929, 47.15793008997631830 ) ) ;
#3366 = CARTESIAN_POINT ( 'NONE',  ( -5.601503256229773520, -36.89813667211473813, 6.702562921793961515 ) ) ;
#3367 = ORIENTED_EDGE ( 'NONE', *, *, #2677, .T. ) ;
#3368 = FILL_AREA_STYLE ('',( #1709 ) ) ;
#3369 = CARTESIAN_POINT ( 'NONE',  ( -1.307728941856033167, -34.43083910258652480, -7.002188928448186189 ) ) ;
#3370 = CARTESIAN_POINT ( 'NONE',  ( 3.515903202787782789, -42.08959457283847172, 25.28725971188422150 ) ) ;
#3371 = CARTESIAN_POINT ( 'NONE',  ( 0.5937110929421073324, -34.40010188420047399, -6.586982641475021438 ) ) ;
#3372 = CARTESIAN_POINT ( 'NONE',  ( 0.000000000000000000, 21.67989097597743964, 45.02757990687189249 ) ) ;
#3373 = CARTESIAN_POINT ( 'NONE',  ( 5.204542906582169337, -47.19080621216622973, 8.160737774186614502 ) ) ;
#3374 = VERTEX_POINT ( 'NONE', #2370 ) ;
#3375 = B_SPLINE_CURVE_WITH_KNOTS ( 'NONE', 3,
 ( #3281, #488, #841, #3591 ),
 .UNSPECIFIED., .F., .F.,
 ( 4, 4 ),
 ( 1.703398595700559515E-06, 0.001151158023206739480 ),
 .UNSPECIFIED. ) ;
#3376 = CARTESIAN_POINT ( 'NONE',  ( -4.188095163653574815, -21.42352341107791247, -29.30767766471356595 ) ) ;
#3377 = CARTESIAN_POINT ( 'NONE',  ( -5.556583932597439990, -23.05478690934828023, 29.57578064167611487 ) ) ;
#3378 = CARTESIAN_POINT ( 'NONE',  ( 0.5944992156788624360, 32.71429936914974235, 12.51119564365791526 ) ) ;
#3379 = ORIENTED_EDGE ( 'NONE', *, *, #931, .T. ) ;
#3380 = AXIS2_PLACEMENT_3D ( 'NONE', #1922, #525, #1598 ) ;
#3381 = TOROIDAL_SURFACE ( 'NONE', #1295, 42.50000000000000000, 7.475000000000004086 ) ;
#3382 = VERTEX_POINT ( 'NONE', #197 ) ;
#3383 = EDGE_CURVE ( 'NONE', #2659, #961, #890, .T. ) ;
#3384 = AXIS2_PLACEMENT_3D ( 'NONE', #2997, #2415, #1048 ) ;
#3385 = CARTESIAN_POINT ( 'NONE',  ( 0.000000000000000000, -41.77635673656577353, -7.809354507204546714 ) ) ;
#3386 = CARTESIAN_POINT ( 'NONE',  ( -2.056915804659395164, -9.125111105341371598, 34.10928347875029942 ) ) ;
#3387 = EDGE_LOOP ( 'NONE', ( #2263 ) ) ;
#3388 = TOROIDAL_SURFACE ( 'NONE', #1533, 42.50000000000000000, 7.475000000000004086 ) ;
#3389 = B_SPLINE_CURVE_WITH_KNOTS ( 'NONE', 3,
 ( #1069, #1636, #3302, #1360 ),
 .UNSPECIFIED., .F., .F.,
 ( 4, 4 ),
 ( 1.917147537325877077E-06, 0.001295593643117220767 ),
 .UNSPECIFIED. ) ;
#3390 = B_SPLINE_CURVE_WITH_KNOTS ( 'NONE', 3,
 ( #407, #653, #2896, #389, #984, #1002, #3220, #727, #1224, #3482, #3432, #138, #1518, #967 ),
 .UNSPECIFIED., .F., .F.,
 ( 4, 2, 2, 2, 2, 2, 4 ),
 ( 2.947675409798148993E-07, 0.001556819483393526897, 0.002335081841319802589, 0.003113344199246078064, 0.004669868915098619906, 0.005448131273024891044, 0.006226393630951161315 ),
 .UNSPECIFIED. ) ;
#3391 = CARTESIAN_POINT ( 'NONE',  ( 3.515903202787778348, 5.184978639959949120, -48.82720011986508979 ) ) ;
#3392 = FACE_OUTER_BOUND ( 'NONE', #3387, .T. ) ;
#3393 = CARTESIAN_POINT ( 'NONE',  ( 4.599615815309081590, -28.64266484424767611, 39.01246992181020090 ) ) ;
#3394 = CARTESIAN_POINT ( 'NONE',  ( 0.6116626697214744279, -34.41440682991127176, -6.511913557088498727 ) ) ;
#3395 = CARTESIAN_POINT ( 'NONE',  ( 5.601502700796332945, -13.20677574900652829, -45.62912517500267739 ) ) ;
#3396 = DIRECTION ( 'NONE',  ( 1.000000000000000000, 0.000000000000000000, 0.000000000000000000 ) ) ;
#3397 = ORIENTED_EDGE ( 'NONE', *, *, #978, .T. ) ;
#3398 = EDGE_CURVE ( 'NONE', #483, #1433, #1262, .T. ) ;
#3399 = CARTESIAN_POINT ( 'NONE',  ( 5.556583932597444431, 0.000000000000000000, 0.000000000000000000 ) ) ;
#3400 = CARTESIAN_POINT ( 'NONE',  ( -5.556583932597439102, -10.81394427001693970, -35.90694374804082400 ) ) ;
#3401 = ORIENTED_EDGE ( 'NONE', *, *, #3309, .T. ) ;
#3402 = CARTESIAN_POINT ( 'NONE',  ( -3.469446951953614189E-15, 0.000000000000000000, 0.000000000000000000 ) ) ;
#3403 = VERTEX_POINT ( 'NONE', #2317 ) ;
#3404 = CARTESIAN_POINT ( 'NONE',  ( 5.556583932597444431, -12.37564109022107495, -45.85949746351383993 ) ) ;
#3405 = UNCERTAINTY_MEASURE_WITH_UNIT (LENGTH_MEASURE( 1.000000000000000082E-05 ), #729, 'distance_accuracy_value', 'NONE');
#3406 = B_SPLINE_CURVE_WITH_KNOTS ( 'NONE', 3,
 ( #3562, #3578, #1088, #3029 ),
 .UNSPECIFIED., .F., .F.,
 ( 4, 4 ),
 ( 1.917147537320229061E-06, 0.001295593643117217949 ),
 .UNSPECIFIED. ) ;
#3407 = ORIENTED_EDGE ( 'NONE', *, *, #3208, .T. ) ;
#3408 = CYLINDRICAL_SURFACE ( 'NONE', #2928, 30.00000000000000000 ) ;
#3409 = CARTESIAN_POINT ( 'NONE',  ( 3.969779934108137009, -41.17487945021659357, -26.26584907105628375 ) ) ;
#3410 = CARTESIAN_POINT ( 'NONE',  ( -3.469446951953614189E-15, -10.11807391946313217, 33.53170447740883731 ) ) ;
#3411 = EDGE_CURVE ( 'NONE', #732, #1888, #829, .T. ) ;
#3412 = CARTESIAN_POINT ( 'NONE',  ( 5.601502700796334722, 35.24926610562266660, -31.84219258995225132 ) ) ;
#3413 = VERTEX_POINT ( 'NONE', #3489 ) ;
#3414 = CARTESIAN_POINT ( 'NONE',  ( -5.556583932597439102, 28.09677078279037588, 24.83589079496319840 ) ) ;
#3415 = CARTESIAN_POINT ( 'NONE',  ( -2.378268148537112106E-15, -29.58454572980066288, 40.27723027917055987 ) ) ;
#3416 = VERTEX_POINT ( 'NONE', #177 ) ;
#3417 = ORIENTED_EDGE ( 'NONE', *, *, #562, .F. ) ;
#3418 = CARTESIAN_POINT ( 'NONE',  ( -25.00000000000000000, 0.000000000000000000, -49.97500000000000853 ) ) ;
#3419 = CARTESIAN_POINT ( 'NONE',  ( 3.515271977441959184, -14.07305524516200990, -47.05811644565702778 ) ) ;
#3420 = ORIENTED_EDGE ( 'NONE', *, *, #1233, .T. ) ;
#3421 = CARTESIAN_POINT ( 'NONE',  ( 0.000000000000000000, 49.97059558823531233, 0.6634768700107630535 ) ) ;
#3422 = CARTESIAN_POINT ( 'NONE',  ( -2.378268148537112106E-15, 36.48173426154711052, -34.15528788152516881 ) ) ;
#3423 = CARTESIAN_POINT ( 'NONE',  ( 0.5286488320022098009, -9.306172819222727099, 33.76611536891672927 ) ) ;
#3424 = EDGE_CURVE ( 'NONE', #924, #2071, #76, .T. ) ;
#3425 = EDGE_CURVE ( 'NONE', #3316, #2119, #955, .T. ) ;
#3426 = CARTESIAN_POINT ( 'NONE',  ( -0.5518461579784782467, 4.944258029437845536, -49.72997578838243271 ) ) ;
#3427 = VERTEX_POINT ( 'NONE', #3009 ) ;
#3428 = B_SPLINE_CURVE_WITH_KNOTS ( 'NONE', 3,
 ( #2646, #502, #989, #2389, #2621, #2059, #2096, #1833, #1347, #520 ),
 .UNSPECIFIED., .F., .F.,
 ( 4, 2, 2, 2, 4 ),
 ( 1.968926466829879982E-07, 0.0004987066525189283407, 0.0009972164123911737149, 0.001495726172263419198, 0.001994235932135664680 ),
 .UNSPECIFIED. ) ;
#3429 = CARTESIAN_POINT ( 'NONE',  ( 3.964897064204552457, 21.18882046735691915, -44.02466022337383578 ) ) ;
#3430 = CARTESIAN_POINT ( 'NONE',  ( -0.5263101570733907941, -30.06751008205486642, -17.96372629677732746 ) ) ;
#3431 = ORIENTED_EDGE ( 'NONE', *, *, #3351, .F. ) ;
#3432 = CARTESIAN_POINT ( 'NONE',  ( 1.046969926904345538, -30.60150854735644543, 39.42274657916915004 ) ) ;
#3433 = CARTESIAN_POINT ( 'NONE',  ( -0.1687870779475116878, 46.35651718282588263, 18.67013496679572881 ) ) ;
#3434 = AXIS2_PLACEMENT_3D ( 'NONE', #1862, #2968, #3517 ) ;
#3435 = TOROIDAL_SURFACE ( 'NONE', #766, 42.50000000000000000, 7.475000000000004086 ) ;
#3436 = EDGE_LOOP ( 'NONE', ( #1920 ) ) ;
#3437 = AXIS2_PLACEMENT_3D ( 'NONE', #1073, #1859, #1603 ) ;
#3438 = AXIS2_PLACEMENT_3D ( 'NONE', #657, #1450, #1780 ) ;
#3439 = EDGE_CURVE ( 'NONE', #743, #748, #3375, .T. ) ;
#3440 = CARTESIAN_POINT ( 'NONE',  ( 0.6120577571880690959, 15.54504042944303599, -31.38643231838586445 ) ) ;
#3441 = FACE_BOUND ( 'NONE', #637, .T. ) ;
#3442 = CARTESIAN_POINT ( 'NONE',  ( 5.380562815295797385, 44.70487575754302867, 16.62365172649511180 ) ) ;
#3443 = CARTESIAN_POINT ( 'NONE',  ( 5.556583932597444431, 0.000000000000000000, 0.000000000000000000 ) ) ;
#3444 = CARTESIAN_POINT ( 'NONE',  ( -1.046971508578977028, -9.067974144055716224, -33.90225952784213348 ) ) ;
#3445 = CARTESIAN_POINT ( 'NONE',  ( 0.5286488320023284837, 15.87074012830423975, 31.22298844486332925 ) ) ;
#3446 = EDGE_CURVE ( 'NONE', #3416, #27, #2634, .T. ) ;
#3447 = CARTESIAN_POINT ( 'NONE',  ( 0.5263093472665479888, 49.97059558823530523, -0.6634768700107849249 ) ) ;
#3448 = ORIENTED_EDGE ( 'NONE', *, *, #2259, .T. ) ;
#3449 = CARTESIAN_POINT ( 'NONE',  ( 0.6120577571880685408, 25.83340561178762584, -23.65146021129551102 ) ) ;
#3450 = CARTESIAN_POINT ( 'NONE',  ( 5.380562815295793833, -40.88910230528163936, -24.55510183015691439 ) ) ;
#3451 = DIRECTION ( 'NONE',  ( 1.000000000000000000, 0.000000000000000000, 0.000000000000000000 ) ) ;
#3452 = VERTEX_POINT ( 'NONE', #564 ) ;
#3453 = ORIENTED_EDGE ( 'NONE', *, *, #2856, .T. ) ;
#3454 = CARTESIAN_POINT ( 'NONE',  ( -5.380563170409295104, 4.012390964055641440, 37.08797479069176006 ) ) ;
#3455 = CARTESIAN_POINT ( 'NONE',  ( 5.556583932597444431, -46.80574903283736887, -8.091468190325217691 ) ) ;
#3456 = CARTESIAN_POINT ( 'NONE',  ( -0.5525058339322905798, -42.66455507558851679, -26.02406768267462667 ) ) ;
#3457 = FACE_OUTER_BOUND ( 'NONE', #307, .T. ) ;
#3458 = CARTESIAN_POINT ( 'NONE',  ( -0.1687870779475074134, -49.24166479336533087, 8.529892928861711354 ) ) ;
#3459 = FACE_OUTER_BOUND ( 'NONE', #388, .T. ) ;
#3460 = B_SPLINE_CURVE_WITH_KNOTS ( 'NONE', 3,
 ( #1311, #2419, #1327, #1036, #3250, #1876, #482, #1605, #206, #3325, #1951, #2545, #2185, #833 ),
 .UNSPECIFIED., .F., .F.,
 ( 4, 2, 2, 2, 2, 2, 4 ),
 ( 1.971617045673767749E-07, 0.001556723823003165709, 0.002334987153652465924, 0.003113250484301766357, 0.004669777145600371125, 0.005448040476249671991, 0.006226303806898974592 ),
 .UNSPECIFIED. ) ;
#3461 = FACE_OUTER_BOUND ( 'NONE', #1974, .T. ) ;
#3462 = CARTESIAN_POINT ( 'NONE',  ( 0.000000000000000000, -30.64347767414183465, 39.47756199456055271 ) ) ;
#3463 = ORIENTED_EDGE ( 'NONE', *, *, #3145, .F. ) ;
#3464 = CARTESIAN_POINT ( 'NONE',  ( -5.556583932597439990, -9.708369336402427052, -36.22150693756406525 ) ) ;
#3465 = EDGE_CURVE ( 'NONE', #84, #2228, #421, .T. ) ;
#3466 = CARTESIAN_POINT ( 'NONE',  ( 5.556583932597444431, 21.74963453899389876, -42.22799305461015251 ) ) ;
#3467 = ORIENTED_EDGE ( 'NONE', *, *, #464, .F. ) ;
#3468 = ORIENTED_EDGE ( 'NONE', *, *, #2597, .T. ) ;
#3469 = B_SPLINE_CURVE_WITH_KNOTS ( 'NONE', 3,
 ( #1432, #3335, #3366, #877 ),
 .UNSPECIFIED., .F., .F.,
 ( 4, 4 ),
 ( 1.703398595623247007E-06, 0.001151158023206739914 ),
 .UNSPECIFIED. ) ;
#3470 = B_SPLINE_CURVE_WITH_KNOTS ( 'NONE', 3,
 ( #77, #1200, #2033, #642 ),
 .UNSPECIFIED., .F., .F.,
 ( 4, 4 ),
 ( 1.917147537315716070E-06, 0.001295593643117213395 ),
 .UNSPECIFIED. ) ;
#3471 = CARTESIAN_POINT ( 'NONE',  ( -0.3311252865192190753, -42.79431385202857285, 25.81013136946112141 ) ) ;
#3472 = CARTESIAN_POINT ( 'NONE',  ( 4.188092993901582517, 45.16790953703324618, 18.20050967853472912 ) ) ;
#3473 = CARTESIAN_POINT ( 'NONE',  ( 0.000000000000000000, 3.950058281679397876, 49.81864775936152512 ) ) ;
#3474 = CARTESIAN_POINT ( 'NONE',  ( -4.817902579072509184, -10.60631255377559690, 35.19796579472702547 ) ) ;
#3475 = CARTESIAN_POINT ( 'NONE',  ( -0.5525058339321726741, -49.06178767789288031, 9.510906812692070389 ) ) ;
#3476 = CARTESIAN_POINT ( 'NONE',  ( 4.804961032689090139, 5.098913645564925545, 47.96180906589399484 ) ) ;
#3477 = CARTESIAN_POINT ( 'NONE',  ( -3.964899447139825117, 2.772506078876859181, -36.03516802753244974 ) ) ;
#3478 = ORIENTED_EDGE ( 'NONE', *, *, #629, .F. ) ;
#3479 = CARTESIAN_POINT ( 'NONE',  ( 23.50000000000000000, 0.000000000000000000, 0.000000000000000000 ) ) ;
#3480 = CARTESIAN_POINT ( 'NONE',  ( -3.964899447139822453, 26.32564243355878020, -24.76248523856835604 ) ) ;
#3481 = EDGE_LOOP ( 'NONE', ( #16 ) ) ;
#3482 = CARTESIAN_POINT ( 'NONE',  ( 1.307726991999701216, -30.57621486896637109, 39.38971093847003146 ) ) ;
#3483 = CARTESIAN_POINT ( 'NONE',  ( 4.817901204096655121, 35.20645077177912441, 32.97698334377703588 ) ) ;
#3484 = CARTESIAN_POINT ( 'NONE',  ( 0.5251762499567619313, 22.86147197699901668, -44.42374174853591029 ) ) ;
#3485 = EDGE_CURVE ( 'NONE', #748, #2842, #908, .T. ) ;
#3486 = EDGE_LOOP ( 'NONE', ( #1195, #3539, #783, #302 ) ) ;
#3487 = AXIS2_PLACEMENT_3D ( 'NONE', #3231, #185, #2611 ) ;
#3488 = AXIS2_PLACEMENT_3D ( 'NONE', #1734, #1510, #628 ) ;
#3489 = CARTESIAN_POINT ( 'NONE',  ( -3.469446951953614189E-15, 25.50633731225603285, -24.00369517206496894 ) ) ;
#3490 = CARTESIAN_POINT ( 'NONE',  ( 5.556583932597444431, -28.10630291193245256, 38.29211063160005324 ) ) ;
#3491 = CARTESIAN_POINT ( 'NONE',  ( -4.817902579072502078, 34.06919041858139963, 13.80872645458640768 ) ) ;
#3492 = CIRCLE ( 'NONE', #241, 37.50000000000000711 ) ;
#3493 = CARTESIAN_POINT ( 'NONE',  ( 2.056913264089354154, 46.09257008749780482, -18.56585832443483142 ) ) ;
#3494 = AXIS2_PLACEMENT_3D ( 'NONE', #706, #501, #1608 ) ;
#3495 = CARTESIAN_POINT ( 'NONE',  ( 0.4796554304381671074, 15.29575363145194800, 31.50861862581426465 ) ) ;
#3496 = AXIS2_PLACEMENT_3D ( 'NONE', #1477, #1737, #1515 ) ;
#3497 = CARTESIAN_POINT ( 'NONE',  ( 0.6116626697214953001, 3.154624029298321641, 34.88272871871420477 ) ) ;
#3498 = DIRECTION ( 'NONE',  ( 1.000000000000000000, 0.000000000000000000, 0.000000000000000000 ) ) ;
#3499 = ORIENTED_EDGE ( 'NONE', *, *, #2856, .F. ) ;
#3500 = CARTESIAN_POINT ( 'NONE',  ( 0.5286488320022385556, -29.93036055231985770, -18.19145175230308809 ) ) ;
#3501 = EDGE_CURVE ( 'NONE', #1042, #2192, #1068, .T. ) ;
#3502 = CARTESIAN_POINT ( 'NONE',  ( 3.964897064204554233, 3.854445047230119936, -48.70605787742714199 ) ) ;
#3503 = CARTESIAN_POINT ( 'NONE',  ( -5.556583932597439990, -31.57684294142352499, -20.22753049318360752 ) ) ;
#3504 = VERTEX_POINT ( 'NONE', #2194 ) ;
#3505 = ORIENTED_EDGE ( 'NONE', *, *, #1204, .F. ) ;
#3506 = B_SPLINE_CURVE_WITH_KNOTS ( 'NONE', 3,
 ( #2326, #643, #3126, #3426, #1235, #2049, #1767, #2583, #2889, #3161 ),
 .UNSPECIFIED., .F., .F.,
 ( 4, 2, 2, 2, 4 ),
 ( 1.968926466873791758E-07, 0.0004987066525189324607, 0.0009972164123911774012, 0.001495726172263422450, 0.001994235932135667716 ),
 .UNSPECIFIED. ) ;
#3507 = DIRECTION ( 'NONE',  ( 0.000000000000000000, -0.7980172272802447120, 0.6026346363792494110 ) ) ;
#3508 = DIRECTION ( 'NONE',  ( 1.000000000000000000, 0.000000000000000000, 0.000000000000000000 ) ) ;
#3509 = FACE_OUTER_BOUND ( 'NONE', #1257, .T. ) ;
#3510 = CARTESIAN_POINT ( 'NONE',  ( 2.555675114558314309, 45.94210617875933167, -18.50641235496818027 ) ) ;
#3511 = CARTESIAN_POINT ( 'NONE',  ( 1.307726991999700550, 37.29343709822699537, -33.10066151801217416 ) ) ;
#3512 = CARTESIAN_POINT ( 'NONE',  ( -0.5263101570733885737, 2.678225850555048027, -34.92245311104904459 ) ) ;
#3513 = ADVANCED_FACE ( 'NONE', ( #1921 ), #67, .F. ) ;
#3514 = CARTESIAN_POINT ( 'NONE',  ( 0.5937110929420092997, 3.078505924709858288, 34.88951348520055262 ) ) ;
#3515 = CARTESIAN_POINT ( 'NONE',  ( -4.599617731266013365, 26.66335719482318467, -25.07519399282049832 ) ) ;
#3516 = ORIENTED_EDGE ( 'NONE', *, *, #1817, .T. ) ;
#3517 = DIRECTION ( 'NONE',  ( 0.000000000000000000, 0.000000000000000000, -1.000000000000000000 ) ) ;
#3518 = CARTESIAN_POINT ( 'NONE',  ( 0.6116626697215284958, -34.44285316374518402, 6.359739111812944046 ) ) ;
#3519 = CARTESIAN_POINT ( 'NONE',  ( -5.601503256229768191, 27.58485585499344594, 25.40615214970381075 ) ) ;
#3520 = ORIENTED_EDGE ( 'NONE', *, *, #2626, .T. ) ;
#3521 = VERTEX_POINT ( 'NONE', #1940 ) ;
#3522 = CARTESIAN_POINT ( 'NONE',  ( -0.5263101570733905721, -20.66137603572836667, 28.28176382954623591 ) ) ;
#3523 = CARTESIAN_POINT ( 'NONE',  ( 5.380562815295800050, -46.76007635302526921, 9.400370879939210056 ) ) ;
#3524 = CARTESIAN_POINT ( 'NONE',  ( 5.556583932597444431, -46.80574903283746835, 8.091468190324558662 ) ) ;
#3525 = DIRECTION ( 'NONE',  ( 0.000000000000000000, 0.000000000000000000, -1.000000000000000000 ) ) ;
#3526 = FACE_BOUND ( 'NONE', #1669, .T. ) ;
#3527 = CARTESIAN_POINT ( 'NONE',  ( -1.805201453756178243, 2.696503933859498048, -35.13829347779129364 ) ) ;
#3528 = EDGE_CURVE ( 'NONE', #211, #545, #2862, .T. ) ;
#3529 = CARTESIAN_POINT ( 'NONE',  ( 5.601502700796332057, 34.95875136583548226, 32.16087207869689024 ) ) ;
#3530 = CARTESIAN_POINT ( 'NONE',  ( -5.556583932597439102, 27.32238820962085768, -25.68534801249093036 ) ) ;
#3531 = FACE_BOUND ( 'NONE', #1153, .T. ) ;
#3532 = CARTESIAN_POINT ( 'NONE',  ( 0.6120577571880371215, -34.41489347963540268, 6.509341165969428467 ) ) ;
#3533 = CARTESIAN_POINT ( 'NONE',  ( -0.5518461579784862403, -29.84901727448770004, -40.08182065627884327 ) ) ;
#3534 = ORIENTED_EDGE ( 'NONE', *, *, #187, .T. ) ;
#3535 = ORIENTED_EDGE ( 'NONE', *, *, #607, .T. ) ;
#3536 = CARTESIAN_POINT ( 'NONE',  ( 0.4806690185975123764, -9.922488239667108800, -33.59013821994087579 ) ) ;
#3537 = CARTESIAN_POINT ( 'NONE',  ( -0.6117970708676538916, -13.51540502378027853, 48.11301637061166048 ) ) ;
#3538 = DIRECTION ( 'NONE',  ( 0.000000000000000000, 0.000000000000000000, -1.000000000000000000 ) ) ;
#3539 = ORIENTED_EDGE ( 'NONE', *, *, #324, .F. ) ;
#3540 = EDGE_CURVE ( 'NONE', #1719, #3452, #2381, .T. ) ;
#3541 = CARTESIAN_POINT ( 'NONE',  ( -0.5263101570733893508, -34.52636457722950070, -5.889038468224946143 ) ) ;
#3542 = DIRECTION ( 'NONE',  ( 0.000000000000000000, 0.000000000000000000, -1.000000000000000000 ) ) ;
#3543 = SPHERICAL_SURFACE ( 'NONE', #6, 7.500000000000000000 ) ;
#3544 = DIRECTION ( 'NONE',  ( 1.000000000000000000, 0.000000000000000000, 0.000000000000000000 ) ) ;
#3545 = CIRCLE ( 'NONE', #2285, 53.50000000000000000 ) ;
#3546 = AXIS2_PLACEMENT_3D ( 'NONE', #288, #772, #256 ) ;
#3547 = CIRCLE ( 'NONE', #1067, 37.50000000000000711 ) ;
#3548 = CARTESIAN_POINT ( 'NONE',  ( 5.556583932597444431, 20.59158282926192385, -42.80463428865670750 ) ) ;
#3549 = ADVANCED_FACE ( 'NONE', ( #1776, #1155 ), #1703, .T. ) ;
#3550 = CARTESIAN_POINT ( 'NONE',  ( -2.555678084769641867, 25.83324540343248898, -24.30647768163845868 ) ) ;
#3551 = ORIENTED_EDGE ( 'NONE', *, *, #660, .T. ) ;
#3552 = AXIS2_PLACEMENT_3D ( 'NONE', #2661, #3275, #2988 ) ;
#3553 = CARTESIAN_POINT ( 'NONE',  ( 25.00000000000000000, 0.000000000000000000, 0.000000000000000000 ) ) ;
#3554 = ADVANCED_FACE ( 'NONE', ( #305, #1431 ), #323, .T. ) ;
#3555 = CARTESIAN_POINT ( 'NONE',  ( -4.188095163653573927, 26.44401885275264519, 24.87209666190239687 ) ) ;
#3556 = CARTESIAN_POINT ( 'NONE',  ( 0.3065306711280089136, 15.16078835903692124, -31.57390149057846074 ) ) ;
#3557 = CARTESIAN_POINT ( 'NONE',  ( -5.556583932597439102, 28.09677078279037588, 24.83589079496319840 ) ) ;
#3558 = ORIENTED_EDGE ( 'NONE', *, *, #691, .F. ) ;
#3559 = ORIENTED_EDGE ( 'NONE', *, *, #500, .F. ) ;
#3560 = CARTESIAN_POINT ( 'NONE',  ( -3.469446951953614189E-15, -9.049607886099979126, -33.83570927449041221 ) ) ;
#3561 = CARTESIAN_POINT ( 'NONE',  ( 4.599615815309079814, -47.44971576707761329, 9.534124627022315224 ) ) ;
#3562 = CARTESIAN_POINT ( 'NONE',  ( 5.556583932597444431, 5.026419636518006051, 47.23330504673188557 ) ) ;
#3563 = ORIENTED_EDGE ( 'NONE', *, *, #2504, .F. ) ;
#3564 = CARTESIAN_POINT ( 'NONE',  ( -5.556583932597439990, -36.96276768637388699, 6.324856121933131625 ) ) ;
#3565 = CARTESIAN_POINT ( 'NONE',  ( -1.046971508578977916, -29.54111830726586163, -18.94501742745429951 ) ) ;
#3566 = CARTESIAN_POINT ( 'NONE',  ( -3.469446951953614189E-15, 35.02059558823528818, 0.5554364457564597846 ) ) ;
#3567 = CARTESIAN_POINT ( 'NONE',  ( 5.601502700796330281, 4.597575545533503671, -47.27894128492855685 ) ) ;
#3568 = CARTESIAN_POINT ( 'NONE',  ( -0.6117970708675213309, 37.04467167838303965, 33.54431125356991572 ) ) ;
#3569 = CARTESIAN_POINT ( 'NONE',  ( 0.1540323861005532813, -30.06751008205513642, 17.96372629677685140 ) ) ;
#3570 = CARTESIAN_POINT ( 'NONE',  ( 0.000000000000000000, -41.77635673656588011, 7.809354507203963180 ) ) ;
#3571 = FACE_OUTER_BOUND ( 'NONE', #3481, .T. ) ;
#3572 = CARTESIAN_POINT ( 'NONE',  ( -5.556583932597439102, -36.96276768637379462, -6.324856121933683184 ) ) ;
#3573 = CARTESIAN_POINT ( 'NONE',  ( 0.000000000000000000, 49.97059558823531233, 0.6634768700107630535 ) ) ;
#3574 = EDGE_LOOP ( 'NONE', ( #2673, #3279, #2680, #1115 ) ) ;
#3575 = EDGE_LOOP ( 'NONE', ( #1334, #2512, #1755, #3223 ) ) ;
#3576 = CARTESIAN_POINT ( 'NONE',  ( -0.5251770792775640739, 2.679395038540771878, 34.93626196368746406 ) ) ;
#3577 = CARTESIAN_POINT ( 'NONE',  ( 0.5274834676872552919, 32.76400234368536246, -12.38044831116568112 ) ) ;
#3578 = CARTESIAN_POINT ( 'NONE',  ( 5.601502700796341827, 4.597575545532791352, 47.27894128492862080 ) ) ;
#3579 = VERTEX_POINT ( 'NONE', #2265 ) ;
#3580 = CARTESIAN_POINT ( 'NONE',  ( 0.5286488320023184917, 26.07806879890170038, 23.38139703627619781 ) ) ;
#3581 = CARTESIAN_POINT ( 'NONE',  ( -0.5251770792775647401, 35.03445341380014355, 0.5555463654991532607 ) ) ;
#3582 = CARTESIAN_POINT ( 'NONE',  ( 1.046969926904344428, -48.93006168624592789, -9.821116871287747685 ) ) ;
#3583 = CARTESIAN_POINT ( 'NONE',  ( 5.601502700796329393, 21.36623504413076802, -42.42546393334512089 ) ) ;
#3584 = SPHERICAL_SURFACE ( 'NONE', #2923, 7.500000000000000000 ) ;
#3585 = CARTESIAN_POINT ( 'NONE',  ( 0.5274834676871249517, -29.93123153429320027, 18.19001728429628173 ) ) ;
#3586 = ORIENTED_EDGE ( 'NONE', *, *, #2409, .T. ) ;
#3587 = DIRECTION ( 'NONE',  ( 1.000000000000000000, 0.000000000000000000, 0.000000000000000000 ) ) ;
#3588 = VERTEX_POINT ( 'NONE', #3100 ) ;
#3589 = ORIENTED_EDGE ( 'NONE', *, *, #777, .F. ) ;
#3590 = EDGE_CURVE ( 'NONE', #86, #86, #1008, .T. ) ;
#3591 = CARTESIAN_POINT ( 'NONE',  ( -5.556583932597439990, 2.887381465112948575, 37.38867513398841425 ) ) ;
#3592 = CARTESIAN_POINT ( 'NONE',  ( -5.556583932597439102, 34.75598615910556077, -14.08088868317846476 ) ) ;
#3593 = ORIENTED_EDGE ( 'NONE', *, *, #2508, .F. ) ;
#3594 = CARTESIAN_POINT ( 'NONE',  ( -0.2631557696538507907, -34.52636457722945096, 5.889038468224430112 ) ) ;
#3595 = CARTESIAN_POINT ( 'NONE',  ( 0.000000000000000000, 0.000000000000000000, 0.000000000000000000 ) ) ;
#3596 = CARTESIAN_POINT ( 'NONE',  ( 0.5263093472665469896, -49.24166479336523849, -8.529892928862340185 ) ) ;
#3597 = DIRECTION ( 'NONE',  ( 0.000000000000000000, 0.000000000000000000, -1.000000000000000000 ) ) ;
ENDSEC;
END-ISO-10303-21;
