ISO-10303-21;
HEADER;
FILE_DESCRIPTION (( 'STEP AP214' ),
    '1' );
FILE_NAME ('Part4.STEP',
    '2025-07-14T09:37:29',
    ( '' ),
    ( '' ),
    'SwSTEP 2.0',
    'SolidWorks 2025',
    '' );
FILE_SCHEMA (( 'AUTOMOTIVE_DESIGN' ));
ENDSEC;

DATA;
#1 = CARTESIAN_POINT ( 'NONE',  ( -0.3343129735169133587, -2.657863678608198388, 0.1023706977830326076 ) ) ;
#2 = CARTESIAN_POINT ( 'NONE',  ( -1.209701090802467682, -4.042136677565383529, 0.3858164151943450082 ) ) ;
#3 = FACE_OUTER_BOUND ( 'NONE', #628, .T. ) ;
#4 = CARTESIAN_POINT ( 'NONE',  ( -1.265057357333499999, 4.116938452535280568, 0.3936537778330668758 ) ) ;
#5 = FACE_OUTER_BOUND ( 'NONE', #714, .T. ) ;
#6 = CARTESIAN_POINT ( 'NONE',  ( -2.457031734418531066, -2.037955941659320480, 0.2156576988573534748 ) ) ;
#7 = CARTESIAN_POINT ( 'NONE',  ( -2.286612840247587819, 1.395358070267895823, 0.1023696757768763899 ) ) ;
#8 = CARTESIAN_POINT ( 'NONE',  ( -0.2151728878220219576, -4.056195478767266493, 0.3688387331219897258 ) ) ;
#9 = CARTESIAN_POINT ( 'NONE',  ( -1.095298176977060223, -2.190596353954120445, -0.04988606374691108292 ) ) ;
#10 = CARTESIAN_POINT ( 'NONE',  ( -2.997109053616034302, -0.6830836965011541917, 0.08265093181232693875 ) ) ;
#11 = CARTESIAN_POINT ( 'NONE',  ( -3.310017667247664441, 2.359883015827227926, 0.3692149895718725983 ) ) ;
#12 = VERTEX_POINT ( 'NONE', #1466 ) ;
#13 = DIRECTION ( 'NONE',  ( 1.000000000000000000, 0.000000000000000000, 0.000000000000000000 ) ) ;
#14 = DIRECTION ( 'NONE',  ( -1.000000000000000000, 0.000000000000000000, 0.000000000000000000 ) ) ;
#15 = CARTESIAN_POINT ( 'NONE',  ( -3.437656945405497044, -2.226504722090790089, 0.2806461063981206538 ) ) ;
#16 = DIRECTION ( 'NONE',  ( -0.000000000000000000, -0.000000000000000000, -1.000000000000000000 ) ) ;
#17 = CARTESIAN_POINT ( 'NONE',  ( -1.119839757357360632, -4.197654753421744545, 0.3965574470774653748 ) ) ;
#18 = TOROIDAL_SURFACE ( 'NONE', #1092, 0.8499999999999998668, 0.1000000000000000056 ) ;
#19 = CIRCLE ( 'NONE', #601, 4.829289321881339525 ) ;
#20 =( BOUNDED_SURFACE ( )  B_SPLINE_SURFACE ( 3, 2, ( 
 ( #558, #1028, #1007 ),
 ( #1938, #1645, #236 ),
 ( #1947, #1602, #1455 ),
 ( #1622, #1175, #77 ),
 ( #1748, #546, #1298 ),
 ( #1912, #390, #1151 ),
 ( #1771, #1018, #1757 ),
 ( #1788, #997, #246 ),
 ( #402, #1483, #675 ),
 ( #1328, #871, #368 ),
 ( #1633, #1462, #1163 ),
 ( #225, #46, #1318 ),
 ( #1309, #521, #859 ),
 ( #1613, #846, #1902 ),
 ( #1472, #683, #68 ),
 ( #1186, #531, #1141 ),
 ( #664, #215, #359 ),
 ( #203, #511, #90 ) ),
 .UNSPECIFIED., .F., .F., .F. ) 
 B_SPLINE_SURFACE_WITH_KNOTS ( ( 4, 2, 2, 2, 2, 2, 2, 2, 4 ),
 ( 3, 3 ),
 ( 0.000000000000000000, 0.0004705517566121565414, 0.0009411035132243130829, 0.001411655269836469516, 0.001882207026448626166, 0.002352758783060782816, 0.002823310539672939032, 0.003293862296285095682, 0.003764414052897252332 ),
 ( 0.000000000000000000, 1.000000000000000000 ),
 .UNSPECIFIED. ) 
 GEOMETRIC_REPRESENTATION_ITEM ( )  RATIONAL_B_SPLINE_SURFACE ( (
 ( 1.000000000000000000, 0.6716576386619825811, 1.000000000000000000),
 ( 1.000000000000000000, 0.6912957597186512038, 1.000000000000000000),
 ( 1.000000000000000000, 0.7067932657436336585, 1.000000000000000000),
 ( 1.000000000000000000, 0.7274551955620612853, 1.000000000000000000),
 ( 1.000000000000000000, 0.7329377802262267982, 1.000000000000000000),
 ( 1.000000000000000000, 0.7380836746964046791, 1.000000000000000000),
 ( 1.000000000000000000, 0.7379485796864030389, 1.000000000000000000),
 ( 1.000000000000000000, 0.7370222111734215931, 1.000000000000000000),
 ( 1.000000000000000000, 0.7363002703095555823, 1.000000000000000000),
 ( 1.000000000000000000, 0.7362996335688853922, 1.000000000000000000),
 ( 1.000000000000000000, 0.7370192300139628561, 1.000000000000000000),
 ( 1.000000000000000000, 0.7379492691854565578, 1.000000000000000000),
 ( 1.000000000000000000, 0.7380811941282506838, 1.000000000000000000),
 ( 1.000000000000000000, 0.7329493120569322562, 1.000000000000000000),
 ( 1.000000000000000000, 0.7274669205032617825, 1.000000000000000000),
 ( 1.000000000000000000, 0.7067847552225225982, 1.000000000000000000),
 ( 1.000000000000000000, 0.6912842660257796368, 1.000000000000000000),
 ( 1.000000000000000000, 0.6716576386619823591, 1.000000000000000000) ) ) 
 REPRESENTATION_ITEM ( '' )  SURFACE ( )  );
#21 = CARTESIAN_POINT ( 'NONE',  ( -4.007174698714236705, 1.580427148151543060, 0.3937064864718493595 ) ) ;
#22 = ORIENTED_EDGE ( 'NONE', *, *, #1918, .F. ) ;
#23 = VERTEX_POINT ( 'NONE', #642 ) ;
#24 = EDGE_LOOP ( 'NONE', ( #222 ) ) ;
#25 = DIRECTION ( 'NONE',  ( -1.000000000000000000, 0.000000000000000000, 0.000000000000000000 ) ) ;
#26 = B_SPLINE_CURVE_WITH_KNOTS ( 'NONE', 3,
 ( #1621, #1612, #565, #1461, #1787, #995, #1778, #1493, #870, #98 ),
 .UNSPECIFIED., .F., .F.,
 ( 4, 2, 2, 2, 4 ),
 ( 2.235140038340936256E-19, 0.0003945457094545054490, 0.0007890914189090106811, 0.001183637128363515967, 0.001578182837818021579 ),
 .UNSPECIFIED. ) ;
#27 = CARTESIAN_POINT ( 'NONE',  ( -0.4579033939983109258, -2.596983156711590635, 0.09569966925197512242 ) ) ;
#28 = CARTESIAN_POINT ( 'NONE',  ( -1.518652234586932659, -2.985128465040326695, 0.2498961008239138915 ) ) ;
#29 = CARTESIAN_POINT ( 'NONE',  ( -0.01750253181940676639, -3.376376211542989836, 0.1537804449539584839 ) ) ;
#30 = CARTESIAN_POINT ( 'NONE',  ( 3.035842164057412695, 0.7251447763737934871, 0.1977673251278728728 ) ) ;
#31 = CARTESIAN_POINT ( 'NONE',  ( -3.153391037658455076, 1.518593086911478096, -0.3250000000000000666 ) ) ;
#32 = ORIENTED_EDGE ( 'NONE', *, *, #355, .T. ) ;
#33 = FACE_OUTER_BOUND ( 'NONE', #721, .T. ) ;
#34 = CARTESIAN_POINT ( 'NONE',  ( 1.618695141842423135, 3.250168466164879977, 0.3053118569355325884 ) ) ;
#35 = EDGE_CURVE ( 'NONE', #41, #1450, #1685, .T. ) ;
#36 = CARTESIAN_POINT ( 'NONE',  ( 0.000000000000000000, 0.000000000000000000, -0.2542893218813440659 ) ) ;
#37 = CARTESIAN_POINT ( 'NONE',  ( -0.7158538127782633209, -2.538363089811355167, 0.09575349284544626416 ) ) ;
#38 = CARTESIAN_POINT ( 'NONE',  ( 3.500000000000000000, 0.000000000000000000, 0.4249999999999999889 ) ) ;
#39 = CARTESIAN_POINT ( 'NONE',  ( 4.002378661476153177, 0.6928103519622299533, 0.3688387331219894483 ) ) ;
#40 = CARTESIAN_POINT ( 'NONE',  ( -3.437656945405490827, 2.226504722090822508, 0.2806461063981207649 ) ) ;
#41 = VERTEX_POINT ( 'NONE', #1476 ) ;
#42 = CARTESIAN_POINT ( 'NONE',  ( 1.981790480895341044, 3.472641533745001841, 0.3609960157659019564 ) ) ;
#43 = EDGE_LOOP ( 'NONE', ( #1509, #1304, #1053, #294 ) ) ;
#44 = CARTESIAN_POINT ( 'NONE',  ( -3.300165531319337209, -2.266970180030689175, 0.2699125033286460806 ) ) ;
#45 = EDGE_CURVE ( 'NONE', #1450, #551, #1196, .T. ) ;
#46 = CARTESIAN_POINT ( 'NONE',  ( 4.059806304152601797, -0.5186590038343678044, 0.3719503036192136070 ) ) ;
#47 = DIRECTION ( 'NONE',  ( -0.03844912376831761958, -0.9732263378568392076, -0.2266101502210659535 ) ) ;
#48 = CARTESIAN_POINT ( 'NONE',  ( -1.476483225130601262, -3.720347906648696856, 0.2697643311134040323 ) ) ;
#49 = CIRCLE ( 'NONE', #1449, 0.09999999999999996392 ) ;
#50 = CARTESIAN_POINT ( 'NONE',  ( -0.03700551417471389243, 3.237714798683835937, 0.1182779378720231755 ) ) ;
#51 = TOROIDAL_SURFACE ( 'NONE', #1127, 5.015774380582994851, 8.000000000000000000 ) ;
#52 = B_SPLINE_CURVE_WITH_KNOTS ( 'NONE', 3,
 ( #1952, #1792, #395, #1022, #1637, #710, #1342, #1058, #1200, #741 ),
 .UNSPECIFIED., .F., .F.,
 ( 4, 2, 2, 2, 4 ),
 ( 1.355252715606880543E-20, 0.0003558364957810394857, 0.0007116729915620789715, 0.001067509487343118457, 0.001423345983124157943 ),
 .UNSPECIFIED. ) ;
#53 = DIRECTION ( 'NONE',  ( 1.000000000000000000, 0.000000000000000000, 0.000000000000000000 ) ) ;
#54 = ORIENTED_EDGE ( 'NONE', *, *, #1312, .T. ) ;
#55 = CIRCLE ( 'NONE', #734, 4.824975376468355392 ) ;
#56 = CARTESIAN_POINT ( 'NONE',  ( 2.932214306505600998, 2.736410188638078278, -0.3250000000000000666 ) ) ;
#57 = ORIENTED_EDGE ( 'NONE', *, *, #815, .T. ) ;
#58 = CARTESIAN_POINT ( 'NONE',  ( 2.808375538503219193, -2.301225600245023095, 0.3052812977234725667 ) ) ;
#59 = DIRECTION ( 'NONE',  ( -0.2303335240147258989, 0.000000000000000000, -0.9731117447215184013 ) ) ;
#60 = CARTESIAN_POINT ( 'NONE',  ( -3.576008732915655575, 0.7713217424197620353, 0.3105290896405027423 ) ) ;
#61 = EDGE_CURVE ( 'NONE', #976, #976, #861, .T. ) ;
#62 = CARTESIAN_POINT ( 'NONE',  ( -1.210242024447058862, 4.041687454770229948, 0.3857885935978048186 ) ) ;
#63 = CARTESIAN_POINT ( 'NONE',  ( -2.605525083314660151, 0.9931535752702191910, 0.003757781069913797376 ) ) ;
#64 = CARTESIAN_POINT ( 'NONE',  ( -0.7278201971427963324, -2.654720365022897877, -0.002938684781709223395 ) ) ;
#65 = VERTEX_POINT ( 'NONE', #356 ) ;
#66 = ORIENTED_EDGE ( 'NONE', *, *, #1573, .F. ) ;
#67 = CARTESIAN_POINT ( 'NONE',  ( 2.377839661925668757, -2.012372399350313756, 0.08265093181232777142 ) ) ;
#68 = CARTESIAN_POINT ( 'NONE',  ( 3.560356842103230779, -0.8565179521452226385, 0.3111828717526931021 ) ) ;
#69 = CARTESIAN_POINT ( 'NONE',  ( 2.530471535806617212, -1.951684133773792684, 0.2156124901392080240 ) ) ;
#70 = CARTESIAN_POINT ( 'NONE',  ( 1.918075725730363112, 2.024796450686291660, 0.003892080486762070773 ) ) ;
#71 = CARTESIAN_POINT ( 'NONE',  ( -2.901398140073472298, 0.8027207617577083454, 0.05204358050786551948 ) ) ;
#72 = ORIENTED_EDGE ( 'NONE', *, *, #1148, .F. ) ;
#73 = FACE_OUTER_BOUND ( 'NONE', #746, .T. ) ;
#74 = CARTESIAN_POINT ( 'NONE',  ( 4.824975376468355392, 0.000000000000000000, 0.2499753764689327806 ) ) ;
#75 = ORIENTED_EDGE ( 'NONE', *, *, #1994, .F. ) ;
#76 = CARTESIAN_POINT ( 'NONE',  ( 2.673033570351339705, -2.024694459922887102, 0.2519253385323797501 ) ) ;
#77 = CARTESIAN_POINT ( 'NONE',  ( 3.560172676533588820, 0.8565050982718247496, 0.3111484406207210007 ) ) ;
#78 = CARTESIAN_POINT ( 'NONE',  ( -2.990120075296873292, 2.360222812265667436, 0.3343812186499046657 ) ) ;
#79 = CARTESIAN_POINT ( 'NONE',  ( -2.428364208411522451, -1.295304999227517850, 0.1146563290916171457 ) ) ;
#80 = CARTESIAN_POINT ( 'NONE',  ( -2.404004351782886850, 1.635803268764674634, 0.1450826510826875859 ) ) ;
#81 = CIRCLE ( 'NONE', #1928, 1.000000000000000000 ) ;
#82 = CARTESIAN_POINT ( 'NONE',  ( -2.973143756238055158, -0.6776216650475609393, 0.1795830252282046013 ) ) ;
#83 = CARTESIAN_POINT ( 'NONE',  ( -2.436886176494483802, -1.768484101172250522, 0.05221309379050800142 ) ) ;
#84 = AXIS2_PLACEMENT_3D ( 'NONE', #738, #253, #303 ) ;
#85 = CARTESIAN_POINT ( 'NONE',  ( -0.05031128220458662426, 2.933888184082803274, 0.1502912828517555255 ) ) ;
#86 = ADVANCED_FACE ( 'NONE', ( #561 ), #1742, .T. ) ;
#87 = VERTEX_POINT ( 'NONE', #1080 ) ;
#88 = AXIS2_PLACEMENT_3D ( 'NONE', #326, #651, #797 ) ;
#89 = CARTESIAN_POINT ( 'NONE',  ( 2.759062016244793192, -3.235646917716466398, 0.3888090274943406532 ) ) ;
#90 = CARTESIAN_POINT ( 'NONE',  ( 2.972718985906850797, -0.6794827054665175670, 0.1795830252282074602 ) ) ;
#91 = CARTESIAN_POINT ( 'NONE',  ( -3.280875666368324950, 0.6738870849131035623, 0.2499276393635684324 ) ) ;
#92 = CARTESIAN_POINT ( 'NONE',  ( 1.428242085256735461, 2.650674404597896938, 0.05221309379050793897 ) ) ;
#93 = DIRECTION ( 'NONE',  ( -0.3876256189636476668, -0.8935290814180772978, -0.2266101502210696728 ) ) ;
#94 = CARTESIAN_POINT ( 'NONE',  ( -1.227637476491987956, -2.665171163008050126, 0.1502912828517355137 ) ) ;
#95 = CARTESIAN_POINT ( 'NONE',  ( -0.1094119406799348437, 3.777683911691680940, 0.2358126047556064475 ) ) ;
#96 = CARTESIAN_POINT ( 'NONE',  ( -0.1313335119825933817, 2.825713792774139588, 0.1296504281509744949 ) ) ;
#97 = ORIENTED_EDGE ( 'NONE', *, *, #1651, .F. ) ;
#98 = CARTESIAN_POINT ( 'NONE',  ( 2.972718985906851685, 0.6794827054665176780, 0.1795830252282046013 ) ) ;
#99 = CARTESIAN_POINT ( 'NONE',  ( -3.153391037658455076, 1.518593086911478096, -0.3250000000000000666 ) ) ;
#100 = CARTESIAN_POINT ( 'NONE',  ( -2.291006247322798561, -1.658901419367581953, 0.1296021493012043946 ) ) ;
#101 = CARTESIAN_POINT ( 'NONE',  ( -2.400923997984134584, 1.418894038203133867, 0.003854200662048699617 ) ) ;
#102 = CARTESIAN_POINT ( 'NONE',  ( -0.8531498842126870041, -2.539879719410321535, 0.1024657010481247604 ) ) ;
#103 = CARTESIAN_POINT ( 'NONE',  ( -0.05368663638462382870, -3.647112422434169776, 0.2125717814572101183 ) ) ;
#104 = CARTESIAN_POINT ( 'NONE',  ( -1.059677514600974035, 2.707599806237702467, 0.1450389771247685700 ) ) ;
#105 = EDGE_LOOP ( 'NONE', ( #1274 ) ) ;
#106 = CARTESIAN_POINT ( 'NONE',  ( 1.618695141842380503, -3.250168466164902625, 0.3053118569355496303 ) ) ;
#107 = CARTESIAN_POINT ( 'NONE',  ( 2.129794389606424421, -3.497516735439196722, 0.2805589182028685458 ) ) ;
#108 = CARTESIAN_POINT ( 'NONE',  ( 2.926049944571321504, 3.160345560406550902, 0.3936537778330669313 ) ) ;
#109 = DIRECTION ( 'NONE',  ( 0.000000000000000000, 0.000000000000000000, 1.000000000000000000 ) ) ;
#110 = CYLINDRICAL_SURFACE ( 'NONE', #1767, 0.7500000000000001110 ) ;
#111 = CARTESIAN_POINT ( 'NONE',  ( -0.7166358565056860641, -2.538189419084836196, 0.09575451022431445691 ) ) ;
#112 = CARTESIAN_POINT ( 'NONE',  ( -1.476537710247998181, 3.720318517160793981, 0.2697667017643344267 ) ) ;
#113 = CARTESIAN_POINT ( 'NONE',  ( 2.403923042648347774, -1.915834027445273868, 0.08265093181232756325 ) ) ;
#114 = EDGE_LOOP ( 'NONE', ( #1581 ) ) ;
#115 = CIRCLE ( 'NONE', #1259, 4.677928932188131661 ) ;
#116 = FACE_BOUND ( 'NONE', #1569, .T. ) ;
#117 = CIRCLE ( 'NONE', #935, 0.7499999999999997780 ) ;
#118 = DIRECTION ( 'NONE',  ( -0.000000000000000000, -0.000000000000000000, -1.000000000000000000 ) ) ;
#119 = CARTESIAN_POINT ( 'NONE',  ( 1.325875743979214816, 2.825640122570977297, 0.1977679723769310283 ) ) ;
#120 = CARTESIAN_POINT ( 'NONE',  ( 2.749892328069780678, 0.1134017360574931244, 0.1146563290916236266 ) ) ;
#121 = EDGE_CURVE ( 'NONE', #1450, #41, #1103, .T. ) ;
#122 = DIRECTION ( 'NONE',  ( -0.000000000000000000, -0.000000000000000000, 1.000000000000000000 ) ) ;
#123 = CARTESIAN_POINT ( 'NONE',  ( -2.990120075296907931, -2.360222812265627024, 0.3343812186499048877 ) ) ;
#124 = CARTESIAN_POINT ( 'NONE',  ( -1.353322649755380969, -2.911685665583784388, 0.2191578453205938193 ) ) ;
#125 = CARTESIAN_POINT ( 'NONE',  ( 1.870673994896804748, 1.918184693615730740, 0.1024657010481526270 ) ) ;
#126 = ORIENTED_EDGE ( 'NONE', *, *, #405, .F. ) ;
#127 = CARTESIAN_POINT ( 'NONE',  ( 3.037303795900568648, 2.701848747025791475, 0.3692171850655748266 ) ) ;
#128 = EDGE_LOOP ( 'NONE', ( #1600 ) ) ;
#129 = CARTESIAN_POINT ( 'NONE',  ( -3.266361131839856657, -0.7635963231120185268, 0.2515696774912095646 ) ) ;
#130 = CARTESIAN_POINT ( 'NONE',  ( 2.884934062982468461, -0.4447925800081687919, 0.03148691941161405050 ) ) ;
#131 = CARTESIAN_POINT ( 'NONE',  ( 1.547522725676337974, -2.320101236855802718, 0.003854200662025440011 ) ) ;
#132 = CARTESIAN_POINT ( 'NONE',  ( -3.843222996125019275, -2.025829092776142204, 0.3965574470774653748 ) ) ;
#133 = FACE_OUTER_BOUND ( 'NONE', #43, .T. ) ;
#134 = ADVANCED_FACE ( 'NONE', ( #1220, #149 ), #907, .F. ) ;
#135 = CARTESIAN_POINT ( 'NONE',  ( 1.746945712075459234, 1.975893002428494638, 0.09575451022434160187 ) ) ;
#136 = FACE_BOUND ( 'NONE', #1631, .T. ) ;
#137 = ORIENTED_EDGE ( 'NONE', *, *, #580, .F. ) ;
#138 = CARTESIAN_POINT ( 'NONE',  ( 2.384700942431056347, 1.900514754314627908, 0.1795830252282046013 ) ) ;
#139 = DIRECTION ( 'NONE',  ( 1.000000000000000000, 0.000000000000000000, 0.000000000000000000 ) ) ;
#140 = CARTESIAN_POINT ( 'NONE',  ( -3.126680084413174132, -0.6604761928229383461, 0.2156124901392079962 ) ) ;
#141 = CARTESIAN_POINT ( 'NONE',  ( -1.449834339005081185, 3.050683423429081831, 0.1540889642552943917 ) ) ;
#142 = CARTESIAN_POINT ( 'NONE',  ( 2.245396622351147897, 1.980595674054306476, 0.1633803650418541864 ) ) ;
#143 = CARTESIAN_POINT ( 'NONE',  ( 1.958308003610029990, -3.562343971162600376, 0.3692149895718749297 ) ) ;
#144 = EDGE_CURVE ( 'NONE', #951, #930, #631, .T. ) ;
#145 = ORIENTED_EDGE ( 'NONE', *, *, #392, .T. ) ;
#146 = CARTESIAN_POINT ( 'NONE',  ( -0.09077731659593453462, -3.113763576491535456, 0.08265093181232795183 ) ) ;
#147 = CARTESIAN_POINT ( 'NONE',  ( 2.972718985906851241, -0.6794827054665177890, 0.1795830252282054618 ) ) ;
#148 = CARTESIAN_POINT ( 'NONE',  ( 2.353709040966178279, -2.005852627355606099, 0.1900849155346686914 ) ) ;
#149 = FACE_OUTER_BOUND ( 'NONE', #1887, .T. ) ;
#150 = CARTESIAN_POINT ( 'NONE',  ( 0.0009621437042226974566, -3.073965694338889332, 0.08265093181232795183 ) ) ;
#151 = CARTESIAN_POINT ( 'NONE',  ( -1.269223847131533134, 2.844790845979077165, 0.08265093181232814612 ) ) ;
#152 = CARTESIAN_POINT ( 'NONE',  ( 2.541408317192488830, -3.409277218626804995, 0.2969131445977916672 ) ) ;
#153 = CARTESIAN_POINT ( 'NONE',  ( 1.739290336019438055, 3.357239780284448916, 0.2361067534331487971 ) ) ;
#154 = CARTESIAN_POINT ( 'NONE',  ( -3.769116035174455703, -1.968651214966151697, 0.2969131082177307035 ) ) ;
#155 = EDGE_CURVE ( 'NONE', #1847, #768, #883, .T. ) ;
#156 = CARTESIAN_POINT ( 'NONE',  ( 0.000000000000000000, 0.000000000000000000, 0.1795830252282046013 ) ) ;
#157 = CARTESIAN_POINT ( 'NONE',  ( -3.914128164690493961, -1.575280724796209730, 0.2940819351169661755 ) ) ;
#158 = DIRECTION ( 'NONE',  ( -1.000000000000000000, 0.000000000000000000, 0.000000000000000000 ) ) ;
#159 = CARTESIAN_POINT ( 'NONE',  ( -3.125364294767353446, 0.6503235267648413975, 0.2156795032848037585 ) ) ;
#160 = EDGE_LOOP ( 'NONE', ( #234 ) ) ;
#161 = CARTESIAN_POINT ( 'NONE',  ( 1.629617181272561721, -3.261358070717484736, 0.2122456954786437477 ) ) ;
#162 = CARTESIAN_POINT ( 'NONE',  ( 1.432664649657419575, 2.873476572225522219, 0.2191578453206418919 ) ) ;
#163 = ORIENTED_EDGE ( 'NONE', *, *, #1415, .T. ) ;
#164 = CARTESIAN_POINT ( 'NONE',  ( -3.466703891347409083, -2.315021797650511193, 0.3800844723061074792 ) ) ;
#165 = CARTESIAN_POINT ( 'NONE',  ( -2.315428568513573815, 1.262744788584378997, 0.09575349284544630579 ) ) ;
#166 = CARTESIAN_POINT ( 'NONE',  ( -0.8120713161557546744, -4.267847331319996940, 0.3965538836498394004 ) ) ;
#167 = CARTESIAN_POINT ( 'NONE',  ( -0.05315878542560865949, -3.645286499028886240, 0.2122114573091274936 ) ) ;
#168 = CARTESIAN_POINT ( 'NONE',  ( -0.2788088327157789981, 3.988608575287631464, 0.3609960157659013458 ) ) ;
#169 = B_SPLINE_CURVE_WITH_KNOTS ( 'NONE', 3,
 ( #1484, #694, #1319, #91, #1456, #60, #226, #547, #1187, #1634, #988, #1339, #1913, #1758, #1603, #78, #391, #1939, #522, #676, #1780, #1789 ),
 .UNSPECIFIED., .F., .F.,
 ( 4, 2, 2, 2, 2, 2, 2, 2, 2, 2, 4 ),
 ( 4.370558682921689079E-19, 0.0002367674788561331364, 0.0004735349577122658390, 0.0009470699154245312444, 0.001420604873136796596, 0.001894139830849062055, 0.002367674788561328816, 0.002841209746273595359, 0.003314744703985861903, 0.003551512182841995609, 0.003788279661698128013 ),
 .UNSPECIFIED. ) ;
#170 = CYLINDRICAL_SURFACE ( 'NONE', #830, 0.7499999999999997780 ) ;
#171 = ORIENTED_EDGE ( 'NONE', *, *, #1537, .F. ) ;
#172 = SURFACE_STYLE_USAGE ( .BOTH. , #1608 ) ;
#173 = FACE_OUTER_BOUND ( 'NONE', #400, .T. ) ;
#174 = EDGE_LOOP ( 'NONE', ( #724 ) ) ;
#175 = DIRECTION ( 'NONE',  ( 0.000000000000000000, 0.000000000000000000, -1.000000000000000000 ) ) ;
#176 = FACE_OUTER_BOUND ( 'NONE', #573, .T. ) ;
#177 = CYLINDRICAL_SURFACE ( 'NONE', #534, 0.7499999999999997780 ) ;
#178 = AXIS2_PLACEMENT_3D ( 'NONE', #1536, #1372, #1692 ) ;
#179 = CIRCLE ( 'NONE', #504, 0.09999999999999986677 ) ;
#180 = EDGE_CURVE ( 'NONE', #209, #816, #223, .T. ) ;
#181 = CARTESIAN_POINT ( 'NONE',  ( -3.734686318702720165, 2.147076842947874820, 0.3937335706678424807 ) ) ;
#182 = ORIENTED_EDGE ( 'NONE', *, *, #144, .F. ) ;
#183 = CARTESIAN_POINT ( 'NONE',  ( 1.471215238352309607, 3.014446457983806837, 0.2515459335781166650 ) ) ;
#184 = ORIENTED_EDGE ( 'NONE', *, *, #1791, .T. ) ;
#185 = FACE_OUTER_BOUND ( 'NONE', #285, .T. ) ;
#186 = DIRECTION ( 'NONE',  ( 0.9573812565778576644, 0.1790781096901253866, -0.2266101502210655372 ) ) ;
#187 = FACE_OUTER_BOUND ( 'NONE', #1294, .T. ) ;
#188 = CARTESIAN_POINT ( 'NONE',  ( -0.8504031608911261086, 2.539603862601199413, 0.1022744292354943046 ) ) ;
#189 = CARTESIAN_POINT ( 'NONE',  ( -0.04403148806162786311, 3.210522829317118632, 0.2191578453206041999 ) ) ;
#190 = FACE_OUTER_BOUND ( 'NONE', #1480, .T. ) ;
#191 = EDGE_CURVE ( 'NONE', #1488, #200, #1657, .T. ) ;
#192 = ORIENTED_EDGE ( 'NONE', *, *, #766, .F. ) ;
#193 = CARTESIAN_POINT ( 'NONE',  ( 1.538244625660407872, -2.142320547586824997, 0.09575349284544669437 ) ) ;
#194 = DIRECTION ( 'NONE',  ( 0.000000000000000000, 0.000000000000000000, 1.000000000000000000 ) ) ;
#195 = CARTESIAN_POINT ( 'NONE',  ( 0.000000000000000000, 0.000000000000000000, -0.3250000000000000111 ) ) ;
#196 = CARTESIAN_POINT ( 'NONE',  ( -3.768959721724831624, -1.968976892743732998, 0.2969131445977916672 ) ) ;
#197 = DIRECTION ( 'NONE',  ( 0.5921401654297673289, -0.8058349858902923435, 0.000000000000000000 ) ) ;
#198 = CARTESIAN_POINT ( 'NONE',  ( -0.1103946960129356392, 3.779418318522983711, 0.2361067534331438011 ) ) ;
#199 = CARTESIAN_POINT ( 'NONE',  ( -3.914013654066526016, 1.576057481672752392, 0.2940978541971937532 ) ) ;
#200 = VERTEX_POINT ( 'NONE', #1676 ) ;
#201 = CARTESIAN_POINT ( 'NONE',  ( 3.165538693265321335, 0.6849442332048546467, 0.1185284620169491654 ) ) ;
#202 = EDGE_CURVE ( 'NONE', #1204, #1450, #1257, .T. ) ;
#203 = CARTESIAN_POINT ( 'NONE',  ( 3.055894875927674725, -0.6043762394177190078, 0.08265093181232724406 ) ) ;
#204 = DIRECTION ( 'NONE',  ( -1.000000000000000000, -1.776356839400250465E-15, 0.000000000000000000 ) ) ;
#205 = CARTESIAN_POINT ( 'NONE',  ( -1.224911787883771197, 2.662855433946965444, 0.1494622129061071170 ) ) ;
#206 = COLOUR_RGB ( '',0.7921568627450980005, 0.8196078431372548767, 0.9333333333333333481 ) ;
#207 = AXIS2_PLACEMENT_3D ( 'NONE', #961, #1438, #1292 ) ;
#208 = CARTESIAN_POINT ( 'NONE',  ( -2.880871168288881012, 0.8105510492462827399, 0.1630089797329407342 ) ) ;
#209 = VERTEX_POINT ( 'NONE', #1841 ) ;
#210 = CIRCLE ( 'NONE', #1199, 0.09999999999999989453 ) ;
#211 = CARTESIAN_POINT ( 'NONE',  ( -1.075427675127728522, 2.713484778267208686, 0.03143769650880672700 ) ) ;
#212 = EDGE_LOOP ( 'NONE', ( #1026 ) ) ;
#213 = CARTESIAN_POINT ( 'NONE',  ( 3.706883431610137780, 0.7341064775547037069, 0.2357488272965219678 ) ) ;
#214 = ADVANCED_FACE ( 'NONE', ( #1523, #1068 ), #570, .T. ) ;
#215 = CARTESIAN_POINT ( 'NONE',  ( 3.139826246845169422, -0.6714810117413989587, 0.2191578453209747090 ) ) ;
#216 = CARTESIAN_POINT ( 'NONE',  ( -2.605887063360194489, 0.9927615448795483744, 0.003795334523037426338 ) ) ;
#217 = CARTESIAN_POINT ( 'NONE',  ( 4.002397441281162926, -0.6927419913880191737, 0.3688362267246320658 ) ) ;
#218 = CARTESIAN_POINT ( 'NONE',  ( 0.000000000000000000, 0.000000000000000000, -0.4249999999999999889 ) ) ;
#219 = ORIENTED_EDGE ( 'NONE', *, *, #1427, .F. ) ;
#220 = CARTESIAN_POINT ( 'NONE',  ( -4.677928932188131661, 0.000000000000000000, -0.1029289321881386998 ) ) ;
#221 = CARTESIAN_POINT ( 'NONE',  ( -0.3333510242364375320, 2.658520417195496144, 0.1024657010481522523 ) ) ;
#222 = ORIENTED_EDGE ( 'NONE', *, *, #1664, .T. ) ;
#223 = B_SPLINE_CURVE_WITH_KNOTS ( 'NONE', 3,
 ( #1585, #484, #1723, #668, #1278, #1144, #188, #393, #205, #1320 ),
 .UNSPECIFIED., .F., .F.,
 ( 4, 2, 2, 2, 4 ),
 ( 1.040062733017187731E-18, 0.0003945457094545054490, 0.0007890914189090099222, 0.001183637128363514450, 0.001578182837818018760 ),
 .UNSPECIFIED. ) ;
#224 = CARTESIAN_POINT ( 'NONE',  ( 3.055894875927674725, 0.6043762394177190078, 0.08265093181232803510 ) ) ;
#225 = CARTESIAN_POINT ( 'NONE',  ( 4.063266080322551765, -0.5144679895655345225, 0.2806461063979794890 ) ) ;
#226 = CARTESIAN_POINT ( 'NONE',  ( -3.709229469628986919, 0.8658104898911972436, 0.3343151072616608044 ) ) ;
#227 = CARTESIAN_POINT ( 'NONE',  ( 1.737652373138509176, 3.356103535283680550, 0.2358126047556070859 ) ) ;
#228 = CARTESIAN_POINT ( 'NONE',  ( -2.600540305926777318, -0.9991929647593251751, 0.1206538053677089495 ) ) ;
#229 = CARTESIAN_POINT ( 'NONE',  ( -2.792006014925961566, 0.8510268732161794247, 0.03143769650883027761 ) ) ;
#230 = CARTESIAN_POINT ( 'NONE',  ( 0.000000000000000000, 0.000000000000000000, 0.1795830252282046013 ) ) ;
#231 = CARTESIAN_POINT ( 'NONE',  ( -3.015495169385733032, -0.7813789189023635506, 0.08265093181232786856 ) ) ;
#232 = CARTESIAN_POINT ( 'NONE',  ( -4.750954449207495323, 0.000000000000000000, 0.4206312508237206038 ) ) ;
#233 = CARTESIAN_POINT ( 'NONE',  ( 2.583649970328431245, -3.492720908103633448, 0.3965574470774653193 ) ) ;
#234 = ORIENTED_EDGE ( 'NONE', *, *, #1589, .F. ) ;
#235 = CARTESIAN_POINT ( 'NONE',  ( 2.758158912130021179, -3.236367589269660172, 0.2969097197645409469 ) ) ;
#236 = CARTESIAN_POINT ( 'NONE',  ( 3.098020733868087184, 0.7701234946385364655, 0.2156795032848174143 ) ) ;
#237 = CARTESIAN_POINT ( 'NONE',  ( -2.491037124200977448, 1.870427271333009012, 0.08265093181232814612 ) ) ;
#238 = CARTESIAN_POINT ( 'NONE',  ( 1.869192755000740558, 1.918786301311229181, 0.1023696757768764037 ) ) ;
#239 = CARTESIAN_POINT ( 'NONE',  ( -2.325174719730095596, 1.789914418218427450, 0.1502912828517720401 ) ) ;
#240 = CARTESIAN_POINT ( 'NONE',  ( -2.516614655344881157, -0.9177543799678929970, 0.1023696757768763899 ) ) ;
#241 = CARTESIAN_POINT ( 'NONE',  ( -1.208814929481766942, 4.042360092544925898, 0.2940819351169659535 ) ) ;
#242 = EDGE_CURVE ( 'NONE', #1796, #1284, #589, .T. ) ;
#243 = VERTEX_POINT ( 'NONE', #232 ) ;
#244 = AXIS2_PLACEMENT_3D ( 'NONE', #1691, #1527, #1395 ) ;
#245 = ORIENTED_EDGE ( 'NONE', *, *, #1094, .F. ) ;
#246 = CARTESIAN_POINT ( 'NONE',  ( 4.296061292230621831, 0.3147322831031018064, 0.3937064864718445856 ) ) ;
#247 = CARTESIAN_POINT ( 'NONE',  ( -2.403914195877860482, -1.635606824560066119, 0.1450389771247960757 ) ) ;
#248 = ORIENTED_EDGE ( 'NONE', *, *, #1415, .F. ) ;
#249 = CARTESIAN_POINT ( 'NONE',  ( -1.540560058750601424, 3.450590065672226370, 0.2357488272965232168 ) ) ;
#250 = CARTESIAN_POINT ( 'NONE',  ( 0.0009544502704967282314, 3.049385840661007485, 0.1795830252282053507 ) ) ;
#251 = ORIENTED_EDGE ( 'NONE', *, *, #1427, .T. ) ;
#252 = FACE_OUTER_BOUND ( 'NONE', #834, .T. ) ;
#253 = DIRECTION ( 'NONE',  ( 0.000000000000000000, 0.000000000000000000, 1.000000000000000000 ) ) ;
#254 = FACE_OUTER_BOUND ( 'NONE', #283, .T. ) ;
#255 = CARTESIAN_POINT ( 'NONE',  ( 0.000000000000000000, 0.000000000000000000, -0.4249999999999999889 ) ) ;
#256 = CARTESIAN_POINT ( 'NONE',  ( -0.8402098431585397487, -2.656170906216845040, 0.1206538053676147609 ) ) ;
#257 = CARTESIAN_POINT ( 'NONE',  ( -2.902036400017995899, -0.8026013752712821692, 0.05221475005140992914 ) ) ;
#258 = DIRECTION ( 'NONE',  ( -0.000000000000000000, -0.000000000000000000, 1.000000000000000000 ) ) ;
#259 = ORIENTED_EDGE ( 'NONE', *, *, #1442, .T. ) ;
#260 = CARTESIAN_POINT ( 'NONE',  ( 1.630884506536965706, -3.262773226341670441, 0.2126057822066210190 ) ) ;
#261 = CARTESIAN_POINT ( 'NONE',  ( 2.509192057894623407, -2.047862065120362729, 0.1185284620169502479 ) ) ;
#262 = CARTESIAN_POINT ( 'NONE',  ( -3.659785617189049933, -0.9483023130337289164, 0.2360449858612829743 ) ) ;
#263 = ADVANCED_FACE ( 'NONE', ( #461, #176 ), #963, .F. ) ;
#264 = CARTESIAN_POINT ( 'NONE',  ( 2.776539435015196844, -0.2280903973861514999, 0.1206538053677029959 ) ) ;
#265 = DIRECTION ( 'NONE',  ( 1.000000000000000000, 0.000000000000000000, 0.000000000000000000 ) ) ;
#266 = CARTESIAN_POINT ( 'NONE',  ( -0.4974795873108905919, -2.707056443212407348, -0.002995298863693901959 ) ) ;
#267 = DIRECTION ( 'NONE',  ( 0.9573812565778552219, -0.1790781096901361280, -0.2266101502210673135 ) ) ;
#268 = AXIS2_PLACEMENT_3D ( 'NONE', #788, #337, #946 ) ;
#269 = CARTESIAN_POINT ( 'NONE',  ( -1.323938860537760220, 2.746987588205870523, 0.1795830252282042128 ) ) ;
#270 = EDGE_LOOP ( 'NONE', ( #1002 ) ) ;
#271 = AXIS2_PLACEMENT_3D ( 'NONE', #1330, #1321, #1656 ) ;
#272 = CARTESIAN_POINT ( 'NONE',  ( 2.885899950891479993, 2.442312329357843037, 0.2360449858612746199 ) ) ;
#273 = CIRCLE ( 'NONE', #1419, 0.7499999999999991118 ) ;
#274 = CARTESIAN_POINT ( 'NONE',  ( -3.882732350705813129, -1.294199127443209196, 0.3719438695308690535 ) ) ;
#275 = AXIS2_PLACEMENT_3D ( 'NONE', #1931, #823, #1639 ) ;
#276 = EDGE_CURVE ( 'NONE', #630, #630, #1160, .T. ) ;
#277 = CARTESIAN_POINT ( 'NONE',  ( -2.402723269073340440, -1.917338495922512820, 0.08265093181232793795 ) ) ;
#278 = CARTESIAN_POINT ( 'NONE',  ( -0.09077731659589352575, 3.113763576491536789, 0.08265093181232793795 ) ) ;
#279 = CARTESIAN_POINT ( 'NONE',  ( 1.450974125085870758, -2.532855912861650793, 0.03148691941164001584 ) ) ;
#280 = CARTESIAN_POINT ( 'NONE',  ( 2.615999440081328231, 0.000000000000000000, 0.06968569267156915492 ) ) ;
#281 = CARTESIAN_POINT ( 'NONE',  ( -0.6491222834188489221, -4.258384587821905320, 0.3937064864718505253 ) ) ;
#282 = CARTESIAN_POINT ( 'NONE',  ( -1.162479465448139404, 2.757726089394509028, 0.1630089797331960022 ) ) ;
#283 = EDGE_LOOP ( 'NONE', ( #57, #977, #1173, #833 ) ) ;
#284 = CARTESIAN_POINT ( 'NONE',  ( 1.431812180075002106, -2.741040841210542478, 0.1900849155346732988 ) ) ;
#285 = EDGE_LOOP ( 'NONE', ( #366, #690 ) ) ;
#286 = CARTESIAN_POINT ( 'NONE',  ( 2.430771391565979211, 3.555774141457959558, 0.3936809533561086982 ) ) ;
#287 = CARTESIAN_POINT ( 'NONE',  ( 2.384700942431029702, -1.900514754314661880, 0.1795830252282046013 ) ) ;
#288 = DIRECTION ( 'NONE',  ( 0.000000000000000000, 0.2267778390408360656, 0.9739465137880871648 ) ) ;
#289 = CARTESIAN_POINT ( 'NONE',  ( -3.576008732915667121, -0.7713217424197120753, 0.3105290896405024648 ) ) ;
#290 = CARTESIAN_POINT ( 'NONE',  ( -1.405730966057967990, -3.846911618799272681, 0.2806461063981207094 ) ) ;
#291 = EDGE_CURVE ( 'NONE', #1871, #1871, #81, .T. ) ;
#292 = CARTESIAN_POINT ( 'NONE',  ( -1.269223847131530691, 2.844790845979073612, 0.08265093181232398278 ) ) ;
#293 = CARTESIAN_POINT ( 'NONE',  ( 2.540788809813930627, -3.409771124294370903, 0.3888126144519993277 ) ) ;
#294 = ORIENTED_EDGE ( 'NONE', *, *, #480, .F. ) ;
#295 = CARTESIAN_POINT ( 'NONE',  ( 1.953846489529587505, 3.561117891892818577, 0.3688362267246321213 ) ) ;
#296 = CARTESIAN_POINT ( 'NONE',  ( 2.778792827090719175, -0.2366574736909439758, 0.003854200662051411857 ) ) ;
#297 = CARTESIAN_POINT ( 'NONE',  ( 1.344358671693642648, -2.488896681641575626, 0.1296504281509957279 ) ) ;
#298 = CARTESIAN_POINT ( 'NONE',  ( -3.980140620524479811, -1.741396366950724195, 0.3965538836498395669 ) ) ;
#299 = CARTESIAN_POINT ( 'NONE',  ( -0.2851700034967678543, -3.993602567525140312, 0.2699146715017079479 ) ) ;
#300 = DIRECTION ( 'NONE',  ( -0.2608338072268044927, -0.9653837190503939958, 0.000000000000000000 ) ) ;
#301 = ADVANCED_FACE ( 'NONE', ( #979, #968 ), #598, .T. ) ;
#302 = ORIENTED_EDGE ( 'NONE', *, *, #405, .T. ) ;
#303 = DIRECTION ( 'NONE',  ( 1.000000000000000000, 0.000000000000000000, 0.000000000000000000 ) ) ;
#304 = CARTESIAN_POINT ( 'NONE',  ( 1.318184033002385958, -2.617932314496921098, 0.1494609393601161462 ) ) ;
#305 = CARTESIAN_POINT ( 'NONE',  ( -3.148384281096137993, -0.7565220181013546652, 0.1182994665559180536 ) ) ;
#306 = CIRCLE ( 'NONE', #1451, 1.095298176977060667 ) ;
#307 = DIRECTION ( 'NONE',  ( 0.000000000000000000, 0.000000000000000000, 1.000000000000000000 ) ) ;
#308 = CARTESIAN_POINT ( 'NONE',  ( -2.491037124201000097, -1.870427271332971930, 0.08265093181232398278 ) ) ;
#309 = CARTESIAN_POINT ( 'NONE',  ( -0.09077731659593453462, -3.113763576491535456, 0.08265093181232795183 ) ) ;
#310 = CARTESIAN_POINT ( 'NONE',  ( -1.439501445614230546, -3.029719015632617030, 0.2515459335782225803 ) ) ;
#311 = CARTESIAN_POINT ( 'NONE',  ( -3.826574050754399714, 1.159304482186207519, 0.3609973219241143227 ) ) ;
#312 = ORIENTED_EDGE ( 'NONE', *, *, #1829, .F. ) ;
#313 = CARTESIAN_POINT ( 'NONE',  ( 2.944500218151406834, -2.711245459972265071, 0.2697667017643332610 ) ) ;
#314 = CARTESIAN_POINT ( 'NONE',  ( 2.759062016244862026, 3.235646917716376691, 0.3888090274943832858 ) ) ;
#315 = B_SPLINE_CURVE_WITH_KNOTS ( 'NONE', 3,
 ( #385, #552, #1041, #843, #95, #712, #886, #1962, #418, #853, #241, #1035, #112, #249, #375, #1013, #1507, #562 ),
 .UNSPECIFIED., .F., .F.,
 ( 4, 2, 2, 2, 2, 2, 2, 2, 4 ),
 ( 0.000000000000000000, 0.0004161012976696994831, 0.0008322025953393989662, 0.001248303893009098395, 0.001664405190678797932, 0.002080506488348497687, 0.002496607786018195923, 0.002912709083687895027, 0.003328810381357593697 ),
 .UNSPECIFIED. ) ;
#316 = ORIENTED_EDGE ( 'NONE', *, *, #355, .F. ) ;
#317 = DIRECTION ( 'NONE',  ( 0.000000000000000000, 0.000000000000000000, 1.000000000000000000 ) ) ;
#318 = DIRECTION ( 'NONE',  ( -0.000000000000000000, -0.000000000000000000, 1.000000000000000000 ) ) ;
#319 = CARTESIAN_POINT ( 'NONE',  ( 0.04375370712659755468, -3.657985962429486371, 0.3105290896405026868 ) ) ;
#320 = CARTESIAN_POINT ( 'NONE',  ( -1.406563612249627226, -3.845806321354668711, 0.2805589182028687123 ) ) ;
#321 = CARTESIAN_POINT ( 'NONE',  ( -1.439539209584079771, 3.029838486179520896, 0.2515696774912035139 ) ) ;
#322 = CARTESIAN_POINT ( 'NONE',  ( -2.836141461660289131, 2.316476948926947887, 0.3111828717526961552 ) ) ;
#323 = ORIENTED_EDGE ( 'NONE', *, *, #545, .F. ) ;
#324 = CARTESIAN_POINT ( 'NONE',  ( 1.737652373138463435, -3.356103535283704975, 0.2358126047556069749 ) ) ;
#325 = CARTESIAN_POINT ( 'NONE',  ( 2.935570512230269991, 2.856006796252448243, 0.2806395998721461504 ) ) ;
#326 = CARTESIAN_POINT ( 'NONE',  ( 2.182214306505600998, 2.736410188638078278, -0.3250000000000000666 ) ) ;
#327 = ADVANCED_FACE ( 'NONE', ( #501, #1443 ), #1995, .T. ) ;
#328 = CARTESIAN_POINT ( 'NONE',  ( -0.05176228560043326377, -2.930619152327184729, 0.1494622129061067839 ) ) ;
#329 = CARTESIAN_POINT ( 'NONE',  ( -1.553265618117837032, -3.056009764929154660, 0.2662732707668579168 ) ) ;
#330 = CARTESIAN_POINT ( 'NONE',  ( 1.095298176977060223, 0.000000000000000000, -0.04988606374691108986 ) ) ;
#331 = CARTESIAN_POINT ( 'NONE',  ( -1.408998401594240946, 3.842562347314175231, 0.3719438695308773246 ) ) ;
#332 = CARTESIAN_POINT ( 'NONE',  ( -3.659785617189020179, 0.9483023130337591144, 0.2360449858612788665 ) ) ;
#333 = EDGE_LOOP ( 'NONE', ( #438 ) ) ;
#334 = CARTESIAN_POINT ( 'NONE',  ( 1.958308003610063741, 3.562343971162577283, 0.3692149895718744856 ) ) ;
#335 = DIRECTION ( 'NONE',  ( -1.000000000000000000, 0.000000000000000000, 0.000000000000000000 ) ) ;
#336 = AXIS2_PLACEMENT_3D ( 'NONE', #875, #396, #1332 ) ;
#337 = DIRECTION ( 'NONE',  ( 0.000000000000000000, 0.000000000000000000, 1.000000000000000000 ) ) ;
#338 = DIRECTION ( 'NONE',  ( 0.000000000000000000, 0.000000000000000000, -1.000000000000000000 ) ) ;
#339 = AXIS2_PLACEMENT_3D ( 'NONE', #113, #1992, #300 ) ;
#340 = ADVANCED_FACE ( 'NONE', ( #1410, #937 ), #1965, .T. ) ;
#341 = CARTESIAN_POINT ( 'NONE',  ( -1.095298176977060223, 2.190596353954120445, -0.04988606374691108292 ) ) ;
#342 = CARTESIAN_POINT ( 'NONE',  ( -1.541636731389293580, 3.439698863770765502, 0.3280124676704824216 ) ) ;
#343 = CARTESIAN_POINT ( 'NONE',  ( -2.990925408086813952, 0.7859746913584840788, 0.1900849155346726327 ) ) ;
#344 = ORIENTED_EDGE ( 'NONE', *, *, #1477, .T. ) ;
#345 = CARTESIAN_POINT ( 'NONE',  ( 1.806482611939081329, -2.076609789302723108, -0.002995817368998637212 ) ) ;
#346 = CARTESIAN_POINT ( 'NONE',  ( 1.989744904463663477, 3.474357717106495880, 0.2699125033286378650 ) ) ;
#347 = ORIENTED_EDGE ( 'NONE', *, *, #1148, .T. ) ;
#348 = CARTESIAN_POINT ( 'NONE',  ( -2.651474196568303299, -2.092267280530068163, 0.1540640619292992231 ) ) ;
#349 = DIRECTION ( 'NONE',  ( -1.000000000000000000, 0.000000000000000000, 0.000000000000000000 ) ) ;
#350 = FACE_OUTER_BOUND ( 'NONE', #529, .T. ) ;
#351 = CARTESIAN_POINT ( 'NONE',  ( -0.4025925601548460131, 4.075871413856842373, 0.2806461063979890369 ) ) ;
#352 = CARTESIAN_POINT ( 'NONE',  ( -2.994558001279625348, 2.361044387384697352, 0.3349813324158141259 ) ) ;
#353 = EDGE_LOOP ( 'NONE', ( #1326 ) ) ;
#354 = CARTESIAN_POINT ( 'NONE',  ( 0.000000000000000000, 0.000000000000000000, 0.1029289321887076891 ) ) ;
#355 = EDGE_CURVE ( 'NONE', #930, #450, #1642, .T. ) ;
#356 = CARTESIAN_POINT ( 'NONE',  ( -0.02882326884711371162, -3.412247692636378726, -0.3250000000000000666 ) ) ;
#357 = EDGE_LOOP ( 'NONE', ( #2005 ) ) ;
#358 = CARTESIAN_POINT ( 'NONE',  ( 3.165541393471138498, -0.6849462173583678037, 0.1185293455753496095 ) ) ;
#359 = CARTESIAN_POINT ( 'NONE',  ( 3.097945044283376248, -0.7700687415317774009, 0.2156576988573525588 ) ) ;
#360 = CARTESIAN_POINT ( 'NONE',  ( 0.07307218873421134075, -3.348571247056583822, 0.2499276393635684324 ) ) ;
#361 = CARTESIAN_POINT ( 'NONE',  ( -1.627243676259214844, 3.280321400133915155, 0.3111484406207250530 ) ) ;
#362 = CARTESIAN_POINT ( 'NONE',  ( -2.291117108998521168, 1.659123058395146844, 0.1296504281509912870 ) ) ;
#363 = ORIENTED_EDGE ( 'NONE', *, *, #1805, .T. ) ;
#364 = VERTEX_POINT ( 'NONE', #527 ) ;
#365 = EDGE_CURVE ( 'NONE', #23, #23, #1542, .T. ) ;
#366 = ORIENTED_EDGE ( 'NONE', *, *, #191, .T. ) ;
#367 = FACE_OUTER_BOUND ( 'NONE', #960, .T. ) ;
#368 = CARTESIAN_POINT ( 'NONE',  ( 4.341597606394561382, -0.1564762644710304962, 0.3965573810989490022 ) ) ;
#369 = CARTESIAN_POINT ( 'NONE',  ( -2.436889123093275877, 1.768489648362818967, 0.05221475005140997078 ) ) ;
#370 = CIRCLE ( 'NONE', #572, 0.1000000000000000056 ) ;
#371 = CARTESIAN_POINT ( 'NONE',  ( 2.258971743455840731, 1.867679150822680212, 0.1494609393601162572 ) ) ;
#372 = CIRCLE ( 'NONE', #898, 0.8499999999999992006 ) ;
#373 = CARTESIAN_POINT ( 'NONE',  ( -2.430299614827660548, 1.023627919376657536, 0.09569866237345524274 ) ) ;
#374 = EDGE_LOOP ( 'NONE', ( #126 ) ) ;
#375 = CARTESIAN_POINT ( 'NONE',  ( -1.533736125629408420, 3.307354382797448533, 0.2122114573091271328 ) ) ;
#376 = CARTESIAN_POINT ( 'NONE',  ( -2.303391037658476304, -1.518593086911434131, -0.4249999999999999889 ) ) ;
#377 = CARTESIAN_POINT ( 'NONE',  ( 1.339667920069666840, -2.901291744489538527, 0.2156062632388764944 ) ) ;
#378 = VERTEX_POINT ( 'NONE', #1423 ) ;
#379 = CARTESIAN_POINT ( 'NONE',  ( 2.842578737646570985, -3.118205604195381841, 0.2940978541971852600 ) ) ;
#380 = CARTESIAN_POINT ( 'NONE',  ( 2.377839661925666981, -2.012372399350313312, 0.08265093181232756325 ) ) ;
#381 = CARTESIAN_POINT ( 'NONE',  ( -0.7788232688471138365, -3.412247692636378726, -0.3250000000000000666 ) ) ;
#382 = CARTESIAN_POINT ( 'NONE',  ( -3.015495169385733920, -0.7813789189023632176, 0.08265093181232520403 ) ) ;
#383 = CARTESIAN_POINT ( 'NONE',  ( -2.383510762410981254, 1.902007192854480611, 0.1795830252282056838 ) ) ;
#384 = CARTESIAN_POINT ( 'NONE',  ( -2.430899729438281476, -1.022966452237177082, 0.09575349284544629191 ) ) ;
#385 = CARTESIAN_POINT ( 'NONE',  ( -0.09077731659589352575, 3.113763576491536789, 0.08265093181232793795 ) ) ;
#386 = CARTESIAN_POINT ( 'NONE',  ( 4.674999999999998046, 0.000000000000000000, -0.09585786437627299983 ) ) ;
#387 = EDGE_LOOP ( 'NONE', ( #1440 ) ) ;
#388 = B_SPLINE_CURVE_WITH_KNOTS ( 'NONE', 3,
 ( #1590, #304, #777, #1420, #193, #1264, #786, #1399, #1283, #479 ),
 .UNSPECIFIED., .F., .F.,
 ( 4, 2, 2, 2, 4 ),
 ( 2.710505431213761085E-20, 0.0003945457094545052864, 0.0007890914189090104643, 0.001183637128363515751, 0.001578182837818020929 ),
 .UNSPECIFIED. ) ;
#389 = FACE_OUTER_BOUND ( 'NONE', #1745, .T. ) ;
#390 = CARTESIAN_POINT ( 'NONE',  ( 3.950627453959643098, 0.6157910102820913778, 0.3609973219241048858 ) ) ;
#391 = CARTESIAN_POINT ( 'NONE',  ( -2.832809839595762824, 2.315016702382572067, 0.3105636538350711184 ) ) ;
#392 = EDGE_CURVE ( 'NONE', #551, #378, #1920, .T. ) ;
#393 = CARTESIAN_POINT ( 'NONE',  ( -1.105571141119427558, 2.601939826310180948, 0.1293225414782595839 ) ) ;
#394 = CARTESIAN_POINT ( 'NONE',  ( 1.807798601106279213, 2.075862118611937479, -0.002938160557525374816 ) ) ;
#395 = CARTESIAN_POINT ( 'NONE',  ( 2.885138742426641478, 0.4452022533673603011, 0.03154007396045069300 ) ) ;
#396 = DIRECTION ( 'NONE',  ( 0.000000000000000000, 0.000000000000000000, 1.000000000000000000 ) ) ;
#397 = CARTESIAN_POINT ( 'NONE',  ( -0.03697302094427788732, -3.237789699941548083, 0.1182994665559373715 ) ) ;
#398 =( NAMED_UNIT ( * ) PLANE_ANGLE_UNIT ( ) SI_UNIT ( $, .RADIAN. ) );
#399 = CARTESIAN_POINT ( 'NONE',  ( 1.387003232345071613, -3.048527283111344133, 0.2498961008239133363 ) ) ;
#400 = EDGE_LOOP ( 'NONE', ( #163 ) ) ;
#401 = CARTESIAN_POINT ( 'NONE',  ( 3.955619443445927974, -0.6116094172181596456, 0.2697643311134025335 ) ) ;
#402 = CARTESIAN_POINT ( 'NONE',  ( 4.249978023749028111, 0.1385732841772445711, 0.2969097197645453323 ) ) ;
#403 = DIRECTION ( 'NONE',  ( 1.000000000000000000, 0.000000000000000000, 0.000000000000000000 ) ) ;
#404 = CARTESIAN_POINT ( 'NONE',  ( 2.384700942431056347, 1.900514754314627908, 0.1795830252282046013 ) ) ;
#405 = EDGE_CURVE ( 'NONE', #1888, #1888, #1797, .T. ) ;
#406 = CARTESIAN_POINT ( 'NONE',  ( -2.426205752877833355, 1.300303080261991040, -0.002938684781708911578 ) ) ;
#407 = AXIS2_PLACEMENT_3D ( 'NONE', #195, #307, #818 ) ;
#408 = CARTESIAN_POINT ( 'NONE',  ( -2.323523573605937198, -1.786741770120960693, 0.1494622129061068394 ) ) ;
#409 = CARTESIAN_POINT ( 'NONE',  ( -0.04399782432201602284, -3.210593898129958657, 0.2191751080526067041 ) ) ;
#410 = AXIS2_PLACEMENT_3D ( 'NONE', #381, #559, #403 ) ;
#411 = FACE_OUTER_BOUND ( 'NONE', #1736, .T. ) ;
#412 = ORIENTED_EDGE ( 'NONE', *, *, #1286, .F. ) ;
#413 = AXIS2_PLACEMENT_3D ( 'NONE', #686, #1154, #1331 ) ;
#414 = CARTESIAN_POINT ( 'NONE',  ( -1.566053187774951061, 3.747865865620802150, 0.3688387331219896703 ) ) ;
#415 = CARTESIAN_POINT ( 'NONE',  ( 3.718067398068912510, -0.8291227964841517695, 0.3343812186499046102 ) ) ;
#416 = CARTESIAN_POINT ( 'NONE',  ( 2.996680859384697637, -0.6849597380067483643, 0.08265093181232686936 ) ) ;
#417 = CARTESIAN_POINT ( 'NONE',  ( -1.250311731935177972, -2.828446850336875151, 0.1900849155346696906 ) ) ;
#418 = CARTESIAN_POINT ( 'NONE',  ( -0.8104998271125686271, 4.174328379319642401, 0.2969131445977895578 ) ) ;
#419 = CARTESIAN_POINT ( 'NONE',  ( 1.322219000578478187, -2.747815829110169528, 0.1795830252282046013 ) ) ;
#420 = EDGE_CURVE ( 'NONE', #1184, #1284, #49, .T. ) ;
#421 = ORIENTED_EDGE ( 'NONE', *, *, #1950, .F. ) ;
#422 = CARTESIAN_POINT ( 'NONE',  ( 2.131177692355188391, -3.497554888117528460, 0.2806461063981248727 ) ) ;
#423 = CARTESIAN_POINT ( 'NONE',  ( 1.438170259662770789, -2.901976901816111898, 0.1185293455753495817 ) ) ;
#424 = CARTESIAN_POINT ( 'NONE',  ( 2.966239183320770412, 2.389442648422914317, 0.3343151072616609154 ) ) ;
#425 = CARTESIAN_POINT ( 'NONE',  ( 1.480656450722600992, 3.034320303781152806, 0.1537559108507642047 ) ) ;
#426 = CARTESIAN_POINT ( 'NONE',  ( 1.806288502800171836, -2.076767288643759812, -0.002995298863714451493 ) ) ;
#427 = CARTESIAN_POINT ( 'NONE',  ( -2.420572069813910154, -1.970537856929465814, 0.1977679723769311948 ) ) ;
#428 = CARTESIAN_POINT ( 'NONE',  ( -1.635496231930457567, -3.444859982288066114, 0.3349813324158116834 ) ) ;
#429 = CARTESIAN_POINT ( 'NONE',  ( -1.226305491236760581, 2.664039512229655848, 0.1498861333503142268 ) ) ;
#430 = EDGE_LOOP ( 'NONE', ( #1397, #1437, #793, #1345 ) ) ;
#431 = CARTESIAN_POINT ( 'NONE',  ( 2.384700942431055459, 1.900514754314627242, 0.1795830252282079320 ) ) ;
#432 = CARTESIAN_POINT ( 'NONE',  ( -3.579228380525040887, -0.7730166040559153240, 0.3111484406207229436 ) ) ;
#433 = CARTESIAN_POINT ( 'NONE',  ( -3.883686574066963271, 1.298132445898862564, 0.2805521340489734450 ) ) ;
#434 = CARTESIAN_POINT ( 'NONE',  ( 2.129519978636246869, -1.979686289864946769, 0.1450389771247851123 ) ) ;
#435 = CARTESIAN_POINT ( 'NONE',  ( 2.615999440081328231, -5.231998880162656462, 0.06968569267156914104 ) ) ;
#436 = CARTESIAN_POINT ( 'NONE',  ( -0.8094835965969728875, -4.174514401993700830, 0.3888090274943237223 ) ) ;
#437 = CARTESIAN_POINT ( 'NONE',  ( 1.548037016599891125, 2.319201668482165690, 0.003757781069913826433 ) ) ;
#438 = ORIENTED_EDGE ( 'NONE', *, *, #1358, .F. ) ;
#439 = CARTESIAN_POINT ( 'NONE',  ( 1.989744904463626174, -3.474357717106528742, 0.2699125033286375319 ) ) ;
#440 = CONICAL_SURFACE ( 'NONE', #1578, 4.674999999999998046, 0.7853981633974392862 ) ;
#441 = CARTESIAN_POINT ( 'NONE',  ( -3.830018317726822996, -1.166680369301954290, 0.2699146715017078368 ) ) ;
#442 = ADVANCED_FACE ( 'NONE', ( #693 ), #20, .T. ) ;
#443 = FACE_OUTER_BOUND ( 'NONE', #660, .T. ) ;
#444 = CYLINDRICAL_SURFACE ( 'NONE', #1998, 1.000000000000000000 ) ;
#445 = CARTESIAN_POINT ( 'NONE',  ( 1.933908599006630924, 0.000000000000000000, -0.01041242925215498868 ) ) ;
#446 = CARTESIAN_POINT ( 'NONE',  ( -0.6655924562651286402, -4.166586942800900140, 0.2940978541971938087 ) ) ;
#447 = CARTESIAN_POINT ( 'NONE',  ( 2.262437576983906684, 1.868584306920139326, 0.1502912828517251054 ) ) ;
#448 = ORIENTED_EDGE ( 'NONE', *, *, #480, .T. ) ;
#449 = FACE_BOUND ( 'NONE', #1115, .T. ) ;
#450 = VERTEX_POINT ( 'NONE', #987 ) ;
#451 = CARTESIAN_POINT ( 'NONE',  ( 2.830419221988080825, 3.295862207947803491, 0.3965538836498395114 ) ) ;
#452 = CARTESIAN_POINT ( 'NONE',  ( -3.889380843823559530, 1.718816418669343982, 0.2969096833290417736 ) ) ;
#453 = ADVANCED_FACE ( 'NONE', ( #705, #1338 ), #1355, .T. ) ;
#454 = FACE_OUTER_BOUND ( 'NONE', #1181, .T. ) ;
#455 = CARTESIAN_POINT ( 'NONE',  ( -2.615999440081328231, -5.231998880162656462, 0.06968569267156914104 ) ) ;
#456 = CARTESIAN_POINT ( 'NONE',  ( -1.541581435389966392, -3.440154504561533155, 0.3280723448226920969 ) ) ;
#457 = CARTESIAN_POINT ( 'NONE',  ( 1.428216700233719383, 2.650031857497606946, 0.05204358050789915924 ) ) ;
#458 = CARTESIAN_POINT ( 'NONE',  ( 2.146927720598847511, -1.978113235378295531, 0.03154007396045026279 ) ) ;
#459 = CARTESIAN_POINT ( 'NONE',  ( 2.584603761538874611, 3.491959048017752920, 0.3965573810989503900 ) ) ;
#460 = CARTESIAN_POINT ( 'NONE',  ( -3.120307169007390247, -0.7573190597731901397, 0.2191751080525697337 ) ) ;
#461 = FACE_OUTER_BOUND ( 'NONE', #353, .T. ) ;
#462 = CARTESIAN_POINT ( 'NONE',  ( -3.672573175347424002, 2.077593025351458955, 0.2941086908678476330 ) ) ;
#463 = CARTESIAN_POINT ( 'NONE',  ( -3.970236858542135039, -1.262958599717066477, 0.3798397057074983652 ) ) ;
#464 = CARTESIAN_POINT ( 'NONE',  ( -1.485565180186238843, -3.894927199486282188, 0.3800844723061023722 ) ) ;
#465 = CARTESIAN_POINT ( 'NONE',  ( 1.431282985134686880, 2.628277136867091635, 0.1630089797332356372 ) ) ;
#466 = CARTESIAN_POINT ( 'NONE',  ( 0.07349102192016553070, 3.427306352438672210, 0.2662732707668579724 ) ) ;
#467 = CARTESIAN_POINT ( 'NONE',  ( 2.758158912130049156, 3.236367589269635747, 0.2969097197645453878 ) ) ;
#468 = VERTEX_POINT ( 'NONE', #380 ) ;
#469 = CIRCLE ( 'NONE', #84, 0.8499999999999996447 ) ;
#470 = DIRECTION ( 'NONE',  ( -1.000000000000000000, 0.000000000000000000, 0.000000000000000000 ) ) ;
#471 = AXIS2_PLACEMENT_3D ( 'NONE', #218, #841, #538 ) ;
#472 = CARTESIAN_POINT ( 'NONE',  ( -2.723590803413984851, 0.7579126225192041044, 0.1293225414782596394 ) ) ;
#473 = CIRCLE ( 'NONE', #1863, 4.677928932188131661 ) ;
#474 = DIRECTION ( 'NONE',  ( 0.000000000000000000, 0.2267778390408360378, -0.9739465137880871648 ) ) ;
#475 = CARTESIAN_POINT ( 'NONE',  ( -1.540426406079571375, 3.452592435857670061, 0.2360449858612828355 ) ) ;
#476 = CARTESIAN_POINT ( 'NONE',  ( -3.650459642097575674, 0.9393170318969307209, 0.3280124676704587738 ) ) ;
#477 = EDGE_LOOP ( 'NONE', ( #302 ) ) ;
#478 = DIRECTION ( 'NONE',  ( 0.000000000000000000, 0.000000000000000000, 1.000000000000000000 ) ) ;
#479 = CARTESIAN_POINT ( 'NONE',  ( 2.384700942431029702, -1.900514754314661880, 0.1795830252282046013 ) ) ;
#480 = EDGE_CURVE ( 'NONE', #816, #209, #542, .T. ) ;
#481 = CARTESIAN_POINT ( 'NONE',  ( -2.491037124201003206, -1.870427271332974151, 0.08265093181232853470 ) ) ;
#482 = DIRECTION ( 'NONE',  ( -1.000000000000000000, 0.000000000000000000, 0.000000000000000000 ) ) ;
#483 = CARTESIAN_POINT ( 'NONE',  ( 2.947260155059150843, 0.5196818931958271381, 0.1630089797332144042 ) ) ;
#484 = CARTESIAN_POINT ( 'NONE',  ( -0.05176451453057681618, 2.930614130721589827, 0.1494609393601162850 ) ) ;
#485 = B_SPLINE_CURVE_WITH_KNOTS ( 'NONE', 3,
 ( #1246, #1678, #1357, #1069, #577, #905, #1811, #1078, #605, #278 ),
 .UNSPECIFIED., .F., .F.,
 ( 4, 2, 2, 2, 4 ),
 ( 2.206191581974134459E-19, 0.0003558364957810392689, 0.0007116729915620786462, 0.001067509487343117807, 0.001423345983124157292 ),
 .UNSPECIFIED. ) ;
#486 = CARTESIAN_POINT ( 'NONE',  ( -1.485510231649250557, 3.894878927598761642, 0.3800778834222113267 ) ) ;
#487 = CARTESIAN_POINT ( 'NONE',  ( -2.568618295916915262, 2.155411681080880548, 0.2519001209936063690 ) ) ;
#488 = ORIENTED_EDGE ( 'NONE', *, *, #1491, .T. ) ;
#489 = CARTESIAN_POINT ( 'NONE',  ( 1.432798919460890108, 2.766017242875651760, 0.08265093181232871511 ) ) ;
#490 = CARTESIAN_POINT ( 'NONE',  ( -3.734686318702785446, -2.147076842947823749, 0.3937335706678454228 ) ) ;
#491 = ADVANCED_FACE ( 'NONE', ( #785, #1095 ), #18, .T. ) ;
#492 = DIRECTION ( 'NONE',  ( 1.000000000000000000, 0.000000000000000000, 0.000000000000000000 ) ) ;
#493 = CARTESIAN_POINT ( 'NONE',  ( -0.01872160741460509800, -3.808892301468443709, 0.3343151072616607489 ) ) ;
#494 = CARTESIAN_POINT ( 'NONE',  ( 4.295219954773444648, 0.3172347386766315447, 0.3936537778330669868 ) ) ;
#495 = CARTESIAN_POINT ( 'NONE',  ( -3.908804399357860060, 1.116444879050159100, 0.3692171850655723286 ) ) ;
#496 = EDGE_LOOP ( 'NONE', ( #1869 ) ) ;
#497 = VERTEX_POINT ( 'NONE', #386 ) ;
#498 = EDGE_LOOP ( 'NONE', ( #1964 ) ) ;
#499 = DIRECTION ( 'NONE',  ( 0.2608338072267964436, -0.9653837190503963273, 0.000000000000000000 ) ) ;
#500 = AXIS2_PLACEMENT_3D ( 'NONE', #781, #1254, #1118 ) ;
#501 = FACE_OUTER_BOUND ( 'NONE', #498, .T. ) ;
#502 = CARTESIAN_POINT ( 'NONE',  ( 3.055894875927670729, 0.6043762394177181196, 0.08265093181232398278 ) ) ;
#503 = EDGE_CURVE ( 'NONE', #497, #497, #1096, .T. ) ;
#504 = AXIS2_PLACEMENT_3D ( 'NONE', #1285, #1266, #499 ) ;
#505 = CARTESIAN_POINT ( 'NONE',  ( -1.564227925578522971, 3.752118334652641884, 0.3692171850655640020 ) ) ;
#506 = CARTESIAN_POINT ( 'NONE',  ( -3.300165531319271484, 2.266970180030736248, 0.2699125033286335906 ) ) ;
#507 = ORIENTED_EDGE ( 'NONE', *, *, #202, .F. ) ;
#508 = VERTEX_POINT ( 'NONE', #1478 ) ;
#509 = ORIENTED_EDGE ( 'NONE', *, *, #1067, .T. ) ;
#510 = CARTESIAN_POINT ( 'NONE',  ( -3.432721381844764164, -2.228779554850753630, 0.3719503036193672063 ) ) ;
#511 = CARTESIAN_POINT ( 'NONE',  ( 3.035752316842939447, -0.5895751716092317851, 0.1900849155346723274 ) ) ;
#512 = CARTESIAN_POINT ( 'NONE',  ( 0.0009544502704573399254, -3.049385840661007929, 0.1795830252282046013 ) ) ;
#513 = CARTESIAN_POINT ( 'NONE',  ( -1.540498868479603711, -3.451047659136363244, 0.2358126047556071414 ) ) ;
#514 = CARTESIAN_POINT ( 'NONE',  ( 4.295577341628908030, -0.3165353143031784389, 0.3936809533561086982 ) ) ;
#515 = EDGE_CURVE ( 'NONE', #1193, #468, #1464, .T. ) ;
#516 = CARTESIAN_POINT ( 'NONE',  ( -2.479311248189425498, 1.848352441174770266, 0.1900849155346690245 ) ) ;
#517 = FACE_OUTER_BOUND ( 'NONE', #941, .T. ) ;
#518 = VERTEX_POINT ( 'NONE', #680 ) ;
#519 = VERTEX_POINT ( 'NONE', #726 ) ;
#520 = CARTESIAN_POINT ( 'NONE',  ( 2.889374007398080924, -2.249432887523909130, 0.3111484406207165043 ) ) ;
#521 = CARTESIAN_POINT ( 'NONE',  ( 3.950646632666867220, -0.6157303921816762449, 0.3609960157660526692 ) ) ;
#522 = CARTESIAN_POINT ( 'NONE',  ( -2.572353148421163915, 2.144830026416463475, 0.2498961008239136694 ) ) ;
#523 = CARTESIAN_POINT ( 'NONE',  ( 2.935842136428573834, 2.854645372485672628, 0.2805521340489737225 ) ) ;
#524 = CARTESIAN_POINT ( 'NONE',  ( 1.746316467927828464, 1.976388790402815232, 0.09575349284544633355 ) ) ;
#525 = CARTESIAN_POINT ( 'NONE',  ( -2.437316691526367762, 1.769294577609237695, 0.05245513442346663030 ) ) ;
#526 = ORIENTED_EDGE ( 'NONE', *, *, #568, .T. ) ;
#527 = CARTESIAN_POINT ( 'NONE',  ( 4.677928932188131661, 0.000000000000000000, 0.1029289321887076891 ) ) ;
#528 = CARTESIAN_POINT ( 'NONE',  ( 2.114764024866754966, -3.589733111554464617, 0.3798466619065176131 ) ) ;
#529 = EDGE_LOOP ( 'NONE', ( #1880 ) ) ;
#530 = CARTESIAN_POINT ( 'NONE',  ( 2.533691127010360589, -1.941965997997822324, 0.2156795032848123073 ) ) ;
#531 = CARTESIAN_POINT ( 'NONE',  ( 3.274076840517757159, -0.7292342339715904842, 0.2515459335780835803 ) ) ;
#532 = CARTESIAN_POINT ( 'NONE',  ( 2.887208578040439733, -2.246508917210923162, 0.3105290896405025758 ) ) ;
#533 = CARTESIAN_POINT ( 'NONE',  ( 2.843018930331790539, 3.117555454729385112, 0.2940819351169666196 ) ) ;
#534 = AXIS2_PLACEMENT_3D ( 'NONE', #38, #338, #1553 ) ;
#535 = CARTESIAN_POINT ( 'NONE',  ( 1.547735363367418238, 2.319641807900860719, 0.003795334523037440216 ) ) ;
#536 = B_SPLINE_CURVE_WITH_KNOTS ( 'NONE', 3,
 ( #1614, #1623, #69, #684, #1924, #532, #1164, #1772, #860, #847, #1473, #233, #1469, #528, #1650, #856, #1765, #563, #399, #377, #1015, #419 ),
 .UNSPECIFIED., .F., .F.,
 ( 4, 2, 2, 2, 2, 2, 2, 2, 2, 2, 4 ),
 ( 1.896772890328587498E-18, 0.0002367674788561349524, 0.0004735349577122680074, 0.0009470699154245340633, 0.001420604873136800282, 0.001894139830849066392, 0.002367674788561331851, 0.002841209746273598395, 0.003314744703985864505, 0.003551512182841996910, 0.003788279661698128881 ),
 .UNSPECIFIED. ) ;
#537 = CIRCLE ( 'NONE', #697, 0.8500000000000000888 ) ;
#538 = DIRECTION ( 'NONE',  ( 1.000000000000000000, 0.000000000000000000, 0.000000000000000000 ) ) ;
#539 = ORIENTED_EDGE ( 'NONE', *, *, #1537, .T. ) ;
#540 = DIRECTION ( 'NONE',  ( -1.000000000000000000, 0.000000000000000000, 0.000000000000000000 ) ) ;
#541 = PRODUCT_CONTEXT ( 'NONE', #620, 'mechanical' ) ;
#542 = B_SPLINE_CURVE_WITH_KNOTS ( 'NONE', 3,
 ( #1406, #1038, #881, #1494, #1085, #618, #1550, #414, #1195, #4, #716, #1366, #1353, #1857, #575, #1251, #1216, #466, #1206, #1262, #1870, #942 ),
 .UNSPECIFIED., .F., .F.,
 ( 4, 2, 2, 2, 2, 2, 2, 2, 2, 2, 4 ),
 ( 1.111307226797642045E-18, 0.0002367674788561335429, 0.0004735349577122660017, 0.0009470699154245308107, 0.001420604873136795511, 0.001894139830849060537, 0.002367674788561325780, 0.002841209746273590155, 0.003314744703985856265, 0.003551512182841988670, 0.003788279661698121074 ),
 .UNSPECIFIED. ) ;
#543 = ORIENTED_EDGE ( 'NONE', *, *, #780, .T. ) ;
#544 = CARTESIAN_POINT ( 'NONE',  ( 0.000000000000000000, 0.000000000000000000, 0.1000000000005738104 ) ) ;
#545 = EDGE_CURVE ( 'NONE', #1490, #1490, #1862, .T. ) ;
#546 = CARTESIAN_POINT ( 'NONE',  ( 3.696504877080359908, 0.7375796761814096270, 0.3280124676704663789 ) ) ;
#547 = CARTESIAN_POINT ( 'NONE',  ( -3.906617717555684433, 1.112366460527143941, 0.3688387331219898368 ) ) ;
#548 = UNCERTAINTY_MEASURE_WITH_UNIT (LENGTH_MEASURE( 1.000000000000000082E-05 ), #1137, 'distance_accuracy_value', 'NONE');
#549 = CARTESIAN_POINT ( 'NONE',  ( 3.248216975611432300, -0.8163228783757335849, 0.2498961008239152237 ) ) ;
#550 = DIRECTION ( 'NONE',  ( 0.9173946030015676101, -0.3979788215264676299, 0.000000000000000000 ) ) ;
#551 = VERTEX_POINT ( 'NONE', #629 ) ;
#552 = CARTESIAN_POINT ( 'NONE',  ( -0.03662604170650883562, 3.238589533658382980, 0.1185293455753496650 ) ) ;
#553 = CARTESIAN_POINT ( 'NONE',  ( 0.07117673115293154940, 3.412247692636389385, -0.4249999999999999889 ) ) ;
#554 = CARTESIAN_POINT ( 'NONE',  ( -0.4960966592312758272, 2.707609750413802363, -0.002938684781708911578 ) ) ;
#555 = ORIENTED_EDGE ( 'NONE', *, *, #1273, .F. ) ;
#556 = CARTESIAN_POINT ( 'NONE',  ( 2.817954241677343319, -2.315911304133286386, 0.2125717814573395148 ) ) ;
#557 = EDGE_CURVE ( 'NONE', #1754, #1754, #1799, .T. ) ;
#558 = CARTESIAN_POINT ( 'NONE',  ( 3.055894875927674281, 0.6043762394177188968, 0.08265093181232779918 ) ) ;
#559 = DIRECTION ( 'NONE',  ( 0.000000000000000000, 0.000000000000000000, 1.000000000000000000 ) ) ;
#560 = CARTESIAN_POINT ( 'NONE',  ( -2.431251544485329319, -1.022246743903495236, 0.09575451022430590819 ) ) ;
#561 = FACE_OUTER_BOUND ( 'NONE', #964, .T. ) ;
#562 = CARTESIAN_POINT ( 'NONE',  ( -1.269223847131533134, 2.844790845979077165, 0.08265093181232814612 ) ) ;
#563 = CARTESIAN_POINT ( 'NONE',  ( 1.420839372477070706, -3.119782883693720255, 0.2662732707668576393 ) ) ;
#564 = EDGE_LOOP ( 'NONE', ( #1641, #1364, #900, #1122 ) ) ;
#565 = CARTESIAN_POINT ( 'NONE',  ( 2.782890313773982882, -0.4989821256796805327, 0.1293655475425981860 ) ) ;
#566 = CARTESIAN_POINT ( 'NONE',  ( 2.377839661925666981, -2.012372399350313312, 0.08265093181232756325 ) ) ;
#567 = CARTESIAN_POINT ( 'NONE',  ( -2.882380709570491195, -0.8102139599180921969, 0.1633803650421530862 ) ) ;
#568 = EDGE_CURVE ( 'NONE', #1919, #1919, #469, .T. ) ;
#569 = CARTESIAN_POINT ( 'NONE',  ( 2.146263776604051987, -1.978154727910888866, 0.03143769650882994454 ) ) ;
#570 = TOROIDAL_SURFACE ( 'NONE', #1761, 1.099999999999514477, 0.1000000000000000056 ) ;
#571 = CARTESIAN_POINT ( 'NONE',  ( -0.1101474805463935752, -3.779044267168361948, 0.2360449858612830853 ) ) ;
#572 = AXIS2_PLACEMENT_3D ( 'NONE', #150, #1081, #1370 ) ;
#573 = EDGE_LOOP ( 'NONE', ( #1460 ) ) ;
#574 = CARTESIAN_POINT ( 'NONE',  ( 1.471215238352266974, -3.014446457983829486, 0.2515459335780995676 ) ) ;
#575 = CARTESIAN_POINT ( 'NONE',  ( -0.2152437133536086733, 4.056198576064538486, 0.3688362267246321768 ) ) ;
#576 = CARTESIAN_POINT ( 'NONE',  ( -3.712658751752851760, -0.8687848233826396260, 0.3349187831005467908 ) ) ;
#577 = CARTESIAN_POINT ( 'NONE',  ( -0.7265773736933504034, 2.654764201262142187, -0.002995817368998642850 ) ) ;
#578 = CARTESIAN_POINT ( 'NONE',  ( 1.537621248130270013, -2.142823692066877950, 0.09575451022434376680 ) ) ;
#579 = CARTESIAN_POINT ( 'NONE',  ( 0.0009544502704572632723, -3.049385840661005709, 0.1795830252282050177 ) ) ;
#580 = EDGE_CURVE ( 'NONE', #468, #1193, #903, .T. ) ;
#581 = CARTESIAN_POINT ( 'NONE',  ( 1.322219000578515269, 2.747815829110146435, 0.1795830252282041850 ) ) ;
#582 = EDGE_LOOP ( 'NONE', ( #1766 ) ) ;
#583 = CARTESIAN_POINT ( 'NONE',  ( 2.816855786964389097, -2.314360169013333302, 0.2122114573091273271 ) ) ;
#584 = CARTESIAN_POINT ( 'NONE',  ( 2.887208578040471263, 2.246508917210881862, 0.3105290896405026868 ) ) ;
#585 = CARTESIAN_POINT ( 'NONE',  ( 2.633759801759149699, 0.1322105963831922137, 0.09569866237344183679 ) ) ;
#586 = CARTESIAN_POINT ( 'NONE',  ( 1.624894113104977889, -2.221710781073940044, 0.1147064440971890392 ) ) ;
#587 = CARTESIAN_POINT ( 'NONE',  ( -3.049385990031297844, 0.000000000000000000, 0.1795830252282054063 ) ) ;
#588 = CARTESIAN_POINT ( 'NONE',  ( -0.6632320785661761642, -4.166538905344071786, 0.3857885935977561354 ) ) ;
#589 = B_SPLINE_CURVE_WITH_KNOTS ( 'NONE', 3,
 ( #1077, #808, #1131, #7, #165, #1287, #1245, #472, #653, #1433 ),
 .UNSPECIFIED., .F., .F.,
 ( 4, 2, 2, 2, 4 ),
 ( 0.000000000000000000, 0.0003945457094545051237, 0.0007890914189090102475, 0.001183637128363515317, 0.001578182837818020495 ),
 .UNSPECIFIED. ) ;
#590 = CARTESIAN_POINT ( 'NONE',  ( 1.538755970373973936, 2.141588288816486774, 0.09569866237341348447 ) ) ;
#591 = ORIENTED_EDGE ( 'NONE', *, *, #61, .T. ) ;
#592 = CARTESIAN_POINT ( 'NONE',  ( 1.728460792520002398, -3.350158149388617890, 0.3280723448226574579 ) ) ;
#593 = CARTESIAN_POINT ( 'NONE',  ( -3.914013654066545556, -1.576057481672680227, 0.2940978541971892568 ) ) ;
#594 = CARTESIAN_POINT ( 'NONE',  ( -2.383510762411004347, -1.902007192854443973, 0.1795830252282042128 ) ) ;
#595 = CARTESIAN_POINT ( 'NONE',  ( 2.377839661925665649, -2.012372399350312424, 0.08265093181232398278 ) ) ;
#596 = CARTESIAN_POINT ( 'NONE',  ( -1.933908599006630924, 0.000000000000000000, -0.01041242925215498868 ) ) ;
#597 = CARTESIAN_POINT ( 'NONE',  ( -1.371512760663868624, 2.933189713036258084, 0.1182994665557859926 ) ) ;
#598 = TOROIDAL_SURFACE ( 'NONE', #407, 4.758578643762685800, 0.1000000000000000056 ) ;
#599 = FACE_OUTER_BOUND ( 'NONE', #658, .T. ) ;
#600 = CARTESIAN_POINT ( 'NONE',  ( 2.673033570351372123, 2.024694459922815604, 0.2519253385323765304 ) ) ;
#601 = AXIS2_PLACEMENT_3D ( 'NONE', #36, #317, #1253 ) ;
#602 = ORIENTED_EDGE ( 'NONE', *, *, #365, .T. ) ;
#603 = CARTESIAN_POINT ( 'NONE',  ( 1.339667920069706808, 2.901291744489520319, 0.2156062632388762168 ) ) ;
#604 = ADVANCED_FACE ( 'NONE', ( #1727, #33 ), #1917, .F. ) ;
#605 = CARTESIAN_POINT ( 'NONE',  ( -0.1367146330002567689, 3.007871896165188463, 0.05221475005140997078 ) ) ;
#606 = DIRECTION ( 'NONE',  ( 0.7369263539435947363, -0.6368574319894408919, -0.2266101502210665364 ) ) ;
#607 = MANIFOLD_SOLID_BREP ( 'Fillet4', #662 ) ;
#608 = CARTESIAN_POINT ( 'NONE',  ( 2.615999440081328231, 0.000000000000000000, 0.06968569267156915492 ) ) ;
#609 = CARTESIAN_POINT ( 'NONE',  ( -1.531844116915548781, -3.291993715387126151, 0.3053118569354424383 ) ) ;
#610 = CARTESIAN_POINT ( 'NONE',  ( 2.377839661925697179, 2.012372399350281782, 0.08265093181232520403 ) ) ;
#611 = CARTESIAN_POINT ( 'NONE',  ( 1.432664649657446443, -2.873476572225539094, 0.2191578453206691202 ) ) ;
#612 = CARTESIAN_POINT ( 'NONE',  ( -3.015495169385733920, -0.7813789189023633286, 0.08265093181232788244 ) ) ;
#613 = CARTESIAN_POINT ( 'NONE',  ( 2.182214306505600998, 2.736410188638078278, -0.3250000000000000666 ) ) ;
#614 = CARTESIAN_POINT ( 'NONE',  ( 2.665617122150087503, 0.2654992588063717074, 0.1023706977830334958 ) ) ;
#615 = CARTESIAN_POINT ( 'NONE',  ( -0.1369730524171660080, -3.007276204722513668, 0.05204358050786289658 ) ) ;
#616 = CARTESIAN_POINT ( 'NONE',  ( -1.080585798484446025, -4.112682533932157547, 0.2969131082177478564 ) ) ;
#617 = CARTESIAN_POINT ( 'NONE',  ( 2.182214306505562806, -2.736410188638108476, 0.4249999999999999889 ) ) ;
#618 = CARTESIAN_POINT ( 'NONE',  ( -1.626561354994811470, 3.276747449324703521, 0.3105290896405029644 ) ) ;
#619 = CARTESIAN_POINT ( 'NONE',  ( 1.728460792520052802, 3.350158149388594797, 0.3280723448226492422 ) ) ;
#620 = APPLICATION_CONTEXT ( 'automotive_design' ) ;
#621 = CARTESIAN_POINT ( 'NONE',  ( 0.000000000000000000, 0.000000000000000000, -0.1029289321881386998 ) ) ;
#622 = CARTESIAN_POINT ( 'NONE',  ( 0.000000000000000000, 0.000000000000000000, -0.09585786437627299983 ) ) ;
#623 = CARTESIAN_POINT ( 'NONE',  ( -0.3478327770037016320, -4.151729458523003125, 0.3798397057074983652 ) ) ;
#624 = CARTESIAN_POINT ( 'NONE',  ( -1.269223847131572214, -2.844790845979058957, 0.08265093181232791020 ) ) ;
#625 = DIRECTION ( 'NONE',  ( -0.2303335240147301455, 0.000000000000000000, -0.9731117447215174021 ) ) ;
#626 = EDGE_CURVE ( 'NONE', #364, #364, #115, .T. ) ;
#627 = CARTESIAN_POINT ( 'NONE',  ( -3.889222583347923035, 1.719146141145035500, 0.2969097197645494957 ) ) ;
#628 = EDGE_LOOP ( 'NONE', ( #602 ) ) ;
#629 = CARTESIAN_POINT ( 'NONE',  ( -1.323938860537801077, -2.746987588205855868, 0.1795830252282046013 ) ) ;
#630 = VERTEX_POINT ( 'NONE', #1439 ) ;
#631 = CIRCLE ( 'NONE', #1827, 0.1000000000000000611 ) ;
#632 = CIRCLE ( 'NONE', #1764, 0.1000000000000000056 ) ;
#633 = B_SPLINE_CURVE_WITH_KNOTS ( 'NONE', 3,
 ( #512, #1749, #1572, #360, #1101, #319, #493, #8, #623, #1563, #166, #17, #637, #1268, #1874, #1110, #1722, #329, #28, #646, #1277, #1883 ),
 .UNSPECIFIED., .F., .F.,
 ( 4, 2, 2, 2, 2, 2, 2, 2, 2, 2, 4 ),
 ( 4.413785896221761317E-19, 0.0002367674788561328653, 0.0004735349577122652969, 0.0009470699154245301602, 0.001420604873136795294, 0.001894139830849060754, 0.002367674788561326214, 0.002841209746273592324, 0.003314744703985858434, 0.003551512182841992139, 0.003788279661698126279 ),
 .UNSPECIFIED. ) ;
#634 = FACE_OUTER_BOUND ( 'NONE', #1591, .T. ) ;
#635 = TOROIDAL_SURFACE ( 'NONE', #1165, 0.8499999999999999778, 0.1000000000000000056 ) ;
#636 = DIRECTION ( 'NONE',  ( 1.000000000000000000, 0.000000000000000000, 0.000000000000000000 ) ) ;
#637 = CARTESIAN_POINT ( 'NONE',  ( -1.264454995046278674, -4.117442515520915336, 0.3936809533561088648 ) ) ;
#638 = CARTESIAN_POINT ( 'NONE',  ( -1.449152944306220547, -3.049491592874721935, 0.1537559108507645100 ) ) ;
#639 = CARTESIAN_POINT ( 'NONE',  ( -0.6498865617577497256, 4.258575856489530409, 0.3937335706678500857 ) ) ;
#640 = CARTESIAN_POINT ( 'NONE',  ( -3.673109312863124032, 2.077018465944186154, 0.2941245998376030291 ) ) ;
#641 = ORIENTED_EDGE ( 'NONE', *, *, #144, .T. ) ;
#642 = CARTESIAN_POINT ( 'NONE',  ( 2.932214306505562362, -2.736410188638108476, -0.3250000000000000666 ) ) ;
#643 =( BOUNDED_SURFACE ( )  B_SPLINE_SURFACE ( 3, 2, ( 
 ( #610, #1242, #1363 ),
 ( #911, #142, #447 ),
 ( #1528, #1984, #1052 ),
 ( #1389, #1975, #125 ),
 ( #1508, #1233, #135 ),
 ( #929, #899, #590 ),
 ( #437, #1846, #763 ),
 ( #2003, #887, #753 ),
 ( #457, #465, #1549 ),
 ( #1083, #1672, #581 ) ),
 .UNSPECIFIED., .F., .F., .F. ) 
 B_SPLINE_SURFACE_WITH_KNOTS ( ( 4, 2, 2, 2, 4 ),
 ( 3, 3 ),
 ( -4.878909776184769953E-19, 0.0003992111970186907602, 0.0007984223940373820624, 0.001197633591056073256, 0.001596844788074764558 ),
 ( 0.000000000000000000, 1.000000000000000000 ),
 .UNSPECIFIED. ) 
 GEOMETRIC_REPRESENTATION_ITEM ( )  RATIONAL_B_SPLINE_SURFACE ( (
 ( 1.000000000000000000, 0.6716576386619816930, 1.000000000000000000),
 ( 1.000000000000000000, 0.6628705008422914879, 1.000000000000000000),
 ( 1.000000000000000000, 0.6570769723422470454, 1.000000000000000000),
 ( 1.000000000000000000, 0.6494829935158318301, 1.000000000000000000),
 ( 1.000000000000000000, 0.6476518789092428063, 1.000000000000000000),
 ( 1.000000000000000000, 0.6476365079070532937, 1.000000000000000000),
 ( 1.000000000000000000, 0.6494566813525972648, 1.000000000000000000),
 ( 1.000000000000000000, 0.6570632602508139630, 1.000000000000000000),
 ( 1.000000000000000000, 0.6627842552096090412, 1.000000000000000000),
 ( 1.000000000000000000, 0.6716576386619829142, 1.000000000000000000) ) ) 
 REPRESENTATION_ITEM ( '' )  SURFACE ( )  );
#644 = CARTESIAN_POINT ( 'NONE',  ( 2.182214306505600998, 2.736410188638078278, 0.4249999999999999889 ) ) ;
#645 = CARTESIAN_POINT ( 'NONE',  ( 0.000000000000000000, 0.000000000000000000, 0.09585786437684264139 ) ) ;
#646 = CARTESIAN_POINT ( 'NONE',  ( -1.433051939625781923, -2.856320370869088965, 0.2156062632388771327 ) ) ;
#647 = CARTESIAN_POINT ( 'NONE',  ( 3.103611296086929539, 0.7615471583253888843, 0.2156124901392080240 ) ) ;
#648 = EDGE_LOOP ( 'NONE', ( #803 ) ) ;
#649 = CARTESIAN_POINT ( 'NONE',  ( 2.541690457036176909, 3.409051614952190778, 0.2969131082177309255 ) ) ;
#650 = ORIENTED_EDGE ( 'NONE', *, *, #728, .T. ) ;
#651 = DIRECTION ( 'NONE',  ( -0.000000000000000000, -0.000000000000000000, -1.000000000000000000 ) ) ;
#652 = ADVANCED_FACE ( 'NONE', ( #517, #1333 ), #829, .T. ) ;
#653 = CARTESIAN_POINT ( 'NONE',  ( -2.845624219442885128, 0.7025886078763086129, 0.1494622129061071447 ) ) ;
#654 = CARTESIAN_POINT ( 'NONE',  ( 3.035752316842936782, 0.5895751716092308969, 0.1900849155346690245 ) ) ;
#655 = CARTESIAN_POINT ( 'NONE',  ( -1.208279017568185010, -4.042802038558768629, 0.2941086908678475775 ) ) ;
#656 = CARTESIAN_POINT ( 'NONE',  ( 3.325072579742606393, 0.8342980262710638639, 0.2662822768882598945 ) ) ;
#657 = CARTESIAN_POINT ( 'NONE',  ( -3.432721381844768604, 2.228779554850803812, 0.3719503036193716472 ) ) ;
#658 = EDGE_LOOP ( 'NONE', ( #1323, #795 ) ) ;
#659 = CARTESIAN_POINT ( 'NONE',  ( 1.322219000578516157, 2.747815829110149988, 0.1795830252282089312 ) ) ;
#660 = EDGE_LOOP ( 'NONE', ( #993 ) ) ;
#661 = DIRECTION ( 'NONE',  ( 1.000000000000000000, 0.000000000000000000, 0.000000000000000000 ) ) ;
#662 = CLOSED_SHELL ( 'NONE', ( #134, #663, #1958, #1056, #1769, #2007, #604, #1337, #1599, #1300, #453, #1237, #1890, #652, #838, #1214, #491, #1381, #1392, #1868, #1699, #934, #1133, #754, #86, #327, #1985, #1247, #340, #442, #1006, #972, #1933, #1503, #868, #301, #1636, #214, #1021, #263, #1561 ) ) ;
#663 = ADVANCED_FACE ( 'NONE', ( #1499, #73 ), #51, .T. ) ;
#664 = CARTESIAN_POINT ( 'NONE',  ( 3.164773030496637496, -0.6843816122136459068, 0.1182779378724144875 ) ) ;
#665 = CARTESIAN_POINT ( 'NONE',  ( -2.491037124201003206, -1.870427271332974151, 0.08265093181232793795 ) ) ;
#666 = AXIS2_PLACEMENT_3D ( 'NONE', #1968, #1512, #13 ) ;
#667 = AXIS2_PLACEMENT_3D ( 'NONE', #771, #1833, #288 ) ;
#668 = CARTESIAN_POINT ( 'NONE',  ( -0.3347449180423208159, 2.657737433474518074, 0.1023696757768763899 ) ) ;
#669 = CARTESIAN_POINT ( 'NONE',  ( 0.06140388581883344382, 3.191629509653433505, 0.2156576988573537246 ) ) ;
#670 = CARTESIAN_POINT ( 'NONE',  ( -3.148384281096106907, 0.7565220181014025158, 0.1182994665559096159 ) ) ;
#671 = ORIENTED_EDGE ( 'NONE', *, *, #155, .T. ) ;
#672 = VERTEX_POINT ( 'NONE', #74 ) ;
#673 = ORIENTED_EDGE ( 'NONE', *, *, #945, .T. ) ;
#674 = CARTESIAN_POINT ( 'NONE',  ( -3.153391037658476392, -1.518593086911434131, -0.3250000000000000666 ) ) ;
#675 = CARTESIAN_POINT ( 'NONE',  ( 4.341547324389553708, 0.1567454596732484051, 0.3965539497196144958 ) ) ;
#676 = CARTESIAN_POINT ( 'NONE',  ( -2.465822399680368537, 2.032713412151721410, 0.2156062632388766886 ) ) ;
#677 = CARTESIAN_POINT ( 'NONE',  ( 1.450781445102262923, 2.533271364856427788, 0.03154007396045051953 ) ) ;
#678 = CARTESIAN_POINT ( 'NONE',  ( -2.725400387172840944, 0.7568726934232812287, 0.1296021493011988712 ) ) ;
#679 = DIRECTION ( 'NONE',  ( -0.000000000000000000, -0.000000000000000000, 1.000000000000000000 ) ) ;
#680 = CARTESIAN_POINT ( 'NONE',  ( -2.403391037658455076, 1.518593086911478096, -0.3250000000000000666 ) ) ;
#681 = EDGE_LOOP ( 'NONE', ( #182, #1447, #66, #1529 ) ) ;
#682 = CARTESIAN_POINT ( 'NONE',  ( 2.482711192209010154, -2.036171437609027635, 0.2191751080525656814 ) ) ;
#683 = CARTESIAN_POINT ( 'NONE',  ( 3.550323943429648299, -0.7609000705662273267, 0.3053118569355758871 ) ) ;
#684 = CARTESIAN_POINT ( 'NONE',  ( 2.663578186711348827, -2.030669885691903875, 0.2499276393635685989 ) ) ;
#685 = FACE_OUTER_BOUND ( 'NONE', #1777, .T. ) ;
#686 = CARTESIAN_POINT ( 'NONE',  ( 0.000000000000000000, 0.000000000000000000, 0.1795830252282046013 ) ) ;
#687 = DIRECTION ( 'NONE',  ( 0.8831385512766377621, 0.4691122458953735364, 0.000000000000000000 ) ) ;
#688 = EDGE_CURVE ( 'NONE', #1204, #519, #779, .T. ) ;
#689 = CARTESIAN_POINT ( 'NONE',  ( 3.032214306505601087, 2.736410188638078278, -0.4249999999999999889 ) ) ;
#690 = ORIENTED_EDGE ( 'NONE', *, *, #906, .T. ) ;
#691 = CARTESIAN_POINT ( 'NONE',  ( 2.844012851874258008, -3.116330235735414345, 0.3857885935978148106 ) ) ;
#692 = PRODUCT_DEFINITION_SHAPE ( 'NONE', 'NONE',  #892 ) ;
#693 = FACE_OUTER_BOUND ( 'NONE', #681, .T. ) ;
#694 = CARTESIAN_POINT ( 'NONE',  ( -3.049827804655858010, 0.6638696812771437417, 0.1977673251278730393 ) ) ;
#695 = AXIS2_PLACEMENT_3D ( 'NONE', #1029, #837, #204 ) ;
#696 = FACE_OUTER_BOUND ( 'NONE', #1961, .T. ) ;
#697 = AXIS2_PLACEMENT_3D ( 'NONE', #913, #2004, #1243 ) ;
#698 = CARTESIAN_POINT ( 'NONE',  ( -2.491037124200976116, 1.870427271333009678, 0.08265093181232520403 ) ) ;
#699 = EDGE_LOOP ( 'NONE', ( #54 ) ) ;
#700 = CARTESIAN_POINT ( 'NONE',  ( -0.09077731659593450686, -3.113763576491535900, 0.08265093181232779918 ) ) ;
#701 = VERTEX_POINT ( 'NONE', #220 ) ;
#702 = EDGE_CURVE ( 'NONE', #1307, #1261, #315, .T. ) ;
#703 = ORIENTED_EDGE ( 'NONE', *, *, #1840, .T. ) ;
#704 = CARTESIAN_POINT ( 'NONE',  ( 2.936689013805711124, -2.850687553009761732, 0.3719438695308701082 ) ) ;
#705 = FACE_BOUND ( 'NONE', #105, .T. ) ;
#706 = FACE_OUTER_BOUND ( 'NONE', #914, .T. ) ;
#707 =( BOUNDED_SURFACE ( )  B_SPLINE_SURFACE ( 3, 2, ( 
 ( #700, #1344, #1182 ),
 ( #397, #409, #1024 ),
 ( #1953, #1192, #1794 ),
 ( #103, #722, #1350 ),
 ( #571, #1202, #1387 ),
 ( #299, #1814, #927 ),
 ( #897, #1061, #1249 ),
 ( #446, #588, #281 ),
 ( #1835, #436, #783 ),
 ( #616, #1823, #761 ),
 ( #1091, #2, #2002 ),
 ( #290, #919, #464 ),
 ( #1853, #1681, #1072 ),
 ( #1554, #456, #428 ),
 ( #1706, #609, #773 ),
 ( #1547, #310, #1845 ),
 ( #1519, #124, #1241 ),
 ( #1403, #939, #1051 ) ),
 .UNSPECIFIED., .F., .F., .F. ) 
 B_SPLINE_SURFACE_WITH_KNOTS ( ( 4, 2, 2, 2, 2, 2, 2, 2, 4 ),
 ( 3, 3 ),
 ( -4.336808689942017736E-19, 0.0004705517566121561078, 0.0009411035132243126492, 0.001411655269836469082, 0.001882207026448625732, 0.002352758783060782382, 0.002823310539672939032, 0.003293862296285095248, 0.003764414052897251898 ),
 ( 0.000000000000000000, 1.000000000000000000 ),
 .UNSPECIFIED. ) 
 GEOMETRIC_REPRESENTATION_ITEM ( )  RATIONAL_B_SPLINE_SURFACE ( (
 ( 1.000000000000000000, 0.6716576386619830252, 1.000000000000000000),
 ( 1.000000000000000000, 0.6912957597186516479, 1.000000000000000000),
 ( 1.000000000000000000, 0.7067932657436343247, 1.000000000000000000),
 ( 1.000000000000000000, 0.7274551955620619514, 1.000000000000000000),
 ( 1.000000000000000000, 0.7329377802262706521, 1.000000000000000000),
 ( 1.000000000000000000, 0.7380836746963608253, 1.000000000000000000),
 ( 1.000000000000000000, 0.7379485796864052594, 1.000000000000000000),
 ( 1.000000000000000000, 0.7370222111734238135, 1.000000000000000000),
 ( 1.000000000000000000, 0.7363002703097548673, 1.000000000000000000),
 ( 1.000000000000000000, 0.7362996335686838867, 1.000000000000000000),
 ( 1.000000000000000000, 0.7370192300140578912, 1.000000000000000000),
 ( 1.000000000000000000, 0.7379492691853581920, 1.000000000000000000),
 ( 1.000000000000000000, 0.7380811941285049249, 1.000000000000000000),
 ( 1.000000000000000000, 0.7329493120566791253, 1.000000000000000000),
 ( 1.000000000000000000, 0.7274669205032447961, 1.000000000000000000),
 ( 1.000000000000000000, 0.7067847552225404728, 1.000000000000000000),
 ( 1.000000000000000000, 0.6912842660257667582, 1.000000000000000000),
 ( 1.000000000000000000, 0.6716576386619823591, 1.000000000000000000) ) ) 
 REPRESENTATION_ITEM ( '' )  SURFACE ( )  );
#708 = CARTESIAN_POINT ( 'NONE',  ( 2.377839661925697179, 2.012372399350280894, 0.08265093181232799346 ) ) ;
#709 = CARTESIAN_POINT ( 'NONE',  ( 4.125100163113351037, -0.5847728938171894431, 0.3798466619065158922 ) ) ;
#710 = CARTESIAN_POINT ( 'NONE',  ( 2.750118349197845813, -0.1191149992871113755, -0.002938160557525356601 ) ) ;
#711 = CARTESIAN_POINT ( 'NONE',  ( -1.075598923478679136, -2.713627082485484898, 0.03148691941163975910 ) ) ;
#712 = CARTESIAN_POINT ( 'NONE',  ( -0.2839330407320642680, 3.992539704120427579, 0.2697643311134033661 ) ) ;
#713 = CARTESIAN_POINT ( 'NONE',  ( -0.7149624916043421097, 2.538306319331319116, 0.09569866237344089310 ) ) ;
#714 = EDGE_LOOP ( 'NONE', ( #1126, #1105 ) ) ;
#715 = FACE_OUTER_BOUND ( 'NONE', #24, .T. ) ;
#716 = CARTESIAN_POINT ( 'NONE',  ( -1.120098583723110997, 4.197542117563520137, 0.3965538836498396780 ) ) ;
#717 = EDGE_CURVE ( 'NONE', #1796, #1807, #1967, .T. ) ;
#718 = CARTESIAN_POINT ( 'NONE',  ( 2.944500218151445470, 2.711245459972226435, 0.2697667017643332610 ) ) ;
#719 = CARTESIAN_POINT ( 'NONE',  ( -2.436584514640581567, -1.767916200387396719, 0.05204358050786727502 ) ) ;
#720 = DIRECTION ( 'NONE',  ( -0.000000000000000000, -0.000000000000000000, 1.000000000000000000 ) ) ;
#721 = EDGE_LOOP ( 'NONE', ( #673, #1825 ) ) ;
#722 = CARTESIAN_POINT ( 'NONE',  ( -0.04817711448667000990, -3.630467104123961342, 0.3052812977233239078 ) ) ;
#723 = CARTESIAN_POINT ( 'NONE',  ( -0.3954664533338402843, 2.757680682722664756, 0.1206538053677914807 ) ) ;
#724 = ORIENTED_EDGE ( 'NONE', *, *, #1312, .F. ) ;
#725 = PLANE ( 'NONE',  #1232 ) ;
#726 = CARTESIAN_POINT ( 'NONE',  ( -3.015495169385733032, -0.7813789189023635506, 0.08265093181232786856 ) ) ;
#727 = CARTESIAN_POINT ( 'NONE',  ( 3.037103223151250475, 2.697225453229662229, 0.3688387331219897258 ) ) ;
#728 = EDGE_CURVE ( 'NONE', #551, #1847, #895, .T. ) ;
#729 = CARTESIAN_POINT ( 'NONE',  ( -2.324367836401928678, -1.788364012626405319, 0.1498861333502604087 ) ) ;
#730 = CARTESIAN_POINT ( 'NONE',  ( -0.7788232688471138365, -3.412247692636378726, 0.4249999999999999889 ) ) ;
#731 = STYLED_ITEM ( 'NONE', ( #1282 ), #607 ) ;
#732 = CARTESIAN_POINT ( 'NONE',  ( -0.5013500913490392952, -2.706181046349663610, 0.1146563290916596256 ) ) ;
#733 = B_SPLINE_CURVE_WITH_KNOTS ( 'NONE', 3,
 ( #1541, #740, #1218, #758, #938, #1820, #1383, #462, #1999, #452, #770, #433, #1089, #1208, #1393, #1227, #1524, #1832 ),
 .UNSPECIFIED., .F., .F.,
 ( 4, 2, 2, 2, 2, 2, 2, 2, 4 ),
 ( 0.000000000000000000, 0.0004161012976696995373, 0.0008322025953393990746, 0.001248303893009098612, 0.001664405190678798149, 0.002080506488348497687, 0.002496607786018197224, 0.002912709083687896761, 0.003328810381357596299 ),
 .UNSPECIFIED. ) ;
#734 = AXIS2_PLACEMENT_3D ( 'NONE', #1367, #1686, #1996 ) ;
#735 = DIRECTION ( 'NONE',  ( 1.000000000000000000, 0.000000000000000000, 0.000000000000000000 ) ) ;
#736 = ORIENTED_EDGE ( 'NONE', *, *, #1950, .T. ) ;
#737 = CARTESIAN_POINT ( 'NONE',  ( 2.508353619522387223, 2.047635530252950975, 0.1182994665558837338 ) ) ;
#738 = CARTESIAN_POINT ( 'NONE',  ( -3.153391037658455076, 1.518593086911478096, -0.4249999999999999889 ) ) ;
#739 = CARTESIAN_POINT ( 'NONE',  ( -0.1367171327941829606, -3.007866133804737885, 0.05221309379050791122 ) ) ;
#740 = CARTESIAN_POINT ( 'NONE',  ( -2.554867219692044777, 1.990592154158094873, 0.1185293455753498454 ) ) ;
#741 = CARTESIAN_POINT ( 'NONE',  ( 3.055894875927674281, -0.6043762394177187858, 0.08265093181232785469 ) ) ;
#742 = CARTESIAN_POINT ( 'NONE',  ( -0.7238985249608604899, -2.655607387981405054, 0.1147064440970417404 ) ) ;
#743 = CARTESIAN_POINT ( 'NONE',  ( -1.323938860537762885, 2.746987588205874520, 0.1795830252282046013 ) ) ;
#744 = DIRECTION ( 'NONE',  ( 0.000000000000000000, 0.000000000000000000, -1.000000000000000000 ) ) ;
#745 = FACE_BOUND ( 'NONE', #1945, .T. ) ;
#746 = EDGE_LOOP ( 'NONE', ( #219, #448, #412, #1755, #316, #1492, #72, #1588, #1084, #1004, #1611, #1113, #1726, #1421 ) ) ;
#747 = CARTESIAN_POINT ( 'NONE',  ( -1.269223847131572214, -2.844790845979058957, 0.08265093181232791020 ) ) ;
#748 = CARTESIAN_POINT ( 'NONE',  ( 2.749884508732049149, 0.1173699926059882104, -0.002995298863693590143 ) ) ;
#749 = DIRECTION ( 'NONE',  ( 0.6538674377126216797, 0.7566091288764171807, 0.000000000000000000 ) ) ;
#750 = CARTESIAN_POINT ( 'NONE',  ( 1.933908599006630480, -3.867817198013260960, -0.01041242925215498695 ) ) ;
#751 = CARTESIAN_POINT ( 'NONE',  ( -1.250311731935138448, 2.828446850336892915, 0.1900849155346722164 ) ) ;
#752 = B_SPLINE_CURVE_WITH_KNOTS ( 'NONE', 3,
 ( #1747, #358, #1099, #1712, #1881, #401, #1027, #1643, #1308, #1174, #1005, #1601, #826, #213, #985, #1956, #201, #224 ),
 .UNSPECIFIED., .F., .F.,
 ( 4, 2, 2, 2, 2, 2, 2, 2, 4 ),
 ( 0.000000000000000000, 0.0004161012976696992121, 0.0008322025953393984241, 0.001248303893009097745, 0.001664405190678796848, 0.002080506488348495952, 0.002496607786018195489, 0.002912709083687895894, 0.003328810381357596732 ),
 .UNSPECIFIED. ) ;
#753 = CARTESIAN_POINT ( 'NONE',  ( 1.344354954345196695, 2.488648890699339145, 0.1296021493011936532 ) ) ;
#754 = ADVANCED_FACE ( 'NONE', ( #876 ), #707, .T. ) ;
#755 = CARTESIAN_POINT ( 'NONE',  ( 1.322219000578477965, -2.747815829110167751, 0.1795830252282086259 ) ) ;
#756 = EDGE_LOOP ( 'NONE', ( #543 ) ) ;
#757 = CARTESIAN_POINT ( 'NONE',  ( -2.973143756238054713, -0.6776216650475606063, 0.1795830252282080708 ) ) ;
#758 = CARTESIAN_POINT ( 'NONE',  ( -2.883284581249585088, 2.231317692858012958, 0.2122456954786439420 ) ) ;
#759 = CARTESIAN_POINT ( 'NONE',  ( 1.803190870177166838, -2.079247569537147733, 0.1146563290915130345 ) ) ;
#760 = CARTESIAN_POINT ( 'NONE',  ( -2.615999440081328231, 5.231998880162656462, 0.06968569267156914104 ) ) ;
#761 = CARTESIAN_POINT ( 'NONE',  ( -1.118649432064185989, -4.197925445423843271, 0.3965573810989559411 ) ) ;
#762 = AXIS2_PLACEMENT_3D ( 'NONE', #156, #1401, #1100 ) ;
#763 = CARTESIAN_POINT ( 'NONE',  ( 1.454409412213887531, 2.249599466569582873, 0.1023706977830355497 ) ) ;
#764 = AXIS2_PLACEMENT_3D ( 'NONE', #1618, #1638, #1804 ) ;
#765 = CARTESIAN_POINT ( 'NONE',  ( 1.673584765260043739, -3.426517511368930791, 0.3349813324158111838 ) ) ;
#766 = EDGE_CURVE ( 'NONE', #768, #378, #370, .T. ) ;
#767 = CIRCLE ( 'NONE', #1801, 0.8499999999999996447 ) ;
#768 = VERTEX_POINT ( 'NONE', #910 ) ;
#769 = CARTESIAN_POINT ( 'NONE',  ( 2.530471535806643857, 1.951684133773758045, 0.2156124901392080517 ) ) ;
#770 = CARTESIAN_POINT ( 'NONE',  ( -3.914128164690472644, 1.575280724796264131, 0.2940819351169665641 ) ) ;
#771 = CARTESIAN_POINT ( 'NONE',  ( 1.332876867854890346, -2.769964850107347498, 0.08265093181232688324 ) ) ;
#772 = CARTESIAN_POINT ( 'NONE',  ( 3.049385990031297400, -6.098771980062594800, 0.1795830252282054063 ) ) ;
#773 = CARTESIAN_POINT ( 'NONE',  ( -1.627297188553756824, -3.280498088032274939, 0.3111828717526938237 ) ) ;
#774 = CYLINDRICAL_SURFACE ( 'NONE', #967, 0.7499999999999997780 ) ;
#775 = EDGE_LOOP ( 'NONE', ( #1159, #1136 ) ) ;
#776 = DIRECTION ( 'NONE',  ( -0.000000000000000000, -0.000000000000000000, 1.000000000000000000 ) ) ;
#777 = CARTESIAN_POINT ( 'NONE',  ( 1.344983795284331318, -2.486861526234909636, 0.1293655475425981860 ) ) ;
#778 = CARTESIAN_POINT ( 'NONE',  ( -2.885040414871983483, -2.232042832194189419, 0.2126057822066038938 ) ) ;
#779 = B_SPLINE_CURVE_WITH_KNOTS ( 'NONE', 3,
 ( #1775, #83, #1362, #1467, #1660, #866, #1783, #1489, #257, #231 ),
 .UNSPECIFIED., .F., .F.,
 ( 4, 2, 2, 2, 4 ),
 ( 1.355252715606880543E-20, 0.0003558364957810393231, 0.0007116729915620786462, 0.001067509487343118024, 0.001423345983124157292 ),
 .UNSPECIFIED. ) ;
#780 = EDGE_CURVE ( 'NONE', #65, #65, #1514, .T. ) ;
#781 = CARTESIAN_POINT ( 'NONE',  ( 3.500000000000000000, 0.000000000000000000, -0.3250000000000000666 ) ) ;
#782 = CARTESIAN_POINT ( 'NONE',  ( 2.972718985906846800, 0.6794827054665162347, 0.1795830252282041295 ) ) ;
#783 = CARTESIAN_POINT ( 'NONE',  ( -0.8132696416954976470, -4.267574814685504592, 0.3965539497196074459 ) ) ;
#784 = CARTESIAN_POINT ( 'NONE',  ( -3.971339445988149031, 1.266998624200529333, 0.3800778834222115488 ) ) ;
#785 = FACE_OUTER_BOUND ( 'NONE', #1335, .T. ) ;
#786 = CARTESIAN_POINT ( 'NONE',  ( 1.868079592911534137, -1.919127913803569285, 0.1022744292354947210 ) ) ;
#787 = CARTESIAN_POINT ( 'NONE',  ( -3.843751773609345168, -2.024728846060376064, 0.3965573810989504455 ) ) ;
#788 = CARTESIAN_POINT ( 'NONE',  ( -0.7788232688471138365, -3.412247692636378726, -0.4249999999999999889 ) ) ;
#789 = CARTESIAN_POINT ( 'NONE',  ( 2.962356883174911637, 0.5356430577212257793, 0.05204358050791201007 ) ) ;
#790 = CARTESIAN_POINT ( 'NONE',  ( 1.095298176977060223, 0.000000000000000000, -0.04988606374691108986 ) ) ;
#791 = CARTESIAN_POINT ( 'NONE',  ( -1.531794561582701109, 3.291841103332873164, 0.3052812977234397596 ) ) ;
#792 = CARTESIAN_POINT ( 'NONE',  ( 2.182214306505562806, -2.736410188638108476, -0.4249999999999999889 ) ) ;
#793 = ORIENTED_EDGE ( 'NONE', *, *, #1791, .F. ) ;
#794 = CARTESIAN_POINT ( 'NONE',  ( 1.431812180075040075, 2.741040841210523382, 0.1900849155346734931 ) ) ;
#795 = ORIENTED_EDGE ( 'NONE', *, *, #580, .T. ) ;
#796 = AXIS2_PLACEMENT_3D ( 'NONE', #1299, #47, #474 ) ;
#797 = DIRECTION ( 'NONE',  ( 1.000000000000000000, 0.000000000000000000, 0.000000000000000000 ) ) ;
#798 = AXIS2_PLACEMENT_3D ( 'NONE', #1487, #93, #550 ) ;
#799 = CARTESIAN_POINT ( 'NONE',  ( 2.875515056360915978, 0.4306115492320589100, 0.1450389771247936610 ) ) ;
#800 = CARTESIAN_POINT ( 'NONE',  ( -1.372172412998613256, -2.933759789665521200, 0.1185293455753496233 ) ) ;
#801 = CARTESIAN_POINT ( 'NONE',  ( -0.01736669179568417140, 3.377513314001904909, 0.1540640619294248170 ) ) ;
#802 = CARTESIAN_POINT ( 'NONE',  ( -3.579228380524972941, 0.7730166040559753871, 0.3111484406207126185 ) ) ;
#803 = ORIENTED_EDGE ( 'NONE', *, *, #1732, .T. ) ;
#804 = EDGE_CURVE ( 'NONE', #1183, #1183, #306, .T. ) ;
#805 = CARTESIAN_POINT ( 'NONE',  ( -0.7788232688470676512, 3.412247692636389385, 0.4249999999999999889 ) ) ;
#806 = VERTEX_POINT ( 'NONE', #1671 ) ;
#807 = CARTESIAN_POINT ( 'NONE',  ( -3.023698193981056104, -2.270118729716716466, 0.2361067534331399986 ) ) ;
#808 = CARTESIAN_POINT ( 'NONE',  ( -2.323521037271801148, 1.786736896553327458, 0.1494609393601161462 ) ) ;
#809 = FACE_OUTER_BOUND ( 'NONE', #387, .T. ) ;
#810 = CARTESIAN_POINT ( 'NONE',  ( -1.533782721830915241, -3.307509513991721661, 0.2122456954786439143 ) ) ;
#811 = CARTESIAN_POINT ( 'NONE',  ( -0.09077731659589334534, 3.113763576491537677, 0.08265093181232824326 ) ) ;
#812 = FACE_OUTER_BOUND ( 'NONE', #775, .T. ) ;
#813 = EDGE_LOOP ( 'NONE', ( #1016, #488 ) ) ;
#814 = CARTESIAN_POINT ( 'NONE',  ( 4.349999999999999645, 0.000000000000000000, -0.4249999999999999889 ) ) ;
#815 = EDGE_CURVE ( 'NONE', #41, #519, #632, .T. ) ;
#816 = VERTEX_POINT ( 'NONE', #743 ) ;
#817 = DIRECTION ( 'NONE',  ( 0.000000000000000000, 0.000000000000000000, -1.000000000000000000 ) ) ;
#818 = DIRECTION ( 'NONE',  ( 1.000000000000000000, 0.000000000000000000, 0.000000000000000000 ) ) ;
#819 = CARTESIAN_POINT ( 'NONE',  ( -3.021729442189081460, -2.269805693804026525, 0.2358126047556068916 ) ) ;
#820 = CARTESIAN_POINT ( 'NONE',  ( -1.405682733348594171, 3.846869520230909334, 0.2806395998721329388 ) ) ;
#821 = CARTESIAN_POINT ( 'NONE',  ( -3.889723564371658338, 1.718104996321429656, 0.3888090274943915570 ) ) ;
#822 = EDGE_LOOP ( 'NONE', ( #671, #1408 ) ) ;
#823 = DIRECTION ( 'NONE',  ( 0.000000000000000000, 0.000000000000000000, 1.000000000000000000 ) ) ;
#824 = ORIENTED_EDGE ( 'NONE', *, *, #1371, .F. ) ;
#825 = AXIS2_PLACEMENT_3D ( 'NONE', #1860, #16, #636 ) ;
#826 = CARTESIAN_POINT ( 'NONE',  ( 3.955602914893050048, 0.6116690760562590867, 0.2697667017643332055 ) ) ;
#827 = CARTESIAN_POINT ( 'NONE',  ( 0.000000000000000000, 0.000000000000000000, -0.4249999999999998224 ) ) ;
#828 = CARTESIAN_POINT ( 'NONE',  ( -2.528591813834943469, 1.087157340624188562, -0.002995817368998649789 ) ) ;
#829 = TOROIDAL_SURFACE ( 'NONE', #764, 0.8499999999999992006, 0.1000000000000000056 ) ;
#830 = AXIS2_PLACEMENT_3D ( 'NONE', #1587, #1303, #982 ) ;
#831 = CARTESIAN_POINT ( 'NONE',  ( -1.529838026902643255, 2.983972475695779725, 0.2519253385323712568 ) ) ;
#832 = CARTESIAN_POINT ( 'NONE',  ( -2.990925408086811288, 0.7859746913584845229, 0.1900849155346692465 ) ) ;
#833 = ORIENTED_EDGE ( 'NONE', *, *, #35, .F. ) ;
#834 = EDGE_LOOP ( 'NONE', ( #1098 ) ) ;
#835 = CARTESIAN_POINT ( 'NONE',  ( 2.384700942431029258, -1.900514754314660548, 0.1795830252282079598 ) ) ;
#836 = DIRECTION ( 'NONE',  ( 0.000000000000000000, 0.000000000000000000, -1.000000000000000000 ) ) ;
#837 = DIRECTION ( 'NONE',  ( -0.000000000000000000, -0.000000000000000000, 1.000000000000000000 ) ) ;
#838 = ADVANCED_FACE ( 'NONE', ( #133 ), #1212, .T. ) ;
#839 = CARTESIAN_POINT ( 'NONE',  ( 2.816855786964421071, 2.314360169013294222, 0.2122114573091275491 ) ) ;
#840 = CARTESIAN_POINT ( 'NONE',  ( 3.035844410853706155, -0.7251464016622324316, 0.1977679723769322218 ) ) ;
#841 = DIRECTION ( 'NONE',  ( 0.000000000000000000, 0.000000000000000000, 1.000000000000000000 ) ) ;
#842 = EDGE_LOOP ( 'NONE', ( #1075 ) ) ;
#843 = CARTESIAN_POINT ( 'NONE',  ( -0.05318411260131551688, 3.645446484739504722, 0.2122456954786448580 ) ) ;
#844 = CARTESIAN_POINT ( 'NONE',  ( -0.5000148286152131805, 2.706707380694680865, 0.1147064440970946425 ) ) ;
#845 = DIRECTION ( 'NONE',  ( -0.000000000000000000, -0.000000000000000000, 1.000000000000000000 ) ) ;
#846 = CARTESIAN_POINT ( 'NONE',  ( 3.696936789487758279, -0.7374243769539484683, 0.3280723448225009720 ) ) ;
#847 = CARTESIAN_POINT ( 'NONE',  ( 2.926049944571277539, -3.160345560406590870, 0.3936537778330669868 ) ) ;
#848 =( BOUNDED_SURFACE ( )  B_SPLINE_SURFACE ( 3, 2, ( 
 ( #925, #1812, #1989 ),
 ( #1697, #1079, #884 ),
 ( #279, #1505, #297 ),
 ( #131, #1689, #1972 ),
 ( #1981, #586, #578 ),
 ( #426, #759, #1209 ),
 ( #1544, #1360, #1517 ),
 ( #569, #434, #1679 ),
 ( #1533, #2000, #1049 ),
 ( #595, #148, #1228 ) ),
 .UNSPECIFIED., .F., .F., .F. ) 
 B_SPLINE_SURFACE_WITH_KNOTS ( ( 4, 2, 2, 2, 4 ),
 ( 3, 3 ),
 ( 0.000000000000000000, 0.0003992111970186910312, 0.0007984223940373820624, 0.001197633591056073039, 0.001596844788074764125 ),
 ( 0.000000000000000000, 1.000000000000000000 ),
 .UNSPECIFIED. ) 
 GEOMETRIC_REPRESENTATION_ITEM ( )  RATIONAL_B_SPLINE_SURFACE ( (
 ( 1.000000000000000000, 0.6716576386619825811, 1.000000000000000000),
 ( 1.000000000000000000, 0.6628705008424523593, 1.000000000000000000),
 ( 1.000000000000000000, 0.6570769723420314401, 1.000000000000000000),
 ( 1.000000000000000000, 0.6494829935160449930, 1.000000000000000000),
 ( 1.000000000000000000, 0.6476518789091820771, 1.000000000000000000),
 ( 1.000000000000000000, 0.6476365079071115805, 1.000000000000000000),
 ( 1.000000000000000000, 0.6494566813524584870, 1.000000000000000000),
 ( 1.000000000000000000, 0.6570632602509569598, 1.000000000000000000),
 ( 1.000000000000000000, 0.6627842552094989070, 1.000000000000000000),
 ( 1.000000000000000000, 0.6716576386619839134, 1.000000000000000000) ) ) 
 REPRESENTATION_ITEM ( '' )  SURFACE ( )  );
#849 = UNCERTAINTY_MEASURE_WITH_UNIT (LENGTH_MEASURE( 1.000000000000000082E-05 ), #1429, 'distance_accuracy_value', 'NONE');
#850 = CARTESIAN_POINT ( 'NONE',  ( 2.147158245732790238, 1.978165917641743876, 0.03159147045940373377 ) ) ;
#851 = EDGE_CURVE ( 'NONE', #930, #806, #1604, .T. ) ;
#852 = CARTESIAN_POINT ( 'NONE',  ( -2.777584894053924724, 0.8596716245254502065, 0.1450389771248471460 ) ) ;
#853 = CARTESIAN_POINT ( 'NONE',  ( -1.081164502970053620, 4.112504899317017681, 0.2969096833290413850 ) ) ;
#854 = CARTESIAN_POINT ( 'NONE',  ( 4.758578643762685800, 0.000000000000000000, -0.4249999999999999889 ) ) ;
#855 = PRODUCT_RELATED_PRODUCT_CATEGORY ( 'part', '', ( #1140 ) ) ;
#856 = CARTESIAN_POINT ( 'NONE',  ( 1.669942800196154487, -3.423851753844735057, 0.3343812186499046102 ) ) ;
#857 = ORIENTED_EDGE ( 'NONE', *, *, #276, .F. ) ;
#858 = FACE_OUTER_BOUND ( 'NONE', #1716, .T. ) ;
#859 = CARTESIAN_POINT ( 'NONE',  ( 4.006137737184277015, -0.6900182871413923502, 0.3692149895718730979 ) ) ;
#860 = CARTESIAN_POINT ( 'NONE',  ( 3.029082608149226807, -2.860507593161342843, 0.3798397057074983652 ) ) ;
#861 = CIRCLE ( 'NONE', #336, 0.8499999999999996447 ) ;
#862 = CIRCLE ( 'NONE', #1359, 0.8500000000000000888 ) ;
#863 = CIRCLE ( 'NONE', #1032, 4.758578643762685800 ) ;
#864 = CARTESIAN_POINT ( 'NONE',  ( -2.973143756238041835, 0.6776216650476026837, 0.1795830252282046013 ) ) ;
#865 = ORIENTED_EDGE ( 'NONE', *, *, #880, .F. ) ;
#866 = CARTESIAN_POINT ( 'NONE',  ( -2.529453076950136658, -1.085912726307846077, -0.002938160557525433363 ) ) ;
#867 = APPLICATION_PROTOCOL_DEFINITION ( 'draft international standard', 'automotive_design', 1998, #1948 ) ;
#868 = ADVANCED_FACE ( 'NONE', ( #696, #685 ), #1385, .T. ) ;
#869 = EDGE_LOOP ( 'NONE', ( #1838 ) ) ;
#870 = CARTESIAN_POINT ( 'NONE',  ( 2.868660603713928836, 0.6016596138159294727, 0.1494622129061071447 ) ) ;
#871 = CARTESIAN_POINT ( 'NONE',  ( 4.250022324579497912, -0.1394888408548763115, 0.3888126144519483129 ) ) ;
#872 = CARTESIAN_POINT ( 'NONE',  ( 2.509192057894653605, 2.047862065120328090, 0.1185284620169508168 ) ) ;
#873 = CARTESIAN_POINT ( 'NONE',  ( 1.344966139979417497, 2.486653270989752862, 0.1293225414782596117 ) ) ;
#874 = CARTESIAN_POINT ( 'NONE',  ( -2.599810549035249885, 0.9998827222963639905, 0.1205682434471506137 ) ) ;
#875 = CARTESIAN_POINT ( 'NONE',  ( 3.500000000000000000, 0.000000000000000000, -0.4249999999999999889 ) ) ;
#876 = FACE_OUTER_BOUND ( 'NONE', #1877, .T. ) ;
#877 = CARTESIAN_POINT ( 'NONE',  ( -0.8519982496647485748, 2.539705392539711060, 0.1023706977830547843 ) ) ;
#878 = ORIENTED_EDGE ( 'NONE', *, *, #1732, .F. ) ;
#879 = FACE_OUTER_BOUND ( 'NONE', #430, .T. ) ;
#880 = EDGE_CURVE ( 'NONE', #450, #87, #1555, .T. ) ;
#881 = CARTESIAN_POINT ( 'NONE',  ( -1.433072065336776113, 2.856337096195625147, 0.2156124901392082183 ) ) ;
#882 = CARTESIAN_POINT ( 'NONE',  ( -2.990925408086824611, -0.7859746913584418904, 0.1900849155346698571 ) ) ;
#883 = B_SPLINE_CURVE_WITH_KNOTS ( 'NONE', 3,
 ( #624, #800, #638, #810, #513, #48, #320, #655, #948, #1864, #1904, #970, #1288, #1564, #167, #29, #1893, #309 ),
 .UNSPECIFIED., .F., .F.,
 ( 4, 2, 2, 2, 2, 2, 2, 2, 4 ),
 ( 0.000000000000000000, 0.0004161012976696999710, 0.0008322025953393999420, 0.001248303893009099913, 0.001664405190678799884, 0.002080506488348499855, 0.002496607786018199826, 0.002912709083687898496, 0.003328810381357597600 ),
 .UNSPECIFIED. ) ;
#884 = CARTESIAN_POINT ( 'NONE',  ( 1.318295274433392228, -2.621512668522571143, 0.1502912828517545540 ) ) ;
#885 = CARTESIAN_POINT ( 'NONE',  ( -3.305466006099467169, -2.360714134986928503, 0.3688362267246322879 ) ) ;
#886 = CARTESIAN_POINT ( 'NONE',  ( -0.4013628012699988479, 4.075236846912451583, 0.2805589182028680462 ) ) ;
#887 = CARTESIAN_POINT ( 'NONE',  ( 1.456188646828356470, 2.516650108882554360, 0.1450389771248282444 ) ) ;
#888 = ORIENTED_EDGE ( 'NONE', *, *, #515, .F. ) ;
#889 = FACE_BOUND ( 'NONE', #1149, .T. ) ;
#890 = CARTESIAN_POINT ( 'NONE',  ( 2.885151571923998848, -2.440450266438139781, 0.2357488272965218290 ) ) ;
#891 = CARTESIAN_POINT ( 'NONE',  ( 1.387003232345113135, 3.048527283111324593, 0.2498961008239131143 ) ) ;
#892 = PRODUCT_DEFINITION ( 'General', '', #1770, #1543 ) ;
#893 = CARTESIAN_POINT ( 'NONE',  ( 2.666043341077557915, -0.2665832280937732723, 0.1024657010481557912 ) ) ;
#894 = DIRECTION ( 'NONE',  ( -1.000000000000000000, 0.000000000000000000, 0.000000000000000000 ) ) ;
#895 = CIRCLE ( 'NONE', #1197, 0.09999999999999999167 ) ;
#896 = CARTESIAN_POINT ( 'NONE',  ( -4.007502454639118028, -1.577807470944620816, 0.3936537778330667647 ) ) ;
#897 = CARTESIAN_POINT ( 'NONE',  ( -0.4026177504400468843, -4.075812556969037104, 0.2806395998721376017 ) ) ;
#898 = AXIS2_PLACEMENT_3D ( 'NONE', #1592, #194, #661 ) ;
#899 = CARTESIAN_POINT ( 'NONE',  ( 1.625868775344693429, 2.220657221426966643, 0.1146563290915280919 ) ) ;
#900 = ORIENTED_EDGE ( 'NONE', *, *, #420, .T. ) ;
#901 = DIRECTION ( 'NONE',  ( 0.000000000000000000, 0.000000000000000000, 1.000000000000000000 ) ) ;
#902 = CARTESIAN_POINT ( 'NONE',  ( -3.884032548754993819, -1.299476899651497597, 0.2806395998721415430 ) ) ;
#903 = B_SPLINE_CURVE_WITH_KNOTS ( 'NONE', 3,
 ( #1978, #1818, #458, #931, #345, #1156, #1305, #1762, #1878, #1908 ),
 .UNSPECIFIED., .F., .F.,
 ( 4, 2, 2, 2, 4 ),
 ( 4.389429016847926357E-19, 0.0003558364957810395400, 0.0007116729915620779957, 0.001067509487343116506, 0.001423345983124154907 ),
 .UNSPECIFIED. ) ;
#904 = DIRECTION ( 'NONE',  ( 0.4569085459903891033, 0.8601641822453045538, -0.2266101502210679242 ) ) ;
#905 = CARTESIAN_POINT ( 'NONE',  ( -0.4958303659893535942, 2.707672721325956822, -0.002938160557525422954 ) ) ;
#906 = EDGE_CURVE ( 'NONE', #200, #1488, #1865, .T. ) ;
#907 =( BOUNDED_SURFACE ( )  B_SPLINE_SURFACE ( 3, 3, ( 
 ( #1982, #772, #1526, #587, #1240, #1690, #1822 ),
 ( #608, #435, #455, #1060, #760, #1680, #280 ),
 ( #2001, #750, #1990, #596, #1230, #1834, #445 ),
 ( #790, #1884, #9, #1256, #341, #957, #330 ) ),
 .UNSPECIFIED., .F., .T., .F. ) 
 B_SPLINE_SURFACE_WITH_KNOTS ( ( 4, 4 ),
 ( 4, 3, 4 ),
 ( 0.000000000000000000, 1.000000000000000000 ),
 ( 0.000000000000000000, 0.5000000000000000000, 1.000000000000000000 ),
 .UNSPECIFIED. ) 
 GEOMETRIC_REPRESENTATION_ITEM ( )  RATIONAL_B_SPLINE_SURFACE ( (
 ( 1.000000000000000000, 0.3333333333333333148, 0.3333333333333333148, 1.000000000000000000, 0.3333333333333333148, 0.3333333333333333148, 1.000000000000000000),
 ( 0.9549499350044495793, 0.3183166450014831561, 0.3183166450014831561, 0.9549499350044495793, 0.3183166450014831561, 0.3183166450014831561, 0.9549499350044495793),
 ( 0.9549499350044495793, 0.3183166450014831561, 0.3183166450014831561, 0.9549499350044495793, 0.3183166450014831561, 0.3183166450014831561, 0.9549499350044495793),
 ( 1.000000000000000000, 0.3333333333333333148, 0.3333333333333333148, 1.000000000000000000, 0.3333333333333333148, 0.3333333333333333148, 1.000000000000000000) ) ) 
 REPRESENTATION_ITEM ( '' )  SURFACE ( )  );
#908 = CARTESIAN_POINT ( 'NONE',  ( -1.334610590902795435, 2.769129933091435181, 0.08265093181232814612 ) ) ;
#909 = CARTESIAN_POINT ( 'NONE',  ( -2.572353148421192781, -2.144830026416425728, 0.2498961008239136139 ) ) ;
#910 = CARTESIAN_POINT ( 'NONE',  ( -0.09077731659593453462, -3.113763576491535456, 0.08265093181232795183 ) ) ;
#911 = CARTESIAN_POINT ( 'NONE',  ( 2.267288655128932628, 1.982502991542245185, 0.05245513442341503962 ) ) ;
#912 = ORIENTED_EDGE ( 'NONE', *, *, #1573, .T. ) ;
#913 = CARTESIAN_POINT ( 'NONE',  ( -3.153391037658476392, -1.518593086911434131, -0.4249999999999999889 ) ) ;
#914 = EDGE_LOOP ( 'NONE', ( #1577 ) ) ;
#915 = CARTESIAN_POINT ( 'NONE',  ( 2.663578186711377693, 2.030669885691866128, 0.2499276393635686544 ) ) ;
#916 = CARTESIAN_POINT ( 'NONE',  ( 2.871524795387680129, -0.6038016655263194199, 0.1502912828517916632 ) ) ;
#917 = FACE_OUTER_BOUND ( 'NONE', #756, .T. ) ;
#918 = CARTESIAN_POINT ( 'NONE',  ( -0.1314376752279413085, -2.825488927952519713, 0.1296021493011959846 ) ) ;
#919 = CARTESIAN_POINT ( 'NONE',  ( -1.409047030224343411, -3.842605998031920489, 0.3719503036193714252 ) ) ;
#920 = CARTESIAN_POINT ( 'NONE',  ( -2.973143756238045388, 0.6776216650476024617, 0.1795830252282046013 ) ) ;
#921 = ORIENTED_EDGE ( 'NONE', *, *, #1286, .T. ) ;
#922 = CARTESIAN_POINT ( 'NONE',  ( 2.377839661925697179, 2.012372399350280450, 0.08265093181232774366 ) ) ;
#923 = CARTESIAN_POINT ( 'NONE',  ( 3.029082608149266331, 2.860507593161301543, 0.3798397057074983652 ) ) ;
#924 = CARTESIAN_POINT ( 'NONE',  ( 2.750116212918829905, -0.1188413702264111416, -0.002938684781708911578 ) ) ;
#925 = CARTESIAN_POINT ( 'NONE',  ( 1.432798919460852582, -2.766017242875672633, 0.08265093181232520403 ) ) ;
#926 = CARTESIAN_POINT ( 'NONE',  ( -2.383510762411008344, -1.902007192854447304, 0.1795830252282046013 ) ) ;
#927 = CARTESIAN_POINT ( 'NONE',  ( -0.2186624694007801850, -4.059234869390119904, 0.3692171850655787679 ) ) ;
#928 = AXIS2_PLACEMENT_3D ( 'NONE', #645, #1276, #492 ) ;
#929 = CARTESIAN_POINT ( 'NONE',  ( 1.622761392167380912, 2.223125275511888432, -0.002995298863714451493 ) ) ;
#930 = VERTEX_POINT ( 'NONE', #1465 ) ;
#931 = CARTESIAN_POINT ( 'NONE',  ( 1.917080026212742760, -2.025099267955965399, 0.003795334523037287126 ) ) ;
#932 = CARTESIAN_POINT ( 'NONE',  ( 3.028323104183248127, 2.864625924210202346, 0.3800778834222084956 ) ) ;
#933 =( BOUNDED_SURFACE ( )  B_SPLINE_SURFACE ( 3, 2, ( 
 ( #382, #882, #1311 ),
 ( #1496, #567, #1178 ),
 ( #1781, #1802, #1504 ),
 ( #1951, #228, #1039 ),
 ( #1474, #1635, #560 ),
 ( #1914, #79, #1000 ),
 ( #1189, #1790, #1031 ),
 ( #1647, #247, #100 ),
 ( #719, #1348, #729 ),
 ( #308, #1238, #594 ) ),
 .UNSPECIFIED., .F., .F., .T. ) 
 B_SPLINE_SURFACE_WITH_KNOTS ( ( 4, 2, 2, 2, 4 ),
 ( 3, 3 ),
 ( 0.000000000000000000, 0.0003992111970186918986, 0.0007984223940373837971, 0.001197633591056075641, 0.001596844788074767594 ),
 ( 0.000000000000000000, 1.000000000000000000 ),
 .UNSPECIFIED. ) 
 GEOMETRIC_REPRESENTATION_ITEM ( )  RATIONAL_B_SPLINE_SURFACE ( (
 ( 1.000000000000000000, 0.6716576386619840244, 1.000000000000000000),
 ( 1.000000000000000000, 0.6628705008424417011, 1.000000000000000000),
 ( 1.000000000000000000, 0.6570769723420465391, 1.000000000000000000),
 ( 1.000000000000000000, 0.6494829935160303380, 1.000000000000000000),
 ( 1.000000000000000000, 0.6476518789094475315, 1.000000000000000000),
 ( 1.000000000000000000, 0.6476365079068419073, 1.000000000000000000),
 ( 1.000000000000000000, 0.6494566813524768056, 1.000000000000000000),
 ( 1.000000000000000000, 0.6570632602509306475, 1.000000000000000000),
 ( 1.000000000000000000, 0.6627842552095252193, 1.000000000000000000),
 ( 1.000000000000000000, 0.6716576386619830252, 1.000000000000000000) ) ) 
 REPRESENTATION_ITEM ( '' )  SURFACE ( )  );
#934 = ADVANCED_FACE ( 'NONE', ( #254 ), #933, .T. ) ;
#935 = AXIS2_PLACEMENT_3D ( 'NONE', #31, #973, #53 ) ;
#936 = CARTESIAN_POINT ( 'NONE',  ( -3.543725299026836417, -0.8638994628062065528, 0.2125717814573418185 ) ) ;
#937 = FACE_OUTER_BOUND ( 'NONE', #842, .T. ) ;
#938 = CARTESIAN_POINT ( 'NONE',  ( -3.021729442189049486, 2.269805693804069602, 0.2358126047556054761 ) ) ;
#939 = CARTESIAN_POINT ( 'NONE',  ( -1.250311731935176862, -2.828446850336874707, 0.1900849155346738539 ) ) ;
#940 = CARTESIAN_POINT ( 'NONE',  ( -3.914492054458947212, 1.573745594231088729, 0.3857885935978138670 ) ) ;
#941 = EDGE_LOOP ( 'NONE', ( #248 ) ) ;
#942 = CARTESIAN_POINT ( 'NONE',  ( 0.0009544502704973588034, 3.049385840661007929, 0.1795830252282046013 ) ) ;
#943 = CARTESIAN_POINT ( 'NONE',  ( 1.329473156035404502, 2.902200973651793525, 0.2156576988573497555 ) ) ;
#944 = CARTESIAN_POINT ( 'NONE',  ( -2.383510762411007899, -1.902007192854446638, 0.1795830252282087369 ) ) ;
#945 = EDGE_CURVE ( 'NONE', #1807, #1184, #733, .T. ) ;
#946 = DIRECTION ( 'NONE',  ( 1.000000000000000000, 0.000000000000000000, 0.000000000000000000 ) ) ;
#947 = CARTESIAN_POINT ( 'NONE',  ( -3.889380843823582179, -1.718816418669289803, 0.2969096833290433834 ) ) ;
#948 = CARTESIAN_POINT ( 'NONE',  ( -1.080938093855002613, -4.112602609710301671, 0.2969131445977900019 ) ) ;
#949 = CARTESIAN_POINT ( 'NONE',  ( -1.081934398125576235, 4.112329284452501454, 0.3888090274943628022 ) ) ;
#950 = CARTESIAN_POINT ( 'NONE',  ( -3.543725299026832420, 0.8638994628062592884, 0.2125717814572036235 ) ) ;
#951 = VERTEX_POINT ( 'NONE', #1988 ) ;
#952 = CARTESIAN_POINT ( 'NONE',  ( 2.924618011345002433, 3.162563600047695545, 0.3937064864718528012 ) ) ;
#953 = EDGE_LOOP ( 'NONE', ( #912, #1649, #641, #22 ) ) ;
#954 = CARTESIAN_POINT ( 'NONE',  ( -2.633438428298758183, -2.077586043939147586, 0.2515459335780964034 ) ) ;
#955 = CARTESIAN_POINT ( 'NONE',  ( 0.0009544502704573399254, -3.049385840661007929, 0.1795830252282046013 ) ) ;
#956 = CARTESIAN_POINT ( 'NONE',  ( -2.554867219692072755, -1.990592154158059346, 0.1185293455753487907 ) ) ;
#957 = CARTESIAN_POINT ( 'NONE',  ( 1.095298176977060223, 2.190596353954120445, -0.04988606374691108292 ) ) ;
#958 = CARTESIAN_POINT ( 'NONE',  ( -0.8135432764106397263, 4.267563934447982099, 0.3965573810989533321 ) ) ;
#959 = CARTESIAN_POINT ( 'NONE',  ( -3.769116035174441048, 1.968651214966176788, 0.2969131082177265957 ) ) ;
#960 = EDGE_LOOP ( 'NONE', ( #555, #888, #171, #1234 ) ) ;
#961 = CARTESIAN_POINT ( 'NONE',  ( -3.153391037658455076, 1.518593086911478096, 0.4249999999999999889 ) ) ;
#962 = CARTESIAN_POINT ( 'NONE',  ( 2.118941966636978869, 3.589909014989748126, 0.3800844723061053143 ) ) ;
#963 = TOROIDAL_SURFACE ( 'NONE', #1413, 4.684999999999996945, 0.01000000000000000021 ) ;
#964 = EDGE_LOOP ( 'NONE', ( #650, #97, #984, #1620 ) ) ;
#965 = AXIS2_PLACEMENT_3D ( 'NONE', #1851, #109, #1971 ) ;
#966 = CARTESIAN_POINT ( 'NONE',  ( -3.671608055279066196, -2.078831387491033134, 0.3858164151943493936 ) ) ;
#967 = AXIS2_PLACEMENT_3D ( 'NONE', #617, #744, #1250 ) ;
#968 = FACE_OUTER_BOUND ( 'NONE', #1607, .T. ) ;
#969 = CARTESIAN_POINT ( 'NONE',  ( -3.672573175347451979, -2.077593025351407441, 0.2941086908678473555 ) ) ;
#970 = CARTESIAN_POINT ( 'NONE',  ( -0.4013839915606674524, -4.075176087484093657, 0.2805521340489735005 ) ) ;
#971 = CARTESIAN_POINT ( 'NONE',  ( -0.04819868256325825218, 3.630626104086859041, 0.3053118569354454914 ) ) ;
#972 = ADVANCED_FACE ( 'NONE', ( #443, #1703 ), #1644, .T. ) ;
#973 = DIRECTION ( 'NONE',  ( -0.000000000000000000, -0.000000000000000000, -1.000000000000000000 ) ) ;
#974 = VERTEX_POINT ( 'NONE', #287 ) ;
#975 =( NAMED_UNIT ( * ) PLANE_ANGLE_UNIT ( ) SI_UNIT ( $, .RADIAN. ) );
#976 = VERTEX_POINT ( 'NONE', #814 ) ;
#977 = ORIENTED_EDGE ( 'NONE', *, *, #688, .F. ) ;
#978 = DIRECTION ( 'NONE',  ( -0.000000000000000000, -0.000000000000000000, 1.000000000000000000 ) ) ;
#979 = FACE_OUTER_BOUND ( 'NONE', #160, .T. ) ;
#980 = CARTESIAN_POINT ( 'NONE',  ( -3.436394078867235358, -2.227070540284357580, 0.2805589182028685458 ) ) ;
#981 = CARTESIAN_POINT ( 'NONE',  ( -1.118900689181865138, 4.197816522525761762, 0.3965539497196125529 ) ) ;
#982 = DIRECTION ( 'NONE',  ( -1.000000000000000000, 0.000000000000000000, 0.000000000000000000 ) ) ;
#983 = DIRECTION ( 'NONE',  ( -0.000000000000000000, -0.000000000000000000, 1.000000000000000000 ) ) ;
#984 = ORIENTED_EDGE ( 'NONE', *, *, #766, .T. ) ;
#985 = CARTESIAN_POINT ( 'NONE',  ( 3.565720498383708303, 0.7593265726131552817, 0.2122114573091276324 ) ) ;
#986 =( BOUNDED_SURFACE ( )  B_SPLINE_SURFACE ( 3, 2, ( 
 ( #1368, #1047, #147 ),
 ( #1668, #1696, #916 ),
 ( #130, #1842, #1057 ),
 ( #296, #264, #893 ),
 ( #924, #1532, #1516 ),
 ( #748, #120, #585 ),
 ( #1980, #1375, #614 ),
 ( #1119, #799, #1741 ),
 ( #789, #483, #1713 ),
 ( #502, #654, #782 ) ),
 .UNSPECIFIED., .F., .F., .T. ) 
 B_SPLINE_SURFACE_WITH_KNOTS ( ( 4, 2, 2, 2, 4 ),
 ( 3, 3 ),
 ( -5.421010862427522170E-19, 0.0003992111970186915733, 0.0007984223940373836887, 0.001197633591056075641, 0.001596844788074767811 ),
 ( 0.000000000000000000, 1.000000000000000000 ),
 .UNSPECIFIED. ) 
 GEOMETRIC_REPRESENTATION_ITEM ( )  RATIONAL_B_SPLINE_SURFACE ( (
 ( 1.000000000000000000, 0.6716576386619836914, 1.000000000000000000),
 ( 1.000000000000000000, 0.6628705008424549128, 1.000000000000000000),
 ( 1.000000000000000000, 0.6570769723420303299, 1.000000000000000000),
 ( 1.000000000000000000, 0.6494829935160441048, 1.000000000000000000),
 ( 1.000000000000000000, 0.6476518789094765083, 1.000000000000000000),
 ( 1.000000000000000000, 0.6476365079068115982, 1.000000000000000000),
 ( 1.000000000000000000, 0.6494566813524708104, 1.000000000000000000),
 ( 1.000000000000000000, 0.6570632602509395293, 1.000000000000000000),
 ( 1.000000000000000000, 0.6627842552095165596, 1.000000000000000000),
 ( 1.000000000000000000, 0.6716576386619824701, 1.000000000000000000) ) ) 
 REPRESENTATION_ITEM ( '' )  SURFACE ( )  );
#987 = CARTESIAN_POINT ( 'NONE',  ( 2.384700942431056347, 1.900514754314627908, 0.1795830252282046013 ) ) ;
#988 = CARTESIAN_POINT ( 'NONE',  ( -3.980140620524455830, 1.741396366950780816, 0.3965538836498395669 ) ) ;
#989 = CARTESIAN_POINT ( 'NONE',  ( -0.3514975983161631179, 4.153770724565565509, 0.3800844723061054808 ) ) ;
#990 = CARTESIAN_POINT ( 'NONE',  ( -2.402610876977197663, 1.410197658984182700, 0.1206538053676574768 ) ) ;
#991 = ORIENTED_EDGE ( 'NONE', *, *, #804, .F. ) ;
#992 = VERTEX_POINT ( 'NONE', #56 ) ;
#993 = ORIENTED_EDGE ( 'NONE', *, *, #365, .F. ) ;
#994 = AXIS2_PLACEMENT_3D ( 'NONE', #230, #679, #1782 ) ;
#995 = CARTESIAN_POINT ( 'NONE',  ( 2.633764457838462469, 0.1314603176085462621, 0.09569966925197512242 ) ) ;
#996 = EDGE_CURVE ( 'NONE', #1261, #1307, #485, .T. ) ;
#997 = CARTESIAN_POINT ( 'NONE',  ( 4.209658097563725221, 0.2805386629339803872, 0.3857885935977523606 ) ) ;
#998 = CARTESIAN_POINT ( 'NONE',  ( -2.902030225875473324, 0.8026025301443288074, 0.05221309379050782101 ) ) ;
#999 = CIRCLE ( 'NONE', #1707, 4.750954449207495323 ) ;
#1000 = CARTESIAN_POINT ( 'NONE',  ( -2.315571559008159586, -1.261863182072903822, 0.09569866237344890059 ) ) ;
#1001 = CARTESIAN_POINT ( 'NONE',  ( -2.430585758890719816, 1.748375841868093250, 0.1633803650422920584 ) ) ;
#1002 = ORIENTED_EDGE ( 'NONE', *, *, #626, .F. ) ;
#1003 =( NAMED_UNIT ( * ) SI_UNIT ( $, .STERADIAN. ) SOLID_ANGLE_UNIT ( ) );
#1004 = ORIENTED_EDGE ( 'NONE', *, *, #1094, .T. ) ;
#1005 = CARTESIAN_POINT ( 'NONE',  ( 4.209996312400567930, 0.2789976722330875791, 0.2940819351169665086 ) ) ;
#1006 = ADVANCED_FACE ( 'NONE', ( #1687 ), #986, .T. ) ;
#1007 = CARTESIAN_POINT ( 'NONE',  ( 2.972718985906850797, 0.6794827054665173449, 0.1795830252282079875 ) ) ;
#1008 = CARTESIAN_POINT ( 'NONE',  ( -3.015495169385721930, 0.7813789189024057391, 0.08265093181232778530 ) ) ;
#1009 = CARTESIAN_POINT ( 'NONE',  ( 2.129794389606471938, 3.497516735439166968, 0.2805589182028685458 ) ) ;
#1010 = CARTESIAN_POINT ( 'NONE',  ( 1.622564648316736191, 2.223279471028987597, -0.002995817368998636345 ) ) ;
#1011 = CARTESIAN_POINT ( 'NONE',  ( -2.383510762410980810, 1.902007192854479500, 0.1795830252282090422 ) ) ;
#1012 = CARTESIAN_POINT ( 'NONE',  ( -2.315901287750776749, -1.261189224451729762, 0.09569966925197510854 ) ) ;
#1013 = CARTESIAN_POINT ( 'NONE',  ( -1.449185499053073034, 3.049603916876383103, 0.1537804449539582896 ) ) ;
#1014 = CARTESIAN_POINT ( 'NONE',  ( -2.403391037658476392, -1.518593086911434131, -0.3250000000000000666 ) ) ;
#1015 = CARTESIAN_POINT ( 'NONE',  ( 1.325875743979175070, -2.825640122570996393, 0.1977679723769321107 ) ) ;
#1016 = ORIENTED_EDGE ( 'NONE', *, *, #1854, .T. ) ;
#1017 = CARTESIAN_POINT ( 'NONE',  ( 3.037303795900532233, -2.701848747025797692, 0.3692171850655718846 ) ) ;
#1018 = CARTESIAN_POINT ( 'NONE',  ( 4.059752926961184727, 0.5186213076241219522, 0.3719438695309273402 ) ) ;
#1019 = CARTESIAN_POINT ( 'NONE',  ( -2.400842578149215534, 1.419425965414785829, 0.003892080486762101998 ) ) ;
#1020 = CARTESIAN_POINT ( 'NONE',  ( 3.103590511707251753, -0.7615312589432274848, 0.2156062632388782707 ) ) ;
#1021 = ADVANCED_FACE ( 'NONE', ( #187, #809 ), #1704, .T. ) ;
#1022 = CARTESIAN_POINT ( 'NONE',  ( 2.778566208501654256, 0.2362047775816331630, 0.003795334523037532590 ) ) ;
#1023 = CARTESIAN_POINT ( 'NONE',  ( -1.163684196092445999, -2.758696124533181138, 0.1633803650421082887 ) ) ;
#1024 = CARTESIAN_POINT ( 'NONE',  ( 0.06144042363386702232, -3.191715485254644769, 0.2156795032848076443 ) ) ;
#1025 = CARTESIAN_POINT ( 'NONE',  ( -0.7224671268938021029, 2.655712525910044697, 0.1146563290916072786 ) ) ;
#1026 = ORIENTED_EDGE ( 'NONE', *, *, #1358, .T. ) ;
#1027 = CARTESIAN_POINT ( 'NONE',  ( 4.062373776200723263, -0.5155257113984984541, 0.2805589182028688233 ) ) ;
#1028 = CARTESIAN_POINT ( 'NONE',  ( 3.035752316842940335, 0.5895751716092320072, 0.1900849155346728825 ) ) ;
#1029 = CARTESIAN_POINT ( 'NONE',  ( 0.000000000000000000, 0.000000000000000000, 0.1795830252282046013 ) ) ;
#1030 = AXIS2_PLACEMENT_3D ( 'NONE', #1255, #1861, #1731 ) ;
#1031 = CARTESIAN_POINT ( 'NONE',  ( -2.286442229661020065, -1.395774490649884569, 0.1023706977830246695 ) ) ;
#1032 = AXIS2_PLACEMENT_3D ( 'NONE', #255, #1219, #265 ) ;
#1033 = CARTESIAN_POINT ( 'NONE',  ( -2.528485263946825157, 1.087383463426128793, -0.002995298863693590143 ) ) ;
#1034 = CARTESIAN_POINT ( 'NONE',  ( -0.8490635518829868778, -2.656461447227902450, 0.003854200662025077453 ) ) ;
#1035 = CARTESIAN_POINT ( 'NONE',  ( -1.406518157929469215, 3.845760773123834131, 0.2805521340489731119 ) ) ;
#1036 = ORIENTED_EDGE ( 'NONE', *, *, #815, .F. ) ;
#1037 = CARTESIAN_POINT ( 'NONE',  ( 2.408172601072105401, -3.465031378726710187, 0.2941245998375985327 ) ) ;
#1038 = CARTESIAN_POINT ( 'NONE',  ( -1.382502316549645283, 2.798367369825816908, 0.1977673251278731781 ) ) ;
#1039 = CARTESIAN_POINT ( 'NONE',  ( -2.517688178580787639, -0.9165696642587565224, 0.1024657010481552777 ) ) ;
#1040 = FACE_OUTER_BOUND ( 'NONE', #270, .T. ) ;
#1041 = CARTESIAN_POINT ( 'NONE',  ( -0.01748312707499186450, 3.376260886139083706, 0.1537559108507653982 ) ) ;
#1042 = CARTESIAN_POINT ( 'NONE',  ( -1.181399788294860809, 2.768892617779880272, 0.05204358050792209922 ) ) ;
#1043 = EDGE_LOOP ( 'NONE', ( #1694 ) ) ;
#1044 = CARTESIAN_POINT ( 'NONE',  ( 2.482711192209039908, 2.036171437608954360, 0.2191751080525267403 ) ) ;
#1045 = CARTESIAN_POINT ( 'NONE',  ( 2.407440265877530905, -3.465316417515435177, 0.2941086908678474665 ) ) ;
#1046 = FACE_OUTER_BOUND ( 'NONE', #1500, .T. ) ;
#1047 = CARTESIAN_POINT ( 'NONE',  ( 3.035752316842940779, -0.5895751716092324513, 0.1900849155346699682 ) ) ;
#1048 = B_SPLINE_CURVE_WITH_KNOTS ( 'NONE', 3,
 ( #1132, #1594, #1411, #1424, #1434, #1903, #1892, #157, #947, #196, #969, #980, #1142, #819, #1444, #1584, #956, #665 ),
 .UNSPECIFIED., .F., .F.,
 ( 4, 2, 2, 2, 2, 2, 2, 2, 4 ),
 ( 0.000000000000000000, 0.0004163117213063977952, 0.0008326234426127955904, 0.001248935163919193819, 0.001665246885225592048, 0.002081558606531989843, 0.002497870327838387638, 0.002914182049144785434, 0.003330493770451183229 ),
 .UNSPECIFIED. ) ;
#1049 = CARTESIAN_POINT ( 'NONE',  ( 2.260746494865239598, -1.868142651542214594, 0.1498861333502459758 ) ) ;
#1050 = CARTESIAN_POINT ( 'NONE',  ( -3.732841928742081539, -2.148969622433458682, 0.3936809533561088092 ) ) ;
#1051 = CARTESIAN_POINT ( 'NONE',  ( -1.323938860537800410, -2.746987588205854980, 0.1795830252282089312 ) ) ;
#1052 = CARTESIAN_POINT ( 'NONE',  ( 2.127346898271628817, 1.864484407137208200, 0.1296504281509741341 ) ) ;
#1053 = ORIENTED_EDGE ( 'NONE', *, *, #1477, .F. ) ;
#1054 = CARTESIAN_POINT ( 'NONE',  ( 2.881396105047947298, 2.430170481840584706, 0.3280124676705020170 ) ) ;
#1055 = CARTESIAN_POINT ( 'NONE',  ( -3.971339445988169903, -1.266998624200490475, 0.3800778834222121594 ) ) ;
#1056 = ADVANCED_FACE ( 'NONE', ( #350, #1402 ), #177, .F. ) ;
#1057 = CARTESIAN_POINT ( 'NONE',  ( 2.784091704158794922, -0.5007397656245886619, 0.1296504281509709422 ) ) ;
#1058 = CARTESIAN_POINT ( 'NONE',  ( 2.885323661148863295, -0.4453496383205365894, 0.03159147045940370602 ) ) ;
#1059 = CIRCLE ( 'NONE', #695, 3.049385990031297844 ) ;
#1060 = CARTESIAN_POINT ( 'NONE',  ( -2.615999440081328231, 0.000000000000000000, 0.06968569267156915492 ) ) ;
#1061 = CARTESIAN_POINT ( 'NONE',  ( -0.3977616242842832439, -4.073370542798437910, 0.3719438695309225662 ) ) ;
#1062 = AXIS2_PLACEMENT_3D ( 'NONE', #644, #175, #1275 ) ;
#1063 =( BOUNDED_SURFACE ( )  B_SPLINE_SURFACE ( 3, 2, ( 
 ( #67, #1194, #835 ),
 ( #1798, #682, #530 ),
 ( #1452, #1471, #76 ),
 ( #556, #58, #520 ),
 ( #1922, #1150, #1632 ),
 ( #1317, #1756, #1017 ),
 ( #1161, #704, #1768 ),
 ( #379, #691, #1327 ),
 ( #235, #89, #1336 ),
 ( #1946, #293, #1966 ),
 ( #1037, #1986, #1530 ),
 ( #422, #1663, #1538 ),
 ( #439, #1826, #143 ),
 ( #1501, #592, #765 ),
 ( #260, #106, #1837 ),
 ( #1065, #574, #1223 ),
 ( #1684, #611, #1510 ),
 ( #1390, #284, #755 ) ),
 .UNSPECIFIED., .F., .F., .F. ) 
 B_SPLINE_SURFACE_WITH_KNOTS ( ( 4, 2, 2, 2, 2, 2, 2, 2, 4 ),
 ( 3, 3 ),
 ( -2.222614453595284090E-18, 0.0004705517566121549151, 0.0009411035132243119987, 0.001411655269836469082, 0.001882207026448626166, 0.002352758783060783249, 0.002823310539672940333, 0.003293862296285097416, 0.003764414052897254500 ),
 ( 0.000000000000000000, 1.000000000000000000 ),
 .UNSPECIFIED. ) 
 GEOMETRIC_REPRESENTATION_ITEM ( )  RATIONAL_B_SPLINE_SURFACE ( (
 ( 1.000000000000000000, 0.6716576386619828032, 1.000000000000000000),
 ( 1.000000000000000000, 0.6912957597186042413, 1.000000000000000000),
 ( 1.000000000000000000, 0.7067932657436952759, 1.000000000000000000),
 ( 1.000000000000000000, 0.7274551955620010002, 1.000000000000000000),
 ( 1.000000000000000000, 0.7329377802263499220, 1.000000000000000000),
 ( 1.000000000000000000, 0.7380836746962824435, 1.000000000000000000),
 ( 1.000000000000000000, 0.7379485796866471770, 1.000000000000000000),
 ( 1.000000000000000000, 0.7370222111731752346, 1.000000000000000000),
 ( 1.000000000000000000, 0.7363002703097465407, 1.000000000000000000),
 ( 1.000000000000000000, 0.7362996335686931015, 1.000000000000000000),
 ( 1.000000000000000000, 0.7370192300140498975, 1.000000000000000000),
 ( 1.000000000000000000, 0.7379492691853679620, 1.000000000000000000),
 ( 1.000000000000000000, 0.7380811941283207389, 1.000000000000000000),
 ( 1.000000000000000000, 0.7329493120568622011, 1.000000000000000000),
 ( 1.000000000000000000, 0.7274669205033927888, 1.000000000000000000),
 ( 1.000000000000000000, 0.7067847552223920360, 1.000000000000000000),
 ( 1.000000000000000000, 0.6912842660258780025, 1.000000000000000000),
 ( 1.000000000000000000, 0.6716576386619830252, 1.000000000000000000) ) ) 
 REPRESENTATION_ITEM ( '' )  SURFACE ( )  );
#1064 = DIRECTION ( 'NONE',  ( 1.000000000000000000, 0.000000000000000000, 0.000000000000000000 ) ) ;
#1065 = CARTESIAN_POINT ( 'NONE',  ( 1.481094954244870809, -3.035499221669215597, 0.1540640619292822644 ) ) ;
#1066 = CARTESIAN_POINT ( 'NONE',  ( -2.990925408086824611, -0.7859746913584421124, 0.1900849155346727160 ) ) ;
#1067 = EDGE_CURVE ( 'NONE', #200, #87, #1675, .T. ) ;
#1068 = FACE_OUTER_BOUND ( 'NONE', #1043, .T. ) ;
#1069 = CARTESIAN_POINT ( 'NONE',  ( -0.8485717784302518885, 2.656341244801081913, 0.003795334523037454961 ) ) ;
#1070 = CARTESIAN_POINT ( 'NONE',  ( 0.000000000000000000, 0.000000000000000000, 0.09585786437684264139 ) ) ;
#1071 = CARTESIAN_POINT ( 'NONE',  ( -2.465822399680396515, -2.032713412151687660, 0.2156062632388767164 ) ) ;
#1072 = CARTESIAN_POINT ( 'NONE',  ( -1.564167598885926935, -3.752151986324255617, 0.3692149895718749852 ) ) ;
#1073 = CYLINDRICAL_SURFACE ( 'NONE', #1229, 4.674999999999998046 ) ;
#1074 = FACE_BOUND ( 'NONE', #357, .T. ) ;
#1075 = ORIENTED_EDGE ( 'NONE', *, *, #61, .F. ) ;
#1076 = CARTESIAN_POINT ( 'NONE',  ( -0.7280874411184360406, -2.654661559546800831, -0.002938160557525490608 ) ) ;
#1077 = CARTESIAN_POINT ( 'NONE',  ( -2.383510762410981254, 1.902007192854480166, 0.1795830252282046013 ) ) ;
#1078 = CARTESIAN_POINT ( 'NONE',  ( -0.2078611227662991168, 2.912082190388870728, 0.03159147045940373377 ) ) ;
#1079 = CARTESIAN_POINT ( 'NONE',  ( 1.431290251874819397, -2.629823840229203569, 0.1633803650422264997 ) ) ;
#1080 = CARTESIAN_POINT ( 'NONE',  ( 1.322219000578516601, 2.747815829110150432, 0.1795830252282046013 ) ) ;
#1081 = DIRECTION ( 'NONE',  ( -0.3876256189636406724, 0.8935290814180821828, -0.2266101502210635110 ) ) ;
#1082 = EDGE_CURVE ( 'NONE', #519, #1204, #1048, .T. ) ;
#1083 = CARTESIAN_POINT ( 'NONE',  ( 1.432798919460889220, 2.766017242875648208, 0.08265093181232398278 ) ) ;
#1084 = ORIENTED_EDGE ( 'NONE', *, *, #1442, .F. ) ;
#1085 = CARTESIAN_POINT ( 'NONE',  ( -1.553278688806691621, 3.056057292017758886, 0.2662822768882601721 ) ) ;
#1086 = CARTESIAN_POINT ( 'NONE',  ( 2.125743890297751015, 3.497462980841497870, 0.3719503036192138845 ) ) ;
#1087 = CARTESIAN_POINT ( 'NONE',  ( 1.547825371214143653, 3.314868102933605343, 0.3105636538350726727 ) ) ;
#1088 = DIRECTION ( 'NONE',  ( 1.000000000000000000, 0.000000000000000000, 0.000000000000000000 ) ) ;
#1089 = CARTESIAN_POINT ( 'NONE',  ( -3.829268345924561778, 1.165176988192811125, 0.2697667017643330944 ) ) ;
#1090 = CARTESIAN_POINT ( 'NONE',  ( -3.357775225040964262, -0.6910183755133034733, 0.2662822768882597280 ) ) ;
#1091 = CARTESIAN_POINT ( 'NONE',  ( -1.207599561744058025, -4.043196882491719713, 0.2941245998376029180 ) ) ;
#1092 = AXIS2_PLACEMENT_3D ( 'NONE', #99, #478, #1346 ) ;
#1093 = CARTESIAN_POINT ( 'NONE',  ( -3.830018317726823440, 1.166680369302029563, 0.2699146715017122777 ) ) ;
#1094 = EDGE_CURVE ( 'NONE', #378, #551, #633, .T. ) ;
#1095 = FACE_OUTER_BOUND ( 'NONE', #128, .T. ) ;
#1096 = CIRCLE ( 'NONE', #1416, 4.674999999999998046 ) ;
#1097 = CARTESIAN_POINT ( 'NONE',  ( 1.630884506537010781, 3.262773226341648236, 0.2126057822066125258 ) ) ;
#1098 = ORIENTED_EDGE ( 'NONE', *, *, #1589, .T. ) ;
#1099 = CARTESIAN_POINT ( 'NONE',  ( 3.295501338469943420, -0.7342439370861804093, 0.1537559108507647043 ) ) ;
#1100 = DIRECTION ( 'NONE',  ( -1.000000000000000000, 0.000000000000000000, 0.000000000000000000 ) ) ;
#1101 = CARTESIAN_POINT ( 'NONE',  ( 0.07348217697299470885, -3.427354844025237046, 0.2662822768882600055 ) ) ;
#1102 = CARTESIAN_POINT ( 'NONE',  ( -1.635561543088515535, 3.444351973169638814, 0.3349187831005576155 ) ) ;
#1103 = B_SPLINE_CURVE_WITH_KNOTS ( 'NONE', 3,
 ( #926, #427, #1071, #909, #1506, #1361, #123, #885, #1852, #1050, #132, #298, #896, #463, #1248, #1534, #289, #1090, #1705, #140, #1546, #1844 ),
 .UNSPECIFIED., .F., .F.,
 ( 4, 2, 2, 2, 2, 2, 2, 2, 2, 2, 4 ),
 ( 0.000000000000000000, 0.0002366534140419722832, 0.0004733068280839445663, 0.0009466136561678884821, 0.001419920484251832290, 0.001893227312335776097, 0.002366534140419720121, 0.002839840968503663712, 0.003313147796587606869, 0.003549801210629578013, 0.003786454624671549592 ),
 .UNSPECIFIED. ) ;
#1104 = CARTESIAN_POINT ( 'NONE',  ( -2.885040414872019454, 2.232042832194269799, 0.2126057822063450731 ) ) ;
#1105 = ORIENTED_EDGE ( 'NONE', *, *, #996, .T. ) ;
#1106 = CARTESIAN_POINT ( 'NONE',  ( 1.432798919460851916, -2.766017242875671744, 0.08265093181232785469 ) ) ;
#1107 = CARTESIAN_POINT ( 'NONE',  ( 2.408172601072111174, 3.465031378726681766, 0.2941245998377359783 ) ) ;
#1108 = CARTESIAN_POINT ( 'NONE',  ( 1.322219000578478187, -2.747815829110169528, 0.1795830252282046013 ) ) ;
#1109 = CARTESIAN_POINT ( 'NONE',  ( -0.8515543053839347287, -2.539779063310227514, 0.1023696757768763205 ) ) ;
#1110 = CARTESIAN_POINT ( 'NONE',  ( -1.635682786849480763, -3.440350506712497314, 0.3343812186499046102 ) ) ;
#1111 = CARTESIAN_POINT ( 'NONE',  ( -0.01759982717928936652, 3.354258781265089251, 0.2515459335782171402 ) ) ;
#1112 = CARTESIAN_POINT ( 'NONE',  ( -2.554419921564142104, 1.989750082299770018, 0.1182779378720080488 ) ) ;
#1113 = ORIENTED_EDGE ( 'NONE', *, *, #121, .T. ) ;
#1114 = CARTESIAN_POINT ( 'NONE',  ( 4.674999999999998046, 0.000000000000000000, 0.09585786437684264139 ) ) ;
#1115 = EDGE_LOOP ( 'NONE', ( #736 ) ) ;
#1116 = CARTESIAN_POINT ( 'NONE',  ( -3.292254219268296644, -2.268875247290655928, 0.3609960157659060642 ) ) ;
#1117 = EDGE_CURVE ( 'NONE', #1284, #1796, #169, .T. ) ;
#1118 = DIRECTION ( 'NONE',  ( 1.000000000000000000, 0.000000000000000000, 0.000000000000000000 ) ) ;
#1119 = CARTESIAN_POINT ( 'NONE',  ( 2.884757220285133705, 0.4446572908786728950, 0.03143769650883027761 ) ) ;
#1120 = CARTESIAN_POINT ( 'NONE',  ( 4.341598573502144731, -0.1576969804610249548, 0.3965574470774654858 ) ) ;
#1121 = DIRECTION ( 'NONE',  ( 0.000000000000000000, 0.000000000000000000, 1.000000000000000000 ) ) ;
#1122 = ORIENTED_EDGE ( 'NONE', *, *, #242, .F. ) ;
#1123 = FILL_AREA_STYLE ('',( #1567 ) ) ;
#1124 = CARTESIAN_POINT ( 'NONE',  ( 2.936689013805725335, 2.850687553009701780, 0.3719438695308983633 ) ) ;
#1125 = AXIS2_PLACEMENT_3D ( 'NONE', #613, #1562, #1088 ) ;
#1126 = ORIENTED_EDGE ( 'NONE', *, *, #702, .T. ) ;
#1127 = AXIS2_PLACEMENT_3D ( 'NONE', #1629, #1943, #540 ) ;
#1128 = CARTESIAN_POINT ( 'NONE',  ( -3.889222583347961226, -1.719146141144953788, 0.2969097197645451658 ) ) ;
#1129 = CIRCLE ( 'NONE', #1515, 3.049385990031297844 ) ;
#1130 =( BOUNDED_SURFACE ( )  B_SPLINE_SURFACE ( 3, 2, ( 
 ( #1158, #1640, #250 ),
 ( #1334, #1619, #85 ),
 ( #1203, #1172, #96 ),
 ( #1963, #723, #221 ),
 ( #554, #844, #1351 ),
 ( #1785, #1025, #713 ),
 ( #1954, #1795, #877 ),
 ( #211, #104, #1806 ),
 ( #1042, #282, #429 ),
 ( #292, #1682, #269 ) ),
 .UNSPECIFIED., .F., .F., .F. ) 
 B_SPLINE_SURFACE_WITH_KNOTS ( ( 4, 2, 2, 2, 4 ),
 ( 3, 3 ),
 ( -4.336808689942017736E-19, 0.0003992111970186914107, 0.0007984223940373832550, 0.001197633591056075208, 0.001596844788074766944 ),
 ( 0.000000000000000000, 1.000000000000000000 ),
 .UNSPECIFIED. ) 
 GEOMETRIC_REPRESENTATION_ITEM ( )  RATIONAL_B_SPLINE_SURFACE ( (
 ( 1.000000000000000000, 0.6716576386619819150, 1.000000000000000000),
 ( 1.000000000000000000, 0.6628705008422061118, 1.000000000000000000),
 ( 1.000000000000000000, 0.6570769723423653952, 1.000000000000000000),
 ( 1.000000000000000000, 0.6494829935157139245, 1.000000000000000000),
 ( 1.000000000000000000, 0.6476518789094202200, 1.000000000000000000),
 ( 1.000000000000000000, 0.6476365079068741037, 1.000000000000000000),
 ( 1.000000000000000000, 0.6494566813524781379, 1.000000000000000000),
 ( 1.000000000000000000, 0.6570632602509319797, 1.000000000000000000),
 ( 1.000000000000000000, 0.6627842552095224438, 1.000000000000000000),
 ( 1.000000000000000000, 0.6716576386619833583, 1.000000000000000000) ) ) 
 REPRESENTATION_ITEM ( '' )  SURFACE ( )  );
#1131 = CARTESIAN_POINT ( 'NONE',  ( -2.290797305054813382, 1.657018215771472347, 0.1293655475425981860 ) ) ;
#1132 = CARTESIAN_POINT ( 'NONE',  ( -3.015495169385733032, -0.7813789189023635506, 0.08265093181232786856 ) ) ;
#1133 = ADVANCED_FACE ( 'NONE', ( #706, #1949 ), #1932, .T. ) ;
#1134 = CARTESIAN_POINT ( 'NONE',  ( -0.8108519120939685632, 4.174247533322676951, 0.2969131082177279279 ) ) ;
#1135 = CARTESIAN_POINT ( 'NONE',  ( -3.023698193981058768, 2.270118729716758210, 0.2361067534331530715 ) ) ;
#1136 = ORIENTED_EDGE ( 'NONE', *, *, #688, .T. ) ;
#1137 =( LENGTH_UNIT ( ) NAMED_UNIT ( * ) SI_UNIT ( .MILLI., .METRE. ) );
#1138 = EDGE_LOOP ( 'NONE', ( #991 ) ) ;
#1139 = CARTESIAN_POINT ( 'NONE',  ( -2.868589176286536535, -2.225975102818712248, 0.3053118569355632861 ) ) ;
#1140 = PRODUCT ( 'Part4', 'Part4', '', ( #541 ) ) ;
#1141 = CARTESIAN_POINT ( 'NONE',  ( 3.249443197670755179, -0.8274771115688718259, 0.2519001209936088670 ) ) ;
#1142 = CARTESIAN_POINT ( 'NONE',  ( -3.298522590992162495, -2.267319998877917353, 0.2697643311134038102 ) ) ;
#1143 =( BOUNDED_SURFACE ( )  B_SPLINE_SURFACE ( 3, 2, ( 
 ( #757, #1066, #612 ),
 ( #1849, #460, #305 ),
 ( #1382, #129, #1354 ),
 ( #432, #1969, #936 ),
 ( #576, #1666, #262 ),
 ( #1513, #1987, #441 ),
 ( #1055, #274, #902 ),
 ( #1522, #1374, #593 ),
 ( #1225, #1828, #1128 ),
 ( #787, #1400, #154 ),
 ( #490, #966, #1582 ),
 ( #164, #510, #15 ),
 ( #1560, #1116, #44 ),
 ( #1739, #1730, #807 ),
 ( #1296, #1139, #778 ),
 ( #1552, #954, #348 ),
 ( #6, #1409, #1872 ),
 ( #944, #1720, #481 ) ),
 .UNSPECIFIED., .F., .F., .F. ) 
 B_SPLINE_SURFACE_WITH_KNOTS ( ( 4, 2, 2, 2, 2, 2, 2, 2, 4 ),
 ( 3, 3 ),
 ( -9.215718466126787689E-19, 0.0004705517566121556741, 0.0009411035132243123240, 0.001411655269836468865, 0.001882207026448625515, 0.002352758783060781948, 0.002823310539672938598, 0.003293862296285095248, 0.003764414052897251898 ),
 ( 0.000000000000000000, 1.000000000000000000 ),
 .UNSPECIFIED. ) 
 GEOMETRIC_REPRESENTATION_ITEM ( )  RATIONAL_B_SPLINE_SURFACE ( (
 ( 1.000000000000000000, 0.6716576386619832473, 1.000000000000000000),
 ( 1.000000000000000000, 0.6912957597187365799, 1.000000000000000000),
 ( 1.000000000000000000, 0.7067932657435200827, 1.000000000000000000),
 ( 1.000000000000000000, 0.7274551955621739729, 1.000000000000000000),
 ( 1.000000000000000000, 0.7329377802263760122, 1.000000000000000000),
 ( 1.000000000000000000, 0.7380836746962559092, 1.000000000000000000),
 ( 1.000000000000000000, 0.7379485796866591674, 1.000000000000000000),
 ( 1.000000000000000000, 0.7370222111731696835, 1.000000000000000000),
 ( 1.000000000000000000, 0.7363002703095460344, 1.000000000000000000),
 ( 1.000000000000000000, 0.7362996335688931637, 1.000000000000000000),
 ( 1.000000000000000000, 0.7370192300140321340, 1.000000000000000000),
 ( 1.000000000000000000, 0.7379492691853852815, 1.000000000000000000),
 ( 1.000000000000000000, 0.7380811941283200728, 1.000000000000000000),
 ( 1.000000000000000000, 0.7329493120568615350, 1.000000000000000000),
 ( 1.000000000000000000, 0.7274669205032525676, 1.000000000000000000),
 ( 1.000000000000000000, 0.7067847552225307028, 1.000000000000000000),
 ( 1.000000000000000000, 0.6912842660257725313, 1.000000000000000000),
 ( 1.000000000000000000, 0.6716576386619844685, 1.000000000000000000) ) ) 
 REPRESENTATION_ITEM ( '' )  SURFACE ( )  );
#1144 = CARTESIAN_POINT ( 'NONE',  ( -0.7142320599599948361, 2.538477811406702589, 0.09569966925197509466 ) ) ;
#1145 = CARTESIAN_POINT ( 'NONE',  ( 3.717561368763110163, 0.8293060546323804960, 0.3343151072616608044 ) ) ;
#1146 = ORIENTED_EDGE ( 'NONE', *, *, #545, .T. ) ;
#1147 = SURFACE_STYLE_FILL_AREA ( #1123 ) ;
#1148 = EDGE_CURVE ( 'NONE', #974, #806, #1059, .T. ) ;
#1149 = EDGE_LOOP ( 'NONE', ( #1652 ) ) ;
#1150 = CARTESIAN_POINT ( 'NONE',  ( 2.881396105047921541, -2.430170481840671304, 0.3280124676704473941 ) ) ;
#1151 = CARTESIAN_POINT ( 'NONE',  ( 4.006118353182356984, 0.6900845895193147284, 0.3692171850655704413 ) ) ;
#1152 = CARTESIAN_POINT ( 'NONE',  ( -2.426088954398764930, 1.300550538423693059, -0.002938160557525346193 ) ) ;
#1153 = CARTESIAN_POINT ( 'NONE',  ( 2.377839661925697179, 2.012372399350280894, 0.08265093181232799346 ) ) ;
#1154 = DIRECTION ( 'NONE',  ( -0.000000000000000000, -0.000000000000000000, 1.000000000000000000 ) ) ;
#1155 = ORIENTED_EDGE ( 'NONE', *, *, #1624, .T. ) ;
#1156 = CARTESIAN_POINT ( 'NONE',  ( 1.621542888152606610, -2.224396093219810133, -0.002938160557525268564 ) ) ;
#1157 = CARTESIAN_POINT ( 'NONE',  ( -1.095298176977060667, 0.000000000000000000, -0.04988606374691103434 ) ) ;
#1158 = CARTESIAN_POINT ( 'NONE',  ( -0.09077731659589433066, 3.113763576491538121, 0.08265093181232520403 ) ) ;
#1159 = ORIENTED_EDGE ( 'NONE', *, *, #1082, .T. ) ;
#1160 = CIRCLE ( 'NONE', #268, 0.8500000000000001998 ) ;
#1161 = CARTESIAN_POINT ( 'NONE',  ( 2.935570512230233575, -2.856006796252478441, 0.2806395998721460949 ) ) ;
#1162 = PRESENTATION_LAYER_ASSIGNMENT (  '', '', ( #731 ) ) ;
#1163 = CARTESIAN_POINT ( 'NONE',  ( 4.296417833323242341, -0.3140297281002997209, 0.3937335706678477543 ) ) ;
#1164 = CARTESIAN_POINT ( 'NONE',  ( 2.966239183320737105, -2.389442648422954729, 0.3343151072616608599 ) ) ;
#1165 = AXIS2_PLACEMENT_3D ( 'NONE', #674, #1937, #1481 ) ;
#1166 = CARTESIAN_POINT ( 'NONE',  ( 2.407440265877577978, 3.465316417515401870, 0.2941086908678475220 ) ) ;
#1167 = CARTESIAN_POINT ( 'NONE',  ( 2.125223665374744275, 1.864640992892733218, 0.1293655475425982138 ) ) ;
#1168 = DIRECTION ( 'NONE',  ( -1.000000000000000000, 0.000000000000000000, 0.000000000000000000 ) ) ;
#1169 = ORIENTED_EDGE ( 'NONE', *, *, #242, .T. ) ;
#1170 = DIRECTION ( 'NONE',  ( -0.6538674377126112436, 0.7566091288764261735, 0.000000000000000000 ) ) ;
#1171 = VERTEX_POINT ( 'NONE', #1630 ) ;
#1172 = CARTESIAN_POINT ( 'NONE',  ( -0.2199497023161863518, 2.899432942135796942, 0.1450826510825380389 ) ) ;
#1173 = ORIENTED_EDGE ( 'NONE', *, *, #202, .T. ) ;
#1174 = CARTESIAN_POINT ( 'NONE',  ( 4.249977550289973038, 0.1389390205097920383, 0.2969096833290434945 ) ) ;
#1175 = CARTESIAN_POINT ( 'NONE',  ( 3.550164130579229305, 0.7608857170658905877, 0.3052812977233242964 ) ) ;
#1176 = CARTESIAN_POINT ( 'NONE',  ( -3.015495169385721930, 0.7813789189024057391, 0.08265093181232778530 ) ) ;
#1177 = EDGE_CURVE ( 'NONE', #1184, #1807, #1369, .T. ) ;
#1178 = CARTESIAN_POINT ( 'NONE',  ( -2.849134168378102405, -0.7019014121645554827, 0.1502912828517734001 ) ) ;
#1179 = B_SPLINE_CURVE_WITH_KNOTS ( 'NONE', 3,
 ( #146, #739, #1674, #1839, #1217, #1076, #1695, #1810, #1244, #747 ),
 .UNSPECIFIED., .F., .F.,
 ( 4, 2, 2, 2, 4 ),
 ( 4.575859823467279255E-19, 0.0003558364957810404073, 0.0007116729915620803809, 0.001067509487343120409, 0.001423345983124160328 ),
 .UNSPECIFIED. ) ;
#1180 = CARTESIAN_POINT ( 'NONE',  ( 2.377839661925697179, 2.012372399350280894, 0.08265093181232799346 ) ) ;
#1181 = EDGE_LOOP ( 'NONE', ( #539, #137, #1935, #75 ) ) ;
#1182 = CARTESIAN_POINT ( 'NONE',  ( 0.0009544502704572030991, -3.049385840661006597, 0.1795830252282079875 ) ) ;
#1183 = VERTEX_POINT ( 'NONE', #1157 ) ;
#1184 = VERTEX_POINT ( 'NONE', #1176 ) ;
#1185 = DIRECTION ( 'NONE',  ( 1.000000000000000000, 0.000000000000000000, 0.000000000000000000 ) ) ;
#1186 = CARTESIAN_POINT ( 'NONE',  ( 3.296696456064350134, -0.7346361445076919905, 0.1540640619292891200 ) ) ;
#1187 = CARTESIAN_POINT ( 'NONE',  ( -3.970236858542118608, 1.262958599717122432, 0.3798397057074983652 ) ) ;
#1188 = EDGE_CURVE ( 'NONE', #974, #1803, #536, .T. ) ;
#1189 = CARTESIAN_POINT ( 'NONE',  ( -2.400997050005753586, -1.417860412634967204, 0.003757781069913800846 ) ) ;
#1190 = CARTESIAN_POINT ( 'NONE',  ( -2.491037124200977004, 1.870427271333008346, 0.08265093181232881225 ) ) ;
#1191 = CARTESIAN_POINT ( 'NONE',  ( -2.286698185933782934, -1.394196801545499520, 0.1022744292354942908 ) ) ;
#1192 = CARTESIAN_POINT ( 'NONE',  ( -0.01761763934571826742, -3.354382805680981683, 0.2515696774913258049 ) ) ;
#1193 = VERTEX_POINT ( 'NONE', #1934 ) ;
#1194 = CARTESIAN_POINT ( 'NONE',  ( 2.353709040966181387, -2.005852627355607432, 0.1900849155346727715 ) ) ;
#1195 = CARTESIAN_POINT ( 'NONE',  ( -1.487981397952073293, 3.891497975956610844, 0.3798397057074981986 ) ) ;
#1196 = CIRCLE ( 'NONE', #994, 3.049385990031297844 ) ;
#1197 = AXIS2_PLACEMENT_3D ( 'NONE', #1324, #1930, #1170 ) ;
#1198 = CARTESIAN_POINT ( 'NONE',  ( 3.556721577112783805, -0.8566478521079701203, 0.3105636538350728948 ) ) ;
#1199 = AXIS2_PLACEMENT_3D ( 'NONE', #416, #1658, #1960 ) ;
#1200 = CARTESIAN_POINT ( 'NONE',  ( 2.962880135659427427, -0.5360275518399552075, 0.05221475005140993608 ) ) ;
#1201 = ORIENTED_EDGE ( 'NONE', *, *, #717, .F. ) ;
#1202 = CARTESIAN_POINT ( 'NONE',  ( -0.1034627038546984540, -3.767952700592934079, 0.3280124676704672115 ) ) ;
#1203 = CARTESIAN_POINT ( 'NONE',  ( -0.2083175207158802500, 2.911578403125985925, 0.03148691941161479990 ) ) ;
#1204 = VERTEX_POINT ( 'NONE', #1479 ) ;
#1205 = CARTESIAN_POINT ( 'NONE',  ( 2.611577663266009708, 2.105197495959604481, 0.2515696774911996836 ) ) ;
#1206 = CARTESIAN_POINT ( 'NONE',  ( 0.07305968437533136295, 3.348426323652484271, 0.2498961008239138915 ) ) ;
#1207 = CARTESIAN_POINT ( 'NONE',  ( 1.420839372477114004, 3.119782883693699826, 0.2662732707668573617 ) ) ;
#1208 = CARTESIAN_POINT ( 'NONE',  ( -3.658303432215865847, 0.9469493617776655325, 0.2357488272965217180 ) ) ;
#1209 = CARTESIAN_POINT ( 'NONE',  ( 1.745488783510478870, -1.976724371731304553, 0.09569866237341118076 ) ) ;
#1210 = CARTESIAN_POINT ( 'NONE',  ( -0.2200470772926375607, -2.899239974452835877, 0.1450389771247547477 ) ) ;
#1211 = DIRECTION ( 'NONE',  ( 0.4569085459903766133, -0.8601641822453113262, -0.2266101502210679242 ) ) ;
#1212 =( BOUNDED_SURFACE ( )  B_SPLINE_SURFACE ( 3, 2, ( 
 ( #1983, #751, #1991 ),
 ( #597, #1231, #1535 ),
 ( #141, #321, #831 ),
 ( #1894, #791, #361 ),
 ( #475, #342, #1102 ),
 ( #1866, #1595, #505 ),
 ( #820, #331, #486 ),
 ( #1714, #62, #1258 ),
 ( #1733, #949, #981 ),
 ( #1134, #1743, #958 ),
 ( #1445, #1751, #639 ),
 ( #351, #1289, #989 ),
 ( #1565, #168, #1414 ),
 ( #198, #1435, #1269 ),
 ( #1574, #971, #1875 ),
 ( #801, #1111, #1586 ),
 ( #50, #189, #669 ),
 ( #811, #1302, #1724 ) ),
 .UNSPECIFIED., .F., .F., .F. ) 
 B_SPLINE_SURFACE_WITH_KNOTS ( ( 4, 2, 2, 2, 2, 2, 2, 2, 4 ),
 ( 3, 3 ),
 ( 1.084202172485504434E-19, 0.0004705517566121558367, 0.0009411035132243115650, 0.001411655269836467348, 0.001882207026448623130, 0.002352758783060778913, 0.002823310539672934695, 0.003293862296285090478, 0.003764414052897246260 ),
 ( 0.000000000000000000, 1.000000000000000000 ),
 .UNSPECIFIED. ) 
 GEOMETRIC_REPRESENTATION_ITEM ( )  RATIONAL_B_SPLINE_SURFACE ( (
 ( 1.000000000000000000, 0.6716576386619845795, 1.000000000000000000),
 ( 1.000000000000000000, 0.6912957597186842884, 1.000000000000000000),
 ( 1.000000000000000000, 0.7067932657435892496, 1.000000000000000000),
 ( 1.000000000000000000, 0.7274551955621039179, 1.000000000000000000),
 ( 1.000000000000000000, 0.7329377802262011521, 1.000000000000000000),
 ( 1.000000000000000000, 0.7380836746964316575, 1.000000000000000000),
 ( 1.000000000000000000, 0.7379485796865785652, 1.000000000000000000),
 ( 1.000000000000000000, 0.7370222111732467329, 1.000000000000000000),
 ( 1.000000000000000000, 0.7363002703096780399, 1.000000000000000000),
 ( 1.000000000000000000, 0.7362996335687638227, 1.000000000000000000),
 ( 1.000000000000000000, 0.7370192300138466157, 1.000000000000000000),
 ( 1.000000000000000000, 0.7379492691855685793, 1.000000000000000000),
 ( 1.000000000000000000, 0.7380811941283200728, 1.000000000000000000),
 ( 1.000000000000000000, 0.7329493120568615350, 1.000000000000000000),
 ( 1.000000000000000000, 0.7274669205032534558, 1.000000000000000000),
 ( 1.000000000000000000, 0.7067847552225315910, 1.000000000000000000),
 ( 1.000000000000000000, 0.6912842660257724203, 1.000000000000000000),
 ( 1.000000000000000000, 0.6716576386619830252, 1.000000000000000000) ) ) 
 REPRESENTATION_ITEM ( '' )  SURFACE ( )  );
#1213 = FACE_OUTER_BOUND ( 'NONE', #1774, .T. ) ;
#1214 = ADVANCED_FACE ( 'NONE', ( #411 ), #1130, .T. ) ;
#1215 = CARTESIAN_POINT ( 'NONE',  ( 2.968038344816985585, 2.393610340051853136, 0.3349187831005475680 ) ) ;
#1216 = CARTESIAN_POINT ( 'NONE',  ( 0.04372489476898912958, 3.658169221509345093, 0.3105636538350730613 ) ) ;
#1217 = CARTESIAN_POINT ( 'NONE',  ( -0.4972354242990301154, -2.707110004615310483, -0.002995817368998779460 ) ) ;
#1218 = CARTESIAN_POINT ( 'NONE',  ( -2.650567605244806391, 2.091395371763028699, 0.1537559108507645378 ) ) ;
#1219 = DIRECTION ( 'NONE',  ( -0.000000000000000000, -0.000000000000000000, -1.000000000000000000 ) ) ;
#1220 = FACE_OUTER_BOUND ( 'NONE', #1921, .T. ) ;
#1221 = CARTESIAN_POINT ( 'NONE',  ( 0.000000000000000000, 0.000000000000000000, -0.04988606374691103434 ) ) ;
#1222 = CARTESIAN_POINT ( 'NONE',  ( -0.09077731659589352575, 3.113763576491536789, 0.08265093181232793795 ) ) ;
#1223 = CARTESIAN_POINT ( 'NONE',  ( 1.379047038620665466, -3.056440532765265505, 0.2519001209936010954 ) ) ;
#1224 = EDGE_CURVE ( 'NONE', #1171, #1171, #1545, .T. ) ;
#1225 = CARTESIAN_POINT ( 'NONE',  ( -3.979608283932764223, -1.742504007311270531, 0.3965539497196126639 ) ) ;
#1226 = DIRECTION ( 'NONE',  ( -0.8831385512766305457, 0.4691122458953871921, 0.000000000000000000 ) ) ;
#1227 = CARTESIAN_POINT ( 'NONE',  ( -3.287828730932925048, 0.7683780947850319398, 0.1537804449539582896 ) ) ;
#1228 = CARTESIAN_POINT ( 'NONE',  ( 2.384700942431025705, -1.900514754314659216, 0.1795830252282042128 ) ) ;
#1229 = AXIS2_PLACEMENT_3D ( 'NONE', #1396, #1855, #735 ) ;
#1230 = CARTESIAN_POINT ( 'NONE',  ( -1.933908599006630480, 3.867817198013260960, -0.01041242925215498695 ) ) ;
#1231 = CARTESIAN_POINT ( 'NONE',  ( -1.353383815339001872, 2.911735090222530964, 0.2191751080524731998 ) ) ;
#1232 = AXIS2_PLACEMENT_3D ( 'NONE', #1693, #901, #1816 ) ;
#1233 = CARTESIAN_POINT ( 'NONE',  ( 1.804434897636020052, 2.078531783191323257, 0.1147064440971732741 ) ) ;
#1234 = ORIENTED_EDGE ( 'NONE', *, *, #1188, .F. ) ;
#1235 = CARTESIAN_POINT ( 'NONE',  ( 2.817954241677360638, 2.315911304133231763, 0.2125717814573398756 ) ) ;
#1236 = CARTESIAN_POINT ( 'NONE',  ( 2.583649970328477874, 3.492720908103597921, 0.3965574470774652083 ) ) ;
#1237 = ADVANCED_FACE ( 'NONE', ( #1700, #1836 ), #1073, .T. ) ;
#1238 = CARTESIAN_POINT ( 'NONE',  ( -2.479311248189448591, -1.848352441174732075, 0.1900849155346689134 ) ) ;
#1239 = CARTESIAN_POINT ( 'NONE',  ( 0.000000000000000000, 0.000000000000000000, -0.4249999999999999889 ) ) ;
#1240 = CARTESIAN_POINT ( 'NONE',  ( -3.049385990031297400, 6.098771980062594800, 0.1795830252282054063 ) ) ;
#1241 = CARTESIAN_POINT ( 'NONE',  ( -1.440119135017414287, -2.848916678500912791, 0.2156576988573424836 ) ) ;
#1242 = CARTESIAN_POINT ( 'NONE',  ( 2.353709040966209365, 2.005852627355575457, 0.1900849155346705233 ) ) ;
#1243 = DIRECTION ( 'NONE',  ( 1.000000000000000000, 0.000000000000000000, 0.000000000000000000 ) ) ;
#1244 = CARTESIAN_POINT ( 'NONE',  ( -1.181891076974821209, -2.769317193241693786, 0.05221475005140986669 ) ) ;
#1245 = CARTESIAN_POINT ( 'NONE',  ( -2.515759951063080813, 0.9185451451178843207, 0.1022744292354943046 ) ) ;
#1246 = CARTESIAN_POINT ( 'NONE',  ( -1.269223847131533134, 2.844790845979077165, 0.08265093181232814612 ) ) ;
#1247 = ADVANCED_FACE ( 'NONE', ( #1213 ), #643, .T. ) ;
#1248 = CARTESIAN_POINT ( 'NONE',  ( -3.906617717555699976, -1.112366460527089318, 0.3688387331219896703 ) ) ;
#1249 = CARTESIAN_POINT ( 'NONE',  ( -0.3515261608502002200, -4.153703391821005120, 0.3800778834222106606 ) ) ;
#1250 = DIRECTION ( 'NONE',  ( -1.000000000000000000, 0.000000000000000000, 0.000000000000000000 ) ) ;
#1251 = CARTESIAN_POINT ( 'NONE',  ( -0.01901287301213368600, 3.809344864788756446, 0.3343812186499047767 ) ) ;
#1252 = CARTESIAN_POINT ( 'NONE',  ( 2.829459016150486228, 3.296629185238593607, 0.3965539497196131080 ) ) ;
#1253 = DIRECTION ( 'NONE',  ( 1.000000000000000000, 0.000000000000000000, 0.000000000000000000 ) ) ;
#1254 = DIRECTION ( 'NONE',  ( 0.000000000000000000, 0.000000000000000000, 1.000000000000000000 ) ) ;
#1255 = CARTESIAN_POINT ( 'NONE',  ( 0.000000000000000000, 0.000000000000000000, -0.3250000000000000111 ) ) ;
#1256 = CARTESIAN_POINT ( 'NONE',  ( -1.095298176977060223, 0.000000000000000000, -0.04988606374691108986 ) ) ;
#1257 = CIRCLE ( 'NONE', #1511, 0.1000000000000001027 ) ;
#1258 = CARTESIAN_POINT ( 'NONE',  ( -1.262804858742631708, 4.118315544657298766, 0.3937064864718490265 ) ) ;
#1259 = AXIS2_PLACEMENT_3D ( 'NONE', #354, #983, #1598 ) ;
#1260 = FACE_OUTER_BOUND ( 'NONE', #1955, .T. ) ;
#1261 = VERTEX_POINT ( 'NONE', #151 ) ;
#1262 = CARTESIAN_POINT ( 'NONE',  ( 0.05182422105969305970, 3.195233664823043718, 0.2156062632388770772 ) ) ;
#1263 = CIRCLE ( 'NONE', #88, 0.7500000000000002220 ) ;
#1264 = CARTESIAN_POINT ( 'NONE',  ( 1.744905094961882508, -1.977195803165417543, 0.09569966925197544161 ) ) ;
#1265 =( BOUNDED_SURFACE ( )  B_SPLINE_SURFACE ( 3, 2, ( 
 ( #1280, #343, #1735 ),
 ( #670, #1708, #159 ),
 ( #1906, #1436, #1886 ),
 ( #950, #1417, #802 ),
 ( #332, #476, #1566 ),
 ( #1093, #311, #495 ),
 ( #1596, #1576, #784 ),
 ( #199, #940, #21 ),
 ( #627, #821, #1446 ),
 ( #959, #1426, #1867 ),
 ( #640, #1556, #181 ),
 ( #40, #657, #1896 ),
 ( #506, #1404, #11 ),
 ( #1135, #1744, #352 ),
 ( #1104, #1715, #322 ),
 ( #1270, #1876, #487 ),
 ( #1112, #1725, #1915 ),
 ( #1190, #1752, #1011 ) ),
 .UNSPECIFIED., .F., .F., .T. ) 
 B_SPLINE_SURFACE_WITH_KNOTS ( ( 4, 2, 2, 2, 2, 2, 2, 2, 4 ),
 ( 3, 3 ),
 ( -4.336808689942017736E-19, 0.0004705517566121561078, 0.0009411035132243126492, 0.001411655269836469082, 0.001882207026448625732, 0.002352758783060782382, 0.002823310539672939032, 0.003293862296285095248, 0.003764414052897251898 ),
 ( 0.000000000000000000, 1.000000000000000000 ),
 .UNSPECIFIED. ) 
 GEOMETRIC_REPRESENTATION_ITEM ( )  RATIONAL_B_SPLINE_SURFACE ( (
 ( 1.000000000000000000, 0.6716576386619831363, 1.000000000000000000),
 ( 1.000000000000000000, 0.6912957597187434633, 1.000000000000000000),
 ( 1.000000000000000000, 0.7067932657435117560, 1.000000000000000000),
 ( 1.000000000000000000, 0.7274551955621831878, 1.000000000000000000),
 ( 1.000000000000000000, 0.7329377802262796449, 1.000000000000000000),
 ( 1.000000000000000000, 0.7380836746963522765, 1.000000000000000000),
 ( 1.000000000000000000, 0.7379485796866593894, 1.000000000000000000),
 ( 1.000000000000000000, 0.7370222111731699055, 1.000000000000000000),
 ( 1.000000000000000000, 0.7363002703095721246, 1.000000000000000000),
 ( 1.000000000000000000, 0.7362996335688670735, 1.000000000000000000),
 ( 1.000000000000000000, 0.7370192300140319119, 1.000000000000000000),
 ( 1.000000000000000000, 0.7379492691853850594, 1.000000000000000000),
 ( 1.000000000000000000, 0.7380811941283123012, 1.000000000000000000),
 ( 1.000000000000000000, 0.7329493120568713049, 1.000000000000000000),
 ( 1.000000000000000000, 0.7274669205032010533, 1.000000000000000000),
 ( 1.000000000000000000, 0.7067847552225837715, 1.000000000000000000),
 ( 1.000000000000000000, 0.6912842660257315641, 1.000000000000000000),
 ( 1.000000000000000000, 0.6716576386619836914, 1.000000000000000000) ) ) 
 REPRESENTATION_ITEM ( '' )  SURFACE ( )  );
#1266 = DIRECTION ( 'NONE',  ( -0.9402697867164074852, -0.2540483576114320741, -0.2266101502210688678 ) ) ;
#1267 = CARTESIAN_POINT ( 'NONE',  ( -1.323938860537801077, -2.746987588205855868, 0.1795830252282046013 ) ) ;
#1268 = CARTESIAN_POINT ( 'NONE',  ( -1.488032557429059155, -3.891551079080455278, 0.3798466619065157812 ) ) ;
#1269 = CARTESIAN_POINT ( 'NONE',  ( -0.02113754131050725460, 3.813326818747103886, 0.3349813324158129046 ) ) ;
#1270 = CARTESIAN_POINT ( 'NONE',  ( -2.651474196568210928, 2.092267280530067719, 0.1540640619295595981 ) ) ;
#1271 = ORIENTED_EDGE ( 'NONE', *, *, #1994, .T. ) ;
#1272 = CARTESIAN_POINT ( 'NONE',  ( 2.540788809813999460, 3.409771124294350031, 0.3888126144519570282 ) ) ;
#1273 = EDGE_CURVE ( 'NONE', #468, #974, #1830, .T. ) ;
#1274 = ORIENTED_EDGE ( 'NONE', *, *, #1711, .T. ) ;
#1275 = DIRECTION ( 'NONE',  ( -1.000000000000000000, 0.000000000000000000, 0.000000000000000000 ) ) ;
#1276 = DIRECTION ( 'NONE',  ( 0.000000000000000000, 0.000000000000000000, -1.000000000000000000 ) ) ;
#1277 = CARTESIAN_POINT ( 'NONE',  ( -1.382504401047957021, -2.798369198629513832, 0.1977679723769308340 ) ) ;
#1278 = CARTESIAN_POINT ( 'NONE',  ( -0.4563924693628713114, 2.597583448302418940, 0.09575349284544630579 ) ) ;
#1279 = CARTESIAN_POINT ( 'NONE',  ( 3.248355483001587718, 0.8163673177155047478, 0.2499276393635685434 ) ) ;
#1280 = CARTESIAN_POINT ( 'NONE',  ( -3.015495169385722374, 0.7813789189024056281, 0.08265093181232779918 ) ) ;
#1281 = ORIENTED_EDGE ( 'NONE', *, *, #45, .T. ) ;
#1282 = PRESENTATION_STYLE_ASSIGNMENT (( #172 ) ) ;
#1283 = CARTESIAN_POINT ( 'NONE',  ( 2.258977059220396377, -1.867680539094802583, 0.1494622129061066174 ) ) ;
#1284 = VERTEX_POINT ( 'NONE', #920 ) ;
#1285 = CARTESIAN_POINT ( 'NONE',  ( 2.403923042648377084, 1.915834027445241006, 0.08265093181232684161 ) ) ;
#1286 = EDGE_CURVE ( 'NONE', #87, #209, #1734, .T. ) ;
#1287 = CARTESIAN_POINT ( 'NONE',  ( -2.429978276049915120, 1.024305917392034138, 0.09569966925197506691 ) ) ;
#1288 = CARTESIAN_POINT ( 'NONE',  ( -0.2838711997166228351, -3.992536865313250249, 0.2697667017643331500 ) ) ;
#1289 = CARTESIAN_POINT ( 'NONE',  ( -0.3977367507392182144, 4.073430969908088173, 0.3719503036191905698 ) ) ;
#1290 = DIRECTION ( 'NONE',  ( 1.000000000000000000, 0.000000000000000000, 0.000000000000000000 ) ) ;
#1291 = ORIENTED_EDGE ( 'NONE', *, *, #155, .F. ) ;
#1292 = DIRECTION ( 'NONE',  ( -1.000000000000000000, 0.000000000000000000, 0.000000000000000000 ) ) ;
#1293 = CARTESIAN_POINT ( 'NONE',  ( -0.02882326884706850126, 3.412247692636389385, -0.3250000000000000666 ) ) ;
#1294 = EDGE_LOOP ( 'NONE', ( #1520 ) ) ;
#1295 =( GEOMETRIC_REPRESENTATION_CONTEXT ( 3 ) GLOBAL_UNCERTAINTY_ASSIGNED_CONTEXT ( ( #849 ) ) GLOBAL_UNIT_ASSIGNED_CONTEXT ( ( #1429, #975, #1898 ) ) REPRESENTATION_CONTEXT ( 'NONE', 'WORKASPACE' ) );
#1296 = CARTESIAN_POINT ( 'NONE',  ( -2.836141461660322438, -2.316476948926905699, 0.3111828717526958221 ) ) ;
#1297 = TOROIDAL_SURFACE ( 'NONE', #1899, 4.684999999999996945, 0.01000000000000000021 ) ;
#1298 = CARTESIAN_POINT ( 'NONE',  ( 3.721941560132659088, 0.8281141825042044324, 0.3349187831005520644 ) ) ;
#1299 = CARTESIAN_POINT ( 'NONE',  ( 1.332876867854928760, 2.769964850107327958, 0.08265093181232777142 ) ) ;
#1300 = ADVANCED_FACE ( 'NONE', ( #3, #599 ), #774, .F. ) ;
#1301 = CARTESIAN_POINT ( 'NONE',  ( 2.996680859384697637, 0.6849597380067483643, 0.08265093181232803510 ) ) ;
#1302 = CARTESIAN_POINT ( 'NONE',  ( -0.1007251496726781353, 3.090832485984763345, 0.1900849155346731600 ) ) ;
#1303 = DIRECTION ( 'NONE',  ( 0.000000000000000000, 0.000000000000000000, -1.000000000000000000 ) ) ;
#1304 = ORIENTED_EDGE ( 'NONE', *, *, #702, .F. ) ;
#1305 = CARTESIAN_POINT ( 'NONE',  ( 1.547218574372321243, -2.320545159971067584, 0.003892080486762119779 ) ) ;
#1306 = VERTEX_POINT ( 'NONE', #689 ) ;
#1307 = VERTEX_POINT ( 'NONE', #1222 ) ;
#1308 = CARTESIAN_POINT ( 'NONE',  ( 4.250022430111957128, -0.1386965453359293998, 0.2969131445977917783 ) ) ;
#1309 = CARTESIAN_POINT ( 'NONE',  ( 3.956947900823051256, -0.6105813962351169799, 0.2699125033287747555 ) ) ;
#1310 = CARTESIAN_POINT ( 'NONE',  ( -2.406356826228174928, 1.653141178122056409, 0.03159147045940384479 ) ) ;
#1311 = CARTESIAN_POINT ( 'NONE',  ( -2.973143756238054713, -0.6776216650475604952, 0.1795830252282054618 ) ) ;
#1312 = EDGE_CURVE ( 'NONE', #1306, #1306, #862, .T. ) ;
#1313 = DIRECTION ( 'NONE',  ( -0.000000000000000000, -0.000000000000000000, -1.000000000000000000 ) ) ;
#1314 = CARTESIAN_POINT ( 'NONE',  ( -2.383510762411008344, -1.902007192854447304, 0.1795830252282046013 ) ) ;
#1315 = SHAPE_DEFINITION_REPRESENTATION ( #692, #1580 ) ;
#1316 = ORIENTED_EDGE ( 'NONE', *, *, #1371, .T. ) ;
#1317 = CARTESIAN_POINT ( 'NONE',  ( 2.944523626780060965, -2.712925360118057405, 0.2699146715017122777 ) ) ;
#1318 = CARTESIAN_POINT ( 'NONE',  ( 4.127842594043418245, -0.5816161214074027086, 0.3800844723061057584 ) ) ;
#1319 = CARTESIAN_POINT ( 'NONE',  ( -3.126680084413165250, 0.6604761928229820889, 0.2156124901392079962 ) ) ;
#1320 = CARTESIAN_POINT ( 'NONE',  ( -1.323938860537762885, 2.746987588205874520, 0.1795830252282046013 ) ) ;
#1321 = DIRECTION ( 'NONE',  ( 0.000000000000000000, 0.000000000000000000, -1.000000000000000000 ) ) ;
#1322 = CARTESIAN_POINT ( 'NONE',  ( -3.015495169385720153, 0.7813789189024059612, 0.08265093181232438524 ) ) ;
#1323 = ORIENTED_EDGE ( 'NONE', *, *, #515, .T. ) ;
#1324 = CARTESIAN_POINT ( 'NONE',  ( -1.334610590902833627, -2.769129933091416085, 0.08265093181232692487 ) ) ;
#1325 = CARTESIAN_POINT ( 'NONE',  ( 1.100000000000000089, 0.000000000000000000, -0.4249999999999999889 ) ) ;
#1326 = ORIENTED_EDGE ( 'NONE', *, *, #1711, .F. ) ;
#1327 = CARTESIAN_POINT ( 'NONE',  ( 2.924618011344926494, -3.162563600047737733, 0.3937064864718506363 ) ) ;
#1328 = CARTESIAN_POINT ( 'NONE',  ( 4.250021957371820314, -0.1383352979333536681, 0.2969131082177308700 ) ) ;
#1329 = CIRCLE ( 'NONE', #413, 3.049385990031297844 ) ;
#1330 = CARTESIAN_POINT ( 'NONE',  ( 0.000000000000000000, 0.000000000000000000, 0.3206860545875876434 ) ) ;
#1331 = DIRECTION ( 'NONE',  ( -1.000000000000000000, 3.552713678800500929E-15, 0.000000000000000000 ) ) ;
#1332 = DIRECTION ( 'NONE',  ( 1.000000000000000000, 0.000000000000000000, 0.000000000000000000 ) ) ;
#1333 = FACE_OUTER_BOUND ( 'NONE', #1352, .T. ) ;
#1334 = CARTESIAN_POINT ( 'NONE',  ( -0.1363518985318678267, 3.008708047803477115, 0.05245513442342712718 ) ) ;
#1335 = EDGE_LOOP ( 'NONE', ( #824 ) ) ;
#1336 = CARTESIAN_POINT ( 'NONE',  ( 2.829459016150405848, -3.296629185238562521, 0.3965539497196065577 ) ) ;
#1337 = ADVANCED_FACE ( 'NONE', ( #1260, #812 ), #170, .F. ) ;
#1338 = FACE_OUTER_BOUND ( 'NONE', #1976, .T. ) ;
#1339 = CARTESIAN_POINT ( 'NONE',  ( -3.843222996124990409, 2.025829092776196383, 0.3965574470774653193 ) ) ;
#1340 = CARTESIAN_POINT ( 'NONE',  ( 1.629617181272606796, 3.261358070717462088, 0.2122456954786437477 ) ) ;
#1341 = CARTESIAN_POINT ( 'NONE',  ( 1.432798919460890108, 2.766017242875651316, 0.08265093181232777142 ) ) ;
#1342 = CARTESIAN_POINT ( 'NONE',  ( 2.778950264921742352, -0.2371720502910151518, 0.003892080486761991844 ) ) ;
#1343 = CARTESIAN_POINT ( 'NONE',  ( -1.107703860476314750, -2.602863632142567774, 0.1296504281510013901 ) ) ;
#1344 = CARTESIAN_POINT ( 'NONE',  ( -0.1007251496727190054, -3.090832485984761568, 0.1900849155346726327 ) ) ;
#1345 = ORIENTED_EDGE ( 'NONE', *, *, #1688, .F. ) ;
#1346 = DIRECTION ( 'NONE',  ( 1.000000000000000000, 0.000000000000000000, 0.000000000000000000 ) ) ;
#1347 = CARTESIAN_POINT ( 'NONE',  ( 2.758444561112226801, 3.236139186230924558, 0.2969096833290434945 ) ) ;
#1348 = CARTESIAN_POINT ( 'NONE',  ( -2.429908122345768806, -1.746985463211448986, 0.1630089797329334067 ) ) ;
#1349 = DIRECTION ( 'NONE',  ( 1.000000000000000000, 0.000000000000000000, 0.000000000000000000 ) ) ;
#1350 = CARTESIAN_POINT ( 'NONE',  ( 0.04281777820321960165, -3.661502028945464282, 0.3111484406207221665 ) ) ;
#1351 = CARTESIAN_POINT ( 'NONE',  ( -0.4556125194068084694, 2.597766292441193059, 0.09575451022431410997 ) ) ;
#1352 = EDGE_LOOP ( 'NONE', ( #312 ) ) ;
#1353 = CARTESIAN_POINT ( 'NONE',  ( -0.6472567688353907389, 4.258313983058725327, 0.3936809533561087537 ) ) ;
#1354 = CARTESIAN_POINT ( 'NONE',  ( -3.289077268234473994, -0.7685438726100672913, 0.1540889642552860095 ) ) ;
#1355 = CONICAL_SURFACE ( 'NONE', #1997, 4.999999999999999112, 0.7853981633974576049 ) ;
#1356 = CIRCLE ( 'NONE', #1936, 0.1000000000000000472 ) ;
#1357 = CARTESIAN_POINT ( 'NONE',  ( -1.076043870932380297, 2.713735469290147417, 0.03154007396045071382 ) ) ;
#1358 = EDGE_CURVE ( 'NONE', #1776, #1776, #767, .T. ) ;
#1359 = AXIS2_PLACEMENT_3D ( 'NONE', #1661, #1824, #1064 ) ;
#1360 = CARTESIAN_POINT ( 'NONE',  ( 1.908515512896028055, -2.028878726355364925, 0.1205682434472044734 ) ) ;
#1361 = CARTESIAN_POINT ( 'NONE',  ( -2.832809839595794799, -2.315016702382533431, 0.3105636538350729503 ) ) ;
#1362 = CARTESIAN_POINT ( 'NONE',  ( -2.406254168150958161, -1.652928155640982943, 0.03154007396045063749 ) ) ;
#1363 = CARTESIAN_POINT ( 'NONE',  ( 2.384700942431055903, 1.900514754314628130, 0.1795830252282054063 ) ) ;
#1364 = ORIENTED_EDGE ( 'NONE', *, *, #1177, .F. ) ;
#1365 = CARTESIAN_POINT ( 'NONE',  ( 2.629897533680882304, 2.119511246226973622, 0.1540889642552883132 ) ) ;
#1366 = CARTESIAN_POINT ( 'NONE',  ( -0.8123533815208129338, 4.267836512170312346, 0.3965574470774653748 ) ) ;
#1367 = CARTESIAN_POINT ( 'NONE',  ( 0.000000000000000000, 0.000000000000000000, 0.2499753764689327806 ) ) ;
#1368 = CARTESIAN_POINT ( 'NONE',  ( 3.055894875927674725, -0.6043762394177193409, 0.08265093181232520403 ) ) ;
#1369 = B_SPLINE_CURVE_WITH_KNOTS ( 'NONE', 3,
 ( #1008, #998, #1463, #216, #828, #1152, #1019, #1310, #369, #237 ),
 .UNSPECIFIED., .F., .F.,
 ( 4, 2, 2, 2, 4 ),
 ( 4.503029819097854871E-19, 0.0003558364957810397568, 0.0007116729915620790799, 0.001067509487343118457, 0.001423345983124157726 ),
 .UNSPECIFIED. ) ;
#1370 = DIRECTION ( 'NONE',  ( -0.9173946030015714959, -0.3979788215264590256, 0.000000000000000000 ) ) ;
#1371 = EDGE_CURVE ( 'NONE', #518, #518, #117, .T. ) ;
#1372 = DIRECTION ( 'NONE',  ( -0.000000000000000000, -0.000000000000000000, -1.000000000000000000 ) ) ;
#1373 = CARTESIAN_POINT ( 'NONE',  ( 2.944620726946285405, 2.704785504020955411, 0.3609973219240634190 ) ) ;
#1374 = CARTESIAN_POINT ( 'NONE',  ( -3.914492054459034698, -1.573745594230999023, 0.3857885935978136449 ) ) ;
#1375 = CARTESIAN_POINT ( 'NONE',  ( 2.776181221354088624, 0.2271523176701045754, 0.1205682434471984782 ) ) ;
#1376 = FACE_OUTER_BOUND ( 'NONE', #1907, .T. ) ;
#1377 = CARTESIAN_POINT ( 'NONE',  ( -0.3884692666283052764, -2.761196590744522172, 0.003757781069913483825 ) ) ;
#1378 = DIRECTION ( 'NONE',  ( 0.000000000000000000, 0.000000000000000000, -1.000000000000000000 ) ) ;
#1379 = CARTESIAN_POINT ( 'NONE',  ( 0.000000000000000000, 0.000000000000000000, 0.1795830252282046013 ) ) ;
#1380 = FACE_BOUND ( 'NONE', #212, .T. ) ;
#1381 = ADVANCED_FACE ( 'NONE', ( #190 ), #1265, .T. ) ;
#1382 = CARTESIAN_POINT ( 'NONE',  ( -3.286802032586532807, -0.6644008751141823321, 0.2519253385323738104 ) ) ;
#1383 = CARTESIAN_POINT ( 'NONE',  ( -3.436394078867204716, 2.227070540284405542, 0.2805589182028687123 ) ) ;
#1384 = FACE_OUTER_BOUND ( 'NONE', #822, .T. ) ;
#1385 = TOROIDAL_SURFACE ( 'NONE', #271, 4.754264698349699003, 0.1000000000000000056 ) ;
#1386 = CARTESIAN_POINT ( 'NONE',  ( -0.09077731659593399338, -3.113763576491534568, 0.08265093181232477382 ) ) ;
#1387 = CARTESIAN_POINT ( 'NONE',  ( -0.02085828109456489693, -3.812897455796135038, 0.3349187831005434046 ) ) ;
#1388 =( GEOMETRIC_REPRESENTATION_CONTEXT ( 3 ) GLOBAL_UNCERTAINTY_ASSIGNED_CONTEXT ( ( #548 ) ) GLOBAL_UNIT_ASSIGNED_CONTEXT ( ( #1137, #398, #1003 ) ) REPRESENTATION_CONTEXT ( 'NONE', 'WORKASPACE' ) );
#1389 = CARTESIAN_POINT ( 'NONE',  ( 1.917575252662114371, 2.024994194095905975, 0.003854200662050686742 ) ) ;
#1390 = CARTESIAN_POINT ( 'NONE',  ( 1.432798919460851694, -2.766017242875671300, 0.08265093181232846531 ) ) ;
#1391 = DIRECTION ( 'NONE',  ( 1.000000000000000000, 0.000000000000000000, 0.000000000000000000 ) ) ;
#1392 = ADVANCED_FACE ( 'NONE', ( #1773 ), #1817, .T. ) ;
#1393 = CARTESIAN_POINT ( 'NONE',  ( -3.542062613221927503, 0.8629785399913750821, 0.2122114573091273826 ) ) ;
#1394 = CARTESIAN_POINT ( 'NONE',  ( -0.1491746991835002090, -2.989006289862386367, 0.1630089797331694679 ) ) ;
#1395 = DIRECTION ( 'NONE',  ( 1.000000000000000000, 0.000000000000000000, 0.000000000000000000 ) ) ;
#1396 = CARTESIAN_POINT ( 'NONE',  ( 0.000000000000000000, 0.000000000000000000, 1.778036011041695730 ) ) ;
#1397 = ORIENTED_EDGE ( 'NONE', *, *, #1067, .F. ) ;
#1398 = CARTESIAN_POINT ( 'NONE',  ( 2.935842136428534754, -2.854645372485712151, 0.2805521340489734450 ) ) ;
#1399 = CARTESIAN_POINT ( 'NONE',  ( 2.125024560198323531, -1.864577439091524402, 0.1293225414782600557 ) ) ;
#1400 = CARTESIAN_POINT ( 'NONE',  ( -3.768615862501182523, -1.969690680551676509, 0.3888126144519438721 ) ) ;
#1401 = DIRECTION ( 'NONE',  ( -0.000000000000000000, -0.000000000000000000, 1.000000000000000000 ) ) ;
#1402 = FACE_OUTER_BOUND ( 'NONE', #813, .T. ) ;
#1403 = CARTESIAN_POINT ( 'NONE',  ( -1.269223847131571992, -2.844790845979058513, 0.08265093181232874286 ) ) ;
#1404 = CARTESIAN_POINT ( 'NONE',  ( -3.292254219268233140, 2.268875247290700337, 0.3609960157658892443 ) ) ;
#1405 = ORIENTED_EDGE ( 'NONE', *, *, #420, .F. ) ;
#1406 = CARTESIAN_POINT ( 'NONE',  ( -1.323938860537762885, 2.746987588205874520, 0.1795830252282046013 ) ) ;
#1407 = DIRECTION ( 'NONE',  ( 0.000000000000000000, 0.000000000000000000, -1.000000000000000000 ) ) ;
#1408 = ORIENTED_EDGE ( 'NONE', *, *, #1651, .T. ) ;
#1409 = CARTESIAN_POINT ( 'NONE',  ( -2.537541006909588504, -1.967303039127281661, 0.2191578453206146637 ) ) ;
#1410 = FACE_OUTER_BOUND ( 'NONE', #496, .T. ) ;
#1411 = CARTESIAN_POINT ( 'NONE',  ( -3.287828730932934818, -0.7683780947849859766, 0.1537804449539582063 ) ) ;
#1412 = DIRECTION ( 'NONE',  ( -0.7848716270634864545, -0.5767359611186896329, -0.2266101502210719210 ) ) ;
#1413 = AXIS2_PLACEMENT_3D ( 'NONE', #622, #318, #1593 ) ;
#1414 = CARTESIAN_POINT ( 'NONE',  ( -0.2187314227858247473, 4.059239013727521161, 0.3692149895718723207 ) ) ;
#1415 = EDGE_CURVE ( 'NONE', #1468, #1468, #273, .T. ) ;
#1416 = AXIS2_PLACEMENT_3D ( 'NONE', #1809, #776, #1709 ) ;
#1417 = CARTESIAN_POINT ( 'NONE',  ( -3.528723297557364802, 0.8548241443487661906, 0.3052812977232902680 ) ) ;
#1418 = ORIENTED_EDGE ( 'NONE', *, *, #121, .F. ) ;
#1419 = AXIS2_PLACEMENT_3D ( 'NONE', #1457, #1313, #1349 ) ;
#1420 = CARTESIAN_POINT ( 'NONE',  ( 1.454743805073323015, -2.249298309928603246, 0.1023696757768763899 ) ) ;
#1421 = ORIENTED_EDGE ( 'NONE', *, *, #1117, .T. ) ;
#1422 = CARTESIAN_POINT ( 'NONE',  ( 0.000000000000000000, 0.000000000000000000, 0.1795830252282046013 ) ) ;
#1423 = CARTESIAN_POINT ( 'NONE',  ( 0.0009544502704573399254, -3.049385840661007929, 0.1795830252282046013 ) ) ;
#1424 = CARTESIAN_POINT ( 'NONE',  ( -3.542062613221939493, -0.8629785399913257882, 0.2122114573091272993 ) ) ;
#1425 = CARTESIAN_POINT ( 'NONE',  ( 2.972718985906851685, 0.6794827054665176780, 0.1795830252282046013 ) ) ;
#1426 = CARTESIAN_POINT ( 'NONE',  ( -3.768615862501119462, 1.969690680551734463, 0.3888126144519484240 ) ) ;
#1427 = EDGE_CURVE ( 'NONE', #816, #1796, #1329, .T. ) ;
#1428 = ORIENTED_EDGE ( 'NONE', *, *, #180, .F. ) ;
#1429 =( LENGTH_UNIT ( ) NAMED_UNIT ( * ) SI_UNIT ( .MILLI., .METRE. ) );
#1430 = CARTESIAN_POINT ( 'NONE',  ( -1.000000000000000000, 0.000000000000000000, -0.1497754668901513653 ) ) ;
#1431 = ORIENTED_EDGE ( 'NONE', *, *, #804, .T. ) ;
#1432 = CARTESIAN_POINT ( 'NONE',  ( -2.383510762410981254, 1.902007192854480166, 0.1795830252282046013 ) ) ;
#1433 = CARTESIAN_POINT ( 'NONE',  ( -2.973143756238045388, 0.6776216650476024617, 0.1795830252282046013 ) ) ;
#1434 = CARTESIAN_POINT ( 'NONE',  ( -3.658303432215880946, -0.9469493617776145733, 0.2357488272965217180 ) ) ;
#1435 = CARTESIAN_POINT ( 'NONE',  ( -0.1037102189585320799, 3.768339226725380797, 0.3280723448226485761 ) ) ;
#1436 = CARTESIAN_POINT ( 'NONE',  ( -3.266361131839913501, 0.7635963231120481698, 0.2515696774913514511 ) ) ;
#1437 = ORIENTED_EDGE ( 'NONE', *, *, #191, .F. ) ;
#1438 = DIRECTION ( 'NONE',  ( 0.000000000000000000, 0.000000000000000000, -1.000000000000000000 ) ) ;
#1439 = CARTESIAN_POINT ( 'NONE',  ( 0.07117673115288633556, -3.412247692636378726, -0.4249999999999999889 ) ) ;
#1440 = ORIENTED_EDGE ( 'NONE', *, *, #1454, .F. ) ;
#1441 = CYLINDRICAL_SURFACE ( 'NONE', #1062, 0.7500000000000000000 ) ;
#1442 = EDGE_CURVE ( 'NONE', #378, #1803, #1548, .T. ) ;
#1443 = FACE_OUTER_BOUND ( 'NONE', #174, .T. ) ;
#1444 = CARTESIAN_POINT ( 'NONE',  ( -2.883284581249617506, -2.231317692857972990, 0.2122456954786453576 ) ) ;
#1445 = CARTESIAN_POINT ( 'NONE',  ( -0.6662677713398570400, 4.166752331131367448, 0.2941245998377371440 ) ) ;
#1446 = CARTESIAN_POINT ( 'NONE',  ( -3.979608283932737578, 1.742504007311359349, 0.3965539497196138297 ) ) ;
#1447 = ORIENTED_EDGE ( 'NONE', *, *, #1854, .F. ) ;
#1448 = CARTESIAN_POINT ( 'NONE',  ( 1.000000000000000000, 0.000000000000000000, -0.3250000000000000111 ) ) ;
#1449 = AXIS2_PLACEMENT_3D ( 'NONE', #1583, #186, #59 ) ;
#1450 = VERTEX_POINT ( 'NONE', #1927 ) ;
#1451 = AXIS2_PLACEMENT_3D ( 'NONE', #1221, #1378, #158 ) ;
#1452 = CARTESIAN_POINT ( 'NONE',  ( 2.629897533680834343, -2.119511246226992274, 0.1540889642552878691 ) ) ;
#1453 = CIRCLE ( 'NONE', #471, 1.100000000000000089 ) ;
#1454 = EDGE_CURVE ( 'NONE', #1909, #1909, #1453, .T. ) ;
#1455 = CARTESIAN_POINT ( 'NONE',  ( 3.249579042286392383, 0.8274854513528238087, 0.2519253385323763084 ) ) ;
#1456 = CARTESIAN_POINT ( 'NONE',  ( -3.357775225040955380, 0.6910183755133505468, 0.2662822768882601165 ) ) ;
#1457 = CARTESIAN_POINT ( 'NONE',  ( -0.7788232688470676512, 3.412247692636389385, -0.3250000000000000666 ) ) ;
#1458 = CARTESIAN_POINT ( 'NONE',  ( -1.269223847131573324, -2.844790845979058957, 0.08265093181232520403 ) ) ;
#1459 = APPLICATION_PROTOCOL_DEFINITION ( 'draft international standard', 'automotive_design', 1998, #620 ) ;
#1460 = ORIENTED_EDGE ( 'NONE', *, *, #503, .F. ) ;
#1461 = CARTESIAN_POINT ( 'NONE',  ( 2.665590158944702193, -0.2650500518469065536, 0.1023696757768764037 ) ) ;
#1462 = CARTESIAN_POINT ( 'NONE',  ( 4.209975688345659606, -0.2799113301491893968, 0.3858164151945044917 ) ) ;
#1463 = CARTESIAN_POINT ( 'NONE',  ( -2.792586204860126209, 0.8507014152330262258, 0.03154007396045053341 ) ) ;
#1464 = B_SPLINE_CURVE_WITH_KNOTS ( 'NONE', 3,
 ( #1106, #423, #1717, #161, #324, #1558, #107, #1045, #152, #1957, #1665, #1398, #313, #890, #583, #1502, #261, #566 ),
 .UNSPECIFIED., .F., .F.,
 ( 4, 2, 2, 2, 2, 2, 2, 2, 4 ),
 ( 0.000000000000000000, 0.0004161012976696998626, 0.0008322025953393997252, 0.001248303893009099479, 0.001664405190678799450, 0.002080506488348499421, 0.002496607786018198959, 0.002912709083687898930, 0.003328810381357598901 ),
 .UNSPECIFIED. ) ;
#1465 = CARTESIAN_POINT ( 'NONE',  ( 2.972718985906851685, 0.6794827054665176780, 0.1795830252282046013 ) ) ;
#1466 = CARTESIAN_POINT ( 'NONE',  ( 3.055894875927674281, -0.6043762394177187858, 0.08265093181232785469 ) ) ;
#1467 = CARTESIAN_POINT ( 'NONE',  ( -2.400916239171110522, -1.418387846981246314, 0.003795334523037424170 ) ) ;
#1468 = VERTEX_POINT ( 'NONE', #1293 ) ;
#1469 = CARTESIAN_POINT ( 'NONE',  ( 2.430771391565931694, -3.555774141457994197, 0.3936809533561104191 ) ) ;
#1470 = EDGE_LOOP ( 'NONE', ( #1316 ) ) ;
#1471 = CARTESIAN_POINT ( 'NONE',  ( 2.611577663265990612, -2.105197495959655107, 0.2515696774911768685 ) ) ;
#1472 = CARTESIAN_POINT ( 'NONE',  ( 3.567778686342867545, -0.7592289809218008001, 0.2126057822066150793 ) ) ;
#1473 = CARTESIAN_POINT ( 'NONE',  ( 2.830419221988034195, -3.295862207947841238, 0.3965538836498395114 ) ) ;
#1474 = CARTESIAN_POINT ( 'NONE',  ( -2.529332429029282459, -1.086158330676120443, -0.002938684781708911578 ) ) ;
#1475 = CARTESIAN_POINT ( 'NONE',  ( -2.847418928949184025, 0.7022372274509423029, 0.1498861333502236326 ) ) ;
#1476 = CARTESIAN_POINT ( 'NONE',  ( -2.973143756238055158, -0.6776216650475609393, 0.1795830252282046013 ) ) ;
#1477 = EDGE_CURVE ( 'NONE', #209, #1307, #1677, .T. ) ;
#1478 = CARTESIAN_POINT ( 'NONE',  ( 4.829289321881339525, 0.000000000000000000, -0.2542893218813440659 ) ) ;
#1479 = CARTESIAN_POINT ( 'NONE',  ( -2.491037124201003206, -1.870427271332974151, 0.08265093181232793795 ) ) ;
#1480 = EDGE_LOOP ( 'NONE', ( #1405, #1856, #1201, #1662 ) ) ;
#1481 = DIRECTION ( 'NONE',  ( 1.000000000000000000, 0.000000000000000000, 0.000000000000000000 ) ) ;
#1482 = AXIS2_PLACEMENT_3D ( 'NONE', #1379, #258, #1815 ) ;
#1483 = CARTESIAN_POINT ( 'NONE',  ( 4.249977656245825131, 0.1397286907700764635, 0.3888090274943915570 ) ) ;
#1484 = CARTESIAN_POINT ( 'NONE',  ( -2.973143756238045388, 0.6776216650476024617, 0.1795830252282046013 ) ) ;
#1485 = AXIS2_PLACEMENT_3D ( 'NONE', #805, #1407, #14 ) ;
#1486 = CARTESIAN_POINT ( 'NONE',  ( 1.539345464958694842, 2.141124137921471160, 0.09569966925197510854 ) ) ;
#1487 = CARTESIAN_POINT ( 'NONE',  ( 0.0009621437042632070445, 3.073965694338890220, 0.08265093181232678610 ) ) ;
#1488 = VERTEX_POINT ( 'NONE', #1180 ) ;
#1489 = CARTESIAN_POINT ( 'NONE',  ( -2.792816758806526245, -0.8506488592052084963, 0.03159147045940372683 ) ) ;
#1490 = VERTEX_POINT ( 'NONE', #1014 ) ;
#1491 = EDGE_CURVE ( 'NONE', #951, #12, #52, .T. ) ;
#1492 = ORIENTED_EDGE ( 'NONE', *, *, #851, .T. ) ;
#1493 = CARTESIAN_POINT ( 'NONE',  ( 2.782716485364360892, 0.4988660841313957151, 0.1293225414782596394 ) ) ;
#1494 = CARTESIAN_POINT ( 'NONE',  ( -1.518726380533452325, 2.985253611077666847, 0.2499276393635685989 ) ) ;
#1495 = CARTESIAN_POINT ( 'NONE',  ( 2.628844568744372001, 2.118820165534748501, 0.1537804449539584561 ) ) ;
#1496 = CARTESIAN_POINT ( 'NONE',  ( -2.902932303601668096, -0.8024337965568183462, 0.05245513442340905830 ) ) ;
#1497 = CARTESIAN_POINT ( 'NONE',  ( -2.526770546937691098, 1.090962131719679151, 0.1146563290916012973 ) ) ;
#1498 = CARTESIAN_POINT ( 'NONE',  ( -1.182580682037389863, -2.769913155249136949, 0.05245513442345926813 ) ) ;
#1499 = FACE_OUTER_BOUND ( 'NONE', #648, .T. ) ;
#1500 = EDGE_LOOP ( 'NONE', ( #507, #1738, #1036, #1418 ) ) ;
#1501 = CARTESIAN_POINT ( 'NONE',  ( 1.739290336019376770, -3.357239780284465347, 0.2361067534331484641 ) ) ;
#1502 = CARTESIAN_POINT ( 'NONE',  ( 2.628844568744340915, -2.118820165534784472, 0.1537804449539581786 ) ) ;
#1503 = ADVANCED_FACE ( 'NONE', ( #454 ), #848, .T. ) ;
#1504 = CARTESIAN_POINT ( 'NONE',  ( -2.725642792666520986, -0.7568211788980754307, 0.1296504281509716083 ) ) ;
#1505 = CARTESIAN_POINT ( 'NONE',  ( 1.456184640545986841, -2.516866216176421034, 0.1450826510826719595 ) ) ;
#1506 = CARTESIAN_POINT ( 'NONE',  ( -2.633755103703856904, -2.194348153207058782, 0.2662732707668578613 ) ) ;
#1507 = CARTESIAN_POINT ( 'NONE',  ( -1.372169877739611410, 2.933757598675216016, 0.1185284620169505393 ) ) ;
#1508 = CARTESIAN_POINT ( 'NONE',  ( 1.807583337343914298, 2.076031053330591902, -0.002938684781688050227 ) ) ;
#1509 = ORIENTED_EDGE ( 'NONE', *, *, #1624, .F. ) ;
#1510 = CARTESIAN_POINT ( 'NONE',  ( 1.329473156035432035, -2.902200973651832161, 0.2156576988573615516 ) ) ;
#1511 = AXIS2_PLACEMENT_3D ( 'NONE', #277, #904, #1226 ) ;
#1512 = DIRECTION ( 'NONE',  ( -0.000000000000000000, -0.000000000000000000, -1.000000000000000000 ) ) ;
#1513 = CARTESIAN_POINT ( 'NONE',  ( -3.908804399357907133, -1.116444879050071171, 0.3692171850655752152 ) ) ;
#1514 = CIRCLE ( 'NONE', #244, 0.7500000000000001110 ) ;
#1515 = AXIS2_PLACEMENT_3D ( 'NONE', #1422, #1859, #470 ) ;
#1516 = CARTESIAN_POINT ( 'NONE',  ( 2.634018191166595635, -0.1338680192848920036, 0.09575451022431291648 ) ) ;
#1517 = CARTESIAN_POINT ( 'NONE',  ( 1.869560770427314944, -1.918527306035983537, 0.1023706977830339676 ) ) ;
#1518 = CARTESIAN_POINT ( 'NONE',  ( -0.2084100666622996645, -2.911375889580838372, 0.03143769650882999311 ) ) ;
#1519 = CARTESIAN_POINT ( 'NONE',  ( -1.371450986837024377, -2.933136327619169759, 0.1182779378720493074 ) ) ;
#1520 = ORIENTED_EDGE ( 'NONE', *, *, #557, .F. ) ;
#1521 = CARTESIAN_POINT ( 'NONE',  ( 2.353709040966208921, 2.005852627355574569, 0.1900849155346726049 ) ) ;
#1522 = CARTESIAN_POINT ( 'NONE',  ( -4.007174698714256245, -1.580427148151470007, 0.3937064864718483603 ) ) ;
#1523 = FACE_OUTER_BOUND ( 'NONE', #1138, .T. ) ;
#1524 = CARTESIAN_POINT ( 'NONE',  ( -3.149237977762484597, 0.7563623341884230245, 0.1185284620169504699 ) ) ;
#1525 = FACE_OUTER_BOUND ( 'NONE', #582, .T. ) ;
#1526 = CARTESIAN_POINT ( 'NONE',  ( -3.049385990031297400, -6.098771980062594800, 0.1795830252282054063 ) ) ;
#1527 = DIRECTION ( 'NONE',  ( -0.000000000000000000, -0.000000000000000000, -1.000000000000000000 ) ) ;
#1528 = CARTESIAN_POINT ( 'NONE',  ( 2.146479809523144322, 1.978208637706523776, 0.03148691941161477215 ) ) ;
#1529 = ORIENTED_EDGE ( 'NONE', *, *, #851, .F. ) ;
#1530 = CARTESIAN_POINT ( 'NONE',  ( 2.433254375741349840, -3.554869056880172185, 0.3937335706678453118 ) ) ;
#1531 = CARTESIAN_POINT ( 'NONE',  ( 1.669942800196201560, 3.423851753844711077, 0.3343812186499044992 ) ) ;
#1532 = CARTESIAN_POINT ( 'NONE',  ( 2.750108342203223089, -0.1148206413766780926, 0.1147064440970801541 ) ) ;
#1533 = CARTESIAN_POINT ( 'NONE',  ( 2.265781912017442057, -1.982095889646397380, 0.05204358050790684753 ) ) ;
#1534 = CARTESIAN_POINT ( 'NONE',  ( -3.709229469628998466, -0.8658104898911448410, 0.3343151072616606934 ) ) ;
#1535 = CARTESIAN_POINT ( 'NONE',  ( -1.440189357866504372, 2.848978286677321670, 0.2156795032848146387 ) ) ;
#1536 = CARTESIAN_POINT ( 'NONE',  ( 3.500000000000000000, 0.000000000000000000, -0.3250000000000000666 ) ) ;
#1537 = EDGE_CURVE ( 'NONE', #1803, #1193, #1646, .T. ) ;
#1538 = CARTESIAN_POINT ( 'NONE',  ( 2.118941966636902485, -3.589909014989824954, 0.3800844723061075903 ) ) ;
#1539 = ORIENTED_EDGE ( 'NONE', *, *, #1918, .T. ) ;
#1540 = CARTESIAN_POINT ( 'NONE',  ( 2.725429306609307378, 2.079470113243046647, 0.2662822768882598945 ) ) ;
#1541 = CARTESIAN_POINT ( 'NONE',  ( -2.491037124200977448, 1.870427271333009012, 0.08265093181232814612 ) ) ;
#1542 = CIRCLE ( 'NONE', #825, 0.7499999999999997780 ) ;
#1543 = PRODUCT_DEFINITION_CONTEXT ( 'detailed design', #1948, 'design' ) ;
#1544 = CARTESIAN_POINT ( 'NONE',  ( 1.916583797849147786, -2.025295417877591930, 0.003757781069913531530 ) ) ;
#1545 = CIRCLE ( 'NONE', #178, 0.7500000000000002220 ) ;
#1546 = CARTESIAN_POINT ( 'NONE',  ( -3.049827804655868224, -0.6638696812771009981, 0.1977673251278724009 ) ) ;
#1547 = CARTESIAN_POINT ( 'NONE',  ( -1.449801256952103490, -3.050569472014081907, 0.1540640619294298130 ) ) ;
#1548 = CIRCLE ( 'NONE', #1970, 3.049385990031297844 ) ;
#1549 = CARTESIAN_POINT ( 'NONE',  ( 1.318240993450248810, 2.619765707796144927, 0.1498861333502749804 ) ) ;
#1550 = CARTESIAN_POINT ( 'NONE',  ( -1.635748848219539919, 3.439816385843613933, 0.3343151072616608599 ) ) ;
#1551 = CARTESIAN_POINT ( 'NONE',  ( 2.406033417546650899, 3.466013393346448090, 0.3858164151945048248 ) ) ;
#1552 = CARTESIAN_POINT ( 'NONE',  ( -2.568618295916939243, -2.155411681080843689, 0.2519001209936050367 ) ) ;
#1553 = DIRECTION ( 'NONE',  ( -1.000000000000000000, 0.000000000000000000, 0.000000000000000000 ) ) ;
#1554 = CARTESIAN_POINT ( 'NONE',  ( -1.540365967440916473, -3.453036707254188986, 0.2361067534331444950 ) ) ;
#1555 = B_SPLINE_CURVE_WITH_KNOTS ( 'NONE', 3,
 ( #404, #371, #1167, #238, #524, #1486, #1940, #873, #1959, #1926 ),
 .UNSPECIFIED., .F., .F.,
 ( 4, 2, 2, 2, 4 ),
 ( 4.370558682921689079E-19, 0.0003945457094545048527, 0.0007890914189090100306, 0.001183637128363515100, 0.001578182837818020278 ),
 .UNSPECIFIED. ) ;
#1556 = CARTESIAN_POINT ( 'NONE',  ( -3.671608055279001359, 2.078831387491083316, 0.3858164151943453413 ) ) ;
#1557 = EDGE_LOOP ( 'NONE', ( #857 ) ) ;
#1558 = CARTESIAN_POINT ( 'NONE',  ( 1.988112885667566943, -3.473960047904982140, 0.2697643311134038102 ) ) ;
#1559 = CARTESIAN_POINT ( 'NONE',  ( 2.944523626780100933, 2.712925360118024987, 0.2699146715017166631 ) ) ;
#1560 = CARTESIAN_POINT ( 'NONE',  ( -3.310017667247699080, -2.359883015827151542, 0.3692149895718699892 ) ) ;
#1561 = ADVANCED_FACE ( 'NONE', ( #1669, #1040 ), #1297, .F. ) ;
#1562 = DIRECTION ( 'NONE',  ( 0.000000000000000000, 0.000000000000000000, 1.000000000000000000 ) ) ;
#1563 = CARTESIAN_POINT ( 'NONE',  ( -0.6464953544344480552, -4.258121193202689447, 0.3936537778330668758 ) ) ;
#1564 = CARTESIAN_POINT ( 'NONE',  ( -0.1091582677875300306, -3.777298183689916211, 0.2357488272965218012 ) ) ;
#1565 = CARTESIAN_POINT ( 'NONE',  ( -0.2852308966590453854, 3.993606098108288371, 0.2699125033286413067 ) ) ;
#1566 = CARTESIAN_POINT ( 'NONE',  ( -3.712658751752870856, 0.8687848233826587219, 0.3349187831005499549 ) ) ;
#1567 = FILL_AREA_STYLE_COLOUR ( '', #206 ) ;
#1568 = CARTESIAN_POINT ( 'NONE',  ( 2.433254375741371156, 3.554869056880186395, 0.3937335706678479763 ) ) ;
#1569 = EDGE_LOOP ( 'NONE', ( #591 ) ) ;
#1570 = CARTESIAN_POINT ( 'NONE',  ( 0.000000000000000000, 0.000000000000000000, 0.4206312508237206038 ) ) ;
#1571 = CARTESIAN_POINT ( 'NONE',  ( -1.224907600894091786, -2.662851876733200118, 0.1494609393601160907 ) ) ;
#1572 = CARTESIAN_POINT ( 'NONE',  ( 0.05183509685152907359, -3.195257466040296368, 0.2156124901392080240 ) ) ;
#1573 = EDGE_CURVE ( 'NONE', #806, #12, #210, .T. ) ;
#1574 = CARTESIAN_POINT ( 'NONE',  ( -0.05371192019639561832, 3.647271367724532087, 0.2126057822064782721 ) ) ;
#1575 = AXIS2_PLACEMENT_3D ( 'NONE', #1974, #1211, #687 ) ;
#1576 = CARTESIAN_POINT ( 'NONE',  ( -3.882732350705861979, 1.294199127443229402, 0.3719438695308691645 ) ) ;
#1577 = ORIENTED_EDGE ( 'NONE', *, *, #780, .F. ) ;
#1578 = AXIS2_PLACEMENT_3D ( 'NONE', #544, #845, #1185 ) ;
#1579 = CARTESIAN_POINT ( 'NONE',  ( 1.673584765260110796, 3.426517511368905033, 0.3349813324158122385 ) ) ;
#1580 = ADVANCED_BREP_SHAPE_REPRESENTATION ( 'Part4', ( #607, #275 ), #1388 ) ;
#1581 = ORIENTED_EDGE ( 'NONE', *, *, #626, .T. ) ;
#1582 = CARTESIAN_POINT ( 'NONE',  ( -3.673109312863177767, -2.077018465944119097, 0.2941245998376028625 ) ) ;
#1583 = CARTESIAN_POINT ( 'NONE',  ( -2.997109053616024532, 0.6830836965011960471, 0.08265093181232778530 ) ) ;
#1584 = CARTESIAN_POINT ( 'NONE',  ( -2.650567605244834812, -2.091395371762990951, 0.1537559108507657868 ) ) ;
#1585 = CARTESIAN_POINT ( 'NONE',  ( 0.0009544502704973588034, 3.049385840661007929, 0.1795830252282046013 ) ) ;
#1586 = CARTESIAN_POINT ( 'NONE',  ( 0.08366139757643689667, 3.352103852152338970, 0.2519001209936047037 ) ) ;
#1587 = CARTESIAN_POINT ( 'NONE',  ( -3.153391037658476392, -1.518593086911434131, 0.4249999999999999889 ) ) ;
#1588 = ORIENTED_EDGE ( 'NONE', *, *, #1188, .T. ) ;
#1589 = EDGE_CURVE ( 'NONE', #1900, #1900, #863, .T. ) ;
#1590 = CARTESIAN_POINT ( 'NONE',  ( 1.322219000578478187, -2.747815829110169528, 0.1795830252282046013 ) ) ;
#1591 = EDGE_LOOP ( 'NONE', ( #363 ) ) ;
#1592 = CARTESIAN_POINT ( 'NONE',  ( -0.7788232688470676512, 3.412247692636389385, -0.4249999999999999889 ) ) ;
#1593 = DIRECTION ( 'NONE',  ( 1.000000000000000000, 0.000000000000000000, 0.000000000000000000 ) ) ;
#1594 = CARTESIAN_POINT ( 'NONE',  ( -3.149237977762496143, -0.7563623341883789486, 0.1185284620169506503 ) ) ;
#1595 = CARTESIAN_POINT ( 'NONE',  ( -1.479449154763130103, 3.714550584767246644, 0.3609973219240866227 ) ) ;
#1596 = CARTESIAN_POINT ( 'NONE',  ( -3.884032548754973835, 1.299476899651535122, 0.2806395998721375462 ) ) ;
#1597 = ORIENTED_EDGE ( 'NONE', *, *, #1829, .T. ) ;
#1598 = DIRECTION ( 'NONE',  ( 1.000000000000000000, 0.000000000000000000, 0.000000000000000000 ) ) ;
#1599 = ADVANCED_FACE ( 'NONE', ( #917, #1384 ), #110, .F. ) ;
#1600 = ORIENTED_EDGE ( 'NONE', *, *, #568, .F. ) ;
#1601 = CARTESIAN_POINT ( 'NONE',  ( 4.062319255421353859, 0.5154915321479683898, 0.2805521340489737225 ) ) ;
#1602 = CARTESIAN_POINT ( 'NONE',  ( 3.274201718962509222, 0.7292444664222841322, 0.2515696774913261380 ) ) ;
#1603 = CARTESIAN_POINT ( 'NONE',  ( -3.305466006099432530, 2.360714134986975132, 0.3688362267246320103 ) ) ;
#1604 = B_SPLINE_CURVE_WITH_KNOTS ( 'NONE', 3,
 ( #1425, #30, #647, #1279, #656, #1905, #1145, #39, #1885, #494, #1605, #1120, #514, #709, #217, #415, #1198, #1615, #549, #1020, #840, #1759 ),
 .UNSPECIFIED., .F., .F.,
 ( 4, 2, 2, 2, 2, 2, 2, 2, 2, 2, 4 ),
 ( 4.503029819097854871E-19, 0.0002367674788561334616, 0.0004735349577122664353, 0.0009470699154245311360, 0.001420604873136796812, 0.001894139830849062706, 0.002367674788561328816, 0.002841209746273594492, 0.003314744703985861036, 0.003551512182841994308, 0.003788279661698127580 ),
 .UNSPECIFIED. ) ;
#1605 = CARTESIAN_POINT ( 'NONE',  ( 4.341546355944686297, 0.1579743813458319990, 0.3965538836498397890 ) ) ;
#1606 = CARTESIAN_POINT ( 'NONE',  ( -2.315085230974020192, 1.263468579470567787, 0.09575451022429967707 ) ) ;
#1607 = EDGE_LOOP ( 'NONE', ( #1683 ) ) ;
#1608 = SURFACE_SIDE_STYLE ('',( #1147 ) ) ;
#1609 = VERTEX_POINT ( 'NONE', #376 ) ;
#1610 = MECHANICAL_DESIGN_GEOMETRIC_PRESENTATION_REPRESENTATION (  '', ( #731 ), #1295 ) ;
#1611 = ORIENTED_EDGE ( 'NONE', *, *, #45, .F. ) ;
#1612 = CARTESIAN_POINT ( 'NONE',  ( 2.868656203994094156, -0.6016563233573144487, 0.1494609393601162017 ) ) ;
#1613 = CARTESIAN_POINT ( 'NONE',  ( 3.709225541400019033, -0.7333728235494462178, 0.2361067534330123507 ) ) ;
#1614 = CARTESIAN_POINT ( 'NONE',  ( 2.384700942431029702, -1.900514754314661880, 0.1795830252282046013 ) ) ;
#1615 = CARTESIAN_POINT ( 'NONE',  ( 3.325023335755465048, -0.8342958590637670202, 0.2662732707668578613 ) ) ;
#1616 = CARTESIAN_POINT ( 'NONE',  ( -2.406247508952739533, 1.652470245615849764, 0.03148691941161676361 ) ) ;
#1617 = ORIENTED_EDGE ( 'NONE', *, *, #557, .T. ) ;
#1618 = CARTESIAN_POINT ( 'NONE',  ( -0.7788232688470676512, 3.412247692636389385, -0.3250000000000000666 ) ) ;
#1619 = CARTESIAN_POINT ( 'NONE',  ( -0.1485101568519694715, 2.990402974360005128, 0.1633803650419972664 ) ) ;
#1620 = ORIENTED_EDGE ( 'NONE', *, *, #392, .F. ) ;
#1621 = CARTESIAN_POINT ( 'NONE',  ( 2.972718985906851685, -0.6794827054665176780, 0.1795830252282046013 ) ) ;
#1622 = CARTESIAN_POINT ( 'NONE',  ( 3.567618099965409240, 0.7592182621612152404, 0.2125717814572060382 ) ) ;
#1623 = CARTESIAN_POINT ( 'NONE',  ( 2.459757644858809655, -1.921396606723769995, 0.1977673251278742328 ) ) ;
#1624 = EDGE_CURVE ( 'NONE', #1261, #816, #1356, .T. ) ;
#1625 = CARTESIAN_POINT ( 'NONE',  ( 1.988112885667614904, 3.473960047904953719, 0.2697643311134040878 ) ) ;
#1626 = CARTESIAN_POINT ( 'NONE',  ( 2.266408764212238136, 1.982265256750143312, 0.05221475005141000547 ) ) ;
#1627 = CARTESIAN_POINT ( 'NONE',  ( -2.427943190475351898, 1.296677113766596889, 0.1147064440971013455 ) ) ;
#1628 = CARTESIAN_POINT ( 'NONE',  ( -2.290691039610274427, -1.656838244628720647, 0.1293225414782595839 ) ) ;
#1629 = CARTESIAN_POINT ( 'NONE',  ( 0.000000000000000000, 0.000000000000000000, -7.574984448042207497 ) ) ;
#1630 = CARTESIAN_POINT ( 'NONE',  ( 4.250000000000000000, 0.000000000000000000, -0.3250000000000000666 ) ) ;
#1631 = EDGE_LOOP ( 'NONE', ( #1597 ) ) ;
#1632 = CARTESIAN_POINT ( 'NONE',  ( 2.968038344816949170, -2.393610340051927743, 0.3349187831005502880 ) ) ;
#1633 = CARTESIAN_POINT ( 'NONE',  ( 4.210541677512192216, -0.2776265730215572991, 0.2941245998377446935 ) ) ;
#1634 = CARTESIAN_POINT ( 'NONE',  ( -4.007502454639096712, 1.577807470944678547, 0.3936537778330669313 ) ) ;
#1635 = CARTESIAN_POINT ( 'NONE',  ( -2.527580808892253561, -1.089777467220482743, 0.1147064440970863713 ) ) ;
#1636 = ADVANCED_FACE ( 'NONE', ( #1525, #1376 ), #444, .F. ) ;
#1637 = CARTESIAN_POINT ( 'NONE',  ( 2.749882395857316197, 0.1176199524747960773, -0.002995817368998606855 ) ) ;
#1638 = DIRECTION ( 'NONE',  ( 0.000000000000000000, 0.000000000000000000, 1.000000000000000000 ) ) ;
#1639 = DIRECTION ( 'NONE',  ( 1.000000000000000000, 0.000000000000000000, 0.000000000000000000 ) ) ;
#1640 = CARTESIAN_POINT ( 'NONE',  ( -0.1007251496726792456, 3.090832485984762901, 0.1900849155346703845 ) ) ;
#1641 = ORIENTED_EDGE ( 'NONE', *, *, #717, .T. ) ;
#1642 = CIRCLE ( 'NONE', #762, 3.049385990031297844 ) ;
#1643 = CARTESIAN_POINT ( 'NONE',  ( 4.210307926285614677, -0.2783768545102501268, 0.2941086908678477441 ) ) ;
#1644 = TOROIDAL_SURFACE ( 'NONE', #965, 0.8499999999999998668, 0.1000000000000000056 ) ;
#1645 = CARTESIAN_POINT ( 'NONE',  ( 3.139888042927792000, 0.6715296457594850388, 0.2191751080523376694 ) ) ;
#1646 = CIRCLE ( 'NONE', #667, 0.09999999999999996392 ) ;
#1647 = CARTESIAN_POINT ( 'NONE',  ( -2.406146878941316292, -1.652271625151264578, 0.03143769650883027067 ) ) ;
#1648 = CARTESIAN_POINT ( 'NONE',  ( -2.516833851948692580, 0.9173613573785750486, 0.1023706977830302484 ) ) ;
#1649 = ORIENTED_EDGE ( 'NONE', *, *, #1491, .F. ) ;
#1650 = CARTESIAN_POINT ( 'NONE',  ( 1.953846489529538877, -3.561117891892845222, 0.3688362267246321768 ) ) ;
#1651 = EDGE_CURVE ( 'NONE', #768, #1847, #1179, .T. ) ;
#1652 = ORIENTED_EDGE ( 'NONE', *, *, #1454, .T. ) ;
#1653 = FACE_BOUND ( 'NONE', #699, .T. ) ;
#1654 = DIRECTION ( 'NONE',  ( 1.000000000000000000, 0.000000000000000000, 0.000000000000000000 ) ) ;
#1655 = B_SPLINE_CURVE_WITH_KNOTS ( 'NONE', 3,
 ( #2006, #119, #603, #891, #1207, #1087, #1531, #295, #1979, #286, #1236, #451, #108, #923, #727, #424, #584, #1540, #915, #769, #1819, #138 ),
 .UNSPECIFIED., .F., .F.,
 ( 4, 2, 2, 2, 2, 2, 2, 2, 2, 2, 4 ),
 ( 0.000000000000000000, 0.0002366534140419712532, 0.0004733068280839425063, 0.0009466136561678860969, 0.001419920484251829687, 0.001893227312335773495, 0.002366534140419716652, 0.002839840968503660242, 0.003313147796587603833, 0.003549801210629575411, 0.003786454624671546990 ),
 .UNSPECIFIED. ) ;
#1656 = DIRECTION ( 'NONE',  ( -1.000000000000000000, 0.000000000000000000, 0.000000000000000000 ) ) ;
#1657 = B_SPLINE_CURVE_WITH_KNOTS ( 'NONE', 3,
 ( #708, #872, #1495, #839, #1925, #718, #523, #533, #1347, #1750, #1166, #1009, #1625, #227, #1340, #425, #1831, #1667 ),
 .UNSPECIFIED., .F., .F.,
 ( 4, 2, 2, 2, 2, 2, 2, 2, 4 ),
 ( 0.000000000000000000, 0.0004163117213063979578, 0.0008326234426127959156, 0.001248935163919193819, 0.001665246885225591831, 0.002081558606531989843, 0.002497870327838387638, 0.002914182049144785867, 0.003330493770451183663 ),
 .UNSPECIFIED. ) ;
#1658 = DIRECTION ( 'NONE',  ( -0.7848716270634885639, 0.5767359611186879675, -0.2266101502210695617 ) ) ;
#1659 = CARTESIAN_POINT ( 'NONE',  ( -1.059848971963219366, -2.707731414694068306, 0.1450826510827327442 ) ) ;
#1660 = CARTESIAN_POINT ( 'NONE',  ( -2.426525044285771759, -1.299101171472060168, -0.002995817368998678412 ) ) ;
#1661 = CARTESIAN_POINT ( 'NONE',  ( 2.182214306505600998, 2.736410188638078278, -0.4249999999999999889 ) ) ;
#1662 = ORIENTED_EDGE ( 'NONE', *, *, #1117, .F. ) ;
#1663 = CARTESIAN_POINT ( 'NONE',  ( 2.125743890297647543, -3.497462980841601343, 0.3719503036193797518 ) ) ;
#1664 = EDGE_CURVE ( 'NONE', #672, #672, #55, .T. ) ;
#1665 = CARTESIAN_POINT ( 'NONE',  ( 2.843018930331747463, -3.117555454729422859, 0.2940819351169663975 ) ) ;
#1666 = CARTESIAN_POINT ( 'NONE',  ( -3.650459642097566348, -0.9393170318969270571, 0.3280124676704394004 ) ) ;
#1667 = CARTESIAN_POINT ( 'NONE',  ( 1.432798919460890108, 2.766017242875651316, 0.08265093181232777142 ) ) ;
#1668 = CARTESIAN_POINT ( 'NONE',  ( 2.963614607217721630, -0.5365672530413769792, 0.05245513442346429189 ) ) ;
#1669 = FACE_OUTER_BOUND ( 'NONE', #374, .T. ) ;
#1670 = CARTESIAN_POINT ( 'NONE',  ( -0.1007251496727183254, -3.090832485984761124, 0.1900849155346690800 ) ) ;
#1671 = CARTESIAN_POINT ( 'NONE',  ( 2.972718985906851685, -0.6794827054665176780, 0.1795830252282046013 ) ) ;
#1672 = CARTESIAN_POINT ( 'NONE',  ( 1.431812180075039409, 2.741040841210519829, 0.1900849155346688857 ) ) ;
#1673 = CARTESIAN_POINT ( 'NONE',  ( 2.533691127010413879, 1.941965997997729731, 0.2156795032848083937 ) ) ;
#1674 = CARTESIAN_POINT ( 'NONE',  ( -0.2079636641842499689, -2.911869111727656279, 0.03154007396045049177 ) ) ;
#1675 = CIRCLE ( 'NONE', #796, 0.09999999999999997780 ) ;
#1676 = CARTESIAN_POINT ( 'NONE',  ( 1.432798919460890108, 2.766017242875651316, 0.08265093181232777142 ) ) ;
#1677 = CIRCLE ( 'NONE', #798, 0.1000000000000000333 ) ;
#1678 = CARTESIAN_POINT ( 'NONE',  ( -1.181886324543817590, 2.769313086154260084, 0.05221309379050816102 ) ) ;
#1679 = CARTESIAN_POINT ( 'NONE',  ( 2.127106147153485782, -1.864425644318759234, 0.1296021493011947634 ) ) ;
#1680 = CARTESIAN_POINT ( 'NONE',  ( 2.615999440081328231, 5.231998880162656462, 0.06968569267156914104 ) ) ;
#1681 = CARTESIAN_POINT ( 'NONE',  ( -1.479394324149028828, -3.714582771420392504, 0.3609960157658509416 ) ) ;
#1682 = CARTESIAN_POINT ( 'NONE',  ( -1.250311731935135340, 2.828446850336888918, 0.1900849155346688579 ) ) ;
#1683 = ORIENTED_EDGE ( 'NONE', *, *, #1779, .F. ) ;
#1684 = CARTESIAN_POINT ( 'NONE',  ( 1.438132619261356826, -2.901024145903007057, 0.1182779378720313912 ) ) ;
#1685 = B_SPLINE_CURVE_WITH_KNOTS ( 'NONE', 3,
 ( #82, #1929, #1793, #240, #384, #1012, #1191, #1628, #408, #1314 ),
 .UNSPECIFIED., .F., .F.,
 ( 4, 2, 2, 2, 4 ),
 ( 0.000000000000000000, 0.0003945457094545054490, 0.0007890914189090108980, 0.001183637128363516401, 0.001578182837818021796 ),
 .UNSPECIFIED. ) ;
#1686 = DIRECTION ( 'NONE',  ( 0.000000000000000000, 0.000000000000000000, -1.000000000000000000 ) ) ;
#1687 = FACE_OUTER_BOUND ( 'NONE', #953, .T. ) ;
#1688 = EDGE_CURVE ( 'NONE', #87, #450, #1655, .T. ) ;
#1689 = CARTESIAN_POINT ( 'NONE',  ( 1.552815768665336549, -2.312997979280950300, 0.1206538053676694117 ) ) ;
#1690 = CARTESIAN_POINT ( 'NONE',  ( 3.049385990031297400, 6.098771980062594800, 0.1795830252282054063 ) ) ;
#1691 = CARTESIAN_POINT ( 'NONE',  ( -0.7788232688471138365, -3.412247692636378726, -0.3250000000000000666 ) ) ;
#1692 = DIRECTION ( 'NONE',  ( 1.000000000000000000, 0.000000000000000000, 0.000000000000000000 ) ) ;
#1693 = CARTESIAN_POINT ( 'NONE',  ( 0.000000000000000000, 0.000000000000000000, -0.4249999999999999889 ) ) ;
#1694 = ORIENTED_EDGE ( 'NONE', *, *, #291, .F. ) ;
#1695 = CARTESIAN_POINT ( 'NONE',  ( -0.8496002601866462500, -2.656500433698183894, 0.003892080486761966256 ) ) ;
#1696 = CARTESIAN_POINT ( 'NONE',  ( 2.948473947180075161, -0.5206405656024575279, 0.1633803650423441833 ) ) ;
#1697 = CARTESIAN_POINT ( 'NONE',  ( 1.428278313350683115, -2.651591412107577206, 0.05245513442344786059 ) ) ;
#1698 = CARTESIAN_POINT ( 'NONE',  ( -0.4571708902038462141, -2.597145570103562839, 0.09569866237343990778 ) ) ;
#1699 = ADVANCED_FACE ( 'NONE', ( #1046 ), #1143, .T. ) ;
#1700 = FACE_OUTER_BOUND ( 'NONE', #869, .T. ) ;
#1701 = CARTESIAN_POINT ( 'NONE',  ( 1.438132619261397016, 2.901024145902991069, 0.1182779378720107966 ) ) ;
#1702 = CARTESIAN_POINT ( 'NONE',  ( 0.000000000000000000, 0.000000000000000000, -0.1497754668901513653 ) ) ;
#1703 = FACE_OUTER_BOUND ( 'NONE', #333, .T. ) ;
#1704 = TOROIDAL_SURFACE ( 'NONE', #1030, 1.100000000000000089, 0.1000000000000000056 ) ;
#1705 = CARTESIAN_POINT ( 'NONE',  ( -3.280875666368335164, -0.6738870849130575991, 0.2499276393635684879 ) ) ;
#1706 = CARTESIAN_POINT ( 'NONE',  ( -1.534098970672495676, -3.309382683881666676, 0.2126057822064748859 ) ) ;
#1707 = AXIS2_PLACEMENT_3D ( 'NONE', #1570, #978, #335 ) ;
#1708 = CARTESIAN_POINT ( 'NONE',  ( -3.120307169007300985, 0.7573190597732408769, 0.2191751080525894679 ) ) ;
#1709 = DIRECTION ( 'NONE',  ( 1.000000000000000000, 0.000000000000000000, 0.000000000000000000 ) ) ;
#1710 = CARTESIAN_POINT ( 'NONE',  ( 2.842578737646618947, 3.118205604195331215, 0.2940978541971853155 ) ) ;
#1711 = EDGE_CURVE ( 'NONE', #701, #701, #473, .T. ) ;
#1712 = CARTESIAN_POINT ( 'NONE',  ( 3.565882108745345391, -0.7593374806123208698, 0.2122456954786441641 ) ) ;
#1713 = CARTESIAN_POINT ( 'NONE',  ( 2.870125122853608435, 0.6027548919106829883, 0.1498861333502898019 ) ) ;
#1714 = CARTESIAN_POINT ( 'NONE',  ( -1.208136240295259123, 4.042754864525072378, 0.2940978541971976945 ) ) ;
#1715 = CARTESIAN_POINT ( 'NONE',  ( -2.868589176286516995, 2.225975102818790852, 0.3053118569353266976 ) ) ;
#1716 = EDGE_LOOP ( 'NONE', ( #421 ) ) ;
#1717 = CARTESIAN_POINT ( 'NONE',  ( 1.480656450722559248, -3.034320303781173678, 0.1537559108507642325 ) ) ;
#1718 = CARTESIAN_POINT ( 'NONE',  ( 2.131177692355278097, 3.497554888117493821, 0.2806461063979879267 ) ) ;
#1719 = ORIENTED_EDGE ( 'NONE', *, *, #728, .F. ) ;
#1720 = CARTESIAN_POINT ( 'NONE',  ( -2.479311248189451256, -1.848352441174733851, 0.1900849155346729935 ) ) ;
#1721 = CARTESIAN_POINT ( 'NONE',  ( -0.1328542013983779191, -2.823956120230265654, 0.1293225414782596672 ) ) ;
#1722 = CARTESIAN_POINT ( 'NONE',  ( -1.626614909092392258, -3.276925061263865402, 0.3105636538350731723 ) ) ;
#1723 = CARTESIAN_POINT ( 'NONE',  ( -0.1327797497140007776, 2.824151412072438916, 0.1293655475425982415 ) ) ;
#1724 = CARTESIAN_POINT ( 'NONE',  ( 0.0009544502704974951960, 3.049385840661007041, 0.1795830252282084316 ) ) ;
#1725 = CARTESIAN_POINT ( 'NONE',  ( -2.537541006909442842, 1.967303039127328068, 0.2191578453207377597 ) ) ;
#1726 = ORIENTED_EDGE ( 'NONE', *, *, #1840, .F. ) ;
#1727 = FACE_OUTER_BOUND ( 'NONE', #1470, .T. ) ;
#1728 = CARTESIAN_POINT ( 'NONE',  ( 1.379047038620726529, 3.056440532765279272, 0.2519001209936084784 ) ) ;
#1729 = ORIENTED_EDGE ( 'NONE', *, *, #1779, .T. ) ;
#1730 = CARTESIAN_POINT ( 'NONE',  ( -3.010868507942343619, -2.268437163572089244, 0.3280723448226447458 ) ) ;
#1731 = DIRECTION ( 'NONE',  ( 1.000000000000000000, 0.000000000000000000, 0.000000000000000000 ) ) ;
#1732 = EDGE_CURVE ( 'NONE', #243, #243, #999, .T. ) ;
#1733 = CARTESIAN_POINT ( 'NONE',  ( -1.080808041765502603, 4.112586744895767588, 0.2969097197645507724 ) ) ;
#1734 = CIRCLE ( 'NONE', #1482, 3.049385990031297844 ) ;
#1735 = CARTESIAN_POINT ( 'NONE',  ( -2.973143756238044499, 0.6776216650476021286, 0.1795830252282079875 ) ) ;
#1736 = EDGE_LOOP ( 'NONE', ( #344, #1897, #1155, #1428 ) ) ;
#1737 = CARTESIAN_POINT ( 'NONE',  ( 2.844012851874342385, 3.116330235735356169, 0.3857885935977831693 ) ) ;
#1738 = ORIENTED_EDGE ( 'NONE', *, *, #1082, .F. ) ;
#1739 = CARTESIAN_POINT ( 'NONE',  ( -2.994558001279656434, -2.361044387384686694, 0.3349813324158162353 ) ) ;
#1740 = DIRECTION ( 'NONE',  ( -0.000000000000000000, -0.000000000000000000, 1.000000000000000000 ) ) ;
#1741 = CARTESIAN_POINT ( 'NONE',  ( 2.783895655670379110, 0.5005881768391811093, 0.1296021493011956238 ) ) ;
#1742 =( BOUNDED_SURFACE ( )  B_SPLINE_SURFACE ( 3, 2, ( 
 ( #1458, #417, #1916 ),
 ( #1498, #1023, #94 ),
 ( #711, #1659, #1343 ),
 ( #1034, #256, #102 ),
 ( #64, #742, #111 ),
 ( #266, #732, #1698 ),
 ( #1377, #1973, #1 ),
 ( #1518, #1210, #918 ),
 ( #615, #1394, #1813 ),
 ( #1386, #1670, #579 ) ),
 .UNSPECIFIED., .F., .F., .F. ) 
 B_SPLINE_SURFACE_WITH_KNOTS ( ( 4, 2, 2, 2, 4 ),
 ( 3, 3 ),
 ( 0.000000000000000000, 0.0003992111970186924949, 0.0007984223940373849897, 0.001197633591056077376, 0.001596844788074769979 ),
 ( 0.000000000000000000, 1.000000000000000000 ),
 .UNSPECIFIED. ) 
 GEOMETRIC_REPRESENTATION_ITEM ( )  RATIONAL_B_SPLINE_SURFACE ( (
 ( 1.000000000000000000, 0.6716576386619843575, 1.000000000000000000),
 ( 1.000000000000000000, 0.6628705008426093448, 1.000000000000000000),
 ( 1.000000000000000000, 0.6570769723418250496, 1.000000000000000000),
 ( 1.000000000000000000, 0.6494829935162522716, 1.000000000000000000),
 ( 1.000000000000000000, 0.6476518789095984108, 1.000000000000000000),
 ( 1.000000000000000000, 0.6476365079066956909, 1.000000000000000000),
 ( 1.000000000000000000, 0.6494566813523455773, 1.000000000000000000),
 ( 1.000000000000000000, 0.6570632602510665388, 1.000000000000000000),
 ( 1.000000000000000000, 0.6627842552094188600, 1.000000000000000000),
 ( 1.000000000000000000, 0.6716576386619850236, 1.000000000000000000) ) ) 
 REPRESENTATION_ITEM ( '' )  SURFACE ( )  );
#1743 = CARTESIAN_POINT ( 'NONE',  ( -0.8097273726132674376, 4.174504578771957242, 0.3888126144519791216 ) ) ;
#1744 = CARTESIAN_POINT ( 'NONE',  ( -3.010868507942348504, 2.268437163572133208, 0.3280723448226621763 ) ) ;
#1745 = EDGE_LOOP ( 'NONE', ( #323 ) ) ;
#1746 = ORIENTED_EDGE ( 'NONE', *, *, #1664, .F. ) ;
#1747 = CARTESIAN_POINT ( 'NONE',  ( 3.055894875927674281, -0.6043762394177187858, 0.08265093181232785469 ) ) ;
#1748 = CARTESIAN_POINT ( 'NONE',  ( 3.708805857677280216, 0.7335306065513793605, 0.2360449858612747032 ) ) ;
#1749 = CARTESIAN_POINT ( 'NONE',  ( 0.03142544916963217055, -3.121087155610281716, 0.1977673251278729283 ) ) ;
#1750 = CARTESIAN_POINT ( 'NONE',  ( 2.541408317192534572, 3.409277218626769912, 0.2969131445977917227 ) ) ;
#1751 = CARTESIAN_POINT ( 'NONE',  ( -0.6639143534056400897, 4.166708938784931426, 0.3858164151945329690 ) ) ;
#1752 = CARTESIAN_POINT ( 'NONE',  ( -2.479311248189425054, 1.848352441174768046, 0.1900849155346735209 ) ) ;
#1753 = ORIENTED_EDGE ( 'NONE', *, *, #906, .F. ) ;
#1754 = VERTEX_POINT ( 'NONE', #1448 ) ;
#1755 = ORIENTED_EDGE ( 'NONE', *, *, #1688, .T. ) ;
#1756 = CARTESIAN_POINT ( 'NONE',  ( 2.944620726946260092, -2.704785504021042453, 0.3609973219241285336 ) ) ;
#1757 = CARTESIAN_POINT ( 'NONE',  ( 4.127783305233137412, 0.5815732920505443104, 0.3800778834222165448 ) ) ;
#1758 = CARTESIAN_POINT ( 'NONE',  ( -3.462863374240305880, 2.316676055128592537, 0.3798466619065157812 ) ) ;
#1759 = CARTESIAN_POINT ( 'NONE',  ( 2.972718985906851685, -0.6794827054665176780, 0.1795830252282046013 ) ) ;
#1760 = CARTESIAN_POINT ( 'NONE',  ( 0.000000000000000000, 0.000000000000000000, 0.1795830252282046013 ) ) ;
#1761 = AXIS2_PLACEMENT_3D ( 'NONE', #1891, #1850, #482 ) ;
#1762 = CARTESIAN_POINT ( 'NONE',  ( 1.450781509843270811, -2.533507833150432376, 0.03159147045940378234 ) ) ;
#1763 = VERTEX_POINT ( 'NONE', #553 ) ;
#1764 = AXIS2_PLACEMENT_3D ( 'NONE', #10, #267, #625 ) ;
#1765 = CARTESIAN_POINT ( 'NONE',  ( 1.547825371214097911, -3.314868102933627547, 0.3105636538350726727 ) ) ;
#1766 = ORIENTED_EDGE ( 'NONE', *, *, #291, .T. ) ;
#1767 = AXIS2_PLACEMENT_3D ( 'NONE', #730, #1821, #894 ) ;
#1768 = CARTESIAN_POINT ( 'NONE',  ( 3.028323104183240133, -2.864625924210243646, 0.3800778834222105496 ) ) ;
#1769 = ADVANCED_FACE ( 'NONE', ( #634, #185 ), #1441, .F. ) ;
#1770 = PRODUCT_DEFINITION_FORMATION_WITH_SPECIFIED_SOURCE ( 'Symmetric', '', #1140, .NOT_KNOWN. ) ;
#1771 = CARTESIAN_POINT ( 'NONE',  ( 4.063214304465597948, 0.5144303339637730232, 0.2806395998721460949 ) ) ;
#1772 = CARTESIAN_POINT ( 'NONE',  ( 3.037103223151214060, -2.697225453229703973, 0.3688387331219897258 ) ) ;
#1773 = FACE_OUTER_BOUND ( 'NONE', #564, .T. ) ;
#1774 = EDGE_LOOP ( 'NONE', ( #184, #1753, #509, #865 ) ) ;
#1775 = CARTESIAN_POINT ( 'NONE',  ( -2.491037124201003206, -1.870427271332974151, 0.08265093181232793795 ) ) ;
#1776 = VERTEX_POINT ( 'NONE', #1784 ) ;
#1777 = EDGE_LOOP ( 'NONE', ( #878 ) ) ;
#1778 = CARTESIAN_POINT ( 'NONE',  ( 2.665163197135574702, 0.2639667547753529742, 0.1022744292354943185 ) ) ;
#1779 = EDGE_CURVE ( 'NONE', #508, #508, #19, .T. ) ;
#1780 = CARTESIAN_POINT ( 'NONE',  ( -2.420572069813880844, 1.970537856929498677, 0.1977679723769321662 ) ) ;
#1781 = CARTESIAN_POINT ( 'NONE',  ( -2.792224044444139519, -0.8509817110930666395, 0.03148691941161479990 ) ) ;
#1782 = DIRECTION ( 'NONE',  ( -1.000000000000000000, 0.000000000000000000, 0.000000000000000000 ) ) ;
#1783 = CARTESIAN_POINT ( 'NONE',  ( -2.606652770138119024, -0.9920566981171667909, 0.003892080486762035212 ) ) ;
#1784 = CARTESIAN_POINT ( 'NONE',  ( 3.032214306505562451, -2.736410188638108476, -0.4249999999999999889 ) ) ;
#1785 = CARTESIAN_POINT ( 'NONE',  ( -0.7263341509993195277, 2.654821882466121163, -0.002995298863693590143 ) ) ;
#1786 = ORIENTED_EDGE ( 'NONE', *, *, #35, .T. ) ;
#1787 = CARTESIAN_POINT ( 'NONE',  ( 2.634013486504796830, -0.1330669376542418514, 0.09575349284544630579 ) ) ;
#1788 = CARTESIAN_POINT ( 'NONE',  ( 4.210230164071315784, 0.2782481541717338747, 0.2940978541971852600 ) ) ;
#1789 = CARTESIAN_POINT ( 'NONE',  ( -2.383510762410981254, 1.902007192854480166, 0.1795830252282046013 ) ) ;
#1790 = CARTESIAN_POINT ( 'NONE',  ( -2.402695155155428974, -1.409197055281636413, 0.1205682434471972986 ) ) ;
#1791 = EDGE_CURVE ( 'NONE', #450, #1488, #179, .T. ) ;
#1792 = CARTESIAN_POINT ( 'NONE',  ( 2.962875074029856837, 0.5360238324752919503, 0.05221309379050807081 ) ) ;
#1793 = CARTESIAN_POINT ( 'NONE',  ( -2.723797765940284776, -0.7578834940171090828, 0.1293655475425982415 ) ) ;
#1794 = CARTESIAN_POINT ( 'NONE',  ( 0.08363929999379353386, -3.352238146636367766, 0.2519253385323747541 ) ) ;
#1795 = CARTESIAN_POINT ( 'NONE',  ( -0.8392155730211130482, 2.656030416095006341, 0.1205682434472240827 ) ) ;
#1796 = VERTEX_POINT ( 'NONE', #1432 ) ;
#1797 = CIRCLE ( 'NONE', #928, 4.674999999999998046 ) ;
#1798 = CARTESIAN_POINT ( 'NONE',  ( 2.508353619522365019, -2.047635530252988278, 0.1182994665559060354 ) ) ;
#1799 = CIRCLE ( 'NONE', #1895, 1.000000000000000000 ) ;
#1800 = CARTESIAN_POINT ( 'NONE',  ( 0.000000000000000000, 0.000000000000000000, -0.3250000000000000111 ) ) ;
#1801 = AXIS2_PLACEMENT_3D ( 'NONE', #792, #1121, #1290 ) ;
#1802 = CARTESIAN_POINT ( 'NONE',  ( -2.777794691604860589, -0.8596196302919671961, 0.1450826510826322135 ) ) ;
#1803 = VERTEX_POINT ( 'NONE', #1108 ) ;
#1804 = DIRECTION ( 'NONE',  ( 1.000000000000000000, 0.000000000000000000, 0.000000000000000000 ) ) ;
#1805 = EDGE_CURVE ( 'NONE', #992, #992, #1263, .T. ) ;
#1806 = CARTESIAN_POINT ( 'NONE',  ( -1.107512447445325288, 2.602706230676939736, 0.1296021493011742520 ) ) ;
#1807 = VERTEX_POINT ( 'NONE', #1889 ) ;
#1808 =( BOUNDED_SURFACE ( )  B_SPLINE_SURFACE ( 3, 2, ( 
 ( #431, #1521, #922 ),
 ( #1673, #1044, #737 ),
 ( #600, #1205, #1365 ),
 ( #1993, #1977, #1235 ),
 ( #1215, #1054, #272 ),
 ( #127, #1373, #1559 ),
 ( #932, #1124, #325 ),
 ( #952, #1737, #1710 ),
 ( #1252, #314, #467 ),
 ( #459, #1272, #649 ),
 ( #1568, #1551, #1107 ),
 ( #962, #1086, #1718 ),
 ( #334, #42, #346 ),
 ( #1579, #619, #153 ),
 ( #1879, #34, #1097 ),
 ( #1728, #183, #1848 ),
 ( #943, #162, #1701 ),
 ( #659, #794, #489 ) ),
 .UNSPECIFIED., .F., .F., .F. ) 
 B_SPLINE_SURFACE_WITH_KNOTS ( ( 4, 2, 2, 2, 2, 2, 2, 2, 4 ),
 ( 3, 3 ),
 ( 0.000000000000000000, 0.0004705517566121569209, 0.0009411035132243138418, 0.001411655269836470817, 0.001882207026448627684, 0.002352758783060784550, 0.002823310539672941634, 0.003293862296285098717, 0.003764414052897255367 ),
 ( 0.000000000000000000, 1.000000000000000000 ),
 .UNSPECIFIED. ) 
 GEOMETRIC_REPRESENTATION_ITEM ( )  RATIONAL_B_SPLINE_SURFACE ( (
 ( 1.000000000000000000, 0.6716576386619829142, 1.000000000000000000),
 ( 1.000000000000000000, 0.6912957597186789593, 1.000000000000000000),
 ( 1.000000000000000000, 0.7067932657435985755, 1.000000000000000000),
 ( 1.000000000000000000, 0.7274551955620959243, 1.000000000000000000),
 ( 1.000000000000000000, 0.7329377802260953478, 1.000000000000000000),
 ( 1.000000000000000000, 0.7380836746965361295, 1.000000000000000000),
 ( 1.000000000000000000, 0.7379485796865447034, 1.000000000000000000),
 ( 1.000000000000000000, 0.7370222111732830372, 1.000000000000000000),
 ( 1.000000000000000000, 0.7363002703095897772, 1.000000000000000000),
 ( 1.000000000000000000, 0.7362996335688498650, 1.000000000000000000),
 ( 1.000000000000000000, 0.7370192300139359887, 1.000000000000000000),
 ( 1.000000000000000000, 0.7379492691854823150, 1.000000000000000000),
 ( 1.000000000000000000, 0.7380811941283126343, 1.000000000000000000),
 ( 1.000000000000000000, 0.7329493120568716380, 1.000000000000000000),
 ( 1.000000000000000000, 0.7274669205034015596, 1.000000000000000000),
 ( 1.000000000000000000, 0.7067847552223834873, 1.000000000000000000),
 ( 1.000000000000000000, 0.6912842660258833316, 1.000000000000000000),
 ( 1.000000000000000000, 0.6716576386619833583, 1.000000000000000000) ) ) 
 REPRESENTATION_ITEM ( '' )  SURFACE ( )  );
#1809 = CARTESIAN_POINT ( 'NONE',  ( 0.000000000000000000, 0.000000000000000000, -0.09585786437627299983 ) ) ;
#1810 = CARTESIAN_POINT ( 'NONE',  ( -1.076228708923880228, -2.713882955476478731, 0.03159147045940371989 ) ) ;
#1811 = CARTESIAN_POINT ( 'NONE',  ( -0.3871489565504055985, 2.762051925976373834, 0.003892080486762106335 ) ) ;
#1812 = CARTESIAN_POINT ( 'NONE',  ( 1.431812180075003216, -2.741040841210544698, 0.1900849155346702735 ) ) ;
#1813 = CARTESIAN_POINT ( 'NONE',  ( -0.05102035458061091044, -2.932290675218780951, 0.1498861333502419790 ) ) ;
#1814 = CARTESIAN_POINT ( 'NONE',  ( -0.2787454667739493464, -3.988603366226985525, 0.3609973219241056075 ) ) ;
#1815 = DIRECTION ( 'NONE',  ( -1.000000000000000000, -5.329070518200750605E-15, 0.000000000000000000 ) ) ;
#1816 = DIRECTION ( 'NONE',  ( 1.000000000000000000, 0.000000000000000000, -0.000000000000000000 ) ) ;
#1817 =( BOUNDED_SURFACE ( )  B_SPLINE_SURFACE ( 3, 2, ( 
 ( #698, #516, #383 ),
 ( #525, #1001, #239 ),
 ( #1616, #80, #362 ),
 ( #101, #990, #1941 ),
 ( #406, #1627, #1606 ),
 ( #1033, #1497, #373 ),
 ( #63, #874, #1648 ),
 ( #229, #852, #678 ),
 ( #71, #208, #1475 ),
 ( #1322, #832, #864 ) ),
 .UNSPECIFIED., .F., .F., .F. ) 
 B_SPLINE_SURFACE_WITH_KNOTS ( ( 4, 2, 2, 2, 4 ),
 ( 3, 3 ),
 ( -8.673617379884035472E-19, 0.0003992111970186911938, 0.0007984223940373832550, 0.001197633591056075208, 0.001596844788074767377 ),
 ( 0.000000000000000000, 1.000000000000000000 ),
 .UNSPECIFIED. ) 
 GEOMETRIC_REPRESENTATION_ITEM ( )  RATIONAL_B_SPLINE_SURFACE ( (
 ( 1.000000000000000000, 0.6716576386619874661, 1.000000000000000000),
 ( 1.000000000000000000, 0.6628705008425420653, 1.000000000000000000),
 ( 1.000000000000000000, 0.6570769723419069841, 1.000000000000000000),
 ( 1.000000000000000000, 0.6494829935161721135, 1.000000000000000000),
 ( 1.000000000000000000, 0.6476518789094041217, 1.000000000000000000),
 ( 1.000000000000000000, 0.6476365079068877595, 1.000000000000000000),
 ( 1.000000000000000000, 0.6494566813526573279, 1.000000000000000000),
 ( 1.000000000000000000, 0.6570632602507552322, 1.000000000000000000),
 ( 1.000000000000000000, 0.6627842552096558926, 1.000000000000000000),
 ( 1.000000000000000000, 0.6716576386619831363, 1.000000000000000000) ) ) 
 REPRESENTATION_ITEM ( '' )  SURFACE ( )  );
#1818 = CARTESIAN_POINT ( 'NONE',  ( 2.266402700421402017, -1.982263618394760840, 0.05221309379050777938 ) ) ;
#1819 = CARTESIAN_POINT ( 'NONE',  ( 2.459757644858838521, 1.921396606723736911, 0.1977673251278725397 ) ) ;
#1820 = CARTESIAN_POINT ( 'NONE',  ( -3.298522590992131409, 2.267319998877961762, 0.2697643311134023114 ) ) ;
#1821 = DIRECTION ( 'NONE',  ( 0.000000000000000000, 0.000000000000000000, -1.000000000000000000 ) ) ;
#1822 = CARTESIAN_POINT ( 'NONE',  ( 3.049385990031297844, 0.000000000000000000, 0.1795830252282054063 ) ) ;
#1823 = CARTESIAN_POINT ( 'NONE',  ( -1.081710501387975309, -4.112426204484984638, 0.3888126144520165361 ) ) ;
#1824 = DIRECTION ( 'NONE',  ( 0.000000000000000000, 0.000000000000000000, 1.000000000000000000 ) ) ;
#1825 = ORIENTED_EDGE ( 'NONE', *, *, #1177, .T. ) ;
#1826 = CARTESIAN_POINT ( 'NONE',  ( 1.981790480895290196, -3.472641533745024489, 0.3609960157658931301 ) ) ;
#1827 = AXIS2_PLACEMENT_3D ( 'NONE', #1301, #1412, #197 ) ;
#1828 = CARTESIAN_POINT ( 'NONE',  ( -3.889723564371653008, -1.718104996321372591, 0.3888090274943957758 ) ) ;
#1829 = EDGE_CURVE ( 'NONE', #1763, #1763, #372, .T. ) ;
#1830 = CIRCLE ( 'NONE', #339, 0.1000000000000001027 ) ;
#1831 = CARTESIAN_POINT ( 'NONE',  ( 1.438170259662811867, 2.901976901816090582, 0.1185293455753487074 ) ) ;
#1832 = CARTESIAN_POINT ( 'NONE',  ( -3.015495169385721930, 0.7813789189024057391, 0.08265093181232778530 ) ) ;
#1833 = DIRECTION ( 'NONE',  ( -0.03844912376830693368, 0.9732263378568395407, -0.2266101502210668417 ) ) ;
#1834 = CARTESIAN_POINT ( 'NONE',  ( 1.933908599006630480, 3.867817198013260960, -0.01041242925215498695 ) ) ;
#1835 = CARTESIAN_POINT ( 'NONE',  ( -0.8106101165113677176, -4.174257658128782467, 0.2969097197645282349 ) ) ;
#1836 = FACE_OUTER_BOUND ( 'NONE', #477, .T. ) ;
#1837 = CARTESIAN_POINT ( 'NONE',  ( 1.550193481743165957, -3.317629276248267978, 0.3111828717526998744 ) ) ;
#1838 = ORIENTED_EDGE ( 'NONE', *, *, #503, .T. ) ;
#1839 = CARTESIAN_POINT ( 'NONE',  ( -0.3880065171202205510, -2.761462260225888254, 0.003795334523037281922 ) ) ;
#1840 = EDGE_CURVE ( 'NONE', #1284, #41, #1129, .T. ) ;
#1841 = CARTESIAN_POINT ( 'NONE',  ( 0.0009544502704973588034, 3.049385840661007929, 0.1795830252282046013 ) ) ;
#1842 = CARTESIAN_POINT ( 'NONE',  ( 2.875681517970516410, -0.4307494221635488341, 0.1450826510826393190 ) ) ;
#1843 = DIRECTION ( 'NONE',  ( -0.000000000000000000, -0.000000000000000000, 1.000000000000000000 ) ) ;
#1844 = CARTESIAN_POINT ( 'NONE',  ( -2.973143756238055158, -0.6776216650475609393, 0.1795830252282046013 ) ) ;
#1845 = CARTESIAN_POINT ( 'NONE',  ( -1.529799667943803954, -2.983841892764784287, 0.2519001209936087005 ) ) ;
#1846 = CARTESIAN_POINT ( 'NONE',  ( 1.553325846355932072, 2.312133033427080431, 0.1205682434471679609 ) ) ;
#1847 = VERTEX_POINT ( 'NONE', #1901 ) ;
#1848 = CARTESIAN_POINT ( 'NONE',  ( 1.481094954244912998, 3.035499221669195169, 0.1540640619292908686 ) ) ;
#1849 = CARTESIAN_POINT ( 'NONE',  ( -3.125364294767399187, -0.6503235267647586859, 0.2156795032848105309 ) ) ;
#1850 = DIRECTION ( 'NONE',  ( 0.000000000000000000, 0.000000000000000000, -1.000000000000000000 ) ) ;
#1851 = CARTESIAN_POINT ( 'NONE',  ( 2.182214306505562806, -2.736410188638108476, -0.3250000000000000666 ) ) ;
#1852 = CARTESIAN_POINT ( 'NONE',  ( -3.462863374240340519, -2.316676055128543243, 0.3798466619065158922 ) ) ;
#1853 = CARTESIAN_POINT ( 'NONE',  ( -1.475776588356198626, -3.721871813015090069, 0.2699125033286420838 ) ) ;
#1854 = EDGE_CURVE ( 'NONE', #12, #951, #752, .T. ) ;
#1855 = DIRECTION ( 'NONE',  ( -0.000000000000000000, -0.000000000000000000, 1.000000000000000000 ) ) ;
#1856 = ORIENTED_EDGE ( 'NONE', *, *, #945, .F. ) ;
#1857 = CARTESIAN_POINT ( 'NONE',  ( -0.3478097244895730356, 4.151799500049540015, 0.3798466619065160033 ) ) ;
#1858 = CYLINDRICAL_SURFACE ( 'NONE', #1485, 0.7499999999999992228 ) ;
#1859 = DIRECTION ( 'NONE',  ( -0.000000000000000000, -0.000000000000000000, 1.000000000000000000 ) ) ;
#1860 = CARTESIAN_POINT ( 'NONE',  ( 2.182214306505562806, -2.736410188638108476, -0.3250000000000000666 ) ) ;
#1861 = DIRECTION ( 'NONE',  ( 0.000000000000000000, 0.000000000000000000, 1.000000000000000000 ) ) ;
#1862 = CIRCLE ( 'NONE', #666, 0.7499999999999997780 ) ;
#1863 = AXIS2_PLACEMENT_3D ( 'NONE', #621, #817, #25 ) ;
#1864 = CARTESIAN_POINT ( 'NONE',  ( -0.8102534445977098709, -4.174338580530634779, 0.2969096833290417181 ) ) ;
#1865 = B_SPLINE_CURVE_WITH_KNOTS ( 'NONE', 3,
 ( #1341, #92, #677, #535, #1010, #394, #70, #850, #1626, #1153 ),
 .UNSPECIFIED., .F., .F.,
 ( 4, 2, 2, 2, 4 ),
 ( 4.370558682921689079E-19, 0.0003558364957810396484, 0.0007116729915620788631, 0.001067509487343118024, 0.001423345983124156642 ),
 .UNSPECIFIED. ) ;
#1866 = CARTESIAN_POINT ( 'NONE',  ( -1.475829919337056539, 3.721842211516664722, 0.2699146715017076703 ) ) ;
#1867 = CARTESIAN_POINT ( 'NONE',  ( -3.843751773609318079, 2.024728846060396936, 0.3965573810989494463 ) ) ;
#1868 = ADVANCED_FACE ( 'NONE', ( #389, #858 ), #635, .T. ) ;
#1869 = ORIENTED_EDGE ( 'NONE', *, *, #1224, .F. ) ;
#1870 = CARTESIAN_POINT ( 'NONE',  ( 0.03142653374952786294, 3.121089707735401397, 0.1977679723769307507 ) ) ;
#1871 = VERTEX_POINT ( 'NONE', #1430 ) ;
#1872 = CARTESIAN_POINT ( 'NONE',  ( -2.554419921564186513, -1.989750082299764466, 0.1182779378718922247 ) ) ;
#1873 = CARTESIAN_POINT ( 'NONE',  ( -1.105722953723917712, -2.602083474804935292, 0.1293655475425983248 ) ) ;
#1874 = CARTESIAN_POINT ( 'NONE',  ( -1.565990720042862661, -3.747899386235691299, 0.3688362267246322324 ) ) ;
#1875 = CARTESIAN_POINT ( 'NONE',  ( 0.04278932910865322625, 3.661684437355698041, 0.3111828717526960442 ) ) ;
#1876 = CARTESIAN_POINT ( 'NONE',  ( -2.633438428298739087, 2.077586043939158689, 0.2515459335783452599 ) ) ;
#1877 = EDGE_LOOP ( 'NONE', ( #192, #1291, #1719, #245 ) ) ;
#1878 = CARTESIAN_POINT ( 'NONE',  ( 1.428242333214727600, -2.650680680925205035, 0.05221475005141008180 ) ) ;
#1879 = CARTESIAN_POINT ( 'NONE',  ( 1.550193481743192825, 3.317629276248213355, 0.3111828717526926580 ) ) ;
#1880 = ORIENTED_EDGE ( 'NONE', *, *, #1224, .T. ) ;
#1881 = CARTESIAN_POINT ( 'NONE',  ( 3.707315936134514711, -0.7339449973264910998, 0.2358126047556056148 ) ) ;
#1882 = CARTESIAN_POINT ( 'NONE',  ( -0.3357060466540695010, -2.657080120213248353, 0.1022744292354942353 ) ) ;
#1883 = CARTESIAN_POINT ( 'NONE',  ( -1.323938860537801077, -2.746987588205855868, 0.1795830252282046013 ) ) ;
#1884 = CARTESIAN_POINT ( 'NONE',  ( 1.095298176977060223, -2.190596353954120445, -0.04988606374691108292 ) ) ;
#1885 = CARTESIAN_POINT ( 'NONE',  ( 4.125037007341084916, 0.5847348335718740575, 0.3798397057074984762 ) ) ;
#1886 = CARTESIAN_POINT ( 'NONE',  ( -3.286802032586580324, 0.6644008751142183034, 0.2519253385323840799 ) ) ;
#1887 = EDGE_LOOP ( 'NONE', ( #921, #1910, #251, #1169, #703, #1786, #1281, #145, #259, #1271, #347, #1539, #32, #1942 ) ) ;
#1888 = VERTEX_POINT ( 'NONE', #1114 ) ;
#1889 = CARTESIAN_POINT ( 'NONE',  ( -2.491037124200977448, 1.870427271333009012, 0.08265093181232814612 ) ) ;
#1890 = ADVANCED_FACE ( 'NONE', ( #1911, #715 ), #440, .T. ) ;
#1891 = CARTESIAN_POINT ( 'NONE',  ( 0.000000000000000000, 0.000000000000000000, -0.1497754668901513653 ) ) ;
#1892 = CARTESIAN_POINT ( 'NONE',  ( -3.883686574066982367, -1.298132445898809273, 0.2805521340489733340 ) ) ;
#1893 = CARTESIAN_POINT ( 'NONE',  ( -0.03662737526087366663, -3.238586459636672910, 0.1185284620169507197 ) ) ;
#1894 = CARTESIAN_POINT ( 'NONE',  ( -1.534052786822857284, 3.309228508888538034, 0.2125717814573330477 ) ) ;
#1895 = AXIS2_PLACEMENT_3D ( 'NONE', #1800, #118, #1654 ) ;
#1896 = CARTESIAN_POINT ( 'NONE',  ( -3.466703891347411748, 2.315021797650561819, 0.3800844723061106989 ) ) ;
#1897 = ORIENTED_EDGE ( 'NONE', *, *, #996, .F. ) ;
#1898 =( NAMED_UNIT ( * ) SI_UNIT ( $, .STERADIAN. ) SOLID_ANGLE_UNIT ( ) );
#1899 = AXIS2_PLACEMENT_3D ( 'NONE', #1070, #122, #139 ) ;
#1900 = VERTEX_POINT ( 'NONE', #854 ) ;
#1901 = CARTESIAN_POINT ( 'NONE',  ( -1.269223847131572214, -2.844790845979058957, 0.08265093181232791020 ) ) ;
#1902 = CARTESIAN_POINT ( 'NONE',  ( 3.722422299302038606, -0.8279374661697039839, 0.3349813324158140149 ) ) ;
#1903 = CARTESIAN_POINT ( 'NONE',  ( -3.829268345924579098, -1.165176988192757834, 0.2697667017643329834 ) ) ;
#1904 = CARTESIAN_POINT ( 'NONE',  ( -0.6648096932942372250, -4.166525737738802526, 0.2940819351169665641 ) ) ;
#1905 = CARTESIAN_POINT ( 'NONE',  ( 3.556536501367934200, 0.8566351630980598708, 0.3105290896405026313 ) ) ;
#1906 = CARTESIAN_POINT ( 'NONE',  ( -3.289077268234454454, 0.7685438726101102569, 0.1540889642554241212 ) ) ;
#1907 = EDGE_LOOP ( 'NONE', ( #1617 ) ) ;
#1908 = CARTESIAN_POINT ( 'NONE',  ( 1.432798919460851916, -2.766017242875671744, 0.08265093181232785469 ) ) ;
#1909 = VERTEX_POINT ( 'NONE', #1325 ) ;
#1910 = ORIENTED_EDGE ( 'NONE', *, *, #180, .T. ) ;
#1911 = FACE_BOUND ( 'NONE', #114, .T. ) ;
#1912 = CARTESIAN_POINT ( 'NONE',  ( 3.956930908755656784, 0.6106399770500694490, 0.2699146715017166631 ) ) ;
#1913 = CARTESIAN_POINT ( 'NONE',  ( -3.732841928742050897, 2.148969622433512416, 0.3936809533561088648 ) ) ;
#1914 = CARTESIAN_POINT ( 'NONE',  ( -2.426635401442615692, -1.298876882154071488, -0.002995298863693590143 ) ) ;
#1915 = CARTESIAN_POINT ( 'NONE',  ( -2.457031734418467117, 2.037955941659367110, 0.2156576988573488396 ) ) ;
#1916 = CARTESIAN_POINT ( 'NONE',  ( -1.323938860537801299, -2.746987588205855868, 0.1795830252282054063 ) ) ;
#1917 = CYLINDRICAL_SURFACE ( 'NONE', #207, 0.7499999999999997780 ) ;
#1918 = EDGE_CURVE ( 'NONE', #806, #930, #26, .T. ) ;
#1919 = VERTEX_POINT ( 'NONE', #1944 ) ;
#1920 = B_SPLINE_CURVE_WITH_KNOTS ( 'NONE', 3,
 ( #1267, #1571, #1873, #1109, #37, #27, #1882, #1721, #328, #955 ),
 .UNSPECIFIED., .F., .F.,
 ( 4, 2, 2, 2, 4 ),
 ( 2.235140038340936256E-19, 0.0003945457094545065332, 0.0007890914189090125243, 0.001183637128363518570, 0.001578182837818025049 ),
 .UNSPECIFIED. ) ;
#1921 = EDGE_LOOP ( 'NONE', ( #1431 ) ) ;
#1922 = CARTESIAN_POINT ( 'NONE',  ( 2.885899950891446242, -2.442312329357888334, 0.2360449858612787832 ) ) ;
#1923 = DIRECTION ( 'NONE',  ( -1.000000000000000000, 0.000000000000000000, 0.000000000000000000 ) ) ;
#1924 = CARTESIAN_POINT ( 'NONE',  ( 2.725429306609278957, -2.079470113243084839, 0.2662822768882598390 ) ) ;
#1925 = CARTESIAN_POINT ( 'NONE',  ( 2.885151571924034375, 2.440450266438101146, 0.2357488272965219678 ) ) ;
#1926 = CARTESIAN_POINT ( 'NONE',  ( 1.322219000578516601, 2.747815829110150432, 0.1795830252282046013 ) ) ;
#1927 = CARTESIAN_POINT ( 'NONE',  ( -2.383510762411008344, -1.902007192854447304, 0.1795830252282046013 ) ) ;
#1928 = AXIS2_PLACEMENT_3D ( 'NONE', #1702, #1740, #349 ) ;
#1929 = CARTESIAN_POINT ( 'NONE',  ( -2.845618827755807878, -0.7025896635101487320, 0.1494609393601161462 ) ) ;
#1930 = DIRECTION ( 'NONE',  ( 0.7369263539436036181, 0.6368574319894297897, -0.2266101502210688678 ) ) ;
#1931 = CARTESIAN_POINT ( 'NONE',  ( 0.000000000000000000, 0.000000000000000000, 0.000000000000000000 ) ) ;
#1932 = TOROIDAL_SURFACE ( 'NONE', #410, 0.8500000000000001998, 0.1000000000000000056 ) ;
#1933 = ADVANCED_FACE ( 'NONE', ( #367 ), #1063, .T. ) ;
#1934 = CARTESIAN_POINT ( 'NONE',  ( 1.432798919460851916, -2.766017242875671744, 0.08265093181232785469 ) ) ;
#1935 = ORIENTED_EDGE ( 'NONE', *, *, #1273, .T. ) ;
#1936 = AXIS2_PLACEMENT_3D ( 'NONE', #908, #606, #749 ) ;
#1937 = DIRECTION ( 'NONE',  ( 0.000000000000000000, 0.000000000000000000, 1.000000000000000000 ) ) ;
#1938 = CARTESIAN_POINT ( 'NONE',  ( 3.164838823399562351, 0.6844299578689033714, 0.1182994665557796643 ) ) ;
#1939 = CARTESIAN_POINT ( 'NONE',  ( -2.633755103703826705, 2.194348153207095642, 0.2662732707668560850 ) ) ;
#1940 = CARTESIAN_POINT ( 'NONE',  ( 1.455324554494987099, 2.248289073067899935, 0.1022744292354943046 ) ) ;
#1941 = CARTESIAN_POINT ( 'NONE',  ( -2.286355922997951318, 1.396936042693606383, 0.1024657010481355435 ) ) ;
#1942 = ORIENTED_EDGE ( 'NONE', *, *, #880, .T. ) ;
#1943 = DIRECTION ( 'NONE',  ( 0.000000000000000000, 0.000000000000000000, -1.000000000000000000 ) ) ;
#1944 = CARTESIAN_POINT ( 'NONE',  ( -2.303391037658455431, 1.518593086911478096, -0.4249999999999999889 ) ) ;
#1945 = EDGE_LOOP ( 'NONE', ( #526 ) ) ;
#1946 = CARTESIAN_POINT ( 'NONE',  ( 2.541690457036113404, -3.409051614952239184, 0.2969131082177350334 ) ) ;
#1947 = CARTESIAN_POINT ( 'NONE',  ( 3.296814911928717784, 0.7346430405492814231, 0.1540889642554223171 ) ) ;
#1948 = APPLICATION_CONTEXT ( 'automotive_design' ) ;
#1949 = FACE_OUTER_BOUND ( 'NONE', #1557, .T. ) ;
#1950 = EDGE_CURVE ( 'NONE', #1609, #1609, #537, .T. ) ;
#1951 = CARTESIAN_POINT ( 'NONE',  ( -2.606287657134431779, -0.9924520058991830318, 0.003854200662050666359 ) ) ;
#1952 = CARTESIAN_POINT ( 'NONE',  ( 3.055894875927674725, 0.6043762394177190078, 0.08265093181232803510 ) ) ;
#1953 = CARTESIAN_POINT ( 'NONE',  ( -0.01738632756187730513, -3.377630334444093219, 0.1540889642554178762 ) ) ;
#1954 = CARTESIAN_POINT ( 'NONE',  ( -0.8480395858619823590, 2.656302664356088528, 0.003757781069937329767 ) ) ;
#1955 = EDGE_LOOP ( 'NONE', ( #1146 ) ) ;
#1956 = CARTESIAN_POINT ( 'NONE',  ( 3.295618090387034460, 0.7342506811758510166, 0.1537804449539586504 ) ) ;
#1957 = CARTESIAN_POINT ( 'NONE',  ( 2.758444561112183280, -3.236139186230962306, 0.2969096833290433834 ) ) ;
#1958 = ADVANCED_FACE ( 'NONE', ( #889, #136, #745, #449, #1074, #1653, #116, #1380, #252 ), #725, .F. ) ;
#1959 = CARTESIAN_POINT ( 'NONE',  ( 1.318184203598735005, 2.617937805903772119, 0.1494622129061069504 ) ) ;
#1960 = DIRECTION ( 'NONE',  ( -0.5921401654297639983, -0.8058349858902947860, 0.000000000000000000 ) ) ;
#1961 = EDGE_LOOP ( 'NONE', ( #1746 ) ) ;
#1962 = CARTESIAN_POINT ( 'NONE',  ( -0.6654842864332873864, 4.166691393873662719, 0.2941086908678468559 ) ) ;
#1963 = CARTESIAN_POINT ( 'NONE',  ( -0.3876155984275744815, 2.761783931374833134, 0.003854200662050666359 ) ) ;
#1964 = ORIENTED_EDGE ( 'NONE', *, *, #1805, .F. ) ;
#1965 = TOROIDAL_SURFACE ( 'NONE', #500, 0.8499999999999999778, 0.1000000000000000056 ) ;
#1966 = CARTESIAN_POINT ( 'NONE',  ( 2.584603761538861733, -3.491959048017857725, 0.3965573810989567183 ) ) ;
#1967 = CIRCLE ( 'NONE', #1575, 0.09999999999999976963 ) ;
#1968 = CARTESIAN_POINT ( 'NONE',  ( -3.153391037658476392, -1.518593086911434131, -0.3250000000000000666 ) ) ;
#1969 = CARTESIAN_POINT ( 'NONE',  ( -3.528723297557444738, -0.8548241443487023528, 0.3052812977234289904 ) ) ;
#1970 = AXIS2_PLACEMENT_3D ( 'NONE', #1760, #720, #1168 ) ;
#1971 = DIRECTION ( 'NONE',  ( 1.000000000000000000, 0.000000000000000000, 0.000000000000000000 ) ) ;
#1972 = CARTESIAN_POINT ( 'NONE',  ( 1.453827674053468577, -2.250608541741641488, 0.1024657010481309638 ) ) ;
#1973 = CARTESIAN_POINT ( 'NONE',  ( -0.3963013033944179919, -2.757122707851389354, 0.1205682434472318959 ) ) ;
#1974 = CARTESIAN_POINT ( 'NONE',  ( -2.402723269073313794, 1.917338495922546793, 0.08265093181232691100 ) ) ;
#1975 = CARTESIAN_POINT ( 'NONE',  ( 1.909472275715605960, 2.028573905936837285, 0.1206538053677592842 ) ) ;
#1976 = EDGE_LOOP ( 'NONE', ( #1729 ) ) ;
#1977 = CARTESIAN_POINT ( 'NONE',  ( 2.808375538503238289, 2.301225600244973357, 0.3052812977234445890 ) ) ;
#1978 = CARTESIAN_POINT ( 'NONE',  ( 2.377839661925666981, -2.012372399350313312, 0.08265093181232756325 ) ) ;
#1979 = CARTESIAN_POINT ( 'NONE',  ( 2.114764024866804260, 3.589733111554436640, 0.3798466619065157812 ) ) ;
#1980 = CARTESIAN_POINT ( 'NONE',  ( 2.778410171361589409, 0.2356945131487477307, 0.003757781069913797376 ) ) ;
#1981 = CARTESIAN_POINT ( 'NONE',  ( 1.621755488018571167, -2.224223818080804271, -0.002938684781688050227 ) ) ;
#1982 = CARTESIAN_POINT ( 'NONE',  ( 3.049385990031297844, 0.000000000000000000, 0.1795830252282054063 ) ) ;
#1983 = CARTESIAN_POINT ( 'NONE',  ( -1.269223847131532912, 2.844790845979077165, 0.08265093181232778530 ) ) ;
#1984 = CARTESIAN_POINT ( 'NONE',  ( 2.129731559150725761, 1.979730472425123455, 0.1450826510825743154 ) ) ;
#1985 = ADVANCED_FACE ( 'NONE', ( #879 ), #1808, .T. ) ;
#1986 = CARTESIAN_POINT ( 'NONE',  ( 2.406033417546615816, -3.466013393346413007, 0.3858164151943362374 ) ) ;
#1987 = CARTESIAN_POINT ( 'NONE',  ( -3.826574050754459222, -1.159304482186135354, 0.3609973219241376929 ) ) ;
#1988 = CARTESIAN_POINT ( 'NONE',  ( 3.055894875927674725, 0.6043762394177190078, 0.08265093181232803510 ) ) ;
#1989 = CARTESIAN_POINT ( 'NONE',  ( 1.322219000578478854, -2.747815829110169528, 0.1795830252282054063 ) ) ;
#1990 = CARTESIAN_POINT ( 'NONE',  ( -1.933908599006630480, -3.867817198013260960, -0.01041242925215498695 ) ) ;
#1991 = CARTESIAN_POINT ( 'NONE',  ( -1.323938860537762885, 2.746987588205874520, 0.1795830252282079598 ) ) ;
#1992 = DIRECTION ( 'NONE',  ( -0.9402697867164074852, 0.2540483576114395126, -0.2266101502210606800 ) ) ;
#1993 = CARTESIAN_POINT ( 'NONE',  ( 2.889374007398111566, 2.249432887523905134, 0.3111484406207206677 ) ) ;
#1994 = EDGE_CURVE ( 'NONE', #1803, #974, #388, .T. ) ;
#1995 = TOROIDAL_SURFACE ( 'NONE', #1125, 0.8500000000000000888, 0.1000000000000000056 ) ;
#1996 = DIRECTION ( 'NONE',  ( 1.000000000000000000, 0.000000000000000000, 0.000000000000000000 ) ) ;
#1997 = AXIS2_PLACEMENT_3D ( 'NONE', #827, #836, #1923 ) ;
#1998 = AXIS2_PLACEMENT_3D ( 'NONE', #1239, #1843, #1391 ) ;
#1999 = CARTESIAN_POINT ( 'NONE',  ( -3.768959721724802758, 1.968976892743784957, 0.2969131445977900019 ) ) ;
#2000 = CARTESIAN_POINT ( 'NONE',  ( 2.243890315073189701, -1.980244415630127985, 0.1630089797330555867 ) ) ;
#2001 = CARTESIAN_POINT ( 'NONE',  ( 1.933908599006630924, 0.000000000000000000, -0.01041242925215498868 ) ) ;
#2002 = CARTESIAN_POINT ( 'NONE',  ( -1.262199256117502388, -4.118819479715689624, 0.3937335706678505853 ) ) ;
#2003 = CARTESIAN_POINT ( 'NONE',  ( 1.450969638768268233, 2.532633300280847877, 0.03143769650883024291 ) ) ;
#2004 = DIRECTION ( 'NONE',  ( 0.000000000000000000, 0.000000000000000000, 1.000000000000000000 ) ) ;
#2005 = ORIENTED_EDGE ( 'NONE', *, *, #276, .T. ) ;
#2006 = CARTESIAN_POINT ( 'NONE',  ( 1.322219000578516601, 2.747815829110150432, 0.1795830252282046013 ) ) ;
#2007 = ADVANCED_FACE ( 'NONE', ( #173, #5 ), #1858, .F. ) ;
ENDSEC;
END-ISO-10303-21;
