ISO-10303-21;
HEADER;
FILE_DESCRIPTION (( 'STEP AP214' ),
    '1' );
FILE_NAME ('Part3.STEP',
    '2025-07-14T09:37:28',
    ( '' ),
    ( '' ),
    'SwSTEP 2.0',
    'SolidWorks 2025',
    '' );
FILE_SCHEMA (( 'AUTOMOTIVE_DESIGN' ));
ENDSEC;

DATA;
#1 = PRODUCT ( 'Part3', 'Part3', '', ( #910 ) ) ;
#2 = CARTESIAN_POINT ( 'NONE',  ( 0.07892040815423956301, 1.441108346554059061, -1.317726022387376794 ) ) ;
#3 = CARTESIAN_POINT ( 'NONE',  ( 0.8025756812368076698, -0.09657805238143951643, 1.307930502973440490 ) ) ;
#4 = CARTESIAN_POINT ( 'NONE',  ( 0.3950759899857094193, 1.318404290957532199, 1.460170175568814344 ) ) ;
#5 = CARTESIAN_POINT ( 'NONE',  ( 0.4834986580234679199, -0.06852581909885742395, 1.423339643363858098 ) ) ;
#6 = CARTESIAN_POINT ( 'NONE',  ( 1.452061075724155437, -0.06888007204471076339, -0.3887635714115691421 ) ) ;
#7 = CARTESIAN_POINT ( 'NONE',  ( 4.316542220983656329E-06, 1.350165829674084161, 1.500000000010281553 ) ) ;
#8 = CARTESIAN_POINT ( 'NONE',  ( 7.417196111562171405E-06, 1.363791863991219877, 1.471675992997260929 ) ) ;
#9 = VERTEX_POINT ( 'NONE', #603 ) ;
#10 = FACE_BOUND ( 'NONE', #27, .T. ) ;
#11 = MANIFOLD_SOLID_BREP ( 'Fillet1', #571 ) ;
#12 = CARTESIAN_POINT ( 'NONE',  ( 0.3851657639083896911, -0.1136040690233769551, -1.433104975212462273 ) ) ;
#13 = CARTESIAN_POINT ( 'NONE',  ( -0.3809383035018532593, 1.363726262671316691, 1.424650182902641671 ) ) ;
#14 = CARTESIAN_POINT ( 'NONE',  ( -1.095500808433024442, 0.07443843025970146854, 1.557374062130660652 ) ) ;
#15 = CARTESIAN_POINT ( 'NONE',  ( -1.995936301028770632E-07, -0.1137918648666940841, 1.471675994787774666 ) ) ;
#16 = CARTESIAN_POINT ( 'NONE',  ( 0.09907016347183678073, -0.1001676570844511616, 1.500000720408968702 ) ) ;
#17 = CARTESIAN_POINT ( 'NONE',  ( -0.7561472873064041256, -0.06786855122876818414, -1.310328507841130863 ) ) ;
#18 = CARTESIAN_POINT ( 'NONE',  ( 1.349643854675765198, 1.259162120022538689, -1.067282593351700504 ) ) ;
#19 = ADVANCED_FACE ( 'NONE', ( #837 ), #230, .F. ) ;
#20 = CARTESIAN_POINT ( 'NONE',  ( 0.3882421574340958470, 1.318469940431124199, 1.452177238091830747 ) ) ;
#21 = CARTESIAN_POINT ( 'NONE',  ( 1.424830762510843396, -0.1138355577601297686, -0.3815397454453292592 ) ) ;
#22 = CARTESIAN_POINT ( 'NONE',  ( -0.8025793781257890558, 1.539534395203142392, -0.8168391643160243243 ) ) ;
#23 = CARTESIAN_POINT ( 'NONE',  ( 0.3929771859752713148, 1.350083861794464823, -1.460870463093152161 ) ) ;
#24 = CARTESIAN_POINT ( 'NONE',  ( -0.4835057705492994407, -0.06831932481294929194, 1.423337222310322447 ) ) ;
#25 = CARTESIAN_POINT ( 'NONE',  ( -1.052720754287574501, 1.444072635022225493, -0.8168391643160243243 ) ) ;
#26 = CARTESIAN_POINT ( 'NONE',  ( 1.423715947680131100, 1.350083566050989559, -0.4823604922778861326 ) ) ;
#27 = EDGE_LOOP ( 'NONE', ( #184 ) ) ;
#28 = CARTESIAN_POINT ( 'NONE',  ( 0.8025756812368076698, -0.09231445061505626215, -1.317726022387352591 ) ) ;
#29 = CARTESIAN_POINT ( 'NONE',  ( -0.09724439942016190053, -0.1137826114366281977, 1.471649739566015080 ) ) ;
#30 = CARTESIAN_POINT ( 'NONE',  ( 1.349643854675765198, 1.424595180151138285, -0.06550887720899581379 ) ) ;
#31 = CARTESIAN_POINT ( 'NONE',  ( 0.9721078827420406299, 1.363655145922026524, 1.107590322603146271 ) ) ;
#32 = SURFACE_STYLE_FILL_AREA ( #774 ) ;
#33 = CARTESIAN_POINT ( 'NONE',  ( 1.007309039706503345E-05, -0.06873466622096480183, 1.499999999966177722 ) ) ;
#34 = CARTESIAN_POINT ( 'NONE',  ( 1.603788543980070314, 1.304203245536220246, -0.06550887720899579991 ) ) ;
#35 = CARTESIAN_POINT ( 'NONE',  ( 1.199189974681192039, 1.350401161403919525, 0.9221052092069791373 ) ) ;
#36 = DIRECTION ( 'NONE',  ( 1.000000000000000000, 0.000000000000000000, 0.000000000000000000 ) ) ;
#37 = CARTESIAN_POINT ( 'NONE',  ( 1.052718289694919429, 0.07128381353267086717, -1.568169451423031102 ) ) ;
#38 = CARTESIAN_POINT ( 'NONE',  ( -1.348673411534208721, -0.06786562744911658895, -0.6638781552125784247 ) ) ;
#39 = COLOUR_RGB ( '',0.7921568627450980005, 0.8196078431372548767, 0.9333333333333333481 ) ;
#40 = CARTESIAN_POINT ( 'NONE',  ( -0.8025793781257890558, 1.685378432635192381, 0.05971283730884228980 ) ) ;
#41 = CARTESIAN_POINT ( 'NONE',  ( 1.310885202796897353, 1.317925308474262591, 0.7548206681674733964 ) ) ;
#42 = CARTESIAN_POINT ( 'NONE',  ( -1.603788543979791426, 0.02556722683450911304, -0.8168391643159947924 ) ) ;
#43 = CARTESIAN_POINT ( 'NONE',  ( -1.461579086252909221, -0.1136003016178036285, -0.1926293370477699940 ) ) ;
#44 =( BOUNDED_SURFACE ( )  B_SPLINE_SURFACE ( 3, 2, ( 
 ( #156, #455, #8 ),
 ( #306, #609, #745 ),
 ( #533, #602, #73 ),
 ( #20, #685, #388 ),
 ( #957, #614, #161 ),
 ( #243, #470, #885 ),
 ( #835, #778, #699 ),
 ( #622, #906, #401 ),
 ( #107, #253, #31 ),
 ( #772, #35, #914 ),
 ( #41, #99, #335 ),
 ( #180, #326, #563 ),
 ( #330, #395, #406 ),
 ( #548, #705, #477 ),
 ( #486, #767, #249 ),
 ( #630, #919, #188 ),
 ( #558, #26, #411 ),
 ( #257, #634, #552 ),
 ( #262, #844, #848 ),
 ( #545, #924, #111 ),
 ( #852, #193, #761 ),
 ( #95, #391, #321 ),
 ( #688, #318, #176 ),
 ( #473, #23, #617 ),
 ( #764, #709, #792 ),
 ( #714, #343, #210 ),
 ( #586, #427, #643 ),
 ( #215, #719, #573 ),
 ( #494, #787, #272 ),
 ( #659, #121, #863 ),
 ( #935, #499, #133 ),
 ( #138, #568, #504 ),
 ( #638, #126, #509 ),
 ( #437, #422, #281 ),
 ( #729, #951, #205 ),
 ( #873, #46, #868 ),
 ( #576, #581, #946 ),
 ( #802, #66, #56 ),
 ( #348, #291, #650 ),
 ( #360, #858, #338 ),
 ( #941, #199, #797 ),
 ( #879, #115, #432 ),
 ( #724, #51, #61 ),
 ( #490, #782, #354 ),
 ( #417, #930, #899 ),
 ( #365, #314, #527 ),
 ( #607, #739, #13 ),
 ( #826, #613, #889 ),
 ( #377, #234, #821 ),
 ( #372, #7, #956 ) ),
 .UNSPECIFIED., .T., .F., .F. ) 
 B_SPLINE_SURFACE_WITH_KNOTS ( ( 4, 2, 2, 2, 2, 2, 2, 2, 2, 2, 2, 2, 2, 2, 2, 2, 2, 2, 2, 2, 2, 2, 2, 2, 4 ),
 ( 3, 3 ),
 ( 0.000000000000000000, 0.0002833033217363650834, 0.0005666066434727301667, 0.0008499099652090951959, 0.001133213286945460333, 0.001699819930418190392, 0.002266426573890920667, 0.002549729895627285588, 0.002833033217363650942, 0.003116336539100015863, 0.003399639860836380784, 0.003966246504309111492, 0.004532853147781841334, 0.005099459791254571175, 0.005666066434727301884, 0.005949369756463667239, 0.006232673078200031726, 0.006515976399936396213, 0.006799279721672761567, 0.007365886365145492276, 0.007932493008618222985, 0.008215796330354588339, 0.008499099652090953694, 0.008782402973827319048, 0.009065706295563682668 ),
 ( 0.000000000000000000, 1.000000000000000000 ),
 .UNSPECIFIED. ) 
 GEOMETRIC_REPRESENTATION_ITEM ( )  RATIONAL_B_SPLINE_SURFACE ( (
 ( 1.000000000000000000, 0.8466167549807227521, 1.000000000000000000),
 ( 1.000000000000000000, 0.8464671448959724120, 1.000000000000000000),
 ( 1.000000000000000000, 0.8460448904594880526, 1.000000000000000000),
 ( 1.000000000000000000, 0.8448384690502771521, 1.000000000000000000),
 ( 1.000000000000000000, 0.8440273094532214637, 1.000000000000000000),
 ( 1.000000000000000000, 0.8424061049979859606, 1.000000000000000000),
 ( 1.000000000000000000, 0.8416218891834814642, 1.000000000000000000),
 ( 1.000000000000000000, 0.8404181856366679249, 1.000000000000000000),
 ( 1.000000000000000000, 0.8399992560587909995, 1.000000000000000000),
 ( 1.000000000000000000, 0.8395012244727217965, 1.000000000000000000),
 ( 1.000000000000000000, 0.8402862063919303015, 1.000000000000000000),
 ( 1.000000000000000000, 0.8424220177588845893, 1.000000000000000000),
 ( 1.000000000000000000, 0.8434508744651119105, 1.000000000000000000),
 ( 1.000000000000000000, 0.8433554056932067722, 1.000000000000000000),
 ( 1.000000000000000000, 0.8430696486225759401, 1.000000000000000000),
 ( 1.000000000000000000, 0.8421824400197575056, 1.000000000000000000),
 ( 1.000000000000000000, 0.8415638074954783221, 1.000000000000000000),
 ( 1.000000000000000000, 0.8403642279859224740, 1.000000000000000000),
 ( 1.000000000000000000, 0.8398040787032879928, 1.000000000000000000),
 ( 1.000000000000000000, 0.8391076304410779452, 1.000000000000000000),
 ( 1.000000000000000000, 0.8389593957681714675, 1.000000000000000000),
 ( 1.000000000000000000, 0.8392515803611392267, 1.000000000000000000),
 ( 1.000000000000000000, 0.8405186227739874782, 1.000000000000000000),
 ( 1.000000000000000000, 0.8435664645285571028, 1.000000000000000000),
 ( 1.000000000000000000, 0.8450321234643844992, 1.000000000000000000),
 ( 1.000000000000000000, 0.8456275780712356749, 1.000000000000000000),
 ( 1.000000000000000000, 0.8447554037567923668, 1.000000000000000000),
 ( 1.000000000000000000, 0.8429993671911544251, 1.000000000000000000),
 ( 1.000000000000000000, 0.8424300579598904548, 1.000000000000000000),
 ( 1.000000000000000000, 0.8430891352167665387, 1.000000000000000000),
 ( 1.000000000000000000, 0.8435266478761028752, 1.000000000000000000),
 ( 1.000000000000000000, 0.8447340150928971392, 1.000000000000000000),
 ( 1.000000000000000000, 0.8455189331535926112, 1.000000000000000000),
 ( 1.000000000000000000, 0.8470907067876984886, 1.000000000000000000),
 ( 1.000000000000000000, 0.8478582685975835087, 1.000000000000000000),
 ( 1.000000000000000000, 0.8489578182137513807, 1.000000000000000000),
 ( 1.000000000000000000, 0.8493023768836661658, 1.000000000000000000),
 ( 1.000000000000000000, 0.8493976602811608156, 1.000000000000000000),
 ( 1.000000000000000000, 0.8481398741659580409, 1.000000000000000000),
 ( 1.000000000000000000, 0.8452701074062083375, 1.000000000000000000),
 ( 1.000000000000000000, 0.8439509739264136057, 1.000000000000000000),
 ( 1.000000000000000000, 0.8435005940175556161, 1.000000000000000000),
 ( 1.000000000000000000, 0.8435773784878193293, 1.000000000000000000),
 ( 1.000000000000000000, 0.8441105309605723139, 1.000000000000000000),
 ( 1.000000000000000000, 0.8445650587073257887, 1.000000000000000000),
 ( 1.000000000000000000, 0.8455427520059112245, 1.000000000000000000),
 ( 1.000000000000000000, 0.8460469374173971158, 1.000000000000000000),
 ( 1.000000000000000000, 0.8466405285171820783, 1.000000000000000000),
 ( 1.000000000000000000, 0.8467663650654730922, 1.000000000000000000),
 ( 1.000000000000000000, 0.8466167549807227521, 1.000000000000000000) ) ) 
 REPRESENTATION_ITEM ( '' )  SURFACE ( )  );
#45 = CARTESIAN_POINT ( 'NONE',  ( -0.8025793781257890558, 1.240514190356262425, 1.557374062130605807 ) ) ;
#46 = CARTESIAN_POINT ( 'NONE',  ( -1.490304901967438811, 1.350175732271224671, -0.1964681009059537076 ) ) ;
#47 = CARTESIAN_POINT ( 'NONE',  ( -0.4601411389995657686, -0.3850638382368557489, -0.8168391643159947924 ) ) ;
#48 = CARTESIAN_POINT ( 'NONE',  ( -0.7513127163099190264, 1.318474811338902430, 1.301974683026681845 ) ) ;
#49 = CARTESIAN_POINT ( 'NONE',  ( -1.471089021305910460, -0.1136085583780254704, 0.1922771924527879872 ) ) ;
#50 = CARTESIAN_POINT ( 'NONE',  ( 0.4601374421106973478, 1.532013563242439647, 1.058486943816171033 ) ) ;
#51 = CARTESIAN_POINT ( 'NONE',  ( -0.9143864733434566849, 1.350353360051363749, 1.193110186256472360 ) ) ;
#52 = CARTESIAN_POINT ( 'NONE',  ( -0.07892533733949060049, -0.5661358400750876596, -0.4411740207624764709 ) ) ;
#53 = CARTESIAN_POINT ( 'NONE',  ( -0.4835026701046266084, 1.318525817673221079, 1.423338279900684622 ) ) ;
#54 = CARTESIAN_POINT ( 'NONE',  ( 1.472221085471546065, -0.1139173344481675815, -0.09455176033983607453 ) ) ;
#55 = CARTESIAN_POINT ( 'NONE',  ( 0.8413544760671551881, 1.431089570447267700, 1.058486943816171033 ) ) ;
#56 = CARTESIAN_POINT ( 'NONE',  ( -1.472046119378532802, 1.363919810076764882, 0.1928087130014499717 ) ) ;
#57 = CARTESIAN_POINT ( 'NONE',  ( -1.603788543979791426, -0.05420324438070473622, -0.06550887720895821886 ) ) ;
#58 = CARTESIAN_POINT ( 'NONE',  ( -1.452060053915684934, 1.318880067278417778, -0.3887673890783724384 ) ) ;
#59 = CARTESIAN_POINT ( 'NONE',  ( -0.09719702313495665047, -0.1137826169507201030, 1.471650660249369302 ) ) ;
#60 = CARTESIAN_POINT ( 'NONE',  ( 0.7366379781414992278, 1.363559964599943219, 1.276697839475144702 ) ) ;
#61 = CARTESIAN_POINT ( 'NONE',  ( -0.8967807590086632752, 1.363824932262842404, 1.170190438420778412 ) ) ;
#62 = CARTESIAN_POINT ( 'NONE',  ( -0.8413569406596409506, -0.4090519005293848931, 0.05971283730888124475 ) ) ;
#63 = CARTESIAN_POINT ( 'NONE',  ( 1.007309039706503345E-05, -0.06873466622096480183, 1.499999999966177722 ) ) ;
#64 = FACE_OUTER_BOUND ( 'NONE', #773, .T. ) ;
#65 = CARTESIAN_POINT ( 'NONE',  ( 1.285327665367584027, 1.363481116895118195, 0.7398268004945539600 ) ) ;
#66 = CARTESIAN_POINT ( 'NONE',  ( -1.499896500516126663, 1.350158892188638715, 0.1964376707387639753 ) ) ;
#67 = CARTESIAN_POINT ( 'NONE',  ( 1.052718289694919429, -0.3215319055704153328, 0.05971283730888124475 ) ) ;
#68 = CARTESIAN_POINT ( 'NONE',  ( 1.199137296843332923, -0.06860477169557845090, 0.9221562118057299307 ) ) ;
#69 = CARTESIAN_POINT ( 'NONE',  ( 0.9723424779922724692, -0.1138617693085149651, 1.108170899619057126 ) ) ;
#70 = CARTESIAN_POINT ( 'NONE',  ( -1.285812847524939295, 1.363740321656577548, 0.7406515847890069448 ) ) ;
#71 = CARTESIAN_POINT ( 'NONE',  ( -1.553003506611145390, 1.041301408309383669, -1.568169451423053085 ) ) ;
#72 = ADVANCED_FACE ( 'NONE', ( #592, #311 ), #44, .T. ) ;
#73 = CARTESIAN_POINT ( 'NONE',  ( 0.1928497851465455770, 1.363767567520130841, 1.462035582426604696 ) ) ;
#74 = PLANE ( 'NONE',  #874 ) ;
#75 = CARTESIAN_POINT ( 'NONE',  ( -0.7564905598503849360, -0.1000977031577237469, -1.310181605832743790 ) ) ;
#76 = CARTESIAN_POINT ( 'NONE',  ( -0.1942748007509295383, 1.363706465601309148, -1.471381083065786299 ) ) ;
#77 = CARTESIAN_POINT ( 'NONE',  ( -0.04815193649791300878, 1.442053531760999041, -1.317726022387376794 ) ) ;
#78 = CARTESIAN_POINT ( 'NONE',  ( 1.193993216916899414, 1.318023005212020093, 0.9132205909166951630 ) ) ;
#79 = CARTESIAN_POINT ( 'NONE',  ( 0.7513090767304370088, -0.06847481252102947946, 1.301976785398221814 ) ) ;
#80 = CARTESIAN_POINT ( 'NONE',  ( 1.193148644568743810, -0.06840538495828089871, -0.9143032302034264092 ) ) ;
#81 = CARTESIAN_POINT ( 'NONE',  ( -1.302862130449359945, 1.272183829643992237, -1.067282593351700504 ) ) ;
#82 = CARTESIAN_POINT ( 'NONE',  ( -1.603788543979791426, 0.1376046215526384175, 1.307930502973440490 ) ) ;
#83 = CARTESIAN_POINT ( 'NONE',  ( 0.1952494137160356580, 1.318490209819879633, -1.500069068767329705 ) ) ;
#84 = FACE_OUTER_BOUND ( 'NONE', #479, .T. ) ;
#85 = CARTESIAN_POINT ( 'NONE',  ( 0.8413544760671551881, 1.332155460358702692, -1.317726022387376794 ) ) ;
#86 = CARTESIAN_POINT ( 'NONE',  ( -0.4601411389995657131, -0.1711494111337141799, 1.307930502973440490 ) ) ;
#87 = CARTESIAN_POINT ( 'NONE',  ( -1.388378286989332792E-05, -0.1137918635646230775, 1.471675991157050500 ) ) ;
#88 = CARTESIAN_POINT ( 'NONE',  ( -0.7414008759087736822, -0.1134073717669269038, -1.284659641335713864 ) ) ;
#89 = CARTESIAN_POINT ( 'NONE',  ( -0.04815193649791300878, 1.320782185122955532, -1.568169451423053085 ) ) ;
#90 = CARTESIAN_POINT ( 'NONE',  ( 0.04814659654720108289, -0.3146119302393383110, 1.058486943816220549 ) ) ;
#91 = CARTESIAN_POINT ( 'NONE',  ( 1.490111885700876604, 1.318258817242565328, -0.1977996160306442486 ) ) ;
#92 = CARTESIAN_POINT ( 'NONE',  ( 0.09908767003514375171, -0.06875610084381342246, 1.500000255850629793 ) ) ;
#93 = CARTESIAN_POINT ( 'NONE',  ( 0.3928204098472874439, -0.1000715005104076266, -1.460932966576636849 ) ) ;
#94 = CARTESIAN_POINT ( 'NONE',  ( 0.8413544760671551881, 1.520223341513940785, -0.8168391643160243243 ) ) ;
#95 = CARTESIAN_POINT ( 'NONE',  ( 0.9212719021797629582, 1.317851525790978195, -1.200192408317896753 ) ) ;
#96 = CARTESIAN_POINT ( 'NONE',  ( -1.500051413257403210, -0.1001458521948873776, -0.09704178868657084567 ) ) ;
#97 = CARTESIAN_POINT ( 'NONE',  ( 0.07892040815423956301, 1.671228905301318068, -0.8168391643160243243 ) ) ;
#98 = B_SPLINE_CURVE_WITH_KNOTS ( 'NONE', 3,
 ( #653, #59, #363, #579, #141, #805, #288, #502, #346, #800, #275, #572, #49, #420, #440, #861, #646, #933, #425, #866, #871, #202, #877, #341, #284, #944, #712, #208, #584, #795, #218, #790, #213, #717, #512, #731, #54, #566, #657, #785, #507, #69, #136, #939, #130, #641, #430, #722, #435, #727 ),
 .UNSPECIFIED., .T., .F.,
 ( 4, 2, 2, 2, 2, 2, 2, 2, 2, 2, 2, 2, 2, 2, 2, 2, 2, 2, 2, 2, 2, 2, 2, 2, 4 ),
 ( 0.000000000000000000, 0.0002874371669411073470, 0.0005748743338822146940, 0.0008623115008233219868, 0.001149748667764429388, 0.001724623001646643757, 0.002299497335528858342, 0.002586934502469965310, 0.002874371669411072711, 0.003161808836352179679, 0.003449246003293287514, 0.004024120337175501882, 0.004598994671057714950, 0.005173869004939929753, 0.005748743338822144555, 0.006036180505763251956, 0.006323617672704358490, 0.006611054839645466759, 0.006898492006586574160, 0.007473366340468787228, 0.008048240674351002030, 0.008335677841292106829, 0.008623115008233213363, 0.008910552175174319897, 0.009197989342115426431 ),
 .UNSPECIFIED. ) ;
#99 = CARTESIAN_POINT ( 'NONE',  ( 1.310791934990666485, 1.350184865145009683, 0.7550415225010965736 ) ) ;
#100 = ORIENTED_EDGE ( 'NONE', *, *, #960, .F. ) ;
#101 = CARTESIAN_POINT ( 'NONE',  ( -1.095500808433024442, 0.07589127938054533729, -1.568169451423031102 ) ) ;
#102 = CARTESIAN_POINT ( 'NONE',  ( -0.1928562118992563912, -0.1137675660123265292, 1.462034729434471547 ) ) ;
#103 = CARTESIAN_POINT ( 'NONE',  ( -0.4253656573118511086, 1.785206944675276519, -0.4411740207625101107 ) ) ;
#104 = CARTESIAN_POINT ( 'NONE',  ( -1.349644676206407823, 0.1363563760365832933, -1.568169451423031102 ) ) ;
#105 = CARTESIAN_POINT ( 'NONE',  ( -1.388378286989332792E-05, -0.1137918635646230775, 1.471675991157050500 ) ) ;
#106 = CARTESIAN_POINT ( 'NONE',  ( 1.349643854675765198, 1.403979604023178229, 0.4343781109838980581 ) ) ;
#107 = CARTESIAN_POINT ( 'NONE',  ( 0.9915656012263126540, 1.318077820031973602, 1.129766900554550535 ) ) ;
#108 = FILL_AREA_STYLE_COLOUR ( '', #39 ) ;
#109 = CARTESIAN_POINT ( 'NONE',  ( -0.09909541607344286851, -0.06871322556428033357, 1.499999744139371316 ) ) ;
#110 = CARTESIAN_POINT ( 'NONE',  ( 0.4601374421106973478, 1.809734076257030200, -0.06550887720899581379 ) ) ;
#111 = CARTESIAN_POINT ( 'NONE',  ( 1.169610266855320546, 1.363477761863121307, -0.8962692600676338550 ) ) ;
#112 = CARTESIAN_POINT ( 'NONE',  ( 0.4253611388920044423, -0.2852488637950267303, -1.067282593351673636 ) ) ;
#113 = CARTESIAN_POINT ( 'NONE',  ( -1.460398802477841818, -0.1000498719175105383, 0.3940872729957984877 ) ) ;
#114 = CARTESIAN_POINT ( 'NONE',  ( 1.322048076163259367, 1.363415400172470981, -0.6513074594223676739 ) ) ;
#115 = CARTESIAN_POINT ( 'NONE',  ( -0.9915519154057388374, 1.350394241076873225, 1.129780619167151556 ) ) ;
#116 = APPLICATION_CONTEXT ( 'automotive_design' ) ;
#117 = CARTESIAN_POINT ( 'NONE',  ( -0.8413569406596409506, -0.2702223704321249920, -0.8168391643159947924 ) ) ;
#118 = CARTESIAN_POINT ( 'NONE',  ( -0.7561599254562159089, -0.06786854375342271650, -1.310321248968029817 ) ) ;
#119 = CARTESIAN_POINT ( 'NONE',  ( 0.000000000000000000, 0.000000000000000000, 0.000000000000000000 ) ) ;
#120 = CARTESIAN_POINT ( 'NONE',  ( 1.095499165371460304, 1.346638322785067121, 1.058486943816171033 ) ) ;
#121 = CARTESIAN_POINT ( 'NONE',  ( -1.131144218006951974, 1.350266824742508254, -0.9901052548540526521 ) ) ;
#122 = CARTESIAN_POINT ( 'NONE',  ( 1.553003506611142726, 0.01238847283440712432, -0.8168391643159947924 ) ) ;
#123 = CARTESIAN_POINT ( 'NONE',  ( -1.500051683024731686, 1.319082063875111288, -0.09702779203566234967 ) ) ;
#124 = CARTESIAN_POINT ( 'NONE',  ( 9.639476402907663083E-06, 1.363791863779763025, 1.471675992405382605 ) ) ;
#125 = CARTESIAN_POINT ( 'NONE',  ( 0.09720682273763779635, 1.363782615094509154, 1.471650031365403288 ) ) ;
#126 = CARTESIAN_POINT ( 'NONE',  ( -1.348627436733821350, 1.350131382877267638, -0.6639841230744161216 ) ) ;
#127 = CARTESIAN_POINT ( 'NONE',  ( 1.052718289694919429, -0.1940736085191993587, -0.8168391643159949034 ) ) ;
#128 = CARTESIAN_POINT ( 'NONE',  ( 0.6651654630974090932, -0.06846035696905983237, 1.348043611312131684 ) ) ;
#129 = ADVANCED_FACE ( 'NONE', ( #382, #669 ), #449, .T. ) ;
#130 = CARTESIAN_POINT ( 'NONE',  ( 0.6522677525714910551, -0.1136828750692439882, 1.322367431056221898 ) ) ;
#131 = CARTESIAN_POINT ( 'NONE',  ( 0.6521929752059560936, 1.363536042984032637, 1.321999052924300644 ) ) ;
#132 = AXIS2_PLACEMENT_3D ( 'NONE', #119, #757, #380 ) ;
#133 = CARTESIAN_POINT ( 'NONE',  ( -1.170185275478611509, 1.363710283692783687, -0.8967441774909471475 ) ) ;
#134 = CARTESIAN_POINT ( 'NONE',  ( -0.4601411389995657686, -0.5201766052940566265, -0.4411740207624764709 ) ) ;
#135 = CARTESIAN_POINT ( 'NONE',  ( -0.9915598426134155652, -0.06807781965625273046, 1.129771959435499351 ) ) ;
#136 = CARTESIAN_POINT ( 'NONE',  ( 0.8966305865927033381, -0.1138248496495242040, 1.170305793243164860 ) ) ;
#137 = CARTESIAN_POINT ( 'NONE',  ( -0.4253656573118511086, 1.427759907116496807, 1.307930502973388531 ) ) ;
#138 = CARTESIAN_POINT ( 'NONE',  ( -1.301709623372459435, 1.318494767715730154, -0.7517354203639435850 ) ) ;
#139 = CARTESIAN_POINT ( 'NONE',  ( 0.04814659654720108289, -0.4229154893365315582, -0.8168391643159949034 ) ) ;
#140 = CARTESIAN_POINT ( 'NONE',  ( -0.4834921653678490028, -0.06831934205534345717, 1.423341851308013828 ) ) ;
#141 = CARTESIAN_POINT ( 'NONE',  ( -0.4741421235983947491, -0.1135848632987707385, 1.396076954705262718 ) ) ;
#142 = CARTESIAN_POINT ( 'NONE',  ( -1.471966293818628424, 1.363919764781668986, 0.1932508396415899277 ) ) ;
#143 = CARTESIAN_POINT ( 'NONE',  ( 0.8413544760671551881, 1.426649676572835146, -1.067282593351700504 ) ) ;
#144 =( BOUNDED_SURFACE ( )  B_SPLINE_SURFACE ( 3, 2, ( 
 ( #87, #241, #375 ),
 ( #168, #16, #92 ),
 ( #452, #530, #227 ),
 ( #302, #389, #385 ),
 ( #954, #312, #5 ),
 ( #589, #236, #824 ),
 ( #742, #751, #79 ),
 ( #882, #672, #535 ),
 ( #462, #611, #525 ),
 ( #222, #735, #809 ),
 ( #599, #147, #445 ),
 ( #959, #819, #158 ),
 ( #668, #386, #961 ),
 ( #453, #531, #370 ),
 ( #898, #526, #298 ),
 ( #21, #376, #6 ),
 ( #228, #246, #381 ),
 ( #316, #830, #677 ),
 ( #683, #154, #743 ),
 ( #595, #615, #80 ),
 ( #816, #303, #159 ),
 ( #673, #758, #888 ),
 ( #237, #521, #458 ),
 ( #12, #93, #600 ),
 ( #820, #543, #446 ),
 ( #825, #747, #463 ),
 ( #309, #606, #752 ),
 ( #88, #75, #17 ),
 ( #313, #612, #902 ),
 ( #537, #842, #850 ),
 ( #488, #838, #628 ),
 ( #336, #324, #173 ),
 ( #393, #260, #38 ),
 ( #632, #332, #917 ),
 ( #190, #625, #408 ),
 ( #43, #694, #780 ),
 ( #908, #96, #178 ),
 ( #546, #556, #911 ),
 ( #922, #113, #255 ),
 ( #707, #561, #636 ),
 ( #550, #702, #475 ),
 ( #182, #926, #264 ),
 ( #269, #413, #480 ),
 ( #833, #186, #846 ),
 ( #471, #762, #319 ),
 ( #690, #484, #24 ),
 ( #619, #775, #765 ),
 ( #102, #251, #399 ),
 ( #29, #770, #109 ),
 ( #105, #404, #697 ) ),
 .UNSPECIFIED., .T., .F., .T. ) 
 B_SPLINE_SURFACE_WITH_KNOTS ( ( 4, 2, 2, 2, 2, 2, 2, 2, 2, 2, 2, 2, 2, 2, 2, 2, 2, 2, 2, 2, 2, 2, 2, 2, 4 ),
 ( 3, 3 ),
 ( 0.000000000000000000, 0.0002833033975883004390, 0.0005666067951766008779, 0.0008499101927649013169, 0.001133213590353201756, 0.001699820385529802634, 0.002266427180706403512, 0.002549730578294703842, 0.002833033975883004173, 0.003116337373471304503, 0.003399640771059605267, 0.003966247566236206362, 0.004532854361412807023, 0.005099461156589407684, 0.005666067951766008345, 0.005949371349354308676, 0.006232674746942609006, 0.006515978144530910204, 0.006799281542119210535, 0.007365888337295812063, 0.007932495132472412724, 0.008215798530060713922, 0.008499101927649013385, 0.008782405325237312849, 0.009065708722825614047 ),
 ( 0.000000000000000000, 1.000000000000000000 ),
 .UNSPECIFIED. ) 
 GEOMETRIC_REPRESENTATION_ITEM ( )  RATIONAL_B_SPLINE_SURFACE ( (
 ( 1.000000000000000000, 0.8466167443890555422, 1.000000000000000000),
 ( 1.000000000000000000, 0.8467663657678475841, 1.000000000000000000),
 ( 1.000000000000000000, 0.8466405399685846822, 1.000000000000000000),
 ( 1.000000000000000000, 0.8460469638625344180, 1.000000000000000000),
 ( 1.000000000000000000, 0.8455427831552876361, 1.000000000000000000),
 ( 1.000000000000000000, 0.8445650900061919542, 1.000000000000000000),
 ( 1.000000000000000000, 0.8441105581375731859, 1.000000000000000000),
 ( 1.000000000000000000, 0.8435773923843965516, 1.000000000000000000),
 ( 1.000000000000000000, 0.8435005987225155932, 1.000000000000000000),
 ( 1.000000000000000000, 0.8439509494854300353, 1.000000000000000000),
 ( 1.000000000000000000, 0.8452700600629918792, 1.000000000000000000),
 ( 1.000000000000000000, 0.8481398227061898165, 1.000000000000000000),
 ( 1.000000000000000000, 0.8493976329828545335, 1.000000000000000000),
 ( 1.000000000000000000, 0.8493023889177347963, 1.000000000000000000),
 ( 1.000000000000000000, 0.8489578433999036555, 1.000000000000000000),
 ( 1.000000000000000000, 0.8478583114703752699, 1.000000000000000000),
 ( 1.000000000000000000, 0.8470907570075246751, 1.000000000000000000),
 ( 1.000000000000000000, 0.8455189855211319161, 1.000000000000000000),
 ( 1.000000000000000000, 0.8447340642271953248, 1.000000000000000000),
 ( 1.000000000000000000, 0.8435266853021040623, 1.000000000000000000),
 ( 1.000000000000000000, 0.8430891642923477036, 1.000000000000000000),
 ( 1.000000000000000000, 0.8424300584461480446, 1.000000000000000000),
 ( 1.000000000000000000, 0.8429993418656105408, 1.000000000000000000),
 ( 1.000000000000000000, 0.8447553680493224970, 1.000000000000000000),
 ( 1.000000000000000000, 0.8456275639249295484, 1.000000000000000000),
 ( 1.000000000000000000, 0.8450321561455678143, 1.000000000000000000),
 ( 1.000000000000000000, 0.8435665195294443919, 1.000000000000000000),
 ( 1.000000000000000000, 0.8405186709420791047, 1.000000000000000000),
 ( 1.000000000000000000, 0.8392516039812053519, 1.000000000000000000),
 ( 1.000000000000000000, 0.8389593873366412158, 1.000000000000000000),
 ( 1.000000000000000000, 0.8391076117917635191, 1.000000000000000000),
 ( 1.000000000000000000, 0.8398040443702372571, 1.000000000000000000),
 ( 1.000000000000000000, 0.8403641882944669073, 1.000000000000000000),
 ( 1.000000000000000000, 0.8415637661972438233, 1.000000000000000000),
 ( 1.000000000000000000, 0.8421824043634879020, 1.000000000000000000),
 ( 1.000000000000000000, 0.8430696266849749820, 1.000000000000000000),
 ( 1.000000000000000000, 0.8433553943493021787, 1.000000000000000000),
 ( 1.000000000000000000, 0.8434508948004419970, 1.000000000000000000),
 ( 1.000000000000000000, 0.8424220578435088758, 1.000000000000000000),
 ( 1.000000000000000000, 0.8402862372658914669, 1.000000000000000000),
 ( 1.000000000000000000, 0.8395012300314415032, 1.000000000000000000),
 ( 1.000000000000000000, 0.8399992303542298533, 1.000000000000000000),
 ( 1.000000000000000000, 0.8404181502961114436, 1.000000000000000000),
 ( 1.000000000000000000, 0.8416218399526098626, 1.000000000000000000),
 ( 1.000000000000000000, 0.8424060514528672883, 1.000000000000000000),
 ( 1.000000000000000000, 0.8440272559540180630, 1.000000000000000000),
 ( 1.000000000000000000, 0.8448384208562457198, 1.000000000000000000),
 ( 1.000000000000000000, 0.8460448575452114151, 1.000000000000000000),
 ( 1.000000000000000000, 0.8464671230102635002, 1.000000000000000000),
 ( 1.000000000000000000, 0.8466167443890555422, 1.000000000000000000) ) ) 
 REPRESENTATION_ITEM ( '' )  SURFACE ( )  );
#145 = CARTESIAN_POINT ( 'NONE',  ( 0.04814659654720108289, -0.6152453816595032654, 0.05971283730888124475 ) ) ;
#146 = CARTESIAN_POINT ( 'NONE',  ( 0.000000000000000000, 1.250000000000000000, -0.7500000000000000000 ) ) ;
#147 = CARTESIAN_POINT ( 'NONE',  ( 1.310753106455388117, -0.1001809886791149434, 0.7551315096362666290 ) ) ;
#148 = CARTESIAN_POINT ( 'NONE',  ( -1.323460410922679076, 1.363702815116140554, -0.6504037703597865816 ) ) ;
#149 = CARTESIAN_POINT ( 'NONE',  ( -0.8025793781257890558, 1.342313390935979012, -1.317726022387376794 ) ) ;
#150 = PRODUCT_DEFINITION_SHAPE ( 'NONE', 'NONE',  #359 ) ;
#151 = CARTESIAN_POINT ( 'NONE',  ( -1.349644676206407823, -0.01127004559785288462, 1.058486943816220549 ) ) ;
#152 = CARTESIAN_POINT ( 'NONE',  ( -1.131171444176691132, 1.318373766141560877, -0.9900768100501570190 ) ) ;
#153 = FACE_OUTER_BOUND ( 'NONE', #647, .T. ) ;
#154 = CARTESIAN_POINT ( 'NONE',  ( 1.301664783930096325, -0.1001726014210169852, -0.7518035577726772667 ) ) ;
#155 = CARTESIAN_POINT ( 'NONE',  ( 1.603788543980070314, 1.112313000537055174, -1.317726022387376794 ) ) ;
#156 = CARTESIAN_POINT ( 'NONE',  ( -2.717374525319513787E-06, 1.318734664493272923, 1.499999999997539080 ) ) ;
#157 = VERTEX_POINT ( 'NONE', #828 ) ;
#158 = CARTESIAN_POINT ( 'NONE',  ( 1.460502938682707308, -0.06884481976544633286, 0.3938342681103829679 ) ) ;
#159 = CARTESIAN_POINT ( 'NONE',  ( 1.131173994819892004, -0.06837376737331563037, -0.9900739004787225683 ) ) ;
#160 = DIRECTION ( 'NONE',  ( 0.000000000000000000, 0.000000000000000000, -1.000000000000000000 ) ) ;
#161 = CARTESIAN_POINT ( 'NONE',  ( 0.4742899334036360104, 1.363584783003985779, 1.396024988847772486 ) ) ;
#162 = VERTEX_POINT ( 'NONE', #461 ) ;
#163 = DIRECTION ( 'NONE',  ( 0.000000000000000000, 0.000000000000000000, -1.000000000000000000 ) ) ;
#164 = CARTESIAN_POINT ( 'NONE',  ( -0.4253656573118511086, 1.535247914170483119, -1.067282593351700504 ) ) ;
#165 = CARTESIAN_POINT ( 'NONE',  ( 0.04814659654720108289, -0.07571859489779862729, 1.557374062130660430 ) ) ;
#166 = VERTEX_POINT ( 'NONE', #15 ) ;
#167 = AXIS2_PLACEMENT_3D ( 'NONE', #604, #897, #163 ) ;
#168 = CARTESIAN_POINT ( 'NONE',  ( 0.09721663185442186439, -0.1138011156926179573, 1.471702242748086142 ) ) ;
#169 = CARTESIAN_POINT ( 'NONE',  ( 0.8413544760671551881, 1.658728302942886978, -0.06550887720899581379 ) ) ;
#170 = CARTESIAN_POINT ( 'NONE',  ( -1.095500808433024442, -0.01447203137617227194, 1.307930502973440490 ) ) ;
#171 = CARTESIAN_POINT ( 'NONE',  ( 0.000000000000000000, 0.000000000000000000, 0.000000000000000000 ) ) ;
#172 = EDGE_LOOP ( 'NONE', ( #322 ) ) ;
#173 = CARTESIAN_POINT ( 'NONE',  ( -1.301709392570121082, -0.06784468830014298013, -0.7517358206425508449 ) ) ;
#174 = EDGE_CURVE ( 'NONE', #157, #157, #276, .T. ) ;
#175 = CARTESIAN_POINT ( 'NONE',  ( -1.553003506611145390, 1.308058699693668281, 0.4343781109838980026 ) ) ;
#176 = CARTESIAN_POINT ( 'NONE',  ( 0.7414064588000043310, 1.363407373333667350, -1.284656406072212542 ) ) ;
#177 = CARTESIAN_POINT ( 'NONE',  ( -0.07892533733949060049, -0.1911081624871204254, -1.317726022387352591 ) ) ;
#178 = CARTESIAN_POINT ( 'NONE',  ( -1.500051483262988983, -0.06828762289376444361, -0.09703089118842989080 ) ) ;
#179 = CARTESIAN_POINT ( 'NONE',  ( -1.553003506611145390, 1.307293664893286023, -0.4411740207625101107 ) ) ;
#180 = CARTESIAN_POINT ( 'NONE',  ( 1.460503062375713368, 1.318069450980025925, 0.3938337984427143779 ) ) ;
#181 = EDGE_LOOP ( 'NONE', ( #915 ) ) ;
#182 = CARTESIAN_POINT ( 'NONE',  ( -0.9721127329908266779, -0.1136551467018518391, 1.107586060069088996 ) ) ;
#183 = CARTESIAN_POINT ( 'NONE',  ( -0.8025793781257890558, 1.652501699257729939, -0.4411740207625101107 ) ) ;
#184 = ORIENTED_EDGE ( 'NONE', *, *, #174, .T. ) ;
#185 = CARTESIAN_POINT ( 'NONE',  ( 0.4253611388920044423, -0.05387461390462313510, -1.568169451423031102 ) ) ;
#186 = CARTESIAN_POINT ( 'NONE',  ( -0.7513816958564097925, -0.1001915704043950112, 1.301929280566740399 ) ) ;
#187 = CARTESIAN_POINT ( 'NONE',  ( 0.07892040815423956301, 1.816136176779842737, -0.4411740207625101662 ) ) ;
#188 = CARTESIAN_POINT ( 'NONE',  ( 1.423903966503446084, 1.363518276202340562, -0.3812835253618327980 ) ) ;
#189 = CARTESIAN_POINT ( 'NONE',  ( 0.04814659654720108289, -0.3084211756072892663, -1.067282593351673636 ) ) ;
#190 = CARTESIAN_POINT ( 'NONE',  ( -1.423902285572689275, -0.1135182717403292602, -0.3812897765718060161 ) ) ;
#191 = ADVANCED_FACE ( 'NONE', ( #295 ), #736, .T. ) ;
#192 = CARTESIAN_POINT ( 'NONE',  ( 1.395924737017816497, 1.363448742228655863, -0.4732867008548236609 ) ) ;
#193 = CARTESIAN_POINT ( 'NONE',  ( 1.131182356497842489, 1.350270626091004456, -0.9900654346915579440 ) ) ;
#194 = CARTESIAN_POINT ( 'NONE',  ( 1.553003506611142726, 0.1379287447514327414, -1.317726022387352591 ) ) ;
#195 = CARTESIAN_POINT ( 'NONE',  ( -0.09909781243904837444, 1.318756102064013502, 1.499999970101663749 ) ) ;
#196 = DIRECTION ( 'NONE',  ( 0.000000000000000000, -1.000000000000000000, -0.000000000000000000 ) ) ;
#197 =( GEOMETRIC_REPRESENTATION_CONTEXT ( 3 ) GLOBAL_UNCERTAINTY_ASSIGNED_CONTEXT ( ( #266 ) ) GLOBAL_UNIT_ASSIGNED_CONTEXT ( ( #836, #402, #768 ) ) REPRESENTATION_CONTEXT ( 'NONE', 'WORKASPACE' ) );
#198 = CARTESIAN_POINT ( 'NONE',  ( 1.603788543980070314, 1.225310079495425919, 0.8090433846589535349 ) ) ;
#199 = CARTESIAN_POINT ( 'NONE',  ( -1.199083299114385159, 1.350385078515391246, 0.9222126507597813161 ) ) ;
#200 = CARTESIAN_POINT ( 'NONE',  ( -0.4601411389995657131, -0.3901182863617064789, 0.8090433846590002753 ) ) ;
#201 = CARTESIAN_POINT ( 'NONE',  ( 1.460506638643793265, -0.06884483701735731598, 0.3938205440160763016 ) ) ;
#202 = CARTESIAN_POINT ( 'NONE',  ( -0.9024325302861991860, -0.1134851029704556369, -1.177077112676491399 ) ) ;
#203 = ORIENTED_EDGE ( 'NONE', *, *, #536, .F. ) ;
#204 = CARTESIAN_POINT ( 'NONE',  ( -1.553003506611145390, 1.112480770721310908, 1.307930502973388531 ) ) ;
#205 = CARTESIAN_POINT ( 'NONE',  ( -1.424829076007233519, 1.363835553161496073, -0.3815460096595054695 ) ) ;
#206 = CARTESIAN_POINT ( 'NONE',  ( -0.4601411389995657131, -0.5601543500476108273, 0.05971283730888124475 ) ) ;
#207 = CARTESIAN_POINT ( 'NONE',  ( -1.193152961214756225, -0.06783315737022886649, -0.9142976013901416010 ) ) ;
#208 = CARTESIAN_POINT ( 'NONE',  ( 0.7423597383137481298, -0.1135696200221960606, -1.284594116235372452 ) ) ;
#209 = CARTESIAN_POINT ( 'NONE',  ( 1.095499165371460304, 1.175561956770714289, 1.557374062130605807 ) ) ;
#210 = CARTESIAN_POINT ( 'NONE',  ( -0.1933475632652645049, 1.363706392454978600, -1.471510234808358408 ) ) ;
#211 = CARTESIAN_POINT ( 'NONE',  ( -1.603788543979791426, -0.05429691319628222185, 0.05971283730888123781 ) ) ;
#212 = CARTESIAN_POINT ( 'NONE',  ( -1.310881384603397537, -0.06792531052175491968, 0.7548273108800148679 ) ) ;
#213 = CARTESIAN_POINT ( 'NONE',  ( 1.323460560618942905, -0.1137028151939982329, -0.6504034283552221352 ) ) ;
#214 = CARTESIAN_POINT ( 'NONE',  ( -0.04815193649791300878, 1.325718535699742961, 1.557374062130605807 ) ) ;
#215 = CARTESIAN_POINT ( 'NONE',  ( -0.7561476921544292296, 1.318222816235518291, -1.310328288161314747 ) ) ;
#216 = CARTESIAN_POINT ( 'NONE',  ( 0.8025756812368076698, -0.2895358337904954116, -0.8168391643159949034 ) ) ;
#217 = CARTESIAN_POINT ( 'NONE',  ( 1.499897329051851358, -0.06909256345958164625, 0.1964327680108724494 ) ) ;
#218 = CARTESIAN_POINT ( 'NONE',  ( 1.170781570655603732, -0.1137102404664667304, -0.8959677289467691264 ) ) ;
#219 = CARTESIAN_POINT ( 'NONE',  ( -0.7423568624478904532, 1.363569616596635115, -1.284595890881542912 ) ) ;
#220 = CARTESIAN_POINT ( 'NONE',  ( -0.8025793781257890558, 1.237553402604297137, -1.568169451423053085 ) ) ;
#221 = CARTESIAN_POINT ( 'NONE',  ( -1.095500808433024442, -0.2670993798435479238, 0.4343781109839407462 ) ) ;
#222 = CARTESIAN_POINT ( 'NONE',  ( 1.176120694247963838, -0.1138760560843273817, 0.9044838044923582121 ) ) ;
#223 = CARTESIAN_POINT ( 'NONE',  ( -0.6522611557185876707, 1.363682870969701533, 1.322370723442938267 ) ) ;
#224 = CARTESIAN_POINT ( 'NONE',  ( 0.000000000000000000, 0.000000000000000000, 0.000000000000000000 ) ) ;
#225 = CARTESIAN_POINT ( 'NONE',  ( -1.349644676206407823, 0.05926252123710189224, 1.307930502973440490 ) ) ;
#226 = CARTESIAN_POINT ( 'NONE',  ( 1.302601087825159931, 1.317975103858323838, 0.7502146730866537938 ) ) ;
#227 = CARTESIAN_POINT ( 'NONE',  ( 0.1965349098386938165, -0.06874616266115178564, 1.490276734110321799 ) ) ;
#228 = CARTESIAN_POINT ( 'NONE',  ( 1.396923775231152076, -0.1137617774749251354, -0.4732451045342002671 ) ) ;
#229 = DIRECTION ( 'NONE',  ( -0.000000000000000000, -1.000000000000000000, -0.000000000000000000 ) ) ;
#230 = B_SPLINE_SURFACE_WITH_KNOTS ( 'NONE', 5, 5, ( 
 ( #769, #104, #101, #916, #841, #921, #403, #185, #418, #37, #849, #407 ),
 ( #853, #696, #693, #331, #263, #177, #323, #327, #28, #474, #631, #194 ),
 ( #624, #259, #487, #555, #560, #635, #189, #112, #483, #412, #783, #268 ),
 ( #42, #710, #564, #117, #47, #864, #139, #937, #216, #127, #500, #122 ),
 ( #355, #655, #282, #793, #134, #52, #803, #725, #428, #433, #438, #644 ),
 ( #57, #349, #423, #808, #577, #278, #952, #869, #361, #798, #720, #651 ),
 ( #211, #292, #344, #62, #206, #587, #145, #942, #639, #67, #582, #505 ),
 ( #660, #880, #221, #947, #510, #515, #286, #875, #443, #734, #339, #931 ),
 ( #715, #569, #273, #859, #200, #495, #788, #822, #540, #665, #235, #373 ),
 ( #812, #151, #450, #900, #740, #460, #90, #749, #528, #670, #890, #904 ),
 ( #82, #225, #170, #383, #86, #466, #597, #827, #3, #239, #818, #231 ),
 ( #680, #315, #14, #300, #366, #523, #165, #755, #296, #378, #895, #675 ) ),
 .UNSPECIFIED., .F., .F., .F.,
 ( 6, 3, 3, 6 ),
 ( 6, 3, 3, 6 ),
 ( -1.496740863949865608, -0.2445237187714710547, 0.3815848538177264437, 1.628802649603827035 ),
 ( -1.603788543979792314, -0.3330692051128745224, 0.3022904643205841513, 1.553003506611142726 ),
 .UNSPECIFIED. ) ;
#231 = CARTESIAN_POINT ( 'NONE',  ( 1.553003506611142726, 0.1375192321825052799, 1.307930502973440490 ) ) ;
#232 = CARTESIAN_POINT ( 'NONE',  ( -0.7561501087901426610, 1.318222816270811615, -1.310326892196229442 ) ) ;
#233 = CARTESIAN_POINT ( 'NONE',  ( 0.000000000000000000, 1.250000000000000000, 0.000000000000000000 ) ) ;
#234 = CARTESIAN_POINT ( 'NONE',  ( -0.09907675559826353839, 1.350167657111125852, 1.500000285090820507 ) ) ;
#235 = CARTESIAN_POINT ( 'NONE',  ( 1.302860898153030966, -0.09705388882568471987, 0.8090433846590001643 ) ) ;
#236 = CARTESIAN_POINT ( 'NONE',  ( 0.6652061781734117663, -0.1001603052359756746, 1.348026974647845266 ) ) ;
#237 = CARTESIAN_POINT ( 'NONE',  ( 0.7415825423261893645, -0.1135693217887725620, -1.285039213952053672 ) ) ;
#238 = CARTESIAN_POINT ( 'NONE',  ( 0.4601374421106973478, 1.300007678326663196, -1.568169451423053307 ) ) ;
#239 = CARTESIAN_POINT ( 'NONE',  ( 1.052718289694919429, -0.02515100316400176172, 1.307930502973440490 ) ) ;
#240 = CARTESIAN_POINT ( 'NONE',  ( 1.192233787372432463, 1.317833174986323908, -0.9155366629317921445 ) ) ;
#241 = CARTESIAN_POINT ( 'NONE',  ( -1.090738065993943428E-05, -0.1001658297730586705, 1.499999999976837861 ) ) ;
#242 = CARTESIAN_POINT ( 'NONE',  ( -1.052720754287574501, 1.571269625355611099, -0.06550887720899579991 ) ) ;
#243 = CARTESIAN_POINT ( 'NONE',  ( 0.6651534620716490487, 1.318143304605394972, 1.348049536374312130 ) ) ;
#244 = MECHANICAL_DESIGN_GEOMETRIC_PRESENTATION_REPRESENTATION (  '', ( #737 ), #936 ) ;
#245 = EDGE_LOOP ( 'NONE', ( #692 ) ) ;
#246 = CARTESIAN_POINT ( 'NONE',  ( 1.423705770312029273, -0.1001120867986549784, -0.4823866956713588894 ) ) ;
#247 = EDGE_CURVE ( 'NONE', #9, #9, #414, .T. ) ;
#248 = CARTESIAN_POINT ( 'NONE',  ( 1.349643854675765198, 1.325627941632795181, -0.8168391643160243243 ) ) ;
#249 = CARTESIAN_POINT ( 'NONE',  ( 1.461579939605904377, 1.363600302733135150, -0.1926228962996817673 ) ) ;
#250 = ORIENTED_EDGE ( 'NONE', *, *, #174, .F. ) ;
#251 = CARTESIAN_POINT ( 'NONE',  ( -0.1966325932527687448, -0.1001698830882460228, 1.490259978717040967 ) ) ;
#252 = CARTESIAN_POINT ( 'NONE',  ( 1.095499165371460304, 1.422586841406788594, -0.8168391643160243243 ) ) ;
#253 = CARTESIAN_POINT ( 'NONE',  ( 0.9915808384346459503, 1.350374729257226791, 1.129752064388364952 ) ) ;
#254 =( NAMED_UNIT ( * ) SI_UNIT ( $, .STERADIAN. ) SOLID_ANGLE_UNIT ( ) );
#255 = CARTESIAN_POINT ( 'NONE',  ( -1.460504809301009566, -0.06806945739789631300, 0.3938273394179320208 ) ) ;
#256 = CARTESIAN_POINT ( 'NONE',  ( 1.603788543980070314, 1.224432776857119043, -0.8168391643160243243 ) ) ;
#257 = CARTESIAN_POINT ( 'NONE',  ( 1.348676299917076049, 1.317865630000931487, -0.6638722908107240750 ) ) ;
#258 = EDGE_LOOP ( 'NONE', ( #482 ) ) ;
#259 = CARTESIAN_POINT ( 'NONE',  ( -1.349644676206407823, -0.009161837980089987399, -1.067282593351673636 ) ) ;
#260 = CARTESIAN_POINT ( 'NONE',  ( -1.348640504553024311, -0.1001148912276078745, -0.6639541027831271647 ) ) ;
#261 = CARTESIAN_POINT ( 'NONE',  ( -0.4253656573118511086, 1.651618757424861306, 0.8090433846589535349 ) ) ;
#262 = CARTESIAN_POINT ( 'NONE',  ( 1.301712674984282891, 1.317844689280940562, -0.7517301357623162872 ) ) ;
#263 = CARTESIAN_POINT ( 'NONE',  ( -0.4601411389995657686, -0.1656845311621673311, -1.317726022387352591 ) ) ;
#264 = CARTESIAN_POINT ( 'NONE',  ( -0.9915705515819646099, -0.06807781886524760795, 1.129762555929674894 ) ) ;
#265 = B_SPLINE_CURVE_WITH_KNOTS ( 'NONE', 3,
 ( #33, #328, #350, #356, #860, #128, #279, #574, #640, #68, #501, #201, #217, #340, #578, #652, #645, #865, #656, #511, #938, #943, #283, #506, #287, #439, #784, #118, #870, #565, #207, #730, #948, #424, #362, #583, #794, #711, #661, #212, #799, #135, #876, #434, #804, #140, #953, #726, #854, #63 ),
 .UNSPECIFIED., .T., .F.,
 ( 4, 2, 2, 2, 2, 2, 2, 2, 2, 2, 2, 2, 2, 2, 2, 2, 2, 2, 2, 2, 2, 2, 2, 2, 4 ),
 ( 0.000000000000000000, 0.0002930727014312359182, 0.0005861454028624718364, 0.0008792181042937078630, 0.001172290805724943890, 0.001758436208587415943, 0.002344581611449888213, 0.002637654312881124348, 0.002930727014312360049, 0.003223799715743596184, 0.003516872417174831886, 0.004103017820037303288, 0.004689163222899774691, 0.005275308625762246961, 0.005861454028624718364, 0.006154526730055954499, 0.006447599431487189767, 0.006740672132918425902, 0.007033744834349662037, 0.007619890237212134307, 0.008206035640074604842, 0.008499108341505840977, 0.008792181042937077112, 0.009085253744368313247, 0.009378326445799549382 ),
 .UNSPECIFIED. ) ;
#266 = UNCERTAINTY_MEASURE_WITH_UNIT (LENGTH_MEASURE( 1.000000000000000082E-05 ), #836, 'distance_accuracy_value', 'NONE');
#267 = CARTESIAN_POINT ( 'NONE',  ( 1.461532221936638010, 1.363600235767399749, -0.1929797774849731917 ) ) ;
#268 = CARTESIAN_POINT ( 'NONE',  ( 1.553003506611142726, 0.07312124772154750263, -1.067282593351673636 ) ) ;
#269 = CARTESIAN_POINT ( 'NONE',  ( -0.8964725594466236291, -0.1136221705871503229, 1.169754933809366904 ) ) ;
#270 = PLANE ( 'NONE',  #290 ) ;
#271 = CARTESIAN_POINT ( 'NONE',  ( 0.07892040815423956301, 1.447105226297026315, 1.307930502973388531 ) ) ;
#272 = CARTESIAN_POINT ( 'NONE',  ( -0.9034202931881982757, 1.363674620294390349, -1.176981194246594642 ) ) ;
#273 = CARTESIAN_POINT ( 'NONE',  ( -1.095500808433024442, -0.1754798220032298128, 0.8090433846590002753 ) ) ;
#274 = CARTESIAN_POINT ( 'NONE',  ( -0.9915682240747517584, 1.318555006883952885, 1.129764599684927040 ) ) ;
#275 = CARTESIAN_POINT ( 'NONE',  ( -1.285335951049499936, -0.1134811066282492703, 0.7398122719381771129 ) ) ;
#276 = CIRCLE ( 'NONE', #305, 0.7500000000000000000 ) ;
#277 = CARTESIAN_POINT ( 'NONE',  ( 1.349643854675765198, 1.113687725980489374, 1.557374062130605807 ) ) ;
#278 = CARTESIAN_POINT ( 'NONE',  ( -0.07892533733949060049, -0.6121833982098510152, -0.06550887720895821886 ) ) ;
#279 = CARTESIAN_POINT ( 'NONE',  ( 0.7513213142594113991, -0.06847481503052980922, 1.301969729192759884 ) ) ;
#280 = CARTESIAN_POINT ( 'NONE',  ( -0.04815193649791300878, 1.564611869217548801, 1.058486943816171033 ) ) ;
#281 = CARTESIAN_POINT ( 'NONE',  ( -1.396921692441460250, 1.363761774047953734, -0.4732512206071396443 ) ) ;
#282 = CARTESIAN_POINT ( 'NONE',  ( -1.095500808433024442, -0.2654069518511029124, -0.4411740207624764709 ) ) ;
#283 = CARTESIAN_POINT ( 'NONE',  ( 0.7561407481058300961, -0.06822281799907739530, -1.310332256377757076 ) ) ;
#284 = CARTESIAN_POINT ( 'NONE',  ( -0.1923370214197079875, -0.1136749912824760594, -1.471536096361389268 ) ) ;
#285 = CARTESIAN_POINT ( 'NONE',  ( 0.4601374421106973478, 1.421150147957638721, 1.307930502973388531 ) ) ;
#286 = CARTESIAN_POINT ( 'NONE',  ( 0.04814659654720108289, -0.5715677254533084728, 0.4343781109839407462 ) ) ;
#287 = CARTESIAN_POINT ( 'NONE',  ( 0.1970863738856760417, -0.06856900491011250209, -1.500001428944124360 ) ) ;
#288 = CARTESIAN_POINT ( 'NONE',  ( -0.7366546438035509459, -0.1135599690484963564, 1.276688174899079264 ) ) ;
#289 = CARTESIAN_POINT ( 'NONE',  ( -0.1927491238038764043, 1.363801466117552819, 1.462147662177356366 ) ) ;
#290 = AXIS2_PLACEMENT_3D ( 'NONE', #855, #196, #492 ) ;
#291 = CARTESIAN_POINT ( 'NONE',  ( -1.460365684052501223, 1.350076408645569881, 0.3941708613728801547 ) ) ;
#292 = CARTESIAN_POINT ( 'NONE',  ( -1.349644676206407823, -0.1747661816686187364, 0.05971283730888124475 ) ) ;
#293 = DIRECTION ( 'NONE',  ( -0.000000000000000000, -1.000000000000000000, -0.000000000000000000 ) ) ;
#294 = CARTESIAN_POINT ( 'NONE',  ( -1.170780683546270629, 1.363710241011184987, -0.8959689217842414788 ) ) ;
#295 = FACE_OUTER_BOUND ( 'NONE', #258, .T. ) ;
#296 = CARTESIAN_POINT ( 'NONE',  ( 0.8025756812368076698, 0.009484906092677991563, 1.557374062130660430 ) ) ;
#297 = CARTESIAN_POINT ( 'NONE',  ( -1.348674778787753548, 1.318556346145024483, -0.6638753749027958007 ) ) ;
#298 = CARTESIAN_POINT ( 'NONE',  ( 1.490319474854388426, -0.06905165262711275564, -0.1963831585437237348 ) ) ;
#299 = DIRECTION ( 'NONE',  ( -0.000000000000000000, -1.000000000000000000, -0.000000000000000000 ) ) ;
#300 = CARTESIAN_POINT ( 'NONE',  ( -0.8413569406596409506, 0.01529061317459033675, 1.557374062130660652 ) ) ;
#301 = CARTESIAN_POINT ( 'NONE',  ( 0.7536904107204440706, 1.317870580719132434, -1.311536350625419844 ) ) ;
#302 = CARTESIAN_POINT ( 'NONE',  ( 0.3809320422799387651, -0.1137262636652830866, 1.424651861656047958 ) ) ;
#303 = CARTESIAN_POINT ( 'NONE',  ( 1.131148541098744964, -0.1002668230604550764, -0.9901003185320980116 ) ) ;
#304 = CARTESIAN_POINT ( 'NONE',  ( -1.302862130449359945, 1.114002861469101990, -1.568169451423053085 ) ) ;
#305 = AXIS2_PLACEMENT_3D ( 'NONE', #224, #299, #884 ) ;
#306 = CARTESIAN_POINT ( 'NONE',  ( 0.09908882566252509572, 1.318713228207997412, 1.500000179510095677 ) ) ;
#307 = CARTESIAN_POINT ( 'NONE',  ( -0.09841955749541410337, 1.318549075629600109, -1.499965325219100309 ) ) ;
#308 = FACE_OUTER_BOUND ( 'NONE', #245, .T. ) ;
#309 = CARTESIAN_POINT ( 'NONE',  ( -0.3851446953691540775, -0.1135557453415106249, -1.432898889976127688 ) ) ;
#310 = CARTESIAN_POINT ( 'NONE',  ( 0.07892040815423956301, 1.557129137665370200, -1.067282593351700504 ) ) ;
#311 = FACE_OUTER_BOUND ( 'NONE', #689, .T. ) ;
#312 = CARTESIAN_POINT ( 'NONE',  ( 0.4835704658769744424, -0.1000977310604451442, 1.423310651032959395 ) ) ;
#313 = CARTESIAN_POINT ( 'NONE',  ( -0.9031142165395922294, -0.1134852850992296158, -1.176534268696366015 ) ) ;
#314 = CARTESIAN_POINT ( 'NONE',  ( -0.4835767259221007697, 1.350097732264560424, 1.423308523820411509 ) ) ;
#315 = CARTESIAN_POINT ( 'NONE',  ( -1.349644676206407823, 0.1363124764298066505, 1.557374062130660652 ) ) ;
#316 = CARTESIAN_POINT ( 'NONE',  ( 1.323023350907330364, -0.1137027013972411599, -0.6512934379802998164 ) ) ;
#317 = CARTESIAN_POINT ( 'NONE',  ( 0.07892040815423956301, 1.862183805980156315, -0.06550887720899581379 ) ) ;
#318 = CARTESIAN_POINT ( 'NONE',  ( 0.7564962575342465412, 1.350097707357387433, -1.310178311997899359 ) ) ;
#319 = CARTESIAN_POINT ( 'NONE',  ( -0.6651593913916146183, -0.06814330010548227956, 1.348046609955335429 ) ) ;
#320 = CARTESIAN_POINT ( 'NONE',  ( -1.553003506611145390, 1.326886168098452501, 0.05971283730884228980 ) ) ;
#321 = CARTESIAN_POINT ( 'NONE',  ( 0.9031193173569463939, 1.363485287202834684, -1.176530354635295428 ) ) ;
#322 = ORIENTED_EDGE ( 'NONE', *, *, #912, .F. ) ;
#323 = CARTESIAN_POINT ( 'NONE',  ( 0.04814659654720108289, -0.1920535918045283286, -1.317726022387352591 ) ) ;
#324 = CARTESIAN_POINT ( 'NONE',  ( -1.301684166476565929, -0.1001671082038810140, -0.7517738262482863698 ) ) ;
#325 = CARTESIAN_POINT ( 'NONE',  ( -1.052720754287574501, 1.543103819914943609, -0.4411740207625101107 ) ) ;
#326 = CARTESIAN_POINT ( 'NONE',  ( 1.460397055048500148, 1.350049870745387182, 0.3940937297788034699 ) ) ;
#327 = CARTESIAN_POINT ( 'NONE',  ( 0.4253611388920044423, -0.1721162415313087224, -1.317726022387352591 ) ) ;
#328 = CARTESIAN_POINT ( 'NONE',  ( 0.09910744430464775434, -0.06875610213162565432, 1.499999334488325564 ) ) ;
#329 = CARTESIAN_POINT ( 'NONE',  ( 1.349643854675765198, 1.424766568448915249, 0.05971283730884228980 ) ) ;
#330 = CARTESIAN_POINT ( 'NONE',  ( 1.499895539996592531, 1.318297800778450046, 0.1964463215615924185 ) ) ;
#331 = CARTESIAN_POINT ( 'NONE',  ( -0.8413569406596409506, -0.08215476272529197155, -1.317726022387352591 ) ) ;
#332 = CARTESIAN_POINT ( 'NONE',  ( -1.423713834070444495, -0.1000835654156978366, -0.4823667260156999093 ) ) ;
#333 = CIRCLE ( 'NONE', #132, 1.500000000000000000 ) ;
#334 = CARTESIAN_POINT ( 'NONE',  ( 0.4601374421106973478, 1.810155718253550372, 0.05971283730884228980 ) ) ;
#335 = CARTESIAN_POINT ( 'NONE',  ( 1.285192423583792376, 1.363481329618867477, 0.7400397361170126809 ) ) ;
#336 = CARTESIAN_POINT ( 'NONE',  ( -1.276126651639422294, -0.1134368306054219094, -0.7369744831956751563 ) ) ;
#337 = CARTESIAN_POINT ( 'NONE',  ( 1.275877355404312574, 1.363436941659505797, -0.7374125405281065637 ) ) ;
#338 = CARTESIAN_POINT ( 'NONE',  ( -1.285916842092005075, 1.363740212606245228, 0.7404826272544648980 ) ) ;
#339 = CARTESIAN_POINT ( 'NONE',  ( 1.302860898153030966, -0.1803875233145725843, 0.4343781109839407462 ) ) ;
#340 = CARTESIAN_POINT ( 'NONE',  ( 1.500051026900805162, -0.06908206085245412187, -0.09703800392197908797 ) ) ;
#341 = CARTESIAN_POINT ( 'NONE',  ( -0.3840945936688117679, -0.1135566369475837362, -1.433187745707172001 ) ) ;
#342 = CARTESIAN_POINT ( 'NONE',  ( -1.553003506611145390, 1.178037903671339981, 1.058486943816171033 ) ) ;
#343 = CARTESIAN_POINT ( 'NONE',  ( -0.1970273164981138359, 1.350129791575152893, -1.500001280147034821 ) ) ;
#344 = CARTESIAN_POINT ( 'NONE',  ( -1.095500808433024442, -0.2919792780199456095, 0.05971283730888124475 ) ) ;
#345 = CARTESIAN_POINT ( 'NONE',  ( -4.525589862575249075E-07, 1.318734664003323065, 1.499999999999931388 ) ) ;
#346 = CARTESIAN_POINT ( 'NONE',  ( -0.9721361522615414863, -0.1136551607852262918, 1.107569354578495258 ) ) ;
#347 = CARTESIAN_POINT ( 'NONE',  ( 1.349643854675765198, 1.261270331469352746, 1.058486943816171033 ) ) ;
#348 = CARTESIAN_POINT ( 'NONE',  ( -1.460504689316383109, 1.318844827792859276, 0.3938278024684303547 ) ) ;
#349 = CARTESIAN_POINT ( 'NONE',  ( -1.349644676206407823, -0.1745947936704844161, -0.06550887720895821886 ) ) ;
#350 = CARTESIAN_POINT ( 'NONE',  ( 0.1965488033953888269, -0.06874615853821791633, 1.490274907535389382 ) ) ;
#351 = DIRECTION ( 'NONE',  ( 0.000000000000000000, 0.000000000000000000, -1.000000000000000000 ) ) ;
#352 = ADVANCED_BREP_SHAPE_REPRESENTATION ( 'Part3', ( #11, #478 ), #197 ) ;
#353 = CARTESIAN_POINT ( 'NONE',  ( -0.8025793781257890558, 1.446126531128066439, 1.058486943816171033 ) ) ;
#354 = CARTESIAN_POINT ( 'NONE',  ( -0.7369103641257273019, 1.363733447767335960, 1.277023599154631484 ) ) ;
#355 = CARTESIAN_POINT ( 'NONE',  ( -1.603788543979791426, -0.03676415226440521433, -0.4411740207624765264 ) ) ;
#356 = CARTESIAN_POINT ( 'NONE',  ( 0.3882549243795406779, -0.06862275902500604430, 1.452173834580698042 ) ) ;
#357 = CARTESIAN_POINT ( 'NONE',  ( 0.000000000000000000, 1.250000000000000000, 0.000000000000000000 ) ) ;
#358 = CARTESIAN_POINT ( 'NONE',  ( -0.8966253952755233181, 1.363824845664898255, 1.170309791834405422 ) ) ;
#359 = PRODUCT_DEFINITION ( 'General', '', #678, #415 ) ;
#360 = CARTESIAN_POINT ( 'NONE',  ( -1.310888236673239726, 1.318573203249899350, 0.7548154188038173062 ) ) ;
#361 = CARTESIAN_POINT ( 'NONE',  ( 0.8025756812368076698, -0.4350344728307596887, -0.06550887720895821886 ) ) ;
#362 = CARTESIAN_POINT ( 'NONE',  ( -1.452062922728028838, -0.06810836773643870468, -0.3887566873800854528 ) ) ;
#363 = CARTESIAN_POINT ( 'NONE',  ( -0.1927568850627333352, -0.1137675842688562755, 1.462045620855980443 ) ) ;
#364 = CARTESIAN_POINT ( 'NONE',  ( -1.176008007456308180, 1.363876121307287415, 0.9046315230087637049 ) ) ;
#365 = CARTESIAN_POINT ( 'NONE',  ( -0.4835049183271569184, 1.318525816222254177, 1.423337516428367477 ) ) ;
#366 = CARTESIAN_POINT ( 'NONE',  ( -0.4601411389995657686, -0.05432412788998679243, 1.557374062130660652 ) ) ;
#367 = CARTESIAN_POINT ( 'NONE',  ( -0.1978270830385371604, 1.318551863893017817, -1.490122265043873906 ) ) ;
#368 = FACE_OUTER_BOUND ( 'NONE', #706, .T. ) ;
#369 = EDGE_LOOP ( 'NONE', ( #397 ) ) ;
#370 = CARTESIAN_POINT ( 'NONE',  ( 1.500051940489334878, -0.06908206428376856278, -0.09702383210798277979 ) ) ;
#371 = CARTESIAN_POINT ( 'NONE',  ( -0.9723378592713435298, 1.363861767558004479, 1.108174983717850504 ) ) ;
#372 = CARTESIAN_POINT ( 'NONE',  ( -2.717374525319513787E-06, 1.318734664493272923, 1.499999999997539080 ) ) ;
#373 = CARTESIAN_POINT ( 'NONE',  ( 1.553003506611142726, 0.01126298974136294428, 0.8090433846590002753 ) ) ;
#374 = CARTESIAN_POINT ( 'NONE',  ( -1.301710953325255105, 1.318494769108689901, -0.7517331161087069669 ) ) ;
#375 = CARTESIAN_POINT ( 'NONE',  ( -3.873019149430412935E-06, -0.06873466320404687802, 1.499999999995000666 ) ) ;
#376 = CARTESIAN_POINT ( 'NONE',  ( 1.452038967699077254, -0.1001484175309235169, -0.3888652819579370146 ) ) ;
#377 = CARTESIAN_POINT ( 'NONE',  ( -0.09909426041157523568, 1.318756100778548435, 1.499999820484982704 ) ) ;
#378 = CARTESIAN_POINT ( 'NONE',  ( 1.052718289694919429, 0.06947693288425606239, 1.557374062130660430 ) ) ;
#379 = CARTESIAN_POINT ( 'NONE',  ( 1.347475325436332305, 1.317864634274366731, -0.6662976876203513532 ) ) ;
#380 = DIRECTION ( 'NONE',  ( 0.000000000000000000, 0.000000000000000000, -1.000000000000000000 ) ) ;
#381 = CARTESIAN_POINT ( 'NONE',  ( 1.423752949045078653, -0.06874304698324837370, -0.4822672686560041111 ) ) ;
#382 = FACE_OUTER_BOUND ( 'NONE', #542, .T. ) ;
#383 = CARTESIAN_POINT ( 'NONE',  ( -0.8413569406596409506, -0.08610473357133600902, 1.307930502973440490 ) ) ;
#384 = CARTESIAN_POINT ( 'NONE',  ( -4.525589863094986374E-07, 1.318734664003323287, 1.499999999999931388 ) ) ;
#385 = CARTESIAN_POINT ( 'NONE',  ( 0.3882412163012156636, -0.06862277266831244560, 1.452177493621486626 ) ) ;
#386 = CARTESIAN_POINT ( 'NONE',  ( 1.499895633162121600, -0.1001588927516033067, 0.1964442899037334433 ) ) ;
#387 = CARTESIAN_POINT ( 'NONE',  ( -1.052720754287574501, 1.272013665979546904, -1.317726022387376794 ) ) ;
#388 = CARTESIAN_POINT ( 'NONE',  ( 0.3808995437302424292, 1.363670730661228570, 1.424448764607083362 ) ) ;
#389 = CARTESIAN_POINT ( 'NONE',  ( 0.3883053015963538468, -0.1001285924418185563, 1.452163391291390937 ) ) ;
#390 = CARTESIAN_POINT ( 'NONE',  ( -1.302862130449359945, 1.452819007923382921, -0.06550887720899579991 ) ) ;
#391 = CARTESIAN_POINT ( 'NONE',  ( 0.9213065469137582397, 1.350246066447106541, -1.200158003286286634 ) ) ;
#392 = EDGE_LOOP ( 'NONE', ( #907 ) ) ;
#393 = CARTESIAN_POINT ( 'NONE',  ( -1.322247281047274514, -0.1134153796333960545, -0.6508973418122351307 ) ) ;
#394 = CARTESIAN_POINT ( 'NONE',  ( -1.052720754287574501, 1.571530743972830990, 0.05971283730884228286 ) ) ;
#395 = CARTESIAN_POINT ( 'NONE',  ( 1.499895693470359559, 1.350143539536953874, 0.1964425380314777370 ) ) ;
#396 = AXIS2_PLACEMENT_3D ( 'NONE', #357, #949, #351 ) ;
#397 = ORIENTED_EDGE ( 'NONE', *, *, #620, .F. ) ;
#398 = PRESENTATION_STYLE_ASSIGNMENT (( #627 ) ) ;
#399 = CARTESIAN_POINT ( 'NONE',  ( -0.1965425421016152863, -0.06866377324564790219, 1.490275724139460412 ) ) ;
#400 = CARTESIAN_POINT ( 'NONE',  ( -0.04815193649791300878, 1.821567648811202700, 0.4343781109838980026 ) ) ;
#401 = CARTESIAN_POINT ( 'NONE',  ( 0.8964674421736358312, 1.363622169279586016, 1.169758863866451337 ) ) ;
#402 =( NAMED_UNIT ( * ) PLANE_ANGLE_UNIT ( ) SI_UNIT ( $, .RADIAN. ) );
#403 = CARTESIAN_POINT ( 'NONE',  ( 0.04814659654720108289, -0.07078224285958747974, -1.568169451423031102 ) ) ;
#404 = CARTESIAN_POINT ( 'NONE',  ( -1.090738065993943428E-05, -0.1001658297730586705, 1.499999999976837861 ) ) ;
#405 = CARTESIAN_POINT ( 'NONE',  ( -0.8025793781257890558, 1.543671273997108129, 0.8090433846589535349 ) ) ;
#406 = CARTESIAN_POINT ( 'NONE',  ( 1.471038693505859918, 1.363608515616653527, 0.1926810375702822931 ) ) ;
#407 = CARTESIAN_POINT ( 'NONE',  ( 1.553003506611142726, 0.2086986003655463273, -1.568169451423031102 ) ) ;
#408 = CARTESIAN_POINT ( 'NONE',  ( -1.452059260097806392, -0.06810835231349940400, -0.3887703463228877609 ) ) ;
#409 = UNCERTAINTY_MEASURE_WITH_UNIT (LENGTH_MEASURE( 1.000000000000000082E-05 ), #925, 'distance_accuracy_value', 'NONE');
#410 = CARTESIAN_POINT ( 'NONE',  ( -1.302862130449359945, 1.453013931406449855, 0.05971283730884228980 ) ) ;
#411 = CARTESIAN_POINT ( 'NONE',  ( 1.396042007274485464, 1.363448907838364255, -0.4729328079623253411 ) ) ;
#412 = CARTESIAN_POINT ( 'NONE',  ( 1.052718289694919429, -0.1091555015896233244, -1.067282593351673636 ) ) ;
#413 = CARTESIAN_POINT ( 'NONE',  ( -0.9144284492604509706, -0.1003187734035589362, 1.193081056124346340 ) ) ;
#414 = B_SPLINE_CURVE_WITH_KNOTS ( 'NONE', 3,
 ( #567, #125, #503, #796, #801, #131, #60, #436, #728, #493, #65, #489, #633, #923, #267, #851, #192, #114, #337, #637, #786, #518, #806, #663, #585, #76, #883, #219, #738, #810, #294, #441, #148, #447, #955, #513, #878, #142, #732, #70, #364, #371, #358, #590, #223, #950, #658, #289, #497, #124 ),
 .UNSPECIFIED., .T., .F.,
 ( 4, 2, 2, 2, 2, 2, 2, 2, 2, 2, 2, 2, 2, 2, 2, 2, 2, 2, 2, 2, 2, 2, 2, 2, 4 ),
 ( 0.000000000000000000, 0.0002874200313798846757, 0.0005748400627597693513, 0.0008622600941396540812, 0.001149680125519538703, 0.001724520188279307295, 0.002299360251039076538, 0.002586780282418961376, 0.002874200313798845347, 0.003161620345178730619, 0.003449040376558614590, 0.004023880439318383399, 0.004598720502078151341, 0.005173560564837920150, 0.005748400627597688092, 0.006035820658977572063, 0.006323240690357456902, 0.006610660721737340005, 0.006898080753117223109, 0.007472920815876991918, 0.008047760878636761595, 0.008335180910016644698, 0.008622600941396529536, 0.008910020972776414375, 0.009197441004156299213 ),
 .UNSPECIFIED. ) ;
#415 = PRODUCT_DEFINITION_CONTEXT ( 'detailed design', #116, 'design' ) ;
#416 = CARTESIAN_POINT ( 'NONE',  ( 0.8413544760671551881, 1.336105443418706074, 1.307930502973388531 ) ) ;
#417 = CARTESIAN_POINT ( 'NONE',  ( -0.6651587045418896338, 1.318460355859897293, 1.348046953741292686 ) ) ;
#418 = CARTESIAN_POINT ( 'NONE',  ( 0.8025756812368076698, 0.01244571238933582513, -1.568169451423031102 ) ) ;
#419 = CARTESIAN_POINT ( 'NONE',  ( -0.6651565689315857011, 1.318460355988718247, 1.348048007244588398 ) ) ;
#420 = CARTESIAN_POINT ( 'NONE',  ( -1.471150678643581955, -0.1136058216173911756, -0.09553999628922747733 ) ) ;
#421 = CARTESIAN_POINT ( 'NONE',  ( 0.07892040815423956301, 1.325110887073307930, 1.557374062130605807 ) ) ;
#422 = CARTESIAN_POINT ( 'NONE',  ( -1.423703655433770976, 1.350112085844972887, -0.4823929320405442311 ) ) ;
#423 = CARTESIAN_POINT ( 'NONE',  ( -1.095500808433024442, -0.2917398674891047983, -0.06550887720895821886 ) ) ;
#424 = CARTESIAN_POINT ( 'NONE',  ( -1.423755232908689772, -0.06799106340246362234, -0.4822605035132783713 ) ) ;
#425 = CARTESIAN_POINT ( 'NONE',  ( -1.275871642626806191, -0.1134369443622402635, -0.7374223621764519621 ) ) ;
#426 = CARTESIAN_POINT ( 'NONE',  ( -1.052720754287574501, 1.362788525215975710, 1.058486943816171033 ) ) ;
#427 = CARTESIAN_POINT ( 'NONE',  ( -0.3928140088531388296, 1.350071505117934390, -1.460934692298126558 ) ) ;
#428 = CARTESIAN_POINT ( 'NONE',  ( 0.8025756812368076698, -0.4025033629410016411, -0.4411740207624764709 ) ) ;
#429 = CARTESIAN_POINT ( 'NONE',  ( -1.310886986362510331, 1.318573202868577043, 0.7548175707196782547 ) ) ;
#430 = CARTESIAN_POINT ( 'NONE',  ( 0.3807498059435738269, -0.1137263701461593279, 1.424697209086255967 ) ) ;
#431 = CARTESIAN_POINT ( 'NONE',  ( 1.603788543980070314, 1.171133842753751209, 1.058486943816171033 ) ) ;
#432 = CARTESIAN_POINT ( 'NONE',  ( -0.9724889539036946084, 1.363861815464517013, 1.108042098401635256 ) ) ;
#433 = CARTESIAN_POINT ( 'NONE',  ( 1.052718289694919429, -0.2931049310837214872, -0.4411740207624764709 ) ) ;
#434 = CARTESIAN_POINT ( 'NONE',  ( -0.7513031669751860653, -0.06810660377562799406, 1.301980186987096388 ) ) ;
#435 = CARTESIAN_POINT ( 'NONE',  ( 0.09719662394769601477, -0.1138011127826680235, 1.471701329326180696 ) ) ;
#436 = CARTESIAN_POINT ( 'NONE',  ( 0.8964554085421562180, 1.363622161360837248, 1.169771229141649105 ) ) ;
#437 = CARTESIAN_POINT ( 'NONE',  ( -1.423750834620824968, 1.318743039443223353, -0.4822735054674758826 ) ) ;
#438 = CARTESIAN_POINT ( 'NONE',  ( 1.302860898153030966, -0.1790681947462072765, -0.4411740207624764709 ) ) ;
#439 = CARTESIAN_POINT ( 'NONE',  ( -0.1971081243193394117, -0.06848968509612694822, -1.499998570977029377 ) ) ;
#440 = CARTESIAN_POINT ( 'NONE',  ( -1.461530429039399337, -0.1136002333064535796, -0.1929931056213144425 ) ) ;
#441 = CARTESIAN_POINT ( 'NONE',  ( -1.277334449776602820, 1.363703908304675583, -0.7365496209700999053 ) ) ;
#442 = CARTESIAN_POINT ( 'NONE',  ( -1.553003506611145390, 1.237611521663529279, -0.8168391643160243243 ) ) ;
#443 = CARTESIAN_POINT ( 'NONE',  ( 0.8025756812368076698, -0.4048593196920275972, 0.4343781109839407462 ) ) ;
#444 = CARTESIAN_POINT ( 'NONE',  ( 0.3925618167334351538, 1.318253807360900254, -1.460846348616698931 ) ) ;
#445 = CARTESIAN_POINT ( 'NONE',  ( 1.310884941052625097, -0.06857320202444885937, 0.7548211284538346444 ) ) ;
#446 = CARTESIAN_POINT ( 'NONE',  ( 0.1971006142567544583, -0.06856900373477593791, -1.499999558050474580 ) ) ;
#447 = CARTESIAN_POINT ( 'NONE',  ( -1.397222938980983820, 1.363762254494303550, -0.4723593515370334561 ) ) ;
#448 = PRESENTATION_LAYER_ASSIGNMENT (  '', '', ( #737 ) ) ;
#449 = CYLINDRICAL_SURFACE ( 'NONE', #892, 1.499999999999999556 ) ;
#450 = CARTESIAN_POINT ( 'NONE',  ( -1.095500808433024442, -0.09663777760666286687, 1.058486943816220549 ) ) ;
#451 = CARTESIAN_POINT ( 'NONE',  ( 0.9231265097286435184, 1.318090726190825013, 1.198414306735400059 ) ) ;
#452 = CARTESIAN_POINT ( 'NONE',  ( 0.1928416802371958616, -0.1138014645198342778, 1.462138829275870133 ) ) ;
#453 = CARTESIAN_POINT ( 'NONE',  ( 1.472182327229856647, -0.1139173044079764413, -0.09523280638732249670 ) ) ;
#454 = CARTESIAN_POINT ( 'NONE',  ( 0.8413544760671551881, 1.232042775604943463, -1.568169451423053307 ) ) ;
#455 = CARTESIAN_POINT ( 'NONE',  ( 4.316542220983656329E-06, 1.350165829674084161, 1.500000000010281553 ) ) ;
#456 = CARTESIAN_POINT ( 'NONE',  ( 0.000000000000000000, 1.250000000000000000, -1.499999999999999556 ) ) ;
#457 = CYLINDRICAL_SURFACE ( 'NONE', #553, 0.7500000000000000000 ) ;
#458 = CARTESIAN_POINT ( 'NONE',  ( 0.7561533727239155844, -0.06822281843211434882, -1.310325004716677455 ) ) ;
#459 = CARTESIAN_POINT ( 'NONE',  ( -0.4253656573118511086, 1.303873946018197172, -1.568169451423053085 ) ) ;
#460 = CARTESIAN_POINT ( 'NONE',  ( -0.07892533733949060049, -0.3132998675360272878, 1.058486943816220549 ) ) ;
#461 = CARTESIAN_POINT ( 'NONE',  ( 1.007309039706935332E-05, -0.06873466622096480183, 1.499999999966177722 ) ) ;
#462 = CARTESIAN_POINT ( 'NONE',  ( 0.9724841107633229731, -0.1138618142734346000, 1.108046349735304137 ) ) ;
#463 = CARTESIAN_POINT ( 'NONE',  ( -0.1970938874388660778, -0.06848969200134898128, -1.500000441942016760 ) ) ;
#464 = CARTESIAN_POINT ( 'NONE',  ( -0.04815193649791300878, 1.558421115296992010, -1.067282593351700504 ) ) ;
#465 = AXIS2_PLACEMENT_3D ( 'NONE', #233, #676, #666 ) ;
#466 = CARTESIAN_POINT ( 'NONE',  ( -0.07892533733949060049, -0.1971050381816529806, 1.307930502973440490 ) ) ;
#467 = CARTESIAN_POINT ( 'NONE',  ( -1.423751682061225488, 1.318743042511102193, -0.4822710028276168126 ) ) ;
#468 = CARTESIAN_POINT ( 'NONE',  ( 0.000000000000000000, 0.000000000000000000, 0.000000000000000000 ) ) ;
#469 = CARTESIAN_POINT ( 'NONE',  ( 1.095499165371460304, 1.541740620559482133, -0.06550887720899581379 ) ) ;
#470 = CARTESIAN_POINT ( 'NONE',  ( 0.6652581290413666082, 1.350125727903644490, 1.348004061628198524 ) ) ;
#471 = CARTESIAN_POINT ( 'NONE',  ( -0.6523167753910320554, -0.1135360548919647633, 1.321936118961257955 ) ) ;
#472 = CARTESIAN_POINT ( 'NONE',  ( 1.603788543980070314, 1.304296914365588478, 0.05971283730884228980 ) ) ;
#473 = CARTESIAN_POINT ( 'NONE',  ( 0.3926027304906750670, 1.318253186256664211, -1.461021082834740525 ) ) ;
#474 = CARTESIAN_POINT ( 'NONE',  ( 1.052718289694919429, -0.02201439758607021471, -1.317726022387352591 ) ) ;
#475 = CARTESIAN_POINT ( 'NONE',  ( -1.199133090675758018, -0.06803920858333750710, 0.9221616978736794090 ) ) ;
#476 = CARTESIAN_POINT ( 'NONE',  ( 1.603788543980070314, 1.287373075082728135, 0.4343781109838980026 ) ) ;
#477 = CARTESIAN_POINT ( 'NONE',  ( 1.471175643903913866, 1.363605848223295114, -0.09516715892113669639 ) ) ;
#478 = AXIS2_PLACEMENT_3D ( 'NONE', #171, #623, #36 ) ;
#479 = EDGE_LOOP ( 'NONE', ( #554 ) ) ;
#480 = CARTESIAN_POINT ( 'NONE',  ( -0.9143695564734408698, -0.06807652230223053269, 1.193120775722057214 ) ) ;
#481 = CARTESIAN_POINT ( 'NONE',  ( 0.07892040815423956301, 1.819412127269735890, 0.4343781109838980581 ) ) ;
#482 = ORIENTED_EDGE ( 'NONE', *, *, #247, .T. ) ;
#483 = CARTESIAN_POINT ( 'NONE',  ( 0.8025756812368076698, -0.1913911769210001057, -1.067282593351673636 ) ) ;
#484 = CARTESIAN_POINT ( 'NONE',  ( -0.4836302511086357225, -0.1000896605528404509, 1.423287717974992317 ) ) ;
#485 = CARTESIAN_POINT ( 'NONE',  ( 0.8413544760671551881, 1.627742172437578905, -0.4411740207625101662 ) ) ;
#486 = CARTESIAN_POINT ( 'NONE',  ( 1.490319416208163217, 1.318259564191001765, -0.1963835965964842722 ) ) ;
#487 = CARTESIAN_POINT ( 'NONE',  ( -1.095500808433024442, -0.09333759150705099594, -1.067282593351673636 ) ) ;
#488 = CARTESIAN_POINT ( 'NONE',  ( -1.169606341575822883, -0.1134777634853941647, -0.8962743781141281341 ) ) ;
#489 = CARTESIAN_POINT ( 'NONE',  ( 1.432329449523401355, 1.363461335820153497, 0.3858769794478794646 ) ) ;
#490 = CARTESIAN_POINT ( 'NONE',  ( -0.7513147860456000915, 1.318474811942707436, 1.301973489703783571 ) ) ;
#491 = CARTESIAN_POINT ( 'NONE',  ( -0.3882453328015380012, 1.318622771714342612, 1.452176391741965222 ) ) ;
#492 = DIRECTION ( 'NONE',  ( 0.000000000000000000, 0.000000000000000000, -1.000000000000000000 ) ) ;
#493 = CARTESIAN_POINT ( 'NONE',  ( 1.175642939836493595, 1.363654183107014806, 0.9038880325100280277 ) ) ;
#494 = CARTESIAN_POINT ( 'NONE',  ( -0.9212670756683840612, 1.318283923582472150, -1.200196106294357357 ) ) ;
#495 = CARTESIAN_POINT ( 'NONE',  ( -0.07892533733949060049, -0.4266450145563159824, 0.8090433846590002753 ) ) ;
#496 = CARTESIAN_POINT ( 'NONE',  ( -1.460503993078292817, 1.318844824640298397, 0.3938303470837444253 ) ) ;
#497 = CARTESIAN_POINT ( 'NONE',  ( -0.09718754378483199230, 1.363801112465016896, 1.471701953445362365 ) ) ;
#498 = CARTESIAN_POINT ( 'NONE',  ( -0.04815193649791300878, 1.448080990474902574, 1.307930502973388531 ) ) ;
#499 = CARTESIAN_POINT ( 'NONE',  ( -1.193098444587485041, 1.350241243139933767, -0.9143758719040890881 ) ) ;
#500 = CARTESIAN_POINT ( 'NONE',  ( 1.302860898153030966, -0.09488032101007315422, -0.8168391643159949034 ) ) ;
#501 = CARTESIAN_POINT ( 'NONE',  ( 1.310892038813071814, -0.06857320437557153092, 0.7548088002853566847 ) ) ;
#502 = CARTESIAN_POINT ( 'NONE',  ( -0.8964702478459833923, -0.1136221670407359940, 1.169759814108768614 ) ) ;
#503 = CARTESIAN_POINT ( 'NONE',  ( 0.1927633185984285180, 1.363767580711379823, 1.462044325152395130 ) ) ;
#504 = CARTESIAN_POINT ( 'NONE',  ( -1.276836495332535515, 1.363703930682826915, -0.7374090089004309290 ) ) ;
#505 = CARTESIAN_POINT ( 'NONE',  ( 1.553003506611142726, -0.07688616884401013041, 0.05971283730888123781 ) ) ;
#506 = CARTESIAN_POINT ( 'NONE',  ( 0.3925893588939849410, -0.06839645815988705524, -1.461024656990182136 ) ) ;
#507 = CARTESIAN_POINT ( 'NONE',  ( 1.176011025421150213, -0.1138761184304132035, 0.9046274469922819250 ) ) ;
#508 = CARTESIAN_POINT ( 'NONE',  ( 0.8413544760671551881, 1.234709971750752588, 1.557374062130605807 ) ) ;
#509 = CARTESIAN_POINT ( 'NONE',  ( -1.323020511209950900, 1.363702700720550443, -0.6512991825193839013 ) ) ;
#510 = CARTESIAN_POINT ( 'NONE',  ( -0.4601411389995657131, -0.5231623959146488589, 0.4343781109839407462 ) ) ;
#511 = CARTESIAN_POINT ( 'NONE',  ( 1.193140051733605933, -0.06840538001053567130, -0.9143144403321329383 ) ) ;
#512 = CARTESIAN_POINT ( 'NONE',  ( 1.425057638437482899, -0.1138361541982983588, -0.3806783830573813310 ) ) ;
#513 = CARTESIAN_POINT ( 'NONE',  ( -1.462664360622946802, 1.363915948207002904, -0.1920054853141975881 ) ) ;
#514 = CARTESIAN_POINT ( 'NONE',  ( -1.052720754287574501, 1.359154653729905293, -1.067282593351700504 ) ) ;
#515 = CARTESIAN_POINT ( 'NONE',  ( -0.07892533733949060049, -0.5694117886047025401, 0.4343781109839407462 ) ) ;
#516 = CARTESIAN_POINT ( 'NONE',  ( 0.000000000000000000, 0.000000000000000000, -1.500000000000000000 ) ) ;
#517 = FACE_OUTER_BOUND ( 'NONE', #369, .T. ) ;
#518 = CARTESIAN_POINT ( 'NONE',  ( 0.9024401299136259880, 1.363485105919223672, -1.177071381318241183 ) ) ;
#519 = EDGE_CURVE ( 'NONE', #881, #881, #753, .T. ) ;
#520 = CARTESIAN_POINT ( 'NONE',  ( 0.000000000000000000, 0.000000000000000000, 0.000000000000000000 ) ) ;
#521 = CARTESIAN_POINT ( 'NONE',  ( 0.7563409928193374210, -0.1001276845089272838, -1.310245165378652210 ) ) ;
#522 = CARTESIAN_POINT ( 'NONE',  ( -0.4253656573118511086, 1.422115439130516412, -1.317726022387376794 ) ) ;
#523 = CARTESIAN_POINT ( 'NONE',  ( -0.07892533733949060049, -0.07511074056126487708, 1.557374062130660652 ) ) ;
#524 = CARTESIAN_POINT ( 'NONE',  ( 1.128849467120213834, 1.317838058638365784, -0.9926040742919717275 ) ) ;
#525 = CARTESIAN_POINT ( 'NONE',  ( 0.9915651120495502235, -0.06855500663156349761, 1.129767331566980060 ) ) ;
#526 = CARTESIAN_POINT ( 'NONE',  ( 1.490305773663961331, -0.1001757318547705639, -0.1964615005647515344 ) ) ;
#527 = CARTESIAN_POINT ( 'NONE',  ( -0.4743490526493010506, 1.363670094072366279, 1.396276224218365059 ) ) ;
#528 = CARTESIAN_POINT ( 'NONE',  ( 0.8025756812368076698, -0.1961277839599019357, 1.058486943816220549 ) ) ;
#529 = CARTESIAN_POINT ( 'NONE',  ( 1.130696782216036755, 1.318051851155136900, 0.9905123106626898544 ) ) ;
#530 = CARTESIAN_POINT ( 'NONE',  ( 0.1965783690549862128, -0.1001742069076324571, 1.490269462350540364 ) ) ;
#531 = CARTESIAN_POINT ( 'NONE',  ( 1.500051870410040067, -0.1001609046069380227, -0.09703527400236991451 ) ) ;
#532 = CARTESIAN_POINT ( 'NONE',  ( 0.4601374421106973478, 1.526290314443022877, -1.067282593351700504 ) ) ;
#533 = CARTESIAN_POINT ( 'NONE',  ( 0.1965359913200439568, 1.318663777421453798, 1.490276587669868480 ) ) ;
#534 = CARTESIAN_POINT ( 'NONE',  ( 1.451830350575096018, 1.318107374005788701, -0.3895468561776432859 ) ) ;
#535 = CARTESIAN_POINT ( 'NONE',  ( 0.9143638029174349091, -0.06852415272338799324, 1.193125188070302878 ) ) ;
#536 = EDGE_CURVE ( 'NONE', #166, #166, #98, .T. ) ;
#537 = CARTESIAN_POINT ( 'NONE',  ( -1.108838045288314422, -0.1134936174412119192, -0.9705301941292983070 ) ) ;
#538 = CARTESIAN_POINT ( 'NONE',  ( -0.4253656573118511086, 1.788287563785843526, 0.4343781109838980026 ) ) ;
#539 = CIRCLE ( 'NONE', #465, 0.7500000000000000000 ) ;
#540 = CARTESIAN_POINT ( 'NONE',  ( 0.8025756812368076698, -0.2936727270534807976, 0.8090433846590001643 ) ) ;
#541 = APPLICATION_PROTOCOL_DEFINITION ( 'draft international standard', 'automotive_design', 1998, #927 ) ;
#542 = EDGE_LOOP ( 'NONE', ( #667 ) ) ;
#543 = CARTESIAN_POINT ( 'NONE',  ( 0.1970338547825354336, -0.1001297924412640900, -1.500000422112472087 ) ) ;
#544 = CARTESIAN_POINT ( 'NONE',  ( 0.4601374421106973478, 1.770177881254139773, -0.4411740207625101662 ) ) ;
#545 = CARTESIAN_POINT ( 'NONE',  ( 1.193148362236164051, 1.317833157510595932, -0.9143035988779260048 ) ) ;
#546 = CARTESIAN_POINT ( 'NONE',  ( -1.471039545625066003, -0.1136085164248051282, 0.1926745505502204248 ) ) ;
#547 = CARTESIAN_POINT ( 'NONE',  ( 1.095499165371460304, 1.517100106168868701, 0.4343781109838980581 ) ) ;
#548 = CARTESIAN_POINT ( 'NONE',  ( 1.500051910602785199, 1.318287624108344547, -0.09702428838244712972 ) ) ;
#549 = SHAPE_DEFINITION_REPRESENTATION ( #150, #352 ) ;
#550 = CARTESIAN_POINT ( 'NONE',  ( -1.175545016685417554, -0.1136542052836676947, 0.9039962014262539203 ) ) ;
#551 = CARTESIAN_POINT ( 'NONE',  ( 0.8413544760671551881, 1.659053062163850178, 0.05971283730884228980 ) ) ;
#552 = CARTESIAN_POINT ( 'NONE',  ( 1.322250118565144739, 1.363415379165191510, -0.6508915960636608711 ) ) ;
#553 = AXIS2_PLACEMENT_3D ( 'NONE', #829, #293, #746 ) ;
#554 = ORIENTED_EDGE ( 'NONE', *, *, #776, .T. ) ;
#555 = CARTESIAN_POINT ( 'NONE',  ( -0.8413569406596409506, -0.1766488535497683920, -1.067282593351673636 ) ) ;
#556 = CARTESIAN_POINT ( 'NONE',  ( -1.499896558706128591, -0.1001435392842285332, 0.1964359190495116037 ) ) ;
#557 = CARTESIAN_POINT ( 'NONE',  ( -1.302862130449359945, 1.430386923754689121, 0.4343781109838980026 ) ) ;
#558 = CARTESIAN_POINT ( 'NONE',  ( 1.423752814348607343, 1.317991056714177045, -0.4822676685189600798 ) ) ;
#559 = ORIENTED_EDGE ( 'NONE', *, *, #247, .F. ) ;
#560 = CARTESIAN_POINT ( 'NONE',  ( -0.4601411389995657686, -0.2762894462513799110, -1.067282593351673636 ) ) ;
#561 = CARTESIAN_POINT ( 'NONE',  ( -1.310795239786073596, -0.1001848594363972805, 0.7550357955525388576 ) ) ;
#562 = CARTESIAN_POINT ( 'NONE',  ( -0.4253656573118511086, 1.308369969888122597, 1.557374062130605807 ) ) ;
#563 = CARTESIAN_POINT ( 'NONE',  ( 1.432210088955965688, 1.363461157693484749, 0.3862768784506867559 ) ) ;
#564 = CARTESIAN_POINT ( 'NONE',  ( -1.095500808433024442, -0.1725862199791578233, -0.8168391643159947924 ) ) ;
#565 = CARTESIAN_POINT ( 'NONE',  ( -1.131178701721831326, -0.06783794525271374942, -0.9900685045677172225 ) ) ;
#566 = CARTESIAN_POINT ( 'NONE',  ( 1.471966525747036236, -0.1139197646556134175, 0.1932484701962991491 ) ) ;
#567 = CARTESIAN_POINT ( 'NONE',  ( 9.639476402907663083E-06, 1.363791863779763025, 1.471675992405382605 ) ) ;
#568 = CARTESIAN_POINT ( 'NONE',  ( -1.301661502648803426, 1.350172604338100824, -0.7518092396962894330 ) ) ;
#569 = CARTESIAN_POINT ( 'NONE',  ( -1.349644676206407823, -0.07751800754293565465, 0.8090433846590002753 ) ) ;
#570 = CARTESIAN_POINT ( 'NONE',  ( -1.199131212751328723, 1.318604771945385279, 0.9221641444935568810 ) ) ;
#571 = CLOSED_SHELL ( 'NONE', ( #608, #129, #191, #19, #845, #759, #703, #856, #72 ) ) ;
#572 = CARTESIAN_POINT ( 'NONE',  ( -1.432333416367684631, -0.1134613444054297510, 0.3858620055060307807 ) ) ;
#573 = CARTESIAN_POINT ( 'NONE',  ( -0.7415769746624969461, 1.363569317612812304, -1.285042437191381781 ) ) ;
#574 = CARTESIAN_POINT ( 'NONE',  ( 0.9143751352143603128, -0.06852415734623708288, 1.193116509439240192 ) ) ;
#575 = CARTESIAN_POINT ( 'NONE',  ( 1.349643854675765198, 1.190737723404817761, 1.307930502973388531 ) ) ;
#576 = CARTESIAN_POINT ( 'NONE',  ( -1.500051512111714613, 1.319082063243460334, -0.09703045962642466160 ) ) ;
#577 = CARTESIAN_POINT ( 'NONE',  ( -0.4601411389995657686, -0.5597327087213170849, -0.06550887720895821886 ) ) ;
#578 = CARTESIAN_POINT ( 'NONE',  ( 1.490317605327092787, -0.06905164546804913595, -0.1963973054542324514 ) ) ;
#579 = CARTESIAN_POINT ( 'NONE',  ( -0.3807415409414656171, -0.1136708450728561720, 1.424488864569217306 ) ) ;
#580 = CARTESIAN_POINT ( 'NONE',  ( -1.553003506611145390, 1.040163086124788583, 1.557374062130605807 ) ) ;
#581 = CARTESIAN_POINT ( 'NONE',  ( -1.500051441953951237, 1.350160905146728929, -0.09704190348869004556 ) ) ;
#582 = CARTESIAN_POINT ( 'NONE',  ( 1.302860898153030966, -0.2030145480602709718, 0.05971283730888124475 ) ) ;
#583 = CARTESIAN_POINT ( 'NONE',  ( -1.490320424999608706, -0.06825956781658751304, -0.1963759770776160041 ) ) ;
#584 = CARTESIAN_POINT ( 'NONE',  ( 0.9041980981772645976, -0.1136749185871055029, -1.176382843133610079 ) ) ;
#585 = CARTESIAN_POINT ( 'NONE',  ( 0.1923437316264953179, 1.363674990429976974, -1.471535300995063800 ) ) ;
#586 = CARTESIAN_POINT ( 'NONE',  ( -0.3925965948657928473, 1.318396454471247425, -1.461022747532020993 ) ) ;
#587 = CARTESIAN_POINT ( 'NONE',  ( -0.07892533733949060049, -0.6126861191462386058, 0.05971283730888124475 ) ) ;
#588 = CARTESIAN_POINT ( 'NONE',  ( 1.500201075965487796, 1.318298656431265758, 0.1962806376034063327 ) ) ;
#589 = CARTESIAN_POINT ( 'NONE',  ( 0.6524452188666979291, -0.1136829449294703837, 1.322279587931262324 ) ) ;
#590 = CARTESIAN_POINT ( 'NONE',  ( -0.7367357401550894691, 1.363733345529138719, 1.277124727454702180 ) ) ;
#591 = CARTESIAN_POINT ( 'NONE',  ( -1.553003506611145390, 1.112071257800226087, -1.317726022387376794 ) ) ;
#592 = FACE_OUTER_BOUND ( 'NONE', #840, .T. ) ;
#593 = CARTESIAN_POINT ( 'NONE',  ( 1.301346996721588267, 1.317844537156564799, -0.7524126388148992817 ) ) ;
#594 = DIRECTION ( 'NONE',  ( 0.000000000000000000, 0.000000000000000000, -1.000000000000000000 ) ) ;
#595 = CARTESIAN_POINT ( 'NONE',  ( 1.170189201138294610, -0.1137102829282896216, -0.8967390646159036915 ) ) ;
#596 = CARTESIAN_POINT ( 'NONE',  ( 1.095499165371460304, 1.174109097833608839, -1.568169451423053307 ) ) ;
#597 = CARTESIAN_POINT ( 'NONE',  ( 0.04814659654720108289, -0.1980810516497432672, 1.307930502973440490 ) ) ;
#598 = CARTESIAN_POINT ( 'NONE',  ( 0.1981942672011386408, 1.318691787881941968, 1.500000059796466001 ) ) ;
#599 = CARTESIAN_POINT ( 'NONE',  ( 1.285913602467688488, -0.1137402151786570947, 0.7404882233925011992 ) ) ;
#600 = CARTESIAN_POINT ( 'NONE',  ( 0.3926029984309953313, -0.06839644518295388831, -1.461021021987878754 ) ) ;
#601 = CARTESIAN_POINT ( 'NONE',  ( -1.052720754287574501, 1.178715567028608913, -1.568169451423053085 ) ) ;
#602 = CARTESIAN_POINT ( 'NONE',  ( 0.1966260411376976325, 1.350169882951823164, 1.490260842891989901 ) ) ;
#603 = CARTESIAN_POINT ( 'NONE',  ( 9.639476402849519353E-06, 1.363791863779763025, 1.471675992405382605 ) ) ;
#604 = CARTESIAN_POINT ( 'NONE',  ( 0.000000000000000000, 0.000000000000000000, 0.000000000000000000 ) ) ;
#605 = EDGE_LOOP ( 'NONE', ( #920 ) ) ;
#606 = CARTESIAN_POINT ( 'NONE',  ( -0.3929707823962443891, -0.1000838665961262669, -1.460872189016862333 ) ) ;
#607 = CARTESIAN_POINT ( 'NONE',  ( -0.3882475994502749828, 1.318622769531653027, 1.452175787144482477 ) ) ;
#608 = ADVANCED_FACE ( 'NONE', ( #64, #662 ), #270, .T. ) ;
#609 = CARTESIAN_POINT ( 'NONE',  ( 0.09912041314334681108, 1.350164001591056762, 1.499999714828969211 ) ) ;
#610 = CARTESIAN_POINT ( 'NONE',  ( 0.9211926007822145435, 1.317851606780324536, -1.199858351280916224 ) ) ;
#611 = CARTESIAN_POINT ( 'NONE',  ( 0.9915469774269886072, -0.1003942396415837962, 1.129784952513190666 ) ) ;
#612 = CARTESIAN_POINT ( 'NONE',  ( -0.9213013443864934704, -0.1002460630330482966, -1.200161989725157197 ) ) ;
#613 = CARTESIAN_POINT ( 'NONE',  ( -0.1965849185800227494, 1.350174206932605481, 1.490268598411401912 ) ) ;
#614 = CARTESIAN_POINT ( 'NONE',  ( 0.4836239712272880631, 1.350089660236107880, 1.423289852579139536 ) ) ;
#615 = CARTESIAN_POINT ( 'NONE',  ( 1.193102442007407449, -0.1002412404243991917, -0.9143706554600311565 ) ) ;
#616 = CARTESIAN_POINT ( 'NONE',  ( -0.04815193649791300878, 1.818279454284655650, -0.4411740207625101107 ) ) ;
#617 = CARTESIAN_POINT ( 'NONE',  ( 0.3851509742886637389, 1.363555737665877343, -1.432897189167235519 ) ) ;
#618 = SURFACE_SIDE_STYLE ('',( #32 ) ) ;
#619 = CARTESIAN_POINT ( 'NONE',  ( -0.3809058150507795282, -0.1136707276307803438, 1.424447079578952113 ) ) ;
#620 = EDGE_CURVE ( 'NONE', #896, #896, #333, .T. ) ;
#621 = CARTESIAN_POINT ( 'NONE',  ( -0.8025793781257890558, 1.654857648883661936, 0.4343781109838980026 ) ) ;
#622 = CARTESIAN_POINT ( 'NONE',  ( 0.9143643330361151955, 1.318076523681747103, 1.193124779621415721 ) ) ;
#623 = DIRECTION ( 'NONE',  ( 0.000000000000000000, 0.000000000000000000, 1.000000000000000000 ) ) ;
#624 = CARTESIAN_POINT ( 'NONE',  ( -1.603788543979791426, 0.07972120985635637591, -1.067282593351673636 ) ) ;
#625 = CARTESIAN_POINT ( 'NONE',  ( -1.452040511548102986, -0.1001199670352081045, -0.3888560845121644127 ) ) ;
#626 = CARTESIAN_POINT ( 'NONE',  ( 1.349643854675765198, 1.402822683970690321, -0.4411740207625101662 ) ) ;
#627 = SURFACE_STYLE_USAGE ( .BOTH. , #618 ) ;
#628 = CARTESIAN_POINT ( 'NONE',  ( -1.193144360417222494, -0.06783315773564571605, -0.9143088219780995951 ) ) ;
#629 = CARTESIAN_POINT ( 'NONE',  ( -0.4253656573118511086, 1.826468724980848446, 0.05971283730884228980 ) ) ;
#630 = CARTESIAN_POINT ( 'NONE',  ( 1.452060967777173861, 1.318108359544579056, -0.3887639710637140755 ) ) ;
#631 = CARTESIAN_POINT ( 'NONE',  ( 1.302860898153030966, 0.05389770642053733074, -1.317726022387352591 ) ) ;
#632 = CARTESIAN_POINT ( 'NONE',  ( -1.396039928418125298, -0.1134489049881426681, -0.4729389181503430017 ) ) ;
#633 = CARTESIAN_POINT ( 'NONE',  ( 1.471087181536392841, 1.363608556752649470, 0.1922918257213777071 ) ) ;
#634 = CARTESIAN_POINT ( 'NONE',  ( 1.348643392956136777, 1.350114888593473284, -0.6639482391768748437 ) ) ;
#635 = CARTESIAN_POINT ( 'NONE',  ( -0.07892533733949060049, -0.3071289139307342153, -1.067282593351673636 ) ) ;
#636 = CARTESIAN_POINT ( 'NONE',  ( -1.310888507354510235, -0.06792530680172634283, 0.7548149392733620733 ) ) ;
#637 = CARTESIAN_POINT ( 'NONE',  ( 1.169233195597092267, 1.363477891041461332, -0.8967667958284771812 ) ) ;
#638 = CARTESIAN_POINT ( 'NONE',  ( -1.348673608452011896, 1.318556344195159102, -0.6638777530723648512 ) ) ;
#639 = CARTESIAN_POINT ( 'NONE',  ( 0.8025756812368076698, -0.4353801504463328254, 0.05971283730888124475 ) ) ;
#640 = CARTESIAN_POINT ( 'NONE',  ( 0.9915757997868519524, -0.06855501003157524198, 1.129757946283283632 ) ) ;
#641 = CARTESIAN_POINT ( 'NONE',  ( 0.4741526332833824187, -0.1136701378828414433, 1.396343236373951857 ) ) ;
#642 = CARTESIAN_POINT ( 'NONE',  ( -1.302862130449359945, 1.197928710101186400, 1.307930502973388531 ) ) ;
#643 = CARTESIAN_POINT ( 'NONE',  ( -0.3851594858786763775, 1.363604075463695109, -1.433106673471572279 ) ) ;
#644 = CARTESIAN_POINT ( 'NONE',  ( 1.553003506611142726, -0.05729366724888865225, -0.4411740207624765264 ) ) ;
#645 = CARTESIAN_POINT ( 'NONE',  ( 1.423748424045432781, -0.06874303084146093923, -0.4822806480348301728 ) ) ;
#646 = CARTESIAN_POINT ( 'NONE',  ( -1.395920739287777046, -0.1134487369988101124, -0.4732983864519199058 ) ) ;
#647 = EDGE_LOOP ( 'NONE', ( #203 ) ) ;
#648 = PRODUCT_RELATED_PRODUCT_CATEGORY ( 'part', '', ( #1 ) ) ;
#649 = CARTESIAN_POINT ( 'NONE',  ( -1.302862130449359945, 1.274630275954239389, 1.058486943816171033 ) ) ;
#650 = CARTESIAN_POINT ( 'NONE',  ( -1.433147580823465939, 1.363777814588193582, 0.3865424349240231261 ) ) ;
#651 = CARTESIAN_POINT ( 'NONE',  ( 1.553003506611142726, -0.07676830826314526290, -0.06550887720895821886 ) ) ;
#652 = CARTESIAN_POINT ( 'NONE',  ( 1.452057421516780966, -0.06888005443114804394, -0.3887771996344462355 ) ) ;
#653 = CARTESIAN_POINT ( 'NONE',  ( -1.995936301435116689E-07, -0.1137918648666940702, 1.471675994787775110 ) ) ;
#654 = CARTESIAN_POINT ( 'NONE',  ( 0.07892040815423956301, 1.563300094427138243, 1.058486943816171033 ) ) ;
#655 = CARTESIAN_POINT ( 'NONE',  ( -1.349644676206407823, -0.1528223108836442024, -0.4411740207624764709 ) ) ;
#656 = CARTESIAN_POINT ( 'NONE',  ( 1.301705809157408744, -0.06849476326208529808, -0.7517420204143111517 ) ) ;
#657 = CARTESIAN_POINT ( 'NONE',  ( 1.433068764893376423, -0.1137776614812883863, 0.3868115774038268229 ) ) ;
#658 = CARTESIAN_POINT ( 'NONE',  ( -0.3807416991658869598, 1.363726378653608018, 1.424699397385993827 ) ) ;
#659 = CARTESIAN_POINT ( 'NONE',  ( -1.131169671060504367, 1.318373765252655927, -0.9900788376899821719 ) ) ;
#660 = CARTESIAN_POINT ( 'NONE',  ( -1.603788543979791426, -0.03737307291254882147, 0.4343781109839406906 ) ) ;
#661 = CARTESIAN_POINT ( 'NONE',  ( -1.460501096652484954, -0.06806944323907231087, 0.3938411106359547276 ) ) ;
#662 = FACE_BOUND ( 'NONE', #605, .T. ) ;
#663 = CARTESIAN_POINT ( 'NONE',  ( 0.3841018250214564000, 1.363556628141224136, -1.433185885992739106 ) ) ;
#664 = CARTESIAN_POINT ( 'NONE',  ( -1.302862130449359945, 1.196101889776861604, -1.317726022387376794 ) ) ;
#665 = CARTESIAN_POINT ( 'NONE',  ( 1.052718289694919429, -0.1972544987720902809, 0.8090433846590001643 ) ) ;
#666 = DIRECTION ( 'NONE',  ( 0.000000000000000000, 0.000000000000000000, -1.000000000000000000 ) ) ;
#667 = ORIENTED_EDGE ( 'NONE', *, *, #960, .T. ) ;
#668 = CARTESIAN_POINT ( 'NONE',  ( 1.472045263387063985, -0.1139198093449560328, 0.1928152034993458885 ) ) ;
#669 = FACE_OUTER_BOUND ( 'NONE', #815, .T. ) ;
#670 = CARTESIAN_POINT ( 'NONE',  ( 1.052718289694919429, -0.1127893851660144720, 1.058486943816220549 ) ) ;
#671 = CARTESIAN_POINT ( 'NONE',  ( 0.7559700898646947165, 1.318056030971957115, 1.310225630459812773 ) ) ;
#672 = CARTESIAN_POINT ( 'NONE',  ( 0.9143812654957745867, -0.1003533576162200652, 1.193114178736736308 ) ) ;
#673 = CARTESIAN_POINT ( 'NONE',  ( 0.9034253723499392486, -0.1136746228147577920, -1.176977304574662764 ) ) ;
#674 = CARTESIAN_POINT ( 'NONE',  ( -0.8025793781257890558, 1.441389940182328688, -1.067282593351700504 ) ) ;
#675 = CARTESIAN_POINT ( 'NONE',  ( 1.553003506611142726, 0.2098369224939276578, 1.557374062130660652 ) ) ;
#676 = DIRECTION ( 'NONE',  ( -0.000000000000000000, -1.000000000000000000, -0.000000000000000000 ) ) ;
#677 = CARTESIAN_POINT ( 'NONE',  ( 1.348676495189767621, -0.06855634908840817221, -0.6638718925019528871 ) ) ;
#678 = PRODUCT_DEFINITION_FORMATION_WITH_SPECIFIED_SOURCE ( 'Symmetric', '', #1, .NOT_KNOWN. ) ;
#679 = CARTESIAN_POINT ( 'NONE',  ( -1.553003506611145390, 1.176878749141034186, -1.067282593351700504 ) ) ;
#680 = CARTESIAN_POINT ( 'NONE',  ( -1.603788543979791426, 0.2027496110374996108, 1.557374062130660652 ) ) ;
#681 = CARTESIAN_POINT ( 'NONE',  ( 1.461460181562298288, 1.318071440706570785, 0.3910362307336464616 ) ) ;
#682 = FACE_OUTER_BOUND ( 'NONE', #181, .T. ) ;
#683 = CARTESIAN_POINT ( 'NONE',  ( 1.276839721214321877, -0.1137039302795345014, -0.7374034391420168921 ) ) ;
#684 = CARTESIAN_POINT ( 'NONE',  ( 1.095499165371460304, 1.343338128526544439, -1.067282593351700504 ) ) ;
#685 = CARTESIAN_POINT ( 'NONE',  ( 0.3883524659677006774, 1.350134041644684979, 1.452153160927508235 ) ) ;
#686 = CARTESIAN_POINT ( 'NONE',  ( 1.348625197130610687, 1.317961139283271965, 0.6640059312039687800 ) ) ;
#687 = CARTESIAN_POINT ( 'NONE',  ( -0.04815193649791300878, 1.864735675523700564, -0.06550887720899579991 ) ) ;
#688 = CARTESIAN_POINT ( 'NONE',  ( 0.7561529873062510232, 1.317868549127879652, -1.310325214694490814 ) ) ;
#689 = EDGE_LOOP ( 'NONE', ( #100 ) ) ;
#690 = CARTESIAN_POINT ( 'NONE',  ( -0.4742960899615041859, -0.1135847805553959755, 1.396022886907328120 ) ) ;
#691 = CARTESIAN_POINT ( 'NONE',  ( -1.553003506611145390, 1.326768307530767688, -0.06550887720899579991 ) ) ;
#692 = ORIENTED_EDGE ( 'NONE', *, *, #620, .T. ) ;
#693 = CARTESIAN_POINT ( 'NONE',  ( -1.095500808433024442, -0.01169472534481010191, -1.317726022387352591 ) ) ;
#694 = CARTESIAN_POINT ( 'NONE',  ( -1.490307211844627888, -0.1001551690017145890, -0.1964557024214263481 ) ) ;
#695 = CARTESIAN_POINT ( 'NONE',  ( -0.8025793781257890558, 1.685032756170796064, -0.06550887720899579991 ) ) ;
#696 = CARTESIAN_POINT ( 'NONE',  ( -1.349644676206407823, 0.06072676853842628314, -1.317726022387352591 ) ) ;
#697 = CARTESIAN_POINT ( 'NONE',  ( -3.873019149430412935E-06, -0.06873466320404687802, 1.499999999995000666 ) ) ;
#698 = CARTESIAN_POINT ( 'NONE',  ( -1.052720754287574501, 1.447253515826091741, 0.8090433846589535349 ) ) ;
#699 = CARTESIAN_POINT ( 'NONE',  ( 0.7367173846797652192, 1.363559992268835508, 1.276649023802990834 ) ) ;
#700 = APPLICATION_PROTOCOL_DEFINITION ( 'draft international standard', 'automotive_design', 1998, #116 ) ;
#701 =( NAMED_UNIT ( * ) PLANE_ANGLE_UNIT ( ) SI_UNIT ( $, .RADIAN. ) );
#702 = CARTESIAN_POINT ( 'NONE',  ( -1.199194016080359582, -0.1004011590255561165, 0.9220999532854405878 ) ) ;
#703 = ADVANCED_FACE ( 'NONE', ( #84, #368 ), #457, .T. ) ;
#704 = CARTESIAN_POINT ( 'NONE',  ( -1.302862130449359945, 1.429067597931509503, -0.4411740207625101107 ) ) ;
#705 = CARTESIAN_POINT ( 'NONE',  ( 1.500051840670986847, 1.350145851925441010, -0.09703518423984733299 ) ) ;
#706 = EDGE_LOOP ( 'NONE', ( #250 ) ) ;
#707 = CARTESIAN_POINT ( 'NONE',  ( -1.285195667489705817, -0.1134813256036932977, 0.7400341229330128501 ) ) ;
#708 = CARTESIAN_POINT ( 'NONE',  ( -0.8025793781257890558, 1.346576975322613556, 1.307930502973388531 ) ) ;
#709 = CARTESIAN_POINT ( 'NONE',  ( 0.1971856511695423975, 1.350128459253377766, -1.499998718916445650 ) ) ;
#710 = CARTESIAN_POINT ( 'NONE',  ( -1.349644676206407823, -0.07562761586014322968, -0.8168391643159947924 ) ) ;
#711 = CARTESIAN_POINT ( 'NONE',  ( -1.499894550592579368, -0.06829779846766198537, 0.1964537733675176534 ) ) ;
#712 = CARTESIAN_POINT ( 'NONE',  ( 0.3859750779766134565, -0.1136036177729554397, -1.432890448281425089 ) ) ;
#713 = CARTESIAN_POINT ( 'NONE',  ( 1.349643854675765198, 1.327518336535325805, 0.8090433846589536460 ) ) ;
#714 = CARTESIAN_POINT ( 'NONE',  ( -0.1970940819345861350, 1.318569004720947513, -1.500000416327317065 ) ) ;
#715 = CARTESIAN_POINT ( 'NONE',  ( -1.603788543979791426, 0.02468992401056961661, 0.8090433846590002753 ) ) ;
#716 = CARTESIAN_POINT ( 'NONE',  ( -0.1965391733943034624, 1.318746161932071281, 1.490276170545706602 ) ) ;
#717 = CARTESIAN_POINT ( 'NONE',  ( 1.397222875319386493, -0.1137622546564067416, -0.4723594849302297227 ) ) ;
#718 = CARTESIAN_POINT ( 'NONE',  ( 0.4601374421106973478, 1.640119288278559795, 0.8090433846589536460 ) ) ;
#719 = CARTESIAN_POINT ( 'NONE',  ( -0.7563353144664910488, 1.350127678995157066, -1.310248448730646720 ) ) ;
#720 = CARTESIAN_POINT ( 'NONE',  ( 1.302860898153030966, -0.2028196241720204851, -0.06550887720895821886 ) ) ;
#721 = CARTESIAN_POINT ( 'NONE',  ( -1.490318960032142481, 1.319051651052294716, -0.1963870676932396031 ) ) ;
#722 = CARTESIAN_POINT ( 'NONE',  ( 0.1927578986498743041, -0.1138014643488984706, 1.462146487223999314 ) ) ;
#723 = CARTESIAN_POINT ( 'NONE',  ( 0.4601374421106973478, 1.304324731390996694, 1.557374062130605807 ) ) ;
#724 = CARTESIAN_POINT ( 'NONE',  ( -0.9143690115610393354, 1.318524153341036342, 1.193121195151222835 ) ) ;
#725 = CARTESIAN_POINT ( 'NONE',  ( 0.4253611388920044423, -0.5352083288166197272, -0.4411740207624764709 ) ) ;
#726 = CARTESIAN_POINT ( 'NONE',  ( -0.1965286357098021408, -0.06866378251372079466, 1.490277552279335893 ) ) ;
#727 = CARTESIAN_POINT ( 'NONE',  ( -1.995936301435116689E-07, -0.1137918648666940702, 1.471675994787775110 ) ) ;
#728 = CARTESIAN_POINT ( 'NONE',  ( 0.9721223847402298279, 1.363655157740441881, 1.107581485076751582 ) ) ;
#729 = CARTESIAN_POINT ( 'NONE',  ( -1.452059364829287880, 1.318880063904069422, -0.3887699558425229407 ) ) ;
#730 = CARTESIAN_POINT ( 'NONE',  ( -1.301716495214609859, -0.06784469033357258538, -0.7517235255394775217 ) ) ;
#731 = CARTESIAN_POINT ( 'NONE',  ( 1.462664187481682587, -0.1139159477991365660, -0.1920066175342727277 ) ) ;
#732 = CARTESIAN_POINT ( 'NONE',  ( -1.433068049141557943, 1.363777658835279460, 0.3868145704078224112 ) ) ;
#733 = CARTESIAN_POINT ( 'NONE',  ( -1.302862130449359945, 1.344879794433314624, -0.8168391643160243243 ) ) ;
#734 = CARTESIAN_POINT ( 'NONE',  ( 1.052718289694919429, -0.2949540830307780248, 0.4343781109839407462 ) ) ;
#735 = CARTESIAN_POINT ( 'NONE',  ( 1.199079262758104614, -0.1003850809687601570, 0.9222178981273180254 ) ) ;
#736 = B_SPLINE_SURFACE_WITH_KNOTS ( 'NONE', 5, 5, ( 
 ( #71, #304, #601, #220, #459, #89, #754, #238, #454, #596, #748, #811 ),
 ( #591, #664, #387, #149, #522, #77, #2, #817, #85, #744, #894, #155 ),
 ( #679, #81, #514, #674, #164, #464, #310, #532, #143, #684, #18, #807 ),
 ( #442, #733, #25, #22, #918, #843, #97, #763, #94, #252, #248, #256 ),
 ( #179, #704, #325, #183, #103, #616, #187, #544, #485, #847, #626, #905 ),
 ( #691, #390, #242, #695, #777, #687, #317, #110, #169, #469, #30, #34 ),
 ( #320, #410, #394, #40, #629, #909, #834, #334, #551, #913, #329, #472 ),
 ( #175, #557, #903, #621, #538, #400, #481, #771, #839, #547, #106, #476 ),
 ( #766, #831, #698, #405, #261, #760, #945, #718, #857, #928, #713, #198 ),
 ( #342, #649, #426, #353, #862, #280, #654, #50, #55, #120, #347, #431 ),
 ( #204, #642, #934, #708, #137, #498, #271, #285, #416, #940, #575, #781 ),
 ( #580, #872, #867, #45, #562, #214, #421, #723, #508, #209, #277, #791 ) ),
 .UNSPECIFIED., .F., .F., .F.,
 ( 6, 3, 3, 6 ),
 ( 6, 3, 3, 6 ),
 ( -1.496740863949886924, -0.2445237187715056937, 0.3815848538176849214, 1.628802649603772412 ),
 ( -1.553003506611145834, -0.3022966258022183883, 0.3330650974585442903, 1.603788543980069869 ),
 .UNSPECIFIED. ) ;
#737 = STYLED_ITEM ( 'NONE', ( #398 ), #11 ) ;
#738 = CARTESIAN_POINT ( 'NONE',  ( -0.9041960987257167126, 1.363674917351004545, -1.176384464699764321 ) ) ;
#739 = CARTESIAN_POINT ( 'NONE',  ( -0.3883116856345911194, 1.350128592770104774, 1.452161684325044888 ) ) ;
#740 = CARTESIAN_POINT ( 'NONE',  ( -0.4601411389995657131, -0.2820126828948054665, 1.058486943816220549 ) ) ;
#741 = CARTESIAN_POINT ( 'NONE',  ( 1.499898290530544687, 1.318287067434830373, -0.1004363346605709334 ) ) ;
#742 = CARTESIAN_POINT ( 'NONE',  ( 0.7369047669115112997, -0.1137334461927968499, 1.277026835404399430 ) ) ;
#743 = CARTESIAN_POINT ( 'NONE',  ( 1.301712904882273092, -0.06849477123117997390, -0.7517297373788032200 ) ) ;
#744 = CARTESIAN_POINT ( 'NONE',  ( 1.095499165371460304, 1.261695180901269753, -1.317726022387376794 ) ) ;
#745 = CARTESIAN_POINT ( 'NONE',  ( 0.09723793302332844890, 1.363782612299265118, 1.471650170551984438 ) ) ;
#746 = DIRECTION ( 'NONE',  ( 0.000000000000000000, 0.000000000000000000, -1.000000000000000000 ) ) ;
#747 = CARTESIAN_POINT ( 'NONE',  ( -0.1971791140476952808, -0.1001284584221116269, -1.499999577612102675 ) ) ;
#748 = CARTESIAN_POINT ( 'NONE',  ( 1.349643854675765198, 1.113643821007279433, -1.568169451423053307 ) ) ;
#749 = CARTESIAN_POINT ( 'NONE',  ( 0.4253611388920044423, -0.2911489861935023793, 1.058486943816220549 ) ) ;
#750 = VERTEX_POINT ( 'NONE', #384 ) ;
#751 = CARTESIAN_POINT ( 'NONE',  ( 0.7513293555365480048, -0.1002342488328537007, 1.301962599858189629 ) ) ;
#752 = CARTESIAN_POINT ( 'NONE',  ( -0.3925963248866963795, -0.06825319826317115257, -1.461022807572646354 ) ) ;
#753 = CIRCLE ( 'NONE', #396, 1.499999999999999556 ) ;
#754 = CARTESIAN_POINT ( 'NONE',  ( 0.07892040815423956301, 1.320208066773425948, -1.568169451423053307 ) ) ;
#755 = CARTESIAN_POINT ( 'NONE',  ( 0.4253611388920044423, -0.05837065559524975966, 1.557374062130660430 ) ) ;
#756 = CARTESIAN_POINT ( 'NONE',  ( -0.9212692669173312421, 1.318283924260401641, -1.200194418214446168 ) ) ;
#757 = DIRECTION ( 'NONE',  ( -0.000000000000000000, -1.000000000000000000, -0.000000000000000000 ) ) ;
#758 = CARTESIAN_POINT ( 'NONE',  ( 0.9211925291295617324, -0.1002631856197464949, -1.200270070142686718 ) ) ;
#759 = ADVANCED_FACE ( 'NONE', ( #517, #10 ), #74, .F. ) ;
#760 = CARTESIAN_POINT ( 'NONE',  ( -0.04815193649791300878, 1.678355360873403646, 0.8090433846589535349 ) ) ;
#761 = CARTESIAN_POINT ( 'NONE',  ( 1.108842292201847712, 1.363493616784888784, -0.9705253460382412545 ) ) ;
#762 = CARTESIAN_POINT ( 'NONE',  ( -0.6652640577401959243, -0.1001257304064289561, 1.348001134947962143 ) ) ;
#763 = CARTESIAN_POINT ( 'NONE',  ( 0.4601374421106973478, 1.635064830207146436, -0.8168391643160243243 ) ) ;
#764 = CARTESIAN_POINT ( 'NONE',  ( 0.1971004188669295831, 1.318489688552380468, -1.499999583666022929 ) ) ;
#765 = CARTESIAN_POINT ( 'NONE',  ( -0.3882485523735741406, -0.06846993354657641973, 1.452175528782585712 ) ) ;
#766 = CARTESIAN_POINT ( 'NONE',  ( -1.553003506611145390, 1.238737004932134900, 0.8090433846589535349 ) ) ;
#767 = CARTESIAN_POINT ( 'NONE',  ( 1.490308078497367017, 1.350155168970154085, -0.1964491342010801223 ) ) ;
#768 =( NAMED_UNIT ( * ) SI_UNIT ( $, .STERADIAN. ) SOLID_ANGLE_UNIT ( ) );
#769 = CARTESIAN_POINT ( 'NONE',  ( -1.603788543979791426, 0.2012913943611462364, -1.568169451423031102 ) ) ;
#770 = CARTESIAN_POINT ( 'NONE',  ( -0.09912700533823912141, -0.1001640018156756962, 1.499999279290020304 ) ) ;
#771 = CARTESIAN_POINT ( 'NONE',  ( 0.4601374421106973478, 1.773163679730810793, 0.4343781109838980581 ) ) ;
#772 = CARTESIAN_POINT ( 'NONE',  ( 1.199129045687598483, 1.318039210233794334, 0.9221669568368277004 ) ) ;
#773 = EDGE_LOOP ( 'NONE', ( #832 ) ) ;
#774 = FILL_AREA_STYLE ('',( #108 ) ) ;
#775 = CARTESIAN_POINT ( 'NONE',  ( -0.3883588620409317294, -0.1001340410697442451, 1.452151450856048687 ) ) ;
#776 = EDGE_CURVE ( 'NONE', #823, #823, #539, .T. ) ;
#777 = CARTESIAN_POINT ( 'NONE',  ( -0.4253656573118511086, 1.826034748451254242, -0.06550887720899579991 ) ) ;
#778 = CARTESIAN_POINT ( 'NONE',  ( 0.7513759792458665210, 1.350191567033280915, 1.301932580475953394 ) ) ;
#779 = ORIENTED_EDGE ( 'NONE', *, *, #519, .F. ) ;
#780 = CARTESIAN_POINT ( 'NONE',  ( -1.490318550091347838, -0.06825956135401786695, -0.1963901633723791340 ) ) ;
#781 = CARTESIAN_POINT ( 'NONE',  ( 1.603788543980070314, 1.112395374721440122, 1.307930502973388531 ) ) ;
#782 = CARTESIAN_POINT ( 'NONE',  ( -0.7513350639109359630, 1.350234251810678687, 1.301959304645579518 ) ) ;
#783 = CARTESIAN_POINT ( 'NONE',  ( 1.302860898153030966, -0.02218429387179811363, -1.067282593351673636 ) ) ;
#784 = CARTESIAN_POINT ( 'NONE',  ( -0.3926099706798104605, -0.06825317792979486431, -1.461019171429959407 ) ) ;
#785 = CARTESIAN_POINT ( 'NONE',  ( 1.285815014729691175, -0.1137403198132795751, 0.7406476494766891516 ) ) ;
#786 = CARTESIAN_POINT ( 'NONE',  ( 1.108391098368371797, 1.363493674957879209, -0.9710463045140836913 ) ) ;
#787 = CARTESIAN_POINT ( 'NONE',  ( -0.9211873524133262769, 1.350263183130247402, -1.200274033458837764 ) ) ;
#788 = CARTESIAN_POINT ( 'NONE',  ( 0.04814659654720108289, -0.4283554322241154844, 0.8090433846590001643 ) ) ;
#789 = CARTESIAN_POINT ( 'NONE',  ( -1.499896000764125548, 1.319092560154201843, 0.1964427743195661380 ) ) ;
#790 = CARTESIAN_POINT ( 'NONE',  ( 1.277334829252905646, -0.1137039080346760322, -0.7365489205132632611 ) ) ;
#791 = CARTESIAN_POINT ( 'NONE',  ( 1.603788543980070314, 1.047250381080954806, 1.557374062130605807 ) ) ;
#792 = CARTESIAN_POINT ( 'NONE',  ( 0.1933725801988107618, 1.363674904316441339, -1.471406276465221374 ) ) ;
#793 = CARTESIAN_POINT ( 'NONE',  ( -0.8413569406596409506, -0.3777410551199018030, -0.4411740207624764709 ) ) ;
#794 = CARTESIAN_POINT ( 'NONE',  ( -1.500052399237899126, -0.06828762598950785523, -0.09701668172297164827 ) ) ;
#795 = CARTESIAN_POINT ( 'NONE',  ( 1.109986323752780502, -0.1137129515460930940, -0.9702751035939938262 ) ) ;
#796 = CARTESIAN_POINT ( 'NONE',  ( 0.3807348027174723426, 1.363670846788555879, 1.424490221084003583 ) ) ;
#797 = CARTESIAN_POINT ( 'NONE',  ( -1.176124659126823069, 1.363876054898891521, 0.9044786572858187768 ) ) ;
#798 = CARTESIAN_POINT ( 'NONE',  ( 1.052718289694919429, -0.3212707862870338715, -0.06550887720895821886 ) ) ;
#799 = CARTESIAN_POINT ( 'NONE',  ( -1.199124453976290194, -0.06803921259198976446, 0.9221729507620287647 ) ) ;
#800 = CARTESIAN_POINT ( 'NONE',  ( -1.175653447796654261, -0.1136541763825670570, 0.9038742147777033553 ) ) ;
#801 = CARTESIAN_POINT ( 'NONE',  ( 0.4741227349792012102, 1.363584873376162188, 1.396083600432903582 ) ) ;
#802 = CARTESIAN_POINT ( 'NONE',  ( -1.499896346788449408, 1.319092561133956787, 0.1964401823112800483 ) ) ;
#803 = CARTESIAN_POINT ( 'NONE',  ( 0.04814659654720108289, -0.5682795305027092958, -0.4411740207624764709 ) ) ;
#804 = CARTESIAN_POINT ( 'NONE',  ( -0.6651466987821942345, -0.06814330834658359481, 1.348052880548891164 ) ) ;
#805 = CARTESIAN_POINT ( 'NONE',  ( -0.6522105409336619308, -0.1135360434253174233, 1.321990324181104848 ) ) ;
#806 = CARTESIAN_POINT ( 'NONE',  ( 0.7405382813237331163, 1.363407283782712476, -1.285164731001385396 ) ) ;
#807 = CARTESIAN_POINT ( 'NONE',  ( 1.603788543980070314, 1.170278791002688390, -1.067282593351700504 ) ) ;
#808 = CARTESIAN_POINT ( 'NONE',  ( -0.8413569406596409506, -0.4087271422975254920, -0.06550887720895821886 ) ) ;
#809 = CARTESIAN_POINT ( 'NONE',  ( 1.199128684918337573, -0.06860477130587994132, 0.9221674341696197708 ) ) ;
#810 = CARTESIAN_POINT ( 'NONE',  ( -1.109985159987704639, 1.363712951927322115, -0.9702764578425959741 ) ) ;
#811 = CARTESIAN_POINT ( 'NONE',  ( 1.603788543980070314, 1.048708597579531165, -1.568169451423053085 ) ) ;
#812 = CARTESIAN_POINT ( 'NONE',  ( -1.603788543979791426, 0.07886615772238216027, 1.058486943816220549 ) ) ;
#813 = CARTESIAN_POINT ( 'NONE',  ( 1.422839759065994469, 1.317988548651119807, -0.4849426576503651498 ) ) ;
#814 = FACE_OUTER_BOUND ( 'NONE', #172, .T. ) ;
#815 = EDGE_LOOP ( 'NONE', ( #779 ) ) ;
#816 = CARTESIAN_POINT ( 'NONE',  ( 1.109352912464200980, -0.1137129103841430094, -0.9709985653315477139 ) ) ;
#817 = CARTESIAN_POINT ( 'NONE',  ( 0.4601374421106973478, 1.415685254073790311, -1.317726022387376794 ) ) ;
#818 = CARTESIAN_POINT ( 'NONE',  ( 1.302860898153030966, 0.05207087904197515299, 1.307930502973440490 ) ) ;
#819 = CARTESIAN_POINT ( 'NONE',  ( 1.460363932272319865, -0.1000764073753181022, 0.3941773253432605539 ) ) ;
#820 = CARTESIAN_POINT ( 'NONE',  ( 0.1933539724409044369, -0.1137063926028507033, -1.471509390386084304 ) ) ;
#821 = CARTESIAN_POINT ( 'NONE',  ( -0.09722309863110481509, 1.363801115683174858, 1.471701815442537642 ) ) ;
#822 = CARTESIAN_POINT ( 'NONE',  ( 0.4253611388920044423, -0.4016198419033185085, 0.8090433846590001643 ) ) ;
#823 = VERTEX_POINT ( 'NONE', #146 ) ;
#824 = CARTESIAN_POINT ( 'NONE',  ( 0.6651527841942135311, -0.06846035739722558522, 1.348049875323734215 ) ) ;
#825 = CARTESIAN_POINT ( 'NONE',  ( -0.1933661731474177192, -0.1136749051426560742, -1.471407124102147135 ) ) ;
#826 = CARTESIAN_POINT ( 'NONE',  ( -0.1965414581010458128, 1.318746161185297305, 1.490275870600847208 ) ) ;
#827 = CARTESIAN_POINT ( 'NONE',  ( 0.4253611388920044423, -0.1777607252350497935, 1.307930502973440490 ) ) ;
#828 = CARTESIAN_POINT ( 'NONE',  ( 0.000000000000000000, 0.000000000000000000, -0.7500000000000000000 ) ) ;
#829 = CARTESIAN_POINT ( 'NONE',  ( 0.000000000000000000, 0.000000000000000000, 0.000000000000000000 ) ) ;
#830 = CARTESIAN_POINT ( 'NONE',  ( 1.348630323759859806, -0.1001313809092841123, -0.6639782630566498645 ) ) ;
#831 = CARTESIAN_POINT ( 'NONE',  ( -1.302862130449359945, 1.347053357181284827, 0.8090433846589535349 ) ) ;
#832 = ORIENTED_EDGE ( 'NONE', *, *, #519, .T. ) ;
#833 = CARTESIAN_POINT ( 'NONE',  ( -0.7367229865709460368, -0.1135599930006940400, 1.276645780770665484 ) ) ;
#834 = CARTESIAN_POINT ( 'NONE',  ( 0.07892040815423956301, 1.862686528043697054, 0.05971283730884228980 ) ) ;
#835 = CARTESIAN_POINT ( 'NONE',  ( 0.7513097015070117068, 1.318106603021206746, 1.301976422865128713 ) ) ;
#836 =( LENGTH_UNIT ( ) NAMED_UNIT ( * ) SI_UNIT ( .MILLI., .METRE. ) );
#837 = FACE_OUTER_BOUND ( 'NONE', #392, .T. ) ;
#838 = CARTESIAN_POINT ( 'NONE',  ( -1.193122360217173661, -0.1002465089213480098, -0.9143415361924878138 ) ) ;
#839 = CARTESIAN_POINT ( 'NONE',  ( 0.8413544760671551881, 1.629960553082295149, 0.4343781109838980581 ) ) ;
#840 = EDGE_LOOP ( 'NONE', ( #559 ) ) ;
#841 = CARTESIAN_POINT ( 'NONE',  ( -0.4601411389995657686, -0.05000708997665830047, -1.568169451423031102 ) ) ;
#842 = CARTESIAN_POINT ( 'NONE',  ( -1.131178025992641389, -0.1002706272157407458, -0.9900703805830517457 ) ) ;
#843 = CARTESIAN_POINT ( 'NONE',  ( -0.04815193649791300878, 1.672915418717610070, -0.8168391643160243243 ) ) ;
#844 = CARTESIAN_POINT ( 'NONE',  ( 1.301687448356470211, 1.350167104701875731, -0.7517681425514508575 ) ) ;
#845 = ADVANCED_FACE ( 'NONE', ( #682, #308 ), #887, .T. ) ;
#846 = CARTESIAN_POINT ( 'NONE',  ( -0.7513154193270998871, -0.06810659995840342984, 1.301973122589857423 ) ) ;
#847 = CARTESIAN_POINT ( 'NONE',  ( 1.095499165371460304, 1.515407674421887618, -0.4411740207625101662 ) ) ;
#848 = CARTESIAN_POINT ( 'NONE',  ( 1.276129874278278287, 1.363436828992167893, -0.7369689134514779694 ) ) ;
#849 = CARTESIAN_POINT ( 'NONE',  ( 1.302860898153030966, 0.1359967962413773934, -1.568169451423031102 ) ) ;
#850 = CARTESIAN_POINT ( 'NONE',  ( -1.131169360120509948, -0.06783794557768640932, -0.9900791930637581340 ) ) ;
#851 = CARTESIAN_POINT ( 'NONE',  ( 1.423813378160456944, 1.363518041921439439, -0.3816187713654953240 ) ) ;
#852 = CARTESIAN_POINT ( 'NONE',  ( 1.131173691505816370, 1.317837945553914647, -0.9900742463712307595 ) ) ;
#853 = CARTESIAN_POINT ( 'NONE',  ( -1.603788543979791426, 0.1376869958836060559, -1.317726022387352591 ) ) ;
#854 = CARTESIAN_POINT ( 'NONE',  ( -0.09908729812385362601, -0.06871323031030394934, 1.500000665444029879 ) ) ;
#855 = CARTESIAN_POINT ( 'NONE',  ( 0.000000000000000000, 1.250000000000000000, 0.000000000000000000 ) ) ;
#856 = ADVANCED_FACE ( 'NONE', ( #814, #153 ), #144, .T. ) ;
#857 = CARTESIAN_POINT ( 'NONE',  ( 0.8413544760671551881, 1.524123395277485082, 0.8090433846589536460 ) ) ;
#858 = CARTESIAN_POINT ( 'NONE',  ( -1.310756402956805067, 1.350180983699284853, 0.7551258015387292133 ) ) ;
#859 = CARTESIAN_POINT ( 'NONE',  ( -0.8413569406596409506, -0.2741224142064819791, 0.8090433846590002753 ) ) ;
#860 = CARTESIAN_POINT ( 'NONE',  ( 0.4835122516015380456, -0.06852581005998358010, 1.423335018134612939 ) ) ;
#861 = CARTESIAN_POINT ( 'NONE',  ( -1.423810057191975176, -0.1135180331780088481, -0.3816310198339013526 ) ) ;
#862 = CARTESIAN_POINT ( 'NONE',  ( -0.4253656573118511086, 1.541148023821933499, 1.058486943816171033 ) ) ;
#863 = CARTESIAN_POINT ( 'NONE',  ( -1.109348668370184310, 1.363712910541090118, -0.9710034040137197620 ) ) ;
#864 = CARTESIAN_POINT ( 'NONE',  ( -0.07892533733949060049, -0.4212286332831231550, -0.8168391643159947924 ) ) ;
#865 = CARTESIAN_POINT ( 'NONE',  ( 1.348670173349610257, -0.06855633825738995102, -0.6638847505086115097 ) ) ;
#866 = CARTESIAN_POINT ( 'NONE',  ( -1.169226661945558909, -0.1134778935304070341, -0.8967752715084361670 ) ) ;
#867 = CARTESIAN_POINT ( 'NONE',  ( -1.052720754287574501, 1.180522432820881651, 1.557374062130605807 ) ) ;
#868 = CARTESIAN_POINT ( 'NONE',  ( -1.462568674097336707, 1.363915860264420354, -0.1927624924854926258 ) ) ;
#869 = CARTESIAN_POINT ( 'NONE',  ( 0.4253611388920044423, -0.5760362591323562320, -0.06550887720895821886 ) ) ;
#870 = CARTESIAN_POINT ( 'NONE',  ( -0.9212783737420005004, -0.06785152414501782747, -1.200187382844642991 ) ) ;
#871 = CARTESIAN_POINT ( 'NONE',  ( -1.108384237672303652, -0.1134936758655197414, -0.9710541016191825969 ) ) ;
#872 = CARTESIAN_POINT ( 'NONE',  ( -1.302862130449359945, 1.114401617245604603, 1.557374062130605807 ) ) ;
#873 = CARTESIAN_POINT ( 'NONE',  ( -1.490318603803105546, 1.319051649738311127, -0.1963897571478547821 ) ) ;
#874 = AXIS2_PLACEMENT_3D ( 'NONE', #468, #893, #594 ) ;
#875 = CARTESIAN_POINT ( 'NONE',  ( 0.4253611388920044423, -0.5382889567561186528, 0.4343781109839407462 ) ) ;
#876 = CARTESIAN_POINT ( 'NONE',  ( -0.9143582044881717330, -0.06807652283912292435, 1.193129469043098911 ) ) ;
#877 = CARTESIAN_POINT ( 'NONE',  ( -0.7405306363129524616, -0.1134072823965676241, -1.285169049414581988 ) ) ;
#878 = CARTESIAN_POINT ( 'NONE',  ( -1.472221199923312129, 1.363917334826968641, -0.09455030745035378215 ) ) ;
#879 = CARTESIAN_POINT ( 'NONE',  ( -0.9915700507634491734, 1.318555007450943339, 1.129762997328400020 ) ) ;
#880 = CARTESIAN_POINT ( 'NONE',  ( -1.349644676206407823, -0.1539792291939594826, 0.4343781109839407462 ) ) ;
#881 = VERTEX_POINT ( 'NONE', #456 ) ;
#882 = CARTESIAN_POINT ( 'NONE',  ( 0.8967756521065392006, -0.1138249305515533216, 1.170194356238169808 ) ) ;
#883 = CARTESIAN_POINT ( 'NONE',  ( -0.3859704369342783492, 1.363603623002886289, -1.432891801992047132 ) ) ;
#884 = DIRECTION ( 'NONE',  ( 0.000000000000000000, 0.000000000000000000, -1.000000000000000000 ) ) ;
#885 = CARTESIAN_POINT ( 'NONE',  ( 0.6523109655171598353, 1.363536055224906285, 1.321938996700629421 ) ) ;
#886 = CARTESIAN_POINT ( 'NONE',  ( -0.4834870079343921434, 1.318353043057269636, -1.423348236032790259 ) ) ;
#887 = CYLINDRICAL_SURFACE ( 'NONE', #167, 1.500000000000000000 ) ;
#888 = CARTESIAN_POINT ( 'NONE',  ( 0.9212722551484118227, -0.06828392613354430929, -1.200192139516644385 ) ) ;
#889 = CARTESIAN_POINT ( 'NONE',  ( -0.1928481053263968736, 1.363801463978637774, 1.462137979950008049 ) ) ;
#890 = CARTESIAN_POINT ( 'NONE',  ( 1.302860898153030966, -0.02463074617990702875, 1.058486943816220549 ) ) ;
#891 = CARTESIAN_POINT ( 'NONE',  ( -4.525589862575249075E-07, 1.318734664003323065, 1.499999999999931388 ) ) ;
#892 = AXIS2_PLACEMENT_3D ( 'NONE', #520, #229, #160 ) ;
#893 = DIRECTION ( 'NONE',  ( 0.000000000000000000, -1.000000000000000000, -0.000000000000000000 ) ) ;
#894 = CARTESIAN_POINT ( 'NONE',  ( 1.349643854675765198, 1.189273471472066301, -1.317726022387376794 ) ) ;
#895 = CARTESIAN_POINT ( 'NONE',  ( 1.302860898153030966, 0.1355980323180064340, 1.557374062130660430 ) ) ;
#896 = VERTEX_POINT ( 'NONE', #516 ) ;
#897 = DIRECTION ( 'NONE',  ( -0.000000000000000000, -1.000000000000000000, -0.000000000000000000 ) ) ;
#898 = CARTESIAN_POINT ( 'NONE',  ( 1.462569533476766326, -0.1139158610455487802, -0.1927560160495346286 ) ) ;
#899 = CARTESIAN_POINT ( 'NONE',  ( -0.6524510233076561416, 1.363682945885642539, 1.322276717595668671 ) ) ;
#900 = CARTESIAN_POINT ( 'NONE',  ( -0.8413569406596409506, -0.1810887365340559940, 1.058486943816220549 ) ) ;
#901 = CARTESIAN_POINT ( 'NONE',  ( -0.3899870391103160694, 1.318447378116741175, -1.451726568224537273 ) ) ;
#902 = CARTESIAN_POINT ( 'NONE',  ( -0.9212666959359001595, -0.06785152545924295897, -1.200196398183340563 ) ) ;
#903 = CARTESIAN_POINT ( 'NONE',  ( -1.052720754287574501, 1.544952966418604134, 0.4343781109838980026 ) ) ;
#904 = CARTESIAN_POINT ( 'NONE',  ( 1.553003506611142726, 0.07196209377755601044, 1.058486943816220549 ) ) ;
#905 = CARTESIAN_POINT ( 'NONE',  ( 1.603788543980070314, 1.286764154396365711, -0.4411740207625101107 ) ) ;
#906 = CARTESIAN_POINT ( 'NONE',  ( 0.9144232268055103585, 1.350318770167580951, 1.193085059719939167 ) ) ;
#907 = ORIENTED_EDGE ( 'NONE', *, *, #536, .T. ) ;
#908 = CARTESIAN_POINT ( 'NONE',  ( -1.471175222792783455, -0.1136058479008760225, -0.09517363520629572304 ) ) ;
#909 = CARTESIAN_POINT ( 'NONE',  ( -0.04815193649791300878, 1.865245263505611817, 0.05971283730884228980 ) ) ;
#910 = PRODUCT_CONTEXT ( 'NONE', #927, 'mechanical' ) ;
#911 = CARTESIAN_POINT ( 'NONE',  ( -1.499896405192912230, -0.06829780318595775335, 0.1964397078663646379 ) ) ;
#912 = EDGE_CURVE ( 'NONE', #162, #162, #265, .T. ) ;
#913 = CARTESIAN_POINT ( 'NONE',  ( 1.095499165371460304, 1.541980031394037498, 0.05971283730884228980 ) ) ;
#914 = CARTESIAN_POINT ( 'NONE',  ( 1.175541050790524622, 1.363654207358862225, 0.9040013562213776721 ) ) ;
#915 = ORIENTED_EDGE ( 'NONE', *, *, #912, .T. ) ;
#916 = CARTESIAN_POINT ( 'NONE',  ( -0.8413569406596409506, 0.01795779632742038057, -1.568169451423031102 ) ) ;
#917 = CARTESIAN_POINT ( 'NONE',  ( -1.423750700929240942, -0.06799105067959575199, -0.4822739030377578007 ) ) ;
#918 = CARTESIAN_POINT ( 'NONE',  ( -0.4253656573118511086, 1.646422086228076065, -0.8168391643160243243 ) ) ;
#919 = CARTESIAN_POINT ( 'NONE',  ( 1.452042219958002311, 1.350119969606005110, -0.3888497078077593483 ) ) ;
#920 = ORIENTED_EDGE ( 'NONE', *, *, #776, .F. ) ;
#921 = CARTESIAN_POINT ( 'NONE',  ( -0.07892533733949060049, -0.07020792479125594066, -1.568169451423031102 ) ) ;
#922 = CARTESIAN_POINT ( 'NONE',  ( -1.432211808584905599, -0.1134611609949470190, 0.3862705474954397089 ) ) ;
#923 = CARTESIAN_POINT ( 'NONE',  ( 1.471151593577109118, 1.363605822458117567, -0.09552628281189380621 ) ) ;
#924 = CARTESIAN_POINT ( 'NONE',  ( 1.193126361641132283, 1.350246506262433810, -0.9143363139699199893 ) ) ;
#925 =( LENGTH_UNIT ( ) NAMED_UNIT ( * ) SI_UNIT ( .MILLI., .METRE. ) );
#926 = CARTESIAN_POINT ( 'NONE',  ( -0.9915857878681026971, -0.1003747314470042756, 1.129747720559184820 ) ) ;
#927 = APPLICATION_CONTEXT ( 'automotive_design' ) ;
#928 = CARTESIAN_POINT ( 'NONE',  ( 1.095499165371460304, 1.425480449545008410, 0.8090433846589536460 ) ) ;
#929 = B_SPLINE_CURVE_WITH_KNOTS ( 'NONE', 3,
 ( #345, #195, #716, #491, #53, #419, #48, #932, #274, #570, #429, #496, #789, #123, #721, #58, #467, #297, #374, #958, #152, #756, #232, #886, #901, #367, #307, #83, #444, #301, #610, #524, #240, #593, #379, #813, #534, #91, #741, #588, #681, #686, #226, #78, #529, #451, #671, #4, #598, #891 ),
 .UNSPECIFIED., .T., .F.,
 ( 4, 2, 2, 2, 2, 2, 2, 2, 2, 2, 2, 2, 2, 2, 2, 2, 2, 2, 2, 2, 2, 2, 2, 2, 4 ),
 ( 0.000000000000000000, 0.0002930724205788847229, 0.0005861448411577694457, 0.0008792172617366542228, 0.001172289682315539108, 0.001758434523473308229, 0.002344579364631077349, 0.002637651785209962126, 0.002930724205788846903, 0.003223796626367731680, 0.003516869046946616457, 0.004103013888104385144, 0.004396086308683268620, 0.004689158729262153831, 0.005275303570419922518, 0.005861448411577692072, 0.006154520832156577283, 0.006447593252735461626, 0.006740665673314346837, 0.007033738093893231180, 0.007619882935050999867, 0.007912955355629884210, 0.008206027776208770289, 0.008792172617366540710, 0.009378317458524312866 ),
 .UNSPECIFIED. ) ;
#930 = CARTESIAN_POINT ( 'NONE',  ( -0.6652120981580056380, 1.350160307796486547, 1.348024052955321794 ) ) ;
#931 = CARTESIAN_POINT ( 'NONE',  ( 1.553003506611142726, -0.05805870211794974395, 0.4343781109839406906 ) ) ;
#932 = CARTESIAN_POINT ( 'NONE',  ( -0.9143670929922358415, 1.318524152737896360, 1.193122664349456352 ) ) ;
#933 = CARTESIAN_POINT ( 'NONE',  ( -1.322042865344460472, -0.1134154010992886319, -0.6513179629576271168 ) ) ;
#934 = CARTESIAN_POINT ( 'NONE',  ( -1.052720754287574501, 1.275150258059613240, 1.307930502973388531 ) ) ;
#935 = CARTESIAN_POINT ( 'NONE',  ( -1.193144647002656988, 1.318405382777714685, -0.9143084474831949526 ) ) ;
#936 =( GEOMETRIC_REPRESENTATION_CONTEXT ( 3 ) GLOBAL_UNCERTAINTY_ASSIGNED_CONTEXT ( ( #409 ) ) GLOBAL_UNIT_ASSIGNED_CONTEXT ( ( #925, #701, #254 ) ) REPRESENTATION_CONTEXT ( 'NONE', 'WORKASPACE' ) );
#937 = CARTESIAN_POINT ( 'NONE',  ( 0.4253611388920044423, -0.3964231600265084032, -0.8168391643159949034 ) ) ;
#938 = CARTESIAN_POINT ( 'NONE',  ( 1.131164660960394475, -0.06837376270428588421, -0.9900845798734219105 ) ) ;
#939 = CARTESIAN_POINT ( 'NONE',  ( 0.7367418290735339159, -0.1137333508404611560, 1.277121191290714775 ) ) ;
#940 = CARTESIAN_POINT ( 'NONE',  ( 1.095499165371460304, 1.264472495824173537, 1.307930502973388531 ) ) ;
#941 = CARTESIAN_POINT ( 'NONE',  ( -1.199132724192293997, 1.318604772049470908, 0.9221621834486606328 ) ) ;
#942 = CARTESIAN_POINT ( 'NONE',  ( 0.4253611388920044423, -0.5764702367648852910, 0.05971283730888124475 ) ) ;
#943 = CARTESIAN_POINT ( 'NONE',  ( 0.9212605902327906104, -0.06828392248890605143, -1.200201144358320038 ) ) ;
#944 = CARTESIAN_POINT ( 'NONE',  ( 0.1942801846941513422, -0.1137064656606590479, -1.471380282646529647 ) ) ;
#945 = CARTESIAN_POINT ( 'NONE',  ( 0.07892040815423956301, 1.676645289504145930, 0.8090433846589536460 ) ) ;
#946 = CARTESIAN_POINT ( 'NONE',  ( -1.472181904674245922, 1.363917304376909501, -0.09523931144580081998 ) ) ;
#947 = CARTESIAN_POINT ( 'NONE',  ( -0.8413569406596409506, -0.3799594311141243352, 0.4343781109839407462 ) ) ;
#948 = CARTESIAN_POINT ( 'NONE',  ( -1.348679740025600982, -0.06786563287035467240, -0.6638652840209637862 ) ) ;
#949 = DIRECTION ( 'NONE',  ( -0.000000000000000000, -1.000000000000000000, -0.000000000000000000 ) ) ;
#950 = CARTESIAN_POINT ( 'NONE',  ( -0.4741448467815422840, 1.363670140685174559, 1.396345918292111632 ) ) ;
#951 = CARTESIAN_POINT ( 'NONE',  ( -1.452037255919606862, 1.350148415012435210, -0.3888716681909410444 ) ) ;
#952 = CARTESIAN_POINT ( 'NONE',  ( 0.04814659654720108289, -0.6147357929055426995, -0.06550887720895821886 ) ) ;
#953 = CARTESIAN_POINT ( 'NONE',  ( -0.3882348297624509947, -0.06846995221432199130, 1.452179191574154427 ) ) ;
#954 = CARTESIAN_POINT ( 'NONE',  ( 0.4743429132676607041, -0.1136700944406995040, 1.396278315815347337 ) ) ;
#955 = CARTESIAN_POINT ( 'NONE',  ( -1.425057776806162302, 1.363836154491134600, -0.3806779577703690021 ) ) ;
#956 = CARTESIAN_POINT ( 'NONE',  ( 7.417196111562171405E-06, 1.363791863991219877, 1.471675992997260929 ) ) ;
#957 = CARTESIAN_POINT ( 'NONE',  ( 0.4834994902083092905, 1.318319331499163471, 1.423339356440762371 ) ) ;
#958 = CARTESIAN_POINT ( 'NONE',  ( -1.193146276845844067, 1.318405383821653398, -0.9143063195178897651 ) ) ;
#959 = CARTESIAN_POINT ( 'NONE',  ( 1.433145854322872115, -0.1137778108199960642, 0.3865487763048917058 ) ) ;
#960 = EDGE_CURVE ( 'NONE', #750, #750, #929, .T. ) ;
#961 = CARTESIAN_POINT ( 'NONE',  ( 1.499895479484770533, -0.06909255811266391822, 0.1964467950161329912 ) ) ;
ENDSEC;
END-ISO-10303-21;
