ISO-10303-21;
HEADER;
FILE_DESCRIPTION (( 'STEP AP214' ),
    '1' );
FILE_NAME ('Part4.STEP',
    '2025-08-01T14:11:49',
    ( '' ),
    ( '' ),
    'SwSTEP 2.0',
    'SolidWorks 2025',
    '' );
FILE_SCHEMA (( 'AUTOMOTIVE_DESIGN' ));
ENDSEC;

DATA;
#1 = CARTESIAN_POINT ( 'NONE',  ( -4.893152048191988790, 14.39658348104406649, -10.25687683944227935 ) ) ;
#2 = CARTESIAN_POINT ( 'NONE',  ( 10.49999999999999822, 1.499999999999758415, 19.25000000000000000 ) ) ;
#3 = CARTESIAN_POINT ( 'NONE',  ( 2.201030546289917567, 15.80613308547488494, -13.77723188120711839 ) ) ;
#4 = CARTESIAN_POINT ( 'NONE',  ( 6.999999999999993783, 7.749999999999765521, -19.25000000000000000 ) ) ;
#5 = LINE ( 'NONE', #1853, #3759 ) ;
#6 = CARTESIAN_POINT ( 'NONE',  ( -0.4015397988469075474, 16.24106615795047404, 14.42341648230201478 ) ) ;
#7 = VERTEX_POINT ( 'NONE', #1852 ) ;
#8 = CARTESIAN_POINT ( 'NONE',  ( 5.498049964387873523, 12.08823077727384110, 6.170745489642746939 ) ) ;
#9 = ORIENTED_EDGE ( 'NONE', *, *, #2029, .F. ) ;
#10 = CARTESIAN_POINT ( 'NONE',  ( -3.993090501295863071, 13.51696329694521204, 10.75633789305072696 ) ) ;
#11 = CARTESIAN_POINT ( 'NONE',  ( 2.869302447490503560, 14.13517489403409400, -12.90324232502202761 ) ) ;
#12 = DIRECTION ( 'NONE',  ( -0.000000000000000000, -0.000000000000000000, -1.000000000000000000 ) ) ;
#13 = AXIS2_PLACEMENT_3D ( 'NONE', #3094, #3888, #1343 ) ;
#14 = ADVANCED_FACE ( 'NONE', ( #3296 ), #1916, .T. ) ;
#15 = ORIENTED_EDGE ( 'NONE', *, *, #918, .T. ) ;
#16 = CARTESIAN_POINT ( 'NONE',  ( 2.464965694929723394, 14.30831984790117950, -13.25191192204081503 ) ) ;
#17 = LINE ( 'NONE', #1420, #1696 ) ;
#18 = CARTESIAN_POINT ( 'NONE',  ( 6.803344443507827854, 12.84561357124989023, 5.690649418516856350 ) ) ;
#19 = ADVANCED_FACE ( 'NONE', ( #3246 ), #456, .T. ) ;
#20 = CARTESIAN_POINT ( 'NONE',  ( 0.4069612099684098427, 14.74683712258388191, -14.50091049312000102 ) ) ;
#21 = CARTESIAN_POINT ( 'NONE',  ( 4.911782300661513112, 14.03879673163982211, -9.411904669648622601 ) ) ;
#22 = ORIENTED_EDGE ( 'NONE', *, *, #2810, .T. ) ;
#23 = CARTESIAN_POINT ( 'NONE',  ( -4.212814763833820919, 15.13372483502193333, 12.71738073697831517 ) ) ;
#24 = CARTESIAN_POINT ( 'NONE',  ( -5.023942896292399318, 14.53871298560310699, -10.81199964967953342 ) ) ;
#25 = DIRECTION ( 'NONE',  ( 1.000000000000000000, 0.000000000000000000, 0.000000000000000000 ) ) ;
#26 = CARTESIAN_POINT ( 'NONE',  ( 4.805306396992307327, 14.57794783111112658, -11.34761947548239824 ) ) ;
#27 = CARTESIAN_POINT ( 'NONE',  ( -15.75000000000000000, 0.000000000000000000, 13.02003210281144341 ) ) ;
#28 = FACE_BOUND ( 'NONE', #1676, .T. ) ;
#29 = CARTESIAN_POINT ( 'NONE',  ( 16.23503453076235203, 1.499999999999764189, 18.88139053462072425 ) ) ;
#30 = CARTESIAN_POINT ( 'NONE',  ( 3.013436490487133579, 14.61607933083480759, -12.96956616786425265 ) ) ;
#31 = EDGE_LOOP ( 'NONE', ( #4042, #85, #3763, #1436 ) ) ;
#32 = CARTESIAN_POINT ( 'NONE',  ( 7.999999999999996447, 3.499999999999761080, -19.25000000000000000 ) ) ;
#33 = ORIENTED_EDGE ( 'NONE', *, *, #2082, .T. ) ;
#34 = CARTESIAN_POINT ( 'NONE',  ( -4.576909851580446720, 13.04642188874654352, 9.148010444327242752 ) ) ;
#35 = CARTESIAN_POINT ( 'NONE',  ( 3.922099210122995672, 13.54813070225071492, -11.30956754183722701 ) ) ;
#36 = CARTESIAN_POINT ( 'NONE',  ( 0.03113788087674453781, 15.88084007127373098, 13.94888907475647954 ) ) ;
#37 = EDGE_LOOP ( 'NONE', ( #3789, #3161, #1213, #1688 ) ) ;
#38 = CARTESIAN_POINT ( 'NONE',  ( 2.341626417195722620, 14.35295234317839252, -13.33955065817978181 ) ) ;
#39 = ORIENTED_EDGE ( 'NONE', *, *, #1790, .F. ) ;
#40 = DIRECTION ( 'NONE',  ( -0.000000000000000000, 1.000000000000000000, -0.000000000000000000 ) ) ;
#41 = CARTESIAN_POINT ( 'NONE',  ( 6.719161070824771542, 12.86652914180193541, 5.946547659910870642 ) ) ;
#42 = VECTOR ( 'NONE', #4081, 1000.000000000000000 ) ;
#43 = DIRECTION ( 'NONE',  ( -1.000000000000000000, 0.000000000000000000, 0.000000000000000000 ) ) ;
#44 = CARTESIAN_POINT ( 'NONE',  ( 4.944694564294007222, 14.01280918240521345, -9.011497172114671272 ) ) ;
#45 = CARTESIAN_POINT ( 'NONE',  ( -16.25000000000000355, 0.000000000000000000, -4.977178131738738465 ) ) ;
#46 = VECTOR ( 'NONE', #1782, 1000.000000000000000 ) ;
#47 = CARTESIAN_POINT ( 'NONE',  ( -5.159678583565087351, 14.50644608141529446, -10.86002187180604217 ) ) ;
#48 = CARTESIAN_POINT ( 'NONE',  ( -18.50000000000000355, 1.000000000000000000, -4.977178131738738465 ) ) ;
#49 = CARTESIAN_POINT ( 'NONE',  ( 4.839930740215569571, 14.55336914828918715, -11.27101586955891577 ) ) ;
#50 = VERTEX_POINT ( 'NONE', #357 ) ;
#51 = DIRECTION ( 'NONE',  ( 0.000000000000000000, 1.000000000000000000, 1.734723475976805319E-15 ) ) ;
#52 = CIRCLE ( 'NONE', #722, 0.5000000000000004441 ) ;
#53 = DIRECTION ( 'NONE',  ( -0.000000000000000000, 0.000000000000000000, -1.000000000000000000 ) ) ;
#54 = EDGE_CURVE ( 'NONE', #663, #1935, #2520, .T. ) ;
#55 = CARTESIAN_POINT ( 'NONE',  ( 4.046374977211800505, 14.05102707789004590, -11.63116734897786664 ) ) ;
#56 = EDGE_LOOP ( 'NONE', ( #737, #448, #3513, #2871 ) ) ;
#57 = CARTESIAN_POINT ( 'NONE',  ( 8.499999999999996447, 7.749999999999757527, -18.75000000000000000 ) ) ;
#58 = LINE ( 'NONE', #414, #4372 ) ;
#59 = CARTESIAN_POINT ( 'NONE',  ( -3.821919678520300234, 13.61577703732404920, -11.29613201934312272 ) ) ;
#60 = CARTESIAN_POINT ( 'NONE',  ( 6.999999999999997335, 3.499999999999761080, 19.25000000000000000 ) ) ;
#61 = VERTEX_POINT ( 'NONE', #98 ) ;
#62 = CARTESIAN_POINT ( 'NONE',  ( 1.227343985581984098, 14.64356637975011566, -14.36766940548041127 ) ) ;
#63 = DIRECTION ( 'NONE',  ( -1.000000000000000000, 0.000000000000000000, 0.000000000000000000 ) ) ;
#64 = CARTESIAN_POINT ( 'NONE',  ( 6.836539349010822164, 12.80099030032147134, 5.697899619580789832 ) ) ;
#65 = EDGE_CURVE ( 'NONE', #1558, #1575, #1863, .T. ) ;
#66 = CIRCLE ( 'NONE', #3599, 2.249999999999998668 ) ;
#67 = DIRECTION ( 'NONE',  ( -0.000000000000000000, 0.000000000000000000, -1.000000000000000000 ) ) ;
#68 = CARTESIAN_POINT ( 'NONE',  ( 5.294400505362355958, 14.20507152280149477, -9.023192881593839587 ) ) ;
#69 = ORIENTED_EDGE ( 'NONE', *, *, #1856, .F. ) ;
#70 = DIRECTION ( 'NONE',  ( -1.000000000000000000, 0.000000000000000000, -1.665334536937735205E-15 ) ) ;
#71 = CARTESIAN_POINT ( 'NONE',  ( 5.682342190792740944, 14.07147139980473227, 4.280465947729871878 ) ) ;
#72 = DIRECTION ( 'NONE',  ( 0.000000000000000000, 0.000000000000000000, 1.000000000000000000 ) ) ;
#73 = AXIS2_PLACEMENT_3D ( 'NONE', #4499, #2277, #3721 ) ;
#74 = CARTESIAN_POINT ( 'NONE',  ( 4.945265396701260308, 14.66496013667476461, -11.69269761207219105 ) ) ;
#75 = EDGE_CURVE ( 'NONE', #3977, #2054, #268, .T. ) ;
#76 = DIRECTION ( 'NONE',  ( -0.000000000000000000, 1.000000000000000000, -0.000000000000000000 ) ) ;
#77 = CARTESIAN_POINT ( 'NONE',  ( 10.49999999999999645, 3.499999999999761080, 19.25000000000000000 ) ) ;
#78 = CARTESIAN_POINT ( 'NONE',  ( -3.772918884928487593, 15.19924204884105023, -12.63052162194875550 ) ) ;
#79 = ORIENTED_EDGE ( 'NONE', *, *, #2718, .T. ) ;
#80 = FACE_OUTER_BOUND ( 'NONE', #587, .T. ) ;
#81 = ORIENTED_EDGE ( 'NONE', *, *, #1509, .F. ) ;
#82 = CARTESIAN_POINT ( 'NONE',  ( -4.235043004793962673, 13.34302015285293130, 8.931367892179590484 ) ) ;
#83 = CARTESIAN_POINT ( 'NONE',  ( 3.503725458984472851, 13.81258993518624045, -12.14469160663075620 ) ) ;
#84 = CARTESIAN_POINT ( 'NONE',  ( -4.815101540466043772, 14.11904994131789870, 0.000000000000000000 ) ) ;
#85 = ORIENTED_EDGE ( 'NONE', *, *, #2302, .T. ) ;
#86 = CARTESIAN_POINT ( 'NONE',  ( 1.364605801287065212, 15.12538398129643902, -13.84021400205199015 ) ) ;
#87 = ORIENTED_EDGE ( 'NONE', *, *, #750, .F. ) ;
#88 = FACE_OUTER_BOUND ( 'NONE', #108, .T. ) ;
#89 = CARTESIAN_POINT ( 'NONE',  ( 6.708030244974651168, 12.72553234227556196, 6.053964905177713796 ) ) ;
#90 = CARTESIAN_POINT ( 'NONE',  ( -0.6349996106259190309, 14.72928197961560670, -14.46384155459647936 ) ) ;
#91 = AXIS2_PLACEMENT_3D ( 'NONE', #2766, #614, #1013 ) ;
#92 = CARTESIAN_POINT ( 'NONE',  ( 4.934862158860479298, 14.02059904485035702, -9.145636851662784395 ) ) ;
#93 = ORIENTED_EDGE ( 'NONE', *, *, #3475, .T. ) ;
#94 = CARTESIAN_POINT ( 'NONE',  ( 5.305544888312669016, 14.19594835802752897, 4.323665606475473489 ) ) ;
#95 = CARTESIAN_POINT ( 'NONE',  ( -2.991805546524303416, 14.07843902983571382, 12.60951624337290866 ) ) ;
#96 = EDGE_CURVE ( 'NONE', #1095, #3843, #2497, .T. ) ;
#97 = CARTESIAN_POINT ( 'NONE',  ( 3.804030189765140513, 15.07708920947415265, -12.58467052520165375 ) ) ;
#98 = CARTESIAN_POINT ( 'NONE',  ( -10.49999999999999822, 1.500000000000000000, 18.75000000000000000 ) ) ;
#99 = FACE_OUTER_BOUND ( 'NONE', #2945, .T. ) ;
#100 = EDGE_CURVE ( 'NONE', #4060, #2341, #120, .T. ) ;
#101 = CARTESIAN_POINT ( 'NONE',  ( -2.010133131943837803, 16.01092514589145566, 14.11392413830072989 ) ) ;
#102 = CARTESIAN_POINT ( 'NONE',  ( -3.285152224878010507, 15.03316772060597017, -12.75966943373392404 ) ) ;
#103 = ORIENTED_EDGE ( 'NONE', *, *, #100, .F. ) ;
#104 = LINE ( 'NONE', #1908, #3699 ) ;
#105 = DIRECTION ( 'NONE',  ( 1.848892746611746419E-31, 1.000000000000000000, 0.000000000000000000 ) ) ;
#106 = CARTESIAN_POINT ( 'NONE',  ( 3.892241304652219736, 13.56823618424712130, -11.38276639383933642 ) ) ;
#107 = VERTEX_POINT ( 'NONE', #735 ) ;
#108 = EDGE_LOOP ( 'NONE', ( #3686, #2122, #3485, #533 ) ) ;
#109 = CARTESIAN_POINT ( 'NONE',  ( 4.064361850385889596, 14.03929032589987180, -11.59590431413765366 ) ) ;
#110 = CARTESIAN_POINT ( 'NONE',  ( -16.25000000000000000, 1.132119633075415965, -19.25000000000000355 ) ) ;
#111 = CARTESIAN_POINT ( 'NONE',  ( 6.531912604460210936, 12.58514189673447881, 6.202052295722584319 ) ) ;
#112 = CARTESIAN_POINT ( 'NONE',  ( -3.235543997387829940, 13.96160737926432915, -13.06068240030798933 ) ) ;
#113 = CARTESIAN_POINT ( 'NONE',  ( 5.702063645363896427, 12.62617720715085312, 6.107250856038969999 ) ) ;
#114 = VERTEX_POINT ( 'NONE', #3632 ) ;
#115 = CARTESIAN_POINT ( 'NONE',  ( -5.380269876427843379, 14.33099337918639016, -10.50253023746172865 ) ) ;
#116 = CARTESIAN_POINT ( 'NONE',  ( 4.959158785277216985, 14.00156748010987684, 4.371425816518153873 ) ) ;
#117 = AXIS2_PLACEMENT_3D ( 'NONE', #4479, #4055, #2998 ) ;
#118 = CARTESIAN_POINT ( 'NONE',  ( -3.590582966467080972, 15.45441157898884477, 12.64845000196737779 ) ) ;
#119 = CARTESIAN_POINT ( 'NONE',  ( 4.527949749676039914, 14.76521567369356269, -11.86144356778109810 ) ) ;
#120 = CIRCLE ( 'NONE', #874, 0.5000000000000004441 ) ;
#121 = CARTESIAN_POINT ( 'NONE',  ( -15.75000000000000000, 0.000000000000000000, -13.02003210281144341 ) ) ;
#122 = DIRECTION ( 'NONE',  ( 0.000000000000000000, 0.000000000000000000, 1.000000000000000000 ) ) ;
#123 = CARTESIAN_POINT ( 'NONE',  ( -5.087435317491762810, 14.55944122174688360, 11.33585285523908226 ) ) ;
#124 = CARTESIAN_POINT ( 'NONE',  ( -3.529206630944946355, 15.31933183764041750, -12.86670665902344979 ) ) ;
#125 = ORIENTED_EDGE ( 'NONE', *, *, #3921, .F. ) ;
#126 = FACE_OUTER_BOUND ( 'NONE', #555, .T. ) ;
#127 = ORIENTED_EDGE ( 'NONE', *, *, #3475, .F. ) ;
#128 = CARTESIAN_POINT ( 'NONE',  ( 17.77205882352934907, 0.9999999999997613020, -7.106168888787394167 ) ) ;
#129 = VECTOR ( 'NONE', #1729, 1000.000000000000000 ) ;
#130 = CARTESIAN_POINT ( 'NONE',  ( 0.03254250484875423344, 16.24993770478933541, 14.44911205896109863 ) ) ;
#131 = B_SPLINE_CURVE_WITH_KNOTS ( 'NONE', 3,
 ( #2145, #2525, #1413, #3613, #2859, #552, #2264, #531, #3047, #811 ),
 .UNSPECIFIED., .F., .F.,
 ( 4, 3, 3, 4 ),
 ( 0.000000000000000000, 0.001000000000000000021, 0.005000000000000000104, 0.01321934856788201107 ),
 .UNSPECIFIED. ) ;
#132 = ORIENTED_EDGE ( 'NONE', *, *, #1200, .T. ) ;
#133 = CARTESIAN_POINT ( 'NONE',  ( 4.690558819677916880, 12.94604167905662884, -9.098148180082533898 ) ) ;
#134 = EDGE_CURVE ( 'NONE', #3829, #397, #1167, .T. ) ;
#135 = DIRECTION ( 'NONE',  ( 1.000000000000000000, -9.860761315262647568E-32, -0.000000000000000000 ) ) ;
#136 = CARTESIAN_POINT ( 'NONE',  ( -4.268259177827522066, 14.49970613571689526, -11.48479139909500368 ) ) ;
#137 = EDGE_CURVE ( 'NONE', #3192, #1969, #2487, .T. ) ;
#138 = CARTESIAN_POINT ( 'NONE',  ( 17.77205882352933486, -4.754570919980196629E-13, 7.106168888787395943 ) ) ;
#139 = DIRECTION ( 'NONE',  ( 0.000000000000000000, -1.249000902703300098E-13, 1.000000000000000000 ) ) ;
#140 = ADVANCED_FACE ( 'NONE', ( #1178 ), #2616, .F. ) ;
#141 = CARTESIAN_POINT ( 'NONE',  ( -2.868871967406358081, 15.21396309482170039, -13.10426710830357955 ) ) ;
#142 = CARTESIAN_POINT ( 'NONE',  ( 6.019237091647276827, 12.22400258266539552, 6.198889074756477768 ) ) ;
#143 = CARTESIAN_POINT ( 'NONE',  ( 5.434076770842060533, 14.21469120807971365, 4.224442186643440067 ) ) ;
#144 = CARTESIAN_POINT ( 'NONE',  ( -3.504543832066556508, 15.49397824524182354, 12.72465384648824305 ) ) ;
#145 = CARTESIAN_POINT ( 'NONE',  ( 4.698674932254211178, 14.36997019082669169, -10.94243404376825346 ) ) ;
#146 = AXIS2_PLACEMENT_3D ( 'NONE', #948, #2812, #1673 ) ;
#147 = LINE ( 'NONE', #1571, #2516 ) ;
#148 = CARTESIAN_POINT ( 'NONE',  ( 7.499999999999996447, 7.749999999999834799, 10.07388907475647777 ) ) ;
#149 = EDGE_CURVE ( 'NONE', #3684, #2099, #1204, .T. ) ;
#150 = CARTESIAN_POINT ( 'NONE',  ( -3.699388280600460543, 14.83486545520754696, 12.30595457893895883 ) ) ;
#151 = CIRCLE ( 'NONE', #1567, 0.5000000000000004441 ) ;
#152 = CARTESIAN_POINT ( 'NONE',  ( 0.7881352531648215809, 15.97802728602463418, -14.02555841023826488 ) ) ;
#153 = ORIENTED_EDGE ( 'NONE', *, *, #3543, .T. ) ;
#154 = FACE_OUTER_BOUND ( 'NONE', #4598, .T. ) ;
#155 = DIRECTION ( 'NONE',  ( -0.000000000000000000, 0.000000000000000000, -1.000000000000000000 ) ) ;
#156 = CARTESIAN_POINT ( 'NONE',  ( -10.49999999999999822, 1.500000000000000000, 19.25000000000000000 ) ) ;
#157 = ORIENTED_EDGE ( 'NONE', *, *, #2599, .T. ) ;
#158 = CYLINDRICAL_SURFACE ( 'NONE', #3202, 0.5000000000000004441 ) ;
#159 = ORIENTED_EDGE ( 'NONE', *, *, #4589, .T. ) ;
#160 = PLANE ( 'NONE',  #353 ) ;
#161 = CARTESIAN_POINT ( 'NONE',  ( -4.532818413800884016, 14.94171180932967857, -12.34883659482908236 ) ) ;
#162 = CARTESIAN_POINT ( 'NONE',  ( -8.673617379884035472E-16, 7.750000000000000000, -19.24999999999999645 ) ) ;
#163 = B_SPLINE_CURVE_WITH_KNOTS ( 'NONE', 3,
 ( #4307, #3244, #749, #1760, #1448, #1426, #2948, #3651, #3196, #3576, #4377, #1125 ),
 .UNSPECIFIED., .F., .F.,
 ( 4, 2, 2, 2, 2, 4 ),
 ( 0.000000000000000000, 0.0006418905422571752470, 0.0009628358133857650930, 0.001283781084514355048, 0.001925671626771536474, 0.002567562169028717901 ),
 .UNSPECIFIED. ) ;
#164 = CARTESIAN_POINT ( 'NONE',  ( 4.841608511904421874, 13.46138536220102111, 5.191046170958612649 ) ) ;
#165 = ORIENTED_EDGE ( 'NONE', *, *, #3061, .F. ) ;
#166 = CARTESIAN_POINT ( 'NONE',  ( 4.357038823117300730, 15.05412960292250801, -12.76321851148495412 ) ) ;
#167 = CARTESIAN_POINT ( 'NONE',  ( 6.062879140419285662, 13.70747400570650143, 5.278790857724584562 ) ) ;
#168 = LINE ( 'NONE', #1973, #1649 ) ;
#169 = CARTESIAN_POINT ( 'NONE',  ( 5.078381625449620351, 14.49770890081278196, -11.03655123689745032 ) ) ;
#170 = CARTESIAN_POINT ( 'NONE',  ( -1.633099493568870519, 14.56388874826331303, 14.13647461798521121 ) ) ;
#171 = CARTESIAN_POINT ( 'NONE',  ( 4.352875416725445312, 13.23204490479514384, 4.491949853484851651 ) ) ;
#172 = CARTESIAN_POINT ( 'NONE',  ( -4.368327134446928994, 14.43760627629295534, 11.22357083199088734 ) ) ;
#173 = CARTESIAN_POINT ( 'NONE',  ( -0.2878940163907647287, 15.87956691059781988, -13.99778020454061789 ) ) ;
#174 = LINE ( 'NONE', #1602, #732 ) ;
#175 = DIRECTION ( 'NONE',  ( 6.419766481290786633E-33, -1.000000000000000000, -0.000000000000000000 ) ) ;
#176 = DIRECTION ( 'NONE',  ( 1.000000000000000000, -9.860761315262647568E-32, 0.000000000000000000 ) ) ;
#177 = ORIENTED_EDGE ( 'NONE', *, *, #3193, .T. ) ;
#178 = DIRECTION ( 'NONE',  ( 0.000000000000000000, 0.000000000000000000, -1.000000000000000000 ) ) ;
#179 = ORIENTED_EDGE ( 'NONE', *, *, #3706, .F. ) ;
#180 = DIRECTION ( 'NONE',  ( 0.000000000000000000, 0.000000000000000000, 1.000000000000000000 ) ) ;
#181 = CARTESIAN_POINT ( 'NONE',  ( -4.848730280066051890, 14.66608068551588318, -11.29854950698238980 ) ) ;
#182 = CARTESIAN_POINT ( 'NONE',  ( 4.933515581590725674, 12.71634894147221750, 5.171437143800990732 ) ) ;
#183 = FACE_OUTER_BOUND ( 'NONE', #2656, .T. ) ;
#184 = CARTESIAN_POINT ( 'NONE',  ( -3.685230298324321030, 14.84237893665377683, -12.34492386130465036 ) ) ;
#185 = CARTESIAN_POINT ( 'NONE',  ( 3.568834343991550639, 15.47162173535797436, -13.47579961153895667 ) ) ;
#186 = CARTESIAN_POINT ( 'NONE',  ( 5.578799184266730826, 13.96235824699129324, 5.261564078250865251 ) ) ;
#187 = CARTESIAN_POINT ( 'NONE',  ( -3.173894192343396536, 15.63631387243894721, 12.98610027824918234 ) ) ;
#188 = CARTESIAN_POINT ( 'NONE',  ( 5.085557759362364649, 14.49230117859692513, -11.01672284828889126 ) ) ;
#189 = CARTESIAN_POINT ( 'NONE',  ( -4.512972009675256579, 13.71941598673109475, 9.000000000000001776 ) ) ;
#190 = CARTESIAN_POINT ( 'NONE',  ( -5.019158133617711570, 14.30139443895731866, -9.157749422253916194 ) ) ;
#191 = CARTESIAN_POINT ( 'NONE',  ( -3.013616059398989133, 15.15624111928457651, 12.96511777089032869 ) ) ;
#192 = VECTOR ( 'NONE', #410, 1000.000000000000000 ) ;
#193 = CARTESIAN_POINT ( 'NONE',  ( -2.006078402243050895, 15.76015451070685991, -13.67719794325932803 ) ) ;
#194 = CARTESIAN_POINT ( 'NONE',  ( 0.02872173913193242986, 15.24992809000072924, 13.94888907475647777 ) ) ;
#195 = FACE_OUTER_BOUND ( 'NONE', #822, .T. ) ;
#196 = ADVANCED_FACE ( 'NONE', ( #900 ), #3703, .F. ) ;
#197 = B_SPLINE_CURVE_WITH_KNOTS ( 'NONE', 3,
 ( #4040, #3329, #3994, #1839 ),
 .UNSPECIFIED., .F., .F.,
 ( 4, 4 ),
 ( 0.000000000000000000, 0.01319888907475648236 ),
 .UNSPECIFIED. ) ;
#198 = ORIENTED_EDGE ( 'NONE', *, *, #1725, .F. ) ;
#199 = CARTESIAN_POINT ( 'NONE',  ( 3.954507648008178666, 13.54167979780548769, -11.24464533969231184 ) ) ;
#200 = ORIENTED_EDGE ( 'NONE', *, *, #3286, .F. ) ;
#201 = LINE ( 'NONE', #888, #572 ) ;
#202 = TOROIDAL_SURFACE ( 'NONE', #955, 5.750000000000000000, 0.5000000000000000000 ) ;
#203 = CARTESIAN_POINT ( 'NONE',  ( -4.100264994072804647, 14.91570432201788243, -12.06039783741416649 ) ) ;
#204 = DIRECTION ( 'NONE',  ( 0.000000000000000000, 0.000000000000000000, 1.000000000000000000 ) ) ;
#205 = CARTESIAN_POINT ( 'NONE',  ( -4.578197826718795937, 14.29337434817823116, 10.64158219574703601 ) ) ;
#206 = LINE ( 'NONE', #4518, #1015 ) ;
#207 = CARTESIAN_POINT ( 'NONE',  ( 5.440330142912154443, 14.20942534347294917, -8.892123330507047285 ) ) ;
#208 = FACE_OUTER_BOUND ( 'NONE', #1897, .T. ) ;
#209 = EDGE_CURVE ( 'NONE', #1170, #2390, #2756, .T. ) ;
#210 = CARTESIAN_POINT ( 'NONE',  ( 5.515840830367485736, 14.14527121060414139, 4.756504059288478636 ) ) ;
#211 = VECTOR ( 'NONE', #2465, 1000.000000000000000 ) ;
#212 = CARTESIAN_POINT ( 'NONE',  ( 5.309195814509179101, 14.38796213198236984, -11.14459091849909989 ) ) ;
#213 = CARTESIAN_POINT ( 'NONE',  ( -4.811880829489792788, 14.11527111933664713, -9.026982524588698098 ) ) ;
#214 = CARTESIAN_POINT ( 'NONE',  ( -5.075904742617742826, 14.58831842206189044, 9.625117410729952638 ) ) ;
#215 = AXIS2_PLACEMENT_3D ( 'NONE', #1057, #2877, #1809 ) ;
#216 = CARTESIAN_POINT ( 'NONE',  ( -1.086345771661540338, 16.18032653896569073, -14.27140825503634503 ) ) ;
#217 = CARTESIAN_POINT ( 'NONE',  ( -7.999999999999996447, 7.750000000000002665, 18.75000000000000000 ) ) ;
#218 = FACE_OUTER_BOUND ( 'NONE', #4657, .T. ) ;
#219 = CIRCLE ( 'NONE', #1717, 6.999999999999999112 ) ;
#220 = EDGE_CURVE ( 'NONE', #4341, #1170, #147, .T. ) ;
#221 = CARTESIAN_POINT ( 'NONE',  ( 0.02822051385928340400, 15.11904626963129417, 13.94888907475647599 ) ) ;
#222 = VECTOR ( 'NONE', #2459, 1000.000000000000000 ) ;
#223 = EDGE_LOOP ( 'NONE', ( #79, #4638, #125, #3583 ) ) ;
#224 = CARTESIAN_POINT ( 'NONE',  ( 5.674661049484361897, 14.07836645379082263, 1.446178742132409489 ) ) ;
#225 = ORIENTED_EDGE ( 'NONE', *, *, #387, .T. ) ;
#226 = CARTESIAN_POINT ( 'NONE',  ( -2.430956376146709896, 14.32021240903792325, 13.73318202677543276 ) ) ;
#227 = DIRECTION ( 'NONE',  ( 0.000000000000000000, 0.000000000000000000, 1.000000000000000000 ) ) ;
#228 = CARTESIAN_POINT ( 'NONE',  ( -4.584331170386918508, 13.03998182607642775, 9.020572212002511137 ) ) ;
#229 = DIRECTION ( 'NONE',  ( -0.000000000000000000, 0.000000000000000000, -1.000000000000000000 ) ) ;
#230 = CARTESIAN_POINT ( 'NONE',  ( -4.489379378306163737, 13.73733543911108157, -9.568884228441980611 ) ) ;
#231 = ORIENTED_EDGE ( 'NONE', *, *, #3543, .F. ) ;
#232 = CARTESIAN_POINT ( 'NONE',  ( 7.999999999999996447, 7.749999999999757527, 18.75000000000000000 ) ) ;
#233 = CARTESIAN_POINT ( 'NONE',  ( 5.481281516221237382, 13.74434373703898338, 5.576981577036559834 ) ) ;
#234 = EDGE_CURVE ( 'NONE', #3730, #488, #4456, .T. ) ;
#235 = CARTESIAN_POINT ( 'NONE',  ( 4.777689568901305250, 14.48064835213278911, -11.07538380076495343 ) ) ;
#236 = EDGE_LOOP ( 'NONE', ( #4090, #4139, #592, #2917 ) ) ;
#237 = DIRECTION ( 'NONE',  ( 6.419766481290786633E-33, -1.000000000000000000, 0.000000000000000000 ) ) ;
#238 = EDGE_CURVE ( 'NONE', #1776, #114, #2325, .T. ) ;
#239 = CARTESIAN_POINT ( 'NONE',  ( -1.952558075584079011, 15.63736682893361518, -13.62810210685441525 ) ) ;
#240 = EDGE_CURVE ( 'NONE', #3969, #3969, #2377, .T. ) ;
#241 = ORIENTED_EDGE ( 'NONE', *, *, #2443, .T. ) ;
#242 = CARTESIAN_POINT ( 'NONE',  ( -4.401436262054596149, 13.49008935120657249, 9.002716298369699999 ) ) ;
#243 = DIRECTION ( 'NONE',  ( 1.848892746611746419E-31, 1.000000000000000000, 0.000000000000000000 ) ) ;
#244 = CARTESIAN_POINT ( 'NONE',  ( 7.003053907030514225, 3.353821535497916173, 9.730093270069927414 ) ) ;
#245 = ORIENTED_EDGE ( 'NONE', *, *, #2375, .T. ) ;
#246 = CARTESIAN_POINT ( 'NONE',  ( 4.363828060013506871, 13.24292659306459363, 4.418207166681323628 ) ) ;
#247 = ORIENTED_EDGE ( 'NONE', *, *, #565, .F. ) ;
#248 = CARTESIAN_POINT ( 'NONE',  ( -0.9681685417650518488, 14.68517028646578559, 13.81199571116637337 ) ) ;
#249 = CARTESIAN_POINT ( 'NONE',  ( 1.522958020645219568, 16.13693578341103674, -13.88594168111795746 ) ) ;
#250 = CARTESIAN_POINT ( 'NONE',  ( -0.3026060977955724041, 15.75113298347902813, 13.93479988665571945 ) ) ;
#251 = CARTESIAN_POINT ( 'NONE',  ( -3.507462993972652487, 14.37253639827166829, -12.28912989455501581 ) ) ;
#252 = CARTESIAN_POINT ( 'NONE',  ( -4.332004855353626560, 13.85384567662200972, -10.53753649575370055 ) ) ;
#253 = ORIENTED_EDGE ( 'NONE', *, *, #1967, .F. ) ;
#254 = FACE_OUTER_BOUND ( 'NONE', #3234, .T. ) ;
#255 = CARTESIAN_POINT ( 'NONE',  ( 5.720380736164073276, 14.03842635358112823, 4.928343074369051280 ) ) ;
#256 = CARTESIAN_POINT ( 'NONE',  ( 5.324382975227988979, 14.37577889256065866, -11.10137026995031739 ) ) ;
#257 = ORIENTED_EDGE ( 'NONE', *, *, #2785, .T. ) ;
#258 = CARTESIAN_POINT ( 'NONE',  ( -5.012375133877458033, 14.30660747011780565, -9.330403288058255029 ) ) ;
#259 = CARTESIAN_POINT ( 'NONE',  ( 7.999999999999996447, 3.499999999999761080, 9.035561091891988639 ) ) ;
#260 = CARTESIAN_POINT ( 'NONE',  ( 1.631886080390456462, 16.10095681139895873, -14.34434089459010231 ) ) ;
#261 = CARTESIAN_POINT ( 'NONE',  ( 4.559534686136477610, 13.52353346542282964, -9.000344787373942168 ) ) ;
#262 = LINE ( 'NONE', #2385, #736 ) ;
#263 = EDGE_CURVE ( 'NONE', #3843, #1008, #2257, .T. ) ;
#264 = CARTESIAN_POINT ( 'NONE',  ( 16.24999999999993960, 0.9999999999997636335, 19.25000000000000000 ) ) ;
#265 = AXIS2_PLACEMENT_3D ( 'NONE', #2299, #229, #1310 ) ;
#266 = VERTEX_POINT ( 'NONE', #476 ) ;
#267 = CARTESIAN_POINT ( 'NONE',  ( 4.831714624232463784, 13.46956383656004341, 5.169059708828393163 ) ) ;
#268 = CIRCLE ( 'NONE', #2068, 3.499999999999999556 ) ;
#269 = CARTESIAN_POINT ( 'NONE',  ( -3.444885028475416444, 13.85796247696996808, 12.02446043108235685 ) ) ;
#270 = CARTESIAN_POINT ( 'NONE',  ( 3.762062892624921773, 15.37220972668501240, -12.66205430897180584 ) ) ;
#271 = CARTESIAN_POINT ( 'NONE',  ( -10.49999999999999822, 3.500000000000000000, -18.74999999999999645 ) ) ;
#272 = CARTESIAN_POINT ( 'NONE',  ( -2.199483789336951212, 15.44534435434105113, 13.46369083916840914 ) ) ;
#273 = ADVANCED_FACE ( 'NONE', ( #2308 ), #4428, .F. ) ;
#274 = CARTESIAN_POINT ( 'NONE',  ( -4.579689748283269246, 13.04400132028419712, -9.260192123807275522 ) ) ;
#276 = EDGE_CURVE ( 'NONE', #2341, #733, #3052, .T. ) ;
#275 = FACE_OUTER_BOUND ( 'NONE', #3991, .T. ) ;
#277 = CIRCLE ( 'NONE', #2908, 6.250000000000001776 ) ;
#278 = CARTESIAN_POINT ( 'NONE',  ( 5.808650764959092605, 13.24155300827858284, 5.956976868024722371 ) ) ;
#279 = EDGE_CURVE ( 'NONE', #3308, #2750, #1246, .T. ) ;
#280 = CARTESIAN_POINT ( 'NONE',  ( 4.894777479249886376, 14.05215939076988541, -9.588438310454604263 ) ) ;
#281 = ORIENTED_EDGE ( 'NONE', *, *, #2302, .F. ) ;
#282 = CARTESIAN_POINT ( 'NONE',  ( -0.7178229488522528401, 16.22766094015966587, 14.39896368463362109 ) ) ;
#283 = CARTESIAN_POINT ( 'NONE',  ( -5.529417650277685503, 14.20566482723472035, -9.361353642639130612 ) ) ;
#284 = CARTESIAN_POINT ( 'NONE',  ( -4.998307904672417479, 14.64474991360944856, 10.13398639148730496 ) ) ;
#285 = CARTESIAN_POINT ( 'NONE',  ( 2.460567731386625212, 15.63906221338040936, -13.56690206313004410 ) ) ;
#286 = CARTESIAN_POINT ( 'NONE',  ( 7.499999999999996447, 7.749999999999765521, 5.698889074756477768 ) ) ;
#287 = CARTESIAN_POINT ( 'NONE',  ( 4.532119615225485454, 13.27057167872862387, -9.099775584530584993 ) ) ;
#288 = CARTESIAN_POINT ( 'NONE',  ( 6.999999999999997335, 3.985714285714062832, 9.154227147076527515 ) ) ;
#289 = AXIS2_PLACEMENT_3D ( 'NONE', #1179, #1882, #2280 ) ;
#290 = EDGE_LOOP ( 'NONE', ( #3605, #2951, #87, #3275 ) ) ;
#291 = CARTESIAN_POINT ( 'NONE',  ( 4.644615975887036896, 13.61770420388685210, 4.301722898867613054 ) ) ;
#292 = CARTESIAN_POINT ( 'NONE',  ( -4.244447170725189622, 13.31641237945177636, 11.23700183698357336 ) ) ;
#293 = CARTESIAN_POINT ( 'NONE',  ( 4.875514787626310742, 14.71271348524918388, -11.05669766412586874 ) ) ;
#294 = CARTESIAN_POINT ( 'NONE',  ( 17.61029411764699404, 1.499999999999763745, -7.579277945909319136 ) ) ;
#295 = CIRCLE ( 'NONE', #2548, 0.5000000000000004441 ) ;
#296 = CARTESIAN_POINT ( 'NONE',  ( -3.368087659001404610, 15.00002370405615437, 12.66027649091185836 ) ) ;
#297 = CARTESIAN_POINT ( 'NONE',  ( 4.637967650686857901, 13.62282644606995241, -9.000000000000001776 ) ) ;
#298 = CARTESIAN_POINT ( 'NONE',  ( -4.057689447311275899, 13.47181321840709778, -10.54608519828635060 ) ) ;
#299 = CARTESIAN_POINT ( 'NONE',  ( -18.50000000000000355, 2.246918268451773064E-32, -4.977178131738738465 ) ) ;
#300 = CIRCLE ( 'NONE', #1719, 2.249999999999998668 ) ;
#301 = CARTESIAN_POINT ( 'NONE',  ( 5.724119079384936803, 13.32719015654045691, 5.894644682129384528 ) ) ;
#302 = EDGE_CURVE ( 'NONE', #1337, #3730, #4546, .T. ) ;
#303 = CARTESIAN_POINT ( 'NONE',  ( 5.332018912993930826, 14.37111521222279364, -10.70806842911002299 ) ) ;
#304 = ORIENTED_EDGE ( 'NONE', *, *, #2221, .F. ) ;
#305 = CARTESIAN_POINT ( 'NONE',  ( 4.948490572002318011, 14.01602608934898520, 4.198889074756483097 ) ) ;
#306 = EDGE_CURVE ( 'NONE', #4392, #4447, #3498, .T. ) ;
#307 = CARTESIAN_POINT ( 'NONE',  ( -4.925703786863454781, 14.37228589125422573, -10.09132639928338016 ) ) ;
#308 = CARTESIAN_POINT ( 'NONE',  ( -4.737367192001411098, 14.17766497641770052, 9.802047991196761956 ) ) ;
#309 = CARTESIAN_POINT ( 'NONE',  ( 2.640989819865757315, 15.29809698428990927, -13.36867648960439148 ) ) ;
#310 = ORIENTED_EDGE ( 'NONE', *, *, #1759, .T. ) ;
#311 = CARTESIAN_POINT ( 'NONE',  ( 7.499999999999996447, 3.985714285714056171, 10.99355100243642980 ) ) ;
#312 = LINE ( 'NONE', #2744, #2628 ) ;
#313 = CARTESIAN_POINT ( 'NONE',  ( 6.420546464206719151, 12.52228941568785459, 6.198889074756477768 ) ) ;
#314 = AXIS2_PLACEMENT_3D ( 'NONE', #3711, #4463, #1258 ) ;
#315 = ORIENTED_EDGE ( 'NONE', *, *, #1388, .T. ) ;
#316 = CARTESIAN_POINT ( 'NONE',  ( 10.50000000000000000, 3.499999999999999556, -19.25000000000000000 ) ) ;
#317 = CARTESIAN_POINT ( 'NONE',  ( -3.728749260035909785, 13.68904550392307584, 11.47887187269425091 ) ) ;
#318 = CARTESIAN_POINT ( 'NONE',  ( -10.49999999999999822, 1.000000000000000000, -18.75000000000000000 ) ) ;
#319 = CARTESIAN_POINT ( 'NONE',  ( -4.066922644692822608, 13.45041538779840451, 10.53190944834691578 ) ) ;
#320 = CARTESIAN_POINT ( 'NONE',  ( 4.699263030540020480, 12.93820048957752000, -0.1811217507279392347 ) ) ;
#321 = CARTESIAN_POINT ( 'NONE',  ( -2.823692805773887038, 15.36720488936994222, -13.16308180076168810 ) ) ;
#322 = CARTESIAN_POINT ( 'NONE',  ( -4.513695924000778348, 13.71879957472787481, -8.891854826887447771 ) ) ;
#323 = LINE ( 'NONE', #4210, #129 ) ;
#324 = CARTESIAN_POINT ( 'NONE',  ( 6.054948448978795916, 13.63846000642474188, 5.630502927268237201 ) ) ;
#325 = CARTESIAN_POINT ( 'NONE',  ( 5.233337375761848875, 14.37823943179009945, -10.49706369069808964 ) ) ;
#326 = ORIENTED_EDGE ( 'NONE', *, *, #2018, .F. ) ;
#327 = CARTESIAN_POINT ( 'NONE',  ( -1.683953730289992512, 15.05797917939359110, 13.61889593834533940 ) ) ;
#328 = CARTESIAN_POINT ( 'NONE',  ( -5.130360252973227730, 14.33623407164880170, -9.597930449549615162 ) ) ;
#329 = FACE_OUTER_BOUND ( 'NONE', #3346, .T. ) ;
#330 = CIRCLE ( 'NONE', #703, 0.5000000000000002220 ) ;
#331 = CARTESIAN_POINT ( 'NONE',  ( 1.974266923357405057, 16.02546167846621827, -14.11764204547074897 ) ) ;
#332 = ORIENTED_EDGE ( 'NONE', *, *, #2869, .F. ) ;
#333 = DIRECTION ( 'NONE',  ( 0.000000000000000000, 0.000000000000000000, 1.000000000000000000 ) ) ;
#334 = EDGE_CURVE ( 'NONE', #4356, #3907, #2586, .T. ) ;
#335 = CARTESIAN_POINT ( 'NONE',  ( 5.315223105074157850, 14.18800838808585496, 4.415409979849756361 ) ) ;
#336 = FACE_OUTER_BOUND ( 'NONE', #236, .T. ) ;
#337 = ORIENTED_EDGE ( 'NONE', *, *, #339, .T. ) ;
#338 = CARTESIAN_POINT ( 'NONE',  ( -18.50000000000000355, 1.000000000000000000, 4.977178131738738465 ) ) ;
#339 = EDGE_CURVE ( 'NONE', #1678, #3970, #1689, .T. ) ;
#340 = CARTESIAN_POINT ( 'NONE',  ( -4.212443829958120389, 13.36003353914923686, 9.277892439493060195 ) ) ;
#341 = AXIS2_PLACEMENT_3D ( 'NONE', #1488, #796, #4045 ) ;
#342 = CARTESIAN_POINT ( 'NONE',  ( 4.863591620556981354, 14.72105233351340381, -11.08518718937741809 ) ) ;
#343 = CARTESIAN_POINT ( 'NONE',  ( 17.77205882352933486, -4.754570919980196629E-13, -7.106168888787395943 ) ) ;
#344 = CARTESIAN_POINT ( 'NONE',  ( 4.604040766655823624, 13.02233363761510532, -4.640448667628604973 ) ) ;
#345 = CIRCLE ( 'NONE', #2371, 0.5000000000000004441 ) ;
#346 = CARTESIAN_POINT ( 'NONE',  ( -3.664807424677930747, 15.41936676264902140, -13.25784141886331824 ) ) ;
#347 = CARTESIAN_POINT ( 'NONE',  ( 0.3714942068424552657, 14.74702057537611211, -14.00073362398692467 ) ) ;
#348 = CARTESIAN_POINT ( 'NONE',  ( -16.24036096345566094, 1.445742529425459333, 19.01138052639550935 ) ) ;
#349 = CARTESIAN_POINT ( 'NONE',  ( 6.367067951353494237, 13.29842585917146636, 5.823082037190276949 ) ) ;
#350 = CARTESIAN_POINT ( 'NONE',  ( 4.804928134883811097, 14.29247672200932406, -10.59818743624890303 ) ) ;
#351 = ORIENTED_EDGE ( 'NONE', *, *, #1593, .T. ) ;
#352 = CARTESIAN_POINT ( 'NONE',  ( -17.77205882352941302, 1.000000000000000000, -7.106168888787395055 ) ) ;
#353 = AXIS2_PLACEMENT_3D ( 'NONE', #3009, #4163, #513 ) ;
#354 = CARTESIAN_POINT ( 'NONE',  ( -5.259862463445207581, 14.42755598455432597, -10.90839334833074581 ) ) ;
#355 = DIRECTION ( 'NONE',  ( 1.000000000000000000, -1.848892746611746419E-31, 0.000000000000000000 ) ) ;
#356 = CARTESIAN_POINT ( 'NONE',  ( 1.923069299569934776, 15.98093864300465938, -13.99201198656877132 ) ) ;
#357 = CARTESIAN_POINT ( 'NONE',  ( -15.75000000000000355, 1.500000000000000000, 4.977178131738738465 ) ) ;
#358 = DIRECTION ( 'NONE',  ( 3.357529308342207502E-16, 1.000000000000000000, 0.000000000000000000 ) ) ;
#359 = DIRECTION ( 'NONE',  ( 1.000000000000000000, -9.860761315262647568E-32, 0.000000000000000000 ) ) ;
#360 = ORIENTED_EDGE ( 'NONE', *, *, #1532, .F. ) ;
#361 = CARTESIAN_POINT ( 'NONE',  ( 5.133589326988746926, 12.51401836895763786, 5.988279349873796953 ) ) ;
#362 = AXIS2_PLACEMENT_3D ( 'NONE', #232, #4497, #1243 ) ;
#363 = CARTESIAN_POINT ( 'NONE',  ( -4.447631952807763689, 13.15558185702198735, 10.38387157166471475 ) ) ;
#364 = EDGE_CURVE ( 'NONE', #3995, #3964, #345, .T. ) ;
#365 = CARTESIAN_POINT ( 'NONE',  ( -3.696558049744655072, 13.69704540558360506, -11.58404008218364822 ) ) ;
#366 = CARTESIAN_POINT ( 'NONE',  ( -6.999999999999997335, 7.750000000000000000, -19.25000000000000000 ) ) ;
#367 = CARTESIAN_POINT ( 'NONE',  ( 4.542875991335698416, 13.14396217472646278, -0.1811217507315383002 ) ) ;
#368 = CIRCLE ( 'NONE', #4054, 4.374999999999999112 ) ;
#369 = EDGE_LOOP ( 'NONE', ( #2329, #1565, #1960, #3050, #1577, #3480 ) ) ;
#370 = CARTESIAN_POINT ( 'NONE',  ( -2.345702555407218615, 14.35200454363167566, -13.23613738309830801 ) ) ;
#371 = PLANE ( 'NONE',  #1922 ) ;
#372 = CARTESIAN_POINT ( 'NONE',  ( 6.362381533678001411, 13.38781202446029184, 5.663369298754403758 ) ) ;
#373 = VECTOR ( 'NONE', #2326, 1000.000000000000000 ) ;
#374 = DIRECTION ( 'NONE',  ( -1.000000000000000000, -6.419766481290786633E-33, -0.000000000000000000 ) ) ;
#375 = CARTESIAN_POINT ( 'NONE',  ( 5.011483175392900336, 14.13449822038660919, -9.233813802990033182 ) ) ;
#376 = ORIENTED_EDGE ( 'NONE', *, *, #3093, .F. ) ;
#377 = VECTOR ( 'NONE', #439, 1000.000000000000000 ) ;
#378 = CARTESIAN_POINT ( 'NONE',  ( -5.019593388278884127, 14.61155221640564861, -11.55055276207599313 ) ) ;
#379 = CARTESIAN_POINT ( 'NONE',  ( -4.687995147758896586, 14.20842589139626000, -10.24686476468295204 ) ) ;
#380 = PLANE ( 'NONE',  #1043 ) ;
#381 = CARTESIAN_POINT ( 'NONE',  ( 4.584670071002331149, 14.91179500116758128, -12.28845645523939289 ) ) ;
#382 = ORIENTED_EDGE ( 'NONE', *, *, #4061, .T. ) ;
#383 = FACE_OUTER_BOUND ( 'NONE', #3256, .T. ) ;
#384 = DIRECTION ( 'NONE',  ( -2.775557561562888511E-14, -1.000000000000000000, -2.775557561562888511E-14 ) ) ;
#385 = B_SPLINE_CURVE_WITH_KNOTS ( 'NONE', 3,
 ( #3897, #3919, #667, #2057, #2860, #1389, #2503, #3164 ),
 .UNSPECIFIED., .F., .F.,
 ( 4, 2, 2, 4 ),
 ( 0.000000000000000000, 0.5000000000000000000, 0.7500000000000000000, 1.000000000000000000 ),
 .UNSPECIFIED. ) ;
#386 = CARTESIAN_POINT ( 'NONE',  ( -2.874973994170876956, 14.67522016832384857, -12.96258606525057999 ) ) ;
#387 = EDGE_CURVE ( 'NONE', #3667, #2924, #4181, .T. ) ;
#388 = ORIENTED_EDGE ( 'NONE', *, *, #75, .F. ) ;
#389 = DIRECTION ( 'NONE',  ( 0.000000000000000000, 0.000000000000000000, -1.000000000000000000 ) ) ;
#390 = EDGE_LOOP ( 'NONE', ( #3947, #764, #1607, #887 ) ) ;
#391 = CARTESIAN_POINT ( 'NONE',  ( -4.212031782366699062, 13.93814076542104274, 10.90814661950753006 ) ) ;
#392 = CARTESIAN_POINT ( 'NONE',  ( 3.098169440985226952, 14.02711389256412744, -12.66205430897180761 ) ) ;
#393 = CARTESIAN_POINT ( 'NONE',  ( 12.44999999999994955, -2.376571162088225719E-13, 13.02003210281144341 ) ) ;
#394 = CIRCLE ( 'NONE', #1138, 0.5000000000000004441 ) ;
#395 = ORIENTED_EDGE ( 'NONE', *, *, #2670, .F. ) ;
#396 = CARTESIAN_POINT ( 'NONE',  ( 0.6739405141628466156, 14.72409185348793415, -13.97263670628709065 ) ) ;
#397 = VERTEX_POINT ( 'NONE', #4322 ) ;
#398 = CARTESIAN_POINT ( 'NONE',  ( 4.637967650686857901, 13.62282644606995241, -9.000000000000001776 ) ) ;
#399 = CARTESIAN_POINT ( 'NONE',  ( 6.497448393344873452, 12.84741990799301803, 6.115856630270666727 ) ) ;
#400 = CARTESIAN_POINT ( 'NONE',  ( 4.508788009467573410, 13.10574975169395984, -10.72708728420640867 ) ) ;
#401 = CARTESIAN_POINT ( 'NONE',  ( 5.433724182276788106, 14.21498472604032060, -8.985834671313055466 ) ) ;
#402 = ORIENTED_EDGE ( 'NONE', *, *, #4589, .F. ) ;
#403 = CARTESIAN_POINT ( 'NONE',  ( -3.708798717347147722, 15.39976646581932940, -13.22516686980419465 ) ) ;
#404 = CARTESIAN_POINT ( 'NONE',  ( -5.059682067853655596, 14.39087284115671572, -10.11139356500528130 ) ) ;
#405 = FACE_OUTER_BOUND ( 'NONE', #1076, .T. ) ;
#406 = CARTESIAN_POINT ( 'NONE',  ( 4.594584386725132141, 14.44342724859106397, -11.20481760594891085 ) ) ;
#407 = DIRECTION ( 'NONE',  ( -1.000000000000000000, -6.419766481290789370E-33, 0.000000000000000000 ) ) ;
#408 = DIRECTION ( 'NONE',  ( 0.000000000000000000, 0.000000000000000000, 1.000000000000000000 ) ) ;
#409 = CARTESIAN_POINT ( 'NONE',  ( 4.948502491019089788, 14.01604118151178646, -9.000000000000001776 ) ) ;
#410 = DIRECTION ( 'NONE',  ( 1.000000000000000000, 6.419766481290786633E-33, -0.000000000000000000 ) ) ;
#411 = ORIENTED_EDGE ( 'NONE', *, *, #1936, .T. ) ;
#412 = DIRECTION ( 'NONE',  ( 0.000000000000000000, 0.000000000000000000, -1.000000000000000000 ) ) ;
#413 = ORIENTED_EDGE ( 'NONE', *, *, #3617, .F. ) ;
#414 = CARTESIAN_POINT ( 'NONE',  ( 16.24999999999993960, 0.9999999999997563060, 4.977178131738736688 ) ) ;
#415 = CARTESIAN_POINT ( 'NONE',  ( 4.893596637026703888, 14.70001547809308740, -11.01262225967043840 ) ) ;
#416 = CARTESIAN_POINT ( 'NONE',  ( -15.75000000000000000, 1.499999999999763745, 17.02003210281144518 ) ) ;
#417 = CARTESIAN_POINT ( 'NONE',  ( -2.914572942618609552, 14.12647696914528339, -12.73488133495563268 ) ) ;
#418 = EDGE_LOOP ( 'NONE', ( #2522, #2321, #440, #3424 ) ) ;
#419 = CARTESIAN_POINT ( 'NONE',  ( -7.999999999999998224, 3.499999999999998668, 19.25000000000000000 ) ) ;
#420 = CARTESIAN_POINT ( 'NONE',  ( 6.757351001600406804, 12.90641748697843383, 5.812760418041650112 ) ) ;
#421 = ADVANCED_FACE ( 'NONE', ( #2327 ), #712, .T. ) ;
#422 = CARTESIAN_POINT ( 'NONE',  ( 4.648279016341151149, 12.98417825860436459, -9.710825691475443833 ) ) ;
#423 = EDGE_CURVE ( 'NONE', #3774, #663, #538, .T. ) ;
#424 = CARTESIAN_POINT ( 'NONE',  ( 5.437039229453923816, 14.21219705373398057, -8.938632440478142982 ) ) ;
#425 = EDGE_LOOP ( 'NONE', ( #3551 ) ) ;
#426 = CARTESIAN_POINT ( 'NONE',  ( -4.448283760643560569, 14.99434295217420399, -12.46012759475959797 ) ) ;
#427 = EDGE_CURVE ( 'NONE', #2099, #3648, #2978, .T. ) ;
#428 = CARTESIAN_POINT ( 'NONE',  ( 5.043259772560709564, 14.10951474614832790, 4.372688324578044572 ) ) ;
#429 = DIRECTION ( 'NONE',  ( 0.000000000000000000, 0.000000000000000000, 1.000000000000000000 ) ) ;
#430 = CARTESIAN_POINT ( 'NONE',  ( 4.573580532405813415, 14.62201206356853156, -11.52525636359701267 ) ) ;
#431 = ORIENTED_EDGE ( 'NONE', *, *, #4438, .T. ) ;
#432 = DIRECTION ( 'NONE',  ( -6.419766481290786633E-33, 1.000000000000000000, 0.000000000000000000 ) ) ;
#433 = CARTESIAN_POINT ( 'NONE',  ( -0.3041061714163639795, 16.24512238489640126, 14.43115356754560707 ) ) ;
#434 = CARTESIAN_POINT ( 'NONE',  ( -3.524555750286363143, 15.48638603471421327, -13.37364055358300874 ) ) ;
#435 = VERTEX_POINT ( 'NONE', #4534 ) ;
#436 = CARTESIAN_POINT ( 'NONE',  ( 5.261427326290295525, 12.36792564874658851, 5.532296410925418684 ) ) ;
#437 = CYLINDRICAL_SURFACE ( 'NONE', #3470, 3.499999999999999556 ) ;
#438 = CARTESIAN_POINT ( 'NONE',  ( 2.921430168820685846, 14.11148159246491574, -12.85161866320945023 ) ) ;
#439 = DIRECTION ( 'NONE',  ( -1.000000000000000000, 2.891205793294679312E-16, 0.000000000000000000 ) ) ;
#440 = ORIENTED_EDGE ( 'NONE', *, *, #3927, .F. ) ;
#441 = CARTESIAN_POINT ( 'NONE',  ( 1.671142411139004524, 15.06134926446357447, -13.74532223828153477 ) ) ;
#442 = ORIENTED_EDGE ( 'NONE', *, *, #3193, .F. ) ;
#443 = CARTESIAN_POINT ( 'NONE',  ( 15.74999999999992362, -4.458239333260394233E-13, 13.02003210281144341 ) ) ;
#444 = CARTESIAN_POINT ( 'NONE',  ( 6.689697204089566362, 12.75015364038921284, 6.050287020185963094 ) ) ;
#445 = AXIS2_PLACEMENT_3D ( 'NONE', #148, #4129, #2952 ) ;
#446 = CARTESIAN_POINT ( 'NONE',  ( 4.320422124297681243, 13.25814094498224982, -11.37535244252921451 ) ) ;
#447 = CARTESIAN_POINT ( 'NONE',  ( 4.947793972510946325, 14.01035010069787212, -8.966681749808312674 ) ) ;
#448 = ORIENTED_EDGE ( 'NONE', *, *, #4276, .F. ) ;
#449 = CARTESIAN_POINT ( 'NONE',  ( -2.495234046465633959, 15.88332156046207544, -13.99808295434397820 ) ) ;
#450 = AXIS2_PLACEMENT_3D ( 'NONE', #1383, #662, #4619 ) ;
#451 = CARTESIAN_POINT ( 'NONE',  ( 5.438693000582583537, 14.21080806599226065, 4.283207542297721382 ) ) ;
#452 = CARTESIAN_POINT ( 'NONE',  ( 0.02680701697755933505, 14.74994867008614108, 13.94888907475647777 ) ) ;
#453 = AXIS2_PLACEMENT_3D ( 'NONE', #788, #2551, #2962 ) ;
#454 = CARTESIAN_POINT ( 'NONE',  ( 5.115924518244389319, 14.53802742507909151, -11.60189606265637963 ) ) ;
#455 = EDGE_CURVE ( 'NONE', #1081, #1360, #3570, .T. ) ;
#456 = CYLINDRICAL_SURFACE ( 'NONE', #1249, 6.249999999999998224 ) ;
#457 = FACE_OUTER_BOUND ( 'NONE', #686, .T. ) ;
#458 = CARTESIAN_POINT ( 'NONE',  ( 5.674661049601661844, 14.07836645368563921, -9.021824309814620690 ) ) ;
#459 = CARTESIAN_POINT ( 'NONE',  ( -3.127411250914828855, 15.49451102477703834, -13.18907752922187626 ) ) ;
#460 = ORIENTED_EDGE ( 'NONE', *, *, #3400, .F. ) ;
#461 = DIRECTION ( 'NONE',  ( -0.000000000000000000, 0.000000000000000000, -1.000000000000000000 ) ) ;
#462 = VERTEX_POINT ( 'NONE', #4472 ) ;
#463 =( BOUNDED_SURFACE ( )  B_SPLINE_SURFACE ( 3, 2, ( 
 ( #684, #3201, #2813 ),
 ( #3160, #4179, #2792 ),
 ( #3137, #949, #2386 ),
 ( #2768, #3467, #244 ),
 ( #3114, #1324, #975 ),
 ( #2073, #288, #1718 ) ),
 .UNSPECIFIED., .F., .F., .T. ) 
 B_SPLINE_SURFACE_WITH_KNOTS ( ( 4, 2, 4 ),
 ( 3, 3 ),
 ( 0.000000000000000000, 0.001040499595630951313, 0.002080999191261902626 ),
 ( 0.000000000000000000, 1.000000000000000000 ),
 .UNSPECIFIED. ) 
 GEOMETRIC_REPRESENTATION_ITEM ( )  RATIONAL_B_SPLINE_SURFACE ( (
 ( 1.000000000000000000, 0.7071067811865423547, 1.000000000000000000),
 ( 1.000000000000000000, 0.6974938727590329623, 1.000000000000000000),
 ( 1.000000000000000000, 0.6922556828561342579, 1.000000000000000000),
 ( 1.000000000000000000, 0.6921820244066884120, 1.000000000000000000),
 ( 1.000000000000000000, 0.6974513332680168931, 1.000000000000000000),
 ( 1.000000000000000000, 0.7071067811865425767, 1.000000000000000000) ) ) 
 REPRESENTATION_ITEM ( '' )  SURFACE ( )  );
#464 = CARTESIAN_POINT ( 'NONE',  ( 7.999999999999996447, 7.749999999999756639, -18.75000000000000000 ) ) ;
#465 = ORIENTED_EDGE ( 'NONE', *, *, #4073, .F. ) ;
#466 = CARTESIAN_POINT ( 'NONE',  ( 4.059126782072245199, 13.46974189845652781, -10.94691533303618058 ) ) ;
#467 = CARTESIAN_POINT ( 'NONE',  ( 6.999999999999995559, 3.499999999999761968, 9.035561091892015284 ) ) ;
#468 = CARTESIAN_POINT ( 'NONE',  ( 6.391386115464132267, 12.55320387958662565, 6.193609881546833229 ) ) ;
#469 = CARTESIAN_POINT ( 'NONE',  ( -3.812584141752126232, 13.62328926220337699, -12.26266257815499117 ) ) ;
#470 = CARTESIAN_POINT ( 'NONE',  ( 5.379193963607851181, 12.97668394606377262, 5.916637234173927951 ) ) ;
#471 = ORIENTED_EDGE ( 'NONE', *, *, #3125, .T. ) ;
#472 = DIRECTION ( 'NONE',  ( 6.419766481290786633E-33, -1.000000000000000000, -0.000000000000000000 ) ) ;
#473 = CARTESIAN_POINT ( 'NONE',  ( 5.034509794527930460, 14.11634663020578628, 4.276600815095259911 ) ) ;
#474 = CARTESIAN_POINT ( 'NONE',  ( -4.581640803199262812, 14.90965181159467612, 11.35912574027450539 ) ) ;
#475 = CARTESIAN_POINT ( 'NONE',  ( 4.892994712172471949, 14.63332648878110120, -11.46886453622240332 ) ) ;
#476 = CARTESIAN_POINT ( 'NONE',  ( 15.74999999999993783, 1.499999999999763745, 4.977178131738736688 ) ) ;
#477 = CARTESIAN_POINT ( 'NONE',  ( 6.046057355439679704, 13.73057087318391822, 5.879806904423046987 ) ) ;
#478 = CARTESIAN_POINT ( 'NONE',  ( -4.335339428559251473, 14.45932626836441237, 11.29644720330973939 ) ) ;
#479 = ADVANCED_FACE ( 'NONE', ( #1613 ), #869, .T. ) ;
#480 = CARTESIAN_POINT ( 'NONE',  ( -2.912890557858347496, 15.74226530617898590, -13.78910928225247368 ) ) ;
#481 = ORIENTED_EDGE ( 'NONE', *, *, #1942, .F. ) ;
#482 = EDGE_CURVE ( 'NONE', #1911, #2580, #2293, .T. ) ;
#483 = DIRECTION ( 'NONE',  ( 0.000000000000000000, 0.000000000000000000, 1.000000000000000000 ) ) ;
#484 = FACE_OUTER_BOUND ( 'NONE', #778, .T. ) ;
#485 = EDGE_CURVE ( 'NONE', #3972, #2099, #3950, .T. ) ;
#486 = CARTESIAN_POINT ( 'NONE',  ( 0.02680701697756092058, 14.74994867008614108, 14.31798938085690232 ) ) ;
#487 = DIRECTION ( 'NONE',  ( 0.000000000000000000, 0.000000000000000000, 1.000000000000000000 ) ) ;
#488 = VERTEX_POINT ( 'NONE', #3813 ) ;
#489 = CARTESIAN_POINT ( 'NONE',  ( 3.662883798795610879, 14.28775874629696219, -12.26516945157358585 ) ) ;
#490 = DIRECTION ( 'NONE',  ( -0.000000000000000000, 0.000000000000000000, -1.000000000000000000 ) ) ;
#491 = CARTESIAN_POINT ( 'NONE',  ( -3.794317619642703310, 14.93123295217451307, -12.28511463494545808 ) ) ;
#492 = CARTESIAN_POINT ( 'NONE',  ( 6.736482729605133279, 12.93390422115329663, 5.674259377241764213 ) ) ;
#493 = CARTESIAN_POINT ( 'NONE',  ( 8.499999999999996447, 3.499999999999761080, 11.11221705762096690 ) ) ;
#494 = CARTESIAN_POINT ( 'NONE',  ( -4.597453940596909483, 14.28140242146236183, -10.65668529875267367 ) ) ;
#495 = ORIENTED_EDGE ( 'NONE', *, *, #4242, .T. ) ;
#496 = ADVANCED_FACE ( 'NONE', ( #183, #3057 ), #4072, .F. ) ;
#497 = CARTESIAN_POINT ( 'NONE',  ( 15.74999999999993783, 0.9999999999997636335, 4.977178131738736688 ) ) ;
#498 = CARTESIAN_POINT ( 'NONE',  ( 5.297990307030645774, 14.20213321217374691, 4.232469431257539938 ) ) ;
#499 = CARTESIAN_POINT ( 'NONE',  ( -3.894648137735561733, 15.31022073452734844, 12.36380365116552937 ) ) ;
#500 = CARTESIAN_POINT ( 'NONE',  ( 4.563692539228289213, 14.29923725654890276, -11.09500879048787247 ) ) ;
#501 = DIRECTION ( 'NONE',  ( -1.000000000000000000, 0.000000000000000000, 0.000000000000000000 ) ) ;
#502 = DIRECTION ( 'NONE',  ( -1.000000000000000000, -6.419766481290789370E-33, 0.000000000000000000 ) ) ;
#503 = CARTESIAN_POINT ( 'NONE',  ( -0.7575254054895463884, 15.71546893742187301, 13.87561702691358789 ) ) ;
#504 = CARTESIAN_POINT ( 'NONE',  ( 0.4147756602880109944, 15.74208444462936107, -14.00093975015079550 ) ) ;
#505 = VERTEX_POINT ( 'NONE', #1294 ) ;
#506 = FACE_OUTER_BOUND ( 'NONE', #2139, .T. ) ;
#507 = DIRECTION ( 'NONE',  ( -1.000000000000000000, -6.419766481290786633E-33, 0.000000000000000000 ) ) ;
#508 = CONICAL_SURFACE ( 'NONE', #2075, 4.000000000000000000, 0.8726646259971635455 ) ;
#509 = PLANE ( 'NONE',  #1484 ) ;
#510 = APPLICATION_PROTOCOL_DEFINITION ( 'draft international standard', 'automotive_design', 1998, #2739 ) ;
#511 = ORIENTED_EDGE ( 'NONE', *, *, #3622, .T. ) ;
#512 = CARTESIAN_POINT ( 'NONE',  ( 4.622755279336865364, 13.63496964999060523, -9.229340337661135152 ) ) ;
#513 = DIRECTION ( 'NONE',  ( 1.000000000000000000, -1.848892746611746419E-31, 0.000000000000000000 ) ) ;
#514 = CARTESIAN_POINT ( 'NONE',  ( -4.172084524328545818, 14.71599537513175804, -11.75600639855154839 ) ) ;
#515 = CARTESIAN_POINT ( 'NONE',  ( 5.525351445461004651, 12.05182871892588814, 5.670855859157273748 ) ) ;
#516 = CARTESIAN_POINT ( 'NONE',  ( -4.512938794312082891, 13.71937205211221489, -9.000000000000001776 ) ) ;
#517 = CARTESIAN_POINT ( 'NONE',  ( 4.670246162346753493, 14.22867983324346497, -10.81391178575264789 ) ) ;
#518 = CARTESIAN_POINT ( 'NONE',  ( 3.849097911147211892, 15.33409795775624751, -13.25450606244199214 ) ) ;
#519 = VECTOR ( 'NONE', #2493, 1000.000000000000000 ) ;
#520 = CARTESIAN_POINT ( 'NONE',  ( 5.897409339565316877, 13.87132037077032543, 5.047802328356448598 ) ) ;
#521 = CARTESIAN_POINT ( 'NONE',  ( -3.611794440283911722, 15.44447866171057981, 12.62904253955113987 ) ) ;
#522 = CARTESIAN_POINT ( 'NONE',  ( 4.593304936822090845, 14.27821819654597313, -11.01846458004446383 ) ) ;
#523 = VECTOR ( 'NONE', #4310, 1000.000000000000000 ) ;
#524 = CARTESIAN_POINT ( 'NONE',  ( -3.629580525308234940, 13.73979571463720006, 12.53187344090590116 ) ) ;
#525 = CARTESIAN_POINT ( 'NONE',  ( 5.285634427509655175, 14.40676881856121128, 4.491949735438456770 ) ) ;
#526 = CARTESIAN_POINT ( 'NONE',  ( -4.625586962918601053, 14.89607883875542171, 11.28423717153605921 ) ) ;
#527 = TOROIDAL_SURFACE ( 'NONE', #3602, 4.375000000000000000, 0.5000000000000000000 ) ;
#528 = CARTESIAN_POINT ( 'NONE',  ( -2.528309048995791120, 15.87334136562312459, -13.83876335925592294 ) ) ;
#529 = CARTESIAN_POINT ( 'NONE',  ( -10.49999999999999822, 3.500000000000000000, 19.25000000000000000 ) ) ;
#530 = B_SPLINE_CURVE_WITH_KNOTS ( 'NONE', 3,
 ( #516, #3478, #1453, #4604, #627, #4228, #2521, #603, #1004, #983, #251, #3609, #386, #1702, #2438, #1834, #729, #4335, #2417, #3249, #648, #2819, #1812, #3963, #2187, #2799, #3635, #2901, #4207, #30, #1106, #3144, #2544, #55, #3988, #755, #3875, #1370, #2081, #2059, #3519, #297 ),
 .UNSPECIFIED., .F., .F.,
 ( 4, 2, 2, 2, 2, 2, 2, 2, 2, 2, 2, 2, 2, 2, 2, 2, 2, 2, 2, 2, 4 ),
 ( -5.999999999536677736E-08, 0.0004866391985477426193, 0.0009733383970954805455, 0.001946736794190956398, 0.002920135191286432359, 0.003893533588381908536, 0.004866931985477384280, 0.005840330382572860891, 0.006813728779668336635, 0.007787127176763812379, 0.008760525573859288123, 0.009247224772407025561, 0.009733923970954763000, 0.01022062316950250217, 0.01070732236805023961, 0.01168072076514571622, 0.01265411916224119110, 0.01314081836078893201, 0.01362751755933667118, 0.01460091595643214953, 0.01557431435352762961 ),
 .UNSPECIFIED. ) ;
#531 = CARTESIAN_POINT ( 'NONE',  ( 4.694969904313753162, 12.94203790409778065, -3.540893781197118173 ) ) ;
#532 = LINE ( 'NONE', #1653, #4575 ) ;
#533 = ORIENTED_EDGE ( 'NONE', *, *, #2104, .F. ) ;
#534 = CARTESIAN_POINT ( 'NONE',  ( 4.311781302629583479, 13.86950813309230846, -11.00773461450984847 ) ) ;
#535 = DIRECTION ( 'NONE',  ( 0.000000000000000000, -0.000000000000000000, -1.000000000000000000 ) ) ;
#536 = CARTESIAN_POINT ( 'NONE',  ( -3.625031704570784274, 14.86836736061879449, -12.41180052251846000 ) ) ;
#537 = DIRECTION ( 'NONE',  ( -1.000000000000000000, 0.000000000000000000, 0.000000000000000000 ) ) ;
#538 = LINE ( 'NONE', #3386, #4321 ) ;
#539 = CARTESIAN_POINT ( 'NONE',  ( 4.688401462011735354, 13.58424656353172821, 4.712079212302067610 ) ) ;
#540 = ORIENTED_EDGE ( 'NONE', *, *, #4477, .T. ) ;
#541 = DIRECTION ( 'NONE',  ( -0.000000000000000000, 1.000000000000000000, -0.000000000000000000 ) ) ;
#542 = CARTESIAN_POINT ( 'NONE',  ( 5.649002965211336047, 13.58885174220245240, 5.760765187616904370 ) ) ;
#543 = CARTESIAN_POINT ( 'NONE',  ( -3.416826163713782005, 15.53327727256189483, 12.79886128380737453 ) ) ;
#544 = CIRCLE ( 'NONE', #2040, 2.749999999999999112 ) ;
#545 = CARTESIAN_POINT ( 'NONE',  ( 4.793069143643780450, 14.46964344872845665, -11.03611685781794449 ) ) ;
#546 = ADVANCED_FACE ( 'NONE', ( #1662 ), #2707, .T. ) ;
#547 = CARTESIAN_POINT ( 'NONE',  ( 6.999999999999995559, 7.749999999999758415, 19.25000000000000000 ) ) ;
#548 = CARTESIAN_POINT ( 'NONE',  ( -17.61029411764705799, 1.500000000000000000, -7.579277945909319136 ) ) ;
#549 = CARTESIAN_POINT ( 'NONE',  ( -2.540890450637203646, 15.86960304537733357, 13.92376507116646955 ) ) ;
#550 = CARTESIAN_POINT ( 'NONE',  ( -1.384808109088867312, 15.99392970272634606, -13.98868070635217187 ) ) ;
#551 = CARTESIAN_POINT ( 'NONE',  ( 15.74999999999994849, -2.376571162088225719E-13, -13.02003210281144341 ) ) ;
#552 = CARTESIAN_POINT ( 'NONE',  ( 4.694969904273800232, 12.94203790413390998, 0.5322224080968852578 ) ) ;
#553 = CARTESIAN_POINT ( 'NONE',  ( 7.999999999999996447, 1.499999999999758415, 19.25000000000000000 ) ) ;
#554 = ORIENTED_EDGE ( 'NONE', *, *, #3725, .F. ) ;
#555 = EDGE_LOOP ( 'NONE', ( #4258, #2314, #1155, #3059 ) ) ;
#556 = CARTESIAN_POINT ( 'NONE',  ( -0.2947175739754701040, 14.74437272513859298, 13.92505844103762414 ) ) ;
#557 = CARTESIAN_POINT ( 'NONE',  ( -4.641055997229651453, 14.87199115872763144, -11.97069289713097540 ) ) ;
#558 = CARTESIAN_POINT ( 'NONE',  ( 5.674661049602550911, 14.07836645368484163, -9.101149342129930986 ) ) ;
#559 = DIRECTION ( 'NONE',  ( -1.000000000000000000, 0.000000000000000000, 0.000000000000000000 ) ) ;
#560 = LINE ( 'NONE', #1991, #1618 ) ;
#561 = CARTESIAN_POINT ( 'NONE',  ( 5.681997582430805771, 14.07178008738444319, -8.915937906392491286 ) ) ;
#562 = CARTESIAN_POINT ( 'NONE',  ( 5.341591991353056734, 14.36245920029387158, -11.06484338759877595 ) ) ;
#563 = CARTESIAN_POINT ( 'NONE',  ( 5.765317023255427387, 13.99739812216117762, 5.032956565435687146 ) ) ;
#564 = CARTESIAN_POINT ( 'NONE',  ( 5.301322106371636700, 14.39424442088755285, -11.16600099544992730 ) ) ;
#565 = EDGE_CURVE ( 'NONE', #2469, #4312, #917, .T. ) ;
#566 = CARTESIAN_POINT ( 'NONE',  ( -5.157412699953185076, 14.31500972708271568, -9.073061525160245111 ) ) ;
#567 = CARTESIAN_POINT ( 'NONE',  ( -4.415297129323532133, 14.40622248474472933, 11.11267975011765152 ) ) ;
#568 = CARTESIAN_POINT ( 'NONE',  ( -0.6338898565343863423, 15.85921873965241780, -13.96858103953854879 ) ) ;
#569 = CARTESIAN_POINT ( 'NONE',  ( 15.74999999999992362, -4.458239333260394233E-13, -13.02003210281144341 ) ) ;
#570 = DIRECTION ( 'NONE',  ( -5.053215498074302889E-16, -1.000000000000000000, 0.000000000000000000 ) ) ;
#571 = EDGE_LOOP ( 'NONE', ( #315 ) ) ;
#572 = VECTOR ( 'NONE', #535, 1000.000000000000000 ) ;
#573 = CARTESIAN_POINT ( 'NONE',  ( 4.714458469433233212, 13.56331493313127901, 4.791277416588547666 ) ) ;
#574 = DIRECTION ( 'NONE',  ( -0.000000000000000000, -0.000000000000000000, 1.000000000000000000 ) ) ;
#575 = AXIS2_PLACEMENT_3D ( 'NONE', #316, #3448, #3830 ) ;
#576 = CARTESIAN_POINT ( 'NONE',  ( 4.695888152913934022, 12.94120741786749917, 4.198797356959090621 ) ) ;
#577 = B_SPLINE_CURVE_WITH_KNOTS ( 'NONE', 3,
 ( #972, #261, #593, #4219, #2429, #2408 ),
 .UNSPECIFIED., .F., .F.,
 ( 4, 2, 4 ),
 ( 0.000000000000000000, 0.0003742129136992768438, 0.0007484258273985536876 ),
 .UNSPECIFIED. ) ;
#578 = DIRECTION ( 'NONE',  ( -0.000000000000000000, -0.000000000000000000, -1.000000000000000000 ) ) ;
#579 = CARTESIAN_POINT ( 'NONE',  ( -15.75000000000000000, 1.499999999999763745, 13.02003210281144341 ) ) ;
#580 = CARTESIAN_POINT ( 'NONE',  ( -4.584988512209866585, 13.03941209804109924, -8.896243191595175404 ) ) ;
#581 = CARTESIAN_POINT ( 'NONE',  ( -5.539827451353250609, 14.19672876807274697, -9.000000116331657196 ) ) ;
#582 = EDGE_CURVE ( 'NONE', #1081, #3977, #560, .T. ) ;
#583 = CARTESIAN_POINT ( 'NONE',  ( 5.641579101922403972, 13.90633300250262039, 5.371487489773289603 ) ) ;
#584 = EDGE_CURVE ( 'NONE', #2016, #2054, #206, .T. ) ;
#585 = CIRCLE ( 'NONE', #4049, 2.000000000000000000 ) ;
#586 = CARTESIAN_POINT ( 'NONE',  ( 4.600710221418284895, 14.27295286652113937, -10.99898661274352918 ) ) ;
#587 = EDGE_LOOP ( 'NONE', ( #1016, #3851, #179, #495 ) ) ;
#588 = B_SPLINE_CURVE_WITH_KNOTS ( 'NONE', 3,
 ( #4364, #36, #2266, #2602, #4317, #130 ),
 .UNSPECIFIED., .F., .F.,
 ( 4, 2, 4 ),
 ( 0.000000000000000000, 0.5000000000000000000, 1.000000000000000000 ),
 .UNSPECIFIED. ) ;
#589 = CARTESIAN_POINT ( 'NONE',  ( -5.020453046601691227, 14.30039899972985218, -9.114465010532587286 ) ) ;
#590 = CARTESIAN_POINT ( 'NONE',  ( -5.455522957504904902, 14.26832838186500929, 9.883482191486383073 ) ) ;
#591 = CARTESIAN_POINT ( 'NONE',  ( 0.4319579980168525291, 16.00502438558561380, -14.05301526381705557 ) ) ;
#592 = ORIENTED_EDGE ( 'NONE', *, *, #1593, .F. ) ;
#593 = CARTESIAN_POINT ( 'NONE',  ( 4.521616627326938698, 13.39590628978005604, -9.002701410667263815 ) ) ;
#594 = TOROIDAL_SURFACE ( 'NONE', #3525, 4.375000000000000000, 0.5000000000000000000 ) ;
#595 = CARTESIAN_POINT ( 'NONE',  ( 5.046751485579954455, 13.93941364537852046, 4.855557345981165618 ) ) ;
#596 = VECTOR ( 'NONE', #2884, 1000.000000000000000 ) ;
#597 = ORIENTED_EDGE ( 'NONE', *, *, #2082, .F. ) ;
#598 = CARTESIAN_POINT ( 'NONE',  ( 5.674661049560575599, 14.07836645372248086, -5.355157643147955504 ) ) ;
#599 = ORIENTED_EDGE ( 'NONE', *, *, #2928, .F. ) ;
#600 = CARTESIAN_POINT ( 'NONE',  ( -4.188653988579842391, 13.95441352054238138, 10.97698363729633009 ) ) ;
#601 = CARTESIAN_POINT ( 'NONE',  ( 5.674661049504423183, 14.07836645377283169, -0.1814901528974215972 ) ) ;
#602 = CARTESIAN_POINT ( 'NONE',  ( -3.009787873962339155, 15.15779657838350936, 12.96798623400282402 ) ) ;
#603 = CARTESIAN_POINT ( 'NONE',  ( -4.122994193582366407, 13.99996775520040693, -11.20980301019214309 ) ) ;
#604 = CARTESIAN_POINT ( 'NONE',  ( -4.584422912148633955, 13.03990237365872851, -8.987412087333527921 ) ) ;
#605 = DIRECTION ( 'NONE',  ( -0.000000000000000000, 1.000000000000000000, -0.000000000000000000 ) ) ;
#606 = CARTESIAN_POINT ( 'NONE',  ( 5.250367722961661876, 14.11843796234665582, 4.815153940672882271 ) ) ;
#607 = CARTESIAN_POINT ( 'NONE',  ( 5.329728619184970206, 14.30098166994775077, -9.975144508777910701 ) ) ;
#608 = ORIENTED_EDGE ( 'NONE', *, *, #3252, .T. ) ;
#609 = EDGE_CURVE ( 'NONE', #2213, #3972, #2666, .T. ) ;
#610 = CARTESIAN_POINT ( 'NONE',  ( -4.892884740020178036, 14.22569166939369545, -9.070003259079649993 ) ) ;
#611 = AXIS2_PLACEMENT_3D ( 'NONE', #1458, #1480, #2882 ) ;
#612 = CARTESIAN_POINT ( 'NONE',  ( -4.785189607309257909, 14.14183474331273516, 9.368717103270414626 ) ) ;
#613 = CARTESIAN_POINT ( 'NONE',  ( 2.012705002548471622, 16.01647675310374552, -14.24408030877075859 ) ) ;
#614 = DIRECTION ( 'NONE',  ( -1.848892746611746419E-31, -1.000000000000000000, -0.000000000000000000 ) ) ;
#615 = CARTESIAN_POINT ( 'NONE',  ( 5.028421284814560188, 14.12110188781794839, 4.184345088183309080 ) ) ;
#616 = CARTESIAN_POINT ( 'NONE',  ( -8.673617379884035472E-16, 7.750000000000000000, -18.74999999999999645 ) ) ;
#617 = EDGE_CURVE ( 'NONE', #3684, #1678, #2660, .T. ) ;
#618 = EDGE_CURVE ( 'NONE', #4374, #1840, #530, .T. ) ;
#619 = ORIENTED_EDGE ( 'NONE', *, *, #3227, .F. ) ;
#620 = CARTESIAN_POINT ( 'NONE',  ( 4.480349091161754060, 13.14598312152481263, 5.033478741161705905 ) ) ;
#621 = CARTESIAN_POINT ( 'NONE',  ( -3.987590924073280529, 14.08764447566849043, 11.46685657866460950 ) ) ;
#622 = EDGE_CURVE ( 'NONE', #4118, #61, #2755, .T. ) ;
#623 = CARTESIAN_POINT ( 'NONE',  ( -3.145098793373283463, 15.66510541867118711, -13.08821901423511846 ) ) ;
#624 = EDGE_CURVE ( 'NONE', #1826, #2930, #3274, .T. ) ;
#625 = CYLINDRICAL_SURFACE ( 'NONE', #3532, 3.875000000000000000 ) ;
#626 = CARTESIAN_POINT ( 'NONE',  ( -2.880917738775396586, 15.20956002302309074, 13.06264414410913943 ) ) ;
#627 = CARTESIAN_POINT ( 'NONE',  ( -4.464608840565678527, 13.75612133791594616, -9.811028910760324351 ) ) ;
#628 = CARTESIAN_POINT ( 'NONE',  ( 0.02872173913193242986, 15.24992809000072924, 13.94888907475647777 ) ) ;
#629 = VERTEX_POINT ( 'NONE', #3167 ) ;
#630 = DIRECTION ( 'NONE',  ( 6.419766481290786633E-33, -1.000000000000000000, 0.000000000000000000 ) ) ;
#631 = CARTESIAN_POINT ( 'NONE',  ( 6.323288666267576019, 13.43118773123808118, 5.499075051297503514 ) ) ;
#632 = ADVANCED_FACE ( 'NONE', ( #4185 ), #1128, .T. ) ;
#633 = CARTESIAN_POINT ( 'NONE',  ( 5.004011146740742433, 14.31343983375541562, -10.28330075799684451 ) ) ;
#634 = ORIENTED_EDGE ( 'NONE', *, *, #2003, .F. ) ;
#635 = DIRECTION ( 'NONE',  ( 0.000000000000000000, -0.000000000000000000, 1.000000000000000000 ) ) ;
#636 = CARTESIAN_POINT ( 'NONE',  ( -4.888207335823921973, 14.22925034531622757, -9.241766808243260911 ) ) ;
#637 = CARTESIAN_POINT ( 'NONE',  ( -4.473789966741382074, 14.36647668992802096, 10.96485358451587899 ) ) ;
#638 = CARTESIAN_POINT ( 'NONE',  ( 1.445060102032701632, 15.75413667749358027, -13.85548752930771066 ) ) ;
#639 = CARTESIAN_POINT ( 'NONE',  ( 6.999999999999993783, 7.749999999999765521, 19.25000000000000000 ) ) ;
#640 = PLANE ( 'NONE',  #1481 ) ;
#641 = DIRECTION ( 'NONE',  ( -5.053215498074303875E-16, -1.000000000000000000, 0.000000000000000000 ) ) ;
#642 = VECTOR ( 'NONE', #877, 1000.000000000000000 ) ;
#643 = ORIENTED_EDGE ( 'NONE', *, *, #4452, .F. ) ;
#644 = CARTESIAN_POINT ( 'NONE',  ( 4.942878109486858129, 12.70708403683321919, 5.187909169608031057 ) ) ;
#645 = CARTESIAN_POINT ( 'NONE',  ( -1.113720787755117181, 14.66347385670145620, 13.77430551747400322 ) ) ;
#646 = CARTESIAN_POINT ( 'NONE',  ( 4.762549040863638616, 14.79058728130443967, -11.30956754183722701 ) ) ;
#647 = CARTESIAN_POINT ( 'NONE',  ( 18.49999999999992184, -2.376571162088225719E-13, 4.977178131738736688 ) ) ;
#648 = CARTESIAN_POINT ( 'NONE',  ( 0.7245624864855843006, 15.22161442790221386, -13.97232344278289062 ) ) ;
#649 = PRODUCT_RELATED_PRODUCT_CATEGORY ( 'part', '', ( #3655 ) ) ;
#650 = CARTESIAN_POINT ( 'NONE',  ( -4.407199571374304625, 13.18861818448821843, -10.68451114766902066 ) ) ;
#651 = CARTESIAN_POINT ( 'NONE',  ( 4.948490572002318011, 14.01602608934898520, 4.198889074756483097 ) ) ;
#652 = AXIS2_PLACEMENT_3D ( 'NONE', #1463, #1438, #2607 ) ;
#653 = CARTESIAN_POINT ( 'NONE',  ( 6.276469759849774732, 13.25942075997794944, 5.911117600802143102 ) ) ;
#654 = CARTESIAN_POINT ( 'NONE',  ( 5.469296360016756786, 14.25806380941268969, -9.999626883761628449 ) ) ;
#655 = ORIENTED_EDGE ( 'NONE', *, *, #3549, .F. ) ;
#656 = CARTESIAN_POINT ( 'NONE',  ( -15.75000000000000000, 1.499999999999763745, 13.02003210281144341 ) ) ;
#657 = CARTESIAN_POINT ( 'NONE',  ( -5.435672438174329102, 14.28622316107458978, -9.032053207656417726 ) ) ;
#658 = CARTESIAN_POINT ( 'NONE',  ( -4.772932564754147400, 14.79979969639720139, 10.95356587245268010 ) ) ;
#659 = CARTESIAN_POINT ( 'NONE',  ( 3.178372432174131124, 15.08596066240216871, -12.99795551926336401 ) ) ;
#660 = CARTESIAN_POINT ( 'NONE',  ( 8.502493522301442397, 3.400160642838378156, 9.722165843964098997 ) ) ;
#661 = DIRECTION ( 'NONE',  ( -1.000000000000000000, 0.000000000000000000, 0.000000000000000000 ) ) ;
#662 = DIRECTION ( 'NONE',  ( 8.673617379884026597E-16, 1.000000000000000000, -8.673617379884026597E-16 ) ) ;
#663 = VERTEX_POINT ( 'NONE', #1992 ) ;
#664 = CARTESIAN_POINT ( 'NONE',  ( 4.694699547831397091, 12.94228261304274419, 4.176284698522151118 ) ) ;
#665 = AXIS2_PLACEMENT_3D ( 'NONE', #2163, #3298, #3634 ) ;
#666 = CARTESIAN_POINT ( 'NONE',  ( -1.706707436206644779, 14.54051179176352093, 14.09744041329710207 ) ) ;
#667 = CARTESIAN_POINT ( 'NONE',  ( -4.411601244159270685, 13.54243973940004331, -8.999893533974979931 ) ) ;
#668 = CARTESIAN_POINT ( 'NONE',  ( -3.906269683897861444, 13.55870561511336980, 11.00785663011789239 ) ) ;
#669 = AXIS2_PLACEMENT_3D ( 'NONE', #3943, #12, #4602 ) ;
#670 = CARTESIAN_POINT ( 'NONE',  ( 4.604040766565958620, 13.02233363769356878, 4.278205166169125384 ) ) ;
#671 = CARTESIAN_POINT ( 'NONE',  ( -4.508133642475738334, 13.72304405064216581, -9.236434484161366143 ) ) ;
#672 = FACE_BOUND ( 'NONE', #4003, .T. ) ;
#673 = CARTESIAN_POINT ( 'NONE',  ( 6.350073921397667576, 12.82160238303738353, 6.157497402394719543 ) ) ;
#674 = CARTESIAN_POINT ( 'NONE',  ( 5.316879393538903820, 14.38180866554983162, -11.12304513157224228 ) ) ;
#675 = EDGE_LOOP ( 'NONE', ( #4282, #1037, #2825, #1375 ) ) ;
#676 = CARTESIAN_POINT ( 'NONE',  ( -3.510626748906182204, 14.37066403160743278, 12.26278557302511274 ) ) ;
#677 = CARTESIAN_POINT ( 'NONE',  ( -5.220235853137861426, 14.38856202155039909, -9.957758064079216709 ) ) ;
#678 = CARTESIAN_POINT ( 'NONE',  ( -5.478220918916086646, 14.24920842035311175, 9.701563201427877203 ) ) ;
#679 = EDGE_CURVE ( 'NONE', #835, #1454, #3892, .T. ) ;
#680 = CARTESIAN_POINT ( 'NONE',  ( 3.411073495728737193, 15.37850159084092105, -13.11135986836138656 ) ) ;
#681 = EDGE_LOOP ( 'NONE', ( #3691, #4160, #3381, #2492, #2958, #1802, #2033, #3379 ) ) ;
#682 = CYLINDRICAL_SURFACE ( 'NONE', #2019, 0.5000000000000004441 ) ;
#683 = CARTESIAN_POINT ( 'NONE',  ( 5.705925234163865767, 14.05019184010550859, 4.464826166425077680 ) ) ;
#684 = CARTESIAN_POINT ( 'NONE',  ( 7.500000000000004441, 3.985714285714056171, 10.99355100243642980 ) ) ;
#685 = AXIS2_PLACEMENT_3D ( 'NONE', #1629, #2651, #2342 ) ;
#686 = EDGE_LOOP ( 'NONE', ( #619, #2194, #411, #871 ) ) ;
#687 = FACE_OUTER_BOUND ( 'NONE', #1634, .T. ) ;
#688 = CARTESIAN_POINT ( 'NONE',  ( -4.473718501452820462, 13.13392665279365801, 10.20873882053801829 ) ) ;
#689 = CARTESIAN_POINT ( 'NONE',  ( -5.003143972359642255, 14.62775702093294505, -10.38807484459111485 ) ) ;
#690 = CARTESIAN_POINT ( 'NONE',  ( 8.000000000000005329, 3.911856171499842105, 10.69124095147890685 ) ) ;
#691 = EDGE_CURVE ( 'NONE', #4116, #1558, #746, .T. ) ;
#692 = CARTESIAN_POINT ( 'NONE',  ( 4.561133082138655759, 13.52738483236383082, -0.1811217507349905942 ) ) ;
#693 = CARTESIAN_POINT ( 'NONE',  ( -3.670524284964108208, 15.14485843477297244, -12.56299049148756986 ) ) ;
#694 = CARTESIAN_POINT ( 'NONE',  ( 1.707282195505471334, 14.54054195131051053, -14.21866718864775869 ) ) ;
#695 = CARTESIAN_POINT ( 'NONE',  ( -18.50000000000000355, -1.765435782354967932E-32, -4.977178131738738465 ) ) ;
#696 = CARTESIAN_POINT ( 'NONE',  ( 6.544672784478288818, 12.93868304613898523, 6.014170315385618970 ) ) ;
#697 = EDGE_CURVE ( 'NONE', #1110, #1115, #1684, .T. ) ;
#698 = CARTESIAN_POINT ( 'NONE',  ( 5.092584163055232871, 14.48698942236171661, -10.99672660265389013 ) ) ;
#699 = ORIENTED_EDGE ( 'NONE', *, *, #3960, .F. ) ;
#700 = DIRECTION ( 'NONE',  ( -1.000000000000000000, 0.000000000000000000, 0.000000000000000000 ) ) ;
#701 = CARTESIAN_POINT ( 'NONE',  ( -4.641383326732984926, 14.41015610651463064, -10.72818685370590153 ) ) ;
#702 = CARTESIAN_POINT ( 'NONE',  ( 4.741467832209788291, 13.75388354917419598, 4.198889074756483097 ) ) ;
#703 = AXIS2_PLACEMENT_3D ( 'NONE', #2858, #3939, #1836 ) ;
#704 = EDGE_CURVE ( 'NONE', #2099, #4182, #1395, .T. ) ;
#705 = CARTESIAN_POINT ( 'NONE',  ( 3.502456708245547112, 15.44141707192686042, -13.18629580538383728 ) ) ;
#706 = EDGE_LOOP ( 'NONE', ( #2211, #2061, #1732, #2852 ) ) ;
#707 = FACE_OUTER_BOUND ( 'NONE', #3241, .T. ) ;
#708 = DIRECTION ( 'NONE',  ( 0.000000000000000000, -0.000000000000000000, 1.000000000000000000 ) ) ;
#709 = EDGE_LOOP ( 'NONE', ( #804, #3181, #200, #655 ) ) ;
#710 = DIRECTION ( 'NONE',  ( -1.000000000000000000, 1.848892746611746419E-31, 0.000000000000000000 ) ) ;
#711 = FACE_OUTER_BOUND ( 'NONE', #369, .T. ) ;
#712 = TOROIDAL_SURFACE ( 'NONE', #4107, 2.750000000000000000, 0.5000000000000000000 ) ;
#713 = CARTESIAN_POINT ( 'NONE',  ( 4.891185683181295651, 14.70171261431867116, -11.01856863654139929 ) ) ;
#714 = DIRECTION ( 'NONE',  ( -1.000000000000000000, 0.000000000000000000, 0.000000000000000000 ) ) ;
#715 = CARTESIAN_POINT ( 'NONE',  ( 6.019237091647276827, 12.22400258266539552, 6.198889074756477768 ) ) ;
#716 = CARTESIAN_POINT ( 'NONE',  ( -0.2801088401542577988, 14.75265443952035227, -14.49913947437500639 ) ) ;
#717 = CARTESIAN_POINT ( 'NONE',  ( 6.123824391354200536, 13.64545045507968091, 5.345864228317729783 ) ) ;
#718 = DIRECTION ( 'NONE',  ( -1.000000000000000000, 0.000000000000000000, 0.000000000000000000 ) ) ;
#719 = CARTESIAN_POINT ( 'NONE',  ( 5.423757960605525064, 14.22334842710405134, -9.122500078135098889 ) ) ;
#720 = ORIENTED_EDGE ( 'NONE', *, *, #1455, .F. ) ;
#721 = CARTESIAN_POINT ( 'NONE',  ( 16.24783825075126842, 1.261251900125897496, -19.19581096072304049 ) ) ;
#722 = AXIS2_PLACEMENT_3D ( 'NONE', #2419, #3858, #3169 ) ;
#723 = CARTESIAN_POINT ( 'NONE',  ( -5.265882835943868301, 14.35243050942914955, -9.608645529879389358 ) ) ;
#724 = EDGE_CURVE ( 'NONE', #2580, #4060, #3857, .T. ) ;
#725 = CARTESIAN_POINT ( 'NONE',  ( 0.03254250484875423344, 16.24993770478933541, 14.44911205896109863 ) ) ;
#726 = CARTESIAN_POINT ( 'NONE',  ( 4.768865252365197094, 14.60336162855630882, -11.42303372351220681 ) ) ;
#727 = ORIENTED_EDGE ( 'NONE', *, *, #1725, .T. ) ;
#728 = DIRECTION ( 'NONE',  ( -6.419766481290786633E-33, 1.000000000000000000, 0.000000000000000000 ) ) ;
#729 = CARTESIAN_POINT ( 'NONE',  ( -1.210218081636587506, 15.15753487199821059, -13.84816104927774738 ) ) ;
#730 = EDGE_LOOP ( 'NONE', ( #1695 ) ) ;
#731 = DIRECTION ( 'NONE',  ( -6.419766481290786633E-33, 1.000000000000000000, 0.000000000000000000 ) ) ;
#732 = VECTOR ( 'NONE', #3046, 1000.000000000000000 ) ;
#733 = VERTEX_POINT ( 'NONE', #628 ) ;
#734 = CARTESIAN_POINT ( 'NONE',  ( -4.587283507413262740, 13.03742186917350843, 8.969892115649813036 ) ) ;
#735 = CARTESIAN_POINT ( 'NONE',  ( 15.74999999999994849, 1.499999999999763745, -9.020032102811443409 ) ) ;
#736 = VECTOR ( 'NONE', #1716, 1000.000000000000000 ) ;
#737 = ORIENTED_EDGE ( 'NONE', *, *, #1683, .T. ) ;
#738 = CARTESIAN_POINT ( 'NONE',  ( 3.092402645735929489, 14.03600324069252103, -13.34984471411916473 ) ) ;
#739 = ORIENTED_EDGE ( 'NONE', *, *, #1069, .T. ) ;
#740 = CARTESIAN_POINT ( 'NONE',  ( 8.499999999999996447, 3.499999999999765521, -19.25000000000000000 ) ) ;
#741 = CARTESIAN_POINT ( 'NONE',  ( 6.702758197494802062, 12.97743057700396463, 5.664810056142498773 ) ) ;
#742 = VECTOR ( 'NONE', #1476, 1000.000000000000000 ) ;
#743 = CARTESIAN_POINT ( 'NONE',  ( -1.630051359878658568, 14.56468320545783790, -14.20342654741644139 ) ) ;
#744 = CARTESIAN_POINT ( 'NONE',  ( 5.158337032666039157, 14.19242097375714451, -9.014971224454626508 ) ) ;
#745 = ORIENTED_EDGE ( 'NONE', *, *, #3800, .F. ) ;
#746 = B_SPLINE_CURVE_WITH_KNOTS ( 'NONE', 3,
 ( #3408, #1589, #4147, #3743, #1917, #3387, #517, #3363, #1242, #2300, #1943, #3084, #4473, #2686, #1564, #1538, #4123, #3012, #2661, #1968, #1896, #3718, #2372, #3335, #919, #4519, #3035, #141, #4446, #4419, #2708, #2634, #184, #2734, #4074, #1614, #939, #494, #1222, #4097, #2352, #1295, #4168, #1728 ),
 .UNSPECIFIED., .F., .F.,
 ( 4, 2, 2, 2, 2, 2, 2, 2, 2, 2, 2, 2, 2, 2, 2, 2, 2, 2, 2, 2, 2, 4 ),
 ( -5.999999999938777511E-08, 0.001006646008745460449, 0.001509999013118193097, 0.002013352017490925745, 0.002516705021863658177, 0.003020058026236391042, 0.004026764034981859808, 0.005033470043727328140, 0.006040176052472797340, 0.007046882061218265672, 0.008053588069963734872, 0.009060294078709204071, 0.01006700008745467154, 0.01107370609620014247, 0.01157705910057287534, 0.01208041210494560820, 0.01258376510931834107, 0.01308711811369107567, 0.01409382412243653793, 0.01510053013118200366, 0.01560388313555473479, 0.01610723613992746592 ),
 .UNSPECIFIED. ) ;
#747 = CARTESIAN_POINT ( 'NONE',  ( -4.556752572056240069, 14.92636108717118759, -12.31607072501434530 ) ) ;
#748 = CARTESIAN_POINT ( 'NONE',  ( -4.649080433414256142, 14.23670362330679140, -10.40917857286684800 ) ) ;
#749 = CARTESIAN_POINT ( 'NONE',  ( 5.721475018061819462, 14.03671561655747091, 4.604418771630879093 ) ) ;
#750 = EDGE_CURVE ( 'NONE', #2284, #397, #1627, .T. ) ;
#751 = CARTESIAN_POINT ( 'NONE',  ( 5.021600775746189349, 14.60911628737747847, -11.53514365227091965 ) ) ;
#752 = DIRECTION ( 'NONE',  ( 0.000000000000000000, 1.717376241217037509E-13, -1.000000000000000000 ) ) ;
#753 = CARTESIAN_POINT ( 'NONE',  ( 4.538139305936314649, 13.16074755037314148, 4.199234048271031305 ) ) ;
#754 = FACE_OUTER_BOUND ( 'NONE', #390, .T. ) ;
#755 = CARTESIAN_POINT ( 'NONE',  ( 4.240952972546915944, 13.91989447078613296, -11.20243864601954442 ) ) ;
#756 = ORIENTED_EDGE ( 'NONE', *, *, #1654, .T. ) ;
#757 = LINE ( 'NONE', #1386, #4191 ) ;
#758 = ORIENTED_EDGE ( 'NONE', *, *, #3061, .T. ) ;
#759 = CARTESIAN_POINT ( 'NONE',  ( -4.461620727232719297, 13.75822028216122916, 9.613753568012493034 ) ) ;
#760 = EDGE_CURVE ( 'NONE', #1490, #1667, #2800, .T. ) ;
#761 = CARTESIAN_POINT ( 'NONE',  ( 1.254200722884297958, 14.65688829222085410, -13.88594168111795746 ) ) ;
#762 = LINE ( 'NONE', #840, #3840 ) ;
#763 = ADVANCED_FACE ( 'NONE', ( #3499 ), #2047, .T. ) ;
#764 = ORIENTED_EDGE ( 'NONE', *, *, #3533, .T. ) ;
#765 = ADVANCED_FACE ( 'NONE', ( #864 ), #158, .T. ) ;
#766 = CARTESIAN_POINT ( 'NONE',  ( -2.699843690740314273, 14.22058213512599245, -12.95117888031059472 ) ) ;
#767 = ORIENTED_EDGE ( 'NONE', *, *, #3439, .F. ) ;
#768 = DIRECTION ( 'NONE',  ( -6.419766481290786633E-33, 1.000000000000000000, -0.000000000000000000 ) ) ;
#769 = CARTESIAN_POINT ( 'NONE',  ( 16.22954968166868639, 1.499999999999763745, 18.74999999999999645 ) ) ;
#770 = CARTESIAN_POINT ( 'NONE',  ( -16.25000000000000000, 1.500000000000000000, -18.75000000000000000 ) ) ;
#771 = CARTESIAN_POINT ( 'NONE',  ( 5.669067730656816906, 14.08337904976359489, -9.101965913336718117 ) ) ;
#772 = ORIENTED_EDGE ( 'NONE', *, *, #2141, .F. ) ;
#773 = CARTESIAN_POINT ( 'NONE',  ( -3.707839082194069658, 15.40022331418589729, 13.20127454831349212 ) ) ;
#774 = CARTESIAN_POINT ( 'NONE',  ( -3.997875076815054829, 14.97257341088586990, -12.19025342856820160 ) ) ;
#775 = CARTESIAN_POINT ( 'NONE',  ( 5.584187521915939811, 14.15977873709663015, 4.324608347944511877 ) ) ;
#776 = DIRECTION ( 'NONE',  ( -6.419766481290786633E-33, 1.000000000000000000, -0.000000000000000000 ) ) ;
#777 = CARTESIAN_POINT ( 'NONE',  ( 3.643403627715006809, 14.85846667267754029, -12.55103274169935723 ) ) ;
#778 = EDGE_LOOP ( 'NONE', ( #1795, #1501, #4569, #1056 ) ) ;
#779 = CARTESIAN_POINT ( 'NONE',  ( -22.00000000000000000, 0.000000000000000000, -19.25000000000000000 ) ) ;
#780 = CARTESIAN_POINT ( 'NONE',  ( 0.009953037980552885064, 16.25060552373334133, 13.94798611610107208 ) ) ;
#781 = AXIS2_PLACEMENT_3D ( 'NONE', #784, #389, #2212 ) ;
#782 = CARTESIAN_POINT ( 'NONE',  ( -2.222233263110565904, 15.43358039225352485, -13.50636836792261342 ) ) ;
#783 = ORIENTED_EDGE ( 'NONE', *, *, #4194, .T. ) ;
#784 = CARTESIAN_POINT ( 'NONE',  ( 15.74999999999993783, 0.9999999999997636335, -4.977178131738736688 ) ) ;
#785 = EDGE_LOOP ( 'NONE', ( #643, #3612, #2611, #964 ) ) ;
#786 = DIRECTION ( 'NONE',  ( -0.000000000000000000, 0.000000000000000000, 1.000000000000000000 ) ) ;
#787 = CARTESIAN_POINT ( 'NONE',  ( 2.260755472885343398, 14.37930769522191277, -13.40168944045425725 ) ) ;
#788 = CARTESIAN_POINT ( 'NONE',  ( -15.75000000000000000, 0.000000000000000000, 13.02003210281144341 ) ) ;
#789 = EDGE_LOOP ( 'NONE', ( #2674, #1531, #360, #69 ) ) ;
#790 = CARTESIAN_POINT ( 'NONE',  ( -2.041760801270921633, 14.44739609959543891, -14.00167386547460069 ) ) ;
#791 = EDGE_LOOP ( 'NONE', ( #745, #153, #3108, #159 ) ) ;
#792 = CARTESIAN_POINT ( 'NONE',  ( 7.999999999999996447, 7.749999999999764633, 19.25000000000000000 ) ) ;
#793 = EDGE_CURVE ( 'NONE', #1866, #2580, #4487, .T. ) ;
#794 = CARTESIAN_POINT ( 'NONE',  ( 6.791974480318122787, 12.86079888393938653, 5.821080046839822053 ) ) ;
#795 = VECTOR ( 'NONE', #1727, 1000.000000000000000 ) ;
#796 = DIRECTION ( 'NONE',  ( -1.000000000000000000, 0.000000000000000000, 3.469446951953610639E-15 ) ) ;
#797 = B_SPLINE_SURFACE_WITH_KNOTS ( 'NONE', 1, 3, ( 
 ( #831, #525, #1925, #1572, #4457, #1229, #477, #2693, #4030, #2669 ),
 ( #3750, #171, #4380, #2231, #1523, #2337, #1903, #4105, #878, #3343 ) ),
 .UNSPECIFIED., .F., .F., .F.,
 ( 2, 2 ),
 ( 4, 2, 2, 2, 4 ),
 ( 0.000000000000000000, 1.000000000000000000 ),
 ( 0.000000000000000000, 0.2500000000000000000, 0.5000000000000000000, 0.7500000000000000000, 1.000000000000000000 ),
 .UNSPECIFIED. ) ;
#798 = CARTESIAN_POINT ( 'NONE',  ( 5.124341605616928419, 14.21953756689519999, -9.416719746413960479 ) ) ;
#799 = ORIENTED_EDGE ( 'NONE', *, *, #1060, .T. ) ;
#800 = CARTESIAN_POINT ( 'NONE',  ( -0.6932080855090444471, 16.22996236072539133, -14.46992184206298759 ) ) ;
#801 = CARTESIAN_POINT ( 'NONE',  ( 5.581262077505091845, 14.16233198485248401, 4.296621298177766946 ) ) ;
#802 = CARTESIAN_POINT ( 'NONE',  ( -4.711420234896360526, 14.82478737660721535, 11.08313159566341355 ) ) ;
#803 = CARTESIAN_POINT ( 'NONE',  ( 4.238116112388974344, 14.83697221217823881, -12.08542895003157369 ) ) ;
#804 = ORIENTED_EDGE ( 'NONE', *, *, #3555, .T. ) ;
#805 = PLANE ( 'NONE',  #289 ) ;
#806 = CYLINDRICAL_SURFACE ( 'NONE', #665, 3.499999999999999556 ) ;
#807 = CARTESIAN_POINT ( 'NONE',  ( -3.574720206552352675, 15.04286074305543863, -12.52562000025515232 ) ) ;
#808 = VERTEX_POINT ( 'NONE', #4140 ) ;
#809 = CARTESIAN_POINT ( 'NONE',  ( 15.74999999999994849, 1.499999999999763745, -13.02003210281144341 ) ) ;
#810 = EDGE_LOOP ( 'NONE', ( #3178, #1986, #2885, #2814 ) ) ;
#811 = CARTESIAN_POINT ( 'NONE',  ( 4.694969904367503055, 12.94203790404917775, -9.020459493118458738 ) ) ;
#812 = CARTESIAN_POINT ( 'NONE',  ( 3.998674040710453070, 13.49549153657308942, -11.10411087582840217 ) ) ;
#813 = FACE_OUTER_BOUND ( 'NONE', #4397, .T. ) ;
#814 = CIRCLE ( 'NONE', #4500, 5.749999999999998224 ) ;
#815 = CARTESIAN_POINT ( 'NONE',  ( 4.132916544470504050, 13.99370089390740546, -11.45382866238455399 ) ) ;
#816 =( BOUNDED_SURFACE ( )  B_SPLINE_SURFACE ( 3, 2, ( 
 ( #4599, #2794, #1365 ),
 ( #664, #2032, #2770 ),
 ( #3493, #3472, #2815 ),
 ( #4201, #1656, #291 ),
 ( #2365, #3809, #3098 ),
 ( #978, #246, #2412 ),
 ( #4529, #1721, #2749 ),
 ( #3870, #952, #3894 ),
 ( #4245, #3852, #573 ),
 ( #998, #620, #3162 ),
 ( #1017, #2455, #267 ),
 ( #3139, #4570, #2433 ),
 ( #644, #1745, #3182 ),
 ( #1108, #2546, #4362 ),
 ( #3584, #4642, #1062 ),
 ( #3990, #1038, #3229 ),
 ( #436, #361, #3660 ),
 ( #3917, #4621, #3965 ),
 ( #2501, #8, #1411 ),
 ( #1787, #2931, #2523 ) ),
 .UNSPECIFIED., .F., .F., .T. ) 
 B_SPLINE_SURFACE_WITH_KNOTS ( ( 4, 2, 2, 2, 2, 2, 2, 2, 2, 4 ),
 ( 3, 3 ),
 ( -1.441958509425335466E-05, 6.158364467337370835E-05, 0.0001375868744410007629, 0.0002895933339762548991, 0.0005936062530467631172, 0.0008976191721172712811, 0.001201632091187779553, 0.001505645010258287609, 0.001809657929328795881, 0.002417683767469812426 ),
 ( 0.000000000000000000, 1.000000000000000000 ),
 .UNSPECIFIED. ) 
 GEOMETRIC_REPRESENTATION_ITEM ( )  RATIONAL_B_SPLINE_SURFACE ( (
 ( 1.000000000000000000, 0.7301937253278436568, 1.000000000000000000),
 ( 1.000000000000000000, 0.7301937253278436568, 1.000000000000000000),
 ( 1.000000000000000000, 0.7301530542106843269, 1.000000000000000000),
 ( 1.000000000000000000, 0.7300773521219955375, 1.000000000000000000),
 ( 1.000000000000000000, 0.7300323350634598807, 1.000000000000000000),
 ( 1.000000000000000000, 0.7298715393877973634, 1.000000000000000000),
 ( 1.000000000000000000, 0.7297303160120010013, 1.000000000000000000),
 ( 1.000000000000000000, 0.7291609406246399860, 1.000000000000000000),
 ( 1.000000000000000000, 0.7285914285070733687, 1.000000000000000000),
 ( 1.000000000000000000, 0.7267261525781203435, 1.000000000000000000),
 ( 1.000000000000000000, 0.7254287025183460136, 1.000000000000000000),
 ( 1.000000000000000000, 0.7221004918855041810, 1.000000000000000000),
 ( 1.000000000000000000, 0.7200490400768582155, 1.000000000000000000),
 ( 1.000000000000000000, 0.7162218444001047235, 1.000000000000000000),
 ( 1.000000000000000000, 0.7144630126517252933, 1.000000000000000000),
 ( 1.000000000000000000, 0.7116907412647774933, 1.000000000000000000),
 ( 1.000000000000000000, 0.7106761362229929713, 1.000000000000000000),
 ( 1.000000000000000000, 0.7083918732985572397, 1.000000000000000000),
 ( 1.000000000000000000, 0.7078049894317245405, 1.000000000000000000),
 ( 1.000000000000000000, 0.7074999591433777102, 1.000000000000000000) ) ) 
 REPRESENTATION_ITEM ( '' )  SURFACE ( )  );
#817 = DIRECTION ( 'NONE',  ( -1.000000000000000000, 0.000000000000000000, 1.892425610156517368E-15 ) ) ;
#818 = CARTESIAN_POINT ( 'NONE',  ( 6.479159814096361991, 12.65553173777926688, 6.190912950604499976 ) ) ;
#819 = VECTOR ( 'NONE', #1405, 1000.000000000000000 ) ;
#820 = CARTESIAN_POINT ( 'NONE',  ( 3.346944447345864937, 13.90239888447420569, -13.08312792857145723 ) ) ;
#821 = CARTESIAN_POINT ( 'NONE',  ( 5.553060605491681123, 14.18678013275554051, -9.273161447665852819 ) ) ;
#822 = EDGE_LOOP ( 'NONE', ( #2857, #1163, #1581, #1786 ) ) ;
#823 = CARTESIAN_POINT ( 'NONE',  ( -3.278681875725391937, 15.59391391238622226, 13.51682065684515877 ) ) ;
#824 = VECTOR ( 'NONE', #3734, 1000.000000000000000 ) ;
#825 = CARTESIAN_POINT ( 'NONE',  ( 5.069462751364359754, 14.08896822634748247, 4.567836684154976012 ) ) ;
#826 = CARTESIAN_POINT ( 'NONE',  ( -3.207357289899874342, 13.97606413431663697, 12.36380365116552937 ) ) ;
#827 = ADVANCED_FACE ( 'NONE', ( #911 ), #202, .T. ) ;
#828 = CIRCLE ( 'NONE', #3303, 2.000000000000000000 ) ;
#829 = CARTESIAN_POINT ( 'NONE',  ( 3.907244651844614669, 15.12968104217123333, -12.65234847293951326 ) ) ;
#830 = DIRECTION ( 'NONE',  ( -1.000000000000000000, -6.419766481290788001E-33, 0.000000000000000000 ) ) ;
#831 = CARTESIAN_POINT ( 'NONE',  ( 5.268043978983867781, 14.42066058464165579, 4.198889074756483097 ) ) ;
#832 = CARTESIAN_POINT ( 'NONE',  ( -4.514742000720090687, 14.96609323412939752, 11.49934703302022321 ) ) ;
#833 = EDGE_CURVE ( 'NONE', #4209, #2411, #926, .T. ) ;
#834 = CARTESIAN_POINT ( 'NONE',  ( -3.727872015900292713, 15.39091334289486035, -13.03959747545806280 ) ) ;
#835 = VERTEX_POINT ( 'NONE', #3514 ) ;
#836 = DIRECTION ( 'NONE',  ( 0.000000000000000000, 0.000000000000000000, 1.000000000000000000 ) ) ;
#837 = EDGE_LOOP ( 'NONE', ( #3449, #554, #165, #994 ) ) ;
#838 = CARTESIAN_POINT ( 'NONE',  ( -18.50000000000000355, 1.500000000000000000, 4.977178131738738465 ) ) ;
#839 = DIRECTION ( 'NONE',  ( -0.000000000000000000, -0.000000000000000000, -1.000000000000000000 ) ) ;
#840 = CARTESIAN_POINT ( 'NONE',  ( 6.999999999999997335, 3.499999999999761968, 19.25000000000000000 ) ) ;
#841 = AXIS2_PLACEMENT_3D ( 'NONE', #2903, #4292, #710 ) ;
#842 = ORIENTED_EDGE ( 'NONE', *, *, #691, .F. ) ;
#843 = CARTESIAN_POINT ( 'NONE',  ( 4.573414775415500344, 13.67367057774291439, -9.744785539088137938 ) ) ;
#844 = CARTESIAN_POINT ( 'NONE',  ( -0.5228611092027511953, 14.73242523154756789, 13.89809261425360098 ) ) ;
#845 = AXIS2_PLACEMENT_3D ( 'NONE', #569, #4177, #4617 ) ;
#846 = CARTESIAN_POINT ( 'NONE',  ( 6.671814937747931218, 12.77389053688770737, 6.046350713588937609 ) ) ;
#847 = CARTESIAN_POINT ( 'NONE',  ( 8.502506615085540176, 3.399899113522990568, 10.42040821563498909 ) ) ;
#848 = CARTESIAN_POINT ( 'NONE',  ( 4.797134130655674511, 13.49735447166586511, 5.075794914574658812 ) ) ;
#849 = VERTEX_POINT ( 'NONE', #2055 ) ;
#850 = DIRECTION ( 'NONE',  ( 1.465494392505206633E-14, 1.000000000000000000, 0.000000000000000000 ) ) ;
#851 = CARTESIAN_POINT ( 'NONE',  ( 5.468566701971679045, 14.18554142305720589, 4.520035766502735974 ) ) ;
#852 = CARTESIAN_POINT ( 'NONE',  ( -3.576362588095046036, 15.46102319355221688, 12.66129324323527783 ) ) ;
#853 = EDGE_CURVE ( 'NONE', #3977, #1826, #4224, .T. ) ;
#854 = CARTESIAN_POINT ( 'NONE',  ( 4.606937793756596733, 14.26841363302089682, -10.98208281077015336 ) ) ;
#855 = DIRECTION ( 'NONE',  ( -0.000000000000000000, 0.000000000000000000, -1.000000000000000000 ) ) ;
#856 = DIRECTION ( 'NONE',  ( 0.000000000000000000, -2.602085213965208275E-15, -1.000000000000000000 ) ) ;
#857 = CARTESIAN_POINT ( 'NONE',  ( -3.374221908183137497, 14.99717358293226610, 12.65448649964504391 ) ) ;
#858 = ADVANCED_FACE ( 'NONE', ( #1306 ), #3117, .F. ) ;
#859 = CARTESIAN_POINT ( 'NONE',  ( -2.960105112932797322, 15.31630065475457236, -13.06998760462294307 ) ) ;
#860 = ORIENTED_EDGE ( 'NONE', *, *, #485, .F. ) ;
#861 = DIRECTION ( 'NONE',  ( -6.419766481290786633E-33, 1.000000000000000000, 0.000000000000000000 ) ) ;
#862 = DIRECTION ( 'NONE',  ( -0.000000000000000000, 0.000000000000000000, 1.000000000000000000 ) ) ;
#863 = ORIENTED_EDGE ( 'NONE', *, *, #4188, .T. ) ;
#864 = FACE_OUTER_BOUND ( 'NONE', #4018, .T. ) ;
#865 = EDGE_LOOP ( 'NONE', ( #3327, #931, #2111, #1236 ) ) ;
#866 = FACE_OUTER_BOUND ( 'NONE', #4183, .T. ) ;
#867 = CARTESIAN_POINT ( 'NONE',  ( -4.309040904545258677, 15.07798253299638169, -12.63046938228415605 ) ) ;
#868 = CARTESIAN_POINT ( 'NONE',  ( 8.500000000000000000, 7.750000000000002665, 19.25000000000000000 ) ) ;
#869 = PLANE ( 'NONE',  #4180 ) ;
#870 = CARTESIAN_POINT ( 'NONE',  ( 6.019237091647276827, 12.22400258266539552, 6.198889074756477768 ) ) ;
#871 = ORIENTED_EDGE ( 'NONE', *, *, #1755, .T. ) ;
#872 = CYLINDRICAL_SURFACE ( 'NONE', #1932, 6.250000000000000000 ) ;
#873 = CARTESIAN_POINT ( 'NONE',  ( 5.383104276664573362, 14.13185458647539861, 4.785828999980680898 ) ) ;
#874 = AXIS2_PLACEMENT_3D ( 'NONE', #3271, #1102, #752 ) ;
#875 = CARTESIAN_POINT ( 'NONE',  ( -4.466940183327163361, 14.98219409652578804, 11.57330114479316308 ) ) ;
#876 = CARTESIAN_POINT ( 'NONE',  ( 5.180543838276042479, 14.48996616873897736, -11.17222493995457100 ) ) ;
#877 = DIRECTION ( 'NONE',  ( -9.860761315262647568E-32, -1.000000000000000000, 0.000000000000000000 ) ) ;
#878 = CARTESIAN_POINT ( 'NONE',  ( 5.445878996539293304, 12.15746053132095916, 6.158607023511406986 ) ) ;
#879 = CARTESIAN_POINT ( 'NONE',  ( -3.769292347018588174, 15.37015923729381051, 13.14975644617948625 ) ) ;
#880 = CARTESIAN_POINT ( 'NONE',  ( -1.310501363843362466, 15.77720691312101842, -13.84682572235146836 ) ) ;
#881 = ORIENTED_EDGE ( 'NONE', *, *, #4591, .F. ) ;
#882 = DIRECTION ( 'NONE',  ( -0.000000000000000000, 0.000000000000000000, -1.000000000000000000 ) ) ;
#883 = DIRECTION ( 'NONE',  ( -2.775557561562888511E-14, -1.000000000000000000, 9.714451465470109631E-14 ) ) ;
#884 = CIRCLE ( 'NONE', #3886, 3.300000000000000711 ) ;
#885 = ORIENTED_EDGE ( 'NONE', *, *, #1311, .T. ) ;
#886 = CARTESIAN_POINT ( 'NONE',  ( 4.197565340392545252, 13.35236535101649125, -11.69731992430420142 ) ) ;
#887 = ORIENTED_EDGE ( 'NONE', *, *, #482, .T. ) ;
#888 = CARTESIAN_POINT ( 'NONE',  ( 15.74999999999993783, 1.499999999999763745, -4.977178131738736688 ) ) ;
#889 = CARTESIAN_POINT ( 'NONE',  ( -4.108298039652495071, 15.01930832843737917, -12.25154834582179042 ) ) ;
#890 = CARTESIAN_POINT ( 'NONE',  ( 5.408912739038625794, 12.19675431411712907, 5.625341657588839972 ) ) ;
#891 = ADVANCED_FACE ( 'NONE', ( #1697 ), #816, .T. ) ;
#892 = DIRECTION ( 'NONE',  ( -1.000000000000000000, 1.848892746611746419E-31, -0.000000000000000000 ) ) ;
#893 = CARTESIAN_POINT ( 'NONE',  ( 5.304241485318516247, 14.19698687726561381, -8.883982124824793658 ) ) ;
#894 = CARTESIAN_POINT ( 'NONE',  ( 0.8298665711965782510, 16.21768956867922284, -14.47410564131407540 ) ) ;
#895 = CARTESIAN_POINT ( 'NONE',  ( 5.309391739539312205, 13.71636925185335798, 5.462319646164958797 ) ) ;
#896 = CARTESIAN_POINT ( 'NONE',  ( -2.945239778431214983, 14.10025439469006159, 12.66129324323527783 ) ) ;
#897 = AXIS2_PLACEMENT_3D ( 'NONE', #1527, #1929, #1502 ) ;
#898 = CARTESIAN_POINT ( 'NONE',  ( 5.211696912041698937, 14.46594337312409806, -11.09037642623013831 ) ) ;
#899 = AXIS2_PLACEMENT_3D ( 'NONE', #3915, #3559, #2030 ) ;
#900 = FACE_OUTER_BOUND ( 'NONE', #1288, .T. ) ;
#901 = CARTESIAN_POINT ( 'NONE',  ( 6.632921856972342489, 12.67481888520249811, 6.144662469560150164 ) ) ;
#902 = CARTESIAN_POINT ( 'NONE',  ( -4.878558083040026361, 14.71125668449345447, 11.77622237260988847 ) ) ;
#903 = VECTOR ( 'NONE', #839, 1000.000000000000000 ) ;
#904 = EDGE_CURVE ( 'NONE', #629, #1263, #3582, .T. ) ;
#905 = CARTESIAN_POINT ( 'NONE',  ( 0.06868655593834016582, 16.24972247529490232, -14.49996469846183267 ) ) ;
#906 = CARTESIAN_POINT ( 'NONE',  ( 8.499999999999996447, 3.499999999999761080, 19.25000000000000000 ) ) ;
#907 = AXIS2_PLACEMENT_3D ( 'NONE', #2437, #3873, #3208 ) ;
#908 = DIRECTION ( 'NONE',  ( 1.000000000000000000, 0.000000000000000000, 0.000000000000000000 ) ) ;
#909 = CARTESIAN_POINT ( 'NONE',  ( -19.04999999999999716, -2.118522938825958344E-32, 13.02003210281144341 ) ) ;
#910 = VERTEX_POINT ( 'NONE', #4014 ) ;
#911 = FACE_OUTER_BOUND ( 'NONE', #4331, .T. ) ;
#912 = ORIENTED_EDGE ( 'NONE', *, *, #149, .F. ) ;
#913 = ADVANCED_FACE ( 'NONE', ( #4337 ), #1456, .T. ) ;
#914 = DIRECTION ( 'NONE',  ( -0.000000000000000000, 1.000000000000000000, -0.000000000000000000 ) ) ;
#915 = CARTESIAN_POINT ( 'NONE',  ( -4.444504150768113782, 14.99731955654302240, -12.26333418272425924 ) ) ;
#916 = CARTESIAN_POINT ( 'NONE',  ( 5.278363369979255815, 14.43372751298264944, -9.101149342137473397 ) ) ;
#917 = LINE ( 'NONE', #2351, #2897 ) ;
#918 = EDGE_CURVE ( 'NONE', #3970, #3388, #757, .T. ) ;
#919 = CARTESIAN_POINT ( 'NONE',  ( -1.579350178954488371, 15.59738678769607922, -13.76591809819217005 ) ) ;
#920 = CARTESIAN_POINT ( 'NONE',  ( 15.74999999999992362, -4.458239333260394233E-13, -13.02003210281144341 ) ) ;
#921 = CARTESIAN_POINT ( 'NONE',  ( 5.766312082047047483, 13.66035466648886398, 5.717903718371561084 ) ) ;
#922 = DIRECTION ( 'NONE',  ( -1.465494392505206633E-14, -1.000000000000000000, -0.000000000000000000 ) ) ;
#923 = AXIS2_PLACEMENT_3D ( 'NONE', #3913, #3606, #408 ) ;
#924 = CARTESIAN_POINT ( 'NONE',  ( 5.204060211426122073, 14.47184792267344555, -11.11090481115781792 ) ) ;
#925 = CARTESIAN_POINT ( 'NONE',  ( -4.791629025361320515, 14.77164184452070472, 11.93024372518108223 ) ) ;
#926 = B_SPLINE_CURVE_WITH_KNOTS ( 'NONE', 3,
 ( #4513, #1287, #2008, #3539, #4549, #598, #1327, #1677, #224, #2076 ),
 .UNSPECIFIED., .F., .F.,
 ( 4, 3, 3, 4 ),
 ( 0.000000000000000000, 0.0009999999999999991535, 0.004999999999999999237, 0.01320200457792054631 ),
 .UNSPECIFIED. ) ;
#927 = CARTESIAN_POINT ( 'NONE',  ( -1.643715830823452739, 15.71433147606716219, -13.75235994300744835 ) ) ;
#928 = CARTESIAN_POINT ( 'NONE',  ( 8.502509549090060403, 3.399840506142711494, 10.42059892670619980 ) ) ;
#929 = CARTESIAN_POINT ( 'NONE',  ( 4.338389159283783769, 13.24348518725671120, -9.000000000000001776 ) ) ;
#930 = ADVANCED_FACE ( 'NONE', ( #687 ), #2480, .T. ) ;
#931 = ORIENTED_EDGE ( 'NONE', *, *, #276, .T. ) ;
#932 = ORIENTED_EDGE ( 'NONE', *, *, #4276, .T. ) ;
#933 = LINE ( 'NONE', #2323, #2990 ) ;
#934 = CARTESIAN_POINT ( 'NONE',  ( -3.894224452327089914, 14.87624650413389560, -12.15660714125403707 ) ) ;
#935 = EDGE_CURVE ( 'NONE', #3787, #3578, #3251, .T. ) ;
#936 = CARTESIAN_POINT ( 'NONE',  ( 5.636660733982829186, 11.90066931590269128, 5.698889074756475992 ) ) ;
#937 = CARTESIAN_POINT ( 'NONE',  ( -3.975282977256111128, 14.68191446751774087, 11.94009149446981866 ) ) ;
#938 = DIRECTION ( 'NONE',  ( -0.000000000000000000, 1.000000000000000000, 1.249000902703299846E-13 ) ) ;
#939 = CARTESIAN_POINT ( 'NONE',  ( -4.373933456906298645, 14.43520039700307045, -11.26840442990555857 ) ) ;
#940 = DIRECTION ( 'NONE',  ( 0.000000000000000000, 0.9714285714285881834, 0.2373321103690192446 ) ) ;
#941 = CARTESIAN_POINT ( 'NONE',  ( 5.292630745498470013, 14.08344700895199786, 4.943628771320892845 ) ) ;
#942 = CARTESIAN_POINT ( 'NONE',  ( 4.920743591164725039, 14.49489755039761363, -11.07557877351921327 ) ) ;
#943 = AXIS2_PLACEMENT_3D ( 'NONE', #2014, #938, #139 ) ;
#944 = CARTESIAN_POINT ( 'NONE',  ( -5.006529312585835001, 14.31108419136802290, -9.416007315112118192 ) ) ;
#945 = CARTESIAN_POINT ( 'NONE',  ( -8.500000000000003553, 7.749999999999756639, -19.25000000000000000 ) ) ;
#946 = CARTESIAN_POINT ( 'NONE',  ( -1.615126374771731266, 15.58519714674674361, -13.75428300218772826 ) ) ;
#947 = FACE_OUTER_BOUND ( 'NONE', #3654, .T. ) ;
#948 = CARTESIAN_POINT ( 'NONE',  ( -7.999999999999998224, 3.499999999999999112, -18.74999999999999645 ) ) ;
#949 = CARTESIAN_POINT ( 'NONE',  ( 6.981360389972203428, 3.875261870554073340, 10.38326476057589076 ) ) ;
#950 = ORIENTED_EDGE ( 'NONE', *, *, #3555, .F. ) ;
#951 = AXIS2_PLACEMENT_3D ( 'NONE', #299, #4629, #2779 ) ;
#952 = CARTESIAN_POINT ( 'NONE',  ( 4.394377739807876715, 13.21800658333628320, 4.660183498894119758 ) ) ;
#953 = ORIENTED_EDGE ( 'NONE', *, *, #2141, .T. ) ;
#954 = CARTESIAN_POINT ( 'NONE',  ( -3.272989732687490605, 13.95203704853098614, 12.27929332359662240 ) ) ;
#955 = AXIS2_PLACEMENT_3D ( 'NONE', #2100, #1347, #2725 ) ;
#956 = CARTESIAN_POINT ( 'NONE',  ( 5.182522631376050626, 12.45865374857067209, 5.480041157004944985 ) ) ;
#957 = FACE_OUTER_BOUND ( 'NONE', #1815, .T. ) ;
#958 = CARTESIAN_POINT ( 'NONE',  ( -4.812964376501199126, 14.11444971055761854, -8.888357846141852647 ) ) ;
#959 = CARTESIAN_POINT ( 'NONE',  ( -8.500000000000000000, 0.000000000000000000, 18.75000000000000000 ) ) ;
#960 = LINE ( 'NONE', #1704, #2619 ) ;
#961 = CARTESIAN_POINT ( 'NONE',  ( 5.554490082717123300, 13.49475500560411234, 5.757447841768433605 ) ) ;
#962 = AXIS2_PLACEMENT_3D ( 'NONE', #3978, #2918, #3649 ) ;
#963 = CARTESIAN_POINT ( 'NONE',  ( 5.472189016556436414, 14.25424072179674617, -10.56856639995880442 ) ) ;
#964 = ORIENTED_EDGE ( 'NONE', *, *, #3468, .F. ) ;
#965 = EDGE_CURVE ( 'NONE', #910, #3930, #4256, .T. ) ;
#966 = CARTESIAN_POINT ( 'NONE',  ( -4.806794680560010136, 14.11915830502375435, -9.242279685701893399 ) ) ;
#967 = ADVANCED_FACE ( 'NONE', ( #3611 ), #4269, .T. ) ;
#968 = CARTESIAN_POINT ( 'NONE',  ( -4.581114468682829788, 14.29129837477378295, 10.63052678463681211 ) ) ;
#969 = AXIS2_PLACEMENT_3D ( 'NONE', #4603, #2818, #4250 ) ;
#970 = EDGE_CURVE ( 'NONE', #2479, #1232, #4388, .T. ) ;
#971 = CARTESIAN_POINT ( 'NONE',  ( -0.3049817240213530400, 16.10464233113670574, -14.14375494075551387 ) ) ;
#972 = CARTESIAN_POINT ( 'NONE',  ( 4.637967650686857901, 13.62282644606995241, -9.000000000000001776 ) ) ;
#973 = DIRECTION ( 'NONE',  ( -0.000000000000000000, 0.000000000000000000, -1.000000000000000000 ) ) ;
#974 = AXIS2_PLACEMENT_3D ( 'NONE', #616, #2452, #3537 ) ;
#975 = CARTESIAN_POINT ( 'NONE',  ( 6.999999999999997335, 3.402606695097910361, 9.377254571689807250 ) ) ;
#976 = AXIS2_PLACEMENT_3D ( 'NONE', #1553, #2006, #2747 ) ;
#977 = ORIENTED_EDGE ( 'NONE', *, *, #1554, .T. ) ;
#978 = CARTESIAN_POINT ( 'NONE',  ( 4.707171719244859887, 12.93098116955036581, 4.353475716081291580 ) ) ;
#979 = CARTESIAN_POINT ( 'NONE',  ( -2.882364856153636357, 14.13825363189648243, 12.73488637719240479 ) ) ;
#980 = CARTESIAN_POINT ( 'NONE',  ( -3.647647835760366775, 15.42756139649467606, -12.61797900165719533 ) ) ;
#981 = EDGE_CURVE ( 'NONE', #910, #4468, #330, .T. ) ;
#982 = CARTESIAN_POINT ( 'NONE',  ( 10.49999999999999645, 3.499999999999761080, 18.75000000000000000 ) ) ;
#983 = CARTESIAN_POINT ( 'NONE',  ( -3.690867503939230687, 14.26934734773728941, -12.03380602249469078 ) ) ;
#984 = CARTESIAN_POINT ( 'NONE',  ( -3.721765473042700556, 14.25147071150141009, -11.98691367930835305 ) ) ;
#985 = LINE ( 'NONE', #1372, #2763 ) ;
#986 = CARTESIAN_POINT ( 'NONE',  ( 6.208645137746146681, 12.78649141875435724, 6.143577565836555010 ) ) ;
#987 = CARTESIAN_POINT ( 'NONE',  ( 5.085729926578267168, 14.25007354217537880, -9.769178181390785198 ) ) ;
#988 = ORIENTED_EDGE ( 'NONE', *, *, #4455, .F. ) ;
#989 = CARTESIAN_POINT ( 'NONE',  ( -10.49999999999999822, 3.500000000000000000, 18.75000000000000000 ) ) ;
#990 = CARTESIAN_POINT ( 'NONE',  ( -5.021845130431396242, 14.29932806358248598, -9.027533447548877987 ) ) ;
#991 = CIRCLE ( 'NONE', #2185, 0.5000000000000004441 ) ;
#992 = CARTESIAN_POINT ( 'NONE',  ( -5.128265184266407317, 14.54936906822658926, 9.102258655362472695 ) ) ;
#993 = CARTESIAN_POINT ( 'NONE',  ( 1.194259526921278791, 16.11054918161992333, -14.14906718405891262 ) ) ;
#994 = ORIENTED_EDGE ( 'NONE', *, *, #617, .F. ) ;
#995 = CARTESIAN_POINT ( 'NONE',  ( 8.499999999999996447, 3.433621592741430639, 10.77259864996334926 ) ) ;
#996 = CARTESIAN_POINT ( 'NONE',  ( 10.49999999999999822, 1.499999999999761968, -18.75000000000000000 ) ) ;
#997 = ORIENTED_EDGE ( 'NONE', *, *, #3291, .F. ) ;
#998 = CARTESIAN_POINT ( 'NONE',  ( 4.796519016574086081, 12.84847678857892106, 4.844227266366972984 ) ) ;
#999 = CARTESIAN_POINT ( 'NONE',  ( -3.918216085190062703, 14.13151629297335177, 11.60583501545902863 ) ) ;
#1000 = B_SPLINE_CURVE_WITH_KNOTS ( 'NONE', 3,
 ( #409, #1833, #2542, #1811, #1407, #458 ),
 .UNSPECIFIED., .F., .F.,
 ( 4, 2, 4 ),
 ( 0.000000000000000000, 0.0004063315693685487376, 0.0008126631387370974752 ),
 .UNSPECIFIED. ) ;
#1001 = CARTESIAN_POINT ( 'NONE',  ( -4.105910510856125128, 15.19361629356763643, -12.12660646819185928 ) ) ;
#1002 = FACE_OUTER_BOUND ( 'NONE', #4223, .T. ) ;
#1003 = DIRECTION ( 'NONE',  ( 0.000000000000000000, 1.000000000000000000, 0.000000000000000000 ) ) ;
#1004 = CARTESIAN_POINT ( 'NONE',  ( -3.997682972760363551, 14.08339963606334067, -11.49468217289476257 ) ) ;
#1005 = CARTESIAN_POINT ( 'NONE',  ( -4.503418761618493527, 13.10910503664310767, -10.15684619084681195 ) ) ;
#1006 = FACE_OUTER_BOUND ( 'NONE', #1875, .T. ) ;
#1007 = CARTESIAN_POINT ( 'NONE',  ( 5.544009215418520320, 14.19323129840659270, -10.20707844300200584 ) ) ;
#1008 = VERTEX_POINT ( 'NONE', #32 ) ;
#1009 = CARTESIAN_POINT ( 'NONE',  ( -0.2928810117207887864, 15.24582886831128015, 13.92877200073196420 ) ) ;
#1010 = CARTESIAN_POINT ( 'NONE',  ( -4.812361087857405906, 14.11490393000571508, -8.983749049736546866 ) ) ;
#1011 = CARTESIAN_POINT ( 'NONE',  ( -4.793199729495420947, 14.13579235151195235, 9.281209494905789725 ) ) ;
#1012 = CARTESIAN_POINT ( 'NONE',  ( 2.960492162726612531, 15.31514072383960290, -13.18019094631402233 ) ) ;
#1013 = DIRECTION ( 'NONE',  ( -1.000000000000000000, 0.000000000000000000, 0.000000000000000000 ) ) ;
#1014 = CARTESIAN_POINT ( 'NONE',  ( 5.179100212643470869, 13.83271358416361707, 5.220534510992568933 ) ) ;
#1015 = VECTOR ( 'NONE', #2732, 1000.000000000000000 ) ;
#1016 = ORIENTED_EDGE ( 'NONE', *, *, #3962, .T. ) ;
#1017 = CARTESIAN_POINT ( 'NONE',  ( 4.826168842297510864, 12.82056787420575006, 4.936003481809409621 ) ) ;
#1018 = CARTESIAN_POINT ( 'NONE',  ( -2.200429803685032049, 14.40434564345264512, 13.30538328890124689 ) ) ;
#1019 = CARTESIAN_POINT ( 'NONE',  ( 2.452515535232802968, 15.89479531918198241, -13.54411039739126821 ) ) ;
#1020 = CARTESIAN_POINT ( 'NONE',  ( -3.886659931767742382, 13.57184998001304521, 11.06438719898255840 ) ) ;
#1021 = CARTESIAN_POINT ( 'NONE',  ( 4.604040766610891566, 13.02233363765433616, -0.1811217507297399054 ) ) ;
#1022 = CARTESIAN_POINT ( 'NONE',  ( -4.429782089747212659, 13.78218491667542978, -10.05828610509476739 ) ) ;
#1023 = CARTESIAN_POINT ( 'NONE',  ( 16.24999999999992539, -4.527628272299466516E-13, 4.977178131738736688 ) ) ;
#1024 = CARTESIAN_POINT ( 'NONE',  ( 6.070913491602357936, 13.70053542513436895, 5.455737851317524090 ) ) ;
#1025 = CARTESIAN_POINT ( 'NONE',  ( 5.410683016731110406, 14.30704164854313376, -10.35730049112317985 ) ) ;
#1026 = ORIENTED_EDGE ( 'NONE', *, *, #427, .F. ) ;
#1027 = CARTESIAN_POINT ( 'NONE',  ( -1.806853204644389477, 16.05775203028358078, 14.17527383442166844 ) ) ;
#1028 = CARTESIAN_POINT ( 'NONE',  ( -5.387607307497791709, 14.32595952523415050, -9.804128564240617294 ) ) ;
#1029 = CARTESIAN_POINT ( 'NONE',  ( -5.134841316538846456, 14.54443593394890044, 9.015624425998334246 ) ) ;
#1030 = CONICAL_SURFACE ( 'NONE', #2538, 4.000000000000000000, 0.8726646259971635455 ) ;
#1031 = CARTESIAN_POINT ( 'NONE',  ( 3.123078110624059267, 15.49485667195006577, -13.30232808099175656 ) ) ;
#1032 = LINE ( 'NONE', #2208, #3450 ) ;
#1033 = CARTESIAN_POINT ( 'NONE',  ( 5.029944533193309475, 14.11989965709992312, 4.210915949875708719 ) ) ;
#1034 = ADVANCED_FACE ( 'NONE', ( #1478 ), #3940, .T. ) ;
#1035 = CARTESIAN_POINT ( 'NONE',  ( 5.297425284367087706, 13.73296421354314845, 5.437016506594801513 ) ) ;
#1036 = VECTOR ( 'NONE', #4264, 1000.000000000000000 ) ;
#1037 = ORIENTED_EDGE ( 'NONE', *, *, #3412, .F. ) ;
#1038 = CARTESIAN_POINT ( 'NONE',  ( 5.057510857046102259, 12.59575819217375603, 5.933644212591305589 ) ) ;
#1039 = AXIS2_PLACEMENT_3D ( 'NONE', #4329, #1099, #1805 ) ;
#1040 = CARTESIAN_POINT ( 'NONE',  ( -0.7264036137981494390, 15.21602527953841566, 13.87303951235248078 ) ) ;
#1041 = CARTESIAN_POINT ( 'NONE',  ( 3.640767430909475966, 15.43088490652414890, -12.77151343339420819 ) ) ;
#1042 = CARTESIAN_POINT ( 'NONE',  ( -4.911783396843128813, 13.41783767079617462, 45.32734660452702258 ) ) ;
#1043 = AXIS2_PLACEMENT_3D ( 'NONE', #3268, #1472, #4353 ) ;
#1044 = CARTESIAN_POINT ( 'NONE',  ( 4.640797647454988351, 13.62637585814932351, -0.1811217507350941225 ) ) ;
#1045 = CARTESIAN_POINT ( 'NONE',  ( -3.154455344341757339, 15.64333041302624494, -13.47380987967009958 ) ) ;
#1046 = CARTESIAN_POINT ( 'NONE',  ( -3.539513940493809407, 14.35535010448354143, -12.24777336837467168 ) ) ;
#1047 = DIRECTION ( 'NONE',  ( -1.000000000000000000, -6.419766481290789370E-33, 0.000000000000000000 ) ) ;
#1048 = CARTESIAN_POINT ( 'NONE',  ( 5.952924950002662641, 13.60787412786487849, 5.710393719250695277 ) ) ;
#1049 = EDGE_CURVE ( 'NONE', #3255, #3255, #2646, .T. ) ;
#1050 = CARTESIAN_POINT ( 'NONE',  ( 4.795536882490693209, 14.12876533733119011, -10.27412252748378485 ) ) ;
#1051 = EDGE_LOOP ( 'NONE', ( #3641, #2294, #2500, #2402 ) ) ;
#1052 = DIRECTION ( 'NONE',  ( 1.848892746611746419E-31, 1.000000000000000000, 0.000000000000000000 ) ) ;
#1053 = CARTESIAN_POINT ( 'NONE',  ( -5.211661584844671680, 14.46627584783028198, -10.68738263893068030 ) ) ;
#1054 = DIRECTION ( 'NONE',  ( 1.000000000000000000, -9.860761315262647568E-32, 0.000000000000000000 ) ) ;
#1055 = CARTESIAN_POINT ( 'NONE',  ( 3.422815734805971122, 14.97263395636827177, -12.78543103992146968 ) ) ;
#1056 = ORIENTED_EDGE ( 'NONE', *, *, #704, .F. ) ;
#1057 = CARTESIAN_POINT ( 'NONE',  ( 17.61029411764699404, 0.9999999999997636335, -7.579277945909317360 ) ) ;
#1058 = CARTESIAN_POINT ( 'NONE',  ( 5.578727311003754075, 14.16454065733633527, 4.268651863566150340 ) ) ;
#1059 = CARTESIAN_POINT ( 'NONE',  ( 0.01053585467449544982, 15.75051672693571980, 13.94803877843290607 ) ) ;
#1060 = EDGE_CURVE ( 'NONE', #1263, #3578, #104, .T. ) ;
#1061 = ORIENTED_EDGE ( 'NONE', *, *, #3575, .F. ) ;
#1062 = CARTESIAN_POINT ( 'NONE',  ( 5.255853212890512438, 13.09428978476380934, 5.801913747695702561 ) ) ;
#1063 = CARTESIAN_POINT ( 'NONE',  ( -4.263698000986274828, 13.90212190786222379, 10.74714194564044867 ) ) ;
#1064 = CARTESIAN_POINT ( 'NONE',  ( 0.8334074764756224107, 16.24170024333667328, -13.99992042082328325 ) ) ;
#1065 = FACE_OUTER_BOUND ( 'NONE', #681, .T. ) ;
#1066 = CARTESIAN_POINT ( 'NONE',  ( 4.532119615085422382, 13.27057167884945343, 4.278205166166010542 ) ) ;
#1067 = CARTESIAN_POINT ( 'NONE',  ( 1.266071216304343938, 14.63724681790872850, -13.84231728874102885 ) ) ;
#1068 = CARTESIAN_POINT ( 'NONE',  ( 6.999999999999997335, -2.376571162088225719E-13, 19.25000000000000000 ) ) ;
#1069 = EDGE_CURVE ( 'NONE', #107, #107, #3021, .T. ) ;
#1070 = CARTESIAN_POINT ( 'NONE',  ( 6.185871568346056115, 13.22041566078443253, 5.999153164414008366 ) ) ;
#1071 = CARTESIAN_POINT ( 'NONE',  ( 5.619514592862513425, 14.12743188649369230, -9.657528719508682968 ) ) ;
#1072 = ORIENTED_EDGE ( 'NONE', *, *, #1447, .F. ) ;
#1073 = DIRECTION ( 'NONE',  ( -0.000000000000000000, 0.000000000000000000, -1.000000000000000000 ) ) ;
#1074 = CARTESIAN_POINT ( 'NONE',  ( -4.688566344201504421, 14.37657473820412335, -10.56860474983297316 ) ) ;
#1075 = DIRECTION ( 'NONE',  ( -1.000000000000000000, -6.419766481290789370E-33, 0.000000000000000000 ) ) ;
#1076 = EDGE_LOOP ( 'NONE', ( #2161, #1590, #4389, #127 ) ) ;
#1077 = FACE_OUTER_BOUND ( 'NONE', #4033, .T. ) ;
#1078 = CARTESIAN_POINT ( 'NONE',  ( -17.77205882352941302, -1.298114545849239927E-32, -7.106168888787395055 ) ) ;
#1079 = EDGE_LOOP ( 'NONE', ( #2207, #720, #388, #3104 ) ) ;
#1080 = DIRECTION ( 'NONE',  ( -1.000000000000000000, 0.000000000000000000, 0.000000000000000000 ) ) ;
#1081 = VERTEX_POINT ( 'NONE', #2286 ) ;
#1082 = LINE ( 'NONE', #1158, #1430 ) ;
#1083 = AXIS2_PLACEMENT_3D ( 'NONE', #1168, #3285, #1895 ) ;
#1084 = CARTESIAN_POINT ( 'NONE',  ( -3.003945276508537265, 14.07269762064267482, -12.61797900165719533 ) ) ;
#1085 = B_SPLINE_SURFACE_WITH_KNOTS ( 'NONE', 3, 3, ( 
 ( #3444, #615, #3489, #3136, #2791, #4567, #4266 ),
 ( #4220, #1033, #2476, #1518, #1849, #1493, #3315 ),
 ( #4026, #1899, #3338, #498, #143, #2854, #2564 ),
 ( #3290, #473, #1920, #2119, #2972, #4399, #3675 ),
 ( #3914, #3015, #2254, #4289, #451, #1058, #3366 ),
 ( #1568, #1148, #3720, #94, #2613, #801, #71 ),
 ( #116, #428, #2947, #2227, #4006, #775, #1541 ),
 ( #2995, #2204, #1201, #335, #4423, #3700, #4449 ),
 ( #4376, #2637, #2590, #1877, #1173, #3650, #1225 ),
 ( #1406, #825, #4051, #4077, #851, #2276, #683 ),
 ( #1763, #3558, #3199, #4640, #3106, #3841, #3062 ),
 ( #1971, #3817, #606, #873, #210, #1643, #2354 ),
 ( #2664, #1687, #941, #3039, #3799, #4475, #2041 ),
 ( #4100, #2304, #3458, #4498, #1245, #255, #4171 ),
 ( #1271, #2737, #1297, #3482, #3746, #563, #4125 ),
 ( #1617, #2376, #1592, #186, #3435, #4521, #520 ),
 ( #895, #2688, #3087, #583, #2712, #3126, #2332 ),
 ( #3776, #233, #2398, #3411, #1665, #4558, #4538 ),
 ( #1947, #3390, #4150, #1316, #2759, #4190, #167 ),
 ( #961, #542, #921, #1994, #1799, #1024, #717 ),
 ( #1774, #3548, #2823, #1048, #324, #3524, #4299 ),
 ( #301, #3237, #3879, #4255, #2489, #3859, #3171 ),
 ( #278, #1705, #3569, #1730, #2109, #3190, #631 ),
 ( #4231, #3148, #1753, #4630, #4607, #372, #4583 ),
 ( #2442, #1397, #1070, #653, #349, #2152, #3215 ),
 ( #2508, #3594, #2086, #4654, #3928, #1421, #1334 ),
 ( #2868, #1354, #1373, #2467, #4212, #3949, #2780 ),
 ( #986, #3904, #2421, #2063, #2843, #2131, #4279 ),
 ( #3501, #673, #2803, #696, #1487, #4394, #741 ),
 ( #1091, #3623, #399, #2246, #2198, #2941, #492 ),
 ( #2220, #3694, #2889, #1193, #2632, #420, #2175 ),
 ( #1166, #1843, #3284, #2585, #41, #4417, #4370 ),
 ( #1894, #2608, #3669, #2557, #3645, #794, #18 ),
 ( #4044, #818, #4071, #846, #1823, #3259, #1143 ),
 ( #468, #2271, #4320, #444, #1870, #3310, #64 ),
 ( #1915, #2967, #1464, #89, #2913, #1439, #3333 ),
 ( #4345, #111, #1513, #1118, #3999, #1536, #2989 ) ),
 .UNSPECIFIED., .F., .F., .F.,
 ( 4, 3, 3, 3, 3, 3, 3, 3, 3, 3, 3, 3, 4 ),
 ( 4, 3, 4 ),
 ( 0.01408712472150756845, 0.01416704354377966088, 0.01424696236605175331, 0.01440680001059593991, 0.01472647529968431138, 0.01504615058877268284, 0.01536582587786105430, 0.01568550116694942403, 0.01600517645603779723, 0.01632485174512617043, 0.01648468938967035530, 0.01656460821194244773, 0.01664452703421454016 ),
 ( -0.006049526219572183734, 0.4969752368902138895, 1.000000000000000000 ),
 .UNSPECIFIED. ) ;
#1086 = LINE ( 'NONE', #3351, #596 ) ;
#1087 = CLOSED_SHELL ( 'NONE', ( #1997, #2514, #4050, #4173, #2072, #196, #4306, #479, #930, #140, #3491, #3069, #967, #4025, #3295, #4301, #4265, #3603, #913, #3091, #3796, #2788, #19, #1736, #1092, #2797, #858, #2435, #2431, #1289, #1409, #2453, #3901, #3957, #3769, #273, #2318, #1606, #3074, #1101, #4413, #2214, #1130, #1939, #2250, #4365, #3135, #763, #1884, #3262, #3890, #891, #3899, #14, #3377, #2430, #3416, #3644, #632, #2581, #2387, #3122, #4036, #2400, #1595, #2986, #4247, #1712, #3414, #2138, #496, #2087, #1624, #1739, #2960, #1186, #4450, #2733, #3325, #4525, #2424, #1520, #4114, #3127, #1165, #546, #4213, #3347, #827, #1449, #1221, #765, #2049, #421, #2922, #1034, #3772, #4170, #4535, #4137 ) ) ;
#1088 = ORIENTED_EDGE ( 'NONE', *, *, #209, .T. ) ;
#1089 = CARTESIAN_POINT ( 'NONE',  ( 2.712459059293425678, 14.20459244011540001, -13.66241183070189358 ) ) ;
#1090 = LINE ( 'NONE', #1068, #2306 ) ;
#1091 = CARTESIAN_POINT ( 'NONE',  ( 6.283216949461142065, 12.69380824288804099, 6.166802669006555604 ) ) ;
#1092 = ADVANCED_FACE ( 'NONE', ( #80 ), #3731, .T. ) ;
#1093 = CARTESIAN_POINT ( 'NONE',  ( 1.251925610281456880, 14.63922915418519288, -14.36167211830737678 ) ) ;
#1094 = CARTESIAN_POINT ( 'NONE',  ( 5.018515903472916762, 14.12894666704279523, -9.144667459697764400 ) ) ;
#1095 = VERTEX_POINT ( 'NONE', #4132 ) ;
#1096 = CARTESIAN_POINT ( 'NONE',  ( -4.097935481469705543, 15.19833858425251627, -12.86167951332372539 ) ) ;
#1097 = CIRCLE ( 'NONE', #1848, 7.999999999999996447 ) ;
#1098 = CARTESIAN_POINT ( 'NONE',  ( -5.111680314376711998, 14.35083863386736525, -9.770275640029218778 ) ) ;
#1099 = DIRECTION ( 'NONE',  ( -6.419766481290786633E-33, 1.000000000000000000, 0.000000000000000000 ) ) ;
#1100 = CARTESIAN_POINT ( 'NONE',  ( 3.947170950129636147, 15.28345972903210104, -13.17042453207723618 ) ) ;
#1101 = ADVANCED_FACE ( 'NONE', ( #4483 ), #4434, .T. ) ;
#1102 = DIRECTION ( 'NONE',  ( -3.295974604355936635E-14, -1.000000000000000000, -1.717376241217038266E-13 ) ) ;
#1103 = LINE ( 'NONE', #1976, #2322 ) ;
#1104 = EDGE_CURVE ( 'NONE', #2213, #3787, #2957, .T. ) ;
#1105 = CARTESIAN_POINT ( 'NONE',  ( 16.24999999999993960, 0.9999999999997636335, 19.25000000000000000 ) ) ;
#1106 = CARTESIAN_POINT ( 'NONE',  ( 3.237263426632091434, 14.51096644249150280, -12.75830497319440759 ) ) ;
#1107 = VERTEX_POINT ( 'NONE', #1256 ) ;
#1108 = CARTESIAN_POINT ( 'NONE',  ( 5.039282389340339563, 12.60904920266871088, 5.326923073219506755 ) ) ;
#1109 = CIRCLE ( 'NONE', #1780, 4.000000000000000000 ) ;
#1110 = VERTEX_POINT ( 'NONE', #3348 ) ;
#1111 = CARTESIAN_POINT ( 'NONE',  ( -4.093837565641368137, 13.44665142934158908, 10.28161235011330099 ) ) ;
#1112 = CARTESIAN_POINT ( 'NONE',  ( 4.185180550120102261, 13.36424333799524433, -10.54627064696815530 ) ) ;
#1113 = LINE ( 'NONE', #1160, #377 ) ;
#1114 = AXIS2_PLACEMENT_3D ( 'NONE', #2475, #3225, #3557 ) ;
#1115 = VERTEX_POINT ( 'NONE', #3709 ) ;
#1116 = CARTESIAN_POINT ( 'NONE',  ( 2.087897596776751463, 14.43646957260099306, -13.49777317205748162 ) ) ;
#1117 = DIRECTION ( 'NONE',  ( 1.000000000000000000, -1.442414296612149001E-14, 0.000000000000000000 ) ) ;
#1118 = CARTESIAN_POINT ( 'NONE',  ( 6.724299570127308279, 12.70344674556056930, 6.057173642929623902 ) ) ;
#1119 = VECTOR ( 'NONE', #3048, 1000.000000000000000 ) ;
#1120 = CARTESIAN_POINT ( 'NONE',  ( 1.893741282283604610, 14.49077933456060308, -14.14288055793560517 ) ) ;
#1121 = CARTESIAN_POINT ( 'NONE',  ( 5.034972669676272439, 14.11593881029042130, -8.918050592712095437 ) ) ;
#1122 = ORIENTED_EDGE ( 'NONE', *, *, #339, .F. ) ;
#1123 = CARTESIAN_POINT ( 'NONE',  ( -15.75000000000000000, 1.000000000000000000, 13.02003210281144341 ) ) ;
#1124 = CARTESIAN_POINT ( 'NONE',  ( -5.523153560885867286, 14.21101963647176802, -9.454231072203988617 ) ) ;
#1125 = CARTESIAN_POINT ( 'NONE',  ( 6.841717317830893208, 12.79389771336540882, 5.698889074756477768 ) ) ;
#1126 = CARTESIAN_POINT ( 'NONE',  ( 4.953149905376759143, 14.65864193419737482, -11.91985458653891250 ) ) ;
#1127 = DIRECTION ( 'NONE',  ( 0.000000000000000000, 0.000000000000000000, 1.000000000000000000 ) ) ;
#1128 = B_SPLINE_SURFACE_WITH_KNOTS ( 'NONE', 3, 3, ( 
 ( #958, #2395, #3837, #1682, #2037, #3121, #3497 ),
 ( #1351, #4554, #1330, #2776, #3856, #4216, #4523 ),
 ( #1010, #3155, #3803, #3130, #2807, #3461, #4236 ),
 ( #213, #2426, #990, #3820, #3505, #657, #1710 ),
 ( #4195, #610, #1668, #566, #4503, #1996, #3418 ),
 ( #3863, #4588, #589, #1647, #1300, #2716, #1338 ),
 ( #3109, #3884, #190, #2023, #1623, #1277, #4153 ),
 ( #966, #636, #2740, #2404, #3089, #1358, #3844 ),
 ( #2044, #3486, #258, #4561, #3066, #2358, #283 ),
 ( #3437, #4174, #944, #2380, #3980, #1471, #1124 ),
 ( #2092, #3629, #4612, #328, #723, #4352, #4635 ),
 ( #1401, #2157, #1425, #1098, #1735, #1028, #4005 ),
 ( #3553, #2919, #2512, #2494, #677, #2563, #3600 ),
 ( #3530, #1804, #307, #404, #2848, #1377, #3175 ),
 ( #379, #3910, #1, #4285, #2873, #3954, #2828 ),
 ( #748, #3220, #2113, #4305, #3932, #4261, #2472 ),
 ( #1758, #1074, #1828, #3574, #3195, #1053, #3243 ),
 ( #3266, #701, #2135, #2180, #24, #47, #354 ),
 ( #1778, #1446, #2894, #4328, #2536, #2347, #1636 ),
 ( #3791, #3405, #4491, #1988, #181, #4144, #1963 ),
 ( #136, #3429, #1611, #3739, #4470, #1265, #1914 ),
 ( #3032, #514, #1240, #1585, #3010, #557, #1560 ),
 ( #2704, #2296, #1291, #2728, #3080, #4443, #3055 ),
 ( #2683, #4164, #203, #4094, #4516, #915, #161 ),
 ( #2368, #934, #774, #889, #2203, #4120, #2658 ),
 ( #3716, #491, #3357, #1217, #2324, #3768, #867 ),
 ( #536, #1938, #3383, #1525, #4059, #1750, #1857 ),
 ( #1906, #807, #693, #78, #2128, #1549, #2979 ),
 ( #4627, #4405, #1181, #2620, #3001, #1207, #3923 ),
 ( #102, #2485, #1393, #124, #3210, #834, #2260 ),
 ( #3300, #2840, #3345, #2234, #3566, #1500, #346 ),
 ( #1771, #4432, #2210, #2647, #4382, #3683, #434 ),
 ( #4084, #859, #2283, #459, #2955, #4650, #2865 ),
 ( #3707, #321, #3187, #3323, #4274, #1045, #1417 ),
 ( #1885, #4360, #1132, #2572, #3658, #4012, #480 ),
 ( #782, #1154, #2596, #4032, #2695, #528, #4542 ),
 ( #2339, #239, #193, #1955, #3805, #1927, #1280 ),
 ( #946, #927, #3754, #1322, #3092, #4197, #3420 ),
 ( #4109, #880, #3783, #550, #3440, #2719, #1254 ),
 ( #4460, #2383, #2360, #1601, #1978, #216, #1574 ),
 ( #3022, #568, #3463, #1302, #4131, #1626, #2764 ),
 ( #4526, #173, #3111, #971, #1670, #2311, #2000 ),
 ( #3070, #3729, #3823, #3396, #2742, #4176, #905 ),
 ( #504, #2026, #591, #4506, #1650, #4155, #3045 ),
 ( #4482, #3372, #152, #1231, #2673, #2407, #2449 ),
 ( #1761, #3577, #3223, #1341, #993, #2116, #4563 ),
 ( #2136, #638, #3556, #1404, #3846, #3887, #260 ),
 ( #2830, #2789, #2095, #4218, #356, #331, #613 ),
 ( #3197, #2809, #2428, #3, #3912, #2048, #1427 ),
 ( #2875, #3934, #285, #1691, #3488, #4637, #2474 ),
 ( #309, #4592, #3177, #4263, #3133, #3865, #4287 ),
 ( #2069, #1012, #1714, #1031, #1740, #2851, #3508 ),
 ( #659, #3157, #1359, #680, #705, #1781, #4308 ),
 ( #1055, #2496, #4238, #3534, #4615, #1379, #1100 ),
 ( #777, #3956, #97, #829, #2921, #3318, #2950 ),
 ( #4401, #4378, #1880, #1495, #2256, #1807, #1176 ),
 ( #3631, #2567, #803, #3604, #1150, #381, #2592 ),
 ( #1521, #3269, #4008, #119, #3677, #2615, #3984 ),
 ( #4028, #2206, #2974, #4355, #2539, #3652, #1126 ),
 ( #1851, #1473, #430, #4053, #3293, #74, #2182 ),
 ( #4330, #2229, #3245, #726, #475, #751, #454 ),
 ( #1901, #1544, #2160, #26, #2997, #3341, #2515 ),
 ( #2896, #406, #1830, #49, #4172, #3778, #3064 ),
 ( #3041, #2020, #2378, #1299, #4501, #1248, #3017 ),
 ( #500, #1645, #3818, #3459, #2714, #4425, #2738 ),
 ( #2667, #1274, #235, #2307, #3368, #4478, #3748 ),
 ( #522, #4103, #545, #942, #2691, #876, #1203 ),
 ( #586, #1666, #2641, #1950, #3088, #2356, #4522 ),
 ( #854, #4080, #4454, #3392, #4127, #2278, #3436 ),
 ( #1596, #1995, #1621, #4152, #3722, #924, #564 ),
 ( #1923, #145, #1570, #3802, #169, #898, #212 ),
 ( #1227, #2335, #1974, #3415, #188, #3484, #674 ),
 ( #3860, #2468, #4214, #2491, #698, #2844, #256 ),
 ( #3929, #3151, #2132, #1754, #4559, #2110, #3550 ),
 ( #3191, #350, #1398, #4631, #4232, #303, #4584 ),
 ( #4192, #3128, #3107, #4539, #325, #4281, #963 ),
 ( #1050, #3571, #633, #1355, #1318, #1025, #2760 ),
 ( #2401, #1374, #2804, #3842, #1707, #1336, #1007 ),
 ( #2783, #3881, #3502, #2444, #607, #654, #2088 ),
 ( #2042, #3526, #987, #2064, #1731, #2422, #3172 ),
 ( #280, #4609, #2824, #4257, #3906, #4325, #1071 ),
 ( #21, #2944, #798, #3216, #3263, #4302, #3312 ),
 ( #2154, #1467, #3596, #2969, #4373, #1775, #1422 ),
 ( #2177, #375, #4046, #3287, #4656, #821, #1489 ),
 ( #92, #1094, #2509, #2870, #1145, #1845, #1801 ),
 ( #3976, #2560, #3647, #3951, #719, #3671, #2916 ),
 ( #4002, #3626, #2251, #3240, #2533, #1443, #771 ),
 ( #44, #2891, #744, #68, #1515, #4396, #2610 ),
 ( #447, #2587, #1874, #3696, #401, #1169, #1825 ),
 ( #4348, #1121, #2224, #2200, #424, #4022, #2328 ),
 ( #3797, #3773, #1269, #893, #207, #1196, #561 ) ),
 .UNSPECIFIED., .F., .F., .F.,
 ( 4, 3, 3, 3, 3, 3, 3, 3, 3, 3, 3, 3, 3, 3, 3, 3, 3, 3, 3, 3, 3, 3, 3, 3, 3, 3, 3, 3, 3, 3, 4 ),
 ( 4, 3, 4 ),
 ( -0.0001104388241297267443, 2.898456723459169382E-05, 0.0001684079585989101320, 0.0004472547413275469947, 0.001004948306784820720, 0.001562641872242094554, 0.002120335437699368171, 0.003235722568613915839, 0.003793416134071189889, 0.004351109699528463506, 0.004908803264985737123, 0.005466496830443010740, 0.006581883961357558842, 0.007697271092272106943, 0.008812658223186654177, 0.009928045354101201411, 0.01104343248501574865, 0.01215881961593029761, 0.01327420674684484485, 0.01438959387775939208, 0.01494728744321666657, 0.01522613422594530294, 0.01536555761730962200, 0.01543526931299178152, 0.01550498100867394105, 0.01606267457413121380, 0.01662036813958849002, 0.01717806170504576277, 0.01745690848777439741, 0.01759633187913871646, 0.01773575527050303552 ),
 ( -0.006073227785175763435, 0.4969633861074121417, 1.000000000000000000 ),
 .UNSPECIFIED. ) ;
#1129 = LINE ( 'NONE', #779, #1036 ) ;
#1130 = ADVANCED_FACE ( 'NONE', ( #4112, #4407, #506 ), #1184, .F. ) ;
#1131 = CARTESIAN_POINT ( 'NONE',  ( 0.1096807539737164050, 16.24931858334653612, 13.95195509152309121 ) ) ;
#1132 = CARTESIAN_POINT ( 'NONE',  ( -2.620749451326384261, 15.58573841010260708, -13.39507806956599545 ) ) ;
#1133 = ORIENTED_EDGE ( 'NONE', *, *, #4243, .T. ) ;
#1134 = DIRECTION ( 'NONE',  ( 1.000000000000000000, -1.848892746611746419E-31, 0.000000000000000000 ) ) ;
#1135 = CARTESIAN_POINT ( 'NONE',  ( -4.368858444071216596, 13.82670485261033555, 10.27501482432201918 ) ) ;
#1136 = CARTESIAN_POINT ( 'NONE',  ( -3.381338067763867805, 13.88003694764393536, -12.12660646819185928 ) ) ;
#1137 = CARTESIAN_POINT ( 'NONE',  ( -19.04999999999999716, -2.118522938825958344E-32, -13.02003210281144341 ) ) ;
#1138 = AXIS2_PLACEMENT_3D ( 'NONE', #286, #3465, #3509 ) ;
#1139 = ORIENTED_EDGE ( 'NONE', *, *, #2988, .T. ) ;
#1140 = CARTESIAN_POINT ( 'NONE',  ( -2.462591632337184588, 14.30417697678359090, -13.74332489363754739 ) ) ;
#1141 =( BOUNDED_SURFACE ( )  B_SPLINE_SURFACE ( 3, 2, ( 
 ( #1561, #916, #558 ),
 ( #1989, #3384, #2392 ),
 ( #3834, #3056, #601 ),
 ( #2011, #2349, #1612 ) ),
 .UNSPECIFIED., .F., .F., .T. ) 
 B_SPLINE_SURFACE_WITH_KNOTS ( ( 4, 4 ),
 ( 3, 3 ),
 ( 0.05525134013039611353, 0.06863082891424485132 ),
 ( 0.000000000000000000, 1.000000000000000000 ),
 .UNSPECIFIED. ) 
 GEOMETRIC_REPRESENTATION_ITEM ( )  RATIONAL_B_SPLINE_SURFACE ( (
 ( 1.000000000000000000, 0.6846531968771361054, 1.000000000000000000),
 ( 1.000000000000000000, 0.6846531968771361054, 1.000000000000000000),
 ( 1.000000000000000000, 0.6846531968857657580, 1.000000000000000000),
 ( 1.000000000000000000, 0.6846531968857657580, 1.000000000000000000) ) ) 
 REPRESENTATION_ITEM ( '' )  SURFACE ( )  );
#1142 = DIRECTION ( 'NONE',  ( -1.000000000000000000, 1.848892746611746419E-31, 0.000000000000000000 ) ) ;
#1143 = CARTESIAN_POINT ( 'NONE',  ( 6.819941896259324565, 12.82330193578568078, 5.694274519048822647 ) ) ;
#1144 = CARTESIAN_POINT ( 'NONE',  ( 0.7489877542550288370, 14.71808450251512213, -14.46840987642897325 ) ) ;
#1145 = CARTESIAN_POINT ( 'NONE',  ( 5.420114033581201696, 14.22639803431620820, -9.167925340475392204 ) ) ;
#1146 = ORIENTED_EDGE ( 'NONE', *, *, #2810, .F. ) ;
#1147 = CARTESIAN_POINT ( 'NONE',  ( -2.819955063926022021, 15.77532345106983769, -13.83919731394277619 ) ) ;
#1148 = CARTESIAN_POINT ( 'NONE',  ( 5.039891916180229359, 14.11214696803608248, 4.340489818400087074 ) ) ;
#1149 = CARTESIAN_POINT ( 'NONE',  ( 4.844979202104942040, 13.88495481926246811, 4.198889074756483097 ) ) ;
#1150 = CARTESIAN_POINT ( 'NONE',  ( 4.466222294028186823, 14.92086597991193031, -12.20349743488063154 ) ) ;
#1151 = ORIENTED_EDGE ( 'NONE', *, *, #4108, .T. ) ;
#1152 = DIRECTION ( 'NONE',  ( 0.000000000000000000, 0.000000000000000000, 1.000000000000000000 ) ) ;
#1153 = CARTESIAN_POINT ( 'NONE',  ( -16.22954968166875034, 1.500000000000000000, -18.75000000000000000 ) ) ;
#1154 = CARTESIAN_POINT ( 'NONE',  ( -2.261400320344705062, 15.56040218180007173, -13.50384427070138216 ) ) ;
#1155 = ORIENTED_EDGE ( 'NONE', *, *, #1620, .F. ) ;
#1156 = CARTESIAN_POINT ( 'NONE',  ( -15.75000000000000000, 1.500000000000000000, -13.02003210281144341 ) ) ;
#1157 = EDGE_LOOP ( 'NONE', ( #2555, #3116, #1151, #2904 ) ) ;
#1158 = CARTESIAN_POINT ( 'NONE',  ( -16.25000000000000355, 1.000000000000000000, 0.000000000000000000 ) ) ;
#1159 = CARTESIAN_POINT ( 'NONE',  ( 3.964669593499888567, 13.51902855583024810, -11.19810533463285651 ) ) ;
#1160 = CARTESIAN_POINT ( 'NONE',  ( -6.999999999999999112, 3.499999999999998668, -19.25000000000000000 ) ) ;
#1161 = VERTEX_POINT ( 'NONE', #1209 ) ;
#1162 = CARTESIAN_POINT ( 'NONE',  ( 3.030887692640679365, 14.07200082486567716, -12.75474189448158846 ) ) ;
#1163 = ORIENTED_EDGE ( 'NONE', *, *, #624, .T. ) ;
#1164 = DIRECTION ( 'NONE',  ( -1.848892746611746419E-31, -1.000000000000000000, -0.000000000000000000 ) ) ;
#1165 = ADVANCED_FACE ( 'NONE', ( #126 ), #1859, .T. ) ;
#1166 = CARTESIAN_POINT ( 'NONE',  ( 6.337693057780684924, 12.62368303800321989, 6.181022423785128339 ) ) ;
#1167 = CIRCLE ( 'NONE', #2137, 2.249999999999998668 ) ;
#1168 = CARTESIAN_POINT ( 'NONE',  ( -15.75000000000000000, 1.000000000000000000, -13.02003210281144341 ) ) ;
#1169 = CARTESIAN_POINT ( 'NONE',  ( 5.574036612419353887, 14.16862460664183310, -8.997356073103420115 ) ) ;
#1170 = VERTEX_POINT ( 'NONE', #4086 ) ;
#1171 = CARTESIAN_POINT ( 'NONE',  ( -4.438610492921026385, 15.00023706962932479, 12.44893217643853411 ) ) ;
#1172 = EDGE_CURVE ( 'NONE', #3276, #3648, #3944, .T. ) ;
#1173 = CARTESIAN_POINT ( 'NONE',  ( 5.458674403623430926, 14.19394719282158235, 4.460751714217543018 ) ) ;
#1174 = CARTESIAN_POINT ( 'NONE',  ( -4.108564548739472855, 15.19410275236192298, 12.11354263804852316 ) ) ;
#1175 = VECTOR ( 'NONE', #768, 1000.000000000000000 ) ;
#1176 = CARTESIAN_POINT ( 'NONE',  ( 4.448715617671171962, 14.99859319810294878, -12.65886667364297935 ) ) ;
#1177 = AXIS2_PLACEMENT_3D ( 'NONE', #3188, #2396, #1352 ) ;
#1178 = FACE_OUTER_BOUND ( 'NONE', #4110, .T. ) ;
#1179 = CARTESIAN_POINT ( 'NONE',  ( -8.673617379884035472E-16, 7.750000000000000000, 6.198889074756477768 ) ) ;
#1180 = CARTESIAN_POINT ( 'NONE',  ( -0.8095857627101979981, 16.21357050570466640, 13.87492429762691692 ) ) ;
#1181 = CARTESIAN_POINT ( 'NONE',  ( -3.554720797836837587, 15.20251387630873552, -12.68185262568681182 ) ) ;
#1182 = ORIENTED_EDGE ( 'NONE', *, *, #4591, .T. ) ;
#1183 = B_SPLINE_CURVE_WITH_KNOTS ( 'NONE', 3,
 ( #3770, #4573, #4226, #3942 ),
 .UNSPECIFIED., .F., .F.,
 ( 4, 4 ),
 ( 0.000000000000000000, 0.01319888907475648236 ),
 .UNSPECIFIED. ) ;
#1184 = PLANE ( 'NONE',  #2929 ) ;
#1185 = ORIENTED_EDGE ( 'NONE', *, *, #853, .F. ) ;
#1186 = ADVANCED_FACE ( 'NONE', ( #3326, #3784 ), #1030, .F. ) ;
#1187 = CARTESIAN_POINT ( 'NONE',  ( 7.499999999999996447, 3.985714285714056171, 10.99355100243642980 ) ) ;
#1188 = VERTEX_POINT ( 'NONE', #4340 ) ;
#1189 = AXIS2_PLACEMENT_3D ( 'NONE', #2696, #3302, #2675 ) ;
#1190 = EDGE_LOOP ( 'NONE', ( #1837, #2237, #3336, #2606 ) ) ;
#1191 = CARTESIAN_POINT ( 'NONE',  ( 4.166088397797977905, 13.39463514263479738, -10.57975120439659200 ) ) ;
#1192 = CARTESIAN_POINT ( 'NONE',  ( 0.1024123273639923337, 15.24926691112020549, 13.95221258077615012 ) ) ;
#1193 = CARTESIAN_POINT ( 'NONE',  ( 6.617776108021312886, 12.84482682907745854, 6.033633329573008908 ) ) ;
#1194 = CIRCLE ( 'NONE', #3832, 0.5000000000000004441 ) ;
#1195 = CARTESIAN_POINT ( 'NONE',  ( -4.561489209365645614, 13.05999516952202200, -9.692800148610835720 ) ) ;
#1196 = CARTESIAN_POINT ( 'NONE',  ( 5.580569801055567325, 14.16294308271158187, -8.903986720448379799 ) ) ;
#1197 = ORIENTED_EDGE ( 'NONE', *, *, #1200, .F. ) ;
#1198 = LINE ( 'NONE', #3242, #3593 ) ;
#1199 = AXIS2_PLACEMENT_3D ( 'NONE', #2954, #708, #2186 ) ;
#1200 = EDGE_CURVE ( 'NONE', #3907, #3013, #814, .T. ) ;
#1201 = CARTESIAN_POINT ( 'NONE',  ( 5.179715807928209514, 14.17535654045708071, 4.429587663175365009 ) ) ;
#1202 = CARTESIAN_POINT ( 'NONE',  ( -2.909910294941004505, 14.11656068802712127, 12.69953776601011697 ) ) ;
#1203 = CARTESIAN_POINT ( 'NONE',  ( 5.277125638901665639, 14.41347844532018030, -11.22982147583851109 ) ) ;
#1204 = LINE ( 'NONE', #3723, #42 ) ;
#1205 = CARTESIAN_POINT ( 'NONE',  ( -15.75000000000000355, 1.500000000000000000, -4.977178131738738465 ) ) ;
#1206 = CARTESIAN_POINT ( 'NONE',  ( -4.430535027444491902, 14.39596052031878060, 11.07545338647688737 ) ) ;
#1207 = CARTESIAN_POINT ( 'NONE',  ( -3.858764112570875149, 15.32546289767875791, -12.92006125242957815 ) ) ;
#1208 = ORIENTED_EDGE ( 'NONE', *, *, #1104, .T. ) ;
#1209 = CARTESIAN_POINT ( 'NONE',  ( 10.49999999999999645, -2.393918396847993790E-13, -19.25000000000000000 ) ) ;
#1210 = DIRECTION ( 'NONE',  ( -1.000000000000000000, 0.000000000000000000, 0.000000000000000000 ) ) ;
#1211 = DIRECTION ( 'NONE',  ( -0.000000000000000000, -0.2373321103690192724, -0.9714285714285882944 ) ) ;
#1212 =( LENGTH_UNIT ( ) NAMED_UNIT ( * ) SI_UNIT ( .MILLI., .METRE. ) );
#1213 = ORIENTED_EDGE ( 'NONE', *, *, #3792, .F. ) ;
#1214 = CARTESIAN_POINT ( 'NONE',  ( 3.585667471194948774, 13.77652829760886100, -12.02119841996462135 ) ) ;
#1215 = ORIENTED_EDGE ( 'NONE', *, *, #1253, .F. ) ;
#1216 = FACE_OUTER_BOUND ( 'NONE', #571, .T. ) ;
#1217 = CARTESIAN_POINT ( 'NONE',  ( -4.003346998775106691, 15.07874459962963343, -12.38368600255575025 ) ) ;
#1218 = AXIS2_PLACEMENT_3D ( 'NONE', #1528, #883, #2315 ) ;
#1219 = DIRECTION ( 'NONE',  ( -1.000000000000000000, 0.000000000000000000, 0.000000000000000000 ) ) ;
#1220 = DIRECTION ( 'NONE',  ( 1.000000000000000000, -1.848892746611746419E-31, 0.000000000000000000 ) ) ;
#1221 = ADVANCED_FACE ( 'NONE', ( #154 ), #3025, .T. ) ;
#1222 = CARTESIAN_POINT ( 'NONE',  ( -4.680240638040404910, 14.22041867224556277, -10.33006865586261647 ) ) ;
#1223 = ORIENTED_EDGE ( 'NONE', *, *, #4111, .F. ) ;
#1224 = CARTESIAN_POINT ( 'NONE',  ( 5.648287549357108972, 14.10201563324480567, -9.402268345000141636 ) ) ;
#1225 = CARTESIAN_POINT ( 'NONE',  ( 5.697421935463127696, 14.05789306379227277, 4.412649598525288930 ) ) ;
#1226 = CARTESIAN_POINT ( 'NONE',  ( -4.618038477514827989, 14.88620560770357848, 11.28663062023992225 ) ) ;
#1227 = CARTESIAN_POINT ( 'NONE',  ( 4.626286935870551176, 14.25439046580382296, -10.92747564235715885 ) ) ;
#1228 = CARTESIAN_POINT ( 'NONE',  ( -0.6535725726078612796, 14.72728396882880730, 14.39175669387645584 ) ) ;
#1229 = CARTESIAN_POINT ( 'NONE',  ( 5.882311395957883882, 13.88866100294408312, 5.744738828332135228 ) ) ;
#1230 = CARTESIAN_POINT ( 'NONE',  ( -3.217520550130396284, 15.62430218230847068, 12.95628789639188128 ) ) ;
#1231 = CARTESIAN_POINT ( 'NONE',  ( 0.8077860485981737115, 16.07049223423841511, -14.11786404773290293 ) ) ;
#1232 = VERTEX_POINT ( 'NONE', #2313 ) ;
#1233 = DIRECTION ( 'NONE',  ( 0.000000000000000000, -1.000000000000000000, 0.000000000000000000 ) ) ;
#1234 = CARTESIAN_POINT ( 'NONE',  ( 15.74999999999993783, 1.499999999999763745, 13.02003210281144341 ) ) ;
#1235 = LINE ( 'NONE', #4115, #4655 ) ;
#1236 = ORIENTED_EDGE ( 'NONE', *, *, #1172, .T. ) ;
#1237 = CARTESIAN_POINT ( 'NONE',  ( 3.252666425170994469, 14.50357849394390541, -12.74330833414131803 ) ) ;
#1238 = ORIENTED_EDGE ( 'NONE', *, *, #423, .T. ) ;
#1239 = CARTESIAN_POINT ( 'NONE',  ( 8.499999999999996447, 3.499999999999761080, 9.035561091891988639 ) ) ;
#1240 = CARTESIAN_POINT ( 'NONE',  ( -4.282702614884954073, 14.80680873713104617, -11.78531401274276647 ) ) ;
#1241 = DIRECTION ( 'NONE',  ( 1.000000000000000000, 0.000000000000000000, 0.000000000000000000 ) ) ;
#1242 = CARTESIAN_POINT ( 'NONE',  ( 4.495237469499716809, 14.35347531353308526, -11.27082746730771312 ) ) ;
#1243 = DIRECTION ( 'NONE',  ( 1.000000000000000000, 0.000000000000000000, 0.000000000000000000 ) ) ;
#1244 = EDGE_CURVE ( 'NONE', #2016, #1826, #1335, .T. ) ;
#1245 = CARTESIAN_POINT ( 'NONE',  ( 5.592180934851612939, 14.07863461838829622, 4.988731567038676040 ) ) ;
#1246 = CIRCLE ( 'NONE', #341, 0.5000000000000004441 ) ;
#1247 = CARTESIAN_POINT ( 'NONE',  ( -4.669947125036745916, 14.85225466406041228, 11.17623296239548303 ) ) ;
#1248 = CARTESIAN_POINT ( 'NONE',  ( 5.130386480837198171, 14.52819427622192627, -11.29507176638112398 ) ) ;
#1249 = AXIS2_PLACEMENT_3D ( 'NONE', #27, #4379, #407 ) ;
#1250 = CARTESIAN_POINT ( 'NONE',  ( -3.227812646716949452, 13.96264485458532434, 13.03499860300434321 ) ) ;
#1251 = DIRECTION ( 'NONE',  ( -0.000000000000000000, 0.000000000000000000, -1.000000000000000000 ) ) ;
#1252 = CARTESIAN_POINT ( 'NONE',  ( -1.685816552310726912, 16.08423461032830915, 13.68815110191116169 ) ) ;
#1253 = EDGE_CURVE ( 'NONE', #1008, #3138, #174, .T. ) ;
#1254 = CARTESIAN_POINT ( 'NONE',  ( -1.495375136997651344, 16.12646784978958436, -14.33481082644359006 ) ) ;
#1255 = EDGE_CURVE ( 'NONE', #2171, #2171, #4344, .T. ) ;
#1256 = CARTESIAN_POINT ( 'NONE',  ( -16.25000000000000355, 1.000000000000000000, -4.977178131738738465 ) ) ;
#1257 = VERTEX_POINT ( 'NONE', #305 ) ;
#1258 = DIRECTION ( 'NONE',  ( -1.000000000000000000, 0.000000000000000000, 0.000000000000000000 ) ) ;
#1259 = AXIS2_PLACEMENT_3D ( 'NONE', #4043, #3258, #2887 ) ;
#1260 = CARTESIAN_POINT ( 'NONE',  ( 8.499999999999996447, 7.749999999999764633, 18.75000000000000000 ) ) ;
#1261 = ORIENTED_EDGE ( 'NONE', *, *, #482, .F. ) ;
#1262 = CARTESIAN_POINT ( 'NONE',  ( 8.499999999999996447, 7.749999999999764633, 19.25000000000000000 ) ) ;
#1263 = VERTEX_POINT ( 'NONE', #3154 ) ;
#1264 = FACE_BOUND ( 'NONE', #4233, .T. ) ;
#1265 = CARTESIAN_POINT ( 'NONE',  ( -4.828122770424964294, 14.75017812134193740, -11.67436426837100427 ) ) ;
#1266 = CARTESIAN_POINT ( 'NONE',  ( -15.75000000000000000, 1.499999999999763745, -13.02003210281144341 ) ) ;
#1267 = CIRCLE ( 'NONE', #3143, 0.5000000000000004441 ) ;
#1268 = CARTESIAN_POINT ( 'NONE',  ( -15.75000000000000000, 0.000000000000000000, 13.02003210281144341 ) ) ;
#1269 = CARTESIAN_POINT ( 'NONE',  ( 5.168152827724878939, 14.18454841105828024, -8.875840919142540031 ) ) ;
#1270 = CYLINDRICAL_SURFACE ( 'NONE', #3073, 2.249999999999998668 ) ;
#1271 = CARTESIAN_POINT ( 'NONE',  ( 5.175787015533181545, 13.82925542428869115, 5.222421949802373398 ) ) ;
#1272 = AXIS2_PLACEMENT_3D ( 'NONE', #3180, #3536, #1693 ) ;
#1273 = CARTESIAN_POINT ( 'NONE',  ( -2.974418950822045549, 14.08662948611459598, 12.62904253955113987 ) ) ;
#1274 = CARTESIAN_POINT ( 'NONE',  ( 4.656628198328557566, 14.39997032018293233, -11.05386370627234527 ) ) ;
#1275 = CIRCLE ( 'NONE', #4431, 2.249999999999998668 ) ;
#1276 = CARTESIAN_POINT ( 'NONE',  ( -4.815137773779231800, 14.11909786798762667, 9.000000000000001776 ) ) ;
#1277 = CARTESIAN_POINT ( 'NONE',  ( -5.432832573848177304, 14.28858204876076243, -9.169553566549963008 ) ) ;
#1278 = CARTESIAN_POINT ( 'NONE',  ( -0.6924971337387983983, 16.22397206478537512, 14.39531571284754818 ) ) ;
#1279 = AXIS2_PLACEMENT_3D ( 'NONE', #2874, #776, #1075 ) ;
#1280 = CARTESIAN_POINT ( 'NONE',  ( -2.229776567371438034, 15.95232262591524730, -14.09514748946049245 ) ) ;
#1281 = LINE ( 'NONE', #2846, #519 ) ;
#1282 = DIRECTION ( 'NONE',  ( -6.419766481290786633E-33, 1.000000000000000000, 0.000000000000000000 ) ) ;
#1283 = CARTESIAN_POINT ( 'NONE',  ( -16.25000000000000000, 1.000000000000000000, -19.25000000000000000 ) ) ;
#1284 =( NAMED_UNIT ( * ) SI_UNIT ( $, .STERADIAN. ) SOLID_ANGLE_UNIT ( ) );
#1285 = PRODUCT_DEFINITION_CONTEXT ( 'detailed design', #2739, 'design' ) ;
#1286 = ORIENTED_EDGE ( 'NONE', *, *, #3792, .T. ) ;
#1287 = CARTESIAN_POINT ( 'NONE',  ( 5.674661049597926166, 14.07836645368898942, -8.688490976481288541 ) ) ;
#1288 = EDGE_LOOP ( 'NONE', ( #1756, #4548, #2583, #4408 ) ) ;
#1289 = ADVANCED_FACE ( 'NONE', ( #3071 ), #1424, .F. ) ;
#1290 = LINE ( 'NONE', #3054, #1999 ) ;
#1291 = CARTESIAN_POINT ( 'NONE',  ( -4.195918218335874528, 14.85967584863830382, -11.92443020244635221 ) ) ;
#1292 = CARTESIAN_POINT ( 'NONE',  ( 4.729237067655509996, 12.91121286184748840, 4.574254320365117366 ) ) ;
#1293 = FACE_OUTER_BOUND ( 'NONE', #4085, .T. ) ;
#1294 = CARTESIAN_POINT ( 'NONE',  ( -5.539818601336365944, 14.19673637310287262, 9.021944491933345134 ) ) ;
#1295 = CARTESIAN_POINT ( 'NONE',  ( -4.806761484645369009, 14.12544166543360546, -9.337497640235273622 ) ) ;
#1296 = LINE ( 'NONE', #4149, #3674 ) ;
#1297 = CARTESIAN_POINT ( 'NONE',  ( 5.390311609159147643, 14.00194466551887373, 5.200172847534111575 ) ) ;
#1298 = AXIS2_PLACEMENT_3D ( 'NONE', #4015, #786, #3562 ) ;
#1299 = CARTESIAN_POINT ( 'NONE',  ( 4.872788789844538115, 14.52970043071683293, -11.19319540353769149 ) ) ;
#1300 = CARTESIAN_POINT ( 'NONE',  ( -5.292549738235285517, 14.33105530825145557, -9.119873400122958884 ) ) ;
#1301 = CARTESIAN_POINT ( 'NONE',  ( -5.104275333658182312, 14.56728788738243274, 9.364832471316388407 ) ) ;
#1302 = CARTESIAN_POINT ( 'NONE',  ( -0.6700200106922856724, 16.08269491142451457, -14.11385271509508321 ) ) ;
#1303 = DIRECTION ( 'NONE',  ( -0.000000000000000000, 0.000000000000000000, -1.000000000000000000 ) ) ;
#1304 =( NAMED_UNIT ( * ) SI_UNIT ( $, .STERADIAN. ) SOLID_ANGLE_UNIT ( ) );
#1305 = ORIENTED_EDGE ( 'NONE', *, *, #1597, .T. ) ;
#1306 = FACE_OUTER_BOUND ( 'NONE', #2561, .T. ) ;
#1307 = VERTEX_POINT ( 'NONE', #4586 ) ;
#1308 = CARTESIAN_POINT ( 'NONE',  ( -3.996278284289144889, 13.49788704994273481, 11.86736837654276044 ) ) ;
#1309 = CARTESIAN_POINT ( 'NONE',  ( 4.706287315927372816, 12.93180049141201771, 4.388088207584099010 ) ) ;
#1310 = DIRECTION ( 'NONE',  ( -5.053215498074302889E-16, -1.000000000000000000, 0.000000000000000000 ) ) ;
#1311 = EDGE_CURVE ( 'NONE', #733, #1776, #4347, .T. ) ;
#1312 = CARTESIAN_POINT ( 'NONE',  ( -4.145910899539108740, 13.98450778333174505, -11.15202728088099882 ) ) ;
#1313 = ORIENTED_EDGE ( 'NONE', *, *, #3619, .F. ) ;
#1315 = EDGE_CURVE ( 'NONE', #61, #1110, #585, .T. ) ;
#1314 = CARTESIAN_POINT ( 'NONE',  ( -16.25000000000000000, 1.000000000000000000, 19.25000000000000000 ) ) ;
#1316 = CARTESIAN_POINT ( 'NONE',  ( 5.794214215781035016, 13.76309387871555678, 5.556956385605728244 ) ) ;
#1317 = EDGE_CURVE ( 'NONE', #3964, #3401, #1281, .T. ) ;
#1318 = CARTESIAN_POINT ( 'NONE',  ( 5.271858868041064738, 14.34782415567964442, -10.32613421107126506 ) ) ;
#1319 = ORIENTED_EDGE ( 'NONE', *, *, #2599, .F. ) ;
#1320 = AXIS2_PLACEMENT_3D ( 'NONE', #121, #2715, #830 ) ;
#1321 = CARTESIAN_POINT ( 'NONE',  ( -5.543525933313881104, 14.19354872928546740, 8.969722967883599907 ) ) ;
#1322 = CARTESIAN_POINT ( 'NONE',  ( -1.737258286656766737, 15.92580377039097250, -13.89144519825435609 ) ) ;
#1323 = CARTESIAN_POINT ( 'NONE',  ( 8.478751105297446244, 3.875180047192890775, 9.760436478557293682 ) ) ;
#1324 = CARTESIAN_POINT ( 'NONE',  ( 6.986293862795927012, 3.909938905950335553, 9.464384807240515229 ) ) ;
#1325 = ORIENTED_EDGE ( 'NONE', *, *, #2723, .F. ) ;
#1326 = CIRCLE ( 'NONE', #3280, 6.999999999999999112 ) ;
#1327 = CARTESIAN_POINT ( 'NONE',  ( 5.674661049545633773, 14.07836645373587814, -4.021824309814622467 ) ) ;
#1328 = CARTESIAN_POINT ( 'NONE',  ( -1.076676049244446709, 14.66861719023193444, 14.29839316905799329 ) ) ;
#1329 = CARTESIAN_POINT ( 'NONE',  ( 4.612002903664378373, 14.89057230749181393, -11.59903509144320388 ) ) ;
#1330 = CARTESIAN_POINT ( 'NONE',  ( -5.022601247509679290, 14.29874758248417699, -8.935708772315525295 ) ) ;
#1331 = DIRECTION ( 'NONE',  ( -0.9462181142438471637, 0.000000000000000000, -0.3235294117647079526 ) ) ;
#1332 = EDGE_LOOP ( 'NONE', ( #758, #3708, #2021, #1122 ) ) ;
#1333 = CARTESIAN_POINT ( 'NONE',  ( -4.714381177049678406, 13.98582470830558755, -9.000000000000001776 ) ) ;
#1334 = CARTESIAN_POINT ( 'NONE',  ( 6.532098906338475786, 13.18995149251577104, 5.606204603077332038 ) ) ;
#1335 = CIRCLE ( 'NONE', #4422, 2.500000000000000444 ) ;
#1336 = CARTESIAN_POINT ( 'NONE',  ( 5.442498753989383431, 14.28057149173999285, -10.17930435277766499 ) ) ;
#1337 = VERTEX_POINT ( 'NONE', #352 ) ;
#1338 = CARTESIAN_POINT ( 'NONE',  ( -5.538042135871182658, 14.19826275959639261, -9.127785517771316748 ) ) ;
#1339 = CARTESIAN_POINT ( 'NONE',  ( 0.02999827134233739451, 15.58326096161489005, 13.94888907475647777 ) ) ;
#1340 = COLOUR_RGB ( '',0.7921568627450980005, 0.8196078431372548767, 0.9333333333333333481 ) ;
#1341 = CARTESIAN_POINT ( 'NONE',  ( 1.164798481450226131, 16.02013251439726105, -14.05773871365940586 ) ) ;
#1342 = ORIENTED_EDGE ( 'NONE', *, *, #4324, .T. ) ;
#1343 = DIRECTION ( 'NONE',  ( 0.000000000000000000, 1.000000000000000000, 0.000000000000000000 ) ) ;
#1344 = CIRCLE ( 'NONE', #2331, 0.5000000000000000000 ) ;
#1345 = CARTESIAN_POINT ( 'NONE',  ( 4.948490572002318011, 14.01602608934898520, 4.198889074756483097 ) ) ;
#1346 = ORIENTED_EDGE ( 'NONE', *, *, #3412, .T. ) ;
#1347 = DIRECTION ( 'NONE',  ( -6.419766481290786633E-33, 1.000000000000000000, 0.000000000000000000 ) ) ;
#1348 = CARTESIAN_POINT ( 'NONE',  ( -2.554010523925939857, 14.27488767820469917, 13.03807861111201838 ) ) ;
#1349 = FACE_OUTER_BOUND ( 'NONE', #4368, .T. ) ;
#1350 = DIRECTION ( 'NONE',  ( 1.000000000000000000, -1.442414296612149001E-14, 0.000000000000000000 ) ) ;
#1351 = CARTESIAN_POINT ( 'NONE',  ( -4.812613665620397718, 14.11471492735056543, -8.935340011487355127 ) ) ;
#1352 = DIRECTION ( 'NONE',  ( -1.000000000000000000, 0.000000000000000000, 0.000000000000000000 ) ) ;
#1353 = CARTESIAN_POINT ( 'NONE',  ( 5.163083796670989045, 14.19266858209166315, 4.197404975139818362 ) ) ;
#1354 = CARTESIAN_POINT ( 'NONE',  ( 6.235633316323050401, 12.96238583203154704, 6.120429854395970537 ) ) ;
#1355 = CARTESIAN_POINT ( 'NONE',  ( 5.137935007390903586, 14.33063199471753002, -10.30471748453405567 ) ) ;
#1356 = ORIENTED_EDGE ( 'NONE', *, *, #760, .T. ) ;
#1357 = CARTESIAN_POINT ( 'NONE',  ( -2.757615195149394793, 14.71973262108207336, 13.01891628219836150 ) ) ;
#1358 = CARTESIAN_POINT ( 'NONE',  ( -5.430093583991165929, 14.29085612378966985, -9.261030981719622801 ) ) ;
#1359 = CARTESIAN_POINT ( 'NONE',  ( 3.319690283211927717, 15.31558610975497992, -13.03642393133893407 ) ) ;
#1360 = VERTEX_POINT ( 'NONE', #3194 ) ;
#1361 = CARTESIAN_POINT ( 'NONE',  ( -4.512972009675256579, 13.71941598673109475, 9.000000000000001776 ) ) ;
#1362 = PRESENTATION_STYLE_ASSIGNMENT (( #3848 ) ) ;
#1363 = FACE_OUTER_BOUND ( 'NONE', #4291, .T. ) ;
#1364 = VERTEX_POINT ( 'NONE', #3931 ) ;
#1365 = CARTESIAN_POINT ( 'NONE',  ( 4.637213319216334284, 13.62344711888449922, 4.184384834928232877 ) ) ;
#1366 = CARTESIAN_POINT ( 'NONE',  ( -3.900929343059543974, 13.57834486225459614, 11.04456208922596794 ) ) ;
#1367 = CARTESIAN_POINT ( 'NONE',  ( -3.938825467947355108, 15.28257161235825023, -12.32037102220702884 ) ) ;
#1368 = CARTESIAN_POINT ( 'NONE',  ( -4.221466968153902322, 13.33383529814280166, 9.000000000000001776 ) ) ;
#1369 = DIRECTION ( 'NONE',  ( 1.000000000000000000, -1.734723475976805517E-15, 0.000000000000000000 ) ) ;
#1370 = CARTESIAN_POINT ( 'NONE',  ( 4.441517792627026395, 13.77510429343090692, -10.60013119821192973 ) ) ;
#1371 = CARTESIAN_POINT ( 'NONE',  ( 6.999999999999993783, 7.749999999999765521, 19.25000000000000000 ) ) ;
#1372 = CARTESIAN_POINT ( 'NONE',  ( -8.499999999999998224, 3.499999999999998668, 19.25000000000000000 ) ) ;
#1373 = CARTESIAN_POINT ( 'NONE',  ( 6.345899163529532316, 13.03571206898881663, 6.068785178505563316 ) ) ;
#1374 = CARTESIAN_POINT ( 'NONE',  ( 4.906667815342932393, 14.21585464765541929, -10.10381975020317924 ) ) ;
#1375 = ORIENTED_EDGE ( 'NONE', *, *, #679, .F. ) ;
#1376 = CARTESIAN_POINT ( 'NONE',  ( -4.110367304008822664, 14.00766131115803148, 11.18898433697460248 ) ) ;
#1377 = CARTESIAN_POINT ( 'NONE',  ( -5.333336562752595711, 14.37001400649278615, -10.16066872118760855 ) ) ;
#1378 = CARTESIAN_POINT ( 'NONE',  ( -4.813880656997758578, 14.12012858195357801, 9.018469834003422392 ) ) ;
#1379 = CARTESIAN_POINT ( 'NONE',  ( 3.871102606070163876, 15.32307468960290286, -13.06729461320950669 ) ) ;
#1380 = B_SPLINE_CURVE_WITH_KNOTS ( 'NONE', 3,
 ( #2697, #486, #3399, #3376, #221, #2362 ),
 .UNSPECIFIED., .F., .F.,
 ( 4, 2, 4 ),
 ( 0.000000000000000000, 0.5000000000000000000, 1.000000000000000000 ),
 .UNSPECIFIED. ) ;
#1381 = CARTESIAN_POINT ( 'NONE',  ( 16.24999999999992539, -4.527628272299466516E-13, 4.977178131738736688 ) ) ;
#1382 = FACE_OUTER_BOUND ( 'NONE', #290, .T. ) ;
#1383 = CARTESIAN_POINT ( 'NONE',  ( -7.999999999999998224, 3.499999999999998224, 18.75000000000000000 ) ) ;
#1384 = AXIS2_PLACEMENT_3D ( 'NONE', #3749, #67, #718 ) ;
#1385 = ORIENTED_EDGE ( 'NONE', *, *, #4458, .T. ) ;
#1386 = CARTESIAN_POINT ( 'NONE',  ( 6.999999999999999112, 1.499999999999763745, 18.75000000000000000 ) ) ;
#1387 = CARTESIAN_POINT ( 'NONE',  ( -4.188732562182657659, 13.35854302030752194, 11.39860502703270306 ) ) ;
#1388 = EDGE_CURVE ( 'NONE', #1530, #1530, #1109, .T. ) ;
#1389 = CARTESIAN_POINT ( 'NONE',  ( -4.479879088098639883, 13.15604740790612759, -8.999957998292643424 ) ) ;
#1390 = CYLINDRICAL_SURFACE ( 'NONE', #3528, 0.5000000000000004441 ) ;
#1391 = CARTESIAN_POINT ( 'NONE',  ( 10.49999999999999645, 3.499999999999761080, -18.74999999999999645 ) ) ;
#1392 = TOROIDAL_SURFACE ( 'NONE', #4189, 2.500000000000000000, 0.5000000000000000000 ) ;
#1393 = CARTESIAN_POINT ( 'NONE',  ( -3.432486542600938773, 15.25995254697283876, -12.79557143305275169 ) ) ;
#1394 = CARTESIAN_POINT ( 'NONE',  ( -4.512618479505355218, 13.71961738032176115, -9.068699226813178527 ) ) ;
#1395 = CIRCLE ( 'NONE', #1177, 8.500000000000000000 ) ;
#1396 = DIRECTION ( 'NONE',  ( 0.000000000000000000, 0.000000000000000000, 1.000000000000000000 ) ) ;
#1397 = CARTESIAN_POINT ( 'NONE',  ( 6.074522593527894365, 13.14720740842255076, 6.049408212918645944 ) ) ;
#1398 = CARTESIAN_POINT ( 'NONE',  ( 4.930310414380149275, 14.36919219848677542, -10.61285246680651007 ) ) ;
#1399 = ORIENTED_EDGE ( 'NONE', *, *, #306, .T. ) ;
#1400 = CARTESIAN_POINT ( 'NONE',  ( -0.1306356286394676769, 15.25048716878984578, 13.94170173781291311 ) ) ;
#1401 = CARTESIAN_POINT ( 'NONE',  ( -4.768246107315254001, 14.14850021925471069, -9.750652980786393087 ) ) ;
#1402 = CARTESIAN_POINT ( 'NONE',  ( 8.499999999999996447, 0.9999999999997636335, -18.75000000000000000 ) ) ;
#1403 = AXIS2_PLACEMENT_3D ( 'NONE', #695, #1773, #1047 ) ;
#1404 = CARTESIAN_POINT ( 'NONE',  ( 1.521810914302278661, 15.96977279455610521, -13.99761337958590879 ) ) ;
#1405 = DIRECTION ( 'NONE',  ( -1.465494392505206633E-14, -1.000000000000000000, -0.000000000000000000 ) ) ;
#1406 = CARTESIAN_POINT ( 'NONE',  ( 4.984833643962911509, 13.98160649982503934, 4.565903157346932417 ) ) ;
#1407 = CARTESIAN_POINT ( 'NONE',  ( 5.573905981027544421, 14.16871376011486561, -9.015906563304742605 ) ) ;
#1408 = AXIS2_PLACEMENT_3D ( 'NONE', #4082, #76, #122 ) ;
#1409 = ADVANCED_FACE ( 'NONE', ( #2090 ), #2720, .F. ) ;
#1410 = ORIENTED_EDGE ( 'NONE', *, *, #485, .T. ) ;
#1411 = CARTESIAN_POINT ( 'NONE',  ( 5.894011064419164114, 12.39295296690002246, 6.171494455729959583 ) ) ;
#1412 = TOROIDAL_SURFACE ( 'NONE', #974, 7.999999999999998224, 0.5000000000000000000 ) ;
#1413 = CARTESIAN_POINT ( 'NONE',  ( 4.694969904244373105, 12.94203790416051980, 3.532222408096885591 ) ) ;
#1414 = CARTESIAN_POINT ( 'NONE',  ( -3.696748649818371923, 15.40404228737248182, -12.57104630364308839 ) ) ;
#1415 = DIRECTION ( 'NONE',  ( -0.000000000000000000, -0.000000000000000000, -1.000000000000000000 ) ) ;
#1416 = CARTESIAN_POINT ( 'NONE',  ( -4.898052345795813167, 14.22871618217786427, 8.999624421481843939 ) ) ;
#1417 = CARTESIAN_POINT ( 'NONE',  ( -3.221529131282530045, 15.61585977858097785, -13.58561822146023168 ) ) ;
#1418 = CARTESIAN_POINT ( 'NONE',  ( -1.234339403504306487, 15.15358968730888023, -13.84179299931568075 ) ) ;
#1419 = ORIENTED_EDGE ( 'NONE', *, *, #3960, .T. ) ;
#1420 = CARTESIAN_POINT ( 'NONE',  ( 6.999999999999997335, -2.376571162088225719E-13, -19.25000000000000000 ) ) ;
#1421 = CARTESIAN_POINT ( 'NONE',  ( 6.509128252539507997, 13.21764435829674866, 5.733417901982823750 ) ) ;
#1422 = CARTESIAN_POINT ( 'NONE',  ( 5.646590734109111054, 14.10343674817326054, -9.380284947615995961 ) ) ;
#1423 = ORIENTED_EDGE ( 'NONE', *, *, #4613, .F. ) ;
#1424 = PLANE ( 'NONE',  #3825 ) ;
#1425 = CARTESIAN_POINT ( 'NONE',  ( -4.976549271321555779, 14.33401301569314157, -9.756495882627188365 ) ) ;
#1426 = CARTESIAN_POINT ( 'NONE',  ( 5.957365797213839187, 13.81335317740678548, 5.151075155449366783 ) ) ;
#1427 = CARTESIAN_POINT ( 'NONE',  ( 2.366410885886115700, 15.91395121979300242, -14.10983106892595451 ) ) ;
#1428 = DIRECTION ( 'NONE',  ( 1.848892746611746419E-31, 1.000000000000000000, 0.000000000000000000 ) ) ;
#1429 = DIRECTION ( 'NONE',  ( 3.357529308342207502E-16, 1.000000000000000000, 0.000000000000000000 ) ) ;
#1430 = VECTOR ( 'NONE', #2549, 1000.000000000000000 ) ;
#1431 = CARTESIAN_POINT ( 'NONE',  ( 16.24783825075126842, 1.261251900125899050, 19.19581096072304049 ) ) ;
#1432 = EDGE_LOOP ( 'NONE', ( #1615, #3173, #3129, #1385 ) ) ;
#1433 = CARTESIAN_POINT ( 'NONE',  ( -8.673617379884035472E-16, 7.750000000000000000, 5.698889074756477768 ) ) ;
#1434 = CARTESIAN_POINT ( 'NONE',  ( -4.182027867491501461, 13.38262085886177921, 9.617864457430348679 ) ) ;
#1435 = CARTESIAN_POINT ( 'NONE',  ( 17.77205882352933486, -4.754570919980196629E-13, -7.106168888787394167 ) ) ;
#1436 = ORIENTED_EDGE ( 'NONE', *, *, #760, .F. ) ;
#1437 = CARTESIAN_POINT ( 'NONE',  ( 2.650085033878410989, 14.76216604275379218, -13.24361441057164512 ) ) ;
#1438 = DIRECTION ( 'NONE',  ( 1.000000000000000000, -9.860761315262647568E-32, 0.000000000000000000 ) ) ;
#1439 = CARTESIAN_POINT ( 'NONE',  ( 6.843628104213215657, 12.79140743423126736, 5.831990712888655004 ) ) ;
#1440 = EDGE_CURVE ( 'NONE', #4182, #505, #3278, .T. ) ;
#1441 = DIRECTION ( 'NONE',  ( -1.000000000000000000, 0.000000000000000000, 0.000000000000000000 ) ) ;
#1442 = EDGE_CURVE ( 'NONE', #4447, #1170, #2045, .T. ) ;
#1443 = CARTESIAN_POINT ( 'NONE',  ( 5.567495012659454012, 14.17429772377258068, -9.089434134182658553 ) ) ;
#1444 = VERTEX_POINT ( 'NONE', #3598 ) ;
#1445 = CARTESIAN_POINT ( 'NONE',  ( -4.855332561185292661, 14.73085636192772441, -11.86887860041958120 ) ) ;
#1446 = CARTESIAN_POINT ( 'NONE',  ( -4.587166614638995554, 14.44762294466791097, -10.88228378542099506 ) ) ;
#1447 = EDGE_CURVE ( 'NONE', #1107, #1307, #4327, .T. ) ;
#1448 = CARTESIAN_POINT ( 'NONE',  ( 5.861369394754047057, 13.90620076134809047, 4.986421918553639365 ) ) ;
#1449 = ADVANCED_FACE ( 'NONE', ( #4421 ), #3974, .T. ) ;
#1450 = CARTESIAN_POINT ( 'NONE',  ( -4.815102368315804959, 14.11905103647989357, -9.000000000000001776 ) ) ;
#1451 = CYLINDRICAL_SURFACE ( 'NONE', #2543, 0.5000000000000004441 ) ;
#1452 = CARTESIAN_POINT ( 'NONE',  ( 7.499999999999996447, 7.749999999999834799, 10.07388907475647777 ) ) ;
#1453 = CARTESIAN_POINT ( 'NONE',  ( -4.505548231878550247, 13.72503360927523630, -9.326631092099624709 ) ) ;
#1454 = VERTEX_POINT ( 'NONE', #3673 ) ;
#1455 = EDGE_CURVE ( 'NONE', #2054, #2469, #1198, .T. ) ;
#1456 = PLANE ( 'NONE',  #4490 ) ;
#1457 = ORIENTED_EDGE ( 'NONE', *, *, #4061, .F. ) ;
#1458 = CARTESIAN_POINT ( 'NONE',  ( 7.999999999999996447, 7.749999999999827693, 10.07388907475647777 ) ) ;
#1459 = AXIS2_PLACEMENT_3D ( 'NONE', #1465, #2915, #3595 ) ;
#1460 = CARTESIAN_POINT ( 'NONE',  ( 5.203988796488529189, 14.47124710665110037, -9.876597043814191679 ) ) ;
#1461 = DIRECTION ( 'NONE',  ( 1.000000000000000000, 2.891205793294666986E-16, 0.000000000000000000 ) ) ;
#1462 = CARTESIAN_POINT ( 'NONE',  ( 2.816180268902550132, 14.17071310295176900, -12.97038207797312204 ) ) ;
#1463 = CARTESIAN_POINT ( 'NONE',  ( 7.499999999999996447, 7.749999999999834799, 10.07388907475647777 ) ) ;
#1464 = CARTESIAN_POINT ( 'NONE',  ( 6.625871573470768716, 12.67918286501759439, 6.145968877955028553 ) ) ;
#1465 = CARTESIAN_POINT ( 'NONE',  ( -8.673617379884035472E-16, 7.750000000000000000, 13.94888907475647777 ) ) ;
#1466 = EDGE_CURVE ( 'NONE', #1008, #3787, #1267, .T. ) ;
#1467 = CARTESIAN_POINT ( 'NONE',  ( 5.003698071831774286, 14.14062651571280327, -9.322524660711534850 ) ) ;
#1468 = ORIENTED_EDGE ( 'NONE', *, *, #2085, .F. ) ;
#1469 = CARTESIAN_POINT ( 'NONE',  ( 16.23503453076235203, 1.499999999999763745, -18.88139053462072070 ) ) ;
#1470 = AXIS2_PLACEMENT_3D ( 'NONE', #2270, #135, #2682 ) ;
#1471 = CARTESIAN_POINT ( 'NONE',  ( -5.419452709600544260, 14.29966752152233944, -9.442838104363254104 ) ) ;
#1472 = DIRECTION ( 'NONE',  ( 0.7976907568775429835, 0.6030667097362718554, 0.000000000000000000 ) ) ;
#1473 = CARTESIAN_POINT ( 'NONE',  ( 4.457383544107321072, 14.53670588883182369, -11.49896054271854773 ) ) ;
#1474 = CARTESIAN_POINT ( 'NONE',  ( -4.564363681833297548, 13.05728577591600548, 9.363253001225983141 ) ) ;
#1475 = CARTESIAN_POINT ( 'NONE',  ( 16.24999999999992539, -4.527628272299466516E-13, 19.25000000000000000 ) ) ;
#1476 = DIRECTION ( 'NONE',  ( -6.419766481290786633E-33, 1.000000000000000000, -0.000000000000000000 ) ) ;
#1477 = EDGE_LOOP ( 'NONE', ( #1846, #4486, #310, #1891 ) ) ;
#1478 = FACE_OUTER_BOUND ( 'NONE', #1984, .T. ) ;
#1479 = ORIENTED_EDGE ( 'NONE', *, *, #584, .T. ) ;
#1480 = DIRECTION ( 'NONE',  ( 1.000000000000000000, -9.860761315262647568E-32, 0.000000000000000000 ) ) ;
#1481 = AXIS2_PLACEMENT_3D ( 'NONE', #2451, #4618, #570 ) ;
#1482 = CARTESIAN_POINT ( 'NONE',  ( -3.057410481596037233, 14.04701893162348547, -12.55564968562748795 ) ) ;
#1483 = LINE ( 'NONE', #2241, #3457 ) ;
#1484 = AXIS2_PLACEMENT_3D ( 'NONE', #4135, #862, #908 ) ;
#1485 = CARTESIAN_POINT ( 'NONE',  ( -2.390681204803181803, 14.85540624296614531, -13.31669246404867479 ) ) ;
#1486 = CARTESIAN_POINT ( 'NONE',  ( 7.003048283695576082, 3.353956378732347421, 9.903503815840590363 ) ) ;
#1487 = CARTESIAN_POINT ( 'NONE',  ( 6.629314113043008660, 12.98265510228276298, 5.923098492748583688 ) ) ;
#1488 = CARTESIAN_POINT ( 'NONE',  ( 10.49999999999999822, 0.9999999999997636335, -18.75000000000000000 ) ) ;
#1489 = CARTESIAN_POINT ( 'NONE',  ( 5.654685481687983462, 14.09622940664695534, -9.287653436436480447 ) ) ;
#1490 = VERTEX_POINT ( 'NONE', #1517 ) ;
#1491 = CIRCLE ( 'NONE', #2098, 4.000000000000000000 ) ;
#1492 = CARTESIAN_POINT ( 'NONE',  ( -3.426904009171239718, 15.53013134974569986, -13.44674624962760490 ) ) ;
#1493 = CARTESIAN_POINT ( 'NONE',  ( 5.572616158953465515, 14.16985984396065490, 4.184231472963742426 ) ) ;
#1494 = FACE_OUTER_BOUND ( 'NONE', #2027, .T. ) ;
#1495 = CARTESIAN_POINT ( 'NONE',  ( 4.142684811533669631, 15.00478985838031676, -12.41145915047581205 ) ) ;
#1496 = CARTESIAN_POINT ( 'NONE',  ( 10.49999999999999645, 3.499999999999761080, 19.25000000000000000 ) ) ;
#1497 = B_SPLINE_SURFACE_WITH_KNOTS ( 'NONE', 1, 3, ( 
 ( #2713, #1569, #1594, #3340, #2333, #4400, #187, #2689, #543, #144, #4102, #852, #118, #521, #3040, #1900, #4424, #499, #1174, #3413, #875, #474, #1226, #1247, #3747, #802, #3777, #3316, #1921, #2228, #1948, #2665, #2614, #4078, #1542, #2305 ),
 ( #452, #4052, #3016, #3367, #4476, #3063, #3391, #4451, #1619, #4126, #1202, #896, #3676, #1273, #1878, #95, #1519, #826, #2973, #2255, #2639, #3898, #3587, #3517, #4646, #1748, #1020, #3920, #3185, #1724, #668, #2838, #4574, #319, #4624, #1368 ) ),
 .UNSPECIFIED., .F., .F., .F.,
 ( 2, 2 ),
 ( 4, 2, 2, 2, 2, 2, 2, 2, 2, 2, 2, 2, 2, 2, 2, 2, 2, 4 ),
 ( 0.000000000000000000, 1.000000000000000000 ),
 ( 0.000000000000000000, 0.2500000000000000000, 0.3750000000000000000, 0.4375000000000000000, 0.4687500000000000000, 0.4843750000000000000, 0.4921875000000000000, 0.4960937500000000000, 0.5000000000000000000, 0.6250000000000000000, 0.6875000000000000000, 0.7187500000000000000, 0.7343750000000000000, 0.7421875000000000000, 0.7460937500000000000, 0.7480468750000000000, 0.7500000000000000000, 1.000000000000000000 ),
 .UNSPECIFIED. ) ;
#1498 = DIRECTION ( 'NONE',  ( -0.000000000000000000, 1.000000000000000000, -0.000000000000000000 ) ) ;
#1499 = CARTESIAN_POINT ( 'NONE',  ( -8.500000000000000000, 7.750000000000002665, -18.74999999999999289 ) ) ;
#1500 = CARTESIAN_POINT ( 'NONE',  ( -3.589928697250191814, 15.45514756759944497, -13.15299560526326950 ) ) ;
#1501 = ORIENTED_EDGE ( 'NONE', *, *, #1172, .F. ) ;
#1502 = DIRECTION ( 'NONE',  ( -1.000000000000000000, 1.465494392505206949E-14, 0.000000000000000000 ) ) ;
#1503 = ORIENTED_EDGE ( 'NONE', *, *, #679, .T. ) ;
#1504 = CARTESIAN_POINT ( 'NONE',  ( -4.506090151749715389, 13.72470085147184271, 9.105263087173572245 ) ) ;
#1505 = CARTESIAN_POINT ( 'NONE',  ( -1.105973704955036663, 14.68217105297832070, -13.88611487132425282 ) ) ;
#1506 = DIRECTION ( 'NONE',  ( -1.848892746611746419E-31, -1.000000000000000000, 0.000000000000000000 ) ) ;
#1507 = VECTOR ( 'NONE', #2905, 1000.000000000000000 ) ;
#1508 = EDGE_CURVE ( 'NONE', #2930, #910, #3752, .T. ) ;
#1509 = EDGE_CURVE ( 'NONE', #1575, #4209, #2672, .T. ) ;
#1510 = CARTESIAN_POINT ( 'NONE',  ( -3.207176899153533434, 13.97647791990911159, -13.09270472016958387 ) ) ;
#1511 = ORIENTED_EDGE ( 'NONE', *, *, #1580, .T. ) ;
#1512 = CARTESIAN_POINT ( 'NONE',  ( 18.49999999999993605, 1.499999999999763745, 4.977178131738736688 ) ) ;
#1513 = CARTESIAN_POINT ( 'NONE',  ( 6.641989469705505300, 12.65736772497237794, 6.149177599370736935 ) ) ;
#1514 = CARTESIAN_POINT ( 'NONE',  ( -2.079068749544027206, 14.43593424970043593, -13.98162412986328285 ) ) ;
#1515 = CARTESIAN_POINT ( 'NONE',  ( 5.430463978058671870, 14.21772207184584325, -9.031414538733050890 ) ) ;
#1516 = ORIENTED_EDGE ( 'NONE', *, *, #2888, .T. ) ;
#1517 = CARTESIAN_POINT ( 'NONE',  ( 16.24999999999992539, -4.527628272299466516E-13, -4.977178131738736688 ) ) ;
#1518 = CARTESIAN_POINT ( 'NONE',  ( 5.296013812744483573, 14.20374694692868900, 4.200684805702840308 ) ) ;
#1519 = CARTESIAN_POINT ( 'NONE',  ( -2.996961159882707282, 14.07599981235148334, 12.60368056522431957 ) ) ;
#1520 = ADVANCED_FACE ( 'NONE', ( #3410 ), #4448, .T. ) ;
#1521 = CARTESIAN_POINT ( 'NONE',  ( 4.224848689664643331, 14.52540075222362859, -11.78226704076854858 ) ) ;
#1522 = CARTESIAN_POINT ( 'NONE',  ( -4.897185809124962041, 14.22762476618744998, -9.000000000000001776 ) ) ;
#1523 = CARTESIAN_POINT ( 'NONE',  ( 4.617979230180844219, 13.01287305306500031, 5.411405494998802190 ) ) ;
#1524 = CARTESIAN_POINT ( 'NONE',  ( -2.346137776535606179, 15.92922158143992917, 13.46054062497187864 ) ) ;
#1525 = CARTESIAN_POINT ( 'NONE',  ( -3.891504113580523949, 15.13906968022659782, -12.50977716456782396 ) ) ;
#1526 = ORIENTED_EDGE ( 'NONE', *, *, #75, .T. ) ;
#1527 = CARTESIAN_POINT ( 'NONE',  ( 15.74999999999992362, -4.458239333260394233E-13, 13.02003210281144341 ) ) ;
#1528 = CARTESIAN_POINT ( 'NONE',  ( 7.999999999999996447, 7.749999999999778844, 5.698889074756477768 ) ) ;
#1529 = CARTESIAN_POINT ( 'NONE',  ( 3.327779002280315979, 13.91262119959248622, -12.39755271380989932 ) ) ;
#1530 = VERTEX_POINT ( 'NONE', #416 ) ;
#1531 = ORIENTED_EDGE ( 'NONE', *, *, #134, .F. ) ;
#1532 = EDGE_CURVE ( 'NONE', #266, #3829, #2159, .T. ) ;
#1533 = CARTESIAN_POINT ( 'NONE',  ( 4.411763643216044528, 13.18475475457507784, -11.08137349826684037 ) ) ;
#1534 = AXIS2_PLACEMENT_3D ( 'NONE', #1268, #1588, #3771 ) ;
#1535 = DIRECTION ( 'NONE',  ( 1.000000000000000000, -9.860761315262647568E-32, 0.000000000000000000 ) ) ;
#1536 = CARTESIAN_POINT ( 'NONE',  ( 6.860112527168378271, 12.76887549586767889, 5.835199488617751840 ) ) ;
#1537 = CARTESIAN_POINT ( 'NONE',  ( -4.222233621028135708, 13.33449530116894799, -11.36293668944567337 ) ) ;
#1538 = CARTESIAN_POINT ( 'NONE',  ( 2.615649132460495352, 15.31200745367324778, -13.38393353050462053 ) ) ;
#1539 = ORIENTED_EDGE ( 'NONE', *, *, #2723, .T. ) ;
#1540 = CARTESIAN_POINT ( 'NONE',  ( -2.498827120076713815, 15.88213579845115397, 13.94094404736926762 ) ) ;
#1541 = CARTESIAN_POINT ( 'NONE',  ( 5.685066761769109966, 14.06902017042421349, 4.306904004521215690 ) ) ;
#1542 = CARTESIAN_POINT ( 'NONE',  ( -5.061171091431154068, 14.57943378183657579, 9.868929400860949386 ) ) ;
#1543 = TOROIDAL_SURFACE ( 'NONE', #652, 4.375000000000000000, 0.5000000000000000000 ) ;
#1544 = CARTESIAN_POINT ( 'NONE',  ( 4.561572976495438247, 14.46616970447197659, -11.27922519284655323 ) ) ;
#1545 = AXIS2_PLACEMENT_3D ( 'NONE', #1433, #2835, #2123 ) ;
#1546 = CARTESIAN_POINT ( 'NONE',  ( -1.309295928539669029, 14.63443119370439227, 14.24434077574668045 ) ) ;
#1547 = FACE_OUTER_BOUND ( 'NONE', #3713, .T. ) ;
#1548 = CARTESIAN_POINT ( 'NONE',  ( -3.986898014656432121, 14.67516316210920380, 11.92288797543423229 ) ) ;
#1549 = CARTESIAN_POINT ( 'NONE',  ( -3.982908633479450788, 15.25965695969950175, -12.79482780927192209 ) ) ;
#1550 = ORIENTED_EDGE ( 'NONE', *, *, #833, .T. ) ;
#1551 = DIRECTION ( 'NONE',  ( -6.419766481290786633E-33, 1.000000000000000000, -0.000000000000000000 ) ) ;
#1552 = PLANE ( 'NONE',  #1810 ) ;
#1553 = CARTESIAN_POINT ( 'NONE',  ( 0.000000000000000000, 0.000000000000000000, 0.000000000000000000 ) ) ;
#1554 = EDGE_CURVE ( 'NONE', #1454, #3893, #2439, .T. ) ;
#1555 = VECTOR ( 'NONE', #2330, 1000.000000000000000 ) ;
#1556 = EDGE_LOOP ( 'NONE', ( #2454, #2709, #376, #2243 ) ) ;
#1557 = CARTESIAN_POINT ( 'NONE',  ( 4.344355413981348057, 13.25856125919556128, -9.060487792788835648 ) ) ;
#1558 = VERTEX_POINT ( 'NONE', #2663 ) ;
#1559 = CARTESIAN_POINT ( 'NONE',  ( -16.22954968166875034, 1.500000000000000000, -18.75000000000000000 ) ) ;
#1560 = CARTESIAN_POINT ( 'NONE',  ( -4.732650293830694466, 14.81059637681578955, -12.04889873319265625 ) ) ;
#1561 = CARTESIAN_POINT ( 'NONE',  ( 4.948465659356292790, 14.01599454341262074, -9.101149342137000886 ) ) ;
#1562 = CIRCLE ( 'NONE', #2923, 4.000000000000000000 ) ;
#1563 = DIRECTION ( 'NONE',  ( 1.848892746611746419E-31, 1.000000000000000000, 0.000000000000000000 ) ) ;
#1564 = CARTESIAN_POINT ( 'NONE',  ( 3.149607512075760063, 15.10364801317324890, -13.02203083360035585 ) ) ;
#1565 = ORIENTED_EDGE ( 'NONE', *, *, #1872, .T. ) ;
#1566 = CARTESIAN_POINT ( 'NONE',  ( 5.611325720862877731, 14.13508350080233456, -9.779722061729712479 ) ) ;
#1567 = AXIS2_PLACEMENT_3D ( 'NONE', #2519, #384, #2900 ) ;
#1568 = CARTESIAN_POINT ( 'NONE',  ( 4.955858496022583104, 14.00412636144872991, 4.339334519519121081 ) ) ;
#1569 = CARTESIAN_POINT ( 'NONE',  ( -0.7401309291590910666, 16.25289673647722921, 13.91814253204860385 ) ) ;
#1570 = CARTESIAN_POINT ( 'NONE',  ( 4.820946354745153428, 14.44954939856577170, -10.96231350280200090 ) ) ;
#1571 = CARTESIAN_POINT ( 'NONE',  ( 16.24999999999992539, -4.527628272299466516E-13, -19.25000000000000000 ) ) ;
#1572 = CARTESIAN_POINT ( 'NONE',  ( 5.496475390042411924, 14.23457088161548967, 5.213140237756385353 ) ) ;
#1573 = CARTESIAN_POINT ( 'NONE',  ( -1.265284388918056724, 16.15748826896984625, 14.30517237873903014 ) ) ;
#1574 = CARTESIAN_POINT ( 'NONE',  ( -1.109653922700237993, 16.17725745256640124, -14.40115686777914661 ) ) ;
#1575 = VERTEX_POINT ( 'NONE', #581 ) ;
#1576 = CARTESIAN_POINT ( 'NONE',  ( 15.74999999999994849, 1.499999999999763745, -13.02003210281144341 ) ) ;
#1577 = ORIENTED_EDGE ( 'NONE', *, *, #1793, .F. ) ;
#1578 = CARTESIAN_POINT ( 'NONE',  ( -10.49999999999999822, 3.500000000000000000, 38.74505944553241932 ) ) ;
#1579 = DIRECTION ( 'NONE',  ( -6.419766481290786633E-33, 1.000000000000000000, -0.000000000000000000 ) ) ;
#1580 = EDGE_CURVE ( 'NONE', #2750, #1170, #1591, .T. ) ;
#1581 = ORIENTED_EDGE ( 'NONE', *, *, #1904, .F. ) ;
#1582 = CARTESIAN_POINT ( 'NONE',  ( 4.645912031380183826, 13.61661488259678876, -8.876983649793654507 ) ) ;
#1583 = ORIENTED_EDGE ( 'NONE', *, *, #2774, .T. ) ;
#1584 = DIRECTION ( 'NONE',  ( 0.000000000000000000, 0.000000000000000000, 1.000000000000000000 ) ) ;
#1585 = CARTESIAN_POINT ( 'NONE',  ( -4.400356739370508308, 14.84594448078059870, -11.83917390292537952 ) ) ;
#1586 = AXIS2_PLACEMENT_3D ( 'NONE', #3375, #2676, #2288 ) ;
#1587 = DIRECTION ( 'NONE',  ( -0.000000000000000000, 1.000000000000000000, -0.000000000000000000 ) ) ;
#1588 = DIRECTION ( 'NONE',  ( -0.000000000000000000, -1.000000000000000000, 0.000000000000000000 ) ) ;
#1589 = CARTESIAN_POINT ( 'NONE',  ( 4.925635553290431901, 14.03426267263416882, -9.334292422993174299 ) ) ;
#1590 = ORIENTED_EDGE ( 'NONE', *, *, #2914, .F. ) ;
#1591 = LINE ( 'NONE', #4537, #1555 ) ;
#1592 = CARTESIAN_POINT ( 'NONE',  ( 5.456723979524428003, 13.94399382782596142, 5.316479182135211090 ) ) ;
#1593 = EDGE_CURVE ( 'NONE', #435, #4098, #2012, .T. ) ;
#1594 = CARTESIAN_POINT ( 'NONE',  ( -1.440361784660798339, 16.15100261876035148, 13.79010909262366802 ) ) ;
#1595 = ADVANCED_FACE ( 'NONE', ( #3798 ), #1270, .F. ) ;
#1596 = CARTESIAN_POINT ( 'NONE',  ( 4.613426825984851654, 14.26371467156076633, -10.96395161549633812 ) ) ;
#1597 = EDGE_CURVE ( 'NONE', #1911, #2621, #1296, .T. ) ;
#1598 = DIRECTION ( 'NONE',  ( -1.848892746611746419E-31, -1.000000000000000000, -0.000000000000000000 ) ) ;
#1599 = CARTESIAN_POINT ( 'NONE',  ( 6.788160582018788247, 12.77508737655720772, 5.960262218856501093 ) ) ;
#1600 = CARTESIAN_POINT ( 'NONE',  ( -1.339947550812134791, 16.14633899596371336, 13.77710590739800800 ) ) ;
#1601 = CARTESIAN_POINT ( 'NONE',  ( -1.027414059890576326, 16.03831230707542943, -14.05126671072362754 ) ) ;
#1602 = CARTESIAN_POINT ( 'NONE',  ( 8.499999999999996447, 3.499999999999761080, -19.25000000000000000 ) ) ;
#1603 = CARTESIAN_POINT ( 'NONE',  ( 7.500000000000004441, 3.911676460257513810, 10.69050537197749584 ) ) ;
#1604 = AXIS2_PLACEMENT_3D ( 'NONE', #3204, #3637, #2574 ) ;
#1605 = FACE_OUTER_BOUND ( 'NONE', #3036, .T. ) ;
#1606 = ADVANCED_FACE ( 'NONE', ( #208 ), #872, .T. ) ;
#1607 = ORIENTED_EDGE ( 'NONE', *, *, #1597, .F. ) ;
#1608 = DIRECTION ( 'NONE',  ( -1.000000000000000000, 0.000000000000000000, 0.000000000000000000 ) ) ;
#1609 = ORIENTED_EDGE ( 'NONE', *, *, #1822, .F. ) ;
#1610 = FACE_OUTER_BOUND ( 'NONE', #2932, .T. ) ;
#1611 = CARTESIAN_POINT ( 'NONE',  ( -4.456271407983112276, 14.70107451411653088, -11.50708163333559320 ) ) ;
#1612 = CARTESIAN_POINT ( 'NONE',  ( 5.674661049452625505, 14.07836645381927987, 4.278339441718807201 ) ) ;
#1613 = FACE_OUTER_BOUND ( 'NONE', #4580, .T. ) ;
#1614 = CARTESIAN_POINT ( 'NONE',  ( -4.233381447448931745, 14.52784936025143203, -11.55635607895424855 ) ) ;
#1615 = ORIENTED_EDGE ( 'NONE', *, *, #3622, .F. ) ;
#1616 = DIRECTION ( 'NONE',  ( -1.000000000000000000, 1.465494392505206949E-14, 0.000000000000000000 ) ) ;
#1617 = CARTESIAN_POINT ( 'NONE',  ( 5.242589377536246431, 13.77281233807102545, 5.342370797983665653 ) ) ;
#1618 = VECTOR ( 'NONE', #3432, 1000.000000000000000 ) ;
#1619 = CARTESIAN_POINT ( 'NONE',  ( -2.813856840705467821, 14.15975775387449964, 12.79886128380737453 ) ) ;
#1620 = EDGE_CURVE ( 'NONE', #1107, #3030, #1706, .T. ) ;
#1621 = CARTESIAN_POINT ( 'NONE',  ( 4.814143489125315867, 14.45446672419852518, -10.98074524340768221 ) ) ;
#1622 = CARTESIAN_POINT ( 'NONE',  ( -2.882826647799571873, 14.13029849745701760, 13.37725836263002854 ) ) ;
#1623 = CARTESIAN_POINT ( 'NONE',  ( -5.291203519849331904, 14.33213749042883656, -9.164577557420061638 ) ) ;
#1624 = ADVANCED_FACE ( 'NONE', ( #3775, #4124 ), #3105, .F. ) ;
#1625 = CARTESIAN_POINT ( 'NONE',  ( -3.258696450606257677, 15.05060953525518030, 12.76206942184230542 ) ) ;
#1626 = CARTESIAN_POINT ( 'NONE',  ( -0.7086227219869225546, 16.22897766183367452, -14.33638485812167751 ) ) ;
#1627 = CIRCLE ( 'NONE', #3362, 0.5000000000000002220 ) ;
#1628 = CARTESIAN_POINT ( 'NONE',  ( -4.368523996776178642, 13.82694517422441294, 10.27656524405728611 ) ) ;
#1629 = CARTESIAN_POINT ( 'NONE',  ( -15.75000000000000000, 1.000000000000000000, 13.02003210281144341 ) ) ;
#1630 = DIRECTION ( 'NONE',  ( 0.000000000000000000, -0.9714285714285866291, 0.2373321103690262390 ) ) ;
#1631 = B_SPLINE_CURVE_WITH_KNOTS ( 'NONE', 3,
 ( #936, #515, #890, #956, #2369, #182, #4532, #3811, #4492, #1292, #1309, #576 ),
 .UNSPECIFIED., .F., .F.,
 ( 4, 2, 2, 2, 2, 4 ),
 ( 0.000000000000000000, 0.0005684550069381714369, 0.001136910013876342874, 0.001421137517345428484, 0.001705365020814513660, 0.002273820027752682278 ),
 .UNSPECIFIED. ) ;
#1632 = EDGE_LOOP ( 'NONE', ( #2089, #3023, #1741, #460 ) ) ;
#1633 = CARTESIAN_POINT ( 'NONE',  ( 4.319531160586593366, 13.25843772894083017, -11.37254599182351456 ) ) ;
#1634 = EDGE_LOOP ( 'NONE', ( #4075, #3441, #3831, #247 ) ) ;
#1635 = CARTESIAN_POINT ( 'NONE',  ( -15.75000000000000000, 1.499999999999763745, 13.02003210281144341 ) ) ;
#1636 = CARTESIAN_POINT ( 'NONE',  ( -5.199058613516945648, 14.47456612230225836, -11.07971635246234321 ) ) ;
#1637 = FACE_OUTER_BOUND ( 'NONE', #4366, .T. ) ;
#1638 = CARTESIAN_POINT ( 'NONE',  ( -2.482823682551284605, 15.35675435947707967, 13.32166445065074711 ) ) ;
#1639 = CARTESIAN_POINT ( 'NONE',  ( 18.49999999999993605, 0.9999999999997636335, -4.977178131738736688 ) ) ;
#1640 = CARTESIAN_POINT ( 'NONE',  ( 5.011292040657105318, 13.31815895407197914, 5.510000803607181474 ) ) ;
#1641 = ORIENTED_EDGE ( 'NONE', *, *, #4465, .F. ) ;
#1642 = CARTESIAN_POINT ( 'NONE',  ( 1.940016584441208725, 16.03341316605940392, -14.26463585514110122 ) ) ;
#1643 = CARTESIAN_POINT ( 'NONE',  ( 5.650564293798282733, 14.10139238018995833, 4.713878669932131338 ) ) ;
#1644 = AXIS2_PLACEMENT_3D ( 'NONE', #2594, #2644, #3320 ) ;
#1645 = CARTESIAN_POINT ( 'NONE',  ( 4.641597100033922452, 14.41056928962348316, -11.09140883884053075 ) ) ;
#1646 = CIRCLE ( 'NONE', #450, 0.5000000000000004441 ) ;
#1647 = CARTESIAN_POINT ( 'NONE',  ( -5.156501392418488372, 14.31572715399065387, -9.117169205327773085 ) ) ;
#1648 = CARTESIAN_POINT ( 'NONE',  ( -5.138200035488659445, 14.52121418060794511, 11.21222298527650807 ) ) ;
#1649 = VECTOR ( 'NONE', #3701, 1000.000000000000000 ) ;
#1650 = CARTESIAN_POINT ( 'NONE',  ( 0.4518328767738349905, 16.19202043941357871, -14.23839548049205561 ) ) ;
#1651 = FACE_OUTER_BOUND ( 'NONE', #1764, .T. ) ;
#1652 = CARTESIAN_POINT ( 'NONE',  ( 4.699263030627389703, 12.93820048949838153, -9.099775584525669814 ) ) ;
#1653 = CARTESIAN_POINT ( 'NONE',  ( -16.25000000000000000, 0.000000000000000000, -19.25000000000000000 ) ) ;
#1654 = EDGE_CURVE ( 'NONE', #1257, #2411, #2121, .T. ) ;
#1655 = EDGE_LOOP ( 'NONE', ( #4063, #1944, #4512, #442 ) ) ;
#1656 = CARTESIAN_POINT ( 'NONE',  ( 4.353918538675112693, 13.25093780716914615, 4.298674246064627447 ) ) ;
#1657 = CARTESIAN_POINT ( 'NONE',  ( -2.815887141010297690, 14.16015519388913724, 13.43489324653985939 ) ) ;
#1658 = DIRECTION ( 'NONE',  ( 0.000000000000000000, 0.000000000000000000, 1.000000000000000000 ) ) ;
#1659 = EDGE_CURVE ( 'NONE', #2924, #3192, #2842, .T. ) ;
#1660 = AXIS2_PLACEMENT_3D ( 'NONE', #809, #3756, #3003 ) ;
#1661 = CARTESIAN_POINT ( 'NONE',  ( -4.791905488594604634, 14.13682299771354245, 9.332259993629778094 ) ) ;
#1662 = FACE_OUTER_BOUND ( 'NONE', #418, .T. ) ;
#1663 = CARTESIAN_POINT ( 'NONE',  ( -4.584011557559516170, 13.04025955978177720, -9.078570882603170134 ) ) ;
#1664 = CARTESIAN_POINT ( 'NONE',  ( 5.636660733982829186, 11.90066931590269128, 5.698889074756475992 ) ) ;
#1665 = CARTESIAN_POINT ( 'NONE',  ( 5.830344404911644851, 13.86066151374362754, 5.405249062044491737 ) ) ;
#1666 = CARTESIAN_POINT ( 'NONE',  ( 4.679196715032062137, 14.38398180161191142, -10.99548148656480784 ) ) ;
#1667 = VERTEX_POINT ( 'NONE', #1023 ) ;
#1668 = CARTESIAN_POINT ( 'NONE',  ( -5.021346959055404291, 14.29971131407666718, -9.071059704004223789 ) ) ;
#1669 = CARTESIAN_POINT ( 'NONE',  ( -4.460187416305541497, 14.37584895215957737, 11.00046909780618165 ) ) ;
#1670 = CARTESIAN_POINT ( 'NONE',  ( -0.3139117504788371815, 16.19827301626890659, -14.23641807241224910 ) ) ;
#1671 = ORIENTED_EDGE ( 'NONE', *, *, #1822, .T. ) ;
#1672 = CARTESIAN_POINT ( 'NONE',  ( 17.77205882352933486, -4.754570919980196629E-13, 7.106168888787394167 ) ) ;
#1673 = DIRECTION ( 'NONE',  ( -1.000000000000000000, -8.673617379884027583E-16, 0.000000000000000000 ) ) ;
#1674 = CARTESIAN_POINT ( 'NONE',  ( 16.24999999999993960, 0.9999999999997613020, 4.977178131738736688 ) ) ;
#1675 = EDGE_CURVE ( 'NONE', #2341, #3648, #2822, .T. ) ;
#1676 = EDGE_LOOP ( 'NONE', ( #2701 ) ) ;
#1677 = CARTESIAN_POINT ( 'NONE',  ( 5.674661049514997835, 14.07836645376334950, -1.287822783841106711 ) ) ;
#1678 = VERTEX_POINT ( 'NONE', #4556 ) ;
#1679 = CARTESIAN_POINT ( 'NONE',  ( -3.887970259112746518, 13.58687691755416971, 11.08093006054236618 ) ) ;
#1680 = CARTESIAN_POINT ( 'NONE',  ( 3.547450919282261861, 15.47465621942168390, -12.85161866320945023 ) ) ;
#1681 = CARTESIAN_POINT ( 'NONE',  ( -4.682862374837498898, 14.21783811436937839, 10.15626183648768865 ) ) ;
#1682 = CARTESIAN_POINT ( 'NONE',  ( -5.159044467746729090, 14.31372626243723190, -8.889601623567033428 ) ) ;
#1683 = EDGE_CURVE ( 'NONE', #2930, #4118, #4101, .T. ) ;
#1684 = LINE ( 'NONE', #959, #3426 ) ;
#1685 = ORIENTED_EDGE ( 'NONE', *, *, #1580, .F. ) ;
#1686 = DIRECTION ( 'NONE',  ( 1.000000000000000000, 0.000000000000000000, 0.000000000000000000 ) ) ;
#1687 = CARTESIAN_POINT ( 'NONE',  ( 5.164592790298956793, 14.01310264700314612, 4.962621886503928437 ) ) ;
#1688 = ORIENTED_EDGE ( 'NONE', *, *, #1315, .F. ) ;
#1689 = CIRCLE ( 'NONE', #4626, 2.000000000000000000 ) ;
#1690 = CARTESIAN_POINT ( 'NONE',  ( -5.515073931340745972, 14.21792557401387924, 9.336331163068045669 ) ) ;
#1691 = CARTESIAN_POINT ( 'NONE',  ( 2.528252653123297389, 15.71656560616781917, -13.65118591615459742 ) ) ;
#1692 = CARTESIAN_POINT ( 'NONE',  ( 8.484056007941761735, 3.913952888091982718, 9.447955085886929893 ) ) ;
#1693 = DIRECTION ( 'NONE',  ( -1.000000000000000000, 1.848892746611746419E-31, 0.000000000000000000 ) ) ;
#1694 = CARTESIAN_POINT ( 'NONE',  ( 7.999999999999996447, 7.749999999999765521, -19.25000000000000000 ) ) ;
#1695 = ORIENTED_EDGE ( 'NONE', *, *, #2988, .F. ) ;
#1696 = VECTOR ( 'NONE', #2174, 1000.000000000000000 ) ;
#1697 = FACE_OUTER_BOUND ( 'NONE', #675, .T. ) ;
#1698 = CARTESIAN_POINT ( 'NONE',  ( -4.065328024722701272, 13.44904382266565257, 11.71418245109231826 ) ) ;
#1699 = CARTESIAN_POINT ( 'NONE',  ( 4.814241649249864530, 14.75524896065101821, -11.19810533463285651 ) ) ;
#1700 = DIRECTION ( 'NONE',  ( 0.000000000000000000, 0.000000000000000000, -1.000000000000000000 ) ) ;
#1701 = CARTESIAN_POINT ( 'NONE',  ( -1.597278457448670697, 15.59377815820133861, 13.69301557864717900 ) ) ;
#1702 = CARTESIAN_POINT ( 'NONE',  ( -2.373236689056136495, 14.86498163633862468, -13.33821456115587800 ) ) ;
#1703 = CARTESIAN_POINT ( 'NONE',  ( 17.61029411764699404, 0.9999999999997636335, 7.579277945909319136 ) ) ;
#1704 = CARTESIAN_POINT ( 'NONE',  ( -8.000000000000000000, 7.750000000000007994, 19.25000000000000000 ) ) ;
#1705 = CARTESIAN_POINT ( 'NONE',  ( 5.906543523152489428, 13.33089337945790476, 5.959376729089460589 ) ) ;
#1706 = CIRCLE ( 'NONE', #4566, 0.5000000000000004441 ) ;
#1707 = CARTESIAN_POINT ( 'NONE',  ( 5.303236244366778429, 14.32253533208820429, -10.15173331075766150 ) ) ;
#1708 = EDGE_LOOP ( 'NONE', ( #3099, #2043, #2031, #1423 ) ) ;
#1709 = CARTESIAN_POINT ( 'NONE',  ( -1.447766443063184916, 16.12779413844448229, 14.26664164815981728 ) ) ;
#1710 = CARTESIAN_POINT ( 'NONE',  ( -5.539524766262207578, 14.19698886023294016, -9.033972659426035889 ) ) ;
#1711 = CARTESIAN_POINT ( 'NONE',  ( -4.758556882713600444, 14.16184093446950065, 9.629823941093738071 ) ) ;
#1712 = ADVANCED_FACE ( 'NONE', ( #275 ), #3839, .F. ) ;
#1713 = TOROIDAL_SURFACE ( 'NONE', #4505, 2.500000000000000000, 0.5000000000000000000 ) ;
#1714 = CARTESIAN_POINT ( 'NONE',  ( 3.039281168603340522, 15.42694879454670698, -13.22413178838691294 ) ) ;
#1715 = CARTESIAN_POINT ( 'NONE',  ( 8.499999999999996447, 3.985714285714048177, 9.154227147076499094 ) ) ;
#1716 = DIRECTION ( 'NONE',  ( -0.000000000000000000, -0.000000000000000000, -1.000000000000000000 ) ) ;
#1717 = AXIS2_PLACEMENT_3D ( 'NONE', #3406, #2297, #1219 ) ;
#1718 = CARTESIAN_POINT ( 'NONE',  ( 6.999999999999997335, 3.499999999999761968, 9.035561091892017060 ) ) ;
#1719 = AXIS2_PLACEMENT_3D ( 'NONE', #647, #2079, #4295 ) ;
#1720 = ORIENTED_EDGE ( 'NONE', *, *, #2490, .T. ) ;
#1721 = CARTESIAN_POINT ( 'NONE',  ( 4.370274242100257389, 13.23769727449057143, 4.478371480435503038 ) ) ;
#1722 = CARTESIAN_POINT ( 'NONE',  ( -2.983720287896454604, 14.09196565279543023, 12.62556749363886510 ) ) ;
#1723 = DIRECTION ( 'NONE',  ( 0.000000000000000000, 0.000000000000000000, -1.000000000000000000 ) ) ;
#1724 = CARTESIAN_POINT ( 'NONE',  ( -3.904653907615924791, 13.55979187896018701, 11.01258151783011385 ) ) ;
#1725 = EDGE_CURVE ( 'NONE', #1115, #3964, #4187, .T. ) ;
#1726 = CARTESIAN_POINT ( 'NONE',  ( -1.276927861353249760, 15.65330311205955383, 13.77988232104444855 ) ) ;
#1727 = DIRECTION ( 'NONE',  ( -1.000000000000000000, -6.419766481290786633E-33, 0.000000000000000000 ) ) ;
#1728 = CARTESIAN_POINT ( 'NONE',  ( -4.815102368315804959, 14.11905103647989357, -9.000000000000001776 ) ) ;
#1729 = DIRECTION ( 'NONE',  ( -0.000000000000000000, 0.000000000000000000, -1.000000000000000000 ) ) ;
#1730 = CARTESIAN_POINT ( 'NONE',  ( 6.115101925060947075, 13.43887602590932140, 5.826108638101115567 ) ) ;
#1731 = CARTESIAN_POINT ( 'NONE',  ( 5.356220994003161984, 14.27942800780729726, -9.798555706798159903 ) ) ;
#1732 = ORIENTED_EDGE ( 'NONE', *, *, #2579, .F. ) ;
#1733 = DIRECTION ( 'NONE',  ( -1.000000000000000000, 0.000000000000000000, 0.000000000000000000 ) ) ;
#1734 = EDGE_CURVE ( 'NONE', #2621, #2016, #960, .T. ) ;
#1735 = CARTESIAN_POINT ( 'NONE',  ( -5.246811357431867329, 14.36766425204159070, -9.784055397431249190 ) ) ;
#1736 = ADVANCED_FACE ( 'NONE', ( #254 ), #3147, .T. ) ;
#1737 = CIRCLE ( 'NONE', #3024, 7.500000000000000000 ) ;
#1738 = CARTESIAN_POINT ( 'NONE',  ( 6.999999999999999112, 1.499999999999763745, -18.75000000000000000 ) ) ;
#1739 = ADVANCED_FACE ( 'NONE', ( #672, #1006 ), #508, .F. ) ;
#1740 = CARTESIAN_POINT ( 'NONE',  ( 3.206875052644778457, 15.56276454935342457, -13.38052437359660196 ) ) ;
#1741 = ORIENTED_EDGE ( 'NONE', *, *, #1253, .T. ) ;
#1742 = CARTESIAN_POINT ( 'NONE',  ( -4.584331170386918508, 13.03998182607642775, 9.020572212002511137 ) ) ;
#1743 = CARTESIAN_POINT ( 'NONE',  ( 6.095790756332273297, 12.93565009224292872, 6.112215504596837157 ) ) ;
#1744 = ORIENTED_EDGE ( 'NONE', *, *, #1967, .T. ) ;
#1745 = CARTESIAN_POINT ( 'NONE',  ( 4.688477574459560593, 12.96114200645750536, 5.511194731662696356 ) ) ;
#1746 = CARTESIAN_POINT ( 'NONE',  ( -2.368178686939471866, 14.86707774079085986, 13.29795480318993661 ) ) ;
#1747 = CARTESIAN_POINT ( 'NONE',  ( -5.126067032609461727, 14.53037143357164496, -9.000000000000001776 ) ) ;
#1748 = CARTESIAN_POINT ( 'NONE',  ( -3.879993134620532746, 13.57629548661770613, 11.08313159566341355 ) ) ;
#1749 = CARTESIAN_POINT ( 'NONE',  ( 4.561133082185957477, 13.52738483232198341, -4.640448667633855884 ) ) ;
#1750 = CARTESIAN_POINT ( 'NONE',  ( -4.107053154388026428, 15.19385102172024737, -12.66959436611426426 ) ) ;
#1751 = CARTESIAN_POINT ( 'NONE',  ( -3.475525937217861294, 13.84066201303712162, -11.99990174541474985 ) ) ;
#1752 = CARTESIAN_POINT ( 'NONE',  ( -16.25000000000000355, 0.000000000000000000, 0.000000000000000000 ) ) ;
#1753 = CARTESIAN_POINT ( 'NONE',  ( 6.104432206605673983, 13.31228167548548846, 5.959850771786196155 ) ) ;
#1754 = CARTESIAN_POINT ( 'NONE',  ( 5.017679048617027071, 14.42317414820858623, -10.80547406522596710 ) ) ;
#1755 = EDGE_CURVE ( 'NONE', #849, #3007, #1097, .T. ) ;
#1756 = ORIENTED_EDGE ( 'NONE', *, *, #3353, .F. ) ;
#1757 = CARTESIAN_POINT ( 'NONE',  ( -3.209372419673821142, 14.52073866702667182, 12.60557899987633235 ) ) ;
#1758 = CARTESIAN_POINT ( 'NONE',  ( -4.610165719069614809, 14.26498135521732458, -10.57149238105074396 ) ) ;
#1759 = EDGE_CURVE ( 'NONE', #4374, #1558, #1954, .T. ) ;
#1760 = CARTESIAN_POINT ( 'NONE',  ( 5.820165895652301913, 13.94497266769843158, 4.894522385567996459 ) ) ;
#1761 = CARTESIAN_POINT ( 'NONE',  ( 1.087928598365663468, 15.67039768037634140, -13.91546597920728878 ) ) ;
#1762 = DIRECTION ( 'NONE',  ( -1.000000000000000000, 3.357529308342204544E-16, 0.000000000000000000 ) ) ;
#1763 = CARTESIAN_POINT ( 'NONE',  ( 5.006071482551000429, 13.96504697935251471, 4.696371150287300900 ) ) ;
#1764 = EDGE_LOOP ( 'NONE', ( #1208, #2956, #2117, #471 ) ) ;
#1765 = DIRECTION ( 'NONE',  ( 9.860761315262647568E-32, 1.000000000000000000, -0.000000000000000000 ) ) ;
#1766 = CARTESIAN_POINT ( 'NONE',  ( 10.49999999999999645, 3.499999999999761080, 38.74505944553241932 ) ) ;
#1767 = CARTESIAN_POINT ( 'NONE',  ( 4.879461656782827284, 14.70994805085557644, -11.04718382311284230 ) ) ;
#1768 = DIRECTION ( 'NONE',  ( 1.432545838226008429E-14, 1.000000000000000000, 0.000000000000000000 ) ) ;
#1769 = CARTESIAN_POINT ( 'NONE',  ( 4.699263030583704648, 12.93820048953794988, -4.640448667626804635 ) ) ;
#1770 = CIRCLE ( 'NONE', #2528, 3.299999999999998934 ) ;
#1771 = CARTESIAN_POINT ( 'NONE',  ( -3.039077571818435963, 15.14024664348449711, -12.97236247134079967 ) ) ;
#1772 = CARTESIAN_POINT ( 'NONE',  ( 1.205723980342542800, 15.15339672010777150, -13.87976702484061953 ) ) ;
#1773 = DIRECTION ( 'NONE',  ( -6.419766481290786633E-33, 1.000000000000000000, -0.000000000000000000 ) ) ;
#1774 = CARTESIAN_POINT ( 'NONE',  ( 5.639587393810781890, 13.41282730480232921, 5.832312496234046684 ) ) ;
#1775 = CARTESIAN_POINT ( 'NONE',  ( 5.544943103880061841, 14.19377537546685808, -9.364738271014768856 ) ) ;
#1776 = VERTEX_POINT ( 'NONE', #3903 ) ;
#1777 = DIRECTION ( 'NONE',  ( -1.000000000000000000, 0.000000000000000000, 0.000000000000000000 ) ) ;
#1778 = CARTESIAN_POINT ( 'NONE',  ( -4.510300201730975012, 14.33530094663495369, -10.88561563434368473 ) ) ;
#1779 = CARTESIAN_POINT ( 'NONE',  ( 10.49999999999999645, 3.499999999999761080, -18.74999999999999645 ) ) ;
#1780 = AXIS2_PLACEMENT_3D ( 'NONE', #656, #3573, #3218 ) ;
#1781 = CARTESIAN_POINT ( 'NONE',  ( 3.598053974364036289, 15.45834763922510113, -13.29327833028013472 ) ) ;
#1782 = DIRECTION ( 'NONE',  ( 1.000000000000000000, 1.577721810442023961E-30, 0.000000000000000000 ) ) ;
#1783 = CARTESIAN_POINT ( 'NONE',  ( 4.524479077360388679, 13.41136269798774983, 4.199247994844863996 ) ) ;
#1784 = FACE_OUTER_BOUND ( 'NONE', #1655, .T. ) ;
#1785 = CIRCLE ( 'NONE', #3294, 2.000000000000000000 ) ;
#1786 = ORIENTED_EDGE ( 'NONE', *, *, #582, .T. ) ;
#1787 = CARTESIAN_POINT ( 'NONE',  ( 5.661797380285117143, 11.86631515127261771, 5.704971058384833427 ) ) ;
#1788 = AXIS2_PLACEMENT_3D ( 'NONE', #259, #4217, #2427 ) ;
#1789 = CARTESIAN_POINT ( 'NONE',  ( -4.343772087888978284, 13.23956842578363791, 10.90571654422298131 ) ) ;
#1790 = EDGE_CURVE ( 'NONE', #1307, #3869, #4333, .T. ) ;
#1791 = CARTESIAN_POINT ( 'NONE',  ( -3.018077140861242125, 14.06596574329021188, -12.60172408918930032 ) ) ;
#1792 = FACE_BOUND ( 'NONE', #4610, .T. ) ;
#1793 = EDGE_CURVE ( 'NONE', #1364, #1161, #323, .T. ) ;
#1794 = CARTESIAN_POINT ( 'NONE',  ( 4.542875991289605508, 13.14396217476607553, 4.278205166167327711 ) ) ;
#1795 = ORIENTED_EDGE ( 'NONE', *, *, #427, .T. ) ;
#1796 = EDGE_CURVE ( 'NONE', #1110, #3401, #985, .T. ) ;
#1797 = CARTESIAN_POINT ( 'NONE',  ( 1.689029254633920285, 14.54689237917586908, -13.69395726403736546 ) ) ;
#1798 = LINE ( 'NONE', #2196, #3816 ) ;
#1799 = CARTESIAN_POINT ( 'NONE',  ( 5.977968930174545115, 13.71638252039622863, 5.564882215195390280 ) ) ;
#1800 = CARTESIAN_POINT ( 'NONE',  ( 10.49999999999999645, 3.499999999999761080, 18.75000000000000000 ) ) ;
#1801 = CARTESIAN_POINT ( 'NONE',  ( 5.661977223768126954, 14.08971717961700243, -9.194833303627325094 ) ) ;
#1802 = ORIENTED_EDGE ( 'NONE', *, *, #1942, .T. ) ;
#1803 = CARTESIAN_POINT ( 'NONE',  ( -5.475593495905592967, 14.25185371989691241, 9.774170888513086908 ) ) ;
#1804 = CARTESIAN_POINT ( 'NONE',  ( -4.799380792105835347, 14.29593777850951497, -10.08069331632973409 ) ) ;
#1805 = DIRECTION ( 'NONE',  ( -1.000000000000000000, -6.419766481290786633E-33, 0.000000000000000000 ) ) ;
#1806 = EDGE_CURVE ( 'NONE', #3930, #50, #52, .T. ) ;
#1807 = CARTESIAN_POINT ( 'NONE',  ( 4.364773926939982118, 15.04986047888484535, -12.56671492514737309 ) ) ;
#1808 = DIRECTION ( 'NONE',  ( 1.000000000000000000, 0.000000000000000000, 0.000000000000000000 ) ) ;
#1809 = DIRECTION ( 'NONE',  ( -0.3235294117647084522, 0.000000000000000000, -0.9462181142438469417 ) ) ;
#1810 = AXIS2_PLACEMENT_3D ( 'NONE', #3785, #1958, #4508 ) ;
#1811 = CARTESIAN_POINT ( 'NONE',  ( 5.432997009492388507, 14.21586645016861361, -9.009942476948960888 ) ) ;
#1812 = CARTESIAN_POINT ( 'NONE',  ( 1.358192017859912726, 15.12657155903211859, -13.84191608293947695 ) ) ;
#1813 = ORIENTED_EDGE ( 'NONE', *, *, #455, .T. ) ;
#1814 = CARTESIAN_POINT ( 'NONE',  ( -15.75000000000000000, 0.9126302581756667864, 13.02003210281144341 ) ) ;
#1815 = EDGE_LOOP ( 'NONE', ( #2291, #4564, #103, #2678 ) ) ;
#1816 = CARTESIAN_POINT ( 'NONE',  ( -4.517685101602018527, 13.71592059028639632, 8.928816943108078164 ) ) ;
#1817 = CARTESIAN_POINT ( 'NONE',  ( 4.030020759904343386, 13.47354215842960024, -11.01262225967043840 ) ) ;
#1818 = DIRECTION ( 'NONE',  ( -1.000000000000000000, 0.000000000000000000, 0.000000000000000000 ) ) ;
#1819 = ORIENTED_EDGE ( 'NONE', *, *, #3093, .T. ) ;
#1820 = CARTESIAN_POINT ( 'NONE',  ( 2.107528295246444472, 14.94624749241438266, -13.56310207362112230 ) ) ;
#1821 = CARTESIAN_POINT ( 'NONE',  ( 6.999999999999997335, 3.499999999999761968, 11.11221705762094025 ) ) ;
#1822 = EDGE_CURVE ( 'NONE', #2319, #3893, #1326, .T. ) ;
#1823 = CARTESIAN_POINT ( 'NONE',  ( 6.754574130103685015, 12.81960456561737338, 5.954536746366191124 ) ) ;
#1824 = CARTESIAN_POINT ( 'NONE',  ( -2.499845402310989950, 14.29006126050893144, -13.71696774413545938 ) ) ;
#1825 = CARTESIAN_POINT ( 'NONE',  ( 5.675581339439624173, 14.07754261796501538, -9.008962746035505731 ) ) ;
#1826 = VERTEX_POINT ( 'NONE', #3998 ) ;
#1827 = CARTESIAN_POINT ( 'NONE',  ( -4.093236721011818346, 15.20088987228646182, 12.84471566778963592 ) ) ;
#1828 = CARTESIAN_POINT ( 'NONE',  ( -4.812207289474522476, 14.45566071381260187, -10.58447822909156777 ) ) ;
#1829 = CARTESIAN_POINT ( 'NONE',  ( 4.948490572002318011, 14.01602608934898520, 4.198889074756483097 ) ) ;
#1830 = CARTESIAN_POINT ( 'NONE',  ( 4.714125604463278663, 14.52557910485184500, -11.22798014100983366 ) ) ;
#1831 = CARTESIAN_POINT ( 'NONE',  ( -5.025318386809535909, 14.30016096550778570, -9.000000000000003553 ) ) ;
#1832 = CARTESIAN_POINT ( 'NONE',  ( 4.595151361442368021, 13.03233240432165729, 4.198822263655960896 ) ) ;
#1833 = CARTESIAN_POINT ( 'NONE',  ( 5.033667988065626986, 14.12385563611988992, -8.999625879359639313 ) ) ;
#1834 = CARTESIAN_POINT ( 'NONE',  ( -1.522468773508074413, 15.09818126035625951, -13.75211710540266452 ) ) ;
#1835 = ORIENTED_EDGE ( 'NONE', *, *, #584, .F. ) ;
#1836 = DIRECTION ( 'NONE',  ( -0.3235294117647084522, 0.000000000000000000, -0.9462181142438469417 ) ) ;
#1837 = ORIENTED_EDGE ( 'NONE', *, *, #2786, .F. ) ;
#1838 = CARTESIAN_POINT ( 'NONE',  ( -4.283449422868657486, 13.28643610832252087, 11.11396933569559664 ) ) ;
#1839 = CARTESIAN_POINT ( 'NONE',  ( 4.948502491019089788, 14.01604118151178646, -9.000000000000001776 ) ) ;
#1840 = VERTEX_POINT ( 'NONE', #398 ) ;
#1841 = CARTESIAN_POINT ( 'NONE',  ( -1.546530021550700518, 15.09308102838439680, -13.74362146757150960 ) ) ;
#1842 = CARTESIAN_POINT ( 'NONE',  ( 15.74999999999994849, -2.376571162088225719E-13, 13.02003210281144341 ) ) ;
#1843 = CARTESIAN_POINT ( 'NONE',  ( 6.442797915751524940, 12.70321393660423048, 6.182446727964365785 ) ) ;
#1844 = CARTESIAN_POINT ( 'NONE',  ( 4.135204260590205294, 13.39871366125812457, -11.84090009524932618 ) ) ;
#1845 = CARTESIAN_POINT ( 'NONE',  ( 5.560378041945146954, 14.18045502124891044, -9.181329737724063023 ) ) ;
#1846 = ORIENTED_EDGE ( 'NONE', *, *, #238, .F. ) ;
#1847 = CARTESIAN_POINT ( 'NONE',  ( -4.219167864777227273, 15.13013250238452301, -12.73246484230865505 ) ) ;
#1848 = AXIS2_PLACEMENT_3D ( 'NONE', #2039, #4254, #1686 ) ;
#1849 = CARTESIAN_POINT ( 'NONE',  ( 5.432182018860822303, 14.21628305292563432, 4.193989085529216787 ) ) ;
#1850 = CARTESIAN_POINT ( 'NONE',  ( -6.999999999999997335, 7.750000000000000000, 19.25000000000000000 ) ) ;
#1851 = CARTESIAN_POINT ( 'NONE',  ( 4.382337707201639176, 14.42392790415852133, -11.50288431618346863 ) ) ;
#1852 = CARTESIAN_POINT ( 'NONE',  ( -10.49999999999999822, 7.382731453484404833E-32, -19.25000000000000000 ) ) ;
#1853 = CARTESIAN_POINT ( 'NONE',  ( -16.25000000000000355, 0.000000000000000000, 4.977178131738738465 ) ) ;
#1854 = CARTESIAN_POINT ( 'NONE',  ( 5.636660733982829186, 11.90066931590269128, 5.698889074756475992 ) ) ;
#1855 = AXIS2_PLACEMENT_3D ( 'NONE', #497, #2710, #1919 ) ;
#1856 = EDGE_CURVE ( 'NONE', #2284, #266, #3580, .T. ) ;
#1857 = CARTESIAN_POINT ( 'NONE',  ( -4.189956481387304699, 15.14694903891825639, -12.76440931608152951 ) ) ;
#1858 = ORIENTED_EDGE ( 'NONE', *, *, #965, .T. ) ;
#1859 = CYLINDRICAL_SURFACE ( 'NONE', #3512, 0.5000000000000004441 ) ;
#1860 = CARTESIAN_POINT ( 'NONE',  ( -3.937530213496988729, 13.55406645355985340, 10.93604584669127711 ) ) ;
#1861 = AXIS2_PLACEMENT_3D ( 'NONE', #3370, #2976, #502 ) ;
#1862 = CARTESIAN_POINT ( 'NONE',  ( 2.998279060748980207, 14.07543462890223829, -12.77151343339420819 ) ) ;
#1863 = B_SPLINE_CURVE_WITH_KNOTS ( 'NONE', 3,
 ( #1450, #1522, #1831, #2975, #3224, #4309 ),
 .UNSPECIFIED., .F., .F.,
 ( 4, 2, 4 ),
 ( 0.000000000000000000, 0.5000000000000000000, 1.000000000000000000 ),
 .UNSPECIFIED. ) ;
#1864 = LINE ( 'NONE', #84, #2025 ) ;
#1865 = CIRCLE ( 'NONE', #1788, 0.5000000000000000000 ) ;
#1866 = VERTEX_POINT ( 'NONE', #792 ) ;
#1867 = CARTESIAN_POINT ( 'NONE',  ( 1.860375667078911777, 14.50003485710716689, -14.15717245791380741 ) ) ;
#1868 = ORIENTED_EDGE ( 'NONE', *, *, #2752, .F. ) ;
#1869 = DIRECTION ( 'NONE',  ( 1.465494392505206633E-14, 1.000000000000000000, 0.000000000000000000 ) ) ;
#1870 = CARTESIAN_POINT ( 'NONE',  ( 6.772223546566539909, 12.79609042796192142, 5.958387974606680793 ) ) ;
#1871 = AXIS2_PLACEMENT_3D ( 'NONE', #2, #429, #1054 ) ;
#1872 = EDGE_CURVE ( 'NONE', #3460, #435, #4260, .T. ) ;
#1873 = CARTESIAN_POINT ( 'NONE',  ( 3.747786938136448143, 13.66676788742236681, -12.56246944244048613 ) ) ;
#1874 = CARTESIAN_POINT ( 'NONE',  ( 5.161536911347370804, 14.18985520411541223, -8.970021877665816490 ) ) ;
#1875 = EDGE_LOOP ( 'NONE', ( #1139 ) ) ;
#1876 = CARTESIAN_POINT ( 'NONE',  ( 16.24999999999993960, 0.9999999999997613020, -19.25000000000000000 ) ) ;
#1877 = CARTESIAN_POINT ( 'NONE',  ( 5.323466373302944810, 14.18123288926915393, 4.477207749532185588 ) ) ;
#1878 = CARTESIAN_POINT ( 'NONE',  ( -2.980225362240631171, 14.08390067595153283, 12.62254961866000791 ) ) ;
#1879 = EDGE_CURVE ( 'NONE', #1161, #3138, #3741, .T. ) ;
#1880 = CARTESIAN_POINT ( 'NONE',  ( 4.033795556020001172, 14.95743019382363670, -12.34772354200389799 ) ) ;
#1881 = ORIENTED_EDGE ( 'NONE', *, *, #1659, .F. ) ;
#1882 = DIRECTION ( 'NONE',  ( 0.000000000000000000, -0.000000000000000000, 1.000000000000000000 ) ) ;
#1883 = LINE ( 'NONE', #1078, #742 ) ;
#1884 = ADVANCED_FACE ( 'NONE', ( #88 ), #1543, .T. ) ;
#1885 = CARTESIAN_POINT ( 'NONE',  ( -2.506813315527004704, 15.34353025000535453, -13.35212822540553823 ) ) ;
#1886 = ORIENTED_EDGE ( 'NONE', *, *, #1440, .T. ) ;
#1887 = ORIENTED_EDGE ( 'NONE', *, *, #1659, .T. ) ;
#1888 = CARTESIAN_POINT ( 'NONE',  ( -5.539818601336365944, 14.19673637310287262, 45.32734660452702258 ) ) ;
#1889 = CARTESIAN_POINT ( 'NONE',  ( 2.019718676074071961, 14.45747849814986985, -13.54411039739126821 ) ) ;
#1890 = CARTESIAN_POINT ( 'NONE',  ( -8.673617379884035472E-16, 7.750000000000000000, -19.24999999999999645 ) ) ;
#1891 = ORIENTED_EDGE ( 'NONE', *, *, #4647, .T. ) ;
#1892 = CARTESIAN_POINT ( 'NONE',  ( 4.256293673539002675, 13.90880928177908160, -11.15842131770924972 ) ) ;
#1893 = CARTESIAN_POINT ( 'NONE',  ( -16.25000000000000000, 0.000000000000000000, 19.25000000000000000 ) ) ;
#1894 = CARTESIAN_POINT ( 'NONE',  ( 6.355693506443499174, 12.60023815287646975, 6.185426019985174051 ) ) ;
#1895 = DIRECTION ( 'NONE',  ( -1.000000000000000000, 0.000000000000000000, 0.000000000000000000 ) ) ;
#1896 = CARTESIAN_POINT ( 'NONE',  ( 0.4132737472591100913, 15.74650669925736501, -14.00046710254686744 ) ) ;
#1897 = EDGE_LOOP ( 'NONE', ( #2805, #1088, #3757, #3755 ) ) ;
#1898 = CARTESIAN_POINT ( 'NONE',  ( -2.822502130360642347, 15.77436557944956341, 13.79117764693187453 ) ) ;
#1899 = CARTESIAN_POINT ( 'NONE',  ( 5.032029005551891032, 14.11828173180813728, 4.244735918013910592 ) ) ;
#1900 = CARTESIAN_POINT ( 'NONE',  ( -3.632906735065225323, 15.43453310765765174, 12.60951624337290866 ) ) ;
#1901 = CARTESIAN_POINT ( 'NONE',  ( 4.484907414319319052, 14.35420565920861513, -11.28299248136280575 ) ) ;
#1902 = CARTESIAN_POINT ( 'NONE',  ( -4.259090147527420100, 13.30548775852494536, 11.20300500215427597 ) ) ;
#1903 = CARTESIAN_POINT ( 'NONE',  ( 4.979106057420912279, 12.67517601321028664, 5.879806904423046987 ) ) ;
#1904 = EDGE_CURVE ( 'NONE', #1081, #2930, #2531, .T. ) ;
#1905 = CARTESIAN_POINT ( 'NONE',  ( -2.872512217798330880, 15.75687826375823164, 13.76626800845885690 ) ) ;
#1906 = CARTESIAN_POINT ( 'NONE',  ( -3.513802463372299734, 14.92337407617240963, -12.52944755369955843 ) ) ;
#1907 = ORIENTED_EDGE ( 'NONE', *, *, #1442, .T. ) ;
#1908 = CARTESIAN_POINT ( 'NONE',  ( 8.499999999999996447, 7.749999999999764633, 19.25000000000000000 ) ) ;
#1909 = FACE_OUTER_BOUND ( 'NONE', #1432, .T. ) ;
#1910 = DIRECTION ( 'NONE',  ( 1.000000000000000000, 0.000000000000000000, 0.000000000000000000 ) ) ;
#1911 = VERTEX_POINT ( 'NONE', #4653 ) ;
#1912 = CARTESIAN_POINT ( 'NONE',  ( 4.514682275682596391, 13.10084814326828528, -10.70149542025804479 ) ) ;
#1913 = CARTESIAN_POINT ( 'NONE',  ( -15.75000000000000000, 0.9126302581756667864, -13.02003210281144341 ) ) ;
#1914 = CARTESIAN_POINT ( 'NONE',  ( -4.922854205359581847, 14.68310451214260937, -11.74503780912031559 ) ) ;
#1915 = CARTESIAN_POINT ( 'NONE',  ( 6.409898607034384632, 12.52851220032133917, 6.197479852704989689 ) ) ;
#1916 = TOROIDAL_SURFACE ( 'NONE', #4550, 7.500000000000000000, 0.5000000000000000000 ) ;
#1917 = CARTESIAN_POINT ( 'NONE',  ( 4.788129018929718761, 14.14060981459975075, -10.32807963471811519 ) ) ;
#1918 = ORIENTED_EDGE ( 'NONE', *, *, #1311, .F. ) ;
#1919 = DIRECTION ( 'NONE',  ( -1.000000000000000000, 0.000000000000000000, 0.000000000000000000 ) ) ;
#1920 = CARTESIAN_POINT ( 'NONE',  ( 5.164365270240051764, 14.18761318719964315, 4.271842243128099348 ) ) ;
#1921 = CARTESIAN_POINT ( 'NONE',  ( -4.735458845242800585, 14.80871461572636960, 11.02674325145279077 ) ) ;
#1922 = AXIS2_PLACEMENT_3D ( 'NONE', #4343, #4319, #4298 ) ;
#1923 = CARTESIAN_POINT ( 'NONE',  ( 4.619915858213106574, 14.25901571010063407, -10.94582042022252111 ) ) ;
#1924 = CARTESIAN_POINT ( 'NONE',  ( -4.448140541858613517, 13.15514828977090112, 10.37962939101139526 ) ) ;
#1925 = CARTESIAN_POINT ( 'NONE',  ( 5.335535777817895564, 14.36762489082469507, 4.753412542120059037 ) ) ;
#1926 = CARTESIAN_POINT ( 'NONE',  ( -2.482653352422211412, 15.35689417805747503, 13.32197696161782829 ) ) ;
#1927 = CARTESIAN_POINT ( 'NONE',  ( -2.182748099897102279, 15.96510717238533417, -13.97203801424388381 ) ) ;
#1928 = ORIENTED_EDGE ( 'NONE', *, *, #3819, .T. ) ;
#1929 = DIRECTION ( 'NONE',  ( 1.465494392505206633E-14, 1.000000000000000000, 0.000000000000000000 ) ) ;
#1930 = PLANE ( 'NONE',  #4001 ) ;
#1931 = FACE_OUTER_BOUND ( 'NONE', #1708, .T. ) ;
#1932 = AXIS2_PLACEMENT_3D ( 'NONE', #920, #850, #1616 ) ;
#1933 = ORIENTED_EDGE ( 'NONE', *, *, #1806, .F. ) ;
#1934 = CARTESIAN_POINT ( 'NONE',  ( 4.360859389879149006, 13.22569304261361900, -11.24837677159379012 ) ) ;
#1935 = VERTEX_POINT ( 'NONE', #3973 ) ;
#1936 = EDGE_CURVE ( 'NONE', #1444, #849, #1798, .T. ) ;
#1937 = CARTESIAN_POINT ( 'NONE',  ( 0.07456067678174056745, 14.74960289627046883, 14.45170481268912788 ) ) ;
#1938 = CARTESIAN_POINT ( 'NONE',  ( -3.687781859137493345, 14.98709171239239346, -12.40789447698066184 ) ) ;
#1939 = ADVANCED_FACE ( 'NONE', ( #4020 ), #3948, .T. ) ;
#1940 = FACE_OUTER_BOUND ( 'NONE', #2629, .T. ) ;
#1941 = PRESENTATION_LAYER_ASSIGNMENT (  '', '', ( #3979 ) ) ;
#1942 = EDGE_CURVE ( 'NONE', #1444, #4098, #3507, .T. ) ;
#1943 = CARTESIAN_POINT ( 'NONE',  ( 4.279083203023768434, 14.49743012092570993, -11.69946378807931708 ) ) ;
#1944 = ORIENTED_EDGE ( 'NONE', *, *, #1440, .F. ) ;
#1945 = CARTESIAN_POINT ( 'NONE',  ( 5.669677406066567116, 11.94707537413405873, 5.960017698939298114 ) ) ;
#1946 = AXIS2_PLACEMENT_3D ( 'NONE', #4485, #2677, #3445 ) ;
#1947 = CARTESIAN_POINT ( 'NONE',  ( 5.471831574585419133, 13.57077304045457211, 5.665273515978260122 ) ) ;
#1948 = CARTESIAN_POINT ( 'NONE',  ( -4.743327473304544739, 14.80342824692337800, 11.00785663011789239 ) ) ;
#1949 = CIRCLE ( 'NONE', #3385, 6.250000000000000000 ) ;
#1950 = CARTESIAN_POINT ( 'NONE',  ( 4.928591877632412022, 14.48916090015833724, -11.05563362392828175 ) ) ;
#1951 = CARTESIAN_POINT ( 'NONE',  ( -3.332869476005780651, 13.90669212557398104, 12.91316546106698482 ) ) ;
#1952 = CARTESIAN_POINT ( 'NONE',  ( 15.74999999999994849, 1.499999999999763745, 13.02003210281144341 ) ) ;
#1953 = CARTESIAN_POINT ( 'NONE',  ( -4.996840917961742790, 14.62633163393340929, 11.53846280759189113 ) ) ;
#1954 = B_SPLINE_CURVE_WITH_KNOTS ( 'NONE', 3,
 ( #3124, #3189, #1333, #2084 ),
 .UNSPECIFIED., .F., .F.,
 ( 4, 4 ),
 ( 0.3222107068400069108, 0.6562407227899273998 ),
 .UNSPECIFIED. ) ;
#1955 = CARTESIAN_POINT ( 'NONE',  ( -2.063811856229373465, 15.84235434579789370, -13.76345975213994244 ) ) ;
#1956 = DIRECTION ( 'NONE',  ( -0.000000000000000000, -0.000000000000000000, -1.000000000000000000 ) ) ;
#1957 = ORIENTED_EDGE ( 'NONE', *, *, #1455, .T. ) ;
#1958 = DIRECTION ( 'NONE',  ( 0.000000000000000000, 0.000000000000000000, 1.000000000000000000 ) ) ;
#1959 = FACE_OUTER_BOUND ( 'NONE', #3638, .T. ) ;
#1960 = ORIENTED_EDGE ( 'NONE', *, *, #3353, .T. ) ;
#1961 = CARTESIAN_POINT ( 'NONE',  ( 4.022905164918885390, 13.49483605433704980, -11.05603479967160219 ) ) ;
#1962 = CARTESIAN_POINT ( 'NONE',  ( -0.3431446976530657667, 14.74207303022412319, 14.42243661799081877 ) ) ;
#1963 = CARTESIAN_POINT ( 'NONE',  ( -5.077450913660424447, 14.56858639779812492, -11.42236236072554334 ) ) ;
#1964 = AXIS2_PLACEMENT_3D ( 'NONE', #4527, #3806, #1303 ) ;
#1965 = CARTESIAN_POINT ( 'NONE',  ( -8.499999999999998224, 3.499999999999998668, -18.75000000000000000 ) ) ;
#1966 = CARTESIAN_POINT ( 'NONE',  ( 8.499999999999996447, 7.749999999999827693, 10.07388907475647777 ) ) ;
#1967 = EDGE_CURVE ( 'NONE', #1161, #4341, #17, .T. ) ;
#1968 = CARTESIAN_POINT ( 'NONE',  ( 0.7469623037666929255, 15.72177244423450126, -13.97445711862883044 ) ) ;
#1969 = VERTEX_POINT ( 'NONE', #3668 ) ;
#1970 = CARTESIAN_POINT ( 'NONE',  ( 4.587269924546378164, 14.90981592189610616, -12.48758413886084462 ) ) ;
#1971 = CARTESIAN_POINT ( 'NONE',  ( 5.035854097280170194, 13.94177411994046523, 4.827871517912161181 ) ) ;
#1972 = EDGE_CURVE ( 'NONE', #2983, #2983, #884, .T. ) ;
#1973 = CARTESIAN_POINT ( 'NONE',  ( 16.24999999999994671, 1.499999999999546807, -4.977178131738736688 ) ) ;
#1974 = CARTESIAN_POINT ( 'NONE',  ( 4.827620590463669537, 14.44471028993058681, -10.94367733694529576 ) ) ;
#1975 = CARTESIAN_POINT ( 'NONE',  ( 15.74999999999993783, 0.9999999999997613020, -13.02003210281144341 ) ) ;
#1976 = CARTESIAN_POINT ( 'NONE',  ( 10.49999999999999822, 1.499999999999761968, 19.25000000000000000 ) ) ;
#1977 = CARTESIAN_POINT ( 'NONE',  ( -1.578462686418463878, 15.59316374878633127, 13.69062488366735231 ) ) ;
#1978 = CARTESIAN_POINT ( 'NONE',  ( -1.056042323476019895, 16.12912853263194535, -14.14248199126697081 ) ) ;
#1979 = CARTESIAN_POINT ( 'NONE',  ( -3.103278814821300635, 14.57080816622548269, 12.71466137023959142 ) ) ;
#1980 = ORIENTED_EDGE ( 'NONE', *, *, #1466, .T. ) ;
#1981 = CARTESIAN_POINT ( 'NONE',  ( 7.502617637865477640, 3.874737912643124726, 9.769385172639260873 ) ) ;
#1982 = CARTESIAN_POINT ( 'NONE',  ( 7.999999999999996447, 7.749999999999827693, 13.94888907475647777 ) ) ;
#1983 = UNCERTAINTY_MEASURE_WITH_UNIT (LENGTH_MEASURE( 1.000000000000000082E-05 ), #1212, 'distance_accuracy_value', 'NONE');
#1984 = EDGE_LOOP ( 'NONE', ( #1583, #2654, #3861, #2366 ) ) ;
#1985 = CARTESIAN_POINT ( 'NONE',  ( 3.418265187795008320, 13.87344183540606046, -12.27783573227716118 ) ) ;
#1986 = ORIENTED_EDGE ( 'NONE', *, *, #2443, .F. ) ;
#1987 = CARTESIAN_POINT ( 'NONE',  ( -0.3191926334959073186, 15.24349967995977551, 13.92475109032729996 ) ) ;
#1988 = CARTESIAN_POINT ( 'NONE',  ( -4.722930393318296005, 14.63637493214097063, -11.25595834041630638 ) ) ;
#1989 = CARTESIAN_POINT ( 'NONE',  ( 4.948465659302940800, 14.01599454344679963, -4.641319747520750383 ) ) ;
#1990 = DIRECTION ( 'NONE',  ( -1.734723475976799600E-15, -1.000000000000000000, -0.000000000000000000 ) ) ;
#1991 = CARTESIAN_POINT ( 'NONE',  ( -22.00000000000000000, 0.000000000000000000, 19.25000000000000000 ) ) ;
#1992 = CARTESIAN_POINT ( 'NONE',  ( 10.49999999999999822, 0.9999999999997610800, 19.25000000000000000 ) ) ;
#1993 = CARTESIAN_POINT ( 'NONE',  ( 5.396273697175651307, 14.31761875003493145, -10.88394273569637960 ) ) ;
#1994 = CARTESIAN_POINT ( 'NONE',  ( 5.872140506110795855, 13.68836859344254542, 5.641392966783475238 ) ) ;
#1995 = CARTESIAN_POINT ( 'NONE',  ( 4.692091673108256700, 14.37470068693102654, -10.96052883290614588 ) ) ;
#1996 = CARTESIAN_POINT ( 'NONE',  ( -5.435146396997773799, 14.28666030653883823, -9.077981099836907930 ) ) ;
#1997 = ADVANCED_FACE ( 'NONE', ( #2912 ), #371, .F. ) ;
#1998 = CARTESIAN_POINT ( 'NONE',  ( -2.196695884925226494, 15.44635452144146548, 13.46534190510264750 ) ) ;
#1999 = VECTOR ( 'NONE', #2295, 1000.000000000000000 ) ;
#2000 = CARTESIAN_POINT ( 'NONE',  ( -0.3310134353173158073, 16.25295246496665058, -14.49894020822401508 ) ) ;
#2001 = VECTOR ( 'NONE', #3145, 1000.000000000000000 ) ;
#2002 = CARTESIAN_POINT ( 'NONE',  ( 7.999999999999996447, 7.749999999999827693, 10.07388907475647777 ) ) ;
#2003 = EDGE_CURVE ( 'NONE', #1364, #2909, #1090, .T. ) ;
#2004 = DIRECTION ( 'NONE',  ( 0.000000000000000000, 1.000000000000000000, 0.000000000000000000 ) ) ;
#2005 = CARTESIAN_POINT ( 'NONE',  ( 7.999999999999996447, 3.499999999999761080, 11.11221705762096690 ) ) ;
#2006 = DIRECTION ( 'NONE',  ( 0.000000000000000000, 0.000000000000000000, 1.000000000000000000 ) ) ;
#2007 = ORIENTED_EDGE ( 'NONE', *, *, #1049, .T. ) ;
#2008 = CARTESIAN_POINT ( 'NONE',  ( 5.674661049594191375, 14.07836645369233786, -8.355157643147954616 ) ) ;
#2009 = ORIENTED_EDGE ( 'NONE', *, *, #3125, .F. ) ;
#2010 = CARTESIAN_POINT ( 'NONE',  ( -3.689280739688428845, 14.27012645681462821, 12.01150732050600389 ) ) ;
#2011 = CARTESIAN_POINT ( 'NONE',  ( 4.948465659215186996, 14.01599454353915242, 4.278339441711738189 ) ) ;
#2012 = CIRCLE ( 'NONE', #4199, 0.5000000000000001110 ) ;
#2013 = DIRECTION ( 'NONE',  ( 0.000000000000000000, 0.000000000000000000, -1.000000000000000000 ) ) ;
#2014 = CARTESIAN_POINT ( 'NONE',  ( 7.999999999999996447, 7.749999999999764633, 14.44888907475647777 ) ) ;
#2015 = CARTESIAN_POINT ( 'NONE',  ( -4.208358388906455971, 13.36308008381850954, -9.572163818111912192 ) ) ;
#2016 = VERTEX_POINT ( 'NONE', #419 ) ;
#2017 = CARTESIAN_POINT ( 'NONE',  ( 5.631322253163900449, 11.90791903948222519, 5.828865316091735416 ) ) ;
#2018 = EDGE_CURVE ( 'NONE', #4412, #4412, #1770, .T. ) ;
#2019 = AXIS2_PLACEMENT_3D ( 'NONE', #2118, #4288, #1762 ) ;
#2020 = CARTESIAN_POINT ( 'NONE',  ( 4.625926195597658719, 14.42152194261267617, -11.12921176120999078 ) ) ;
#2021 = ORIENTED_EDGE ( 'NONE', *, *, #3880, .F. ) ;
#2022 = AXIS2_PLACEMENT_3D ( 'NONE', #2705, #4471, #3101 ) ;
#2023 = CARTESIAN_POINT ( 'NONE',  ( -5.155180826733521293, 14.31676596469307761, -9.161163489836988916 ) ) ;
#2024 = CARTESIAN_POINT ( 'NONE',  ( 0.02936000523713535454, 15.41659452580780787, 13.94888907475647777 ) ) ;
#2025 = VECTOR ( 'NONE', #2527, 1000.000000000000000 ) ;
#2026 = CARTESIAN_POINT ( 'NONE',  ( 0.4219674338855647355, 15.87371766296153908, -13.99968564936152404 ) ) ;
#2027 = EDGE_LOOP ( 'NONE', ( #2230, #1858, #3636, #3916 ) ) ;
#2028 = CARTESIAN_POINT ( 'NONE',  ( 8.003136936353719477, 3.874823416750634131, 10.38097494362564532 ) ) ;
#2029 = EDGE_CURVE ( 'NONE', #2909, #3447, #277, .T. ) ;
#2030 = DIRECTION ( 'NONE',  ( 0.000000000000000000, 0.000000000000000000, -1.000000000000000000 ) ) ;
#2031 = ORIENTED_EDGE ( 'NONE', *, *, #3150, .F. ) ;
#2032 = CARTESIAN_POINT ( 'NONE',  ( 4.348469842216118764, 13.25533401372931053, 4.208020097434862272 ) ) ;
#2033 = ORIENTED_EDGE ( 'NONE', *, *, #2379, .T. ) ;
#2034 = CARTESIAN_POINT ( 'NONE',  ( -1.948318589470258821, 14.48252750175545778, 13.45217618796453962 ) ) ;
#2035 = CARTESIAN_POINT ( 'NONE',  ( -3.880839481060071261, 15.31264810959506306, -12.38403560299896178 ) ) ;
#2036 = DIRECTION ( 'NONE',  ( -1.000000000000000000, 9.860761315262647568E-32, -0.000000000000000000 ) ) ;
#2037 = CARTESIAN_POINT ( 'NONE',  ( -5.295126836682293892, 14.32898173104026895, -8.890476640169350020 ) ) ;
#2038 = CARTESIAN_POINT ( 'NONE',  ( -4.193268485774802379, 13.37428863139052382, -9.737377867375457186 ) ) ;
#2039 = CARTESIAN_POINT ( 'NONE',  ( -8.673617379884035472E-16, 7.750000000000000000, 6.198889074756477768 ) ) ;
#2040 = AXIS2_PLACEMENT_3D ( 'NONE', #838, #175, #2743 ) ;
#2041 = CARTESIAN_POINT ( 'NONE',  ( 5.777817715021583922, 13.98432614257409057, 4.769230669063734496 ) ) ;
#2042 = CARTESIAN_POINT ( 'NONE',  ( 4.874429862778510092, 14.06805854857385896, -9.762938778414811836 ) ) ;
#2043 = ORIENTED_EDGE ( 'NONE', *, *, #2285, .F. ) ;
#2044 = CARTESIAN_POINT ( 'NONE',  ( -4.802753809661862938, 14.12224536488270488, -9.327751901806756507 ) ) ;
#2045 = B_SPLINE_CURVE_WITH_KNOTS ( 'NONE', 3,
 ( #3265, #1469, #3289, #721, #4004, #1876 ),
 .UNSPECIFIED., .F., .F.,
 ( 4, 2, 4 ),
 ( -1.548759659960496343E-05, 0.0003789801485853648306, 0.0007734478937703345670 ),
 .UNSPECIFIED. ) ;
#2046 = CARTESIAN_POINT ( 'NONE',  ( -4.726901773118525441, 14.83025228170208010, 11.06378269125044866 ) ) ;
#2047 =( BOUNDED_SURFACE ( )  B_SPLINE_SURFACE ( 3, 2, ( 
 ( #580, #4253, #322 ),
 ( #604, #4555, #3103 ),
 ( #1663, #2060, #1394 ),
 ( #274, #4536, #671 ),
 ( #4186, #4229, #3838 ),
 ( #3168, #2015, #230 ),
 ( #4208, #2038, #3877 ),
 ( #1005, #2440, #1022 ),
 ( #3479, #4628, #4605 ),
 ( #650, #298, #252 ),
 ( #2083, #3521, #2820 ),
 ( #2463, #3545, #1312 ),
 ( #3902, #2777, #2106 ),
 ( #2757, #1751, #984 ),
 ( #2841, #4277, #1046 ),
 ( #1510, #417, #4019 ),
 ( #2939, #766, #2172 ),
 ( #3567, #370, #3642 ),
 ( #1140, #3946, #1485 ),
 ( #2886, #2582, #4391 ),
 ( #790, #3620, #4342 ),
 ( #2486, #2530, #1841 ),
 ( #3666, #3307, #1418 ),
 ( #2195, #4652, #2129 ),
 ( #716, #3282, #4367 ),
 ( #3971, #347, #2219 ),
 ( #2866, #396, #4297 ),
 ( #62, #3924, #1772 ),
 ( #4318, #1067, #86 ),
 ( #694, #2964, #441 ),
 ( #1867, #1797, #3211 ),
 ( #2554, #2506, #1820 ),
 ( #3257, #1116, #2149 ),
 ( #3590, #38, #3235 ),
 ( #1089, #16, #1437 ),
 ( #738, #1462, #2910 ),
 ( #3996, #1162, #1237 ),
 ( #2344, #1985, #489 ),
 ( #2605, #1214, #3764 ),
 ( #3788, #3425, #109 ),
 ( #886, #3331, #815 ),
 ( #2655, #199, #3076 ),
 ( #1633, #2244, #1892 ),
 ( #1934, #1961, #3714 ),
 ( #4041, #3692, #534 ),
 ( #4415, #466, #2679 ),
 ( #1533, #2320, #2985 ),
 ( #1912, #1191, #2630 ),
 ( #4117, #4069, #3736 ),
 ( #3380, #3029, #843 ),
 ( #3051, #2292, #2268 ),
 ( #3354, #4467, #512 ),
 ( #133, #1557, #3008 ),
 ( #4440, #4091, #1582 ) ),
 .UNSPECIFIED., .F., .F., .T. ) 
 B_SPLINE_SURFACE_WITH_KNOTS ( ( 4, 2, 2, 2, 2, 2, 2, 2, 2, 2, 2, 2, 2, 2, 2, 2, 2, 2, 2, 2, 2, 2, 2, 2, 2, 2, 4 ),
 ( 3, 3 ),
 ( -0.0001071032688266951787, 0.0001637051096834838044, 0.0004345134881936627740, 0.0009761302452140207132, 0.001517747002234378761, 0.002059363759254736592, 0.003142597273295452687, 0.004225830787336168348, 0.005309064301376884010, 0.005850681058397241840, 0.006392297815417600539, 0.007475531329458317067, 0.008558764843499032729, 0.009641998357539750125, 0.01018361511456010796, 0.01072523187158046579, 0.01126684862860082362, 0.01180846538562118145, 0.01289169889966189711, 0.01397493241370261277, 0.01451654917072297060, 0.01478735754923314952, 0.01492276173848823898, 0.01505816592774332843, 0.01614139944178404409, 0.01668301619880440193, 0.01722463295582475976 ),
 ( 0.000000000000000000, 1.000000000000000000 ),
 .UNSPECIFIED. ) 
 GEOMETRIC_REPRESENTATION_ITEM ( )  RATIONAL_B_SPLINE_SURFACE ( (
 ( 1.000000000000000000, 0.7302949853605862351, 1.000000000000000000),
 ( 1.000000000000000000, 0.7302949853605862351, 1.000000000000000000),
 ( 1.000000000000000000, 0.7302922482491126521, 1.000000000000000000),
 ( 1.000000000000000000, 0.7302496185393380079, 1.000000000000000000),
 ( 1.000000000000000000, 0.7302146377364969743, 1.000000000000000000),
 ( 1.000000000000000000, 0.7300637407682584179, 1.000000000000000000),
 ( 1.000000000000000000, 0.7299016544567147324, 1.000000000000000000),
 ( 1.000000000000000000, 0.7294314048367922521, 1.000000000000000000),
 ( 1.000000000000000000, 0.7291230120105295365, 1.000000000000000000),
 ( 1.000000000000000000, 0.7283463594299045551, 1.000000000000000000),
 ( 1.000000000000000000, 0.7278767546913812447, 1.000000000000000000),
 ( 1.000000000000000000, 0.7262787403681928433, 1.000000000000000000),
 ( 1.000000000000000000, 0.7249525430201413378, 1.000000000000000000),
 ( 1.000000000000000000, 0.7220985753577193744, 1.000000000000000000),
 ( 1.000000000000000000, 0.7205698708948398146, 1.000000000000000000),
 ( 1.000000000000000000, 0.7177852737866037280, 1.000000000000000000),
 ( 1.000000000000000000, 0.7164229875966200423, 1.000000000000000000),
 ( 1.000000000000000000, 0.7142294558053231546, 1.000000000000000000),
 ( 1.000000000000000000, 0.7134948915350229903, 1.000000000000000000),
 ( 1.000000000000000000, 0.7120964654121324511, 1.000000000000000000),
 ( 1.000000000000000000, 0.7114286391663233733, 1.000000000000000000),
 ( 1.000000000000000000, 0.7095921831532445712, 1.000000000000000000),
 ( 1.000000000000000000, 0.7086086222133859414, 1.000000000000000000),
 ( 1.000000000000000000, 0.7073789863833069846, 1.000000000000000000),
 ( 1.000000000000000000, 0.7071133012170199850, 1.000000000000000000),
 ( 1.000000000000000000, 0.7071005086284828378, 1.000000000000000000),
 ( 1.000000000000000000, 0.7073431347322816087, 1.000000000000000000),
 ( 1.000000000000000000, 0.7082336927801839987, 1.000000000000000000),
 ( 1.000000000000000000, 0.7086211991932794829, 1.000000000000000000),
 ( 1.000000000000000000, 0.7095513036492359094, 1.000000000000000000),
 ( 1.000000000000000000, 0.7100957692561051804, 1.000000000000000000),
 ( 1.000000000000000000, 0.7113042066637933480, 1.000000000000000000),
 ( 1.000000000000000000, 0.7119686235885036574, 1.000000000000000000),
 ( 1.000000000000000000, 0.7133735817070505636, 1.000000000000000000),
 ( 1.000000000000000000, 0.7141153575797476449, 1.000000000000000000),
 ( 1.000000000000000000, 0.7163209626404819508, 1.000000000000000000),
 ( 1.000000000000000000, 0.7176878511751125789, 1.000000000000000000),
 ( 1.000000000000000000, 0.7206222436227862627, 1.000000000000000000),
 ( 1.000000000000000000, 0.7221358438969470717, 1.000000000000000000),
 ( 1.000000000000000000, 0.7242201165194048773, 1.000000000000000000),
 ( 1.000000000000000000, 0.7248842790961902427, 1.000000000000000000),
 ( 1.000000000000000000, 0.7258077999722003515, 1.000000000000000000),
 ( 1.000000000000000000, 0.7261042740995976574, 1.000000000000000000),
 ( 1.000000000000000000, 0.7265241913869413537, 1.000000000000000000),
 ( 1.000000000000000000, 0.7266711920562821669, 1.000000000000000000),
 ( 1.000000000000000000, 0.7271149703093643391, 1.000000000000000000),
 ( 1.000000000000000000, 0.7273135811423107056, 1.000000000000000000),
 ( 1.000000000000000000, 0.7289339517046760086, 1.000000000000000000),
 ( 1.000000000000000000, 0.7293516932398074193, 1.000000000000000000),
 ( 1.000000000000000000, 0.7298221192139463520, 1.000000000000000000),
 ( 1.000000000000000000, 0.7299258370010900387, 1.000000000000000000),
 ( 1.000000000000000000, 0.7300823063169751270, 1.000000000000000000),
 ( 1.000000000000000000, 0.7301510491842552186, 1.000000000000000000),
 ( 1.000000000000000000, 0.7301443887674599065, 1.000000000000000000) ) ) 
 REPRESENTATION_ITEM ( '' )  SURFACE ( )  );
#2048 = CARTESIAN_POINT ( 'NONE',  ( 2.320488369132285289, 15.92726236541696139, -13.98638870208522533 ) ) ;
#2049 = ADVANCED_FACE ( 'NONE', ( #2966 ), #1392, .T. ) ;
#2050 = ORIENTED_EDGE ( 'NONE', *, *, #238, .T. ) ;
#2051 = CARTESIAN_POINT ( 'NONE',  ( 8.000000000000003553, 3.985714285714054395, 9.154227147076500870 ) ) ;
#2052 = CARTESIAN_POINT ( 'NONE',  ( 4.521363239023084901, 13.39718118281001047, -9.099775584531901274 ) ) ;
#2053 = CARTESIAN_POINT ( 'NONE',  ( 5.015897196114878831, 13.96360678735401173, 4.728222102740900823 ) ) ;
#2054 = VERTEX_POINT ( 'NONE', #2151 ) ;
#2055 = CARTESIAN_POINT ( 'NONE',  ( 7.999999999999996447, 7.749999999999827693, 6.198889074756477768 ) ) ;
#2056 = CARTESIAN_POINT ( 'NONE',  ( -3.818847768034081991, 13.63188488169765122, 11.26397561466046859 ) ) ;
#2057 = CARTESIAN_POINT ( 'NONE',  ( -4.411881757603278942, 13.35442672583298496, -8.999881396580718729 ) ) ;
#2058 = FACE_OUTER_BOUND ( 'NONE', #2074, .T. ) ;
#2059 = CARTESIAN_POINT ( 'NONE',  ( 4.588007609593454994, 13.66246842053635113, -9.648123237074049285 ) ) ;
#2060 = CARTESIAN_POINT ( 'NONE',  ( -4.230571369788628466, 13.34651548246610453, -9.069318931853780796 ) ) ;
#2061 = ORIENTED_EDGE ( 'NONE', *, *, #387, .F. ) ;
#2062 = CARTESIAN_POINT ( 'NONE',  ( 6.999999999999999112, 7.749999999999841904, 13.94888907475647777 ) ) ;
#2063 = CARTESIAN_POINT ( 'NONE',  ( 6.507314572399158337, 12.98508229766107114, 6.002325348059481591 ) ) ;
#2064 = CARTESIAN_POINT ( 'NONE',  ( 5.220975460290714132, 14.26475077499133803, -9.783866944094473439 ) ) ;
#2065 = ORIENTED_EDGE ( 'NONE', *, *, #1755, .F. ) ;
#2066 = CARTESIAN_POINT ( 'NONE',  ( 0.03254250484875423344, 16.24993770478933541, 14.44911205896109863 ) ) ;
#2067 = CARTESIAN_POINT ( 'NONE',  ( -5.154527752256211848, 14.50878857797674115, 11.17067137885434747 ) ) ;
#2068 = AXIS2_PLACEMENT_3D ( 'NONE', #4402, #1127, #2898 ) ;
#2069 = CARTESIAN_POINT ( 'NONE',  ( 2.909681126019944220, 15.19202882334603899, -13.18331600443387686 ) ) ;
#2070 = CARTESIAN_POINT ( 'NONE',  ( 8.499999999999996447, 3.985714285714047289, 10.99355100243645822 ) ) ;
#2071 = CARTESIAN_POINT ( 'NONE',  ( 18.49999999999993605, 0.9999999999997563060, -4.977178131738736688 ) ) ;
#2072 = ADVANCED_FACE ( 'NONE', ( #3404 ), #2987, .T. ) ;
#2073 = CARTESIAN_POINT ( 'NONE',  ( 7.500000000000004441, 3.985714285714056171, 9.154227147076527515 ) ) ;
#2074 = EDGE_LOOP ( 'NONE', ( #599, #15, #3373, #2547, #953, #4193, #1399, #382 ) ) ;
#2075 = AXIS2_PLACEMENT_3D ( 'NONE', #2441, #605, #3878 ) ;
#2076 = CARTESIAN_POINT ( 'NONE',  ( 5.674661049453725070, 14.07836645381829221, 4.180180268105924135 ) ) ;
#2077 = CARTESIAN_POINT ( 'NONE',  ( -4.112013940267225998, 14.00621112966336312, 11.18015583210967101 ) ) ;
#2078 = CARTESIAN_POINT ( 'NONE',  ( -3.790341226477346392, 15.35818334188229706, -12.47814706836714471 ) ) ;
#2079 = DIRECTION ( 'NONE',  ( 1.848892746611746419E-31, 1.000000000000000000, 0.000000000000000000 ) ) ;
#2080 = CARTESIAN_POINT ( 'NONE',  ( 6.999999999999997335, 3.499999999999761968, -19.25000000000000000 ) ) ;
#2081 = CARTESIAN_POINT ( 'NONE',  ( 4.499206140498936080, 13.73091353761927103, -10.28576516011979436 ) ) ;
#2082 = EDGE_CURVE ( 'NONE', #3730, #3907, #4649, .T. ) ;
#2083 = CARTESIAN_POINT ( 'NONE',  ( -4.365882968909144957, 13.22199664184431533, -10.85852484877882063 ) ) ;
#2085 = EDGE_CURVE ( 'NONE', #1776, #4374, #1290, .T. ) ;
#2084 = CARTESIAN_POINT ( 'NONE',  ( -4.815102368315804959, 14.11905103647989357, -9.000000000000001776 ) ) ;
#2086 = CARTESIAN_POINT ( 'NONE',  ( 6.267310930086437359, 13.12854964608337838, 6.038455557041821464 ) ) ;
#2087 = ADVANCED_FACE ( 'NONE', ( #4469, #1216 ), #3359, .F. ) ;
#2088 = CARTESIAN_POINT ( 'NONE',  ( 5.570901336454156194, 14.16989550534066566, -10.02428976023603902 ) ) ;
#2089 = ORIENTED_EDGE ( 'NONE', *, *, #96, .T. ) ;
#2090 = FACE_OUTER_BOUND ( 'NONE', #2793, .T. ) ;
#2091 = TOROIDAL_SURFACE ( 'NONE', #1272, 5.750000000000000000, 0.5000000000000000000 ) ;
#2092 = CARTESIAN_POINT ( 'NONE',  ( -4.785858993773536518, 14.13511181626540925, -9.582683099807072225 ) ) ;
#2093 = CARTESIAN_POINT ( 'NONE',  ( -5.231831630686984091, 14.44955282367683580, 10.96024704299914632 ) ) ;
#2094 = AXIS2_PLACEMENT_3D ( 'NONE', #3350, #1211, #2290 ) ;
#2095 = CARTESIAN_POINT ( 'NONE',  ( 1.824547579343140935, 15.81046248655923847, -13.81454370595050740 ) ) ;
#2096 = DIRECTION ( 'NONE',  ( 1.000000000000000000, 1.971802351026970815E-13, 0.000000000000000000 ) ) ;
#2097 = DIRECTION ( 'NONE',  ( 1.000000000000000000, 6.419766481290786633E-33, -0.000000000000000000 ) ) ;
#2098 = AXIS2_PLACEMENT_3D ( 'NONE', #2495, #2158, #3933 ) ;
#2099 = VERTEX_POINT ( 'NONE', #2367 ) ;
#2100 = CARTESIAN_POINT ( 'NONE',  ( -15.75000000000000000, 1.000000000000000000, -13.02003210281144341 ) ) ;
#2101 = CARTESIAN_POINT ( 'NONE',  ( -2.153907139287423167, 14.41755477689207687, 13.89781799685647812 ) ) ;
#2102 = CARTESIAN_POINT ( 'NONE',  ( 3.157827877736168798, 15.64302061562337265, -13.14534221150655924 ) ) ;
#2103 = CARTESIAN_POINT ( 'NONE',  ( -4.512938794312082891, 13.71937205211221489, -9.000000000000001776 ) ) ;
#2104 = EDGE_CURVE ( 'NONE', #4060, #3460, #3961, .T. ) ;
#2105 = CARTESIAN_POINT ( 'NONE',  ( 4.521363238928520545, 13.39718118289189164, -0.1811217507341712496 ) ) ;
#2106 = CARTESIAN_POINT ( 'NONE',  ( -4.023734724822646491, 14.06658489927193934, -11.43998243703475914 ) ) ;
#2107 = ORIENTED_EDGE ( 'NONE', *, *, #3744, .T. ) ;
#2108 = DIRECTION ( 'NONE',  ( -0.000000000000000000, 0.000000000000000000, -1.000000000000000000 ) ) ;
#2109 = CARTESIAN_POINT ( 'NONE',  ( 6.210628552304443772, 13.47407736665006972, 5.741110962130805184 ) ) ;
#2110 = CARTESIAN_POINT ( 'NONE',  ( 5.284831992201853623, 14.40902161812349469, -10.88219831598311949 ) ) ;
#2111 = ORIENTED_EDGE ( 'NONE', *, *, #4073, .T. ) ;
#2112 = CARTESIAN_POINT ( 'NONE',  ( -1.077216765249948693, 15.17303777941717335, 13.80278156034560944 ) ) ;
#2113 = CARTESIAN_POINT ( 'NONE',  ( -4.852679668833255633, 14.42612209742833329, -10.42067753426692356 ) ) ;
#2114 = TOROIDAL_SURFACE ( 'NONE', #1586, 7.999999999999998224, 0.5000000000000000000 ) ;
#2115 = DIRECTION ( 'NONE',  ( 0.000000000000000000, 1.000000000000000000, 0.000000000000000000 ) ) ;
#2116 = CARTESIAN_POINT ( 'NONE',  ( 1.224484104004482043, 16.16137020990751338, -14.27814372127629916 ) ) ;
#2117 = ORIENTED_EDGE ( 'NONE', *, *, #1060, .F. ) ;
#2118 = CARTESIAN_POINT ( 'NONE',  ( -8.000000000000000000, -1.678764654171103751E-16, 18.75000000000000000 ) ) ;
#2119 = CARTESIAN_POINT ( 'NONE',  ( 5.300375077976186233, 14.20018141211781426, 4.262833553799340258 ) ) ;
#2120 = CARTESIAN_POINT ( 'NONE',  ( 5.128187016090382855, 13.87411080490636195, 5.101839395724490522 ) ) ;
#2121 = B_SPLINE_CURVE_WITH_KNOTS ( 'NONE', 3,
 ( #651, #4606, #1353, #4581, #3568, #3925 ),
 .UNSPECIFIED., .F., .F.,
 ( 4, 2, 4 ),
 ( 0.000000000000000000, 0.0004062924531823361050, 0.0008125849063646722100 ),
 .UNSPECIFIED. ) ;
#2122 = ORIENTED_EDGE ( 'NONE', *, *, #3067, .F. ) ;
#2123 = DIRECTION ( 'NONE',  ( 1.000000000000000000, 2.433714994238050992E-13, 0.000000000000000000 ) ) ;
#2124 = CARTESIAN_POINT ( 'NONE',  ( -3.943189170158997836, 13.55029986740537851, 10.91821927657050040 ) ) ;
#2125 = CARTESIAN_POINT ( 'NONE',  ( 4.726293012791982662, 14.81500108087150736, -11.38276639383933642 ) ) ;
#2126 = CARTESIAN_POINT ( 'NONE',  ( 8.003116897702035715, 3.875177946117735583, 9.762361470576056632 ) ) ;
#2127 = CARTESIAN_POINT ( 'NONE',  ( 4.542875991381793099, 13.14396217468684824, -4.640448667630402646 ) ) ;
#2128 = CARTESIAN_POINT ( 'NONE',  ( -3.875313484892867422, 15.25362566290912980, -12.69805275240993936 ) ) ;
#2129 = CARTESIAN_POINT ( 'NONE',  ( -0.5983820263082201274, 15.23276229539530036, -13.96856520465978058 ) ) ;
#2130 = DIRECTION ( 'NONE',  ( 0.000000000000000000, -0.000000000000000000, 1.000000000000000000 ) ) ;
#2131 = CARTESIAN_POINT ( 'NONE',  ( 6.652152757083468870, 13.04146343644815076, 5.783235845354387727 ) ) ;
#2132 = CARTESIAN_POINT ( 'NONE',  ( 4.886562704635869281, 14.40185292393710625, -10.77419149287804956 ) ) ;
#2133 = ORIENTED_EDGE ( 'NONE', *, *, #622, .F. ) ;
#2134 = CARTESIAN_POINT ( 'NONE',  ( -2.383579911113148153, 14.86180984487414136, 13.28852560309242214 ) ) ;
#2135 = CARTESIAN_POINT ( 'NONE',  ( -4.763856720214952212, 14.49039357165183972, -10.74584330677835275 ) ) ;
#2136 = CARTESIAN_POINT ( 'NONE',  ( 1.420106598114689200, 15.62443376015683150, -13.85712394016386995 ) ) ;
#2137 = AXIS2_PLACEMENT_3D ( 'NONE', #2876, #1428, #2517 ) ;
#2138 = ADVANCED_FACE ( 'NONE', ( #1264, #2727 ), #3200, .F. ) ;
#2139 = EDGE_LOOP ( 'NONE', ( #9, #634, #4632, #1744, #3814, #2963, #1356, #431 ) ) ;
#2140 = PLANE ( 'NONE',  #2847 ) ;
#2141 = EDGE_CURVE ( 'NONE', #266, #2479, #201, .T. ) ;
#2142 = CARTESIAN_POINT ( 'NONE',  ( -0.08060697392905820380, 16.25016121679955461, 13.94415469548727771 ) ) ;
#2143 = EDGE_LOOP ( 'NONE', ( #1819, #2065, #2845, #2167 ) ) ;
#2144 = DIRECTION ( 'NONE',  ( -0.000000000000000000, 1.000000000000000000, -0.000000000000000000 ) ) ;
#2145 = CARTESIAN_POINT ( 'NONE',  ( 4.695888152913934022, 12.94120741786749917, 4.198797356959090621 ) ) ;
#2146 = CARTESIAN_POINT ( 'NONE',  ( 7.999999999999996447, 3.985714285714054395, 9.154227147076500870 ) ) ;
#2147 = DIRECTION ( 'NONE',  ( 1.000000000000000000, 0.000000000000000000, 0.000000000000000000 ) ) ;
#2148 = CIRCLE ( 'NONE', #3321, 3.299999999999998934 ) ;
#2149 = CARTESIAN_POINT ( 'NONE',  ( 2.247189721685570518, 14.90324480631123549, -13.49161562705279138 ) ) ;
#2150 = AXIS2_PLACEMENT_3D ( 'NONE', #3561, #412, #1080 ) ;
#2151 = CARTESIAN_POINT ( 'NONE',  ( -6.999999999999999112, 3.499999999999998668, 19.25000000000000000 ) ) ;
#2152 = CARTESIAN_POINT ( 'NONE',  ( 6.435754893108754260, 13.30272819137852025, 5.698393600368613754 ) ) ;
#2153 = CARTESIAN_POINT ( 'NONE',  ( 4.375019218308024982, 13.21466037542201910, -11.21496262609797334 ) ) ;
#2154 = CARTESIAN_POINT ( 'NONE',  ( 4.920284711367326480, 14.03211540207479224, -9.323637849245633547 ) ) ;
#2155 = ORIENTED_EDGE ( 'NONE', *, *, #4552, .T. ) ;
#2156 = CARTESIAN_POINT ( 'NONE',  ( -5.282061336609563895, 14.41160976329360821, -10.86956330860531317 ) ) ;
#2157 = CARTESIAN_POINT ( 'NONE',  ( -4.849064620196152475, 14.25890379954394049, -9.749211679559694588 ) ) ;
#2158 = DIRECTION ( 'NONE',  ( -0.000000000000000000, 1.000000000000000000, -0.000000000000000000 ) ) ;
#2159 = CIRCLE ( 'NONE', #1855, 0.5000000000000004441 ) ;
#2160 = CARTESIAN_POINT ( 'NONE',  ( 4.680313422633975762, 14.54908912071300797, -11.30317618440451000 ) ) ;
#2161 = ORIENTED_EDGE ( 'NONE', *, *, #1620, .T. ) ;
#2162 = DIRECTION ( 'NONE',  ( -0.000000000000000000, 0.000000000000000000, -1.000000000000000000 ) ) ;
#2163 = CARTESIAN_POINT ( 'NONE',  ( -10.49999999999999822, 3.500000000000000000, 38.74505944553241932 ) ) ;
#2164 = CIRCLE ( 'NONE', #146, 0.5000000000000004441 ) ;
#2165 = ORIENTED_EDGE ( 'NONE', *, *, #2752, .T. ) ;
#2166 = DIRECTION ( 'NONE',  ( -1.000000000000000000, 0.000000000000000000, 0.000000000000000000 ) ) ;
#2167 = ORIENTED_EDGE ( 'NONE', *, *, #904, .F. ) ;
#2168 = CIRCLE ( 'NONE', #899, 0.5000000000000004441 ) ;
#2169 = LINE ( 'NONE', #2600, #4597 ) ;
#2170 = CARTESIAN_POINT ( 'NONE',  ( 5.082004953717267348, 14.56729548185136913, -10.54627064696815530 ) ) ;
#2171 = VERTEX_POINT ( 'NONE', #3616 ) ;
#2172 = CARTESIAN_POINT ( 'NONE',  ( -2.900270027197263456, 14.66459837774954345, -12.94067111091215239 ) ) ;
#2173 = ORIENTED_EDGE ( 'NONE', *, *, #3206, .T. ) ;
#2174 = DIRECTION ( 'NONE',  ( 1.000000000000000000, -1.848892746611746419E-31, 0.000000000000000000 ) ) ;
#2175 = CARTESIAN_POINT ( 'NONE',  ( 6.769946166701125811, 12.88982771111724190, 5.682594026634605555 ) ) ;
#2176 = CARTESIAN_POINT ( 'NONE',  ( -3.635986571763374808, 13.73601811249514171, -12.54509838893946849 ) ) ;
#2177 = CARTESIAN_POINT ( 'NONE',  ( 4.927943702212789212, 14.02607241541249472, -9.234852946554315878 ) ) ;
#2178 = EDGE_LOOP ( 'NONE', ( #2263 ) ) ;
#2179 = DIRECTION ( 'NONE',  ( 0.000000000000000000, -1.000000000000000000, 0.000000000000000000 ) ) ;
#2180 = CARTESIAN_POINT ( 'NONE',  ( -4.893899808253675765, 14.51455327862747247, -10.77892147822894309 ) ) ;
#2181 = DIRECTION ( 'NONE',  ( -0.9462181142438469417, 0.000000000000000000, -0.3235294117647084522 ) ) ;
#2182 = CARTESIAN_POINT ( 'NONE',  ( 5.038464317228767975, 14.59640676221904698, -11.76342652174791681 ) ) ;
#2183 = CARTESIAN_POINT ( 'NONE',  ( -8.673617379884035472E-16, 7.750000000000000000, 5.698889074756477768 ) ) ;
#2184 = LINE ( 'NONE', #3198, #523 ) ;
#2185 = AXIS2_PLACEMENT_3D ( 'NONE', #217, #51, #3986 ) ;
#2186 = DIRECTION ( 'NONE',  ( 5.053215498074302889E-16, 1.000000000000000000, 0.000000000000000000 ) ) ;
#2187 = CARTESIAN_POINT ( 'NONE',  ( 1.812381899759662129, 15.02709161279358341, -13.69275852804992688 ) ) ;
#2188 = ORIENTED_EDGE ( 'NONE', *, *, #4390, .F. ) ;
#2189 = DIRECTION ( 'NONE',  ( -0.7847835981863331423, 0.6197698798890697303, -1.413780167796820107E-11 ) ) ;
#2190 = EDGE_LOOP ( 'NONE', ( #1907, #1685, #4303, #1457 ) ) ;
#2191 = CARTESIAN_POINT ( 'NONE',  ( 17.61029411764699404, 1.499999999999763745, 7.579277945909317360 ) ) ;
#2192 = CARTESIAN_POINT ( 'NONE',  ( -2.132212053575897048, 14.43818698171546089, -13.43019431174377765 ) ) ;
#2193 = CARTESIAN_POINT ( 'NONE',  ( 7.999999999999996447, 3.985714285714054395, 9.154227147076500870 ) ) ;
#2194 = ORIENTED_EDGE ( 'NONE', *, *, #2640, .T. ) ;
#2195 = CARTESIAN_POINT ( 'NONE',  ( -0.6176739773951941403, 14.73052366415853776, -14.46571649812416993 ) ) ;
#2196 = CARTESIAN_POINT ( 'NONE',  ( 6.999999999999999112, 7.749999999999841904, 6.198889074756477768 ) ) ;
#2197 = B_SPLINE_CURVE_WITH_KNOTS ( 'NONE', 3,
 ( #2541, #4010, #1783, #753, #1832, #2831 ),
 .UNSPECIFIED., .F., .F.,
 ( 4, 2, 4 ),
 ( 0.000000000000000000, 0.5000000000000000000, 1.000000000000000000 ),
 .UNSPECIFIED. ) ;
#2198 = CARTESIAN_POINT ( 'NONE',  ( 6.665527191107068816, 12.93645171373506741, 5.933212989681167393 ) ) ;
#2199 = CARTESIAN_POINT ( 'NONE',  ( 4.564161435863082872, 13.05768784349496947, -10.39128206430564738 ) ) ;
#2200 = CARTESIAN_POINT ( 'NONE',  ( 5.300956909778994586, 14.19968925316081787, -8.930491223287170044 ) ) ;
#2201 = ORIENTED_EDGE ( 'NONE', *, *, #697, .F. ) ;
#2202 = CARTESIAN_POINT ( 'NONE',  ( -5.539827451353250609, 14.19672876807274697, -9.000000116331657196 ) ) ;
#2203 = CARTESIAN_POINT ( 'NONE',  ( -4.218721002489933980, 15.06604324598888667, -12.31284326307537924 ) ) ;
#2204 = CARTESIAN_POINT ( 'NONE',  ( 5.049995485321669086, 14.10425030237281518, 4.437085336933960455 ) ) ;
#2205 = DIRECTION ( 'NONE',  ( -0.000000000000000000, 0.000000000000000000, 1.000000000000000000 ) ) ;
#2206 = CARTESIAN_POINT ( 'NONE',  ( 4.381057895559217208, 14.58681416782929396, -11.64080170373670953 ) ) ;
#2207 = ORIENTED_EDGE ( 'NONE', *, *, #4324, .F. ) ;
#2208 = CARTESIAN_POINT ( 'NONE',  ( 6.999999999999993783, 7.749999999999765521, 19.25000000000000000 ) ) ;
#2209 = CARTESIAN_POINT ( 'NONE',  ( -0.009936716400435252616, 16.25056488621855166, 14.44764467785865314 ) ) ;
#2210 = CARTESIAN_POINT ( 'NONE',  ( -3.176062036033310942, 15.37228491009421560, -13.01063512383941401 ) ) ;
#2211 = ORIENTED_EDGE ( 'NONE', *, *, #3575, .T. ) ;
#2212 = DIRECTION ( 'NONE',  ( -1.000000000000000000, 0.000000000000000000, 0.000000000000000000 ) ) ;
#2213 = VERTEX_POINT ( 'NONE', #1239 ) ;
#2214 = ADVANCED_FACE ( 'NONE', ( #866 ), #160, .T. ) ;
#2215 = CARTESIAN_POINT ( 'NONE',  ( -4.119815943701623517, 13.42798975213661095, 10.11810349704581924 ) ) ;
#2216 = AXIS2_PLACEMENT_3D ( 'NONE', #1966, #3407, #4445 ) ;
#2217 = CARTESIAN_POINT ( 'NONE',  ( 2.710220104667931729, 14.20508534680735302, -13.05277383626696341 ) ) ;
#2218 = ORIENTED_EDGE ( 'NONE', *, *, #609, .F. ) ;
#2219 = CARTESIAN_POINT ( 'NONE',  ( 0.4000596458769634101, 15.24680322666771914, -14.00074248556630430 ) ) ;
#2220 = CARTESIAN_POINT ( 'NONE',  ( 6.319534355007504267, 12.64705810629816085, 6.176282505525604094 ) ) ;
#2221 = EDGE_CURVE ( 'NONE', #4620, #3460, #933, .T. ) ;
#2222 = DIRECTION ( 'NONE',  ( -1.000000000000000000, 1.734723475976805517E-15, 0.000000000000000000 ) ) ;
#2223 = VECTOR ( 'NONE', #3455, 1000.000000000000000 ) ;
#2224 = CARTESIAN_POINT ( 'NONE',  ( 5.164874590104064467, 14.18718145258765695, -8.922350006096197106 ) ) ;
#2225 = ORIENTED_EDGE ( 'NONE', *, *, #234, .F. ) ;
#2226 = CARTESIAN_POINT ( 'NONE',  ( -5.003564652739714624, 14.62328929814571765, 11.55060275587091745 ) ) ;
#2227 = CARTESIAN_POINT ( 'NONE',  ( 5.308770960566498331, 14.19330170138030489, 4.354247064266900225 ) ) ;
#2228 = CARTESIAN_POINT ( 'NONE',  ( -4.741365459247909087, 14.80474728159451558, 11.01258151783011385 ) ) ;
#2229 = CARTESIAN_POINT ( 'NONE',  ( 4.526843165699399485, 14.48968176592525836, -11.35247030947055080 ) ) ;
#2230 = ORIENTED_EDGE ( 'NONE', *, *, #4108, .F. ) ;
#2231 = CARTESIAN_POINT ( 'NONE',  ( 4.526509144740809454, 13.09023484368334422, 5.213140237756385353 ) ) ;
#2232 = CARTESIAN_POINT ( 'NONE',  ( 16.24999999999993960, 1.132094334975004557, 19.25000000000000000 ) ) ;
#2233 = AXIS2_PLACEMENT_3D ( 'NONE', #3085, #541, #2374 ) ;
#2234 = CARTESIAN_POINT ( 'NONE',  ( -3.397768379744208200, 15.37798896387895198, -12.97597757766788185 ) ) ;
#2235 = ORIENTED_EDGE ( 'NONE', *, *, #3821, .T. ) ;
#2236 = CARTESIAN_POINT ( 'NONE',  ( -15.75000000000000000, 0.000000000000000000, -13.02003210281144341 ) ) ;
#2237 = ORIENTED_EDGE ( 'NONE', *, *, #134, .T. ) ;
#2238 = FACE_BOUND ( 'NONE', #2984, .T. ) ;
#2239 = CIRCLE ( 'NONE', #1114, 2.749999999999999112 ) ;
#2240 = CARTESIAN_POINT ( 'NONE',  ( -4.216728022021634992, 13.33741801566438667, -9.723592066722050120 ) ) ;
#2241 = CARTESIAN_POINT ( 'NONE',  ( 10.49999999999999822, 1.499999999999761968, 19.25000000000000000 ) ) ;
#2242 = AXIS2_PLACEMENT_3D ( 'NONE', #2659, #3452, #4095 ) ;
#2243 = ORIENTED_EDGE ( 'NONE', *, *, #4142, .F. ) ;
#2244 = CARTESIAN_POINT ( 'NONE',  ( 3.982876340316975572, 13.52241208077675161, -11.16951392182656200 ) ) ;
#2245 = CARTESIAN_POINT ( 'NONE',  ( 7.003021627437552965, 3.354595585555661952, 10.42836061142745763 ) ) ;
#2246 = CARTESIAN_POINT ( 'NONE',  ( 6.581487792225971134, 12.89193581086404272, 6.024534809975916616 ) ) ;
#2247 = EDGE_CURVE ( 'NONE', #1188, #1188, #2148, .T. ) ;
#2248 = TOROIDAL_SURFACE ( 'NONE', #669, 2.500000000000000000, 0.5000000000000000000 ) ;
#2249 = DIRECTION ( 'NONE',  ( 1.734723475976811630E-15, 1.000000000000000000, 0.000000000000000000 ) ) ;
#2250 = ADVANCED_FACE ( 'NONE', ( #1610 ), #2746, .T. ) ;
#2251 = CARTESIAN_POINT ( 'NONE',  ( 5.155137153984707510, 14.19498674339887856, -9.059920571243436527 ) ) ;
#2252 = ORIENTED_EDGE ( 'NONE', *, *, #1049, .F. ) ;
#2253 = CARTESIAN_POINT ( 'NONE',  ( -5.353948336260681451, 14.35238314095694534, 10.51273520367712422 ) ) ;
#2254 = CARTESIAN_POINT ( 'NONE',  ( 5.166826697260872514, 14.18565115813150257, 4.303187810384559775 ) ) ;
#2255 = CARTESIAN_POINT ( 'NONE',  ( -3.609636987756636994, 13.74817849211004095, 11.71167147369211570 ) ) ;
#2256 = CARTESIAN_POINT ( 'NONE',  ( 4.251574067047338978, 15.05214952293699859, -12.47519475894772611 ) ) ;
#2257 = LINE ( 'NONE', #4104, #642 ) ;
#2258 = CYLINDRICAL_SURFACE ( 'NONE', #1408, 3.299999999999998934 ) ;
#2259 = CARTESIAN_POINT ( 'NONE',  ( -5.034248778190415941, 14.59896274538276018, 11.45808861330328554 ) ) ;
#2260 = CARTESIAN_POINT ( 'NONE',  ( -3.805059099069498796, 15.35234749058382775, -13.14204228414362774 ) ) ;
#2261 = EDGE_LOOP ( 'NONE', ( #4314, #2534, #3810, #231 ) ) ;
#2262 = DIRECTION ( 'NONE',  ( -0.000000000000000000, 1.000000000000000000, -0.000000000000000000 ) ) ;
#2263 = ORIENTED_EDGE ( 'NONE', *, *, #1388, .F. ) ;
#2264 = CARTESIAN_POINT ( 'NONE',  ( 4.694969904286879547, 12.94203790412208299, -0.8011109252364481126 ) ) ;
#2265 = LINE ( 'NONE', #553, #824 ) ;
#2266 = CARTESIAN_POINT ( 'NONE',  ( 0.03163608406175031501, 16.01093275279935568, 14.00277562295157274 ) ) ;
#2267 = EDGE_LOOP ( 'NONE', ( #2388 ) ) ;
#2268 = CARTESIAN_POINT ( 'NONE',  ( 4.591885392557467860, 13.65923311313781596, -9.573862099180757923 ) ) ;
#2269 = B_SPLINE_CURVE_WITH_KNOTS ( 'NONE', 3,
 ( #3955, #702, #1149, #1829 ),
 .UNSPECIFIED., .F., .F.,
 ( 4, 4 ),
 ( 0.3222349809556066536, 0.6562666054472057198 ),
 .UNSPECIFIED. ) ;
#2270 = CARTESIAN_POINT ( 'NONE',  ( 8.499999999999996447, 7.749999999999757527, 19.25000000000000000 ) ) ;
#2271 = CARTESIAN_POINT ( 'NONE',  ( 6.497263235313602614, 12.63165407805983165, 6.194990927207874698 ) ) ;
#2272 = CARTESIAN_POINT ( 'NONE',  ( 8.499999999999996447, 3.499999999999761080, 9.035561091891988639 ) ) ;
#2273 = CARTESIAN_POINT ( 'NONE',  ( 4.948300512486771829, 13.37215604032000016, 5.407867509586629318 ) ) ;
#2274 = ORIENTED_EDGE ( 'NONE', *, *, #4455, .T. ) ;
#2275 = CARTESIAN_POINT ( 'NONE',  ( 2.956259405661723072, 15.72624918901377455, -13.85796308702506430 ) ) ;
#2276 = CARTESIAN_POINT ( 'NONE',  ( 5.606691056289024644, 14.14006573823399471, 4.492532213491685411 ) ) ;
#2277 = DIRECTION ( 'NONE',  ( -6.419766481290786633E-33, 1.000000000000000000, 0.000000000000000000 ) ) ;
#2278 = CARTESIAN_POINT ( 'NONE',  ( 5.196423510810545210, 14.47775247222279305, -11.13143319608549575 ) ) ;
#2279 = CARTESIAN_POINT ( 'NONE',  ( -4.204862994498921758, 13.34683425107543009, 11.35883217262417766 ) ) ;
#2280 = DIRECTION ( 'NONE',  ( 5.053215498074302889E-16, 1.000000000000000000, 0.000000000000000000 ) ) ;
#2281 = CARTESIAN_POINT ( 'NONE',  ( -1.737613876131522517, 15.55902006118076208, 13.63926866353271983 ) ) ;
#2282 = EDGE_CURVE ( 'NONE', #3648, #3427, #3926, .T. ) ;
#2283 = CARTESIAN_POINT ( 'NONE',  ( -3.040675754689959653, 15.42765359481614595, -13.11275273914246497 ) ) ;
#2284 = VERTEX_POINT ( 'NONE', #2191 ) ;
#2285 = EDGE_CURVE ( 'NONE', #3578, #3964, #3239, .T. ) ;
#2286 = CARTESIAN_POINT ( 'NONE',  ( -16.25000000000000000, 0.000000000000000000, 19.25000000000000000 ) ) ;
#2287 = ORIENTED_EDGE ( 'NONE', *, *, #2638, .T. ) ;
#2288 = DIRECTION ( 'NONE',  ( 1.000000000000000000, 0.000000000000000000, 0.000000000000000000 ) ) ;
#2289 = EDGE_CURVE ( 'NONE', #3995, #4312, #3661, .T. ) ;
#2290 = DIRECTION ( 'NONE',  ( 0.000000000000000000, 0.9714285714285881834, -0.2373321103690192446 ) ) ;
#2291 = ORIENTED_EDGE ( 'NONE', *, *, #3617, .T. ) ;
#2292 = CARTESIAN_POINT ( 'NONE',  ( 4.304201017908726890, 13.28984165084594160, -9.577832373491279583 ) ) ;
#2293 = CIRCLE ( 'NONE', #265, 6.999999999999999112 ) ;
#2294 = ORIENTED_EDGE ( 'NONE', *, *, #54, .T. ) ;
#2295 = DIRECTION ( 'NONE',  ( -0.000000000000000000, -0.000000000000000000, -1.000000000000000000 ) ) ;
#2296 = CARTESIAN_POINT ( 'NONE',  ( -4.087438831288129570, 14.76709693230831277, -11.89359291241959582 ) ) ;
#2297 = DIRECTION ( 'NONE',  ( 0.000000000000000000, 0.000000000000000000, -1.000000000000000000 ) ) ;
#2298 = AXIS2_PLACEMENT_3D ( 'NONE', #1496, #3319, #3935 ) ;
#2299 = CARTESIAN_POINT ( 'NONE',  ( -8.673617379884035472E-16, 7.750000000000000000, 19.25000000000000000 ) ) ;
#2300 = CARTESIAN_POINT ( 'NONE',  ( 4.355632590392488623, 14.44748787603111850, -11.55962964793243586 ) ) ;
#2301 = EDGE_LOOP ( 'NONE', ( #4349 ) ) ;
#2302 = EDGE_CURVE ( 'NONE', #1232, #3829, #58, .T. ) ;
#2303 = CARTESIAN_POINT ( 'NONE',  ( -15.75000000000000355, 1.000000000000000000, -4.977178131738738465 ) ) ;
#2304 = CARTESIAN_POINT ( 'NONE',  ( 5.207643097354729633, 13.97828478215708969, 5.094491222195191682 ) ) ;
#2305 = CARTESIAN_POINT ( 'NONE',  ( -5.126067032758309772, 14.53037143345911630, 9.000000000000001776 ) ) ;
#2306 = VECTOR ( 'NONE', #3621, 1000.000000000000000 ) ;
#2307 = CARTESIAN_POINT ( 'NONE',  ( 4.905047018229351963, 14.50637085087616818, -11.11546907270107809 ) ) ;
#2308 = FACE_OUTER_BOUND ( 'NONE', #3002, .T. ) ;
#2309 = CARTESIAN_POINT ( 'NONE',  ( 6.841717317830893208, 12.79389771336540882, 5.698889074756477768 ) ) ;
#2310 = CARTESIAN_POINT ( 'NONE',  ( -1.826511841619569365, 16.05361030145986234, 14.16986006393383946 ) ) ;
#2311 = CARTESIAN_POINT ( 'NONE',  ( -0.3235014874790458905, 16.25290862613429610, -14.36726391051295693 ) ) ;
#2312 = ORIENTED_EDGE ( 'NONE', *, *, #2029, .T. ) ;
#2313 = CARTESIAN_POINT ( 'NONE',  ( 16.24999999999993960, 0.9999999999997563060, -4.977178131738736688 ) ) ;
#2314 = ORIENTED_EDGE ( 'NONE', *, *, #2926, .F. ) ;
#2315 = DIRECTION ( 'NONE',  ( 0.000000000000000000, -9.714451465470110893E-14, -1.000000000000000000 ) ) ;
#2316 = CARTESIAN_POINT ( 'NONE',  ( 16.24999999999992539, -4.527628272299466516E-13, 19.25000000000000000 ) ) ;
#2317 = APPLICATION_PROTOCOL_DEFINITION ( 'draft international standard', 'automotive_design', 1998, #3038 ) ;
#2318 = ADVANCED_FACE ( 'NONE', ( #711 ), #437, .T. ) ;
#2319 = VERTEX_POINT ( 'NONE', #4385 ) ;
#2320 = CARTESIAN_POINT ( 'NONE',  ( 4.070258936286978546, 13.46197253384354120, -10.91060894645073454 ) ) ;
#2321 = ORIENTED_EDGE ( 'NONE', *, *, #423, .F. ) ;
#2322 = VECTOR ( 'NONE', #1251, 1000.000000000000000 ) ;
#2323 = CARTESIAN_POINT ( 'NONE',  ( 6.999999999999997335, 3.499999999999761968, 19.25000000000000000 ) ) ;
#2324 = CARTESIAN_POINT ( 'NONE',  ( -4.111208837992907483, 15.12804669950541125, -12.44726298538926379 ) ) ;
#2325 = B_SPLINE_CURVE_WITH_KNOTS ( 'NONE', 1,
 ( #189, #1276 ),
 .UNSPECIFIED., .F., .F.,
 ( 2, 2 ),
 ( 0.3222474250527850304, 0.6562798620680484474 ),
 .UNSPECIFIED. ) ;
#2326 = DIRECTION ( 'NONE',  ( -9.860761315262647568E-32, -1.000000000000000000, 0.000000000000000000 ) ) ;
#2327 = FACE_OUTER_BOUND ( 'NONE', #2423, .T. ) ;
#2328 = CARTESIAN_POINT ( 'NONE',  ( 5.678776793417006807, 14.07467492319602798, -8.962447050015557082 ) ) ;
#2329 = ORIENTED_EDGE ( 'NONE', *, *, #2221, .T. ) ;
#2330 = DIRECTION ( 'NONE',  ( 1.000000000000000000, -1.848892746611746419E-31, 0.000000000000000000 ) ) ;
#2331 = AXIS2_PLACEMENT_3D ( 'NONE', #2005, #4464, #1630 ) ;
#2332 = CARTESIAN_POINT ( 'NONE',  ( 5.945200338594658795, 13.82527751286525408, 5.133299786348653804 ) ) ;
#2333 = CARTESIAN_POINT ( 'NONE',  ( -2.648882068040918192, 15.83165117532658250, 13.31494610252189226 ) ) ;
#2334 = AXIS2_PLACEMENT_3D ( 'NONE', #1402, #355, #2115 ) ;
#2335 = CARTESIAN_POINT ( 'NONE',  ( 4.705138827889544295, 14.36531264670321839, -10.92412618877325414 ) ) ;
#2336 = DIRECTION ( 'NONE',  ( 1.000000000000000000, -9.860761315262647568E-32, -0.000000000000000000 ) ) ;
#2337 = CARTESIAN_POINT ( 'NONE',  ( 4.844256443730023065, 12.80536788477748011, 5.744738828332135228 ) ) ;
#2338 = CARTESIAN_POINT ( 'NONE',  ( -2.651495833372421895, 15.83490293754051592, 13.31562378394772672 ) ) ;
#2339 = CARTESIAN_POINT ( 'NONE',  ( -1.918679818941148474, 15.50938876950013423, -13.63032568505517084 ) ) ;
#2340 = DIRECTION ( 'NONE',  ( 1.848892746611746419E-31, 1.000000000000000000, 0.000000000000000000 ) ) ;
#2341 = VERTEX_POINT ( 'NONE', #4644 ) ;
#2342 = DIRECTION ( 'NONE',  ( -1.000000000000000000, -6.419766481290786633E-33, 0.000000000000000000 ) ) ;
#2343 = ORIENTED_EDGE ( 'NONE', *, *, #3614, .T. ) ;
#2344 = CARTESIAN_POINT ( 'NONE',  ( 3.729396569296708819, 13.67856171733488857, -12.59045402396242253 ) ) ;
#2345 = ORIENTED_EDGE ( 'NONE', *, *, #240, .F. ) ;
#2346 = DIRECTION ( 'NONE',  ( 0.000000000000000000, 0.000000000000000000, 1.000000000000000000 ) ) ;
#2347 = CARTESIAN_POINT ( 'NONE',  ( -5.099832029447512127, 14.55128257020587768, -11.02675929884652994 ) ) ;
#2348 = CIRCLE ( 'NONE', #91, 6.250000000000000000 ) ;
#2349 = CARTESIAN_POINT ( 'NONE',  ( 5.278363369830318064, 14.43372751309926549, 4.278339441711267455 ) ) ;
#2350 = DIRECTION ( 'NONE',  ( 1.000000000000000000, -9.860761315262647568E-32, 0.000000000000000000 ) ) ;
#2351 = CARTESIAN_POINT ( 'NONE',  ( -7.000000000000000000, 0.000000000000000000, -19.25000000000000000 ) ) ;
#2352 = CARTESIAN_POINT ( 'NONE',  ( -4.779970814496684817, 14.14580020473996491, -9.671356570535436958 ) ) ;
#2353 = CARTESIAN_POINT ( 'NONE',  ( 5.674661049601661844, 14.07836645368563921, -9.021824309814620690 ) ) ;
#2354 = CARTESIAN_POINT ( 'NONE',  ( 5.746255816243370340, 14.01357692184198100, 4.670941501285016173 ) ) ;
#2355 = CARTESIAN_POINT ( 'NONE',  ( 16.22954968166868639, 1.499999999999763745, -18.74999999999999645 ) ) ;
#2356 = CARTESIAN_POINT ( 'NONE',  ( 5.188697617718804445, 14.48370306564686594, -11.15152170650376462 ) ) ;
#2357 = EDGE_CURVE ( 'NONE', #3930, #1107, #1082, .T. ) ;
#2358 = CARTESIAN_POINT ( 'NONE',  ( -5.425654640468815515, 14.29453985831941765, -9.352128162895153807 ) ) ;
#2359 = CARTESIAN_POINT ( 'NONE',  ( -2.883825117986247299, 15.20844619988304203, 13.06065054441432061 ) ) ;
#2360 = CARTESIAN_POINT ( 'NONE',  ( -0.9987857963051327559, 15.94749608151891529, -13.96005143018028249 ) ) ;
#2361 = CARTESIAN_POINT ( 'NONE',  ( 8.499999999999996447, 3.499999999999761080, 9.035561091891988639 ) ) ;
#2362 = CARTESIAN_POINT ( 'NONE',  ( 0.02872173913193242986, 15.24992809000072924, 13.94888907475647777 ) ) ;
#2363 = EDGE_CURVE ( 'NONE', #2580, #4620, #2169, .T. ) ;
#2364 = ORIENTED_EDGE ( 'NONE', *, *, #2490, .F. ) ;
#2365 = CARTESIAN_POINT ( 'NONE',  ( 4.700938750748321127, 12.93663501030643204, 4.277786843000763284 ) ) ;
#2366 = ORIENTED_EDGE ( 'NONE', *, *, #306, .F. ) ;
#2367 = CARTESIAN_POINT ( 'NONE',  ( 8.499999999999996447, 7.749999999999764633, 14.44888907475647777 ) ) ;
#2368 = CARTESIAN_POINT ( 'NONE',  ( -3.828163563300396977, 14.75896751799956874, -12.16061319589377376 ) ) ;
#2369 = CARTESIAN_POINT ( 'NONE',  ( 5.070138198607694768, 12.57809381185390052, 5.376330065596350849 ) ) ;
#2370 = CARTESIAN_POINT ( 'NONE',  ( -0.6316346035889403021, 15.73141842073492569, 13.89998133589886642 ) ) ;
#2371 = AXIS2_PLACEMENT_3D ( 'NONE', #3334, #2249, #2222 ) ;
#2372 = CARTESIAN_POINT ( 'NONE',  ( -0.5982245393297955793, 15.73429617848717399, -13.97242226932853448 ) ) ;
#2373 = ORIENTED_EDGE ( 'NONE', *, *, #697, .T. ) ;
#2374 = DIRECTION ( 'NONE',  ( 0.000000000000000000, 0.000000000000000000, 1.000000000000000000 ) ) ;
#2375 = EDGE_CURVE ( 'NONE', #3659, #3667, #131, .T. ) ;
#2376 = CARTESIAN_POINT ( 'NONE',  ( 5.332242246884804082, 13.87381442590250025, 5.346397882541612745 ) ) ;
#2377 = CIRCLE ( 'NONE', #1320, 3.299999999999997158 ) ;
#2378 = CARTESIAN_POINT ( 'NONE',  ( 4.746222107821444602, 14.50293685046358760, -11.15158191849421421 ) ) ;
#2379 = EDGE_CURVE ( 'NONE', #4098, #2681, #3726, .T. ) ;
#2380 = CARTESIAN_POINT ( 'NONE',  ( -5.142294887480367116, 14.32688270501647843, -9.423768077801232934 ) ) ;
#2381 = CARTESIAN_POINT ( 'NONE',  ( -5.506582529080713329, 14.22516042135889691, 9.427756804477827046 ) ) ;
#2382 = AXIS2_PLACEMENT_3D ( 'NONE', #3715, #914, #180 ) ;
#2383 = CARTESIAN_POINT ( 'NONE',  ( -0.9721956101888742374, 15.81821282638671811, -13.90770338094500858 ) ) ;
#2384 = CARTESIAN_POINT ( 'NONE',  ( 8.000000007663066626, 3.911864567038069396, 9.456502834096969679 ) ) ;
#2385 = CARTESIAN_POINT ( 'NONE',  ( -10.49999999999999822, 7.382731453484404833E-32, 19.25000000000000000 ) ) ;
#2386 = CARTESIAN_POINT ( 'NONE',  ( 7.003024965571692739, 3.354515536211318594, 10.42517324594433781 ) ) ;
#2387 = ADVANCED_FACE ( 'NONE', ( #3422 ), #3349, .T. ) ;
#2388 = ORIENTED_EDGE ( 'NONE', *, *, #1255, .T. ) ;
#2389 = CARTESIAN_POINT ( 'NONE',  ( -10.49999999999999822, 7.382731453484404833E-32, 19.25000000000000000 ) ) ;
#2390 = VERTEX_POINT ( 'NONE', #128 ) ;
#2391 = CARTESIAN_POINT ( 'NONE',  ( -3.508041796745306584, 14.37218993245113730, 12.26671022169580816 ) ) ;
#2392 = CARTESIAN_POINT ( 'NONE',  ( 5.674661049553082925, 14.07836645372919904, -4.641319747513677818 ) ) ;
#2393 = VECTOR ( 'NONE', #3314, 1000.000000000000000 ) ;
#2394 = CARTESIAN_POINT ( 'NONE',  ( -4.815137773779231800, 14.11909786798762667, 9.000000000000001776 ) ) ;
#2395 = CARTESIAN_POINT ( 'NONE',  ( -4.894474325929927261, 14.22448618453085878, -8.888264834688980542 ) ) ;
#2396 = DIRECTION ( 'NONE',  ( -0.000000000000000000, -0.000000000000000000, 1.000000000000000000 ) ) ;
#2397 = DIRECTION ( 'NONE',  ( -3.357529308342207502E-16, -1.000000000000000000, 0.000000000000000000 ) ) ;
#2398 = CARTESIAN_POINT ( 'NONE',  ( 5.602231445990902614, 13.81497681423351054, 5.539790546811467209 ) ) ;
#2399 = CIRCLE ( 'NONE', #445, 3.875000000000000000 ) ;
#2400 = ADVANCED_FACE ( 'NONE', ( #484 ), #2570, .T. ) ;
#2401 = CARTESIAN_POINT ( 'NONE',  ( 4.824798791720962932, 14.10636646752187495, -10.10576126491531035 ) ) ;
#2402 = ORIENTED_EDGE ( 'NONE', *, *, #3483, .T. ) ;
#2403 = CIRCLE ( 'NONE', #2094, 0.5000000000000001110 ) ;
#2404 = CARTESIAN_POINT ( 'NONE',  ( -5.152539695363588912, 14.31884358609792685, -9.249152058855420577 ) ) ;
#2405 = CARTESIAN_POINT ( 'NONE',  ( -5.112809511053934663, 14.56092792706173000, 9.277577308858216298 ) ) ;
#2406 = AXIS2_PLACEMENT_3D ( 'NONE', #464, #4017, #3690 ) ;
#2407 = CARTESIAN_POINT ( 'NONE',  ( 0.8473217713896503689, 16.21625371542405247, -14.34054338214638591 ) ) ;
#2408 = CARTESIAN_POINT ( 'NONE',  ( 4.694969904367503055, 12.94203790404917775, -9.020459493118458738 ) ) ;
#2409 = CARTESIAN_POINT ( 'NONE',  ( 4.604040766700755682, 13.02233363757587270, -9.099775584527471040 ) ) ;
#2410 = CARTESIAN_POINT ( 'NONE',  ( -8.673617379884035472E-16, 7.750000000000000000, 45.32734660452702258 ) ) ;
#2411 = VERTEX_POINT ( 'NONE', #4409 ) ;
#2412 = CARTESIAN_POINT ( 'NONE',  ( 4.655593199116093928, 13.60919449495895428, 4.422435783351016170 ) ) ;
#2413 = CARTESIAN_POINT ( 'NONE',  ( -3.767865886096584127, 13.65228509324235517, 12.31444347590550592 ) ) ;
#2414 = DIRECTION ( 'NONE',  ( 1.000000000000000000, -0.000000000000000000, 0.000000000000000000 ) ) ;
#2415 = AXIS2_PLACEMENT_3D ( 'NONE', #1814, #2144, #483 ) ;
#2416 = CARTESIAN_POINT ( 'NONE',  ( -4.759104635817635653, 14.16166923205586237, 9.664918911387719191 ) ) ;
#2417 = CARTESIAN_POINT ( 'NONE',  ( -0.2522372461200906302, 15.25289616355745537, -13.99979751273712125 ) ) ;
#2418 = DIRECTION ( 'NONE',  ( 3.357529308342207502E-16, 1.000000000000000000, -0.000000000000000000 ) ) ;
#2419 = CARTESIAN_POINT ( 'NONE',  ( -15.75000000000000355, 1.000000000000000000, 4.977178131738738465 ) ) ;
#2420 = CIRCLE ( 'NONE', #4079, 5.750000000000000000 ) ;
#2421 = CARTESIAN_POINT ( 'NONE',  ( 6.421987358452224015, 12.94171134965974268, 6.093089818183623940 ) ) ;
#2422 = CARTESIAN_POINT ( 'NONE',  ( 5.496093966044131029, 14.23555612708538654, -9.819949414745595462 ) ) ;
#2423 = EDGE_LOOP ( 'NONE', ( #2748, #2965, #3403, #1313 ) ) ;
#2424 = ADVANCED_FACE ( 'NONE', ( #4133 ), #2953, .T. ) ;
#2425 = CARTESIAN_POINT ( 'NONE',  ( -3.689830388592007182, 14.26976435355099326, 12.01028341363530672 ) ) ;
#2426 = CARTESIAN_POINT ( 'NONE',  ( -4.893372474718491461, 14.22532039577660434, -9.026843585648634871 ) ) ;
#2427 = DIRECTION ( 'NONE',  ( 0.000000000000000000, -0.9714285714285866291, -0.2373321103690262390 ) ) ;
#2428 = CARTESIAN_POINT ( 'NONE',  ( 2.142557655364882852, 15.72476234996982392, -13.69072288454027486 ) ) ;
#2429 = CARTESIAN_POINT ( 'NONE',  ( 4.602515975143703031, 13.02564060943539026, -9.015347152386659957 ) ) ;
#2430 = ADVANCED_FACE ( 'NONE', ( #4087 ), #2114, .T. ) ;
#2431 = ADVANCED_FACE ( 'NONE', ( #195 ), #1552, .T. ) ;
#2432 = ORIENTED_EDGE ( 'NONE', *, *, #3549, .T. ) ;
#2433 = CARTESIAN_POINT ( 'NONE',  ( 4.947702866667631483, 13.37274359066971385, 5.408370990149491853 ) ) ;
#2434 = CARTESIAN_POINT ( 'NONE',  ( -2.865961175867378863, 14.67516616206993874, 12.93103710656383498 ) ) ;
#2435 = ADVANCED_FACE ( 'NONE', ( #2238, #3758, #3733 ), #1930, .F. ) ;
#2436 = CARTESIAN_POINT ( 'NONE',  ( -1.342968070302545058, 16.16763627861653063, -13.88611487132425282 ) ) ;
#2437 = CARTESIAN_POINT ( 'NONE',  ( 6.999999999999999112, 1.499999999999763745, 19.25000000000000000 ) ) ;
#2438 = CARTESIAN_POINT ( 'NONE',  ( -2.101586102043526250, 14.95216735277971409, -13.49771262160654928 ) ) ;
#2439 = B_SPLINE_CURVE_WITH_KNOTS ( 'NONE', 3,
 ( #142, #3389, #3434, #1945, #2017, #1664 ),
 .UNSPECIFIED., .F., .F.,
 ( 4, 2, 4 ),
 ( 0.000000000000000000, 0.0003908367502630941473, 0.0007816735005261882946 ),
 .UNSPECIFIED. ) ;
#2440 = CARTESIAN_POINT ( 'NONE',  ( -4.151316847335977833, 13.40497504517620442, -10.06428884018881398 ) ) ;
#2441 = CARTESIAN_POINT ( 'NONE',  ( 15.74999999999994849, 1.499999999999763745, 13.02003210281144341 ) ) ;
#2442 = CARTESIAN_POINT ( 'NONE',  ( 5.974436770482688175, 13.06084410183351352, 6.047433921230157772 ) ) ;
#2443 = EDGE_CURVE ( 'NONE', #505, #1575, #3688, .T. ) ;
#2444 = CARTESIAN_POINT ( 'NONE',  ( 5.194881290520332762, 14.28552377154026765, -9.958329935199953908 ) ) ;
#2445 = ORIENTED_EDGE ( 'NONE', *, *, #149, .T. ) ;
#2446 = CARTESIAN_POINT ( 'NONE',  ( -4.489678817311026471, 13.73714730570715759, 9.321836826552658550 ) ) ;
#2447 = AXIS2_PLACEMENT_3D ( 'NONE', #579, #4494, #3360 ) ;
#2448 = CARTESIAN_POINT ( 'NONE',  ( -5.530405780373348179, 14.20482095828769786, 9.153208794343322907 ) ) ;
#2449 = CARTESIAN_POINT ( 'NONE',  ( 0.8617655846791033580, 16.21515752495400875, -14.47174560368196161 ) ) ;
#2450 = DIRECTION ( 'NONE',  ( 1.000000000000000000, -9.860761315262647568E-32, 0.000000000000000000 ) ) ;
#2451 = CARTESIAN_POINT ( 'NONE',  ( -8.673617379884035472E-16, 7.750000000000000000, 13.94888907475647777 ) ) ;
#2452 = DIRECTION ( 'NONE',  ( 0.000000000000000000, -0.000000000000000000, -1.000000000000000000 ) ) ;
#2453 = ADVANCED_FACE ( 'NONE', ( #1909 ), #3328, .F. ) ;
#2454 = ORIENTED_EDGE ( 'NONE', *, *, #1654, .F. ) ;
#2455 = CARTESIAN_POINT ( 'NONE',  ( 4.521155574054016135, 13.11107147903687320, 5.157557500648291438 ) ) ;
#2456 = CARTESIAN_POINT ( 'NONE',  ( -2.744784448218743123, 14.72487432213131697, 13.02893428395721287 ) ) ;
#2457 = EDGE_CURVE ( 'NONE', #3388, #2284, #2420, .T. ) ;
#2458 = CARTESIAN_POINT ( 'NONE',  ( 2.745203074217919870, 15.79987362991232303, -13.40168944045425725 ) ) ;
#2459 = DIRECTION ( 'NONE',  ( 1.848892746611746419E-31, 1.000000000000000000, 0.000000000000000000 ) ) ;
#2460 = FACE_OUTER_BOUND ( 'NONE', #2261, .T. ) ;
#2461 = PRODUCT_DEFINITION ( 'UNKNOWN', '', #4211, #1285 ) ;
#2462 = EDGE_CURVE ( 'NONE', #1263, #849, #3625, .T. ) ;
#2463 = CARTESIAN_POINT ( 'NONE',  ( -4.222620364150677652, 13.33428174849060710, -11.36403843403038572 ) ) ;
#2464 = EDGE_LOOP ( 'NONE', ( #881 ) ) ;
#2465 = DIRECTION ( 'NONE',  ( 1.000000000000000000, -1.442414296612149001E-14, 0.000000000000000000 ) ) ;
#2466 = AXIS2_PLACEMENT_3D ( 'NONE', #1123, #472, #70 ) ;
#2467 = CARTESIAN_POINT ( 'NONE',  ( 6.432598148240896485, 13.07788080070524650, 5.978635413407207722 ) ) ;
#2468 = CARTESIAN_POINT ( 'NONE',  ( 4.711485993155901220, 14.36072739262619713, -10.90561449925017712 ) ) ;
#2469 = VERTEX_POINT ( 'NONE', #3398 ) ;
#2470 = CARTESIAN_POINT ( 'NONE',  ( -4.167841432518052613, 13.96893272323283597, 11.04500805332785873 ) ) ;
#2471 = VECTOR ( 'NONE', #333, 1000.000000000000000 ) ;
#2472 = CARTESIAN_POINT ( 'NONE',  ( -5.356692368480896249, 14.34968536139856532, -10.55123383269603643 ) ) ;
#2473 = CARTESIAN_POINT ( 'NONE',  ( 6.999999999999993783, 7.749999999999765521, 14.44888907475647777 ) ) ;
#2474 = CARTESIAN_POINT ( 'NONE',  ( 2.720116769223760222, 15.81142568648226110, -13.97558182908115221 ) ) ;
#2475 = CARTESIAN_POINT ( 'NONE',  ( -18.50000000000000355, 1.500000000000000000, -4.977178131738738465 ) ) ;
#2476 = CARTESIAN_POINT ( 'NONE',  ( 5.159845606628143955, 14.19121084093174545, 4.207380525876462940 ) ) ;
#2477 = VECTOR ( 'NONE', #3712, 1000.000000000000000 ) ;
#2478 = CARTESIAN_POINT ( 'NONE',  ( 10.49999999999999645, 3.499999999999761080, -19.24999999999999645 ) ) ;
#2479 = VERTEX_POINT ( 'NONE', #2981 ) ;
#2480 = PLANE ( 'NONE',  #2150 ) ;
#2481 = CARTESIAN_POINT ( 'NONE',  ( -3.170718197394129412, 13.99204047717639732, 13.09744474170778616 ) ) ;
#2482 = CARTESIAN_POINT ( 'NONE',  ( 4.254523771624003636, 15.11171634986900614, -12.14469160663075620 ) ) ;
#2483 = DIRECTION ( 'NONE',  ( -1.000000000000000000, 0.000000000000000000, 0.000000000000000000 ) ) ;
#2484 = CARTESIAN_POINT ( 'NONE',  ( -4.815137773779231800, 14.11909786798762667, 9.000000000000001776 ) ) ;
#2485 = CARTESIAN_POINT ( 'NONE',  ( -3.342292734089210793, 15.15419521999135632, -12.75601372928910671 ) ) ;
#2486 = CARTESIAN_POINT ( 'NONE',  ( -1.595235564366660030, 14.57281688396446206, -14.21670240651736172 ) ) ;
#2487 = B_SPLINE_CURVE_WITH_KNOTS ( 'NONE', 3,
 ( #3958, #1474, #2568, #4009, #1924, #3342, #2692, #1902, #2279, #3042, #2643, #4502, #524, #1951, #1250, #3393, #1622, #3369, #3065, #170, #1546, #1228, #4128, #2668 ),
 .UNSPECIFIED., .F., .F.,
 ( 4, 2, 2, 2, 2, 2, 2, 2, 2, 2, 2, 4 ),
 ( 0.000000000000000000, 0.001027610212147630608, 0.001541415318221446345, 0.002055220424295262083, 0.002569025530369077603, 0.003082830636442893558, 0.004110440848590529370, 0.004624245954664346625, 0.005138051060738163013, 0.006165661272885793187, 0.007193271485033423361, 0.008220881697181055270 ),
 .UNSPECIFIED. ) ;
#2488 = CARTESIAN_POINT ( 'NONE',  ( -8.500000000000000000, 7.750000000000002665, 19.25000000000000000 ) ) ;
#2489 = CARTESIAN_POINT ( 'NONE',  ( 6.132788500641619400, 13.55626868653740580, 5.685806944699520749 ) ) ;
#2490 = EDGE_CURVE ( 'NONE', #50, #4468, #544, .T. ) ;
#2491 = CARTESIAN_POINT ( 'NONE',  ( 4.963376938657907189, 14.46346889136873592, -10.96078608957363443 ) ) ;
#2492 = ORIENTED_EDGE ( 'NONE', *, *, #2670, .T. ) ;
#2493 = DIRECTION ( 'NONE',  ( -3.357529308342207502E-16, -1.000000000000000000, -0.000000000000000000 ) ) ;
#2494 = CARTESIAN_POINT ( 'NONE',  ( -5.085681191115183353, 14.37085573751204137, -9.940834602517250929 ) ) ;
#2495 = CARTESIAN_POINT ( 'NONE',  ( -15.75000000000000000, 1.499999999999763745, -13.02003210281144341 ) ) ;
#2496 = CARTESIAN_POINT ( 'NONE',  ( 3.482254125000653566, 15.09255651872139659, -12.78177655186584971 ) ) ;
#2497 = LINE ( 'NONE', #4, #46 ) ;
#2498 = CYLINDRICAL_SURFACE ( 'NONE', #3005, 6.999999999999999112 ) ;
#2499 = CARTESIAN_POINT ( 'NONE',  ( 10.49999999999999822, 1.499999999999761968, 18.75000000000000000 ) ) ;
#2500 = ORIENTED_EDGE ( 'NONE', *, *, #4576, .F. ) ;
#2501 = CARTESIAN_POINT ( 'NONE',  ( 5.551731258624826637, 12.01770591130267007, 5.678848414732886596 ) ) ;
#2502 = CARTESIAN_POINT ( 'NONE',  ( -4.382797040827848711, 13.20828135034394712, 10.73183523997034783 ) ) ;
#2503 = CARTESIAN_POINT ( 'NONE',  ( -4.523980725738957709, 13.09228216894354269, -9.000000124216734676 ) ) ;
#2504 = LINE ( 'NONE', #1435, #2855 ) ;
#2505 = CARTESIAN_POINT ( 'NONE',  ( 4.561133082091354929, 13.52738483240568002, 4.278205166163874473 ) ) ;
#2506 = CARTESIAN_POINT ( 'NONE',  ( 1.957509605498670924, 14.47540026563351212, -13.56850113446857442 ) ) ;
#2507 = CARTESIAN_POINT ( 'NONE',  ( 10.49999999999999645, 3.499999999999761080, -19.24999999999998224 ) ) ;
#2508 = CARTESIAN_POINT ( 'NONE',  ( 6.055478171898687201, 12.97031028674395792, 6.087758779268229503 ) ) ;
#2509 = CARTESIAN_POINT ( 'NONE',  ( 5.148184454369738816, 14.20054894080944408, -9.149526642487867178 ) ) ;
#2510 = ORIENTED_EDGE ( 'NONE', *, *, #724, .F. ) ;
#2511 = CARTESIAN_POINT ( 'NONE',  ( -2.115285047599952950, 14.94835849496230296, 13.43762030985085865 ) ) ;
#2512 = CARTESIAN_POINT ( 'NONE',  ( -4.951126529092505280, 14.35314945347368365, -9.923911140955285148 ) ) ;
#2513 = CYLINDRICAL_SURFACE ( 'NONE', #2334, 0.5000000000000000000 ) ;
#2514 = ADVANCED_FACE ( 'NONE', ( #1651 ), #4198, .T. ) ;
#2515 = CARTESIAN_POINT ( 'NONE',  ( 5.154654618752199546, 14.50883775650911467, -11.52113083311061281 ) ) ;
#2516 = VECTOR ( 'NONE', #3018, 1000.000000000000000 ) ;
#2517 = DIRECTION ( 'NONE',  ( -1.000000000000000000, 0.000000000000000000, 0.000000000000000000 ) ) ;
#2518 = CARTESIAN_POINT ( 'NONE',  ( 10.49999999999999645, 0.9999999999997636335, -19.25000000000000000 ) ) ;
#2519 = CARTESIAN_POINT ( 'NONE',  ( 7.999999999999996447, 7.749999999999778844, 18.75000000000000000 ) ) ;
#2520 = CIRCLE ( 'NONE', #2298, 2.500000000000000444 ) ;
#2521 = CARTESIAN_POINT ( 'NONE',  ( -4.321435602912174545, 13.86248834920510831, -10.60826995276865325 ) ) ;
#2522 = ORIENTED_EDGE ( 'NONE', *, *, #3880, .T. ) ;
#2523 = CARTESIAN_POINT ( 'NONE',  ( 6.027783135861627173, 12.21224820309442727, 6.200782068936697478 ) ) ;
#2524 = ORIENTED_EDGE ( 'NONE', *, *, #833, .F. ) ;
#2525 = CARTESIAN_POINT ( 'NONE',  ( 4.694969904241103720, 12.94203790416347744, 3.865555741430218628 ) ) ;
#2526 = CARTESIAN_POINT ( 'NONE',  ( 4.024830076778462384, 13.47719361391704673, -11.02811714274612065 ) ) ;
#2527 = DIRECTION ( 'NONE',  ( -0.000000000000000000, -0.000000000000000000, 1.000000000000000000 ) ) ;
#2528 = AXIS2_PLACEMENT_3D ( 'NONE', #1842, #3283, #63 ) ;
#2529 = ORIENTED_EDGE ( 'NONE', *, *, #2785, .F. ) ;
#2530 = CARTESIAN_POINT ( 'NONE',  ( -1.433881946834158816, 14.60910762553366382, -13.74720268443918414 ) ) ;
#2531 = LINE ( 'NONE', #1893, #1175 ) ;
#2532 = CARTESIAN_POINT ( 'NONE',  ( -1.302608634081339645, 14.63598665427830881, -14.31725464597804809 ) ) ;
#2533 = CARTESIAN_POINT ( 'NONE',  ( 5.427203773840556522, 14.22045941765136767, -9.076994406153046313 ) ) ;
#2534 = ORIENTED_EDGE ( 'NONE', *, *, #2375, .F. ) ;
#2535 = CARTESIAN_POINT ( 'NONE',  ( -3.840929413831049022, 15.33403639107487670, 13.08689754690130513 ) ) ;
#2536 = CARTESIAN_POINT ( 'NONE',  ( -4.965538690883617434, 14.58116888557403357, -10.97418293544715340 ) ) ;
#2537 = LINE ( 'NONE', #1850, #2711 ) ;
#2538 = AXIS2_PLACEMENT_3D ( 'NONE', #1576, #2262, #4384 ) ;
#2539 = CARTESIAN_POINT ( 'NONE',  ( 4.736309329248732602, 14.74290390898329761, -11.77123416117024668 ) ) ;
#2540 = ORIENTED_EDGE ( 'NONE', *, *, #334, .F. ) ;
#2541 = CARTESIAN_POINT ( 'NONE',  ( 4.637979826333509692, 13.62284186375636175, 4.198889074756483097 ) ) ;
#2542 = CARTESIAN_POINT ( 'NONE',  ( 5.163127607361096771, 14.19268317412020686, -9.001832272554496583 ) ) ;
#2543 = AXIS2_PLACEMENT_3D ( 'NONE', #3297, #1429, #3272 ) ;
#2544 = CARTESIAN_POINT ( 'NONE',  ( 3.820471127204357220, 14.19410327950017248, -12.03706569372905832 ) ) ;
#2545 = ORIENTED_EDGE ( 'NONE', *, *, #4188, .F. ) ;
#2546 = CARTESIAN_POINT ( 'NONE',  ( 4.827737834621276036, 12.82884200749692560, 5.708950051095976974 ) ) ;
#2547 = ORIENTED_EDGE ( 'NONE', *, *, #1856, .T. ) ;
#2548 = AXIS2_PLACEMENT_3D ( 'NONE', #318, #2414, #1723 ) ;
#2549 = DIRECTION ( 'NONE',  ( -0.000000000000000000, -0.000000000000000000, -1.000000000000000000 ) ) ;
#2550 = CARTESIAN_POINT ( 'NONE',  ( 4.285637744623063128, 13.28514474538782864, -9.876598502489065012 ) ) ;
#2551 = DIRECTION ( 'NONE',  ( -6.419766481290786633E-33, 1.000000000000000000, 0.000000000000000000 ) ) ;
#2552 = TOROIDAL_SURFACE ( 'NONE', #3607, 2.750000000000000000, 0.5000000000000000000 ) ;
#2553 = ORIENTED_EDGE ( 'NONE', *, *, #1244, .T. ) ;
#2554 = CARTESIAN_POINT ( 'NONE',  ( 2.156987094665181459, 14.41118419414062934, -14.01631190894596024 ) ) ;
#2555 = ORIENTED_EDGE ( 'NONE', *, *, #1904, .T. ) ;
#2556 = DIRECTION ( 'NONE',  ( 0.000000000000000000, 0.000000000000000000, -1.000000000000000000 ) ) ;
#2557 = CARTESIAN_POINT ( 'NONE',  ( 6.653932671406296073, 12.79762743338620190, 6.042414406991913012 ) ) ;
#2558 =( BOUNDED_SURFACE ( )  B_SPLINE_SURFACE ( 3, 2, ( 
 ( #4359, #1131, #2571 ),
 ( #1059, #780, #2209 ),
 ( #4381, #2142, #4311 ),
 ( #3322, #3657, #433 ),
 ( #3226, #3581, #6 ),
 ( #3782, #2977, #1278 ),
 ( #503, #1180, #3000 ),
 ( #2645, #4430, #1573 ),
 ( #4083, #1600, #4481 ),
 ( #1977, #1252, #2310 ),
 ( #2281, #4106, #101 ),
 ( #1998, #1524, #549 ),
 ( #1926, #2338, #1905 ),
 ( #2359, #3419, #3020 ),
 ( #191, #1230, #2694 ),
 ( #1625, #4404, #879 ),
 ( #857, #3068, #3705 ),
 ( #4504, #2717, #3751 ),
 ( #150, #3727, #4130 ),
 ( #3395, #4154, #2618 ),
 ( #1548, #3371, #4459 ),
 ( #3044, #4057, #925 ),
 ( #2671, #832, #902 ),
 ( #478, #526, #1953 ),
 ( #172, #3804, #2259 ),
 ( #567, #3344, #123 ),
 ( #1206, #2046, #4614 ),
 ( #1669, #3506, #1648 ),
 ( #637, #658, #2067 ),
 ( #4262, #4524, #2093 ),
 ( #968, #3131, #3090 ),
 ( #2829, #2762, #3885 ),
 ( #3531, #284, #4237 ),
 ( #308, #3487, #590 ),
 ( #1711, #214, #678 ),
 ( #612, #1301, #2381 ),
 ( #1011, #2405, #1690 ),
 ( #2741, #992, #2448 ),
 ( #1378, #1029, #3845 ),
 ( #3110, #3438, #1321 ) ),
 .UNSPECIFIED., .F., .F., .T. ) 
 B_SPLINE_SURFACE_WITH_KNOTS ( ( 4, 2, 2, 2, 2, 2, 2, 2, 2, 2, 2, 2, 2, 2, 2, 2, 2, 2, 2, 4 ),
 ( 3, 3 ),
 ( -7.305492792723569640E-05, 0.0002019952352152886051, 0.0004770453983578128794, 0.001027145724642861482, 0.001577246050927910139, 0.002127346377212958797, 0.003227547029783056111, 0.003777647356068104551, 0.004327747682353152991, 0.004877848008638201865, 0.005427948334923250739, 0.005978048661208299613, 0.006253098824350824050, 0.006390623905922085402, 0.006528148987493347620, 0.007078249313778395627, 0.007628349640063444501, 0.008178449966348493375, 0.008453500129491017812, 0.008728550292633542249 ),
 ( 0.000000000000000000, 1.000000000000000000 ),
 .UNSPECIFIED. ) 
 GEOMETRIC_REPRESENTATION_ITEM ( )  RATIONAL_B_SPLINE_SURFACE ( (
 ( 1.000000000000000000, 0.7070673454363259891, 1.000000000000000000),
 ( 1.000000000000000000, 0.7070733367045652917, 1.000000000000000000),
 ( 1.000000000000000000, 0.7070415800372975568, 1.000000000000000000),
 ( 1.000000000000000000, 0.7069742022853542363, 1.000000000000000000),
 ( 1.000000000000000000, 0.7069310887381191622, 1.000000000000000000),
 ( 1.000000000000000000, 0.7067696015982395386, 1.000000000000000000),
 ( 1.000000000000000000, 0.7066191256168278256, 1.000000000000000000),
 ( 1.000000000000000000, 0.7062106627621057564, 1.000000000000000000),
 ( 1.000000000000000000, 0.7059526558162170229, 1.000000000000000000),
 ( 1.000000000000000000, 0.7053060462289015842, 1.000000000000000000),
 ( 1.000000000000000000, 0.7049175636443109072, 1.000000000000000000),
 ( 1.000000000000000000, 0.7035660221223779542, 1.000000000000000000),
 ( 1.000000000000000000, 0.7024153514010127441, 1.000000000000000000),
 ( 1.000000000000000000, 0.7004052388268510176, 1.000000000000000000),
 ( 1.000000000000000000, 0.6996863511933633095, 1.000000000000000000),
 ( 1.000000000000000000, 0.6982299731133176923, 1.000000000000000000),
 ( 1.000000000000000000, 0.6974743821957627432, 1.000000000000000000),
 ( 1.000000000000000000, 0.6960947235519014953, 1.000000000000000000),
 ( 1.000000000000000000, 0.6953754514233999595, 1.000000000000000000),
 ( 1.000000000000000000, 0.6939064346098063885, 1.000000000000000000),
 ( 1.000000000000000000, 0.6931513286240389426, 1.000000000000000000),
 ( 1.000000000000000000, 0.6916883065069594494, 1.000000000000000000),
 ( 1.000000000000000000, 0.6909776200697906878, 1.000000000000000000),
 ( 1.000000000000000000, 0.6899744223260478870, 1.000000000000000000),
 ( 1.000000000000000000, 0.6896504698042599246, 1.000000000000000000),
 ( 1.000000000000000000, 0.6891835866118065645, 1.000000000000000000),
 ( 1.000000000000000000, 0.6890311234395822826, 1.000000000000000000),
 ( 1.000000000000000000, 0.6887330184569395719, 1.000000000000000000),
 ( 1.000000000000000000, 0.6885056498698830518, 1.000000000000000000),
 ( 1.000000000000000000, 0.6873439861616449376, 1.000000000000000000),
 ( 1.000000000000000000, 0.6867600096082135952, 1.000000000000000000),
 ( 1.000000000000000000, 0.6859087339754668111, 1.000000000000000000),
 ( 1.000000000000000000, 0.6856439252831744158, 1.000000000000000000),
 ( 1.000000000000000000, 0.6852457934271304341, 1.000000000000000000),
 ( 1.000000000000000000, 0.6851163057621965091, 1.000000000000000000),
 ( 1.000000000000000000, 0.6849696838199972326, 1.000000000000000000),
 ( 1.000000000000000000, 0.6849292795000757605, 1.000000000000000000),
 ( 1.000000000000000000, 0.6848604299729702527, 1.000000000000000000),
 ( 1.000000000000000000, 0.6848215242884454490, 1.000000000000000000),
 ( 1.000000000000000000, 0.6848283426811144770, 1.000000000000000000) ) ) 
 REPRESENTATION_ITEM ( '' )  SURFACE ( )  );
#2559 = CARTESIAN_POINT ( 'NONE',  ( -3.012240154108364099, 14.07470115733618954, -13.29753241520414342 ) ) ;
#2560 = CARTESIAN_POINT ( 'NONE',  ( 5.022032267512924975, 14.12617089037088824, -9.100094288051630897 ) ) ;
#2561 = EDGE_LOOP ( 'NONE', ( #4068, #3028, #2648, #1868 ) ) ;
#2562 = CARTESIAN_POINT ( 'NONE',  ( -1.984260139402231005, 16.01705232258147760, 14.12198819974597086 ) ) ;
#2563 = CARTESIAN_POINT ( 'NONE',  ( -5.360471935125193710, 14.34798676586346744, -9.982398642714112924 ) ) ;
#2564 = CARTESIAN_POINT ( 'NONE',  ( 5.675906425457436733, 14.07725009187930176, 4.200961004070016713 ) ) ;
#2565 = DIRECTION ( 'NONE',  ( 0.000000000000000000, 1.000000000000000000, -0.000000000000000000 ) ) ;
#2566 = EDGE_CURVE ( 'NONE', #4341, #4420, #3850, .T. ) ;
#2567 = CARTESIAN_POINT ( 'NONE',  ( 4.130036068269741456, 14.74458885586790657, -12.05313746264176977 ) ) ;
#2568 = CARTESIAN_POINT ( 'NONE',  ( -4.537082287772570055, 13.08085052277156279, 9.704388703746525735 ) ) ;
#2569 = LINE ( 'NONE', #3579, #3678 ) ;
#2570 = TOROIDAL_SURFACE ( 'NONE', #4156, 7.999999999999998224, 0.5000000000000000000 ) ;
#2571 = CARTESIAN_POINT ( 'NONE',  ( 0.08855729369892006986, 16.24953867017102027, 14.45156446516062942 ) ) ;
#2572 = CARTESIAN_POINT ( 'NONE',  ( -2.696172260260891740, 15.65980382523736125, -13.47624666328863796 ) ) ;
#2573 = VERTEX_POINT ( 'NONE', #2721 ) ;
#2574 = DIRECTION ( 'NONE',  ( -5.053215498074302889E-16, -1.000000000000000000, 0.000000000000000000 ) ) ;
#2575 = CARTESIAN_POINT ( 'NONE',  ( -4.565409948103860138, 13.05635636123329490, 9.325845713762690892 ) ) ;
#2576 = EDGE_CURVE ( 'NONE', #435, #2319, #3170, .T. ) ;
#2577 = CARTESIAN_POINT ( 'NONE',  ( 0.6863355688622773121, 14.74316490627726495, -13.99992042082328325 ) ) ;
#2578 = CARTESIAN_POINT ( 'NONE',  ( -17.61029411764705799, 1.500000000000000000, 7.579277945909318248 ) ) ;
#2579 = EDGE_CURVE ( 'NONE', #1840, #3667, #577, .T. ) ;
#2580 = VERTEX_POINT ( 'NONE', #639 ) ;
#2581 = ADVANCED_FACE ( 'NONE', ( #947 ), #2864, .T. ) ;
#2582 = CARTESIAN_POINT ( 'NONE',  ( -1.968822146833302478, 14.47257116955725742, -13.48379411098230740 ) ) ;
#2583 = ORIENTED_EDGE ( 'NONE', *, *, #2869, .T. ) ;
#2584 = CARTESIAN_POINT ( 'NONE',  ( 15.74999999999994849, 0.9126302581756667864, -13.02003210281144341 ) ) ;
#2585 = CARTESIAN_POINT ( 'NONE',  ( 6.635920265918984207, 12.82127233818416556, 6.038182589371555054 ) ) ;
#2586 = LINE ( 'NONE', #770, #3876 ) ;
#2587 = CARTESIAN_POINT ( 'NONE',  ( 5.031661750928188681, 14.11855018216535029, -8.965846658202067943 ) ) ;
#2588 = ORIENTED_EDGE ( 'NONE', *, *, #618, .T. ) ;
#2589 = CARTESIAN_POINT ( 'NONE',  ( -1.436437044733104962, 16.13611636609300248, -14.34748771954250124 ) ) ;
#2590 = CARTESIAN_POINT ( 'NONE',  ( 5.188258342982459581, 14.16851858571672551, 4.493663784846827269 ) ) ;
#2591 = CARTESIAN_POINT ( 'NONE',  ( -15.75000000000000000, 0.000000000000000000, -13.02003210281144341 ) ) ;
#2592 = CARTESIAN_POINT ( 'NONE',  ( 4.672214842677343327, 14.85440130512082746, -12.37400816641009982 ) ) ;
#2593 = ORIENTED_EDGE ( 'NONE', *, *, #2603, .F. ) ;
#2594 = CARTESIAN_POINT ( 'NONE',  ( 16.24999999999992539, -4.527628272299466516E-13, 0.000000000000000000 ) ) ;
#2595 = FACE_OUTER_BOUND ( 'NONE', #3679, .T. ) ;
#2596 = CARTESIAN_POINT ( 'NONE',  ( -2.323421298389273026, 15.68041543038293462, -13.55147198962398036 ) ) ;
#2597 = ORIENTED_EDGE ( 'NONE', *, *, #3753, .F. ) ;
#2598 = DIRECTION ( 'NONE',  ( -1.000000000000000000, 0.000000000000000000, 0.000000000000000000 ) ) ;
#2599 = EDGE_CURVE ( 'NONE', #2319, #1444, #394, .T. ) ;
#2600 = CARTESIAN_POINT ( 'NONE',  ( 6.999999999999995559, 7.749999999999758415, 19.25000000000000000 ) ) ;
#2601 = CARTESIAN_POINT ( 'NONE',  ( 3.023671606236172593, 14.06333444675711419, -12.74436673393973152 ) ) ;
#2602 = CARTESIAN_POINT ( 'NONE',  ( 0.03234501524242013731, 16.19605151776548624, 14.18789574537483666 ) ) ;
#2603 = EDGE_CURVE ( 'NONE', #1776, #3192, #4178, .T. ) ;
#2604 = EDGE_LOOP ( 'NONE', ( #3618, #4488, #3324, #3217 ) ) ;
#2605 = CARTESIAN_POINT ( 'NONE',  ( 3.905607960915907562, 13.56203653155209921, -12.30770008239219493 ) ) ;
#2606 = ORIENTED_EDGE ( 'NONE', *, *, #4438, .F. ) ;
#2607 = DIRECTION ( 'NONE',  ( 9.860761315262647568E-32, 1.000000000000000000, 0.000000000000000000 ) ) ;
#2608 = CARTESIAN_POINT ( 'NONE',  ( 6.461056392879122257, 12.67940939749870388, 6.186834974001126142 ) ) ;
#2609 = CARTESIAN_POINT ( 'NONE',  ( 2.621999292165580808, 14.24620961659935148, -13.74096321557745526 ) ) ;
#2610 = CARTESIAN_POINT ( 'NONE',  ( 5.672324535048220540, 14.08046083386430603, -9.055464329686111924 ) ) ;
#2611 = ORIENTED_EDGE ( 'NONE', *, *, #4300, .F. ) ;
#2612 = CARTESIAN_POINT ( 'NONE',  ( -5.539818601336365944, 14.19673637310287262, 9.021944491933345134 ) ) ;
#2613 = CARTESIAN_POINT ( 'NONE',  ( 5.441385877135731519, 14.20854081845834926, 4.312658084214662679 ) ) ;
#2614 = CARTESIAN_POINT ( 'NONE',  ( -4.749664494947498206, 14.79916238278507201, 10.99249735932528260 ) ) ;
#2615 = CARTESIAN_POINT ( 'NONE',  ( 4.769051799681289339, 14.78692399700882198, -11.99300706810690542 ) ) ;
#2616 = PLANE ( 'NONE',  #117 ) ;
#2617 = CARTESIAN_POINT ( 'NONE',  ( 7.999999999999996447, 3.499999999999761080, 18.75000000000000000 ) ) ;
#2618 = CARTESIAN_POINT ( 'NONE',  ( -4.495578454753299980, 14.96503388819045632, 12.37460551358052996 ) ) ;
#2619 = VECTOR ( 'NONE', #2397, 1000.000000000000000 ) ;
#2620 = CARTESIAN_POINT ( 'NONE',  ( -3.654333656276451681, 15.25941441745550442, -12.75126607932968525 ) ) ;
#2621 = VERTEX_POINT ( 'NONE', #3158 ) ;
#2622 = DIRECTION ( 'NONE',  ( -1.000000000000000000, 1.848892746611746419E-31, 0.000000000000000000 ) ) ;
#2623 = ORIENTED_EDGE ( 'NONE', *, *, #2949, .T. ) ;
#2624 = DIRECTION ( 'NONE',  ( -1.000000000000000000, 0.000000000000000000, 0.000000000000000000 ) ) ;
#2625 = TOROIDAL_SURFACE ( 'NONE', #4351, 7.500000000000000000, 0.5000000000000000000 ) ;
#2626 = CARTESIAN_POINT ( 'NONE',  ( 3.729310077209526675, 13.67452686309740884, -11.73877707864252784 ) ) ;
#2627 = LINE ( 'NONE', #4387, #2477 ) ;
#2628 = VECTOR ( 'NONE', #973, 1000.000000000000000 ) ;
#2629 = EDGE_LOOP ( 'NONE', ( #2769 ) ) ;
#2630 = CARTESIAN_POINT ( 'NONE',  ( 4.446731778729153817, 13.77108665137163968, -10.57132052364184460 ) ) ;
#2631 = CARTESIAN_POINT ( 'NONE',  ( -0.09339141175696988317, 14.74987411466902643, 14.44338395842421718 ) ) ;
#2632 = CARTESIAN_POINT ( 'NONE',  ( 6.701283110918870634, 12.88983666577964549, 5.942102769834302300 ) ) ;
#2633 = CARTESIAN_POINT ( 'NONE',  ( 2.341604668681641410, 14.35411507330589842, -13.92492627574666031 ) ) ;
#2634 = CARTESIAN_POINT ( 'NONE',  ( -3.580224668341989602, 14.89666094884843162, -12.46397550071032079 ) ) ;
#2635 = ORIENTED_EDGE ( 'NONE', *, *, #2576, .F. ) ;
#2636 = CARTESIAN_POINT ( 'NONE',  ( 4.978551712043250532, 14.64347751476683790, -11.89462308779446253 ) ) ;
#2637 = CARTESIAN_POINT ( 'NONE',  ( 5.058624793244416828, 14.09749546460436775, 4.502372188499158767 ) ) ;
#2638 = EDGE_CURVE ( 'NONE', #3447, #397, #4158, .T. ) ;
#2639 = CARTESIAN_POINT ( 'NONE',  ( -3.678656621563546558, 13.70592455008005928, 11.57330114479316308 ) ) ;
#2640 = EDGE_CURVE ( 'NONE', #1454, #1444, #1737, .T. ) ;
#2641 = CARTESIAN_POINT ( 'NONE',  ( 4.800758931015018049, 14.46414099702628953, -11.01648338634444002 ) ) ;
#2642 = EDGE_CURVE ( 'NONE', #397, #3774, #2348, .T. ) ;
#2643 = CARTESIAN_POINT ( 'NONE',  ( -4.020556731472842316, 13.48086538738157536, 11.81468103130160330 ) ) ;
#2644 = DIRECTION ( 'NONE',  ( -1.000000000000000000, 1.465494392505206633E-14, 0.000000000000000000 ) ) ;
#2645 = CARTESIAN_POINT ( 'NONE',  ( -1.090246953314759626, 15.67649260557968383, 13.81540397314646462 ) ) ;
#2646 = CIRCLE ( 'NONE', #2415, 3.300000000000000711 ) ;
#2647 = CARTESIAN_POINT ( 'NONE',  ( -3.266330128543469602, 15.43664609011748823, -13.08524849631231568 ) ) ;
#2648 = ORIENTED_EDGE ( 'NONE', *, *, #4616, .T. ) ;
#2649 = CIRCLE ( 'NONE', #2729, 3.874999999999999112 ) ;
#2650 = DIRECTION ( 'NONE',  ( 1.000000000000000000, 0.000000000000000000, 0.000000000000000000 ) ) ;
#2651 = DIRECTION ( 'NONE',  ( -6.419766481290786633E-33, 1.000000000000000000, 0.000000000000000000 ) ) ;
#2652 = LINE ( 'NONE', #2316, #1119 ) ;
#2653 = CARTESIAN_POINT ( 'NONE',  ( 15.74999999999994849, 0.9126302581756667864, 16.32003210281144590 ) ) ;
#2654 = ORIENTED_EDGE ( 'NONE', *, *, #209, .F. ) ;
#2655 = CARTESIAN_POINT ( 'NONE',  ( 4.290171567271470643, 13.28135977872160822, -11.45487261142660884 ) ) ;
#2656 = EDGE_LOOP ( 'NONE', ( #2007 ) ) ;
#2657 = CARTESIAN_POINT ( 'NONE',  ( -0.5906815240211160667, 14.72699287022995662, 14.39301756626416307 ) ) ;
#2658 = CARTESIAN_POINT ( 'NONE',  ( -4.420929659173071791, 15.00984717116302924, -12.48965298855661921 ) ) ;
#2659 = CARTESIAN_POINT ( 'NONE',  ( -18.50000000000000355, 1.000000000000000000, -4.977178131738738465 ) ) ;
#2660 = LINE ( 'NONE', #4096, #4252 ) ;
#2661 = CARTESIAN_POINT ( 'NONE',  ( 1.401548825443349022, 15.63242119721198264, -13.86141604586618747 ) ) ;
#2662 = ORIENTED_EDGE ( 'NONE', *, *, #691, .T. ) ;
#2663 = CARTESIAN_POINT ( 'NONE',  ( -4.815102368315804959, 14.11905103647989357, -9.000000000000001776 ) ) ;
#2664 = CARTESIAN_POINT ( 'NONE',  ( 5.078056134880220895, 13.90801071276578860, 4.959339760124460206 ) ) ;
#2665 = CARTESIAN_POINT ( 'NONE',  ( -4.747237806706135821, 14.80079703012944492, 10.99839823501743474 ) ) ;
#2666 = B_SPLINE_CURVE_WITH_KNOTS ( 'NONE', 3,
 ( #2272, #3102, #4167, #847, #3717, #493 ),
 .UNSPECIFIED., .F., .F.,
 ( 4, 2, 4 ),
 ( 0.000000000000000000, 0.001041339652617329602, 0.002082679305234659203 ),
 .UNSPECIFIED. ) ;
#2667 = CARTESIAN_POINT ( 'NONE',  ( 4.578494367629703632, 14.28874885659563887, -11.05742051464633491 ) ) ;
#2668 = CARTESIAN_POINT ( 'NONE',  ( 0.02679476816990952401, 14.74994871697276722, 14.44914257599206842 ) ) ;
#2669 = CARTESIAN_POINT ( 'NONE',  ( 6.821928515401743276, 12.82063026957680307, 6.198889074756477768 ) ) ;
#2670 = EDGE_CURVE ( 'NONE', #4641, #849, #2649, .T. ) ;
#2671 = CARTESIAN_POINT ( 'NONE',  ( -4.231164774455788091, 14.52670144097333171, 11.51199468327576625 ) ) ;
#2672 = B_SPLINE_CURVE_WITH_KNOTS ( 'NONE', 3,
 ( #2202, #4048, #2971, #115, #2156, #378, #1445, #747, #426, #1847, #1096, #3628, #403, #1492, #2946, #1147, #449, #4375, #2589, #800, #3060, #3719, #894, #3014, #1642, #3745, #2275, #185, #518, #166, #1970, #2636, #2687, #562, #1993, #3815, #3456, #1566, #1224, #2353 ),
 .UNSPECIFIED., .F., .F.,
 ( 4, 2, 2, 2, 2, 2, 2, 2, 2, 2, 2, 2, 2, 2, 2, 2, 2, 2, 2, 4 ),
 ( 0.000000000000000000, 0.001137250158076007385, 0.002274500316152014770, 0.003411750474228022155, 0.003980375553266025414, 0.004549000632304028673, 0.005117625711342030197, 0.005686250790380031721, 0.006823500948456032167, 0.007960751106532035215, 0.009098001264608034794, 0.01023525142268403611, 0.01137250158076003569, 0.01250975173883603700, 0.01364700189691203831, 0.01478425205498804310, 0.01592150221306404614, 0.01649012729210204767, 0.01705875237114004919, 0.01819600252921604877 ),
 .UNSPECIFIED. ) ;
#2673 = CARTESIAN_POINT ( 'NONE',  ( 0.8274368440315257311, 16.16295718245219604, -14.21016968522754098 ) ) ;
#2674 = ORIENTED_EDGE ( 'NONE', *, *, #750, .T. ) ;
#2675 = DIRECTION ( 'NONE',  ( -1.000000000000000000, 0.000000000000000000, 0.000000000000000000 ) ) ;
#2676 = DIRECTION ( 'NONE',  ( 0.000000000000000000, 0.000000000000000000, 1.000000000000000000 ) ) ;
#2677 = DIRECTION ( 'NONE',  ( -1.848892746611746419E-31, -1.000000000000000000, -0.000000000000000000 ) ) ;
#2678 = ORIENTED_EDGE ( 'NONE', *, *, #3469, .F. ) ;
#2679 = CARTESIAN_POINT ( 'NONE',  ( 4.335813815689532724, 13.85210764046972365, -10.93677280055580070 ) ) ;
#2680 = VECTOR ( 'NONE', #3417, 1000.000000000000000 ) ;
#2681 = VERTEX_POINT ( 'NONE', #311 ) ;
#2682 = DIRECTION ( 'NONE',  ( -0.000000000000000000, 0.000000000000000000, -1.000000000000000000 ) ) ;
#2683 = CARTESIAN_POINT ( 'NONE',  ( -3.926474675010761750, 14.70468545612806111, -12.03214208031286603 ) ) ;
#2684 = DIRECTION ( 'NONE',  ( 1.000000000000000000, 0.000000000000000000, 0.000000000000000000 ) ) ;
#2685 = DIRECTION ( 'NONE',  ( -1.000000000000000000, 3.357529308342207502E-16, 0.000000000000000000 ) ) ;
#2686 = CARTESIAN_POINT ( 'NONE',  ( 3.391196272659682709, 14.99296103102186350, -12.81568238414117467 ) ) ;
#2687 = CARTESIAN_POINT ( 'NONE',  ( 5.141682072021288796, 14.52067147193005603, -11.57647155015609641 ) ) ;
#2688 = CARTESIAN_POINT ( 'NONE',  ( 5.400223061066280472, 13.81575349537025943, 5.466397117255584526 ) ) ;
#2689 = CARTESIAN_POINT ( 'NONE',  ( -3.357065356031033510, 15.55925732096463499, 12.84681183653309944 ) ) ;
#2690 = AXIS2_PLACEMENT_3D ( 'NONE', #3428, #1535, #3079 ) ;
#2691 = CARTESIAN_POINT ( 'NONE',  ( 5.048418038685668741, 14.52015165206677239, -11.11504068922048205 ) ) ;
#2692 = CARTESIAN_POINT ( 'NONE',  ( -4.349598906798656905, 13.23491408044479734, 10.88059300561057796 ) ) ;
#2693 = CARTESIAN_POINT ( 'NONE',  ( 6.411324510113140640, 13.33721357569805299, 6.086745875453384969 ) ) ;
#2694 = CARTESIAN_POINT ( 'NONE',  ( -3.486818685560181486, 15.50348225335142160, 13.37327017640367366 ) ) ;
#2695 = CARTESIAN_POINT ( 'NONE',  ( -2.457309553214687359, 15.83739441202669518, -13.71947662242707899 ) ) ;
#2696 = CARTESIAN_POINT ( 'NONE',  ( -8.673617379884035472E-16, 7.750000000000000000, 13.94888907475647777 ) ) ;
#2697 = CARTESIAN_POINT ( 'NONE',  ( 0.02679476816990952401, 14.74994871697276722, 14.44914257599206842 ) ) ;
#2698 = UNCERTAINTY_MEASURE_WITH_UNIT (LENGTH_MEASURE( 1.000000000000000082E-05 ), #3867, 'distance_accuracy_value', 'NONE');
#2699 = ORIENTED_EDGE ( 'NONE', *, *, #3252, .F. ) ;
#2700 = DIRECTION ( 'NONE',  ( -1.000000000000000000, -1.577721810442023961E-30, 0.000000000000000000 ) ) ;
#2701 = ORIENTED_EDGE ( 'NONE', *, *, #4243, .F. ) ;
#2702 = AXIS2_PLACEMENT_3D ( 'NONE', #3889, #2097, #2004 ) ;
#2703 = CARTESIAN_POINT ( 'NONE',  ( -0.009438252397934082660, 14.75049766374533533, 14.44764549241122431 ) ) ;
#2704 = CARTESIAN_POINT ( 'NONE',  ( -4.018305573104871797, 14.65119016627739690, -11.89764370249211289 ) ) ;
#2705 = CARTESIAN_POINT ( 'NONE',  ( 10.49999999999999645, 3.499999999999761080, 19.25000000000000000 ) ) ;
#2706 = AXIS2_PLACEMENT_3D ( 'NONE', #77, #53, #2878 ) ;
#2707 = CYLINDRICAL_SURFACE ( 'NONE', #2827, 0.5000000000000000000 ) ;
#2708 = CARTESIAN_POINT ( 'NONE',  ( -3.358932355889416410, 15.00428227729511654, -12.69151776251329444 ) ) ;
#2709 = ORIENTED_EDGE ( 'NONE', *, *, #3819, .F. ) ;
#2710 = DIRECTION ( 'NONE',  ( 0.000000000000000000, 0.000000000000000000, -1.000000000000000000 ) ) ;
#2711 = VECTOR ( 'NONE', #2849, 1000.000000000000000 ) ;
#2712 = CARTESIAN_POINT ( 'NONE',  ( 5.760021853955100468, 13.92662301487219167, 5.310189462810269490 ) ) ;
#2713 = CARTESIAN_POINT ( 'NONE',  ( 0.03255137775846558834, 16.24993767081888407, 13.94888907475647777 ) ) ;
#2714 = CARTESIAN_POINT ( 'NONE',  ( 5.016165269817517647, 14.54411642059185361, -11.19518753381775333 ) ) ;
#2715 = DIRECTION ( 'NONE',  ( -6.419766481290786633E-33, 1.000000000000000000, 0.000000000000000000 ) ) ;
#2716 = CARTESIAN_POINT ( 'NONE',  ( -5.434202068776683880, 14.28744501124630872, -9.123814858965134889 ) ) ;
#2717 = CARTESIAN_POINT ( 'NONE',  ( -3.837490265440116843, 15.34421729887681529, 12.41418955131266344 ) ) ;
#2718 = EDGE_CURVE ( 'NONE', #1115, #2621, #991, .T. ) ;
#2719 = CARTESIAN_POINT ( 'NONE',  ( -1.464068821336158566, 16.13167541609770694, -14.20643165195101432 ) ) ;
#2720 = PLANE ( 'NONE',  #3214 ) ;
#2721 = CARTESIAN_POINT ( 'NONE',  ( -16.25000000000000355, 0.000000000000000000, 4.977178131738738465 ) ) ;
#2722 = CARTESIAN_POINT ( 'NONE',  ( -8.673617379884035472E-16, 7.750000000000000000, 18.75000000000000000 ) ) ;
#2723 = EDGE_CURVE ( 'NONE', #3828, #3828, #2802, .T. ) ;
#2724 = EDGE_LOOP ( 'NONE', ( #2252 ) ) ;
#2725 = DIRECTION ( 'NONE',  ( -1.000000000000000000, -6.419766481290786633E-33, 0.000000000000000000 ) ) ;
#2726 = ORIENTED_EDGE ( 'NONE', *, *, #2018, .T. ) ;
#2727 = FACE_OUTER_BOUND ( 'NONE', #4023, .T. ) ;
#2728 = CARTESIAN_POINT ( 'NONE',  ( -4.311340539472495514, 14.90127073706295846, -11.98094286381564011 ) ) ;
#2729 = AXIS2_PLACEMENT_3D ( 'NONE', #2002, #2450, #3442 ) ;
#2730 = LINE ( 'NONE', #3430, #373 ) ;
#2731 = CARTESIAN_POINT ( 'NONE',  ( -4.533768227948304919, 14.32491339926265006, 10.80047835876628071 ) ) ;
#2732 = DIRECTION ( 'NONE',  ( 1.000000000000000000, -2.891205793294679312E-16, 0.000000000000000000 ) ) ;
#2733 = ADVANCED_FACE ( 'NONE', ( #383 ), #682, .T. ) ;
#2734 = CARTESIAN_POINT ( 'NONE',  ( -3.883383181820538876, 14.73471416584096971, -12.09483492006803829 ) ) ;
#2735 = ORIENTED_EDGE ( 'NONE', *, *, #302, .F. ) ;
#2736 = CARTESIAN_POINT ( 'NONE',  ( 7.499999999999996447, 3.499999999999761968, 9.035561091892015284 ) ) ;
#2737 = CARTESIAN_POINT ( 'NONE',  ( 5.264261432703328580, 13.93187535643474284, 5.226398647827641852 ) ) ;
#2738 = CARTESIAN_POINT ( 'NONE',  ( 5.243700592737668309, 14.43984995225401491, -11.31410654034395868 ) ) ;
#2739 = APPLICATION_CONTEXT ( 'automotive_design' ) ;
#2740 = CARTESIAN_POINT ( 'NONE',  ( -5.016568307649754033, 14.30338531741225516, -9.244318245696574010 ) ) ;
#2741 = CARTESIAN_POINT ( 'NONE',  ( -4.807704688154975869, 14.12481990208783245, 9.105418620269757568 ) ) ;
#2742 = CARTESIAN_POINT ( 'NONE',  ( 0.06896056314749887672, 16.19514672784124443, -14.23740677645215236 ) ) ;
#2743 = DIRECTION ( 'NONE',  ( -1.000000000000000000, 0.000000000000000000, -9.462128050782586841E-16 ) ) ;
#2744 = CARTESIAN_POINT ( 'NONE',  ( 6.999999999999997335, 3.499999999999761968, 19.25000000000000000 ) ) ;
#2745 = DIRECTION ( 'NONE',  ( -0.000000000000000000, 0.000000000000000000, 1.000000000000000000 ) ) ;
#2746 =( BOUNDED_SURFACE ( )  B_SPLINE_SURFACE ( 3, 2, ( 
 ( #1937, #4442, #1192 ),
 ( #2703, #3382, #4489 ),
 ( #2631, #4070, #3031 ),
 ( #4093, #3767, #4143 ),
 ( #1962, #556, #1987 ),
 ( #2657, #844, #3140 ),
 ( #2795, #3853, #1040 ),
 ( #1328, #248, #4225 ),
 ( #3833, #645, #4572 ),
 ( #3540, #3183, #2836 ),
 ( #666, #4600, #3896 ),
 ( #2101, #2034, #4203 ),
 ( #226, #1018, #1746 ),
 ( #1657, #1348, #2456 ),
 ( #3871, #2816, #2434 ),
 ( #2481, #979, #3918 ),
 ( #3494, #1722, #4531 ),
 ( #3100, #954, #2391 ),
 ( #2413, #269, #2010 ),
 ( #1308, #2771, #999 ),
 ( #1698, #317, #621 ),
 ( #3163, #2056, #4622 ),
 ( #1387, #4246, #2077 ),
 ( #3515, #1679, #4270 ),
 ( #292, #1366, #3451 ),
 ( #2751, #4184, #600 ),
 ( #3474, #3118, #4551 ),
 ( #1838, #1860, #3585 ),
 ( #4363, #2124, #391 ),
 ( #1789, #10, #1063 ),
 ( #2502, #3304, #3277 ),
 ( #363, #1111, #1135 ),
 ( #688, #2215, #3205 ),
 ( #3992, #2959, #3230 ),
 ( #3967, #1434, #759 ),
 ( #2575, #340, #4293 ),
 ( #34, #3941, #1504 ),
 ( #734, #82, #1816 ) ),
 .UNSPECIFIED., .F., .F., .T. ) 
 B_SPLINE_SURFACE_WITH_KNOTS ( ( 4, 2, 2, 2, 2, 2, 2, 2, 2, 2, 2, 2, 2, 2, 2, 2, 2, 2, 4 ),
 ( 3, 3 ),
 ( -7.275384502115081692E-05, 0.0001936951722089759692, 0.0004601441894391027554, 0.0009930422238993562734, 0.001525940258359609683, 0.002058838292819863310, 0.003124634361740370563, 0.003657532396200624189, 0.004190430430660877816, 0.005256226499581384201, 0.005789124534041637828, 0.006055573551271764207, 0.006188798059886827831, 0.006255410314194359209, 0.006322022568501891454, 0.006854920602962145081, 0.007387818637422398707, 0.007920716671882651466, 0.008453614706342905960 ),
 ( 0.000000000000000000, 1.000000000000000000 ),
 .UNSPECIFIED. ) 
 GEOMETRIC_REPRESENTATION_ITEM ( )  RATIONAL_B_SPLINE_SURFACE ( (
 ( 1.000000000000000000, 0.7071546281278785484, 1.000000000000000000),
 ( 1.000000000000000000, 0.7071467221615089782, 1.000000000000000000),
 ( 1.000000000000000000, 0.7071860102154152727, 1.000000000000000000),
 ( 1.000000000000000000, 0.7072703524779628825, 1.000000000000000000),
 ( 1.000000000000000000, 0.7073245031796769888, 1.000000000000000000),
 ( 1.000000000000000000, 0.7075275192959427084, 1.000000000000000000),
 ( 1.000000000000000000, 0.7077169852209672651, 1.000000000000000000),
 ( 1.000000000000000000, 0.7082285541131330131, 1.000000000000000000),
 ( 1.000000000000000000, 0.7085507266576287488, 1.000000000000000000),
 ( 1.000000000000000000, 0.7093502267604592237, 1.000000000000000000),
 ( 1.000000000000000000, 0.7098293498766394816, 1.000000000000000000),
 ( 1.000000000000000000, 0.7114696332508985144, 1.000000000000000000),
 ( 1.000000000000000000, 0.7128323956065637512, 1.000000000000000000),
 ( 1.000000000000000000, 0.7151034236992406257, 1.000000000000000000),
 ( 1.000000000000000000, 0.7158977756682622928, 1.000000000000000000),
 ( 1.000000000000000000, 0.7174673926125858525, 1.000000000000000000),
 ( 1.000000000000000000, 0.7182408628710268417, 1.000000000000000000),
 ( 1.000000000000000000, 0.7204089201293868427, 1.000000000000000000),
 ( 1.000000000000000000, 0.7219424045939362156, 1.000000000000000000),
 ( 1.000000000000000000, 0.7240436861761672116, 1.000000000000000000),
 ( 1.000000000000000000, 0.7247105621029426015, 1.000000000000000000),
 ( 1.000000000000000000, 0.7256361799849219141, 1.000000000000000000),
 ( 1.000000000000000000, 0.7259323742011041247, 1.000000000000000000),
 ( 1.000000000000000000, 0.7263559194713732348, 1.000000000000000000),
 ( 1.000000000000000000, 0.7265200529741810964, 1.000000000000000000),
 ( 1.000000000000000000, 0.7266818888488589812, 1.000000000000000000),
 ( 1.000000000000000000, 0.7268426021779570423, 1.000000000000000000),
 ( 1.000000000000000000, 0.7270602194904529636, 1.000000000000000000),
 ( 1.000000000000000000, 0.7271635456692229216, 1.000000000000000000),
 ( 1.000000000000000000, 0.7280489197136726931, 1.000000000000000000),
 ( 1.000000000000000000, 0.7285322439436222597, 1.000000000000000000),
 ( 1.000000000000000000, 0.7292362029343067986, 1.000000000000000000),
 ( 1.000000000000000000, 0.7294564340246622036, 1.000000000000000000),
 ( 1.000000000000000000, 0.7297889289220952369, 1.000000000000000000),
 ( 1.000000000000000000, 0.7298979855463149091, 1.000000000000000000),
 ( 1.000000000000000000, 0.7300633769546248653, 1.000000000000000000),
 ( 1.000000000000000000, 0.7301315520213581545, 1.000000000000000000),
 ( 1.000000000000000000, 0.7301427104048745509, 1.000000000000000000) ) ) 
 REPRESENTATION_ITEM ( '' )  SURFACE ( )  );
#2747 = DIRECTION ( 'NONE',  ( 1.000000000000000000, 0.000000000000000000, 0.000000000000000000 ) ) ;
#2748 = ORIENTED_EDGE ( 'NONE', *, *, #970, .T. ) ;
#2749 = CARTESIAN_POINT ( 'NONE',  ( 4.662746896684956788, 13.60364182530231147, 4.483219208085244212 ) ) ;
#2750 = VERTEX_POINT ( 'NONE', #2518 ) ;
#2751 = CARTESIAN_POINT ( 'NONE',  ( -4.264318993156262394, 13.30118484338289697, 11.17573705906585424 ) ) ;
#2752 = EDGE_CURVE ( 'NONE', #462, #7, #1129, .T. ) ;
#2753 = CYLINDRICAL_SURFACE ( 'NONE', #4354, 3.299999999999997158 ) ;
#2754 = CARTESIAN_POINT ( 'NONE',  ( 7.999999999999996447, 7.749999999999765521, -18.74999999999999645 ) ) ;
#2755 = LINE ( 'NONE', #4251, #192 ) ;
#2756 = CIRCLE ( 'NONE', #3270, 6.250000000000000000 ) ;
#2757 = CARTESIAN_POINT ( 'NONE',  ( -3.798985090336707504, 13.63227039933626372, -12.28712988318282662 ) ) ;
#2758 = CARTESIAN_POINT ( 'NONE',  ( -16.25000000000000000, 1.132119633075415965, 19.25000000000000355 ) ) ;
#2759 = CARTESIAN_POINT ( 'NONE',  ( 5.904156667543094983, 13.78852201706992808, 5.485065638619941453 ) ) ;
#2760 = CARTESIAN_POINT ( 'NONE',  ( 5.512008492509524515, 14.22073954798174711, -10.38869596994427980 ) ) ;
#2761 = EDGE_LOOP ( 'NONE', ( #1835, #2553, #1185, #1526 ) ) ;
#2762 = CARTESIAN_POINT ( 'NONE',  ( -4.965892347507850246, 14.66795149890002747, 10.29962852020031860 ) ) ;
#2763 = VECTOR ( 'NONE', #2108, 1000.000000000000000 ) ;
#2764 = CARTESIAN_POINT ( 'NONE',  ( -0.7239327084028251980, 16.22804705534321812, -14.46750290911470316 ) ) ;
#2765 = VECTOR ( 'NONE', #1765, 1000.000000000000000 ) ;
#2766 = CARTESIAN_POINT ( 'NONE',  ( 15.74999999999993783, 0.9999999999997629674, 13.02003210281144341 ) ) ;
#2767 = CARTESIAN_POINT ( 'NONE',  ( 0.03063653744753857752, 15.74992739742196690, 13.94888907475647777 ) ) ;
#2768 = CARTESIAN_POINT ( 'NONE',  ( 7.502617634586227879, 3.874737981537074827, 9.769384219177307926 ) ) ;
#2769 = ORIENTED_EDGE ( 'NONE', *, *, #2247, .T. ) ;
#2770 = CARTESIAN_POINT ( 'NONE',  ( 4.638573723261932180, 13.62237305050994962, 4.210125770195864092 ) ) ;
#2771 = CARTESIAN_POINT ( 'NONE',  ( -3.662685340625240205, 13.72968742924643948, 11.61808469425266388 ) ) ;
#2772 = CARTESIAN_POINT ( 'NONE',  ( 4.831023913107851619, 14.74368312051098684, -11.16067394403119728 ) ) ;
#2773 = AXIS2_PLACEMENT_3D ( 'NONE', #551, #1052, #1777 ) ;
#2774 = EDGE_CURVE ( 'NONE', #4392, #2390, #3078, .T. ) ;
#2775 = DIRECTION ( 'NONE',  ( -1.000000000000000000, 0.000000000000000000, 0.000000000000000000 ) ) ;
#2776 = CARTESIAN_POINT ( 'NONE',  ( -5.158682775798291154, 14.31401054986151422, -8.936583788930468231 ) ) ;
#2777 = CARTESIAN_POINT ( 'NONE',  ( -3.762700218481191961, 13.66970125217874177, -11.45245834185461220 ) ) ;
#2778 = EDGE_LOOP ( 'NONE', ( #2274, #1511, #3301, #253 ) ) ;
#2779 = DIRECTION ( 'NONE',  ( -1.000000000000000000, -6.419766481290789370E-33, 0.000000000000000000 ) ) ;
#2780 = CARTESIAN_POINT ( 'NONE',  ( 6.600910113322940198, 13.10630257190070402, 5.632653263050822368 ) ) ;
#2781 = TOROIDAL_SURFACE ( 'NONE', #4275, 4.375000000000000000, 0.5000000000000000000 ) ;
#2782 = VECTOR ( 'NONE', #461, 1000.000000000000000 ) ;
#2783 = CARTESIAN_POINT ( 'NONE',  ( 4.849614327249736512, 14.08721250804786784, -9.934350021665059316 ) ) ;
#2784 = ORIENTED_EDGE ( 'NONE', *, *, #2926, .T. ) ;
#2785 = EDGE_CURVE ( 'NONE', #1678, #3972, #2184, .T. ) ;
#2786 = EDGE_CURVE ( 'NONE', #3829, #1667, #4639, .T. ) ;
#2787 = CARTESIAN_POINT ( 'NONE',  ( 0.03063653744753857752, 15.74992739742196690, 13.94888907475647777 ) ) ;
#2788 = ADVANCED_FACE ( 'NONE', ( #1077 ), #2498, .F. ) ;
#2789 = CARTESIAN_POINT ( 'NONE',  ( 1.777852297001673243, 15.68559923230652231, -13.76383988811903336 ) ) ;
#2790 = CARTESIAN_POINT ( 'NONE',  ( 8.478692748785201516, 3.874821254590499642, 10.38284956730641362 ) ) ;
#2791 = CARTESIAN_POINT ( 'NONE',  ( 5.430635703538388981, 14.21758144788924305, 4.167418224940496962 ) ) ;
#2792 = CARTESIAN_POINT ( 'NONE',  ( 6.999999999999997335, 3.402493212925443267, 10.77012542968192221 ) ) ;
#2793 = EDGE_LOOP ( 'NONE', ( #4585, #2432, #1641, #1342 ) ) ;
#2794 = CARTESIAN_POINT ( 'NONE',  ( 4.347195213188345342, 13.25634031935940627, 4.182294218281868758 ) ) ;
#2795 = CARTESIAN_POINT ( 'NONE',  ( -0.7539244983181473403, 14.71118474046086355, 14.36653023328348588 ) ) ;
#2796 = CARTESIAN_POINT ( 'NONE',  ( -4.208136873586338034, 15.13602325996592768, -11.99373568332920925 ) ) ;
#2797 = ADVANCED_FACE ( 'NONE', ( #3936, #28, #707 ), #2140, .T. ) ;
#2798 = CARTESIAN_POINT ( 'NONE',  ( 8.003136941463415255, 3.874823327261323502, 10.38097400190327946 ) ) ;
#2799 = CARTESIAN_POINT ( 'NONE',  ( 2.100270550018060511, 14.94839107990696725, -13.56662213155122032 ) ) ;
#2800 = LINE ( 'NONE', #3123, #2223 ) ;
#2801 = CARTESIAN_POINT ( 'NONE',  ( -4.584331170386918508, 13.03998182607642775, 45.32734660452702258 ) ) ;
#2802 = CIRCLE ( 'NONE', #923, 3.300000000000000711 ) ;
#2803 = CARTESIAN_POINT ( 'NONE',  ( 6.460031455913569864, 12.89471098999520571, 6.105242138022653364 ) ) ;
#2804 = CARTESIAN_POINT ( 'NONE',  ( 5.034337997133123466, 14.29005820409018668, -10.11385254185321081 ) ) ;
#2805 = ORIENTED_EDGE ( 'NONE', *, *, #220, .T. ) ;
#2806 = CARTESIAN_POINT ( 'NONE',  ( -3.985393787670413523, 14.08903687411235239, 11.47130569233356212 ) ) ;
#2807 = CARTESIAN_POINT ( 'NONE',  ( -5.294513294506104195, 14.32947553121474371, -8.985232398369314311 ) ) ;
#2808 = CARTESIAN_POINT ( 'NONE',  ( 4.948502491019089788, 14.01604118151178646, -9.000000000000001776 ) ) ;
#2809 = CARTESIAN_POINT ( 'NONE',  ( 2.087349532485216930, 15.60282691656789567, -13.64146635391075080 ) ) ;
#2810 = EDGE_CURVE ( 'NONE', #2054, #1911, #2569, .T. ) ;
#2811 = DIRECTION ( 'NONE',  ( 1.465494392505206633E-14, 1.000000000000000000, 0.000000000000000000 ) ) ;
#2812 = DIRECTION ( 'NONE',  ( -8.673617379884026597E-16, 1.000000000000000000, 0.000000000000000000 ) ) ;
#2813 = CARTESIAN_POINT ( 'NONE',  ( 6.999999999999997335, 3.499999999999761968, 11.11221705762094025 ) ) ;
#2814 = ORIENTED_EDGE ( 'NONE', *, *, #4647, .F. ) ;
#2815 = CARTESIAN_POINT ( 'NONE',  ( 4.640364965056320123, 13.62099600669547605, 4.241680186181743473 ) ) ;
#2816 = CARTESIAN_POINT ( 'NONE',  ( -2.667890905559118675, 14.22959449519380826, 12.94082473671103806 ) ) ;
#2817 = CARTESIAN_POINT ( 'NONE',  ( -2.589114636485018384, 15.87136990636877520, -13.43019431174377765 ) ) ;
#2818 = DIRECTION ( 'NONE',  ( -1.000000000000000000, 0.000000000000000000, 0.000000000000000000 ) ) ;
#2819 = CARTESIAN_POINT ( 'NONE',  ( 1.200082417861809914, 15.15429586481923963, -13.88101490232948620 ) ) ;
#2820 = CARTESIAN_POINT ( 'NONE',  ( -4.290229995270566477, 13.88382710437608303, -10.69503343905020110 ) ) ;
#2821 = ORIENTED_EDGE ( 'NONE', *, *, #724, .T. ) ;
#2822 = LINE ( 'NONE', #2062, #211 ) ;
#2823 = CARTESIAN_POINT ( 'NONE',  ( 5.850901451026529365, 13.57728824930501510, 5.790284511233154241 ) ) ;
#2824 = CARTESIAN_POINT ( 'NONE',  ( 5.106768638041980779, 14.23348159582215366, -9.593916923972860999 ) ) ;
#2825 = ORIENTED_EDGE ( 'NONE', *, *, #1554, .F. ) ;
#2826 = CARTESIAN_POINT ( 'NONE',  ( -0.3453799092927671843, 16.25138420818498730, 14.43429701895397343 ) ) ;
#2827 = AXIS2_PLACEMENT_3D ( 'NONE', #4146, #1220, #3083 ) ;
#2828 = CARTESIAN_POINT ( 'NONE',  ( -5.400745123587680219, 14.31392955727019078, -10.37146947291621224 ) ) ;
#2829 = CARTESIAN_POINT ( 'NONE',  ( -4.655211073549619272, 14.23805485863059062, 10.30719352588478976 ) ) ;
#2830 = CARTESIAN_POINT ( 'NONE',  ( 1.747126892200721038, 15.55697821441145479, -13.76573148849856132 ) ) ;
#2831 = CARTESIAN_POINT ( 'NONE',  ( 4.695888152913934022, 12.94120741786749917, 4.198797356959090621 ) ) ;
#2832 = FACE_OUTER_BOUND ( 'NONE', #1556, .T. ) ;
#2833 = DIRECTION ( 'NONE',  ( -0.000000000000000000, 0.000000000000000000, -1.000000000000000000 ) ) ;
#2834 = ORIENTED_EDGE ( 'NONE', *, *, #793, .T. ) ;
#2835 = DIRECTION ( 'NONE',  ( -0.000000000000000000, -0.000000000000000000, -1.000000000000000000 ) ) ;
#2836 = CARTESIAN_POINT ( 'NONE',  ( -1.509967239479213408, 15.09648298305769565, 13.68077452641034064 ) ) ;
#2837 = CARTESIAN_POINT ( 'NONE',  ( -3.712569870509473180, 15.39638013125708937, -12.55564968562748795 ) ) ;
#2838 = CARTESIAN_POINT ( 'NONE',  ( -3.909489958463876480, 13.55653873069483595, 10.99839823501743474 ) ) ;
#2839 = CARTESIAN_POINT ( 'NONE',  ( -5.295328683481819176, 14.32909850848635358, 9.009998177329112679 ) ) ;
#2840 = CARTESIAN_POINT ( 'NONE',  ( -3.217204475563407495, 15.20849523685467730, -12.86247439334133880 ) ) ;
#2841 = CARTESIAN_POINT ( 'NONE',  ( -3.616768373997458763, 13.74783273178166887, -12.57384707884684794 ) ) ;
#2842 = LINE ( 'NONE', #2801, #3895 ) ;
#2843 = CARTESIAN_POINT ( 'NONE',  ( 6.592641786346092658, 13.02845324566240137, 5.911560877935339242 ) ) ;
#2844 = CARTESIAN_POINT ( 'NONE',  ( 5.226456514389593799, 14.45447122283109564, -11.04885962227387175 ) ) ;
#2845 = ORIENTED_EDGE ( 'NONE', *, *, #2462, .F. ) ;
#2846 = CARTESIAN_POINT ( 'NONE',  ( -8.500000000000000000, 0.000000000000000000, -18.75000000000000000 ) ) ;
#2847 = AXIS2_PLACEMENT_3D ( 'NONE', #3656, #432, #3959 ) ;
#2848 = CARTESIAN_POINT ( 'NONE',  ( -5.193660348843855523, 14.40945979105920749, -10.13146073072718423 ) ) ;
#2849 = DIRECTION ( 'NONE',  ( -0.000000000000000000, 0.000000000000000000, -1.000000000000000000 ) ) ;
#2850 = CIRCLE ( 'NONE', #2927, 2.500000000000000444 ) ;
#2851 = CARTESIAN_POINT ( 'NONE',  ( 3.294573879375771952, 15.58587590474042450, -13.49194398931369854 ) ) ;
#2852 = ORIENTED_EDGE ( 'NONE', *, *, #618, .F. ) ;
#2853 = CARTESIAN_POINT ( 'NONE',  ( -8.673617379884035472E-16, 7.750000000000000000, 45.32734660452702258 ) ) ;
#2854 = CARTESIAN_POINT ( 'NONE',  ( 5.574375508251790734, 14.16832921602657969, 4.212744878506788027 ) ) ;
#2855 = VECTOR ( 'NONE', #922, 1000.000000000000000 ) ;
#2856 = PLANE ( 'NONE',  #1199 ) ;
#2857 = ORIENTED_EDGE ( 'NONE', *, *, #853, .T. ) ;
#2858 = CARTESIAN_POINT ( 'NONE',  ( -17.61029411764705799, 1.000000000000000000, 7.579277945909318248 ) ) ;
#2859 = CARTESIAN_POINT ( 'NONE',  ( 4.694969904260721805, 12.94203790414573518, 1.865555741430218628 ) ) ;
#2860 = CARTESIAN_POINT ( 'NONE',  ( -4.423933616756798415, 13.28715838962717655, -8.999899102967109599 ) ) ;
#2861 = DIRECTION ( 'NONE',  ( -0.000000000000000000, 0.000000000000000000, -1.000000000000000000 ) ) ;
#2862 = EDGE_CURVE ( 'NONE', #835, #3659, #2197, .T. ) ;
#2863 = CARTESIAN_POINT ( 'NONE',  ( 4.521363238881239255, 13.39718118293283311, 4.278205166164694262 ) ) ;
#2864 =( BOUNDED_SURFACE ( )  B_SPLINE_SURFACE ( 3, 2, ( 
 ( #2051, #1715, #2361 ),
 ( #2384, #1692, #3824 ),
 ( #3134, #1323, #660 ),
 ( #2028, #2790, #928 ),
 ( #4565, #4594, #995 ),
 ( #3535, #2070, #3179 ) ),
 .UNSPECIFIED., .F., .F., .F. ) 
 B_SPLINE_SURFACE_WITH_KNOTS ( ( 4, 2, 4 ),
 ( 3, 3 ),
 ( 2.168404344971008868E-19, 0.001043005376790241863, 0.002086010753580483726 ),
 ( 0.000000000000000000, 1.000000000000000000 ),
 .UNSPECIFIED. ) 
 GEOMETRIC_REPRESENTATION_ITEM ( )  RATIONAL_B_SPLINE_SURFACE ( (
 ( 1.000000000000000000, 0.7071067811865521247, 1.000000000000000000),
 ( 1.000000000000000000, 0.7185695689981088652, 1.000000000000000000),
 ( 1.000000000000000000, 0.7245403319778032092, 1.000000000000000000),
 ( 1.000000000000000000, 0.7245971387596410462, 1.000000000000000000),
 ( 1.000000000000000000, 0.7185805003037192273, 1.000000000000000000),
 ( 1.000000000000000000, 0.7071067811865521247, 1.000000000000000000) ) ) 
 REPRESENTATION_ITEM ( '' )  SURFACE ( )  );
#2865 = CARTESIAN_POINT ( 'NONE',  ( -3.375848417994620654, 15.55265701478197293, -13.48387269106410891 ) ) ;
#2866 = CARTESIAN_POINT ( 'NONE',  ( 0.7344534406221197020, 14.71929701673130531, -14.46977182974444176 ) ) ;
#2867 = CARTESIAN_POINT ( 'NONE',  ( 7.002474983322962032, 3.366140233957391814, 9.726578747795311841 ) ) ;
#2868 = CARTESIAN_POINT ( 'NONE',  ( 6.133401118034330857, 12.87891626958600355, 6.118768725983912304 ) ) ;
#2869 = EDGE_CURVE ( 'NONE', #2319, #1095, #1032, .T. ) ;
#2870 = CARTESIAN_POINT ( 'NONE',  ( 5.284149243975470256, 14.21347348756282614, -9.158725991481629691 ) ) ;
#2871 = ORIENTED_EDGE ( 'NONE', *, *, #1508, .F. ) ;
#2872 = CARTESIAN_POINT ( 'NONE',  ( -0.7667387084239641881, 15.21187134740115710, 13.86607465923462179 ) ) ;
#2873 = CARTESIAN_POINT ( 'NONE',  ( -5.159585590378503284, 14.43602242725895302, -10.30345663486283669 ) ) ;
#2874 = CARTESIAN_POINT ( 'NONE',  ( -18.50000000000000355, -1.765435782354967932E-32, 4.977178131738738465 ) ) ;
#2875 = CARTESIAN_POINT ( 'NONE',  ( 2.355504888145589781, 15.39395333663071241, -13.52158229090401953 ) ) ;
#2876 = CARTESIAN_POINT ( 'NONE',  ( 18.49999999999993605, 0.9999999999997613020, 4.977178131738736688 ) ) ;
#2877 = DIRECTION ( 'NONE',  ( 0.9462181142438469417, 0.000000000000000000, -0.3235294117647084522 ) ) ;
#2878 = DIRECTION ( 'NONE',  ( -1.000000000000000000, 0.000000000000000000, 0.000000000000000000 ) ) ;
#2879 = ORIENTED_EDGE ( 'NONE', *, *, #1796, .F. ) ;
#2880 = CARTESIAN_POINT ( 'NONE',  ( 5.268043979057090986, 14.42066058458383182, -2.400555462621758895 ) ) ;
#2881 = ORIENTED_EDGE ( 'NONE', *, *, #1972, .T. ) ;
#2882 = DIRECTION ( 'NONE',  ( 0.000000000000000000, 1.000000000000000000, 0.000000000000000000 ) ) ;
#2883 = CARTESIAN_POINT ( 'NONE',  ( 4.023221840977038610, 13.47832348127934132, -11.03288706269952968 ) ) ;
#2884 = DIRECTION ( 'NONE',  ( 0.000000000000000000, -1.000000000000000000, 0.000000000000000000 ) ) ;
#2885 = ORIENTED_EDGE ( 'NONE', *, *, #3260, .F. ) ;
#2886 = CARTESIAN_POINT ( 'NONE',  ( -2.185367371121886837, 14.40174885604478128, -13.92130998794463892 ) ) ;
#2887 = DIRECTION ( 'NONE',  ( 0.000000000000000000, 1.000000000000000000, 0.000000000000000000 ) ) ;
#2888 = EDGE_CURVE ( 'NONE', #2573, #3930, #5, .T. ) ;
#2889 = CARTESIAN_POINT ( 'NONE',  ( 6.534269105123755139, 12.79981699237527160, 6.125163889311714627 ) ) ;
#2890 = CARTESIAN_POINT ( 'NONE',  ( -4.104522662429333835, 13.42311363442133931, -11.67266739118712771 ) ) ;
#2891 = CARTESIAN_POINT ( 'NONE',  ( 5.028510979791119162, 14.12104483215117590, -9.010629268488383303 ) ) ;
#2892 = ORIENTED_EDGE ( 'NONE', *, *, #4576, .T. ) ;
#2893 = CARTESIAN_POINT ( 'NONE',  ( -5.513018290353679518, 14.21976645417194440, 9.399360588734939626 ) ) ;
#2894 = CARTESIAN_POINT ( 'NONE',  ( -4.708281315666814848, 14.52915210735657858, -10.90168459580230831 ) ) ;
#2895 = FACE_OUTER_BOUND ( 'NONE', #3560, .T. ) ;
#2896 = CARTESIAN_POINT ( 'NONE',  ( 4.517407125987682015, 14.33172283567245309, -11.20852334889337243 ) ) ;
#2897 = VECTOR ( 'NONE', #3795, 1000.000000000000000 ) ;
#2898 = DIRECTION ( 'NONE',  ( -1.000000000000000000, 0.000000000000000000, 0.000000000000000000 ) ) ;
#2899 = CARTESIAN_POINT ( 'NONE',  ( -4.584344783489743058, 13.03997002884613288, -9.000000147895470093 ) ) ;
#2900 = DIRECTION ( 'NONE',  ( 0.000000000000000000, 2.775557561562888827E-14, -1.000000000000000000 ) ) ;
#2901 = CARTESIAN_POINT ( 'NONE',  ( 2.510302133416069115, 14.81416868217227467, -13.33716659022120332 ) ) ;
#2902 = ORIENTED_EDGE ( 'NONE', *, *, #904, .T. ) ;
#2903 = CARTESIAN_POINT ( 'NONE',  ( 15.74999999999993783, 0.9999999999997636335, -13.02003210281144341 ) ) ;
#2904 = ORIENTED_EDGE ( 'NONE', *, *, #455, .F. ) ;
#2905 = DIRECTION ( 'NONE',  ( 1.000000000000000000, -1.734723475976803939E-15, 0.000000000000000000 ) ) ;
#2906 = CARTESIAN_POINT ( 'NONE',  ( 4.018380187938800141, 13.48172192423400517, -11.04718382311284230 ) ) ;
#2907 = CARTESIAN_POINT ( 'NONE',  ( -8.673617379884035472E-16, 7.750000000000000000, 18.75000000000000000 ) ) ;
#2908 = AXIS2_PLACEMENT_3D ( 'NONE', #443, #1869, #3309 ) ;
#2909 = VERTEX_POINT ( 'NONE', #1475 ) ;
#2910 = CARTESIAN_POINT ( 'NONE',  ( 3.024677780822583539, 14.61115675381198464, -12.95994790090919579 ) ) ;
#2911 = B_SPLINE_CURVE_WITH_KNOTS ( 'NONE', 1,
 ( #4596, #4221 ),
 .UNSPECIFIED., .F., .F.,
 ( 2, 2 ),
 ( 0.3222470157774803834, 0.6562794262001533374 ),
 .UNSPECIFIED. ) ;
#2912 = FACE_OUTER_BOUND ( 'NONE', #4383, .T. ) ;
#2913 = CARTESIAN_POINT ( 'NONE',  ( 6.790188916478533621, 12.77188181953352775, 5.961960932400398150 ) ) ;
#2914 = EDGE_CURVE ( 'NONE', #3013, #3030, #2239, .T. ) ;
#2915 = DIRECTION ( 'NONE',  ( -0.000000000000000000, -0.000000000000000000, 1.000000000000000000 ) ) ;
#2916 = CARTESIAN_POINT ( 'NONE',  ( 5.665623094808198701, 14.08646106610202509, -9.148423237222747417 ) ) ;
#2917 = ORIENTED_EDGE ( 'NONE', *, *, #1872, .F. ) ;
#2918 = DIRECTION ( 'NONE',  ( 1.848892746611746419E-31, 1.000000000000000000, 0.000000000000000000 ) ) ;
#2919 = CARTESIAN_POINT ( 'NONE',  ( -4.824222706150994355, 14.27742078902672773, -9.914952497944714338 ) ) ;
#2920 = PLANE ( 'NONE',  #1871 ) ;
#2921 = CARTESIAN_POINT ( 'NONE',  ( 4.010459113924088825, 15.18227287486831223, -12.72002642067737277 ) ) ;
#2922 = ADVANCED_FACE ( 'NONE', ( #2925 ), #1451, .T. ) ;
#2923 = AXIS2_PLACEMENT_3D ( 'NONE', #1952, #1498, #1152 ) ;
#2924 = VERTEX_POINT ( 'NONE', #2899 ) ;
#2925 = FACE_OUTER_BOUND ( 'NONE', #4215, .T. ) ;
#2926 = EDGE_CURVE ( 'NONE', #3030, #50, #4332, .T. ) ;
#2927 = AXIS2_PLACEMENT_3D ( 'NONE', #2478, #2745, #3511 ) ;
#2928 = EDGE_CURVE ( 'NONE', #3970, #3308, #1103, .T. ) ;
#2929 = AXIS2_PLACEMENT_3D ( 'NONE', #3374, #2340, #2622 ) ;
#2930 = VERTEX_POINT ( 'NONE', #3019 ) ;
#2931 = CARTESIAN_POINT ( 'NONE',  ( 5.623861100918886358, 11.91849471460539256, 6.200231149349570536 ) ) ;
#2932 = EDGE_LOOP ( 'NONE', ( #413, #4439, #2593, #1918 ) ) ;
#2933 = CIRCLE ( 'NONE', #1946, 2.749999999999999112 ) ;
#2934 = DIRECTION ( 'NONE',  ( -9.860761315262647568E-32, -1.000000000000000000, 0.000000000000000000 ) ) ;
#2935 = CARTESIAN_POINT ( 'NONE',  ( -2.590081359248586956, 14.26832210949391744, -13.08821901423511846 ) ) ;
#2936 = FACE_OUTER_BOUND ( 'NONE', #223, .T. ) ;
#2937 = CIRCLE ( 'NONE', #73, 5.749999999999998224 ) ;
#2938 = ORIENTED_EDGE ( 'NONE', *, *, #565, .T. ) ;
#2939 = CARTESIAN_POINT ( 'NONE',  ( -2.979838325266502164, 14.09013872683122770, -13.32915753154288474 ) ) ;
#2940 = DIRECTION ( 'NONE',  ( -0.000000000000000000, 0.000000000000000000, -1.000000000000000000 ) ) ;
#2941 = CARTESIAN_POINT ( 'NONE',  ( 6.722637863930839508, 12.95191577787583803, 5.804147614382105580 ) ) ;
#2942 = DIRECTION ( 'NONE',  ( 0.000000000000000000, 0.000000000000000000, 1.000000000000000000 ) ) ;
#2943 = PRODUCT_DEFINITION_SHAPE ( 'NONE', 'NONE',  #2461 ) ;
#2944 = CARTESIAN_POINT ( 'NONE',  ( 4.995056330899154240, 14.14740044766515048, -9.410712355476517743 ) ) ;
#2945 = EDGE_LOOP ( 'NONE', ( #3572, #1503, #3952, #1928 ) ) ;
#2946 = CARTESIAN_POINT ( 'NONE',  ( -3.278291618939416452, 15.59409298933949017, -13.55149413431225014 ) ) ;
#2947 = CARTESIAN_POINT ( 'NONE',  ( 5.173041202302473884, 14.18068944521683328, 4.366311306882643350 ) ) ;
#2948 = CARTESIAN_POINT ( 'NONE',  ( 6.013464892693560770, 13.75794420955672770, 5.225823057756928236 ) ) ;
#2949 = EDGE_CURVE ( 'NONE', #1360, #2573, #3149, .T. ) ;
#2950 = CARTESIAN_POINT ( 'NONE',  ( 4.197943283900404055, 15.14102646356752402, -12.91464560286010865 ) ) ;
#2951 = ORIENTED_EDGE ( 'NONE', *, *, #2642, .F. ) ;
#2952 = DIRECTION ( 'NONE',  ( 0.000000000000000000, 1.000000000000000000, 0.000000000000000000 ) ) ;
#2953 = TOROIDAL_SURFACE ( 'NONE', #685, 5.750000000000000000, 0.5000000000000000000 ) ;
#2954 = CARTESIAN_POINT ( 'NONE',  ( -8.673617379884035472E-16, 7.750000000000000000, 19.25000000000000000 ) ) ;
#2955 = CARTESIAN_POINT ( 'NONE',  ( -3.214146747139698501, 15.56136845473793251, -13.26540231930128932 ) ) ;
#2956 = ORIENTED_EDGE ( 'NONE', *, *, #935, .T. ) ;
#2957 = LINE ( 'NONE', #906, #2782 ) ;
#2958 = ORIENTED_EDGE ( 'NONE', *, *, #1936, .F. ) ;
#2959 = CARTESIAN_POINT ( 'NONE',  ( -4.163917325835672756, 13.39597528179535857, 9.786279612194951127 ) ) ;
#2960 = ADVANCED_FACE ( 'NONE', ( #2999, #1547 ), #2258, .F. ) ;
#2961 = CARTESIAN_POINT ( 'NONE',  ( 3.798120038311840307, 13.63047131205208196, -11.59903509144320388 ) ) ;
#2962 = DIRECTION ( 'NONE',  ( -1.000000000000000000, -6.419766481290788001E-33, 0.000000000000000000 ) ) ;
#2963 = ORIENTED_EDGE ( 'NONE', *, *, #3468, .T. ) ;
#2964 = CARTESIAN_POINT ( 'NONE',  ( 1.550991181647669803, 14.57943207757435644, -13.74861617987053286 ) ) ;
#2965 = ORIENTED_EDGE ( 'NONE', *, *, #3267, .F. ) ;
#2966 = FACE_OUTER_BOUND ( 'NONE', #709, .T. ) ;
#2967 = CARTESIAN_POINT ( 'NONE',  ( 6.516031982910743814, 12.60659542721909077, 6.198843585197242767 ) ) ;
#2968 = CARTESIAN_POINT ( 'NONE',  ( -2.222955403543888764, 14.38928441931206947, -13.89903753647378259 ) ) ;
#2969 = CARTESIAN_POINT ( 'NONE',  ( 5.268937800323318044, 14.22590171444149476, -9.338713437191209721 ) ) ;
#2970 = ORIENTED_EDGE ( 'NONE', *, *, #1317, .T. ) ;
#2971 = CARTESIAN_POINT ( 'NONE',  ( -5.506729985494973612, 14.22554651492385780, -9.761383525742735046 ) ) ;
#2972 = CARTESIAN_POINT ( 'NONE',  ( 5.436384885712321591, 14.21274963703598715, 4.253824864470581169 ) ) ;
#2973 = CARTESIAN_POINT ( 'NONE',  ( -3.383523746020742351, 13.88043756076864277, 12.11354263804852316 ) ) ;
#2974 = CARTESIAN_POINT ( 'NONE',  ( 4.495370716570805669, 14.67382401605230591, -11.66863334971694321 ) ) ;
#2975 = CARTESIAN_POINT ( 'NONE',  ( -5.295990545912951042, 14.32917581193492218, -9.000000000000000000 ) ) ;
#2976 = DIRECTION ( 'NONE',  ( -6.419766481290786633E-33, 1.000000000000000000, 0.000000000000000000 ) ) ;
#2977 = CARTESIAN_POINT ( 'NONE',  ( -0.6297443196067680216, 16.22882658216362728, 13.89866628331597020 ) ) ;
#2978 = CIRCLE ( 'NONE', #943, 0.5000000000000004441 ) ;
#2979 = CARTESIAN_POINT ( 'NONE',  ( -4.063926014695326216, 15.21555459072415850, -12.89226419956846748 ) ) ;
#2980 = ORIENTED_EDGE ( 'NONE', *, *, #2642, .T. ) ;
#2981 = CARTESIAN_POINT ( 'NONE',  ( 15.74999999999993783, 1.499999999999763745, -4.977178131738736688 ) ) ;
#2982 = CARTESIAN_POINT ( 'NONE',  ( -0.5390139306535426389, 14.75605994136753019, -14.00006033467565203 ) ) ;
#2983 = VERTEX_POINT ( 'NONE', #3279 ) ;
#2984 = EDGE_LOOP ( 'NONE', ( #1182 ) ) ;
#2985 = CARTESIAN_POINT ( 'NONE',  ( 4.347323638488798103, 13.84373257706247351, -10.90069725684623414 ) ) ;
#2986 = ADVANCED_FACE ( 'NONE', ( #4429 ), #3780, .F. ) ;
#2987 = PLANE ( 'NONE',  #1470 ) ;
#2988 = EDGE_CURVE ( 'NONE', #3446, #3446, #1562, .T. ) ;
#2989 = CARTESIAN_POINT ( 'NONE',  ( 6.869519469009867763, 12.75596666637866861, 5.704402591341681372 ) ) ;
#2990 = VECTOR ( 'NONE', #490, 1000.000000000000000 ) ;
#2991 = CARTESIAN_POINT ( 'NONE',  ( -4.407534496857113737, 13.18943785499319965, -10.71393535174664180 ) ) ;
#2992 = CARTESIAN_POINT ( 'NONE',  ( 4.637979826333509692, 13.62284186375636175, 4.198889074756483097 ) ) ;
#2993 = ORIENTED_EDGE ( 'NONE', *, *, #2914, .T. ) ;
#2994 = CARTESIAN_POINT ( 'NONE',  ( -4.840645079387378757, 14.74095051516156296, 11.86488293963380869 ) ) ;
#2995 = CARTESIAN_POINT ( 'NONE',  ( 4.965759363786486524, 13.99644971743216892, 4.435608410516222122 ) ) ;
#2996 = FACE_OUTER_BOUND ( 'NONE', #3538, .T. ) ;
#2997 = CARTESIAN_POINT ( 'NONE',  ( 4.930299371350639781, 14.60680654150924518, -11.39206276656028471 ) ) ;
#2998 = DIRECTION ( 'NONE',  ( -3.357529308342207502E-16, -1.000000000000000000, 0.000000000000000000 ) ) ;
#2999 = FACE_OUTER_BOUND ( 'NONE', #4441, .T. ) ;
#3000 = CARTESIAN_POINT ( 'NONE',  ( -0.8846799695997318302, 16.20601235388728156, 14.37007613602059486 ) ) ;
#3001 = CARTESIAN_POINT ( 'NONE',  ( -3.753946514716065774, 15.31631495860227510, -12.82067953297256047 ) ) ;
#3002 = EDGE_LOOP ( 'NONE', ( #4514, #608, #3737, #3503, #2529, #337 ) ) ;
#3003 = DIRECTION ( 'NONE',  ( 0.000000000000000000, 0.000000000000000000, 1.000000000000000000 ) ) ;
#3004 = CARTESIAN_POINT ( 'NONE',  ( -8.673617379884035472E-16, 7.750000000000000000, 14.44888907475647777 ) ) ;
#3005 = AXIS2_PLACEMENT_3D ( 'NONE', #2853, #2162, #3247 ) ;
#3006 = CIRCLE ( 'NONE', #3299, 7.999999999999996447 ) ;
#3007 = VERTEX_POINT ( 'NONE', #3724 ) ;
#3008 = CARTESIAN_POINT ( 'NONE',  ( 4.634279759260714115, 13.62582675805916033, -9.057989413698093628 ) ) ;
#3009 = CARTESIAN_POINT ( 'NONE',  ( 10.49999999999999822, 3.499999999999761968, 19.25000000000000000 ) ) ;
#3010 = CARTESIAN_POINT ( 'NONE',  ( -4.518010863856063430, 14.88508022443015122, -11.89303379310799258 ) ) ;
#3011 = CARTESIAN_POINT ( 'NONE',  ( 6.999999999999997335, 3.499999999999761968, 11.11221705762094025 ) ) ;
#3012 = CARTESIAN_POINT ( 'NONE',  ( 1.725851296561182968, 15.56657633247436756, -13.77257642949374628 ) ) ;
#3013 = VERTEX_POINT ( 'NONE', #548 ) ;
#3014 = CARTESIAN_POINT ( 'NONE',  ( 1.571869060828188225, 16.11179841978502836, -14.35684606296127974 ) ) ;
#3015 = CARTESIAN_POINT ( 'NONE',  ( 5.036990583503970775, 14.11441152860343706, 4.308465712176608342 ) ) ;
#3016 = CARTESIAN_POINT ( 'NONE',  ( -1.186180293250069351, 14.66847274486146624, 13.79010909262366802 ) ) ;
#3017 = CARTESIAN_POINT ( 'NONE',  ( 5.226273799712110701, 14.45343659404955616, -11.35576779095412014 ) ) ;
#3018 = DIRECTION ( 'NONE',  ( 1.465494392505206633E-14, 1.000000000000000000, 0.000000000000000000 ) ) ;
#3019 = CARTESIAN_POINT ( 'NONE',  ( -16.25000000000000000, 1.000000000000000000, 19.25000000000000000 ) ) ;
#3020 = CARTESIAN_POINT ( 'NONE',  ( -3.336810765031718695, 15.56943414905321710, 13.47851890834765776 ) ) ;
#3021 = CIRCLE ( 'NONE', #1660, 4.000000000000000000 ) ;
#3022 = CARTESIAN_POINT ( 'NONE',  ( -0.6228192412995331440, 15.72781328124613687, -13.96991326837530423 ) ) ;
#3023 = ORIENTED_EDGE ( 'NONE', *, *, #263, .T. ) ;
#3024 = AXIS2_PLACEMENT_3D ( 'NONE', #3112, #4239, #2096 ) ;
#3025 = CYLINDRICAL_SURFACE ( 'NONE', #4643, 0.5000000000000000000 ) ;
#3026 = DIRECTION ( 'NONE',  ( -1.000000000000000000, 0.000000000000000000, 0.000000000000000000 ) ) ;
#3027 = DIRECTION ( 'NONE',  ( 1.000000000000000000, 2.755149050080812474E-14, 0.000000000000000000 ) ) ;
#3028 = ORIENTED_EDGE ( 'NONE', *, *, #234, .T. ) ;
#3029 = CARTESIAN_POINT ( 'NONE',  ( 4.286689713777697364, 13.30335790366879145, -9.749288934530746076 ) ) ;
#3030 = VERTEX_POINT ( 'NONE', #1205 ) ;
#3031 = CARTESIAN_POINT ( 'NONE',  ( -0.07040828729362071103, 15.25007439720481095, 13.94422485042276350 ) ) ;
#3032 = CARTESIAN_POINT ( 'NONE',  ( -4.101623441345754628, 14.60069548942389517, -11.76002626802640982 ) ) ;
#3033 = DIRECTION ( 'NONE',  ( -5.053215498074302889E-16, -1.000000000000000000, 0.000000000000000000 ) ) ;
#3034 = DIRECTION ( 'NONE',  ( -1.000000000000000000, 1.848892746611746200E-31, 0.000000000000000000 ) ) ;
#3035 = CARTESIAN_POINT ( 'NONE',  ( -2.468837990011507166, 15.36106281777329841, -13.37475154787101239 ) ) ;
#3036 = EDGE_LOOP ( 'NONE', ( #1215, #2235, #988, #4461 ) ) ;
#3037 = DIRECTION ( 'NONE',  ( 0.000000000000000000, 0.000000000000000000, -1.000000000000000000 ) ) ;
#3038 = APPLICATION_CONTEXT ( 'automotive_design' ) ;
#3039 = CARTESIAN_POINT ( 'NONE',  ( 5.423320814054009453, 14.09769996172410877, 4.908123292242235536 ) ) ;
#3040 = CARTESIAN_POINT ( 'NONE',  ( -3.618845082720765660, 15.44116510651257457, 12.62254961866000791 ) ) ;
#3041 = CARTESIAN_POINT ( 'NONE',  ( 4.548264068148086814, 14.31006578292341835, -11.13284697662303913 ) ) ;
#3042 = CARTESIAN_POINT ( 'NONE',  ( -4.086148486787798184, 13.43408453318908258, 11.66502013696914375 ) ) ;
#3043 = PLANE ( 'NONE',  #1644 ) ;
#3044 = CARTESIAN_POINT ( 'NONE',  ( -4.154773358012478823, 14.57457988202443211, 11.65158743353624082 ) ) ;
#3045 = CARTESIAN_POINT ( 'NONE',  ( 0.4683865471939961389, 16.24649248562315407, -14.50098918869965026 ) ) ;
#3046 = DIRECTION ( 'NONE',  ( -1.000000000000000000, -2.891205793294666986E-16, 0.000000000000000000 ) ) ;
#3047 = CARTESIAN_POINT ( 'NONE',  ( 4.694969904340628553, 12.94203790407348009, -6.280676637157787567 ) ) ;
#3048 = DIRECTION ( 'NONE',  ( 1.465494392505206633E-14, 1.000000000000000000, 0.000000000000000000 ) ) ;
#3049 = VERTEX_POINT ( 'NONE', #909 ) ;
#3050 = ORIENTED_EDGE ( 'NONE', *, *, #1879, .F. ) ;
#3051 = CARTESIAN_POINT ( 'NONE',  ( 4.651247625056051938, 12.98127737935243786, -9.638044583873872639 ) ) ;
#3052 = CIRCLE ( 'NONE', #1459, 7.500000000000000000 ) ;
#3053 = ORIENTED_EDGE ( 'NONE', *, *, #2718, .F. ) ;
#3054 = CARTESIAN_POINT ( 'NONE',  ( -4.512938018404358154, 13.71937102566431044, -9.000000000000001776 ) ) ;
#3055 = CARTESIAN_POINT ( 'NONE',  ( -4.637548338066251219, 14.87434230915237698, -12.20082919522882570 ) ) ;
#3056 = CARTESIAN_POINT ( 'NONE',  ( 5.278363369884473855, 14.43372751304898038, -0.1814901529049563755 ) ) ;
#3057 = FACE_OUTER_BOUND ( 'NONE', #2464, .T. ) ;
#3058 = CARTESIAN_POINT ( 'NONE',  ( 5.216367922457702200, 13.13408603010513254, 5.779631687946936047 ) ) ;
#3059 = ORIENTED_EDGE ( 'NONE', *, *, #2357, .F. ) ;
#3060 = CARTESIAN_POINT ( 'NONE',  ( -0.3154460095694536781, 16.25280103972017898, -14.49895225225992235 ) ) ;
#3061 = EDGE_CURVE ( 'NONE', #1678, #1935, #3219, .T. ) ;
#3062 = CARTESIAN_POINT ( 'NONE',  ( 5.722931831565343685, 14.03478939273198023, 4.569179302224655181 ) ) ;
#3063 = CARTESIAN_POINT ( 'NONE',  ( -2.508958319902443446, 14.28594942169949533, 13.07287495077845207 ) ) ;
#3064 = CARTESIAN_POINT ( 'NONE',  ( 5.191420213660995486, 14.48060987764063867, -11.43909029217444662 ) ) ;
#3065 = CARTESIAN_POINT ( 'NONE',  ( -2.229021977654780162, 14.39285743131194550, 13.85633756926479876 ) ) ;
#3066 = CARTESIAN_POINT ( 'NONE',  ( -5.284149275590416472, 14.33780657328282793, -9.342970495795826835 ) ) ;
#3067 = EDGE_CURVE ( 'NONE', #2681, #2341, #2399, .T. ) ;
#3068 = CARTESIAN_POINT ( 'NONE',  ( -3.601968479407346546, 15.45759348087391594, 12.64387723093079430 ) ) ;
#3069 = ADVANCED_FACE ( 'NONE', ( #457 ), #805, .T. ) ;
#3070 = CARTESIAN_POINT ( 'NONE',  ( 0.06596914096275029171, 15.74495789080971520, -13.99998930641411121 ) ) ;
#3071 = FACE_OUTER_BOUND ( 'NONE', #2761, .T. ) ;
#3072 = DIRECTION ( 'NONE',  ( 0.000000000000000000, 0.000000000000000000, -1.000000000000000000 ) ) ;
#3073 = AXIS2_PLACEMENT_3D ( 'NONE', #3365, #4099, #4520 ) ;
#3074 = ADVANCED_FACE ( 'NONE', ( #4480 ), #3043, .F. ) ;
#3075 = ORIENTED_EDGE ( 'NONE', *, *, #65, .F. ) ;
#3076 = CARTESIAN_POINT ( 'NONE',  ( 4.226551944767885871, 13.92953992907071203, -11.23333917441764207 ) ) ;
#3077 = EDGE_LOOP ( 'NONE', ( #756, #2524, #699, #402 ) ) ;
#3078 = CIRCLE ( 'NONE', #215, 0.5000000000000002220 ) ;
#3079 = DIRECTION ( 'NONE',  ( 0.000000000000000000, 1.000000000000000000, 0.000000000000000000 ) ) ;
#3080 = CARTESIAN_POINT ( 'NONE',  ( -4.426762860609116501, 14.94286562548761488, -12.03745552518492801 ) ) ;
#3081 = FACE_OUTER_BOUND ( 'NONE', #4162, .T. ) ;
#3082 = TOROIDAL_SURFACE ( 'NONE', #1039, 2.750000000000000000, 0.5000000000000000000 ) ;
#3083 = DIRECTION ( 'NONE',  ( 0.000000000000000000, 1.000000000000000000, 0.000000000000000000 ) ) ;
#3084 = CARTESIAN_POINT ( 'NONE',  ( 4.028171036767426827, 14.65401900111270450, -12.10542309516002568 ) ) ;
#3085 = CARTESIAN_POINT ( 'NONE',  ( 15.74999999999994849, 1.499999999999763745, 13.02003210281144341 ) ) ;
#3086 = CIRCLE ( 'NONE', #4064, 8.000000000000000000 ) ;
#3087 = CARTESIAN_POINT ( 'NONE',  ( 5.523136349889708363, 13.88604299013304733, 5.432785516736310605 ) ) ;
#3088 = CARTESIAN_POINT ( 'NONE',  ( 5.056424824249805106, 14.51418080329038496, -11.09478386151212170 ) ) ;
#3089 = CARTESIAN_POINT ( 'NONE',  ( -5.288511083077424679, 14.33430185478359853, -9.253985872014267144 ) ) ;
#3090 = CARTESIAN_POINT ( 'NONE',  ( -5.282024527666128400, 14.40981258654365682, 10.78352795149445242 ) ) ;
#3091 = ADVANCED_FACE ( 'NONE', ( #99 ), #797, .T. ) ;
#3092 = CARTESIAN_POINT ( 'NONE',  ( -1.785781067216704487, 16.01171394975115803, -13.97996649961403648 ) ) ;
#3093 = EDGE_CURVE ( 'NONE', #629, #3007, #3317, .T. ) ;
#3094 = CARTESIAN_POINT ( 'NONE',  ( 6.999999999999995559, 7.749999999999834799, 10.07388907475647777 ) ) ;
#3095 = CARTESIAN_POINT ( 'NONE',  ( 4.542875991427886007, 13.14396217464723549, -9.099775584529268713 ) ) ;
#3096 = DIRECTION ( 'NONE',  ( 3.357529308342207502E-16, 1.000000000000000000, 0.000000000000000000 ) ) ;
#3097 = ORIENTED_EDGE ( 'NONE', *, *, #3766, .F. ) ;
#3098 = CARTESIAN_POINT ( 'NONE',  ( 4.647081814656147003, 13.61579401671588130, 4.331830027259348626 ) ) ;
#3099 = ORIENTED_EDGE ( 'NONE', *, *, #364, .T. ) ;
#3100 = CARTESIAN_POINT ( 'NONE',  ( -3.586347094788435719, 13.76604506537643324, 12.59548244709866083 ) ) ;
#3101 = DIRECTION ( 'NONE',  ( -1.000000000000000000, 0.000000000000000000, 0.000000000000000000 ) ) ;
#3102 = CARTESIAN_POINT ( 'NONE',  ( 8.499999999999994671, 3.432957013017288617, 9.378579747097459673 ) ) ;
#3103 = CARTESIAN_POINT ( 'NONE',  ( -4.513035127664868362, 13.71929927885604705, -8.986244674382204423 ) ) ;
#3104 = ORIENTED_EDGE ( 'NONE', *, *, #3291, .T. ) ;
#3105 = CYLINDRICAL_SURFACE ( 'NONE', #2233, 3.300000000000000711 ) ;
#3106 = CARTESIAN_POINT ( 'NONE',  ( 5.488351298668174394, 14.16872988352845653, 4.638603871073120999 ) ) ;
#3107 = CARTESIAN_POINT ( 'NONE',  ( 4.967160780560445410, 14.34131601612109641, -10.44807661240167818 ) ) ;
#3108 = ORIENTED_EDGE ( 'NONE', *, *, #4234, .T. ) ;
#3109 = CARTESIAN_POINT ( 'NONE',  ( -4.809290797983575061, 14.11725088441372478, -9.156310000763300039 ) ) ;
#3110 = CARTESIAN_POINT ( 'NONE',  ( -4.820369645555365068, 14.11521447820841146, 8.925918063544500569 ) ) ;
#3111 = CARTESIAN_POINT ( 'NONE',  ( -0.2960516975638688986, 16.01101164600450844, -14.05109180909877686 ) ) ;
#3112 = CARTESIAN_POINT ( 'NONE',  ( -8.673617379884035472E-16, 7.750000000000000000, 6.198889074756477768 ) ) ;
#3113 = CARTESIAN_POINT ( 'NONE',  ( 4.561133082233258307, 13.52738483228013422, -9.099775584532720174 ) ) ;
#3114 = CARTESIAN_POINT ( 'NONE',  ( 7.500000006271185349, 3.911779285512940518, 9.456851901528287030 ) ) ;
#3115 = B_SPLINE_CURVE_WITH_KNOTS ( 'NONE', 3,
 ( #3233, #690, #2798, #2126, #4227, #2146 ),
 .UNSPECIFIED., .F., .F.,
 ( 4, 2, 4 ),
 ( 0.000000000000000000, 0.0009294105390794367774, 0.001858821078158873555 ),
 .UNSPECIFIED. ) ;
#3116 = ORIENTED_EDGE ( 'NONE', *, *, #1508, .T. ) ;
#3117 = PLANE ( 'NONE',  #575 ) ;
#3118 = CARTESIAN_POINT ( 'NONE',  ( -3.925987826211399856, 13.56171841860273908, 10.97132309276260287 ) ) ;
#3119 = CARTESIAN_POINT ( 'NONE',  ( 4.040874502768958543, 15.23318288521944730, -12.39755271380989932 ) ) ;
#3120 = CARTESIAN_POINT ( 'NONE',  ( 6.420546464206719151, 12.52228941568785459, 6.198889074756477768 ) ) ;
#3121 = CARTESIAN_POINT ( 'NONE',  ( -5.436802155043585216, 14.28528366501500635, -8.891752030407898744 ) ) ;
#3122 = ADVANCED_FACE ( 'NONE', ( #1293 ), #2781, .T. ) ;
#3123 = CARTESIAN_POINT ( 'NONE',  ( 16.24999999999992539, -4.527628272299466516E-13, 0.000000000000000000 ) ) ;
#3125 = EDGE_CURVE ( 'NONE', #1263, #2213, #368, .T. ) ;
#3124 = CARTESIAN_POINT ( 'NONE',  ( -4.512938794312082891, 13.71937205211221489, -9.000000000000001776 ) ) ;
#3126 = CARTESIAN_POINT ( 'NONE',  ( 5.872362672744109169, 13.89663363481337122, 5.222050741761927739 ) ) ;
#3127 = ADVANCED_FACE ( 'NONE', ( #4166 ), #1713, .T. ) ;
#3128 = CARTESIAN_POINT ( 'NONE',  ( 4.840935168437026981, 14.26550034995855221, -10.43506686105802395 ) ) ;
#3129 = ORIENTED_EDGE ( 'NONE', *, *, #1796, .T. ) ;
#3130 = CARTESIAN_POINT ( 'NONE',  ( -5.158428298156746195, 14.31421017215152425, -8.984619794731422360 ) ) ;
#3131 = CARTESIAN_POINT ( 'NONE',  ( -4.887065964396025031, 14.72301760909713586, 10.62120436993701311 ) ) ;
#3132 = AXIS2_PLACEMENT_3D ( 'NONE', #1512, #1164, #817 ) ;
#3133 = CARTESIAN_POINT ( 'NONE',  ( 2.911293397044009357, 15.68411202677999228, -13.57475294180936487 ) ) ;
#3134 = CARTESIAN_POINT ( 'NONE',  ( 8.003116902885672346, 3.875177855335638633, 9.762362784626670731 ) ) ;
#3135 = ADVANCED_FACE ( 'NONE', ( #957 ), #2625, .T. ) ;
#3136 = CARTESIAN_POINT ( 'NONE',  ( 5.294470502397466305, 14.20501278656549715, 4.174113944677700694 ) ) ;
#3137 = CARTESIAN_POINT ( 'NONE',  ( 7.502592827644248175, 3.875264856576776662, 10.38502648352252322 ) ) ;
#3138 = VERTEX_POINT ( 'NONE', #2080 ) ;
#3139 = CARTESIAN_POINT ( 'NONE',  ( 4.899021656948744585, 12.75021510197690233, 5.107625535722941201 ) ) ;
#3140 = CARTESIAN_POINT ( 'NONE',  ( -0.5649602865048185540, 15.23019251536228857, 13.89749941460275018 ) ) ;
#3141 = CARTESIAN_POINT ( 'NONE',  ( 4.887293664659560832, 14.70444938832784310, -11.02811714274612065 ) ) ;
#3142 = CARTESIAN_POINT ( 'NONE',  ( 6.999999999999999112, 7.749999999999841904, 10.07388907475647777 ) ) ;
#3143 = AXIS2_PLACEMENT_3D ( 'NONE', #3698, #2179, #4398 ) ;
#3144 = CARTESIAN_POINT ( 'NONE',  ( 3.643622739444135838, 14.29854933286344654, -12.29033360325348845 ) ) ;
#3145 = DIRECTION ( 'NONE',  ( -0.000000000000000000, 0.000000000000000000, -1.000000000000000000 ) ) ;
#3146 = ORIENTED_EDGE ( 'NONE', *, *, #4142, .T. ) ;
#3147 = PLANE ( 'NONE',  #4038 ) ;
#3148 = CARTESIAN_POINT ( 'NONE',  ( 5.992397527425861625, 13.23920652940500808, 6.009266406718849041 ) ) ;
#3149 = CIRCLE ( 'NONE', #1861, 2.249999999999998668 ) ;
#3150 = EDGE_CURVE ( 'NONE', #3843, #3578, #1194, .T. ) ;
#3151 = CARTESIAN_POINT ( 'NONE',  ( 4.762263315286750398, 14.32404536001003414, -10.75752098306556981 ) ) ;
#3152 = EDGE_LOOP ( 'NONE', ( #326 ) ) ;
#3153 = AXIS2_PLACEMENT_3D ( 'NONE', #2722, #4088, #3027 ) ;
#3154 = CARTESIAN_POINT ( 'NONE',  ( 8.499999999999996447, 7.749999999999764633, 5.698889074756477768 ) ) ;
#3155 = CARTESIAN_POINT ( 'NONE',  ( -4.893860209416803997, 14.22494912215951146, -8.983683912217619749 ) ) ;
#3156 = DIRECTION ( 'NONE',  ( 0.000000000000000000, 0.000000000000000000, -1.000000000000000000 ) ) ;
#3157 = CARTESIAN_POINT ( 'NONE',  ( 3.233737553205320747, 15.20752445033305200, -12.99453323572215702 ) ) ;
#3158 = CARTESIAN_POINT ( 'NONE',  ( -7.999999999999996447, 7.750000000000001776, 19.25000000000000000 ) ) ;
#3159 = SURFACE_STYLE_FILL_AREA ( #4544 ) ;
#3160 = CARTESIAN_POINT ( 'NONE',  ( 7.500000006447808509, 3.911684868185784758, 10.69053978662849680 ) ) ;
#3161 = ORIENTED_EDGE ( 'NONE', *, *, #1244, .F. ) ;
#3162 = CARTESIAN_POINT ( 'NONE',  ( 4.785868634268294564, 13.50643724514618249, 5.044034378482980863 ) ) ;
#3163 = CARTESIAN_POINT ( 'NONE',  ( -4.159106778989281494, 13.38057092232042145, 11.47826637435286479 ) ) ;
#3164 = CARTESIAN_POINT ( 'NONE',  ( -4.584344783489743058, 13.03997002884613288, -9.000000147895470093 ) ) ;
#3165 = FACE_OUTER_BOUND ( 'NONE', #37, .T. ) ;
#3166 = CARTESIAN_POINT ( 'NONE',  ( -3.883604739959974683, 14.73447574880249888, 12.07053047762878073 ) ) ;
#3167 = CARTESIAN_POINT ( 'NONE',  ( 6.841717317830893208, 12.79389771336540882, 5.698889074756477768 ) ) ;
#3168 = CARTESIAN_POINT ( 'NONE',  ( -4.561546207233131867, 13.05965747417915068, -9.621433062212229714 ) ) ;
#3169 = DIRECTION ( 'NONE',  ( -1.000000000000000000, 0.000000000000000000, 0.000000000000000000 ) ) ;
#3170 = CIRCLE ( 'NONE', #13, 4.375000000000000000 ) ;
#3171 = CARTESIAN_POINT ( 'NONE',  ( 6.256019998471177956, 13.50432131347639064, 5.450684815693798591 ) ) ;
#3172 = CARTESIAN_POINT ( 'NONE',  ( 5.597793457489791180, 14.14655971227473863, -9.841501077470073966 ) ) ;
#3173 = ORIENTED_EDGE ( 'NONE', *, *, #1315, .T. ) ;
#3174 = CARTESIAN_POINT ( 'NONE',  ( -3.916596011454499315, 14.13251170314013372, 11.60882963494124986 ) ) ;
#3175 = CARTESIAN_POINT ( 'NONE',  ( -5.436032099673479223, 14.28458804749486788, -10.19009170266933140 ) ) ;
#3176 = LINE ( 'NONE', #4196, #3835 ) ;
#3177 = CARTESIAN_POINT ( 'NONE',  ( 2.758872053994752882, 15.53831147933843404, -13.41183964543489182 ) ) ;
#3178 = ORIENTED_EDGE ( 'NONE', *, *, #65, .T. ) ;
#3179 = CARTESIAN_POINT ( 'NONE',  ( 8.499999999999996447, 3.499999999999760192, 11.11221705762096690 ) ) ;
#3180 = CARTESIAN_POINT ( 'NONE',  ( 15.74999999999993783, 0.9999999999997636335, 13.02003210281144341 ) ) ;
#3181 = ORIENTED_EDGE ( 'NONE', *, *, #4458, .F. ) ;
#3182 = CARTESIAN_POINT ( 'NONE',  ( 5.019011269738522962, 13.31163269735636412, 5.523023905383048771 ) ) ;
#3183 = CARTESIAN_POINT ( 'NONE',  ( -1.400717526142271296, 14.61168768878301272, 13.68380897341953428 ) ) ;
#3184 = CARTESIAN_POINT ( 'NONE',  ( -4.640902466774650570, 14.87272925960777314, -11.29613201934312272 ) ) ;
#3185 = CARTESIAN_POINT ( 'NONE',  ( -3.899789637258777475, 13.56305909530406950, 11.02674325145279077 ) ) ;
#3186 = CARTESIAN_POINT ( 'NONE',  ( 4.521363238975802723, 13.39718118285095194, -4.640448667633036095 ) ) ;
#3187 = CARTESIAN_POINT ( 'NONE',  ( -2.900700320235434670, 15.48034853324496574, -13.20686118261697395 ) ) ;
#3188 = CARTESIAN_POINT ( 'NONE',  ( -8.673617379884035472E-16, 7.750000000000000000, 14.44888907475647777 ) ) ;
#3189 = CARTESIAN_POINT ( 'NONE',  ( -4.613659985713640665, 13.85259838018413348, -9.000000000000001776 ) ) ;
#3190 = CARTESIAN_POINT ( 'NONE',  ( 6.287414757536684995, 13.47124319516724000, 5.620485693613562539 ) ) ;
#3191 = CARTESIAN_POINT ( 'NONE',  ( 4.724617451125181056, 14.18215101372519982, -10.60089647604210228 ) ) ;
#3192 = VERTEX_POINT ( 'NONE', #228 ) ;
#3193 = EDGE_CURVE ( 'NONE', #114, #3276, #4608, .T. ) ;
#3194 = CARTESIAN_POINT ( 'NONE',  ( -17.77205882352941302, 0.000000000000000000, 7.106168888787395055 ) ) ;
#3195 = CARTESIAN_POINT ( 'NONE',  ( -5.074705596962883369, 14.50067432802935130, -10.64408311995731893 ) ) ;
#3196 = CARTESIAN_POINT ( 'NONE',  ( 6.323442647136486627, 13.43374897258880374, 5.504974951171976549 ) ) ;
#3197 = CARTESIAN_POINT ( 'NONE',  ( 2.051315890173154965, 15.47546577552108360, -13.64365688970129042 ) ) ;
#3198 = CARTESIAN_POINT ( 'NONE',  ( 8.499999999999996447, 3.499999999999761080, 19.25000000000000000 ) ) ;
#3199 = CARTESIAN_POINT ( 'NONE',  ( 5.220385347831137501, 14.14265971188555326, 4.686150730813747778 ) ) ;
#3200 = CONICAL_SURFACE ( 'NONE', #2382, 4.000000000000000000, 0.8726646259971647668 ) ;
#3201 = CARTESIAN_POINT ( 'NONE',  ( 6.999999999999997335, 3.985714285714062832, 10.99355100243642980 ) ) ;
#3202 = AXIS2_PLACEMENT_3D ( 'NONE', #3402, #178, #1608 ) ;
#3203 = ORIENTED_EDGE ( 'NONE', *, *, #3800, .T. ) ;
#3204 = CARTESIAN_POINT ( 'NONE',  ( -8.673617379884035472E-16, 7.750000000000000000, -19.24999999999999645 ) ) ;
#3205 = CARTESIAN_POINT ( 'NONE',  ( -4.396128638826404256, 13.80673873991740486, 10.11223841822797631 ) ) ;
#3206 = EDGE_CURVE ( 'NONE', #1826, #61, #4202, .T. ) ;
#3207 = DIRECTION ( 'NONE',  ( -0.000000000000000000, -0.000000000000000000, 1.000000000000000000 ) ) ;
#3208 = DIRECTION ( 'NONE',  ( -1.000000000000000000, 1.848892746611746419E-31, 0.000000000000000000 ) ) ;
#3209 = CARTESIAN_POINT ( 'NONE',  ( 4.640797647548688509, 13.62637585806452556, -9.099775584532824979 ) ) ;
#3210 = CARTESIAN_POINT ( 'NONE',  ( -3.625926719288953937, 15.37871112830799625, -12.93784188499414611 ) ) ;
#3211 = CARTESIAN_POINT ( 'NONE',  ( 1.819493560288620193, 15.02529925143997858, -13.68996618439879853 ) ) ;
#3212 = ORIENTED_EDGE ( 'NONE', *, *, #279, .T. ) ;
#3213 = DIRECTION ( 'NONE',  ( -0.000000000000000000, 0.000000000000000000, -1.000000000000000000 ) ) ;
#3214 = AXIS2_PLACEMENT_3D ( 'NONE', #4659, #635, #3529 ) ;
#3215 = CARTESIAN_POINT ( 'NONE',  ( 6.462782407835112153, 13.27109079340097075, 5.572901453107416359 ) ) ;
#3216 = CARTESIAN_POINT ( 'NONE',  ( 5.260051052838320196, 14.23311974758051868, -9.428087383033334490 ) ) ;
#3217 = ORIENTED_EDGE ( 'NONE', *, *, #3439, .T. ) ;
#3218 = DIRECTION ( 'NONE',  ( 0.000000000000000000, 0.000000000000000000, 1.000000000000000000 ) ) ;
#3219 = CIRCLE ( 'NONE', #4651, 0.5000000000000004441 ) ;
#3220 = CARTESIAN_POINT ( 'NONE',  ( -4.728076215811475969, 14.34800878288570836, -10.40656169019520227 ) ) ;
#3221 = CYLINDRICAL_SURFACE ( 'NONE', #1279, 2.249999999999998668 ) ;
#3222 = AXIS2_PLACEMENT_3D ( 'NONE', #162, #4444, #3033 ) ;
#3223 = CARTESIAN_POINT ( 'NONE',  ( 1.135337435979173470, 15.92971584717459876, -13.96641024325989910 ) ) ;
#3224 = CARTESIAN_POINT ( 'NONE',  ( -5.436586310958326784, 14.28544609060906190, -9.000000000000001776 ) ) ;
#3225 = DIRECTION ( 'NONE',  ( 6.419766481290786633E-33, -1.000000000000000000, -0.000000000000000000 ) ) ;
#3226 = CARTESIAN_POINT ( 'NONE',  ( -0.3329726557672103571, 15.74340012116369181, 13.92540760247142018 ) ) ;
#3227 = EDGE_CURVE ( 'NONE', #1454, #3007, #4547, .T. ) ;
#3228 = ORIENTED_EDGE ( 'NONE', *, *, #2003, .T. ) ;
#3229 = CARTESIAN_POINT ( 'NONE',  ( 5.422415460030816980, 12.92807778034865862, 5.939342703995750483 ) ) ;
#3230 = CARTESIAN_POINT ( 'NONE',  ( -4.442521098830613191, 13.77249106068074624, 9.781627979286307450 ) ) ;
#3231 = CARTESIAN_POINT ( 'NONE',  ( -4.120236212531469988, 13.41403519370948416, -10.38807484459111485 ) ) ;
#3232 = B_SPLINE_SURFACE_WITH_KNOTS ( 'NONE', 1, 3, ( 
 ( #1747, #4601, #689, #3184, #4248, #2796, #1001, #1367, #2035, #2078, #4623, #2837, #1414, #4294, #980, #623, #2817, #2436, #4271, #1064, #249, #1019, #2458, #2102, #3872, #3476, #1680, #1041, #3854, #3541, #270, #3119, #2482, #4553, #1329, #2125, #646, #1699, #2772, #3563, #342, #293, #1767, #4204, #3141, #713, #415, #2170, #1460, #4339 ),
 ( #3586, #2240, #3231, #59, #365, #3662, #1136, #4316, #3993, #3254, #4016, #1482, #4386, #1791, #1084, #2935, #2192, #1505, #2982, #2577, #761, #1889, #787, #3615, #2217, #11, #438, #1862, #2601, #3305, #392, #1529, #83, #2626, #2961, #106, #35, #1159, #4039, #812, #3689, #4410, #2906, #2883, #2526, #3968, #1817, #1112, #2550, #929 ) ),
 .UNSPECIFIED., .F., .F., .F.,
 ( 2, 2 ),
 ( 4, 2, 2, 2, 2, 2, 2, 2, 2, 2, 2, 2, 2, 2, 2, 2, 2, 2, 2, 2, 2, 2, 2, 2, 4 ),
 ( 0.000000000000000000, 1.000000000000000000 ),
 ( 0.000000000000000000, 0.1250000000000000000, 0.1875000000000000000, 0.2187500000000000000, 0.2343750000000000000, 0.2421875000000000000, 0.2460937500000000000, 0.2500000000000000000, 0.3750000000000000000, 0.5000000000000000000, 0.6250000000000000000, 0.6875000000000000000, 0.7187500000000000000, 0.7343750000000000000, 0.7421875000000000000, 0.7500000000000000000, 0.8125000000000000000, 0.8437500000000000000, 0.8593750000000000000, 0.8671875000000000000, 0.8710937500000000000, 0.8730468750000000000, 0.8740234375000000000, 0.8750000000000000000, 1.000000000000000000 ),
 .UNSPECIFIED. ) ;
#3233 = CARTESIAN_POINT ( 'NONE',  ( 8.000000000000003553, 3.985714285714055283, 10.99355100243645467 ) ) ;
#3234 = EDGE_LOOP ( 'NONE', ( #1516, #4029, #4092, #2155 ) ) ;
#3235 = CARTESIAN_POINT ( 'NONE',  ( 2.518466679214445225, 14.81123781009393703, -13.33196548886668609 ) ) ;
#3236 = CARTESIAN_POINT ( 'NONE',  ( 6.999999999999996447, 3.403293598937992659, 10.77293350783543424 ) ) ;
#3237 = CARTESIAN_POINT ( 'NONE',  ( 5.820892503613888991, 13.41809249026218609, 5.897332516029387683 ) ) ;
#3238 = CARTESIAN_POINT ( 'NONE',  ( 4.675336205633191966, 12.95979193943422736, -9.365665936323216201 ) ) ;
#3239 = CIRCLE ( 'NONE', #1298, 8.500000000000000000 ) ;
#3240 = CARTESIAN_POINT ( 'NONE',  ( 5.291170463912632016, 14.20772308052512400, -9.068457488698241420 ) ) ;
#3241 = EDGE_LOOP ( 'NONE', ( #932, #3627, #511, #3409, #132, #2993, #2784, #1720 ) ) ;
#3242 = CARTESIAN_POINT ( 'NONE',  ( -6.999999999999999112, 3.499999999999998668, 19.25000000000000000 ) ) ;
#3243 = CARTESIAN_POINT ( 'NONE',  ( -5.312639613374113168, 14.38544116552693808, -10.73099819247586240 ) ) ;
#3244 = CARTESIAN_POINT ( 'NONE',  ( 5.687914969483644612, 14.06648163262545914, 4.393658208718558278 ) ) ;
#3245 = CARTESIAN_POINT ( 'NONE',  ( 4.644735792557921350, 14.57339676833151465, -11.37720291080201207 ) ) ;
#3246 = FACE_OUTER_BOUND ( 'NONE', #1157, .T. ) ;
#3247 = DIRECTION ( 'NONE',  ( -5.053215498074302889E-16, -1.000000000000000000, 0.000000000000000000 ) ) ;
#3248 = CARTESIAN_POINT ( 'NONE',  ( 16.22954968166868639, 1.499999999999763745, 18.74999999999999645 ) ) ;
#3249 = CARTESIAN_POINT ( 'NONE',  ( 0.4022267941073923714, 15.24635391074767732, -14.00018135821500920 ) ) ;
#3250 = EDGE_LOOP ( 'NONE', ( #912, #3808, #257, #1410 ) ) ;
#3251 = LINE ( 'NONE', #57, #2765 ) ;
#3252 = EDGE_CURVE ( 'NONE', #3308, #3787, #1785, .T. ) ;
#3253 = DIRECTION ( 'NONE',  ( -0.000000000000000000, 0.000000000000000000, -1.000000000000000000 ) ) ;
#3254 = CARTESIAN_POINT ( 'NONE',  ( -3.121457480628402781, 14.01556275213836500, -12.47814706836714471 ) ) ;
#3255 = VERTEX_POINT ( 'NONE', #3640 ) ;
#3256 = EDGE_LOOP ( 'NONE', ( #1286, #4406, #3053, #2201 ) ) ;
#3257 = CARTESIAN_POINT ( 'NONE',  ( 2.300509939506595103, 14.36283626110440004, -13.93696122813787852 ) ) ;
#3258 = DIRECTION ( 'NONE',  ( -1.000000000000000000, 9.860761315262647568E-32, -0.000000000000000000 ) ) ;
#3259 = CARTESIAN_POINT ( 'NONE',  ( 6.809149750372760934, 12.83780960925237302, 5.824818450033760087 ) ) ;
#3260 = EDGE_CURVE ( 'NONE', #114, #505, #3781, .T. ) ;
#3261 = DIRECTION ( 'NONE',  ( 1.848892746611746419E-31, 1.000000000000000000, 0.000000000000000000 ) ) ;
#3262 = ADVANCED_FACE ( 'NONE', ( #2460 ), #4323, .T. ) ;
#3263 = CARTESIAN_POINT ( 'NONE',  ( 5.395760500059712861, 14.24670192826583737, -9.439455019652708501 ) ) ;
#3264 = EDGE_LOOP ( 'NONE', ( #1419, #81, #3075, #842 ) ) ;
#3265 = CARTESIAN_POINT ( 'NONE',  ( 16.22954968166868639, 1.499999999999763745, -18.74999999999999645 ) ) ;
#3266 = CARTESIAN_POINT ( 'NONE',  ( -4.563694145012607173, 14.29822290399509832, -10.73131826436810243 ) ) ;
#3267 = EDGE_CURVE ( 'NONE', #2390, #1232, #66, .T. ) ;
#3268 = CARTESIAN_POINT ( 'NONE',  ( -5.126067032758310660, 14.53037143345911275, 0.000000000000000000 ) ) ;
#3269 = CARTESIAN_POINT ( 'NONE',  ( 4.297383953129391365, 14.63940573050883209, -11.77824695670506294 ) ) ;
#3270 = AXIS2_PLACEMENT_3D ( 'NONE', #1975, #1598, #501 ) ;
#3271 = CARTESIAN_POINT ( 'NONE',  ( 7.499999999999998224, 7.749999999999749534, 14.44888907475647777 ) ) ;
#3272 = DIRECTION ( 'NONE',  ( -1.000000000000000000, 4.336808689942013792E-16, 0.000000000000000000 ) ) ;
#3273 = PLANE ( 'NONE',  #2706 ) ;
#3274 = LINE ( 'NONE', #4578, #795 ) ;
#3275 = ORIENTED_EDGE ( 'NONE', *, *, #2457, .F. ) ;
#3276 = VERTEX_POINT ( 'NONE', #2767 ) ;
#3277 = CARTESIAN_POINT ( 'NONE',  ( -4.302818463961217255, 13.87427267856917013, 10.59202712116517908 ) ) ;
#3278 = B_SPLINE_CURVE_WITH_KNOTS ( 'NONE', 3,
 ( #2066, #2826, #282, #4259, #1709, #1027, #2562, #1540, #1898, #823, #4024, #773, #2535, #1827, #23, #1171, #3337, #2994, #2226, #3953, #2253, #1803, #2893, #2612 ),
 .UNSPECIFIED., .F., .F.,
 ( 4, 2, 2, 2, 2, 2, 2, 2, 2, 2, 2, 4 ),
 ( 0.000000000000000000, 0.001134645176078656744, 0.001701967764117984791, 0.002269290352157313055, 0.003403935528235968282, 0.003971258116275295028, 0.004538580704314622641, 0.005105903292353950254, 0.005673225880393277000, 0.006807871056471932227, 0.007942516232550586586, 0.009077161408629241812 ),
 .UNSPECIFIED. ) ;
#3279 = CARTESIAN_POINT ( 'NONE',  ( 15.74999999999994849, 0.9126302581756667864, -9.720032102811442698 ) ) ;
#3280 = AXIS2_PLACEMENT_3D ( 'NONE', #3546, #1396, #4278 ) ;
#3281 = ORIENTED_EDGE ( 'NONE', *, *, #2247, .F. ) ;
#3282 = CARTESIAN_POINT ( 'NONE',  ( -0.2493513515379849055, 14.75244678485420913, -13.99921785745483405 ) ) ;
#3283 = DIRECTION ( 'NONE',  ( 1.848892746611746419E-31, 1.000000000000000000, 0.000000000000000000 ) ) ;
#3284 = CARTESIAN_POINT ( 'NONE',  ( 6.552679461013195983, 12.77601553456639749, 6.129817518832238576 ) ) ;
#3285 = DIRECTION ( 'NONE',  ( 6.419766481290786633E-33, -1.000000000000000000, -0.000000000000000000 ) ) ;
#3286 = EDGE_CURVE ( 'NONE', #808, #3401, #2164, .T. ) ;
#3287 = CARTESIAN_POINT ( 'NONE',  ( 5.276932936763190973, 14.21937860992518665, -9.248902707554307767 ) ) ;
#3288 = ORIENTED_EDGE ( 'NONE', *, *, #1734, .T. ) ;
#3289 = CARTESIAN_POINT ( 'NONE',  ( 16.24036437003696065, 1.445686510908193112, -19.01146415053423055 ) ) ;
#3290 = CARTESIAN_POINT ( 'NONE',  ( 4.950583874752501501, 14.00821095739664024, 4.275651701088788670 ) ) ;
#3291 = EDGE_CURVE ( 'NONE', #3977, #7, #262, .T. ) ;
#3292 = MANIFOLD_SOLID_BREP ( 'Fillet3', #1087 ) ;
#3293 = CARTESIAN_POINT ( 'NONE',  ( 4.818385393816136286, 14.68636638332480970, -11.62246807554664407 ) ) ;
#3294 = AXIS2_PLACEMENT_3D ( 'NONE', #1391, #4648, #2147 ) ;
#3295 = ADVANCED_FACE ( 'NONE', ( #3466 ), #640, .T. ) ;
#3296 = FACE_OUTER_BOUND ( 'NONE', #4528, .T. ) ;
#3297 = CARTESIAN_POINT ( 'NONE',  ( -8.000000000000000000, 1.499999999999998668, -18.75000000000000000 ) ) ;
#3298 = DIRECTION ( 'NONE',  ( -0.000000000000000000, -0.000000000000000000, -1.000000000000000000 ) ) ;
#3299 = AXIS2_PLACEMENT_3D ( 'NONE', #4517, #1658, #2684 ) ;
#3300 = CARTESIAN_POINT ( 'NONE',  ( -3.162114898348223235, 15.08670718204523453, -12.86601595253736185 ) ) ;
#3301 = ORIENTED_EDGE ( 'NONE', *, *, #220, .F. ) ;
#3302 = DIRECTION ( 'NONE',  ( 0.000000000000000000, 0.000000000000000000, -1.000000000000000000 ) ) ;
#3303 = AXIS2_PLACEMENT_3D ( 'NONE', #271, #1700, #3664 ) ;
#3304 = CARTESIAN_POINT ( 'NONE',  ( -4.030663435063513766, 13.49100493010961088, 10.60022058145664836 ) ) ;
#3305 = CARTESIAN_POINT ( 'NONE',  ( 3.074010688423602922, 14.03897766782696088, -12.68918342266531596 ) ) ;
#3306 = DIRECTION ( 'NONE',  ( 0.000000000000000000, -0.000000000000000000, -1.000000000000000000 ) ) ;
#3307 = CARTESIAN_POINT ( 'NONE',  ( -1.144016547512972437, 14.66340681153646130, -13.84390864083647621 ) ) ;
#3308 = VERTEX_POINT ( 'NONE', #996 ) ;
#3309 = DIRECTION ( 'NONE',  ( 0.000000000000000000, 0.000000000000000000, 1.000000000000000000 ) ) ;
#3310 = CARTESIAN_POINT ( 'NONE',  ( 6.826325020427399082, 12.81482033456535952, 5.828556853227698120 ) ) ;
#3311 = CARTESIAN_POINT ( 'NONE',  ( 3.123530939019455666, 14.02050031049380685, -13.31951084971522192 ) ) ;
#3312 = CARTESIAN_POINT ( 'NONE',  ( 5.637565353693578807, 14.11143512761340446, -9.472699538246891038 ) ) ;
#3313 = ORIENTED_EDGE ( 'NONE', *, *, #2363, .T. ) ;
#3314 = DIRECTION ( 'NONE',  ( 6.419766481290786633E-33, -1.000000000000000000, 0.000000000000000000 ) ) ;
#3315 = CARTESIAN_POINT ( 'NONE',  ( 5.674288253800756188, 14.07870104703795633, 4.174401628144921439 ) ) ;
#3316 = CARTESIAN_POINT ( 'NONE',  ( -4.731493673499784336, 14.81137314542442596, 11.03616716784923923 ) ) ;
#3317 = B_SPLINE_CURVE_WITH_KNOTS ( 'NONE', 3,
 ( #2309, #3394, #1599, #901, #4533, #3120 ),
 .UNSPECIFIED., .F., .F.,
 ( 4, 2, 4 ),
 ( -1.288368310870307898E-05, 0.0003817660826925853811, 0.0007764158484938738208 ),
 .UNSPECIFIED. ) ;
#3318 = CARTESIAN_POINT ( 'NONE',  ( 4.117938266505072775, 15.18646758424387500, -12.81700476917843901 ) ) ;
#3319 = DIRECTION ( 'NONE',  ( -0.000000000000000000, -0.000000000000000000, -1.000000000000000000 ) ) ;
#3320 = DIRECTION ( 'NONE',  ( -1.465494392505206633E-14, -1.000000000000000000, 0.000000000000000000 ) ) ;
#3321 = AXIS2_PLACEMENT_3D ( 'NONE', #1913, #3355, #2346 ) ;
#3322 = CARTESIAN_POINT ( 'NONE',  ( -0.2470881877871982379, 15.74655678942779602, 13.93265551743423813 ) ) ;
#3323 = CARTESIAN_POINT ( 'NONE',  ( -2.983664920696849965, 15.54960862493047991, -13.28480057391079683 ) ) ;
#3324 = ORIENTED_EDGE ( 'NONE', *, *, #96, .F. ) ;
#3325 = ADVANCED_FACE ( 'NONE', ( #218 ), #3826, .T. ) ;
#3326 = FACE_BOUND ( 'NONE', #425, .T. ) ;
#3327 = ORIENTED_EDGE ( 'NONE', *, *, #1675, .F. ) ;
#3328 = CYLINDRICAL_SURFACE ( 'NONE', #4222, 2.000000000000000000 ) ;
#3329 = CARTESIAN_POINT ( 'NONE',  ( 4.948465659262424765, 14.01599454349679164, -0.2007406168290110648 ) ) ;
#3330 = ORIENTED_EDGE ( 'NONE', *, *, #1790, .T. ) ;
#3331 = CARTESIAN_POINT ( 'NONE',  ( 3.865212045362913518, 13.60128757066693161, -11.46577452484375748 ) ) ;
#3332 = CARTESIAN_POINT ( 'NONE',  ( -16.25000000000000000, 1.000000000000000000, -19.25000000000000000 ) ) ;
#3333 = CARTESIAN_POINT ( 'NONE',  ( 6.853077331259893157, 12.77852965828674137, 5.701193793880768190 ) ) ;
#3334 = CARTESIAN_POINT ( 'NONE',  ( -7.999999999999998224, 7.750000000000001776, -18.75000000000000000 ) ) ;
#3335 = CARTESIAN_POINT ( 'NONE',  ( -1.254168015102270495, 15.65717298654220535, -13.85657194828443295 ) ) ;
#3336 = ORIENTED_EDGE ( 'NONE', *, *, #2638, .F. ) ;
#3337 = CARTESIAN_POINT ( 'NONE',  ( -4.545377755993590618, 14.93354714105988990, 12.30695754870952108 ) ) ;
#3338 = CARTESIAN_POINT ( 'NONE',  ( 5.161903843219230126, 14.18957521626778195, 4.240496675871639809 ) ) ;
#3339 = ADVANCED_BREP_SHAPE_REPRESENTATION ( 'Part4', ( #3292, #976 ), #4435 ) ;
#3340 = CARTESIAN_POINT ( 'NONE',  ( -2.362606512926800573, 15.92119711136980342, 13.45198971589169723 ) ) ;
#3341 = CARTESIAN_POINT ( 'NONE',  ( 5.059768465268653870, 14.58119436272883540, -11.45636667237028306 ) ) ;
#3342 = CARTESIAN_POINT ( 'NONE',  ( -4.386424482185729445, 13.20535173720459809, 10.71378183859538424 ) ) ;
#3343 = CARTESIAN_POINT ( 'NONE',  ( 5.618058777389670411, 11.92581316318089613, 6.198889074756477768 ) ) ;
#3344 = CARTESIAN_POINT ( 'NONE',  ( -4.710683013167732192, 14.84091162757502680, 11.10091085830957525 ) ) ;
#3345 = CARTESIAN_POINT ( 'NONE',  ( -3.304274289317124857, 15.31611872853352629, -12.90310327844608373 ) ) ;
#3346 = EDGE_LOOP ( 'NONE', ( #3212, #3735, #1980, #2699 ) ) ;
#3347 = ADVANCED_FACE ( 'NONE', ( #1382 ), #2091, .T. ) ;
#3348 = CARTESIAN_POINT ( 'NONE',  ( -8.499999999999998224, 3.499999999999998668, 18.75000000000000000 ) ) ;
#3349 = CYLINDRICAL_SURFACE ( 'NONE', #314, 0.5000000000000004441 ) ;
#3350 = CARTESIAN_POINT ( 'NONE',  ( 7.499999999999996447, 3.499999999999761968, 11.11221705762094025 ) ) ;
#3351 = CARTESIAN_POINT ( 'NONE',  ( -10.49999999999999822, 1.500000000000000000, -19.25000000000000000 ) ) ;
#3352 = EDGE_LOOP ( 'NONE', ( #2726 ) ) ;
#3353 = EDGE_CURVE ( 'NONE', #435, #3138, #312, .T. ) ;
#3354 = CARTESIAN_POINT ( 'NONE',  ( 4.679830113682782233, 12.95572354206232113, -9.278391203879422733 ) ) ;
#3355 = DIRECTION ( 'NONE',  ( -0.000000000000000000, 1.000000000000000000, -0.000000000000000000 ) ) ;
#3356 = AXIS2_PLACEMENT_3D ( 'NONE', #338, #731, #2166 ) ;
#3357 = CARTESIAN_POINT ( 'NONE',  ( -3.895485159557305455, 15.02944249975385738, -12.32010901972223671 ) ) ;
#3358 = CARTESIAN_POINT ( 'NONE',  ( 8.000000000000003553, 3.985714285714055283, 10.99355100243645467 ) ) ;
#3359 = CONICAL_SURFACE ( 'NONE', #4634, 4.000000000000000000, 0.8726646259971647668 ) ;
#3360 = DIRECTION ( 'NONE',  ( 0.000000000000000000, 0.000000000000000000, 1.000000000000000000 ) ) ;
#3361 = B_SPLINE_CURVE_WITH_KNOTS ( 'NONE', 3,
 ( #313, #3849, #1743, #4545, #4267, #3827, #1035, #1014, #2120, #595, #2053, #3891, #4568, #1345 ),
 .UNSPECIFIED., .F., .F.,
 ( 4, 2, 2, 2, 2, 2, 4 ),
 ( -5.999999999268035942E-08, 0.0007965187728065880029, 0.001593097545613168711, 0.001991386932016459173, 0.002389676318419749201, 0.002787965704823039664, 0.003186255091226330126 ),
 .UNSPECIFIED. ) ;
#3362 = AXIS2_PLACEMENT_3D ( 'NONE', #1703, #1331, #4579 ) ;
#3363 = CARTESIAN_POINT ( 'NONE',  ( 4.559214887496199964, 14.30902739692221459, -11.12247542113526499 ) ) ;
#3364 = ORIENTED_EDGE ( 'NONE', *, *, #582, .F. ) ;
#3365 = CARTESIAN_POINT ( 'NONE',  ( 18.49999999999992184, -4.861250291199326057E-13, -4.977178131738736688 ) ) ;
#3366 = CARTESIAN_POINT ( 'NONE',  ( 5.679975799946680226, 14.07359726641060860, 4.253988532209532103 ) ) ;
#3367 = CARTESIAN_POINT ( 'NONE',  ( -1.945675951822070759, 14.47922115053983738, 13.45198971589169723 ) ) ;
#3368 = CARTESIAN_POINT ( 'NONE',  ( 5.032404467557398675, 14.53209334961954546, -11.15555434463720452 ) ) ;
#3369 = CARTESIAN_POINT ( 'NONE',  ( -2.503733505726887909, 14.29269914667952079, 13.68463188025796029 ) ) ;
#3370 = CARTESIAN_POINT ( 'NONE',  ( -18.50000000000000355, 2.246918268451773064E-32, 4.977178131738738465 ) ) ;
#3371 = CARTESIAN_POINT ( 'NONE',  ( -4.254664870582831604, 15.12071286918872914, 11.91025493793923218 ) ) ;
#3372 = CARTESIAN_POINT ( 'NONE',  ( 0.7689663550750605037, 15.84756177764251284, -13.97248663040937089 ) ) ;
#3373 = ORIENTED_EDGE ( 'NONE', *, *, #2457, .T. ) ;
#3374 = CARTESIAN_POINT ( 'NONE',  ( 6.999999999999997335, -2.376571162088225719E-13, 19.25000000000000000 ) ) ;
#3375 = CARTESIAN_POINT ( 'NONE',  ( -8.673617379884035472E-16, 7.750000000000000000, 5.698889074756477768 ) ) ;
#3376 = CARTESIAN_POINT ( 'NONE',  ( 0.02772231067427761986, 14.98895358810567480, 14.00277562295156919 ) ) ;
#3377 = ADVANCED_FACE ( 'NONE', ( #2832 ), #1085, .T. ) ;
#3378 = CIRCLE ( 'NONE', #3983, 2.500000000000000444 ) ;
#3379 = ORIENTED_EDGE ( 'NONE', *, *, #3067, .T. ) ;
#3380 = CARTESIAN_POINT ( 'NONE',  ( 4.634054876062673856, 12.99655338356277845, -9.817616520069742947 ) ) ;
#3381 = ORIENTED_EDGE ( 'NONE', *, *, #4390, .T. ) ;
#3382 = CARTESIAN_POINT ( 'NONE',  ( 0.01163202523610947989, 14.75054821496428126, 13.94815046290764826 ) ) ;
#3383 = CARTESIAN_POINT ( 'NONE',  ( -3.786327772091378385, 15.08720299323720937, -12.44412835728832967 ) ) ;
#3384 = CARTESIAN_POINT ( 'NONE',  ( 5.278363369921232895, 14.43372751302906742, -4.641319747521224670 ) ) ;
#3385 = AXIS2_PLACEMENT_3D ( 'NONE', #2591, #2565, #72 ) ;
#3386 = CARTESIAN_POINT ( 'NONE',  ( 10.49999999999999822, 0.9999999999997636335, 19.25000000000000000 ) ) ;
#3387 = CARTESIAN_POINT ( 'NONE',  ( 4.714555307172669352, 14.19580752159436621, -10.65197393157139771 ) ) ;
#3388 = VERTEX_POINT ( 'NONE', #769 ) ;
#3389 = CARTESIAN_POINT ( 'NONE',  ( 5.912723901289477446, 12.14553683082431057, 6.198815493044932623 ) ) ;
#3390 = CARTESIAN_POINT ( 'NONE',  ( 5.565142240716287603, 13.66659773962071789, 5.668873382326732546 ) ) ;
#3391 = CARTESIAN_POINT ( 'NONE',  ( -2.613795217223973566, 14.24461142436148364, 12.98610027824918234 ) ) ;
#3392 = CARTESIAN_POINT ( 'NONE',  ( 4.935528896985429625, 14.48405279987728278, -11.03751681113893213 ) ) ;
#3393 = CARTESIAN_POINT ( 'NONE',  ( -3.003183810311042201, 14.07428791034982574, 13.26670206488395820 ) ) ;
#3394 = CARTESIAN_POINT ( 'NONE',  ( 6.836695011254922960, 12.80071014371766047, 5.830177306660670133 ) ) ;
#3395 = CARTESIAN_POINT ( 'NONE',  ( -3.895023252829764360, 14.72805553339869178, 12.05492445630227039 ) ) ;
#3396 = CARTESIAN_POINT ( 'NONE',  ( 0.06845685668699534598, 16.10158237181815366, -14.14473015645503473 ) ) ;
#3397 = DIRECTION ( 'NONE',  ( -1.000000000000000000, 0.000000000000000000, 0.000000000000000000 ) ) ;
#3398 = CARTESIAN_POINT ( 'NONE',  ( -6.999999999999999112, 3.499999999999997780, -19.25000000000000000 ) ) ;
#3399 = CARTESIAN_POINT ( 'NONE',  ( 0.02701337949360780796, 14.80383482313954246, 14.18789574537483844 ) ) ;
#3400 = EDGE_CURVE ( 'NONE', #1095, #3138, #2730, .T. ) ;
#3401 = VERTEX_POINT ( 'NONE', #1965 ) ;
#3402 = CARTESIAN_POINT ( 'NONE',  ( 15.74999999999993783, 0.9999999999997636335, 0.000000000000000000 ) ) ;
#3403 = ORIENTED_EDGE ( 'NONE', *, *, #2774, .F. ) ;
#3404 = FACE_OUTER_BOUND ( 'NONE', #3250, .T. ) ;
#3405 = CARTESIAN_POINT ( 'NONE',  ( -4.478733190451015034, 14.52255662097446809, -11.19047764885118212 ) ) ;
#3406 = CARTESIAN_POINT ( 'NONE',  ( -8.673617379884035472E-16, 7.750000000000000000, 14.44888907475647777 ) ) ;
#3407 = DIRECTION ( 'NONE',  ( -1.000000000000000000, 9.860761315262647568E-32, -0.000000000000000000 ) ) ;
#3408 = CARTESIAN_POINT ( 'NONE',  ( 4.948502491019089788, 14.01604118151178646, -9.000000000000001776 ) ) ;
#3409 = ORIENTED_EDGE ( 'NONE', *, *, #334, .T. ) ;
#3410 = FACE_OUTER_BOUND ( 'NONE', #837, .T. ) ;
#3411 = CARTESIAN_POINT ( 'NONE',  ( 5.716287925451273289, 13.83781916398856815, 5.472519804427979473 ) ) ;
#3412 = EDGE_CURVE ( 'NONE', #3893, #3659, #1631, .T. ) ;
#3413 = CARTESIAN_POINT ( 'NONE',  ( -4.383130627990202477, 15.03350245470505087, 11.71167147369211570 ) ) ;
#3414 = ADVANCED_FACE ( 'NONE', ( #1940, #3081 ), #2753, .F. ) ;
#3415 = CARTESIAN_POINT ( 'NONE',  ( 4.956589174913017537, 14.46850573426375597, -10.98020009261709440 ) ) ;
#3416 = ADVANCED_FACE ( 'NONE', ( #4165 ), #1141, .T. ) ;
#3417 = DIRECTION ( 'NONE',  ( 1.000000000000000000, 6.419766481290786633E-33, -0.000000000000000000 ) ) ;
#3418 = CARTESIAN_POINT ( 'NONE',  ( -5.538994393465748622, 14.19744457891107281, -9.080920470281634849 ) ) ;
#3419 = CARTESIAN_POINT ( 'NONE',  ( -3.079088531896323921, 15.67909789661574393, 13.05251594219828526 ) ) ;
#3420 = CARTESIAN_POINT ( 'NONE',  ( -1.876715693200891710, 16.04830115541052393, -14.23146578780892746 ) ) ;
#3421 = CARTESIAN_POINT ( 'NONE',  ( -1.230790374144602461, 15.14884905635689449, 13.76442548125772447 ) ) ;
#3422 = FACE_OUTER_BOUND ( 'NONE', #810, .T. ) ;
#3423 = CARTESIAN_POINT ( 'NONE',  ( 4.695888152913934022, 12.94120741786749917, 4.198797356959090621 ) ) ;
#3424 = ORIENTED_EDGE ( 'NONE', *, *, #918, .F. ) ;
#3425 = CARTESIAN_POINT ( 'NONE',  ( 3.799903980863300390, 13.64357191715656192, -11.60810431733639092 ) ) ;
#3426 = VECTOR ( 'NONE', #2418, 1000.000000000000000 ) ;
#3427 = VERTEX_POINT ( 'NONE', #3358 ) ;
#3428 = CARTESIAN_POINT ( 'NONE',  ( 6.999999999999995559, 7.749999999999834799, 10.07388907475647777 ) ) ;
#3429 = CARTESIAN_POINT ( 'NONE',  ( -4.341375910409380978, 14.61379226077864679, -11.48083337081544997 ) ) ;
#3430 = CARTESIAN_POINT ( 'NONE',  ( 6.999999999999995559, 7.749999999999758415, -19.25000000000000000 ) ) ;
#3431 = CARTESIAN_POINT ( 'NONE',  ( -8.673617379884035472E-16, 7.750000000000000000, 14.44888907475647777 ) ) ;
#3432 = DIRECTION ( 'NONE',  ( 1.000000000000000000, 6.419766481290786633E-33, 0.000000000000000000 ) ) ;
#3433 = CARTESIAN_POINT ( 'NONE',  ( 4.651649782526363630, 13.61226241324750141, 4.455548951874019004 ) ) ;
#3434 = CARTESIAN_POINT ( 'NONE',  ( 5.810798792683983471, 12.06611413407969202, 6.144479856568310971 ) ) ;
#3435 = CARTESIAN_POINT ( 'NONE',  ( 5.700874389009033649, 13.98072266615662507, 5.206648974366520299 ) ) ;
#3436 = CARTESIAN_POINT ( 'NONE',  ( 5.293448398234095187, 14.40052670979273586, -11.18741107240075650 ) ) ;
#3437 = CARTESIAN_POINT ( 'NONE',  ( -4.797122204365753539, 14.12653418201027300, -9.412728967806861746 ) ) ;
#3438 = CARTESIAN_POINT ( 'NONE',  ( -5.141766342107626286, 14.53919129464501125, 8.923021633617903348 ) ) ;
#3439 = EDGE_CURVE ( 'NONE', #1095, #4312, #4058, .T. ) ;
#3440 = CARTESIAN_POINT ( 'NONE',  ( -1.423322340005603870, 16.08282955088784760, -14.07886899864549513 ) ) ;
#3441 = ORIENTED_EDGE ( 'NONE', *, *, #3753, .T. ) ;
#3442 = DIRECTION ( 'NONE',  ( 0.000000000000000000, 1.000000000000000000, 0.000000000000000000 ) ) ;
#3443 = VECTOR ( 'NONE', #3213, 1000.000000000000000 ) ;
#3444 = CARTESIAN_POINT ( 'NONE',  ( 4.944613952637908483, 14.01284480684823386, 4.183636988354935582 ) ) ;
#3445 = DIRECTION ( 'NONE',  ( -1.000000000000000000, 0.000000000000000000, 0.000000000000000000 ) ) ;
#3446 = VERTEX_POINT ( 'NONE', #4437 ) ;
#3447 = VERTEX_POINT ( 'NONE', #138 ) ;
#3448 = DIRECTION ( 'NONE',  ( 0.000000000000000000, 0.000000000000000000, 1.000000000000000000 ) ) ;
#3449 = ORIENTED_EDGE ( 'NONE', *, *, #3921, .T. ) ;
#3450 = VECTOR ( 'NONE', #3633, 1000.000000000000000 ) ;
#3451 = CARTESIAN_POINT ( 'NONE',  ( -4.168109866481696457, 13.96839201502377570, 11.03384351937797270 ) ) ;
#3452 = DIRECTION ( 'NONE',  ( -6.419766481290786633E-33, 1.000000000000000000, 0.000000000000000000 ) ) ;
#3453 = CIRCLE ( 'NONE', #2022, 3.499999999999999556 ) ;
#3454 = CARTESIAN_POINT ( 'NONE',  ( -8.500000000000000000, 0.000000000000000000, 19.25000000000000000 ) ) ;
#3455 = DIRECTION ( 'NONE',  ( 0.000000000000000000, 0.000000000000000000, 1.000000000000000000 ) ) ;
#3456 = CARTESIAN_POINT ( 'NONE',  ( 5.521397867711219654, 14.21264129446256952, -10.33653605057174474 ) ) ;
#3457 = VECTOR ( 'NONE', #1506, 1000.000000000000000 ) ;
#3458 = CARTESIAN_POINT ( 'NONE',  ( 5.334893768035278150, 14.04845605555733989, 5.072103601968903419 ) ) ;
#3459 = CARTESIAN_POINT ( 'NONE',  ( 4.889217814659023276, 14.51786607193065670, -11.15428517052707846 ) ) ;
#3460 = VERTEX_POINT ( 'NONE', #3011 ) ;
#3461 = CARTESIAN_POINT ( 'NONE',  ( -5.436198479350884405, 14.28578601561034311, -8.986125315475927522 ) ) ;
#3462 = CARTESIAN_POINT ( 'NONE',  ( 7.499999999999996447, 3.985714285714056171, 9.154227147076525739 ) ) ;
#3463 = CARTESIAN_POINT ( 'NONE',  ( -0.6512777144381350913, 15.98996230847298605, -14.02161044630171993 ) ) ;
#3464 = ORIENTED_EDGE ( 'NONE', *, *, #3962, .F. ) ;
#3465 = DIRECTION ( 'NONE',  ( 0.000000000000000000, 1.000000000000000000, -1.387778780781444413E-13 ) ) ;
#3466 = FACE_OUTER_BOUND ( 'NONE', #865, .T. ) ;
#3467 = CARTESIAN_POINT ( 'NONE',  ( 6.981278571977206582, 3.874740907998424522, 9.771076162113978114 ) ) ;
#3468 = EDGE_CURVE ( 'NONE', #4420, #1490, #1275, .T. ) ;
#3469 = EDGE_CURVE ( 'NONE', #1969, #4060, #219, .T. ) ;
#3470 = AXIS2_PLACEMENT_3D ( 'NONE', #1766, #3253, #4338 ) ;
#3471 = ORIENTED_EDGE ( 'NONE', *, *, #2285, .T. ) ;
#3472 = CARTESIAN_POINT ( 'NONE',  ( 4.350074147226857590, 13.25403589954672690, 4.239199536354091080 ) ) ;
#3473 = ORIENTED_EDGE ( 'NONE', *, *, #2363, .F. ) ;
#3474 = CARTESIAN_POINT ( 'NONE',  ( -4.270809334022727555, 13.29619251128516311, 11.15522575140915684 ) ) ;
#3475 = EDGE_CURVE ( 'NONE', #1107, #1337, #4509, .T. ) ;
#3476 = CARTESIAN_POINT ( 'NONE',  ( 3.484152971952755085, 15.50342665704140011, -12.90324232502202761 ) ) ;
#3477 = CARTESIAN_POINT ( 'NONE',  ( -3.253165885838956051, 15.05308420494373145, 12.76694320976461583 ) ) ;
#3478 = CARTESIAN_POINT ( 'NONE',  ( -4.511806989608332152, 13.72023733326981976, -9.162226810576639124 ) ) ;
#3479 = CARTESIAN_POINT ( 'NONE',  ( -4.475912110983151670, 13.13221019594386796, -10.33364232393154580 ) ) ;
#3480 = ORIENTED_EDGE ( 'NONE', *, *, #3483, .F. ) ;
#3481 = CARTESIAN_POINT ( 'NONE',  ( -16.24783736293047554, 1.261301839418009996, 19.19578866162585129 ) ) ;
#3482 = CARTESIAN_POINT ( 'NONE',  ( 5.516019266611057681, 14.01838349147996610, 5.151640666728441786 ) ) ;
#3483 = EDGE_CURVE ( 'NONE', #4620, #1364, #3453, .T. ) ;
#3484 = CARTESIAN_POINT ( 'NONE',  ( 5.219159579663060988, 14.46015242341954554, -11.06969228556021712 ) ) ;
#3485 = ORIENTED_EDGE ( 'NONE', *, *, #3702, .F. ) ;
#3486 = CARTESIAN_POINT ( 'NONE',  ( -4.884103868469996890, 14.23237096336435847, -9.327086123715014665 ) ) ;
#3487 = CARTESIAN_POINT ( 'NONE',  ( -5.053339812122312757, 14.60492208273903003, 9.796713006405148860 ) ) ;
#3488 = CARTESIAN_POINT ( 'NONE',  ( 2.595937574859970010, 15.79406899895522898, -13.73546976917915252 ) ) ;
#3489 = CARTESIAN_POINT ( 'NONE',  ( 5.158305301256544517, 14.19244412524175303, 4.180809664414904425 ) ) ;
#3490 = CARTESIAN_POINT ( 'NONE',  ( -17.77205882352941302, 0.000000000000000000, -7.106168888787395055 ) ) ;
#3491 = ADVANCED_FACE ( 'NONE', ( #1637 ), #3740, .T. ) ;
#3492 = EDGE_LOOP ( 'NONE', ( #4433, #2364, #1933, #3589 ) ) ;
#3493 = CARTESIAN_POINT ( 'NONE',  ( 4.695968848517109606, 12.94113485569978650, 4.201736516765259388 ) ) ;
#3494 = CARTESIAN_POINT ( 'NONE',  ( -3.279223828415029018, 13.93549610066884448, 12.97637074305174743 ) ) ;
#3495 = PLANE ( 'NONE',  #907 ) ;
#3496 = CARTESIAN_POINT ( 'NONE',  ( 8.499999999999996447, 7.749999999999827693, 10.07388907475647777 ) ) ;
#3497 = CARTESIAN_POINT ( 'NONE',  ( -5.540645035693652964, 14.19602610826571620, -8.893036870051840737 ) ) ;
#3498 = CIRCLE ( 'NONE', #3728, 5.750000000000000000 ) ;
#3499 = FACE_OUTER_BOUND ( 'NONE', #706, .T. ) ;
#3500 = CARTESIAN_POINT ( 'NONE',  ( -16.22954968166875034, 1.500000000000000000, 18.74999999999999645 ) ) ;
#3501 = CARTESIAN_POINT ( 'NONE',  ( 6.246267147602054592, 12.74027899333853497, 6.155981985762875475 ) ) ;
#3502 = CARTESIAN_POINT ( 'NONE',  ( 5.060033961855695317, 14.27006587313278274, -9.941515361621997116 ) ) ;
#3503 = ORIENTED_EDGE ( 'NONE', *, *, #609, .T. ) ;
#3504 = CARTESIAN_POINT ( 'NONE',  ( -4.264373829737445831, 13.90166537735166052, 10.74585374553343087 ) ) ;
#3505 = CARTESIAN_POINT ( 'NONE',  ( -5.293995867678535028, 14.32989183565175395, -9.030147872342791260 ) ) ;
#3506 = CARTESIAN_POINT ( 'NONE',  ( -4.758462965727744631, 14.80936381031602167, 10.98901041390081090 ) ) ;
#3507 = CIRCLE ( 'NONE', #1259, 3.875000000000000000 ) ;
#3508 = CARTESIAN_POINT ( 'NONE',  ( 3.360607001482176059, 15.55745288692726902, -13.60410381423273840 ) ) ;
#3509 = DIRECTION ( 'NONE',  ( 0.000000000000000000, 1.387778780781444413E-13, 1.000000000000000000 ) ) ;
#3510 = FILL_AREA_STYLE_COLOUR ( '', #1340 ) ;
#3511 = DIRECTION ( 'NONE',  ( 1.000000000000000000, 0.000000000000000000, 0.000000000000000000 ) ) ;
#3512 = AXIS2_PLACEMENT_3D ( 'NONE', #4062, #836, #2650 ) ;
#3513 = ORIENTED_EDGE ( 'NONE', *, *, #981, .F. ) ;
#3514 = CARTESIAN_POINT ( 'NONE',  ( 4.637979826333509692, 13.62284186375636175, 4.198889074756483097 ) ) ;
#3515 = CARTESIAN_POINT ( 'NONE',  ( -4.230813444965998649, 13.32678459472187882, 11.27759276419774359 ) ) ;
#3516 = CARTESIAN_POINT ( 'NONE',  ( 8.499999999999996447, 7.749999999999764633, -18.75000000000000000 ) ) ;
#3517 = CARTESIAN_POINT ( 'NONE',  ( -3.845838808853790702, 13.59891560569680991, 11.17623296239548303 ) ) ;
#3518 = CARTESIAN_POINT ( 'NONE',  ( -4.652848522936970710, 14.23977099364814514, 10.31906028967289934 ) ) ;
#3519 = CARTESIAN_POINT ( 'NONE',  ( 4.617235941359483675, 13.63934908385751754, -9.323381322510355673 ) ) ;
#3520 =( GEOMETRIC_REPRESENTATION_CONTEXT ( 3 ) GLOBAL_UNCERTAINTY_ASSIGNED_CONTEXT ( ( #2698 ) ) GLOBAL_UNIT_ASSIGNED_CONTEXT ( ( #3867, #4240, #1304 ) ) REPRESENTATION_CONTEXT ( 'NONE', 'WORKASPACE' ) );
#3521 = CARTESIAN_POINT ( 'NONE',  ( -4.017682158208964793, 13.49975011415726378, -10.70436535932397604 ) ) ;
#3522 = DIRECTION ( 'NONE',  ( -1.000000000000000000, -6.419766481290786633E-33, 0.000000000000000000 ) ) ;
#3523 = AXIS2_PLACEMENT_3D ( 'NONE', #2236, #1551, #3685 ) ;
#3524 = CARTESIAN_POINT ( 'NONE',  ( 6.141995710657840668, 13.62723313347683174, 5.516774769465012440 ) ) ;
#3525 = AXIS2_PLACEMENT_3D ( 'NONE', #1452, #359, #4031 ) ;
#3526 = CARTESIAN_POINT ( 'NONE',  ( 4.957093932308847428, 14.17706231404516615, -9.761409675511080408 ) ) ;
#3527 = EDGE_LOOP ( 'NONE', ( #4414, #2165, #997, #3364, #1813, #2623, #3997, #3330 ) ) ;
#3528 = AXIS2_PLACEMENT_3D ( 'NONE', #1042, #2861, #2483 ) ;
#3529 = DIRECTION ( 'NONE',  ( 1.000000000000000000, 0.000000000000000000, 0.000000000000000000 ) ) ;
#3530 = CARTESIAN_POINT ( 'NONE',  ( -4.719311546110179556, 14.18515720621739895, -10.08274374267655915 ) ) ;
#3531 = CARTESIAN_POINT ( 'NONE',  ( -4.685680394541498650, 14.21577841435407308, 10.14071093110106148 ) ) ;
#3532 = AXIS2_PLACEMENT_3D ( 'NONE', #3142, #1350, #1768 ) ;
#3533 = EDGE_CURVE ( 'NONE', #1866, #2621, #3006, .T. ) ;
#3534 = CARTESIAN_POINT ( 'NONE',  ( 3.671804492155558819, 15.25457222596214812, -12.89323779540321446 ) ) ;
#3535 = CARTESIAN_POINT ( 'NONE',  ( 8.000000000000003553, 3.985714285714053506, 10.99355100243645467 ) ) ;
#3536 = DIRECTION ( 'NONE',  ( 1.848892746611746419E-31, 1.000000000000000000, 0.000000000000000000 ) ) ;
#3537 = DIRECTION ( 'NONE',  ( -1.000000000000000000, 0.000000000000000000, 0.000000000000000000 ) ) ;
#3538 = EDGE_LOOP ( 'NONE', ( #465, #885, #2050, #177 ) ) ;
#3539 = CARTESIAN_POINT ( 'NONE',  ( 5.674661049590456585, 14.07836645369568629, -8.021824309814622467 ) ) ;
#3540 = CARTESIAN_POINT ( 'NONE',  ( -1.551202933941034701, 14.57785489649145028, 14.15636646545160460 ) ) ;
#3541 = CARTESIAN_POINT ( 'NONE',  ( 3.732727264514375420, 15.38661573950416894, -12.68918342266531596 ) ) ;
#3542 = CARTESIAN_POINT ( 'NONE',  ( 16.24999999999992539, -4.527628272299466516E-13, -19.25000000000000000 ) ) ;
#3543 = EDGE_CURVE ( 'NONE', #1840, #835, #1183, .T. ) ;
#3544 = CARTESIAN_POINT ( 'NONE',  ( 4.640797647501838874, 13.62637585810692542, -4.640448667633958912 ) ) ;
#3545 = CARTESIAN_POINT ( 'NONE',  ( -3.879552209393752005, 13.59345998449907533, -11.16361230088315715 ) ) ;
#3546 = CARTESIAN_POINT ( 'NONE',  ( -8.673617379884035472E-16, 7.750000000000000000, 5.698889074756477768 ) ) ;
#3547 = VECTOR ( 'NONE', #2811, 1000.000000000000000 ) ;
#3548 = CARTESIAN_POINT ( 'NONE',  ( 5.735241484075288554, 13.50529160106646742, 5.835288302969315666 ) ) ;
#3549 = EDGE_CURVE ( 'NONE', #488, #808, #3378, .T. ) ;
#3550 = CARTESIAN_POINT ( 'NONE',  ( 5.384411628740665812, 14.32754070864727503, -10.92797137697491650 ) ) ;
#3551 = ORIENTED_EDGE ( 'NONE', *, *, #1972, .F. ) ;
#3552 = CARTESIAN_POINT ( 'NONE',  ( -4.502570837514108248, 13.72738869460006406, 9.158981124015006969 ) ) ;
#3553 = CARTESIAN_POINT ( 'NONE',  ( -4.743778826712716779, 14.16682871273605571, -9.916698361731477007 ) ) ;
#3554 = CARTESIAN_POINT ( 'NONE',  ( 5.674661049601661844, 14.07836645368563921, -9.021824309814620690 ) ) ;
#3555 = EDGE_CURVE ( 'NONE', #488, #4356, #295, .T. ) ;
#3556 = CARTESIAN_POINT ( 'NONE',  ( 1.482539618793525582, 15.88140440832456335, -13.90726207628153155 ) ) ;
#3557 = DIRECTION ( 'NONE',  ( -1.000000000000000000, 0.000000000000000000, 9.462128050782586841E-16 ) ) ;
#3558 = CARTESIAN_POINT ( 'NONE',  ( 5.091138667604245605, 14.07191374983371368, 4.698765675466610503 ) ) ;
#3559 = DIRECTION ( 'NONE',  ( 1.000000000000000000, 0.000000000000000000, 0.000000000000000000 ) ) ;
#3560 = EDGE_LOOP ( 'NONE', ( #2892, #3966, #2834, #3313 ) ) ;
#3561 = CARTESIAN_POINT ( 'NONE',  ( -10.49999999999999822, 1.499999999999999556, -19.25000000000000000 ) ) ;
#3562 = DIRECTION ( 'NONE',  ( -1.000000000000000000, 0.000000000000000000, 0.000000000000000000 ) ) ;
#3563 = CARTESIAN_POINT ( 'NONE',  ( 4.855532763719835110, 14.72666829441017811, -11.10411087582840217 ) ) ;
#3564 = FACE_BOUND ( 'NONE', #730, .T. ) ;
#3565 = CARTESIAN_POINT ( 'NONE',  ( -5.026026637905104621, 14.30024324051944618, 9.001843358247468174 ) ) ;
#3566 = CARTESIAN_POINT ( 'NONE',  ( -3.491262470171291543, 15.43985919922437766, -13.04885187688968173 ) ) ;
#3567 = CARTESIAN_POINT ( 'NONE',  ( -2.596937561025579377, 14.25193157332362048, -13.64507238788749532 ) ) ;
#3568 = CARTESIAN_POINT ( 'NONE',  ( 5.573895136488802748, 14.16872348443389207, 4.185474873111253657 ) ) ;
#3569 = CARTESIAN_POINT ( 'NONE',  ( 6.019575297817451265, 13.40367468516857485, 5.911106314071425061 ) ) ;
#3570 = CIRCLE ( 'NONE', #1534, 6.250000000000001776 ) ;
#3571 = CARTESIAN_POINT ( 'NONE',  ( 4.876942201990242864, 14.23852397790778035, -10.27194628586714309 ) ) ;
#3572 = ORIENTED_EDGE ( 'NONE', *, *, #4234, .F. ) ;
#3573 = DIRECTION ( 'NONE',  ( -0.000000000000000000, 1.000000000000000000, -0.000000000000000000 ) ) ;
#3574 = CARTESIAN_POINT ( 'NONE',  ( -4.943456443218702923, 14.47816752092097659, -10.61428067452444424 ) ) ;
#3575 = EDGE_CURVE ( 'NONE', #4374, #2924, #385, .T. ) ;
#3576 = CARTESIAN_POINT ( 'NONE',  ( 6.586688805503466249, 13.12647280979678577, 5.633357255170904132 ) ) ;
#3577 = CARTESIAN_POINT ( 'NONE',  ( 1.107013228553881179, 15.80084922756804566, -13.91398707985854166 ) ) ;
#3578 = VERTEX_POINT ( 'NONE', #3516 ) ;
#3579 = CARTESIAN_POINT ( 'NONE',  ( -7.000000000000000000, 0.000000000000000000, 19.25000000000000000 ) ) ;
#3580 = CIRCLE ( 'NONE', #3132, 2.749999999999999112 ) ;
#3581 = CARTESIAN_POINT ( 'NONE',  ( -0.3565890102101925141, 16.24312334712950445, 13.92515927629117556 ) ) ;
#3582 = CIRCLE ( 'NONE', #1545, 8.499999999999996447 ) ;
#3583 = ORIENTED_EDGE ( 'NONE', *, *, #3744, .F. ) ;
#3584 = CARTESIAN_POINT ( 'NONE',  ( 5.092547851615486287, 12.55341010313373395, 5.387331120132324180 ) ) ;
#3585 = CARTESIAN_POINT ( 'NONE',  ( -4.206183008113410615, 13.94220905555622103, 10.92585899660285875 ) ) ;
#3586 = CARTESIAN_POINT ( 'NONE',  ( -4.221466968031322153, 13.33383529823547065, -9.000000000000001776 ) ) ;
#3587 = CARTESIAN_POINT ( 'NONE',  ( -3.803090510894564069, 13.62687520634412230, 11.28663062023992225 ) ) ;
#3588 = CARTESIAN_POINT ( 'NONE',  ( 4.699263030496335425, 12.93820048961708835, 4.278205166170926610 ) ) ;
#3589 = ORIENTED_EDGE ( 'NONE', *, *, #965, .F. ) ;
#3590 = CARTESIAN_POINT ( 'NONE',  ( 2.578242649390298347, 14.25957865293989357, -13.76011687319368271 ) ) ;
#3591 = ORIENTED_EDGE ( 'NONE', *, *, #4111, .T. ) ;
#3592 = CARTESIAN_POINT ( 'NONE',  ( -10.49999999999999822, 3.500000000000000000, -18.74999999999999645 ) ) ;
#3593 = VECTOR ( 'NONE', #4350, 1000.000000000000000 ) ;
#3594 = CARTESIAN_POINT ( 'NONE',  ( 6.156647659629926217, 13.05520828744009343, 6.089550019118443736 ) ) ;
#3595 = DIRECTION ( 'NONE',  ( -1.000000000000000000, 0.000000000000000000, 0.000000000000000000 ) ) ;
#3596 = CARTESIAN_POINT ( 'NONE',  ( 5.133128089404402239, 14.21256555243172315, -9.328121157634511107 ) ) ;
#3597 = ORIENTED_EDGE ( 'NONE', *, *, #1069, .F. ) ;
#3598 = CARTESIAN_POINT ( 'NONE',  ( 7.499999999999996447, 7.749999999999834799, 6.198889074756477768 ) ) ;
#3599 = AXIS2_PLACEMENT_3D ( 'NONE', #2071, #243, #661 ) ;
#3600 = CARTESIAN_POINT ( 'NONE',  ( -5.463503126614362770, 14.26153849604493118, -10.00722087757374368 ) ) ;
#3601 = FACE_OUTER_BOUND ( 'NONE', #1477, .T. ) ;
#3602 = AXIS2_PLACEMENT_3D ( 'NONE', #4066, #176, #4510 ) ;
#3603 = ADVANCED_FACE ( 'NONE', ( #1349 ), #3232, .T. ) ;
#3604 = CARTESIAN_POINT ( 'NONE',  ( 4.352169203208580583, 14.87891909604508456, -12.14446319245610262 ) ) ;
#3605 = ORIENTED_EDGE ( 'NONE', *, *, #3927, .T. ) ;
#3606 = DIRECTION ( 'NONE',  ( -0.000000000000000000, 1.000000000000000000, -0.000000000000000000 ) ) ;
#3607 = AXIS2_PLACEMENT_3D ( 'NONE', #48, #4007, #4027 ) ;
#3608 = FACE_OUTER_BOUND ( 'NONE', #1051, .T. ) ;
#3609 = CARTESIAN_POINT ( 'NONE',  ( -3.099724889975063125, 14.57504116005294392, -12.75147212109249395 ) ) ;
#3610 = ORIENTED_EDGE ( 'NONE', *, *, #3150, .T. ) ;
#3611 = FACE_OUTER_BOUND ( 'NONE', #2604, .T. ) ;
#3612 = ORIENTED_EDGE ( 'NONE', *, *, #3267, .T. ) ;
#3613 = CARTESIAN_POINT ( 'NONE',  ( 4.694969904247643377, 12.94203790415756217, 3.198889074763552109 ) ) ;
#3614 = EDGE_CURVE ( 'NONE', #3972, #3427, #1344, .T. ) ;
#3615 = CARTESIAN_POINT ( 'NONE',  ( 2.600564134606254463, 14.25013462463101277, -13.14534221150655924 ) ) ;
#3616 = CARTESIAN_POINT ( 'NONE',  ( 12.44999999999994955, -2.376571162088225719E-13, -13.02003210281144341 ) ) ;
#3617 = EDGE_CURVE ( 'NONE', #1969, #733, #1380, .T. ) ;
#3618 = ORIENTED_EDGE ( 'NONE', *, *, #2289, .F. ) ;
#3619 = EDGE_CURVE ( 'NONE', #2479, #4392, #2933, .T. ) ;
#3620 = CARTESIAN_POINT ( 'NONE',  ( -1.838342360500840877, 14.50903624055212049, -13.55546937695086562 ) ) ;
#3621 = DIRECTION ( 'NONE',  ( 1.000000000000000000, -1.848892746611746419E-31, 0.000000000000000000 ) ) ;
#3622 = EDGE_CURVE ( 'NONE', #61, #4356, #3807, .T. ) ;
#3623 = CARTESIAN_POINT ( 'NONE',  ( 6.387545066905734537, 12.77441620006483092, 6.168277820055001470 ) ) ;
#3624 = CARTESIAN_POINT ( 'NONE',  ( -4.582184915202217823, 13.04184179387749687, -9.348111912389450495 ) ) ;
#3625 = CIRCLE ( 'NONE', #1218, 0.5000000000000004441 ) ;
#3626 = CARTESIAN_POINT ( 'NONE',  ( 5.025360208654049643, 14.12353948213699972, -9.055411878774698664 ) ) ;
#3627 = ORIENTED_EDGE ( 'NONE', *, *, #622, .T. ) ;
#3628 = CARTESIAN_POINT ( 'NONE',  ( -3.842751583104281554, 15.33314467397943481, -13.10803705767035687 ) ) ;
#3629 = CARTESIAN_POINT ( 'NONE',  ( -4.866948299266582012, 14.24537490274684970, -9.581555022649082431 ) ) ;
#3630 = DIRECTION ( 'NONE',  ( -0.3235294117647084522, 0.000000000000000000, 0.9462181142438469417 ) ) ;
#3631 = CARTESIAN_POINT ( 'NONE',  ( 4.060136870042823531, 14.62930892813177586, -12.05721731212451608 ) ) ;
#3632 = CARTESIAN_POINT ( 'NONE',  ( -4.815137773779231800, 14.11909786798762667, 9.000000000000001776 ) ) ;
#3633 = DIRECTION ( 'NONE',  ( -0.000000000000000000, 0.000000000000000000, -1.000000000000000000 ) ) ;
#3634 = DIRECTION ( 'NONE',  ( -1.000000000000000000, 0.000000000000000000, 0.000000000000000000 ) ) ;
#3635 = CARTESIAN_POINT ( 'NONE',  ( 2.239808637713688100, 14.90557685678752620, -13.49553988142082872 ) ) ;
#3636 = ORIENTED_EDGE ( 'NONE', *, *, #2888, .F. ) ;
#3637 = DIRECTION ( 'NONE',  ( 0.000000000000000000, -0.000000000000000000, -1.000000000000000000 ) ) ;
#3638 = EDGE_LOOP ( 'NONE', ( #4593, #395, #1223, #2009 ) ) ;
#3639 = DIRECTION ( 'NONE',  ( 0.000000000000000000, -0.000000000000000000, 1.000000000000000000 ) ) ;
#3640 = CARTESIAN_POINT ( 'NONE',  ( -15.75000000000000000, 0.9126302581756667864, 16.32003210281144590 ) ) ;
#3641 = ORIENTED_EDGE ( 'NONE', *, *, #4477, .F. ) ;
#3642 = CARTESIAN_POINT ( 'NONE',  ( -2.522518169416253730, 14.80897651878814614, -13.22773725318122295 ) ) ;
#3643 = DIRECTION ( 'NONE',  ( 0.000000000000000000, 0.000000000000000000, 1.000000000000000000 ) ) ;
#3644 = ADVANCED_FACE ( 'NONE', ( #1959 ), #527, .T. ) ;
#3645 = CARTESIAN_POINT ( 'NONE',  ( 6.736924713640829232, 12.84311870327282712, 5.950685518125701456 ) ) ;
#3646 = CARTESIAN_POINT ( 'NONE',  ( 1.739148806105684786, 14.53250648119228394, -14.20658607171253252 ) ) ;
#3647 = CARTESIAN_POINT ( 'NONE',  ( 5.151756834557693843, 14.19769342565924042, -9.104775188755477089 ) ) ;
#3648 = VERTEX_POINT ( 'NONE', #1982 ) ;
#3649 = DIRECTION ( 'NONE',  ( -1.000000000000000000, 1.848892746611746200E-31, 0.000000000000000000 ) ) ;
#3650 = CARTESIAN_POINT ( 'NONE',  ( 5.597477388129672882, 14.14816653041557437, 4.436789031549841056 ) ) ;
#3651 = CARTESIAN_POINT ( 'NONE',  ( 6.191007129505796236, 13.57666673885037767, 5.416587513479662164 ) ) ;
#3652 = CARTESIAN_POINT ( 'NONE',  ( 4.861242664020767101, 14.72448849492944234, -11.84528237454066080 ) ) ;
#3653 = AXIS2_PLACEMENT_3D ( 'NONE', #547, #2336, #855 ) ;
#3654 = EDGE_LOOP ( 'NONE', ( #3591, #2188, #4047, #2218 ) ) ;
#3655 = PRODUCT ( 'Part4', 'Part4', '', ( #4159 ) ) ;
#3656 = CARTESIAN_POINT ( 'NONE',  ( -22.00000000000000000, 1.500000000000000000, 19.25000000000000000 ) ) ;
#3657 = CARTESIAN_POINT ( 'NONE',  ( -0.2649732050937168015, 16.24645761763479967, 13.93246822151003350 ) ) ;
#3658 = CARTESIAN_POINT ( 'NONE',  ( -2.771595069195398775, 15.73386924037211898, -13.55741525701128225 ) ) ;
#3659 = VERTEX_POINT ( 'NONE', #3423 ) ;
#3660 = CARTESIAN_POINT ( 'NONE',  ( 5.504255192071646263, 12.84207658436875477, 5.992866411947735727 ) ) ;
#3661 = LINE ( 'NONE', #4315, #1507 ) ;
#3662 = CARTESIAN_POINT ( 'NONE',  ( -3.465524484129925309, 13.83260739056017385, -11.99373568332920925 ) ) ;
#3663 = VECTOR ( 'NONE', #4161, 1000.000000000000000 ) ;
#3664 = DIRECTION ( 'NONE',  ( 1.000000000000000000, -8.673617379884035472E-16, 0.000000000000000000 ) ) ;
#3665 = ORIENTED_EDGE ( 'NONE', *, *, #3286, .T. ) ;
#3666 = CARTESIAN_POINT ( 'NONE',  ( -1.272625542717997327, 14.64127390228035352, -14.32563262948644045 ) ) ;
#3667 = VERTEX_POINT ( 'NONE', #3760 ) ;
#3668 = CARTESIAN_POINT ( 'NONE',  ( 0.02679476816990952401, 14.74994871697276722, 14.44914257599206842 ) ) ;
#3669 = CARTESIAN_POINT ( 'NONE',  ( 6.570940629171762914, 12.75213616349957668, 6.134143295858124567 ) ) ;
#3670 = CARTESIAN_POINT ( 'NONE',  ( 4.694969904367503055, 12.94203790404917775, -9.020459493118458738 ) ) ;
#3671 = CARTESIAN_POINT ( 'NONE',  ( 5.564036760171879870, 14.17729246549559541, -9.135413882753168124 ) ) ;
#3672 = EDGE_LOOP ( 'NONE', ( #1539 ) ) ;
#3673 = CARTESIAN_POINT ( 'NONE',  ( 6.019237091647276827, 12.22400258266539552, 6.198889074756477768 ) ) ;
#3674 = VECTOR ( 'NONE', #4169, 1000.000000000000000 ) ;
#3675 = CARTESIAN_POINT ( 'NONE',  ( 5.677941112702058035, 14.07542367914495607, 4.227474768139773964 ) ) ;
#3676 = CARTESIAN_POINT ( 'NONE',  ( -2.956950678267008303, 14.09480953563787153, 12.64845000196737779 ) ) ;
#3677 = CARTESIAN_POINT ( 'NONE',  ( 4.646280317508550972, 14.80222459929284184, -11.91532191907370830 ) ) ;
#3678 = VECTOR ( 'NONE', #358, 1000.000000000000000 ) ;
#3679 = EDGE_LOOP ( 'NONE', ( #351, #481, #1319, #2635 ) ) ;
#3680 = CARTESIAN_POINT ( 'NONE',  ( 18.49999999999992184, -4.861250291199326057E-13, 4.977178131738736688 ) ) ;
#3681 = CARTESIAN_POINT ( 'NONE',  ( -10.49999999999999822, 0.000000000000000000, 19.25000000000000000 ) ) ;
#3682 = AXIS2_PLACEMENT_3D ( 'NONE', #868, #227, #1241 ) ;
#3683 = CARTESIAN_POINT ( 'NONE',  ( -3.451985378600090471, 15.51938179230402959, -13.26639373506847441 ) ) ;
#3684 = VERTEX_POINT ( 'NONE', #1260 ) ;
#3685 = DIRECTION ( 'NONE',  ( -1.000000000000000000, -6.419766481290789370E-33, 0.000000000000000000 ) ) ;
#3686 = ORIENTED_EDGE ( 'NONE', *, *, #100, .T. ) ;
#3687 = AXIS2_PLACEMENT_3D ( 'NONE', #4151, #1415, #714 ) ;
#3688 = LINE ( 'NONE', #1888, #4453 ) ;
#3689 = CARTESIAN_POINT ( 'NONE',  ( 4.005310746341044670, 13.49086662759927435, -11.08518718937741809 ) ) ;
#3690 = DIRECTION ( 'NONE',  ( 1.000000000000000000, 0.000000000000000000, 0.000000000000000000 ) ) ;
#3691 = ORIENTED_EDGE ( 'NONE', *, *, #1675, .T. ) ;
#3692 = CARTESIAN_POINT ( 'NONE',  ( 4.035843485795994390, 13.48585988631577059, -11.01832790913013405 ) ) ;
#3693 = CARTESIAN_POINT ( 'NONE',  ( 7.000944344250496165, 3.415093008449853418, 9.377363120798445806 ) ) ;
#3694 = CARTESIAN_POINT ( 'NONE',  ( 6.424380299469595101, 12.72694802442443063, 6.177723758661244347 ) ) ;
#3695 = CARTESIAN_POINT ( 'NONE',  ( 1.418790898161974123, 14.60668032829932450, -14.31591787493393575 ) ) ;
#3696 = CARTESIAN_POINT ( 'NONE',  ( 5.297630546812079011, 14.20241996507786553, -8.977928274489435978 ) ) ;
#3697 = ORIENTED_EDGE ( 'NONE', *, *, #624, .F. ) ;
#3698 = CARTESIAN_POINT ( 'NONE',  ( 7.999999999999996447, 3.499999999999761080, -18.75000000000000000 ) ) ;
#3699 = VECTOR ( 'NONE', #882, 1000.000000000000000 ) ;
#3700 = CARTESIAN_POINT ( 'NONE',  ( 5.590038410737636632, 14.15467224158492243, 4.380582447478002628 ) ) ;
#3701 = DIRECTION ( 'NONE',  ( 1.465494392505206633E-14, 1.000000000000000000, -0.000000000000000000 ) ) ;
#3702 = EDGE_CURVE ( 'NONE', #3460, #2681, #2403, .T. ) ;
#3703 = PLANE ( 'NONE',  #3653 ) ;
#3704 = DIRECTION ( 'NONE',  ( 0.000000000000000000, -1.000000000000000000, 2.602085213965208275E-15 ) ) ;
#3705 = CARTESIAN_POINT ( 'NONE',  ( -3.902311854224283394, 15.30263991563290205, 13.03114362819519378 ) ) ;
#3706 = EDGE_CURVE ( 'NONE', #462, #3730, #532, .T. ) ;
#3707 = CARTESIAN_POINT ( 'NONE',  ( -2.775100617253984048, 15.24317456536133264, -13.16623011561654621 ) ) ;
#3708 = ORIENTED_EDGE ( 'NONE', *, *, #54, .F. ) ;
#3709 = CARTESIAN_POINT ( 'NONE',  ( -8.500000000000000000, 7.750000000000002665, 18.75000000000000000 ) ) ;
#3710 = ORIENTED_EDGE ( 'NONE', *, *, #137, .T. ) ;
#3711 = CARTESIAN_POINT ( 'NONE',  ( -5.213946918904815320, 13.81751658644976288, 45.32734660452702258 ) ) ;
#3712 = DIRECTION ( 'NONE',  ( 0.000000000000000000, 0.000000000000000000, 1.000000000000000000 ) ) ;
#3713 = EDGE_LOOP ( 'NONE', ( #4268 ) ) ;
#3714 = CARTESIAN_POINT ( 'NONE',  ( 4.298240761530481180, 13.87916300670057979, -11.04531706198644514 ) ) ;
#3715 = CARTESIAN_POINT ( 'NONE',  ( -15.75000000000000000, 1.499999999999763745, -13.02003210281144341 ) ) ;
#3716 = CARTESIAN_POINT ( 'NONE',  ( -3.729852451590032647, 14.81324957987107460, -12.28908431147468150 ) ) ;
#3717 = CARTESIAN_POINT ( 'NONE',  ( 8.499999999999998224, 3.432961569486006059, 10.76922171512637050 ) ) ;
#3718 = CARTESIAN_POINT ( 'NONE',  ( -0.2645688538193899930, 15.75280218650052610, -13.99950062273979334 ) ) ;
#3719 = CARTESIAN_POINT ( 'NONE',  ( 0.4516843745340906047, 16.24665304292352275, -14.50097419496337814 ) ) ;
#3720 = CARTESIAN_POINT ( 'NONE',  ( 5.169703899489606513, 14.18335589759671045, 4.334673128736283410 ) ) ;
#3721 = DIRECTION ( 'NONE',  ( -1.000000000000000000, 0.000000000000000000, 0.000000000000000000 ) ) ;
#3722 = CARTESIAN_POINT ( 'NONE',  ( 5.071049397957500204, 14.50321522536803442, -11.05620393758097464 ) ) ;
#3723 = CARTESIAN_POINT ( 'NONE',  ( 8.499999999999996447, 7.749999999999764633, 19.25000000000000000 ) ) ;
#3724 = CARTESIAN_POINT ( 'NONE',  ( 6.420546464206719151, 12.52228941568785459, 6.198889074756477768 ) ) ;
#3725 = EDGE_CURVE ( 'NONE', #1935, #1866, #2265, .T. ) ;
#3726 = B_SPLINE_CURVE_WITH_KNOTS ( 'NONE', 3,
 ( #4037, #4484, #1981, #4436, #1603, #1187 ),
 .UNSPECIFIED., .F., .F.,
 ( 4, 2, 4 ),
 ( 0.000000000000000000, 0.0009339337650309878502, 0.001867867530061975700 ),
 .UNSPECIFIED. ) ;
#3727 = CARTESIAN_POINT ( 'NONE',  ( -3.948427744765275360, 15.28752498273853888, 12.29408189977992194 ) ) ;
#3728 = AXIS2_PLACEMENT_3D ( 'NONE', #3975, #3261, #1441 ) ;
#3729 = CARTESIAN_POINT ( 'NONE',  ( 0.06703670874740000341, 15.87664228677967948, -13.99873292695107097 ) ) ;
#3730 = VERTEX_POINT ( 'NONE', #1283 ) ;
#3731 = CYLINDRICAL_SURFACE ( 'NONE', #3523, 6.249999999999998224 ) ;
#3732 = ORIENTED_EDGE ( 'NONE', *, *, #364, .F. ) ;
#3733 = FACE_OUTER_BOUND ( 'NONE', #3527, .T. ) ;
#3734 = DIRECTION ( 'NONE',  ( 9.860761315262647568E-32, 1.000000000000000000, -0.000000000000000000 ) ) ;
#3735 = ORIENTED_EDGE ( 'NONE', *, *, #3821, .F. ) ;
#3736 = CARTESIAN_POINT ( 'NONE',  ( 4.506341478075247764, 13.72548538200793011, -10.24733449561941967 ) ) ;
#3737 = ORIENTED_EDGE ( 'NONE', *, *, #1104, .F. ) ;
#3738 = CARTESIAN_POINT ( 'NONE',  ( -16.23498257914279819, 1.500000000000000000, -18.88014602434180134 ) ) ;
#3739 = CARTESIAN_POINT ( 'NONE',  ( -4.578389139166534783, 14.73529196821587917, -11.55563598114486012 ) ) ;
#3740 = PLANE ( 'NONE',  #3682 ) ;
#3741 = CIRCLE ( 'NONE', #4493, 3.499999999999999556 ) ;
#3742 = DIRECTION ( 'NONE',  ( -9.860761315262647568E-32, -1.000000000000000000, 0.000000000000000000 ) ) ;
#3743 = CARTESIAN_POINT ( 'NONE',  ( 4.817782663680210575, 14.11797181566851300, -10.16442088156433066 ) ) ;
#3744 = EDGE_CURVE ( 'NONE', #1115, #3684, #4134, .T. ) ;
#3745 = CARTESIAN_POINT ( 'NONE',  ( 2.630817162610967763, 15.84057470668584422, -14.01502724118539867 ) ) ;
#3746 = CARTESIAN_POINT ( 'NONE',  ( 5.641726924062967718, 14.03482231744106024, 5.103108485922771109 ) ) ;
#3747 = CARTESIAN_POINT ( 'NONE',  ( -4.686801999809265595, 14.84114061562387832, 11.13915791348191142 ) ) ;
#3748 = CARTESIAN_POINT ( 'NONE',  ( 5.260652000803184514, 14.42652470317016800, -11.27212683372368929 ) ) ;
#3749 = CARTESIAN_POINT ( 'NONE',  ( 10.49999999999999645, 3.499999999999761080, 38.74505944553241932 ) ) ;
#3750 = CARTESIAN_POINT ( 'NONE',  ( 4.338389159163186015, 13.24348518735195235, 4.198889074756483097 ) ) ;
#3751 = CARTESIAN_POINT ( 'NONE',  ( -4.153902463263146494, 15.16724354652906825, 12.78131889210528627 ) ) ;
#3752 = CIRCLE ( 'NONE', #2466, 6.249999999999998224 ) ;
#3753 = EDGE_CURVE ( 'NONE', #808, #3995, #1235, .T. ) ;
#3754 = CARTESIAN_POINT ( 'NONE',  ( -1.688735506096828987, 15.83989359103078698, -13.80292389689467569 ) ) ;
#3755 = ORIENTED_EDGE ( 'NONE', *, *, #2566, .F. ) ;
#3756 = DIRECTION ( 'NONE',  ( -0.000000000000000000, 1.000000000000000000, -0.000000000000000000 ) ) ;
#3757 = ORIENTED_EDGE ( 'NONE', *, *, #4452, .T. ) ;
#3758 = FACE_BOUND ( 'NONE', #2301, .T. ) ;
#3759 = VECTOR ( 'NONE', #728, 1000.000000000000000 ) ;
#3760 = CARTESIAN_POINT ( 'NONE',  ( 4.694969904367503055, 12.94203790404917775, -9.020459493118458738 ) ) ;
#3761 = SHAPE_DEFINITION_REPRESENTATION ( #2943, #3339 ) ;
#3762 = AXIS2_PLACEMENT_3D ( 'NONE', #2410, #2833, #641 ) ;
#3763 = ORIENTED_EDGE ( 'NONE', *, *, #2786, .T. ) ;
#3764 = CARTESIAN_POINT ( 'NONE',  ( 3.839268064709733697, 14.18277567299001163, -12.00822857904563001 ) ) ;
#3765 = ORIENTED_EDGE ( 'NONE', *, *, #2640, .F. ) ;
#3766 = EDGE_CURVE ( 'NONE', #2909, #3774, #2652, .T. ) ;
#3767 = CARTESIAN_POINT ( 'NONE',  ( -0.2181065278390853790, 14.74715099217342029, 13.93248956969760144 ) ) ;
#3768 = CARTESIAN_POINT ( 'NONE',  ( -4.224287190573075002, 15.12776562040465933, -12.53855125499444689 ) ) ;
#3769 = ADVANCED_FACE ( 'NONE', ( #1605 ), #509, .F. ) ;
#3770 = CARTESIAN_POINT ( 'NONE',  ( 4.637967650686857901, 13.62282644606995241, -9.000000000000001776 ) ) ;
#3771 = DIRECTION ( 'NONE',  ( 0.000000000000000000, 0.000000000000000000, 1.000000000000000000 ) ) ;
#3772 = ADVANCED_FACE ( 'NONE', ( #1931 ), #1412, .T. ) ;
#3773 = CARTESIAN_POINT ( 'NONE',  ( 5.038214644242182239, 14.11337196922069381, -8.871541511843023642 ) ) ;
#3774 = VERTEX_POINT ( 'NONE', #264 ) ;
#3775 = FACE_OUTER_BOUND ( 'NONE', #3672, .T. ) ;
#3776 = CARTESIAN_POINT ( 'NONE',  ( 5.389173066453714078, 13.64679107530503188, 5.573099190188087526 ) ) ;
#3777 = CARTESIAN_POINT ( 'NONE',  ( -4.719515631432257941, 14.81938926144441382, 11.06438719898255840 ) ) ;
#3778 = CARTESIAN_POINT ( 'NONE',  ( 5.096013102821722818, 14.55419157684034026, -11.37634751779904896 ) ) ;
#3779 = CARTESIAN_POINT ( 'NONE',  ( -10.49999999999999645, 1.000000000000000000, -19.25000000000000000 ) ) ;
#3780 = CYLINDRICAL_SURFACE ( 'NONE', #4426, 2.249999999999998668 ) ;
#3781 = B_SPLINE_CURVE_WITH_KNOTS ( 'NONE', 3,
 ( #2484, #1416, #3565, #2839, #3945, #3900 ),
 .UNSPECIFIED., .F., .F.,
 ( 4, 2, 4 ),
 ( 0.000000000000000000, 0.0004063032572795623491, 0.0008126065145591246982 ),
 .UNSPECIFIED. ) ;
#3782 = CARTESIAN_POINT ( 'NONE',  ( -0.5890023338261738406, 15.72987954061271587, 13.89914284522815180 ) ) ;
#3783 = CARTESIAN_POINT ( 'NONE',  ( -1.346293878172130754, 15.90502985456484275, -13.89849241405884683 ) ) ;
#3784 = FACE_OUTER_BOUND ( 'NONE', #4035, .T. ) ;
#3785 = CARTESIAN_POINT ( 'NONE',  ( -8.499999999999998224, 3.499999999999999112, 19.25000000000000000 ) ) ;
#3786 = CARTESIAN_POINT ( 'NONE',  ( -15.75000000000000000, 1.499999999999763745, -9.020032102811443409 ) ) ;
#3787 = VERTEX_POINT ( 'NONE', #3868 ) ;
#3788 = CARTESIAN_POINT ( 'NONE',  ( 4.129540167478287671, 13.40290045483731340, -11.85375174623075267 ) ) ;
#3789 = ORIENTED_EDGE ( 'NONE', *, *, #3206, .F. ) ;
#3790 = CARTESIAN_POINT ( 'NONE',  ( -16.24783736293047554, 1.261301839418009996, -19.19578866162585129 ) ) ;
#3791 = CARTESIAN_POINT ( 'NONE',  ( -4.403512315167710689, 14.40945703191466265, -11.19421037429484933 ) ) ;
#3792 = EDGE_CURVE ( 'NONE', #1110, #2016, #1646, .T. ) ;
#3793 = DIRECTION ( 'NONE',  ( 1.848892746611746419E-31, 1.000000000000000000, 0.000000000000000000 ) ) ;
#3794 = DIRECTION ( 'NONE',  ( 9.860761315262647568E-32, 1.000000000000000000, 0.000000000000000000 ) ) ;
#3795 = DIRECTION ( 'NONE',  ( 3.357529308342207502E-16, 1.000000000000000000, 0.000000000000000000 ) ) ;
#3796 = ADVANCED_FACE ( 'NONE', ( #1363 ), #4241, .T. ) ;
#3797 = CARTESIAN_POINT ( 'NONE',  ( 4.954233921779760408, 14.00526268718372869, -8.872401040395018867 ) ) ;
#3798 = FACE_OUTER_BOUND ( 'NONE', #785, .T. ) ;
#3799 = CARTESIAN_POINT ( 'NONE',  ( 5.554010882609549782, 14.11195291449621969, 4.872617813163577338 ) ) ;
#3800 = EDGE_CURVE ( 'NONE', #1840, #4116, #2911, .T. ) ;
#3801 = CARTESIAN_POINT ( 'NONE',  ( 10.49999999999999645, -2.393918396847993790E-13, -19.25000000000000000 ) ) ;
#3802 = CARTESIAN_POINT ( 'NONE',  ( 4.949663990097386446, 14.47362914968927683, -10.99943236984972472 ) ) ;
#3803 = CARTESIAN_POINT ( 'NONE',  ( -5.022343301807388194, 14.29894481308830656, -8.984007191093530409 ) ) ;
#3804 = CARTESIAN_POINT ( 'NONE',  ( -4.660698498514385335, 14.87350893962701548, 11.21150811354352150 ) ) ;
#3805 = CARTESIAN_POINT ( 'NONE',  ( -2.121545310215696034, 15.92455418088892571, -13.84972156102055685 ) ) ;
#3806 = DIRECTION ( 'NONE',  ( 1.000000000000000000, -9.860761315262647568E-32, -0.000000000000000000 ) ) ;
#3807 = LINE ( 'NONE', #156, #903 ) ;
#3808 = ORIENTED_EDGE ( 'NONE', *, *, #617, .T. ) ;
#3809 = CARTESIAN_POINT ( 'NONE',  ( 4.356146612486423209, 13.24913977883333871, 4.328490545379799492 ) ) ;
#3810 = ORIENTED_EDGE ( 'NONE', *, *, #2862, .F. ) ;
#3811 = CARTESIAN_POINT ( 'NONE',  ( 4.824608148229263094, 12.82201992082426045, 4.930717454248608078 ) ) ;
#3812 = CARTESIAN_POINT ( 'NONE',  ( -4.367900057924302359, 14.43982127419129569, 11.25339941121069920 ) ) ;
#3813 = CARTESIAN_POINT ( 'NONE',  ( -10.49999999999999822, 1.000000000000000000, -19.25000000000000000 ) ) ;
#3814 = ORIENTED_EDGE ( 'NONE', *, *, #2566, .T. ) ;
#3815 = CARTESIAN_POINT ( 'NONE',  ( 5.485683164321959460, 14.24312452378011251, -10.52058495500453184 ) ) ;
#3816 = VECTOR ( 'NONE', #1117, 1000.000000000000000 ) ;
#3817 = CARTESIAN_POINT ( 'NONE',  ( 5.121542483243183064, 14.04792051184920432, 4.830752550812666080 ) ) ;
#3818 = CARTESIAN_POINT ( 'NONE',  ( 4.762270359500528016, 14.49161572326945979, -11.11338280723640359 ) ) ;
#3819 = EDGE_CURVE ( 'NONE', #3007, #1257, #3361, .T. ) ;
#3820 = CARTESIAN_POINT ( 'NONE',  ( -5.157920499054965191, 14.31460994961711997, -9.028840659945833735 ) ) ;
#3821 = EDGE_CURVE ( 'NONE', #1008, #2750, #2850, .T. ) ;
#3822 = DIRECTION ( 'NONE',  ( -1.000000000000000000, 1.848892746611746419E-31, -0.000000000000000000 ) ) ;
#3823 = CARTESIAN_POINT ( 'NONE',  ( 0.06795315022649181524, 16.00801801579506289, -14.05205353645791710 ) ) ;
#3824 = CARTESIAN_POINT ( 'NONE',  ( 8.499999999999996447, 3.433293431214232250, 9.376858508743337595 ) ) ;
#3825 = AXIS2_PLACEMENT_3D ( 'NONE', #4633, #1073, #1733 ) ;
#3826 = CYLINDRICAL_SURFACE ( 'NONE', #2702, 0.5000000000000000000 ) ;
#3827 = CARTESIAN_POINT ( 'NONE',  ( 5.366248414731852989, 13.67335900025739903, 5.537378121602029246 ) ) ;
#3828 = VERTEX_POINT ( 'NONE', #2653 ) ;
#3829 = VERTEX_POINT ( 'NONE', #1674 ) ;
#3830 = DIRECTION ( 'NONE',  ( 1.000000000000000000, 0.000000000000000000, -0.000000000000000000 ) ) ;
#3831 = ORIENTED_EDGE ( 'NONE', *, *, #2289, .T. ) ;
#3832 = AXIS2_PLACEMENT_3D ( 'NONE', #2754, #1990, #1369 ) ;
#3833 = CARTESIAN_POINT ( 'NONE',  ( -1.236185498981289488, 14.64185595046195942, 14.25674994792039207 ) ) ;
#3834 = CARTESIAN_POINT ( 'NONE',  ( 4.948465659257297311, 14.01599454349073959, -0.1814901529044871120 ) ) ;
#3835 = VECTOR ( 'NONE', #237, 1000.000000000000000 ) ;
#3836 = CARTESIAN_POINT ( 'NONE',  ( -3.586064080420762856, 14.89366173682337724, 12.43570335252949910 ) ) ;
#3837 = CARTESIAN_POINT ( 'NONE',  ( -5.022962098811164289, 14.29847079383419484, -8.888726606964716837 ) ) ;
#3838 = CARTESIAN_POINT ( 'NONE',  ( -4.504512226326880864, 13.72581033701966646, -9.319871198398946177 ) ) ;
#3839 = CYLINDRICAL_SURFACE ( 'NONE', #1403, 2.249999999999998668 ) ;
#3840 = VECTOR ( 'NONE', #1461, 1000.000000000000000 ) ;
#3841 = CARTESIAN_POINT ( 'NONE',  ( 5.625118392607727280, 14.12386415387083538, 4.604018577375375010 ) ) ;
#3842 = CARTESIAN_POINT ( 'NONE',  ( 5.168787120749951391, 14.30629676808919548, -10.13279292630543615 ) ) ;
#3843 = VERTEX_POINT ( 'NONE', #1694 ) ;
#3844 = CARTESIAN_POINT ( 'NONE',  ( -5.533897386375373983, 14.20182090413218923, -9.268128272742199414 ) ) ;
#3845 = CARTESIAN_POINT ( 'NONE',  ( -5.537013586040743895, 14.19915144411111996, 9.061478697818905914 ) ) ;
#3846 = CARTESIAN_POINT ( 'NONE',  ( 1.561082209811031740, 16.05814118078764707, -14.08796468289028603 ) ) ;
#3847 = CARTESIAN_POINT ( 'NONE',  ( -4.436651871499338817, 13.61848916223832440, 9.000346675985628764 ) ) ;
#3848 = SURFACE_STYLE_USAGE ( .BOTH. , #4595 ) ;
#3849 = CARTESIAN_POINT ( 'NONE',  ( 6.263048873036756170, 12.73362502034906463, 6.166701689137402020 ) ) ;
#3850 = CIRCLE ( 'NONE', #845, 6.250000000000000000 ) ;
#3851 = ORIENTED_EDGE ( 'NONE', *, *, #302, .T. ) ;
#3852 = CARTESIAN_POINT ( 'NONE',  ( 4.416696345548710489, 13.19967378130724001, 4.783237063427475455 ) ) ;
#3853 = CARTESIAN_POINT ( 'NONE',  ( -0.6727133345872061687, 14.71965192984647786, 13.87390351148983392 ) ) ;
#3854 = CARTESIAN_POINT ( 'NONE',  ( 3.671601236143925640, 15.41619182820507028, -12.74436673393973152 ) ) ;
#3855 = CARTESIAN_POINT ( 'NONE',  ( -3.689208323007629797, 14.84021535384482782, 12.31795018487543025 ) ) ;
#3856 = CARTESIAN_POINT ( 'NONE',  ( -5.294764304086903905, 14.32927351723885145, -8.937458805545411167 ) ) ;
#3857 = LINE ( 'NONE', #1371, #2001 ) ;
#3858 = DIRECTION ( 'NONE',  ( 0.000000000000000000, 0.000000000000000000, -1.000000000000000000 ) ) ;
#3859 = CARTESIAN_POINT ( 'NONE',  ( 6.214705234097262831, 13.54923816432203765, 5.568630231539287045 ) ) ;
#3860 = CARTESIAN_POINT ( 'NONE',  ( 4.632542651620908281, 14.24983816556573935, -10.90892672574426392 ) ) ;
#3861 = ORIENTED_EDGE ( 'NONE', *, *, #1442, .F. ) ;
#3862 = CARTESIAN_POINT ( 'NONE',  ( -0.6098333954672436885, 15.22651761574714513, 13.89100595955253503 ) ) ;
#3863 = CARTESIAN_POINT ( 'NONE',  ( -4.810538856695357524, 14.11629717410870910, -9.113325158294003359 ) ) ;
#3864 = FACE_OUTER_BOUND ( 'NONE', #1632, .T. ) ;
#3865 = CARTESIAN_POINT ( 'NONE',  ( 2.991093784387507615, 15.71340417025574787, -13.69060964834726235 ) ) ;
#3866 = CARTESIAN_POINT ( 'NONE',  ( -4.427607837018793902, 13.24106513170205268, 9.010256923170299359 ) ) ;
#3867 =( LENGTH_UNIT ( ) NAMED_UNIT ( * ) SI_UNIT ( .MILLI., .METRE. ) );
#3868 = CARTESIAN_POINT ( 'NONE',  ( 8.499999999999996447, 3.499999999999761080, -18.75000000000000000 ) ) ;
#3869 = VERTEX_POINT ( 'NONE', #3490 ) ;
#3870 = CARTESIAN_POINT ( 'NONE',  ( 4.731471961948242821, 12.90882453837768118, 4.553106082644345243 ) ) ;
#3871 = CARTESIAN_POINT ( 'NONE',  ( -2.939409738074429512, 14.10424217336009889, 13.32638869098945555 ) ) ;
#3872 = CARTESIAN_POINT ( 'NONE',  ( 3.290981555668204273, 15.58831792112321324, -13.05277383626696341 ) ) ;
#3873 = DIRECTION ( 'NONE',  ( 1.848892746611746419E-31, 1.000000000000000000, 0.000000000000000000 ) ) ;
#3874 = CARTESIAN_POINT ( 'NONE',  ( 7.999999999999996447, 7.749999999999827693, 10.07388907475647777 ) ) ;
#3875 = CARTESIAN_POINT ( 'NONE',  ( 4.299071734929069244, 13.87886997781177456, -11.05364778639941292 ) ) ;
#3876 = VECTOR ( 'NONE', #374, 1000.000000000000000 ) ;
#3877 = CARTESIAN_POINT ( 'NONE',  ( -4.473610280598594890, 13.74932399753828882, -9.733160610565320781 ) ) ;
#3878 = DIRECTION ( 'NONE',  ( 0.000000000000000000, 0.000000000000000000, 1.000000000000000000 ) ) ;
#3879 = CARTESIAN_POINT ( 'NONE',  ( 5.935238374421989427, 13.49048146723679587, 5.850695412652289207 ) ) ;
#3880 = EDGE_CURVE ( 'NONE', #3970, #663, #2168, .T. ) ;
#3881 = CARTESIAN_POINT ( 'NONE',  ( 4.931880873825889466, 14.19645848085029272, -9.932614712857128936 ) ) ;
#3882 = ORIENTED_EDGE ( 'NONE', *, *, #1759, .F. ) ;
#3883 = CARTESIAN_POINT ( 'NONE',  ( -4.458432484490737480, 13.76060151508383278, 9.641997200302068194 ) ) ;
#3884 = CARTESIAN_POINT ( 'NONE',  ( -4.890742193728330633, 14.22732200429138416, -9.155947504565240536 ) ) ;
#3885 = CARTESIAN_POINT ( 'NONE',  ( -5.365793123425663502, 14.34250718280607906, 10.42577378487349904 ) ) ;
#3886 = AXIS2_PLACEMENT_3D ( 'NONE', #2584, #40, #3643 ) ;
#3887 = CARTESIAN_POINT ( 'NONE',  ( 1.601646436619313496, 16.10648670439097074, -14.21574406040621241 ) ) ;
#3888 = DIRECTION ( 'NONE',  ( 1.000000000000000000, -9.860761315262647568E-32, 0.000000000000000000 ) ) ;
#3889 = CARTESIAN_POINT ( 'NONE',  ( -22.00000000000000000, 1.000000000000000000, 18.75000000000000000 ) ) ;
#3890 = ADVANCED_FACE ( 'NONE', ( #336 ), #463, .T. ) ;
#3891 = CARTESIAN_POINT ( 'NONE',  ( 4.970527766263586500, 13.99903991663097891, 4.466816362874387103 ) ) ;
#3892 = B_SPLINE_CURVE_WITH_KNOTS ( 'NONE', 3,
 ( #2992, #3433, #539, #848, #164, #2273, #1640, #3058, #470, #113, #4495, #870 ),
 .UNSPECIFIED., .F., .F.,
 ( 4, 2, 2, 2, 2, 4 ),
 ( -5.999999999448328229E-08, 0.0007716638916711737609, 0.001157525837506757048, 0.001543387783342340227, 0.002315111675013508969, 0.003086835566684677061 ),
 .UNSPECIFIED. ) ;
#3893 = VERTEX_POINT ( 'NONE', #1854 ) ;
#3894 = CARTESIAN_POINT ( 'NONE',  ( 4.689568244015127618, 13.58274352448284716, 4.666923741899283051 ) ) ;
#3895 = VECTOR ( 'NONE', #2130, 1000.000000000000000 ) ;
#3896 = CARTESIAN_POINT ( 'NONE',  ( -1.661947237824344503, 15.06310401718263137, 13.62721826219914512 ) ) ;
#3897 = CARTESIAN_POINT ( 'NONE',  ( -4.512938794312082891, 13.71937205211221489, -9.000000000000001776 ) ) ;
#3898 = CARTESIAN_POINT ( 'NONE',  ( -3.773115955575863989, 13.64618384484267466, 11.35912574027450539 ) ) ;
#3899 = ADVANCED_FACE ( 'NONE', ( #2595 ), #594, .T. ) ;
#3900 = CARTESIAN_POINT ( 'NONE',  ( -5.539818601336365944, 14.19673637310287262, 9.021944491933345134 ) ) ;
#3901 = ADVANCED_FACE ( 'NONE', ( #3937 ), #806, .T. ) ;
#3902 = CARTESIAN_POINT ( 'NONE',  ( -4.100718058802379495, 13.42604652638790874, -11.68320248150080864 ) ) ;
#3903 = CARTESIAN_POINT ( 'NONE',  ( -4.512972009675256579, 13.71941598673109475, 9.000000000000001776 ) ) ;
#3904 = CARTESIAN_POINT ( 'NONE',  ( 6.311927053039461555, 12.86853019936877018, 6.145141553061803208 ) ) ;
#3905 = VECTOR ( 'NONE', #3822, 1000.000000000000000 ) ;
#3906 = CARTESIAN_POINT ( 'NONE',  ( 5.377786477694671774, 14.26163003189498646, -9.619753625462301727 ) ) ;
#3907 = VERTEX_POINT ( 'NONE', #1153 ) ;
#3908 = TOROIDAL_SURFACE ( 'NONE', #4511, 7.999999999999998224, 0.5000000000000000000 ) ;
#3909 = CARTESIAN_POINT ( 'NONE',  ( -4.303323492362491010, 13.87390948786947753, 10.58965771567254421 ) ) ;
#3910 = CARTESIAN_POINT ( 'NONE',  ( -4.767586087421447516, 14.31944282756729159, -10.24451863055743139 ) ) ;
#3911 = LINE ( 'NONE', #1738, #3905 ) ;
#3912 = CARTESIAN_POINT ( 'NONE',  ( 2.259503437214952282, 15.88750382097994418, -13.86374087787396192 ) ) ;
#3913 = CARTESIAN_POINT ( 'NONE',  ( 15.74999999999994849, 0.9126302581756667864, 13.02003210281144341 ) ) ;
#3914 = CARTESIAN_POINT ( 'NONE',  ( 4.953015187373970285, 14.00632861095644088, 4.307414946122735344 ) ) ;
#3915 = CARTESIAN_POINT ( 'NONE',  ( 10.49999999999999822, 0.9999999999997610800, 18.75000000000000000 ) ) ;
#3916 = ORIENTED_EDGE ( 'NONE', *, *, #2949, .F. ) ;
#3917 = CARTESIAN_POINT ( 'NONE',  ( 5.434272726670205778, 12.16589166091196361, 5.637149631766503077 ) ) ;
#3918 = CARTESIAN_POINT ( 'NONE',  ( -3.093806329677256883, 14.57518486936007385, 12.72404265447119975 ) ) ;
#3919 = CARTESIAN_POINT ( 'NONE',  ( -4.458100927863822172, 13.64683669515339659, -9.000000005904151834 ) ) ;
#3920 = CARTESIAN_POINT ( 'NONE',  ( -3.896524201705705348, 13.56524847270246781, 11.03616716784923923 ) ) ;
#3921 = EDGE_CURVE ( 'NONE', #3684, #1866, #151, .T. ) ;
#3922 = CARTESIAN_POINT ( 'NONE',  ( 6.420546464206719151, 12.52228941568785459, 6.198889074756477768 ) ) ;
#3923 = CARTESIAN_POINT ( 'NONE',  ( -3.937895548003347734, 15.28416014253006061, -13.02011908305540722 ) ) ;
#3924 = CARTESIAN_POINT ( 'NONE',  ( 1.118597334894661177, 14.66252339618632661, -13.88133414093703344 ) ) ;
#3925 = CARTESIAN_POINT ( 'NONE',  ( 5.674661049453725070, 14.07836645381829221, 4.180180268105924135 ) ) ;
#3926 = CIRCLE ( 'NONE', #611, 3.874999999999999112 ) ;
#3927 = EDGE_CURVE ( 'NONE', #3388, #3774, #3981, .T. ) ;
#3928 = CARTESIAN_POINT ( 'NONE',  ( 6.444114981480430160, 13.21002755397102391, 5.859819809762614184 ) ) ;
#3929 = CARTESIAN_POINT ( 'NONE',  ( 4.682588377623758014, 14.21341976366107218, -10.76053539284109917 ) ) ;
#3930 = VERTEX_POINT ( 'NONE', #4334 ) ;
#3931 = CARTESIAN_POINT ( 'NONE',  ( 10.49999999999999645, -2.393918396847993790E-13, 19.25000000000000000 ) ) ;
#3932 = CARTESIAN_POINT ( 'NONE',  ( -5.117145593670693771, 14.46834837764415305, -10.47376987741007781 ) ) ;
#3933 = DIRECTION ( 'NONE',  ( 0.000000000000000000, 0.000000000000000000, 1.000000000000000000 ) ) ;
#3934 = CARTESIAN_POINT ( 'NONE',  ( 2.396846767968761505, 15.52005460082927080, -13.51909281970246823 ) ) ;
#3935 = DIRECTION ( 'NONE',  ( -1.000000000000000000, 0.000000000000000000, 0.000000000000000000 ) ) ;
#3936 = FACE_BOUND ( 'NONE', #2178, .T. ) ;
#3937 = FACE_OUTER_BOUND ( 'NONE', #1079, .T. ) ;
#3938 = ORIENTED_EDGE ( 'NONE', *, *, #2104, .T. ) ;
#3939 = DIRECTION ( 'NONE',  ( 0.9462181142438469417, 5.612340657572066862E-16, -0.3235294117647084522 ) ) ;
#3940 = TOROIDAL_SURFACE ( 'NONE', #841, 5.750000000000000000, 0.5000000000000000000 ) ;
#3941 = CARTESIAN_POINT ( 'NONE',  ( -4.224165960799180830, 13.35125626575068125, 9.107924993950080150 ) ) ;
#3942 = CARTESIAN_POINT ( 'NONE',  ( 4.637979826333509692, 13.62284186375636175, 4.198889074756483097 ) ) ;
#3943 = CARTESIAN_POINT ( 'NONE',  ( -10.49999999999999822, 3.500000000000000000, 18.75000000000000000 ) ) ;
#3944 = CIRCLE ( 'NONE', #1189, 8.000000000000000000 ) ;
#3945 = CARTESIAN_POINT ( 'NONE',  ( -5.437187241206578037, 14.28492969837971138, 9.015994647426166964 ) ) ;
#3946 = CARTESIAN_POINT ( 'NONE',  ( -2.222167700175860183, 14.39417900416514051, -13.32439367025127197 ) ) ;
#3947 = ORIENTED_EDGE ( 'NONE', *, *, #793, .F. ) ;
#3948 = PLANE ( 'NONE',  #4557 ) ;
#3949 = CARTESIAN_POINT ( 'NONE',  ( 6.581326454433262363, 13.13052432868456698, 5.760977541729242368 ) ) ;
#3950 = CIRCLE ( 'NONE', #2216, 4.374999999999999112 ) ;
#3951 = CARTESIAN_POINT ( 'NONE',  ( 5.287757397581609453, 14.21052092638164588, -9.113637633445287989 ) ) ;
#3952 = ORIENTED_EDGE ( 'NONE', *, *, #3227, .T. ) ;
#3953 = CARTESIAN_POINT ( 'NONE',  ( -5.269095768414455705, 14.42191088020723022, 10.88227762835044565 ) ) ;
#3954 = CARTESIAN_POINT ( 'NONE',  ( -5.298511660980214089, 14.39803325977645443, -10.33733864308744366 ) ) ;
#3955 = CARTESIAN_POINT ( 'NONE',  ( 4.637979826333509692, 13.62284186375636175, 4.198889074756483097 ) ) ;
#3956 = CARTESIAN_POINT ( 'NONE',  ( 3.706481021786575347, 14.97681391614090529, -12.54721135705969637 ) ) ;
#3957 = ADVANCED_FACE ( 'NONE', ( #3608 ), #3273, .F. ) ;
#3958 = CARTESIAN_POINT ( 'NONE',  ( -4.584331170386918508, 13.03998182607642775, 9.020572212002511137 ) ) ;
#3959 = DIRECTION ( 'NONE',  ( -1.000000000000000000, -6.419766481290786633E-33, 0.000000000000000000 ) ) ;
#3960 = EDGE_CURVE ( 'NONE', #4116, #4209, #1000, .T. ) ;
#3961 = CIRCLE ( 'NONE', #2690, 4.375000000000000000 ) ;
#3962 = EDGE_CURVE ( 'NONE', #3869, #1337, #1883, .T. ) ;
#3963 = CARTESIAN_POINT ( 'NONE',  ( 1.664025329653314511, 15.06298165938830280, -13.74779651370329958 ) ) ;
#3964 = VERTEX_POINT ( 'NONE', #1499 ) ;
#3965 = CARTESIAN_POINT ( 'NONE',  ( 5.742529996747956389, 12.57864370615732774, 6.123640353989125984 ) ) ;
#3966 = ORIENTED_EDGE ( 'NONE', *, *, #3725, .T. ) ;
#3967 = CARTESIAN_POINT ( 'NONE',  ( -4.535558301757436794, 13.08189428983789426, 9.680284149828201734 ) ) ;
#3968 = CARTESIAN_POINT ( 'NONE',  ( 4.028035268502243582, 13.47493980002714054, -11.01856863654139929 ) ) ;
#3969 = VERTEX_POINT ( 'NONE', #1137 ) ;
#3970 = VERTEX_POINT ( 'NONE', #2499 ) ;
#3971 = CARTESIAN_POINT ( 'NONE',  ( 0.3999549455750679439, 14.74683258361786820, -14.50080901853278270 ) ) ;
#3972 = VERTEX_POINT ( 'NONE', #4011 ) ;
#3973 = CARTESIAN_POINT ( 'NONE',  ( 7.999999999999996447, 3.499999999999762412, 19.25000000000000000 ) ) ;
#3974 = TOROIDAL_SURFACE ( 'NONE', #962, 2.750000000000000000, 0.5000000000000000000 ) ;
#3975 = CARTESIAN_POINT ( 'NONE',  ( 15.74999999999993783, 1.499999999999763745, -13.02003210281144341 ) ) ;
#3976 = CARTESIAN_POINT ( 'NONE',  ( 4.938321387184324784, 14.01786235956928905, -9.101028804217017765 ) ) ;
#3977 = VERTEX_POINT ( 'NONE', #3681 ) ;
#3978 = CARTESIAN_POINT ( 'NONE',  ( 18.49999999999993605, 0.9999999999997636335, 4.977178131738736688 ) ) ;
#3979 = STYLED_ITEM ( 'NONE', ( #1362 ), #3292 ) ;
#3980 = CARTESIAN_POINT ( 'NONE',  ( -5.278060462374900119, 14.34268121866493395, -9.431528840490349452 ) ) ;
#3981 = B_SPLINE_CURVE_WITH_KNOTS ( 'NONE', 3,
 ( #3248, #29, #3987, #1431, #2232, #1105 ),
 .UNSPECIFIED., .F., .F.,
 ( 4, 2, 4 ),
 ( -1.548759659960496343E-05, 0.0003789801485853636380, 0.0007734478937703321818 ),
 .UNSPECIFIED. ) ;
#3982 = CARTESIAN_POINT ( 'NONE',  ( -17.61029411764705799, 1.000000000000000000, -7.579277945909318248 ) ) ;
#3983 = AXIS2_PLACEMENT_3D ( 'NONE', #4121, #3207, #4645 ) ;
#3984 = CARTESIAN_POINT ( 'NONE',  ( 4.859504884476954167, 14.72389505783852393, -12.07123911316264220 ) ) ;
#3985 = DIRECTION ( 'NONE',  ( 0.000000000000000000, 0.000000000000000000, 1.000000000000000000 ) ) ;
#3986 = DIRECTION ( 'NONE',  ( 0.000000000000000000, -1.734723475976805517E-15, 1.000000000000000000 ) ) ;
#3987 = CARTESIAN_POINT ( 'NONE',  ( 16.24036437003696065, 1.445686510908192890, 19.01146415053422700 ) ) ;
#3988 = CARTESIAN_POINT ( 'NONE',  ( 4.115303502895668153, 14.00547661041614411, -11.49132751452236612 ) ) ;
#3989 = ORIENTED_EDGE ( 'NONE', *, *, #1466, .F. ) ;
#3990 = CARTESIAN_POINT ( 'NONE',  ( 5.204227189746633009, 12.43218021837931708, 5.490420249684086151 ) ) ;
#3991 = EDGE_LOOP ( 'NONE', ( #1072, #93, #3464, #39 ) ) ;
#3992 = CARTESIAN_POINT ( 'NONE',  ( -4.517708710807224470, 13.09706755495007080, 9.856949578282252489 ) ) ;
#3993 = CARTESIAN_POINT ( 'NONE',  ( -3.195985454990646790, 13.97806314907828806, -12.38403560299896178 ) ) ;
#3994 = CARTESIAN_POINT ( 'NONE',  ( 4.948465659308824982, 14.01599454345518403, -4.600370308414507114 ) ) ;
#3995 = VERTEX_POINT ( 'NONE', #4290 ) ;
#3996 = CARTESIAN_POINT ( 'NONE',  ( 3.319593659461587798, 13.91737713646516639, -13.11407012085391166 ) ) ;
#3997 = ORIENTED_EDGE ( 'NONE', *, *, #4552, .F. ) ;
#3998 = CARTESIAN_POINT ( 'NONE',  ( -10.49999999999999822, 1.000000000000000000, 19.25000000000000000 ) ) ;
#3999 = CARTESIAN_POINT ( 'NONE',  ( 6.806609670549112145, 12.74952576614876243, 5.965169686488509981 ) ) ;
#4000 = CARTESIAN_POINT ( 'NONE',  ( -4.584344783489743058, 13.03997002884613288, -9.000000147895470093 ) ) ;
#4001 = AXIS2_PLACEMENT_3D ( 'NONE', #4065, #1282, #507 ) ;
#4002 = CARTESIAN_POINT ( 'NONE',  ( 4.941595156077067230, 14.01526826411255477, -9.056312594421029871 ) ) ;
#4003 = EDGE_LOOP ( 'NONE', ( #1325 ) ) ;
#4004 = CARTESIAN_POINT ( 'NONE',  ( 16.24999999999993960, 1.132094334975002559, -19.25000000000000000 ) ) ;
#4005 = CARTESIAN_POINT ( 'NONE',  ( -5.490974153555246318, 14.23848894459499448, -9.824350052478155959 ) ) ;
#4006 = CARTESIAN_POINT ( 'NONE',  ( 5.444500718830523667, 14.20591395754377650, 4.342182821651157099 ) ) ;
#4007 = DIRECTION ( 'NONE',  ( -6.419766481290786633E-33, 1.000000000000000000, 0.000000000000000000 ) ) ;
#4008 = CARTESIAN_POINT ( 'NONE',  ( 4.409619181843528857, 14.72820674809428354, -11.80756521648848612 ) ) ;
#4009 = CARTESIAN_POINT ( 'NONE',  ( -4.473230954264800552, 13.13432684514466864, 10.21140213952005205 ) ) ;
#4010 = CARTESIAN_POINT ( 'NONE',  ( 4.566543552086921309, 13.53237663792569023, 4.198973673671122953 ) ) ;
#4011 = CARTESIAN_POINT ( 'NONE',  ( 8.499999999999996447, 3.499999999999761080, 11.11221705762096690 ) ) ;
#4012 = CARTESIAN_POINT ( 'NONE',  ( -2.851573199087902744, 15.76430506590726210, -13.67288183812757296 ) ) ;
#4013 = EDGE_LOOP ( 'NONE', ( #2287, #2980, #3097, #2312 ) ) ;
#4014 = CARTESIAN_POINT ( 'NONE',  ( -17.77205882352941302, 1.000000000000000000, 7.106168888787395055 ) ) ;
#4015 = CARTESIAN_POINT ( 'NONE',  ( -8.673617379884035472E-16, 7.750000000000000000, -18.74999999999999645 ) ) ;
#4016 = CARTESIAN_POINT ( 'NONE',  ( -3.096131804737130455, 14.02812017728928140, -12.50928665585324673 ) ) ;
#4017 = DIRECTION ( 'NONE',  ( -9.860761315262647568E-32, -1.000000000000000000, 0.000000000000000000 ) ) ;
#4018 = EDGE_LOOP ( 'NONE', ( #4560, #281, #4326, #772 ) ) ;
#4019 = CARTESIAN_POINT ( 'NONE',  ( -3.128272804957690667, 14.56195694650269168, -12.72343061604590275 ) ) ;
#4020 = FACE_OUTER_BOUND ( 'NONE', #2778, .T. ) ;
#4021 = CARTESIAN_POINT ( 'NONE',  ( -0.2897127029602249437, 14.75267189693550307, -14.49903130794616501 ) ) ;
#4022 = CARTESIAN_POINT ( 'NONE',  ( 5.577302567939307565, 14.16578624255451579, -8.950495847183541187 ) ) ;
#4023 = EDGE_LOOP ( 'NONE', ( #1133 ) ) ;
#4024 = CARTESIAN_POINT ( 'NONE',  ( -3.426680555544778795, 15.53022157696106831, 13.41635493962551173 ) ) ;
#4025 = ADVANCED_FACE ( 'NONE', ( #754 ), #2856, .T. ) ;
#4026 = CARTESIAN_POINT ( 'NONE',  ( 4.948152562131031829, 14.01009330383683960, 4.243888456054841996 ) ) ;
#4027 = DIRECTION ( 'NONE',  ( -1.000000000000000000, -6.419766481290786633E-33, 0.000000000000000000 ) ) ;
#4028 = CARTESIAN_POINT ( 'NONE',  ( 4.307204599475554119, 14.47344666426955406, -11.64479190509056394 ) ) ;
#4029 = ORIENTED_EDGE ( 'NONE', *, *, #2357, .T. ) ;
#4030 = CARTESIAN_POINT ( 'NONE',  ( 6.612852754267125377, 13.10191678051040753, 6.158606963214336538 ) ) ;
#4031 = DIRECTION ( 'NONE',  ( 9.860761315262647568E-32, 1.000000000000000000, 0.000000000000000000 ) ) ;
#4032 = CARTESIAN_POINT ( 'NONE',  ( -2.390365425801980415, 15.75890492120481490, -13.63547430602552879 ) ) ;
#4033 = EDGE_LOOP ( 'NONE', ( #332, #1671, #1346, #245, #225, #1887, #3710, #4148, #2510, #1261, #863, #767 ) ) ;
#4034 = CARTESIAN_POINT ( 'NONE',  ( 10.50000000000000000, 1.000000000000000000, -18.75000000000000000 ) ) ;
#4035 = EDGE_LOOP ( 'NONE', ( #739 ) ) ;
#4036 = ADVANCED_FACE ( 'NONE', ( #1784 ), #2558, .T. ) ;
#4037 = CARTESIAN_POINT ( 'NONE',  ( 7.499999999999996447, 3.985714285714056171, 9.154227147076525739 ) ) ;
#4038 = AXIS2_PLACEMENT_3D ( 'NONE', #1752, #3522, #630 ) ;
#4039 = CARTESIAN_POINT ( 'NONE',  ( 3.978490281382937255, 13.50950374630316553, -11.16067394403119728 ) ) ;
#4040 = CARTESIAN_POINT ( 'NONE',  ( 4.948490572002318011, 14.01602608934898520, 4.198889074756483097 ) ) ;
#4041 = CARTESIAN_POINT ( 'NONE',  ( 4.374291214651446325, 13.21496503515166410, -11.20687537883333817 ) ) ;
#4042 = ORIENTED_EDGE ( 'NONE', *, *, #4300, .T. ) ;
#4043 = CARTESIAN_POINT ( 'NONE',  ( 7.499999999999996447, 7.749999999999834799, 10.07388907475647777 ) ) ;
#4044 = CARTESIAN_POINT ( 'NONE',  ( 6.373539810953815277, 12.57672101623154859, 6.189517950766003196 ) ) ;
#4045 = DIRECTION ( 'NONE',  ( 3.469446951953611033E-15, 0.000000000000000000, 1.000000000000000000 ) ) ;
#4046 = CARTESIAN_POINT ( 'NONE',  ( 5.141039693993827875, 14.20625997110985494, -9.239029549952645581 ) ) ;
#4047 = ORIENTED_EDGE ( 'NONE', *, *, #3614, .F. ) ;
#4048 = CARTESIAN_POINT ( 'NONE',  ( -5.536934837626145800, 14.19921446681202681, -9.383727716272334263 ) ) ;
#4049 = AXIS2_PLACEMENT_3D ( 'NONE', #989, #4284, #700 ) ;
#4050 = ADVANCED_FACE ( 'NONE', ( #3864 ), #4562, .T. ) ;
#4051 = CARTESIAN_POINT ( 'NONE',  ( 5.198967344598685258, 14.15989896110633417, 4.557826100169134698 ) ) ;
#4052 = CARTESIAN_POINT ( 'NONE',  ( -0.6095191099943836344, 14.75238554585380335, 13.91814255518001886 ) ) ;
#4053 = CARTESIAN_POINT ( 'NONE',  ( 4.695982963110974850, 14.65418922344667152, -11.57386221957182926 ) ) ;
#4054 = AXIS2_PLACEMENT_3D ( 'NONE', #3496, #2036, #1003 ) ;
#4055 = DIRECTION ( 'NONE',  ( -1.000000000000000000, 3.357529308342207502E-16, 0.000000000000000000 ) ) ;
#4056 = DIRECTION ( 'NONE',  ( 1.465494392505206633E-14, 1.000000000000000000, 0.000000000000000000 ) ) ;
#4057 = CARTESIAN_POINT ( 'NONE',  ( -4.433432812326071115, 15.01590292273638738, 11.63885281188948362 ) ) ;
#4058 = CIRCLE ( 'NONE', #3222, 6.999999999999999112 ) ;
#4059 = CARTESIAN_POINT ( 'NONE',  ( -3.996680455069669513, 15.19093636721598628, -12.57542597184731825 ) ) ;
#4060 = VERTEX_POINT ( 'NONE', #2473 ) ;
#4061 = EDGE_CURVE ( 'NONE', #4447, #3308, #3911, .T. ) ;
#4062 = CARTESIAN_POINT ( 'NONE',  ( -15.75000000000000355, 1.000000000000000000, 19.25000000000000000 ) ) ;
#4063 = ORIENTED_EDGE ( 'NONE', *, *, #3260, .T. ) ;
#4064 = AXIS2_PLACEMENT_3D ( 'NONE', #1890, #3306, #1818 ) ;
#4065 = CARTESIAN_POINT ( 'NONE',  ( -22.00000000000000000, 0.000000000000000000, 19.25000000000000000 ) ) ;
#4066 = CARTESIAN_POINT ( 'NONE',  ( 7.999999999999996447, 7.749999999999827693, 10.07388907475647777 ) ) ;
#4067 = CYLINDRICAL_SURFACE ( 'NONE', #2406, 0.5000000000000004441 ) ;
#4068 = ORIENTED_EDGE ( 'NONE', *, *, #3706, .T. ) ;
#4069 = CARTESIAN_POINT ( 'NONE',  ( 4.222930391177656340, 13.35183359721960805, -10.25373045331077826 ) ) ;
#4070 = CARTESIAN_POINT ( 'NONE',  ( -0.06373955653306785651, 14.75019554474643790, 13.94433710221229816 ) ) ;
#4071 = CARTESIAN_POINT ( 'NONE',  ( 6.589055745392177421, 12.72817650815804136, 6.138164680811684981 ) ) ;
#4072 = CYLINDRICAL_SURFACE ( 'NONE', #2447, 3.299999999999997158 ) ;
#4073 = EDGE_CURVE ( 'NONE', #733, #3276, #4427, .T. ) ;
#4074 = CARTESIAN_POINT ( 'NONE',  ( -3.976917931428192166, 14.68108353914863784, -11.96306935863262844 ) ) ;
#4075 = ORIENTED_EDGE ( 'NONE', *, *, #4465, .T. ) ;
#4076 = DIRECTION ( 'NONE',  ( 0.000000000000000000, 0.2373321103690192724, -0.9714285714285882944 ) ) ;
#4077 = CARTESIAN_POINT ( 'NONE',  ( 5.333767023285181708, 14.17272019208177092, 4.538930933335935336 ) ) ;
#4078 = CARTESIAN_POINT ( 'NONE',  ( -4.938406068555570627, 14.67193297089806236, 10.53190944834691578 ) ) ;
#4079 = AXIS2_PLACEMENT_3D ( 'NONE', #1234, #105, #2624 ) ;
#4080 = CARTESIAN_POINT ( 'NONE',  ( 4.685508413962301333, 14.37943118303536139, -10.97862362204403830 ) ) ;
#4081 = DIRECTION ( 'NONE',  ( -0.000000000000000000, 0.000000000000000000, -1.000000000000000000 ) ) ;
#4082 = CARTESIAN_POINT ( 'NONE',  ( 15.74999999999994849, 1.499999999999763745, -13.02003210281144341 ) ) ;
#4083 = CARTESIAN_POINT ( 'NONE',  ( -1.254446296639198266, 15.65192551381831088, 13.77872240851525021 ) ) ;
#4084 = CARTESIAN_POINT ( 'NONE',  ( -2.909244268117473720, 15.19299672303932169, -13.07328106072205109 ) ) ;
#4085 = EDGE_LOOP ( 'NONE', ( #2343, #4466, #1026, #860 ) ) ;
#4086 = CARTESIAN_POINT ( 'NONE',  ( 16.24999999999993960, 0.9999999999997613020, -19.25000000000000000 ) ) ;
#4087 = FACE_OUTER_BOUND ( 'NONE', #2143, .T. ) ;
#4088 = DIRECTION ( 'NONE',  ( -0.000000000000000000, -0.000000000000000000, -1.000000000000000000 ) ) ;
#4089 =( NAMED_UNIT ( * ) PLANE_ANGLE_UNIT ( ) SI_UNIT ( $, .RADIAN. ) );
#4090 = ORIENTED_EDGE ( 'NONE', *, *, #3702, .T. ) ;
#4091 = CARTESIAN_POINT ( 'NONE',  ( 4.355258286173664395, 13.24992754219524116, -8.879520841533667053 ) ) ;
#4092 = ORIENTED_EDGE ( 'NONE', *, *, #1447, .T. ) ;
#4093 = CARTESIAN_POINT ( 'NONE',  ( -0.2601863503583952131, 14.74566027191791484, 14.43052075890419772 ) ) ;
#4094 = CARTESIAN_POINT ( 'NONE',  ( -4.213249080529882562, 14.95987205724512314, -12.11941068908783059 ) ) ;
#4095 = DIRECTION ( 'NONE',  ( -1.000000000000000000, 0.000000000000000000, 0.000000000000000000 ) ) ;
#4096 = CARTESIAN_POINT ( 'NONE',  ( 8.499999999999996447, 7.749999999999757527, 18.75000000000000000 ) ) ;
#4097 = CARTESIAN_POINT ( 'NONE',  ( -4.760263993800143645, 14.16073260587235794, -9.837043437547380975 ) ) ;
#4098 = VERTEX_POINT ( 'NONE', #3462 ) ;
#4099 = DIRECTION ( 'NONE',  ( 1.465494392505206633E-14, 1.000000000000000000, 0.000000000000000000 ) ) ;
#4100 = CARTESIAN_POINT ( 'NONE',  ( 5.120258172480271597, 13.87424730559111374, 5.090808002336759230 ) ) ;
#4101 = B_SPLINE_CURVE_WITH_KNOTS ( 'NONE', 3,
 ( #1314, #2758, #3481, #348, #4230, #3500 ),
 .UNSPECIFIED., .F., .F.,
 ( 4, 2, 4 ),
 ( 0.000000000000000000, 0.0003907314093446243421, 0.0007814628186892486842 ),
 .UNSPECIFIED. ) ;
#4102 = CARTESIAN_POINT ( 'NONE',  ( -3.533462500999791089, 15.48082369260436053, 12.69953776601011697 ) ) ;
#4103 = CARTESIAN_POINT ( 'NONE',  ( 4.671673876130894243, 14.38931130780225054, -11.01494222646731913 ) ) ;
#4104 = CARTESIAN_POINT ( 'NONE',  ( 7.999999999999996447, 7.749999999999756639, -19.25000000000000000 ) ) ;
#4105 = CARTESIAN_POINT ( 'NONE',  ( 5.279914302446116814, 12.35123470939839763, 6.086745875453384969 ) ) ;
#4106 = CARTESIAN_POINT ( 'NONE',  ( -1.855741258012073569, 16.04816038374815790, 13.63627207228542204 ) ) ;
#4107 = AXIS2_PLACEMENT_3D ( 'NONE', #1639, #1563, #3034 ) ;
#4108 = EDGE_CURVE ( 'NONE', #910, #1360, #3176, .T. ) ;
#4109 = CARTESIAN_POINT ( 'NONE',  ( -1.287683833694844848, 15.64709335674788981, -13.84848770972054766 ) ) ;
#4110 = EDGE_LOOP ( 'NONE', ( #2938, #2545, #1146, #1957 ) ) ;
#4111 = EDGE_CURVE ( 'NONE', #2213, #4641, #1865, .T. ) ;
#4112 = FACE_BOUND ( 'NONE', #2267, .T. ) ;
#4113 = DIRECTION ( 'NONE',  ( -0.000000000000000000, -0.000000000000000000, -1.000000000000000000 ) ) ;
#4114 = ADVANCED_FACE ( 'NONE', ( #4590 ), #3082, .T. ) ;
#4115 = CARTESIAN_POINT ( 'NONE',  ( -8.000000000000000000, 1.499999999999998668, -19.25000000000000000 ) ) ;
#4116 = VERTEX_POINT ( 'NONE', #2808 ) ;
#4117 = CARTESIAN_POINT ( 'NONE',  ( 4.570753587093725478, 13.05201467838471174, -10.35112641111085630 ) ) ;
#4118 = VERTEX_POINT ( 'NONE', #4286 ) ;
#4119 = DIRECTION ( 'NONE',  ( 1.000000000000000000, 0.000000000000000000, 0.000000000000000000 ) ) ;
#4120 = CARTESIAN_POINT ( 'NONE',  ( -4.334395670670594392, 15.06254258847384087, -12.40094271885935306 ) ) ;
#4121 = CARTESIAN_POINT ( 'NONE',  ( -10.49999999999999822, 3.500000000000000000, -19.24999999999999645 ) ) ;
#4122 = DIRECTION ( 'NONE',  ( -3.357529308342207502E-16, -1.000000000000000000, 0.000000000000000000 ) ) ;
#4123 = CARTESIAN_POINT ( 'NONE',  ( 2.331296644434175835, 15.40638713199826526, -13.53375818517177009 ) ) ;
#4124 = FACE_OUTER_BOUND ( 'NONE', #3152, .T. ) ;
#4125 = CARTESIAN_POINT ( 'NONE',  ( 5.849618340535974959, 13.91736322867539677, 4.962304870364243392 ) ) ;
#4126 = CARTESIAN_POINT ( 'NONE',  ( -2.886094920525399399, 14.12739384902267759, 12.72465384648824305 ) ) ;
#4127 = CARTESIAN_POINT ( 'NONE',  ( 5.063717170465380946, 14.50872154992328866, -11.07585663826450073 ) ) ;
#4128 = CARTESIAN_POINT ( 'NONE',  ( -0.3170866580171142757, 14.75126444247532298, 14.43278057991468799 ) ) ;
#4129 = DIRECTION ( 'NONE',  ( -1.000000000000000000, 9.860761315262647568E-32, -0.000000000000000000 ) ) ;
#4130 = CARTESIAN_POINT ( 'NONE',  ( -4.272568786474850278, 15.09929218465421741, 12.65022628419728079 ) ) ;
#4131 = CARTESIAN_POINT ( 'NONE',  ( -0.6887623069464362535, 16.17542751437603954, -14.20609498388844649 ) ) ;
#4132 = CARTESIAN_POINT ( 'NONE',  ( 6.999999999999997335, 7.749999999999841904, -19.25000000000000000 ) ) ;
#4133 = FACE_OUTER_BOUND ( 'NONE', #56, .T. ) ;
#4134 = CIRCLE ( 'NONE', #3153, 8.499999999999996447 ) ;
#4135 = CARTESIAN_POINT ( 'NONE',  ( 10.49999999999999645, 3.499999999999761080, -19.24999999999999645 ) ) ;
#4136 = VERTEX_POINT ( 'NONE', #3786 ) ;
#4137 = ADVANCED_FACE ( 'NONE', ( #329 ), #4280, .T. ) ;
#4138 = CIRCLE ( 'NONE', #4658, 0.5000000000000002220 ) ;
#4139 = ORIENTED_EDGE ( 'NONE', *, *, #2379, .F. ) ;
#4140 = CARTESIAN_POINT ( 'NONE',  ( -8.000000000000000000, 3.499999999999999112, -19.25000000000000000 ) ) ;
#4141 = ORIENTED_EDGE ( 'NONE', *, *, #1683, .F. ) ;
#4142 = EDGE_CURVE ( 'NONE', #2411, #629, #163, .T. ) ;
#4143 = CARTESIAN_POINT ( 'NONE',  ( -0.2366692538747794949, 15.24661031657094235, 13.93225871721118381 ) ) ;
#4144 = CARTESIAN_POINT ( 'NONE',  ( -4.980138921212362568, 14.64095554778704766, -11.36023415292750727 ) ) ;
#4145 = CARTESIAN_POINT ( 'NONE',  ( 18.49999999999992184, -2.376571162088225719E-13, -4.977178131738736688 ) ) ;
#4146 = CARTESIAN_POINT ( 'NONE',  ( 6.999999999999999112, 0.9999999999997636335, 18.75000000000000000 ) ) ;
#4147 = CARTESIAN_POINT ( 'NONE',  ( 4.893132345255686744, 14.05998040283543560, -9.670124060109516861 ) ) ;
#4148 = ORIENTED_EDGE ( 'NONE', *, *, #3469, .T. ) ;
#4149 = CARTESIAN_POINT ( 'NONE',  ( -6.999999999999997335, 7.750000000000000000, 19.25000000000000000 ) ) ;
#4150 = CARTESIAN_POINT ( 'NONE',  ( 5.684271764018975048, 13.73766574036118726, 5.628847132591514146 ) ) ;
#4151 = CARTESIAN_POINT ( 'NONE',  ( -10.49999999999999822, 3.500000000000000000, -19.24999999999998224 ) ) ;
#4152 = CARTESIAN_POINT ( 'NONE',  ( 4.942596443541408036, 14.47884097478327980, -11.01847459049432842 ) ) ;
#4153 = CARTESIAN_POINT ( 'NONE',  ( -5.536660552705912508, 14.19944880777499030, -9.174566436094943711 ) ) ;
#4154 = CARTESIAN_POINT ( 'NONE',  ( -4.156828355686045029, 15.17589543471806479, 12.04248704259852154 ) ) ;
#4155 = CARTESIAN_POINT ( 'NONE',  ( 0.4615918500895898058, 16.24653052832713129, -14.36927703023427405 ) ) ;
#4156 = AXIS2_PLACEMENT_3D ( 'NONE', #3004, #3072, #1210 ) ;
#4157 = CARTESIAN_POINT ( 'NONE',  ( -4.439957665859802560, 13.77439232975938666, 9.801474749868846814 ) ) ;
#4158 = LINE ( 'NONE', #1672, #3547 ) ;
#4159 = PRODUCT_CONTEXT ( 'NONE', #3038, 'mechanical' ) ;
#4160 = ORIENTED_EDGE ( 'NONE', *, *, #2282, .T. ) ;
#4161 = DIRECTION ( 'NONE',  ( 0.000000000000000000, 1.000000000000000000, 0.000000000000000000 ) ) ;
#4162 = EDGE_LOOP ( 'NONE', ( #2345 ) ) ;
#4163 = DIRECTION ( 'NONE',  ( 0.000000000000000000, 0.000000000000000000, 1.000000000000000000 ) ) ;
#4164 = CARTESIAN_POINT ( 'NONE',  ( -3.994131285011477850, 14.82126005609327635, -12.02809964756261607 ) ) ;
#4165 = FACE_OUTER_BOUND ( 'NONE', #3077, .T. ) ;
#4166 = FACE_OUTER_BOUND ( 'NONE', #1332, .T. ) ;
#4167 = CARTESIAN_POINT ( 'NONE',  ( 8.502496490726089817, 3.400101347912315219, 9.724192844461367002 ) ) ;
#4168 = CARTESIAN_POINT ( 'NONE',  ( -4.813854121077966397, 14.12000527893877155, -9.167776977867669430 ) ) ;
#4170 = ADVANCED_FACE ( 'NONE', ( #4636 ), #2513, .T. ) ;
#4169 = DIRECTION ( 'NONE',  ( -1.000000000000000000, 1.734723475976803939E-15, 0.000000000000000000 ) ) ;
#4171 = CARTESIAN_POINT ( 'NONE',  ( 5.809379613799797504, 13.95507536330619835, 4.867519836842451930 ) ) ;
#4172 = CARTESIAN_POINT ( 'NONE',  ( 4.965735875967860480, 14.58115919172652930, -11.31405159810799610 ) ) ;
#4173 = ADVANCED_FACE ( 'NONE', ( #2895 ), #2920, .T. ) ;
#4174 = CARTESIAN_POINT ( 'NONE',  ( -4.878385345402191930, 14.23670560982518829, -9.411909090026369995 ) ) ;
#4175 = CARTESIAN_POINT ( 'NONE',  ( 0.02872173913193242986, 15.24992809000072924, 13.94888907475647777 ) ) ;
#4176 = CARTESIAN_POINT ( 'NONE',  ( 0.06904518130527194375, 16.24971957723071370, -14.36827047037361638 ) ) ;
#4177 = DIRECTION ( 'NONE',  ( -1.465494392505206633E-14, -1.000000000000000000, -0.000000000000000000 ) ) ;
#4178 = B_SPLINE_CURVE_WITH_KNOTS ( 'NONE', 3,
 ( #1361, #3847, #242, #3866, #4543, #1742 ),
 .UNSPECIFIED., .F., .F.,
 ( 4, 2, 4 ),
 ( 0.000000000000000000, 0.0003742147907843994346, 0.0007484295815687988691 ),
 .UNSPECIFIED. ) ;
#4179 = CARTESIAN_POINT ( 'NONE',  ( 6.986278759436276964, 3.909855405407797413, 10.68305155664160289 ) ) ;
#4180 = AXIS2_PLACEMENT_3D ( 'NONE', #3454, #2685, #4122 ) ;
#4181 = B_SPLINE_CURVE_WITH_KNOTS ( 'NONE', 3,
 ( #3670, #3238, #422, #2199, #400, #2153, #446, #4346, #1844, #4371, #1873, #820, #3311, #2609, #2633, #1120, #3646, #3695, #1093, #1144, #20, #4021, #90, #2532, #743, #1514, #2968, #1824, #4395, #2559, #112, #2176, #469, #2890, #1537, #2991, #4418, #1195, #3624, #4000 ),
 .UNSPECIFIED., .F., .F.,
 ( 4, 2, 2, 2, 2, 2, 2, 2, 2, 2, 2, 2, 2, 2, 2, 2, 2, 2, 2, 4 ),
 ( 0.000000000000000000, 0.001038428941874271812, 0.002076857883748543625, 0.002596072354685679314, 0.003115286825622814570, 0.004153715767497091586, 0.005192144709371367302, 0.006230573651245643885, 0.006749788122182782610, 0.007269002593119919600, 0.008307431534994195316, 0.009345860476868471031, 0.01038428941874274501, 0.01090350388967988200, 0.01142271836061701726, 0.01246114730249129297, 0.01349957624436556695, 0.01453800518623983920, 0.01557643412811411318, 0.01661486306998838716 ),
 .UNSPECIFIED. ) ;
#4182 = VERTEX_POINT ( 'NONE', #725 ) ;
#4183 = EDGE_LOOP ( 'NONE', ( #4244, #1238, #540, #3228 ) ) ;
#4184 = CARTESIAN_POINT ( 'NONE',  ( -3.920458942806806846, 13.56533100413640902, 10.98754893959373291 ) ) ;
#4185 = FACE_OUTER_BOUND ( 'NONE', #3264, .T. ) ;
#4186 = CARTESIAN_POINT ( 'NONE',  ( -4.576195222659142026, 13.04702547261847911, -9.350721149703545620 ) ) ;
#4187 = LINE ( 'NONE', #2488, #3443 ) ;
#4188 = EDGE_CURVE ( 'NONE', #1911, #4312, #2537, .T. ) ;
#4189 = AXIS2_PLACEMENT_3D ( 'NONE', #3592, #574, #4119 ) ;
#4190 = CARTESIAN_POINT ( 'NONE',  ( 6.003435972041648583, 13.76796889754354503, 5.382275591944899240 ) ) ;
#4191 = VECTOR ( 'NONE', #1134, 1000.000000000000000 ) ;
#4192 = CARTESIAN_POINT ( 'NONE',  ( 4.760077166807937132, 14.15545817552819585, -10.43750950176294268 ) ) ;
#4193 = ORIENTED_EDGE ( 'NONE', *, *, #3619, .T. ) ;
#4194 = EDGE_CURVE ( 'NONE', #1337, #3013, #4138, .T. ) ;
#4195 = CARTESIAN_POINT ( 'NONE',  ( -4.811400571122180558, 14.11563830866757918, -9.070215999440849330 ) ) ;
#4196 = CARTESIAN_POINT ( 'NONE',  ( -17.77205882352941302, -1.298114545849239927E-32, 7.106168888787395055 ) ) ;
#4197 = CARTESIAN_POINT ( 'NONE',  ( -1.837187150798413438, 16.05687297914754552, -14.10531266923184290 ) ) ;
#4198 = PLANE ( 'NONE',  #1964 ) ;
#4199 = AXIS2_PLACEMENT_3D ( 'NONE', #2736, #4076, #940 ) ;
#4200 = ORIENTED_EDGE ( 'NONE', *, *, #1317, .F. ) ;
#4201 = CARTESIAN_POINT ( 'NONE',  ( 4.699119980109317751, 12.93828256062078630, 4.252483056829182040 ) ) ;
#4202 = CIRCLE ( 'NONE', #969, 0.5000000000000004441 ) ;
#4203 = CARTESIAN_POINT ( 'NONE',  ( -2.098292928178343786, 14.95352109748410996, 13.44643249197477530 ) ) ;
#4204 = CARTESIAN_POINT ( 'NONE',  ( 4.885340806900688726, 14.70582137012491408, -11.03288706269952968 ) ) ;
#4205 = AXIS2_PLACEMENT_3D ( 'NONE', #945, #3156, #4541 ) ;
#4206 = CARTESIAN_POINT ( 'NONE',  ( -4.227332083954940423, 14.53148169705469783, 11.53715807583506425 ) ) ;
#4207 = CARTESIAN_POINT ( 'NONE',  ( 2.641358050940333158, 14.76547717277560245, -13.24963762149942603 ) ) ;
#4208 = CARTESIAN_POINT ( 'NONE',  ( -4.546237315973853832, 13.07282947342086210, -9.800741662582963087 ) ) ;
#4209 = VERTEX_POINT ( 'NONE', #3554 ) ;
#4210 = CARTESIAN_POINT ( 'NONE',  ( 10.49999999999999645, -2.393918396847993790E-13, 19.25000000000000000 ) ) ;
#4211 = PRODUCT_DEFINITION_FORMATION_WITH_SPECIFIED_SOURCE ( 'ANY', '', #3655, .NOT_KNOWN. ) ;
#4212 = CARTESIAN_POINT ( 'NONE',  ( 6.519297132952260654, 13.12004953242167815, 5.888485648308851239 ) ) ;
#4213 = ADVANCED_FACE ( 'NONE', ( #405 ), #2552, .T. ) ;
#4214 = CARTESIAN_POINT ( 'NONE',  ( 4.834169714260580619, 14.43994836037575524, -10.92484557649338051 ) ) ;
#4215 = EDGE_LOOP ( 'NONE', ( #3665, #4200, #3732, #2597 ) ) ;
#4216 = CARTESIAN_POINT ( 'NONE',  ( -5.436442030416364979, 14.28558325818490893, -8.938734195802371829 ) ) ;
#4217 = DIRECTION ( 'NONE',  ( 0.000000000000000000, -0.2373321103690262113, 0.9714285714285865181 ) ) ;
#4218 = CARTESIAN_POINT ( 'NONE',  ( 1.873808439456537744, 15.89570056478194893, -13.90327784625963936 ) ) ;
#4219 = CARTESIAN_POINT ( 'NONE',  ( 4.542525747299977823, 13.14638496154410596, -9.010200716064556303 ) ) ;
#4220 = CARTESIAN_POINT ( 'NONE',  ( 4.946111318139142732, 14.01166261339519714, 4.210207850001960850 ) ) ;
#4221 = CARTESIAN_POINT ( 'NONE',  ( 4.948502491019089788, 14.01604118151178646, -9.000000000000001776 ) ) ;
#4222 = AXIS2_PLACEMENT_3D ( 'NONE', #1578, #4113, #3026 ) ;
#4223 = EDGE_LOOP ( 'NONE', ( #4336, #1881, #1061, #1468 ) ) ;
#4224 = LINE ( 'NONE', #2389, #3663 ) ;
#4225 = CARTESIAN_POINT ( 'NONE',  ( -1.044557002038649429, 15.17783035087099996, 13.81043781287897687 ) ) ;
#4226 = CARTESIAN_POINT ( 'NONE',  ( 4.637933098350752736, 13.62278269436675870, -0.2007406168290110648 ) ) ;
#4227 = CARTESIAN_POINT ( 'NONE',  ( 8.000000000000003553, 3.911857470711570084, 9.456531880205835350 ) ) ;
#4228 = CARTESIAN_POINT ( 'NONE',  ( -4.394183581337745004, 13.80873667455299447, -10.29001513660826639 ) ) ;
#4229 = CARTESIAN_POINT ( 'NONE',  ( -4.222826873693258598, 13.35230613341441419, -9.321799499216757212 ) ) ;
#4230 = CARTESIAN_POINT ( 'NONE',  ( -16.23498257914279819, 1.500000000000000000, 18.88014602434180134 ) ) ;
#4231 = CARTESIAN_POINT ( 'NONE',  ( 5.893395369066690037, 13.15137791692307090, 6.007109063192086040 ) ) ;
#4232 = CARTESIAN_POINT ( 'NONE',  ( 5.194815883482633900, 14.40865470790055447, -10.66799317032491246 ) ) ;
#4233 = EDGE_LOOP ( 'NONE', ( #3281 ) ) ;
#4234 = EDGE_CURVE ( 'NONE', #835, #1257, #2269, .T. ) ;
#4235 = CARTESIAN_POINT ( 'NONE',  ( -4.394973796078009975, 13.80758159571394650, 10.11875291651578479 ) ) ;
#4236 = CARTESIAN_POINT ( 'NONE',  ( -5.540055139058666533, 14.19653314155480572, -8.987024848570436930 ) ) ;
#4237 = CARTESIAN_POINT ( 'NONE',  ( -5.399270308913686200, 14.31499929664680693, 10.24558197647340130 ) ) ;
#4238 = CARTESIAN_POINT ( 'NONE',  ( 3.574264823510279410, 15.19674822512467038, -12.82161750839940950 ) ) ;
#4239 = DIRECTION ( 'NONE',  ( -0.000000000000000000, -0.000000000000000000, -1.000000000000000000 ) ) ;
#4240 =( NAMED_UNIT ( * ) PLANE_ANGLE_UNIT ( ) SI_UNIT ( $, .RADIAN. ) );
#4241 = CYLINDRICAL_SURFACE ( 'NONE', #3762, 8.499999999999998224 ) ;
#4242 = EDGE_CURVE ( 'NONE', #462, #3869, #1949, .T. ) ;
#4243 = EDGE_CURVE ( 'NONE', #4136, #4136, #1491, .T. ) ;
#4244 = ORIENTED_EDGE ( 'NONE', *, *, #3766, .T. ) ;
#4245 = CARTESIAN_POINT ( 'NONE',  ( 4.748880142822218708, 12.89287834088496609, 4.651407433976077144 ) ) ;
#4246 = CARTESIAN_POINT ( 'NONE',  ( -3.847366961079703884, 13.61347251832372329, 11.19137309676498404 ) ) ;
#4247 = ADVANCED_FACE ( 'NONE', ( #1494 ), #3221, .F. ) ;
#4248 = CARTESIAN_POINT ( 'NONE',  ( -4.488677631832795001, 14.97141227820866405, -11.58404008218364822 ) ) ;
#4249 = LINE ( 'NONE', #3801, #222 ) ;
#4250 = DIRECTION ( 'NONE',  ( 0.000000000000000000, 0.000000000000000000, 1.000000000000000000 ) ) ;
#4251 = CARTESIAN_POINT ( 'NONE',  ( -22.00000000000000000, 1.500000000000000000, 18.75000000000000000 ) ) ;
#4252 = VECTOR ( 'NONE', #3742, 1000.000000000000000 ) ;
#4253 = CARTESIAN_POINT ( 'NONE',  ( -4.231586650607334299, 13.34574925718233196, -8.892129079874621311 ) ) ;
#4254 = DIRECTION ( 'NONE',  ( 0.000000000000000000, 0.000000000000000000, 1.000000000000000000 ) ) ;
#4255 = CARTESIAN_POINT ( 'NONE',  ( 6.034013437531804414, 13.52337507688710083, 5.768251178675905422 ) ) ;
#4256 = CIRCLE ( 'NONE', #3356, 2.249999999999998668 ) ;
#4257 = CARTESIAN_POINT ( 'NONE',  ( 5.242277557868326276, 14.24755581385857006, -9.606835274717580475 ) ) ;
#4258 = ORIENTED_EDGE ( 'NONE', *, *, #1806, .T. ) ;
#4259 = CARTESIAN_POINT ( 'NONE',  ( -1.266491859372881335, 16.15713979726126581, 14.30474184994042375 ) ) ;
#4260 = B_SPLINE_CURVE_WITH_KNOTS ( 'NONE', 3,
 ( #1821, #3236, #2245, #1486, #2867, #3693, #4369, #467 ),
 .UNSPECIFIED., .F., .F.,
 ( 4, 2, 2, 4 ),
 ( 0.000000000000000000, 0.001043522083614939477, 0.001565283125422411818, 0.002087044167229884159 ),
 .UNSPECIFIED. ) ;
#4261 = CARTESIAN_POINT ( 'NONE',  ( -5.255086622912442884, 14.43215455380336820, -10.51236064100906198 ) ) ;
#4262 = CARTESIAN_POINT ( 'NONE',  ( -4.537506776961798494, 14.32224541163445508, 10.78650669902352277 ) ) ;
#4263 = CARTESIAN_POINT ( 'NONE',  ( 2.835082725519381341, 15.61121175305921227, -13.49329629362212835 ) ) ;
#4264 = DIRECTION ( 'NONE',  ( 1.000000000000000000, 6.419766481290786633E-33, 0.000000000000000000 ) ) ;
#4265 = ADVANCED_FACE ( 'NONE', ( #3601 ), #380, .T. ) ;
#4266 = CARTESIAN_POINT ( 'NONE',  ( 5.672774818800322194, 14.08005733427312300, 4.147830768832098336 ) ) ;
#4267 = CARTESIAN_POINT ( 'NONE',  ( 5.589245405826511970, 13.47088644406353808, 5.801949370146494367 ) ) ;
#4268 = ORIENTED_EDGE ( 'NONE', *, *, #1255, .F. ) ;
#4269 = PLANE ( 'NONE',  #1604 ) ;
#4270 = CARTESIAN_POINT ( 'NONE',  ( -4.154577329165955568, 13.97758643374845455, 11.07006807436289897 ) ) ;
#4271 = CARTESIAN_POINT ( 'NONE',  ( -0.6545169157935867288, 16.25735850023200157, -14.00006033467565203 ) ) ;
#4272 = CARTESIAN_POINT ( 'NONE',  ( -10.49999999999999822, 1.500000000000000000, -18.74999999999999289 ) ) ;
#4273 = CARTESIAN_POINT ( 'NONE',  ( 4.640797647408138715, 13.62637585819172337, 4.278205166163771445 ) ) ;
#4274 = CARTESIAN_POINT ( 'NONE',  ( -3.066629521158265259, 15.61886871661599585, -13.36273996520461971 ) ) ;
#4275 = AXIS2_PLACEMENT_3D ( 'NONE', #3874, #2350, #3794 ) ;
#4276 = EDGE_CURVE ( 'NONE', #4468, #4118, #2937, .T. ) ;
#4277 = CARTESIAN_POINT ( 'NONE',  ( -3.302685189557644119, 13.93645152035913171, -12.26038702351185705 ) ) ;
#4278 = DIRECTION ( 'NONE',  ( 1.000000000000000000, 0.000000000000000000, 0.000000000000000000 ) ) ;
#4279 = CARTESIAN_POINT ( 'NONE',  ( 6.668808836104181736, 13.02038790863621109, 5.654091125111939675 ) ) ;
#4280 = TOROIDAL_SURFACE ( 'NONE', #4582, 2.500000000000000000, 0.5000000000000000000 ) ;
#4281 = CARTESIAN_POINT ( 'NONE',  ( 5.371350964862520172, 14.33907843038296370, -10.53268446011660231 ) ) ;
#4282 = ORIENTED_EDGE ( 'NONE', *, *, #2862, .T. ) ;
#4283 = CIRCLE ( 'NONE', #3687, 3.499999999999999556 ) ;
#4284 = DIRECTION ( 'NONE',  ( 0.000000000000000000, 0.000000000000000000, 1.000000000000000000 ) ) ;
#4285 = CARTESIAN_POINT ( 'NONE',  ( -5.026368819285246481, 14.41630295415150975, -10.28016673715255891 ) ) ;
#4286 = CARTESIAN_POINT ( 'NONE',  ( -16.22954968166875034, 1.500000000000000000, 18.74999999999999645 ) ) ;
#4287 = CARTESIAN_POINT ( 'NONE',  ( 3.051328738673842356, 15.69057731437533221, -13.80722913983221645 ) ) ;
#4288 = DIRECTION ( 'NONE',  ( 3.357529308342207502E-16, 1.000000000000000000, -0.000000000000000000 ) ) ;
#4289 = CARTESIAN_POINT ( 'NONE',  ( 5.302759848921727581, 14.19822961206188161, 4.293197676341140578 ) ) ;
#4290 = CARTESIAN_POINT ( 'NONE',  ( -8.000000000000000000, 7.750000000000001776, -19.25000000000000000 ) ) ;
#4291 = EDGE_LOOP ( 'NONE', ( #198, #2107, #2445, #4496, #1886, #241, #4530, #1550, #3146, #2902, #799, #3471 ) ) ;
#4292 = DIRECTION ( 'NONE',  ( 1.848892746611746419E-31, 1.000000000000000000, 0.000000000000000000 ) ) ;
#4293 = CARTESIAN_POINT ( 'NONE',  ( -4.493738303069296336, 13.73408519395550798, 9.274705968160642300 ) ) ;
#4294 = CARTESIAN_POINT ( 'NONE',  ( -3.664807956760079755, 15.41938697399525715, -12.60172408918930032 ) ) ;
#4295 = DIRECTION ( 'NONE',  ( -1.000000000000000000, 0.000000000000000000, 0.000000000000000000 ) ) ;
#4296 = CARTESIAN_POINT ( 'NONE',  ( 4.532119615132109480, 13.27057167880917810, -0.1811217507328545806 ) ) ;
#4297 = CARTESIAN_POINT ( 'NONE',  ( 0.7266686227918441876, 15.22151306774673074, -13.97224141048741153 ) ) ;
#4298 = DIRECTION ( 'NONE',  ( -0.000000000000000000, 0.000000000000000000, -1.000000000000000000 ) ) ;
#4299 = CARTESIAN_POINT ( 'NONE',  ( 6.188751330674780782, 13.57745489571469832, 5.402294580090095444 ) ) ;
#4300 = EDGE_CURVE ( 'NONE', #1490, #1232, #168, .T. ) ;
#4301 = ADVANCED_FACE ( 'NONE', ( #2996 ), #1497, .T. ) ;
#4302 = CARTESIAN_POINT ( 'NONE',  ( 5.535902387010232850, 14.20152983222493326, -9.456016065415461469 ) ) ;
#4303 = ORIENTED_EDGE ( 'NONE', *, *, #279, .F. ) ;
#4304 = CARTESIAN_POINT ( 'NONE',  ( -1.534331218115267736, 15.09132647778382008, 13.67250374688938308 ) ) ;
#4305 = CARTESIAN_POINT ( 'NONE',  ( -4.984912631251974702, 14.44723523753624406, -10.44722370583850157 ) ) ;
#4306 = ADVANCED_FACE ( 'NONE', ( #1065 ), #625, .F. ) ;
#4307 = CARTESIAN_POINT ( 'NONE',  ( 5.674661049453725070, 14.07836645381829221, 4.180180268105924135 ) ) ;
#4308 = CARTESIAN_POINT ( 'NONE',  ( 3.669885264290509319, 15.42432845947920406, -13.40097848863326213 ) ) ;
#4309 = CARTESIAN_POINT ( 'NONE',  ( -5.539827451353250609, 14.19672876807274697, -9.000000116331657196 ) ) ;
#4310 = DIRECTION ( 'NONE',  ( -0.000000000000000000, 0.000000000000000000, -1.000000000000000000 ) ) ;
#4311 = CARTESIAN_POINT ( 'NONE',  ( -0.1083588295527701528, 16.24987313210728956, 14.44350905055587297 ) ) ;
#4312 = VERTEX_POINT ( 'NONE', #366 ) ;
#4313 = DIRECTION ( 'NONE',  ( -1.109514749984273653E-11, 8.762142331933761303E-12, 1.000000000000000000 ) ) ;
#4314 = ORIENTED_EDGE ( 'NONE', *, *, #2579, .T. ) ;
#4315 = CARTESIAN_POINT ( 'NONE',  ( -8.500000000000000000, 7.750000000000002665, -19.25000000000000000 ) ) ;
#4316 = CARTESIAN_POINT ( 'NONE',  ( -3.243738620662527605, 13.95329426900091363, -12.32037102220702884 ) ) ;
#4317 = CARTESIAN_POINT ( 'NONE',  ( 0.03255137775846701775, 16.24993767081888407, 14.31798938085690409 ) ) ;
#4318 = CARTESIAN_POINT ( 'NONE',  ( 1.391145275843505891, 14.61228732341456471, -14.32389603216252105 ) ) ;
#4319 = DIRECTION ( 'NONE',  ( 1.000000000000000000, -9.860761315262647568E-32, -0.000000000000000000 ) ) ;
#4320 = CARTESIAN_POINT ( 'NONE',  ( 6.607170861612591928, 12.70421685281650426, 6.142186065765244507 ) ) ;
#4321 = VECTOR ( 'NONE', #892, 1000.000000000000000 ) ;
#4322 = CARTESIAN_POINT ( 'NONE',  ( 17.77205882352934907, 0.9999999999997629674, 7.106168888787394167 ) ) ;
#4323 = B_SPLINE_SURFACE_WITH_KNOTS ( 'NONE', 3, 3, ( 
 ( #4273, #2505, #2863, #1066, #1794, #670, #3588 ),
 ( #1044, #692, #2105, #4296, #367, #1021, #320 ),
 ( #3544, #1749, #3186, #4625, #2127, #344, #1769 ),
 ( #3209, #3113, #2052, #287, #3095, #2409, #1652 ) ),
 .UNSPECIFIED., .F., .F., .F.,
 ( 4, 4 ),
 ( 4, 3, 4 ),
 ( -7.931609140729206555E-05, 0.01329866465928930368 ),
 ( -0.006110421523217223448, 0.5007731861214235192, 1.007656793766064318 ),
 .UNSPECIFIED. ) ;
#4324 = EDGE_CURVE ( 'NONE', #2469, #7, #4283, .T. ) ;
#4325 = CARTESIAN_POINT ( 'NONE',  ( 5.517820953270573980, 14.21703874574108717, -9.638571654216843143 ) ) ;
#4326 = ORIENTED_EDGE ( 'NONE', *, *, #970, .F. ) ;
#4327 = LINE ( 'NONE', #45, #2393 ) ;
#4328 = CARTESIAN_POINT ( 'NONE',  ( -4.836910003275216141, 14.55516049646530519, -10.93793376562473085 ) ) ;
#4329 = CARTESIAN_POINT ( 'NONE',  ( -18.50000000000000355, 1.000000000000000000, 4.977178131738738465 ) ) ;
#4330 = CARTESIAN_POINT ( 'NONE',  ( 4.450717511946758798, 14.37744640752524994, -11.35628975963635945 ) ) ;
#4331 = EDGE_LOOP ( 'NONE', ( #783, #1197, #597, #2735 ) ) ;
#4332 = LINE ( 'NONE', #4357, #2471 ) ;
#4333 = CIRCLE ( 'NONE', #951, 2.249999999999998668 ) ;
#4334 = CARTESIAN_POINT ( 'NONE',  ( -16.25000000000000355, 1.000000000000000000, 4.977178131738738465 ) ) ;
#4335 = CARTESIAN_POINT ( 'NONE',  ( -0.5777489438990141002, 15.23431961308949134, -13.97100398198370641 ) ) ;
#4336 = ORIENTED_EDGE ( 'NONE', *, *, #2603, .T. ) ;
#4337 = FACE_OUTER_BOUND ( 'NONE', #791, .T. ) ;
#4338 = DIRECTION ( 'NONE',  ( -1.000000000000000000, 0.000000000000000000, 0.000000000000000000 ) ) ;
#4339 = CARTESIAN_POINT ( 'NONE',  ( 5.268043979130309751, 14.42066058452600608, -9.000000000000001776 ) ) ;
#4340 = CARTESIAN_POINT ( 'NONE',  ( -15.75000000000000000, 0.9126302581756667864, -9.720032102811444474 ) ) ;
#4341 = VERTEX_POINT ( 'NONE', #3542 ) ;
#4342 = CARTESIAN_POINT ( 'NONE',  ( -1.980060714407154920, 14.98226311700408253, -13.54992938186416218 ) ) ;
#4343 = CARTESIAN_POINT ( 'NONE',  ( 6.999999999999995559, 7.749999999999758415, 19.25000000000000000 ) ) ;
#4344 = CIRCLE ( 'NONE', #2773, 3.299999999999998934 ) ;
#4345 = CARTESIAN_POINT ( 'NONE',  ( 6.425523911212783545, 12.50740810134284509, 6.200688560503130553 ) ) ;
#4346 = CARTESIAN_POINT ( 'NONE',  ( 4.200997036428214315, 13.34975784314216618, -11.68865091151560343 ) ) ;
#4347 = B_SPLINE_CURVE_WITH_KNOTS ( 'NONE', 3,
 ( #194, #1400, #1009, #3862, #2872, #2112, #3421, #4304, #327, #2511, #2134, #1357, #4507, #1979, #1757, #676, #2425, #3174, #2806, #1376, #2470, #3504, #3909, #1628, #4235, #4157, #3883, #2446, #3552, #4611 ),
 .UNSPECIFIED., .F., .F.,
 ( 4, 2, 2, 2, 2, 2, 2, 2, 2, 2, 2, 2, 2, 2, 4 ),
 ( -5.999999999692294893E-08, 0.0004785010268132873132, 0.0009570620536265715596, 0.001435623080439855535, 0.001914184107253139294, 0.002871306160879711147, 0.003349867187692996857, 0.003828428214506283001, 0.004785550268132853120, 0.005264111294946138830, 0.005742672321759425408, 0.006221233348572711118, 0.006699794375385996828, 0.007178355402199282538, 0.007656916429012568248 ),
 .UNSPECIFIED. ) ;
#4348 = CARTESIAN_POINT ( 'NONE',  ( 4.951047026053390532, 14.00778674240168797, -8.918910122466142454 ) ) ;
#4349 = ORIENTED_EDGE ( 'NONE', *, *, #240, .T. ) ;
#4350 = DIRECTION ( 'NONE',  ( -0.000000000000000000, 0.000000000000000000, -1.000000000000000000 ) ) ;
#4351 = AXIS2_PLACEMENT_3D ( 'NONE', #3431, #2013, #559 ) ;
#4352 = CARTESIAN_POINT ( 'NONE',  ( -5.407048847864001750, 14.30992284792818126, -9.624257987299458250 ) ) ;
#4353 = DIRECTION ( 'NONE',  ( 0.000000000000000000, 0.000000000000000000, -1.000000000000000000 ) ) ;
#4354 = AXIS2_PLACEMENT_3D ( 'NONE', #1266, #1587, #204 ) ;
#4355 = CARTESIAN_POINT ( 'NONE',  ( 4.615840022909768692, 14.70836396251780265, -11.71993375544359495 ) ) ;
#4356 = VERTEX_POINT ( 'NONE', #4272 ) ;
#4357 = CARTESIAN_POINT ( 'NONE',  ( -15.75000000000000355, 1.500000000000000000, 19.25000000000000000 ) ) ;
#4358 = CIRCLE ( 'NONE', #453, 3.299999999999997158 ) ;
#4359 = CARTESIAN_POINT ( 'NONE',  ( 0.1044685643041379508, 15.74928997895253957, 13.95201081697101841 ) ) ;
#4360 = CARTESIAN_POINT ( 'NONE',  ( -2.550868191456066025, 15.46901335860068194, -13.34927019303917817 ) ) ;
#4361 = ORIENTED_EDGE ( 'NONE', *, *, #935, .F. ) ;
#4362 = CARTESIAN_POINT ( 'NONE',  ( 5.172769965617741939, 13.17272162361620857, 5.718750287003281585 ) ) ;
#4363 = CARTESIAN_POINT ( 'NONE',  ( -4.289613738288638345, 13.28166087730318701, 11.09323469016085006 ) ) ;
#4364 = CARTESIAN_POINT ( 'NONE',  ( 0.03063653744753857752, 15.74992739742196690, 13.94888907475647777 ) ) ;
#4365 = ADVANCED_FACE ( 'NONE', ( #1002 ), #1390, .T. ) ;
#4366 = EDGE_LOOP ( 'NONE', ( #1305, #3288, #1479, #22 ) ) ;
#4367 = CARTESIAN_POINT ( 'NONE',  ( -0.2693619726630205324, 15.25262719146927992, -13.99920863218641820 ) ) ;
#4368 = EDGE_LOOP ( 'NONE', ( #3882, #2588, #3203, #2662 ) ) ;
#4369 = CARTESIAN_POINT ( 'NONE',  ( 6.999999999999996447, 3.451634949343767023, 9.205244441618178897 ) ) ;
#4370 = CARTESIAN_POINT ( 'NONE',  ( 6.786677885249122077, 12.86778945609921365, 5.686761351331025338 ) ) ;
#4371 = CARTESIAN_POINT ( 'NONE',  ( 3.918340157313001448, 13.55328627816501097, -12.28441359679202449 ) ) ;
#4372 = VECTOR ( 'NONE', #3639, 1000.000000000000000 ) ;
#4373 = CARTESIAN_POINT ( 'NONE',  ( 5.404747511242232960, 14.23923787645126637, -9.349305716747910111 ) ) ;
#4374 = VERTEX_POINT ( 'NONE', #2103 ) ;
#4375 = CARTESIAN_POINT ( 'NONE',  ( -1.805371165177147352, 16.06370840891509744, -14.25216138956101908 ) ) ;
#4376 = CARTESIAN_POINT ( 'NONE',  ( 4.974214724668867049, 13.98988626006130254, 4.500669160876747732 ) ) ;
#4377 = CARTESIAN_POINT ( 'NONE',  ( 6.716327954195405070, 12.96398018319494305, 5.673127103009752759 ) ) ;
#4378 = CARTESIAN_POINT ( 'NONE',  ( 3.930707918572497128, 14.86107131356041222, -12.31264616225354480 ) ) ;
#4379 = DIRECTION ( 'NONE',  ( -6.419766481290786633E-33, 1.000000000000000000, -0.000000000000000000 ) ) ;
#4380 = CARTESIAN_POINT ( 'NONE',  ( 4.393970640555916241, 13.19980873362033691, 4.753412542120059037 ) ) ;
#4381 = CARTESIAN_POINT ( 'NONE',  ( -0.07423248226524402360, 15.75007654743320451, 13.94424709167462417 ) ) ;
#4382 = CARTESIAN_POINT ( 'NONE',  ( -3.356598221053628706, 15.50100727014076085, -13.15986186878521558 ) ) ;
#4383 = EDGE_LOOP ( 'NONE', ( #2821, #3938, #304, #3473 ) ) ;
#4384 = DIRECTION ( 'NONE',  ( 0.000000000000000000, 0.000000000000000000, 1.000000000000000000 ) ) ;
#4385 = CARTESIAN_POINT ( 'NONE',  ( 6.999999999999993783, 7.749999999999765521, 5.698889074756477768 ) ) ;
#4386 = CARTESIAN_POINT ( 'NONE',  ( -3.044381241026895335, 14.05332894254204312, -12.57104630364308839 ) ) ;
#4387 = CARTESIAN_POINT ( 'NONE',  ( -16.25000000000000355, 0.000000000000000000, 0.000000000000000000 ) ) ;
#4389 = ORIENTED_EDGE ( 'NONE', *, *, #4194, .F. ) ;
#4388 = CIRCLE ( 'NONE', #781, 0.5000000000000004441 ) ;
#4390 = EDGE_CURVE ( 'NONE', #3427, #4641, #3115, .T. ) ;
#4391 = CARTESIAN_POINT ( 'NONE',  ( -2.119812214466304745, 14.94190534828094741, -13.47750021814185395 ) ) ;
#4392 = VERTEX_POINT ( 'NONE', #294 ) ;
#4393 = DIRECTION ( 'NONE',  ( -1.000000000000000000, 0.000000000000000000, 0.000000000000000000 ) ) ;
#4394 = CARTESIAN_POINT ( 'NONE',  ( 6.687565908408571680, 12.99693299032994354, 5.794364997166959519 ) ) ;
#4395 = CARTESIAN_POINT ( 'NONE',  ( -2.633628722074480955, 14.23713023016912693, -13.61676843146135951 ) ) ;
#4396 = CARTESIAN_POINT ( 'NONE',  ( 5.570765812539403505, 14.17146116520720689, -9.043395103643039334 ) ) ;
#4397 = EDGE_LOOP ( 'NONE', ( #3610, #4361, #3989, #4540 ) ) ;
#4398 = DIRECTION ( 'NONE',  ( 0.000000000000000000, 0.000000000000000000, -1.000000000000000000 ) ) ;
#4399 = CARTESIAN_POINT ( 'NONE',  ( 5.576551409627772848, 14.16643493668145659, 4.240698371036469183 ) ) ;
#4400 = CARTESIAN_POINT ( 'NONE',  ( -3.046592245595824977, 15.68651001206367290, 13.07287495077845207 ) ) ;
#4401 = CARTESIAN_POINT ( 'NONE',  ( 3.863991520624042497, 14.74429938898680703, -12.31663444347724301 ) ) ;
#4402 = CARTESIAN_POINT ( 'NONE',  ( -10.49999999999999822, 3.500000000000000000, 19.25000000000000000 ) ) ;
#4403 = DIRECTION ( 'NONE',  ( -1.000000000000000000, 1.465494392505206002E-14, 0.000000000000000000 ) ) ;
#4404 = CARTESIAN_POINT ( 'NONE',  ( -3.478842214908338004, 15.51354457829675404, 12.75202215460447341 ) ) ;
#4405 = CARTESIAN_POINT ( 'NONE',  ( -3.461658553967212448, 15.09862977371848203, -12.64334552352964280 ) ) ;
#4406 = ORIENTED_EDGE ( 'NONE', *, *, #1734, .F. ) ;
#4407 = FACE_BOUND ( 'NONE', #3352, .T. ) ;
#4408 = ORIENTED_EDGE ( 'NONE', *, *, #3400, .T. ) ;
#4409 = CARTESIAN_POINT ( 'NONE',  ( 5.674661049453725070, 14.07836645381829221, 4.180180268105924135 ) ) ;
#4410 = CARTESIAN_POINT ( 'NONE',  ( 4.015129825104022387, 13.48399934079344398, -11.05669766412586874 ) ) ;
#4411 = VECTOR ( 'NONE', #2700, 1000.000000000000000 ) ;
#4412 = VERTEX_POINT ( 'NONE', #393 ) ;
#4413 = ADVANCED_FACE ( 'NONE', ( #2058, #1792, #3564 ), #3495, .T. ) ;
#4414 = ORIENTED_EDGE ( 'NONE', *, *, #4242, .F. ) ;
#4415 = CARTESIAN_POINT ( 'NONE',  ( 4.399731764424621439, 13.19450428111872142, -11.12336959566304095 ) ) ;
#4416 = DIRECTION ( 'NONE',  ( -0.000000000000000000, 1.000000000000000000, -0.000000000000000000 ) ) ;
#4417 = CARTESIAN_POINT ( 'NONE',  ( 6.774707570435190007, 12.88366834152973084, 5.817066819871421934 ) ) ;
#4418 = CARTESIAN_POINT ( 'NONE',  ( -4.474635801773834132, 13.13338805483964755, -10.37403368067101361 ) ) ;
#4419 = CARTESIAN_POINT ( 'NONE',  ( -3.242746846869964283, 15.05761430090818287, -12.80011046676554543 ) ) ;
#4420 = VERTEX_POINT ( 'NONE', #343 ) ;
#4421 = FACE_OUTER_BOUND ( 'NONE', #789, .T. ) ;
#4422 = AXIS2_PLACEMENT_3D ( 'NONE', #529, #1956, #3397 ) ;
#4423 = CARTESIAN_POINT ( 'NONE',  ( 5.450730402220106185, 14.20066023571463099, 4.401232296524147714 ) ) ;
#4424 = CARTESIAN_POINT ( 'NONE',  ( -3.639167122714716207, 15.43157120071251498, 12.60368056522431957 ) ) ;
#4425 = CARTESIAN_POINT ( 'NONE',  ( 5.147573169844935848, 14.51519562591272106, -11.25443389067216060 ) ) ;
#4426 = AXIS2_PLACEMENT_3D ( 'NONE', #3680, #4056, #4403 ) ;
#4427 = B_SPLINE_CURVE_WITH_KNOTS ( 'NONE', 3,
 ( #4175, #2024, #1339, #2787 ),
 .UNSPECIFIED., .F., .F.,
 ( 4, 4 ),
 ( 0.3333220574753207321, 0.6666573733856266948 ),
 .UNSPECIFIED. ) ;
#4428 = CYLINDRICAL_SURFACE ( 'NONE', #1384, 2.000000000000000000 ) ;
#4429 = FACE_OUTER_BOUND ( 'NONE', #1190, .T. ) ;
#4430 = CARTESIAN_POINT ( 'NONE',  ( -1.164661212185385653, 16.17233387432549563, 13.81415021546412270 ) ) ;
#4431 = AXIS2_PLACEMENT_3D ( 'NONE', #4145, #3793, #537 ) ;
#4432 = CARTESIAN_POINT ( 'NONE',  ( -3.092116217037604642, 15.26279525371799828, -12.96893505739357089 ) ) ;
#4433 = ORIENTED_EDGE ( 'NONE', *, *, #981, .T. ) ;
#4434 = CYLINDRICAL_SURFACE ( 'NONE', #897, 6.250000000000000000 ) ;
#4435 =( GEOMETRIC_REPRESENTATION_CONTEXT ( 3 ) GLOBAL_UNCERTAINTY_ASSIGNED_CONTEXT ( ( #1983 ) ) GLOBAL_UNIT_ASSIGNED_CONTEXT ( ( #1212, #4089, #1284 ) ) REPRESENTATION_CONTEXT ( 'NONE', 'WORKASPACE' ) );
#4436 = CARTESIAN_POINT ( 'NONE',  ( 7.502592824294270102, 3.875264926972953106, 10.38502728514579587 ) ) ;
#4437 = CARTESIAN_POINT ( 'NONE',  ( 15.74999999999994849, 1.499999999999763745, 17.02003210281144518 ) ) ;
#4438 = EDGE_CURVE ( 'NONE', #1667, #3447, #300, .T. ) ;
#4439 = ORIENTED_EDGE ( 'NONE', *, *, #137, .F. ) ;
#4440 = CARTESIAN_POINT ( 'NONE',  ( 4.700803755310992926, 12.93675660254595527, -8.917834466696373141 ) ) ;
#4441 = EDGE_LOOP ( 'NONE', ( #2881 ) ) ;
#4442 = CARTESIAN_POINT ( 'NONE',  ( 0.09708423725271235483, 14.74936297238662064, 13.95228017099204365 ) ) ;
#4443 = CARTESIAN_POINT ( 'NONE',  ( -4.547522610631994588, 14.93289767742047758, -12.11885721151096007 ) ) ;
#4444 = DIRECTION ( 'NONE',  ( 0.000000000000000000, -0.000000000000000000, 1.000000000000000000 ) ) ;
#4445 = DIRECTION ( 'NONE',  ( 0.000000000000000000, 1.000000000000000000, 0.000000000000000000 ) ) ;
#4446 = CARTESIAN_POINT ( 'NONE',  ( -2.998119544653802926, 15.16232154189150272, -13.00625811953239896 ) ) ;
#4447 = VERTEX_POINT ( 'NONE', #2355 ) ;
#4448 = CYLINDRICAL_SURFACE ( 'NONE', #362, 0.5000000000000004441 ) ;
#4449 = CARTESIAN_POINT ( 'NONE',  ( 5.690515903721849789, 14.06411771166317415, 4.359780118103903312 ) ) ;
#4450 = ADVANCED_FACE ( 'NONE', ( #3165 ), #2248, .T. ) ;
#4451 = CARTESIAN_POINT ( 'NONE',  ( -2.764642057907910733, 14.18115308785322881, 12.84681183653309944 ) ) ;
#4452 = EDGE_CURVE ( 'NONE', #2390, #4420, #2504, .T. ) ;
#4453 = VECTOR ( 'NONE', #155, 1000.000000000000000 ) ;
#4454 = CARTESIAN_POINT ( 'NONE',  ( 4.807340623505477417, 14.45938404983127867, -10.99917698401336530 ) ) ;
#4455 = EDGE_CURVE ( 'NONE', #1161, #2750, #4249, .T. ) ;
#4456 = LINE ( 'NONE', #3779, #2680 ) ;
#4457 = CARTESIAN_POINT ( 'NONE',  ( 5.607546208076739980, 14.14063156443607205, 5.411405494998802190 ) ) ;
#4458 = EDGE_CURVE ( 'NONE', #3401, #4356, #828, .T. ) ;
#4459 = CARTESIAN_POINT ( 'NONE',  ( -4.600367109297842205, 14.89841138779098451, 12.22925007686604815 ) ) ;
#4460 = CARTESIAN_POINT ( 'NONE',  ( -0.9552515374971889406, 15.68745331899701334, -13.90920048904792594 ) ) ;
#4461 = ORIENTED_EDGE ( 'NONE', *, *, #1879, .T. ) ;
#4462 = DIRECTION ( 'NONE',  ( -1.000000000000000000, -6.419766481290786633E-33, 0.000000000000000000 ) ) ;
#4463 = DIRECTION ( 'NONE',  ( -0.000000000000000000, 0.000000000000000000, -1.000000000000000000 ) ) ;
#4464 = DIRECTION ( 'NONE',  ( -0.000000000000000000, 0.2373321103690258227, 0.9714285714285866291 ) ) ;
#4465 = EDGE_CURVE ( 'NONE', #2469, #808, #1113, .T. ) ;
#4466 = ORIENTED_EDGE ( 'NONE', *, *, #2282, .F. ) ;
#4467 = CARTESIAN_POINT ( 'NONE',  ( 4.333431680268697406, 13.26712527495638838, -9.232399030978823973 ) ) ;
#4468 = VERTEX_POINT ( 'NONE', #2578 ) ;
#4469 = FACE_BOUND ( 'NONE', #2724, .T. ) ;
#4470 = CARTESIAN_POINT ( 'NONE',  ( -4.700506870349957289, 14.76950942231522568, -11.60419032895412705 ) ) ;
#4471 = DIRECTION ( 'NONE',  ( 0.000000000000000000, -0.000000000000000000, 1.000000000000000000 ) ) ;
#4472 = CARTESIAN_POINT ( 'NONE',  ( -16.25000000000000000, 0.000000000000000000, -19.25000000000000000 ) ) ;
#4473 = CARTESIAN_POINT ( 'NONE',  ( 3.830336571038961413, 14.76847002771224737, -12.35952754365258599 ) ) ;
#4474 = DIRECTION ( 'NONE',  ( -1.000000000000000000, 0.000000000000000000, 0.000000000000000000 ) ) ;
#4475 = CARTESIAN_POINT ( 'NONE',  ( 5.685472514981177561, 14.06990936688554328, 4.821110872150590865 ) ) ;
#4476 = CARTESIAN_POINT ( 'NONE',  ( -2.181432291327814799, 14.40547743850424389, 13.31494610252189226 ) ) ;
#4477 = EDGE_CURVE ( 'NONE', #663, #1364, #1483, .T. ) ;
#4478 = CARTESIAN_POINT ( 'NONE',  ( 5.164236279390517659, 14.50249237492320020, -11.21363140685618376 ) ) ;
#4479 = CARTESIAN_POINT ( 'NONE',  ( -7.000000000000000000, 0.000000000000000000, 19.25000000000000000 ) ) ;
#4480 = FACE_OUTER_BOUND ( 'NONE', #31, .T. ) ;
#4481 = CARTESIAN_POINT ( 'NONE',  ( -1.453706869917201105, 16.12692222014997157, 14.26551455285797054 ) ) ;
#4482 = CARTESIAN_POINT ( 'NONE',  ( 0.7557505986166375145, 15.71636160059585308, -13.97380801825070762 ) ) ;
#4483 = FACE_OUTER_BOUND ( 'NONE', #4013, .T. ) ;
#4484 = CARTESIAN_POINT ( 'NONE',  ( 7.499999999999992895, 3.911675117377326316, 9.457278274103874338 ) ) ;
#4485 = CARTESIAN_POINT ( 'NONE',  ( 18.49999999999993605, 1.499999999999763745, -4.977178131738736688 ) ) ;
#4486 = ORIENTED_EDGE ( 'NONE', *, *, #2085, .T. ) ;
#4487 = LINE ( 'NONE', #1262, #4411 ) ;
#4488 = ORIENTED_EDGE ( 'NONE', *, *, #4613, .T. ) ;
#4489 = CARTESIAN_POINT ( 'NONE',  ( 0.01095929676571644022, 15.25051583872063254, 13.94808750177669232 ) ) ;
#4490 = AXIS2_PLACEMENT_3D ( 'NONE', #2880, #2189, #4313 ) ;
#4491 = CARTESIAN_POINT ( 'NONE',  ( -4.597130506570539232, 14.60666917876605808, -11.21336717385022297 ) ) ;
#4492 = CARTESIAN_POINT ( 'NONE',  ( 4.796871285525623918, 12.84813458354587112, 4.844411502249069912 ) ) ;
#4493 = AXIS2_PLACEMENT_3D ( 'NONE', #2507, #2940, #4393 ) ;
#4494 = DIRECTION ( 'NONE',  ( -0.000000000000000000, 1.000000000000000000, -0.000000000000000000 ) ) ;
#4495 = CARTESIAN_POINT ( 'NONE',  ( 5.866737641752180821, 12.42848444625123960, 6.165658591126250698 ) ) ;
#4496 = ORIENTED_EDGE ( 'NONE', *, *, #704, .T. ) ;
#4497 = DIRECTION ( 'NONE',  ( -9.860761315262647568E-32, -1.000000000000000000, 0.000000000000000000 ) ) ;
#4498 = CARTESIAN_POINT ( 'NONE',  ( 5.463537351443445544, 14.06354533697281717, 5.030417584503789286 ) ) ;
#4499 = CARTESIAN_POINT ( 'NONE',  ( -15.75000000000000000, 1.500000000000000000, 13.02003210281144341 ) ) ;
#4500 = AXIS2_PLACEMENT_3D ( 'NONE', #1156, #861, #2598 ) ;
#4501 = CARTESIAN_POINT ( 'NONE',  ( 4.999355471867631628, 14.55646401097007825, -11.23480888858116700 ) ) ;
#4502 = CARTESIAN_POINT ( 'NONE',  ( -3.803252915545187296, 13.62928952659383519, 12.25302566765718559 ) ) ;
#4503 = CARTESIAN_POINT ( 'NONE',  ( -5.293478440850965860, 14.33030814008876419, -9.075063346316266433 ) ) ;
#4504 = CARTESIAN_POINT ( 'NONE',  ( -3.595255932117399578, 14.88902318527282098, 12.42566541718532669 ) ) ;
#4505 = AXIS2_PLACEMENT_3D ( 'NONE', #982, #578, #2775 ) ;
#4506 = CARTESIAN_POINT ( 'NONE',  ( 0.4418954373953437598, 16.09852241249959803, -14.14570537215455559 ) ) ;
#4507 = CARTESIAN_POINT ( 'NONE',  ( -2.877755033804302975, 14.67019111823742072, 12.92102843140787272 ) ) ;
#4508 = DIRECTION ( 'NONE',  ( 1.000000000000000000, 0.000000000000000000, -0.000000000000000000 ) ) ;
#4509 = CIRCLE ( 'NONE', #2242, 2.249999999999998668 ) ;
#4510 = DIRECTION ( 'NONE',  ( 9.860761315262647568E-32, 1.000000000000000000, 0.000000000000000000 ) ) ;
#4511 = AXIS2_PLACEMENT_3D ( 'NONE', #2907, #487, #1910 ) ;
#4512 = ORIENTED_EDGE ( 'NONE', *, *, #4587, .F. ) ;
#4513 = CARTESIAN_POINT ( 'NONE',  ( 5.674661049601661844, 14.07836645368563921, -9.021824309814620690 ) ) ;
#4514 = ORIENTED_EDGE ( 'NONE', *, *, #2928, .T. ) ;
#4515 = CARTESIAN_POINT ( 'NONE',  ( -16.24036096345566094, 1.445742529425459333, -19.01138052639550935 ) ) ;
#4516 = CARTESIAN_POINT ( 'NONE',  ( -4.326233166986961365, 15.00403979247236208, -12.17842354076149469 ) ) ;
#4517 = CARTESIAN_POINT ( 'NONE',  ( -8.673617379884035472E-16, 7.750000000000000000, 19.25000000000000000 ) ) ;
#4518 = CARTESIAN_POINT ( 'NONE',  ( -8.499999999999998224, 3.499999999999998668, 19.25000000000000000 ) ) ;
#4519 = CARTESIAN_POINT ( 'NONE',  ( -2.184779259380483563, 15.44936352259767531, -13.52511650672630061 ) ) ;
#4520 = DIRECTION ( 'NONE',  ( -1.000000000000000000, 1.465494392505206002E-14, 0.000000000000000000 ) ) ;
#4521 = CARTESIAN_POINT ( 'NONE',  ( 5.818839847999768722, 13.94701587848727442, 5.127503653598806999 ) ) ;
#4522 = CARTESIAN_POINT ( 'NONE',  ( 5.285362457950906645, 14.40695531639518734, -11.20866879689592466 ) ) ;
#4523 = CARTESIAN_POINT ( 'NONE',  ( -5.540289829574742697, 14.19633142366257239, -8.940019035464860764 ) ) ;
#4524 = CARTESIAN_POINT ( 'NONE',  ( -4.840748146765455395, 14.75481585749962044, 10.77610827088416201 ) ) ;
#4525 = ADVANCED_FACE ( 'NONE', ( #2936 ), #3908, .T. ) ;
#4526 = CARTESIAN_POINT ( 'NONE',  ( -0.2828373783625103832, 15.74783133699006754, -13.99903886267742870 ) ) ;
#4527 = CARTESIAN_POINT ( 'NONE',  ( 8.499999999999996447, 7.749999999999757527, 19.25000000000000000 ) ) ;
#4528 = EDGE_LOOP ( 'NONE', ( #977, #1609, #157, #3765 ) ) ;
#4529 = CARTESIAN_POINT ( 'NONE',  ( 4.712360332681980957, 12.92626646156116088, 4.403639062428310602 ) ) ;
#4530 = ORIENTED_EDGE ( 'NONE', *, *, #1509, .T. ) ;
#4531 = CARTESIAN_POINT ( 'NONE',  ( -3.201264994812463183, 14.52465286710767067, 12.61428972402934434 ) ) ;
#4532 = CARTESIAN_POINT ( 'NONE',  ( 4.892596775793053965, 12.75646848094519825, 5.093922095751746149 ) ) ;
#4533 = CARTESIAN_POINT ( 'NONE',  ( 6.526943770896792785, 12.60075115615508246, 6.198919415077984496 ) ) ;
#4534 = CARTESIAN_POINT ( 'NONE',  ( 6.999999999999995559, 3.499999999999761968, 9.035561091892015284 ) ) ;
#4535 = ADVANCED_FACE ( 'NONE', ( #813 ), #4067, .T. ) ;
#4536 = CARTESIAN_POINT ( 'NONE',  ( -4.226287393313127971, 13.34971952119138017, -9.237919302537410005 ) ) ;
#4537 = CARTESIAN_POINT ( 'NONE',  ( 8.499999999999996447, 0.9999999999997636335, -19.25000000000000000 ) ) ;
#4538 = CARTESIAN_POINT ( 'NONE',  ( 6.001933889484370788, 13.76949755633332551, 5.211717487131438453 ) ) ;
#4539 = CARTESIAN_POINT ( 'NONE',  ( 5.100249078161146699, 14.35977772395559704, -10.47257015154988480 ) ) ;
#4540 = ORIENTED_EDGE ( 'NONE', *, *, #263, .F. ) ;
#4541 = DIRECTION ( 'NONE',  ( -1.000000000000000000, 9.860761315262647568E-32, 0.000000000000000000 ) ) ;
#4542 = CARTESIAN_POINT ( 'NONE',  ( -2.582837441541984358, 15.85634409641997422, -13.95882919111205567 ) ) ;
#4543 = CARTESIAN_POINT ( 'NONE',  ( -4.490133631434672701, 13.12161399952991303, 9.015431725386493511 ) ) ;
#4544 = FILL_AREA_STYLE ('',( #3510 ) ) ;
#4545 = CARTESIAN_POINT ( 'NONE',  ( 5.756860294371275444, 13.30667053411409739, 5.929107248708411326 ) ) ;
#4546 = CIRCLE ( 'NONE', #1083, 6.249999999999998224 ) ;
#4547 = B_SPLINE_CURVE_WITH_KNOTS ( 'NONE', 1,
 ( #715, #3922 ),
 .UNSPECIFIED., .F., .F.,
 ( 2, 2 ),
 ( 0.3332406335921886953, 0.6665901313726692035 ),
 .UNSPECIFIED. ) ;
#4548 = ORIENTED_EDGE ( 'NONE', *, *, #2576, .T. ) ;
#4549 = CARTESIAN_POINT ( 'NONE',  ( 5.674661049575515648, 14.07836645370908357, -6.688490976481289430 ) ) ;
#4550 = AXIS2_PLACEMENT_3D ( 'NONE', #2183, #3985, #1808 ) ;
#4551 = CARTESIAN_POINT ( 'NONE',  ( -4.194263492686229888, 13.95048023945073012, 10.96091040910350145 ) ) ;
#4552 = EDGE_CURVE ( 'NONE', #1307, #2573, #2627, .T. ) ;
#4553 = CARTESIAN_POINT ( 'NONE',  ( 4.528447950897280805, 14.94406833376113930, -11.73877707864252784 ) ) ;
#4554 = CARTESIAN_POINT ( 'NONE',  ( -4.894117551525414278, 14.22475589290365505, -8.935247000033129439 ) ) ;
#4555 = CARTESIAN_POINT ( 'NONE',  ( -4.230968474819313485, 13.34621673066964398, -8.986317690951450388 ) ) ;
#4556 = CARTESIAN_POINT ( 'NONE',  ( 8.499999999999996447, 3.499999999999761080, 18.75000000000000000 ) ) ;
#4557 = AXIS2_PLACEMENT_3D ( 'NONE', #740, #2556, #1142 ) ;
#4558 = CARTESIAN_POINT ( 'NONE',  ( 5.935958452480939229, 13.83540236995272288, 5.308813332572274390 ) ) ;
#4559 = CARTESIAN_POINT ( 'NONE',  ( 5.148795392598183973, 14.44449537248006621, -10.83675663757388463 ) ) ;
#4560 = ORIENTED_EDGE ( 'NONE', *, *, #1532, .T. ) ;
#4561 = CARTESIAN_POINT ( 'NONE',  ( -5.148262204733937253, 14.32220702170031679, -9.336686891927040932 ) ) ;
#4562 = PLANE ( 'NONE',  #4205 ) ;
#4563 = CARTESIAN_POINT ( 'NONE',  ( 1.246825832534779854, 16.15805716817648374, -14.40804324913603196 ) ) ;
#4564 = ORIENTED_EDGE ( 'NONE', *, *, #276, .F. ) ;
#4565 = CARTESIAN_POINT ( 'NONE',  ( 8.000000007536213431, 3.912219079154030332, 10.69272637569530282 ) ) ;
#4566 = AXIS2_PLACEMENT_3D ( 'NONE', #2303, #3037, #4474 ) ;
#4567 = CARTESIAN_POINT ( 'NONE',  ( 5.571080934835361376, 14.17119181753585266, 4.157660613010624395 ) ) ;
#4568 = CARTESIAN_POINT ( 'NONE',  ( 4.956039631834814330, 14.01023453581739631, 4.331310852028582126 ) ) ;
#4569 = ORIENTED_EDGE ( 'NONE', *, *, #4587, .T. ) ;
#4570 = CARTESIAN_POINT ( 'NONE',  ( 4.624591447108562292, 13.01928922531215349, 5.396133059172593782 ) ) ;
#4571 = MECHANICAL_DESIGN_GEOMETRIC_PRESENTATION_REPRESENTATION (  '', ( #3979 ), #3520 ) ;
#4572 = CARTESIAN_POINT ( 'NONE',  ( -1.201268087446310640, 15.15380107703299295, 13.77230207366898895 ) ) ;
#4573 = CARTESIAN_POINT ( 'NONE',  ( 4.637933098396989529, 13.62278269432494682, -4.600370308414507114 ) ) ;
#4574 = CARTESIAN_POINT ( 'NONE',  ( -3.911488407603823436, 13.55519255052888106, 10.99249735932528260 ) ) ;
#4575 = VECTOR ( 'NONE', #1579, 1000.000000000000000 ) ;
#4576 = EDGE_CURVE ( 'NONE', #4620, #1935, #762, .T. ) ;
#4577 = CARTESIAN_POINT ( 'NONE',  ( 0.03063653744753857752, 15.74992739742196690, 13.94888907475647777 ) ) ;
#4578 = CARTESIAN_POINT ( 'NONE',  ( -8.499999999999998224, 1.000000000000000000, 19.25000000000000000 ) ) ;
#4579 = DIRECTION ( 'NONE',  ( -0.3235294117647084522, 0.000000000000000000, 0.9462181142438469417 ) ) ;
#4580 = EDGE_LOOP ( 'NONE', ( #2879, #2373, #727, #2970 ) ) ;
#4581 = CARTESIAN_POINT ( 'NONE',  ( 5.432961464483373248, 14.21587422219316998, 4.190592933047284419 ) ) ;
#4582 = AXIS2_PLACEMENT_3D ( 'NONE', #1779, #2205, #25 ) ;
#4583 = CARTESIAN_POINT ( 'NONE',  ( 6.393465909331748520, 13.35223009428617047, 5.539598303137499791 ) ) ;
#4584 = CARTESIAN_POINT ( 'NONE',  ( 5.432369540603350089, 14.28774189561174701, -10.74843682997332728 ) ) ;
#4585 = ORIENTED_EDGE ( 'NONE', *, *, #4616, .F. ) ;
#4586 = CARTESIAN_POINT ( 'NONE',  ( -16.25000000000000355, 0.000000000000000000, -4.977178131738738465 ) ) ;
#4587 = EDGE_CURVE ( 'NONE', #3276, #4182, #588, .T. ) ;
#4588 = CARTESIAN_POINT ( 'NONE',  ( -4.892009622680534520, 14.22635783377896246, -9.113037852726233012 ) ) ;
#4589 = EDGE_CURVE ( 'NONE', #1257, #4116, #197, .T. ) ;
#4590 = FACE_OUTER_BOUND ( 'NONE', #3492, .T. ) ;
#4591 = EDGE_CURVE ( 'NONE', #3049, #3049, #4358, .T. ) ;
#4592 = CARTESIAN_POINT ( 'NONE',  ( 2.687246772247903426, 15.42275699734615202, -13.36584865690588586 ) ) ;
#4593 = ORIENTED_EDGE ( 'NONE', *, *, #2462, .T. ) ;
#4594 = CARTESIAN_POINT ( 'NONE',  ( 8.484134641787075992, 3.914306807057142734, 10.70127169937938838 ) ) ;
#4595 = SURFACE_SIDE_STYLE ('',( #3159 ) ) ;
#4596 = CARTESIAN_POINT ( 'NONE',  ( 4.637967650686857901, 13.62282644606995241, -9.000000000000001776 ) ) ;
#4597 = VECTOR ( 'NONE', #2934, 1000.000000000000000 ) ;
#4598 = EDGE_LOOP ( 'NONE', ( #33, #2540, #950, #2225 ) ) ;
#4599 = CARTESIAN_POINT ( 'NONE',  ( 4.693508301962851625, 12.94335920377223559, 4.150792780396421300 ) ) ;
#4600 = CARTESIAN_POINT ( 'NONE',  ( -1.542107129074267613, 14.58153548566233582, 13.63087476604368575 ) ) ;
#4601 = CARTESIAN_POINT ( 'NONE',  ( -5.120312600733772257, 14.53472187422498862, -9.723591744230510869 ) ) ;
#4602 = DIRECTION ( 'NONE',  ( -1.000000000000000000, 0.000000000000000000, 0.000000000000000000 ) ) ;
#4603 = CARTESIAN_POINT ( 'NONE',  ( -10.49999999999999822, 1.000000000000000000, 18.75000000000000000 ) ) ;
#4604 = CARTESIAN_POINT ( 'NONE',  ( -4.481953117559330124, 13.74297112813113841, -9.650249399332047062 ) ) ;
#4605 = CARTESIAN_POINT ( 'NONE',  ( -4.401727310191636988, 13.80305750712501123, -10.21913483263831246 ) ) ;
#4606 = CARTESIAN_POINT ( 'NONE',  ( 5.033643692782169943, 14.12383340386398523, 4.199196925365099808 ) ) ;
#4607 = CARTESIAN_POINT ( 'NONE',  ( 6.290020921226558315, 13.38682416437190703, 5.786344264617939714 ) ) ;
#4608 = B_SPLINE_CURVE_WITH_KNOTS ( 'NONE', 3,
 ( #2394, #1661, #2416, #1681, #3518, #205, #2731, #3812, #4206, #937, #3166, #3855, #3836, #296, #3477, #602, #626, #1638, #272, #1701, #1726, #2370, #250, #4577 ),
 .UNSPECIFIED., .F., .F.,
 ( 4, 2, 2, 2, 2, 2, 2, 2, 2, 2, 2, 4 ),
 ( -5.999999999659850885E-08, 0.001000567551812065175, 0.001500881327718096500, 0.002001195103624127392, 0.003001822655436186139, 0.003502136431342213994, 0.004002450207248242284, 0.004502763983154270573, 0.005003077759060298862, 0.006003705310872356309, 0.007004332862684413755, 0.008004960414496470333 ),
 .UNSPECIFIED. ) ;
#4609 = CARTESIAN_POINT ( 'NONE',  ( 4.977772849033914149, 14.16094831156984490, -9.587087745006485306 ) ) ;
#4610 = EDGE_LOOP ( 'NONE', ( #3597 ) ) ;
#4611 = CARTESIAN_POINT ( 'NONE',  ( -4.512972009675256579, 13.71941598673109475, 9.000000000000001776 ) ) ;
#4612 = CARTESIAN_POINT ( 'NONE',  ( -4.994837670002587160, 14.32003763386845385, -9.587215369219840966 ) ) ;
#4613 = EDGE_CURVE ( 'NONE', #3995, #3843, #3086, .T. ) ;
#4614 = CARTESIAN_POINT ( 'NONE',  ( -5.104676538783643025, 14.54652253132097073, 11.29482853487271399 ) ) ;
#4615 = CARTESIAN_POINT ( 'NONE',  ( 3.769344160800838228, 15.31239622679962409, -12.96485808240701765 ) ) ;
#4616 = EDGE_CURVE ( 'NONE', #488, #7, #1086, .T. ) ;
#4617 = DIRECTION ( 'NONE',  ( 0.000000000000000000, 0.000000000000000000, 1.000000000000000000 ) ) ;
#4618 = DIRECTION ( 'NONE',  ( -0.000000000000000000, 0.000000000000000000, -1.000000000000000000 ) ) ;
#4619 = DIRECTION ( 'NONE',  ( 0.000000000000000000, 8.673617379884027583E-16, 1.000000000000000000 ) ) ;
#4620 = VERTEX_POINT ( 'NONE', #60 ) ;
#4621 = CARTESIAN_POINT ( 'NONE',  ( 5.356273982141241063, 12.26375047175874400, 6.121988082266496711 ) ) ;
#4622 = CARTESIAN_POINT ( 'NONE',  ( -4.082103564754054226, 14.02604464167141884, 11.25255937004633289 ) ) ;
#4623 = CARTESIAN_POINT ( 'NONE',  ( -3.759588620037944473, 15.37343164385127103, -12.50928665585324673 ) ) ;
#4624 = CARTESIAN_POINT ( 'NONE',  ( -4.168023164984954398, 13.37423965065034537, 9.868930811828061422 ) ) ;
#4625 = CARTESIAN_POINT ( 'NONE',  ( 4.532119615178798355, 13.27057167876890098, -4.640448667631718926 ) ) ;
#4626 = AXIS2_PLACEMENT_3D ( 'NONE', #1800, #2942, #43 ) ;
#4627 = CARTESIAN_POINT ( 'NONE',  ( -3.402573222173814749, 14.97838079172602654, -12.64709458488065508 ) ) ;
#4628 = CARTESIAN_POINT ( 'NONE',  ( -4.124442103007410765, 13.42446480592603919, -10.22604725567796891 ) ) ;
#4629 = DIRECTION ( 'NONE',  ( -6.419766481290786633E-33, 1.000000000000000000, 0.000000000000000000 ) ) ;
#4630 = CARTESIAN_POINT ( 'NONE',  ( 6.197226563916116149, 13.34955291992869775, 5.873097518202067491 ) ) ;
#4631 = CARTESIAN_POINT ( 'NONE',  ( 5.062563148931391588, 14.38892345319366406, -10.64042281856571215 ) ) ;
#4632 = ORIENTED_EDGE ( 'NONE', *, *, #1793, .T. ) ;
#4633 = CARTESIAN_POINT ( 'NONE',  ( -10.49999999999999822, 3.500000000000000000, 19.25000000000000000 ) ) ;
#4634 = AXIS2_PLACEMENT_3D ( 'NONE', #1635, #4416, #1584 ) ;
#4635 = CARTESIAN_POINT ( 'NONE',  ( -5.510625382102230851, 14.22172925494586337, -9.639985931333702851 ) ) ;
#4636 = FACE_OUTER_BOUND ( 'NONE', #2190, .T. ) ;
#4637 = CARTESIAN_POINT ( 'NONE',  ( 2.666709814907166187, 15.82906305236770450, -13.85513535869970347 ) ) ;
#4638 = ORIENTED_EDGE ( 'NONE', *, *, #3533, .F. ) ;
#4639 = LINE ( 'NONE', #1381, #819 ) ;
#4640 = CARTESIAN_POINT ( 'NONE',  ( 5.354368323249655504, 14.15569479770700489, 4.662377300943434832 ) ) ;
#4641 = VERTEX_POINT ( 'NONE', #2193 ) ;
#4642 = CARTESIAN_POINT ( 'NONE',  ( 4.903739247713377658, 12.75406708863992300, 5.793486164669160665 ) ) ;
#4643 = AXIS2_PLACEMENT_3D ( 'NONE', #4034, #4462, #1233 ) ;
#4644 = CARTESIAN_POINT ( 'NONE',  ( 7.499999999999996447, 7.749999999999834799, 13.94888907475647777 ) ) ;
#4645 = DIRECTION ( 'NONE',  ( 1.000000000000000000, 0.000000000000000000, 0.000000000000000000 ) ) ;
#4646 = CARTESIAN_POINT ( 'NONE',  ( -3.859719293960572450, 13.58976285992554622, 11.13915791348191142 ) ) ;
#4647 = EDGE_CURVE ( 'NONE', #1558, #114, #1864, .T. ) ;
#4648 = DIRECTION ( 'NONE',  ( 0.000000000000000000, -0.000000000000000000, -1.000000000000000000 ) ) ;
#4649 = B_SPLINE_CURVE_WITH_KNOTS ( 'NONE', 3,
 ( #3332, #110, #3790, #4515, #3738, #1559 ),
 .UNSPECIFIED., .F., .F.,
 ( 4, 2, 4 ),
 ( 0.000000000000000000, 0.0003907314093446243421, 0.0007814628186892486842 ),
 .UNSPECIFIED. ) ;
#4650 = CARTESIAN_POINT ( 'NONE',  ( -3.305896416968684193, 15.58284308658573991, -13.37427390044136466 ) ) ;
#4651 = AXIS2_PLACEMENT_3D ( 'NONE', #2617, #3704, #856 ) ;
#4652 = CARTESIAN_POINT ( 'NONE',  ( -0.5539915310118680436, 14.73458615725756182, -13.96901476995836866 ) ) ;
#4653 = CARTESIAN_POINT ( 'NONE',  ( -7.000000000000000000, 7.750000000000002665, 19.25000000000000000 ) ) ;
#4654 = CARTESIAN_POINT ( 'NONE',  ( 6.355712955783433316, 13.16928860002720114, 5.949137683402217824 ) ) ;
#4655 = VECTOR ( 'NONE', #3096, 1000.000000000000000 ) ;
#4656 = CARTESIAN_POINT ( 'NONE',  ( 5.412826179532554960, 14.23249724874051836, -9.258775865155971729 ) ) ;
#4657 = EDGE_LOOP ( 'NONE', ( #2173, #2133, #4141, #3697 ) ) ;
#4658 = AXIS2_PLACEMENT_3D ( 'NONE', #3982, #2181, #3630 ) ;
#4659 = CARTESIAN_POINT ( 'NONE',  ( -10.49999999999999822, 3.500000000000000000, -19.24999999999999645 ) ) ;
ENDSEC;
END-ISO-10303-21;
