ISO-10303-21;
HEADER;
FILE_DESCRIPTION (( 'STEP AP214' ),
    '1' );
FILE_NAME ('Cap 1.STEP',
    '2025-08-05T11:05:31',
    ( '' ),
    ( '' ),
    'SwSTEP 2.0',
    'SolidWorks 2025',
    '' );
FILE_SCHEMA (( 'AUTOMOTIVE_DESIGN' ));
ENDSEC;

DATA;
#1 = CIRCLE ( 'NONE', #4208, 0.2500000000000000555 ) ;
#2 = ORIENTED_EDGE ( 'NONE', *, *, #5252, .T. ) ;
#3 = CARTESIAN_POINT ( 'NONE',  ( -9.865116682798158010, 10.40311818975501978, -9.865116682798173997 ) ) ;
#4 = CARTESIAN_POINT ( 'NONE',  ( -2.433305269872328758, 31.90325221641045061, 0.6014500654764523002 ) ) ;
#5 = ADVANCED_FACE ( 'NONE', ( #4543 ), #1597, .F. ) ;
#6 = CARTESIAN_POINT ( 'NONE',  ( 10.05105758792065274, 8.303059094877518476, 10.05105758792067228 ) ) ;
#7 = AXIS2_PLACEMENT_3D ( 'NONE', #4629, #1823, #5196 ) ;
#8 = EDGE_CURVE ( 'NONE', #4511, #6529, #4577, .T. ) ;
#9 = CARTESIAN_POINT ( 'NONE',  ( -3.610883317201822429, 7.016451523088355735, 13.47599999999996179 ) ) ;
#10 = EDGE_CURVE ( 'NONE', #6687, #2571, #5787, .T. ) ;
#11 = EDGE_CURVE ( 'NONE', #1591, #4941, #2194, .T. ) ;
#12 = AXIS2_PLACEMENT_3D ( 'NONE', #65, #5477, #4785 ) ;
#13 = TOROIDAL_SURFACE ( 'NONE', #6647, 4.500000000000000000, 0.2500000000000000000 ) ;
#14 = B_SPLINE_CURVE_WITH_KNOTS ( 'NONE', 3,
 ( #6809, #890, #5668, #5742, #2721, #4574 ),
 .UNSPECIFIED., .F., .F.,
 ( 4, 2, 4 ),
 ( 0.000000000000000000, 0.5000000000000000000, 1.000000000000000000 ),
 .UNSPECIFIED. ) ;
#15 = CARTESIAN_POINT ( 'NONE',  ( 5.685827402798334873, 5.373371748695043415, 13.94152120853748400 ) ) ;
#16 = EDGE_LOOP ( 'NONE', ( #3935, #1695, #6318, #2717 ) ) ;
#17 = ORIENTED_EDGE ( 'NONE', *, *, #3487, .T. ) ;
#18 = CARTESIAN_POINT ( 'NONE',  ( 1.638804729875574351, 25.41533853840699919, -3.337802230536791370 ) ) ;
#19 = FACE_OUTER_BOUND ( 'NONE', #5104, .T. ) ;
#20 = CIRCLE ( 'NONE', #3852, 0.2500000000000000000 ) ;
#21 = CARTESIAN_POINT ( 'NONE',  ( -10.98076211353313347, 11.86958787349666089, -10.98076211353313525 ) ) ;
#22 = AXIS2_PLACEMENT_3D ( 'NONE', #3630, #142, #1821 ) ;
#23 = CARTESIAN_POINT ( 'NONE',  ( 2.046589760368579647, 25.45461152071272437, -3.095993226427889322 ) ) ;
#24 = CARTESIAN_POINT ( 'NONE',  ( 10.05105758792067050, 7.991528778619144013, -10.05105758792065451 ) ) ;
#25 = B_SPLINE_CURVE_WITH_KNOTS ( 'NONE', 3,
 ( #3873, #277, #5511, #348, #2097, #6107 ),
 .UNSPECIFIED., .F., .F.,
 ( 4, 2, 4 ),
 ( 0.000000000000000000, 0.0001760118562591448657, 0.0003520237125182897314 ),
 .UNSPECIFIED. ) ;
#26 = DIRECTION ( 'NONE',  ( -0.8660254037844432595, -3.779543444544977979E-15, -0.4999999999999919509 ) ) ;
#27 = DIRECTION ( 'NONE',  ( -0.000000000000000000, -1.000000000000000000, -0.000000000000000000 ) ) ;
#28 =( BOUNDED_CURVE ( )  B_SPLINE_CURVE ( 2, ( #6611, #7176, #4988, #940, #5553, #7290, #2680, #6532, #5403, #4871, #6081, #1429, #1360, #1957, #320, #3089, #3126, #6003, #3654, #4271, #6572, #5966, #4348, #6654, #798, #5444, #241, #1476, #7211, #3768, #7255, #1392, #285, #2566, #2528, #3690, #1993, #4832, #2070, #7138, #353, #4303, #872, #3727, #6044, #3162, #2636, #4387, #5482 ),
 .UNSPECIFIED., .F., .T. ) 
 B_SPLINE_CURVE_WITH_KNOTS ( ( 3, 2, 2, 2, 2, 2, 2, 2, 2, 2, 2, 2, 2, 2, 2, 2, 2, 2, 2, 2, 2, 2, 2, 2, 3 ),
 ( 0.000000000000000000, 0.04166666666666666435, 0.08333333333333332871, 0.1250000000000000000, 0.1666666666666666574, 0.2083333333333333426, 0.2500000000000000000, 0.2916666666666666852, 0.3333333333333333148, 0.3750000000000000000, 0.4166666666666666852, 0.4583333333333333148, 0.5000000000000000000, 0.5416666666666666297, 0.5833333333333333703, 0.6249999999999998890, 0.6666666666666666297, 0.7083333333333333703, 0.7500000000000000000, 0.7916666666666666297, 0.8333333333333333703, 0.8750000000000001110, 0.9166666666666666297, 0.9583333333333333703, 0.9842244204149968034 ),
 .UNSPECIFIED. ) 
 CURVE ( )  GEOMETRIC_REPRESENTATION_ITEM ( )  RATIONAL_B_SPLINE_CURVE ( ( 1.000000000000000000, 0.9659258262890683122, 1.000000000000000000, 0.9659258262890683122, 1.000000000000000000, 0.9659258262890683122, 1.000000000000000000, 0.9659258262890683122, 1.000000000000000000, 0.9659258262890683122, 1.000000000000000000, 0.9659258262890683122, 1.000000000000000000, 0.9659258262890683122, 1.000000000000000000, 0.9659258262890683122, 1.000000000000000000, 0.9659258262890683122, 1.000000000000000000, 0.9659258262890683122, 1.000000000000000000, 0.9659258262890683122, 1.000000000000000000, 0.9659258262890683122, 1.000000000000000000, 0.9659258262890683122, 1.000000000000000000, 0.9659258262890683122, 1.000000000000000000, 0.9659258262890683122, 1.000000000000000000, 0.9659258262890683122, 1.000000000000000000, 0.9659258262890683122, 1.000000000000000000, 0.9659258262890683122, 1.000000000000000000, 0.9659258262890683122, 1.000000000000000000, 0.9659258262890683122, 1.000000000000000000, 0.9659258262890683122, 1.000000000000000000, 0.9659258262890683122, 1.000000000000000000, 0.9659258262890683122, 1.000000000000000000, 0.9788267824291490005, 0.9839670506147417672 ) ) 
 REPRESENTATION_ITEM ( '' )  );
#29 = ORIENTED_EDGE ( 'NONE', *, *, #3940, .F. ) ;
#30 = CARTESIAN_POINT ( 'NONE',  ( -7.372999999999978016, 8.463274238455829490, -12.77041060420530449 ) ) ;
#31 = CARTESIAN_POINT ( 'NONE',  ( 9.933175777675668172, 6.814499231180392691, 9.933175777675682383 ) ) ;
#32 = CARTESIAN_POINT ( 'NONE',  ( 14.13452071924244358, 11.46343047510909763, 5.332351068514538994 ) ) ;
#33 = AXIS2_PLACEMENT_3D ( 'NONE', #4400, #3819, #5605 ) ;
#34 = CARTESIAN_POINT ( 'NONE',  ( 14.12613207180311825, 11.88602788053596093, 2.832604088885947835 ) ) ;
#35 = VECTOR ( 'NONE', #1043, 1000.000000000000000 ) ;
#36 = DIRECTION ( 'NONE',  ( 0.000000000000000000, 1.000000000000000000, 0.000000000000000000 ) ) ;
#37 = CARTESIAN_POINT ( 'NONE',  ( 7.372999999999971799, 13.75798030170749797, 12.77041060420530982 ) ) ;
#38 = CARTESIAN_POINT ( 'NONE',  ( 0.000000000000000000, 32.25000000000000000, 0.000000000000000000 ) ) ;
#39 = EDGE_CURVE ( 'NONE', #7077, #4133, #5678, .T. ) ;
#40 = ORIENTED_EDGE ( 'NONE', *, *, #6428, .F. ) ;
#41 = VECTOR ( 'NONE', #4129, 1000.000000000000000 ) ;
#42 = CARTESIAN_POINT ( 'NONE',  ( -3.824883290540359138, 25.27020840619747943, -0.3134072891597657340 ) ) ;
#43 = ORIENTED_EDGE ( 'NONE', *, *, #967, .T. ) ;
#44 = CARTESIAN_POINT ( 'NONE',  ( 1.290218662778644054, 32.00000000000000000, -1.145655629605074388 ) ) ;
#45 = ORIENTED_EDGE ( 'NONE', *, *, #4483, .F. ) ;
#46 = CARTESIAN_POINT ( 'NONE',  ( -3.467467204942357384, 25.29444059359361319, -0.5500000000000000444 ) ) ;
#47 = CARTESIAN_POINT ( 'NONE',  ( -4.428317965096905340, 24.50000000000000000, -0.5500000000000000444 ) ) ;
#48 = DIRECTION ( 'NONE',  ( 0.06666666666666669350, -0.000000000000000000, -0.9977753031397178507 ) ) ;
#49 = ORIENTED_EDGE ( 'NONE', *, *, #2345, .F. ) ;
#50 = PLANE ( 'NONE',  #6284 ) ;
#51 = DIRECTION ( 'NONE',  ( -0.5000000000000041078, 0.000000000000000000, -0.8660254037844362651 ) ) ;
#52 = CARTESIAN_POINT ( 'NONE',  ( -9.865116682798158010, 5.323118189755021490, -9.865116682798173997 ) ) ;
#53 = CARTESIAN_POINT ( 'NONE',  ( 10.05105758792067050, 9.573059094877518049, -10.05105758792065451 ) ) ;
#54 = CARTESIAN_POINT ( 'NONE',  ( 10.05105758792067050, 9.573059094877519826, -10.05105758792065451 ) ) ;
#55 = EDGE_CURVE ( 'NONE', #4485, #2207, #3958, .T. ) ;
#56 = CARTESIAN_POINT ( 'NONE',  ( 8.382914030154900331, 5.538624605565723336, 12.43908848546950274 ) ) ;
#57 = ORIENTED_EDGE ( 'NONE', *, *, #6736, .T. ) ;
#58 = ORIENTED_EDGE ( 'NONE', *, *, #2648, .T. ) ;
#59 = CARTESIAN_POINT ( 'NONE',  ( 0.9459172251437686363, 31.91991452239902216, 2.330139922400776609 ) ) ;
#60 = CARTESIAN_POINT ( 'NONE',  ( 14.45818775847041415, 14.44520438588890521, 2.899193463847352437 ) ) ;
#61 = EDGE_CURVE ( 'NONE', #6672, #6672, #4095, .T. ) ;
#62 = CARTESIAN_POINT ( 'NONE',  ( 14.22267300742532825, 14.75104786761695763, 5.365607731700827721 ) ) ;
#63 = CARTESIAN_POINT ( 'NONE',  ( 1.744307365268211951, 32.00000000000000000, 1.421228980661127794 ) ) ;
#64 = CARTESIAN_POINT ( 'NONE',  ( 11.89052879396030882, 6.933195445285811331, 6.864999999999999325 ) ) ;
#65 = CARTESIAN_POINT ( 'NONE',  ( -3.941516664322040064, 25.00000000000000000, -0.3000000000000000444 ) ) ;
#66 = FACE_BOUND ( 'NONE', #1861, .T. ) ;
#67 = VERTEX_POINT ( 'NONE', #1629 ) ;
#68 = CARTESIAN_POINT ( 'NONE',  ( 2.676604605143670608E-15, 8.039940905122495707, -14.74599999999996491 ) ) ;
#69 = CARTESIAN_POINT ( 'NONE',  ( -11.75107311511845332, 5.332832564513723561, 6.784485226280597026 ) ) ;
#70 = CARTESIAN_POINT ( 'NONE',  ( 14.90702954743871800, 6.888637119227914773, -3.994326528783088026 ) ) ;
#71 = CARTESIAN_POINT ( 'NONE',  ( 0.5974360651977713710, 31.88631336310443487, 2.215653998953373005 ) ) ;
#72 = CARTESIAN_POINT ( 'NONE',  ( -7.453514773719355446, 11.31095075426874530, -12.90986628304717598 ) ) ;
#73 = CARTESIAN_POINT ( 'NONE',  ( 1.860008636286839767, 24.27709511396606956, -4.082831766509517735 ) ) ;
#74 = ORIENTED_EDGE ( 'NONE', *, *, #7270, .T. ) ;
#75 = CARTESIAN_POINT ( 'NONE',  ( 0.3985185769034604308, 32.25000000000000000, 2.468032200734593840 ) ) ;
#76 = ORIENTED_EDGE ( 'NONE', *, *, #4930, .T. ) ;
#77 = CARTESIAN_POINT ( 'NONE',  ( 1.584592631793856565, 32.00000000000000000, -1.144594947566274890 ) ) ;
#78 = CARTESIAN_POINT ( 'NONE',  ( 1.923281625570757214, 24.25000000000000000, 4.063945513931359166 ) ) ;
#79 = FACE_OUTER_BOUND ( 'NONE', #3412, .T. ) ;
#80 = FACE_OUTER_BOUND ( 'NONE', #6828, .T. ) ;
#81 = CARTESIAN_POINT ( 'NONE',  ( 2.068839155077360381, 25.25000000000000000, 3.382133685473149409 ) ) ;
#82 = ORIENTED_EDGE ( 'NONE', *, *, #2713, .T. ) ;
#83 = CARTESIAN_POINT ( 'NONE',  ( 1.288484814619781371, 25.18981771911717615, -3.331721163702493271 ) ) ;
#84 = CARTESIAN_POINT ( 'NONE',  ( 13.47599999999996179, 8.286451523088352644, 3.610883317201822873 ) ) ;
#85 = CARTESIAN_POINT ( 'NONE',  ( 1.290218662778615188, 32.00000000000000000, 1.145655629605422332 ) ) ;
#86 = CARTESIAN_POINT ( 'NONE',  ( 3.951178791589330608, 5.502980301707499855, -14.74599999999996314 ) ) ;
#87 = CARTESIAN_POINT ( 'NONE',  ( 8.839677001274987234, 5.568125452502103556, 12.12959461161898389 ) ) ;
#88 = EDGE_LOOP ( 'NONE', ( #485, #2921, #1981, #2828 ) ) ;
#89 = ORIENTED_EDGE ( 'NONE', *, *, #4786, .T. ) ;
#90 = CARTESIAN_POINT ( 'NONE',  ( 1.027557564659551170, 32.01680792274015630, -2.279091084400169276 ) ) ;
#91 = CARTESIAN_POINT ( 'NONE',  ( 1.249999999999979572, 32.02295302177460457, -2.165063509461108371 ) ) ;
#92 = CARTESIAN_POINT ( 'NONE',  ( -14.99999999999996803, 12.50458787349666068, -1.836970198721026433E-15 ) ) ;
#93 = EDGE_CURVE ( 'NONE', #567, #4848, #2281, .T. ) ;
#94 = CARTESIAN_POINT ( 'NONE',  ( 0.000000000000000000, 25.50000000000000355, 0.000000000000000000 ) ) ;
#95 = CYLINDRICAL_SURFACE ( 'NONE', #3494, 13.50000000000000000 ) ;
#96 = DIRECTION ( 'NONE',  ( -0.09104463009115441874, 0.9832820049844601673, -0.1576939250741919707 ) ) ;
#97 = ORIENTED_EDGE ( 'NONE', *, *, #1170, .T. ) ;
#98 = CARTESIAN_POINT ( 'NONE',  ( 14.74599999999996491, 1.689940905122495618, 1.773672520132329273E-15 ) ) ;
#99 = CARTESIAN_POINT ( 'NONE',  ( 13.56897045256121714, 7.449499231180392478, 9.992825920431069351E-15 ) ) ;
#100 = CARTESIAN_POINT ( 'NONE',  ( -12.77041060420529739, 3.806607571789162314, -7.372999999999989562 ) ) ;
#101 = EDGE_CURVE ( 'NONE', #2364, #4502, #3104, .T. ) ;
#102 = B_SPLINE_CURVE_WITH_KNOTS ( 'NONE', 3,
 ( #5718, #2731, #4041, #522, #1605, #3968 ),
 .UNSPECIFIED., .F., .F.,
 ( 4, 2, 4 ),
 ( 3.730663897181825168E-18, 0.0001757429616478278550, 0.0003514859232956519695 ),
 .UNSPECIFIED. ) ;
#103 = CARTESIAN_POINT ( 'NONE',  ( -3.824185788172985934, 24.99999999999997868, -0.5500000000000000444 ) ) ;
#104 = CARTESIAN_POINT ( 'NONE',  ( -3.994326528783100461, 13.21595075426874466, 14.90702954743871622 ) ) ;
#105 = ADVANCED_FACE ( 'NONE', ( #6842 ), #6921, .T. ) ;
#106 = DIRECTION ( 'NONE',  ( 0.000000000000000000, 0.000000000000000000, -1.000000000000000000 ) ) ;
#107 = VERTEX_POINT ( 'NONE', #3323 ) ;
#108 = CARTESIAN_POINT ( 'NONE',  ( -2.496887421714786726, 32.01680792274015630, -4.592425496802573972E-16 ) ) ;
#109 = VERTEX_POINT ( 'NONE', #4509 ) ;
#110 = DIRECTION ( 'NONE',  ( 0.000000000000000000, 0.000000000000000000, -1.000000000000000000 ) ) ;
#111 = CARTESIAN_POINT ( 'NONE',  ( 4.180859082281260797, 1.372053744518440199, 6.141460349796864726 ) ) ;
#112 = ORIENTED_EDGE ( 'NONE', *, *, #4658, .F. ) ;
#113 = CARTESIAN_POINT ( 'NONE',  ( 0.000000000000000000, 24.25000000000000000, 0.000000000000000000 ) ) ;
#114 = CARTESIAN_POINT ( 'NONE',  ( 4.019237886466824783, 5.271666666666665613, 14.99999999999996980 ) ) ;
#115 = CARTESIAN_POINT ( 'NONE',  ( 1.665024920146169318, 24.23199538008350373, -4.449730802489777481 ) ) ;
#116 = FACE_OUTER_BOUND ( 'NONE', #6968, .T. ) ;
#117 = AXIS2_PLACEMENT_3D ( 'NONE', #4301, #4228, #5964 ) ;
#118 = ORIENTED_EDGE ( 'NONE', *, *, #1875, .T. ) ;
#119 = CARTESIAN_POINT ( 'NONE',  ( 2.828251775976619697, 24.39416767231361050, -3.824470014863514677 ) ) ;
#120 = CARTESIAN_POINT ( 'NONE',  ( 14.94623666666663730, 2.276528778619144155, 1.268861499135693904 ) ) ;
#121 = CARTESIAN_POINT ( 'NONE',  ( -3.610883317201822429, 11.39480301707497389, 13.47599999999996179 ) ) ;
#122 = CARTESIAN_POINT ( 'NONE',  ( -1.783544617532631271, 32.00000000000000000, 0.8000000000000000444 ) ) ;
#123 = CARTESIAN_POINT ( 'NONE',  ( 7.372999999999986009, 5.291313635040833852, -12.77041060420529917 ) ) ;
#124 = AXIS2_PLACEMENT_3D ( 'NONE', #1124, #4557, #777 ) ;
#125 = CARTESIAN_POINT ( 'NONE',  ( 13.71797781978004949, 5.988109835581012952, 6.144345789056878004 ) ) ;
#126 = ORIENTED_EDGE ( 'NONE', *, *, #5951, .F. ) ;
#127 = ORIENTED_EDGE ( 'NONE', *, *, #5071, .T. ) ;
#128 = FACE_OUTER_BOUND ( 'NONE', #2169, .T. ) ;
#129 = CARTESIAN_POINT ( 'NONE',  ( 12.77764800572651360, 13.47051892203373669, 4.820464452850475645 ) ) ;
#130 = B_SPLINE_CURVE_WITH_KNOTS ( 'NONE', 3,
 ( #4044, #6348, #4082, #4662, #2467, #5902, #3030 ),
 .UNSPECIFIED., .F., .F.,
 ( 4, 3, 4 ),
 ( 0.000000000000000000, 3.738448279951572455E-06, 7.038398537639406699E-05 ),
 .UNSPECIFIED. ) ;
#131 = CARTESIAN_POINT ( 'NONE',  ( 9.184850993605136112E-16, 11.23458787349666110, -14.99999999999996803 ) ) ;
#132 = CYLINDRICAL_SURFACE ( 'NONE', #5437, 0.2500000000000000000 ) ;
#133 = CARTESIAN_POINT ( 'NONE',  ( -3.678942412079325486, 5.874862111952478649, 13.72999999999996312 ) ) ;
#134 = AXIS2_PLACEMENT_3D ( 'NONE', #1350, #4142, #713 ) ;
#135 = AXIS2_PLACEMENT_3D ( 'NONE', #3007, #6524, #4716 ) ;
#136 = DIRECTION ( 'NONE',  ( -0.4999999999999913403, 0.000000000000000000, 0.8660254037844437036 ) ) ;
#137 = EDGE_LOOP ( 'NONE', ( #4929 ) ) ;
#138 = CARTESIAN_POINT ( 'NONE',  ( 3.951178791589331052, 2.748274238455829188, -14.74599999999996314 ) ) ;
#139 = CARTESIAN_POINT ( 'NONE',  ( -13.47599999999996712, 5.070528778619144639, -1.229236914732483852E-14 ) ) ;
#140 = MECHANICAL_DESIGN_GEOMETRIC_PRESENTATION_REPRESENTATION (  '', ( #4586 ), #5073 ) ;
#141 = CARTESIAN_POINT ( 'NONE',  ( -3.951178791589322614, 8.251607571789163487, -14.74599999999996491 ) ) ;
#142 = DIRECTION ( 'NONE',  ( -0.000000000000000000, -1.000000000000000000, -0.000000000000000000 ) ) ;
#143 = CARTESIAN_POINT ( 'NONE',  ( 1.562001501366092977E-15, 10.88761742093541152, -14.90702954743872155 ) ) ;
#144 = DIRECTION ( 'NONE',  ( -3.469446951953612611E-15, 0.1583515888048807885, -0.9873827901695320097 ) ) ;
#145 = CIRCLE ( 'NONE', #4357, 0.2500000000000000000 ) ;
#146 = ORIENTED_EDGE ( 'NONE', *, *, #4533, .F. ) ;
#147 = EDGE_CURVE ( 'NONE', #5521, #3426, #1200, .T. ) ;
#148 = CARTESIAN_POINT ( 'NONE',  ( -2.463491856380377154, 32.02262282566651663, -0.4256851812637612587 ) ) ;
#149 = ORIENTED_EDGE ( 'NONE', *, *, #565, .T. ) ;
#150 = FACE_OUTER_BOUND ( 'NONE', #4525, .T. ) ;
#151 = ADVANCED_FACE ( 'NONE', ( #4000 ), #2611, .T. ) ;
#152 = CARTESIAN_POINT ( 'NONE',  ( -1.482997761648443324, 32.00000000000000000, 0.2999999999999995448 ) ) ;
#153 = CARTESIAN_POINT ( 'NONE',  ( 7.499999999999985789, 7.176666666666665861, -12.99038105676655164 ) ) ;
#154 = ADVANCED_FACE ( 'NONE', ( #2866 ), #5186, .F. ) ;
#155 = CARTESIAN_POINT ( 'NONE',  ( 2.906979305576019801, 25.00000000000000000, 3.435035853808917405 ) ) ;
#156 = DIRECTION ( 'NONE',  ( -0.000000000000000000, -1.000000000000000000, -0.000000000000000000 ) ) ;
#157 = FACE_OUTER_BOUND ( 'NONE', #2844, .T. ) ;
#158 = EDGE_LOOP ( 'NONE', ( #7085, #1500, #6109, #1750 ) ) ;
#159 = CARTESIAN_POINT ( 'NONE',  ( 2.690472954629910873, 25.00000000000000000, 3.560035853808919626 ) ) ;
#160 = CARTESIAN_POINT ( 'NONE',  ( 0.4763139720814438260, 0.000000000000000000, 0.2749999999999955813 ) ) ;
#161 = CIRCLE ( 'NONE', #1107, 0.2499999999999998890 ) ;
#162 = CARTESIAN_POINT ( 'NONE',  ( 1.146720213405935462E-14, 3.986469683741640679, -13.47599999999996889 ) ) ;
#163 = CARTESIAN_POINT ( 'NONE',  ( 0.000000000000000000, 24.00000000000000000, 0.000000000000000000 ) ) ;
#164 = CARTESIAN_POINT ( 'NONE',  ( 13.46201803362259675, 13.85861651239225623, 2.699438916222993701 ) ) ;
#165 =( BOUNDED_SURFACE ( )  B_SPLINE_SURFACE ( 3, 2, ( 
 ( #373, #4809, #7116 ),
 ( #3746, #3143, #262 ),
 ( #923, #2658, #5464 ),
 ( #1491, #7274, #6710 ),
 ( #6062, #889, #6096 ),
 ( #304, #3822, #335 ) ),
 .UNSPECIFIED., .F., .F., .T. ) 
 B_SPLINE_SURFACE_WITH_KNOTS ( ( 4, 2, 4 ),
 ( 3, 3 ),
 ( 0.0004999288450773019341, 0.0008469399829585871420, 0.001193951120839872350 ),
 ( 0.000000000000000000, 1.000000000000000000 ),
 .UNSPECIFIED. ) 
 GEOMETRIC_REPRESENTATION_ITEM ( )  RATIONAL_B_SPLINE_SURFACE ( (
 ( 1.000000000000000000, 0.7519653661432156300, 1.000000000000000000),
 ( 1.000000000000000000, 0.7497400716364402973, 1.000000000000000000),
 ( 1.000000000000000000, 0.7430369973152871621, 1.000000000000000000),
 ( 1.000000000000000000, 0.7259914010717646304, 1.000000000000000000),
 ( 1.000000000000000000, 0.7160492516770885496, 1.000000000000000000),
 ( 1.000000000000000000, 0.7071067811864391039, 1.000000000000000000) ) ) 
 REPRESENTATION_ITEM ( '' )  SURFACE ( )  );
#166 = CARTESIAN_POINT ( 'NONE',  ( 2.425270802495349542, 7.469583131480278304, -14.80426748762968892 ) ) ;
#167 = EDGE_LOOP ( 'NONE', ( #3950, #3325, #45, #6205 ) ) ;
#168 = DIRECTION ( 'NONE',  ( 1.000000000000000000, 0.000000000000000000, -0.000000000000000000 ) ) ;
#169 = CARTESIAN_POINT ( 'NONE',  ( -11.67055834139906167, 5.720725761544184884, -6.737999999999999545 ) ) ;
#170 = CYLINDRICAL_SURFACE ( 'NONE', #1210, 0.2500000000000004441 ) ;
#171 = ADVANCED_FACE ( 'NONE', ( #1913 ), #6526, .F. ) ;
#172 = CARTESIAN_POINT ( 'NONE',  ( -1.482997761648446211, 32.00000000000000000, 0.3000000000000000444 ) ) ;
#173 = CARTESIAN_POINT ( 'NONE',  ( 2.168929673645900280, 25.41533853840699564, -3.010184034804076258 ) ) ;
#174 = LINE ( 'NONE', #3775, #2747 ) ;
#175 = ORIENTED_EDGE ( 'NONE', *, *, #6696, .F. ) ;
#176 = CARTESIAN_POINT ( 'NONE',  ( -4.482468775166353279E-15, 10.57994090512249485, 14.74599999999996491 ) ) ;
#177 = CARTESIAN_POINT ( 'NONE',  ( -1.311753616059032242E-14, 6.340528778619144212, 13.47599999999996712 ) ) ;
#178 = CARTESIAN_POINT ( 'NONE',  ( -14.74599999999996847, 9.521607571789163060, 3.951178791589316841 ) ) ;
#179 = DIRECTION ( 'NONE',  ( 0.000000000000000000, 1.000000000000000000, 0.000000000000000000 ) ) ;
#180 = CARTESIAN_POINT ( 'NONE',  ( -4.019237886466843435, 8.482921206829992400, 14.99999999999996270 ) ) ;
#181 = CARTESIAN_POINT ( 'NONE',  ( 1.967745819256096818, 24.29464569419235431, -4.325201749830786646 ) ) ;
#182 = EDGE_LOOP ( 'NONE', ( #2275, #1971, #5408, #7297 ) ) ;
#183 = CARTESIAN_POINT ( 'NONE',  ( -4.739432689913659402, 25.50000000000000355, -0.3166666666666667074 ) ) ;
#184 = ORIENTED_EDGE ( 'NONE', *, *, #3754, .T. ) ;
#185 = CARTESIAN_POINT ( 'NONE',  ( 0.000000000000000000, 30.50000000000000000, 5.500000000000000000 ) ) ;
#186 = DIRECTION ( 'NONE',  ( 0.4999999999999920619, 0.000000000000000000, -0.8660254037844432595 ) ) ;
#187 = DIRECTION ( 'NONE',  ( 0.000000000000000000, 0.1583515888048807885, -0.9873827901695320097 ) ) ;
#188 = CARTESIAN_POINT ( 'NONE',  ( 7.499999999999985789, 2.096666666666665790, -12.99038105676655164 ) ) ;
#189 = CARTESIAN_POINT ( 'NONE',  ( -7.372999999999978016, 3.383274238455829419, -12.77041060420530449 ) ) ;
#190 = CARTESIAN_POINT ( 'NONE',  ( 14.99999999999996803, 3.418118189755022129, 0.000000000000000000 ) ) ;
#191 = EDGE_CURVE ( 'NONE', #1348, #2074, #3241, .T. ) ;
#192 = B_SPLINE_CURVE_WITH_KNOTS ( 'NONE', 3,
 ( #4313, #5457, #950, #1966, #6665, #2541 ),
 .UNSPECIFIED., .F., .F.,
 ( 4, 2, 4 ),
 ( 0.000000000000000000, 0.0003518349666765789325, 0.0007036699333531578650 ),
 .UNSPECIFIED. ) ;
#193 = CARTESIAN_POINT ( 'NONE',  ( 13.47599999999997245, 8.709784856421688204, -3.610883317201789566 ) ) ;
#194 = ORIENTED_EDGE ( 'NONE', *, *, #6259, .T. ) ;
#195 = CARTESIAN_POINT ( 'NONE',  ( 2.504802053199661760, 24.25000000000000000, -3.738444419044739231 ) ) ;
#196 = CARTESIAN_POINT ( 'NONE',  ( 14.94623666666663730, 3.858059094877517303, 1.268861499135693904 ) ) ;
#197 = CARTESIAN_POINT ( 'NONE',  ( 2.199371847313152273, 25.40973880238915328, 2.709423784282966707 ) ) ;
#198 = CARTESIAN_POINT ( 'NONE',  ( 0.9963109775927335710, 32.00000017303572974, -2.297281982157623581 ) ) ;
#199 = CARTESIAN_POINT ( 'NONE',  ( 3.351313972081464865, 25.25000000000000000, 4.704646071760509862 ) ) ;
#200 = CARTESIAN_POINT ( 'NONE',  ( 1.881870919018167720, 7.499222293017474783, -14.88149039482015823 ) ) ;
#201 = ORIENTED_EDGE ( 'NONE', *, *, #967, .F. ) ;
#202 =( BOUNDED_SURFACE ( )  B_SPLINE_SURFACE ( 3, 2, ( 
 ( #5835, #6898, #2393 ),
 ( #4172, #2358, #3446 ),
 ( #745, #5760, #7046 ),
 ( #4048, #44, #3591 ),
 ( #2880, #2996, #5306 ),
 ( #77, #3555, #1753 ) ),
 .UNSPECIFIED., .F., .F., .T. ) 
 B_SPLINE_SURFACE_WITH_KNOTS ( ( 4, 2, 4 ),
 ( 3, 3 ),
 ( 3.141592653589793116, 3.926990816987241395, 4.712388980384689674 ),
 ( 0.000000000000000000, 1.000000000000000000 ),
 .UNSPECIFIED. ) 
 GEOMETRIC_REPRESENTATION_ITEM ( )  RATIONAL_B_SPLINE_SURFACE ( (
 ( 1.000000000000000000, 0.7687942703292981461, 1.000000000000000000),
 ( 1.000000000000000000, 0.7688833480577333956, 1.000000000000000000),
 ( 1.000000000000000000, 0.7624685499305910996, 1.000000000000000000),
 ( 1.000000000000000000, 0.7400337300384872696, 1.000000000000000000),
 ( 1.000000000000000000, 0.7240319495158323848, 1.000000000000000000),
 ( 1.000000000000000000, 0.7071067811865477948, 1.000000000000000000) ) ) 
 REPRESENTATION_ITEM ( '' )  SURFACE ( )  );
#203 = CARTESIAN_POINT ( 'NONE',  ( 0.000000000000000000, 24.00000000000000000, 0.000000000000000000 ) ) ;
#204 = CARTESIAN_POINT ( 'NONE',  ( -1.311753616059032400E-14, 12.30811818975502270, 13.47599999999996889 ) ) ;
#205 = ORIENTED_EDGE ( 'NONE', *, *, #4168, .T. ) ;
#206 = CARTESIAN_POINT ( 'NONE',  ( 2.828325275186388321, 25.10564026390050785, -3.824427228701515968 ) ) ;
#207 = FACE_OUTER_BOUND ( 'NONE', #6229, .T. ) ;
#208 = CARTESIAN_POINT ( 'NONE',  ( -13.72999999999996668, 9.684862111952478259, -3.678942412079319269 ) ) ;
#209 = CARTESIAN_POINT ( 'NONE',  ( 14.99999999999996625, 1.251384054776250476, -0.02628115934010331889 ) ) ;
#210 = ORIENTED_EDGE ( 'NONE', *, *, #2177, .F. ) ;
#211 = CARTESIAN_POINT ( 'NONE',  ( -4.685388217961982349, 24.23833997306491028, 0.7869602491623043372 ) ) ;
#212 = CARTESIAN_POINT ( 'NONE',  ( -3.610883317201822429, 11.20886211195247739, 13.47599999999996534 ) ) ;
#213 = FACE_OUTER_BOUND ( 'NONE', #4227, .T. ) ;
#214 = CARTESIAN_POINT ( 'NONE',  ( 9.184850993605136112E-16, 6.154587873496662809, -14.99999999999996803 ) ) ;
#215 = CARTESIAN_POINT ( 'NONE',  ( 13.72999999999996312, 8.726392428210852259, 3.678942412079326818 ) ) ;
#216 = ORIENTED_EDGE ( 'NONE', *, *, #1559, .F. ) ;
#217 = DIRECTION ( 'NONE',  ( 0.000000000000000000, 0.000000000000000000, 1.000000000000000000 ) ) ;
#218 = VERTEX_POINT ( 'NONE', #1772 ) ;
#219 = DIRECTION ( 'NONE',  ( -0.8660254037844413721, 0.4999999999999952816, 6.047423072554940022E-15 ) ) ;
#220 = CARTESIAN_POINT ( 'NONE',  ( 1.802772412050896778, 25.25000000000000000, -3.523093834060056828 ) ) ;
#221 = CARTESIAN_POINT ( 'NONE',  ( -1.329846300186212416, 32.00000000000000000, 0.5609933900481010038 ) ) ;
#222 = CARTESIAN_POINT ( 'NONE',  ( 10.98076211353313525, 1.884999999999999121, -10.98076211353313525 ) ) ;
#223 = CARTESIAN_POINT ( 'NONE',  ( 7.372999999999971799, 11.00327423845582864, 12.77041060420530982 ) ) ;
#224 = CARTESIAN_POINT ( 'NONE',  ( 14.23799999999996935, 4.151353031625842682, 5.321017560396932993E-15 ) ) ;
#225 = DIRECTION ( 'NONE',  ( 0.000000000000000000, 0.000000000000000000, 1.000000000000000000 ) ) ;
#226 = CARTESIAN_POINT ( 'NONE',  ( 14.70723116507107342, 12.27708631988770982, 2.949127398966301161 ) ) ;
#227 = ORIENTED_EDGE ( 'NONE', *, *, #2596, .T. ) ;
#228 = FACE_OUTER_BOUND ( 'NONE', #7154, .T. ) ;
#229 = DIRECTION ( 'NONE',  ( 0.000000000000000000, 0.000000000000000000, 1.000000000000000000 ) ) ;
#230 = CARTESIAN_POINT ( 'NONE',  ( 1.980378361656302433, 25.25000000000000355, 3.195408165231321540 ) ) ;
#231 = LINE ( 'NONE', #2450, #1923 ) ;
#232 = ADVANCED_FACE ( 'NONE', ( #6382 ), #1469, .T. ) ;
#233 = DIRECTION ( 'NONE',  ( 0.000000000000000000, 0.000000000000000000, 1.000000000000000000 ) ) ;
#234 = AXIS2_PLACEMENT_3D ( 'NONE', #5740, #168, #3427 ) ;
#235 = ADVANCED_FACE ( 'NONE', ( #2024 ), #6957, .F. ) ;
#236 = CARTESIAN_POINT ( 'NONE',  ( -14.65368293772770159, 8.696192016165666061, -3.210804724665544008 ) ) ;
#237 = ORIENTED_EDGE ( 'NONE', *, *, #1103, .F. ) ;
#238 = DIRECTION ( 'NONE',  ( 0.000000000000000000, 0.000000000000000000, 1.000000000000000000 ) ) ;
#239 = CARTESIAN_POINT ( 'NONE',  ( 11.67055834139905990, 8.260725761544184920, 6.737999999999999545 ) ) ;
#240 = EDGE_CURVE ( 'NONE', #4888, #4888, #5905, .T. ) ;
#241 = CARTESIAN_POINT ( 'NONE',  ( 12.77041060420530449, 9.947980301707501027, -7.372999999999980680 ) ) ;
#242 = DIRECTION ( 'NONE',  ( 0.000000000000000000, 0.000000000000000000, -1.000000000000000000 ) ) ;
#243 = ADVANCED_FACE ( 'NONE', ( #2344 ), #3051, .T. ) ;
#244 = CARTESIAN_POINT ( 'NONE',  ( 0.6957815991271927292, 31.90325221640958731, 2.408029211611613096 ) ) ;
#245 = AXIS2_PLACEMENT_3D ( 'NONE', #7009, #1827, #1263 ) ;
#246 = CARTESIAN_POINT ( 'NONE',  ( 13.01848669279666737, 12.14298877273943944, 4.911319610416798653 ) ) ;
#247 = AXIS2_PLACEMENT_3D ( 'NONE', #4405, #4442, #1979 ) ;
#248 =( BOUNDED_SURFACE ( )  B_SPLINE_SURFACE ( 3, 2, ( 
 ( #6562, #3264, #7202, #3115, #2059, #518, #275, #4822, #386, #3717, #4860, #7128, #6601, #5993, #3188, #4334, #1501, #7166, #2593, #2558, #863, #3154, #6683, #5472, #3796, #313, #6105, #6642, #2669, #3759, #1464, #6072, #898, #930, #3223, #4978, #7283, #2095, #5119, #2914, #5789, #5227, #5826, #2838, #4006, #6313, #3964, #6999, #1818 ),
 ( #1252, #6386, #659, #4039, #2870, #2948, #1110, #3514, #5260, #2308, #5191, #1215, #4585, #1669, #69, #2350, #2383, #6277, #7411, #4121, #3402, #31, #4656, #1142, #99, #4548, #5715, #6426, #4690, #6961, #6926, #623, #5152, #550, #1776, #3436, #3545, #7445, #5751, #2231, #585, #6343, #4075, #2266, #1743, #5859, #2804, #1174, #6848 ),
 ( #6887, #3473, #1710, #4732, #5455, #295, #5297, #7070, #3024, #2539, #3661, #6542, #139, #7038, #7185, #5974, #2001, #252, #177, #1891, #4312, #5338, #2423, #4881, #4278, #3095, #1854, #2573, #3062, #4163, #1366, #1438, #6465, #6620, #1399, #4766, #735, #3737, #2463, #694, #805, #212, #4842, #4196, #5939, #1286, #2984, #3580, #5411 ),
 ( #6498, #5895, #1325, #3628, #769, #5375, #2497, #4800, #7107, #1930, #7146, #4240, #1965, #6580, #3697, #6010, #841, #3135, #1625, #5030, #6054, #362, #2146, #949, #4359, #3886, #4915, #5489, #328, #2688, #4954, #7220, #3240, #4464, #6197, #2610, #2644, #3282, #3317, #2752, #1551, #5562, #404, #5598, #3202, #7264, #5629, #4996, #2037 ) ),
 .UNSPECIFIED., .F., .F., .T. ) 
 B_SPLINE_SURFACE_WITH_KNOTS ( ( 4, 4 ),
 ( 3, 2, 2, 2, 2, 2, 2, 2, 2, 2, 2, 2, 2, 2, 2, 2, 2, 2, 2, 2, 2, 2, 2, 2, 3 ),
 ( 0.000000000000000000, 1.000000000000000000 ),
 ( 0.000000000000000000, 0.04166666666666666435, 0.08333333333333332871, 0.1250000000000000000, 0.1666666666666666574, 0.2083333333333333426, 0.2500000000000000000, 0.2916666666666666852, 0.3333333333333333148, 0.3750000000000000000, 0.4166666666666666852, 0.4583333333333333148, 0.5000000000000000000, 0.5416666666666666297, 0.5833333333333333703, 0.6250000000000000000, 0.6666666666666666297, 0.7083333333333333703, 0.7500000000000000000, 0.7916666666666666297, 0.8333333333333333703, 0.8750000000000000000, 0.9166666666666666297, 0.9583333333333333703, 0.9842244204149968034 ),
 .UNSPECIFIED. ) 
 GEOMETRIC_REPRESENTATION_ITEM ( )  RATIONAL_B_SPLINE_SURFACE ( (
 ( 1.000000000000000000, 0.9659258262890683122, 1.000000000000000000, 0.9659258262890683122, 1.000000000000000000, 0.9659258262890683122, 1.000000000000000000, 0.9659258262890683122, 1.000000000000000000, 0.9659258262890683122, 1.000000000000000000, 0.9659258262890683122, 1.000000000000000000, 0.9659258262890683122, 1.000000000000000000, 0.9659258262890683122, 1.000000000000000000, 0.9659258262890683122, 1.000000000000000000, 0.9659258262890683122, 1.000000000000000000, 0.9659258262890683122, 1.000000000000000000, 0.9659258262890683122, 1.000000000000000000, 0.9659258262890683122, 1.000000000000000000, 0.9659258262890683122, 1.000000000000000000, 0.9659258262890683122, 1.000000000000000000, 0.9659258262890683122, 1.000000000000000000, 0.9659258262890683122, 1.000000000000000000, 0.9659258262890683122, 1.000000000000000000, 0.9659258262890683122, 1.000000000000000000, 0.9659258262890683122, 1.000000000000000000, 0.9659258262890683122, 1.000000000000000000, 0.9659258262890683122, 1.000000000000000000, 0.9659258262890683122, 1.000000000000000000, 0.9788267824291490005, 0.9839670506147417672),
 ( 0.9106836025229581022, 0.8796528112548938072, 0.9106836025229581022, 0.8796528112548938072, 0.9106836025229581022, 0.8796528112548938072, 0.9106836025229581022, 0.8796528112548938072, 0.9106836025229581022, 0.8796528112548938072, 0.9106836025229581022, 0.8796528112548938072, 0.9106836025229581022, 0.8796528112548938072, 0.9106836025229581022, 0.8796528112548938072, 0.9106836025229581022, 0.8796528112548938072, 0.9106836025229581022, 0.8796528112548938072, 0.9106836025229581022, 0.8796528112548938072, 0.9106836025229581022, 0.8796528112548938072, 0.9106836025229581022, 0.8796528112548938072, 0.9106836025229581022, 0.8796528112548938072, 0.9106836025229581022, 0.8796528112548938072, 0.9106836025229581022, 0.8796528112548938072, 0.9106836025229581022, 0.8796528112548938072, 0.9106836025229581022, 0.8796528112548938072, 0.9106836025229581022, 0.8796528112548938072, 0.9106836025229581022, 0.8796528112548938072, 0.9106836025229581022, 0.8796528112548938072, 0.9106836025229581022, 0.8796528112548938072, 0.9106836025229581022, 0.8796528112548938072, 0.9106836025229581022, 0.8914015004685331700, 0.8960826584177228327),
 ( 0.9106836025229581022, 0.8796528112548938072, 0.9106836025229581022, 0.8796528112548938072, 0.9106836025229581022, 0.8796528112548938072, 0.9106836025229581022, 0.8796528112548938072, 0.9106836025229581022, 0.8796528112548938072, 0.9106836025229581022, 0.8796528112548938072, 0.9106836025229581022, 0.8796528112548938072, 0.9106836025229581022, 0.8796528112548938072, 0.9106836025229581022, 0.8796528112548938072, 0.9106836025229581022, 0.8796528112548938072, 0.9106836025229581022, 0.8796528112548938072, 0.9106836025229581022, 0.8796528112548938072, 0.9106836025229581022, 0.8796528112548938072, 0.9106836025229581022, 0.8796528112548938072, 0.9106836025229581022, 0.8796528112548938072, 0.9106836025229581022, 0.8796528112548938072, 0.9106836025229581022, 0.8796528112548938072, 0.9106836025229581022, 0.8796528112548938072, 0.9106836025229581022, 0.8796528112548938072, 0.9106836025229581022, 0.8796528112548938072, 0.9106836025229581022, 0.8796528112548938072, 0.9106836025229581022, 0.8796528112548938072, 0.9106836025229581022, 0.8796528112548938072, 0.9106836025229581022, 0.8914015004685331700, 0.8960826584177228327),
 ( 1.000000000000000000, 0.9659258262890683122, 1.000000000000000000, 0.9659258262890683122, 1.000000000000000000, 0.9659258262890683122, 1.000000000000000000, 0.9659258262890683122, 1.000000000000000000, 0.9659258262890683122, 1.000000000000000000, 0.9659258262890683122, 1.000000000000000000, 0.9659258262890683122, 1.000000000000000000, 0.9659258262890683122, 1.000000000000000000, 0.9659258262890683122, 1.000000000000000000, 0.9659258262890683122, 1.000000000000000000, 0.9659258262890683122, 1.000000000000000000, 0.9659258262890683122, 1.000000000000000000, 0.9659258262890683122, 1.000000000000000000, 0.9659258262890683122, 1.000000000000000000, 0.9659258262890683122, 1.000000000000000000, 0.9659258262890683122, 1.000000000000000000, 0.9659258262890683122, 1.000000000000000000, 0.9659258262890683122, 1.000000000000000000, 0.9659258262890683122, 1.000000000000000000, 0.9659258262890683122, 1.000000000000000000, 0.9659258262890683122, 1.000000000000000000, 0.9659258262890683122, 1.000000000000000000, 0.9659258262890683122, 1.000000000000000000, 0.9788267824291490005, 0.9839670506147417672) ) ) 
 REPRESENTATION_ITEM ( '' )  SURFACE ( )  );
#249 = CARTESIAN_POINT ( 'NONE',  ( 1.378723206687465286, 25.04098002785078592, 3.488018643556942244 ) ) ;
#250 = ORIENTED_EDGE ( 'NONE', *, *, #5830, .F. ) ;
#251 = CARTESIAN_POINT ( 'NONE',  ( 0.3809769581408050110, 31.76195118383341054, -1.759871448012949369 ) ) ;
#252 = CARTESIAN_POINT ( 'NONE',  ( -3.610883317201822429, 6.128862111952478209, 13.47599999999996534 ) ) ;
#253 = VECTOR ( 'NONE', #5701, 1000.000000000000000 ) ;
#254 = CARTESIAN_POINT ( 'NONE',  ( 1.887450347125650518, 24.99999999999999645, -4.369159897985227303 ) ) ;
#255 = CARTESIAN_POINT ( 'NONE',  ( 7.499999999999987566, 10.62531363504083437, -12.99038105676655164 ) ) ;
#256 = CARTESIAN_POINT ( 'NONE',  ( -11.89052879396031059, 11.05472576154418540, -6.864999999999997549 ) ) ;
#257 = ORIENTED_EDGE ( 'NONE', *, *, #2648, .F. ) ;
#258 = AXIS2_PLACEMENT_3D ( 'NONE', #5877, #788, #3046 ) ;
#259 = CARTESIAN_POINT ( 'NONE',  ( -1.783544617532631271, 31.75000000000000000, 0.8000000000000000444 ) ) ;
#260 = VERTEX_POINT ( 'NONE', #4265 ) ;
#261 = CARTESIAN_POINT ( 'NONE',  ( -3.689554278213681204, 25.45487408547744224, -0.3346996536687812940 ) ) ;
#262 = CARTESIAN_POINT ( 'NONE',  ( 1.257374287466043183, 25.29493110256052901, -3.277836150021965711 ) ) ;
#263 = CARTESIAN_POINT ( 'NONE',  ( -1.275043498623846139, 32.00000000000000000, 0.4312673116700896370 ) ) ;
#264 = CARTESIAN_POINT ( 'NONE',  ( -14.74599999999996491, 9.309940905122495280, -3.579536690155008394E-15 ) ) ;
#265 = CIRCLE ( 'NONE', #2284, 14.99999999999996803 ) ;
#266 = CARTESIAN_POINT ( 'NONE',  ( -1.714581860444604144, 31.76195118383341054, -0.5500000000000001554 ) ) ;
#267 = AXIS2_PLACEMENT_3D ( 'NONE', #617, #2378, #1814 ) ;
#268 = ADVANCED_FACE ( 'NONE', ( #3721 ), #842, .T. ) ;
#269 = FACE_OUTER_BOUND ( 'NONE', #6326, .T. ) ;
#270 = EDGE_CURVE ( 'NONE', #1498, #6949, #1045, .T. ) ;
#271 = ORIENTED_EDGE ( 'NONE', *, *, #3184, .T. ) ;
#272 = VECTOR ( 'NONE', #5502, 1000.000000000000000 ) ;
#273 = CARTESIAN_POINT ( 'NONE',  ( 0.000000000000000000, 14.50000000000000000, 0.000000000000000000 ) ) ;
#274 = CARTESIAN_POINT ( 'NONE',  ( 1.605857473938750335, 24.50000000000000000, 4.470315623464975907 ) ) ;
#275 = CARTESIAN_POINT ( 'NONE',  ( 9.709082628276198412E-15, 3.546528778619145061, -13.72999999999997200 ) ) ;
#276 = CARTESIAN_POINT ( 'NONE',  ( 2.906979305575971839, 0.000000000000000000, -3.435035853808957818 ) ) ;
#277 = CARTESIAN_POINT ( 'NONE',  ( 2.206490744790885916, 25.25000000000000000, -3.209059329980481046 ) ) ;
#278 = CARTESIAN_POINT ( 'NONE',  ( 7.372999999999971799, 8.677980301707501454, 12.77041060420530982 ) ) ;
#279 = CONICAL_SURFACE ( 'NONE', #4108, 1.270000081174941009, 1.047197368514947602 ) ;
#280 = CARTESIAN_POINT ( 'NONE',  ( -2.247327230195157899, 31.81249996413568226, 0.5559671407386430619 ) ) ;
#281 = CARTESIAN_POINT ( 'NONE',  ( -14.69536352736380813, 8.707059926096375690, -3.014486383803239189 ) ) ;
#282 = EDGE_LOOP ( 'NONE', ( #538, #3960, #5586, #6087 ) ) ;
#283 = CARTESIAN_POINT ( 'NONE',  ( 1.032330393046445582, 31.97751036993874152, -2.284828496565874278 ) ) ;
#284 = CARTESIAN_POINT ( 'NONE',  ( -9.865116682798158010, 5.509059094877517104, -9.865116682798173997 ) ) ;
#285 = CARTESIAN_POINT ( 'NONE',  ( -7.372999999999978016, 11.21798030170750238, -12.77041060420530449 ) ) ;
#286 = CARTESIAN_POINT ( 'NONE',  ( 2.869987607454000500, 25.44580976210153977, -3.786203945885512567 ) ) ;
#287 = CARTESIAN_POINT ( 'NONE',  ( 1.249999999999979794, 32.02295302177460457, -2.165063509461108371 ) ) ;
#288 = CARTESIAN_POINT ( 'NONE',  ( 2.690472954629861135, 24.50000000000000000, -3.560035853808956041 ) ) ;
#289 = EDGE_CURVE ( 'NONE', #5857, #4965, #1389, .T. ) ;
#290 = B_SPLINE_CURVE_WITH_KNOTS ( 'NONE', 3,
 ( #1635, #3929, #4970, #2124 ),
 .UNSPECIFIED., .F., .F.,
 ( 4, 4 ),
 ( 0.000000000000000000, 0.0004232331898996609561 ),
 .UNSPECIFIED. ) ;
#291 = DIRECTION ( 'NONE',  ( -0.09104463009115436323, 0.9832820049844601673, -0.1576939250741919152 ) ) ;
#292 = VERTEX_POINT ( 'NONE', #2780 ) ;
#293 = B_SPLINE_CURVE_WITH_KNOTS ( 'NONE', 3,
 ( #1768, #1844, #2411, #1204, #6302, #5885, #575 ),
 .UNSPECIFIED., .F., .F.,
 ( 4, 3, 4 ),
 ( 0.000000000000000000, 6.534857497905992730E-05, 6.997675243390803572E-05 ),
 .UNSPECIFIED. ) ;
#294 = CARTESIAN_POINT ( 'NONE',  ( 0.1322024110593472968, 32.00000000000000000, -1.828981292338763609 ) ) ;
#295 = CARTESIAN_POINT ( 'NONE',  ( 3.610883317201814435, 3.588862111952477729, -13.47599999999996712 ) ) ;
#296 = PLANE ( 'NONE',  #4712 ) ;
#297 = CARTESIAN_POINT ( 'NONE',  ( -12.99038105676654986, 7.001254540163329487, -7.499999999999989342 ) ) ;
#298 = B_SPLINE_CURVE_WITH_KNOTS ( 'NONE', 3,
 ( #3337, #3300, #2883, #2279 ),
 .UNSPECIFIED., .F., .F.,
 ( 4, 4 ),
 ( 0.000000000000000000, 0.0003334735000880479955 ),
 .UNSPECIFIED. ) ;
#299 = CARTESIAN_POINT ( 'NONE',  ( -13.72999999999996668, 6.186392428210850447, -3.678942412079319269 ) ) ;
#300 = ORIENTED_EDGE ( 'NONE', *, *, #826, .T. ) ;
#301 = DIRECTION ( 'NONE',  ( 0.000000000000000000, 0.000000000000000000, 1.000000000000000000 ) ) ;
#302 = ORIENTED_EDGE ( 'NONE', *, *, #7153, .F. ) ;
#303 = FACE_OUTER_BOUND ( 'NONE', #370, .T. ) ;
#304 = CARTESIAN_POINT ( 'NONE',  ( 1.710950711026061777, 25.24999999998928857, -3.563453560743161663 ) ) ;
#305 = CARTESIAN_POINT ( 'NONE',  ( -1.783544617532629717, 31.75000000000000711, 0.5500000000000000444 ) ) ;
#306 = CARTESIAN_POINT ( 'NONE',  ( -10.79482120841063697, 8.674940905122493717, -10.79482120841064230 ) ) ;
#307 = CARTESIAN_POINT ( 'NONE',  ( 1.545998400347345481, 31.79513059880542514, -2.012295865942957729 ) ) ;
#308 = DIRECTION ( 'NONE',  ( -0.5000000000000058842, -0.000000000000000000, -0.8660254037844354880 ) ) ;
#309 = CARTESIAN_POINT ( 'NONE',  ( 1.755239452612959550, 25.41533853840699919, 3.292381403493969572 ) ) ;
#310 = VERTEX_POINT ( 'NONE', #3834 ) ;
#311 = CARTESIAN_POINT ( 'NONE',  ( 0.000000000000000000, 30.50000000000000000, 0.000000000000000000 ) ) ;
#312 = CYLINDRICAL_SURFACE ( 'NONE', #492, 0.2500000000000002220 ) ;
#313 = CARTESIAN_POINT ( 'NONE',  ( 13.72999999999997200, 7.568195445285811118, -3.678942412079297952 ) ) ;
#314 = DIRECTION ( 'NONE',  ( 0.000000000000000000, 0.000000000000000000, -1.000000000000000000 ) ) ;
#315 = CARTESIAN_POINT ( 'NONE',  ( -4.481238330850582763, 24.25000000000000000, -0.3654829684898293629 ) ) ;
#316 = CARTESIAN_POINT ( 'NONE',  ( -0.007510819574212602989, 7.600395576512317675, -14.99999842934420258 ) ) ;
#317 = ORIENTED_EDGE ( 'NONE', *, *, #689, .F. ) ;
#318 = CARTESIAN_POINT ( 'NONE',  ( 0.000000000000000000, 0.000000000000000000, 0.000000000000000000 ) ) ;
#319 = CARTESIAN_POINT ( 'NONE',  ( 3.678942412079318824, 4.916392428210849985, -13.72999999999996668 ) ) ;
#320 = CARTESIAN_POINT ( 'NONE',  ( -12.77041060420530627, 7.407980301707500992, 7.372999999999977128 ) ) ;
#321 = CARTESIAN_POINT ( 'NONE',  ( 1.664986631322584731, 24.23215088201724399, 4.449740317994901773 ) ) ;
#322 = CARTESIAN_POINT ( 'NONE',  ( 0.9168877568771770514, 31.97766877619272918, 2.330189261802807277 ) ) ;
#323 = CARTESIAN_POINT ( 'NONE',  ( -10.05105758792067583, 10.53152877861914583, 10.05105758792064918 ) ) ;
#324 = CARTESIAN_POINT ( 'NONE',  ( -2.476446974785523558, 31.97766877619272918, -0.3710465410268550257 ) ) ;
#325 = VERTEX_POINT ( 'NONE', #975 ) ;
#326 = EDGE_CURVE ( 'NONE', #4721, #1573, #6444, .T. ) ;
#327 = CARTESIAN_POINT ( 'NONE',  ( -4.727528637842965509, 24.45016387175601480, 0.5499999933497370375 ) ) ;
#328 = CARTESIAN_POINT ( 'NONE',  ( 6.737999999999995993, 8.643136350408306967, -11.67055834139906345 ) ) ;
#329 = DIRECTION ( 'NONE',  ( 0.1820892601823171919, 0.9832820049844585020, -0.000000000000000000 ) ) ;
#330 = CARTESIAN_POINT ( 'NONE',  ( 14.99999999999996270, 9.566980301707499024, 4.019237886466843435 ) ) ;
#331 = CARTESIAN_POINT ( 'NONE',  ( 1.878484113480349826, 32.24999998118632050, -1.652334956063512772 ) ) ;
#332 = LINE ( 'NONE', #369, #1691 ) ;
#333 = ORIENTED_EDGE ( 'NONE', *, *, #4478, .T. ) ;
#334 = FACE_OUTER_BOUND ( 'NONE', #182, .T. ) ;
#335 = CARTESIAN_POINT ( 'NONE',  ( 1.494444360080222411, 24.99999999998928857, -3.688453560743776283 ) ) ;
#336 = EDGE_CURVE ( 'NONE', #6755, #1203, #3488, .T. ) ;
#337 = DIRECTION ( 'NONE',  ( 0.000000000000000000, 1.000000000000000000, 0.000000000000000000 ) ) ;
#338 = ADVANCED_FACE ( 'NONE', ( #1724 ), #2077, .T. ) ;
#339 = CARTESIAN_POINT ( 'NONE',  ( -10.05105758792065274, 4.181528778619145292, -10.05105758792067050 ) ) ;
#340 = LINE ( 'NONE', #2698, #5916 ) ;
#341 = EDGE_CURVE ( 'NONE', #5391, #1516, #964, .T. ) ;
#342 = CARTESIAN_POINT ( 'NONE',  ( -3.126137210125222055, 24.25000000000000000, -0.3000000000000000444 ) ) ;
#343 = ORIENTED_EDGE ( 'NONE', *, *, #3906, .T. ) ;
#344 = CARTESIAN_POINT ( 'NONE',  ( 1.985186810929052026, 25.50000000000000355, 4.038444419044706635 ) ) ;
#345 = EDGE_LOOP ( 'NONE', ( #4004 ) ) ;
#346 = CARTESIAN_POINT ( 'NONE',  ( 1.887450352599176373, 25.04983612824402073, 4.369159894164872604 ) ) ;
#347 = CARTESIAN_POINT ( 'NONE',  ( 11.67055834139905990, 7.373136350408307393, 6.738000000000000433 ) ) ;
#348 = CARTESIAN_POINT ( 'NONE',  ( 2.148742442530179986, 25.34430790962909441, -3.069836417793679662 ) ) ;
#349 = CARTESIAN_POINT ( 'NONE',  ( 7.714669313251682148, 10.57615338727219445, 12.86520553875523021 ) ) ;
#350 = ORIENTED_EDGE ( 'NONE', *, *, #5278, .F. ) ;
#351 = CARTESIAN_POINT ( 'NONE',  ( 0.000000000000000000, 24.27859547920892780, 0.000000000000000000 ) ) ;
#352 = CARTESIAN_POINT ( 'NONE',  ( 3.635794674885556077, 9.903421975649603581, -13.56897045256121181 ) ) ;
#353 = CARTESIAN_POINT ( 'NONE',  ( -7.372999999999991338, 12.91131363504083396, 12.77041060420529739 ) ) ;
#354 = CARTESIAN_POINT ( 'NONE',  ( -7.372999999999991338, 10.15660757178916285, 12.77041060420529739 ) ) ;
#355 = CARTESIAN_POINT ( 'NONE',  ( 1.374668242719959466, 32.02295302174383806, -2.093086265967332160 ) ) ;
#356 = CARTESIAN_POINT ( 'NONE',  ( -2.499999996764112442, 32.00000000000109424, 0.1439436182881657922 ) ) ;
#357 =( BOUNDED_CURVE ( )  B_SPLINE_CURVE ( 3, ( #2884, #6938, #5839, #5871 ),
 .UNSPECIFIED., .F., .T. ) 
 B_SPLINE_CURVE_WITH_KNOTS ( ( 4, 4 ),
 ( 0.000000000000000000, 1.570796326794898334 ),
 .UNSPECIFIED. ) 
 CURVE ( )  GEOMETRIC_REPRESENTATION_ITEM ( )  RATIONAL_B_SPLINE_CURVE ( ( 1.000000000000000000, 0.8047378541243646044, 0.8047378541243646044, 1.000000000000000000 ) ) 
 REPRESENTATION_ITEM ( '' )  );
#358 = TOROIDAL_SURFACE ( 'NONE', #4558, 1.016000000000003123, 0.5079999999999941229 ) ;
#359 = CARTESIAN_POINT ( 'NONE',  ( -8.726396397595177490, 3.021697542631474498, -12.23847700541242389 ) ) ;
#360 = ORIENTED_EDGE ( 'NONE', *, *, #3698, .T. ) ;
#361 = CARTESIAN_POINT ( 'NONE',  ( 0.4158903715094091069, 32.00000000000000000, -1.472303896148228874 ) ) ;
#362 = CARTESIAN_POINT ( 'NONE',  ( 9.865116682798154457, 7.161469683741641390, 9.865116682798175773 ) ) ;
#363 = VECTOR ( 'NONE', #219, 1000.000000000000000 ) ;
#364 = CARTESIAN_POINT ( 'NONE',  ( 1.737845018695785893, 25.06576898630441974, -4.110035868061668651 ) ) ;
#365 = CARTESIAN_POINT ( 'NONE',  ( -4.739432689913658514, 25.50000000000000355, 0.3166666666666668184 ) ) ;
#366 = CIRCLE ( 'NONE', #1190, 4.500000000000000000 ) ;
#367 = CARTESIAN_POINT ( 'NONE',  ( -3.678942412079325486, 7.456392428210850909, 13.72999999999996312 ) ) ;
#368 = ORIENTED_EDGE ( 'NONE', *, *, #7417, .F. ) ;
#369 = CARTESIAN_POINT ( 'NONE',  ( 2.618832843552384659, 25.25000000000000000, -3.935951541562895173 ) ) ;
#370 = EDGE_LOOP ( 'NONE', ( #7433, #5428, #1436, #6628 ) ) ;
#371 = VERTEX_POINT ( 'NONE', #2657 ) ;
#372 = AXIS2_PLACEMENT_3D ( 'NONE', #2261, #7374, #1171 ) ;
#373 = CARTESIAN_POINT ( 'NONE',  ( 1.556761361664281695, 25.45486940119461394, -3.361841685541612446 ) ) ;
#374 = CARTESIAN_POINT ( 'NONE',  ( 1.849579109663441079, 25.44901150264950829, -4.376234282710297130 ) ) ;
#375 = CARTESIAN_POINT ( 'NONE',  ( 14.94623666666663730, 2.276528778619144155, 1.268861499135693904 ) ) ;
#376 = CARTESIAN_POINT ( 'NONE',  ( -14.74599999999996491, 6.984646968374166320, -3.579536690155012338E-15 ) ) ;
#377 = VECTOR ( 'NONE', #1773, 1000.000000000000000 ) ;
#378 = FACE_OUTER_BOUND ( 'NONE', #946, .T. ) ;
#379 = VECTOR ( 'NONE', #2305, 999.9999999999998863 ) ;
#380 = AXIS2_PLACEMENT_3D ( 'NONE', #4336, #4449, #1466 ) ;
#381 = ORIENTED_EDGE ( 'NONE', *, *, #4959, .T. ) ;
#382 = EDGE_CURVE ( 'NONE', #2380, #3151, #3408, .T. ) ;
#383 = DIRECTION ( 'NONE',  ( 0.000000000000000000, 0.000000000000000000, 1.000000000000000000 ) ) ;
#384 = ORIENTED_EDGE ( 'NONE', *, *, #1105, .T. ) ;
#385 = ADVANCED_FACE ( 'NONE', ( #6253 ), #3378, .T. ) ;
#386 = CARTESIAN_POINT ( 'NONE',  ( -6.864999999999974456, 3.969862111952477957, -11.89052879396032303 ) ) ;
#387 = B_SPLINE_CURVE_WITH_KNOTS ( 'NONE', 3,
 ( #4269, #283, #6041, #6530 ),
 .UNSPECIFIED., .F., .F.,
 ( 4, 4 ),
 ( 0.0001815771153211015584, 0.0005534111019894842045 ),
 .UNSPECIFIED. ) ;
#388 = CARTESIAN_POINT ( 'NONE',  ( -4.674335629824510008, 25.13637761494144840, -0.8444444444444443310 ) ) ;
#389 = CARTESIAN_POINT ( 'NONE',  ( -4.674335629824510896, 24.50000000000000000, -0.8444444444444445530 ) ) ;
#390 = TOROIDAL_SURFACE ( 'NONE', #6515, 5.750000000000000888, 0.5000000000000004441 ) ;
#391 = AXIS2_PLACEMENT_3D ( 'NONE', #3404, #449, #1671 ) ;
#392 = CARTESIAN_POINT ( 'NONE',  ( -12.17976376066825139, 9.372978600073755828, 8.755190971089263030 ) ) ;
#393 = ORIENTED_EDGE ( 'NONE', *, *, #3263, .T. ) ;
#394 = AXIS2_PLACEMENT_3D ( 'NONE', #1488, #6505, #5945 ) ;
#395 = CARTESIAN_POINT ( 'NONE',  ( 9.933175777675678830, 4.400088642316270615, -9.933175777675666396 ) ) ;
#396 = DIRECTION ( 'NONE',  ( 0.9832820049844610555, -0.1820892601823026480, 0.000000000000000000 ) ) ;
#397 = CARTESIAN_POINT ( 'NONE',  ( -4.428317965096905340, 24.25000000000000000, 0.5500000000000000444 ) ) ;
#398 = CARTESIAN_POINT ( 'NONE',  ( -2.410850900066217051, 31.97645231355604523, -0.6760824578036135346 ) ) ;
#399 = DIRECTION ( 'NONE',  ( 0.000000000000000000, 0.000000000000000000, -1.000000000000000000 ) ) ;
#400 = AXIS2_PLACEMENT_3D ( 'NONE', #4931, #2018, #896 ) ;
#401 = CARTESIAN_POINT ( 'NONE',  ( -7.074830235554543378, 2.917975923251499459, -13.23553382043386506 ) ) ;
#402 = ORIENTED_EDGE ( 'NONE', *, *, #3534, .T. ) ;
#403 = DIRECTION ( 'NONE',  ( 0.000000000000000000, -0.1583515888048947495, 0.9873827901695297893 ) ) ;
#404 = CARTESIAN_POINT ( 'NONE',  ( -1.311753616059032242E-14, 11.60646968374164167, 13.47599999999996889 ) ) ;
#405 = ADVANCED_FACE ( 'NONE', ( #7127 ), #4259, .T. ) ;
#406 = CARTESIAN_POINT ( 'NONE',  ( 2.028404151762904117, 25.24554359087112942, -4.295772583366500363 ) ) ;
#407 = CARTESIAN_POINT ( 'NONE',  ( -4.686092375031356561, 24.23199538008350373, 0.7829115224641051141 ) ) ;
#408 = CARTESIAN_POINT ( 'NONE',  ( -13.72999999999997556, 11.68972576154418519, 3.678942412079292179 ) ) ;
#409 = EDGE_LOOP ( 'NONE', ( #216, #3034, #1397, #454 ) ) ;
#410 = DIRECTION ( 'NONE',  ( -0.8660254037844363761, 0.000000000000000000, 0.5000000000000039968 ) ) ;
#411 = ORIENTED_EDGE ( 'NONE', *, *, #5167, .T. ) ;
#412 = CARTESIAN_POINT ( 'NONE',  ( 0.000000000000000000, -6.505213034913026604E-16, -15.24999999999996803 ) ) ;
#413 = CARTESIAN_POINT ( 'NONE',  ( 1.607904173665416936, 31.84131709439716573, -1.650422851056678075 ) ) ;
#414 = CARTESIAN_POINT ( 'NONE',  ( 14.90398610592746564, 12.27708632156141810, 1.694461021776576981 ) ) ;
#415 = CARTESIAN_POINT ( 'NONE',  ( 2.690472954629910873, 25.00000000000000000, 3.560035853808919626 ) ) ;
#416 = CARTESIAN_POINT ( 'NONE',  ( 14.74599999999996491, 9.524646968374167244, 1.773672520132329273E-15 ) ) ;
#417 = DIRECTION ( 'NONE',  ( 0.000000000000000000, 0.000000000000000000, -1.000000000000000000 ) ) ;
#418 = ORIENTED_EDGE ( 'NONE', *, *, #11, .T. ) ;
#419 = CARTESIAN_POINT ( 'NONE',  ( -1.275043498356853489, 32.00000000000000000, 0.3000000000000000444 ) ) ;
#420 = ORIENTED_EDGE ( 'NONE', *, *, #6101, .T. ) ;
#421 = CARTESIAN_POINT ( 'NONE',  ( -3.610883317201822429, 6.314803017074973823, 13.47599999999996179 ) ) ;
#422 = EDGE_CURVE ( 'NONE', #1240, #1241, #3848, .T. ) ;
#423 = CARTESIAN_POINT ( 'NONE',  ( 0.3737978946218383780, 31.79552231504557724, 1.540330164060739193 ) ) ;
#424 = CARTESIAN_POINT ( 'NONE',  ( 7.268726510412204078, 10.54847493747619325, 13.12570606046833355 ) ) ;
#425 = EDGE_LOOP ( 'NONE', ( #2827, #360, #7454, #3972 ) ) ;
#426 = CARTESIAN_POINT ( 'NONE',  ( 1.582190881519740744, 32.00820913091168762, 1.935747681911258899 ) ) ;
#427 = CARTESIAN_POINT ( 'NONE',  ( -3.635794674885532096, 5.246755308982938182, -13.56897045256122070 ) ) ;
#428 = ADVANCED_FACE ( 'NONE', ( #5320 ), #3564, .F. ) ;
#429 = CARTESIAN_POINT ( 'NONE',  ( 0.5974360651977425052, 31.88631336310442776, -2.215653998953380999 ) ) ;
#430 = CARTESIAN_POINT ( 'NONE',  ( 1.606472786456581980, 31.78152431302696357, -1.682492487119591873 ) ) ;
#431 = CARTESIAN_POINT ( 'NONE',  ( -2.225952208874703242, 31.85628794847218614, 0.5731487147158571549 ) ) ;
#432 = CARTESIAN_POINT ( 'NONE',  ( -2.487660045000763986, 32.00000017303302968, 0.2858103744138348334 ) ) ;
#433 = CARTESIAN_POINT ( 'NONE',  ( -10.91078827308366428, 3.176148652342277501, -10.33852082116796467 ) ) ;
#434 = ORIENTED_EDGE ( 'NONE', *, *, #4244, .T. ) ;
#435 = ORIENTED_EDGE ( 'NONE', *, *, #916, .F. ) ;
#436 = LINE ( 'NONE', #3846, #5533 ) ;
#437 = CARTESIAN_POINT ( 'NONE',  ( 0.7422491953738423742, 32.15569223156762746, -2.388740155652611108 ) ) ;
#438 = FACE_OUTER_BOUND ( 'NONE', #1655, .T. ) ;
#439 = CARTESIAN_POINT ( 'NONE',  ( 1.744307365268192189, 32.00000000000000000, -1.421228980661152441 ) ) ;
#440 = CARTESIAN_POINT ( 'NONE',  ( -3.689820984012683880, 25.45486940119457842, -0.3327259559394480926 ) ) ;
#441 = VERTEX_POINT ( 'NONE', #1871 ) ;
#442 = CARTESIAN_POINT ( 'NONE',  ( 1.744307365268211951, 32.00000000000000000, 1.421228980661128238 ) ) ;
#443 = ORIENTED_EDGE ( 'NONE', *, *, #4425, .F. ) ;
#444 = CARTESIAN_POINT ( 'NONE',  ( 0.000000000000000000, 17.00000000000000000, -13.50000000000000000 ) ) ;
#445 = CARTESIAN_POINT ( 'NONE',  ( 0.000000000000000000, 18.25000000000000355, 0.000000000000000000 ) ) ;
#446 =( BOUNDED_SURFACE ( )  B_SPLINE_SURFACE ( 3, 2, ( 
 ( #5981, #3787, #814 ),
 ( #3706, #776, #2049 ),
 ( #7156, #2471, #4367 ),
 ( #922, #1898, #261 ) ),
 .UNSPECIFIED., .F., .F., .T. ) 
 B_SPLINE_SURFACE_WITH_KNOTS ( ( 4, 4 ),
 ( 3, 3 ),
 ( 0.000000000000000000, 0.0003665512004508568759 ),
 ( 0.000000000000000000, 1.000000000000000000 ),
 .UNSPECIFIED. ) 
 GEOMETRIC_REPRESENTATION_ITEM ( )  RATIONAL_B_SPLINE_SURFACE ( (
 ( 1.000000000000000000, 0.7687942703292981461, 1.000000000000000000),
 ( 1.000000000000000000, 0.7687940678965448082, 1.000000000000000000),
 ( 1.000000000000000000, 0.7686200530945933584, 1.000000000000000000),
 ( 1.000000000000000000, 0.7682784840441150287, 1.000000000000000000) ) ) 
 REPRESENTATION_ITEM ( '' )  SURFACE ( )  );
#447 = CARTESIAN_POINT ( 'NONE',  ( 14.90702954743871800, 1.808637119227914924, -3.994326528783088026 ) ) ;
#448 = CARTESIAN_POINT ( 'NONE',  ( 1.598448410122814245, 32.02262672620886264, -1.922228571261973551 ) ) ;
#449 = DIRECTION ( 'NONE',  ( -6.982962677686222534E-15, 6.514709219508156300E-29, -1.000000000000000000 ) ) ;
#450 = CARTESIAN_POINT ( 'NONE',  ( -10.79482120841063697, 11.42964696837416660, -10.79482120841064230 ) ) ;
#451 = CARTESIAN_POINT ( 'NONE',  ( 1.605857473938688162, 24.50000000000000000, -4.470315623464998112 ) ) ;
#452 = ORIENTED_EDGE ( 'NONE', *, *, #6132, .T. ) ;
#453 = CARTESIAN_POINT ( 'NONE',  ( -2.499999996764112442, 32.00000000000109424, -0.1439436182881296544 ) ) ;
#454 = ORIENTED_EDGE ( 'NONE', *, *, #789, .T. ) ;
#455 = CARTESIAN_POINT ( 'NONE',  ( 13.21297650602664930, 12.71702710125638092, 2.649496060710951451 ) ) ;
#456 = DIRECTION ( 'NONE',  ( 0.9977753031397177397, 0.000000000000000000, 0.06666666666666670737 ) ) ;
#457 = CARTESIAN_POINT ( 'NONE',  ( -12.20611793496219732, 9.370566792794429389, 8.718433501740172176 ) ) ;
#458 = CARTESIAN_POINT ( 'NONE',  ( -1.311753616059032242E-14, 6.526469683741640715, 13.47599999999996889 ) ) ;
#459 = CARTESIAN_POINT ( 'NONE',  ( 6.784485226280618342, 4.611755308982936619, -11.75107311511843911 ) ) ;
#460 = CARTESIAN_POINT ( 'NONE',  ( 14.70723124467802734, 14.88514555227603609, 2.949127414929261448 ) ) ;
#461 = CARTESIAN_POINT ( 'NONE',  ( -4.482468775166353279E-15, 10.57994090512249485, 14.74599999999996491 ) ) ;
#462 = CARTESIAN_POINT ( 'NONE',  ( -2.377492722648590018, 32.01184860762833040, -0.7774977093401894690 ) ) ;
#463 = CARTESIAN_POINT ( 'NONE',  ( -2.499999999999999556, 32.02295302174438518, 0.1439544869875518107 ) ) ;
#464 = EDGE_CURVE ( 'NONE', #2548, #2548, #1922, .T. ) ;
#465 = EDGE_CURVE ( 'NONE', #1172, #2642, #5847, .T. ) ;
#466 = ADVANCED_FACE ( 'NONE', ( #4218 ), #312, .F. ) ;
#467 = CARTESIAN_POINT ( 'NONE',  ( 0.0002226159039471970792, 2.519988273778056787, -15.00000000417555235 ) ) ;
#468 = ORIENTED_EDGE ( 'NONE', *, *, #5889, .F. ) ;
#469 = ORIENTED_EDGE ( 'NONE', *, *, #5674, .F. ) ;
#470 = CARTESIAN_POINT ( 'NONE',  ( 1.971076213836546520, 24.00000003474439225, 4.323953405080255052 ) ) ;
#471 = CARTESIAN_POINT ( 'NONE',  ( 0.3985185769034255698, 32.25000000000000000, -2.468032200734599169 ) ) ;
#472 = EDGE_CURVE ( 'NONE', #3990, #1809, #7112, .T. ) ;
#473 = CARTESIAN_POINT ( 'NONE',  ( 9.184850993605136112E-16, 6.154587873496662809, -14.99999999999996803 ) ) ;
#474 = DIRECTION ( 'NONE',  ( 0.000000000000000000, 0.000000000000000000, -1.000000000000000000 ) ) ;
#475 = CARTESIAN_POINT ( 'NONE',  ( 9.184850993605136112E-16, 11.23458787349666110, -14.99999999999996803 ) ) ;
#476 = LINE ( 'NONE', #5035, #1560 ) ;
#477 = CARTESIAN_POINT ( 'NONE',  ( -4.726213772573585103, 25.10564026390074233, -0.5371879241262527138 ) ) ;
#478 = EDGE_LOOP ( 'NONE', ( #4300, #4975, #5217, #2695 ) ) ;
#479 = AXIS2_PLACEMENT_3D ( 'NONE', #4757, #3160, #238 ) ;
#480 = CARTESIAN_POINT ( 'NONE',  ( 12.90986628304717065, 6.253637119227916763, 7.453514773719368769 ) ) ;
#481 = CARTESIAN_POINT ( 'NONE',  ( 6.864999999999968239, 11.58986211195247762, 11.89052879396032836 ) ) ;
#482 = DIRECTION ( 'NONE',  ( -0.8660254037844433705, 0.000000000000000000, -0.4999999999999918954 ) ) ;
#483 = DIRECTION ( 'NONE',  ( -0.8660254037844355990, 0.000000000000000000, 0.5000000000000054401 ) ) ;
#484 = CARTESIAN_POINT ( 'NONE',  ( 0.3777141280431012271, 32.00000000000000000, 1.254220060507215795 ) ) ;
#485 = ORIENTED_EDGE ( 'NONE', *, *, #4337, .F. ) ;
#486 = CARTESIAN_POINT ( 'NONE',  ( 0.000000000000000000, 24.27859547920892780, 0.000000000000000000 ) ) ;
#487 = ORIENTED_EDGE ( 'NONE', *, *, #5187, .T. ) ;
#488 =( BOUNDED_SURFACE ( )  B_SPLINE_SURFACE ( 3, 2, ( 
 ( #4642, #6945, #7056 ),
 ( #5280, #3048, #2934 ),
 ( #3649, #198, #3081 ),
 ( #4824, #792, #1873 ) ),
 .UNSPECIFIED., .F., .F., .T. ) 
 B_SPLINE_SURFACE_WITH_KNOTS ( ( 4, 4 ),
 ( 3, 3 ),
 ( 0.000000000000000000, 0.0004683498465766970480 ),
 ( 0.000000000000000000, 1.000000000000000000 ),
 .UNSPECIFIED. ) 
 GEOMETRIC_REPRESENTATION_ITEM ( )  RATIONAL_B_SPLINE_SURFACE ( (
 ( 1.000000000000000000, 0.9958117304451826746, 1.000000000000000000),
 ( 1.000000000000000000, 0.9958117401806209079, 1.000000000000000000),
 ( 1.000000000000000000, 0.9958525277145100496, 1.000000000000000000),
 ( 1.000000000000000000, 0.9959308050021821179, 1.000000000000000000) ) ) 
 REPRESENTATION_ITEM ( '' )  SURFACE ( )  );
#489 = CARTESIAN_POINT ( 'NONE',  ( 0.3586667192131141046, 32.25000000000000000, 2.221228980661134500 ) ) ;
#490 = FACE_OUTER_BOUND ( 'NONE', #6857, .T. ) ;
#491 = EDGE_CURVE ( 'NONE', #7230, #2236, #4466, .T. ) ;
#492 = AXIS2_PLACEMENT_3D ( 'NONE', #4821, #7054, #823 ) ;
#493 = CIRCLE ( 'NONE', #1198, 0.2500000000000001110 ) ;
#494 = EDGE_CURVE ( 'NONE', #2627, #839, #2060, .T. ) ;
#495 = AXIS2_PLACEMENT_3D ( 'NONE', #3598, #3043, #1868 ) ;
#496 = CARTESIAN_POINT ( 'NONE',  ( -3.436775049090328604, 9.953493711609294081, 14.60197078023232997 ) ) ;
#497 = CARTESIAN_POINT ( 'NONE',  ( -6.737999999999972012, 4.409803017074973575, -11.67055834139907411 ) ) ;
#498 = CARTESIAN_POINT ( 'NONE',  ( 13.72999999999997200, 9.149725761544182490, -3.678942412079297952 ) ) ;
#499 = CARTESIAN_POINT ( 'NONE',  ( 0.8654745695316838905, 32.02262672620886264, -2.345411215436207453 ) ) ;
#500 = DIRECTION ( 'NONE',  ( 1.734723475976806306E-15, 0.1583515888048807885, -0.9873827901695320097 ) ) ;
#501 = CARTESIAN_POINT ( 'NONE',  ( 13.47599999999996179, 8.286451523088354421, 3.610883317201822873 ) ) ;
#502 = AXIS2_PLACEMENT_3D ( 'NONE', #6068, #894, #6714 ) ;
#503 = AXIS2_PLACEMENT_3D ( 'NONE', #4156, #1246, #5853 ) ;
#504 = CARTESIAN_POINT ( 'NONE',  ( -4.273301459113846512, 2.753667710637480504, -14.40485398859076227 ) ) ;
#505 = ORIENTED_EDGE ( 'NONE', *, *, #3213, .T. ) ;
#506 = ORIENTED_EDGE ( 'NONE', *, *, #6457, .F. ) ;
#507 = DIRECTION ( 'NONE',  ( -0.000000000000000000, -1.000000000000000000, -0.000000000000000000 ) ) ;
#508 = CARTESIAN_POINT ( 'NONE',  ( -3.957954263291591168, 25.25000000000000000, -5.043990431826353084E-16 ) ) ;
#509 = EDGE_CURVE ( 'NONE', #2120, #515, #5434, .T. ) ;
#510 = CARTESIAN_POINT ( 'NONE',  ( -4.481120867445740785, 25.24999999999999289, 0.3663620105895936119 ) ) ;
#511 = CARTESIAN_POINT ( 'NONE',  ( -10.98076211353314058, 13.13958787349666224, 10.98076211353312992 ) ) ;
#512 = CARTESIAN_POINT ( 'NONE',  ( 14.93056747555059793, 13.59788953897531094, 1.441580680374728196 ) ) ;
#513 = DIRECTION ( 'NONE',  ( -0.4999999999999920619, 0.000000000000000000, 0.8660254037844432595 ) ) ;
#514 = VECTOR ( 'NONE', #1296, 1000.000000000000114 ) ;
#515 = VERTEX_POINT ( 'NONE', #5393 ) ;
#516 = CARTESIAN_POINT ( 'NONE',  ( 0.000000000000000000, 14.50000000000000000, -13.25000000000000000 ) ) ;
#517 = LINE ( 'NONE', #4512, #2630 ) ;
#518 = CARTESIAN_POINT ( 'NONE',  ( 3.678942412079318824, 3.334862111952478170, -13.72999999999996668 ) ) ;
#519 = CIRCLE ( 'NONE', #6173, 0.2500000000000001110 ) ;
#520 = CARTESIAN_POINT ( 'NONE',  ( 10.98076211353313347, 5.880940905122494122, 10.98076211353313347 ) ) ;
#521 = CARTESIAN_POINT ( 'NONE',  ( -6.864999999999999325, 10.74319544528581183, 11.89052879396031059 ) ) ;
#522 = CARTESIAN_POINT ( 'NONE',  ( 2.183847096400590271, 25.27027490810532129, 3.155707627842563312 ) ) ;
#523 = CARTESIAN_POINT ( 'NONE',  ( 2.643957722821919987, 25.50000000000000355, 3.946135775658298872 ) ) ;
#524 = CARTESIAN_POINT ( 'NONE',  ( 1.556761361664313892, 25.45486940119473473, 3.361841685541572922 ) ) ;
#525 = ORIENTED_EDGE ( 'NONE', *, *, #2483, .F. ) ;
#526 = CARTESIAN_POINT ( 'NONE',  ( -2.460515426983090226, 31.88938372160083645, 0.5861348679484605917 ) ) ;
#527 = VERTEX_POINT ( 'NONE', #7087 ) ;
#528 = FACE_OUTER_BOUND ( 'NONE', #1222, .T. ) ;
#529 = EDGE_CURVE ( 'NONE', #937, #3975, #4696, .T. ) ;
#530 = ORIENTED_EDGE ( 'NONE', *, *, #4564, .F. ) ;
#531 = CARTESIAN_POINT ( 'NONE',  ( 0.6253560291687031425, 31.84131709439716573, 2.217697286773618881 ) ) ;
#532 = CARTESIAN_POINT ( 'NONE',  ( 1.822876226197954752, 24.50000000000000000, 2.557314239684246093 ) ) ;
#533 = CARTESIAN_POINT ( 'NONE',  ( 13.47599999999997245, 3.629784856421688577, -3.610883317201789566 ) ) ;
#534 = CARTESIAN_POINT ( 'NONE',  ( -13.72999999999997556, 11.68972576154418697, 3.678942412079292623 ) ) ;
#535 = DIRECTION ( 'NONE',  ( -0.09104463009115167094, 0.9832820049844611665, -0.1576939250741872245 ) ) ;
#536 = CARTESIAN_POINT ( 'NONE',  ( 6.737999999999995993, 9.344784856421687991, -11.67055834139906345 ) ) ;
#537 = CARTESIAN_POINT ( 'NONE',  ( 12.36359717384954138, 5.831094107172071439, 8.711203560972252902 ) ) ;
#538 = ORIENTED_EDGE ( 'NONE', *, *, #2600, .F. ) ;
#539 = ORIENTED_EDGE ( 'NONE', *, *, #6047, .F. ) ;
#540 = DIRECTION ( 'NONE',  ( -0.4999999999999920619, 6.349528607487770791E-16, 0.8660254037844432595 ) ) ;
#541 = CARTESIAN_POINT ( 'NONE',  ( 1.489974971779470136, 32.02284278307602250, -2.012430744745765221 ) ) ;
#542 = CARTESIAN_POINT ( 'NONE',  ( 0.000000000000000000, 17.00000000000000000, 0.000000000000000000 ) ) ;
#543 = CARTESIAN_POINT ( 'NONE',  ( 2.388512060171592566, 24.99999994423186322, 3.037024242708174615 ) ) ;
#544 = CARTESIAN_POINT ( 'NONE',  ( -11.89052879396031059, 4.393195445285811296, -6.864999999999997549 ) ) ;
#545 = DIRECTION ( 'NONE',  ( 0.000000000000000000, 0.000000000000000000, 1.000000000000000000 ) ) ;
#546 = LINE ( 'NONE', #5001, #5925 ) ;
#547 =( BOUNDED_SURFACE ( )  B_SPLINE_SURFACE ( 3, 2, ( 
 ( #6361, #5238, #7459 ),
 ( #3000, #3415, #3486 ),
 ( #7014, #6325, #1188 ),
 ( #5804, #6975, #5273 ),
 ( #2362, #4137, #3559 ),
 ( #5764, #706, #1228 ) ),
 .UNSPECIFIED., .F., .F., .T. ) 
 B_SPLINE_SURFACE_WITH_KNOTS ( ( 4, 2, 4 ),
 ( 3, 3 ),
 ( 3.141592653589793116, 3.926990816987241395, 4.712388980384689674 ),
 ( 0.000000000000000000, 1.000000000000000000 ),
 .UNSPECIFIED. ) 
 GEOMETRIC_REPRESENTATION_ITEM ( )  RATIONAL_B_SPLINE_SURFACE ( (
 ( 1.000000000000000000, 0.7687942703292982571, 1.000000000000000000),
 ( 1.000000000000000000, 0.7688833480577270674, 1.000000000000000000),
 ( 1.000000000000000000, 0.7624685499305985381, 1.000000000000000000),
 ( 1.000000000000000000, 0.7400337300384800532, 1.000000000000000000),
 ( 1.000000000000000000, 0.7240319495158389351, 1.000000000000000000),
 ( 1.000000000000000000, 0.7071067811865475727, 1.000000000000000000) ) ) 
 REPRESENTATION_ITEM ( '' )  SURFACE ( )  );
#548 = ORIENTED_EDGE ( 'NONE', *, *, #3125, .T. ) ;
#549 = CARTESIAN_POINT ( 'NONE',  ( 14.99211162442856704, 4.249012435260992149, 0.5928034105929047559 ) ) ;
#550 = CARTESIAN_POINT ( 'NONE',  ( -9.933175777675668172, 9.354499231180390950, -9.933175777675682383 ) ) ;
#551 = CARTESIAN_POINT ( 'NONE',  ( 14.99999999999996447, 6.727607571789160801, -4.019237886466831000 ) ) ;
#552 = DIRECTION ( 'NONE',  ( -0.000000000000000000, -1.000000000000000000, 0.000000000000000000 ) ) ;
#553 = LINE ( 'NONE', #2201, #6879 ) ;
#554 = CARTESIAN_POINT ( 'NONE',  ( 7.453514773719350117, 8.770950754268747929, 12.90986628304717954 ) ) ;
#555 = CARTESIAN_POINT ( 'NONE',  ( 1.362419042850758100, 32.01680792274016341, 2.107561511297865398 ) ) ;
#556 = ORIENTED_EDGE ( 'NONE', *, *, #6494, .F. ) ;
#557 = EDGE_CURVE ( 'NONE', #5345, #4216, #2517, .T. ) ;
#558 = FACE_OUTER_BOUND ( 'NONE', #2686, .T. ) ;
#559 = VERTEX_POINT ( 'NONE', #274 ) ;
#560 = EDGE_CURVE ( 'NONE', #5947, #5947, #728, .T. ) ;
#561 = ORIENTED_EDGE ( 'NONE', *, *, #1974, .F. ) ;
#562 = CARTESIAN_POINT ( 'NONE',  ( 1.737845010467030660, 24.43300218092367615, 4.110035853808923889 ) ) ;
#563 = CYLINDRICAL_SURFACE ( 'NONE', #6387, 4.750000000000000000 ) ;
#564 = ADVANCED_FACE ( 'NONE', ( #6599 ), #3716, .T. ) ;
#565 = EDGE_CURVE ( 'NONE', #5232, #583, #357, .T. ) ;
#566 = FACE_OUTER_BOUND ( 'NONE', #5096, .T. ) ;
#567 = VERTEX_POINT ( 'NONE', #4671 ) ;
#568 = CARTESIAN_POINT ( 'NONE',  ( 6.737999999999965794, 12.02980301707497368, 11.67055834139907766 ) ) ;
#569 = CARTESIAN_POINT ( 'NONE',  ( -2.196827922299917191, 31.95125945679359702, 0.6460367232091993595 ) ) ;
#570 = CARTESIAN_POINT ( 'NONE',  ( 10.05105758792067050, 4.493059094877517978, -10.05105758792065451 ) ) ;
#571 = CARTESIAN_POINT ( 'NONE',  ( -13.47599999999996889, 11.03811818975502135, -1.229236914732483852E-14 ) ) ;
#572 = CARTESIAN_POINT ( 'NONE',  ( 4.508980201517267083, 5.307108192476269082, 14.35429872090154113 ) ) ;
#573 = VERTEX_POINT ( 'NONE', #4052 ) ;
#574 = ORIENTED_EDGE ( 'NONE', *, *, #5830, .T. ) ;
#575 = CARTESIAN_POINT ( 'NONE',  ( 0.9168877568771724995, 31.97766877619272918, 2.330189261802807277 ) ) ;
#576 = CARTESIAN_POINT ( 'NONE',  ( -9.865116682798179326, 6.593118189755022840, 9.865116682798152681 ) ) ;
#577 = CARTESIAN_POINT ( 'NONE',  ( 1.086754632981184132, 24.50000000000000000, 2.982314239684249912 ) ) ;
#578 = ADVANCED_FACE ( 'NONE', ( #80 ), #547, .F. ) ;
#579 = CARTESIAN_POINT ( 'NONE',  ( 2.241119556342914265, 25.18979614807506806, 2.781732937422116247 ) ) ;
#580 = CARTESIAN_POINT ( 'NONE',  ( -6.864999999999999325, 5.663195445285810870, 11.89052879396031059 ) ) ;
#581 = CARTESIAN_POINT ( 'NONE',  ( 0.6199208665221414005, 31.97645231355604523, -2.425899353095753330 ) ) ;
#582 = LINE ( 'NONE', #2263, #5292 ) ;
#583 = VERTEX_POINT ( 'NONE', #5206 ) ;
#584 = CARTESIAN_POINT ( 'NONE',  ( -14.74599999999996847, 4.441607571789161213, 3.951178791589317285 ) ) ;
#585 = CARTESIAN_POINT ( 'NONE',  ( -6.784485226280622783, 10.83616589784705830, 11.75107311511843555 ) ) ;
#586 = CARTESIAN_POINT ( 'NONE',  ( -3.387586103372675208E-15, 5.406970452561250084, 14.90702954743872155 ) ) ;
#587 = DIRECTION ( 'NONE',  ( 0.000000000000000000, -0.000000000000000000, 1.000000000000000000 ) ) ;
#588 = CARTESIAN_POINT ( 'NONE',  ( -12.90986628304717776, 7.500950754268747467, 7.453514773719354558 ) ) ;
#589 =( BOUNDED_SURFACE ( )  B_SPLINE_SURFACE ( 3, 2, ( 
 ( #5660, #4424, #6731 ),
 ( #463, #356, #1545 ),
 ( #2605, #432, #3198 ),
 ( #3842, #6765, #1586 ) ),
 .UNSPECIFIED., .F., .F., .F. ) 
 B_SPLINE_SURFACE_WITH_KNOTS ( ( 4, 4 ),
 ( 3, 3 ),
 ( 0.000000000000000000, 0.0004683498465766983490 ),
 ( 0.000000000000000000, 1.000000000000000000 ),
 .UNSPECIFIED. ) 
 GEOMETRIC_REPRESENTATION_ITEM ( )  RATIONAL_B_SPLINE_SURFACE ( (
 ( 1.000000000000000000, 0.9958117304451827856, 1.000000000000000000),
 ( 1.000000000000000000, 0.9958117401806210189, 1.000000000000000000),
 ( 1.000000000000000000, 0.9958525277145100496, 1.000000000000000000),
 ( 1.000000000000000000, 0.9959308050021821179, 1.000000000000000000) ) ) 
 REPRESENTATION_ITEM ( '' )  SURFACE ( )  );
#590 = VECTOR ( 'NONE', #5151, 1000.000000000000227 ) ;
#591 = EDGE_LOOP ( 'NONE', ( #3453, #5887, #3349, #3077 ) ) ;
#592 = CARTESIAN_POINT ( 'NONE',  ( -3.941516664322040064, 25.25000000000000000, -0.3000000000000000444 ) ) ;
#593 = EDGE_LOOP ( 'NONE', ( #4249, #5239, #1371, #4630 ) ) ;
#594 = CARTESIAN_POINT ( 'NONE',  ( 0.8137034816688553107, 32.09787977043659879, 2.364515140448324004 ) ) ;
#595 = ORIENTED_EDGE ( 'NONE', *, *, #4097, .F. ) ;
#596 = CARTESIAN_POINT ( 'NONE',  ( -3.819923774312429909, 25.25740340517641513, -0.5500000000000131450 ) ) ;
#597 = CARTESIAN_POINT ( 'NONE',  ( -4.489988864128729773, 25.50000000000000355, -0.3000000000000000444 ) ) ;
#598 = DIRECTION ( 'NONE',  ( 0.8660254037844362651, 0.000000000000000000, -0.5000000000000039968 ) ) ;
#599 = AXIS2_PLACEMENT_3D ( 'NONE', #6353, #1184, #3482 ) ;
#600 = EDGE_CURVE ( 'NONE', #6261, #2813, #4085, .T. ) ;
#601 = CIRCLE ( 'NONE', #5796, 0.5079999999999980087 ) ;
#602 = VERTEX_POINT ( 'NONE', #1757 ) ;
#603 = EDGE_CURVE ( 'NONE', #3645, #6529, #2404, .T. ) ;
#604 = CARTESIAN_POINT ( 'NONE',  ( -9.865116682798179326, 6.593118189755022840, 9.865116682798152681 ) ) ;
#605 = CARTESIAN_POINT ( 'NONE',  ( -11.89052879396031059, 5.974725761544185332, -6.864999999999997549 ) ) ;
#606 = AXIS2_PLACEMENT_3D ( 'NONE', #38, #5264, #1257 ) ;
#607 = CIRCLE ( 'NONE', #4826, 0.2500000000000001665 ) ;
#608 = CARTESIAN_POINT ( 'NONE',  ( -6.705731553414575608, 4.687548463294326062, 13.43385156814415282 ) ) ;
#609 = EDGE_LOOP ( 'NONE', ( #74, #4054, #6300, #4770 ) ) ;
#610 = ORIENTED_EDGE ( 'NONE', *, *, #1649, .T. ) ;
#611 = FACE_OUTER_BOUND ( 'NONE', #775, .T. ) ;
#612 = CARTESIAN_POINT ( 'NONE',  ( -13.47599999999996889, 5.958118189755022165, -1.229236914732484010E-14 ) ) ;
#613 = DIRECTION ( 'NONE',  ( 0.000000000000000000, -0.1583515888048944720, -0.9873827901695297893 ) ) ;
#614 = CIRCLE ( 'NONE', #4827, 2.500000000000000000 ) ;
#615 = AXIS2_PLACEMENT_3D ( 'NONE', #5792, #5377, #3548 ) ;
#616 = FACE_OUTER_BOUND ( 'NONE', #887, .T. ) ;
#617 = CARTESIAN_POINT ( 'NONE',  ( -4.428317965096905340, 25.00000000000000000, 0.8000000000000000444 ) ) ;
#618 = CIRCLE ( 'NONE', #4107, 13.99999999999993783 ) ;
#619 = DIRECTION ( 'NONE',  ( 0.000000000000000000, 0.000000000000000000, 1.000000000000000000 ) ) ;
#620 = CARTESIAN_POINT ( 'NONE',  ( -4.674335629824510896, 24.50000000000000000, -0.8444444444444445530 ) ) ;
#621 = VERTEX_POINT ( 'NONE', #2321 ) ;
#622 = CARTESIAN_POINT ( 'NONE',  ( -3.951178791589322170, 8.251607571789161710, -14.74599999999996491 ) ) ;
#623 = CARTESIAN_POINT ( 'NONE',  ( -3.635794674885532984, 8.931165897847057167, -13.56897045256122070 ) ) ;
#624 = CARTESIAN_POINT ( 'NONE',  ( -14.74599999999996491, 4.229940905122496098, -3.579536690155012338E-15 ) ) ;
#625 = TOROIDAL_SURFACE ( 'NONE', #4608, 2.250000000000000444, 0.2500000000000000000 ) ;
#626 = CARTESIAN_POINT ( 'NONE',  ( 5.750000000000002665, 18.00000000000000355, 0.000000000000000000 ) ) ;
#627 = B_SPLINE_CURVE_WITH_KNOTS ( 'NONE', 3,
 ( #1706, #4003, #2867, #5188, #3469, #620 ),
 .UNSPECIFIED., .F., .F.,
 ( 4, 2, 4 ),
 ( 0.000000000000000000, 0.0004060167135378137788, 0.0008120334270756275575 ),
 .UNSPECIFIED. ) ;
#628 = CARTESIAN_POINT ( 'NONE',  ( 7.453514773719363440, 10.46428408760207773, -12.90986628304717421 ) ) ;
#629 = CARTESIAN_POINT ( 'NONE',  ( 1.843954997318639544, 24.05419023789845667, -4.378584149544481718 ) ) ;
#630 = ORIENTED_EDGE ( 'NONE', *, *, #6067, .T. ) ;
#631 = AXIS2_PLACEMENT_3D ( 'NONE', #2581, #3174, #5979 ) ;
#632 = CARTESIAN_POINT ( 'NONE',  ( -3.691360681029617563, 25.41533853840699564, -0.3732561789972380639 ) ) ;
#633 = ORIENTED_EDGE ( 'NONE', *, *, #101, .T. ) ;
#634 = CARTESIAN_POINT ( 'NONE',  ( -4.674335629824510896, 25.00000000000000000, 0.8444444444444445530 ) ) ;
#635 = ORIENTED_EDGE ( 'NONE', *, *, #7246, .F. ) ;
#636 = DIRECTION ( 'NONE',  ( -0.000000000000000000, -1.000000000000000000, -0.000000000000000000 ) ) ;
#637 = CARTESIAN_POINT ( 'NONE',  ( 13.21297645056471204, 13.50733825860240422, 2.649496049589596502 ) ) ;
#638 = CARTESIAN_POINT ( 'NONE',  ( 1.124216752582599677, 32.04552231504558080, -1.347200534193184751 ) ) ;
#639 = EDGE_LOOP ( 'NONE', ( #4994, #3249, #3245, #6008 ) ) ;
#640 = CARTESIAN_POINT ( 'NONE',  ( 1.257425995054084034, 25.29437220982748968, -3.277925710191589737 ) ) ;
#641 = B_SPLINE_CURVE_WITH_KNOTS ( 'NONE', 3,
 ( #1427, #796, #1313, #3615 ),
 .UNSPECIFIED., .F., .F.,
 ( 4, 4 ),
 ( 1.972104705683774922E-07, 0.0005302440678281293172 ),
 .UNSPECIFIED. ) ;
#642 = ADVANCED_FACE ( 'NONE', ( #1155 ), #6903, .T. ) ;
#643 = CARTESIAN_POINT ( 'NONE',  ( 3.610883317201783349, 12.51978485642168870, 13.47599999999997600 ) ) ;
#644 = CARTESIAN_POINT ( 'NONE',  ( -2.102974084481309180, 32.00000000000000000, 0.8000000000000004885 ) ) ;
#645 = CARTESIAN_POINT ( 'NONE',  ( 13.72999999999996312, 8.726392428210852259, 3.678942412079326818 ) ) ;
#646 = B_SPLINE_CURVE_WITH_KNOTS ( 'NONE', 3,
 ( #7257, #4944, #6225, #321, #3769, #2181 ),
 .UNSPECIFIED., .F., .F.,
 ( 4, 2, 4 ),
 ( 0.000000000000000000, 0.0004060167135378137788, 0.0008120334270756275575 ),
 .UNSPECIFIED. ) ;
#647 = CIRCLE ( 'NONE', #4863, 0.2500000000000002220 ) ;
#648 = EDGE_CURVE ( 'NONE', #1639, #6725, #4874, .T. ) ;
#649 = CARTESIAN_POINT ( 'NONE',  ( -7.570833227056447789, 4.633742355187037809, 12.95342754460937229 ) ) ;
#650 = ORIENTED_EDGE ( 'NONE', *, *, #5903, .T. ) ;
#651 = ORIENTED_EDGE ( 'NONE', *, *, #1147, .F. ) ;
#652 = DIRECTION ( 'NONE',  ( 0.1820892601823072277, 0.9832820049844602783, 0.000000000000000000 ) ) ;
#653 = CARTESIAN_POINT ( 'NONE',  ( 13.98183453252137376, 14.31110683264187600, 5.274752206651871056 ) ) ;
#654 = EDGE_CURVE ( 'NONE', #4061, #3069, #5662, .T. ) ;
#655 = DIRECTION ( 'NONE',  ( 0.000000000000000000, -1.000000000000000000, -0.000000000000000000 ) ) ;
#656 = CARTESIAN_POINT ( 'NONE',  ( -11.89052879396031059, 9.473195445285812255, -6.864999999999997549 ) ) ;
#657 = VERTEX_POINT ( 'NONE', #4176 ) ;
#658 = CARTESIAN_POINT ( 'NONE',  ( 14.93056746562986703, 12.71702705622278984, 1.441580762401583504 ) ) ;
#659 = CARTESIAN_POINT ( 'NONE',  ( 11.75107311511845154, 2.792832564513725302, -6.784485226280599690 ) ) ;
#660 = CARTESIAN_POINT ( 'NONE',  ( 12.90986628304717598, 7.100303785894583442, -7.453514773719358999 ) ) ;
#661 = CARTESIAN_POINT ( 'NONE',  ( -3.467484533366441912, 25.29434737471269301, -0.5500000000000000444 ) ) ;
#662 = CARTESIAN_POINT ( 'NONE',  ( 12.77041060420529561, 14.18131363504083353, 7.372999999999991338 ) ) ;
#663 = FACE_OUTER_BOUND ( 'NONE', #5080, .T. ) ;
#664 = EDGE_LOOP ( 'NONE', ( #5689, #2924, #5177, #753 ) ) ;
#665 = CARTESIAN_POINT ( 'NONE',  ( 0.6199208665220535819, 31.97645231355634365, 2.425899353095746225 ) ) ;
#666 = ORIENTED_EDGE ( 'NONE', *, *, #494, .T. ) ;
#667 = CARTESIAN_POINT ( 'NONE',  ( 1.607904173665416714, 31.84131709439716573, -1.650422851056679630 ) ) ;
#668 = CARTESIAN_POINT ( 'NONE',  ( -2.233260202834127295, 31.93263418879432081, 0.3345488714339173719 ) ) ;
#669 = EDGE_LOOP ( 'NONE', ( #5160, #6058, #4378, #6823 ) ) ;
#670 = CARTESIAN_POINT ( 'NONE',  ( 0.4046829638103544013, 32.00000000000000711, 2.227095119819376912 ) ) ;
#671 = DIRECTION ( 'NONE',  ( -0.9999999999999995559, 3.052344821055456854E-08, 0.000000000000000000 ) ) ;
#672 = DIRECTION ( 'NONE',  ( 0.5000000000000039968, 0.000000000000000000, 0.8660254037844362651 ) ) ;
#673 = DIRECTION ( 'NONE',  ( 0.4999999999999919509, 0.000000000000000000, -0.8660254037844432595 ) ) ;
#674 = ORIENTED_EDGE ( 'NONE', *, *, #5126, .T. ) ;
#675 = CARTESIAN_POINT ( 'NONE',  ( 3.024019840769645029, 24.23794802747244148, -3.664352750358009558 ) ) ;
#676 = CARTESIAN_POINT ( 'NONE',  ( -1.311753616059032242E-14, 7.228118189755021739, 13.47599999999996889 ) ) ;
#677 = CARTESIAN_POINT ( 'NONE',  ( 1.368086280847767622, 32.00000000000000000, 1.269594947566248244 ) ) ;
#678 = CARTESIAN_POINT ( 'NONE',  ( -10.05105758792065274, 5.763059094877518440, -10.05105758792067050 ) ) ;
#679 =( BOUNDED_SURFACE ( )  B_SPLINE_SURFACE ( 3, 2, ( 
 ( #3953, #7195, #5108 ),
 ( #2257, #5032, #1701 ),
 ( #3918, #1058, #3394 ),
 ( #3748, #7405, #2224 ) ),
 .UNSPECIFIED., .F., .F., .T. ) 
 B_SPLINE_SURFACE_WITH_KNOTS ( ( 4, 4 ),
 ( 3, 3 ),
 ( 0.000000000000000000, 0.0003665512004493482086 ),
 ( 0.000000000000000000, 1.000000000000000000 ),
 .UNSPECIFIED. ) 
 GEOMETRIC_REPRESENTATION_ITEM ( )  RATIONAL_B_SPLINE_SURFACE ( (
 ( 1.000000000000000000, 0.7687942703292981461, 1.000000000000000000),
 ( 1.000000000000000000, 0.7687940678965430319, 1.000000000000000000),
 ( 1.000000000000000000, 0.7686200530945977993, 1.000000000000000000),
 ( 1.000000000000000000, 0.7682784840441195806, 1.000000000000000000) ) ) 
 REPRESENTATION_ITEM ( '' )  SURFACE ( )  );
#680 = CARTESIAN_POINT ( 'NONE',  ( 11.73170813561520909, 6.873065350565468634, -9.347033198309139479 ) ) ;
#681 = VERTEX_POINT ( 'NONE', #6405 ) ;
#682 = ORIENTED_EDGE ( 'NONE', *, *, #93, .T. ) ;
#683 = CARTESIAN_POINT ( 'NONE',  ( 1.605857473938750335, 25.00000000000000000, 4.470315623464975907 ) ) ;
#684 = CARTESIAN_POINT ( 'NONE',  ( -9.865116682798177550, 11.85905909487751586, 9.865116682798152681 ) ) ;
#685 = CARTESIAN_POINT ( 'NONE',  ( -4.739432689913659402, 25.50000000000000355, 0.3166666666666667074 ) ) ;
#686 = DIRECTION ( 'NONE',  ( 0.000000000000000000, 0.000000000000000000, -1.000000000000000000 ) ) ;
#687 = CARTESIAN_POINT ( 'NONE',  ( -3.688749679651438740, 25.00000000000000000, -0.5500000000000000444 ) ) ;
#688 = ADVANCED_FACE ( 'NONE', ( #566 ), #2398, .T. ) ;
#689 = EDGE_CURVE ( 'NONE', #2207, #292, #5599, .T. ) ;
#690 = ADVANCED_FACE ( 'NONE', ( #4707 ), #6723, .T. ) ;
#691 = CARTESIAN_POINT ( 'NONE',  ( 1.598448410122814245, 32.02262672620886264, -1.922228571261973551 ) ) ;
#692 = VERTEX_POINT ( 'NONE', #448 ) ;
#693 = CARTESIAN_POINT ( 'NONE',  ( 3.951178791589316397, 10.79160757178916263, 14.74599999999996847 ) ) ;
#694 = CARTESIAN_POINT ( 'NONE',  ( -9.865116682798179326, 10.78552877861914538, 9.865116682798152681 ) ) ;
#695 = CARTESIAN_POINT ( 'NONE',  ( 2.676604605143670608E-15, 2.959940905122495636, -14.74599999999996491 ) ) ;
#696 = CARTESIAN_POINT ( 'NONE',  ( 0.3985185769034255698, 32.25000000000000000, -2.468032200734599169 ) ) ;
#697 = CARTESIAN_POINT ( 'NONE',  ( -10.91270301865562686, 6.442617420935411232, -10.91270301865563042 ) ) ;
#698 = LINE ( 'NONE', #2919, #7249 ) ;
#699 = VERTEX_POINT ( 'NONE', #5121 ) ;
#700 = LINE ( 'NONE', #5199, #41 ) ;
#701 = ORIENTED_EDGE ( 'NONE', *, *, #3447, .F. ) ;
#702 = CARTESIAN_POINT ( 'NONE',  ( 0.4903868902722551271, 32.25000000000000000, 2.453198022519512911 ) ) ;
#703 = CARTESIAN_POINT ( 'NONE',  ( -2.491056929698458600, 31.91936402391283423, 0.3456417050008160352 ) ) ;
#704 = FACE_OUTER_BOUND ( 'NONE', #7315, .T. ) ;
#705 = CARTESIAN_POINT ( 'NONE',  ( 0.8654745695317127563, 32.02262672620886974, 2.345411215436196795 ) ) ;
#706 = CARTESIAN_POINT ( 'NONE',  ( 0.4154583366848831893, 32.00000000000000000, 1.819594947566258059 ) ) ;
#707 = CARTESIAN_POINT ( 'NONE',  ( 1.710950711025705395, 25.25000000000000000, 3.563453560742581239 ) ) ;
#708 = CARTESIAN_POINT ( 'NONE',  ( -13.47599999999997600, 6.169784856421687280, 3.610883317201784237 ) ) ;
#709 = AXIS2_PLACEMENT_3D ( 'NONE', #6488, #2488, #3193 ) ;
#710 = EDGE_CURVE ( 'NONE', #6884, #1164, #2606, .T. ) ;
#711 = VERTEX_POINT ( 'NONE', #7413 ) ;
#712 = DIRECTION ( 'NONE',  ( -3.052344535003915238E-08, -0.9999999999999995559, -6.120627887004214552E-09 ) ) ;
#713 = DIRECTION ( 'NONE',  ( 0.000000000000000000, 0.000000000000000000, 1.000000000000000000 ) ) ;
#714 = EDGE_CURVE ( 'NONE', #4920, #2212, #3321, .T. ) ;
#715 = AXIS2_PLACEMENT_3D ( 'NONE', #4986, #5017, #5587 ) ;
#716 = DIRECTION ( 'NONE',  ( -0.9999999999999995559, 3.052344821055456854E-08, 0.000000000000000000 ) ) ;
#717 = CARTESIAN_POINT ( 'NONE',  ( 2.690472954629910873, 24.25000000000000000, 3.560035853808919626 ) ) ;
#718 = CARTESIAN_POINT ( 'NONE',  ( -10.79482120841063697, 6.349646968374167422, -10.79482120841064230 ) ) ;
#719 = VECTOR ( 'NONE', #2192, 1000.000000000000227 ) ;
#720 = CARTESIAN_POINT ( 'NONE',  ( 0.8287246191725761157, 7.556125119780690902, -14.98395705287155799 ) ) ;
#721 = ORIENTED_EDGE ( 'NONE', *, *, #6540, .T. ) ;
#722 =( BOUNDED_SURFACE ( )  B_SPLINE_SURFACE ( 3, 2, ( 
 ( #2258, #1660, #6880 ),
 ( #2225, #2796, #3849 ),
 ( #3430, #3954, #579 ),
 ( #3888, #5631, #2863 ),
 ( #6165, #5183, #543 ),
 ( #991, #6306, #3919 ) ),
 .UNSPECIFIED., .F., .F., .T. ) 
 B_SPLINE_SURFACE_WITH_KNOTS ( ( 4, 2, 4 ),
 ( 3, 3 ),
 ( 0.0004999288450773724073, 0.0008469399829586459058, 0.001193951120839919404 ),
 ( 0.000000000000000000, 1.000000000000000000 ),
 .UNSPECIFIED. ) 
 GEOMETRIC_REPRESENTATION_ITEM ( )  RATIONAL_B_SPLINE_SURFACE ( (
 ( 1.000000000000000000, 0.7519653661432147418, 1.000000000000000000),
 ( 1.000000000000000000, 0.7497400716362915274, 1.000000000000000000),
 ( 1.000000000000000000, 0.7430369973154807850, 1.000000000000000000),
 ( 1.000000000000000000, 0.7259914010715694532, 1.000000000000000000),
 ( 1.000000000000000000, 0.7160492516772245519, 1.000000000000000000),
 ( 1.000000000000000000, 0.7071067811864428787, 1.000000000000000000) ) ) 
 REPRESENTATION_ITEM ( '' )  SURFACE ( )  );
#723 = CARTESIAN_POINT ( 'NONE',  ( 1.559559217908373929, 31.97766877619273629, 1.959142720775947311 ) ) ;
#724 = CARTESIAN_POINT ( 'NONE',  ( 13.47599999999997067, 8.895725761544184707, -3.610883317201789122 ) ) ;
#725 = CARTESIAN_POINT ( 'NONE',  ( 14.99999999999996092, 9.752921206829993750, 4.019237886466844323 ) ) ;
#726 = DIRECTION ( 'NONE',  ( -0.8660254037844363761, -2.320087873977615496E-19, 0.5000000000000039968 ) ) ;
#727 = CARTESIAN_POINT ( 'NONE',  ( -2.217530681689084737, 31.88631336310442776, -0.5904321898784081757 ) ) ;
#728 = CIRCLE ( 'NONE', #2165, 5.750000000000000000 ) ;
#729 = AXIS2_PLACEMENT_3D ( 'NONE', #190, #3527, #6406 ) ;
#730 = CARTESIAN_POINT ( 'NONE',  ( 1.584592631793855899, 32.00000000000000000, -1.144594947566274223 ) ) ;
#731 = ORIENTED_EDGE ( 'NONE', *, *, #6959, .T. ) ;
#732 = ADVANCED_FACE ( 'NONE', ( #5609 ), #3329, .T. ) ;
#733 = AXIS2_PLACEMENT_3D ( 'NONE', #3164, #4274, #4192 ) ;
#734 = CARTESIAN_POINT ( 'NONE',  ( 14.74599999999996491, 1.901607571789162066, -3.951178791589323946 ) ) ;
#735 = CARTESIAN_POINT ( 'NONE',  ( -13.47599999999996712, 10.15052877861914205, -1.229236914732483852E-14 ) ) ;
#736 = AXIS2_PLACEMENT_3D ( 'NONE', #3642, #5389, #1300 ) ;
#737 = CARTESIAN_POINT ( 'NONE',  ( 10.91270301865563042, 7.311970452561247669, -10.91270301865563042 ) ) ;
#738 = CARTESIAN_POINT ( 'NONE',  ( 14.70723113373788493, 11.25055772016132138, 2.949127392683301707 ) ) ;
#739 = CARTESIAN_POINT ( 'NONE',  ( -4.019237886466830112, 6.366254540163329700, -14.99999999999996625 ) ) ;
#740 = PLANE ( 'NONE',  #7 ) ;
#741 = AXIS2_PLACEMENT_3D ( 'NONE', #6100, #4855, #926 ) ;
#742 = ORIENTED_EDGE ( 'NONE', *, *, #4706, .T. ) ;
#743 = CARTESIAN_POINT ( 'NONE',  ( -3.882372274410006430, 25.25000000000000355, -0.3063473732139491701 ) ) ;
#744 = ORIENTED_EDGE ( 'NONE', *, *, #6761, .F. ) ;
#745 = CARTESIAN_POINT ( 'NONE',  ( 1.150757677229906406, 32.00000000000000000, -0.8711839840659827416 ) ) ;
#746 = VECTOR ( 'NONE', #2760, 1000.000000000000000 ) ;
#747 = DIRECTION ( 'NONE',  ( 0.000000000000000000, -1.000000000000000000, 0.000000000000000000 ) ) ;
#748 = AXIS2_PLACEMENT_3D ( 'NONE', #2491, #7099, #1920 ) ;
#749 = CARTESIAN_POINT ( 'NONE',  ( -1.520863999602968475, 31.79552231504558080, -0.3000000000000000444 ) ) ;
#750 = CARTESIAN_POINT ( 'NONE',  ( 14.99999999999996270, 6.118333333333332291, 4.019237886466844323 ) ) ;
#751 = CARTESIAN_POINT ( 'NONE',  ( -12.77041060420529739, 3.806607571789162314, -7.372999999999989562 ) ) ;
#752 = CARTESIAN_POINT ( 'NONE',  ( -1.520416062516226408, 32.00000000000000711, -0.4507490479285227725 ) ) ;
#753 = ORIENTED_EDGE ( 'NONE', *, *, #1924, .F. ) ;
#754 = CARTESIAN_POINT ( 'NONE',  ( 2.643957722821866696, 24.25000000000000000, -3.946135775658338396 ) ) ;
#755 = CARTESIAN_POINT ( 'NONE',  ( -2.452241311454792960, 31.89200412751458558, -0.5908634055206338775 ) ) ;
#756 = AXIS2_PLACEMENT_3D ( 'NONE', #7047, #747, #1863 ) ;
#757 = CARTESIAN_POINT ( 'NONE',  ( -2.463922979654538548, 32.02262672620886264, 0.4231826441742399525 ) ) ;
#758 = CARTESIAN_POINT ( 'NONE',  ( 1.368086280847761627, 31.75000000000000711, 1.269594947566251797 ) ) ;
#759 = CARTESIAN_POINT ( 'NONE',  ( -6.864999999999999325, 7.244725761544184905, 11.89052879396031059 ) ) ;
#760 = CARTESIAN_POINT ( 'NONE',  ( 2.761731696416253712, 25.20547095993337194, 3.866805269021093672 ) ) ;
#761 = CARTESIAN_POINT ( 'NONE',  ( -5.056460045783913948, 7.875586956108503678, -14.15120745833962879 ) ) ;
#762 = ORIENTED_EDGE ( 'NONE', *, *, #7270, .F. ) ;
#763 = FACE_OUTER_BOUND ( 'NONE', #1262, .T. ) ;
#764 = CARTESIAN_POINT ( 'NONE',  ( 1.146720213405935778E-14, 4.874059094877518206, -13.47599999999996889 ) ) ;
#765 = CARTESIAN_POINT ( 'NONE',  ( 2.557186484674860871, 25.25000000000000000, -3.698086388078222431 ) ) ;
#766 = LINE ( 'NONE', #878, #1426 ) ;
#767 = ORIENTED_EDGE ( 'NONE', *, *, #1700, .T. ) ;
#768 = CARTESIAN_POINT ( 'NONE',  ( -4.739432689913662955, 24.25000000000000000, 0.3166666666666666519 ) ) ;
#769 = CARTESIAN_POINT ( 'NONE',  ( 6.737999999999995993, 3.563136350408307340, -11.67055834139906345 ) ) ;
#770 = CARTESIAN_POINT ( 'NONE',  ( 1.640878438426737640, 32.09787977043659168, -1.886945456497247209 ) ) ;
#771 = CARTESIAN_POINT ( 'NONE',  ( -7.499999999999991118, 13.16531363504083529, 12.99038105676654986 ) ) ;
#772 = CARTESIAN_POINT ( 'NONE',  ( -10.05105758792065274, 10.84305909487751585, -10.05105758792067050 ) ) ;
#773 = EDGE_LOOP ( 'NONE', ( #3459, #2773, #3714, #5851 ) ) ;
#774 = CARTESIAN_POINT ( 'NONE',  ( 1.978977131645764054, 25.25000000000000000, -3.427688939027459636 ) ) ;
#775 = EDGE_LOOP ( 'NONE', ( #333, #4963, #1463, #6941 ) ) ;
#776 = CARTESIAN_POINT ( 'NONE',  ( -3.749999997378322014, 25.25000000000000355, -0.1145523546354150768 ) ) ;
#777 = DIRECTION ( 'NONE',  ( 0.5000000000000033307, 0.000000000000000000, 0.8660254037844365982 ) ) ;
#778 = CARTESIAN_POINT ( 'NONE',  ( 2.828325275186348797, 24.39435973609925057, 3.824427228701517301 ) ) ;
#779 = CARTESIAN_POINT ( 'NONE',  ( 0.6596826811492318976, 31.75000000000000000, -2.242603920623771785 ) ) ;
#780 = CARTESIAN_POINT ( 'NONE',  ( 9.709082628276196834E-15, 3.546528778619145061, -13.72999999999997200 ) ) ;
#781 = CARTESIAN_POINT ( 'NONE',  ( -1.646428807585831988, 31.77376204665335280, -0.5230566955692431685 ) ) ;
#782 = CARTESIAN_POINT ( 'NONE',  ( 1.559559217908374373, 31.97766877619274339, 1.959142720775944202 ) ) ;
#783 = EDGE_CURVE ( 'NONE', #4848, #1600, #290, .T. ) ;
#784 = ADVANCED_FACE ( 'NONE', ( #7276 ), #7383, .T. ) ;
#785 = ORIENTED_EDGE ( 'NONE', *, *, #5031, .F. ) ;
#786 = EDGE_CURVE ( 'NONE', #4187, #5116, #4441, .T. ) ;
#787 = CARTESIAN_POINT ( 'NONE',  ( -2.247358411217712071, 31.81243608798292044, -0.5559420769486396185 ) ) ;
#788 = DIRECTION ( 'NONE',  ( -0.5000000000000039968, 0.000000000000000000, -0.8660254037844362651 ) ) ;
#789 = EDGE_CURVE ( 'NONE', #5416, #3192, #1617, .T. ) ;
#790 = ADVANCED_FACE ( 'NONE', ( #4588 ), #2310, .F. ) ;
#791 = FACE_OUTER_BOUND ( 'NONE', #3167, .T. ) ;
#792 = CARTESIAN_POINT ( 'NONE',  ( 0.8631214816556662672, 32.00000049174456507, -2.346278182336507978 ) ) ;
#793 = CARTESIAN_POINT ( 'NONE',  ( 2.759115386661487257, 25.49999996525561130, 3.868978776517800977 ) ) ;
#794 = CARTESIAN_POINT ( 'NONE',  ( -0.2616181530041511993, 7.613812810115970109, -14.99798743192568296 ) ) ;
#795 = ORIENTED_EDGE ( 'NONE', *, *, #4244, .F. ) ;
#796 = CARTESIAN_POINT ( 'NONE',  ( 14.93056746709346427, 12.53781128511837473, 1.441580767965936261 ) ) ;
#797 = CARTESIAN_POINT ( 'NONE',  ( -1.311753616059032242E-14, 12.49405909487751742, 13.47599999999996889 ) ) ;
#798 = CARTESIAN_POINT ( 'NONE',  ( 14.74599999999996491, 9.524646968374167244, 1.773672520132326906E-15 ) ) ;
#799 = CARTESIAN_POINT ( 'NONE',  ( 2.643957722821862255, 25.25000000000000000, -3.946135775658333511 ) ) ;
#800 = CARTESIAN_POINT ( 'NONE',  ( 14.71205990017559451, 14.70660325465341245, 2.925276111758199793 ) ) ;
#801 = CARTESIAN_POINT ( 'NONE',  ( 2.099217601281778478, 25.25000000000000000, 4.235951541562861244 ) ) ;
#802 = CARTESIAN_POINT ( 'NONE',  ( 15.00123877021581187, 1.258960367601438257, -0.1669926818908676891 ) ) ;
#803 = ORIENTED_EDGE ( 'NONE', *, *, #5901, .T. ) ;
#804 = CARTESIAN_POINT ( 'NONE',  ( 14.99999999999996803, 2.276528778619144155, 0.000000000000000000 ) ) ;
#805 = CARTESIAN_POINT ( 'NONE',  ( -6.738000000000000433, 10.99719544528581139, 11.67055834139905812 ) ) ;
#806 = EDGE_CURVE ( 'NONE', #2212, #5343, #4323, .T. ) ;
#807 = CARTESIAN_POINT ( 'NONE',  ( 0.000000000000000000, 0.000000000000000000, 0.000000000000000000 ) ) ;
#808 = CARTESIAN_POINT ( 'NONE',  ( 14.70723113375536784, 14.69920464715354136, 2.949127392686829996 ) ) ;
#809 = CARTESIAN_POINT ( 'NONE',  ( -6.864999999999974456, 10.63139242821085162, -11.89052879396032303 ) ) ;
#810 = B_SPLINE_CURVE_WITH_KNOTS ( 'NONE', 3,
 ( #2763, #3859, #549, #4475 ),
 .UNSPECIFIED., .F., .F.,
 ( 4, 4 ),
 ( 4.000968300799832876E-07, 0.001173733619637625436 ),
 .UNSPECIFIED. ) ;
#811 = ORIENTED_EDGE ( 'NONE', *, *, #4959, .F. ) ;
#812 = DIRECTION ( 'NONE',  ( 0.000000000000000000, 0.000000000000000000, -1.000000000000000000 ) ) ;
#813 = ORIENTED_EDGE ( 'NONE', *, *, #5252, .F. ) ;
#814 = CARTESIAN_POINT ( 'NONE',  ( -3.712133762045476182, 25.45447768495442631, -4.592425496802573972E-16 ) ) ;
#815 = CARTESIAN_POINT ( 'NONE',  ( -4.428317965096905340, 24.50000000000000000, -0.5500000000000000444 ) ) ;
#816 = CARTESIAN_POINT ( 'NONE',  ( 2.447072304242432050, 25.00000000000000000, -3.138453560742611170 ) ) ;
#817 = CARTESIAN_POINT ( 'NONE',  ( 4.019237886466834553, 2.494274238455827852, -14.99999999999996447 ) ) ;
#818 = CARTESIAN_POINT ( 'NONE',  ( 3.951178791589330608, 7.828274238455828815, -14.74599999999996314 ) ) ;
#819 = CYLINDRICAL_SURFACE ( 'NONE', #5197, 0.2500000000000000555 ) ;
#820 = CARTESIAN_POINT ( 'NONE',  ( 1.675915413122600839, 25.24999999999986500, -3.515453125603036355 ) ) ;
#821 = EDGE_LOOP ( 'NONE', ( #7075, #126, #744, #4084 ) ) ;
#822 = CARTESIAN_POINT ( 'NONE',  ( 16.00000000000000000, -6.769845859811632741E-16, 0.000000000000000000 ) ) ;
#823 = DIRECTION ( 'NONE',  ( 0.000000000000000000, 0.000000000000000000, -1.000000000000000000 ) ) ;
#824 = CARTESIAN_POINT ( 'NONE',  ( 1.605857500220972289, 25.13156170211682294, 4.470315614023760098 ) ) ;
#825 = CARTESIAN_POINT ( 'NONE',  ( 1.959646789077631901, 25.45434882258551923, 3.163460241678094587 ) ) ;
#826 = EDGE_CURVE ( 'NONE', #2563, #6261, #6963, .T. ) ;
#827 = CARTESIAN_POINT ( 'NONE',  ( 1.077080034238391271, 31.79552231499708981, 1.134290031447228619 ) ) ;
#828 = CARTESIAN_POINT ( 'NONE',  ( 14.74599999999996136, 9.312980301707501241, 3.951178791589339934 ) ) ;
#829 = CARTESIAN_POINT ( 'NONE',  ( 2.557136700787889794, 25.25000000000000000, 3.698124750684064210 ) ) ;
#830 = CARTESIAN_POINT ( 'NONE',  ( -0.02021997970823229476, 7.601065045691919764, -14.99999011701489415 ) ) ;
#831 = VERTEX_POINT ( 'NONE', #3516 ) ;
#832 = CIRCLE ( 'NONE', #5055, 0.2499999999999998612 ) ;
#833 = PLANE ( 'NONE',  #117 ) ;
#834 = CARTESIAN_POINT ( 'NONE',  ( -11.67055834139907589, 6.567392428210851563, 6.737999999999971124 ) ) ;
#835 = CARTESIAN_POINT ( 'NONE',  ( 2.706115156078769068, 25.24553859854827920, -3.904489554214604752 ) ) ;
#836 = CARTESIAN_POINT ( 'NONE',  ( 0.5974360651977428383, 31.88631336310442776, -2.215653998953380110 ) ) ;
#837 = DIRECTION ( 'NONE',  ( 1.642054309177379008E-17, 9.185002166361448851E-15, -1.000000000000000000 ) ) ;
#838 = CARTESIAN_POINT ( 'NONE',  ( 14.03907068513676037, 1.541897255640104714, -5.284635717237447849 ) ) ;
#839 = VERTEX_POINT ( 'NONE', #3643 ) ;
#840 = LINE ( 'NONE', #6053, #2384 ) ;
#841 = CARTESIAN_POINT ( 'NONE',  ( -6.738000000000000433, 6.103136350408306932, 11.67055834139906167 ) ) ;
#842 = TOROIDAL_SURFACE ( 'NONE', #1439, 2.250000000000000444, 0.2500000000000000000 ) ;
#843 = AXIS2_PLACEMENT_3D ( 'NONE', #3307, #3274, #3878 ) ;
#844 = CARTESIAN_POINT ( 'NONE',  ( -4.739432689913659402, 24.00000000000000000, -0.3166666666666667074 ) ) ;
#845 = CARTESIAN_POINT ( 'NONE',  ( -10.98076211353313880, 12.95364696837416396, 10.98076211353312992 ) ) ;
#846 = CARTESIAN_POINT ( 'NONE',  ( 1.657898175226895532, 31.95125945679369650, -1.579490426849993412 ) ) ;
#847 = VERTEX_POINT ( 'NONE', #6677 ) ;
#848 = VECTOR ( 'NONE', #1703, 1000.000000000000000 ) ;
#849 = VECTOR ( 'NONE', #7324, 1000.000000000000114 ) ;
#850 = FACE_OUTER_BOUND ( 'NONE', #664, .T. ) ;
#851 = ORIENTED_EDGE ( 'NONE', *, *, #3299, .T. ) ;
#852 = EDGE_CURVE ( 'NONE', #5233, #1791, #4709, .T. ) ;
#853 = FACE_OUTER_BOUND ( 'NONE', #1824, .T. ) ;
#854 = CARTESIAN_POINT ( 'NONE',  ( -14.99999999999996447, 8.658333333333331439, -4.019237886466835441 ) ) ;
#855 = CARTESIAN_POINT ( 'NONE',  ( 13.72999999999997200, 2.276528778619144600, 8.868362600661541052E-15 ) ) ;
#856 = AXIS2_PLACEMENT_3D ( 'NONE', #94, #655, #6491 ) ;
#857 = DIRECTION ( 'NONE',  ( -0.5566226784888136381, 0.000000000000000000, 0.8307654264543865574 ) ) ;
#858 = CARTESIAN_POINT ( 'NONE',  ( 1.556761361664286358, 25.45486940119457486, -3.361841685541618663 ) ) ;
#859 = ORIENTED_EDGE ( 'NONE', *, *, #5766, .F. ) ;
#860 = CIRCLE ( 'NONE', #3379, 0.2499999999999990563 ) ;
#861 = DIRECTION ( 'NONE',  ( -0.000000000000000000, -1.000000000000000000, -0.000000000000000000 ) ) ;
#862 = CARTESIAN_POINT ( 'NONE',  ( -2.233260202834127295, 31.84131709439716573, -0.5672744357169587914 ) ) ;
#863 = CARTESIAN_POINT ( 'NONE',  ( 6.864999999999968239, 6.509862111952478436, 11.89052879396032836 ) ) ;
#864 = CARTESIAN_POINT ( 'NONE',  ( 1.646224827338199193, 25.25000000000000000, 3.590920153069824483 ) ) ;
#865 = CARTESIAN_POINT ( 'NONE',  ( -4.729617442667827909, 24.29452904006662806, -0.4583271730225431662 ) ) ;
#866 = AXIS2_PLACEMENT_3D ( 'NONE', #928, #3113, #3152 ) ;
#867 = ADVANCED_FACE ( 'NONE', ( #5537 ), #2322, .F. ) ;
#868 = DIRECTION ( 'NONE',  ( 0.4999999999999919509, -0.000000000000000000, -0.8660254037844432595 ) ) ;
#869 = ORIENTED_EDGE ( 'NONE', *, *, #1199, .F. ) ;
#870 = CARTESIAN_POINT ( 'NONE',  ( 0.6253560291687054740, 31.84131709439716573, 2.217697286773619325 ) ) ;
#871 = CARTESIAN_POINT ( 'NONE',  ( 9.933175777675661067, 13.29008864231626674, 9.933175777675678830 ) ) ;
#872 = CARTESIAN_POINT ( 'NONE',  ( -4.482468775166351701E-15, 13.33464696837416774, 14.74599999999996491 ) ) ;
#873 = CARTESIAN_POINT ( 'NONE',  ( -7.453514773719368769, 10.06363711922791637, 12.90986628304717243 ) ) ;
#874 = DIRECTION ( 'NONE',  ( 0.5000000000000041078, 0.000000000000000000, 0.8660254037844362651 ) ) ;
#875 = CARTESIAN_POINT ( 'NONE',  ( -6.864999999999999325, 10.74319544528581183, 11.89052879396031059 ) ) ;
#876 = EDGE_CURVE ( 'NONE', #699, #4551, #5078, .T. ) ;
#877 = EDGE_CURVE ( 'NONE', #515, #6755, #1447, .T. ) ;
#878 = CARTESIAN_POINT ( 'NONE',  ( 2.320688811907134053, 25.00000000000000000, -2.919550930779878151 ) ) ;
#879 = EDGE_LOOP ( 'NONE', ( #7434 ) ) ;
#880 = CARTESIAN_POINT ( 'NONE',  ( 0.4816912596888763276, 32.00000000000000000, -1.434313735343015761 ) ) ;
#881 = CARTESIAN_POINT ( 'NONE',  ( -1.275043498356853489, 32.00000000000000000, 0.3000000000000000444 ) ) ;
#882 = CARTESIAN_POINT ( 'NONE',  ( 1.860168659800809587, 25.22299185172013480, -4.082786993454655899 ) ) ;
#883 = CARTESIAN_POINT ( 'NONE',  ( 12.99038105676654808, 9.541254540163329523, 7.499999999999991118 ) ) ;
#884 = CARTESIAN_POINT ( 'NONE',  ( -3.678942412079296176, 5.339725761544185545, -13.72999999999997200 ) ) ;
#885 = ORIENTED_EDGE ( 'NONE', *, *, #39, .T. ) ;
#886 = DIRECTION ( 'NONE',  ( 0.000000000000000000, 1.000000000000000000, 0.000000000000000000 ) ) ;
#887 = EDGE_LOOP ( 'NONE', ( #3411, #5606, #201, #4503 ) ) ;
#888 = CARTESIAN_POINT ( 'NONE',  ( -2.476446974785523558, 31.97766877619272918, -0.3710465410268550257 ) ) ;
#889 = CARTESIAN_POINT ( 'NONE',  ( 1.465274926358117513, 25.24373902360521527, -3.637930619508055852 ) ) ;
#890 = CARTESIAN_POINT ( 'NONE',  ( 14.53347418068680774, 14.48953584655920679, 2.914285253788960972 ) ) ;
#891 = CARTESIAN_POINT ( 'NONE',  ( 14.99999999999996447, 1.647607571789161840, -4.019237886466831000 ) ) ;
#892 = CARTESIAN_POINT ( 'NONE',  ( -10.79482120841064763, 9.944940905122496844, 10.79482120841063342 ) ) ;
#893 = CARTESIAN_POINT ( 'NONE',  ( 13.98399999999996624, 3.418118189755022129, 7.094690080529258716E-15 ) ) ;
#894 = DIRECTION ( 'NONE',  ( -0.000000000000000000, -1.000000000000000000, -0.000000000000000000 ) ) ;
#895 = EDGE_LOOP ( 'NONE', ( #3390, #2779, #5725, #2111 ) ) ;
#896 = DIRECTION ( 'NONE',  ( 0.000000000000000000, 0.000000000000000000, -1.000000000000000000 ) ) ;
#897 = ORIENTED_EDGE ( 'NONE', *, *, #2148, .F. ) ;
#898 = CARTESIAN_POINT ( 'NONE',  ( -6.864999999999974456, 9.049862111952476695, -11.89052879396032303 ) ) ;
#899 = CARTESIAN_POINT ( 'NONE',  ( -1.311753616059032242E-14, 11.60646968374164167, 13.47599999999996889 ) ) ;
#900 = CARTESIAN_POINT ( 'NONE',  ( -7.881343661021681157, 1.459508085374384256, 0.5500000000000000444 ) ) ;
#901 = CARTESIAN_POINT ( 'NONE',  ( 10.79482120841063519, 8.889646968374167457, 10.79482120841064408 ) ) ;
#902 = CARTESIAN_POINT ( 'NONE',  ( 5.503412367913862902, 10.44363398001932453, 13.96684618803635480 ) ) ;
#903 = EDGE_LOOP ( 'NONE', ( #6782 ) ) ;
#904 = DIRECTION ( 'NONE',  ( -0.000000000000000000, -1.000000000000000000, -0.000000000000000000 ) ) ;
#905 = CARTESIAN_POINT ( 'NONE',  ( -1.248540535529918371E-14, 12.65508864231627051, 13.56897045256121537 ) ) ;
#906 = FACE_OUTER_BOUND ( 'NONE', #1532, .T. ) ;
#907 = CARTESIAN_POINT ( 'NONE',  ( 1.374658828532599575, 32.00000000000054712, -2.093091697515262695 ) ) ;
#908 = FACE_OUTER_BOUND ( 'NONE', #4073, .T. ) ;
#909 = CARTESIAN_POINT ( 'NONE',  ( 1.257428294601796503, 25.29434737471268946, 3.277929693124965294 ) ) ;
#910 = ORIENTED_EDGE ( 'NONE', *, *, #3908, .T. ) ;
#911 = DIRECTION ( 'NONE',  ( 0.000000000000000000, 0.000000000000000000, 1.000000000000000000 ) ) ;
#912 = CARTESIAN_POINT ( 'NONE',  ( 1.086754632981142610, 24.25000000000000000, -2.982314239684264123 ) ) ;
#913 = CARTESIAN_POINT ( 'NONE',  ( -2.233260202834127295, 31.93263418879432081, -0.3345488714339186487 ) ) ;
#914 = CARTESIAN_POINT ( 'NONE',  ( -4.428317981554192428, 25.06576898630443395, 0.5500000000000000444 ) ) ;
#915 =( BOUNDED_SURFACE ( )  B_SPLINE_SURFACE ( 3, 2, ( 
 ( #3094, #4880, #1482 ),
 ( #294, #6088, #251 ),
 ( #7145, #3201, #6700 ),
 ( #2075, #7184, #1964 ),
 ( #2000, #361, #7263 ),
 ( #4277, #880, #3627 ) ),
 .UNSPECIFIED., .F., .F., .T. ) 
 B_SPLINE_SURFACE_WITH_KNOTS ( ( 4, 2, 4 ),
 ( 3, 3 ),
 ( 4.712388980384689674, 5.497787143782137953, 6.283185307179586232 ),
 ( 0.000000000000000000, 1.000000000000000000 ),
 .UNSPECIFIED. ) 
 GEOMETRIC_REPRESENTATION_ITEM ( )  RATIONAL_B_SPLINE_SURFACE ( (
 ( 1.000000000000000000, 0.7071067811865475727, 1.000000000000000000),
 ( 1.000000000000000000, 0.7240319495162907959, 1.000000000000000000),
 ( 1.000000000000000000, 0.7400337300378808658, 1.000000000000000000),
 ( 1.000000000000000000, 0.7624685499312159331, 1.000000000000000000),
 ( 1.000000000000000000, 0.7688833480572657697, 1.000000000000000000),
 ( 1.000000000000000000, 0.7687942703292983682, 1.000000000000000000) ) ) 
 REPRESENTATION_ITEM ( '' )  SURFACE ( )  );
#916 = EDGE_CURVE ( 'NONE', #1972, #1972, #6034, .T. ) ;
#917 = CARTESIAN_POINT ( 'NONE',  ( 9.709082628276193679E-15, 5.128059094877517765, -13.72999999999997200 ) ) ;
#918 = EDGE_CURVE ( 'NONE', #6469, #2380, #4076, .T. ) ;
#919 = VERTEX_POINT ( 'NONE', #523 ) ;
#920 = CARTESIAN_POINT ( 'NONE',  ( 1.584592631793855899, 32.00000000000000000, -1.144594947566274223 ) ) ;
#921 = ORIENTED_EDGE ( 'NONE', *, *, #10, .F. ) ;
#922 = CARTESIAN_POINT ( 'NONE',  ( -3.933234216635501213, 25.25000000000000000, -0.3676198518644300250 ) ) ;
#923 = CARTESIAN_POINT ( 'NONE',  ( 1.583895925683419081, 25.34489806066956774, -3.395419555217711327 ) ) ;
#924 = CARTESIAN_POINT ( 'NONE',  ( -10.05105758792065274, 9.261528778619140923, -10.05105758792067050 ) ) ;
#925 = CARTESIAN_POINT ( 'NONE',  ( -4.481119310797846644, 25.25000000000000000, -0.3663736594757788789 ) ) ;
#926 = DIRECTION ( 'NONE',  ( 0.000000000000000000, -0.000000000000000000, 1.000000000000000000 ) ) ;
#927 = ORIENTED_EDGE ( 'NONE', *, *, #4838, .T. ) ;
#928 = CARTESIAN_POINT ( 'NONE',  ( 1.438603569110559866, 32.02262672620886974, 1.730005714135753436 ) ) ;
#929 = ORIENTED_EDGE ( 'NONE', *, *, #4616, .F. ) ;
#930 = CARTESIAN_POINT ( 'NONE',  ( -10.05105758792065274, 9.261528778619140923, -10.05105758792067050 ) ) ;
#931 = CYLINDRICAL_SURFACE ( 'NONE', #1288, 0.2500000000000003886 ) ;
#932 = CARTESIAN_POINT ( 'NONE',  ( 1.067107390400430456, 32.00000000000000000, 1.096323574990541339 ) ) ;
#933 = CARTESIAN_POINT ( 'NONE',  ( 14.74599999999996491, 9.524646968374167244, 1.773672520132326906E-15 ) ) ;
#934 =( GEOMETRIC_REPRESENTATION_CONTEXT ( 3 ) GLOBAL_UNCERTAINTY_ASSIGNED_CONTEXT ( ( #3157 ) ) GLOBAL_UNIT_ASSIGNED_CONTEXT ( ( #3289, #5638, #2762 ) ) REPRESENTATION_CONTEXT ( 'NONE', 'WORKASPACE' ) );
#935 = ADVANCED_FACE ( 'NONE', ( #5008 ), #1026, .T. ) ;
#936 = CARTESIAN_POINT ( 'NONE',  ( -2.095611225945209988, 10.02767808682000528, 14.86110470063757738 ) ) ;
#937 = VERTEX_POINT ( 'NONE', #5110 ) ;
#938 = CARTESIAN_POINT ( 'NONE',  ( 1.607904173665406500, 31.84131709439718705, 1.650422851056686735 ) ) ;
#939 = CARTESIAN_POINT ( 'NONE',  ( 11.89052879396032303, 4.281392428210851087, -6.864999999999977121 ) ) ;
#940 = CARTESIAN_POINT ( 'NONE',  ( 10.79482120841064052, 5.079646968374166960, -10.79482120841063697 ) ) ;
#941 = CARTESIAN_POINT ( 'NONE',  ( 2.690472954629861135, 24.50000000000000000, -3.560035853808956041 ) ) ;
#942 = DIRECTION ( 'NONE',  ( -0.000000000000000000, -1.000000000000000000, -0.000000000000000000 ) ) ;
#943 = DIRECTION ( 'NONE',  ( 0.000000000000000000, 1.000000000000000000, 0.000000000000000000 ) ) ;
#944 = TOROIDAL_SURFACE ( 'NONE', #2259, 5.000000000000000000, 0.2500000000000000000 ) ;
#945 = CARTESIAN_POINT ( 'NONE',  ( -2.248952172705011687, 2.641672858906630950, -14.84484048322509864 ) ) ;
#946 = EDGE_LOOP ( 'NONE', ( #3373, #5596, #1895, #1149 ) ) ;
#947 = EDGE_LOOP ( 'NONE', ( #4522, #1334, #1489, #2143 ) ) ;
#948 = CARTESIAN_POINT ( 'NONE',  ( 2.643957722821919543, 24.00000000000000000, 3.946135775658299760 ) ) ;
#949 = CARTESIAN_POINT ( 'NONE',  ( 13.47599999999996179, 7.584803017074972509, 3.610883317201822873 ) ) ;
#950 = CARTESIAN_POINT ( 'NONE',  ( -3.709908751137423355, 25.04111292965262336, 0.5500000000000000444 ) ) ;
#951 = CIRCLE ( 'NONE', #391, 0.5079999999999946780 ) ;
#952 = LINE ( 'NONE', #6778, #719 ) ;
#953 = ADVANCED_FACE ( 'NONE', ( #1627 ), #5988, .F. ) ;
#954 = ORIENTED_EDGE ( 'NONE', *, *, #2015, .F. ) ;
#955 = CARTESIAN_POINT ( 'NONE',  ( 1.813415436812631176, 32.23023509435594747, 1.722947495110158211 ) ) ;
#956 = VERTEX_POINT ( 'NONE', #2649 ) ;
#957 = CARTESIAN_POINT ( 'NONE',  ( -4.465903352397400994, 24.27705500085221502, -0.4303194864841234368 ) ) ;
#958 =( BOUNDED_SURFACE ( )  B_SPLINE_SURFACE ( 3, 2, ( 
 ( #5011, #6247, #2206 ),
 ( #3869, #453, #4521 ),
 ( #1640, #5614, #3934 ),
 ( #1076, #6969, #148 ) ),
 .UNSPECIFIED., .F., .F., .T. ) 
 B_SPLINE_SURFACE_WITH_KNOTS ( ( 4, 4 ),
 ( 3, 3 ),
 ( -4.336808689942017736E-19, 0.0004683498465766960722 ),
 ( 0.000000000000000000, 1.000000000000000000 ),
 .UNSPECIFIED. ) 
 GEOMETRIC_REPRESENTATION_ITEM ( )  RATIONAL_B_SPLINE_SURFACE ( (
 ( 1.000000000000000000, 0.9958117304451827856, 1.000000000000000000),
 ( 1.000000000000000000, 0.9958117401806210189, 1.000000000000000000),
 ( 1.000000000000000000, 0.9958525277145101606, 1.000000000000000000),
 ( 1.000000000000000000, 0.9959308050021822289, 1.000000000000000000) ) ) 
 REPRESENTATION_ITEM ( '' )  SURFACE ( )  );
#959 = CARTESIAN_POINT ( 'NONE',  ( -7.499999999999980460, 8.023333333333333428, -12.99038105676655341 ) ) ;
#960 = CARTESIAN_POINT ( 'NONE',  ( 1.605857473938688607, 25.13638410143528290, -4.470315623464998112 ) ) ;
#961 = CARTESIAN_POINT ( 'NONE',  ( 1.874999999999970024, 25.25000000000000355, -3.247595264191662778 ) ) ;
#962 = CARTESIAN_POINT ( 'NONE',  ( 3.951178791589316397, 8.466313635040830121, 14.74599999999996847 ) ) ;
#963 = CARTESIAN_POINT ( 'NONE',  ( -2.397453121271053700, 32.23152675840152170, -0.7136048840696499473 ) ) ;
#964 = CIRCLE ( 'NONE', #4938, 0.2499999999999998890 ) ;
#965 = VECTOR ( 'NONE', #3720, 1000.000000000000000 ) ;
#966 = EDGE_LOOP ( 'NONE', ( #2761, #721, #4285, #127, #2946, #6900, #1765 ) ) ;
#967 = EDGE_CURVE ( 'NONE', #1539, #3227, #3610, .T. ) ;
#968 = CARTESIAN_POINT ( 'NONE',  ( 0.000000000000000000, 16.00000000000000000, 0.000000000000000000 ) ) ;
#969 = ORIENTED_EDGE ( 'NONE', *, *, #3772, .T. ) ;
#970 = CARTESIAN_POINT ( 'NONE',  ( 1.766661771583859730, 25.13083000848441273, 4.105489229112566640 ) ) ;
#971 = CARTESIAN_POINT ( 'NONE',  ( -2.504179498753885014, 31.97743070672902377, -0.1247133674662384145 ) ) ;
#972 = CARTESIAN_POINT ( 'NONE',  ( -4.739432689913659402, 24.00000000000000000, 0.3166666666666667074 ) ) ;
#973 = CIRCLE ( 'NONE', #5669, 4.750000000000000000 ) ;
#974 = CIRCLE ( 'NONE', #7365, 0.2499999999999997502 ) ;
#975 = CARTESIAN_POINT ( 'NONE',  ( 0.6253560291687054740, 31.84131709439716573, 2.217697286773619325 ) ) ;
#976 = CARTESIAN_POINT ( 'NONE',  ( 13.41638876461474084, 11.03044616496078412, 6.782504641309233584 ) ) ;
#977 = ORIENTED_EDGE ( 'NONE', *, *, #4566, .T. ) ;
#978 = CARTESIAN_POINT ( 'NONE',  ( 2.039382577144030151, 24.50000000000000000, -2.432314239684273183 ) ) ;
#979 = CARTESIAN_POINT ( 'NONE',  ( -11.89052879396032480, 6.821392428210851122, 6.864999999999974456 ) ) ;
#980 = CARTESIAN_POINT ( 'NONE',  ( -3.941516664322726182, 25.24999999998928857, 0.2999999999999262701 ) ) ;
#981 = AXIS2_PLACEMENT_3D ( 'NONE', #968, #5392, #4332 ) ;
#982 = DIRECTION ( 'NONE',  ( -0.000000000000000000, -1.000000000000000000, -0.000000000000000000 ) ) ;
#983 = CARTESIAN_POINT ( 'NONE',  ( -2.196827922299915414, 31.95125945679359702, -0.6460367232092031342 ) ) ;
#984 = DIRECTION ( 'NONE',  ( 0.000000000000000000, -0.5452534524177362618, -0.8382712404863592592 ) ) ;
#985 = CARTESIAN_POINT ( 'NONE',  ( -5.583135181121764212, 2.829235264907792313, -13.92223458158843030 ) ) ;
#986 = EDGE_LOOP ( 'NONE', ( #954, #7199, #3544, #82 ) ) ;
#987 = ORIENTED_EDGE ( 'NONE', *, *, #7222, .F. ) ;
#988 = CARTESIAN_POINT ( 'NONE',  ( 1.291148909142436407, 31.77666635476308343, 1.136335510771817159 ) ) ;
#989 = CARTESIAN_POINT ( 'NONE',  ( -2.487489291557185123, 31.78990666390663122, -0.5499999999999993783 ) ) ;
#990 = PRODUCT_DEFINITION ( 'General', '', #5159, #7245 ) ;
#991 = CARTESIAN_POINT ( 'NONE',  ( 2.230565953296646864, 25.24999999998928502, 3.263453560743210691 ) ) ;
#992 = CARTESIAN_POINT ( 'NONE',  ( -14.99999999999996803, 12.50458787349666068, -1.836970198721026433E-15 ) ) ;
#993 = DIRECTION ( 'NONE',  ( 3.052344535003915238E-08, 0.9999999999999995559, 6.120627887004214552E-09 ) ) ;
#994 = B_SPLINE_CURVE_WITH_KNOTS ( 'NONE', 3,
 ( #3760, #4380, #4413, #7352, #4523, #6684 ),
 .UNSPECIFIED., .F., .F.,
 ( 4, 2, 4 ),
 ( 0.000000000000000000, 0.0004060167135378136161, 0.0008120334270756272323 ),
 .UNSPECIFIED. ) ;
#995 = ORIENTED_EDGE ( 'NONE', *, *, #2977, .F. ) ;
#996 = VERTEX_POINT ( 'NONE', #2080 ) ;
#997 = CARTESIAN_POINT ( 'NONE',  ( 0.6596826811492320086, 31.75000000000000000, -2.242603920623771341 ) ) ;
#998 = CARTESIAN_POINT ( 'NONE',  ( -14.99999999999996447, 8.844274238455827941, -4.019237886466835441 ) ) ;
#999 = CARTESIAN_POINT ( 'NONE',  ( 10.05105758792065274, 6.721528778619143552, 10.05105758792067228 ) ) ;
#1000 = CARTESIAN_POINT ( 'NONE',  ( 1.871643027385640146, 25.25000000000000000, -3.489658309788173707 ) ) ;
#1001 = CARTESIAN_POINT ( 'NONE',  ( 2.676604605143670608E-15, 10.79464696837416682, -14.74599999999996491 ) ) ;
#1002 = FACE_OUTER_BOUND ( 'NONE', #1549, .T. ) ;
#1003 = EDGE_LOOP ( 'NONE', ( #1183, #2599, #3200, #368 ) ) ;
#1004 = CARTESIAN_POINT ( 'NONE',  ( -2.225693328943369131, 31.85681841226308819, 0.5733568586393888999 ) ) ;
#1005 = ORIENTED_EDGE ( 'NONE', *, *, #529, .T. ) ;
#1006 =( BOUNDED_SURFACE ( )  B_SPLINE_SURFACE ( 3, 2, ( 
 ( #6224, #3421, #5100 ),
 ( #1087, #2102, #6867 ),
 ( #3342, #5658, #1688 ),
 ( #429, #2711, #499 ) ),
 .UNSPECIFIED., .F., .F., .T. ) 
 B_SPLINE_SURFACE_WITH_KNOTS ( ( 4, 4 ),
 ( 3, 3 ),
 ( 0.001132512585424736481, 0.001234538466210213098 ),
 ( 0.000000000000000000, 1.000000000000000000 ),
 .UNSPECIFIED. ) 
 GEOMETRIC_REPRESENTATION_ITEM ( )  RATIONAL_B_SPLINE_SURFACE ( (
 ( 1.000000000000000000, 0.7314725590610077210, 1.000000000000000000),
 ( 1.000000000000000000, 0.7364911722574312147, 1.000000000000000000),
 ( 1.000000000000000000, 0.7449905211635245994, 1.000000000000000000),
 ( 1.000000000000000000, 0.7556112545594116936, 1.000000000000000000) ) ) 
 REPRESENTATION_ITEM ( '' )  SURFACE ( )  );
#1007 = CARTESIAN_POINT ( 'NONE',  ( 3.610883317201783349, 11.81813635040830590, 13.47599999999997600 ) ) ;
#1008 =( NAMED_UNIT ( * ) PLANE_ANGLE_UNIT ( ) SI_UNIT ( $, .RADIAN. ) );
#1009 = EDGE_CURVE ( 'NONE', #1791, #2433, #4117, .T. ) ;
#1010 = EDGE_CURVE ( 'NONE', #6970, #4551, #7302, .T. ) ;
#1011 = EDGE_CURVE ( 'NONE', #2815, #1573, #3388, .T. ) ;
#1012 = EDGE_CURVE ( 'NONE', #5142, #5650, #3301, .T. ) ;
#1013 = EDGE_CURVE ( 'NONE', #4133, #6977, #7121, .T. ) ;
#1014 = DIRECTION ( 'NONE',  ( 0.000000000000000000, -0.1583515888048947495, -0.9873827901695297893 ) ) ;
#1015 = CARTESIAN_POINT ( 'NONE',  ( 3.610883317201783349, 6.738136350408305830, 13.47599999999997600 ) ) ;
#1016 = CARTESIAN_POINT ( 'NONE',  ( -11.89052879396031059, 5.974725761544184444, -6.864999999999997549 ) ) ;
#1017 = LINE ( 'NONE', #1542, #7229 ) ;
#1018 = CARTESIAN_POINT ( 'NONE',  ( 1.605109831157532918, 31.81212974382018643, -1.668488032666266774 ) ) ;
#1019 = DIRECTION ( 'NONE',  ( -0.000000000000000000, -1.000000000000000000, 0.000000000000000000 ) ) ;
#1020 = LINE ( 'NONE', #7326, #1207 ) ;
#1021 = CARTESIAN_POINT ( 'NONE',  ( -8.485337695942341441, 4.574541896723796519, 12.36942566548847999 ) ) ;
#1022 = ORIENTED_EDGE ( 'NONE', *, *, #5889, .T. ) ;
#1023 = ORIENTED_EDGE ( 'NONE', *, *, #2107, .F. ) ;
#1024 = CARTESIAN_POINT ( 'NONE',  ( 2.230565953296321346, 25.00000000000000000, -3.263453560742608950 ) ) ;
#1025 = FACE_OUTER_BOUND ( 'NONE', #3333, .T. ) ;
#1026 =( BOUNDED_SURFACE ( )  B_SPLINE_SURFACE ( 3, 2, ( 
 ( #7278, #1113, #6713, #2769, #2699, #6243, #5088, #2090, #2810, #2126, #3406, #3367, #376, #1529, #2663, #2202, #4517, #3826, #4443, #962, #5687, #5123, #7415, #2234, #416, #1565, #3864, #7313, #6750, #6177, #1001, #3294, #5611, #450, #2732, #1606, #7347, #2163, #4482, #6788, #3899, #6211, #1040, #1822, #37, #4590, #662, #2951, #5301 ),
 ( #4736, #4693, #3439, #3549, #2427, #5861, #7449, #1146, #7041, #697, #4010, #2918, #5828, #5793, #588, #5230, #1780, #4125, #5754, #1178, #554, #3477, #4080, #2387, #5195, #4661, #6430, #2989, #628, #2874, #143, #5263, #72, #2353, #4042, #1857, #2841, #4626, #4166, #6347, #6391, #104, #1220, #3517, #5155, #2270, #6467, #7003, #1290 ),
 ( #6929, #5719, #2312, #6892, #1714, #1256, #6316, #1748, #6965, #5976, #7072, #4280, #4361, #1893, #6500, #3701, #4200, #2466, #5900, #3740, #6544, #5492, #7109, #330, #2542, #6666, #4844, #5414, #255, #5941, #3585, #6056, #4768, #6625, #7150, #1967, #2613, #1442, #6583, #845, #771, #7223, #1933, #1368, #5458, #4243, #4917, #6013, #808 ),
 ( #3097, #1402, #2042, #2003, #1330, #3064, #214, #739, #3137, #3631, #297, #5379, #2499, #2576, #3663, #3028, #5341, #180, #4802, #4883, #7187, #4315, #883, #3171, #6166, #4542, #6704, #5034, #4469, #4432, #475, #2797, #1519, #3814, #7372, #4397, #992, #6776, #7267, #511, #2755, #3850, #6123, #5673, #2149, #1485, #5075, #3782, #2191 ) ),
 .UNSPECIFIED., .F., .F., .T. ) 
 B_SPLINE_SURFACE_WITH_KNOTS ( ( 4, 4 ),
 ( 3, 2, 2, 2, 2, 2, 2, 2, 2, 2, 2, 2, 2, 2, 2, 2, 2, 2, 2, 2, 2, 2, 2, 2, 3 ),
 ( 0.000000000000000000, 1.000000000000000000 ),
 ( 0.000000000000000000, 0.04166666666666666435, 0.08333333333333332871, 0.1250000000000000000, 0.1666666666666666574, 0.2083333333333333426, 0.2500000000000000000, 0.2916666666666666852, 0.3333333333333333148, 0.3750000000000000000, 0.4166666666666666852, 0.4583333333333333148, 0.5000000000000000000, 0.5416666666666666297, 0.5833333333333333703, 0.6250000000000000000, 0.6666666666666666297, 0.7083333333333333703, 0.7500000000000000000, 0.7916666666666666297, 0.8333333333333333703, 0.8750000000000000000, 0.9166666666666666297, 0.9583333333333333703, 0.9842244457694813153 ),
 .UNSPECIFIED. ) 
 GEOMETRIC_REPRESENTATION_ITEM ( )  RATIONAL_B_SPLINE_SURFACE ( (
 ( 1.000000000000000000, 0.9659258262890683122, 1.000000000000000000, 0.9659258262890683122, 1.000000000000000000, 0.9659258262890683122, 1.000000000000000000, 0.9659258262890683122, 1.000000000000000000, 0.9659258262890683122, 1.000000000000000000, 0.9659258262890683122, 1.000000000000000000, 0.9659258262890683122, 1.000000000000000000, 0.9659258262890683122, 1.000000000000000000, 0.9659258262890683122, 1.000000000000000000, 0.9659258262890683122, 1.000000000000000000, 0.9659258262890683122, 1.000000000000000000, 0.9659258262890683122, 1.000000000000000000, 0.9659258262890683122, 1.000000000000000000, 0.9659258262890683122, 1.000000000000000000, 0.9659258262890683122, 1.000000000000000000, 0.9659258262890683122, 1.000000000000000000, 0.9659258262890683122, 1.000000000000000000, 0.9659258262890683122, 1.000000000000000000, 0.9659258262890683122, 1.000000000000000000, 0.9659258262890683122, 1.000000000000000000, 0.9659258262890683122, 1.000000000000000000, 0.9659258262890683122, 1.000000000000000000, 0.9659258262890683122, 1.000000000000000000, 0.9788267616947543548, 0.9839670606822352728),
 ( 0.9106836025229579912, 0.8796528112548936962, 0.9106836025229579912, 0.8796528112548936962, 0.9106836025229579912, 0.8796528112548936962, 0.9106836025229579912, 0.8796528112548936962, 0.9106836025229579912, 0.8796528112548936962, 0.9106836025229579912, 0.8796528112548936962, 0.9106836025229579912, 0.8796528112548936962, 0.9106836025229579912, 0.8796528112548936962, 0.9106836025229579912, 0.8796528112548936962, 0.9106836025229579912, 0.8796528112548936962, 0.9106836025229579912, 0.8796528112548936962, 0.9106836025229579912, 0.8796528112548936962, 0.9106836025229579912, 0.8796528112548936962, 0.9106836025229579912, 0.8796528112548936962, 0.9106836025229579912, 0.8796528112548936962, 0.9106836025229579912, 0.8796528112548936962, 0.9106836025229579912, 0.8796528112548936962, 0.9106836025229579912, 0.8796528112548936962, 0.9106836025229579912, 0.8796528112548936962, 0.9106836025229579912, 0.8796528112548936962, 0.9106836025229579912, 0.8796528112548936962, 0.9106836025229579912, 0.8796528112548936962, 0.9106836025229579912, 0.8796528112548936962, 0.9106836025229579912, 0.8914014815860598073, 0.8960826675860240620),
 ( 0.9106836025229579912, 0.8796528112548936962, 0.9106836025229579912, 0.8796528112548936962, 0.9106836025229579912, 0.8796528112548936962, 0.9106836025229579912, 0.8796528112548936962, 0.9106836025229579912, 0.8796528112548936962, 0.9106836025229579912, 0.8796528112548936962, 0.9106836025229579912, 0.8796528112548936962, 0.9106836025229579912, 0.8796528112548936962, 0.9106836025229579912, 0.8796528112548936962, 0.9106836025229579912, 0.8796528112548936962, 0.9106836025229579912, 0.8796528112548936962, 0.9106836025229579912, 0.8796528112548936962, 0.9106836025229579912, 0.8796528112548936962, 0.9106836025229579912, 0.8796528112548936962, 0.9106836025229579912, 0.8796528112548936962, 0.9106836025229579912, 0.8796528112548936962, 0.9106836025229579912, 0.8796528112548936962, 0.9106836025229579912, 0.8796528112548936962, 0.9106836025229579912, 0.8796528112548936962, 0.9106836025229579912, 0.8796528112548936962, 0.9106836025229579912, 0.8796528112548936962, 0.9106836025229579912, 0.8796528112548936962, 0.9106836025229579912, 0.8796528112548936962, 0.9106836025229579912, 0.8914014815860598073, 0.8960826675860240620),
 ( 1.000000000000000000, 0.9659258262890683122, 1.000000000000000000, 0.9659258262890683122, 1.000000000000000000, 0.9659258262890683122, 1.000000000000000000, 0.9659258262890683122, 1.000000000000000000, 0.9659258262890683122, 1.000000000000000000, 0.9659258262890683122, 1.000000000000000000, 0.9659258262890683122, 1.000000000000000000, 0.9659258262890683122, 1.000000000000000000, 0.9659258262890683122, 1.000000000000000000, 0.9659258262890683122, 1.000000000000000000, 0.9659258262890683122, 1.000000000000000000, 0.9659258262890683122, 1.000000000000000000, 0.9659258262890683122, 1.000000000000000000, 0.9659258262890683122, 1.000000000000000000, 0.9659258262890683122, 1.000000000000000000, 0.9659258262890683122, 1.000000000000000000, 0.9659258262890683122, 1.000000000000000000, 0.9659258262890683122, 1.000000000000000000, 0.9659258262890683122, 1.000000000000000000, 0.9659258262890683122, 1.000000000000000000, 0.9659258262890683122, 1.000000000000000000, 0.9659258262890683122, 1.000000000000000000, 0.9659258262890683122, 1.000000000000000000, 0.9788267616947543548, 0.9839670606822352728) ) ) 
 REPRESENTATION_ITEM ( '' )  SURFACE ( )  );
#1027 = CARTESIAN_POINT ( 'NONE',  ( 7.499999999999985789, 5.731254540163329025, -12.99038105676655164 ) ) ;
#1028 = PRODUCT ( 'Cap 1', 'Cap 1', '', ( #4438 ) ) ;
#1029 = DIRECTION ( 'NONE',  ( 0.000000000000000000, 0.000000000000000000, -1.000000000000000000 ) ) ;
#1030 = CARTESIAN_POINT ( 'NONE',  ( -4.730356052295813463, 24.00000000000000355, 0.4525133394262046416 ) ) ;
#1031 = DIRECTION ( 'NONE',  ( 0.9832820049844610555, -0.1820892601823026480, 0.000000000000000000 ) ) ;
#1032 = DIRECTION ( 'NONE',  ( 0.8660254037844432595, 0.000000000000000000, 0.4999999999999918399 ) ) ;
#1033 = ADVANCED_FACE ( 'NONE', ( #5253, #5783 ), #95, .T. ) ;
#1034 = CARTESIAN_POINT ( 'NONE',  ( -4.713942604772727307, 25.44580976210153977, -0.5923802036589896902 ) ) ;
#1035 = ORIENTED_EDGE ( 'NONE', *, *, #3395, .T. ) ;
#1036 = LINE ( 'NONE', #2197, #590 ) ;
#1037 = CARTESIAN_POINT ( 'NONE',  ( 14.89046887614205872, 11.48720821838839079, 2.035324612882551953 ) ) ;
#1038 = CARTESIAN_POINT ( 'NONE',  ( 14.75505934405264874, 11.69049863325152039, 2.699671045420841686 ) ) ;
#1039 = CARTESIAN_POINT ( 'NONE',  ( 2.504802053199661760, 25.25000000000000000, -3.738444419044739675 ) ) ;
#1040 = CARTESIAN_POINT ( 'NONE',  ( -4.482468775166353279E-15, 13.33464696837416774, 14.74599999999996491 ) ) ;
#1041 = CARTESIAN_POINT ( 'NONE',  ( 1.640638444698752529, 25.27049273080753622, 3.468644154357083842 ) ) ;
#1042 = ORIENTED_EDGE ( 'NONE', *, *, #5647, .T. ) ;
#1043 = DIRECTION ( 'NONE',  ( -0.000000000000000000, 0.000000000000000000, 1.000000000000000000 ) ) ;
#1044 = ORIENTED_EDGE ( 'NONE', *, *, #5378, .T. ) ;
#1045 = B_SPLINE_CURVE_WITH_KNOTS ( 'NONE', 3,
 ( #5440, #280, #4865, #7171 ),
 .UNSPECIFIED., .F., .F.,
 ( 4, 4 ),
 ( 0.000000000000000000, 0.0001019972411728842275 ),
 .UNSPECIFIED. ) ;
#1046 = CARTESIAN_POINT ( 'NONE',  ( 13.47599999999996179, 7.584803017074972509, 3.610883317201822873 ) ) ;
#1047 = CARTESIAN_POINT ( 'NONE',  ( -2.463922979654538548, 32.02262672620886264, -0.4231826441742396749 ) ) ;
#1048 = EDGE_CURVE ( 'NONE', #7298, #3784, #5313, .T. ) ;
#1049 = CARTESIAN_POINT ( 'NONE',  ( 6.971822525269978144, 10.53041416039400602, 13.28541739705541680 ) ) ;
#1050 = CARTESIAN_POINT ( 'NONE',  ( 11.67055834139907411, 3.139803017074974001, -6.737999999999973788 ) ) ;
#1051 = CARTESIAN_POINT ( 'NONE',  ( -6.864999999999999325, 7.244725761544184017, 11.89052879396031059 ) ) ;
#1052 = CARTESIAN_POINT ( 'NONE',  ( 14.81603759502048767, 14.24959981249098284, 2.366394233333260377 ) ) ;
#1053 = DIRECTION ( 'NONE',  ( 0.9346551486583596358, 0.000000000000000000, -0.3555555555555556246 ) ) ;
#1054 = CARTESIAN_POINT ( 'NONE',  ( -5.510187625248539334, 2.824982647229652422, -13.95138311599596825 ) ) ;
#1055 = ORIENTED_EDGE ( 'NONE', *, *, #2533, .T. ) ;
#1056 = DIRECTION ( 'NONE',  ( 0.000000000000000000, 1.000000000000000000, 0.000000000000000000 ) ) ;
#1057 = CARTESIAN_POINT ( 'NONE',  ( 12.77041060420529561, 14.18131363504083353, 7.372999999999991338 ) ) ;
#1058 = CARTESIAN_POINT ( 'NONE',  ( -3.742156898118563557, 25.25000000000000000, 0.2278505721786435734 ) ) ;
#1059 = CARTESIAN_POINT ( 'NONE',  ( -1.275043498356853489, 31.75000000000000000, 0.3000000000000000444 ) ) ;
#1060 = TOROIDAL_SURFACE ( 'NONE', #2023, 4.500000000000000000, 0.2500000000000000000 ) ;
#1061 = CARTESIAN_POINT ( 'NONE',  ( -4.674335629824510008, 24.36362238505854805, 0.8444444444444443310 ) ) ;
#1062 = CARTESIAN_POINT ( 'NONE',  ( -6.864999999999999325, 12.32472576154418498, 11.89052879396031059 ) ) ;
#1063 = CARTESIAN_POINT ( 'NONE',  ( 0.3586667192130833515, 32.00000000000000000, -2.221228980661139385 ) ) ;
#1064 = CARTESIAN_POINT ( 'NONE',  ( 1.938119294742457699, 32.00000000000000000, 1.579143311845698117 ) ) ;
#1065 = B_SPLINE_CURVE_WITH_KNOTS ( 'NONE', 3,
 ( #5869, #4810, #4743, #6552, #1830, #816 ),
 .UNSPECIFIED., .F., .F.,
 ( 4, 2, 4 ),
 ( 0.000000000000000000, 0.0003520133843547335658, 0.0007040267687094671316 ),
 .UNSPECIFIED. ) ;
#1066 = ORIENTED_EDGE ( 'NONE', *, *, #5546, .F. ) ;
#1067 = VERTEX_POINT ( 'NONE', #4966 ) ;
#1068 = CARTESIAN_POINT ( 'NONE',  ( 1.612310625312119994, 31.75000000000000000, -1.692603920623780844 ) ) ;
#1069 = CIRCLE ( 'NONE', #1468, 0.2499999999999997780 ) ;
#1070 = CARTESIAN_POINT ( 'NONE',  ( 7.453514773719350117, 5.830303785894583868, 12.90986628304717954 ) ) ;
#1071 = CARTESIAN_POINT ( 'NONE',  ( 3.678942412079291735, 11.37819544528581162, 13.72999999999997556 ) ) ;
#1072 = CARTESIAN_POINT ( 'NONE',  ( 13.46201884230257129, 12.27708635942415327, 2.699434595651384328 ) ) ;
#1073 = CARTESIAN_POINT ( 'NONE',  ( -2.918182946833629554, 24.25000000000000000, -0.3000000000000000444 ) ) ;
#1074 = ORIENTED_EDGE ( 'NONE', *, *, #2805, .F. ) ;
#1075 = AXIS2_PLACEMENT_3D ( 'NONE', #7042, #2952, #1221 ) ;
#1076 = CARTESIAN_POINT ( 'NONE',  ( -2.467504171367457477, 31.97774562739781601, -0.4263147175396784228 ) ) ;
#1077 = ORIENTED_EDGE ( 'NONE', *, *, #4264, .F. ) ;
#1078 = CARTESIAN_POINT ( 'NONE',  ( -0.6928203230275491453, 31.75000000000000000, 0.4000000000000032974 ) ) ;
#1079 = CARTESIAN_POINT ( 'NONE',  ( 3.068478155885748127, 25.00000000000000000, -3.625871179020566881 ) ) ;
#1080 = AXIS2_PLACEMENT_3D ( 'NONE', #155, #1721, #4093 ) ;
#1081 = COLOUR_RGB ( '',0.7921568627450980005, 0.8196078431372548767, 0.9333333333333333481 ) ;
#1082 = VERTEX_POINT ( 'NONE', #1738 ) ;
#1083 = AXIS2_PLACEMENT_3D ( 'NONE', #3147, #3216, #225 ) ;
#1084 = DIRECTION ( 'NONE',  ( -0.9346551486583596358, 0.000000000000000000, -0.3555555555555556246 ) ) ;
#1085 = CARTESIAN_POINT ( 'NONE',  ( -11.67055834139907411, 5.679803017074974036, 6.737999999999971124 ) ) ;
#1086 = DIRECTION ( 'NONE',  ( -0.000000000000000000, -1.000000000000000000, -0.000000000000000000 ) ) ;
#1087 = CARTESIAN_POINT ( 'NONE',  ( 0.6163050594558787676, 31.85681841226302424, -2.214185393218107034 ) ) ;
#1088 = AXIS2_PLACEMENT_3D ( 'NONE', #4684, #6460, #1168 ) ;
#1089 = CARTESIAN_POINT ( 'NONE',  ( -4.718050444834180013, 24.50000000000000000, -0.5500000000000000444 ) ) ;
#1090 = EDGE_CURVE ( 'NONE', #1240, #1348, #6338, .T. ) ;
#1091 = AXIS2_PLACEMENT_3D ( 'NONE', #2203, #3257, #417 ) ;
#1092 = AXIS2_PLACEMENT_3D ( 'NONE', #2907, #4190, #5220 ) ;
#1093 = CARTESIAN_POINT ( 'NONE',  ( -13.51420350762889377, 4.166823422878478844, 6.789871048844447365 ) ) ;
#1094 = ORIENTED_EDGE ( 'NONE', *, *, #93, .F. ) ;
#1095 = ORIENTED_EDGE ( 'NONE', *, *, #3263, .F. ) ;
#1096 = CARTESIAN_POINT ( 'NONE',  ( 1.844271042346506961, 24.05401628709796924, 4.378451940901819661 ) ) ;
#1097 = CARTESIAN_POINT ( 'NONE',  ( 10.79482120841063519, 13.96964696837416575, 10.79482120841064408 ) ) ;
#1098 = PLANE ( 'NONE',  #3862 ) ;
#1099 = DIRECTION ( 'NONE',  ( -1.000000000000000000, 0.000000000000000000, 0.000000000000000000 ) ) ;
#1100 = CARTESIAN_POINT ( 'NONE',  ( 10.05105758792067050, 2.911528778619144386, -10.05105758792065451 ) ) ;
#1101 = ADVANCED_FACE ( 'NONE', ( #5855, #4068 ), #4686, .T. ) ;
#1102 = AXIS2_PLACEMENT_3D ( 'NONE', #3704, #7271, #2083 ) ;
#1103 = EDGE_CURVE ( 'NONE', #6093, #3192, #4157, .T. ) ;
#1104 = DIRECTION ( 'NONE',  ( -0.4999999999999919509, -0.000000000000000000, 0.8660254037844432595 ) ) ;
#1105 = EDGE_CURVE ( 'NONE', #6682, #3479, #1306, .T. ) ;
#1106 = FACE_OUTER_BOUND ( 'NONE', #5637, .T. ) ;
#1107 = AXIS2_PLACEMENT_3D ( 'NONE', #3211, #6590, #3669 ) ;
#1108 = ORIENTED_EDGE ( 'NONE', *, *, #4433, .T. ) ;
#1109 = CARTESIAN_POINT ( 'NONE',  ( 0.9461939677113881952, 31.91936402391299410, -2.330139435892417232 ) ) ;
#1110 = CARTESIAN_POINT ( 'NONE',  ( 1.082368573205377624E-14, 3.639499231180391980, -13.56897045256121714 ) ) ;
#1111 = CARTESIAN_POINT ( 'NONE',  ( -4.019237886466842546, 5.034274238455828332, 14.99999999999996270 ) ) ;
#1112 = CARTESIAN_POINT ( 'NONE',  ( 2.643957722821919987, 25.50000000000000355, 3.946135775658298872 ) ) ;
#1113 = CARTESIAN_POINT ( 'NONE',  ( 14.74599999999996491, 4.656313635040833177, -3.951178791589324391 ) ) ;
#1114 = CARTESIAN_POINT ( 'NONE',  ( 0.8654745695316845566, 32.02262672620886264, -2.345411215436206565 ) ) ;
#1115 =( BOUNDED_CURVE ( )  B_SPLINE_CURVE ( 3, ( #4973, #3109, #3076, #2664 ),
 .UNSPECIFIED., .F., .T. ) 
 B_SPLINE_CURVE_WITH_KNOTS ( ( 4, 4 ),
 ( 3.141592653589793116, 4.712388980384691450 ),
 .UNSPECIFIED. ) 
 CURVE ( )  GEOMETRIC_REPRESENTATION_ITEM ( )  RATIONAL_B_SPLINE_CURVE ( ( 1.000000000000000000, 0.8047378541243646044, 0.8047378541243646044, 1.000000000000000000 ) ) 
 REPRESENTATION_ITEM ( '' )  );
#1116 = ORIENTED_EDGE ( 'NONE', *, *, #4168, .F. ) ;
#1117 = FACE_OUTER_BOUND ( 'NONE', #345, .T. ) ;
#1118 = ORIENTED_EDGE ( 'NONE', *, *, #7148, .T. ) ;
#1119 = ORIENTED_EDGE ( 'NONE', *, *, #3604, .F. ) ;
#1120 = DIRECTION ( 'NONE',  ( -0.000000000000000000, -1.000000000000000000, -0.000000000000000000 ) ) ;
#1121 = CARTESIAN_POINT ( 'NONE',  ( -2.857761090718351493, 28.58685396501239495, 0.3000000000000004330 ) ) ;
#1122 = CARTESIAN_POINT ( 'NONE',  ( 1.605857473938688162, 24.50000000000000000, -4.470315623464998112 ) ) ;
#1123 = ORIENTED_EDGE ( 'NONE', *, *, #5282, .F. ) ;
#1124 = CARTESIAN_POINT ( 'NONE',  ( 1.303260983927292838, 24.50000000000000000, 2.857314239684247692 ) ) ;
#1125 = CARTESIAN_POINT ( 'NONE',  ( -11.67055834139907411, 6.381451523088355060, 6.737999999999971124 ) ) ;
#1126 = CARTESIAN_POINT ( 'NONE',  ( -11.89052879396031059, 11.05472576154418540, -6.864999999999997549 ) ) ;
#1127 = CYLINDRICAL_SURFACE ( 'NONE', #4459, 1.524000028274575369 ) ;
#1128 = DIRECTION ( 'NONE',  ( 0.5566226784888251844, 0.000000000000000000, 0.8307654264543788969 ) ) ;
#1129 = CARTESIAN_POINT ( 'NONE',  ( 0.000000000000000000, 32.25000000000000000, 0.000000000000000000 ) ) ;
#1130 = CARTESIAN_POINT ( 'NONE',  ( 2.222074228803426532, 5.181335039478847548, 14.88083264969531250 ) ) ;
#1131 = ORIENTED_EDGE ( 'NONE', *, *, #4341, .F. ) ;
#1132 = ORIENTED_EDGE ( 'NONE', *, *, #5639, .F. ) ;
#1133 = CARTESIAN_POINT ( 'NONE',  ( -2.336637871645899089, 32.25000000000000000, 0.8888888888888887285 ) ) ;
#1134 = CARTESIAN_POINT ( 'NONE',  ( -11.67055834139906167, 5.534784856421689270, -6.737999999999998657 ) ) ;
#1135 = CARTESIAN_POINT ( 'NONE',  ( -3.126137210125222055, 24.25000000000000000, 0.3000000000000000444 ) ) ;
#1136 = CARTESIAN_POINT ( 'NONE',  ( 2.188247633402771175, 25.25000000000000711, -3.297221565927563436 ) ) ;
#1137 = DIRECTION ( 'NONE',  ( 0.000000000000000000, 0.000000000000000000, -1.000000000000000000 ) ) ;
#1138 = CARTESIAN_POINT ( 'NONE',  ( 0.8654745695316952148, 32.02262672620886264, -2.345411215436207897 ) ) ;
#1139 = LINE ( 'NONE', #4118, #4580 ) ;
#1140 = ORIENTED_EDGE ( 'NONE', *, *, #61, .F. ) ;
#1141 = CARTESIAN_POINT ( 'NONE',  ( 0.000000000000000000, 0.2499999999999993616, 0.000000000000000000 ) ) ;
#1142 = CARTESIAN_POINT ( 'NONE',  ( 13.56897045256121181, 7.237832564513724698, 3.635794674885565403 ) ) ;
#1143 = CARTESIAN_POINT ( 'NONE',  ( 4.019237886466823895, 10.53760757178916130, 14.99999999999997158 ) ) ;
#1144 = EDGE_CURVE ( 'NONE', #1284, #5650, #4866, .T. ) ;
#1145 = CARTESIAN_POINT ( 'NONE',  ( -3.126137210125222499, 24.50000000000000000, -0.5500000000000000444 ) ) ;
#1146 = CARTESIAN_POINT ( 'NONE',  ( -3.994326528783085806, 6.019284087602080113, -14.90702954743871800 ) ) ;
#1147 = EDGE_CURVE ( 'NONE', #4428, #847, #4224, .T. ) ;
#1148 = CARTESIAN_POINT ( 'NONE',  ( 1.607904173665440917, 31.84131709439716573, 1.650422851056654094 ) ) ;
#1149 = ORIENTED_EDGE ( 'NONE', *, *, #2286, .T. ) ;
#1150 = CARTESIAN_POINT ( 'NONE',  ( 1.521338659520862446, 24.50000000000000000, -4.235035853808945205 ) ) ;
#1151 = EDGE_LOOP ( 'NONE', ( #6372 ) ) ;
#1152 = CARTESIAN_POINT ( 'NONE',  ( 1.620094616491325246, 31.88631336310447750, -1.625221809074961055 ) ) ;
#1153 = CARTESIAN_POINT ( 'NONE',  ( -3.824666096428193995, 25.00000007791593859, -0.5500000000000000444 ) ) ;
#1154 = CARTESIAN_POINT ( 'NONE',  ( -4.428317965096905340, 24.50000000000000000, 0.5500000000000000444 ) ) ;
#1155 = FACE_OUTER_BOUND ( 'NONE', #1292, .T. ) ;
#1156 = ORIENTED_EDGE ( 'NONE', *, *, #6459, .F. ) ;
#1157 = EDGE_CURVE ( 'NONE', #4571, #1414, #2771, .T. ) ;
#1158 = CARTESIAN_POINT ( 'NONE',  ( 9.865116682798173997, 4.053118189755021028, -9.865116682798158010 ) ) ;
#1159 = CARTESIAN_POINT ( 'NONE',  ( 13.01848524180952182, 13.72451892203373802, 4.911322123600253775 ) ) ;
#1160 = CARTESIAN_POINT ( 'NONE',  ( 11.89052879396030882, 8.514725761544184479, 6.864999999999999325 ) ) ;
#1161 = CARTESIAN_POINT ( 'NONE',  ( 11.12584459458434161, 5.726899770662351230, 10.24495898774125457 ) ) ;
#1162 = B_SPLINE_CURVE_WITH_KNOTS ( 'NONE', 3,
 ( #6860, #1756, #4017, #7458, #4599, #6324 ),
 .UNSPECIFIED., .F., .F.,
 ( 4, 2, 4 ),
 ( 0.000000000000000000, 0.0001978559813949904019, 0.0003957119627899808039 ),
 .UNSPECIFIED. ) ;
#1163 = ORIENTED_EDGE ( 'NONE', *, *, #2286, .F. ) ;
#1164 = VERTEX_POINT ( 'NONE', #3019 ) ;
#1165 = CARTESIAN_POINT ( 'NONE',  ( 0.9168877568771724995, 31.97766877619272918, 2.330189261802807277 ) ) ;
#1166 = CARTESIAN_POINT ( 'NONE',  ( 1.146720213405935620E-14, 4.688118189755022591, -13.47599999999996889 ) ) ;
#1167 = CARTESIAN_POINT ( 'NONE',  ( -12.99038105676655519, 7.847921206829995278, 7.499999999999979572 ) ) ;
#1168 = DIRECTION ( 'NONE',  ( -0.5000000000000043299, 0.000000000000000000, -0.8660254037844362651 ) ) ;
#1169 = DIRECTION ( 'NONE',  ( 0.000000000000000000, -1.000000000000000000, -0.000000000000000000 ) ) ;
#1170 = EDGE_CURVE ( 'NONE', #1718, #4679, #3246, .T. ) ;
#1171 = DIRECTION ( 'NONE',  ( 0.000000000000000000, -0.000000000000000000, -1.000000000000000000 ) ) ;
#1172 = VERTEX_POINT ( 'NONE', #727 ) ;
#1173 = CARTESIAN_POINT ( 'NONE',  ( -10.79482120841063519, 8.674940905122493717, -10.79482120841064052 ) ) ;
#1174 = CARTESIAN_POINT ( 'NONE',  ( 12.86580087104184322, 12.23595909544809857, 4.853720116414052654 ) ) ;
#1175 = CARTESIAN_POINT ( 'NONE',  ( -7.372999999999978016, 3.383274238455829419, -12.77041060420530449 ) ) ;
#1176 = CARTESIAN_POINT ( 'NONE',  ( 14.70723730674942509, 11.25055938711616932, 2.949096607938945347 ) ) ;
#1177 = DIRECTION ( 'NONE',  ( 0.000000000000000000, 1.000000000000000000, -0.000000000000000000 ) ) ;
#1178 = CARTESIAN_POINT ( 'NONE',  ( 3.994326528783080921, 8.559284087602078372, 14.90702954743872333 ) ) ;
#1179 = ADVANCED_FACE ( 'NONE', ( #5891 ), #4927, .T. ) ;
#1180 = AXIS2_PLACEMENT_3D ( 'NONE', #4028, #5247, #6875 ) ;
#1181 = ORIENTED_EDGE ( 'NONE', *, *, #2015, .T. ) ;
#1182 = CARTESIAN_POINT ( 'NONE',  ( 0.8654745695317224152, 32.02262672620886974, 2.345411215436197683 ) ) ;
#1183 = ORIENTED_EDGE ( 'NONE', *, *, #5449, .F. ) ;
#1184 = DIRECTION ( 'NONE',  ( -1.000000000000000000, 0.000000000000000000, 0.000000000000000000 ) ) ;
#1185 = ORIENTED_EDGE ( 'NONE', *, *, #6600, .T. ) ;
#1186 = FACE_OUTER_BOUND ( 'NONE', #4730, .T. ) ;
#1187 = DIRECTION ( 'NONE',  ( 0.000000000000000000, 0.000000000000000000, -1.000000000000000000 ) ) ;
#1188 = CARTESIAN_POINT ( 'NONE',  ( 0.4017658933793330500, 31.79061622867471826, 1.556872330129356996 ) ) ;
#1189 = FACE_OUTER_BOUND ( 'NONE', #5012, .T. ) ;
#1190 = AXIS2_PLACEMENT_3D ( 'NONE', #4801, #1177, #2426 ) ;
#1191 = EDGE_CURVE ( 'NONE', #1507, #2727, #2045, .T. ) ;
#1192 = ORIENTED_EDGE ( 'NONE', *, *, #2343, .F. ) ;
#1193 = CARTESIAN_POINT ( 'NONE',  ( 2.840078291288537837, 24.49999999999999289, -3.819159897985236363 ) ) ;
#1194 = B_SPLINE_CURVE_WITH_KNOTS ( 'NONE', 3,
 ( #5935, #5406, #5448, #4876, #5371, #288 ),
 .UNSPECIFIED., .F., .F.,
 ( 4, 2, 4 ),
 ( 0.000000000000000000, 0.0001995001702605717520, 0.0003990003405211435040 ),
 .UNSPECIFIED. ) ;
#1195 = CARTESIAN_POINT ( 'NONE',  ( -11.67055834139907411, 10.75980301707497411, 6.737999999999971124 ) ) ;
#1196 = CARTESIAN_POINT ( 'NONE',  ( -2.440919896878884110, 32.15251890700085369, 0.5467482733374982029 ) ) ;
#1197 = CARTESIAN_POINT ( 'NONE',  ( 3.678942412079291735, 12.95972576154418654, 13.72999999999997556 ) ) ;
#1198 = AXIS2_PLACEMENT_3D ( 'NONE', #7395, #535, #1650 ) ;
#1199 = EDGE_CURVE ( 'NONE', #7124, #3523, #3011, .T. ) ;
#1200 = CIRCLE ( 'NONE', #7236, 0.2499999999999998612 ) ;
#1201 = CIRCLE ( 'NONE', #2886, 0.2499999999999999445 ) ;
#1202 = CARTESIAN_POINT ( 'NONE',  ( 14.64343301119230922, 6.145729083693577621, 3.392015666314573963 ) ) ;
#1203 = VERTEX_POINT ( 'NONE', #4234 ) ;
#1204 = CARTESIAN_POINT ( 'NONE',  ( 0.9136959825020835035, 31.98101028358551190, 2.330809733103538228 ) ) ;
#1205 = CARTESIAN_POINT ( 'NONE',  ( 11.67055834139907411, 3.841451523088355469, -6.737999999999973788 ) ) ;
#1206 = CARTESIAN_POINT ( 'NONE',  ( -4.019237886466843435, 13.56292120682999425, 14.99999999999996092 ) ) ;
#1207 = VECTOR ( 'NONE', #1480, 999.9999999999998863 ) ;
#1208 = DIRECTION ( 'NONE',  ( -0.8660254037844363761, 0.000000000000000000, 0.5000000000000039968 ) ) ;
#1209 = CARTESIAN_POINT ( 'NONE',  ( 9.709082628276196834E-15, 3.546528778619145061, -13.72999999999997200 ) ) ;
#1210 = AXIS2_PLACEMENT_3D ( 'NONE', #3540, #4683, #613 ) ;
#1211 = CARTESIAN_POINT ( 'NONE',  ( 2.840078269373233155, 25.04979920281346395, 3.819159908725509478 ) ) ;
#1212 = CARTESIAN_POINT ( 'NONE',  ( 1.584610568692096821, 32.01035496534749569, -1.933735566821992879 ) ) ;
#1213 = ORIENTED_EDGE ( 'NONE', *, *, #2765, .T. ) ;
#1214 = CARTESIAN_POINT ( 'NONE',  ( 2.504802053199713718, 25.25000000000000000, 3.738444419044704148 ) ) ;
#1215 = CARTESIAN_POINT ( 'NONE',  ( -13.56897045256121359, 4.697832564513724662, -3.635794674885558297 ) ) ;
#1216 = CARTESIAN_POINT ( 'NONE',  ( 12.77041060420529561, 6.346607571789161462, 7.372999999999991338 ) ) ;
#1217 = CARTESIAN_POINT ( 'NONE',  ( 14.72901533455902801, 11.58139733098612467, 2.838671185167761735 ) ) ;
#1218 = AXIS2_PLACEMENT_3D ( 'NONE', #6896, #2168, #1717 ) ;
#1219 = DIRECTION ( 'NONE',  ( -0.000000000000000000, -1.000000000000000000, 0.000000000000000000 ) ) ;
#1220 = CARTESIAN_POINT ( 'NONE',  ( -3.387586103372677180E-15, 13.42761742093541244, 14.90702954743872155 ) ) ;
#1221 = DIRECTION ( 'NONE',  ( 0.8660254037844363761, 0.000000000000000000, -0.5000000000000041078 ) ) ;
#1222 = EDGE_LOOP ( 'NONE', ( #3175, #5083, #2453, #5275, #5595, #6077, #2859 ) ) ;
#1223 = CARTESIAN_POINT ( 'NONE',  ( -3.732927544537034237, 25.34430790962910152, -0.3259473325241560304 ) ) ;
#1224 = EDGE_LOOP ( 'NONE', ( #3776, #6301, #7410, #635 ) ) ;
#1225 = CARTESIAN_POINT ( 'NONE',  ( 1.569345981998599315, 31.99342059764560275, -1.947660317187835277 ) ) ;
#1226 = FACE_OUTER_BOUND ( 'NONE', #5729, .T. ) ;
#1227 = CARTESIAN_POINT ( 'NONE',  ( 13.38673339236370374, 13.81428507472292466, 2.684338186227590128 ) ) ;
#1228 = CARTESIAN_POINT ( 'NONE',  ( 0.4154583366848831893, 31.75000000000000000, 1.819594947566258281 ) ) ;
#1229 = CARTESIAN_POINT ( 'NONE',  ( 1.894594113076188080, 25.25000000000000000, 3.482734107377485344 ) ) ;
#1230 = ORIENTED_EDGE ( 'NONE', *, *, #5181, .F. ) ;
#1231 = DIRECTION ( 'NONE',  ( -0.06666666666666669350, -0.000000000000000000, -0.9977753031397178507 ) ) ;
#1232 = CARTESIAN_POINT ( 'NONE',  ( 0.9638644895245406241, 31.85815509605177098, 2.334914283383615619 ) ) ;
#1233 = CARTESIAN_POINT ( 'NONE',  ( -1.311753616059032242E-14, 11.60646968374164167, 13.47599999999996889 ) ) ;
#1234 = CARTESIAN_POINT ( 'NONE',  ( 1.150757677229918841, 32.00000000000000000, 0.8711839840659648670 ) ) ;
#1235 = EDGE_CURVE ( 'NONE', #1414, #1404, #1997, .T. ) ;
#1236 = CARTESIAN_POINT ( 'NONE',  ( -3.951178791589322614, 5.926313635040832750, -14.74599999999996491 ) ) ;
#1237 = EDGE_CURVE ( 'NONE', #4654, #2813, #1194, .T. ) ;
#1238 = EDGE_CURVE ( 'NONE', #6398, #1172, #4947, .T. ) ;
#1239 = CARTESIAN_POINT ( 'NONE',  ( 14.60408914726162344, 6.517891939186225336, -3.438386162029591464 ) ) ;
#1240 = VERTEX_POINT ( 'NONE', #4946 ) ;
#1241 = VERTEX_POINT ( 'NONE', #2139 ) ;
#1242 = B_SPLINE_CURVE_WITH_KNOTS ( 'NONE', 3,
 ( #4995, #7299, #3811, #1657, #4463, #3392 ),
 .UNSPECIFIED., .F., .F.,
 ( 4, 2, 4 ),
 ( 0.000000000000000000, 0.0004063670613842351861, 0.0008127341227684703722 ),
 .UNSPECIFIED. ) ;
#1243 =( BOUNDED_SURFACE ( )  B_SPLINE_SURFACE ( 3, 2, ( 
 ( #2519, #677, #758 ),
 ( #7089, #4220, #5995 ),
 ( #5242, #85, #6413 ),
 ( #1234, #3532, #2967 ),
 ( #3156, #932, #827 ),
 ( #6645, #7285, #2706 ) ),
 .UNSPECIFIED., .F., .F., .T. ) 
 B_SPLINE_SURFACE_WITH_KNOTS ( ( 4, 2, 4 ),
 ( 3, 3 ),
 ( 4.712388980384689674, 5.497787143782137953, 6.283185307179586232 ),
 ( 0.000000000000000000, 1.000000000000000000 ),
 .UNSPECIFIED. ) 
 GEOMETRIC_REPRESENTATION_ITEM ( )  RATIONAL_B_SPLINE_SURFACE ( (
 ( 1.000000000000000000, 0.7071067811865570096, 1.000000000000000000),
 ( 1.000000000000000000, 0.7240319495162789165, 1.000000000000000000),
 ( 1.000000000000000000, 0.7400337300379028482, 1.000000000000000000),
 ( 1.000000000000000000, 0.7624685499311939507, 1.000000000000000000),
 ( 1.000000000000000000, 0.7688833480572859758, 1.000000000000000000),
 ( 1.000000000000000000, 0.7687942703292983682, 1.000000000000000000) ) ) 
 REPRESENTATION_ITEM ( '' )  SURFACE ( )  );
#1244 = FACE_OUTER_BOUND ( 'NONE', #3286, .T. ) ;
#1245 = CARTESIAN_POINT ( 'NONE',  ( -13.47599999999996356, 11.01239242821085185, -3.610883317201814879 ) ) ;
#1246 = DIRECTION ( 'NONE',  ( 0.5167663429450337631, -0.8346194343508317459, -0.1906907092731930375 ) ) ;
#1247 = CARTESIAN_POINT ( 'NONE',  ( -1.520863999602968475, 31.79552231504558080, 0.3000000000000000444 ) ) ;
#1248 = CARTESIAN_POINT ( 'NONE',  ( 13.72999999999997200, 2.276528778619144155, 0.000000000000000000 ) ) ;
#1249 = CARTESIAN_POINT ( 'NONE',  ( 0.4763139720814438260, 31.75000000000000000, 0.2749999999999955813 ) ) ;
#1250 = ORIENTED_EDGE ( 'NONE', *, *, #1470, .T. ) ;
#1251 = DIRECTION ( 'NONE',  ( 0.000000000000000000, 0.000000000000000000, -1.000000000000000000 ) ) ;
#1252 = CARTESIAN_POINT ( 'NONE',  ( 13.56897045256121714, 2.369499231180391963, 9.992825920431069351E-15 ) ) ;
#1253 = CARTESIAN_POINT ( 'NONE',  ( 14.79817730079112081, 11.64823776582714565, 2.022709609524636409 ) ) ;
#1254 = DIRECTION ( 'NONE',  ( -0.4999999999999919509, 0.000000000000000000, 0.8660254037844432595 ) ) ;
#1255 = CARTESIAN_POINT ( 'NONE',  ( -3.941516664322040064, 25.25000000000000000, -0.3000000000000000444 ) ) ;
#1256 = CARTESIAN_POINT ( 'NONE',  ( 4.019237886466834553, 5.756980301707499414, -14.99999999999996447 ) ) ;
#1257 = DIRECTION ( 'NONE',  ( 0.000000000000000000, 0.000000000000000000, 1.000000000000000000 ) ) ;
#1258 = EDGE_CURVE ( 'NONE', #5469, #3511, #7243, .T. ) ;
#1259 = ORIENTED_EDGE ( 'NONE', *, *, #3867, .F. ) ;
#1260 = CARTESIAN_POINT ( 'NONE',  ( -2.468866350597552106, 32.01680792274015630, -0.3732561789972380639 ) ) ;
#1261 = ADVANCED_FACE ( 'NONE', ( #6804, #6084 ), #390, .T. ) ;
#1262 = EDGE_LOOP ( 'NONE', ( #1259 ) ) ;
#1263 = DIRECTION ( 'NONE',  ( 0.4999999999999919509, 0.000000000000000000, -0.8660254037844432595 ) ) ;
#1264 = DIRECTION ( 'NONE',  ( -0.5000000000000054401, 0.000000000000000000, -0.8660254037844354880 ) ) ;
#1265 = CARTESIAN_POINT ( 'NONE',  ( -1.650045467741532823, 32.00000000000000000, 0.7999999997504178006 ) ) ;
#1266 = CARTESIAN_POINT ( 'NONE',  ( -7.499999999999980460, 2.943333333333332469, -12.99038105676655341 ) ) ;
#1267 = DIRECTION ( 'NONE',  ( 0.5000000000000038858, -0.000000000000000000, 0.8660254037844363761 ) ) ;
#1268 = CARTESIAN_POINT ( 'NONE',  ( 11.67055834139905990, 8.074784856421688417, 6.738000000000000433 ) ) ;
#1269 = EDGE_LOOP ( 'NONE', ( #271, #6897, #7401, #5801 ) ) ;
#1270 = CARTESIAN_POINT ( 'NONE',  ( 2.761731696416171555, 24.29452904006662806, -3.866805269021131419 ) ) ;
#1271 = DIRECTION ( 'NONE',  ( -0.000000000000000000, -1.000000000000000000, 0.000000000000000000 ) ) ;
#1272 = CARTESIAN_POINT ( 'NONE',  ( -9.865116682798179326, 10.97146968374164011, 9.865116682798152681 ) ) ;
#1273 = CARTESIAN_POINT ( 'NONE',  ( 1.559559217908344175, 31.97766877619272918, -1.959142720775971513 ) ) ;
#1274 = CARTESIAN_POINT ( 'NONE',  ( -3.678942412079325486, 12.53639242821085098, 13.72999999999996312 ) ) ;
#1275 = ADVANCED_FACE ( 'NONE', ( #1513 ), #6997, .F. ) ;
#1276 = CARTESIAN_POINT ( 'NONE',  ( -14.41340920896447564, 8.642553247911262559, -4.171740583988795770 ) ) ;
#1277 = ORIENTED_EDGE ( 'NONE', *, *, #6067, .F. ) ;
#1278 = CYLINDRICAL_SURFACE ( 'NONE', #1906, 0.2500000000000002776 ) ;
#1279 = CARTESIAN_POINT ( 'NONE',  ( 13.47599999999996889, 8.684059094877516927, 1.064203512079386756E-14 ) ) ;
#1280 = CARTESIAN_POINT ( 'NONE',  ( 12.99038105676655341, 10.38792120682999531, -7.499999999999983125 ) ) ;
#1281 = DIRECTION ( 'NONE',  ( 0.000000000000000000, 0.000000000000000000, -1.000000000000000000 ) ) ;
#1282 = DIRECTION ( 'NONE',  ( 0.09104463009115308647, -0.9832820049844608334, 0.1576939250741885012 ) ) ;
#1283 = CARTESIAN_POINT ( 'NONE',  ( 1.605857473938750335, 0.000000000000000000, 4.470315623464975907 ) ) ;
#1284 = VERTEX_POINT ( 'NONE', #6156 ) ;
#1285 = CARTESIAN_POINT ( 'NONE',  ( 14.74599999999996491, 6.981607571789161248, -3.951178791589323946 ) ) ;
#1286 = CARTESIAN_POINT ( 'NONE',  ( 9.865116682798158010, 12.05552877861914318, 9.865116682798173997 ) ) ;
#1287 = CARTESIAN_POINT ( 'NONE',  ( -14.74599999999996491, 9.309940905122495280, -3.579536690155012338E-15 ) ) ;
#1288 = AXIS2_PLACEMENT_3D ( 'NONE', #6216, #4489, #5581 ) ;
#1289 = CARTESIAN_POINT ( 'NONE',  ( 1.303260983927252648, 24.50000000000000000, -2.857314239684266344 ) ) ;
#1290 = CARTESIAN_POINT ( 'NONE',  ( 14.61607527146016139, 14.53817509971478827, 2.930848612129572484 ) ) ;
#1291 = CARTESIAN_POINT ( 'NONE',  ( 1.897888497387203000, 24.39435973609925412, -4.361615152827780229 ) ) ;
#1292 = EDGE_LOOP ( 'NONE', ( #2836, #2298, #29, #561 ) ) ;
#1293 = CARTESIAN_POINT ( 'NONE',  ( -3.719381752146853071, 25.41533853840699919, -0.1250026751836853800 ) ) ;
#1294 = EDGE_LOOP ( 'NONE', ( #7134 ) ) ;
#1295 = CARTESIAN_POINT ( 'NONE',  ( 3.068478155885799197, 24.50000000000000000, 3.625871179020524249 ) ) ;
#1296 = DIRECTION ( 'NONE',  ( -0.5000000000000039968, 0.000000000000000000, -0.8660254037844363761 ) ) ;
#1297 = CARTESIAN_POINT ( 'NONE',  ( -2.271993306461388862, 31.75000000000000000, -0.3000000000000000444 ) ) ;
#1298 = CARTESIAN_POINT ( 'NONE',  ( 4.019237886466835441, 2.308333333333332682, -14.99999999999996447 ) ) ;
#1299 = CARTESIAN_POINT ( 'NONE',  ( -7.372999999999991338, 10.15660757178916285, 12.77041060420529739 ) ) ;
#1300 = DIRECTION ( 'NONE',  ( 0.000000000000000000, 0.000000000000000000, -1.000000000000000000 ) ) ;
#1301 = CARTESIAN_POINT ( 'NONE',  ( 11.67055834139907411, 8.921451523088354207, -6.737999999999973788 ) ) ;
#1302 = AXIS2_PLACEMENT_3D ( 'NONE', #2158, #5682, #1602 ) ;
#1303 = ORIENTED_EDGE ( 'NONE', *, *, #1327, .F. ) ;
#1304 = CARTESIAN_POINT ( 'NONE',  ( 2.706046110193866205, 24.25445640912884926, -3.904535816250787050 ) ) ;
#1305 = CARTESIAN_POINT ( 'NONE',  ( -2.225637567927377436, 31.85693265913528549, -0.5734016869437406072 ) ) ;
#1306 =( BOUNDED_CURVE ( )  B_SPLINE_CURVE ( 3, ( #7180, #4835, #6536, #1362 ),
 .UNSPECIFIED., .F., .T. ) 
 B_SPLINE_CURVE_WITH_KNOTS ( ( 4, 4 ),
 ( 0.000000000000000000, 1.570796326794897668 ),
 .UNSPECIFIED. ) 
 CURVE ( )  GEOMETRIC_REPRESENTATION_ITEM ( )  RATIONAL_B_SPLINE_CURVE ( ( 1.000000000000000000, 0.8047378541243646044, 0.8047378541243646044, 1.000000000000000000 ) ) 
 REPRESENTATION_ITEM ( '' )  );
#1307 = CARTESIAN_POINT ( 'NONE',  ( -13.47599999999996889, 5.256469683741641141, -1.229236914732483852E-14 ) ) ;
#1308 = CARTESIAN_POINT ( 'NONE',  ( -3.941516664322040064, 25.25000000000000000, 0.3000000000000000444 ) ) ;
#1309 = CARTESIAN_POINT ( 'NONE',  ( -1.139052268350550840E-14, 7.668059094877518689, 13.72999999999997200 ) ) ;
#1310 = AXIS2_PLACEMENT_3D ( 'NONE', #3027, #7071, #6543 ) ;
#1311 = CARTESIAN_POINT ( 'NONE',  ( -12.81186358979524442, 8.420745170614235775, -7.935864872389226221 ) ) ;
#1312 = ORIENTED_EDGE ( 'NONE', *, *, #4037, .F. ) ;
#1313 = CARTESIAN_POINT ( 'NONE',  ( 14.92152080615538523, 12.36662441368619270, 1.540230897252095277 ) ) ;
#1314 = CARTESIAN_POINT ( 'NONE',  ( 3.610883317201782905, 7.625725761544182468, 13.47599999999997777 ) ) ;
#1315 = CARTESIAN_POINT ( 'NONE',  ( -2.755455298081539256E-15, 8.694587873496661956, 14.99999999999996803 ) ) ;
#1316 = AXIS2_PLACEMENT_3D ( 'NONE', #3433, #3021, #6310 ) ;
#1317 = CARTESIAN_POINT ( 'NONE',  ( 14.99999999999996803, 4.796523558425258571, 0.0003004035305599043093 ) ) ;
#1318 = CARTESIAN_POINT ( 'NONE',  ( -2.750000000000000000, 32.02295302177460457, -4.515649350237790500E-17 ) ) ;
#1319 = AXIS2_PLACEMENT_3D ( 'NONE', #1663, #26, #513 ) ;
#1320 = VECTOR ( 'NONE', #4182, 1000.000000000000114 ) ;
#1321 = CARTESIAN_POINT ( 'NONE',  ( 14.97128040640661339, 1.306458338272743491, -1.046349032377954957 ) ) ;
#1322 = EDGE_LOOP ( 'NONE', ( #5761, #610, #2902, #6586, #3295, #3795 ) ) ;
#1323 = AXIS2_PLACEMENT_3D ( 'NONE', #6693, #6227, #3277 ) ;
#1324 = CARTESIAN_POINT ( 'NONE',  ( 2.676604605143670608E-15, 2.959940905122495636, -14.74599999999996491 ) ) ;
#1325 = CARTESIAN_POINT ( 'NONE',  ( 11.67055834139907411, 3.139803017074974001, -6.737999999999973788 ) ) ;
#1326 = AXIS2_PLACEMENT_3D ( 'NONE', #4746, #3108, #2363 ) ;
#1327 = EDGE_CURVE ( 'NONE', #621, #2156, #1684, .T. ) ;
#1328 = ADVANCED_FACE ( 'NONE', ( #908 ), #2715, .T. ) ;
#1329 = FACE_OUTER_BOUND ( 'NONE', #5713, .T. ) ;
#1330 = CARTESIAN_POINT ( 'NONE',  ( 7.499999999999985789, 5.731254540163329025, -12.99038105676655164 ) ) ;
#1331 = EDGE_CURVE ( 'NONE', #3426, #7011, #1020, .T. ) ;
#1332 = CARTESIAN_POINT ( 'NONE',  ( -1.139052268350550682E-14, 7.668059094877517801, 13.72999999999997200 ) ) ;
#1333 = EDGE_CURVE ( 'NONE', #4247, #847, #4911, .T. ) ;
#1334 = ORIENTED_EDGE ( 'NONE', *, *, #4519, .F. ) ;
#1335 = PLANE ( 'NONE',  #4375 ) ;
#1336 = ORIENTED_EDGE ( 'NONE', *, *, #1333, .T. ) ;
#1337 = CARTESIAN_POINT ( 'NONE',  ( 0.000000000000000000, 34.50000000000000000, 2.250000000000000444 ) ) ;
#1338 = AXIS2_PLACEMENT_3D ( 'NONE', #3959, #410, #1522 ) ;
#1339 = CARTESIAN_POINT ( 'NONE',  ( -2.515698540010677053, 31.79513059880541803, 0.3327259559394492583 ) ) ;
#1340 = TOROIDAL_SURFACE ( 'NONE', #2174, 15.74999999999996803, 0.2500000000000000000 ) ;
#1341 = CARTESIAN_POINT ( 'NONE',  ( 2.557186484674949689, 24.25000000000000000, 3.698086388078271725 ) ) ;
#1342 = FACE_OUTER_BOUND ( 'NONE', #4673, .T. ) ;
#1343 = CARTESIAN_POINT ( 'NONE',  ( 11.89052879396032303, 2.699862111952477939, -6.864999999999977121 ) ) ;
#1344 = CARTESIAN_POINT ( 'NONE',  ( -1.637276210615977501, 32.00000000000000000, -0.5445343236005592003 ) ) ;
#1345 = CARTESIAN_POINT ( 'NONE',  ( 0.8621261791498836535, 31.97774943305946849, 2.350968397213367478 ) ) ;
#1346 = CARTESIAN_POINT ( 'NONE',  ( -9.865116682798179326, 6.593118189755021952, 9.865116682798152681 ) ) ;
#1347 = CIRCLE ( 'NONE', #7017, 0.2500000000000002220 ) ;
#1348 = VERTEX_POINT ( 'NONE', #4458 ) ;
#1349 = CARTESIAN_POINT ( 'NONE',  ( -2.260148636682611567, 31.78198060840269790, -0.5500000000000000444 ) ) ;
#1350 = CARTESIAN_POINT ( 'NONE',  ( 0.000000000000000000, 18.00000000000000355, 0.000000000000000000 ) ) ;
#1351 = CARTESIAN_POINT ( 'NONE',  ( -3.126137210125221610, 24.50000000000000000, -0.3000000000000000444 ) ) ;
#1352 = ADVANCED_FACE ( 'NONE', ( #7294 ), #2105, .T. ) ;
#1353 = EDGE_CURVE ( 'NONE', #7230, #6699, #973, .T. ) ;
#1354 =( BOUNDED_SURFACE ( )  B_SPLINE_SURFACE ( 3, 2, ( 
 ( #4694, #3478, #7004 ),
 ( #5794, #2991, #1858 ),
 ( #629, #181, #73 ),
 ( #6468, #1291, #1894 ),
 ( #2544, #1486, #3098 ),
 ( #3664, #4201, #3702 ) ),
 .UNSPECIFIED., .F., .F., .T. ) 
 B_SPLINE_SURFACE_WITH_KNOTS ( ( 4, 2, 4 ),
 ( 3, 3 ),
 ( 0.0005015624206431893274, 0.0008938754138774628218, 0.001286188407111736424 ),
 ( 0.000000000000000000, 1.000000000000000000 ),
 .UNSPECIFIED. ) 
 GEOMETRIC_REPRESENTATION_ITEM ( )  RATIONAL_B_SPLINE_SURFACE ( (
 ( 1.000000000000000000, 0.7071067811865429098, 1.000000000000000000),
 ( 1.000000000000000000, 0.7014278231336992242, 1.000000000000000000),
 ( 1.000000000000000000, 0.6852369950021380829, 1.000000000000000000),
 ( 1.000000000000000000, 0.6544534626342771721, 1.000000000000000000),
 ( 1.000000000000000000, 0.6406553719868181007, 1.000000000000000000),
 ( 1.000000000000000000, 0.6411794687223778544, 1.000000000000000000) ) ) 
 REPRESENTATION_ITEM ( '' )  SURFACE ( )  );
#1355 = DIRECTION ( 'NONE',  ( -0.000000000000000000, 1.000000000000000000, 0.000000000000000000 ) ) ;
#1356 = CARTESIAN_POINT ( 'NONE',  ( 2.668159394035619414, 7.456268169336753182, -14.76168872060120307 ) ) ;
#1357 = ORIENTED_EDGE ( 'NONE', *, *, #1785, .T. ) ;
#1358 = CARTESIAN_POINT ( 'NONE',  ( 2.447072304242437379, 24.99999999999997868, -3.138453560742620052 ) ) ;
#1359 = CARTESIAN_POINT ( 'NONE',  ( -3.610883317201788678, 5.085725761544183321, -13.47599999999997067 ) ) ;
#1360 = CARTESIAN_POINT ( 'NONE',  ( -14.74599999999996491, 6.984646968374168097, -3.579536690155009972E-15 ) ) ;
#1361 = CARTESIAN_POINT ( 'NONE',  ( 3.068478155885779213, 24.99999999999999289, -3.625871179020619284 ) ) ;
#1362 = CARTESIAN_POINT ( 'NONE',  ( 1.584592631793871886, 32.00000000000000000, 1.144594947566251575 ) ) ;
#1363 = CARTESIAN_POINT ( 'NONE',  ( 2.875000000000023093, 24.04289321881345387, 4.979646071760509329 ) ) ;
#1364 = ORIENTED_EDGE ( 'NONE', *, *, #61, .T. ) ;
#1365 = FACE_OUTER_BOUND ( 'NONE', #6162, .T. ) ;
#1366 = CARTESIAN_POINT ( 'NONE',  ( 1.146720213405935462E-14, 8.880528778619144248, -13.47599999999996712 ) ) ;
#1367 = CARTESIAN_POINT ( 'NONE',  ( 1.887450367384372107, 25.04979920281345329, -4.369159884376018432 ) ) ;
#1368 = CARTESIAN_POINT ( 'NONE',  ( 4.019237886466823895, 13.80031363504083330, 14.99999999999997158 ) ) ;
#1369 = CARTESIAN_POINT ( 'NONE',  ( 9.709082628276193679E-15, 10.20805909487751784, -13.72999999999997200 ) ) ;
#1370 = ADVANCED_FACE ( 'NONE', ( #3233 ), #589, .F. ) ;
#1371 = ORIENTED_EDGE ( 'NONE', *, *, #3125, .F. ) ;
#1372 = FACE_OUTER_BOUND ( 'NONE', #7028, .T. ) ;
#1373 = ORIENTED_EDGE ( 'NONE', *, *, #6407, .F. ) ;
#1374 = CARTESIAN_POINT ( 'NONE',  ( 14.99999999999996803, 1.435940905122495170, -1.590103938402623224E-31 ) ) ;
#1375 = CARTESIAN_POINT ( 'NONE',  ( -2.496887421714786282, 32.01680792274015630, 0.1250026751836844641 ) ) ;
#1376 = CARTESIAN_POINT ( 'NONE',  ( 12.99038105676655341, 1.859274238455828510, -7.499999999999983125 ) ) ;
#1377 = EDGE_CURVE ( 'NONE', #3901, #657, #2906, .T. ) ;
#1378 = CARTESIAN_POINT ( 'NONE',  ( -12.77041060420530627, 4.653274238455828993, 7.372999999999977128 ) ) ;
#1379 = CARTESIAN_POINT ( 'NONE',  ( 2.230565953296367532, 25.25000000000000000, 3.263453560742579196 ) ) ;
#1380 = CARTESIAN_POINT ( 'NONE',  ( 1.386657496899404096, 31.97732932400076322, 2.104562858055635033 ) ) ;
#1381 = CARTESIAN_POINT ( 'NONE',  ( 1.540162840307090608, 31.85815509605151874, 2.002188275425829111 ) ) ;
#1382 = ORIENTED_EDGE ( 'NONE', *, *, #1258, .T. ) ;
#1383 = CARTESIAN_POINT ( 'NONE',  ( 0.6537743731591358909, 31.78190486314651864, -2.232370430998159794 ) ) ;
#1384 = CARTESIAN_POINT ( 'NONE',  ( -2.220782659824603211, 31.87175867028613396, -0.5809650912535649914 ) ) ;
#1385 = DIRECTION ( 'NONE',  ( 0.000000000000000000, 0.000000000000000000, -1.000000000000000000 ) ) ;
#1386 = FACE_OUTER_BOUND ( 'NONE', #1677, .T. ) ;
#1387 = DIRECTION ( 'NONE',  ( -0.8307654264543790079, 0.000000000000000000, 0.5566226784888252954 ) ) ;
#1388 = CARTESIAN_POINT ( 'NONE',  ( -3.951178791589322614, 11.00631363504083282, -14.74599999999996491 ) ) ;
#1389 = LINE ( 'NONE', #1988, #5063 ) ;
#1390 = CARTESIAN_POINT ( 'NONE',  ( -14.83236225992869706, 8.749862657186778137, -2.236314269117867237 ) ) ;
#1391 = ORIENTED_EDGE ( 'NONE', *, *, #1633, .T. ) ;
#1392 = CARTESIAN_POINT ( 'NONE',  ( -3.951178791589322170, 11.00631363504083282, -14.74599999999996491 ) ) ;
#1393 = DIRECTION ( 'NONE',  ( -0.000000000000000000, -1.000000000000000000, -0.000000000000000000 ) ) ;
#1394 = CARTESIAN_POINT ( 'NONE',  ( 0.9020503216282305115, 31.99342059764567736, 2.332923646331725109 ) ) ;
#1395 = CARTESIAN_POINT ( 'NONE',  ( 1.356699203107459395, 32.01680792274015630, -2.099866600003004180 ) ) ;
#1396 = EDGE_CURVE ( 'NONE', #3187, #2372, #4197, .T. ) ;
#1397 = ORIENTED_EDGE ( 'NONE', *, *, #7102, .T. ) ;
#1398 = FACE_OUTER_BOUND ( 'NONE', #3502, .T. ) ;
#1399 = CARTESIAN_POINT ( 'NONE',  ( -11.67055834139905812, 9.727195445285811815, -6.737999999999997769 ) ) ;
#1400 = DIRECTION ( 'NONE',  ( -0.000000000000000000, -1.000000000000000000, -0.000000000000000000 ) ) ;
#1401 = EDGE_CURVE ( 'NONE', #621, #5806, #614, .T. ) ;
#1402 = CARTESIAN_POINT ( 'NONE',  ( 14.99999999999996625, 5.096254540163327462, -4.019237886466831000 ) ) ;
#1403 = CARTESIAN_POINT ( 'NONE',  ( -6.864999999999974456, 5.551392428210850660, -11.89052879396032303 ) ) ;
#1404 = VERTEX_POINT ( 'NONE', #1834 ) ;
#1405 = CARTESIAN_POINT ( 'NONE',  ( -2.500000000000000000, 32.02295302177460457, -4.105135772943446133E-17 ) ) ;
#1406 = ORIENTED_EDGE ( 'NONE', *, *, #7148, .F. ) ;
#1407 = VERTEX_POINT ( 'NONE', #3142 ) ;
#1408 = CARTESIAN_POINT ( 'NONE',  ( -2.487529558958948783, 32.01680792274015630, 0.2496545873540189364 ) ) ;
#1409 = CARTESIAN_POINT ( 'NONE',  ( -1.637276210615987271, 32.00000000000000000, 0.5445343236005559806 ) ) ;
#1410 = CARTESIAN_POINT ( 'NONE',  ( 13.98183574449960531, 11.55640089924279046, 5.274750107443990643 ) ) ;
#1411 = DIRECTION ( 'NONE',  ( -0.8307654264543866685, -0.000000000000000000, -0.5566226784888136381 ) ) ;
#1412 = EDGE_CURVE ( 'NONE', #3227, #2571, #2855, .T. ) ;
#1413 = CARTESIAN_POINT ( 'NONE',  ( 1.640999424427675768, 25.27027490810532839, -3.469120877385081236 ) ) ;
#1414 = VERTEX_POINT ( 'NONE', #3386 ) ;
#1415 = LINE ( 'NONE', #2667, #5928 ) ;
#1416 = CARTESIAN_POINT ( 'NONE',  ( -2.225952208873979377, 31.85628794847266576, -0.5731487147146011596 ) ) ;
#1417 = CARTESIAN_POINT ( 'NONE',  ( 1.737845010467060192, 24.99999999999999289, 4.110035853808977180 ) ) ;
#1418 = CARTESIAN_POINT ( 'NONE',  ( 9.865116682798154457, 12.94311818975502426, 9.865116682798175773 ) ) ;
#1419 = DIRECTION ( 'NONE',  ( -0.000000000000000000, 1.000000000000000000, -0.000000000000000000 ) ) ;
#1420 = ADVANCED_FACE ( 'NONE', ( #157 ), #3133, .T. ) ;
#1421 = ADVANCED_FACE ( 'NONE', ( #5352 ), #2407, .F. ) ;
#1422 = CARTESIAN_POINT ( 'NONE',  ( 2.869715088897041522, 25.44598371290203431, 3.786411544586962385 ) ) ;
#1423 = AXIS2_PLACEMENT_3D ( 'NONE', #5286, #904, #3123 ) ;
#1424 = CARTESIAN_POINT ( 'NONE',  ( 6.563960135772421545, 7.235227393780102823, -13.53729438410302244 ) ) ;
#1425 = ORIENTED_EDGE ( 'NONE', *, *, #326, .T. ) ;
#1426 = VECTOR ( 'NONE', #4797, 1000.000000000000000 ) ;
#1427 = CARTESIAN_POINT ( 'NONE',  ( 14.93056746562986703, 12.71702705622278984, 1.441580762401583504 ) ) ;
#1428 = CARTESIAN_POINT ( 'NONE',  ( 13.30413121478160399, 13.76564598516233673, 2.667780306238335619 ) ) ;
#1429 = CARTESIAN_POINT ( 'NONE',  ( -14.74599999999996314, 6.772980301707500317, -3.951178791589331940 ) ) ;
#1430 = DIRECTION ( 'NONE',  ( 0.000000000000000000, 0.5452534524177362618, -0.8382712404863592592 ) ) ;
#1431 = CARTESIAN_POINT ( 'NONE',  ( -3.994326528783100461, 10.27530378589458238, 14.90702954743871622 ) ) ;
#1432 = CARTESIAN_POINT ( 'NONE',  ( 1.249999999999979794, 32.00000000000000711, -2.165063509461109259 ) ) ;
#1433 = CARTESIAN_POINT ( 'NONE',  ( -13.72999999999997556, 10.10819544528581204, 3.678942412079292179 ) ) ;
#1434 = B_SPLINE_CURVE_WITH_KNOTS ( 'NONE', 3,
 ( #6891, #5643, #6242, #6315, #7448, #3366 ),
 .UNSPECIFIED., .F., .F.,
 ( 4, 2, 4 ),
 ( 0.000000000000000000, 0.0001753526729528269109, 0.0003507053459056538218 ),
 .UNSPECIFIED. ) ;
#1435 = CARTESIAN_POINT ( 'NONE',  ( 1.573684743002057074, 2.434734532667687912, -14.91917952014139459 ) ) ;
#1436 = ORIENTED_EDGE ( 'NONE', *, *, #4650, .F. ) ;
#1437 = CARTESIAN_POINT ( 'NONE',  ( -4.729607501474438536, 24.29464569419235076, 0.4584830072489488040 ) ) ;
#1438 = CARTESIAN_POINT ( 'NONE',  ( -3.610883317201789122, 9.092195445285812028, -13.47599999999997245 ) ) ;
#1439 = AXIS2_PLACEMENT_3D ( 'NONE', #6037, #4070, #6605 ) ;
#1440 = VECTOR ( 'NONE', #4104, 1000.000000000000000 ) ;
#1441 = DIRECTION ( 'NONE',  ( -0.000000000000000000, -1.000000000000000000, 0.000000000000000000 ) ) ;
#1442 = CARTESIAN_POINT ( 'NONE',  ( -14.99999999999997158, 12.53031363504083018, 4.019237886466824783 ) ) ;
#1443 =( BOUNDED_CURVE ( )  B_SPLINE_CURVE ( 3, ( #4981, #423, #4296, #5433 ),
 .UNSPECIFIED., .F., .T. ) 
 B_SPLINE_CURVE_WITH_KNOTS ( ( 4, 4 ),
 ( 3.141592653589792672, 4.712388980384687898 ),
 .UNSPECIFIED. ) 
 CURVE ( )  GEOMETRIC_REPRESENTATION_ITEM ( )  RATIONAL_B_SPLINE_CURVE ( ( 1.000000000000000000, 0.8047378541243652705, 0.8047378541243652705, 1.000000000000000000 ) ) 
 REPRESENTATION_ITEM ( '' )  );
#1444 = CARTESIAN_POINT ( 'NONE',  ( 1.638438416236723594, 32.09355210119216650, -1.888974481374212200 ) ) ;
#1445 = B_SPLINE_CURVE_WITH_KNOTS ( 'NONE', 3,
 ( #2738, #971, #5049, #1612 ),
 .UNSPECIFIED., .F., .F.,
 ( 4, 4 ),
 ( 4.535986610036734737E-19, 0.0003718339866683836219 ),
 .UNSPECIFIED. ) ;
#1446 = ORIENTED_EDGE ( 'NONE', *, *, #2262, .T. ) ;
#1447 = CIRCLE ( 'NONE', #6157, 0.2500000000000002220 ) ;
#1448 = AXIS2_PLACEMENT_3D ( 'NONE', #7015, #1267, #6555 ) ;
#1449 = DIRECTION ( 'NONE',  ( 0.000000000000000000, -1.000000000000000000, 0.000000000000000000 ) ) ;
#1450 = ORIENTED_EDGE ( 'NONE', *, *, #3698, .F. ) ;
#1451 = VERTEX_POINT ( 'NONE', #5117 ) ;
#1452 = CARTESIAN_POINT ( 'NONE',  ( -3.719381752146852183, 25.41533853840699919, 0.1250026751836844641 ) ) ;
#1453 = DIRECTION ( 'NONE',  ( -0.5000000000000039968, 0.000000000000000000, -0.8660254037844362651 ) ) ;
#1454 = CARTESIAN_POINT ( 'NONE',  ( -2.755455298081538467E-15, 10.14000000000000057, 14.99999999999996803 ) ) ;
#1455 = CARTESIAN_POINT ( 'NONE',  ( 3.678942412079318824, 3.334862111952478170, -13.72999999999996668 ) ) ;
#1456 = VECTOR ( 'NONE', #726, 1000.000000000000114 ) ;
#1457 = DIRECTION ( 'NONE',  ( -1.000000000000000000, 0.000000000000000000, 6.982962677686275388E-15 ) ) ;
#1458 = TOROIDAL_SURFACE ( 'NONE', #4714, 6.000000000000000000, 0.2500000000000000000 ) ;
#1459 = CARTESIAN_POINT ( 'NONE',  ( 1.563792111031526266, 25.39645508342649904, -3.370542935392085493 ) ) ;
#1460 = ORIENTED_EDGE ( 'NONE', *, *, #6943, .T. ) ;
#1461 = CIRCLE ( 'NONE', #2543, 0.2500000000000002220 ) ;
#1462 = CARTESIAN_POINT ( 'NONE',  ( 1.737845010466973150, 24.50000000000000000, -4.110035853808946982 ) ) ;
#1463 = ORIENTED_EDGE ( 'NONE', *, *, #4415, .F. ) ;
#1464 = CARTESIAN_POINT ( 'NONE',  ( 9.709082628276198412E-15, 8.626528778619144688, -13.72999999999997200 ) ) ;
#1465 = CARTESIAN_POINT ( 'NONE',  ( 14.70723114716639657, 11.69049863318457305, 2.949127395376016203 ) ) ;
#1466 = DIRECTION ( 'NONE',  ( -0.8660254037844433705, 0.000000000000000000, -0.4999999999999918954 ) ) ;
#1467 = VECTOR ( 'NONE', #5429, 1000.000000000000227 ) ;
#1468 = AXIS2_PLACEMENT_3D ( 'NONE', #668, #4774, #6254 ) ;
#1469 = CYLINDRICAL_SURFACE ( 'NONE', #4583, 0.2500000000000000000 ) ;
#1470 = EDGE_CURVE ( 'NONE', #4428, #6150, #1115, .T. ) ;
#1471 = CARTESIAN_POINT ( 'NONE',  ( 9.200974449559103263, 10.67168812759718399, 11.88075817305755244 ) ) ;
#1472 = ORIENTED_EDGE ( 'NONE', *, *, #1258, .F. ) ;
#1473 = FACE_OUTER_BOUND ( 'NONE', #5246, .T. ) ;
#1474 = CARTESIAN_POINT ( 'NONE',  ( -13.56897045256121181, 6.093421975649603972, -3.635794674885557853 ) ) ;
#1475 = EDGE_CURVE ( 'NONE', #6060, #847, #2655, .T. ) ;
#1476 = CARTESIAN_POINT ( 'NONE',  ( 10.79482120841064052, 10.15964696837416703, -10.79482120841063697 ) ) ;
#1477 = FACE_OUTER_BOUND ( 'NONE', #5067, .T. ) ;
#1478 = EDGE_CURVE ( 'NONE', #4941, #6496, #5249, .T. ) ;
#1479 = CARTESIAN_POINT ( 'NONE',  ( -3.689820984012683880, 25.45486940119457842, 0.3327259559394492583 ) ) ;
#1480 = DIRECTION ( 'NONE',  ( 0.09104463009115218441, -0.9832820049844602783, -0.1576939250741932197 ) ) ;
#1481 = VERTEX_POINT ( 'NONE', #7279 ) ;
#1482 = CARTESIAN_POINT ( 'NONE',  ( 0.4154583366848560444, 31.75000000000000000, -1.819594947566261833 ) ) ;
#1483 = CARTESIAN_POINT ( 'NONE',  ( -2.515698540010677497, 31.79513059880541803, -0.3327259559394480370 ) ) ;
#1484 = CYLINDRICAL_SURFACE ( 'NONE', #2540, 14.99999999999996803 ) ;
#1485 = CARTESIAN_POINT ( 'NONE',  ( 10.98076211353313170, 14.40958787349666181, 10.98076211353313703 ) ) ;
#1486 = CARTESIAN_POINT ( 'NONE',  ( 1.887450352599254089, 24.45016387175599348, -4.369159894165171920 ) ) ;
#1487 = EDGE_LOOP ( 'NONE', ( #2972 ) ) ;
#1488 = CARTESIAN_POINT ( 'NONE',  ( 1.303260983927252870, 24.50000000000000000, -2.857314239684265900 ) ) ;
#1489 = ORIENTED_EDGE ( 'NONE', *, *, #191, .F. ) ;
#1490 = DIRECTION ( 'NONE',  ( -0.000000000000000000, -1.000000000000000000, -0.000000000000000000 ) ) ;
#1491 = CARTESIAN_POINT ( 'NONE',  ( 1.640603123639403638, 25.27054525462382273, -3.468598844800913739 ) ) ;
#1492 =( BOUNDED_SURFACE ( )  B_SPLINE_SURFACE ( 3, 2, ( 
 ( #1572, #526, #1610 ),
 ( #1004, #6214, #5578 ),
 ( #6822, #7419, #2736 ),
 ( #1675, #3410, #5649 ) ),
 .UNSPECIFIED., .F., .F., .T. ) 
 B_SPLINE_SURFACE_WITH_KNOTS ( ( 4, 4 ),
 ( 3, 3 ),
 ( 0.0009591289067543050601, 0.001061295098466788185 ),
 ( 0.000000000000000000, 1.000000000000000000 ),
 .UNSPECIFIED. ) 
 GEOMETRIC_REPRESENTATION_ITEM ( )  RATIONAL_B_SPLINE_SURFACE ( (
 ( 1.000000000000000000, 0.7314725590610077210, 1.000000000000000000),
 ( 1.000000000000000000, 0.7364911722574291053, 1.000000000000000000),
 ( 1.000000000000000000, 0.7449905211635280411, 1.000000000000000000),
 ( 1.000000000000000000, 0.7556112545594121377, 1.000000000000000000) ) ) 
 REPRESENTATION_ITEM ( '' )  SURFACE ( )  );
#1493 = CARTESIAN_POINT ( 'NONE',  ( -4.019237886466830112, 2.917607571789161192, -14.99999999999996447 ) ) ;
#1494 = CARTESIAN_POINT ( 'NONE',  ( -1.139052268350550998E-14, 11.16652877861914561, 13.72999999999997200 ) ) ;
#1495 = CARTESIAN_POINT ( 'NONE',  ( -1.783544617532632159, 32.00000000000000000, -0.8000000000000000444 ) ) ;
#1496 = ADVANCED_FACE ( 'NONE', ( #378 ), #4733, .T. ) ;
#1497 = CARTESIAN_POINT ( 'NONE',  ( 1.584328922453660304, 25.34408468279957916, -3.395967865533413121 ) ) ;
#1498 = VERTEX_POINT ( 'NONE', #4373 ) ;
#1499 = CARTESIAN_POINT ( 'NONE',  ( -3.164003448079745429, 24.29552231504557724, -0.5500000000000000444 ) ) ;
#1500 = ORIENTED_EDGE ( 'NONE', *, *, #7384, .T. ) ;
#1501 = CARTESIAN_POINT ( 'NONE',  ( -6.864999999999999325, 5.663195445285810870, 11.89052879396031059 ) ) ;
#1502 = CARTESIAN_POINT ( 'NONE',  ( 14.70723730674942509, 11.25055938711616932, 2.949096607938945347 ) ) ;
#1503 = LINE ( 'NONE', #3761, #4467 ) ;
#1504 = CARTESIAN_POINT ( 'NONE',  ( 3.951178791589316397, 8.466313635040831898, 14.74599999999996847 ) ) ;
#1505 = APPLICATION_CONTEXT ( 'automotive_design' ) ;
#1506 = CARTESIAN_POINT ( 'NONE',  ( 8.448250526037147878, 10.62285769631962395, 12.39463974781995859 ) ) ;
#1507 = VERTEX_POINT ( 'NONE', #5505 ) ;
#1508 = CARTESIAN_POINT ( 'NONE',  ( 9.865116682798154457, 7.161469683741641390, 9.865116682798175773 ) ) ;
#1509 = CARTESIAN_POINT ( 'NONE',  ( -6.864999999999974456, 5.551392428210850660, -11.89052879396032303 ) ) ;
#1510 = CARTESIAN_POINT ( 'NONE',  ( -3.732467554166690960, 25.34489806066958906, 0.3260156690162600013 ) ) ;
#1511 = CARTESIAN_POINT ( 'NONE',  ( 14.45818888973527550, 11.69049864109838310, 2.899187822258912473 ) ) ;
#1512 = CYLINDRICAL_SURFACE ( 'NONE', #3020, 0.2499999999999998890 ) ;
#1513 = FACE_OUTER_BOUND ( 'NONE', #1641, .T. ) ;
#1514 = ADVANCED_FACE ( 'NONE', ( #269 ), #1458, .F. ) ;
#1515 = CARTESIAN_POINT ( 'NONE',  ( -0.005001832026217577047, 2.520263773990009781, -14.99999935825444730 ) ) ;
#1516 = VERTEX_POINT ( 'NONE', #4328 ) ;
#1517 = CARTESIAN_POINT ( 'NONE',  ( 1.020239620936821190, 31.79552231504558080, 1.167106859357373017 ) ) ;
#1518 = DIRECTION ( 'NONE',  ( 0.000000000000000000, 0.3652683775886294559, 0.9309022571321708961 ) ) ;
#1519 = CARTESIAN_POINT ( 'NONE',  ( -7.499999999999980460, 11.65792120682999489, -12.99038105676655341 ) ) ;
#1520 = CARTESIAN_POINT ( 'NONE',  ( 11.89052879396030882, 13.59472576154418455, 6.864999999999999325 ) ) ;
#1521 = ORIENTED_EDGE ( 'NONE', *, *, #1144, .F. ) ;
#1522 = DIRECTION ( 'NONE',  ( 0.5000000000000039968, 0.000000000000000000, 0.8660254037844363761 ) ) ;
#1523 = ORIENTED_EDGE ( 'NONE', *, *, #147, .T. ) ;
#1524 = CARTESIAN_POINT ( 'NONE',  ( -1.783544617532631715, 31.75000000000000000, -0.5500000000000000444 ) ) ;
#1525 = ORIENTED_EDGE ( 'NONE', *, *, #6038, .T. ) ;
#1526 = CARTESIAN_POINT ( 'NONE',  ( -14.99999999999997158, 4.187607571789162542, 4.019237886466824783 ) ) ;
#1527 = CARTESIAN_POINT ( 'NONE',  ( -3.678942412079325486, 5.874862111952478649, 13.72999999999996312 ) ) ;
#1528 = CARTESIAN_POINT ( 'NONE',  ( 14.93310600637275698, 2.366068033603098364, 1.423530827880864935 ) ) ;
#1529 = CARTESIAN_POINT ( 'NONE',  ( -14.74599999999996847, 7.196313635040832324, 3.951178791589316841 ) ) ;
#1530 = CARTESIAN_POINT ( 'NONE',  ( 1.612310625312145529, 31.75000000000000000, 1.692603920623758196 ) ) ;
#1531 = EDGE_CURVE ( 'NONE', #3562, #3185, #6557, .T. ) ;
#1532 = EDGE_LOOP ( 'NONE', ( #194, #1425, #5303, #40, #1523, #4345 ) ) ;
#1533 = CARTESIAN_POINT ( 'NONE',  ( 0.6253560291686742767, 31.84131709439716573, -2.217697286773627319 ) ) ;
#1534 = EDGE_LOOP ( 'NONE', ( #5366, #4161, #595, #7424 ) ) ;
#1535 = CARTESIAN_POINT ( 'NONE',  ( 1.860008636286885064, 25.22290488603394465, 4.082831766509444016 ) ) ;
#1536 = CARTESIAN_POINT ( 'NONE',  ( 14.70723113645424718, 11.33922044879708046, 2.949127393227992222 ) ) ;
#1537 = CARTESIAN_POINT ( 'NONE',  ( -4.739432689913658514, 24.00000000000000000, -0.3166666666666668184 ) ) ;
#1538 = CARTESIAN_POINT ( 'NONE',  ( -2.587675695401192577, 10.00055082981883636, 14.77511225545816487 ) ) ;
#1539 = VERTEX_POINT ( 'NONE', #342 ) ;
#1540 = CARTESIAN_POINT ( 'NONE',  ( -6.738000000000000433, 6.103136350408306932, 11.67055834139906167 ) ) ;
#1541 = CARTESIAN_POINT ( 'NONE',  ( -13.72999999999997556, 6.609725761544184230, 3.678942412079292623 ) ) ;
#1542 = CARTESIAN_POINT ( 'NONE',  ( 1.605857473938687940, 0.000000000000000000, -4.470315623464998112 ) ) ;
#1543 = CARTESIAN_POINT ( 'NONE',  ( 1.544862961987348182, 31.91936402391268146, -1.984497730891724210 ) ) ;
#1544 = CARTESIAN_POINT ( 'NONE',  ( -2.336637871645899089, 32.00000000000000000, -0.8888888888888891726 ) ) ;
#1545 = CARTESIAN_POINT ( 'NONE',  ( -2.504179498640967783, 31.97743070733877246, 0.1441736814773784126 ) ) ;
#1546 = AXIS2_PLACEMENT_3D ( 'NONE', #5454, #4953, #2036 ) ;
#1547 = CARTESIAN_POINT ( 'NONE',  ( -0.5159930610659745343, 2.547714981404348489, -14.99267715544646329 ) ) ;
#1548 = ORIENTED_EDGE ( 'NONE', *, *, #4564, .T. ) ;
#1549 = EDGE_LOOP ( 'NONE', ( #6633, #4155, #1999, #97 ) ) ;
#1550 = DIRECTION ( 'NONE',  ( -0.8660254037844434816, -2.458915441520485377E-16, -0.4999999999999918399 ) ) ;
#1551 = CARTESIAN_POINT ( 'NONE',  ( -6.738000000000000433, 11.18313635040830789, 11.67055834139906167 ) ) ;
#1552 = LINE ( 'NONE', #1594, #3492 ) ;
#1553 = DIRECTION ( 'NONE',  ( 0.09104463009115439098, -0.9832820049844601673, 0.1576939250741919707 ) ) ;
#1554 = CARTESIAN_POINT ( 'NONE',  ( 14.93056747504099491, 13.41867548756750139, 1.441580685652731786 ) ) ;
#1555 = ORIENTED_EDGE ( 'NONE', *, *, #5295, .F. ) ;
#1556 = CARTESIAN_POINT ( 'NONE',  ( 2.149702554186817327, 25.25000000000000000, -3.322793623107894501 ) ) ;
#1557 = ORIENTED_EDGE ( 'NONE', *, *, #4099, .F. ) ;
#1558 = CARTESIAN_POINT ( 'NONE',  ( 0.7226500278042046199, 31.88938372160084711, -2.423936300145029588 ) ) ;
#1559 = EDGE_CURVE ( 'NONE', #4920, #3192, #6036, .T. ) ;
#1560 = VECTOR ( 'NONE', #6812, 1000.000000000000000 ) ;
#1561 = CARTESIAN_POINT ( 'NONE',  ( -7.499999999999981348, 8.209274238455828154, -12.99038105676655341 ) ) ;
#1562 = ADVANCED_FACE ( 'NONE', ( #3674, #5989 ), #2554, .T. ) ;
#1563 = CARTESIAN_POINT ( 'NONE',  ( 13.46201889776409466, 12.27708645739852322, 2.699434606772611378 ) ) ;
#1564 = CARTESIAN_POINT ( 'NONE',  ( -4.439023867045851723, 25.13184846849791398, -0.5220540310691801356 ) ) ;
#1565 = CARTESIAN_POINT ( 'NONE',  ( 14.74599999999996491, 9.736313635040829695, -3.951178791589324391 ) ) ;
#1566 = EDGE_CURVE ( 'NONE', #5797, #3227, #145, .T. ) ;
#1567 = ADVANCED_FACE ( 'NONE', ( #3218 ), #4982, .T. ) ;
#1568 = FACE_OUTER_BOUND ( 'NONE', #3014, .T. ) ;
#1569 = AXIS2_PLACEMENT_3D ( 'NONE', #5430, #1908, #229 ) ;
#1570 = TOROIDAL_SURFACE ( 'NONE', #729, 1.016000000000001346, 0.5079999999999981197 ) ;
#1571 = ORIENTED_EDGE ( 'NONE', *, *, #4933, .F. ) ;
#1572 = CARTESIAN_POINT ( 'NONE',  ( -2.233260202834139285, 31.84131709439717994, 0.5672744357169126062 ) ) ;
#1573 = VERTEX_POINT ( 'NONE', #5009 ) ;
#1574 = CARTESIAN_POINT ( 'NONE',  ( -11.67055834139906167, 9.913136350408308317, -6.737999999999998657 ) ) ;
#1575 = CARTESIAN_POINT ( 'NONE',  ( -4.727528636757448943, 24.45020079718654671, -0.5499999756506157578 ) ) ;
#1576 = AXIS2_PLACEMENT_3D ( 'NONE', #4116, #1169, #6918 ) ;
#1577 = CIRCLE ( 'NONE', #5540, 0.2499999999999996669 ) ;
#1578 = AXIS2_PLACEMENT_3D ( 'NONE', #6634, #1453, #6774 ) ;
#1579 = CARTESIAN_POINT ( 'NONE',  ( 0.000000000000000000, 25.22140452079095851, 0.000000000000000000 ) ) ;
#1580 = CARTESIAN_POINT ( 'NONE',  ( -0.03100558294209792426, 10.13947930628157756, 15.01769705912738395 ) ) ;
#1581 = CARTESIAN_POINT ( 'NONE',  ( 1.737823688818036949, 31.89198469374267475, 1.828342231690703201 ) ) ;
#1582 = CARTESIAN_POINT ( 'NONE',  ( -3.678942412079296176, 5.339725761544184657, -13.72999999999997200 ) ) ;
#1583 = DIRECTION ( 'NONE',  ( -0.4999999999999920619, 0.000000000000000000, 0.8660254037844432595 ) ) ;
#1584 = DIRECTION ( 'NONE',  ( 0.000000000000000000, 0.000000000000000000, 1.000000000000000000 ) ) ;
#1585 = CARTESIAN_POINT ( 'NONE',  ( -2.515698540010676165, 31.79513059880542514, -0.3327259559394477040 ) ) ;
#1586 = CARTESIAN_POINT ( 'NONE',  ( -2.467504171367458365, 31.97774562739780890, 0.4263147175396798105 ) ) ;
#1587 = ADVANCED_FACE ( 'NONE', ( #1568 ), #6649, .T. ) ;
#1588 = ADVANCED_FACE ( 'NONE', ( #1002 ), #4450, .T. ) ;
#1589 = CARTESIAN_POINT ( 'NONE',  ( -8.309110617079980443, 4.586156253361846957, 12.48835876848989557 ) ) ;
#1590 = ORIENTED_EDGE ( 'NONE', *, *, #39, .F. ) ;
#1591 = VERTEX_POINT ( 'NONE', #5688 ) ;
#1592 = CARTESIAN_POINT ( 'NONE',  ( 2.028404151762284169, 24.25445640912886702, 4.295772583365061514 ) ) ;
#1593 = CARTESIAN_POINT ( 'NONE',  ( -2.491056929698488798, 31.91936402391294791, -0.3456417050004784719 ) ) ;
#1594 = CARTESIAN_POINT ( 'NONE',  ( 0.4763139720814399958, 25.00000000000000000, -0.2750000000000022427 ) ) ;
#1595 = CARTESIAN_POINT ( 'NONE',  ( -4.674335647102256353, 25.13153797893418684, 0.8444443488052573166 ) ) ;
#1596 = DIRECTION ( 'NONE',  ( 0.1820892601823026757, 0.9832820049844611665, 3.158745143614892965E-16 ) ) ;
#1597 = PLANE ( 'NONE',  #372 ) ;
#1598 = CARTESIAN_POINT ( 'NONE',  ( 1.657898175226900417, 31.95125945679368940, 1.579490426849949891 ) ) ;
#1599 =( BOUNDED_SURFACE ( )  B_SPLINE_SURFACE ( 3, 2, ( 
 ( #4908, #6690, #3230 ),
 ( #5517, #2029, #3195 ),
 ( #1510, #3804, #6112 ),
 ( #4494, #3912, #7359 ),
 ( #3985, #5019, #2216 ),
 ( #980, #4421, #2249 ) ),
 .UNSPECIFIED., .F., .F., .T. ) 
 B_SPLINE_SURFACE_WITH_KNOTS ( ( 4, 2, 4 ),
 ( 3, 3 ),
 ( 0.0004999288450773138603, 0.0008469399829585990682, 0.001193951120839884276 ),
 ( 0.000000000000000000, 1.000000000000000000 ),
 .UNSPECIFIED. ) 
 GEOMETRIC_REPRESENTATION_ITEM ( )  RATIONAL_B_SPLINE_SURFACE ( (
 ( 1.000000000000000000, 0.7519653661432158520, 1.000000000000000000),
 ( 1.000000000000000000, 0.7497400716364860385, 1.000000000000000000),
 ( 1.000000000000000000, 0.7430369973152214369, 1.000000000000000000),
 ( 1.000000000000000000, 0.7259914010718285793, 1.000000000000000000),
 ( 1.000000000000000000, 0.7160492516770422533, 1.000000000000000000),
 ( 1.000000000000000000, 0.7071067811864382158, 1.000000000000000000) ) ) 
 REPRESENTATION_ITEM ( '' )  SURFACE ( )  );
#1600 = VERTEX_POINT ( 'NONE', #1114 ) ;
#1601 = VERTEX_POINT ( 'NONE', #2157 ) ;
#1602 = DIRECTION ( 'NONE',  ( 0.4999999999999920619, 0.000000000000000000, -0.8660254037844432595 ) ) ;
#1603 = CARTESIAN_POINT ( 'NONE',  ( -7.499999999999991118, 9.902607571789165064, 12.99038105676654986 ) ) ;
#1604 = CARTESIAN_POINT ( 'NONE',  ( 14.81604691462179346, 11.88613310429148484, 2.366343314798364794 ) ) ;
#1605 = CARTESIAN_POINT ( 'NONE',  ( 2.206514006024322239, 25.24999999999986500, 3.209111885159594113 ) ) ;
#1606 = CARTESIAN_POINT ( 'NONE',  ( -14.74599999999996314, 11.85298030170750039, -3.951178791589331496 ) ) ;
#1607 = CARTESIAN_POINT ( 'NONE',  ( 1.257419630389734255, 25.29444059359373398, 3.277914686269466582 ) ) ;
#1608 = EDGE_CURVE ( 'NONE', #2563, #573, #4628, .T. ) ;
#1609 = EDGE_LOOP ( 'NONE', ( #2850, #5270, #3659, #1116 ) ) ;
#1610 = CARTESIAN_POINT ( 'NONE',  ( -2.476446974785555533, 31.97766877619273629, 0.3710465410266867159 ) ) ;
#1611 = ORIENTED_EDGE ( 'NONE', *, *, #7234, .F. ) ;
#1612 = CARTESIAN_POINT ( 'NONE',  ( -2.476446974785523558, 31.97766877619272918, -0.3710465410268550257 ) ) ;
#1613 = DIRECTION ( 'NONE',  ( -0.8660254037844432595, -0.000000000000000000, -0.4999999999999918399 ) ) ;
#1614 = CARTESIAN_POINT ( 'NONE',  ( 8.425081703946087686, 10.62135617758410611, 12.41040765014030534 ) ) ;
#1615 = CARTESIAN_POINT ( 'NONE',  ( 1.598448410122845775, 32.02262672620886974, 1.922228571261946684 ) ) ;
#1616 = CARTESIAN_POINT ( 'NONE',  ( -2.377492722648588241, 32.01184860762833040, 0.7774977093401947981 ) ) ;
#1617 = B_SPLINE_CURVE_WITH_KNOTS ( 'NONE', 3,
 ( #3967, #34, #2916, #6389 ),
 .UNSPECIFIED., .F., .F.,
 ( 4, 4 ),
 ( 0.000000000000000000, 1.000000000000000000 ),
 .UNSPECIFIED. ) ;
#1618 = LINE ( 'NONE', #5589, #253 ) ;
#1619 = DIRECTION ( 'NONE',  ( -0.8660254037844432595, 0.000000000000000000, -0.4999999999999920064 ) ) ;
#1620 = CARTESIAN_POINT ( 'NONE',  ( -2.133229785130907441, 32.00000000000000000, -0.7602331376637488924 ) ) ;
#1621 = DIRECTION ( 'NONE',  ( 0.000000000000000000, 0.000000000000000000, 1.000000000000000000 ) ) ;
#1622 = CARTESIAN_POINT ( 'NONE',  ( -8.327791365191375306, 4.584929219369599629, 12.47589319916935757 ) ) ;
#1623 = ORIENTED_EDGE ( 'NONE', *, *, #1880, .F. ) ;
#1624 = CARTESIAN_POINT ( 'NONE',  ( 0.8973293703137493749, 32.00000000000000000, -0.9542200605072255204 ) ) ;
#1625 = CARTESIAN_POINT ( 'NONE',  ( -1.311753616059032242E-14, 6.526469683741640715, 13.47599999999996889 ) ) ;
#1626 = CARTESIAN_POINT ( 'NONE',  ( 1.521338659520921288, 24.50000000000000000, 4.235035853808924777 ) ) ;
#1627 = FACE_OUTER_BOUND ( 'NONE', #2504, .T. ) ;
#1628 = LINE ( 'NONE', #2798, #7353 ) ;
#1629 = CARTESIAN_POINT ( 'NONE',  ( 2.199371847313152273, 25.40973880238915328, 2.709423784282966707 ) ) ;
#1630 = CARTESIAN_POINT ( 'NONE',  ( -4.674335634789280824, 25.13156170211680873, -0.8444444169628112506 ) ) ;
#1631 = ORIENTED_EDGE ( 'NONE', *, *, #6381, .T. ) ;
#1632 = CARTESIAN_POINT ( 'NONE',  ( 14.93056747504099491, 13.41867548756750139, 1.441580685652731786 ) ) ;
#1633 = EDGE_CURVE ( 'NONE', #7144, #3122, #3619, .T. ) ;
#1634 = CARTESIAN_POINT ( 'NONE',  ( 12.99038105676654986, 11.17260757178916464, 7.499999999999991118 ) ) ;
#1635 = CARTESIAN_POINT ( 'NONE',  ( 1.249999999999979572, 32.02295302177460457, -2.165063509461108371 ) ) ;
#1636 = CARTESIAN_POINT ( 'NONE',  ( 0.8654745695316845566, 32.02262672620886264, -2.345411215436206565 ) ) ;
#1637 = DIRECTION ( 'NONE',  ( -1.000000000000000000, 0.000000000000000000, 9.389696320154783220E-18 ) ) ;
#1638 = CARTESIAN_POINT ( 'NONE',  ( 2.170675713537201901, 25.41533853840699919, 3.008789585058134097 ) ) ;
#1639 = VERTEX_POINT ( 'NONE', #451 ) ;
#1640 = CARTESIAN_POINT ( 'NONE',  ( -2.491777696798971320, 31.97753697559804920, -0.2862777823204694094 ) ) ;
#1641 = EDGE_LOOP ( 'NONE', ( #3536, #3280, #5203, #4622 ) ) ;
#1642 = CYLINDRICAL_SURFACE ( 'NONE', #6525, 0.2500000000000000555 ) ;
#1643 = EDGE_CURVE ( 'NONE', #1481, #6398, #6966, .T. ) ;
#1644 = CARTESIAN_POINT ( 'NONE',  ( -2.476446974785523558, 31.97766877619272918, -0.3710465410268550257 ) ) ;
#1645 = ORIENTED_EDGE ( 'NONE', *, *, #4386, .T. ) ;
#1646 = CARTESIAN_POINT ( 'NONE',  ( -2.487489291557183346, 31.78990666390663122, 0.5499999999999992673 ) ) ;
#1647 = CARTESIAN_POINT ( 'NONE',  ( 1.737865399178759152, 31.88938372160084000, 1.837801432196631612 ) ) ;
#1648 = CARTESIAN_POINT ( 'NONE',  ( -2.133229785130918099, 32.00000000000000000, 0.7602331376637530003 ) ) ;
#1649 = EDGE_CURVE ( 'NONE', #5469, #7097, #4530, .T. ) ;
#1650 = DIRECTION ( 'NONE',  ( 0.000000000000000000, -0.1583515888048807885, -0.9873827901695320097 ) ) ;
#1651 = EDGE_CURVE ( 'NONE', #4216, #6150, #5044, .T. ) ;
#1652 = CARTESIAN_POINT ( 'NONE',  ( 6.737999999999965794, 12.73145152308835470, 11.67055834139907766 ) ) ;
#1653 = EDGE_CURVE ( 'NONE', #6529, #1539, #7348, .T. ) ;
#1654 = CARTESIAN_POINT ( 'NONE',  ( -11.55722058161283350, 3.227876295912875726, -9.610706457422285354 ) ) ;
#1655 = EDGE_LOOP ( 'NONE', ( #3820, #7043, #762, #393 ) ) ;
#1656 = ORIENTED_EDGE ( 'NONE', *, *, #2936, .F. ) ;
#1657 = CARTESIAN_POINT ( 'NONE',  ( 2.864768569823110234, 24.05068044824683682, 3.790186438776821376 ) ) ;
#1658 = CARTESIAN_POINT ( 'NONE',  ( -13.47599999999996356, 10.82645152308835357, -3.610883317201815323 ) ) ;
#1659 = CARTESIAN_POINT ( 'NONE',  ( -10.98076211353313347, 6.789587873496661707, -10.98076211353313525 ) ) ;
#1660 = CARTESIAN_POINT ( 'NONE',  ( 2.307119839861048405, 25.44964546629581292, 2.896048781789474003 ) ) ;
#1661 = AXIS2_PLACEMENT_3D ( 'NONE', #5106, #3281, #403 ) ;
#1662 = CARTESIAN_POINT ( 'NONE',  ( 1.545038538151792595, 31.92006045487152832, 1.984194846410654911 ) ) ;
#1663 = CARTESIAN_POINT ( 'NONE',  ( 1.374999999999977573, 32.02295302177460457, -2.381569860407219075 ) ) ;
#1664 = CARTESIAN_POINT ( 'NONE',  ( -4.685388217961982349, 25.26166002693508972, -0.7869602491623043372 ) ) ;
#1665 = ORIENTED_EDGE ( 'NONE', *, *, #6594, .F. ) ;
#1666 = CARTESIAN_POINT ( 'NONE',  ( 0.000000000000000000, 14.50000000000000000, -13.00000000000000000 ) ) ;
#1667 = AXIS2_PLACEMENT_3D ( 'NONE', #2505, #1490, #1939 ) ;
#1668 = DIRECTION ( 'NONE',  ( 0.000000000000000000, 0.000000000000000000, -1.000000000000000000 ) ) ;
#1669 = CARTESIAN_POINT ( 'NONE',  ( -13.56897045256122425, 5.121165897847058446, 3.635794674885527211 ) ) ;
#1670 = CARTESIAN_POINT ( 'NONE',  ( 14.22267327732401654, 11.30240092767034632, 5.365607264222585826 ) ) ;
#1671 = DIRECTION ( 'NONE',  ( -0.4999999999999930056, -0.8660254037844428154, 3.491481338843039086E-15 ) ) ;
#1672 = DIRECTION ( 'NONE',  ( 0.000000000000000000, 1.000000000000000000, 0.000000000000000000 ) ) ;
#1673 = CARTESIAN_POINT ( 'NONE',  ( 1.710950711025707838, 25.24999999999997513, 3.563453560742584791 ) ) ;
#1674 = ORIENTED_EDGE ( 'NONE', *, *, #1974, .T. ) ;
#1675 = CARTESIAN_POINT ( 'NONE',  ( -2.217530681689084737, 31.88631336310442776, 0.5904321898784090639 ) ) ;
#1676 = EDGE_LOOP ( 'NONE', ( #3220, #2461, #7227, #7061 ) ) ;
#1677 = EDGE_LOOP ( 'NONE', ( #851, #4257, #1095, #6506 ) ) ;
#1678 = DIRECTION ( 'NONE',  ( 1.000000000000000000, 0.000000000000000000, 0.000000000000000000 ) ) ;
#1679 = CARTESIAN_POINT ( 'NONE',  ( -3.712133762045476182, 25.45447768495442631, 0.000000000000000000 ) ) ;
#1680 = VECTOR ( 'NONE', #1032, 1000.000000000000227 ) ;
#1681 = VECTOR ( 'NONE', #1613, 1000.000000000000227 ) ;
#1682 =( BOUNDED_SURFACE ( )  B_SPLINE_SURFACE ( 3, 2, ( 
 ( #3528, #1193, #1760 ),
 ( #5276, #6520, #5842 ),
 ( #675, #119, #5358 ),
 ( #2400, #1270, #3563 ),
 ( #2446, #1304, #3602 ),
 ( #5920, #754, #195 ) ),
 .UNSPECIFIED., .F., .F., .T. ) 
 B_SPLINE_SURFACE_WITH_KNOTS ( ( 4, 2, 4 ),
 ( 3, 3 ),
 ( 0.0003323826445475366984, 0.0007246908430540057854, 0.001116999041560474927 ),
 ( 0.000000000000000000, 1.000000000000000000 ),
 .UNSPECIFIED. ) 
 GEOMETRIC_REPRESENTATION_ITEM ( )  RATIONAL_B_SPLINE_SURFACE ( (
 ( 1.000000000000000000, 0.6411794687223772993, 1.000000000000000000),
 ( 1.000000000000000000, 0.6406246728299302973, 1.000000000000000000),
 ( 1.000000000000000000, 0.6545041186311535419, 1.000000000000000000),
 ( 1.000000000000000000, 0.6852809834408020162, 1.000000000000000000),
 ( 1.000000000000000000, 0.7014220286131116477, 1.000000000000000000),
 ( 1.000000000000000000, 0.7071067811865425767, 1.000000000000000000) ) ) 
 REPRESENTATION_ITEM ( '' )  SURFACE ( )  );
#1683 = ORIENTED_EDGE ( 'NONE', *, *, #3037, .T. ) ;
#1684 = CIRCLE ( 'NONE', #5915, 0.2499999999999999445 ) ;
#1685 = DIRECTION ( 'NONE',  ( 0.5167663429450327639, -0.8346194343508341884, 0.1906907092731857378 ) ) ;
#1686 = CARTESIAN_POINT ( 'NONE',  ( 11.67055834139907411, 3.841451523088355469, -6.737999999999973788 ) ) ;
#1687 = CARTESIAN_POINT ( 'NONE',  ( -2.336637871645899089, 32.00000000000000000, 0.8888888888888895057 ) ) ;
#1688 = CARTESIAN_POINT ( 'NONE',  ( 0.8853112270923602090, 32.00820913091201447, -2.338091337987731499 ) ) ;
#1689 = CARTESIAN_POINT ( 'NONE',  ( 11.67055834139905990, 13.15478485642168849, 6.738000000000000433 ) ) ;
#1690 = VECTOR ( 'NONE', #6853, 1000.000000000000000 ) ;
#1691 = VECTOR ( 'NONE', #3785, 1000.000000000000000 ) ;
#1692 = EDGE_CURVE ( 'NONE', #2813, #1897, #2812, .T. ) ;
#1693 = AXIS2_PLACEMENT_3D ( 'NONE', #6164, #3169, #7331 ) ;
#1694 = CARTESIAN_POINT ( 'NONE',  ( 14.81881456501461258, 6.459975625563400214, -2.373949237685753832 ) ) ;
#1695 = ORIENTED_EDGE ( 'NONE', *, *, #5378, .F. ) ;
#1696 = ORIENTED_EDGE ( 'NONE', *, *, #5672, .T. ) ;
#1697 = B_SPLINE_CURVE_WITH_KNOTS ( 'NONE', 3,
 ( #3166, #209, #802, #7143, #1321, #1926, #4237, #4763, #5372, #1961, #6617, #3199, #838, #4275, #2607, #5936, #5486, #4912, #6577, #3695, #6051, #7217, #4355, #5452, #2570, #4877, #7182, #6538, #4309, #2034, #1435, #3623, #2460, #4193, #7067, #1888, #4501, #7400, #2073, #3949, #6228, #3808, #2748, #3843, #6697, #467, #5065, #5103, #1515, #2641, #4535, #6117, #5594, #7366, #1547, #5663, #7260, #945, #6834, #504, #2184, #6260, #1054, #2684, #3236, #985, #3278, #4426, #2219, #5559, #5626, #401, #4992, #359, #2790, #433, #1654, #6160, #3882, #2109, #4950, #3348, #6193, #2716, #7296, #1093, #5520, #6732, #5026, #7328, #6805, #1021, #3313, #2142, #4460, #6769, #1622, #1589, #3914, #2857, #4611, #649, #608, #5814, #3458, #2901, #5215, #2408, #1807, #1130, #572, #15, #4719, #4060, #3989, #5244, #5737, #5176, #5776, #6331, #4150, #56, #87, #2296, #1161, #537, #125, #2252, #1202, #3500, #6299, #3389, #7026, #1694, #6947, #1239, #3424, #1841, #1730, #5703, #4109, #4678, #6415, #2371, #6985, #6453, #5849, #3535, #4025, #2331, #4644, #4569, #1764, #6370, #2826, #2937, #680, #2971, #5140, #5283, #7432, #6872, #3650, #7172, #1424, #5327, #3052, #5999, #6039, #1356, #166, #3158, #5478, #5883, #200, #3612, #3121, #4266, #7133, #720, #2452, #4904, #7093, #6528, #5441, #4787, #316, #830, #5962, #3686, #794, #3085, #5399, #2598, #1989, #6486, #761, #5365, #7206, #1953, #1876, #2486, #1311, #4344, #1915, #1276, #6568, #236, #281, #2524, #4829, #3013, #3568, #4755, #1390, #2562, #4185, #7060, #4867, #4299, #6606, #3723, #3764, #7251, #5655, #2781, #6108, #5585, #4983, #457, #6686, #3909, #392, #4382, #7320, #2213, #5619, #6650, #6076, #3226, #6185, #2066, #2098, #2740, #496, #2135, #6724, #6798, #4940, #7356, #4491, #6149, #1538, #5056, #936, #5513, #1580, #3875, #6220, #2632, #902, #5549, #1049, #424, #349, #7392, #3191, #2175, #7286, #1614, #3338, #1506, #5097, #1471, #3800, #2677, #4416, #3835, #976, #3270, #2708, #5016 ),
 .UNSPECIFIED., .F., .F.,
 ( 4, 2, 2, 2, 2, 2, 1, 1, 1, 1, 1, 2, 2, 2, 2, 2, 2, 2, 2, 1, 1, 1, 1, 1, 1, 2, 2, 2, 2, 1, 1, 1, 1, 2, 2, 2, 2, 2, 1, 2, 2, 1, 1, 1, 1, 2, 2, 2, 2, 2, 2, 2, 2, 2, 2, 2, 1, 2, 2, 1, 1, 2, 2, 2, 2, 2, 2, 2, 2, 1, 1, 2, 2, 1, 1, 2, 2, 2, 2, 2, 2, 1, 1, 1, 1, 1, 2, 2, 2, 2, 2, 1, 1, 1, 1, 1, 1, 2, 2, 2, 2, 2, 2, 2, 1, 1, 1, 1, 1, 2, 2, 2, 1, 2, 2, 1, 1, 1, 1, 2, 2, 2, 2, 2, 2, 2, 2, 2, 2, 1, 1, 1, 1, 1, 2, 2, 2, 2, 2, 1, 1, 1, 1, 1, 1, 2, 2, 2, 2, 2, 2, 2, 1, 1, 1, 1, 1, 1, 2, 2, 2, 2, 2, 2, 2, 1, 1, 1, 1, 1, 2, 2, 2, 2, 2, 4 ),
 ( 0.000000000000000000, 0.007812499999993890304, 0.01562499999998778061, 0.02343749999998167091, 0.02734374999997861780, 0.02929687499997709124, 0.03027343749997632796, 0.03076171874997594285, 0.03100585937497575204, 0.03112792968747565836, 0.03118896484372561326, 0.03121948242185059244, 0.03124999999997556815, 0.04687499999997272321, 0.06249999999996988520, 0.09374999999996418143, 0.1093749999999613087, 0.1171874999999598793, 0.1210937499999591577, 0.1230468749999587968, 0.1240234374999586164, 0.1245117187499585332, 0.1247558593749584777, 0.1248779296874584499, 0.1249389648437084360, 0.1249694824218334360, 0.1249999999999584221, 0.1269531249999584777, 0.1270141601562084777, 0.1270751953124585054, 0.1271972656249585054, 0.1274414062499585054, 0.1279296874999585054, 0.1289062499999585609, 0.1328124999999586997, 0.1406249999999589773, 0.1484374999999592548, 0.1562499999999595046, 0.1572265624999595601, 0.1577148437499595879, 0.1577758789062096156, 0.1578369140624596156, 0.1579589843749596156, 0.1582031249999596711, 0.1601562499999600875, 0.1640624999999608924, 0.1718749999999625022, 0.1874999999999657219, 0.2031249999999689415, 0.2187499999999721334, 0.2343749999999753530, 0.2499999999999785727, 0.2812499999999850120, 0.3124999999999913958, 0.3281249999999946154, 0.3320312499999953926, 0.3330078124999956701, 0.3332519531249956701, 0.3333740234374956701, 0.3334960937499957256, 0.3339843749999958922, 0.3359374999999963918, 0.3437499999999986122, 0.3593750000000029976, 0.3750000000000073830, 0.3906250000000117684, 0.4062500000000161537, 0.4218750000000205391, 0.4257812500000216493, 0.4277343750000221489, 0.4282226562500222600, 0.4284667968750223710, 0.4285888671875223710, 0.4287109375000223710, 0.4296875000000226485, 0.4375000000000243139, 0.4687500000000310307, 0.4843750000000344169, 0.5000000000000377476, 0.5156250000000410783, 0.5234375000000427436, 0.5273437500000435207, 0.5292968750000440759, 0.5302734375000442979, 0.5307617187500442979, 0.5310058593750444089, 0.5311279296875444089, 0.5312500000000444089, 0.5468750000000489608, 0.5546875000000512923, 0.5585937500000524025, 0.5605468750000530687, 0.5615234375000534017, 0.5620117187500535127, 0.5622558593750535127, 0.5623779296875536238, 0.5624389648438036238, 0.5624694824219286238, 0.5625000000000536238, 0.5781250000000563993, 0.5937500000000591749, 0.6093750000000619504, 0.6171875000000633937, 0.6210937500000640599, 0.6230468750000643929, 0.6240234375000645040, 0.6245117187500646150, 0.6247558593750646150, 0.6248779296875646150, 0.6249389648438147260, 0.6250000000000647260, 0.6328125000000665024, 0.6347656250000670575, 0.6350097656250670575, 0.6350708007813171685, 0.6351318359375671685, 0.6352539062500671685, 0.6357421875000672795, 0.6367187500000675016, 0.6406250000000682787, 0.6562500000000717204, 0.6718750000000751621, 0.6875000000000786038, 0.7031250000000820455, 0.7187500000000854872, 0.7343750000000889289, 0.7421875000000907052, 0.7460937500000915934, 0.7480468750000920375, 0.7490234375000922595, 0.7495117187500922595, 0.7497558593750923706, 0.7498779296875923706, 0.7499389648438423706, 0.7499694824219673706, 0.7500000000000923706, 0.7812500000000882627, 0.7968750000000862643, 0.8046875000000852651, 0.8085937500000847100, 0.8105468750000844880, 0.8115234375000843769, 0.8120117187500842659, 0.8122558593750842659, 0.8123779296875843769, 0.8124389648438342659, 0.8125000000000842659, 0.8281250000000756062, 0.8437500000000669464, 0.8593750000000582867, 0.8671875000000539568, 0.8710937500000517364, 0.8730468750000506262, 0.8740234375000500711, 0.8745117187500498490, 0.8747558593750496270, 0.8748779296875495159, 0.8749389648437995159, 0.8749694824219245159, 0.8750000000000494049, 0.8906250000000462963, 0.9062500000000431877, 0.9218750000000400791, 0.9296875000000385247, 0.9335937500000377476, 0.9355468750000373035, 0.9365234375000370814, 0.9370117187500370814, 0.9372558593750369704, 0.9373779296875369704, 0.9374389648437869704, 0.9375000000000368594, 0.9531250000000276446, 0.9687500000000184297, 0.9843750000000092149, 1.000000000000000000 ),
 .UNSPECIFIED. ) ;
#1698 = CARTESIAN_POINT ( 'NONE',  ( -2.463922979654538548, 32.02262672620886264, 0.4231826441742399525 ) ) ;
#1699 = CARTESIAN_POINT ( 'NONE',  ( 1.146720213405935620E-14, 9.768118189755021774, -13.47599999999996889 ) ) ;
#1700 = EDGE_CURVE ( 'NONE', #1407, #1407, #6272, .T. ) ;
#1701 = CARTESIAN_POINT ( 'NONE',  ( -3.957954260496759247, 25.25000000000000000, 0.1239387463618140395 ) ) ;
#1702 = CARTESIAN_POINT ( 'NONE',  ( 1.822876226197954308, 24.50000000000000000, 2.557314239684245649 ) ) ;
#1703 = DIRECTION ( 'NONE',  ( 1.000000000000000000, -0.000000000000000000, -0.000000000000000000 ) ) ;
#1704 = CIRCLE ( 'NONE', #4235, 4.750000000000000000 ) ;
#1705 = CARTESIAN_POINT ( 'NONE',  ( 0.5389297470731067019, 31.95125945679359702, -2.225527150059308124 ) ) ;
#1706 = CARTESIAN_POINT ( 'NONE',  ( -4.739432689913659402, 24.00000000000000000, -0.3166666666666667074 ) ) ;
#1707 = CIRCLE ( 'NONE', #5334, 0.2500000000000009437 ) ;
#1708 = ORIENTED_EDGE ( 'NONE', *, *, #5282, .T. ) ;
#1709 = DIRECTION ( 'NONE',  ( 1.836970198721026976E-16, 0.000000000000000000, -1.000000000000000000 ) ) ;
#1710 = CARTESIAN_POINT ( 'NONE',  ( 11.67055834139907589, 2.953862111952477942, -6.737999999999973788 ) ) ;
#1711 = CARTESIAN_POINT ( 'NONE',  ( 7.453514773719363440, 2.443637119227915377, -12.90986628304717421 ) ) ;
#1712 = CARTESIAN_POINT ( 'NONE',  ( 14.74114870891054352, 11.64587641607139901, 2.775699659123021412 ) ) ;
#1713 = DIRECTION ( 'NONE',  ( -0.9999999999999995559, 3.052344535003915238E-08, -1.043573344056695420E-24 ) ) ;
#1714 = CARTESIAN_POINT ( 'NONE',  ( 7.499999999999987566, 5.545313635040833411, -12.99038105676655164 ) ) ;
#1715 = CYLINDRICAL_SURFACE ( 'NONE', #4338, 0.2500000000000000000 ) ;
#1716 = ORIENTED_EDGE ( 'NONE', *, *, #1692, .F. ) ;
#1717 = DIRECTION ( 'NONE',  ( 0.4411526246508882254, 0.000000000000000000, -0.8974320931210520991 ) ) ;
#1718 = VERTEX_POINT ( 'NONE', #3586 ) ;
#1719 = CARTESIAN_POINT ( 'NONE',  ( 1.982865496367043345, 25.40973880238915328, 2.834423784282967596 ) ) ;
#1720 = EDGE_CURVE ( 'NONE', #7111, #292, #130, .T. ) ;
#1721 = DIRECTION ( 'NONE',  ( 0.000000000000000000, -1.000000000000000000, 0.000000000000000000 ) ) ;
#1722 = AXIS2_PLACEMENT_3D ( 'NONE', #3963, #6239, #2122 ) ;
#1723 = ORIENTED_EDGE ( 'NONE', *, *, #3927, .T. ) ;
#1724 = FACE_OUTER_BOUND ( 'NONE', #3262, .T. ) ;
#1725 = CARTESIAN_POINT ( 'NONE',  ( -9.865116682798179326, 11.67311818975502291, 9.865116682798152681 ) ) ;
#1726 = CARTESIAN_POINT ( 'NONE',  ( -3.678942412079325486, 12.53639242821085098, 13.72999999999996312 ) ) ;
#1727 = CARTESIAN_POINT ( 'NONE',  ( -13.72999999999997200, 11.47805909487751741, -1.054980265589085104E-14 ) ) ;
#1728 = CARTESIAN_POINT ( 'NONE',  ( -3.689820984012683880, 25.45486940119457842, 0.3327259559394492583 ) ) ;
#1729 =( BOUNDED_SURFACE ( )  B_SPLINE_SURFACE ( 3, 2, ( 
 ( #1152, #5799, #2925 ),
 ( #5234, #6435, #1788 ),
 ( #4089, #6399, #1225 ),
 ( #667, #2956, #5268 ) ),
 .UNSPECIFIED., .F., .F., .T. ) 
 B_SPLINE_SURFACE_WITH_KNOTS ( ( 4, 4 ),
 ( 3, 3 ),
 ( 0.0006906842948469218372, 0.0007930875708507072446 ),
 ( 0.000000000000000000, 1.000000000000000000 ),
 .UNSPECIFIED. ) 
 GEOMETRIC_REPRESENTATION_ITEM ( )  RATIONAL_B_SPLINE_SURFACE ( (
 ( 1.000000000000000000, 0.7556112545566550098, 1.000000000000000000),
 ( 1.000000000000000000, 0.7451739989913220841, 1.000000000000000000),
 ( 1.000000000000000000, 0.7365806173060762685, 1.000000000000000000),
 ( 1.000000000000000000, 0.7314725590611576012, 1.000000000000000000) ) ) 
 REPRESENTATION_ITEM ( '' )  SURFACE ( )  );
#1730 = CARTESIAN_POINT ( 'NONE',  ( 14.41384024616742998, 6.557114915524329568, -4.152445238011147843 ) ) ;
#1731 = ORIENTED_EDGE ( 'NONE', *, *, #5863, .T. ) ;
#1732 = ORIENTED_EDGE ( 'NONE', *, *, #3999, .T. ) ;
#1733 = CARTESIAN_POINT ( 'NONE',  ( 1.620094616491330131, 31.88631336310443487, 1.625221809074957502 ) ) ;
#1734 = CARTESIAN_POINT ( 'NONE',  ( -10.79482120841064763, 12.69964696837416795, 10.79482120841063342 ) ) ;
#1735 = CARTESIAN_POINT ( 'NONE',  ( 7.499999999999985789, 10.81125454016333087, -12.99038105676655164 ) ) ;
#1736 = ADVANCED_FACE ( 'NONE', ( #663 ), #1715, .F. ) ;
#1737 = LINE ( 'NONE', #4031, #4354 ) ;
#1738 = CARTESIAN_POINT ( 'NONE',  ( 0.3586667192131141602, 32.00000000000000000, 2.221228980661134500 ) ) ;
#1739 = CARTESIAN_POINT ( 'NONE',  ( 0.000000000000000000, 24.25000000000000000, 0.000000000000000000 ) ) ;
#1740 = CARTESIAN_POINT ( 'NONE',  ( 1.571847949348187168, 31.99650166089164927, -1.945226863523187300 ) ) ;
#1741 = ORIENTED_EDGE ( 'NONE', *, *, #6829, .T. ) ;
#1742 = CARTESIAN_POINT ( 'NONE',  ( 10.79482120841064052, 2.324940905122495849, -10.79482120841063697 ) ) ;
#1743 = CARTESIAN_POINT ( 'NONE',  ( 6.784485226280590808, 11.68283256451372409, 11.75107311511845509 ) ) ;
#1744 = CARTESIAN_POINT ( 'NONE',  ( 1.562001501366091202E-15, 7.946970452561248344, -14.90702954743872155 ) ) ;
#1745 = EDGE_CURVE ( 'NONE', #107, #6970, #698, .T. ) ;
#1746 = CARTESIAN_POINT ( 'NONE',  ( 1.737845010466972928, 24.25000000000000000, -4.110035853808946982 ) ) ;
#1747 = DIRECTION ( 'NONE',  ( 1.000000000000000000, 0.000000000000000000, 0.000000000000000000 ) ) ;
#1748 = CARTESIAN_POINT ( 'NONE',  ( -4.019237886466830112, 6.180313635040833198, -14.99999999999996447 ) ) ;
#1749 = FACE_OUTER_BOUND ( 'NONE', #167, .T. ) ;
#1750 = ORIENTED_EDGE ( 'NONE', *, *, #3815, .T. ) ;
#1751 = CARTESIAN_POINT ( 'NONE',  ( 14.93056746562986703, 12.71702705622278984, 1.441580762401583504 ) ) ;
#1752 = ORIENTED_EDGE ( 'NONE', *, *, #2856, .F. ) ;
#1753 = CARTESIAN_POINT ( 'NONE',  ( 1.368086280847745417, 31.75000000000000000, -1.269594947566272447 ) ) ;
#1754 = ORIENTED_EDGE ( 'NONE', *, *, #6558, .T. ) ;
#1755 = FACE_OUTER_BOUND ( 'NONE', #3980, .T. ) ;
#1756 = CARTESIAN_POINT ( 'NONE',  ( 1.737845010466973150, 25.06699781907632385, -4.110035853808946982 ) ) ;
#1757 = CARTESIAN_POINT ( 'NONE',  ( 1.620094616491330131, 31.88631336310443487, 1.625221809074957502 ) ) ;
#1758 = FACE_OUTER_BOUND ( 'NONE', #3554, .T. ) ;
#1759 = EDGE_LOOP ( 'NONE', ( #1954, #205, #4634 ) ) ;
#1760 = CARTESIAN_POINT ( 'NONE',  ( 2.690472954629861135, 24.50000000000000000, -3.560035853808956041 ) ) ;
#1761 = CARTESIAN_POINT ( 'NONE',  ( 6.737999999999995993, 9.344784856421687991, -11.67055834139906345 ) ) ;
#1762 = CARTESIAN_POINT ( 'NONE',  ( 11.89052879396030882, 8.514725761544184479, 6.864999999999999325 ) ) ;
#1763 = CARTESIAN_POINT ( 'NONE',  ( -3.678942412079296176, 10.41972576154418384, -13.72999999999997200 ) ) ;
#1764 = CARTESIAN_POINT ( 'NONE',  ( 11.80640706103938697, 6.866543843945822623, -9.252628934939622241 ) ) ;
#1765 = ORIENTED_EDGE ( 'NONE', *, *, #786, .T. ) ;
#1766 = ORIENTED_EDGE ( 'NONE', *, *, #6038, .F. ) ;
#1767 =( BOUNDED_SURFACE ( )  B_SPLINE_SURFACE ( 1, 2, ( 
 ( #5172, #3384, #5733, #570, #5880, #5213, #4643, #4058, #6484, #678, #605, #1840, #2330, #6946, #2369, #2935, #759, #4183, #1309, #3049, #3607, #6, #1160, #645, #4146, #4676, #2291, #54, #3533, #6330, #6368, #1763, #4607, #6909, #2895, #5924, #1727, #6983, #2968, #5771, #4023, #1274, #1804, #1197, #3456, #5281, #3498, #6451, #164 ),
 ( #5811, #2451, #5243, #4105, #123, #86, #6414, #1236, #5846, #718, #2405, #4717, #7023, #3567, #3009, #5324, #4754, #7057, #1874, #1504, #278, #901, #7131, #828, #933, #5476, #5435, #3082, #4784, #4263, #6565, #1388, #3683, #5996, #4902, #3118, #7169, #4297, #6604, #1734, #5248, #3462, #3393, #5144, #2941, #1097, #1057, #653, #60 ) ),
 .UNSPECIFIED., .F., .F., .T. ) 
 B_SPLINE_SURFACE_WITH_KNOTS ( ( 2, 2 ),
 ( 3, 2, 2, 2, 2, 2, 2, 2, 2, 2, 2, 2, 2, 2, 2, 2, 2, 2, 2, 2, 2, 2, 2, 2, 3 ),
 ( 0.000000000000000000, 1.000000000000000000 ),
 ( 0.000000000000000000, 0.04166666666666666435, 0.08333333333333332871, 0.1250000000000000000, 0.1666666666666666574, 0.2083333333333333426, 0.2500000000000000000, 0.2916666666666666852, 0.3333333333333333148, 0.3750000000000000000, 0.4166666666666666852, 0.4583333333333333148, 0.5000000000000000000, 0.5416666666666666297, 0.5833333333333333703, 0.6250000000000000000, 0.6666666666666666297, 0.7083333333333333703, 0.7500000000000000000, 0.7916666666666666297, 0.8333333333333333703, 0.8750000000000000000, 0.9166666666666666297, 0.9583333333333333703, 0.9842244204149968034 ),
 .UNSPECIFIED. ) 
 GEOMETRIC_REPRESENTATION_ITEM ( )  RATIONAL_B_SPLINE_SURFACE ( (
 ( 1.000000000000000000, 0.9659258262890683122, 1.000000000000000000, 0.9659258262890683122, 1.000000000000000000, 0.9659258262890683122, 1.000000000000000000, 0.9659258262890683122, 1.000000000000000000, 0.9659258262890683122, 1.000000000000000000, 0.9659258262890683122, 1.000000000000000000, 0.9659258262890683122, 1.000000000000000000, 0.9659258262890683122, 1.000000000000000000, 0.9659258262890683122, 1.000000000000000000, 0.9659258262890683122, 1.000000000000000000, 0.9659258262890683122, 1.000000000000000000, 0.9659258262890683122, 1.000000000000000000, 0.9659258262890683122, 1.000000000000000000, 0.9659258262890683122, 1.000000000000000000, 0.9659258262890683122, 1.000000000000000000, 0.9659258262890683122, 1.000000000000000000, 0.9659258262890683122, 1.000000000000000000, 0.9659258262890683122, 1.000000000000000000, 0.9659258262890683122, 1.000000000000000000, 0.9659258262890683122, 1.000000000000000000, 0.9659258262890683122, 1.000000000000000000, 0.9659258262890683122, 1.000000000000000000, 0.9659258262890683122, 1.000000000000000000, 0.9788267824291490005, 0.9839670506147417672),
 ( 1.000000000000000000, 0.9659258262890683122, 1.000000000000000000, 0.9659258262890683122, 1.000000000000000000, 0.9659258262890683122, 1.000000000000000000, 0.9659258262890683122, 1.000000000000000000, 0.9659258262890683122, 1.000000000000000000, 0.9659258262890683122, 1.000000000000000000, 0.9659258262890683122, 1.000000000000000000, 0.9659258262890683122, 1.000000000000000000, 0.9659258262890683122, 1.000000000000000000, 0.9659258262890683122, 1.000000000000000000, 0.9659258262890683122, 1.000000000000000000, 0.9659258262890683122, 1.000000000000000000, 0.9659258262890683122, 1.000000000000000000, 0.9659258262890683122, 1.000000000000000000, 0.9659258262890683122, 1.000000000000000000, 0.9659258262890683122, 1.000000000000000000, 0.9659258262890683122, 1.000000000000000000, 0.9659258262890683122, 1.000000000000000000, 0.9659258262890683122, 1.000000000000000000, 0.9659258262890683122, 1.000000000000000000, 0.9659258262890683122, 1.000000000000000000, 0.9659258262890683122, 1.000000000000000000, 0.9659258262890683122, 1.000000000000000000, 0.9788267824291490005, 0.9839670506147417672) ) ) 
 REPRESENTATION_ITEM ( '' )  SURFACE ( )  );
#1768 = CARTESIAN_POINT ( 'NONE',  ( 0.8654745695317127563, 32.02262672620886974, 2.345411215436196795 ) ) ;
#1769 = CARTESIAN_POINT ( 'NONE',  ( 7.499999999999973355, 9.117921206829995739, 12.99038105676655697 ) ) ;
#1770 = DIRECTION ( 'NONE',  ( 0.000000000000000000, 0.000000000000000000, 1.000000000000000000 ) ) ;
#1771 = CARTESIAN_POINT ( 'NONE',  ( 1.559559217908373929, 31.97766877619273629, 1.959142720775947311 ) ) ;
#1772 = CARTESIAN_POINT ( 'NONE',  ( 14.93056747504099491, 13.41867548756750139, 1.441580685652731786 ) ) ;
#1773 = DIRECTION ( 'NONE',  ( -0.000000000000000000, -1.000000000000000000, -0.000000000000000000 ) ) ;
#1774 = ORIENTED_EDGE ( 'NONE', *, *, #4980, .T. ) ;
#1775 = CARTESIAN_POINT ( 'NONE',  ( 7.372999999999986009, 7.616607571789161923, -12.77041060420529917 ) ) ;
#1776 = CARTESIAN_POINT ( 'NONE',  ( -11.75107311511843555, 9.566165897847058730, -6.784485226280620118 ) ) ;
#1777 = CARTESIAN_POINT ( 'NONE',  ( -4.482468775166353279E-15, 5.499940905122495671, 14.74599999999996491 ) ) ;
#1778 = CARTESIAN_POINT ( 'NONE',  ( 3.068478155885748127, 0.000000000000000000, -3.625871179020567325 ) ) ;
#1779 = CARTESIAN_POINT ( 'NONE',  ( -3.957954263291591168, 25.25000000000000000, -0.1003002162887601106 ) ) ;
#1780 = CARTESIAN_POINT ( 'NONE',  ( -7.453514773719368769, 7.924284087602080362, 12.90986628304717243 ) ) ;
#1781 = DIRECTION ( 'NONE',  ( -0.000000000000000000, -1.000000000000000000, -0.000000000000000000 ) ) ;
#1782 = ADVANCED_FACE ( 'NONE', ( #4167 ), #740, .F. ) ;
#1783 = CIRCLE ( 'NONE', #7340, 5.916666666666660745 ) ;
#1784 = ORIENTED_EDGE ( 'NONE', *, *, #4415, .T. ) ;
#1785 = EDGE_CURVE ( 'NONE', #602, #2470, #3624, .T. ) ;
#1786 = CARTESIAN_POINT ( 'NONE',  ( 0.4082336825497712707, 32.00000000000000000, 2.227547754864822149 ) ) ;
#1787 = ORIENTED_EDGE ( 'NONE', *, *, #289, .F. ) ;
#1788 = CARTESIAN_POINT ( 'NONE',  ( 1.582464570120835079, 32.00845182462131788, -1.935520093415094012 ) ) ;
#1789 = AXIS2_PLACEMENT_3D ( 'NONE', #4451, #6759, #1014 ) ;
#1790 = ADVANCED_FACE ( 'NONE', ( #5829 ), #5185, .F. ) ;
#1791 = VERTEX_POINT ( 'NONE', #6393 ) ;
#1792 = B_SPLINE_CURVE_WITH_KNOTS ( 'NONE', 3,
 ( #4581, #5224, #5823, #6423, #1740, #1212, #691 ),
 .UNSPECIFIED., .F., .F.,
 ( 4, 3, 4 ),
 ( 0.000000000000000000, 4.662411388213158221E-06, 7.049435995793760872E-05 ),
 .UNSPECIFIED. ) ;
#1793 = CARTESIAN_POINT ( 'NONE',  ( 1.985186810929051582, 24.25000000000000000, 4.038444419044706635 ) ) ;
#1794 = CARTESIAN_POINT ( 'NONE',  ( -14.99999999999996980, 4.001666666666666039, 4.019237886466825671 ) ) ;
#1795 = ADVANCED_FACE ( 'NONE', ( #4769 ), #5302, .F. ) ;
#1796 = EDGE_CURVE ( 'NONE', #3511, #1481, #2764, .T. ) ;
#1797 = DIRECTION ( 'NONE',  ( 0.000000000000000000, 0.000000000000000000, 1.000000000000000000 ) ) ;
#1798 = CARTESIAN_POINT ( 'NONE',  ( 1.952548670789848062, 25.45447768495442276, -3.159098352883344951 ) ) ;
#1799 = ORIENTED_EDGE ( 'NONE', *, *, #6201, .F. ) ;
#1800 = CARTESIAN_POINT ( 'NONE',  ( 2.557839241875018210, 25.24999999999999289, 3.697583503341761002 ) ) ;
#1801 = CARTESIAN_POINT ( 'NONE',  ( -13.47599999999996889, 11.03811818975502135, -1.229236914732483852E-14 ) ) ;
#1802 = CARTESIAN_POINT ( 'NONE',  ( 1.606388290422754439, 31.78198060840269790, 1.682346135695899525 ) ) ;
#1803 = AXIS2_PLACEMENT_3D ( 'NONE', #4298, #1355, #5398 ) ;
#1804 = CARTESIAN_POINT ( 'NONE',  ( -1.139052268350550840E-14, 12.74805909487751876, 13.72999999999997200 ) ) ;
#1805 = AXIS2_PLACEMENT_3D ( 'NONE', #4064, #507, #5707 ) ;
#1806 = AXIS2_PLACEMENT_3D ( 'NONE', #3997, #2944, #3467 ) ;
#1807 = CARTESIAN_POINT ( 'NONE',  ( 1.111884705647540494, 5.121825442700199460, 14.99518709405800365 ) ) ;
#1808 = VERTEX_POINT ( 'NONE', #4737 ) ;
#1809 = VERTEX_POINT ( 'NONE', #3440 ) ;
#1810 = CYLINDRICAL_SURFACE ( 'NONE', #6365, 0.2499999999999997502 ) ;
#1811 = CARTESIAN_POINT ( 'NONE',  ( 11.67055834139907589, 9.107392428210850710, -6.737999999999973788 ) ) ;
#1812 = DIRECTION ( 'NONE',  ( 3.052344535003915238E-08, 0.9999999999999995559, 6.120627887004214552E-09 ) ) ;
#1813 = EDGE_CURVE ( 'NONE', #6496, #1808, #6868, .T. ) ;
#1814 = DIRECTION ( 'NONE',  ( 0.000000000000000000, 0.000000000000000000, -1.000000000000000000 ) ) ;
#1815 = CARTESIAN_POINT ( 'NONE',  ( -4.428317965096966624, 24.99999999999999645, -0.5500000000000014877 ) ) ;
#1816 = EDGE_LOOP ( 'NONE', ( #6933, #1774, #1303, #5200 ) ) ;
#1817 = CARTESIAN_POINT ( 'NONE',  ( -7.372999999999991338, 10.15660757178916285, 12.77041060420529739 ) ) ;
#1818 = CARTESIAN_POINT ( 'NONE',  ( 13.46201803362259675, 12.27708619613388130, 2.699438916222993701 ) ) ;
#1819 = CARTESIAN_POINT ( 'NONE',  ( 14.74599999999996491, 6.769940905122496133, 1.773672520132329273E-15 ) ) ;
#1820 = TOROIDAL_SURFACE ( 'NONE', #981, 13.99999999999993960, 1.000000000000000000 ) ;
#1821 = DIRECTION ( 'NONE',  ( 0.000000000000000000, 0.000000000000000000, -1.000000000000000000 ) ) ;
#1822 = CARTESIAN_POINT ( 'NONE',  ( 3.951178791589316397, 13.54631363504083019, 14.74599999999996847 ) ) ;
#1823 = DIRECTION ( 'NONE',  ( 0.000000000000000000, 0.000000000000000000, -1.000000000000000000 ) ) ;
#1824 = EDGE_LOOP ( 'NONE', ( #969, #2, #6858, #3933 ) ) ;
#1825 = CARTESIAN_POINT ( 'NONE',  ( 0.6957815991257496613, 31.90325221641044351, 2.408029211610209330 ) ) ;
#1826 = EDGE_LOOP ( 'NONE', ( #803 ) ) ;
#1827 = DIRECTION ( 'NONE',  ( 0.8660254037844432595, 0.000000000000000000, 0.4999999999999919509 ) ) ;
#1828 = CARTESIAN_POINT ( 'NONE',  ( 13.72999999999997200, 2.276528778619144155, 0.000000000000000000 ) ) ;
#1829 = ORIENTED_EDGE ( 'NONE', *, *, #5512, .F. ) ;
#1830 = CARTESIAN_POINT ( 'NONE',  ( 2.388406866167913201, 25.00000000000000355, -3.036842041349254284 ) ) ;
#1831 = DIRECTION ( 'NONE',  ( -0.000000000000000000, -1.000000000000000000, -0.000000000000000000 ) ) ;
#1832 = CARTESIAN_POINT ( 'NONE',  ( 14.74599999999996491, 4.444646968374167173, 0.000000000000000000 ) ) ;
#1833 = EDGE_CURVE ( 'NONE', #956, #5704, #2271, .T. ) ;
#1834 = CARTESIAN_POINT ( 'NONE',  ( 1.985186810929052026, 25.25000000000000000, 4.038444419044706635 ) ) ;
#1835 = ORIENTED_EDGE ( 'NONE', *, *, #191, .T. ) ;
#1836 = DIRECTION ( 'NONE',  ( 0.9999999999999994449, -3.052344517188614704E-08, 0.000000000000000000 ) ) ;
#1837 = CARTESIAN_POINT ( 'NONE',  ( 0.7593277455778592033, 31.82622343603199511, 2.425353744124187916 ) ) ;
#1838 = CARTESIAN_POINT ( 'NONE',  ( -6.737999999999972012, 5.111451523088355486, -11.67055834139907411 ) ) ;
#1839 = CARTESIAN_POINT ( 'NONE',  ( 2.504802053199713718, 25.50000000000000355, 3.738444419044704148 ) ) ;
#1840 = CARTESIAN_POINT ( 'NONE',  ( -13.72999999999996668, 6.186392428210850447, -3.678942412079319269 ) ) ;
#1841 = CARTESIAN_POINT ( 'NONE',  ( 14.44286063085979066, 6.551519739203886417, -4.050943749167637442 ) ) ;
#1842 = ORIENTED_EDGE ( 'NONE', *, *, #5584, .F. ) ;
#1843 = ORIENTED_EDGE ( 'NONE', *, *, #2443, .T. ) ;
#1844 = CARTESIAN_POINT ( 'NONE',  ( 0.8823588407183355908, 32.01035496534198899, 2.339180791005352145 ) ) ;
#1845 = CARTESIAN_POINT ( 'NONE',  ( 13.56897045256121537, 3.765088642316271272, 9.992825920431067773E-15 ) ) ;
#1846 = VERTEX_POINT ( 'NONE', #6930 ) ;
#1847 = CARTESIAN_POINT ( 'NONE',  ( -2.755455298081539256E-15, 13.77458787349666203, 14.99999999999996803 ) ) ;
#1848 = DIRECTION ( 'NONE',  ( -1.000000000000000000, 0.000000000000000000, 0.000000000000000000 ) ) ;
#1849 = ADVANCED_FACE ( 'NONE', ( #1749 ), #1354, .F. ) ;
#1850 = CARTESIAN_POINT ( 'NONE',  ( -3.678942412079325486, 10.95486211195247783, 13.72999999999996312 ) ) ;
#1851 = CARTESIAN_POINT ( 'NONE',  ( 0.3985185769034600978, 32.25000000000000000, 2.468032200734593840 ) ) ;
#1852 = ORIENTED_EDGE ( 'NONE', *, *, #1884, .T. ) ;
#1853 = CARTESIAN_POINT ( 'NONE',  ( 12.77041060420529561, 6.346607571789161462, 7.372999999999991338 ) ) ;
#1854 = CARTESIAN_POINT ( 'NONE',  ( 11.67055834139907589, 8.033862111952476681, -6.737999999999973788 ) ) ;
#1855 = CARTESIAN_POINT ( 'NONE',  ( -14.74599999999996314, 9.098274238455829277, -3.951178791589331496 ) ) ;
#1856 = CARTESIAN_POINT ( 'NONE',  ( 1.879338362879511504, 32.25000000000000000, -1.651286515918391373 ) ) ;
#1857 = CARTESIAN_POINT ( 'NONE',  ( -14.90702954743871622, 11.94595075426874686, -3.994326528783094243 ) ) ;
#1858 = CARTESIAN_POINT ( 'NONE',  ( 1.924043515127735748, 24.25000000000000000, -4.063631651981913784 ) ) ;
#1859 = ORIENTED_EDGE ( 'NONE', *, *, #6265, .T. ) ;
#1860 = CARTESIAN_POINT ( 'NONE',  ( -2.487529558958949671, 32.01680792274015630, -0.2496545873540197968 ) ) ;
#1861 = EDGE_LOOP ( 'NONE', ( #6987 ) ) ;
#1862 = ADVANCED_FACE ( 'NONE', ( #5494 ), #5743, .T. ) ;
#1863 = DIRECTION ( 'NONE',  ( 0.000000000000000000, -0.000000000000000000, -1.000000000000000000 ) ) ;
#1864 = DIRECTION ( 'NONE',  ( 0.4411526246508882254, 0.000000000000000000, -0.8974320931210520991 ) ) ;
#1865 = CARTESIAN_POINT ( 'NONE',  ( 4.019237886466835441, 7.388333333333332753, -14.99999999999996447 ) ) ;
#1866 = CARTESIAN_POINT ( 'NONE',  ( 1.850013456148424495, 24.05068044824683682, -4.376055576818447257 ) ) ;
#1867 = CARTESIAN_POINT ( 'NONE',  ( -1.520863999602969585, 31.79552231504558080, -0.3000000000000000444 ) ) ;
#1868 = DIRECTION ( 'NONE',  ( -0.9999999999999995559, 3.052344535003915238E-08, 1.601432741299591188E-24 ) ) ;
#1869 = ORIENTED_EDGE ( 'NONE', *, *, #4106, .F. ) ;
#1870 = CARTESIAN_POINT ( 'NONE',  ( 2.605619283237444517, 25.22294499914779209, 3.652426010780166266 ) ) ;
#1871 = CARTESIAN_POINT ( 'NONE',  ( 1.612310625312143308, 31.75000000000000000, 1.692603920623758418 ) ) ;
#1872 = CARTESIAN_POINT ( 'NONE',  ( -6.737999999999972012, 4.409803017074973575, -11.67055834139907411 ) ) ;
#1873 = CARTESIAN_POINT ( 'NONE',  ( 0.8645527102871576330, 31.97774562739780890, -2.350078655118136961 ) ) ;
#1874 = CARTESIAN_POINT ( 'NONE',  ( -4.482468775166351701E-15, 8.254646968374165894, 14.74599999999996491 ) ) ;
#1875 = EDGE_CURVE ( 'NONE', #831, #956, #7295, .T. ) ;
#1876 = CARTESIAN_POINT ( 'NONE',  ( -10.31933799964690479, 8.209125759416137313, -10.96055318647566246 ) ) ;
#1877 = VERTEX_POINT ( 'NONE', #4508 ) ;
#1878 = FACE_OUTER_BOUND ( 'NONE', #4779, .T. ) ;
#1879 = CARTESIAN_POINT ( 'NONE',  ( -9.865116682798158010, 10.58905909487751629, -9.865116682798173997 ) ) ;
#1880 = EDGE_CURVE ( 'NONE', #5116, #5627, #476, .T. ) ;
#1881 = EDGE_LOOP ( 'NONE', ( #1674, #227, #3380, #885 ) ) ;
#1882 = CARTESIAN_POINT ( 'NONE',  ( -12.99038105676654986, 12.08125454016333045, -7.499999999999989342 ) ) ;
#1883 = EDGE_CURVE ( 'NONE', #4654, #6977, #4470, .T. ) ;
#1884 = EDGE_CURVE ( 'NONE', #4952, #5460, #1628, .T. ) ;
#1885 = CARTESIAN_POINT ( 'NONE',  ( -4.428317965096905340, 25.00000000000000000, 0.5500000000000000444 ) ) ;
#1886 = CARTESIAN_POINT ( 'NONE',  ( 1.248443710857373157, 32.01680792274015630, -2.162367937594845468 ) ) ;
#1887 = B_SPLINE_CURVE_WITH_KNOTS ( 'NONE', 3,
 ( #2662, #4971, #3825, #3255, #7346, #4589, #1636 ),
 .UNSPECIFIED., .F., .F.,
 ( 4, 3, 4 ),
 ( 0.000000000000000000, 6.625735116615385373E-05, 6.997402434927016337E-05 ),
 .UNSPECIFIED. ) ;
#1888 = CARTESIAN_POINT ( 'NONE',  ( 0.4736930802189620593, 2.494790774532216648, -14.99257188678699571 ) ) ;
#1889 = ORIENTED_EDGE ( 'NONE', *, *, #2346, .T. ) ;
#1890 = CARTESIAN_POINT ( 'NONE',  ( -3.951178791589339934, 5.288274238455828780, 14.74599999999996314 ) ) ;
#1891 = CARTESIAN_POINT ( 'NONE',  ( 3.610883317201783349, 6.552195445285811104, 13.47599999999997777 ) ) ;
#1892 = DIRECTION ( 'NONE',  ( 0.000000000000000000, 1.000000000000000000, 0.000000000000000000 ) ) ;
#1893 = CARTESIAN_POINT ( 'NONE',  ( -14.99999999999997158, 7.450313635040831883, 4.019237886466824783 ) ) ;
#1894 = CARTESIAN_POINT ( 'NONE',  ( 1.766661771583790452, 24.36916999151557306, -4.105489229112541771 ) ) ;
#1895 = ORIENTED_EDGE ( 'NONE', *, *, #5898, .F. ) ;
#1896 = CARTESIAN_POINT ( 'NONE',  ( 0.5389297470729540462, 31.95125945679369650, 2.225527150059336545 ) ) ;
#1897 = VERTEX_POINT ( 'NONE', #7336 ) ;
#1898 = CARTESIAN_POINT ( 'NONE',  ( -3.726813900398589396, 25.25000000000000000, -0.3397332816110984477 ) ) ;
#1899 = DIRECTION ( 'NONE',  ( 3.052344535003915238E-08, 0.9999999999999995559, 6.120627887004214552E-09 ) ) ;
#1900 = CARTESIAN_POINT ( 'NONE',  ( -1.646428807585826215, 31.77376204665335990, 0.5230566955692380615 ) ) ;
#1901 = CARTESIAN_POINT ( 'NONE',  ( 13.32317327998088530, 13.74945970568700027, 2.671592968123264633 ) ) ;
#1902 = CARTESIAN_POINT ( 'NONE',  ( 2.676604605143666664E-15, 2.959940905122495636, -14.74599999999996491 ) ) ;
#1903 = DIRECTION ( 'NONE',  ( 0.8660254037844413721, 0.4999999999999952816, -6.047423072554936866E-15 ) ) ;
#1904 = ADVANCED_FACE ( 'NONE', ( #3816 ), #6739, .F. ) ;
#1905 = CARTESIAN_POINT ( 'NONE',  ( -11.67055834139907411, 11.46145152308835513, 6.737999999999971124 ) ) ;
#1906 = AXIS2_PLACEMENT_3D ( 'NONE', #5179, #2940, #4722 ) ;
#1907 = CARTESIAN_POINT ( 'NONE',  ( 2.671670815612410710, 25.13171604507416745, 3.583224055000012065 ) ) ;
#1908 = DIRECTION ( 'NONE',  ( 0.000000000000000000, 1.000000000000000000, 0.000000000000000000 ) ) ;
#1909 = CIRCLE ( 'NONE', #7440, 4.500000000000000000 ) ;
#1910 = DIRECTION ( 'NONE',  ( -0.000000000000000000, -1.000000000000000000, -0.000000000000000000 ) ) ;
#1911 = CARTESIAN_POINT ( 'NONE',  ( 1.545001754599479638, 31.91991452239902216, -1.984258308052183173 ) ) ;
#1912 = AXIS2_PLACEMENT_3D ( 'NONE', #4777, #4813, #4255 ) ;
#1913 = FACE_OUTER_BOUND ( 'NONE', #4556, .T. ) ;
#1914 = AXIS2_PLACEMENT_3D ( 'NONE', #3518, #1781, #106 ) ;
#1915 = CARTESIAN_POINT ( 'NONE',  ( -14.06194831450816629, 8.579681726324116298, -5.278328116056091979 ) ) ;
#1916 = ORIENTED_EDGE ( 'NONE', *, *, #1643, .T. ) ;
#1917 = CARTESIAN_POINT ( 'NONE',  ( 1.822876226197919003, 24.25000000000000000, -2.557314239684271406 ) ) ;
#1918 = CARTESIAN_POINT ( 'NONE',  ( 13.21297536001010187, 13.41867553260108537, 2.649501488160570073 ) ) ;
#1919 = CARTESIAN_POINT ( 'NONE',  ( 2.504802053199661316, 25.25000000000000000, -3.738444419044740119 ) ) ;
#1920 = DIRECTION ( 'NONE',  ( 0.000000000000000000, 0.000000000000000000, 1.000000000000000000 ) ) ;
#1921 = CARTESIAN_POINT ( 'NONE',  ( 0.8761890320953426015, 31.75000000000000000, -2.117603920623773117 ) ) ;
#1922 = CIRCLE ( 'NONE', #134, 6.000000000000001776 ) ;
#1923 = VECTOR ( 'NONE', #7022, 999.9999999999998863 ) ;
#1924 = EDGE_CURVE ( 'NONE', #6496, #1507, #952, .T. ) ;
#1925 = CIRCLE ( 'NONE', #2889, 0.2500000000000002220 ) ;
#1926 = CARTESIAN_POINT ( 'NONE',  ( 14.87273208728768559, 1.358764512216733333, -2.008960817083288219 ) ) ;
#1927 = ORIENTED_EDGE ( 'NONE', *, *, #5901, .F. ) ;
#1928 = AXIS2_PLACEMENT_3D ( 'NONE', #4406, #1672, #5644 ) ;
#1929 = CARTESIAN_POINT ( 'NONE',  ( -4.726213772573592209, 24.39435973609925057, 0.5371879241262486060 ) ) ;
#1930 = CARTESIAN_POINT ( 'NONE',  ( -9.865116682798158010, 4.621469683741641354, -9.865116682798173997 ) ) ;
#1931 = AXIS2_PLACEMENT_3D ( 'NONE', #3170, #2041, #7149 ) ;
#1932 = CARTESIAN_POINT ( 'NONE',  ( 1.816726518504476973, 32.23152675840152170, -1.719452865368219285 ) ) ;
#1933 = CARTESIAN_POINT ( 'NONE',  ( -2.755455298081539256E-15, 13.58864696837417085, 14.99999999999996803 ) ) ;
#1934 = VECTOR ( 'NONE', #5838, 1000.000000000000000 ) ;
#1935 = CARTESIAN_POINT ( 'NONE',  ( 1.938119294742435716, 32.25000000000000000, -1.579143311845725428 ) ) ;
#1936 = ORIENTED_EDGE ( 'NONE', *, *, #3212, .T. ) ;
#1937 = FACE_OUTER_BOUND ( 'NONE', #6410, .T. ) ;
#1938 = ORIENTED_EDGE ( 'NONE', *, *, #6794, .T. ) ;
#1939 = DIRECTION ( 'NONE',  ( 0.000000000000000000, 0.000000000000000000, -1.000000000000000000 ) ) ;
#1940 = CARTESIAN_POINT ( 'NONE',  ( 2.217694517440629731, 25.21185396501239140, 2.741159579874082652 ) ) ;
#1941 = AXIS2_PLACEMENT_3D ( 'NONE', #2567, #3655, #4872 ) ;
#1942 = CARTESIAN_POINT ( 'NONE',  ( 2.840078285243495593, 24.45016387175601480, 3.819159900815625175 ) ) ;
#1943 = CARTESIAN_POINT ( 'NONE',  ( 14.70723134043328351, 11.25055773597588882, 2.949126361988585465 ) ) ;
#1944 = CARTESIAN_POINT ( 'NONE',  ( -14.74599999999996314, 9.098274238455829277, -3.951178791589331496 ) ) ;
#1945 = CARTESIAN_POINT ( 'NONE',  ( -1.716263311514092837, 32.00000000000000000, -0.5616598289515079001 ) ) ;
#1946 = DIRECTION ( 'NONE',  ( 0.000000000000000000, 0.000000000000000000, -1.000000000000000000 ) ) ;
#1947 = VERTEX_POINT ( 'NONE', #6705 ) ;
#1948 = PLANE ( 'NONE',  #3026 ) ;
#1949 = CARTESIAN_POINT ( 'NONE',  ( -7.881343661021681157, 1.459508085374384256, -0.5500000000000000444 ) ) ;
#1950 = CARTESIAN_POINT ( 'NONE',  ( 1.967745819256180750, 25.20535430580765279, 4.325201749830702269 ) ) ;
#1951 = CARTESIAN_POINT ( 'NONE',  ( 1.860464512036304141, 24.27693961511562648, -4.082696420697994988 ) ) ;
#1952 = CARTESIAN_POINT ( 'NONE',  ( -4.674335629824511784, 0.000000000000000000, -0.8444444444444448861 ) ) ;
#1953 = CARTESIAN_POINT ( 'NONE',  ( -9.411389169399912547, 8.145230401541850185, -11.73097482773839140 ) ) ;
#1954 = ORIENTED_EDGE ( 'NONE', *, *, #6448, .T. ) ;
#1955 = CARTESIAN_POINT ( 'NONE',  ( -2.271993306461387974, 31.75000000000000000, 0.5500000000000000444 ) ) ;
#1956 = CARTESIAN_POINT ( 'NONE',  ( -11.67055834139907411, 11.46145152308835513, 6.737999999999971124 ) ) ;
#1957 = CARTESIAN_POINT ( 'NONE',  ( -14.74599999999996847, 7.196313635040832324, 3.951178791589317285 ) ) ;
#1958 = CARTESIAN_POINT ( 'NONE',  ( -2.217530681689084737, 32.02262672620886264, 0.3808643797568159739 ) ) ;
#1959 = CARTESIAN_POINT ( 'NONE',  ( 1.491375357734202822, 32.02284145127291026, -2.011452041823438286 ) ) ;
#1960 = DIRECTION ( 'NONE',  ( -0.5000000000000041078, 8.673617379884100553E-16, -0.8660254037844363761 ) ) ;
#1961 = CARTESIAN_POINT ( 'NONE',  ( 14.27523284794441416, 1.503280523728734774, -4.610907753143169252 ) ) ;
#1962 = EDGE_LOOP ( 'NONE', ( #2373 ) ) ;
#1963 = ADVANCED_FACE ( 'NONE', ( #3921, #7268 ), #6235, .T. ) ;
#1964 = CARTESIAN_POINT ( 'NONE',  ( 0.4017658933792482845, 31.79061622867517656, -1.556872330129361881 ) ) ;
#1965 = CARTESIAN_POINT ( 'NONE',  ( -13.47599999999996889, 5.256469683741641141, -1.229236914732483852E-14 ) ) ;
#1966 = CARTESIAN_POINT ( 'NONE',  ( -3.529597573402505351, 25.18981771911717615, 0.5500000000000000444 ) ) ;
#1967 = CARTESIAN_POINT ( 'NONE',  ( -14.99999999999996447, 12.10698030170749995, -4.019237886466835441 ) ) ;
#1968 = ORIENTED_EDGE ( 'NONE', *, *, #1470, .F. ) ;
#1969 = CARTESIAN_POINT ( 'NONE',  ( -2.463922979654538548, 32.02262672620886264, -0.4231826441742396749 ) ) ;
#1970 = B_SPLINE_CURVE_WITH_KNOTS ( 'NONE', 3,
 ( #71, #5229, #5940, #4124 ),
 .UNSPECIFIED., .F., .F.,
 ( 4, 4 ),
 ( 0.000000000000000000, 5.299399598852236158E-05 ),
 .UNSPECIFIED. ) ;
#1971 = ORIENTED_EDGE ( 'NONE', *, *, #3464, .F. ) ;
#1972 = VERTEX_POINT ( 'NONE', #1337 ) ;
#1973 = FACE_OUTER_BOUND ( 'NONE', #3099, .T. ) ;
#1974 = EDGE_CURVE ( 'NONE', #4133, #996, #6124, .T. ) ;
#1975 = CARTESIAN_POINT ( 'NONE',  ( 3.024221676524077473, 24.23833997306491028, 3.664185098766226112 ) ) ;
#1976 = CARTESIAN_POINT ( 'NONE',  ( -12.99038105676654986, 8.446666666666667211, -7.499999999999989342 ) ) ;
#1977 = EDGE_CURVE ( 'NONE', #3858, #218, #3981, .T. ) ;
#1978 = CARTESIAN_POINT ( 'NONE',  ( 12.77041060420529561, 6.346607571789161462, 7.372999999999991338 ) ) ;
#1979 = DIRECTION ( 'NONE',  ( 0.8660254037844364872, 0.000000000000000000, -0.5000000000000037748 ) ) ;
#1980 = DIRECTION ( 'NONE',  ( 0.9832820049844610555, -0.1820892601823026480, 0.000000000000000000 ) ) ;
#1981 = ORIENTED_EDGE ( 'NONE', *, *, #876, .F. ) ;
#1982 = DIRECTION ( 'NONE',  ( -0.000000000000000000, -1.000000000000000000, -0.000000000000000000 ) ) ;
#1983 = B_SPLINE_CURVE_WITH_KNOTS ( 'NONE', 3,
 ( #6190, #3308, #4563, #1728 ),
 .UNSPECIFIED., .F., .F.,
 ( 4, 4 ),
 ( 4.571858987614877335E-19, 0.0003334735000880490797 ),
 .UNSPECIFIED. ) ;
#1984 = DIRECTION ( 'NONE',  ( 0.000000000000000000, 0.000000000000000000, 1.000000000000000000 ) ) ;
#1985 = CARTESIAN_POINT ( 'NONE',  ( 1.843954997318707711, 25.44580976210154333, 4.378584149544453297 ) ) ;
#1986 = CARTESIAN_POINT ( 'NONE',  ( 1.923270759015390796, 24.25000000000000000, -4.063949990277857083 ) ) ;
#1987 = CARTESIAN_POINT ( 'NONE',  ( -4.730191600497996696, 24.00000003474439225, -0.4549746285624642339 ) ) ;
#1988 = CARTESIAN_POINT ( 'NONE',  ( 1.199283852281457952, 24.25000000000000000, -2.677220564848468154 ) ) ;
#1989 = CARTESIAN_POINT ( 'NONE',  ( -2.866008014813818949, 7.753667563998968504, -14.74149902871077700 ) ) ;
#1990 = ORIENTED_EDGE ( 'NONE', *, *, #3534, .F. ) ;
#1991 = FACE_OUTER_BOUND ( 'NONE', #2110, .T. ) ;
#1992 = CARTESIAN_POINT ( 'NONE',  ( -13.56897045256122247, 11.59675530898293871, 3.635794674885526767 ) ) ;
#1993 = CARTESIAN_POINT ( 'NONE',  ( -14.74599999999996491, 12.06464696837416817, -3.579536690155009972E-15 ) ) ;
#1994 = CARTESIAN_POINT ( 'NONE',  ( 2.906979305576020245, 0.000000000000000000, 3.435035853808917850 ) ) ;
#1995 = CARTESIAN_POINT ( 'NONE',  ( -12.90986628304717776, 9.640303785894580813, 7.453514773719354558 ) ) ;
#1996 = CARTESIAN_POINT ( 'NONE',  ( 2.039382577144063902, 24.50000000000000000, 2.432314239684245205 ) ) ;
#1997 = LINE ( 'NONE', #801, #3732 ) ;
#1998 = CARTESIAN_POINT ( 'NONE',  ( 1.435778922005075842, 25.00000000000000355, 3.586842041349227905 ) ) ;
#1999 = ORIENTED_EDGE ( 'NONE', *, *, #3299, .F. ) ;
#2000 = CARTESIAN_POINT ( 'NONE',  ( 0.2640333015837859065, 32.00000000000000000, -1.319853716573472946 ) ) ;
#2001 = CARTESIAN_POINT ( 'NONE',  ( -6.738000000000000433, 5.917195445285812205, 11.67055834139905812 ) ) ;
#2002 = FACE_OUTER_BOUND ( 'NONE', #6438, .T. ) ;
#2003 = CARTESIAN_POINT ( 'NONE',  ( 10.98076211353313525, 5.519587873496662134, -10.98076211353313525 ) ) ;
#2004 = CARTESIAN_POINT ( 'NONE',  ( -10.05105758792067583, 7.033059094877518014, 10.05105758792064918 ) ) ;
#2005 = EDGE_LOOP ( 'NONE', ( #5442, #1357, #1163, #3705, #5267, #5918 ) ) ;
#2006 = CARTESIAN_POINT ( 'NONE',  ( -2.500000000000000000, 32.02295302177460457, -0.1431089935867000396 ) ) ;
#2007 = ORIENTED_EDGE ( 'NONE', *, *, #560, .T. ) ;
#2008 = VERTEX_POINT ( 'NONE', #4320 ) ;
#2009 = CARTESIAN_POINT ( 'NONE',  ( 13.21297650602664930, 12.71702710125638092, 2.649496060710951451 ) ) ;
#2010 =( BOUNDED_SURFACE ( )  B_SPLINE_SURFACE ( 3, 2, ( 
 ( #3242, #254, #4360 ),
 ( #6090, #1367, #364 ),
 ( #2079, #5491, #7186 ),
 ( #5563, #4997, #882 ),
 ( #4843, #406, #4956 ),
 ( #3700, #3662, #7221 ) ),
 .UNSPECIFIED., .F., .F., .T. ) 
 B_SPLINE_SURFACE_WITH_KNOTS ( ( 4, 2, 4 ),
 ( 3, 3 ),
 ( 0.0003323826445475363189, 0.0007246908430540053517, 0.001116999041560474493 ),
 ( 0.000000000000000000, 1.000000000000000000 ),
 .UNSPECIFIED. ) 
 GEOMETRIC_REPRESENTATION_ITEM ( )  RATIONAL_B_SPLINE_SURFACE ( (
 ( 1.000000000000000000, 0.6411794687223772993, 1.000000000000000000),
 ( 1.000000000000000000, 0.6406246728299034299, 1.000000000000000000),
 ( 1.000000000000000000, 0.6545041186311884029, 1.000000000000000000),
 ( 1.000000000000000000, 0.6852809834407642686, 1.000000000000000000),
 ( 1.000000000000000000, 0.7014220286131276350, 1.000000000000000000),
 ( 1.000000000000000000, 0.7071067811865523467, 1.000000000000000000) ) ) 
 REPRESENTATION_ITEM ( '' )  SURFACE ( )  );
#2011 = DIRECTION ( 'NONE',  ( 1.953992523340275196E-14, 0.000000000000000000, 1.000000000000000000 ) ) ;
#2012 = CARTESIAN_POINT ( 'NONE',  ( -7.372999999999991338, 5.076607571789162776, 12.77041060420529739 ) ) ;
#2013 = CARTESIAN_POINT ( 'NONE',  ( 1.978977131645763610, 25.25000000000000000, -3.427688939027459192 ) ) ;
#2014 = CARTESIAN_POINT ( 'NONE',  ( 1.973666208066796379, 25.41533853840699919, 3.166272657434479942 ) ) ;
#2015 = EDGE_CURVE ( 'NONE', #218, #2372, #2033, .T. ) ;
#2016 = VERTEX_POINT ( 'NONE', #440 ) ;
#2017 = EDGE_CURVE ( 'NONE', #4952, #6069, #6257, .T. ) ;
#2018 = DIRECTION ( 'NONE',  ( -0.000000000000000000, -1.000000000000000000, -0.000000000000000000 ) ) ;
#2019 = ORIENTED_EDGE ( 'NONE', *, *, #4793, .T. ) ;
#2020 = EDGE_CURVE ( 'NONE', #5345, #2016, #6379, .T. ) ;
#2021 = DIRECTION ( 'NONE',  ( 0.000000000000000000, 0.1583515888048833420, 0.9873827901695315656 ) ) ;
#2022 = CARTESIAN_POINT ( 'NONE',  ( -4.465881584472863430, 24.27700814827985809, -0.4304401820161232184 ) ) ;
#2023 = AXIS2_PLACEMENT_3D ( 'NONE', #203, #4188, #7209 ) ;
#2024 = FACE_OUTER_BOUND ( 'NONE', #6641, .T. ) ;
#2025 = EDGE_LOOP ( 'NONE', ( #7190, #3237, #1521, #1869 ) ) ;
#2026 = CIRCLE ( 'NONE', #1789, 0.2500000000000000000 ) ;
#2027 = CARTESIAN_POINT ( 'NONE',  ( 2.095474967091717655, 25.50000000000000355, -4.262802442324997720 ) ) ;
#2028 = CARTESIAN_POINT ( 'NONE',  ( -6.784485226280623671, 7.151755308982936654, 11.75107311511843733 ) ) ;
#2029 = CARTESIAN_POINT ( 'NONE',  ( -3.675060135509057080, 25.38544305006361057, 0.5500000000000000444 ) ) ;
#2030 = CARTESIAN_POINT ( 'NONE',  ( 7.372999999999971799, 11.00327423845582864, 12.77041060420530982 ) ) ;
#2031 = DIRECTION ( 'NONE',  ( 0.000000000000000000, -1.000000000000000000, -0.000000000000000000 ) ) ;
#2032 = CARTESIAN_POINT ( 'NONE',  ( 2.690472954631055291, 24.43300277366493489, 3.560035853809344175 ) ) ;
#2033 = CIRCLE ( 'NONE', #4086, 1.524000067479100329 ) ;
#2034 = CARTESIAN_POINT ( 'NONE',  ( 2.293356630755662096, 2.395305670240678086, -14.83152454275780840 ) ) ;
#2035 = ORIENTED_EDGE ( 'NONE', *, *, #4856, .F. ) ;
#2036 = DIRECTION ( 'NONE',  ( -0.9999999999999995559, 3.052344552054018119E-08, 0.000000000000000000 ) ) ;
#2037 = CARTESIAN_POINT ( 'NONE',  ( 13.21297560241063707, 12.71702710125637914, 2.649500279316902684 ) ) ;
#2038 = EDGE_CURVE ( 'NONE', #4703, #5704, #28, .T. ) ;
#2039 = AXIS2_PLACEMENT_3D ( 'NONE', #4903, #3119, #233 ) ;
#2040 = CIRCLE ( 'NONE', #2166, 2.250000000000000444 ) ;
#2041 = DIRECTION ( 'NONE',  ( 0.6316573247382898382, 0.000000000000000000, 0.7752477178969745530 ) ) ;
#2042 = CARTESIAN_POINT ( 'NONE',  ( 12.99038105676655341, 5.307921206829996130, -7.499999999999983125 ) ) ;
#2043 = CARTESIAN_POINT ( 'NONE',  ( 1.902822594466122341, 32.01376935690984027, -1.622463789236610276 ) ) ;
#2044 = ORIENTED_EDGE ( 'NONE', *, *, #3926, .F. ) ;
#2045 = CIRCLE ( 'NONE', #4102, 0.2500000000000000000 ) ;
#2046 = CIRCLE ( 'NONE', #5775, 0.2499999999999998612 ) ;
#2047 = CARTESIAN_POINT ( 'NONE',  ( -2.487803634196402491, 32.02284278307602250, -0.2841408041911632765 ) ) ;
#2048 = ORIENTED_EDGE ( 'NONE', *, *, #1720, .T. ) ;
#2049 = CARTESIAN_POINT ( 'NONE',  ( -3.712133761952860489, 25.45447768545454892, -0.1128431133866249908 ) ) ;
#2050 = DIRECTION ( 'NONE',  ( -0.000000000000000000, 1.000000000000000000, 0.000000000000000000 ) ) ;
#2051 = CARTESIAN_POINT ( 'NONE',  ( 14.74599999999996491, 1.689940905122495618, 1.773672520132325329E-15 ) ) ;
#2052 = DIRECTION ( 'NONE',  ( 0.000000000000000000, 0.000000000000000000, -1.000000000000000000 ) ) ;
#2053 = VECTOR ( 'NONE', #2164, 1000.000000000000000 ) ;
#2054 = CARTESIAN_POINT ( 'NONE',  ( 1.710950711025655213, 25.25000000000000000, -3.563453560742603887 ) ) ;
#2055 = ORIENTED_EDGE ( 'NONE', *, *, #1396, .F. ) ;
#2056 = AXIS2_PLACEMENT_3D ( 'NONE', #1958, #6004, #1430 ) ;
#2057 = DIRECTION ( 'NONE',  ( -0.000000000000000000, -1.000000000000000000, -0.000000000000000000 ) ) ;
#2058 = ORIENTED_EDGE ( 'NONE', *, *, #6137, .T. ) ;
#2059 = CARTESIAN_POINT ( 'NONE',  ( 6.864999999999994884, 3.123195445285811278, -11.89052879396031237 ) ) ;
#2060 = B_SPLINE_CURVE_WITH_KNOTS ( 'NONE', 3,
 ( #3114, #5921, #5359, #196 ),
 .UNSPECIFIED., .F., .F.,
 ( 4, 4 ),
 ( 1.971660902481804574E-07, 0.0005302442280686402816 ),
 .UNSPECIFIED. ) ;
#2061 = CARTESIAN_POINT ( 'NONE',  ( 12.77764832227437708, 12.58292954800934993, 4.820463904573493608 ) ) ;
#2062 = ADVANCED_FACE ( 'NONE', ( #2602 ), #1599, .T. ) ;
#2063 = DIRECTION ( 'NONE',  ( 0.000000000000000000, 1.000000000000000000, -0.000000000000000000 ) ) ;
#2064 = CIRCLE ( 'NONE', #3260, 2.250000000000000444 ) ;
#2065 = AXIS2_PLACEMENT_3D ( 'NONE', #532, #6437, #1264 ) ;
#2066 = CARTESIAN_POINT ( 'NONE',  ( -5.185955787107376480, 9.854559176300297096, 14.09013444849554375 ) ) ;
#2067 = EDGE_LOOP ( 'NONE', ( #2816, #929, #2277, #5141, #3625, #4461, #6708, #6905, #4427, #1022, #4047, #2283, #2515, #3448, #5529, #5937 ) ) ;
#2068 = CARTESIAN_POINT ( 'NONE',  ( 6.737999999999965794, 6.949803017074974498, 11.67055834139907766 ) ) ;
#2069 = CARTESIAN_POINT ( 'NONE',  ( 13.56897045256122070, 3.976755308982936832, -3.635794674885532984 ) ) ;
#2070 = CARTESIAN_POINT ( 'NONE',  ( -12.77041060420530627, 12.48798030170750017, 7.372999999999977128 ) ) ;
#2071 = CARTESIAN_POINT ( 'NONE',  ( -3.951178791589339934, 10.36827423845582707, 14.74599999999996136 ) ) ;
#2072 = CARTESIAN_POINT ( 'NONE',  ( 0.6166147573469987764, 31.85628794847218614, -2.214305517853512040 ) ) ;
#2073 = CARTESIAN_POINT ( 'NONE',  ( 0.3812173986986476248, 2.499835182269706024, -14.99515582602011854 ) ) ;
#2074 = VERTEX_POINT ( 'NONE', #2179 ) ;
#2075 = CARTESIAN_POINT ( 'NONE',  ( 0.1790886229562884402, 32.00000000000000000, -1.432177374114072199 ) ) ;
#2076 = CARTESIAN_POINT ( 'NONE',  ( 0.4903868902722220424, 32.25000000000000000, -2.453198022519520460 ) ) ;
#2077 =( BOUNDED_SURFACE ( )  B_SPLINE_SURFACE ( 3, 2, ( 
 ( #4101, #5209, #2851 ),
 ( #1232, #1837, #3529 ),
 ( #5843, #2401, #6327 ),
 ( #2965, #5134, #531 ) ),
 .UNSPECIFIED., .F., .F., .F. ) 
 B_SPLINE_SURFACE_WITH_KNOTS ( ( 4, 4 ),
 ( 3, 3 ),
 ( 0.0003358411011783842188, 0.0005258393205670729457 ),
 ( 0.000000000000000000, 1.000000000000000000 ),
 .UNSPECIFIED. ) 
 GEOMETRIC_REPRESENTATION_ITEM ( )  RATIONAL_B_SPLINE_SURFACE ( (
 ( 1.000000000000000000, 0.7519653661432155189, 1.000000000000000000),
 ( 1.000000000000000000, 0.7443705148068392452, 1.000000000000000000),
 ( 1.000000000000000000, 0.7377192712881903702, 1.000000000000000000),
 ( 1.000000000000000000, 0.7314725590611551587, 1.000000000000000000) ) ) 
 REPRESENTATION_ITEM ( '' )  SURFACE ( )  );
#2078 = EDGE_CURVE ( 'NONE', #1947, #3858, #4072, .T. ) ;
#2079 = CARTESIAN_POINT ( 'NONE',  ( 1.661412649852533896, 25.26205197252755852, -4.451054378833711134 ) ) ;
#2080 = CARTESIAN_POINT ( 'NONE',  ( 1.020239620936804759, 31.79552231504558080, -1.167106859357386561 ) ) ;
#2081 = CARTESIAN_POINT ( 'NONE',  ( -10.05105758792067583, 12.11305909487751542, 10.05105758792064918 ) ) ;
#2082 = ORIENTED_EDGE ( 'NONE', *, *, #6716, .F. ) ;
#2083 = DIRECTION ( 'NONE',  ( 0.000000000000000000, 0.000000000000000000, -1.000000000000000000 ) ) ;
#2084 = ORIENTED_EDGE ( 'NONE', *, *, #2987, .F. ) ;
#2085 = CARTESIAN_POINT ( 'NONE',  ( 0.000000000000000000, 30.25000000000000000, 4.750000000000000000 ) ) ;
#2086 = CARTESIAN_POINT ( 'NONE',  ( 1.113835721259860190, 32.00000000000000000, -0.8292200605072274078 ) ) ;
#2087 = CARTESIAN_POINT ( 'NONE',  ( -14.99999999999996803, 3.975940905122495206, -1.836970198721025645E-15 ) ) ;
#2088 = CARTESIAN_POINT ( 'NONE',  ( 1.688688166494518583, 28.58685396501239495, 2.324893702508810556 ) ) ;
#2089 = CARTESIAN_POINT ( 'NONE',  ( -1.783544617532631715, 32.00000000000000000, -0.5500000000000000444 ) ) ;
#2090 = CARTESIAN_POINT ( 'NONE',  ( -3.951178791589322614, 5.926313635040831862, -14.74599999999996491 ) ) ;
#2091 = CARTESIAN_POINT ( 'NONE',  ( -1.275043498356854599, 32.00000000000000000, -0.5928932188134528047 ) ) ;
#2092 = ORIENTED_EDGE ( 'NONE', *, *, #6290, .F. ) ;
#2093 = CARTESIAN_POINT ( 'NONE',  ( -2.208957233183016733, 31.92468505694712988, 0.6153910546614911325 ) ) ;
#2094 = ORIENTED_EDGE ( 'NONE', *, *, #7250, .T. ) ;
#2095 = CARTESIAN_POINT ( 'NONE',  ( -13.72999999999997556, 10.10819544528581204, 3.678942412079292623 ) ) ;
#2096 = FACE_OUTER_BOUND ( 'NONE', #3315, .T. ) ;
#2097 = CARTESIAN_POINT ( 'NONE',  ( 2.137083972814328714, 25.39639373968527636, -3.039566125047350909 ) ) ;
#2098 = CARTESIAN_POINT ( 'NONE',  ( -4.253319970531877381, 9.907680762551912323, 14.38804280570857586 ) ) ;
#2099 = ORIENTED_EDGE ( 'NONE', *, *, #4386, .F. ) ;
#2100 = CARTESIAN_POINT ( 'NONE',  ( 1.609388269487474377, 31.85681841226311306, 1.640828534578838926 ) ) ;
#2101 = CARTESIAN_POINT ( 'NONE',  ( -11.75107311511843733, 10.96175530898293715, -6.784485226280621895 ) ) ;
#2102 = CARTESIAN_POINT ( 'NONE',  ( 0.7144789750469322520, 31.89198469374219869, -2.419170577660101351 ) ) ;
#2103 = ADVANCED_FACE ( 'NONE', ( #6763 ), #3599, .F. ) ;
#2104 = CARTESIAN_POINT ( 'NONE',  ( 3.951178791589316397, 10.79160757178916263, 14.74599999999996847 ) ) ;
#2105 = CYLINDRICAL_SURFACE ( 'NONE', #3855, 0.2500000000000000000 ) ;
#2106 = EDGE_CURVE ( 'NONE', #292, #3523, #6073, .T. ) ;
#2107 = EDGE_CURVE ( 'NONE', #6052, #260, #3722, .T. ) ;
#2108 = EDGE_CURVE ( 'NONE', #3645, #2433, #3480, .T. ) ;
#2109 = CARTESIAN_POINT ( 'NONE',  ( -14.00546453438977323, 3.487939156910514704, -5.457287728407719918 ) ) ;
#2110 = EDGE_LOOP ( 'NONE', ( #6479, #4014, #3445, #7391 ) ) ;
#2111 = ORIENTED_EDGE ( 'NONE', *, *, #2746, .T. ) ;
#2112 = CARTESIAN_POINT ( 'NONE',  ( 2.133059622348381090, 25.45486940119457486, 3.029115729602145812 ) ) ;
#2113 = CARTESIAN_POINT ( 'NONE',  ( 0.8137034816688263339, 32.09787977043658458, -2.364515140448332886 ) ) ;
#2114 = EDGE_CURVE ( 'NONE', #1639, #1164, #1017, .T. ) ;
#2115 = EDGE_CURVE ( 'NONE', #4027, #1718, #1618, .T. ) ;
#2116 = CARTESIAN_POINT ( 'NONE',  ( -4.727528638414264073, 25.00000000000000000, 0.5499999999999999334 ) ) ;
#2117 = CARTESIAN_POINT ( 'NONE',  ( 13.46201889776295424, 13.85861643772358143, 2.699434606772421752 ) ) ;
#2118 = ORIENTED_EDGE ( 'NONE', *, *, #2017, .T. ) ;
#2119 = CARTESIAN_POINT ( 'NONE',  ( 1.759045820679394634, 31.94316324104816474, 1.783803147567872172 ) ) ;
#2120 = VERTEX_POINT ( 'NONE', #4529 ) ;
#2121 = APPLICATION_PROTOCOL_DEFINITION ( 'draft international standard', 'automotive_design', 1998, #5364 ) ;
#2122 = DIRECTION ( 'NONE',  ( 0.000000000000000000, 0.000000000000000000, 1.000000000000000000 ) ) ;
#2123 = CARTESIAN_POINT ( 'NONE',  ( -10.91270301865563397, 4.771970452561247633, 10.91270301865562331 ) ) ;
#2124 = CARTESIAN_POINT ( 'NONE',  ( 0.8654745695316845566, 32.02262672620886264, -2.345411215436206565 ) ) ;
#2125 = FACE_OUTER_BOUND ( 'NONE', #88, .T. ) ;
#2126 = CARTESIAN_POINT ( 'NONE',  ( -10.79482120841063697, 6.349646968374166534, -10.79482120841064230 ) ) ;
#2127 = CARTESIAN_POINT ( 'NONE',  ( 0.5345872160208410273, 31.95426935736254137, -2.225992041517872444 ) ) ;
#2128 = ORIENTED_EDGE ( 'NONE', *, *, #2675, .T. ) ;
#2129 = CARTESIAN_POINT ( 'NONE',  ( -2.195059264586889824, 31.95426935736254137, -0.6500299111464680202 ) ) ;
#2130 = ORIENTED_EDGE ( 'NONE', *, *, #6043, .F. ) ;
#2131 = CARTESIAN_POINT ( 'NONE',  ( 1.146720213405935462E-14, 9.066469683741640750, -13.47599999999996889 ) ) ;
#2132 = LINE ( 'NONE', #900, #4343 ) ;
#2133 = ADVANCED_FACE ( 'NONE', ( #5059 ), #1127, .T. ) ;
#2134 = ADVANCED_FACE ( 'NONE', ( #2854 ), #1006, .T. ) ;
#2135 = CARTESIAN_POINT ( 'NONE',  ( -3.185314703747200493, 9.967498308413301089, 14.65969807699843308 ) ) ;
#2136 = CARTESIAN_POINT ( 'NONE',  ( 6.864999999999994884, 4.704725761544183982, -11.89052879396031237 ) ) ;
#2137 = CARTESIAN_POINT ( 'NONE',  ( 14.63832360317271686, 11.74120821838838857, 2.000859782771074791 ) ) ;
#2138 = CARTESIAN_POINT ( 'NONE',  ( -2.463922979654544321, 32.02262672620886264, -0.4231826441742314593 ) ) ;
#2139 = CARTESIAN_POINT ( 'NONE',  ( -4.674335629824510896, 25.00000000000000000, -0.8444444444444445530 ) ) ;
#2140 = B_SPLINE_CURVE_WITH_KNOTS ( 'NONE', 3,
 ( #4875, #2638, #800, #3197, #4945, #7179 ),
 .UNSPECIFIED., .F., .F.,
 ( 4, 2, 4 ),
 ( -3.190539450144627009E-06, 0.0002645918471888663703, 0.0005323742338278773713 ),
 .UNSPECIFIED. ) ;
#2141 = CIRCLE ( 'NONE', #4069, 0.2500000000000000000 ) ;
#2142 = CARTESIAN_POINT ( 'NONE',  ( -8.360345250964737573, 4.582789055129211420, 12.45410997337563153 ) ) ;
#2143 = ORIENTED_EDGE ( 'NONE', *, *, #1090, .F. ) ;
#2144 = ORIENTED_EDGE ( 'NONE', *, *, #5676, .T. ) ;
#2145 = CARTESIAN_POINT ( 'NONE',  ( 1.924101630062496460, 24.25000000000000000, 4.063607719173891297 ) ) ;
#2146 = CARTESIAN_POINT ( 'NONE',  ( 11.67055834139905990, 7.373136350408307393, 6.738000000000000433 ) ) ;
#2147 = DIRECTION ( 'NONE',  ( -0.000000000000000000, -1.000000000000000000, -0.000000000000000000 ) ) ;
#2148 = EDGE_CURVE ( 'NONE', #4932, #4551, #493, .T. ) ;
#2149 = CARTESIAN_POINT ( 'NONE',  ( 7.499999999999973355, 14.19792120682999581, 12.99038105676655697 ) ) ;
#2150 = AXIS2_PLACEMENT_3D ( 'NONE', #4916, #6055, #3203 ) ;
#2151 = B_SPLINE_CURVE_WITH_KNOTS ( 'NONE', 3,
 ( #1379, #81, #1229, #707 ),
 .UNSPECIFIED., .F., .F.,
 ( 4, 4 ),
 ( 0.000000000000000000, 0.0006008999739054205098 ),
 .UNSPECIFIED. ) ;
#2152 = CARTESIAN_POINT ( 'NONE',  ( 10.05105758792065274, 13.38305909487751677, 10.05105758792067228 ) ) ;
#2153 = ADVANCED_FACE ( 'NONE', ( #3946 ), #1767, .T. ) ;
#2154 = CARTESIAN_POINT ( 'NONE',  ( -3.952474966237777387, 25.25000000000000000, 0.2003002109521672958 ) ) ;
#2155 = CARTESIAN_POINT ( 'NONE',  ( 1.790930033544126943, 31.97645231355633655, 1.749816895291999241 ) ) ;
#2156 = VERTEX_POINT ( 'NONE', #5780 ) ;
#2157 = CARTESIAN_POINT ( 'NONE',  ( 0.000000000000000000, 18.00000000000000355, -13.99999999999993605 ) ) ;
#2158 = CARTESIAN_POINT ( 'NONE',  ( 2.999999999999952038, 25.45710678118654968, -5.196152422706659557 ) ) ;
#2159 = CIRCLE ( 'NONE', #5064, 1.269999999999996909 ) ;
#2160 = CARTESIAN_POINT ( 'NONE',  ( -10.91270301865562686, 3.501970452561248504, -10.91270301865563042 ) ) ;
#2161 = CARTESIAN_POINT ( 'NONE',  ( -13.72999999999996668, 9.684862111952478259, -3.678942412079319269 ) ) ;
#2162 = CARTESIAN_POINT ( 'NONE',  ( 2.690472954629861135, 25.00000000000000000, -3.560035853808956041 ) ) ;
#2163 = CARTESIAN_POINT ( 'NONE',  ( -14.74599999999996847, 12.27631363504083062, 3.951178791589316841 ) ) ;
#2164 = DIRECTION ( 'NONE',  ( -0.000000000000000000, 1.000000000000000000, -0.000000000000000000 ) ) ;
#2165 = AXIS2_PLACEMENT_3D ( 'NONE', #4859, #7165, #1984 ) ;
#2166 = AXIS2_PLACEMENT_3D ( 'NONE', #4936, #6685, #3977 ) ;
#2167 = ORIENTED_EDGE ( 'NONE', *, *, #2332, .T. ) ;
#2168 = DIRECTION ( 'NONE',  ( -0.8974320931210522101, -0.000000000000000000, -0.4411526246508882809 ) ) ;
#2169 = EDGE_LOOP ( 'NONE', ( #1373, #7349, #6972, #2737, #731 ) ) ;
#2170 = CARTESIAN_POINT ( 'NONE',  ( 14.68396652194578422, 11.42777355306676235, 2.944462319882808821 ) ) ;
#2171 = DIRECTION ( 'NONE',  ( 0.06666666666666672125, 1.493843320028147150E-17, -0.9977753031397178507 ) ) ;
#2172 = AXIS2_PLACEMENT_3D ( 'NONE', #6461, #1282, #6006 ) ;
#2173 = ADVANCED_FACE ( 'NONE', ( #19 ), #2336, .F. ) ;
#2174 = AXIS2_PLACEMENT_3D ( 'NONE', #7293, #2182, #3841 ) ;
#2175 = CARTESIAN_POINT ( 'NONE',  ( 8.327730508595008629, 10.61506465305516755, 12.47607292682452851 ) ) ;
#2176 = CARTESIAN_POINT ( 'NONE',  ( 13.47599999999997245, 8.008136350408307180, -3.610883317201789566 ) ) ;
#2177 = EDGE_CURVE ( 'NONE', #692, #4848, #7416, .T. ) ;
#2178 = CARTESIAN_POINT ( 'NONE',  ( -3.678942412079325486, 7.456392428210850021, 13.72999999999996312 ) ) ;
#2179 = CARTESIAN_POINT ( 'NONE',  ( -3.941516664322040064, 25.25000000000000000, -0.3000000000000000444 ) ) ;
#2180 = CIRCLE ( 'NONE', #5326, 4.750000000000000000 ) ;
#2181 = CARTESIAN_POINT ( 'NONE',  ( 1.605857473938750335, 24.50000000000000000, 4.470315623464975907 ) ) ;
#2182 = DIRECTION ( 'NONE',  ( -0.000000000000000000, -1.000000000000000000, -0.000000000000000000 ) ) ;
#2183 = EDGE_CURVE ( 'NONE', #4679, #107, #2223, .T. ) ;
#2184 = CARTESIAN_POINT ( 'NONE',  ( -5.196333368671976594, 2.806788934573369421, -14.07160292773684596 ) ) ;
#2185 = ORIENTED_EDGE ( 'NONE', *, *, #4106, .T. ) ;
#2186 = VERTEX_POINT ( 'NONE', #6951 ) ;
#2187 = CARTESIAN_POINT ( 'NONE',  ( 1.147066104981142809, 31.79552231504558080, 1.093883554654009327 ) ) ;
#2188 = CARTESIAN_POINT ( 'NONE',  ( -2.480081828364066432, 31.82622343603179615, -0.5550797545934079702 ) ) ;
#2189 = CARTESIAN_POINT ( 'NONE',  ( 0.9827775013353475808, 24.25000000000000000, -2.802220564848465489 ) ) ;
#2190 = CARTESIAN_POINT ( 'NONE',  ( 14.99999999999996803, 1.249999999999999334, 0.000000000000000000 ) ) ;
#2191 = CARTESIAN_POINT ( 'NONE',  ( 14.70723113375536784, 14.88514555227603609, 2.949127392686829552 ) ) ;
#2192 = DIRECTION ( 'NONE',  ( -0.09104463009115218441, 0.9832820049844601673, 0.1576939250741932197 ) ) ;
#2193 = ADVANCED_FACE ( 'NONE', ( #6374 ), #6940, .T. ) ;
#2194 = LINE ( 'NONE', #7408, #6870 ) ;
#2195 = CARTESIAN_POINT ( 'NONE',  ( -4.428317969889996597, 25.06578085489579166, -0.5500000000000022649 ) ) ;
#2196 = ORIENTED_EDGE ( 'NONE', *, *, #5187, .F. ) ;
#2197 = CARTESIAN_POINT ( 'NONE',  ( 1.874999999999969136, 25.25000000000000000, -3.247595264191661446 ) ) ;
#2198 = ORIENTED_EDGE ( 'NONE', *, *, #2245, .F. ) ;
#2199 = CARTESIAN_POINT ( 'NONE',  ( -2.755455298081538467E-15, 5.245940905122494335, 14.99999999999996803 ) ) ;
#2200 = CARTESIAN_POINT ( 'NONE',  ( 11.89052879396032303, 7.779862111952478010, -6.864999999999977121 ) ) ;
#2201 = CARTESIAN_POINT ( 'NONE',  ( 0.000000000000000000, 24.50000000000000000, 0.5500000000000000444 ) ) ;
#2202 = CARTESIAN_POINT ( 'NONE',  ( -10.79482120841064763, 7.619646968374166107, 10.79482120841063342 ) ) ;
#2203 = CARTESIAN_POINT ( 'NONE',  ( 14.99999999999996803, 4.444646968374167173, 0.000000000000000000 ) ) ;
#2204 = VERTEX_POINT ( 'NONE', #5657 ) ;
#2205 = ADVANCED_FACE ( 'NONE', ( #4493 ), #5355, .T. ) ;
#2206 = CARTESIAN_POINT ( 'NONE',  ( -2.499999999999999556, 32.02295302177460457, -4.585445847114865633E-16 ) ) ;
#2207 = VERTEX_POINT ( 'NONE', #3945 ) ;
#2208 = EDGE_CURVE ( 'NONE', #839, #831, #2159, .T. ) ;
#2209 = CARTESIAN_POINT ( 'NONE',  ( -6.738000000000000433, 6.103136350408306932, 11.67055834139906167 ) ) ;
#2210 = FACE_OUTER_BOUND ( 'NONE', #2633, .T. ) ;
#2211 =( BOUNDED_SURFACE ( )  B_SPLINE_SURFACE ( 3, 2, ( 
 ( #6474, #3038, #305 ),
 ( #1265, #2585, #5423 ),
 ( #3557, #1409, #1900 ),
 ( #221, #7012, #5309 ),
 ( #263, #5911, #7048 ),
 ( #7159, #152, #2552 ) ),
 .UNSPECIFIED., .F., .F., .T. ) 
 B_SPLINE_SURFACE_WITH_KNOTS ( ( 4, 2, 4 ),
 ( 3, 3 ),
 ( 4.712388980384689674, 5.497787143782137953, 6.283185307179586232 ),
 ( 0.000000000000000000, 1.000000000000000000 ),
 .UNSPECIFIED. ) 
 GEOMETRIC_REPRESENTATION_ITEM ( )  RATIONAL_B_SPLINE_SURFACE ( (
 ( 1.000000000000000000, 0.7071067811865573427, 1.000000000000000000),
 ( 1.000000000000000000, 0.7240319495158316077, 1.000000000000000000),
 ( 1.000000000000000000, 0.7400337300385035899, 1.000000000000000000),
 ( 1.000000000000000000, 0.7624685499305927650, 1.000000000000000000),
 ( 1.000000000000000000, 0.7688833480577547119, 1.000000000000000000),
 ( 1.000000000000000000, 0.7687942703292983682, 1.000000000000000000) ) ) 
 REPRESENTATION_ITEM ( '' )  SURFACE ( )  );
#2212 = VERTEX_POINT ( 'NONE', #5700 ) ;
#2213 = CARTESIAN_POINT ( 'NONE',  ( -11.48432483214123501, 9.434700171814789371, 9.677875632426182761 ) ) ;
#2214 = FACE_OUTER_BOUND ( 'NONE', #2656, .T. ) ;
#2215 = CARTESIAN_POINT ( 'NONE',  ( 13.46201778665321847, 13.85861643772358143, 2.699440147851335237 ) ) ;
#2216 = CARTESIAN_POINT ( 'NONE',  ( -3.824396176180260731, 24.99999994423126282, 0.5500000000000000444 ) ) ;
#2217 = CARTESIAN_POINT ( 'NONE',  ( -2.158941601593659776, 31.99011754388531159, -0.7190455395453615450 ) ) ;
#2218 = CARTESIAN_POINT ( 'NONE',  ( 12.77764800572656156, 13.28457801691124551, 4.820464452850399262 ) ) ;
#2219 = CARTESIAN_POINT ( 'NONE',  ( -5.750788989444902910, 2.839024134984443393, -13.85442191468778361 ) ) ;
#2220 = ORIENTED_EDGE ( 'NONE', *, *, #5772, .T. ) ;
#2221 = ORIENTED_EDGE ( 'NONE', *, *, #7246, .T. ) ;
#2222 = CARTESIAN_POINT ( 'NONE',  ( 1.605857565403532528, 24.36846202106579895, 4.470315590608367806 ) ) ;
#2223 = LINE ( 'NONE', #2830, #3956 ) ;
#2224 = CARTESIAN_POINT ( 'NONE',  ( -3.933234216635703273, 25.25000000000000000, 0.3676198518629328338 ) ) ;
#2225 = CARTESIAN_POINT ( 'NONE',  ( 2.137010033761126415, 25.39746793755891474, 3.039374160342594333 ) ) ;
#2226 = CARTESIAN_POINT ( 'NONE',  ( -4.438830794136784164, 25.13102599099468648, 0.5226481455162786949 ) ) ;
#2227 = CARTESIAN_POINT ( 'NONE',  ( 0.9638443823580860048, 24.45447768495442631, -2.769427440834102416 ) ) ;
#2228 = DIRECTION ( 'NONE',  ( 0.4999999999999918399, 0.000000000000000000, -0.8660254037844433705 ) ) ;
#2229 = ORIENTED_EDGE ( 'NONE', *, *, #1009, .F. ) ;
#2230 = CARTESIAN_POINT ( 'NONE',  ( 14.93056747133954509, 12.95090986667102584, 1.441580723988956647 ) ) ;
#2231 = CARTESIAN_POINT ( 'NONE',  ( -9.933175777675684159, 10.62449923118039408, 9.933175777675661067 ) ) ;
#2232 = CARTESIAN_POINT ( 'NONE',  ( 14.90702954743872155, 6.676970452561250546, 6.492092003627991994E-16 ) ) ;
#2233 = FACE_OUTER_BOUND ( 'NONE', #5904, .T. ) ;
#2234 = CARTESIAN_POINT ( 'NONE',  ( 14.74599999999996136, 9.312980301707499464, 3.951178791589339934 ) ) ;
#2235 = CARTESIAN_POINT ( 'NONE',  ( 1.288402760591595753, 25.18995545337747188, 3.331579041956611587 ) ) ;
#2236 = VERTEX_POINT ( 'NONE', #2290 ) ;
#2237 = DIRECTION ( 'NONE',  ( 0.000000000000000000, 1.000000000000000000, 0.000000000000000000 ) ) ;
#2238 = EDGE_LOOP ( 'NONE', ( #4993, #4830, #6287, #1590 ) ) ;
#2239 = ORIENTED_EDGE ( 'NONE', *, *, #1396, .T. ) ;
#2240 = B_SPLINE_CURVE_WITH_KNOTS ( 'NONE', 3,
 ( #3718, #7203, #7129, #1951, #1986, #7088 ),
 .UNSPECIFIED., .F., .F.,
 ( 4, 2, 4 ),
 ( 0.000000000000000000, 0.0001996580279853902011, 0.0003993160559707804023 ),
 .UNSPECIFIED. ) ;
#2241 = CARTESIAN_POINT ( 'NONE',  ( 0.5345872160208683388, 31.95426935736254137, 2.225992041517864894 ) ) ;
#2242 = CARTESIAN_POINT ( 'NONE',  ( 14.92258079999996667, 3.418118189755022129, 1.522032282006974713 ) ) ;
#2243 = ADVANCED_FACE ( 'NONE', ( #4606 ), #488, .F. ) ;
#2244 = EDGE_LOOP ( 'NONE', ( #5487, #650, #4913, #5664, #3801, #7351, #3222 ) ) ;
#2245 = EDGE_CURVE ( 'NONE', #3069, #657, #4262, .T. ) ;
#2246 = CARTESIAN_POINT ( 'NONE',  ( -2.476446974785520894, 31.97766877619273629, 0.3710465410268558584 ) ) ;
#2247 = CARTESIAN_POINT ( 'NONE',  ( 3.610883317201783349, 7.439784856421686854, 13.47599999999997600 ) ) ;
#2248 = CARTESIAN_POINT ( 'NONE',  ( 3.678942412079318824, 9.996392428210851833, -13.72999999999996668 ) ) ;
#2249 = CARTESIAN_POINT ( 'NONE',  ( -3.941516664323396757, 24.99999999998928857, 0.5500000000000000444 ) ) ;
#2250 =( BOUNDED_SURFACE ( )  B_SPLINE_SURFACE ( 1, 2, ( 
 ( #4419, #3876, #1050, #4527, #7321, #6221, #6726, #2709, #497, #5620, #4452, #6688, #3944, #5057, #1085, #6187, #1540, #4492, #458, #1015, #2068, #1508, #4384, #2741, #6110, #2176, #7357, #6799, #3910, #3340, #6981, #6366, #5136, #2933, #7427, #2402, #2892, #3983, #1195, #1272, #6295, #121, #1233, #4605, #568, #4143, #2289, #6449, #3496 ),
 ( #2966, #533, #1686, #1158, #2367, #3565, #4559, #3454, #1838, #52, #5279, #3531, #2821, #7021, #1125, #604, #4674, #4021, #676, #2247, #3419, #6866, #4715, #84, #5211, #5808, #5844, #5731, #1761, #2852, #6412, #5170, #5769, #3, #2328, #4056, #1801, #6907, #6944, #1725, #6328, #4641, #4103, #643, #5241, #1418, #6563, #5959, #2449 ) ),
 .UNSPECIFIED., .F., .F., .T. ) 
 B_SPLINE_SURFACE_WITH_KNOTS ( ( 2, 2 ),
 ( 3, 2, 2, 2, 2, 2, 2, 2, 2, 2, 2, 2, 2, 2, 2, 2, 2, 2, 2, 2, 2, 2, 2, 2, 3 ),
 ( 0.000000000000000000, 1.000000000000000000 ),
 ( 0.000000000000000000, 0.04166666666666666435, 0.08333333333333332871, 0.1250000000000000000, 0.1666666666666666574, 0.2083333333333333426, 0.2500000000000000000, 0.2916666666666666852, 0.3333333333333333148, 0.3750000000000000000, 0.4166666666666666852, 0.4583333333333333148, 0.5000000000000000000, 0.5416666666666666297, 0.5833333333333333703, 0.6250000000000000000, 0.6666666666666666297, 0.7083333333333333703, 0.7500000000000000000, 0.7916666666666666297, 0.8333333333333333703, 0.8750000000000000000, 0.9166666666666666297, 0.9583333333333333703, 0.9842244131687597486 ),
 .UNSPECIFIED. ) 
 GEOMETRIC_REPRESENTATION_ITEM ( )  RATIONAL_B_SPLINE_SURFACE ( (
 ( 1.000000000000000000, 0.9659258262890683122, 1.000000000000000000, 0.9659258262890683122, 1.000000000000000000, 0.9659258262890683122, 1.000000000000000000, 0.9659258262890683122, 1.000000000000000000, 0.9659258262890683122, 1.000000000000000000, 0.9659258262890683122, 1.000000000000000000, 0.9659258262890683122, 1.000000000000000000, 0.9659258262890683122, 1.000000000000000000, 0.9659258262890683122, 1.000000000000000000, 0.9659258262890683122, 1.000000000000000000, 0.9659258262890683122, 1.000000000000000000, 0.9659258262890683122, 1.000000000000000000, 0.9659258262890683122, 1.000000000000000000, 0.9659258262890683122, 1.000000000000000000, 0.9659258262890683122, 1.000000000000000000, 0.9659258262890683122, 1.000000000000000000, 0.9659258262890683122, 1.000000000000000000, 0.9659258262890683122, 1.000000000000000000, 0.9659258262890683122, 1.000000000000000000, 0.9659258262890683122, 1.000000000000000000, 0.9659258262890683122, 1.000000000000000000, 0.9659258262890683122, 1.000000000000000000, 0.9659258262890683122, 1.000000000000000000, 0.9788267883549779391, 0.9839670477374908852),
 ( 1.000000000000000000, 0.9659258262890683122, 1.000000000000000000, 0.9659258262890683122, 1.000000000000000000, 0.9659258262890683122, 1.000000000000000000, 0.9659258262890683122, 1.000000000000000000, 0.9659258262890683122, 1.000000000000000000, 0.9659258262890683122, 1.000000000000000000, 0.9659258262890683122, 1.000000000000000000, 0.9659258262890683122, 1.000000000000000000, 0.9659258262890683122, 1.000000000000000000, 0.9659258262890683122, 1.000000000000000000, 0.9659258262890683122, 1.000000000000000000, 0.9659258262890683122, 1.000000000000000000, 0.9659258262890683122, 1.000000000000000000, 0.9659258262890683122, 1.000000000000000000, 0.9659258262890683122, 1.000000000000000000, 0.9659258262890683122, 1.000000000000000000, 0.9659258262890683122, 1.000000000000000000, 0.9659258262890683122, 1.000000000000000000, 0.9659258262890683122, 1.000000000000000000, 0.9659258262890683122, 1.000000000000000000, 0.9659258262890683122, 1.000000000000000000, 0.9659258262890683122, 1.000000000000000000, 0.9659258262890683122, 1.000000000000000000, 0.9788267883549779391, 0.9839670477374908852) ) ) 
 REPRESENTATION_ITEM ( '' )  SURFACE ( )  );
#2251 = CARTESIAN_POINT ( 'NONE',  ( 1.146720213405935462E-14, 9.768118189755021774, -13.47599999999996889 ) ) ;
#2252 = CARTESIAN_POINT ( 'NONE',  ( 14.08639596337051003, 6.040569115658050769, 5.244935595118310978 ) ) ;
#2253 = VERTEX_POINT ( 'NONE', #122 ) ;
#2254 = ORIENTED_EDGE ( 'NONE', *, *, #2107, .T. ) ;
#2255 = CARTESIAN_POINT ( 'NONE',  ( -4.727528638414324469, 24.50000000000000355, 0.5500000000000014877 ) ) ;
#2256 = CARTESIAN_POINT ( 'NONE',  ( -13.47599999999997600, 6.169784856421687280, 3.610883317201784237 ) ) ;
#2257 = CARTESIAN_POINT ( 'NONE',  ( -3.712133761953011035, 25.45447768545373890, 0.1128431133861316077 ) ) ;
#2258 = CARTESIAN_POINT ( 'NONE',  ( 2.133059622348379758, 25.45486940119459973, 3.029115729602142260 ) ) ;
#2259 = AXIS2_PLACEMENT_3D ( 'NONE', #4841, #4799, #3134 ) ;
#2260 = CARTESIAN_POINT ( 'NONE',  ( 6.864999999999994884, 8.203195445285810905, -11.89052879396031237 ) ) ;
#2261 = CARTESIAN_POINT ( 'NONE',  ( 2.398686027918511154, 25.25000000000000000, -5.254646071760546100 ) ) ;
#2262 = EDGE_CURVE ( 'NONE', #1164, #4187, #3363, .T. ) ;
#2263 = CARTESIAN_POINT ( 'NONE',  ( -1.482997761648446211, 32.00000000000000000, 0.8000000000000000444 ) ) ;
#2264 = EDGE_LOOP ( 'NONE', ( #17, #1835, #5956, #4724 ) ) ;
#2265 = DIRECTION ( 'NONE',  ( 1.000000000000000000, 0.000000000000000000, 0.000000000000000000 ) ) ;
#2266 = CARTESIAN_POINT ( 'NONE',  ( 3.635794674885526323, 11.47116589784705987, 13.56897045256122425 ) ) ;
#2267 = CARTESIAN_POINT ( 'NONE',  ( 14.90702954743872155, 1.596970452561248699, 6.492092003627991994E-16 ) ) ;
#2268 = VECTOR ( 'NONE', #36, 1000.000000000000000 ) ;
#2269 = LINE ( 'NONE', #2873, #7101 ) ;
#2270 = CARTESIAN_POINT ( 'NONE',  ( 10.91270301865562509, 14.06261742093541223, 10.91270301865563219 ) ) ;
#2271 = B_SPLINE_CURVE_WITH_KNOTS ( 'NONE', 3,
 ( #2388, #5862, #5231, #2313 ),
 .UNSPECIFIED., .F., .F.,
 ( 4, 4 ),
 ( 0.000000000000000000, 1.000000000000000000 ),
 .UNSPECIFIED. ) ;
#2272 = CARTESIAN_POINT ( 'NONE',  ( 0.1989519857387739843, 32.00000000000000000, 1.944594947566258503 ) ) ;
#2273 = EDGE_LOOP ( 'NONE', ( #5908, #384, #3259, #3288 ) ) ;
#2274 = CARTESIAN_POINT ( 'NONE',  ( 1.545998400347372126, 31.79513059880542514, 2.012295865942936857 ) ) ;
#2275 = ORIENTED_EDGE ( 'NONE', *, *, #5354, .T. ) ;
#2276 = CARTESIAN_POINT ( 'NONE',  ( 2.230565953296320902, 25.25000000000000000, -3.263453560742609394 ) ) ;
#2277 = ORIENTED_EDGE ( 'NONE', *, *, #3906, .F. ) ;
#2278 = DIRECTION ( 'NONE',  ( 0.000000000000000000, 0.000000000000000000, 1.000000000000000000 ) ) ;
#2279 = CARTESIAN_POINT ( 'NONE',  ( 1.556761361664286358, 25.45486940119457486, -3.361841685541618663 ) ) ;
#2280 = DIRECTION ( 'NONE',  ( -1.000000000000000000, 0.000000000000000000, 0.000000000000000000 ) ) ;
#2281 = CIRCLE ( 'NONE', #1319, 0.2499999999999998612 ) ;
#2282 = CIRCLE ( 'NONE', #2646, 13.50000000000000000 ) ;
#2283 = ORIENTED_EDGE ( 'NONE', *, *, #714, .F. ) ;
#2284 = AXIS2_PLACEMENT_3D ( 'NONE', #7333, #6199, #1029 ) ;
#2285 = CARTESIAN_POINT ( 'NONE',  ( 1.609337451526259732, 31.85628794847270129, -1.641156803137713949 ) ) ;
#2286 = EDGE_CURVE ( 'NONE', #441, #2470, #7232, .T. ) ;
#2287 = VECTOR ( 'NONE', #2683, 1000.000000000000000 ) ;
#2288 = CIRCLE ( 'NONE', #1912, 0.2500000000000000555 ) ;
#2289 = CARTESIAN_POINT ( 'NONE',  ( 11.67055834139905990, 12.45313635040830746, 6.738000000000000433 ) ) ;
#2290 = CARTESIAN_POINT ( 'NONE',  ( 1.985186810929051582, 24.25000000000000000, 4.038444419044706635 ) ) ;
#2291 = CARTESIAN_POINT ( 'NONE',  ( 11.89052879396032303, 9.361392428210852046, -6.864999999999977121 ) ) ;
#2292 = CIRCLE ( 'NONE', #3254, 0.2500000000000001110 ) ;
#2293 = CARTESIAN_POINT ( 'NONE',  ( -1.311753616059032242E-14, 7.228118189755021739, 13.47599999999996889 ) ) ;
#2294 = EDGE_CURVE ( 'NONE', #2583, #2583, #2282, .T. ) ;
#2295 = CIRCLE ( 'NONE', #4601, 0.2500000000000001110 ) ;
#2296 = CARTESIAN_POINT ( 'NONE',  ( 9.273410495419355470, 5.597260369728820351, 11.79990817532721969 ) ) ;
#2297 = ORIENTED_EDGE ( 'NONE', *, *, #5546, .T. ) ;
#2298 = ORIENTED_EDGE ( 'NONE', *, *, #1331, .F. ) ;
#2299 = CARTESIAN_POINT ( 'NONE',  ( 1.751435383823309655, 25.41533853840699919, -3.283580421323309295 ) ) ;
#2300 = CARTESIAN_POINT ( 'NONE',  ( 3.610883317201814435, 9.556451523088353994, -13.47599999999996356 ) ) ;
#2301 = FACE_OUTER_BOUND ( 'NONE', #669, .T. ) ;
#2302 = DIRECTION ( 'NONE',  ( -0.000000000000000000, -1.000000000000000000, -0.000000000000000000 ) ) ;
#2303 = CARTESIAN_POINT ( 'NONE',  ( -6.864999999999974456, 9.049862111952476695, -11.89052879396032303 ) ) ;
#2304 = CIRCLE ( 'NONE', #3267, 4.750000000000000000 ) ;
#2305 = DIRECTION ( 'NONE',  ( 0.1820892601823072832, 0.9832820049844602783, -0.000000000000000000 ) ) ;
#2306 = EDGE_LOOP ( 'NONE', ( #742, #4437, #4435, #7388 ) ) ;
#2307 = DIRECTION ( 'NONE',  ( -0.8660254037844364872, 0.000000000000000000, 0.5000000000000037748 ) ) ;
#2308 = CARTESIAN_POINT ( 'NONE',  ( -9.933175777675668172, 4.274499231180391767, -9.933175777675682383 ) ) ;
#2309 = CARTESIAN_POINT ( 'NONE',  ( -10.91270301865562686, 8.581970452561247242, -10.91270301865563042 ) ) ;
#2310 = CYLINDRICAL_SURFACE ( 'NONE', #7364, 0.2500000000000000000 ) ;
#2311 = DIRECTION ( 'NONE',  ( 0.8660254037844434816, 0.000000000000000000, 0.4999999999999916733 ) ) ;
#2312 = CARTESIAN_POINT ( 'NONE',  ( 12.99038105676655341, 5.121980301707500516, -7.499999999999983125 ) ) ;
#2313 = CARTESIAN_POINT ( 'NONE',  ( 14.45818863109507824, 14.44520448386300160, 2.899188824382595620 ) ) ;
#2314 = EDGE_LOOP ( 'NONE', ( #5038, #5400, #5749, #1123 ) ) ;
#2315 = DIRECTION ( 'NONE',  ( 0.8660254037844364872, 0.000000000000000000, -0.5000000000000037748 ) ) ;
#2316 = ORIENTED_EDGE ( 'NONE', *, *, #689, .T. ) ;
#2317 = DIRECTION ( 'NONE',  ( -0.000000000000000000, 1.000000000000000000, -0.000000000000000000 ) ) ;
#2318 = ORIENTED_EDGE ( 'NONE', *, *, #3150, .T. ) ;
#2319 = CARTESIAN_POINT ( 'NONE',  ( 0.4510646266300653018, 31.99173094480054758, 2.229172824193585090 ) ) ;
#2320 = CARTESIAN_POINT ( 'NONE',  ( -3.704695737619256857, 25.45460815007268707, -0.2223161977403611267 ) ) ;
#2321 = CARTESIAN_POINT ( 'NONE',  ( -2.336637871645899089, 32.25000000000000000, 0.8888888888888887285 ) ) ;
#2322 =( BOUNDED_SURFACE ( )  B_SPLINE_SURFACE ( 3, 2, ( 
 ( #4214, #6514, #1345 ),
 ( #5954, #2511, #4814 ),
 ( #6556, #4854, #1380 ),
 ( #6024, #3673, #5986 ) ),
 .UNSPECIFIED., .F., .F., .T. ) 
 B_SPLINE_SURFACE_WITH_KNOTS ( ( 4, 4 ),
 ( 3, 3 ),
 ( 0.003802011796513116854, 0.004741768157586492838 ),
 ( 0.000000000000000000, 1.000000000000000000 ),
 .UNSPECIFIED. ) 
 GEOMETRIC_REPRESENTATION_ITEM ( )  RATIONAL_B_SPLINE_SURFACE ( (
 ( 1.000000000000000000, 0.9959322326375635859, 1.000000000000000000),
 ( 1.000000000000000000, 0.9957710408859156148, 1.000000000000000000),
 ( 1.000000000000000000, 0.9957727831103660998, 1.000000000000000000),
 ( 1.000000000000000000, 0.9959322021759217103, 1.000000000000000000) ) ) 
 REPRESENTATION_ITEM ( '' )  SURFACE ( )  );
#2323 = CIRCLE ( 'NONE', #2930, 14.99999999999996803 ) ;
#2324 = B_SPLINE_CURVE_WITH_KNOTS ( 'NONE', 3,
 ( #5730, #220, #4701, #4526 ),
 .UNSPECIFIED., .F., .F.,
 ( 4, 4 ),
 ( 0.000000000000000000, 0.0003004499869527101465 ),
 .UNSPECIFIED. ) ;
#2325 = ORIENTED_EDGE ( 'NONE', *, *, #2992, .F. ) ;
#2326 = CARTESIAN_POINT ( 'NONE',  ( 1.559559217908344175, 31.97766877619272918, -1.959142720775971513 ) ) ;
#2327 = CARTESIAN_POINT ( 'NONE',  ( -2.217530681689213079, 31.88631336310444198, -0.5904321898784135048 ) ) ;
#2328 = CARTESIAN_POINT ( 'NONE',  ( -11.67055834139906167, 10.61478485642168934, -6.737999999999998657 ) ) ;
#2329 = CARTESIAN_POINT ( 'NONE',  ( 10.05105758792065274, 13.38305909487751499, 10.05105758792067228 ) ) ;
#2330 = CARTESIAN_POINT ( 'NONE',  ( -13.72999999999997200, 6.398059094877518227, -1.054980265589085104E-14 ) ) ;
#2331 = CARTESIAN_POINT ( 'NONE',  ( 12.16713777302877020, 6.834092568918389787, -8.773871105951762672 ) ) ;
#2332 = EDGE_CURVE ( 'NONE', #1241, #6687, #3682, .T. ) ;
#2333 = ORIENTED_EDGE ( 'NONE', *, *, #5181, .T. ) ;
#2334 = ORIENTED_EDGE ( 'NONE', *, *, #6376, .T. ) ;
#2335 = CARTESIAN_POINT ( 'NONE',  ( 1.365549431678473091, 31.97735196368474320, 2.113734466743929286 ) ) ;
#2336 = CYLINDRICAL_SURFACE ( 'NONE', #1805, 0.2500000000000002220 ) ;
#2337 = CARTESIAN_POINT ( 'NONE',  ( -4.730355883845620113, 25.50000000000000000, 0.4525158605578398774 ) ) ;
#2338 = B_SPLINE_CURVE_WITH_KNOTS ( 'NONE', 3,
 ( #6971, #7455, #5867, #4633 ),
 .UNSPECIFIED., .F., .F.,
 ( 4, 4 ),
 ( 0.000000000000000000, 0.0004232331898996612271 ),
 .UNSPECIFIED. ) ;
#2339 = VECTOR ( 'NONE', #5607, 999.9999999999998863 ) ;
#2340 = DIRECTION ( 'NONE',  ( 0.5000000000000039968, 0.000000000000000000, 0.8660254037844363761 ) ) ;
#2341 = CARTESIAN_POINT ( 'NONE',  ( -3.678942412079296176, 3.758195445285811509, -13.72999999999997200 ) ) ;
#2342 = EDGE_CURVE ( 'NONE', #5797, #4428, #231, .T. ) ;
#2343 = EDGE_CURVE ( 'NONE', #1539, #5797, #6148, .T. ) ;
#2344 = FACE_OUTER_BOUND ( 'NONE', #5648, .T. ) ;
#2345 = EDGE_CURVE ( 'NONE', #5539, #3022, #2970, .T. ) ;
#2346 = EDGE_CURVE ( 'NONE', #6487, #919, #5436, .T. ) ;
#2347 = DIRECTION ( 'NONE',  ( 0.000000000000000000, 0.000000000000000000, -1.000000000000000000 ) ) ;
#2348 = ORIENTED_EDGE ( 'NONE', *, *, #3464, .T. ) ;
#2349 = DIRECTION ( 'NONE',  ( 0.000000000000000000, 0.000000000000000000, -1.000000000000000000 ) ) ;
#2350 = CARTESIAN_POINT ( 'NONE',  ( -9.933175777675684159, 5.544499231180392229, 9.933175777675661067 ) ) ;
#2351 = CARTESIAN_POINT ( 'NONE',  ( -14.90702954743871622, 9.005303785894581026, -3.994326528783094243 ) ) ;
#2352 = FACE_OUTER_BOUND ( 'NONE', #5972, .T. ) ;
#2353 = CARTESIAN_POINT ( 'NONE',  ( -10.91270301865562686, 11.52261742093541308, -10.91270301865563042 ) ) ;
#2354 = DIRECTION ( 'NONE',  ( 0.000000000000000000, -0.000000000000000000, 1.000000000000000000 ) ) ;
#2355 = VERTEX_POINT ( 'NONE', #4144 ) ;
#2356 = CARTESIAN_POINT ( 'NONE',  ( 0.8166806798522822097, 32.09355210119222335, 2.363416531684435107 ) ) ;
#2357 = EDGE_LOOP ( 'NONE', ( #3519 ) ) ;
#2358 = CARTESIAN_POINT ( 'NONE',  ( 1.067107390400492628, 32.00000000000000000, -1.096323574990379246 ) ) ;
#2359 = ORIENTED_EDGE ( 'NONE', *, *, #6558, .F. ) ;
#2360 = CARTESIAN_POINT ( 'NONE',  ( -3.883313546545823502, 25.24375365629835954, -0.5500000000000000444 ) ) ;
#2361 = CARTESIAN_POINT ( 'NONE',  ( 9.184850993605128223E-16, 2.519999999999999574, -14.99999999999996803 ) ) ;
#2362 = CARTESIAN_POINT ( 'NONE',  ( 0.1322024110593866264, 32.00000000000000000, 1.828981292338756059 ) ) ;
#2363 = DIRECTION ( 'NONE',  ( 0.000000000000000000, 0.000000000000000000, -1.000000000000000000 ) ) ;
#2364 = VERTEX_POINT ( 'NONE', #1308 ) ;
#2365 = DIRECTION ( 'NONE',  ( -0.9977753031397177397, 0.000000000000000000, 0.06666666666666670737 ) ) ;
#2366 = EDGE_CURVE ( 'NONE', #6487, #2204, #6450, .T. ) ;
#2367 = CARTESIAN_POINT ( 'NONE',  ( 6.737999999999995993, 4.264784856421688808, -11.67055834139906345 ) ) ;
#2368 = CARTESIAN_POINT ( 'NONE',  ( 1.605139167279069135, 31.81243608798292044, 1.668298437048846505 ) ) ;
#2369 = CARTESIAN_POINT ( 'NONE',  ( -11.89052879396032480, 6.821392428210851122, 6.864999999999974456 ) ) ;
#2370 = EDGE_CURVE ( 'NONE', #2703, #6725, #6504, .T. ) ;
#2371 = CARTESIAN_POINT ( 'NONE',  ( 14.17432599247980285, 6.601904966396762831, -4.963490437765612384 ) ) ;
#2372 = VERTEX_POINT ( 'NONE', #2482 ) ;
#2373 = ORIENTED_EDGE ( 'NONE', *, *, #7016, .T. ) ;
#2374 = DIRECTION ( 'NONE',  ( -0.4192507152599297404, 0.9077658602273547261, -0.01378335081641879518 ) ) ;
#2375 = CARTESIAN_POINT ( 'NONE',  ( -6.737999999999972012, 5.111451523088355486, -11.67055834139907411 ) ) ;
#2376 = CARTESIAN_POINT ( 'NONE',  ( 14.99999999999996803, 9.964587873496663306, 7.703719777548943412E-31 ) ) ;
#2377 = CARTESIAN_POINT ( 'NONE',  ( 14.99914427507023440, 4.488794093198700708, 0.1775340549872677087 ) ) ;
#2378 = DIRECTION ( 'NONE',  ( -0.000000000000000000, -1.000000000000000000, -0.000000000000000000 ) ) ;
#2379 = DIRECTION ( 'NONE',  ( 0.9832820049844610555, -0.1820892601823026480, 0.000000000000000000 ) ) ;
#2380 = VERTEX_POINT ( 'NONE', #4753 ) ;
#2381 = ADVANCED_FACE ( 'NONE', ( #6483 ), #1243, .F. ) ;
#2382 = CARTESIAN_POINT ( 'NONE',  ( -14.74599999999996491, 9.309940905122495280, -3.579536690155012338E-15 ) ) ;
#2383 = CARTESIAN_POINT ( 'NONE',  ( -6.784485226280622783, 5.756165897847057344, 11.75107311511843555 ) ) ;
#2384 = VECTOR ( 'NONE', #2643, 1000.000000000000227 ) ;
#2385 = CARTESIAN_POINT ( 'NONE',  ( 12.90986628304717065, 11.33363711922791417, 7.453514773719368769 ) ) ;
#2386 = DIRECTION ( 'NONE',  ( 0.000000000000000000, 0.000000000000000000, -1.000000000000000000 ) ) ;
#2387 = CARTESIAN_POINT ( 'NONE',  ( 14.90702954743871622, 9.405950754268744163, 3.994326528783101793 ) ) ;
#2388 = CARTESIAN_POINT ( 'NONE',  ( 13.46201889776295424, 13.85861643772358143, 2.699434606772421752 ) ) ;
#2389 = CIRCLE ( 'NONE', #5774, 0.2499999999999999722 ) ;
#2390 = ORIENTED_EDGE ( 'NONE', *, *, #2977, .T. ) ;
#2391 = CARTESIAN_POINT ( 'NONE',  ( 0.3586667192131142157, 32.00000000000000000, 2.221228980661134500 ) ) ;
#2392 = ORIENTED_EDGE ( 'NONE', *, *, #5449, .T. ) ;
#2393 = CARTESIAN_POINT ( 'NONE',  ( 1.020239620936805425, 31.79552231504558080, -1.167106859357387449 ) ) ;
#2394 = VECTOR ( 'NONE', #2945, 1000.000000000000000 ) ;
#2395 = CARTESIAN_POINT ( 'NONE',  ( -2.271993306461389306, 31.75000000000000000, 0.5500000000000003775 ) ) ;
#2396 = EDGE_LOOP ( 'NONE', ( #4977, #3483, #6996, #1732 ) ) ;
#2397 = SPHERICAL_SURFACE ( 'NONE', #2897, 0.2500000000000000000 ) ;
#2398 = CYLINDRICAL_SURFACE ( 'NONE', #6646, 0.2500000000000002220 ) ;
#2399 = EDGE_LOOP ( 'NONE', ( #2118, #4905, #2044, #6618 ) ) ;
#2400 = CARTESIAN_POINT ( 'NONE',  ( 2.869715088896974020, 24.05401628709796924, -3.786411544587013012 ) ) ;
#2401 = CARTESIAN_POINT ( 'NONE',  ( 0.7441183017411640011, 31.85936769608574792, 2.423780986307095819 ) ) ;
#2402 = CARTESIAN_POINT ( 'NONE',  ( -13.47599999999996356, 10.12480301707497610, -3.610883317201815323 ) ) ;
#2403 = DIRECTION ( 'NONE',  ( -0.000000000000000000, 0.000000000000000000, 1.000000000000000000 ) ) ;
#2404 = CIRCLE ( 'NONE', #6638, 0.2499999999999999445 ) ;
#2405 = CARTESIAN_POINT ( 'NONE',  ( -12.77041060420529739, 6.561313635040834313, -7.372999999999989562 ) ) ;
#2406 = AXIS2_PLACEMENT_3D ( 'NONE', #7323, #6728, #5138 ) ;
#2407 = TOROIDAL_SURFACE ( 'NONE', #502, 5.999999999999998224, 0.2500000000000000000 ) ;
#2408 = CARTESIAN_POINT ( 'NONE',  ( -0.9779974307477642403, 5.009560208583039298, 15.00451414108125725 ) ) ;
#2409 = ORIENTED_EDGE ( 'NONE', *, *, #5210, .F. ) ;
#2410 = ORIENTED_EDGE ( 'NONE', *, *, #472, .T. ) ;
#2411 = CARTESIAN_POINT ( 'NONE',  ( 0.8986919052607081904, 31.99650166089183756, 2.333873686783647372 ) ) ;
#2412 = CARTESIAN_POINT ( 'NONE',  ( 6.737999999999995993, 9.530725761544184493, -11.67055834139906345 ) ) ;
#2413 = AXIS2_PLACEMENT_3D ( 'NONE', #7033, #2302, #686 ) ;
#2414 = ORIENTED_EDGE ( 'NONE', *, *, #4892, .T. ) ;
#2415 = CARTESIAN_POINT ( 'NONE',  ( -4.714719616571213301, 25.44901150264950829, 0.5863346460775601399 ) ) ;
#2416 = AXIS2_PLACEMENT_3D ( 'NONE', #4484, #4126, #6431 ) ;
#2417 = CARTESIAN_POINT ( 'NONE',  ( 2.504802053199713274, 24.25000000000000000, 3.738444419044704592 ) ) ;
#2418 = CARTESIAN_POINT ( 'NONE',  ( 1.545998400347372126, 31.79513059880542514, 2.012295865942936857 ) ) ;
#2419 = ADVANCED_FACE ( 'NONE', ( #7318 ), #6608, .F. ) ;
#2420 = CIRCLE ( 'NONE', #4231, 0.2500000000000001665 ) ;
#2421 = ORIENTED_EDGE ( 'NONE', *, *, #2484, .T. ) ;
#2422 = CARTESIAN_POINT ( 'NONE',  ( 10.79482120841063342, 11.21494090512249642, 10.79482120841064230 ) ) ;
#2423 = CARTESIAN_POINT ( 'NONE',  ( 11.67055834139905812, 7.187195445285810891, 6.738000000000000433 ) ) ;
#2424 = CARTESIAN_POINT ( 'NONE',  ( -7.372999999999978016, 8.463274238455829490, -12.77041060420530449 ) ) ;
#2425 = CIRCLE ( 'NONE', #6895, 0.2499999999999999445 ) ;
#2426 = DIRECTION ( 'NONE',  ( -1.953992523340275196E-14, 0.000000000000000000, -1.000000000000000000 ) ) ;
#2427 = CARTESIAN_POINT ( 'NONE',  ( 7.453514773719363440, 5.384284087602081215, -12.90986628304717421 ) ) ;
#2428 = DIRECTION ( 'NONE',  ( -0.5000000000000039968, -0.000000000000000000, -0.8660254037844363761 ) ) ;
#2429 = EDGE_CURVE ( 'NONE', #681, #2727, #7204, .T. ) ;
#2430 = AXIS2_PLACEMENT_3D ( 'NONE', #3556, #1899, #5868 ) ;
#2431 = ORIENTED_EDGE ( 'NONE', *, *, #6779, .T. ) ;
#2432 = CARTESIAN_POINT ( 'NONE',  ( 14.70723730674942509, 11.25055938711616932, 2.949096607938945347 ) ) ;
#2433 = VERTEX_POINT ( 'NONE', #972 ) ;
#2434 = CARTESIAN_POINT ( 'NONE',  ( 0.3985185769034600978, 32.25000000000000000, 2.468032200734593840 ) ) ;
#2435 = CARTESIAN_POINT ( 'NONE',  ( -2.260317628749966890, 31.78152431302687475, 0.5499999999999999334 ) ) ;
#2436 = CARTESIAN_POINT ( 'NONE',  ( 1.985186810928995182, 24.00000000000000000, -4.038444419044734168 ) ) ;
#2437 = CARTESIAN_POINT ( 'NONE',  ( -12.99038105676655519, 4.213333333333332931, 7.499999999999979572 ) ) ;
#2438 = CARTESIAN_POINT ( 'NONE',  ( 0.2598076211353308462, 25.00000000000000000, -0.1500000000000012157 ) ) ;
#2439 = FACE_OUTER_BOUND ( 'NONE', #2973, .T. ) ;
#2440 = B_SPLINE_CURVE_WITH_KNOTS ( 'NONE', 3,
 ( #7115, #4286, #3668, #6631, #5384, #2618 ),
 .UNSPECIFIED., .F., .F.,
 ( 4, 2, 4 ),
 ( 0.000000000000000000, 0.0002762685011671141885, 0.0005525370023342283769 ),
 .UNSPECIFIED. ) ;
#2441 = CARTESIAN_POINT ( 'NONE',  ( -11.67055834139906167, 5.534784856421689270, -6.737999999999998657 ) ) ;
#2442 = ADVANCED_FACE ( 'NONE', ( #2671 ), #4901, .F. ) ;
#2443 = EDGE_CURVE ( 'NONE', #2627, #3187, #3489, .T. ) ;
#2444 = ORIENTED_EDGE ( 'NONE', *, *, #806, .T. ) ;
#2445 = EDGE_CURVE ( 'NONE', #2903, #6970, #1443, .T. ) ;
#2446 = CARTESIAN_POINT ( 'NONE',  ( 2.759115386661445957, 24.00000003474439225, -3.868978776517831619 ) ) ;
#2447 = CARTESIAN_POINT ( 'NONE',  ( 1.985186810929051582, 24.00000000000000000, 4.038444419044706635 ) ) ;
#2448 = EDGE_CURVE ( 'NONE', #2571, #1240, #1503, .T. ) ;
#2449 = CARTESIAN_POINT ( 'NONE',  ( 13.21297536001013384, 13.41867553260109425, 2.649501488160402207 ) ) ;
#2450 = CARTESIAN_POINT ( 'NONE',  ( -1.482997761648446211, 32.00000000000000000, -0.3000000000000000444 ) ) ;
#2451 = CARTESIAN_POINT ( 'NONE',  ( 14.74599999999996491, 4.656313635040834065, -3.951178791589324391 ) ) ;
#2452 = CARTESIAN_POINT ( 'NONE',  ( 0.2619014017442746756, 7.586180100040940566, -14.99814212650382395 ) ) ;
#2453 = ORIENTED_EDGE ( 'NONE', *, *, #5020, .T. ) ;
#2454 = CYLINDRICAL_SURFACE ( 'NONE', #1180, 0.2499999999999998890 ) ;
#2455 = CARTESIAN_POINT ( 'NONE',  ( -13.47599999999997777, 6.355725761544184671, 3.610883317201784237 ) ) ;
#2456 = CARTESIAN_POINT ( 'NONE',  ( -4.019237886466831000, 11.44625454016333066, -14.99999999999996625 ) ) ;
#2457 = LINE ( 'NONE', #5820, #1456 ) ;
#2458 = CARTESIAN_POINT ( 'NONE',  ( 1.967946368323482575, 25.41533853840699919, -3.158577746139626719 ) ) ;
#2459 =( BOUNDED_SURFACE ( )  B_SPLINE_SURFACE ( 3, 2, ( 
 ( #5405, #244, #5447 ),
 ( #2530, #4834, #4273 ),
 ( #6048, #6574, #1394 ),
 ( #3693, #5484, #322 ) ),
 .UNSPECIFIED., .F., .F., .T. ) 
 B_SPLINE_SURFACE_WITH_KNOTS ( ( 4, 4 ),
 ( 3, 3 ),
 ( 0.0006906842948469143562, 0.0007930875708507146172 ),
 ( 0.000000000000000000, 1.000000000000000000 ),
 .UNSPECIFIED. ) 
 GEOMETRIC_REPRESENTATION_ITEM ( )  RATIONAL_B_SPLINE_SURFACE ( (
 ( 1.000000000000000000, 0.7556112545566556760, 1.000000000000000000),
 ( 1.000000000000000000, 0.7451739989913289675, 1.000000000000000000),
 ( 1.000000000000000000, 0.7365806173060779338, 1.000000000000000000),
 ( 1.000000000000000000, 0.7314725590611529382, 1.000000000000000000) ) ) 
 REPRESENTATION_ITEM ( '' )  SURFACE ( )  );
#2460 = CARTESIAN_POINT ( 'NONE',  ( 0.9715546941213519805, 2.467627441115371134, -14.96899067347044365 ) ) ;
#2461 = ORIENTED_EDGE ( 'NONE', *, *, #4282, .F. ) ;
#2462 = CARTESIAN_POINT ( 'NONE',  ( 12.77041060420529561, 11.42660757178916064, 7.372999999999991338 ) ) ;
#2463 = CARTESIAN_POINT ( 'NONE',  ( -11.67055834139907589, 10.57386211195247760, 6.737999999999972012 ) ) ;
#2464 = CARTESIAN_POINT ( 'NONE',  ( -3.994326528783085806, 8.158637119227915235, -14.90702954743871800 ) ) ;
#2465 = DIRECTION ( 'NONE',  ( 0.09104463009115214278, -0.9832820049844601673, -0.1576939250741931364 ) ) ;
#2466 = CARTESIAN_POINT ( 'NONE',  ( -4.019237886466842546, 8.296980301707499450, 14.99999999999996270 ) ) ;
#2467 = CARTESIAN_POINT ( 'NONE',  ( -2.467603856215925706, 32.00789221972461718, 0.4022964223221216495 ) ) ;
#2468 = ORIENTED_EDGE ( 'NONE', *, *, #1653, .T. ) ;
#2469 = CARTESIAN_POINT ( 'NONE',  ( 0.5974360651977796977, 31.88631336310443487, 2.215653998953374337 ) ) ;
#2470 = VERTEX_POINT ( 'NONE', #6075 ) ;
#2471 = CARTESIAN_POINT ( 'NONE',  ( -3.742156898118449426, 25.25000000000000355, -0.2278505721798920192 ) ) ;
#2472 = FACE_OUTER_BOUND ( 'NONE', #3854, .T. ) ;
#2473 = CARTESIAN_POINT ( 'NONE',  ( -3.689820984012683880, 25.45486940119457842, 0.3327259559394492583 ) ) ;
#2474 = CARTESIAN_POINT ( 'NONE',  ( -4.019237886466830112, 7.811666666666664760, -14.99999999999996625 ) ) ;
#2475 = CARTESIAN_POINT ( 'NONE',  ( -14.74599999999996847, 4.441607571789161213, 3.951178791589316841 ) ) ;
#2476 = CYLINDRICAL_SURFACE ( 'NONE', #1326, 5.750000000000000000 ) ;
#2477 = CARTESIAN_POINT ( 'NONE',  ( 11.67055834139907411, 3.841451523088355469, -6.737999999999973788 ) ) ;
#2478 = ORIENTED_EDGE ( 'NONE', *, *, #147, .F. ) ;
#2479 = CARTESIAN_POINT ( 'NONE',  ( 0.000000000000000000, 32.00000000000000000, 0.000000000000000000 ) ) ;
#2480 = CARTESIAN_POINT ( 'NONE',  ( -2.217530681689084737, 31.88631336310442776, -0.5904321898784081757 ) ) ;
#2481 = CARTESIAN_POINT ( 'NONE',  ( 1.759817187612448430, 25.45434881312936781, 3.278832537574484896 ) ) ;
#2482 = CARTESIAN_POINT ( 'NONE',  ( 13.21297645056471026, 13.41867553260109425, 2.649496049589595614 ) ) ;
#2483 = EDGE_CURVE ( 'NONE', #6949, #6912, #2132, .T. ) ;
#2484 = EDGE_CURVE ( 'NONE', #7316, #5383, #25, .T. ) ;
#2485 = CARTESIAN_POINT ( 'NONE',  ( 2.643957722821917766, 25.25000000000000000, 3.946135775658295763 ) ) ;
#2486 = CARTESIAN_POINT ( 'NONE',  ( -12.01973311878496986, 8.346883143952332773, -9.063579792648274847 ) ) ;
#2487 = ORIENTED_EDGE ( 'NONE', *, *, #5735, .F. ) ;
#2488 = DIRECTION ( 'NONE',  ( 0.1820892601823072832, 0.9832820049844601673, -0.000000000000000000 ) ) ;
#2489 = CARTESIAN_POINT ( 'NONE',  ( 9.865116682798173997, 4.239059094877518419, -9.865116682798158010 ) ) ;
#2490 = CARTESIAN_POINT ( 'NONE',  ( 1.737845010466826823, 25.06699722633505800, 4.110035853810127371 ) ) ;
#2491 = CARTESIAN_POINT ( 'NONE',  ( 0.000000000000000000, 30.25000000000000000, 0.000000000000000000 ) ) ;
#2492 = CARTESIAN_POINT ( 'NONE',  ( 2.071219159515381492, 25.41533853840699919, -3.088147643182777013 ) ) ;
#2493 = CARTESIAN_POINT ( 'NONE',  ( -2.515698540010676165, 31.79513059880542514, -0.3327259559394477040 ) ) ;
#2494 = ADVANCED_FACE ( 'NONE', ( #2560 ), #13, .F. ) ;
#2495 = ORIENTED_EDGE ( 'NONE', *, *, #5848, .F. ) ;
#2496 = FACE_OUTER_BOUND ( 'NONE', #2357, .T. ) ;
#2497 = CARTESIAN_POINT ( 'NONE',  ( 1.146720213405935462E-14, 3.986469683741640679, -13.47599999999996889 ) ) ;
#2498 = CARTESIAN_POINT ( 'NONE',  ( 0.4816912596888778264, 32.00000000000000000, -1.434313735343018648 ) ) ;
#2499 = CARTESIAN_POINT ( 'NONE',  ( -14.99999999999996803, 7.424587873496662382, -1.836970198721026433E-15 ) ) ;
#2500 =( BOUNDED_CURVE ( )  B_SPLINE_CURVE ( 3, ( #6549, #1374, #6507, #4807 ),
 .UNSPECIFIED., .F., .T. ) 
 B_SPLINE_CURVE_WITH_KNOTS ( ( 4, 4 ),
 ( 0.000000000000000000, 1.000000000000000000 ),
 .UNSPECIFIED. ) 
 CURVE ( )  GEOMETRIC_REPRESENTATION_ITEM ( )  RATIONAL_B_SPLINE_CURVE ( ( 1.000000000000000000, 0.9106836025229579912, 0.9106836025229579912, 1.000000000000000000 ) ) 
 REPRESENTATION_ITEM ( '' )  );
#2501 = CARTESIAN_POINT ( 'NONE',  ( 11.89052879396032303, 4.281392428210851087, -6.864999999999977121 ) ) ;
#2502 = ORIENTED_EDGE ( 'NONE', *, *, #101, .F. ) ;
#2503 = CARTESIAN_POINT ( 'NONE',  ( 2.065839666956903908, 25.25000000000000000, -3.377538830883080490 ) ) ;
#2504 = EDGE_LOOP ( 'NONE', ( #5002, #7287, #5048, #5990 ) ) ;
#2505 = CARTESIAN_POINT ( 'NONE',  ( 0.000000000000000000, 24.04289321881345387, 0.000000000000000000 ) ) ;
#2506 = CARTESIAN_POINT ( 'NONE',  ( -4.489988864128728885, 25.25000000000000000, -0.2999999999999999889 ) ) ;
#2507 = CARTESIAN_POINT ( 'NONE',  ( 2.643957722821918210, 24.00000000000000000, 3.946135775658299760 ) ) ;
#2508 = CARTESIAN_POINT ( 'NONE',  ( 13.23624106636421871, 13.59589135951517314, 2.654161123192550598 ) ) ;
#2509 = CARTESIAN_POINT ( 'NONE',  ( -13.72999999999997200, 4.816528778619145079, -1.054980265589085262E-14 ) ) ;
#2510 = CARTESIAN_POINT ( 'NONE',  ( 2.133059622348338014, 25.45486940119457842, -3.029115729602175122 ) ) ;
#2511 = CARTESIAN_POINT ( 'NONE',  ( 1.130345555265906743, 31.99999984905078776, 2.248289356130739769 ) ) ;
#2512 = B_SPLINE_CURVE_WITH_KNOTS ( 'NONE', 3,
 ( #2162, #3898, #5610, #4481, #6851, #1039 ),
 .UNSPECIFIED., .F., .F.,
 ( 4, 2, 4 ),
 ( 0.000000000000000000, 0.0001996580279853904722, 0.0003993160559707809444 ),
 .UNSPECIFIED. ) ;
#2513 = CARTESIAN_POINT ( 'NONE',  ( 1.720058617860043215, 31.78990666390663122, 1.879228918130269266 ) ) ;
#2514 = CONICAL_SURFACE ( 'NONE', #5646, 1.269999999999996909, 1.047197551196603627 ) ;
#2515 = ORIENTED_EDGE ( 'NONE', *, *, #6943, .F. ) ;
#2516 = CARTESIAN_POINT ( 'NONE',  ( -2.131062432313102217, 31.99999999999999289, 0.7630818327711519355 ) ) ;
#2517 = LINE ( 'NONE', #1949, #6993 ) ;
#2518 = CARTESIAN_POINT ( 'NONE',  ( 2.092723039089262382, 25.25000000000000000, 3.371280843316086351 ) ) ;
#2519 = CARTESIAN_POINT ( 'NONE',  ( 1.584592631793871220, 32.00000000000000000, 1.144594947566251575 ) ) ;
#2520 = AXIS2_PLACEMENT_3D ( 'NONE', #5753, #4549, #587 ) ;
#2521 = EDGE_CURVE ( 'NONE', #1082, #2156, #2040, .T. ) ;
#2522 = CARTESIAN_POINT ( 'NONE',  ( 2.690472962858640127, 25.06576898630443395, 3.560035868061496966 ) ) ;
#2523 = VECTOR ( 'NONE', #5675, 1000.000000000000227 ) ;
#2524 = CARTESIAN_POINT ( 'NONE',  ( -14.75226991133360066, 8.723478587892289582, -2.716752068746421944 ) ) ;
#2525 = VERTEX_POINT ( 'NONE', #4490 ) ;
#2526 = CYLINDRICAL_SURFACE ( 'NONE', #4321, 13.00000000000000000 ) ;
#2527 = CARTESIAN_POINT ( 'NONE',  ( 13.47599999999996889, 3.604059094877518188, 1.064203512079386756E-14 ) ) ;
#2528 = CARTESIAN_POINT ( 'NONE',  ( -12.77041060420529739, 11.64131363504083438, -7.372999999999989562 ) ) ;
#2529 = CARTESIAN_POINT ( 'NONE',  ( 2.840078285243442302, 25.04983612824416994, -3.819159900815444875 ) ) ;
#2530 = CARTESIAN_POINT ( 'NONE',  ( 0.6070147477497532806, 31.87212313210239500, 2.213784694864000535 ) ) ;
#2531 = CARTESIAN_POINT ( 'NONE',  ( 6.864999999999968239, 11.58986211195247762, 11.89052879396032836 ) ) ;
#2532 = AXIS2_PLACEMENT_3D ( 'NONE', #1351, #2403, #5879 ) ;
#2533 = EDGE_CURVE ( 'NONE', #2016, #3178, #6770, .T. ) ;
#2534 = CIRCLE ( 'NONE', #5677, 15.24999999999996803 ) ;
#2535 = CARTESIAN_POINT ( 'NONE',  ( -2.490918979743255157, 31.91991452239902216, -0.3458816143486129757 ) ) ;
#2536 = ORIENTED_EDGE ( 'NONE', *, *, #240, .T. ) ;
#2537 = AXIS2_PLACEMENT_3D ( 'NONE', #4728, #1960, #6575 ) ;
#2538 = DIRECTION ( 'NONE',  ( 0.000000000000000000, 1.000000000000000000, 0.000000000000000000 ) ) ;
#2539 = CARTESIAN_POINT ( 'NONE',  ( -9.865116682798158010, 4.435528778619144852, -9.865116682798173997 ) ) ;
#2540 = AXIS2_PLACEMENT_3D ( 'NONE', #807, #1400, #6122 ) ;
#2541 = CARTESIAN_POINT ( 'NONE',  ( -3.446115750463394800, 25.40973880238915683, 0.5500000000000000444 ) ) ;
#2542 = CARTESIAN_POINT ( 'NONE',  ( 14.99999999999996803, 9.778646968374168580, 7.703719777548943412E-31 ) ) ;
#2543 = AXIS2_PLACEMENT_3D ( 'NONE', #2927, #4669, #1678 ) ;
#2544 = CARTESIAN_POINT ( 'NONE',  ( 1.605857500220775780, 24.36843829788319127, -4.470315614023829376 ) ) ;
#2545 = ORIENTED_EDGE ( 'NONE', *, *, #3626, .T. ) ;
#2546 = DIRECTION ( 'NONE',  ( 1.000000000000000000, -0.000000000000000000, -0.000000000000000000 ) ) ;
#2547 = ORIENTED_EDGE ( 'NONE', *, *, #2343, .T. ) ;
#2548 = VERTEX_POINT ( 'NONE', #4849 ) ;
#2549 = LINE ( 'NONE', #5571, #3387 ) ;
#2550 = CIRCLE ( 'NONE', #6527, 5.000000000000000000 ) ;
#2551 =( BOUNDED_SURFACE ( )  B_SPLINE_SURFACE ( 3, 2, ( 
 ( #2722, #3995, #5146 ),
 ( #6775, #6810, #7371 ),
 ( #1136, #5744, #23 ),
 ( #4431, #5600, #5074 ) ),
 .UNSPECIFIED., .F., .F., .T. ) 
 B_SPLINE_SURFACE_WITH_KNOTS ( ( 4, 4 ),
 ( 3, 3 ),
 ( 1.084202172485504434E-19, 0.0003665512004500840566 ),
 ( 0.000000000000000000, 1.000000000000000000 ),
 .UNSPECIFIED. ) 
 GEOMETRIC_REPRESENTATION_ITEM ( )  RATIONAL_B_SPLINE_SURFACE ( (
 ( 1.000000000000000000, 0.7687942703292981461, 1.000000000000000000),
 ( 1.000000000000000000, 0.7687940678965428098, 1.000000000000000000),
 ( 1.000000000000000000, 0.7686200530945959120, 1.000000000000000000),
 ( 1.000000000000000000, 0.7682784840441196916, 1.000000000000000000) ) ) 
 REPRESENTATION_ITEM ( '' )  SURFACE ( )  );
#2552 = CARTESIAN_POINT ( 'NONE',  ( -1.520863999602968031, 31.79552231504558080, 0.2999999999999996003 ) ) ;
#2553 = CARTESIAN_POINT ( 'NONE',  ( -3.951178791589339934, 10.36827423845582707, 14.74599999999996136 ) ) ;
#2554 = PLANE ( 'NONE',  #741 ) ;
#2555 = ORIENTED_EDGE ( 'NONE', *, *, #7379, .T. ) ;
#2556 = CARTESIAN_POINT ( 'NONE',  ( 0.000000000000000000, 24.04289321881345387, 0.000000000000000000 ) ) ;
#2557 = CARTESIAN_POINT ( 'NONE',  ( -2.467478083370805209, 32.00830587854271414, -0.4024835397524635372 ) ) ;
#2558 = CARTESIAN_POINT ( 'NONE',  ( 3.678942412079291735, 6.298195445285810656, 13.72999999999997556 ) ) ;
#2559 = CARTESIAN_POINT ( 'NONE',  ( -13.47599999999996356, 5.044803017074974250, -3.610883317201815323 ) ) ;
#2560 = FACE_OUTER_BOUND ( 'NONE', #5815, .T. ) ;
#2561 = CARTESIAN_POINT ( 'NONE',  ( 2.643957722821919543, 25.50000000000000355, 3.946135775658298872 ) ) ;
#2562 = CARTESIAN_POINT ( 'NONE',  ( -14.83378894555585603, 8.750382869084933901, -2.226817407927236925 ) ) ;
#2563 = VERTEX_POINT ( 'NONE', #1079 ) ;
#2564 = CARTESIAN_POINT ( 'NONE',  ( 2.386275859237598773, 25.25740340517642224, -3.033151029074641070 ) ) ;
#2565 = CARTESIAN_POINT ( 'NONE',  ( -3.610883317201821541, 7.202392428210850461, 13.47599999999996179 ) ) ;
#2566 = CARTESIAN_POINT ( 'NONE',  ( -10.79482120841063519, 11.42964696837416660, -10.79482120841064052 ) ) ;
#2567 = CARTESIAN_POINT ( 'NONE',  ( 0.000000000000000000, 14.50000000000000000, 0.000000000000000000 ) ) ;
#2568 = CARTESIAN_POINT ( 'NONE',  ( 1.493812680427776929, 31.97753697560014885, -2.014803894850906829 ) ) ;
#2569 = CARTESIAN_POINT ( 'NONE',  ( -2.217530681689084737, 32.02262672620886264, -0.3808643797568156963 ) ) ;
#2570 = CARTESIAN_POINT ( 'NONE',  ( 9.388029956593539893, 1.977963739043655744, -11.85759554039546693 ) ) ;
#2571 = VERTEX_POINT ( 'NONE', #47 ) ;
#2572 = FACE_OUTER_BOUND ( 'NONE', #1003, .T. ) ;
#2573 = CARTESIAN_POINT ( 'NONE',  ( 9.865116682798173997, 8.245528778619146237, -9.865116682798158010 ) ) ;
#2574 = EDGE_CURVE ( 'NONE', #260, #6496, #298, .T. ) ;
#2575 = CARTESIAN_POINT ( 'NONE',  ( 1.935405445498266541, 24.25000000000000000, 2.252220564848448348 ) ) ;
#2576 = CARTESIAN_POINT ( 'NONE',  ( -14.99999999999996980, 7.636254540163329274, 4.019237886466825671 ) ) ;
#2577 = EDGE_CURVE ( 'NONE', #6398, #7456, #6576, .T. ) ;
#2578 = CARTESIAN_POINT ( 'NONE',  ( 6.864999999999994884, 4.704725761544183982, -11.89052879396031237 ) ) ;
#2579 = ADVANCED_FACE ( 'NONE', ( #4636 ), #5050, .T. ) ;
#2580 = ORIENTED_EDGE ( 'NONE', *, *, #5113, .T. ) ;
#2581 = CARTESIAN_POINT ( 'NONE',  ( 0.8761890320953719113, 31.75000000000000000, 2.117603920623761127 ) ) ;
#2582 = ORIENTED_EDGE ( 'NONE', *, *, #1191, .T. ) ;
#2583 = VERTEX_POINT ( 'NONE', #7193 ) ;
#2584 = DIRECTION ( 'NONE',  ( 0.000000000000000000, 0.000000000000000000, -1.000000000000000000 ) ) ;
#2585 = CARTESIAN_POINT ( 'NONE',  ( -1.716263311514149903, 32.00000000000000000, 0.5616598289519686427 ) ) ;
#2586 = CARTESIAN_POINT ( 'NONE',  ( -14.99999999999996803, 8.869999999999999218, -1.836970198721025645E-15 ) ) ;
#2587 = CARTESIAN_POINT ( 'NONE',  ( 10.79482120841064230, 7.404940905122496808, -10.79482120841063875 ) ) ;
#2588 = FACE_OUTER_BOUND ( 'NONE', #16, .T. ) ;
#2589 = CARTESIAN_POINT ( 'NONE',  ( 1.720754082786148054, 31.82622343603141957, 1.870273989530883307 ) ) ;
#2590 = ORIENTED_EDGE ( 'NONE', *, *, #6495, .F. ) ;
#2591 = CARTESIAN_POINT ( 'NONE',  ( -2.102974084481309625, 32.00000000000000000, 0.8000000000000000444 ) ) ;
#2592 = DIRECTION ( 'NONE',  ( 0.7752477178969835458, 0.000000000000000000, 0.6316573247382785139 ) ) ;
#2593 = CARTESIAN_POINT ( 'NONE',  ( -1.139052268350551155E-14, 6.086528778619144653, 13.72999999999997200 ) ) ;
#2594 = CARTESIAN_POINT ( 'NONE',  ( 2.286715601564261124, 25.25000000000000000, 3.221132644011650559 ) ) ;
#2595 = CARTESIAN_POINT ( 'NONE',  ( 0.7430608677442562815, 31.75000000000000000, -2.387019176049315128 ) ) ;
#2596 = EDGE_CURVE ( 'NONE', #996, #6040, #6825, .T. ) ;
#2597 = CARTESIAN_POINT ( 'NONE',  ( -5.750000000000002665, 25.00000000000000000, -0.3000000000000000444 ) ) ;
#2598 = CARTESIAN_POINT ( 'NONE',  ( -2.238935894236039559, 7.719672212487536989, -14.84187276124802324 ) ) ;
#2599 = ORIENTED_EDGE ( 'NONE', *, *, #382, .T. ) ;
#2600 = EDGE_CURVE ( 'NONE', #6215, #5329, #1201, .T. ) ;
#2601 = CARTESIAN_POINT ( 'NONE',  ( -3.635794674885532096, 10.32675530898293736, -13.56897045256122070 ) ) ;
#2602 = FACE_OUTER_BOUND ( 'NONE', #4695, .T. ) ;
#2603 = DIRECTION ( 'NONE',  ( -0.000000000000000000, -1.000000000000000000, -0.000000000000000000 ) ) ;
#2604 = CARTESIAN_POINT ( 'NONE',  ( 1.602951461080260653, 31.97774562739781601, -1.923763937578462979 ) ) ;
#2605 = CARTESIAN_POINT ( 'NONE',  ( -2.487656245580277314, 32.02284145127236314, 0.2858429254642296802 ) ) ;
#2606 = B_SPLINE_CURVE_WITH_KNOTS ( 'NONE', 3,
 ( #5535, #3861, #374, #5085, #960, #7311 ),
 .UNSPECIFIED., .F., .F.,
 ( 4, 2, 4 ),
 ( 0.000000000000000000, 0.0004060167135378138330, 0.0008120334270756276659 ),
 .UNSPECIFIED. ) ;
#2607 = CARTESIAN_POINT ( 'NONE',  ( 13.92879571769470815, 1.558288601824471931, -5.566879107503035051 ) ) ;
#2608 = ORIENTED_EDGE ( 'NONE', *, *, #4478, .F. ) ;
#2609 = DIRECTION ( 'NONE',  ( -1.000000000000000000, 0.000000000000000000, 0.000000000000000000 ) ) ;
#2610 = CARTESIAN_POINT ( 'NONE',  ( -13.47599999999996356, 10.12480301707497610, -3.610883317201815323 ) ) ;
#2611 =( BOUNDED_SURFACE ( )  B_SPLINE_SURFACE ( 3, 2, ( 
 ( #5114, #3468, #1063 ),
 ( #7441, #7337, #4579 ),
 ( #6882, #3922, #5077 ),
 ( #6236, #581, #1705 ),
 ( #4620, #3358, #6309 ),
 ( #1138, #3432, #5747 ) ),
 .UNSPECIFIED., .F., .F., .T. ) 
 B_SPLINE_SURFACE_WITH_KNOTS ( ( 4, 2, 4 ),
 ( 3, 3 ),
 ( 0.0001962040697717508028, 0.0004506371868516359860, 0.0007050703039315211421 ),
 ( 0.000000000000000000, 1.000000000000000000 ),
 .UNSPECIFIED. ) 
 GEOMETRIC_REPRESENTATION_ITEM ( )  RATIONAL_B_SPLINE_SURFACE ( (
 ( 1.000000000000000000, 0.7071067811865475727, 1.000000000000000000),
 ( 1.000000000000000000, 0.7272618525990662830, 1.000000000000000000),
 ( 1.000000000000000000, 0.7404978363822405374, 1.000000000000000000),
 ( 1.000000000000000000, 0.7548269348957623581, 1.000000000000000000),
 ( 1.000000000000000000, 0.7562122370880356437, 1.000000000000000000),
 ( 1.000000000000000000, 0.7556112545594110275, 1.000000000000000000) ) ) 
 REPRESENTATION_ITEM ( '' )  SURFACE ( )  );
#2612 = FACE_OUTER_BOUND ( 'NONE', #2701, .T. ) ;
#2613 = CARTESIAN_POINT ( 'NONE',  ( -14.99999999999996803, 12.31864696837416950, -1.836970198721026433E-15 ) ) ;
#2614 = CARTESIAN_POINT ( 'NONE',  ( 13.72999999999997200, 4.069725761544183307, -3.678942412079297952 ) ) ;
#2615 = ADVANCED_FACE ( 'NONE', ( #6289, #490, #2210, #3938, #5727 ), #563, .F. ) ;
#2616 = CARTESIAN_POINT ( 'NONE',  ( 2.133059622348338014, 25.45486940119457842, -3.029115729602175122 ) ) ;
#2617 = ORIENTED_EDGE ( 'NONE', *, *, #6522, .T. ) ;
#2618 = CARTESIAN_POINT ( 'NONE',  ( 1.938119294742457699, 32.25000000000000000, 1.579143311845697673 ) ) ;
#2619 = DIRECTION ( 'NONE',  ( -0.4999999999999919509, -0.000000000000000000, 0.8660254037844432595 ) ) ;
#2620 = B_SPLINE_CURVE_WITH_KNOTS ( 'NONE', 3,
 ( #7053, #4713, #3004, #83, #640, #4750 ),
 .UNSPECIFIED., .F., .F.,
 ( 4, 2, 4 ),
 ( 0.000000000000000000, 0.0003518349666765781735, 0.0007036699333531563471 ),
 .UNSPECIFIED. ) ;
#2621 = CARTESIAN_POINT ( 'NONE',  ( 7.372999999999986009, 2.536607571789162296, -12.77041060420529917 ) ) ;
#2622 = CARTESIAN_POINT ( 'NONE',  ( -4.465951072282419609, 25.22306038488437707, -0.4301386800860970139 ) ) ;
#2623 = MANIFOLD_SOLID_BREP ( 'Revolve4', #5897 ) ;
#2624 = CARTESIAN_POINT ( 'NONE',  ( -3.126137210125222499, 24.50000000000000000, -0.3000000000000000444 ) ) ;
#2625 = ORIENTED_EDGE ( 'NONE', *, *, #1745, .T. ) ;
#2626 = CARTESIAN_POINT ( 'NONE',  ( 0.000000000000000000, 17.25000000000000000, 0.000000000000000000 ) ) ;
#2627 = VERTEX_POINT ( 'NONE', #2242 ) ;
#2628 = CARTESIAN_POINT ( 'NONE',  ( 1.985186810929051582, 25.25000000000000000, 4.038444419044706635 ) ) ;
#2629 = CARTESIAN_POINT ( 'NONE',  ( -6.737999999999972012, 9.489803017074974534, -11.67055834139907411 ) ) ;
#2630 = VECTOR ( 'NONE', #7444, 1000.000000000000000 ) ;
#2631 = UNCERTAINTY_MEASURE_WITH_UNIT (LENGTH_MEASURE( 1.000000000000000082E-05 ), #5163, 'distance_accuracy_value', 'NONE');
#2632 = CARTESIAN_POINT ( 'NONE',  ( 3.802881333897679017, 10.34701500098043958, 14.55951421190237838 ) ) ;
#2633 = EDGE_LOOP ( 'NONE', ( #76 ) ) ;
#2634 = CARTESIAN_POINT ( 'NONE',  ( 14.99999999999996803, 2.716469683741635777, 0.000000000000000000 ) ) ;
#2635 = CARTESIAN_POINT ( 'NONE',  ( 12.86580055231012665, 13.63154846947248977, 4.853720668473577859 ) ) ;
#2636 = CARTESIAN_POINT ( 'NONE',  ( 12.77041060420529561, 14.18131363504083353, 7.372999999999991338 ) ) ;
#2637 = CARTESIAN_POINT ( 'NONE',  ( 1.737865399178722514, 31.88938372160084711, -1.837801432196519480 ) ) ;
#2638 = CARTESIAN_POINT ( 'NONE',  ( 14.70728635154266151, 14.79588518092435478, 2.948852598250527812 ) ) ;
#2639 = CARTESIAN_POINT ( 'NONE',  ( 13.47599999999996889, 3.418118189755022129, 0.000000000000000000 ) ) ;
#2640 = VECTOR ( 'NONE', #4962, 1000.000000000000000 ) ;
#2641 = CARTESIAN_POINT ( 'NONE',  ( -0.01179034085150940797, 2.520622787069734194, -14.99999630665366901 ) ) ;
#2642 = VERTEX_POINT ( 'NONE', #4555 ) ;
#2643 = DIRECTION ( 'NONE',  ( -0.09104463009115214278, 0.9832820049844601673, 0.1576939250741931364 ) ) ;
#2644 = CARTESIAN_POINT ( 'NONE',  ( -13.47599999999996889, 10.33646968374164032, -1.229236914732483852E-14 ) ) ;
#2645 = AXIS2_PLACEMENT_3D ( 'NONE', #6561, #1271, #6030 ) ;
#2646 = AXIS2_PLACEMENT_3D ( 'NONE', #7130, #5845, #5362 ) ;
#2647 = DIRECTION ( 'NONE',  ( 0.000000000000000000, 0.000000000000000000, 1.000000000000000000 ) ) ;
#2648 = EDGE_CURVE ( 'NONE', #4187, #1591, #1162, .T. ) ;
#2649 = CARTESIAN_POINT ( 'NONE',  ( 13.46201889776295424, 13.85861643772358143, 2.699434606772421752 ) ) ;
#2650 = CARTESIAN_POINT ( 'NONE',  ( -13.72999999999997200, 6.398059094877518227, -1.054980265589084946E-14 ) ) ;
#2651 = ORIENTED_EDGE ( 'NONE', *, *, #5438, .F. ) ;
#2652 = VECTOR ( 'NONE', #552, 1000.000000000000000 ) ;
#2653 = AXIS2_PLACEMENT_3D ( 'NONE', #6210, #3293, #1713 ) ;
#2654 = DIRECTION ( 'NONE',  ( -0.000000000000000000, -1.000000000000000000, -0.000000000000000000 ) ) ;
#2655 =( BOUNDED_CURVE ( )  B_SPLINE_CURVE ( 3, ( #5955, #6678, #2091, #6025 ),
 .UNSPECIFIED., .F., .T. ) 
 B_SPLINE_CURVE_WITH_KNOTS ( ( 4, 4 ),
 ( 1.570796326794895670, 3.141592653589793116 ),
 .UNSPECIFIED. ) 
 CURVE ( )  GEOMETRIC_REPRESENTATION_ITEM ( )  RATIONAL_B_SPLINE_CURVE ( ( 1.000000000000000000, 0.8047378541243648264, 0.8047378541243648264, 1.000000000000000000 ) ) 
 REPRESENTATION_ITEM ( '' )  );
#2656 = EDGE_LOOP ( 'NONE', ( #5130, #2239, #4045, #1406 ) ) ;
#2657 = CARTESIAN_POINT ( 'NONE',  ( 0.000000000000000000, 16.00000000000000711, -15.99999999999993783 ) ) ;
#2658 = CARTESIAN_POINT ( 'NONE',  ( 1.381087924271329870, 25.32899362095061235, -3.492114454558093772 ) ) ;
#2659 = CARTESIAN_POINT ( 'NONE',  ( -10.98076211353313347, 8.234999999999999432, -10.98076211353313525 ) ) ;
#2660 = DIRECTION ( 'NONE',  ( 0.000000000000000000, -0.1583515888048810938, 0.9873827901695320097 ) ) ;
#2661 = CIRCLE ( 'NONE', #7248, 13.00000000000000000 ) ;
#2662 = CARTESIAN_POINT ( 'NONE',  ( 0.9168877568771389708, 31.97766877619272918, -2.330189261802819711 ) ) ;
#2663 = CARTESIAN_POINT ( 'NONE',  ( -12.77041060420530627, 7.407980301707500104, 7.372999999999977128 ) ) ;
#2664 = CARTESIAN_POINT ( 'NONE',  ( -1.783544617532631715, 31.75000000000000000, -0.5500000000000000444 ) ) ;
#2665 = ORIENTED_EDGE ( 'NONE', *, *, #2894, .F. ) ;
#2666 = AXIS2_PLACEMENT_3D ( 'NONE', #5465, #3105, #4851 ) ;
#2667 = CARTESIAN_POINT ( 'NONE',  ( -3.749999999999999112, 25.25000000000000000, 0.000000000000000000 ) ) ;
#2668 = ORIENTED_EDGE ( 'NONE', *, *, #1633, .F. ) ;
#2669 = CARTESIAN_POINT ( 'NONE',  ( 6.864999999999994884, 8.203195445285810905, -11.89052879396031237 ) ) ;
#2670 = CARTESIAN_POINT ( 'NONE',  ( -1.311753616059032242E-14, 6.526469683741640715, 13.47599999999996889 ) ) ;
#2671 = FACE_OUTER_BOUND ( 'NONE', #1881, .T. ) ;
#2672 = EDGE_CURVE ( 'NONE', #5233, #4511, #3691, .T. ) ;
#2673 = CIRCLE ( 'NONE', #400, 15.99999999999993783 ) ;
#2674 = ADVANCED_FACE ( 'NONE', ( #6475 ), #4939, .T. ) ;
#2675 = EDGE_CURVE ( 'NONE', #2372, #956, #7303, .T. ) ;
#2676 = VECTOR ( 'NONE', #4251, 1000.000000000000114 ) ;
#2677 = CARTESIAN_POINT ( 'NONE',  ( 11.23718131199264114, 10.82141260434793395, 9.979863913561786148 ) ) ;
#2678 = CARTESIAN_POINT ( 'NONE',  ( 2.133059622348326467, 25.45486940119474895, -3.029115729602143592 ) ) ;
#2679 = CARTESIAN_POINT ( 'NONE',  ( 13.56897045256121537, 8.845088642316271788, 9.992825920431067773E-15 ) ) ;
#2680 = CARTESIAN_POINT ( 'NONE',  ( 2.676604605143668242E-15, 5.714646968374167635, -14.74599999999996491 ) ) ;
#2681 = CYLINDRICAL_SURFACE ( 'NONE', #2772, 0.2500000000000000000 ) ;
#2682 = CARTESIAN_POINT ( 'NONE',  ( -2.440919896878882778, 32.15251890700085369, -0.5467482733375024218 ) ) ;
#2683 = DIRECTION ( 'NONE',  ( 0.000000000000000000, 0.000000000000000000, -1.000000000000000000 ) ) ;
#2684 = CARTESIAN_POINT ( 'NONE',  ( -5.569826416821670456, 2.828459143086319294, -13.92756563799888703 ) ) ;
#2685 = EDGE_LOOP ( 'NONE', ( #4764, #2409, #5978, #1312 ) ) ;
#2686 = EDGE_LOOP ( 'NONE', ( #435 ) ) ;
#2687 = CARTESIAN_POINT ( 'NONE',  ( -4.428317969889996597, 24.43421914510420834, 0.5500000000000022649 ) ) ;
#2688 = CARTESIAN_POINT ( 'NONE',  ( 3.610883317201814435, 8.854803017074976523, -13.47599999999996356 ) ) ;
#2689 = CYLINDRICAL_SURFACE ( 'NONE', #2150, 0.2500000000000001110 ) ;
#2690 = CARTESIAN_POINT ( 'NONE',  ( -4.729617442667827909, 25.20547095993337550, 0.4583271730225431662 ) ) ;
#2691 = CARTESIAN_POINT ( 'NONE',  ( 0.000000000000000000, 32.00000000000000000, 0.000000000000000000 ) ) ;
#2692 = VERTEX_POINT ( 'NONE', #705 ) ;
#2693 = ADVANCED_FACE ( 'NONE', ( #79, #1342 ), #7355, .T. ) ;
#2694 = CARTESIAN_POINT ( 'NONE',  ( 1.737523670746597304, 31.90325221641044351, 1.806579146133748370 ) ) ;
#2695 = ORIENTED_EDGE ( 'NONE', *, *, #4697, .T. ) ;
#2696 = CARTESIAN_POINT ( 'NONE',  ( 0.000000000000000000, 32.00000000000000000, -0.8000000000000000444 ) ) ;
#2697 = CARTESIAN_POINT ( 'NONE',  ( 11.89052879396030882, 6.933195445285811331, 6.864999999999999325 ) ) ;
#2698 = CARTESIAN_POINT ( 'NONE',  ( -2.880316708879106624, 24.45447768495442631, 0.5500000000000000444 ) ) ;
#2699 = CARTESIAN_POINT ( 'NONE',  ( 7.372999999999986009, 5.291313635040832963, -12.77041060420529917 ) ) ;
#2700 = CARTESIAN_POINT ( 'NONE',  ( -2.369725253151772737, 32.25000000000000000, -0.8019115066011409665 ) ) ;
#2701 = EDGE_LOOP ( 'NONE', ( #7387 ) ) ;
#2702 = CARTESIAN_POINT ( 'NONE',  ( -1.783544617532631271, 32.00000000000000000, 0.8000000000000000444 ) ) ;
#2703 = VERTEX_POINT ( 'NONE', #3072 ) ;
#2704 = B_SPLINE_CURVE_WITH_KNOTS ( 'NONE', 3,
 ( #2434, #702, #3035, #4596, #594, #6472 ),
 .UNSPECIFIED., .F., .F.,
 ( 4, 2, 4 ),
 ( 0.000000000000000000, 0.0002760886600346387234, 0.0005521773200692774467 ),
 .UNSPECIFIED. ) ;
#2705 = CARTESIAN_POINT ( 'NONE',  ( -4.686092375031356561, 25.26800461991650337, -0.7829115224641051141 ) ) ;
#2706 = CARTESIAN_POINT ( 'NONE',  ( 1.020239620936820524, 31.79552231504558080, 1.167106859357372350 ) ) ;
#2707 = EDGE_CURVE ( 'NONE', #5831, #3975, #5906, .T. ) ;
#2708 = CARTESIAN_POINT ( 'NONE',  ( 14.50384665360550684, 11.19427202912931207, 3.963412176208144899 ) ) ;
#2709 = CARTESIAN_POINT ( 'NONE',  ( -3.610883317201788678, 4.198136350408307571, -13.47599999999997245 ) ) ;
#2710 = CARTESIAN_POINT ( 'NONE',  ( 9.933175777675678830, 9.480088642316269798, -9.933175777675666396 ) ) ;
#2711 = CARTESIAN_POINT ( 'NONE',  ( 0.6957815991257094712, 31.90325221641044351, -2.408029211610216880 ) ) ;
#2712 = CARTESIAN_POINT ( 'NONE',  ( -10.79482120841064763, 9.944940905122496844, 10.79482120841063342 ) ) ;
#2713 = EDGE_CURVE ( 'NONE', #4806, #2372, #3870, .T. ) ;
#2714 = CARTESIAN_POINT ( 'NONE',  ( 14.70723124467802734, 14.88514555227603964, 2.949127414929262336 ) ) ;
#2715 = CYLINDRICAL_SURFACE ( 'NONE', #5557, 0.2500000000000000000 ) ;
#2716 = CARTESIAN_POINT ( 'NONE',  ( -15.07684197555926353, 3.856633583941982302, 1.193683886210711531 ) ) ;
#2717 = ORIENTED_EDGE ( 'NONE', *, *, #7250, .F. ) ;
#2718 = ORIENTED_EDGE ( 'NONE', *, *, #6345, .F. ) ;
#2719 = CARTESIAN_POINT ( 'NONE',  ( 1.661412649852583634, 24.23794802747244148, 4.451054378833694258 ) ) ;
#2720 = CARTESIAN_POINT ( 'NONE',  ( -2.260317628750061481, 31.78152431302690673, -0.5499999999999988232 ) ) ;
#2721 = CARTESIAN_POINT ( 'NONE',  ( 14.70723124197173703, 14.79648277157871483, 2.949127414386589763 ) ) ;
#2722 = CARTESIAN_POINT ( 'NONE',  ( 1.978977131645764054, 25.25000000000000000, -3.427688939027459636 ) ) ;
#2723 = CARTESIAN_POINT ( 'NONE',  ( 1.726379468502744263, 32.00000000000000000, -1.464013287048241407 ) ) ;
#2724 = CARTESIAN_POINT ( 'NONE',  ( -3.126137210125221610, 24.50000000000000000, 0.3000000000000000444 ) ) ;
#2725 = ORIENTED_EDGE ( 'NONE', *, *, #2342, .F. ) ;
#2726 = CARTESIAN_POINT ( 'NONE',  ( -4.734444720800106587, 25.24553859854827564, -0.3913196936229881850 ) ) ;
#2727 = VERTEX_POINT ( 'NONE', #779 ) ;
#2728 = CARTESIAN_POINT ( 'NONE',  ( 3.068478155885748127, 24.50000000000000000, -3.625871179020566881 ) ) ;
#2729 = CARTESIAN_POINT ( 'NONE',  ( 7.499999999999987566, 7.362607571789161476, -12.99038105676655164 ) ) ;
#2730 = CARTESIAN_POINT ( 'NONE',  ( 6.864999999999994884, 8.203195445285810905, -11.89052879396031237 ) ) ;
#2731 = CARTESIAN_POINT ( 'NONE',  ( 2.137079751079941303, 25.39645508342649904, 3.039555162087048679 ) ) ;
#2732 = CARTESIAN_POINT ( 'NONE',  ( -12.77041060420529739, 11.64131363504083261, -7.372999999999989562 ) ) ;
#2733 = CARTESIAN_POINT ( 'NONE',  ( 0.4046829638103244253, 32.00000000000000000, -2.227095119819380908 ) ) ;
#2734 = ADVANCED_FACE ( 'NONE', ( #4744 ), #2739, .T. ) ;
#2735 = ORIENTED_EDGE ( 'NONE', *, *, #6259, .F. ) ;
#2736 = CARTESIAN_POINT ( 'NONE',  ( -2.467502108611891565, 32.00820913091210684, 0.4023436560763797298 ) ) ;
#2737 = ORIENTED_EDGE ( 'NONE', *, *, #3539, .T. ) ;
#2738 = CARTESIAN_POINT ( 'NONE',  ( -2.504179498753885014, 31.97743070672902377, 0.000000000000000000 ) ) ;
#2739 =( BOUNDED_SURFACE ( )  B_SPLINE_SURFACE ( 3, 2, ( 
 ( #5387, #5272, #5803, #222, #188, #1298, #2361, #4811, #1266, #4670, #7049, #6358, #6974, #1794, #2437, #4092, #6510, #2999, #3595, #114, #4705, #7013, #4136, #750, #3558, #5870, #4175, #5310, #153, #1865, #5349, #2474, #959, #2659, #1976, #854, #2586, #3252, #4924, #4891, #3789, #6635, #1454, #3749, #6064, #5005, #6131, #5573, #1943, #4253, #6553 ),
 ( #6097, #891, #1376, #3180, #4370, #817, #6674, #1493, #3106, #5424, #4969, #7275, #2087, #1526, #2806, #5608, #6314, #1111, #2199, #4477, #4007, #520, #2871, #6278, #7310, #551, #3437, #7381, #2729, #5153, #6174, #6747, #1561, #3928, #6208, #998, #4514, #5716, #7447, #3860, #1603, #6850, #4587, #1143, #5120, #6817, #1634, #1670, #6785, #1037, #6888 ),
 ( #2267, #447, #5040, #5752, #1711, #3966, #6240, #7412, #7344, #2160, #3403, #5641, #2839, #3896, #2766, #2123, #5084, #3364, #586, #3328, #1070, #4440, #480, #5683, #2232, #70, #660, #737, #5860, #5261, #1744, #2464, #4873, #2309, #4077, #2351, #2949, #6046, #1995, #6613, #873, #1431, #5193, #6344, #5827, #7039, #2385, #32, #2915, #1253, #4040 ),
 ( #4624, #6927, #5791, #4305, #3729, #4691, #695, #3474, #1175, #6466, #100, #4657, #624, #2986, #5228, #4164, #6962, #5896, #1777, #7001, #6388, #3025, #1216, #3515, #1819, #4122, #6427, #3546, #5298, #3583, #5339, #141, #2424, #4734, #7178, #1855, #1287, #178, #5554, #2712, #354, #2071, #461, #2104, #2030, #3913, #7212, #4456, #1511, #2137, #5060 ) ),
 .UNSPECIFIED., .F., .F., .T. ) 
 B_SPLINE_SURFACE_WITH_KNOTS ( ( 4, 4 ),
 ( 3, 2, 2, 2, 2, 2, 2, 2, 2, 2, 2, 2, 2, 2, 2, 2, 2, 2, 2, 2, 2, 2, 2, 2, 2, 3 ),
 ( 0.000000000000000000, 1.000000000000000000 ),
 ( 0.000000000000000000, 0.04166666666666666435, 0.08333333333333332871, 0.1250000000000000000, 0.1666666666666666574, 0.2083333333333333426, 0.2500000000000000000, 0.2916666666666666852, 0.3333333333333333148, 0.3750000000000000000, 0.4166666666666666852, 0.4583333333333333148, 0.5000000000000000000, 0.5416666666666666297, 0.5833333333333333703, 0.6250000000000000000, 0.6666666666666666297, 0.7083333333333333703, 0.7500000000000000000, 0.7916666666666666297, 0.8333333333333333703, 0.8750000000000000000, 0.9166666666666666297, 0.9583333333333333703, 0.9842244513201295897, 0.9940666958333308489 ),
 .UNSPECIFIED. ) 
 GEOMETRIC_REPRESENTATION_ITEM ( )  RATIONAL_B_SPLINE_SURFACE ( (
 ( 1.000000000000000000, 0.9659258262890683122, 1.000000000000000000, 0.9659258262890683122, 1.000000000000000000, 0.9659258262890683122, 1.000000000000000000, 0.9659258262890683122, 1.000000000000000000, 0.9659258262890683122, 1.000000000000000000, 0.9659258262890683122, 1.000000000000000000, 0.9659258262890683122, 1.000000000000000000, 0.9659258262890683122, 1.000000000000000000, 0.9659258262890683122, 1.000000000000000000, 0.9659258262890683122, 1.000000000000000000, 0.9659258262890683122, 1.000000000000000000, 0.9659258262890683122, 1.000000000000000000, 0.9659258262890683122, 1.000000000000000000, 0.9659258262890683122, 1.000000000000000000, 0.9659258262890683122, 1.000000000000000000, 0.9659258262890683122, 1.000000000000000000, 0.9659258262890683122, 1.000000000000000000, 0.9659258262890683122, 1.000000000000000000, 0.9659258262890683122, 1.000000000000000000, 0.9659258262890683122, 1.000000000000000000, 0.9659258262890683122, 1.000000000000000000, 0.9659258262890683122, 1.000000000000000000, 0.9659258262890683122, 1.000000000000000000, 0.9788267571555442359, 0.9839670628862353663, 0.9839670628862353663, 0.9839670628862353663),
 ( 0.9106836025229579912, 0.8796528112548936962, 0.9106836025229579912, 0.8796528112548936962, 0.9106836025229579912, 0.8796528112548936962, 0.9106836025229579912, 0.8796528112548936962, 0.9106836025229579912, 0.8796528112548936962, 0.9106836025229579912, 0.8796528112548936962, 0.9106836025229579912, 0.8796528112548936962, 0.9106836025229579912, 0.8796528112548936962, 0.9106836025229579912, 0.8796528112548936962, 0.9106836025229579912, 0.8796528112548936962, 0.9106836025229579912, 0.8796528112548936962, 0.9106836025229579912, 0.8796528112548936962, 0.9106836025229579912, 0.8796528112548936962, 0.9106836025229579912, 0.8796528112548936962, 0.9106836025229579912, 0.8796528112548936962, 0.9106836025229579912, 0.8796528112548936962, 0.9106836025229579912, 0.8796528112548936962, 0.9106836025229579912, 0.8796528112548936962, 0.9106836025229579912, 0.8796528112548936962, 0.9106836025229579912, 0.8796528112548936962, 0.9106836025229579912, 0.8796528112548936962, 0.9106836025229579912, 0.8796528112548936962, 0.9106836025229579912, 0.8796528112548936962, 0.9106836025229579912, 0.8914014774522756035, 0.8960826695931707331, 0.8960826695931707331, 0.8960826695931707331),
 ( 0.9106836025229579912, 0.8796528112548936962, 0.9106836025229579912, 0.8796528112548936962, 0.9106836025229579912, 0.8796528112548936962, 0.9106836025229579912, 0.8796528112548936962, 0.9106836025229579912, 0.8796528112548936962, 0.9106836025229579912, 0.8796528112548936962, 0.9106836025229579912, 0.8796528112548936962, 0.9106836025229579912, 0.8796528112548936962, 0.9106836025229579912, 0.8796528112548936962, 0.9106836025229579912, 0.8796528112548936962, 0.9106836025229579912, 0.8796528112548936962, 0.9106836025229579912, 0.8796528112548936962, 0.9106836025229579912, 0.8796528112548936962, 0.9106836025229579912, 0.8796528112548936962, 0.9106836025229579912, 0.8796528112548936962, 0.9106836025229579912, 0.8796528112548936962, 0.9106836025229579912, 0.8796528112548936962, 0.9106836025229579912, 0.8796528112548936962, 0.9106836025229579912, 0.8796528112548936962, 0.9106836025229579912, 0.8796528112548936962, 0.9106836025229579912, 0.8796528112548936962, 0.9106836025229579912, 0.8796528112548936962, 0.9106836025229579912, 0.8796528112548936962, 0.9106836025229579912, 0.8914014774522756035, 0.8960826695931707331, 0.8960826695931707331, 0.8960826695931707331),
 ( 1.000000000000000000, 0.9659258262890683122, 1.000000000000000000, 0.9659258262890683122, 1.000000000000000000, 0.9659258262890683122, 1.000000000000000000, 0.9659258262890683122, 1.000000000000000000, 0.9659258262890683122, 1.000000000000000000, 0.9659258262890683122, 1.000000000000000000, 0.9659258262890683122, 1.000000000000000000, 0.9659258262890683122, 1.000000000000000000, 0.9659258262890683122, 1.000000000000000000, 0.9659258262890683122, 1.000000000000000000, 0.9659258262890683122, 1.000000000000000000, 0.9659258262890683122, 1.000000000000000000, 0.9659258262890683122, 1.000000000000000000, 0.9659258262890683122, 1.000000000000000000, 0.9659258262890683122, 1.000000000000000000, 0.9659258262890683122, 1.000000000000000000, 0.9659258262890683122, 1.000000000000000000, 0.9659258262890683122, 1.000000000000000000, 0.9659258262890683122, 1.000000000000000000, 0.9659258262890683122, 1.000000000000000000, 0.9659258262890683122, 1.000000000000000000, 0.9659258262890683122, 1.000000000000000000, 0.9659258262890683122, 1.000000000000000000, 0.9788267571555442359, 0.9839670628862353663, 0.9839670628862353663, 0.9839670628862353663) ) ) 
 REPRESENTATION_ITEM ( '' )  SURFACE ( )  );
#2740 = CARTESIAN_POINT ( 'NONE',  ( -3.932480658620091774, 9.925774198097707668, 14.47934699801120573 ) ) ;
#2741 = CARTESIAN_POINT ( 'NONE',  ( 13.47599999999996179, 7.584803017074972509, 3.610883317201822873 ) ) ;
#2742 = CARTESIAN_POINT ( 'NONE',  ( -13.56897045256121181, 11.17342197564960493, -3.635794674885557853 ) ) ;
#2743 = DIRECTION ( 'NONE',  ( 0.4999999999999919509, 0.000000000000000000, -0.8660254037844432595 ) ) ;
#2744 = CARTESIAN_POINT ( 'NONE',  ( -2.424341751484019536, 31.94316324104812921, -0.6314767933456084670 ) ) ;
#2745 = CARTESIAN_POINT ( 'NONE',  ( 2.557848551782439195, 24.24999999999999645, 3.697576330802041511 ) ) ;
#2746 = EDGE_CURVE ( 'NONE', #7230, #559, #646, .T. ) ;
#2747 = VECTOR ( 'NONE', #5407, 1000.000000000000114 ) ;
#2748 = CARTESIAN_POINT ( 'NONE',  ( 0.3465565830454855889, 2.501725886423976419, -14.99601143201595299 ) ) ;
#2749 = ORIENTED_EDGE ( 'NONE', *, *, #2577, .T. ) ;
#2750 = ORIENTED_EDGE ( 'NONE', *, *, #6959, .F. ) ;
#2751 = CARTESIAN_POINT ( 'NONE',  ( 2.095474967091776719, 24.00000000000000000, 4.262802442324967522 ) ) ;
#2752 = CARTESIAN_POINT ( 'NONE',  ( -9.865116682798179326, 10.97146968374164011, 9.865116682798152681 ) ) ;
#2753 = CARTESIAN_POINT ( 'NONE',  ( -7.499999999999980460, 6.577921206829995704, -12.99038105676655341 ) ) ;
#2754 = CYLINDRICAL_SURFACE ( 'NONE', #3617, 1.523999999999998467 ) ;
#2755 = CARTESIAN_POINT ( 'NONE',  ( -7.499999999999991118, 13.35125454016333002, 12.99038105676654986 ) ) ;
#2756 = ADVANCED_FACE ( 'NONE', ( #1477 ), #7421, .T. ) ;
#2757 = CARTESIAN_POINT ( 'NONE',  ( 1.718899094552124085, 24.25000000000000000, -2.377220564848472328 ) ) ;
#2758 = EDGE_CURVE ( 'NONE', #4238, #5757, #4096, .T. ) ;
#2759 = CARTESIAN_POINT ( 'NONE',  ( 0.000000000000000000, 30.50000000000000000, 0.000000000000000000 ) ) ;
#2760 = DIRECTION ( 'NONE',  ( 1.000000000000000000, -0.000000000000000000, -0.000000000000000000 ) ) ;
#2761 = ORIENTED_EDGE ( 'NONE', *, *, #1880, .T. ) ;
#2762 =( NAMED_UNIT ( * ) SI_UNIT ( $, .STERADIAN. ) SOLID_ANGLE_UNIT ( ) );
#2763 = CARTESIAN_POINT ( 'NONE',  ( 14.94623666666663730, 3.858059094877517303, 1.268861499135693904 ) ) ;
#2764 = CIRCLE ( 'NONE', #606, 2.500000000000000000 ) ;
#2765 = EDGE_CURVE ( 'NONE', #4857, #4571, #4349, .T. ) ;
#2766 = CARTESIAN_POINT ( 'NONE',  ( -12.90986628304717776, 4.560303785894583406, 7.453514773719354558 ) ) ;
#2767 = CARTESIAN_POINT ( 'NONE',  ( -11.89052879396032480, 5.239862111952477974, 6.864999999999974456 ) ) ;
#2768 = CARTESIAN_POINT ( 'NONE',  ( 1.710950711025655213, 25.00000000000000000, -3.563453560742603887 ) ) ;
#2769 = CARTESIAN_POINT ( 'NONE',  ( 10.79482120841064230, 5.079646968374165183, -10.79482120841063875 ) ) ;
#2770 = CARTESIAN_POINT ( 'NONE',  ( 1.246743903150242083, 25.40973880238947658, 3.259423784282919012 ) ) ;
#2771 = CIRCLE ( 'NONE', #2537, 0.2500000000000000555 ) ;
#2772 = AXIS2_PLACEMENT_3D ( 'NONE', #3196, #2743, #1619 ) ;
#2773 = ORIENTED_EDGE ( 'NONE', *, *, #4616, .T. ) ;
#2774 = CARTESIAN_POINT ( 'NONE',  ( 0.000000000000000000, 34.25000000000000000, 0.000000000000000000 ) ) ;
#2775 = ORIENTED_EDGE ( 'NONE', *, *, #3539, .F. ) ;
#2776 = CARTESIAN_POINT ( 'NONE',  ( -9.865116682798158010, 9.701469683741640537, -9.865116682798173997 ) ) ;
#2777 = CARTESIAN_POINT ( 'NONE',  ( 0.000000000000000000, 0.000000000000000000, 0.000000000000000000 ) ) ;
#2778 = CIRCLE ( 'NONE', #1092, 0.2500000000000002220 ) ;
#2779 = ORIENTED_EDGE ( 'NONE', *, *, #4337, .T. ) ;
#2780 = CARTESIAN_POINT ( 'NONE',  ( -2.476446974785523558, 31.97766877619272918, 0.3710465410268536934 ) ) ;
#2781 = CARTESIAN_POINT ( 'NONE',  ( -12.65179889928165302, 9.328339407529705696, 8.064356026682309775 ) ) ;
#2782 = DIRECTION ( 'NONE',  ( 0.000000000000000000, 0.000000000000000000, -1.000000000000000000 ) ) ;
#2783 = CARTESIAN_POINT ( 'NONE',  ( 6.864999999999968239, 8.091392428210850696, 11.89052879396032836 ) ) ;
#2784 = CARTESIAN_POINT ( 'NONE',  ( -2.494884717839879862, 31.97751036993873441, 0.2483899028059173841 ) ) ;
#2785 = AXIS2_PLACEMENT_3D ( 'NONE', #3372, #3261, #5723 ) ;
#2786 =( BOUNDED_SURFACE ( )  B_SPLINE_SURFACE ( 3, 2, ( 
 ( #5519, #1432, #287 ),
 ( #5968, #907, #355 ),
 ( #2568, #3770, #1959 ),
 ( #2604, #4910, #7258 ) ),
 .UNSPECIFIED., .F., .F., .T. ) 
 B_SPLINE_SURFACE_WITH_KNOTS ( ( 4, 4 ),
 ( 3, 3 ),
 ( -2.168404344971008868E-19, 0.0004683498465766985116 ),
 ( 0.000000000000000000, 1.000000000000000000 ),
 .UNSPECIFIED. ) 
 GEOMETRIC_REPRESENTATION_ITEM ( )  RATIONAL_B_SPLINE_SURFACE ( (
 ( 1.000000000000000000, 0.9958117304451826746, 1.000000000000000000),
 ( 1.000000000000000000, 0.9958117401806209079, 1.000000000000000000),
 ( 1.000000000000000000, 0.9958525277145100496, 1.000000000000000000),
 ( 1.000000000000000000, 0.9959308050021821179, 1.000000000000000000) ) ) 
 REPRESENTATION_ITEM ( '' )  SURFACE ( )  );
#2787 = CARTESIAN_POINT ( 'NONE',  ( 1.132316953604187937, 32.02306232384149354, 2.246944347038881240 ) ) ;
#2788 = CARTESIAN_POINT ( 'NONE',  ( -3.610883317201788678, 9.979784856421689554, -13.47599999999997245 ) ) ;
#2789 = CIRCLE ( 'NONE', #631, 0.2500000000000002220 ) ;
#2790 = CARTESIAN_POINT ( 'NONE',  ( -9.496836485238462799, 3.073321564548614937, -11.65076865629160707 ) ) ;
#2791 = VERTEX_POINT ( 'NONE', #4495 ) ;
#2792 = ORIENTED_EDGE ( 'NONE', *, *, #5735, .T. ) ;
#2793 = CARTESIAN_POINT ( 'NONE',  ( 1.887450347125710248, 24.50000000000000000, 4.369159897985201546 ) ) ;
#2794 = CARTESIAN_POINT ( 'NONE',  ( 6.737999999999995993, 4.264784856421688808, -11.67055834139906345 ) ) ;
#2795 = LINE ( 'NONE', #5708, #272 ) ;
#2796 = CARTESIAN_POINT ( 'NONE',  ( 2.313844039835781796, 25.38544305006351820, 2.907695437786093962 ) ) ;
#2797 = CARTESIAN_POINT ( 'NONE',  ( -4.019237886466830112, 11.44625454016333066, -14.99999999999996625 ) ) ;
#2798 = CARTESIAN_POINT ( 'NONE',  ( -7.409090220399578541, 1.372053744518438645, 0.5500000000000000444 ) ) ;
#2799 = CARTESIAN_POINT ( 'NONE',  ( -3.941516664322040064, 25.25000000000000000, 0.3000000000000000444 ) ) ;
#2800 = FACE_OUTER_BOUND ( 'NONE', #282, .T. ) ;
#2801 = EDGE_LOOP ( 'NONE', ( #4645, #1525, #4846, #6639 ) ) ;
#2802 = SHAPE_DEFINITION_REPRESENTATION ( #3303, #7032 ) ;
#2803 = CARTESIAN_POINT ( 'NONE',  ( 14.93056747130395223, 13.18479267711926362, 1.441580724357595988 ) ) ;
#2804 = CARTESIAN_POINT ( 'NONE',  ( 11.75107311511843555, 12.10616589784705610, 6.784485226280622783 ) ) ;
#2805 = EDGE_CURVE ( 'NONE', #3784, #5233, #7291, .T. ) ;
#2806 = CARTESIAN_POINT ( 'NONE',  ( -12.99038105676655519, 4.399274238455828545, 7.499999999999981348 ) ) ;
#2807 = ADVANCED_FACE ( 'NONE', ( #906 ), #2681, .F. ) ;
#2808 = CARTESIAN_POINT ( 'NONE',  ( 13.01848669279666559, 12.14298877273943766, 4.911319610416797765 ) ) ;
#2809 = CARTESIAN_POINT ( 'NONE',  ( 1.612310625312119994, 31.75000000000000000, -1.692603920623780844 ) ) ;
#2810 = CARTESIAN_POINT ( 'NONE',  ( -7.372999999999978016, 6.137980301707499642, -12.77041060420530449 ) ) ;
#2811 = ADVANCED_FACE ( 'NONE', ( #6691 ), #3163, .F. ) ;
#2812 = LINE ( 'NONE', #5124, #2053 ) ;
#2813 = VERTEX_POINT ( 'NONE', #941 ) ;
#2814 = CARTESIAN_POINT ( 'NONE',  ( -2.217530681689084737, 31.88631336310442776, -0.5904321898784081757 ) ) ;
#2815 = VERTEX_POINT ( 'NONE', #5483 ) ;
#2816 = ORIENTED_EDGE ( 'NONE', *, *, #3998, .F. ) ;
#2817 = CARTESIAN_POINT ( 'NONE',  ( 1.767327651275332645, 24.36828395492583610, 4.105346824369828340 ) ) ;
#2818 = ORIENTED_EDGE ( 'NONE', *, *, #710, .F. ) ;
#2819 = CARTESIAN_POINT ( 'NONE',  ( 14.99784946666663821, 1.689940905122495618, 0.2539908959123998167 ) ) ;
#2820 = CARTESIAN_POINT ( 'NONE',  ( -2.471115058222288052, 31.85936769608547436, 0.5674651404249745346 ) ) ;
#2821 = CARTESIAN_POINT ( 'NONE',  ( -13.47599999999996889, 5.958118189755022165, -1.229236914732483852E-14 ) ) ;
#2822 = CARTESIAN_POINT ( 'NONE',  ( -10.05105758792067583, 12.11305909487751542, 10.05105758792064918 ) ) ;
#2823 = CARTESIAN_POINT ( 'NONE',  ( 1.978977131645763610, 25.50000000000000355, -3.427688939027459192 ) ) ;
#2824 = CARTESIAN_POINT ( 'NONE',  ( 1.146720213405935462E-14, 4.688118189755022591, -13.47599999999996889 ) ) ;
#2825 = ADVANCED_FACE ( 'NONE', ( #5590, #4909 ), #5192, .F. ) ;
#2826 = CARTESIAN_POINT ( 'NONE',  ( 11.74615596302287024, 6.871808319551513833, -9.328878319381562534 ) ) ;
#2827 = ORIENTED_EDGE ( 'NONE', *, *, #2898, .T. ) ;
#2828 = ORIENTED_EDGE ( 'NONE', *, *, #5863, .F. ) ;
#2829 = CARTESIAN_POINT ( 'NONE',  ( 1.737845018695800103, 24.43423101369558381, 4.110035868061570064 ) ) ;
#2830 = CARTESIAN_POINT ( 'NONE',  ( 3.464357858429433445, 1.459508085374384923, 7.100443826400213432 ) ) ;
#2831 = DIRECTION ( 'NONE',  ( 0.000000000000000000, -0.000000000000000000, 1.000000000000000000 ) ) ;
#2832 = DIRECTION ( 'NONE',  ( 0.000000000000000000, -1.000000000000000000, -0.000000000000000000 ) ) ;
#2833 = CARTESIAN_POINT ( 'NONE',  ( 3.678942412079291291, 6.298195445285811545, 13.72999999999997556 ) ) ;
#2834 = DIRECTION ( 'NONE',  ( 0.4999999999999920619, 0.000000000000000000, -0.8660254037844432595 ) ) ;
#2835 = CARTESIAN_POINT ( 'NONE',  ( 1.862079128997056188, 32.01184860762801065, 1.670220240456314231 ) ) ;
#2836 = ORIENTED_EDGE ( 'NONE', *, *, #4099, .T. ) ;
#2837 = CARTESIAN_POINT ( 'NONE',  ( 0.9168877568771361952, 31.97766877619273629, -2.330189261802818823 ) ) ;
#2838 = CARTESIAN_POINT ( 'NONE',  ( 3.678942412079291735, 11.37819544528581162, 13.72999999999997556 ) ) ;
#2839 = CARTESIAN_POINT ( 'NONE',  ( -14.90702954743872155, 4.136970452561248734, -2.474793802369384191E-15 ) ) ;
#2840 = CARTESIAN_POINT ( 'NONE',  ( 2.865140506907749351, 25.44901150264950829, 3.789899636632704016 ) ) ;
#2841 = CARTESIAN_POINT ( 'NONE',  ( -14.90702954743872155, 12.15761742093541287, -2.474793802369385375E-15 ) ) ;
#2842 = CARTESIAN_POINT ( 'NONE',  ( 1.494444360079595358, 25.24999999999997158, 3.688453560742587456 ) ) ;
#2843 = EDGE_CURVE ( 'NONE', #3178, #4485, #1983, .T. ) ;
#2844 = EDGE_LOOP ( 'NONE', ( #4401, #7452, #1181, #2128 ) ) ;
#2845 = ORIENTED_EDGE ( 'NONE', *, *, #4930, .F. ) ;
#2846 = ORIENTED_EDGE ( 'NONE', *, *, #4483, .T. ) ;
#2847 = DIRECTION ( 'NONE',  ( 0.000000000000000000, 0.000000000000000000, -1.000000000000000000 ) ) ;
#2848 = SURFACE_STYLE_FILL_AREA ( #6902 ) ;
#2849 = CARTESIAN_POINT ( 'NONE',  ( -3.126137210125222055, 24.50000000000000000, 0.5500000000000000444 ) ) ;
#2850 = ORIENTED_EDGE ( 'NONE', *, *, #6452, .T. ) ;
#2851 = CARTESIAN_POINT ( 'NONE',  ( 0.6596826811492635390, 31.75000000000000000, 2.242603920623763347 ) ) ;
#2852 = CARTESIAN_POINT ( 'NONE',  ( 3.610883317201814435, 9.556451523088353994, -13.47599999999996356 ) ) ;
#2853 = CARTESIAN_POINT ( 'NONE',  ( -2.209606671210021300, 31.92177851209918060, 0.6135004928284969461 ) ) ;
#2854 = FACE_OUTER_BOUND ( 'NONE', #2801, .T. ) ;
#2855 = LINE ( 'NONE', #1089, #5439 ) ;
#2856 = EDGE_CURVE ( 'NONE', #6699, #3901, #607, .T. ) ;
#2857 = CARTESIAN_POINT ( 'NONE',  ( -8.153270491384697394, 4.596342631361626019, 12.59085863110054504 ) ) ;
#2858 = EDGE_LOOP ( 'NONE', ( #6262, #5722, #5692, #2048 ) ) ;
#2859 = ORIENTED_EDGE ( 'NONE', *, *, #3487, .F. ) ;
#2860 = CARTESIAN_POINT ( 'NONE',  ( 1.637422903190067336, 31.92468505694713699, 1.605317552479122778 ) ) ;
#2861 = CARTESIAN_POINT ( 'NONE',  ( 13.47599999999996179, 8.286451523088352644, 3.610883317201822873 ) ) ;
#2862 = CARTESIAN_POINT ( 'NONE',  ( -12.99038105676654986, 7.001254540163329487, -7.499999999999989342 ) ) ;
#2863 = CARTESIAN_POINT ( 'NONE',  ( 2.331288238956518377, 25.04109048251838132, 2.937909676960429817 ) ) ;
#2864 = AXIS2_PLACEMENT_3D ( 'NONE', #7219, #5973, #6579 ) ;
#2865 = CARTESIAN_POINT ( 'NONE',  ( -1.139052268350550998E-14, 6.086528778619144653, 13.72999999999997200 ) ) ;
#2866 = FACE_OUTER_BOUND ( 'NONE', #3676, .T. ) ;
#2867 = CARTESIAN_POINT ( 'NONE',  ( -4.714719616571213301, 24.05098849735050948, -0.5863346460775601399 ) ) ;
#2868 = ORIENTED_EDGE ( 'NONE', *, *, #4836, .T. ) ;
#2869 = CARTESIAN_POINT ( 'NONE',  ( -12.77041060420530627, 4.653274238455828993, 7.372999999999977128 ) ) ;
#2870 = CARTESIAN_POINT ( 'NONE',  ( 6.784485226280619230, 3.216165897847058641, -11.75107311511843555 ) ) ;
#2871 = CARTESIAN_POINT ( 'NONE',  ( 12.99038105676654986, 6.092607571789161014, 7.499999999999991118 ) ) ;
#2872 = VECTOR ( 'NONE', #7277, 1000.000000000000114 ) ;
#2873 = CARTESIAN_POINT ( 'NONE',  ( 1.718899094552157392, 24.25000000000000000, 2.377220564848449680 ) ) ;
#2874 = CARTESIAN_POINT ( 'NONE',  ( 3.994326528783094243, 10.67595075426874551, -14.90702954743871622 ) ) ;
#2875 = CARTESIAN_POINT ( 'NONE',  ( -1.275043498356853489, 31.75000000000000000, 0.000000000000000000 ) ) ;
#2876 = ORIENTED_EDGE ( 'NONE', *, *, #3927, .F. ) ;
#2877 = DIRECTION ( 'NONE',  ( -0.5000000000000037748, 0.000000000000000000, -0.8660254037844365982 ) ) ;
#2878 = B_SPLINE_CURVE_WITH_KNOTS ( 'NONE', 3,
 ( #5907, #6433, #1223, #42, #743, #592 ),
 .UNSPECIFIED., .F., .F.,
 ( 4, 2, 4 ),
 ( 0.000000000000000000, 0.0001753526729528261249, 0.0003507053459056522497 ),
 .UNSPECIFIED. ) ;
#2879 = ORIENTED_EDGE ( 'NONE', *, *, #560, .F. ) ;
#2880 = CARTESIAN_POINT ( 'NONE',  ( 1.517843056682193215, 32.00000000000000000, -1.028981292588343477 ) ) ;
#2881 = ORIENTED_EDGE ( 'NONE', *, *, #2115, .T. ) ;
#2882 = CARTESIAN_POINT ( 'NONE',  ( -3.710060379268200759, 25.04098548791460388, -0.5500000000000000444 ) ) ;
#2883 = CARTESIAN_POINT ( 'NONE',  ( 1.659816393893680075, 25.45460815007268707, -3.319518720940402456 ) ) ;
#2884 = CARTESIAN_POINT ( 'NONE',  ( 0.3777141280430830750, 32.00000000000000000, -1.254220060507220902 ) ) ;
#2885 = AXIS2_PLACEMENT_3D ( 'NONE', #2759, #5711, #545 ) ;
#2886 = AXIS2_PLACEMENT_3D ( 'NONE', #597, #2171, #456 ) ;
#2887 = ADVANCED_FACE ( 'NONE', ( #7396 ), #1570, .T. ) ;
#2888 = ORIENTED_EDGE ( 'NONE', *, *, #1700, .F. ) ;
#2889 = AXIS2_PLACEMENT_3D ( 'NONE', #1626, #2832, #4575 ) ;
#2890 = DIRECTION ( 'NONE',  ( -0.000000000000000000, -1.000000000000000000, -0.000000000000000000 ) ) ;
#2891 = AXIS2_PLACEMENT_3D ( 'NONE', #626, #1892, #7108 ) ;
#2892 = CARTESIAN_POINT ( 'NONE',  ( -13.47599999999996889, 10.33646968374164032, -1.229236914732483852E-14 ) ) ;
#2893 = CARTESIAN_POINT ( 'NONE',  ( 10.05105758792065274, 8.303059094877516699, 10.05105758792067228 ) ) ;
#2894 = EDGE_CURVE ( 'NONE', #6970, #7144, #4710, .T. ) ;
#2895 = CARTESIAN_POINT ( 'NONE',  ( -11.89052879396031059, 11.05472576154418540, -6.864999999999997549 ) ) ;
#2896 = EDGE_CURVE ( 'NONE', #2204, #1414, #2151, .T. ) ;
#2897 = AXIS2_PLACEMENT_3D ( 'NONE', #5726, #3937, #4050 ) ;
#2898 = EDGE_CURVE ( 'NONE', #4857, #6793, #5790, .T. ) ;
#2899 = ADVANCED_FACE ( 'NONE', ( #6477 ), #819, .T. ) ;
#2900 = CIRCLE ( 'NONE', #6050, 5.750000000000001776 ) ;
#2901 = CARTESIAN_POINT ( 'NONE',  ( -3.757456429169546919, 4.858047256007619552, 14.55065483471875609 ) ) ;
#2902 = ORIENTED_EDGE ( 'NONE', *, *, #4001, .F. ) ;
#2903 = VERTEX_POINT ( 'NONE', #3560 ) ;
#2904 = DIRECTION ( 'NONE',  ( -0.9977753031397177397, 0.000000000000000000, 0.06666666666666670737 ) ) ;
#2905 = CARTESIAN_POINT ( 'NONE',  ( -13.47599999999997600, 11.24978485642168913, 3.610883317201784237 ) ) ;
#2906 = B_SPLINE_CURVE_WITH_KNOTS ( 'NONE', 3,
 ( #3881, #2745, #3771, #5062, #2032, #4351 ),
 .UNSPECIFIED., .F., .F.,
 ( 4, 2, 4 ),
 ( 0.000000000000000000, 0.0001979792332861702306, 0.0003959584665723404613 ),
 .UNSPECIFIED. ) ;
#2907 = CARTESIAN_POINT ( 'NONE',  ( -6.000000000000001776, 24.04289321881345387, -5.753275179397069342E-19 ) ) ;
#2908 = CARTESIAN_POINT ( 'NONE',  ( 15.00004598522320265, 4.706858973322452400, 0.02397469586826338206 ) ) ;
#2909 = AXIS2_PLACEMENT_3D ( 'NONE', #6094, #7226, #5417 ) ;
#2910 = CARTESIAN_POINT ( 'NONE',  ( 3.068478081698716498, 25.13153797893421881, 3.625871241803074518 ) ) ;
#2911 = LINE ( 'NONE', #3092, #3111 ) ;
#2912 = EDGE_LOOP ( 'NONE', ( #3830, #2444, #3139 ) ) ;
#2913 = DIRECTION ( 'NONE',  ( 0.8660254037844369313, 4.492070556689611416E-16, -0.5000000000000029976 ) ) ;
#2914 = CARTESIAN_POINT ( 'NONE',  ( -10.05105758792067583, 10.53152877861914227, 10.05105758792064918 ) ) ;
#2915 = CARTESIAN_POINT ( 'NONE',  ( 14.61607547685708042, 11.59752818853713840, 2.930847587819627176 ) ) ;
#2916 = CARTESIAN_POINT ( 'NONE',  ( 13.79407545705284477, 12.08155711998005799, 2.766019342268666303 ) ) ;
#2917 = CARTESIAN_POINT ( 'NONE',  ( 1.368086280847745417, 31.75000000000000000, -1.269594947566272225 ) ) ;
#2918 = CARTESIAN_POINT ( 'NONE',  ( -14.90702954743871622, 6.865950754268746792, -3.994326528783094243 ) ) ;
#2919 = CARTESIAN_POINT ( 'NONE',  ( -0.4763139720814399958, 31.75000000000000000, 0.2750000000000022427 ) ) ;
#2920 = EDGE_CURVE ( 'NONE', #2903, #3122, #2288, .T. ) ;
#2921 = ORIENTED_EDGE ( 'NONE', *, *, #5167, .F. ) ;
#2922 = CARTESIAN_POINT ( 'NONE',  ( 1.438603569110532998, 32.02262672620886264, -1.730005714135776085 ) ) ;
#2923 = ADVANCED_FACE ( 'NONE', ( #5872, #2962 ), #2476, .T. ) ;
#2924 = ORIENTED_EDGE ( 'NONE', *, *, #5071, .F. ) ;
#2925 = CARTESIAN_POINT ( 'NONE',  ( 1.598448410120901775, 32.02262672620890527, -1.922228571263565611 ) ) ;
#2926 = ORIENTED_EDGE ( 'NONE', *, *, #2707, .F. ) ;
#2927 = CARTESIAN_POINT ( 'NONE',  ( -3.126137210125222055, 24.50000000000000000, 0.3000000000000000444 ) ) ;
#2928 = CARTESIAN_POINT ( 'NONE',  ( 13.46201889776295424, 13.85861643772358143, 2.699434606772421752 ) ) ;
#2929 = CARTESIAN_POINT ( 'NONE',  ( 1.973289978653442578, 24.00000000000000000, -4.322865179946765224 ) ) ;
#2930 = AXIS2_PLACEMENT_3D ( 'NONE', #1141, #4439, #1668 ) ;
#2931 = VERTEX_POINT ( 'NONE', #5914 ) ;
#2932 = CARTESIAN_POINT ( 'NONE',  ( -2.271993306461388862, 31.75000000000000000, -0.5500000000000000444 ) ) ;
#2933 = CARTESIAN_POINT ( 'NONE',  ( -9.865116682798158010, 9.701469683741640537, -9.865116682798173997 ) ) ;
#2934 = CARTESIAN_POINT ( 'NONE',  ( 1.127231678603895171, 31.97743070733882220, -2.240769902197965902 ) ) ;
#2935 = CARTESIAN_POINT ( 'NONE',  ( -10.05105758792067583, 7.033059094877518014, 10.05105758792064918 ) ) ;
#2936 = EDGE_CURVE ( 'NONE', #4703, #6139, #4033, .T. ) ;
#2937 = CARTESIAN_POINT ( 'NONE',  ( 11.73604681835298891, 6.872688089704372061, -9.341586737832720644 ) ) ;
#2938 = ORIENTED_EDGE ( 'NONE', *, *, #5132, .F. ) ;
#2939 = ORIENTED_EDGE ( 'NONE', *, *, #4020, .F. ) ;
#2940 = DIRECTION ( 'NONE',  ( -0.09104463009115215666, 0.9832820049844602783, 0.1576939250741931642 ) ) ;
#2941 = CARTESIAN_POINT ( 'NONE',  ( 7.372999999999971799, 13.75798030170749975, 12.77041060420530982 ) ) ;
#2942 = CARTESIAN_POINT ( 'NONE',  ( 14.99999999999996625, 10.17625454016332931, -4.019237886466831888 ) ) ;
#2943 = FACE_OUTER_BOUND ( 'NONE', #5738, .T. ) ;
#2944 = DIRECTION ( 'NONE',  ( 0.8660254037844435926, 5.187484221289736565E-16, 0.4999999999999915068 ) ) ;
#2945 = DIRECTION ( 'NONE',  ( -0.000000000000000000, 1.000000000000000000, -0.000000000000000000 ) ) ;
#2946 = ORIENTED_EDGE ( 'NONE', *, *, #4794, .F. ) ;
#2947 = DIRECTION ( 'NONE',  ( 0.000000000000000000, 1.000000000000000000, 0.000000000000000000 ) ) ;
#2948 = CARTESIAN_POINT ( 'NONE',  ( 3.635794674885556521, 3.427832564513725533, -13.56897045256121359 ) ) ;
#2949 = CARTESIAN_POINT ( 'NONE',  ( -14.90702954743872155, 9.216970452561248806, -2.474793802369384191E-15 ) ) ;
#2950 = CARTESIAN_POINT ( 'NONE',  ( -3.957954263291591168, 25.25000000000000000, -5.043990431826353084E-16 ) ) ;
#2951 = CARTESIAN_POINT ( 'NONE',  ( 13.98183574449958577, 14.31110696249446157, 5.274750107444029723 ) ) ;
#2952 = DIRECTION ( 'NONE',  ( 0.4916410024922341360, 0.1820892601823072832, 0.8515471954006372801 ) ) ;
#2953 = EDGE_LOOP ( 'NONE', ( #5550, #6662, #1843, #2718 ) ) ;
#2954 = CARTESIAN_POINT ( 'NONE',  ( 0.7469620542536639096, 32.15251890700114501, 2.387272775968817484 ) ) ;
#2955 = ORIENTED_EDGE ( 'NONE', *, *, #3345, .T. ) ;
#2956 = CARTESIAN_POINT ( 'NONE',  ( 1.737865399178718517, 31.88938372160085422, -1.837801432196522589 ) ) ;
#2957 = DIRECTION ( 'NONE',  ( -0.09104463009115439098, 0.9832820049844601673, -0.1576939250741919707 ) ) ;
#2958 = EDGE_LOOP ( 'NONE', ( #5963, #5093, #6518, #506 ) ) ;
#2959 = CYLINDRICAL_SURFACE ( 'NONE', #3138, 0.2500000000000000000 ) ;
#2960 = CARTESIAN_POINT ( 'NONE',  ( 13.21297648186513740, 13.18479272215285647, 2.649496055866027877 ) ) ;
#2961 = CARTESIAN_POINT ( 'NONE',  ( 1.605857473938687940, 24.36362238505854094, -4.470315623464997223 ) ) ;
#2962 = FACE_OUTER_BOUND ( 'NONE', #4062, .T. ) ;
#2963 = ORIENTED_EDGE ( 'NONE', *, *, #5848, .T. ) ;
#2964 = LINE ( 'NONE', #3493, #6167 ) ;
#2965 = CARTESIAN_POINT ( 'NONE',  ( 0.9168877568771688358, 31.97766877619273629, 2.330189261802807721 ) ) ;
#2966 = CARTESIAN_POINT ( 'NONE',  ( 13.47599999999996889, 3.418118189755022129, 1.064203512079386914E-14 ) ) ;
#2967 = CARTESIAN_POINT ( 'NONE',  ( 1.147408041651458488, 31.79061622867517656, 1.126375635105263617 ) ) ;
#2968 = CARTESIAN_POINT ( 'NONE',  ( -11.89052879396032480, 11.90139242821085119, 6.864999999999974456 ) ) ;
#2969 = ADVANCED_FACE ( 'NONE', ( #6976, #2439 ), #5840, .T. ) ;
#2970 = B_SPLINE_CURVE_WITH_KNOTS ( 'NONE', 3,
 ( #1273, #1911, #6564, #6982 ),
 .UNSPECIFIED., .F., .F.,
 ( 4, 4 ),
 ( 0.000000000000000000, 0.0001938939034487247894 ),
 .UNSPECIFIED. ) ;
#2971 = CARTESIAN_POINT ( 'NONE',  ( 11.72881430379889878, 6.873316905919502950, -9.350664169809302706 ) ) ;
#2972 = ORIENTED_EDGE ( 'NONE', *, *, #2294, .F. ) ;
#2973 = EDGE_LOOP ( 'NONE', ( #4169 ) ) ;
#2974 = CARTESIAN_POINT ( 'NONE',  ( -2.439834255522081996, 32.15569223156761325, 0.5515634186939761818 ) ) ;
#2975 = CARTESIAN_POINT ( 'NONE',  ( 6.737999999999966683, 12.91739242821085121, 11.67055834139907944 ) ) ;
#2976 = FACE_OUTER_BOUND ( 'NONE', #6741, .T. ) ;
#2977 = EDGE_CURVE ( 'NONE', #831, #4703, #6442, .T. ) ;
#2978 = CARTESIAN_POINT ( 'NONE',  ( 0.000000000000000000, 17.00000000000000000, 0.000000000000000000 ) ) ;
#2979 = CARTESIAN_POINT ( 'NONE',  ( -13.72999999999996668, 4.604862111952478188, -3.678942412079319269 ) ) ;
#2980 =( BOUNDED_SURFACE ( )  B_SPLINE_SURFACE ( 3, 2, ( 
 ( #6612, #799, #1919 ),
 ( #3728, #835, #765 ),
 ( #286, #4833, #4232 ),
 ( #5369, #206, #6534 ),
 ( #6573, #2529, #5446 ),
 ( #1361, #7139, #3692 ) ),
 .UNSPECIFIED., .F., .F., .T. ) 
 B_SPLINE_SURFACE_WITH_KNOTS ( ( 4, 2, 4 ),
 ( 3, 3 ),
 ( 0.0003343555886378482556, 0.0007266738589179490802, 0.001118992129198049905 ),
 ( 0.000000000000000000, 1.000000000000000000 ),
 .UNSPECIFIED. ) 
 GEOMETRIC_REPRESENTATION_ITEM ( )  RATIONAL_B_SPLINE_SURFACE ( (
 ( 1.000000000000000000, 0.7071067811865527908, 1.000000000000000000),
 ( 1.000000000000000000, 0.7014278231336470437, 1.000000000000000000),
 ( 1.000000000000000000, 0.6852369950021814926, 1.000000000000000000),
 ( 1.000000000000000000, 0.6544534626342484174, 1.000000000000000000),
 ( 1.000000000000000000, 0.6406553719868375296, 1.000000000000000000),
 ( 1.000000000000000000, 0.6411794687223785205, 1.000000000000000000) ) ) 
 REPRESENTATION_ITEM ( '' )  SURFACE ( )  );
#2981 = CARTESIAN_POINT ( 'NONE',  ( 0.000000000000000000, 24.04289321881345387, 0.000000000000000000 ) ) ;
#2982 = EDGE_LOOP ( 'NONE', ( #3086, #1005, #2333 ) ) ;
#2983 = CARTESIAN_POINT ( 'NONE',  ( 7.372999999999971799, 11.00327423845582864, 12.77041060420530982 ) ) ;
#2984 = CARTESIAN_POINT ( 'NONE',  ( 11.67055834139905812, 12.26719544528580919, 6.738000000000000433 ) ) ;
#2985 = AXIS2_PLACEMENT_3D ( 'NONE', #7095, #5515, #3087 ) ;
#2986 = CARTESIAN_POINT ( 'NONE',  ( -14.74599999999996847, 4.441607571789161213, 3.951178791589316841 ) ) ;
#2987 = EDGE_CURVE ( 'NONE', #5383, #260, #3065, .T. ) ;
#2988 = DIRECTION ( 'NONE',  ( -0.9999999999999995559, 3.052344535003915238E-08, 3.775096654901902226E-24 ) ) ;
#2989 = CARTESIAN_POINT ( 'NONE',  ( 10.91270301865563042, 10.25261742093541351, -10.91270301865563042 ) ) ;
#2990 = ADVANCED_FACE ( 'NONE', ( #116 ), #5112, .F. ) ;
#2991 = CARTESIAN_POINT ( 'NONE',  ( 2.028329564720772193, 24.25446140145173146, -4.295809247836343658 ) ) ;
#2992 = EDGE_CURVE ( 'NONE', #3187, #831, #601, .T. ) ;
#2993 = ORIENTED_EDGE ( 'NONE', *, *, #4955, .F. ) ;
#2994 = CARTESIAN_POINT ( 'NONE',  ( 0.4917219907718563543, 32.24999998118632050, 2.452982440911232409 ) ) ;
#2995 = EDGE_LOOP ( 'NONE', ( #2881, #4411, #2144, #4356, #2431, #5198 ) ) ;
#2996 = CARTESIAN_POINT ( 'NONE',  ( 1.344543335914305970, 32.00000000000000000, -1.205497712878661698 ) ) ;
#2997 = DIRECTION ( 'NONE',  ( 0.000000000000000000, 1.000000000000000000, 0.000000000000000000 ) ) ;
#2998 = CARTESIAN_POINT ( 'NONE',  ( 2.504802053199712386, 24.25000000000000000, 3.738444419044704592 ) ) ;
#2999 = CARTESIAN_POINT ( 'NONE',  ( -4.019237886466843435, 4.848333333333333606, 14.99999999999996270 ) ) ;
#3000 = CARTESIAN_POINT ( 'NONE',  ( 0.2640333015838345898, 32.00000000000000000, 1.319853716573521352 ) ) ;
#3001 = DIRECTION ( 'NONE',  ( -1.000000000000000000, -0.000000000000000000, -0.000000000000000000 ) ) ;
#3002 = AXIS2_PLACEMENT_3D ( 'NONE', #2724, #1596, #1031 ) ;
#3003 = EDGE_LOOP ( 'NONE', ( #767 ) ) ;
#3004 = CARTESIAN_POINT ( 'NONE',  ( 1.378640403487239041, 25.04111292965261981, -3.487875224207223734 ) ) ;
#3005 = DIRECTION ( 'NONE',  ( 0.8660254037844432595, 0.000000000000000000, 0.4999999999999919509 ) ) ;
#3006 = CYLINDRICAL_SURFACE ( 'NONE', #3823, 0.2500000000000002220 ) ;
#3007 = CARTESIAN_POINT ( 'NONE',  ( 1.521338659520862446, 25.00000000000000000, -4.235035853808945205 ) ) ;
#3008 = AXIS2_PLACEMENT_3D ( 'NONE', #2438, #672, #598 ) ;
#3009 = CARTESIAN_POINT ( 'NONE',  ( -12.77041060420530627, 7.407980301707500992, 7.372999999999977128 ) ) ;
#3010 = AXIS2_PLACEMENT_3D ( 'NONE', #1839, #1387, #3566 ) ;
#3011 = CIRCLE ( 'NONE', #6395, 0.2500000000000002220 ) ;
#3012 = CIRCLE ( 'NONE', #1931, 0.2500000000000000000 ) ;
#3013 = CARTESIAN_POINT ( 'NONE',  ( -14.80835519195569816, 8.741379835135640874, -2.391062662502564162 ) ) ;
#3014 = EDGE_LOOP ( 'NONE', ( #6771, #6546, #2617, #995 ) ) ;
#3015 = CARTESIAN_POINT ( 'NONE',  ( 1.147773029215785723, 31.97735196368474320, 2.239467731328913302 ) ) ;
#3016 = CARTESIAN_POINT ( 'NONE',  ( -3.610883317201788678, 10.16572576154418606, -13.47599999999997067 ) ) ;
#3017 = CARTESIAN_POINT ( 'NONE',  ( -10.98076211353314058, 13.13958787349666224, 10.98076211353312814 ) ) ;
#3018 = LINE ( 'NONE', #172, #4223 ) ;
#3019 = CARTESIAN_POINT ( 'NONE',  ( 1.605857473938688162, 25.00000000000000000, -4.470315623464998112 ) ) ;
#3020 = AXIS2_PLACEMENT_3D ( 'NONE', #1996, #3656, #874 ) ;
#3021 = DIRECTION ( 'NONE',  ( 0.000000000000000000, 1.000000000000000000, 0.000000000000000000 ) ) ;
#3022 = VERTEX_POINT ( 'NONE', #307 ) ;
#3023 = CARTESIAN_POINT ( 'NONE',  ( -14.74599999999996314, 4.018274238455828318, -3.951178791589331940 ) ) ;
#3024 = CARTESIAN_POINT ( 'NONE',  ( -6.737999999999972900, 4.223862111952477960, -11.67055834139907589 ) ) ;
#3025 = CARTESIAN_POINT ( 'NONE',  ( 10.79482120841063519, 6.134940905122496346, 10.79482120841064408 ) ) ;
#3026 = AXIS2_PLACEMENT_3D ( 'NONE', #822, #3829, #7281 ) ;
#3027 = CARTESIAN_POINT ( 'NONE',  ( -3.126137210125222055, 24.50000000000000000, 0.3000000000000000444 ) ) ;
#3028 = CARTESIAN_POINT ( 'NONE',  ( -10.98076211353314058, 8.059587873496662169, 10.98076211353312992 ) ) ;
#3029 =( BOUNDED_CURVE ( )  B_SPLINE_CURVE ( 3, ( #6421, #6337, #6953, #4727 ),
 .UNSPECIFIED., .F., .T. ) 
 B_SPLINE_CURVE_WITH_KNOTS ( ( 4, 4 ),
 ( 3.141592653589793560, 4.712388980384689674 ),
 .UNSPECIFIED. ) 
 CURVE ( )  GEOMETRIC_REPRESENTATION_ITEM ( )  RATIONAL_B_SPLINE_CURVE ( ( 1.000000000000000000, 0.8047378541243650485, 0.8047378541243650485, 1.000000000000000000 ) ) 
 REPRESENTATION_ITEM ( '' )  );
#3030 = CARTESIAN_POINT ( 'NONE',  ( -2.476446974785523558, 31.97766877619272918, 0.3710465410268536934 ) ) ;
#3031 = CIRCLE ( 'NONE', #7265, 4.500000000000000000 ) ;
#3032 = ORIENTED_EDGE ( 'NONE', *, *, #5584, .T. ) ;
#3033 = CARTESIAN_POINT ( 'NONE',  ( 0.4567590970728522271, 31.99011754388521211, 2.229221042039827072 ) ) ;
#3034 = ORIENTED_EDGE ( 'NONE', *, *, #714, .T. ) ;
#3035 = CARTESIAN_POINT ( 'NONE',  ( 0.5807266027665699548, 32.23152675840152170, 2.433057749437850248 ) ) ;
#3036 = DIRECTION ( 'NONE',  ( 0.8660254037844432595, 6.176597015448187347E-16, 0.4999999999999920064 ) ) ;
#3037 = EDGE_CURVE ( 'NONE', #3990, #3479, #6099, .T. ) ;
#3038 = CARTESIAN_POINT ( 'NONE',  ( -1.783544617532629939, 32.00000000000000000, 0.5500000000000069278 ) ) ;
#3039 = CARTESIAN_POINT ( 'NONE',  ( -4.465951072282419609, 24.27693961511562648, 0.4301386800860970139 ) ) ;
#3040 = ADVANCED_FACE ( 'NONE', ( #2588 ), #3839, .F. ) ;
#3041 = CARTESIAN_POINT ( 'NONE',  ( -7.372999999999978016, 8.463274238455829490, -12.77041060420530449 ) ) ;
#3042 = CARTESIAN_POINT ( 'NONE',  ( -1.549173935030757843, 31.79061622867471826, -0.4304966950240307622 ) ) ;
#3043 = DIRECTION ( 'NONE',  ( 3.052344535003915238E-08, 0.9999999999999995559, 6.120627887004214552E-09 ) ) ;
#3044 = EDGE_LOOP ( 'NONE', ( #2254, #2084, #6821, #1066 ) ) ;
#3045 = CARTESIAN_POINT ( 'NONE',  ( 1.360094693794189125, 31.97743070672902377, -2.106326377823940277 ) ) ;
#3046 = DIRECTION ( 'NONE',  ( -0.8660254037844362651, 0.000000000000000000, 0.5000000000000039968 ) ) ;
#3047 = CARTESIAN_POINT ( 'NONE',  ( 2.136210430285362616, 25.45487879733759229, 3.026678869328290222 ) ) ;
#3048 = CARTESIAN_POINT ( 'NONE',  ( 1.125341168232371958, 32.00000000000110134, -2.237035315803254765 ) ) ;
#3049 = CARTESIAN_POINT ( 'NONE',  ( 3.678942412079291735, 7.879725761544184692, 13.72999999999997556 ) ) ;
#3050 = B_SPLINE_CURVE_WITH_KNOTS ( 'NONE', 3,
 ( #1068, #3435, #6847, #413 ),
 .UNSPECIFIED., .F., .F.,
 ( 4, 4 ),
 ( 0.000000000000000000, 0.0001006850096840643168 ),
 .UNSPECIFIED. ) ;
#3051 = SPHERICAL_SURFACE ( 'NONE', #1803, 0.2500000000000000000 ) ;
#3052 = CARTESIAN_POINT ( 'NONE',  ( 4.371242968607959689, 7.361770192310378214, -14.36266165564852493 ) ) ;
#3053 = ORIENTED_EDGE ( 'NONE', *, *, #7147, .T. ) ;
#3054 = CARTESIAN_POINT ( 'NONE',  ( -11.67055834139907589, 11.64739242821085163, 6.737999999999971124 ) ) ;
#3055 = CARTESIAN_POINT ( 'NONE',  ( 1.767399880468965012, 25.13184846849791398, 4.105334452401727674 ) ) ;
#3056 = ADVANCED_FACE ( 'NONE', ( #2125 ), #3751, .T. ) ;
#3057 = CARTESIAN_POINT ( 'NONE',  ( 14.70723123124951037, 14.44520447595571255, 2.949127412236546064 ) ) ;
#3058 = CARTESIAN_POINT ( 'NONE',  ( 1.596085719165539762, 32.02050611342582442, 1.924202574404265675 ) ) ;
#3059 = CARTESIAN_POINT ( 'NONE',  ( -2.102974084481309625, 32.00000000000000000, -0.8000000000000000444 ) ) ;
#3060 = ORIENTED_EDGE ( 'NONE', *, *, #509, .F. ) ;
#3061 = CARTESIAN_POINT ( 'NONE',  ( -4.489988864128729773, 24.25000000000000000, 0.2999999999999998224 ) ) ;
#3062 = CARTESIAN_POINT ( 'NONE',  ( 6.737999999999995104, 8.457195445285812241, -11.67055834139906345 ) ) ;
#3063 = DIRECTION ( 'NONE',  ( 0.000000000000000000, 0.000000000000000000, 1.000000000000000000 ) ) ;
#3064 = CARTESIAN_POINT ( 'NONE',  ( 4.019237886466835441, 5.942921206829995029, -14.99999999999996447 ) ) ;
#3065 = B_SPLINE_CURVE_WITH_KNOTS ( 'NONE', 3,
 ( #2510, #5274, #1798, #4094 ),
 .UNSPECIFIED., .F., .F.,
 ( 4, 4 ),
 ( 1.226634733346699349E-18, 0.0003334735000880464234 ),
 .UNSPECIFIED. ) ;
#3066 = CARTESIAN_POINT ( 'NONE',  ( 1.938119294742435716, 32.00000000000000000, -1.579143311845724984 ) ) ;
#3067 = ORIENTED_EDGE ( 'NONE', *, *, #2577, .F. ) ;
#3068 = DIRECTION ( 'NONE',  ( 0.4999999999999919509, 0.000000000000000000, -0.8660254037844432595 ) ) ;
#3069 = VERTEX_POINT ( 'NONE', #415 ) ;
#3070 = CARTESIAN_POINT ( 'NONE',  ( -2.247507937778115306, 31.81212974382017222, 0.5558218733134543399 ) ) ;
#3071 = CARTESIAN_POINT ( 'NONE',  ( 2.672127081582972519, 24.36916999151557306, 3.582718588642721524 ) ) ;
#3072 = CARTESIAN_POINT ( 'NONE',  ( 2.643957722821865364, 24.00000000000000000, -3.946135775658336176 ) ) ;
#3073 = CARTESIAN_POINT ( 'NONE',  ( -13.72999999999996668, 4.604862111952478188, -3.678942412079319269 ) ) ;
#3074 = CARTESIAN_POINT ( 'NONE',  ( -1.650045467741543703, 32.00000000000000000, -0.7999999997504178006 ) ) ;
#3075 = EDGE_CURVE ( 'NONE', #1240, #6215, #6402, .T. ) ;
#3076 = CARTESIAN_POINT ( 'NONE',  ( -1.629669874121981055, 31.77666635476308343, -0.5500000000000002665 ) ) ;
#3077 = ORIENTED_EDGE ( 'NONE', *, *, #557, .F. ) ;
#3078 = CARTESIAN_POINT ( 'NONE',  ( 1.462554324793393201, 31.97751036993874152, -2.036438593759962057 ) ) ;
#3079 = DIRECTION ( 'NONE',  ( -0.4411526246509007709, 0.000000000000000000, -0.8974320931210458818 ) ) ;
#3080 = CARTESIAN_POINT ( 'NONE',  ( 2.388419638355419039, 25.00000000000000000, 3.036864163426833407 ) ) ;
#3081 = CARTESIAN_POINT ( 'NONE',  ( 0.9979650163708178034, 31.97753697560016306, -2.301081677171237683 ) ) ;
#3082 = CARTESIAN_POINT ( 'NONE',  ( 10.79482120841064230, 10.15964696837416703, -10.79482120841063875 ) ) ;
#3083 = ADVANCED_FACE ( 'NONE', ( #6134 ), #6078, .F. ) ;
#3084 = CARTESIAN_POINT ( 'NONE',  ( 3.024019840769682776, 25.26205197252755852, 3.664352750357978916 ) ) ;
#3085 = CARTESIAN_POINT ( 'NONE',  ( -0.7106904158276391437, 7.637619495528474189, -14.98746330076498445 ) ) ;
#3086 = ORIENTED_EDGE ( 'NONE', *, *, #6864, .T. ) ;
#3087 = DIRECTION ( 'NONE',  ( 0.5000000000000039968, 0.000000000000000000, 0.8660254037844363761 ) ) ;
#3088 = CARTESIAN_POINT ( 'NONE',  ( 3.610883317201782905, 12.70572576154418343, 13.47599999999997777 ) ) ;
#3089 = CARTESIAN_POINT ( 'NONE',  ( -10.79482120841064763, 7.619646968374166995, 10.79482120841063164 ) ) ;
#3090 = CARTESIAN_POINT ( 'NONE',  ( 1.607904173665416936, 31.84131709439716573, -1.650422851056678075 ) ) ;
#3091 = DIRECTION ( 'NONE',  ( 0.5000000000000039968, 0.000000000000000000, 0.8660254037844363761 ) ) ;
#3092 = CARTESIAN_POINT ( 'NONE',  ( 0.4816912596888982545, 32.00000000000000000, 1.434313735343012430 ) ) ;
#3093 = ORIENTED_EDGE ( 'NONE', *, *, #916, .T. ) ;
#3094 = CARTESIAN_POINT ( 'NONE',  ( 0.1989519857387453405, 32.00000000000000000, -1.944594947566260057 ) ) ;
#3095 = CARTESIAN_POINT ( 'NONE',  ( 13.47599999999997245, 7.822195445285811566, -3.610883317201789566 ) ) ;
#3096 = CARTESIAN_POINT ( 'NONE',  ( 2.199371847313114081, 25.40973880238915683, -2.709423784282996461 ) ) ;
#3097 = CARTESIAN_POINT ( 'NONE',  ( 14.99999999999996803, 4.884587873496662347, 7.703719777548943412E-31 ) ) ;
#3098 = CARTESIAN_POINT ( 'NONE',  ( 1.737845012863488359, 24.43421914510420834, -4.110035857959836392 ) ) ;
#3099 = EDGE_LOOP ( 'NONE', ( #2993, #6371, #4098, #2316, #5875 ) ) ;
#3100 = FACE_OUTER_BOUND ( 'NONE', #5150, .T. ) ;
#3101 = ORIENTED_EDGE ( 'NONE', *, *, #4836, .F. ) ;
#3102 = CARTESIAN_POINT ( 'NONE',  ( 14.23799999999996935, 1.983234841870819887, 5.321017560396932993E-15 ) ) ;
#3103 = CARTESIAN_POINT ( 'NONE',  ( 13.38673334721988795, 12.32141767736034765, 2.684338177175254803 ) ) ;
#3104 = B_SPLINE_CURVE_WITH_KNOTS ( 'NONE', 3,
 ( #2799, #2154, #5784, #6203 ),
 .UNSPECIFIED., .F., .F.,
 ( 4, 4 ),
 ( 0.000000000000000000, 0.0003004499869527107970 ),
 .UNSPECIFIED. ) ;
#3105 = DIRECTION ( 'NONE',  ( 0.000000000000000000, 0.000000000000000000, -1.000000000000000000 ) ) ;
#3106 = CARTESIAN_POINT ( 'NONE',  ( -7.499999999999981348, 3.129274238455829416, -12.99038105676655341 ) ) ;
#3107 = CARTESIAN_POINT ( 'NONE',  ( -14.74599999999996314, 4.018274238455828318, -3.951178791589331496 ) ) ;
#3108 = DIRECTION ( 'NONE',  ( -0.000000000000000000, -1.000000000000000000, -0.000000000000000000 ) ) ;
#3109 = CARTESIAN_POINT ( 'NONE',  ( -1.520863999602969585, 31.79552231504557369, -0.4464466094067264246 ) ) ;
#3110 = AXIS2_PLACEMENT_3D ( 'NONE', #6425, #5190, #2307 ) ;
#3111 = VECTOR ( 'NONE', #291, 1000.000000000000227 ) ;
#3112 = ORIENTED_EDGE ( 'NONE', *, *, #1692, .T. ) ;
#3113 = DIRECTION ( 'NONE',  ( -0.4235261699687715153, -0.8346194343508318569, 0.3521874261745877033 ) ) ;
#3114 = CARTESIAN_POINT ( 'NONE',  ( 14.92258079999996667, 3.418118189755022129, 1.522032282006974713 ) ) ;
#3115 = CARTESIAN_POINT ( 'NONE',  ( 10.05105758792067050, 2.911528778619144386, -10.05105758792065451 ) ) ;
#3116 = CARTESIAN_POINT ( 'NONE',  ( 1.777119166230587632, 25.25000000000000000, 3.312760553783514084 ) ) ;
#3117 = CARTESIAN_POINT ( 'NONE',  ( -4.685432490622229551, 24.23794802747244148, -0.7867016284757257782 ) ) ;
#3118 = CARTESIAN_POINT ( 'NONE',  ( -14.74599999999996314, 11.85298030170750216, -3.951178791589331496 ) ) ;
#3119 = DIRECTION ( 'NONE',  ( -1.000000000000000000, 0.000000000000000000, 0.000000000000000000 ) ) ;
#3120 = EDGE_CURVE ( 'NONE', #3151, #4238, #4961, .T. ) ;
#3121 = CARTESIAN_POINT ( 'NONE',  ( 1.855709600541434634, 7.500646045878717416, -14.88476972258726150 ) ) ;
#3122 = VERTEX_POINT ( 'NONE', #3182 ) ;
#3123 = DIRECTION ( 'NONE',  ( 0.000000000000000000, 0.000000000000000000, -1.000000000000000000 ) ) ;
#3124 = CARTESIAN_POINT ( 'NONE',  ( 9.865116682798156234, 8.049059094877517140, 9.865116682798175773 ) ) ;
#3125 = EDGE_CURVE ( 'NONE', #573, #4140, #4568, .T. ) ;
#3126 = CARTESIAN_POINT ( 'NONE',  ( -7.372999999999991338, 7.831313635040833887, 12.77041060420529739 ) ) ;
#3127 = EDGE_CURVE ( 'NONE', #1846, #441, #3146, .T. ) ;
#3128 = CARTESIAN_POINT ( 'NONE',  ( 2.504802053199661760, 24.00000000000000000, -3.738444419044739231 ) ) ;
#3129 = DIRECTION ( 'NONE',  ( 0.000000000000000000, 1.000000000000000000, 9.185002166361440962E-15 ) ) ;
#3130 = AXIS2_PLACEMENT_3D ( 'NONE', #3891, #4471, #6780 ) ;
#3131 = LINE ( 'NONE', #4839, #3346 ) ;
#3132 = ORIENTED_EDGE ( 'NONE', *, *, #654, .T. ) ;
#3133 = TOROIDAL_SURFACE ( 'NONE', #495, 1.016000067479091440, 0.5080000000000086668 ) ;
#3134 = DIRECTION ( 'NONE',  ( 0.000000000000000000, 0.000000000000000000, 1.000000000000000000 ) ) ;
#3135 = CARTESIAN_POINT ( 'NONE',  ( -3.610883317201822429, 6.314803017074973823, 13.47599999999996179 ) ) ;
#3136 = FACE_OUTER_BOUND ( 'NONE', #4111, .T. ) ;
#3137 = CARTESIAN_POINT ( 'NONE',  ( -7.499999999999980460, 6.577921206829995704, -12.99038105676655341 ) ) ;
#3138 = AXIS2_PLACEMENT_3D ( 'NONE', #3484, #1120, #2847 ) ;
#3139 = ORIENTED_EDGE ( 'NONE', *, *, #7170, .T. ) ;
#3140 = LINE ( 'NONE', #6587, #7024 ) ;
#3141 = ORIENTED_EDGE ( 'NONE', *, *, #3626, .F. ) ;
#3142 = CARTESIAN_POINT ( 'NONE',  ( 0.000000000000000000, -6.505213034913026604E-16, -15.74999999999996803 ) ) ;
#3143 = CARTESIAN_POINT ( 'NONE',  ( 1.361216095673163817, 25.38544305006379176, -3.457695437786441950 ) ) ;
#3144 = CIRCLE ( 'NONE', #5572, 5.916666666666683838 ) ;
#3145 = CARTESIAN_POINT ( 'NONE',  ( 13.72999999999997200, 2.488195445285811047, -3.678942412079297952 ) ) ;
#3146 = LINE ( 'NONE', #5467, #6753 ) ;
#3147 = CARTESIAN_POINT ( 'NONE',  ( -4.428317965096905340, 24.50000000000000000, 0.8000000000000000444 ) ) ;
#3148 = EDGE_CURVE ( 'NONE', #6069, #5797, #340, .T. ) ;
#3149 = CARTESIAN_POINT ( 'NONE',  ( 1.607904173665440917, 31.84131709439716573, 1.650422851056651208 ) ) ;
#3150 = EDGE_CURVE ( 'NONE', #4721, #5539, #3247, .T. ) ;
#3151 = VERTEX_POINT ( 'NONE', #375 ) ;
#3152 = DIRECTION ( 'NONE',  ( 0.8917546034477354944, -0.4525193114440224096, 0.000000000000000000 ) ) ;
#3153 = CARTESIAN_POINT ( 'NONE',  ( -2.443009410245417623, 31.89624799681080702, -0.5952153145069690732 ) ) ;
#3154 = CARTESIAN_POINT ( 'NONE',  ( 10.05105758792065274, 6.721528778619143552, 10.05105758792067228 ) ) ;
#3155 = CARTESIAN_POINT ( 'NONE',  ( 1.873257340940438498, 25.25000000000000000, 3.497990103832895326 ) ) ;
#3156 = CARTESIAN_POINT ( 'NONE',  ( 1.011010197040054903, 32.00000000000000000, 0.8885864049033985745 ) ) ;
#3157 = UNCERTAINTY_MEASURE_WITH_UNIT (LENGTH_MEASURE( 1.000000000000000082E-05 ), #3289, 'distance_accuracy_value', 'NONE');
#3158 = CARTESIAN_POINT ( 'NONE',  ( 2.136889130835734285, 7.485328941970012195, -14.84742320526597226 ) ) ;
#3159 = ORIENTED_EDGE ( 'NONE', *, *, #7151, .T. ) ;
#3160 = DIRECTION ( 'NONE',  ( 0.000000000000000000, 1.000000000000000000, 0.000000000000000000 ) ) ;
#3161 = CARTESIAN_POINT ( 'NONE',  ( 11.75107311511845154, 4.188421975649604612, -6.784485226280598802 ) ) ;
#3162 = CARTESIAN_POINT ( 'NONE',  ( 10.79482120841063342, 13.96964696837416575, 10.79482120841064230 ) ) ;
#3163 = CYLINDRICAL_SURFACE ( 'NONE', #4222, 0.2500000000000001110 ) ;
#3164 = CARTESIAN_POINT ( 'NONE',  ( -1.275043498356853489, 31.75000000000000000, -0.3000000000000000444 ) ) ;
#3165 = EDGE_CURVE ( 'NONE', #7402, #1600, #1887, .T. ) ;
#3166 = CARTESIAN_POINT ( 'NONE',  ( 14.99999999999996980, 1.249999999999999334, 0.000000000000000000 ) ) ;
#3167 = EDGE_LOOP ( 'NONE', ( #184, #2590, #175, #5929 ) ) ;
#3168 = CARTESIAN_POINT ( 'NONE',  ( -4.465840347318728476, 24.27709511396605890, 0.4306011529718524744 ) ) ;
#3169 = DIRECTION ( 'NONE',  ( -0.5000000000000041078, 0.000000000000000000, -0.8660254037844363761 ) ) ;
#3170 = CARTESIAN_POINT ( 'NONE',  ( 1.744307365268192189, 32.25000000000000000, -1.421228980661152441 ) ) ;
#3171 = CARTESIAN_POINT ( 'NONE',  ( 14.99999999999996270, 9.752921206829993750, 4.019237886466844323 ) ) ;
#3172 = CARTESIAN_POINT ( 'NONE',  ( 11.89052879396030882, 8.514725761544184479, 6.864999999999999325 ) ) ;
#3173 = ORIENTED_EDGE ( 'NONE', *, *, #6843, .F. ) ;
#3174 = DIRECTION ( 'NONE',  ( 0.09104463009116040006, -0.9832820049844583910, 0.1576939250742000476 ) ) ;
#3175 = ORIENTED_EDGE ( 'NONE', *, *, #557, .T. ) ;
#3176 = DIRECTION ( 'NONE',  ( 0.000000000000000000, 0.000000000000000000, 1.000000000000000000 ) ) ;
#3177 = LINE ( 'NONE', #2086, #6664 ) ;
#3178 = VERTEX_POINT ( 'NONE', #6787 ) ;
#3179 = DIRECTION ( 'NONE',  ( 0.5000000000000054401, 0.000000000000000000, 0.8660254037844354880 ) ) ;
#3180 = CARTESIAN_POINT ( 'NONE',  ( 10.98076211353313347, 2.070940905122495401, -10.98076211353313347 ) ) ;
#3181 = CARTESIAN_POINT ( 'NONE',  ( 10.79482120841063519, 6.134940905122496346, 10.79482120841064408 ) ) ;
#3182 = CARTESIAN_POINT ( 'NONE',  ( 0.3777141280431012271, 32.00000000000000000, 1.254220060507215795 ) ) ;
#3183 = CARTESIAN_POINT ( 'NONE',  ( 4.416985802592222399, 1.459508085374384700, -6.550443826400271341 ) ) ;
#3184 = EDGE_CURVE ( 'NONE', #4941, #2525, #1, .T. ) ;
#3185 = VERTEX_POINT ( 'NONE', #2809 ) ;
#3186 = CARTESIAN_POINT ( 'NONE',  ( 1.710950711025655213, 25.25000000000000000, -3.563453560742603887 ) ) ;
#3187 = VERTEX_POINT ( 'NONE', #6346 ) ;
#3188 = CARTESIAN_POINT ( 'NONE',  ( -11.89052879396032480, 5.239862111952477974, 6.864999999999974456 ) ) ;
#3189 = CARTESIAN_POINT ( 'NONE',  ( -3.610883317201788678, 9.278136350408306754, -13.47599999999997245 ) ) ;
#3190 = DIRECTION ( 'NONE',  ( -0.1820892601823072832, -0.9832820049844602783, -0.000000000000000000 ) ) ;
#3191 = CARTESIAN_POINT ( 'NONE',  ( 8.197833417730896244, 10.60671342363698244, 12.56221949163097307 ) ) ;
#3192 = VERTEX_POINT ( 'NONE', #1072 ) ;
#3193 = DIRECTION ( 'NONE',  ( -0.9832820049844610555, 0.1820892601823029811, 0.000000000000000000 ) ) ;
#3194 = CARTESIAN_POINT ( 'NONE',  ( 3.635794674885525879, 12.86675530898293474, 13.56897045256122247 ) ) ;
#3195 = CARTESIAN_POINT ( 'NONE',  ( -3.467376519094844234, 25.29493110256047217, 0.5500000000000000444 ) ) ;
#3196 = CARTESIAN_POINT ( 'NONE',  ( 0.6928203230275545854, 31.75000000000000000, 0.3999999999999935274 ) ) ;
#3197 = CARTESIAN_POINT ( 'NONE',  ( 14.72901474032841307, 14.55430903838352563, 2.838674270776095465 ) ) ;
#3198 = CARTESIAN_POINT ( 'NONE',  ( -2.491777696798694208, 31.97753697559965147, 0.2862777823203564442 ) ) ;
#3199 = CARTESIAN_POINT ( 'NONE',  ( 14.09720244998804439, 1.532784751440220861, -5.126509340147602956 ) ) ;
#3200 = ORIENTED_EDGE ( 'NONE', *, *, #5583, .T. ) ;
#3201 = CARTESIAN_POINT ( 'NONE',  ( 0.3470575478376369816, 32.00000000000000000, -1.690189953205758044 ) ) ;
#3202 = CARTESIAN_POINT ( 'NONE',  ( 6.737999999999965794, 12.02980301707497368, 11.67055834139907766 ) ) ;
#3203 = DIRECTION ( 'NONE',  ( 0.000000000000000000, 0.1583515888048807885, 0.9873827901695320097 ) ) ;
#3204 = CARTESIAN_POINT ( 'NONE',  ( -4.730191600497996696, 25.49999996525561130, 0.4549746285624641784 ) ) ;
#3205 = CARTESIAN_POINT ( 'NONE',  ( -11.89052879396031059, 5.974725761544184444, -6.864999999999997549 ) ) ;
#3206 = ORIENTED_EDGE ( 'NONE', *, *, #1353, .F. ) ;
#3207 = CARTESIAN_POINT ( 'NONE',  ( 1.559559217908344175, 31.97766877619272918, -1.959142720775971513 ) ) ;
#3208 = ORIENTED_EDGE ( 'NONE', *, *, #2758, .T. ) ;
#3209 = VERTEX_POINT ( 'NONE', #1666 ) ;
#3210 = EDGE_CURVE ( 'NONE', #4238, #2627, #5686, .T. ) ;
#3211 = CARTESIAN_POINT ( 'NONE',  ( 0.8269022799478570329, 31.93263418879432081, -2.101334504632109024 ) ) ;
#3212 = EDGE_CURVE ( 'NONE', #919, #4061, #4602, .T. ) ;
#3213 = EDGE_CURVE ( 'NONE', #6093, #5757, #951, .T. ) ;
#3214 = DIRECTION ( 'NONE',  ( -0.09104463009115218441, 0.9832820049844601673, 0.1576939250741932197 ) ) ;
#3215 = DIRECTION ( 'NONE',  ( 0.1976886256736757330, 0.9077658602273541710, 0.3699734453781044485 ) ) ;
#3216 = DIRECTION ( 'NONE',  ( 0.000000000000000000, 1.000000000000000000, 0.000000000000000000 ) ) ;
#3217 = ADVANCED_FACE ( 'NONE', ( #5194 ), #3475, .T. ) ;
#3218 = FACE_OUTER_BOUND ( 'NONE', #2995, .T. ) ;
#3219 =( BOUNDED_SURFACE ( )  B_SPLINE_SURFACE ( 3, 2, ( 
 ( #5367, #4789, #1358 ),
 ( #3652, #5401, #3688 ),
 ( #6001, #2564, #4869 ),
 ( #7174, #5098, #5656 ),
 ( #3837, #6151, #3802 ),
 ( #2678, #7253, #3228 ) ),
 .UNSPECIFIED., .F., .F., .T. ) 
 B_SPLINE_SURFACE_WITH_KNOTS ( ( 4, 2, 4 ),
 ( 3, 3 ),
 ( 0.0003389209895188332873, 0.0006859456879695541342, 0.001032970386420274927 ),
 ( 0.000000000000000000, 1.000000000000000000 ),
 .UNSPECIFIED. ) 
 GEOMETRIC_REPRESENTATION_ITEM ( )  RATIONAL_B_SPLINE_SURFACE ( (
 ( 1.000000000000000000, 0.7071067811865467956, 1.000000000000000000),
 ( 1.000000000000000000, 0.7160278058402003154, 1.000000000000000000),
 ( 1.000000000000000000, 0.7259806387845002540, 1.000000000000000000),
 ( 1.000000000000000000, 0.7430539845802501819, 1.000000000000000000),
 ( 1.000000000000000000, 0.7497101219577367859, 1.000000000000000000),
 ( 1.000000000000000000, 0.7519653661432217362, 1.000000000000000000) ) ) 
 REPRESENTATION_ITEM ( '' )  SURFACE ( )  );
#3220 = ORIENTED_EDGE ( 'NONE', *, *, #1237, .T. ) ;
#3221 = FACE_OUTER_BOUND ( 'NONE', #3003, .T. ) ;
#3222 = ORIENTED_EDGE ( 'NONE', *, *, #2245, .T. ) ;
#3223 = CARTESIAN_POINT ( 'NONE',  ( -11.89052879396031059, 9.473195445285812255, -6.864999999999997549 ) ) ;
#3224 = CARTESIAN_POINT ( 'NONE',  ( -13.47599999999997600, 10.54813635040830633, 3.610883317201784237 ) ) ;
#3225 = CIRCLE ( 'NONE', #2864, 0.2540000000000025016 ) ;
#3226 = CARTESIAN_POINT ( 'NONE',  ( -7.390969086634229690, 9.723716336563235529, 13.10710956344358458 ) ) ;
#3227 = VERTEX_POINT ( 'NONE', #1145 ) ;
#3228 = CARTESIAN_POINT ( 'NONE',  ( 2.199371847313082107, 25.40973880238949789, -2.709423784282941394 ) ) ;
#3229 = CARTESIAN_POINT ( 'NONE',  ( -13.72999999999997200, 6.398059094877518227, -1.054980265589084946E-14 ) ) ;
#3230 = CARTESIAN_POINT ( 'NONE',  ( -3.446115750463383254, 25.40973880238922078, 0.5500000000000000444 ) ) ;
#3231 = CARTESIAN_POINT ( 'NONE',  ( 1.368060867744294917, 25.00000000000000000, 3.469550930779850439 ) ) ;
#3232 = FACE_OUTER_BOUND ( 'NONE', #5724, .T. ) ;
#3233 = FACE_OUTER_BOUND ( 'NONE', #639, .T. ) ;
#3234 = EDGE_CURVE ( 'NONE', #5233, #4952, #553, .T. ) ;
#3235 = AXIS2_PLACEMENT_3D ( 'NONE', #4230, #4943, #396 ) ;
#3236 = CARTESIAN_POINT ( 'NONE',  ( -5.576140529412725755, 2.828827340321935502, -13.92503755799952181 ) ) ;
#3237 = ORIENTED_EDGE ( 'NONE', *, *, #6779, .F. ) ;
#3238 = ORIENTED_EDGE ( 'NONE', *, *, #6158, .F. ) ;
#3239 = CARTESIAN_POINT ( 'NONE',  ( 1.887450367384872818, 24.45020079718657868, 4.369159884376213832 ) ) ;
#3240 = CARTESIAN_POINT ( 'NONE',  ( -6.737999999999972012, 9.489803017074974534, -11.67055834139907411 ) ) ;
#3241 = CIRCLE ( 'NONE', #12, 0.2500000000000000000 ) ;
#3242 = CARTESIAN_POINT ( 'NONE',  ( 1.605857473938688162, 25.00000000000000000, -4.470315623464997223 ) ) ;
#3243 = CARTESIAN_POINT ( 'NONE',  ( -4.713986131243509625, 25.44598371290203431, 0.5920403963148345161 ) ) ;
#3244 = CARTESIAN_POINT ( 'NONE',  ( 6.864999999999968239, 13.17139242821085077, 11.89052879396032836 ) ) ;
#3245 = ORIENTED_EDGE ( 'NONE', *, *, #1720, .F. ) ;
#3246 = CIRCLE ( 'NONE', #2172, 0.2500000000000001110 ) ;
#3247 = CIRCLE ( 'NONE', #3611, 0.2500000000000010547 ) ;
#3248 = CARTESIAN_POINT ( 'NONE',  ( 1.693957842625184895, 32.15251890700114501, 1.840524502631069037 ) ) ;
#3249 = ORIENTED_EDGE ( 'NONE', *, *, #2106, .F. ) ;
#3250 = VERTEX_POINT ( 'NONE', #6275 ) ;
#3251 = LINE ( 'NONE', #1940, #2676 ) ;
#3252 = CARTESIAN_POINT ( 'NONE',  ( -14.99999999999996980, 9.081666666666665222, 4.019237886466825671 ) ) ;
#3253 = CARTESIAN_POINT ( 'NONE',  ( 13.72999999999997200, 7.568195445285811118, -3.678942412079297952 ) ) ;
#3254 = AXIS2_PLACEMENT_3D ( 'NONE', #5348, #5386, #187 ) ;
#3255 = CARTESIAN_POINT ( 'NONE',  ( 0.8683654518787250476, 32.02050611342583153, -2.344352066617050312 ) ) ;
#3256 = CARTESIAN_POINT ( 'NONE',  ( 14.99999999999996980, 1.249999999999999334, 0.000000000000000000 ) ) ;
#3257 = DIRECTION ( 'NONE',  ( -0.000000000000000000, -1.000000000000000000, -0.000000000000000000 ) ) ;
#3258 = CIRCLE ( 'NONE', #3609, 0.2500000000000000000 ) ;
#3259 = ORIENTED_EDGE ( 'NONE', *, *, #5357, .F. ) ;
#3260 = AXIS2_PLACEMENT_3D ( 'NONE', #2479, #4897, #383 ) ;
#3261 = DIRECTION ( 'NONE',  ( 0.000000000000000000, 1.000000000000000000, 0.000000000000000000 ) ) ;
#3262 = EDGE_LOOP ( 'NONE', ( #3756, #5980, #5216, #5066 ) ) ;
#3263 = EDGE_CURVE ( 'NONE', #6630, #2204, #102, .T. ) ;
#3264 = CARTESIAN_POINT ( 'NONE',  ( 13.72999999999997200, 2.488195445285811047, -3.678942412079297952 ) ) ;
#3265 = CARTESIAN_POINT ( 'NONE',  ( 14.45818868655338996, 11.69049864109185854, 2.899188835503228923 ) ) ;
#3266 = DIRECTION ( 'NONE',  ( 0.000000000000000000, 0.000000000000000000, -1.000000000000000000 ) ) ;
#3267 = AXIS2_PLACEMENT_3D ( 'NONE', #5876, #7020, #4179 ) ;
#3268 =( BOUNDED_SURFACE ( )  B_SPLINE_SURFACE ( 3, 2, ( 
 ( #5938, #768, #3061 ),
 ( #5374, #3660, #4311 ),
 ( #7106, #1437, #3168 ),
 ( #211, #1929, #5488 ),
 ( #4239, #327, #2687 ),
 ( #3351, #2255, #5561 ) ),
 .UNSPECIFIED., .F., .F., .T. ) 
 B_SPLINE_SURFACE_WITH_KNOTS ( ( 4, 2, 4 ),
 ( 3, 3 ),
 ( 0.0003343555886378489061, 0.0007266738589179502729, 0.001118992129198051640 ),
 ( 0.000000000000000000, 1.000000000000000000 ),
 .UNSPECIFIED. ) 
 GEOMETRIC_REPRESENTATION_ITEM ( )  RATIONAL_B_SPLINE_SURFACE ( (
 ( 1.000000000000000000, 0.7071067811865425767, 1.000000000000000000),
 ( 1.000000000000000000, 0.7014278231337148783, 1.000000000000000000),
 ( 1.000000000000000000, 0.6852369950021159895, 1.000000000000000000),
 ( 1.000000000000000000, 0.6544534626342992656, 1.000000000000000000),
 ( 1.000000000000000000, 0.6406553719867995600, 1.000000000000000000),
 ( 1.000000000000000000, 0.6411794687223789646, 1.000000000000000000) ) ) 
 REPRESENTATION_ITEM ( '' )  SURFACE ( )  );
#3269 = AXIS2_PLACEMENT_3D ( 'NONE', #4365, #4805, #5530 ) ;
#3270 = CARTESIAN_POINT ( 'NONE',  ( 14.19860069807451097, 11.13899191310085790, 4.939797051428331365 ) ) ;
#3271 = ORIENTED_EDGE ( 'NONE', *, *, #3423, .T. ) ;
#3272 = CARTESIAN_POINT ( 'NONE',  ( 1.569185055980515830, 31.99316153361981563, 1.947849137450951229 ) ) ;
#3273 = CARTESIAN_POINT ( 'NONE',  ( 13.72999999999997200, 3.858059094877517747, 8.868362600661537896E-15 ) ) ;
#3274 = DIRECTION ( 'NONE',  ( 0.000000000000000000, 1.000000000000000000, -0.000000000000000000 ) ) ;
#3275 = CARTESIAN_POINT ( 'NONE',  ( 1.612310625312120216, 31.74999999999999289, -1.692603920623782399 ) ) ;
#3276 = CARTESIAN_POINT ( 'NONE',  ( 1.382083869818252264, 32.02305768004841724, 2.102148670581763135 ) ) ;
#3277 = DIRECTION ( 'NONE',  ( 0.000000000000000000, 0.000000000000000000, -1.000000000000000000 ) ) ;
#3278 = CARTESIAN_POINT ( 'NONE',  ( -5.593625574575281867, 2.829847142151659334, -13.91802616392432057 ) ) ;
#3279 = ORIENTED_EDGE ( 'NONE', *, *, #1009, .T. ) ;
#3280 = ORIENTED_EDGE ( 'NONE', *, *, #529, .F. ) ;
#3281 = DIRECTION ( 'NONE',  ( -0.09104463009115724981, 0.9832820049844583910, 0.1576939250742021570 ) ) ;
#3282 = CARTESIAN_POINT ( 'NONE',  ( -13.47599999999997600, 10.54813635040830633, 3.610883317201784237 ) ) ;
#3283 = DIRECTION ( 'NONE',  ( -0.09104463009115197625, 0.9832820049844610555, -0.1576939250741880849 ) ) ;
#3284 = CARTESIAN_POINT ( 'NONE',  ( -4.489988864128728885, 25.25000000000000000, 0.3000000000000000999 ) ) ;
#3285 = DIRECTION ( 'NONE',  ( -0.9999999999999995559, 3.052344508839397708E-08, 0.000000000000000000 ) ) ;
#3286 = EDGE_LOOP ( 'NONE', ( #1571 ) ) ;
#3287 = CARTESIAN_POINT ( 'NONE',  ( 2.230565953296320902, 25.25000000000000000, -3.263453560742609394 ) ) ;
#3288 = ORIENTED_EDGE ( 'NONE', *, *, #6696, .T. ) ;
#3289 =( LENGTH_UNIT ( ) NAMED_UNIT ( * ) SI_UNIT ( .MILLI., .METRE. ) );
#3290 = CARTESIAN_POINT ( 'NONE',  ( 0.7593277455775548912, 31.82622343603184589, -2.425353744124175925 ) ) ;
#3291 = ADVANCED_FACE ( 'NONE', ( #5122 ), #7414, .F. ) ;
#3292 = CARTESIAN_POINT ( 'NONE',  ( -13.72999999999997556, 5.028195445285811083, 3.678942412079292623 ) ) ;
#3293 = DIRECTION ( 'NONE',  ( 3.052344535003915238E-08, 0.9999999999999995559, 6.120627887004214552E-09 ) ) ;
#3294 = CARTESIAN_POINT ( 'NONE',  ( -3.951178791589322614, 11.00631363504083104, -14.74599999999996491 ) ) ;
#3295 = ORIENTED_EDGE ( 'NONE', *, *, #2429, .F. ) ;
#3296 = CARTESIAN_POINT ( 'NONE',  ( 1.882711250335669773, 24.50000000000000000, 4.360951541562863021 ) ) ;
#3297 = ORIENTED_EDGE ( 'NONE', *, *, #5397, .T. ) ;
#3298 = CARTESIAN_POINT ( 'NONE',  ( -13.47599999999996889, 10.33646968374164032, -1.229236914732483852E-14 ) ) ;
#3299 = EDGE_CURVE ( 'NONE', #1718, #1414, #1434, .T. ) ;
#3300 = CARTESIAN_POINT ( 'NONE',  ( 1.759585091255567724, 25.45447768495442631, -3.270505927471252239 ) ) ;
#3301 = B_SPLINE_CURVE_WITH_KNOTS ( 'NONE', 3,
 ( #2418, #3955, #1662, #1771 ),
 .UNSPECIFIED., .F., .F.,
 ( 4, 4 ),
 ( 0.000000000000000000, 0.0001906956393606413374 ),
 .UNSPECIFIED. ) ;
#3302 = CARTESIAN_POINT ( 'NONE',  ( 0.000000000000000000, 0.2499999999999993616, 0.000000000000000000 ) ) ;
#3303 = PRODUCT_DEFINITION_SHAPE ( 'NONE', 'NONE',  #990 ) ;
#3304 = CARTESIAN_POINT ( 'NONE',  ( 1.620094616491330797, 31.88631336310443487, 1.625221809074955948 ) ) ;
#3305 = CARTESIAN_POINT ( 'NONE',  ( -11.75107311511843733, 5.881755308982937969, -6.784485226280621895 ) ) ;
#3306 = EDGE_CURVE ( 'NONE', #5391, #3901, #2269, .T. ) ;
#3307 = CARTESIAN_POINT ( 'NONE',  ( 0.000000000000000000, 24.00000000000000000, 0.000000000000000000 ) ) ;
#3308 = CARTESIAN_POINT ( 'NONE',  ( -3.712133762045476182, 25.45447768495442631, 0.1114075745879097579 ) ) ;
#3309 =( BOUNDED_SURFACE ( )  B_SPLINE_SURFACE ( 3, 2, ( 
 ( #3681, #6143, #2628 ),
 ( #4379, #4294, #6031 ),
 ( #1985, #1950, #1535 ),
 ( #7240, #4260, #970 ),
 ( #824, #346, #5580 ),
 ( #4412, #5543, #1417 ) ),
 .UNSPECIFIED., .F., .F., .T. ) 
 B_SPLINE_SURFACE_WITH_KNOTS ( ( 4, 2, 4 ),
 ( 3, 3 ),
 ( 0.0005015624206431886769, 0.0008938754138774623881, 0.001286188407111735991 ),
 ( 0.000000000000000000, 1.000000000000000000 ),
 .UNSPECIFIED. ) 
 GEOMETRIC_REPRESENTATION_ITEM ( )  RATIONAL_B_SPLINE_SURFACE ( (
 ( 1.000000000000000000, 0.7071067811865526798, 1.000000000000000000),
 ( 1.000000000000000000, 0.7014278231337106595, 1.000000000000000000),
 ( 1.000000000000000000, 0.6852369950020958944, 1.000000000000000000),
 ( 1.000000000000000000, 0.6544534626343366801, 1.000000000000000000),
 ( 1.000000000000000000, 0.6406553719867701391, 1.000000000000000000),
 ( 1.000000000000000000, 0.6411794687223785205, 1.000000000000000000) ) ) 
 REPRESENTATION_ITEM ( '' )  SURFACE ( )  );
#3310 = ADVANCED_FACE ( 'NONE', ( #2233, #5042 ), #3438, .F. ) ;
#3311 = DIRECTION ( 'NONE',  ( 0.000000000000000000, 0.000000000000000000, -1.000000000000000000 ) ) ;
#3312 = DIRECTION ( 'NONE',  ( 0.3555555555555556246, 1.938935449239260594E-16, 0.9346551486583595247 ) ) ;
#3313 = CARTESIAN_POINT ( 'NONE',  ( -8.423000758875906158, 4.578664794285247197, 12.41200407215068680 ) ) ;
#3314 = ORIENTED_EDGE ( 'NONE', *, *, #2992, .T. ) ;
#3315 = EDGE_LOOP ( 'NONE', ( #5294, #5560, #1968, #2725 ) ) ;
#3316 = FACE_OUTER_BOUND ( 'NONE', #5514, .T. ) ;
#3317 = CARTESIAN_POINT ( 'NONE',  ( -11.67055834139907411, 10.75980301707497411, 6.737999999999971124 ) ) ;
#3318 = CARTESIAN_POINT ( 'NONE',  ( 14.99999999999996625, 5.096254540163326574, -4.019237886466831888 ) ) ;
#3319 = FACE_OUTER_BOUND ( 'NONE', #2953, .T. ) ;
#3320 = CARTESIAN_POINT ( 'NONE',  ( 1.704987981862507773, 31.99173094480054758, -1.505219837506980518 ) ) ;
#3321 = B_SPLINE_CURVE_WITH_KNOTS ( 'NONE', 3,
 ( #414, #4371, #1604, #1038 ),
 .UNSPECIFIED., .F., .F.,
 ( 4, 4 ),
 ( 4.001726896889476177E-07, 0.001173733666677718827 ),
 .UNSPECIFIED. ) ;
#3322 = CARTESIAN_POINT ( 'NONE',  ( -3.678942412079325486, 12.53639242821085098, 13.72999999999996312 ) ) ;
#3323 = CARTESIAN_POINT ( 'NONE',  ( 0.6596826811492637610, 31.75000000000000000, 2.242603920623763347 ) ) ;
#3324 = DIRECTION ( 'NONE',  ( -0.8660254037844433705, 0.000000000000000000, -0.4999999999999917843 ) ) ;
#3325 = ORIENTED_EDGE ( 'NONE', *, *, #648, .T. ) ;
#3326 = DIRECTION ( 'NONE',  ( 1.000000000000000000, 0.000000000000000000, 0.000000000000000000 ) ) ;
#3327 = DIRECTION ( 'NONE',  ( 0.000000000000000000, 1.000000000000000000, 0.000000000000000000 ) ) ;
#3328 = CARTESIAN_POINT ( 'NONE',  ( 3.994326528783080921, 5.618637119227915200, 14.90702954743872333 ) ) ;
#3329 = CYLINDRICAL_SURFACE ( 'NONE', #6766, 0.2499999999999996669 ) ;
#3330 = CARTESIAN_POINT ( 'NONE',  ( 0.000000000000000000, 17.00000000000000000, 0.000000000000000000 ) ) ;
#3331 = CARTESIAN_POINT ( 'NONE',  ( 15.00004596654741995, 1.427756150741998242, 0.02398599552416038130 ) ) ;
#3332 = CARTESIAN_POINT ( 'NONE',  ( 1.583839895585948732, 25.34497773983818547, 3.395347521243520017 ) ) ;
#3333 = EDGE_LOOP ( 'NONE', ( #6417, #1108, #4015, #3141 ) ) ;
#3334 = CARTESIAN_POINT ( 'NONE',  ( -2.102974084481309625, 32.00000000000000000, -0.8000000000000000444 ) ) ;
#3335 = EDGE_LOOP ( 'NONE', ( #7018, #4720, #1077, #6161 ) ) ;
#3336 = CARTESIAN_POINT ( 'NONE',  ( 2.095474967091777163, 24.00000000000000000, 4.262802442324968411 ) ) ;
#3337 = CARTESIAN_POINT ( 'NONE',  ( 1.856066881022707893, 25.45447768495442631, -3.214802140177297929 ) ) ;
#3338 = CARTESIAN_POINT ( 'NONE',  ( 8.438983337949684582, 10.62225697412147873, 12.40095123975306635 ) ) ;
#3339 = AXIS2_PLACEMENT_3D ( 'NONE', #4063, #2374, #7029 ) ;
#3340 = CARTESIAN_POINT ( 'NONE',  ( 3.610883317201814435, 8.854803017074976523, -13.47599999999996356 ) ) ;
#3341 = CARTESIAN_POINT ( 'NONE',  ( 6.864999999999994884, 9.784725761544184053, -11.89052879396031237 ) ) ;
#3342 = CARTESIAN_POINT ( 'NONE',  ( 0.6071800359073543651, 31.87187825835955479, -2.213752426143249075 ) ) ;
#3343 = DIRECTION ( 'NONE',  ( -0.4999999999999913403, 0.000000000000000000, 0.8660254037844437036 ) ) ;
#3344 = DIRECTION ( 'NONE',  ( 0.1594074307613703445, 0.000000000000000000, -0.9872128802938396896 ) ) ;
#3345 = EDGE_CURVE ( 'NONE', #1897, #4140, #2512, .T. ) ;
#3346 = VECTOR ( 'NONE', #6007, 1000.000000000000000 ) ;
#3347 = EDGE_CURVE ( 'NONE', #2008, #2008, #5175, .T. ) ;
#3348 = CARTESIAN_POINT ( 'NONE',  ( -14.79320771750348307, 3.645358748577843144, -2.663837756576051596 ) ) ;
#3349 = ORIENTED_EDGE ( 'NONE', *, *, #4433, .F. ) ;
#3350 = ORIENTED_EDGE ( 'NONE', *, *, #270, .T. ) ;
#3351 = CARTESIAN_POINT ( 'NONE',  ( -4.674335629824573068, 24.50000000000000711, 0.8444444444444454412 ) ) ;
#3352 = CARTESIAN_POINT ( 'NONE',  ( 9.865116682798173997, 9.133118189755020211, -9.865116682798158010 ) ) ;
#3353 = ADVANCED_FACE ( 'NONE', ( #3476, #1329 ), #6493, .T. ) ;
#3354 = CARTESIAN_POINT ( 'NONE',  ( 14.99999999999996980, 4.884587873496668564, 0.000000000000000000 ) ) ;
#3355 = DIRECTION ( 'NONE',  ( 0.000000000000000000, 0.000000000000000000, -1.000000000000000000 ) ) ;
#3356 = CARTESIAN_POINT ( 'NONE',  ( -4.739432689913654073, 25.25000000000000000, 0.3166666666666665408 ) ) ;
#3357 = DIRECTION ( 'NONE',  ( -0.000000000000000000, -1.000000000000000000, -0.000000000000000000 ) ) ;
#3358 = CARTESIAN_POINT ( 'NONE',  ( 0.6652959308043571163, 31.94316324104812566, -2.415279940913233947 ) ) ;
#3359 = CYLINDRICAL_SURFACE ( 'NONE', #33, 0.2500000000000000000 ) ;
#3360 = EDGE_LOOP ( 'NONE', ( #2580, #7155, #5603 ) ) ;
#3361 = AXIS2_PLACEMENT_3D ( 'NONE', #6271, #5036, #2834 ) ;
#3362 = CARTESIAN_POINT ( 'NONE',  ( 0.7674306736971279186, 31.78990666390663122, -2.429228918130283965 ) ) ;
#3363 = CIRCLE ( 'NONE', #135, 0.2500000000000002220 ) ;
#3364 = CARTESIAN_POINT ( 'NONE',  ( -3.994326528783100461, 5.195303785894582305, 14.90702954743871622 ) ) ;
#3365 = CARTESIAN_POINT ( 'NONE',  ( -11.89052879396031059, 9.473195445285812255, -6.864999999999997549 ) ) ;
#3366 = CARTESIAN_POINT ( 'NONE',  ( 1.710950711025705395, 25.25000000000000000, 3.563453560742581239 ) ) ;
#3367 = CARTESIAN_POINT ( 'NONE',  ( -14.74599999999996314, 6.772980301707500317, -3.951178791589331496 ) ) ;
#3368 = DIRECTION ( 'NONE',  ( 1.000000000000000000, -0.000000000000000000, 0.000000000000000000 ) ) ;
#3369 = AXIS2_PLACEMENT_3D ( 'NONE', #5468, #308, #483 ) ;
#3370 = PRESENTATION_LAYER_ASSIGNMENT (  '', '', ( #4586 ) ) ;
#3371 = ORIENTED_EDGE ( 'NONE', *, *, #1105, .F. ) ;
#3372 = CARTESIAN_POINT ( 'NONE',  ( 0.000000000000000000, 32.25000000000000000, 0.000000000000000000 ) ) ;
#3373 = ORIENTED_EDGE ( 'NONE', *, *, #4246, .T. ) ;
#3374 = AXIS2_PLACEMENT_3D ( 'NONE', #3057, #6916, #5251 ) ;
#3375 = DIRECTION ( 'NONE',  ( 0.5000000000000039968, -0.000000000000000000, 0.8660254037844362651 ) ) ;
#3376 = CARTESIAN_POINT ( 'NONE',  ( -3.712133762045476626, 25.45447768495442276, -0.1114075745879103130 ) ) ;
#3377 = ADVANCED_FACE ( 'NONE', ( #5340, #2352 ), #6390, .T. ) ;
#3378 =( BOUNDED_SURFACE ( )  B_SPLINE_SURFACE ( 3, 2, ( 
 ( #2327, #4898, #7201 ),
 ( #3647, #3153, #2557 ),
 ( #1305, #755, #5471 ),
 ( #4751, #5992, #6481 ) ),
 .UNSPECIFIED., .F., .F., .T. ) 
 B_SPLINE_SURFACE_WITH_KNOTS ( ( 4, 4 ),
 ( 3, 3 ),
 ( 0.0008733338717191882700, 0.0009742838516101391200 ),
 ( 0.000000000000000000, 1.000000000000000000 ),
 .UNSPECIFIED. ) 
 GEOMETRIC_REPRESENTATION_ITEM ( )  RATIONAL_B_SPLINE_SURFACE ( (
 ( 1.000000000000000000, 0.7556112545594197982, 1.000000000000000000),
 ( 1.000000000000000000, 0.7450641466348330022, 1.000000000000000000),
 ( 1.000000000000000000, 0.7365321176099448586, 1.000000000000000000),
 ( 1.000000000000000000, 0.7314725590610350325, 1.000000000000000000) ) ) 
 REPRESENTATION_ITEM ( '' )  SURFACE ( )  );
#3379 = AXIS2_PLACEMENT_3D ( 'NONE', #3847, #7369, #6773 ) ;
#3380 = ORIENTED_EDGE ( 'NONE', *, *, #3451, .T. ) ;
#3381 = CARTESIAN_POINT ( 'NONE',  ( 1.978977131645764054, 25.25000000000000000, -3.427688939027459636 ) ) ;
#3382 = FACE_OUTER_BOUND ( 'NONE', #7329, .T. ) ;
#3383 = DIRECTION ( 'NONE',  ( 0.000000000000000000, 0.000000000000000000, -1.000000000000000000 ) ) ;
#3384 = CARTESIAN_POINT ( 'NONE',  ( 13.72999999999997200, 4.069725761544184195, -3.678942412079297952 ) ) ;
#3385 = AXIS2_PLACEMENT_3D ( 'NONE', #2922, #5758, #5344 ) ;
#3386 = CARTESIAN_POINT ( 'NONE',  ( 1.710950711025705395, 25.25000000000000000, 3.563453560742581239 ) ) ;
#3387 = VECTOR ( 'NONE', #3707, 1000.000000000000114 ) ;
#3388 = B_SPLINE_CURVE_WITH_KNOTS ( 'NONE', 3,
 ( #439, #2723, #3320, #5632, #6841, #6954 ),
 .UNSPECIFIED., .F., .F.,
 ( 4, 2, 4 ),
 ( 0.000000000000000000, 0.0001375783185092412152, 0.0002751566370184824304 ),
 .UNSPECIFIED. ) ;
#3389 = CARTESIAN_POINT ( 'NONE',  ( 15.02415211851582733, 6.356255699632484379, -0.4543715352644216443 ) ) ;
#3390 = ORIENTED_EDGE ( 'NONE', *, *, #3680, .F. ) ;
#3391 = ORIENTED_EDGE ( 'NONE', *, *, #6380, .F. ) ;
#3392 = CARTESIAN_POINT ( 'NONE',  ( 2.643957722821919543, 24.00000000000000000, 3.946135775658299760 ) ) ;
#3393 = CARTESIAN_POINT ( 'NONE',  ( -4.482468775166351701E-15, 13.33464696837416774, 14.74599999999996491 ) ) ;
#3394 = CARTESIAN_POINT ( 'NONE',  ( -3.949601454700663261, 25.25000000000000000, 0.2464672573337577666 ) ) ;
#3395 = EDGE_CURVE ( 'NONE', #6884, #573, #6140, .T. ) ;
#3396 = CARTESIAN_POINT ( 'NONE',  ( -4.465903352397400994, 25.22294499914779209, 0.4303194864841234368 ) ) ;
#3397 = DIRECTION ( 'NONE',  ( -0.000000000000000000, -1.000000000000000000, -0.000000000000000000 ) ) ;
#3398 = CARTESIAN_POINT ( 'NONE',  ( -3.689820984012683880, 25.45486940119457842, 0.3327259559394493138 ) ) ;
#3399 = CARTESIAN_POINT ( 'NONE',  ( 1.638438416236727146, 32.09355210119220203, 1.888974481374208647 ) ) ;
#3400 = ORIENTED_EDGE ( 'NONE', *, *, #1566, .F. ) ;
#3401 = CARTESIAN_POINT ( 'NONE',  ( 0.6253560291686723893, 31.84131709439716573, -2.217697286773626431 ) ) ;
#3402 = CARTESIAN_POINT ( 'NONE',  ( 6.784485226280590808, 6.602832564513725799, 11.75107311511845509 ) ) ;
#3403 = CARTESIAN_POINT ( 'NONE',  ( -12.90986628304717243, 3.713637119227915839, -7.453514773719366104 ) ) ;
#3404 = CARTESIAN_POINT ( 'NONE',  ( 13.98399999999996446, 2.716469683741635777, 7.094690080529301315E-15 ) ) ;
#3405 = B_SPLINE_CURVE_WITH_KNOTS ( 'NONE', 3,
 ( #7104, #909, #5971, #249, #1998, #3658 ),
 .UNSPECIFIED., .F., .F.,
 ( 4, 2, 4 ),
 ( 0.000000000000000000, 0.0003520133843547317226, 0.0007040267687094634453 ),
 .UNSPECIFIED. ) ;
#3406 = CARTESIAN_POINT ( 'NONE',  ( -12.77041060420529739, 6.561313635040833425, -7.372999999999989562 ) ) ;
#3407 = CARTESIAN_POINT ( 'NONE',  ( 2.643957722821864920, 25.50000000000000355, -3.946135775658336176 ) ) ;
#3408 = B_SPLINE_CURVE_WITH_KNOTS ( 'NONE', 3,
 ( #2819, #5277, #6906, #120 ),
 .UNSPECIFIED., .F., .F.,
 ( 4, 4 ),
 ( 4.000015254995707230E-07, 0.001174032173969346508 ),
 .UNSPECIFIED. ) ;
#3409 = ORIENTED_EDGE ( 'NONE', *, *, #2574, .F. ) ;
#3410 = CARTESIAN_POINT ( 'NONE',  ( -2.433305269872321652, 31.90325221641044351, 0.6014500654764615151 ) ) ;
#3411 = ORIENTED_EDGE ( 'NONE', *, *, #6183, .T. ) ;
#3412 = EDGE_LOOP ( 'NONE', ( #7045 ) ) ;
#3413 = CARTESIAN_POINT ( 'NONE',  ( -4.674335629824511784, 0.000000000000000000, 0.8444444444444448861 ) ) ;
#3414 = DIRECTION ( 'NONE',  ( 0.1820892601823072832, 0.9832820049844601673, -0.000000000000000000 ) ) ;
#3415 = CARTESIAN_POINT ( 'NONE',  ( 0.4158903715092236997, 32.00000000000000000, 1.472303896148192237 ) ) ;
#3416 = ORIENTED_EDGE ( 'NONE', *, *, #465, .F. ) ;
#3417 = B_SPLINE_CURVE_WITH_KNOTS ( 'NONE', 3,
 ( #5480, #4906, #7136, #870 ),
 .UNSPECIFIED., .F., .F.,
 ( 4, 4 ),
 ( 0.000000000000000000, 0.0001006850096840647369 ),
 .UNSPECIFIED. ) ;
#3418 = DIRECTION ( 'NONE',  ( 0.8502208435324434266, 0.5264261745230571776, 0.000000000000000000 ) ) ;
#3419 = CARTESIAN_POINT ( 'NONE',  ( 6.737999999999965794, 7.651451523088355522, 11.67055834139907766 ) ) ;
#3420 = CARTESIAN_POINT ( 'NONE',  ( -6.864999999999999325, 12.32472576154418498, 11.89052879396031059 ) ) ;
#3421 = CARTESIAN_POINT ( 'NONE',  ( 0.7226500278043167524, 31.88938372160084711, -2.423936300145108635 ) ) ;
#3422 = DIRECTION ( 'NONE',  ( 0.000000000000000000, 0.000000000000000000, 1.000000000000000000 ) ) ;
#3423 = EDGE_CURVE ( 'NONE', #4445, #692, #5315, .T. ) ;
#3424 = CARTESIAN_POINT ( 'NONE',  ( 14.49906292586454626, 6.540321280549420635, -3.847421124482319765 ) ) ;
#3425 = ORIENTED_EDGE ( 'NONE', *, *, #5674, .T. ) ;
#3426 = VERTEX_POINT ( 'NONE', #2917 ) ;
#3427 = DIRECTION ( 'NONE',  ( 0.000000000000000000, 0.000000000000000000, -1.000000000000000000 ) ) ;
#3428 = CARTESIAN_POINT ( 'NONE',  ( -13.47599999999996356, 5.746451523088355273, -3.610883317201815323 ) ) ;
#3429 = FACE_OUTER_BOUND ( 'NONE', #4680, .T. ) ;
#3430 = CARTESIAN_POINT ( 'NONE',  ( 2.148571628483276097, 25.34489806066955708, 3.069403886201385490 ) ) ;
#3431 = CARTESIAN_POINT ( 'NONE',  ( -10.05105758792067583, 5.451528778619143978, 10.05105758792064918 ) ) ;
#3432 = CARTESIAN_POINT ( 'NONE',  ( 0.6957815991257199073, 31.90325221641045061, -2.408029211610219100 ) ) ;
#3433 = CARTESIAN_POINT ( 'NONE',  ( 5.750000000000002665, 17.00000000000000000, 0.000000000000000000 ) ) ;
#3434 = EDGE_LOOP ( 'NONE', ( #4178, #5161, #5681, #468 ) ) ;
#3435 = CARTESIAN_POINT ( 'NONE',  ( 1.606388290422731568, 31.78198060840269790, -1.682346135695921951 ) ) ;
#3436 = CARTESIAN_POINT ( 'NONE',  ( -13.56897045256121359, 9.777832564513724734, -3.635794674885558297 ) ) ;
#3437 = CARTESIAN_POINT ( 'NONE',  ( 12.99038105676655341, 6.939274238455827692, -7.499999999999983125 ) ) ;
#3438 = PLANE ( 'NONE',  #2520 ) ;
#3439 = CARTESIAN_POINT ( 'NONE',  ( 12.90986628304717598, 4.960950754268747431, -7.453514773719358999 ) ) ;
#3440 = CARTESIAN_POINT ( 'NONE',  ( 1.938119294742457699, 32.25000000000000000, 1.579143311845697673 ) ) ;
#3441 = ADVANCED_FACE ( 'NONE', ( #213 ), #6516, .F. ) ;
#3442 = EDGE_LOOP ( 'NONE', ( #4595 ) ) ;
#3443 = EDGE_CURVE ( 'NONE', #6454, #325, #1970, .T. ) ;
#3444 = DIRECTION ( 'NONE',  ( -0.000000000000000000, 1.000000000000000000, 0.000000000000000000 ) ) ;
#3445 = ORIENTED_EDGE ( 'NONE', *, *, #3779, .T. ) ;
#3446 = CARTESIAN_POINT ( 'NONE',  ( 1.077080034238407036, 31.79552231499711112, -1.134290031447222846 ) ) ;
#3447 = EDGE_CURVE ( 'NONE', #7077, #5857, #2046, .T. ) ;
#3448 = ORIENTED_EDGE ( 'NONE', *, *, #6436, .F. ) ;
#3449 = CARTESIAN_POINT ( 'NONE',  ( -3.824253176711015723, 25.27049273080752201, -0.3134875056440444840 ) ) ;
#3450 = CARTESIAN_POINT ( 'NONE',  ( -4.428317965097845921, 24.43300277366493845, 0.5500000000007783107 ) ) ;
#3451 = EDGE_CURVE ( 'NONE', #6040, #7077, #4242, .T. ) ;
#3452 = CARTESIAN_POINT ( 'NONE',  ( -2.490882412125688283, 31.92006045487152122, 0.3459452006600839957 ) ) ;
#3453 = ORIENTED_EDGE ( 'NONE', *, *, #2020, .T. ) ;
#3454 = CARTESIAN_POINT ( 'NONE',  ( -3.610883317201788678, 4.899784856421688595, -13.47599999999997245 ) ) ;
#3455 = CARTESIAN_POINT ( 'NONE',  ( -13.72999999999996668, 11.26639242821085318, -3.678942412079319269 ) ) ;
#3456 = CARTESIAN_POINT ( 'NONE',  ( 6.864999999999968239, 13.17139242821085077, 11.89052879396032836 ) ) ;
#3457 = EDGE_CURVE ( 'NONE', #4140, #1591, #366, .T. ) ;
#3458 = CARTESIAN_POINT ( 'NONE',  ( -4.577297232741848632, 4.812045578109232835, 14.30627408953881563 ) ) ;
#3459 = ORIENTED_EDGE ( 'NONE', *, *, #2936, .T. ) ;
#3460 = ORIENTED_EDGE ( 'NONE', *, *, #2108, .T. ) ;
#3461 = CARTESIAN_POINT ( 'NONE',  ( 1.859690876073395893, 25.41533853840699564, -3.221079083731467563 ) ) ;
#3462 = CARTESIAN_POINT ( 'NONE',  ( -3.951178791589339934, 13.12298030170750174, 14.74599999999996136 ) ) ;
#3463 = CARTESIAN_POINT ( 'NONE',  ( 10.98076211353313170, 9.329587873496661743, 10.98076211353313703 ) ) ;
#3464 = EDGE_CURVE ( 'NONE', #4502, #2074, #6566, .T. ) ;
#3465 = CYLINDRICAL_SURFACE ( 'NONE', #1088, 0.2500000000000000000 ) ;
#3466 = CIRCLE ( 'NONE', #3339, 0.2500000000000000000 ) ;
#3467 = DIRECTION ( 'NONE',  ( 0.4999999999999920619, 0.000000000000000000, -0.8660254037844432595 ) ) ;
#3468 = CARTESIAN_POINT ( 'NONE',  ( 0.3985185769034259584, 32.00000000000000000, -2.468032200734599169 ) ) ;
#3469 = CARTESIAN_POINT ( 'NONE',  ( -4.674335629824511784, 24.36361589856473486, -0.8444444444444445530 ) ) ;
#3470 = ORIENTED_EDGE ( 'NONE', *, *, #2108, .F. ) ;
#3471 = AXIS2_PLACEMENT_3D ( 'NONE', #276, #1910, #314 ) ;
#3472 = CARTESIAN_POINT ( 'NONE',  ( 3.000000000000023093, 25.45710678118654968, 5.196152422706616925 ) ) ;
#3473 = CARTESIAN_POINT ( 'NONE',  ( 13.47599999999997245, 2.742195445285811939, -3.610883317201789566 ) ) ;
#3474 = CARTESIAN_POINT ( 'NONE',  ( -3.951178791589322614, 3.171607571789161639, -14.74599999999996491 ) ) ;
#3475 = TOROIDAL_SURFACE ( 'NONE', #2653, 1.016000045635572002, 0.5079999434344798503 ) ;
#3476 = FACE_OUTER_BOUND ( 'NONE', #879, .T. ) ;
#3477 = CARTESIAN_POINT ( 'NONE',  ( 10.91270301865562509, 8.982617420935412156, 10.91270301865563219 ) ) ;
#3478 = CARTESIAN_POINT ( 'NONE',  ( 2.095474967091718099, 24.24999999999999645, -4.262802442325000385 ) ) ;
#3479 = VERTEX_POINT ( 'NONE', #5899 ) ;
#3480 = CIRCLE ( 'NONE', #843, 4.750000000000000000 ) ;
#3481 = ORIENTED_EDGE ( 'NONE', *, *, #1649, .F. ) ;
#3482 = DIRECTION ( 'NONE',  ( 0.000000000000000000, 0.000000000000000000, 1.000000000000000000 ) ) ;
#3483 = ORIENTED_EDGE ( 'NONE', *, *, #600, .T. ) ;
#3484 = CARTESIAN_POINT ( 'NONE',  ( -4.428317965096905340, 0.000000000000000000, 0.8000000000000000444 ) ) ;
#3485 = DIRECTION ( 'NONE',  ( -0.5000000000000041078, 0.000000000000000000, -0.8660254037844362651 ) ) ;
#3486 = CARTESIAN_POINT ( 'NONE',  ( 0.4437839653735387024, 31.79552231499709691, 1.499923687283087892 ) ) ;
#3487 = EDGE_CURVE ( 'NONE', #5345, #1348, #6670, .T. ) ;
#3488 = CIRCLE ( 'NONE', #3606, 5.916666666666640317 ) ;
#3489 = CIRCLE ( 'NONE', #4353, 1.523999999999999355 ) ;
#3490 = ORIENTED_EDGE ( 'NONE', *, *, #6679, .F. ) ;
#3491 = ADVANCED_FACE ( 'NONE', ( #4692 ), #4225, .F. ) ;
#3492 = VECTOR ( 'NONE', #5033, 1000.000000000000114 ) ;
#3493 = CARTESIAN_POINT ( 'NONE',  ( 0.000000000000000000, 25.00000000000000000, 0.5500000000000000444 ) ) ;
#3494 = AXIS2_PLACEMENT_3D ( 'NONE', #6992, #3397, #1137 ) ;
#3495 = B_SPLINE_CURVE_WITH_KNOTS ( 'NONE', 3,
 ( #5671, #510, #3396, #5109, #5709, #5289 ),
 .UNSPECIFIED., .F., .F.,
 ( 4, 2, 4 ),
 ( 0.000000000000000000, 0.0001995001702605718604, 0.0003990003405211437208 ),
 .UNSPECIFIED. ) ;
#3496 = CARTESIAN_POINT ( 'NONE',  ( 13.21297536001013384, 12.71702702658771500, 2.649501488160402207 ) ) ;
#3497 = CARTESIAN_POINT ( 'NONE',  ( -2.455119096088930419, 32.09355210119238677, 0.4744420503104334608 ) ) ;
#3498 = CARTESIAN_POINT ( 'NONE',  ( 11.89052879396030882, 13.59472576154418455, 6.864999999999999325 ) ) ;
#3499 = CIRCLE ( 'NONE', #2785, 2.500000000000000000 ) ;
#3500 = CARTESIAN_POINT ( 'NONE',  ( 14.83225785194811230, 6.198551263179870041, 2.436334822478134932 ) ) ;
#3501 = EDGE_LOOP ( 'NONE', ( #3481, #1382, #6935, #1766 ) ) ;
#3502 = EDGE_LOOP ( 'NONE', ( #2845 ) ) ;
#3503 = FACE_OUTER_BOUND ( 'NONE', #2399, .T. ) ;
#3504 = CARTESIAN_POINT ( 'NONE',  ( 9.865116682798173997, 4.053118189755021028, -9.865116682798158010 ) ) ;
#3505 = CARTESIAN_POINT ( 'NONE',  ( -4.674335629824511784, 25.13638410143528290, 0.8444444444444445530 ) ) ;
#3506 = FACE_OUTER_BOUND ( 'NONE', #6194, .T. ) ;
#3507 = ADVANCED_FACE ( 'NONE', ( #4735 ), #5300, .T. ) ;
#3508 = CARTESIAN_POINT ( 'NONE',  ( 3.678942412079318824, 8.414862111952476909, -13.72999999999996668 ) ) ;
#3509 = DIRECTION ( 'NONE',  ( -0.000000000000000000, -1.000000000000000000, -0.000000000000000000 ) ) ;
#3510 = PLANE ( 'NONE',  #1316 ) ;
#3511 = VERTEX_POINT ( 'NONE', #696 ) ;
#3512 = B_SPLINE_CURVE_WITH_KNOTS ( 'NONE', 3,
 ( #1165, #59, #6950, #5817 ),
 .UNSPECIFIED., .F., .F.,
 ( 4, 4 ),
 ( 0.000000000000000000, 0.0001938939034487253857 ),
 .UNSPECIFIED. ) ;
#3513 = CARTESIAN_POINT ( 'NONE',  ( -7.372999999999978016, 3.383274238455829419, -12.77041060420530449 ) ) ;
#3514 = CARTESIAN_POINT ( 'NONE',  ( -3.635794674885532984, 3.851165897847058872, -13.56897045256122070 ) ) ;
#3515 = CARTESIAN_POINT ( 'NONE',  ( 14.74599999999996136, 6.558274238455828353, 3.951178791589339934 ) ) ;
#3516 = CARTESIAN_POINT ( 'NONE',  ( 13.72999999999997200, 3.858059094877517303, 0.000000000000000000 ) ) ;
#3517 = CARTESIAN_POINT ( 'NONE',  ( 3.994326528783080921, 13.63928408760207844, 14.90702954743872333 ) ) ;
#3518 = CARTESIAN_POINT ( 'NONE',  ( 0.000000000000000000, 25.45710678118654968, 0.000000000000000000 ) ) ;
#3519 = ORIENTED_EDGE ( 'NONE', *, *, #3347, .F. ) ;
#3520 = CARTESIAN_POINT ( 'NONE',  ( 1.584592631793871886, 31.75000000000000000, 1.144594947566251575 ) ) ;
#3521 = ORIENTED_EDGE ( 'NONE', *, *, #2370, .T. ) ;
#3522 = DIRECTION ( 'NONE',  ( 0.9872128802938374692, 2.140676699040499567E-16, -0.1594074307613841113 ) ) ;
#3523 = VERTEX_POINT ( 'NONE', #3739 ) ;
#3524 = CARTESIAN_POINT ( 'NONE',  ( -3.941516664322049390, 24.99999999999997868, -0.5500000000000000444 ) ) ;
#3525 = CARTESIAN_POINT ( 'NONE',  ( 13.21297647472622749, 12.95090991170461869, 2.649496054434518744 ) ) ;
#3526 = DIRECTION ( 'NONE',  ( 0.000000000000000000, 0.1583515888048944720, -0.9873827901695297893 ) ) ;
#3527 = DIRECTION ( 'NONE',  ( -0.000000000000000000, -1.000000000000000000, -0.000000000000000000 ) ) ;
#3528 = CARTESIAN_POINT ( 'NONE',  ( 3.068478155885747682, 24.50000000000000000, -3.625871179020566881 ) ) ;
#3529 = CARTESIAN_POINT ( 'NONE',  ( 0.6538448422936425919, 31.78152431302692094, 2.232492487119427604 ) ) ;
#3530 = ADVANCED_FACE ( 'NONE', ( #7301 ), #2689, .T. ) ;
#3531 = CARTESIAN_POINT ( 'NONE',  ( -13.47599999999996356, 5.746451523088355273, -3.610883317201815323 ) ) ;
#3532 = CARTESIAN_POINT ( 'NONE',  ( 1.150568157496016486, 32.00000000000000000, 1.091344410496385198 ) ) ;
#3533 = CARTESIAN_POINT ( 'NONE',  ( 6.864999999999994884, 9.784725761544184053, -11.89052879396031237 ) ) ;
#3534 = EDGE_CURVE ( 'NONE', #7105, #6912, #192, .T. ) ;
#3535 = CARTESIAN_POINT ( 'NONE',  ( 12.56525542604775758, 6.796193181148790785, -8.196757183728498930 ) ) ;
#3536 = ORIENTED_EDGE ( 'NONE', *, *, #2707, .T. ) ;
#3537 = EDGE_LOOP ( 'NONE', ( #6320, #1645, #5665 ) ) ;
#3538 = CARTESIAN_POINT ( 'NONE',  ( -13.47599999999996889, 11.22405909487751785, -1.229236914732483852E-14 ) ) ;
#3539 = EDGE_CURVE ( 'NONE', #1507, #7402, #7386, .T. ) ;
#3540 = CARTESIAN_POINT ( 'NONE',  ( 0.6046015103119568579, 32.04552231504558080, 1.647200534193171917 ) ) ;
#3541 = CARTESIAN_POINT ( 'NONE',  ( 14.99784946666663643, 4.444646968374167173, 0.2539908959123997612 ) ) ;
#3542 = CARTESIAN_POINT ( 'NONE',  ( 6.864999999999968239, 6.509862111952478436, 11.89052879396032836 ) ) ;
#3543 = CARTESIAN_POINT ( 'NONE',  ( 1.435656102228221931, 31.99999999999999289, -0.8866293112556062894 ) ) ;
#3544 = ORIENTED_EDGE ( 'NONE', *, *, #6594, .T. ) ;
#3545 = CARTESIAN_POINT ( 'NONE',  ( -13.56897045256121714, 9.989499231180390737, -1.165454554367648155E-14 ) ) ;
#3546 = CARTESIAN_POINT ( 'NONE',  ( 10.79482120841064230, 7.404940905122496808, -10.79482120841063875 ) ) ;
#3547 = DIRECTION ( 'NONE',  ( 0.8660254037844432595, 0.000000000000000000, 0.4999999999999920064 ) ) ;
#3548 = DIRECTION ( 'NONE',  ( 0.000000000000000000, 0.000000000000000000, -1.000000000000000000 ) ) ;
#3549 = CARTESIAN_POINT ( 'NONE',  ( 10.91270301865563042, 5.172617420935413435, -10.91270301865563042 ) ) ;
#3550 =( BOUNDED_SURFACE ( )  B_SPLINE_SURFACE ( 3, 2, ( 
 ( #2391, #5865, #75 ),
 ( #1786, #6397, #2994 ),
 ( #3033, #3553, #5832 ),
 ( #1896, #665, #2954 ),
 ( #4170, #6351, #2356 ),
 ( #2469, #1825, #1182 ) ),
 .UNSPECIFIED., .F., .F., .T. ) 
 B_SPLINE_SURFACE_WITH_KNOTS ( ( 4, 2, 4 ),
 ( 3, 3 ),
 ( 0.0001962040697717506131, 0.0004506371868516289387, 0.0007050703039315072643 ),
 ( 0.000000000000000000, 1.000000000000000000 ),
 .UNSPECIFIED. ) 
 GEOMETRIC_REPRESENTATION_ITEM ( )  RATIONAL_B_SPLINE_SURFACE ( (
 ( 1.000000000000000000, 0.7071067811865474617, 1.000000000000000000),
 ( 1.000000000000000000, 0.7272618525990619531, 1.000000000000000000),
 ( 1.000000000000000000, 0.7404978363822454224, 1.000000000000000000),
 ( 1.000000000000000000, 0.7548269348957574731, 1.000000000000000000),
 ( 1.000000000000000000, 0.7562122370880383082, 1.000000000000000000),
 ( 1.000000000000000000, 0.7556112545594108054, 1.000000000000000000) ) ) 
 REPRESENTATION_ITEM ( '' )  SURFACE ( )  );
#3551 = DIRECTION ( 'NONE',  ( 1.000000000000000000, 0.000000000000000000, 0.000000000000000000 ) ) ;
#3552 = ORIENTED_EDGE ( 'NONE', *, *, #876, .T. ) ;
#3553 = CARTESIAN_POINT ( 'NONE',  ( 0.5154135936516074379, 32.01184860762801776, 2.447717949796381909 ) ) ;
#3554 = EDGE_LOOP ( 'NONE', ( #539, #6356, #5028, #5508 ) ) ;
#3555 = CARTESIAN_POINT ( 'NONE',  ( 1.368086280847745195, 32.00000000000000000, -1.269594947566272447 ) ) ;
#3556 = CARTESIAN_POINT ( 'NONE',  ( 14.70723121334482109, 13.85861639818713975, 2.949127408646258441 ) ) ;
#3557 = CARTESIAN_POINT ( 'NONE',  ( -1.518113755658769826, 32.00000000000000000, 0.7461133911384486561 ) ) ;
#3558 = CARTESIAN_POINT ( 'NONE',  ( 14.99999999999996803, 6.330000000000000071, 0.000000000000000000 ) ) ;
#3559 = CARTESIAN_POINT ( 'NONE',  ( 0.3809769581408701811, 31.76195118383341054, 1.759871448013013095 ) ) ;
#3560 = CARTESIAN_POINT ( 'NONE',  ( 0.5006243786661596085, 31.79552231504558080, 1.467106859357375059 ) ) ;
#3561 = CARTESIAN_POINT ( 'NONE',  ( -6.737999999999972012, 10.19145152308835378, -11.67055834139907411 ) ) ;
#3562 = VERTEX_POINT ( 'NONE', #3096 ) ;
#3563 = CARTESIAN_POINT ( 'NONE',  ( 2.605712924671959918, 24.27700814827985809, -3.652346811438561769 ) ) ;
#3564 = CYLINDRICAL_SURFACE ( 'NONE', #258, 0.2500000000000000555 ) ;
#3565 = CARTESIAN_POINT ( 'NONE',  ( 3.610883317201814435, 4.476451523088355700, -13.47599999999996356 ) ) ;
#3566 = DIRECTION ( 'NONE',  ( 0.5566226784888251844, 0.000000000000000000, 0.8307654264543788969 ) ) ;
#3567 = CARTESIAN_POINT ( 'NONE',  ( -14.74599999999996847, 7.196313635040832324, 3.951178791589316841 ) ) ;
#3568 = CARTESIAN_POINT ( 'NONE',  ( -14.82223429777586432, 8.746223968356774847, -2.302719079558901427 ) ) ;
#3569 = ORIENTED_EDGE ( 'NONE', *, *, #6600, .F. ) ;
#3570 = CARTESIAN_POINT ( 'NONE',  ( 0.9111838421676342614, 32.01680792274015630, -2.324729067664685012 ) ) ;
#3571 = CARTESIAN_POINT ( 'NONE',  ( 1.146720213405935778E-14, 9.954059094877518277, -13.47599999999996889 ) ) ;
#3572 = CARTESIAN_POINT ( 'NONE',  ( 12.99038105676654808, 9.541254540163329523, 7.499999999999991118 ) ) ;
#3573 = CARTESIAN_POINT ( 'NONE',  ( -1.629669874121980389, 31.77666635476308343, 0.5500000000000003775 ) ) ;
#3574 = CARTESIAN_POINT ( 'NONE',  ( 3.678942412079291291, 11.37819544528581162, 13.72999999999997556 ) ) ;
#3575 = EDGE_CURVE ( 'NONE', #7269, #657, #5314, .T. ) ;
#3576 = ADVANCED_FACE ( 'NONE', ( #4882 ), #2010, .F. ) ;
#3577 = CARTESIAN_POINT ( 'NONE',  ( 1.737845010467030882, 0.000000000000000000, 4.110035853808923889 ) ) ;
#3578 = ORIENTED_EDGE ( 'NONE', *, *, #491, .T. ) ;
#3579 = CARTESIAN_POINT ( 'NONE',  ( 13.98183600982799391, 11.55640092767034588, 5.274749647881750825 ) ) ;
#3580 = CARTESIAN_POINT ( 'NONE',  ( 12.77764832227438063, 12.39698864288685698, 4.820463904573493608 ) ) ;
#3581 = B_SPLINE_CURVE_WITH_KNOTS ( 'NONE', 3,
 ( #5659, #431, #6155, #4053 ),
 .UNSPECIFIED., .F., .F.,
 ( 4, 4 ),
 ( 0.000000000000000000, 5.299399598851376928E-05 ),
 .UNSPECIFIED. ) ;
#3582 = CIRCLE ( 'NONE', #6854, 5.750000000000000000 ) ;
#3583 = CARTESIAN_POINT ( 'NONE',  ( 3.951178791589330608, 7.828274238455828815, -14.74599999999996314 ) ) ;
#3584 = DIRECTION ( 'NONE',  ( -0.4999999999999920619, 0.000000000000000000, 0.8660254037844432595 ) ) ;
#3585 = CARTESIAN_POINT ( 'NONE',  ( 9.184850993605136112E-16, 11.04864696837416993, -14.99999999999996803 ) ) ;
#3586 = CARTESIAN_POINT ( 'NONE',  ( 1.556761361664332766, 25.45486940119457842, 3.361841685541596902 ) ) ;
#3587 = CIRCLE ( 'NONE', #6250, 0.2500000000000001110 ) ;
#3588 = EDGE_LOOP ( 'NONE', ( #5285, #6806, #420, #6016 ) ) ;
#3589 = CARTESIAN_POINT ( 'NONE',  ( -3.710023889391016017, 25.41533853840699919, -0.2496545873540197968 ) ) ;
#3590 = ORIENTED_EDGE ( 'NONE', *, *, #6624, .T. ) ;
#3591 = CARTESIAN_POINT ( 'NONE',  ( 1.276194789775416005, 31.77376204665335280, -1.164320825107242552 ) ) ;
#3592 = VECTOR ( 'NONE', #1903, 1000.000000000000000 ) ;
#3593 = LINE ( 'NONE', #6830, #7343 ) ;
#3594 = CARTESIAN_POINT ( 'NONE',  ( 1.938119294742435716, 32.25000000000000000, -1.579143311845724762 ) ) ;
#3595 = CARTESIAN_POINT ( 'NONE',  ( -2.755455298081538467E-15, 5.059999999999999609, 14.99999999999996803 ) ) ;
#3596 = CARTESIAN_POINT ( 'NONE',  ( -6.864999999999974456, 3.969862111952477957, -11.89052879396032303 ) ) ;
#3597 = CARTESIAN_POINT ( 'NONE',  ( -1.520863999611947071, 31.79552231499709691, -0.3656336558358741495 ) ) ;
#3598 = CARTESIAN_POINT ( 'NONE',  ( 14.70723119991630945, 13.41867550097193629, 2.949127405953543501 ) ) ;
#3599 = TOROIDAL_SURFACE ( 'NONE', #2406, 6.000000000000001776, 0.2500000000000000000 ) ;
#3600 = B_SPLINE_CURVE_WITH_KNOTS ( 'NONE', 3,
 ( #6560, #2093, #4410, #5470, #2516, #2591 ),
 .UNSPECIFIED., .F., .F.,
 ( 4, 2, 4 ),
 ( 0.000000000000000000, 0.0001377500388090870619, 0.0002755000776181741238 ),
 .UNSPECIFIED. ) ;
#3601 = EDGE_LOOP ( 'NONE', ( #1446, #58, #5615, #7238 ) ) ;
#3602 = CARTESIAN_POINT ( 'NONE',  ( 2.557136700787951078, 24.25000000000000000, -3.698124750684233852 ) ) ;
#3603 = DIRECTION ( 'NONE',  ( -0.6316573247382789580, 0.000000000000000000, 0.7752477178969834348 ) ) ;
#3604 = EDGE_CURVE ( 'NONE', #2815, #4445, #3012, .T. ) ;
#3605 = CARTESIAN_POINT ( 'NONE',  ( 6.737999999999995993, 3.563136350408307340, -11.67055834139906345 ) ) ;
#3606 = AXIS2_PLACEMENT_3D ( 'NONE', #1579, #2890, #6979 ) ;
#3607 = CARTESIAN_POINT ( 'NONE',  ( 6.864999999999968239, 8.091392428210850696, 11.89052879396032836 ) ) ;
#3608 = EDGE_CURVE ( 'NONE', #2207, #6949, #7122, .T. ) ;
#3609 = AXIS2_PLACEMENT_3D ( 'NONE', #5149, #2228, #3324 ) ;
#3610 = CIRCLE ( 'NONE', #5795, 0.2500000000000000000 ) ;
#3611 = AXIS2_PLACEMENT_3D ( 'NONE', #4372, #3215, #5536 ) ;
#3612 = CARTESIAN_POINT ( 'NONE',  ( 1.866176283029483240, 7.500076450230655389, -14.88346108593865935 ) ) ;
#3613 = ADVANCED_FACE ( 'NONE', ( #2612, #2002, #7266 ), #1484, .F. ) ;
#3614 = EDGE_LOOP ( 'NONE', ( #6548, #3350, #2359, #7052, #4951, #6502 ) ) ;
#3615 = CARTESIAN_POINT ( 'NONE',  ( 14.90398610592746564, 12.27708632156141810, 1.694461021776576981 ) ) ;
#3616 = CARTESIAN_POINT ( 'NONE',  ( 6.737999999999966683, 7.837392428210850248, 11.67055834139907944 ) ) ;
#3617 = AXIS2_PLACEMENT_3D ( 'NONE', #2190, #6268, #474 ) ;
#3618 = CARTESIAN_POINT ( 'NONE',  ( 10.98076211353313170, 14.40958787349666181, 10.98076211353313703 ) ) ;
#3619 =( BOUNDED_CURVE ( )  B_SPLINE_CURVE ( 3, ( #2272, #6820, #5645, #484 ),
 .UNSPECIFIED., .F., .F. ) 
 B_SPLINE_CURVE_WITH_KNOTS ( ( 4, 4 ),
 ( 1.570796326794897890, 3.141592653589793116 ),
 .UNSPECIFIED. ) 
 CURVE ( )  GEOMETRIC_REPRESENTATION_ITEM ( )  RATIONAL_B_SPLINE_CURVE ( ( 1.000000000000000000, 0.8047378541243652705, 0.8047378541243652705, 1.000000000000000000 ) ) 
 REPRESENTATION_ITEM ( '' )  );
#3620 = CARTESIAN_POINT ( 'NONE',  ( -2.918182946833629554, 24.50000000000000000, -0.3000000000000000444 ) ) ;
#3621 = CARTESIAN_POINT ( 'NONE',  ( 1.459971994299358089, 32.01680792274015630, -2.029436497046154475 ) ) ;
#3622 = AXIS2_PLACEMENT_3D ( 'NONE', #7213, #2031, #4390 ) ;
#3623 = CARTESIAN_POINT ( 'NONE',  ( 1.333087898098633373, 2.447886367582984501, -14.94259943518539124 ) ) ;
#3624 = B_SPLINE_CURVE_WITH_KNOTS ( 'NONE', 3,
 ( #6967, #4011, #6317, #1148 ),
 .UNSPECIFIED., .F., .F.,
 ( 4, 4 ),
 ( 0.000000000000000000, 5.299399598852110120E-05 ),
 .UNSPECIFIED. ) ;
#3625 = ORIENTED_EDGE ( 'NONE', *, *, #494, .F. ) ;
#3626 = EDGE_CURVE ( 'NONE', #2642, #7456, #1577, .T. ) ;
#3627 = CARTESIAN_POINT ( 'NONE',  ( 0.5006243786661381812, 31.79552231504558080, -1.467106859357380833 ) ) ;
#3628 = CARTESIAN_POINT ( 'NONE',  ( 9.865116682798173997, 3.351469683741640448, -9.865116682798158010 ) ) ;
#3629 = CIRCLE ( 'NONE', #4968, 0.2499999999999999445 ) ;
#3630 = CARTESIAN_POINT ( 'NONE',  ( 14.99999999999996803, 1.249999999999993783, 0.000000000000000000 ) ) ;
#3631 = CARTESIAN_POINT ( 'NONE',  ( -10.98076211353313347, 6.789587873496662596, -10.98076211353313525 ) ) ;
#3632 = CARTESIAN_POINT ( 'NONE',  ( 13.72999999999997200, 9.149725761544182490, -3.678942412079297952 ) ) ;
#3633 = AXIS2_PLACEMENT_3D ( 'NONE', #3895, #2265, #5118 ) ;
#3634 = EDGE_LOOP ( 'NONE', ( #921, #7225, #4088, #5777 ) ) ;
#3635 = DIRECTION ( 'NONE',  ( 0.000000000000000000, 1.000000000000000000, 0.000000000000000000 ) ) ;
#3636 = ORIENTED_EDGE ( 'NONE', *, *, #7319, .T. ) ;
#3637 = CARTESIAN_POINT ( 'NONE',  ( 0.000000000000000000, 25.00000000000000000, 0.3000000000000000444 ) ) ;
#3638 = CARTESIAN_POINT ( 'NONE',  ( -2.460515426982964993, 31.88938372160084711, 0.5861348679485194335 ) ) ;
#3639 = CARTESIAN_POINT ( 'NONE',  ( 2.869987607454083989, 24.05419023789846023, 3.786203945885448618 ) ) ;
#3640 = CARTESIAN_POINT ( 'NONE',  ( 14.70723114716639657, 11.69049863318457305, 2.949127395376016203 ) ) ;
#3641 = CARTESIAN_POINT ( 'NONE',  ( 12.77041060420530449, 7.193274238455829028, -7.372999999999980680 ) ) ;
#3642 = CARTESIAN_POINT ( 'NONE',  ( 1.521338659520921510, 25.00000000000000000, 4.235035853808924777 ) ) ;
#3643 = CARTESIAN_POINT ( 'NONE',  ( 14.94623666666663730, 3.858059094877517303, 1.268861499135693904 ) ) ;
#3644 = CARTESIAN_POINT ( 'NONE',  ( -6.738000000000000433, 6.804784856421687955, 11.67055834139906167 ) ) ;
#3645 = VERTEX_POINT ( 'NONE', #844 ) ;
#3646 = CARTESIAN_POINT ( 'NONE',  ( 14.70723121334482109, 13.85861639818713975, 2.949127408646258441 ) ) ;
#3647 = CARTESIAN_POINT ( 'NONE',  ( -2.220734114956220306, 31.87197565561141488, -0.5811062293387290190 ) ) ;
#3648 = CYLINDRICAL_SURFACE ( 'NONE', #3471, 0.2500000000000002220 ) ;
#3649 = CARTESIAN_POINT ( 'NONE',  ( 0.9962808878460327477, 32.02284145127290316, -2.297294967287663248 ) ) ;
#3650 = CARTESIAN_POINT ( 'NONE',  ( 9.114082937074089230, 7.073154402916535410, -11.95281552303609018 ) ) ;
#3651 = EDGE_LOOP ( 'NONE', ( #987, #2167, #4392, #3460, #2229, #6836, #112, #1044 ) ) ;
#3652 = CARTESIAN_POINT ( 'NONE',  ( 2.206504871267279011, 25.24999999999997868, -3.209091242727767579 ) ) ;
#3653 = CARTESIAN_POINT ( 'NONE',  ( -13.47599999999996889, 6.144059094877519556, -1.229236914732483852E-14 ) ) ;
#3654 = CARTESIAN_POINT ( 'NONE',  ( -4.482468775166351701E-15, 8.254646968374165894, 14.74599999999996491 ) ) ;
#3655 = DIRECTION ( 'NONE',  ( -0.000000000000000000, -1.000000000000000000, -0.000000000000000000 ) ) ;
#3656 = DIRECTION ( 'NONE',  ( -0.8660254037844363761, 0.000000000000000000, 0.5000000000000041078 ) ) ;
#3657 = CARTESIAN_POINT ( 'NONE',  ( 1.597656777642783688, 32.02192468575399431, 1.922886861175058471 ) ) ;
#3658 = CARTESIAN_POINT ( 'NONE',  ( 1.494444360079596024, 25.00000000000000000, 3.688453560742582127 ) ) ;
#3659 = ORIENTED_EDGE ( 'NONE', *, *, #877, .T. ) ;
#3660 = CARTESIAN_POINT ( 'NONE',  ( -4.734444720798718365, 24.25446140145172080, 0.3913196936228992007 ) ) ;
#3661 = CARTESIAN_POINT ( 'NONE',  ( -11.67055834139905812, 4.647195445285811743, -6.737999999999997769 ) ) ;
#3662 = CARTESIAN_POINT ( 'NONE',  ( 2.095474967091715435, 25.25000000000000000, -4.262802442324994168 ) ) ;
#3663 = CARTESIAN_POINT ( 'NONE',  ( -12.99038105676655519, 7.847921206829995278, 7.499999999999979572 ) ) ;
#3664 = CARTESIAN_POINT ( 'NONE',  ( 1.605857473938718138, 24.50000000000000711, -4.470315623465050514 ) ) ;
#3665 = ORIENTED_EDGE ( 'NONE', *, *, #6624, .F. ) ;
#3666 = FACE_OUTER_BOUND ( 'NONE', #6539, .T. ) ;
#3667 = EDGE_LOOP ( 'NONE', ( #3590, #2421, #5542, #6596 ) ) ;
#3668 = CARTESIAN_POINT ( 'NONE',  ( 1.697585060148228298, 32.15569223156761325, 1.837176736958617385 ) ) ;
#3669 = DIRECTION ( 'NONE',  ( -0.9078521015395825122, -0.4192905457199859742, 0.000000000000000000 ) ) ;
#3670 = DIRECTION ( 'NONE',  ( -0.8974320931210522101, 0.000000000000000000, -0.4411526246508882809 ) ) ;
#3671 = CARTESIAN_POINT ( 'NONE',  ( 14.74599999999996136, 6.558274238455828353, 3.951178791589339934 ) ) ;
#3672 = DIRECTION ( 'NONE',  ( -0.8660254037844434816, 0.000000000000000000, -0.4999999999999916733 ) ) ;
#3673 = CARTESIAN_POINT ( 'NONE',  ( 1.602315240125592011, 32.00000049743159281, 1.919006480519667157 ) ) ;
#3674 = FACE_BOUND ( 'NONE', #5317, .T. ) ;
#3675 = ADVANCED_FACE ( 'NONE', ( #3136 ), #296, .F. ) ;
#3676 = EDGE_LOOP ( 'NONE', ( #7218, #6924, #5628, #4756 ) ) ;
#3677 = ADVANCED_FACE ( 'NONE', ( #5525 ), #2551, .F. ) ;
#3678 = DIRECTION ( 'NONE',  ( 0.000000000000000000, 0.000000000000000000, -1.000000000000000000 ) ) ;
#3679 = DIRECTION ( 'NONE',  ( 0.1820892601823072832, 0.9832820049844602783, 0.000000000000000000 ) ) ;
#3680 = EDGE_CURVE ( 'NONE', #109, #559, #1925, .T. ) ;
#3681 = CARTESIAN_POINT ( 'NONE',  ( 2.095474967091776275, 25.50000000000000355, 4.262802442324967522 ) ) ;
#3682 = LINE ( 'NONE', #1952, #5548 ) ;
#3683 = CARTESIAN_POINT ( 'NONE',  ( -7.372999999999978016, 11.21798030170750238, -12.77041060420530449 ) ) ;
#3684 = B_SPLINE_CURVE_WITH_KNOTS ( 'NONE', 3,
 ( #7140, #2072, #6614, #836 ),
 .UNSPECIFIED., .F., .F.,
 ( 4, 4 ),
 ( 0.000000000000000000, 5.299399598851386415E-05 ),
 .UNSPECIFIED. ) ;
#3685 = DIRECTION ( 'NONE',  ( 0.000000000000000000, 0.000000000000000000, -1.000000000000000000 ) ) ;
#3686 = CARTESIAN_POINT ( 'NONE',  ( -0.1564693683811397285, 7.608250461762357197, -14.99944653073800005 ) ) ;
#3687 = ORIENTED_EDGE ( 'NONE', *, *, #3867, .T. ) ;
#3688 = CARTESIAN_POINT ( 'NONE',  ( 2.388647020295541878, 25.00000007791593859, -3.037258000499956534 ) ) ;
#3689 = CARTESIAN_POINT ( 'NONE',  ( -6.738000000000000433, 11.88478485642168891, 11.67055834139906167 ) ) ;
#3690 = CARTESIAN_POINT ( 'NONE',  ( -14.74599999999996314, 11.85298030170750216, -3.951178791589331940 ) ) ;
#3691 = B_SPLINE_CURVE_WITH_KNOTS ( 'NONE', 3,
 ( #1154, #3450, #7118, #3039, #4051, #4775 ),
 .UNSPECIFIED., .F., .F.,
 ( 4, 2, 4 ),
 ( 0.000000000000000000, 0.0001996580279853903909, 0.0003993160559707807818 ),
 .UNSPECIFIED. ) ;
#3692 = CARTESIAN_POINT ( 'NONE',  ( 2.690472954629892666, 24.99999999999999645, -3.560035853809008000 ) ) ;
#3693 = CARTESIAN_POINT ( 'NONE',  ( 0.6253560291687085826, 31.84131709439715863, 2.217697286773620657 ) ) ;
#3694 = CARTESIAN_POINT ( 'NONE',  ( 11.89052879396030882, 12.01319544528581140, 6.864999999999999325 ) ) ;
#3695 = CARTESIAN_POINT ( 'NONE',  ( 13.89106900365898056, 1.563735120715728621, -5.660230161902787493 ) ) ;
#3696 = ORIENTED_EDGE ( 'NONE', *, *, #326, .F. ) ;
#3697 = CARTESIAN_POINT ( 'NONE',  ( -11.67055834139907411, 5.679803017074974036, 6.737999999999971124 ) ) ;
#3698 = EDGE_CURVE ( 'NONE', #6793, #5866, #4499, .T. ) ;
#3699 = EDGE_CURVE ( 'NONE', #5579, #3069, #1552, .T. ) ;
#3700 = CARTESIAN_POINT ( 'NONE',  ( 2.095474967091717211, 25.50000000000000355, -4.262802442324997720 ) ) ;
#3701 = CARTESIAN_POINT ( 'NONE',  ( -10.98076211353313880, 7.873646968374166555, 10.98076211353312992 ) ) ;
#3702 = CARTESIAN_POINT ( 'NONE',  ( 1.737845010467002682, 24.50000000000000355, -4.110035853808999384 ) ) ;
#3703 = EDGE_LOOP ( 'NONE', ( #3939, #6292, #3884, #5479 ) ) ;
#3704 = CARTESIAN_POINT ( 'NONE',  ( 0.000000000000000000, 34.50000000000000000, 0.000000000000000000 ) ) ;
#3705 = ORIENTED_EDGE ( 'NONE', *, *, #3127, .F. ) ;
#3706 = CARTESIAN_POINT ( 'NONE',  ( -3.957954260496759247, 25.25000000000000000, -0.1239387463623520813 ) ) ;
#3707 = DIRECTION ( 'NONE',  ( 0.5000000000000039968, -0.000000000000000000, 0.8660254037844363761 ) ) ;
#3708 = CARTESIAN_POINT ( 'NONE',  ( 0.5006243786661385142, 31.79552231504558080, -1.467106859357381943 ) ) ;
#3709 = CARTESIAN_POINT ( 'NONE',  ( 3.951178791589316397, 5.711607571789160787, 14.74599999999996847 ) ) ;
#3710 = CARTESIAN_POINT ( 'NONE',  ( -4.489988864128728885, 25.25000000000000000, -0.2999999999999999889 ) ) ;
#3711 = CARTESIAN_POINT ( 'NONE',  ( 1.606472786456403901, 31.78152431302685343, 1.682492487119215285 ) ) ;
#3712 = VECTOR ( 'NONE', #4394, 1000.000000000000227 ) ;
#3713 = AXIS2_PLACEMENT_3D ( 'NONE', #2981, #27, #2347 ) ;
#3714 = ORIENTED_EDGE ( 'NONE', *, *, #4566, .F. ) ;
#3715 = FACE_BOUND ( 'NONE', #137, .T. ) ;
#3716 = CYLINDRICAL_SURFACE ( 'NONE', #3008, 0.2500000000000000555 ) ;
#3717 = CARTESIAN_POINT ( 'NONE',  ( -10.05105758792065274, 4.181528778619145292, -10.05105758792067050 ) ) ;
#3718 = CARTESIAN_POINT ( 'NONE',  ( 1.737845010466973150, 24.50000000000000000, -4.110035853808946982 ) ) ;
#3719 = ADVANCED_FACE ( 'NONE', ( #438 ), #722, .T. ) ;
#3720 = DIRECTION ( 'NONE',  ( 0.4999999999999919509, -0.000000000000000000, -0.8660254037844432595 ) ) ;
#3721 = FACE_OUTER_BOUND ( 'NONE', #5105, .T. ) ;
#3722 = CIRCLE ( 'NONE', #4937, 0.2499999999999998612 ) ;
#3723 = CARTESIAN_POINT ( 'NONE',  ( -14.03252813704829904, 9.167069564090079226, 5.386942918911580946 ) ) ;
#3724 = ORIENTED_EDGE ( 'NONE', *, *, #852, .F. ) ;
#3725 = DIRECTION ( 'NONE',  ( 0.000000000000000000, 1.000000000000000000, 0.000000000000000000 ) ) ;
#3726 = CARTESIAN_POINT ( 'NONE',  ( -10.05105758792067583, 7.033059094877517126, 10.05105758792064918 ) ) ;
#3727 = CARTESIAN_POINT ( 'NONE',  ( 3.951178791589316397, 13.54631363504083374, 14.74599999999996847 ) ) ;
#3728 = CARTESIAN_POINT ( 'NONE',  ( 2.759226238622892957, 25.49999990735798150, -3.868904504390307864 ) ) ;
#3729 = CARTESIAN_POINT ( 'NONE',  ( 7.372999999999986009, 2.536607571789162296, -12.77041060420529917 ) ) ;
#3730 = DIRECTION ( 'NONE',  ( -0.8307654264543864464, 0.000000000000000000, -0.5566226784888139711 ) ) ;
#3731 = CARTESIAN_POINT ( 'NONE',  ( -1.139052268350550998E-14, 11.16652877861914561, 13.72999999999997200 ) ) ;
#3732 = VECTOR ( 'NONE', #3091, 1000.000000000000114 ) ;
#3733 = VECTOR ( 'NONE', #6082, 1000.000000000000000 ) ;
#3734 = CARTESIAN_POINT ( 'NONE',  ( -2.503920526187769280, 31.85873187344912694, -0.3327259559394473154 ) ) ;
#3735 = ORIENTED_EDGE ( 'NONE', *, *, #1377, .F. ) ;
#3736 = VECTOR ( 'NONE', #3792, 1000.000000000000227 ) ;
#3737 = CARTESIAN_POINT ( 'NONE',  ( -13.47599999999997777, 10.36219544528581338, 3.610883317201784681 ) ) ;
#3738 = EDGE_CURVE ( 'NONE', #1451, #1451, #265, .T. ) ;
#3739 = CARTESIAN_POINT ( 'NONE',  ( -2.504179498753885014, 31.97743070672902377, 0.000000000000000000 ) ) ;
#3740 = CARTESIAN_POINT ( 'NONE',  ( 4.019237886466823895, 8.720313635040833233, 14.99999999999997158 ) ) ;
#3741 = CIRCLE ( 'NONE', #503, 0.2500000000000007216 ) ;
#3742 = CARTESIAN_POINT ( 'NONE',  ( 6.864999999999968239, 8.091392428210850696, 11.89052879396032836 ) ) ;
#3743 = CARTESIAN_POINT ( 'NONE',  ( 0.3586667192130830739, 32.00000000000000000, -2.221228980661139385 ) ) ;
#3744 = ORIENTED_EDGE ( 'NONE', *, *, #783, .T. ) ;
#3745 = FACE_OUTER_BOUND ( 'NONE', #5373, .T. ) ;
#3746 = CARTESIAN_POINT ( 'NONE',  ( 1.563670217582196376, 25.39746793755893606, -3.370392057550634313 ) ) ;
#3747 = AXIS2_PLACEMENT_3D ( 'NONE', #4739, #4087, #4698 ) ;
#3748 = CARTESIAN_POINT ( 'NONE',  ( -3.689554278213865945, 25.45487408547743868, 0.3346996536674183287 ) ) ;
#3749 = CARTESIAN_POINT ( 'NONE',  ( 4.019237886466824783, 10.35166666666666480, 14.99999999999996980 ) ) ;
#3750 = CARTESIAN_POINT ( 'NONE',  ( 7.372999999999971799, 5.923274238455828566, 12.77041060420530982 ) ) ;
#3751 = CYLINDRICAL_SURFACE ( 'NONE', #247, 0.2500000000000000555 ) ;
#3752 = CARTESIAN_POINT ( 'NONE',  ( 1.605109831157832234, 31.81212974382032499, 1.668488032666613385 ) ) ;
#3753 = AXIS2_PLACEMENT_3D ( 'NONE', #6547, #2654, #812 ) ;
#3754 = EDGE_CURVE ( 'NONE', #2931, #1516, #7120, .T. ) ;
#3755 =( BOUNDED_SURFACE ( )  B_SPLINE_SURFACE ( 3, 1, ( 
 ( #4889, #7194 ),
 ( #7158, #1408 ),
 ( #1452, #1375 ),
 ( #6550, #3788 ) ),
 .UNSPECIFIED., .F., .F., .T. ) 
 B_SPLINE_SURFACE_WITH_KNOTS ( ( 4, 4 ),
 ( 2, 2 ),
 ( 0.000000000000000000, 1.000000000000000000 ),
 ( 0.000000000000000000, 1.000000000000000000 ),
 .UNSPECIFIED. ) 
 GEOMETRIC_REPRESENTATION_ITEM ( )  RATIONAL_B_SPLINE_SURFACE ( (
 ( 1.000000000000000000, 1.000000000000000000),
 ( 0.9981293039644412168, 0.9981293039644412168),
 ( 0.9981293039644412168, 0.9981293039644412168),
 ( 1.000000000000000000, 1.000000000000000000) ) ) 
 REPRESENTATION_ITEM ( '' )  SURFACE ( )  );
#3756 = ORIENTED_EDGE ( 'NONE', *, *, #6829, .F. ) ;
#3757 = DIRECTION ( 'NONE',  ( 0.000000000000000000, 0.000000000000000000, 1.000000000000000000 ) ) ;
#3758 = ORIENTED_EDGE ( 'NONE', *, *, #3443, .F. ) ;
#3759 = CARTESIAN_POINT ( 'NONE',  ( 3.678942412079318824, 8.414862111952478685, -13.72999999999996668 ) ) ;
#3760 = CARTESIAN_POINT ( 'NONE',  ( 2.643957722821865364, 24.00000000000000000, -3.946135775658336176 ) ) ;
#3761 = CARTESIAN_POINT ( 'NONE',  ( -4.428317965096905340, 0.000000000000000000, -0.5500000000000000444 ) ) ;
#3762 = ADVANCED_FACE ( 'NONE', ( #3319 ), #2754, .T. ) ;
#3763 = CARTESIAN_POINT ( 'NONE',  ( 3.068478155885798753, 25.00000000000000000, 3.625871179020523805 ) ) ;
#3764 = CARTESIAN_POINT ( 'NONE',  ( -13.42815650757099988, 9.244551104985983869, 6.702041688198000280 ) ) ;
#3765 = ORIENTED_EDGE ( 'NONE', *, *, #6621, .T. ) ;
#3766 = FACE_OUTER_BOUND ( 'NONE', #4545, .T. ) ;
#3767 = CARTESIAN_POINT ( 'NONE',  ( -6.784485226280597914, 5.458421975649604185, -11.75107311511845154 ) ) ;
#3768 = CARTESIAN_POINT ( 'NONE',  ( 3.951178791589331052, 10.58298030170750081, -14.74599999999996314 ) ) ;
#3769 = CARTESIAN_POINT ( 'NONE',  ( 1.605857473938750557, 24.36361589856473486, 4.470315623464976795 ) ) ;
#3770 = CARTESIAN_POINT ( 'NONE',  ( 1.491349067407591322, 32.00000017303356969, -2.011471607742818080 ) ) ;
#3771 = CARTESIAN_POINT ( 'NONE',  ( 2.605486560246108141, 24.27693961511564069, 3.652557740611855674 ) ) ;
#3772 = EDGE_CURVE ( 'NONE', #711, #4247, #20, .T. ) ;
#3773 = EDGE_CURVE ( 'NONE', #2186, #3784, #3495, .T. ) ;
#3774 = ADVANCED_FACE ( 'NONE', ( #616 ), #132, .T. ) ;
#3775 = CARTESIAN_POINT ( 'NONE',  ( 1.199283852281495477, 24.25000000000000000, 2.677220564848452167 ) ) ;
#3776 = ORIENTED_EDGE ( 'NONE', *, *, #7234, .T. ) ;
#3777 = FACE_OUTER_BOUND ( 'NONE', #5697, .T. ) ;
#3778 = CARTESIAN_POINT ( 'NONE',  ( -2.504027329831610249, 31.85815509605163243, -0.3327260079580973140 ) ) ;
#3779 = EDGE_CURVE ( 'NONE', #711, #6069, #3018, .T. ) ;
#3780 = B_SPLINE_CURVE_WITH_KNOTS ( 'NONE', 3,
 ( #685, #2337, #2415, #4065, #3505, #5819 ),
 .UNSPECIFIED., .F., .F.,
 ( 4, 2, 4 ),
 ( 0.000000000000000000, 0.0004060167135378137788, 0.0008120334270756275575 ),
 .UNSPECIFIED. ) ;
#3781 = DIRECTION ( 'NONE',  ( 0.000000000000000000, -0.000000000000000000, 1.000000000000000000 ) ) ;
#3782 = CARTESIAN_POINT ( 'NONE',  ( 14.22267300742532825, 14.75104786761695763, 5.365607731700829497 ) ) ;
#3783 = CARTESIAN_POINT ( 'NONE',  ( 1.813415436812615855, 32.23023509435594747, -1.722947495110174865 ) ) ;
#3784 = VERTEX_POINT ( 'NONE', #1885 ) ;
#3785 = DIRECTION ( 'NONE',  ( 0.4999999999999919509, 0.000000000000000000, -0.8660254037844432595 ) ) ;
#3786 = ORIENTED_EDGE ( 'NONE', *, *, #2114, .T. ) ;
#3787 = CARTESIAN_POINT ( 'NONE',  ( -3.750000000000001332, 25.25000000000000355, -4.661984647462716094E-16 ) ) ;
#3788 = CARTESIAN_POINT ( 'NONE',  ( -2.496887421714786282, 32.01680792274015630, -4.592425496802573972E-16 ) ) ;
#3789 = CARTESIAN_POINT ( 'NONE',  ( -7.499999999999991118, 9.716666666666666785, 12.99038105676654986 ) ) ;
#3790 = CARTESIAN_POINT ( 'NONE',  ( -6.864999999999974456, 9.049862111952476695, -11.89052879396032303 ) ) ;
#3791 = CARTESIAN_POINT ( 'NONE',  ( 2.504802053199661760, 25.50000000000000355, -3.738444419044739675 ) ) ;
#3792 = DIRECTION ( 'NONE',  ( -0.09104463009115217054, 0.9832820049844601673, 0.1576939250741931919 ) ) ;
#3793 = ORIENTED_EDGE ( 'NONE', *, *, #4246, .F. ) ;
#3794 = CARTESIAN_POINT ( 'NONE',  ( 14.90398610592746564, 12.27708632156141810, 1.694461021776576981 ) ) ;
#3795 = ORIENTED_EDGE ( 'NONE', *, *, #5647, .F. ) ;
#3796 = CARTESIAN_POINT ( 'NONE',  ( 13.72999999999997200, 7.356528778619145115, 8.868362600661542630E-15 ) ) ;
#3797 = CARTESIAN_POINT ( 'NONE',  ( 14.59703430808999869, 11.58134190518167017, 2.927030474903109081 ) ) ;
#3798 = CARTESIAN_POINT ( 'NONE',  ( -4.438830794136784164, 24.36897400900531707, -0.5226481455162786949 ) ) ;
#3799 =( BOUNDED_SURFACE ( )  B_SPLINE_SURFACE ( 3, 2, ( 
 ( #5394, #6602, #864 ),
 ( #2481, #3116, #3155 ),
 ( #825, #230, #2518 ),
 ( #3047, #4782, #2594 ) ),
 .UNSPECIFIED., .F., .F., .T. ) 
 B_SPLINE_SURFACE_WITH_KNOTS ( ( 4, 4 ),
 ( 3, 3 ),
 ( 0.001475593991726486393, 0.002213063218998072637 ),
 ( 0.000000000000000000, 1.000000000000000000 ),
 .UNSPECIFIED. ) 
 GEOMETRIC_REPRESENTATION_ITEM ( )  RATIONAL_B_SPLINE_SURFACE ( (
 ( 1.000000000000000000, 0.7682723507945798946, 1.000000000000000000),
 ( 1.000000000000000000, 0.7689672882987889091, 1.000000000000000000),
 ( 1.000000000000000000, 0.7689672761012931179, 1.000000000000000000),
 ( 1.000000000000000000, 0.7682723510089546348, 1.000000000000000000) ) ) 
 REPRESENTATION_ITEM ( '' )  SURFACE ( )  );
#3800 = CARTESIAN_POINT ( 'NONE',  ( 9.912700083912612925, 10.72092479187516112, 11.29647310527530202 ) ) ;
#3801 = ORIENTED_EDGE ( 'NONE', *, *, #7074, .F. ) ;
#3802 = CARTESIAN_POINT ( 'NONE',  ( 2.210047574552569838, 25.29444059359363095, -2.727914686269481415 ) ) ;
#3803 = CARTESIAN_POINT ( 'NONE',  ( -13.72999999999996668, 6.186392428210850447, -3.678942412079319269 ) ) ;
#3804 = CARTESIAN_POINT ( 'NONE',  ( -3.714803792705804408, 25.32899362095081486, 0.5500000000001441514 ) ) ;
#3805 = CARTESIAN_POINT ( 'NONE',  ( -4.428317965096905340, 0.000000000000000000, -0.8000000000000000444 ) ) ;
#3806 = CARTESIAN_POINT ( 'NONE',  ( 0.9697001396633241344, 31.79513059880542514, 2.345021821882388835 ) ) ;
#3807 = CARTESIAN_POINT ( 'NONE',  ( 0.000000000000000000, 24.00000000000000000, 0.000000000000000000 ) ) ;
#3808 = CARTESIAN_POINT ( 'NONE',  ( 0.3683406698979414529, 2.500537591189757158, -14.99547682680629634 ) ) ;
#3809 = ORIENTED_EDGE ( 'NONE', *, *, #6290, .T. ) ;
#3810 = ORIENTED_EDGE ( 'NONE', *, *, #4955, .T. ) ;
#3811 = CARTESIAN_POINT ( 'NONE',  ( 3.021067454885161929, 24.23199538008350373, 3.666819280025642058 ) ) ;
#3812 = CARTESIAN_POINT ( 'NONE',  ( 14.92258079999996667, 2.716469683741640662, 1.522032282006972492 ) ) ;
#3813 = CARTESIAN_POINT ( 'NONE',  ( -2.271993306461387974, 31.75000000000000000, 0.3000000000000003775 ) ) ;
#3814 = CARTESIAN_POINT ( 'NONE',  ( -10.98076211353313347, 11.86958787349666267, -10.98076211353313525 ) ) ;
#3815 = EDGE_CURVE ( 'NONE', #1516, #4932, #2457, .T. ) ;
#3816 = FACE_OUTER_BOUND ( 'NONE', #5453, .T. ) ;
#3817 = EDGE_CURVE ( 'NONE', #6709, #6709, #2534, .T. ) ;
#3818 = ORIENTED_EDGE ( 'NONE', *, *, #3148, .F. ) ;
#3819 = DIRECTION ( 'NONE',  ( 1.000000000000000000, 0.000000000000000000, 0.000000000000000000 ) ) ;
#3820 = ORIENTED_EDGE ( 'NONE', *, *, #4264, .T. ) ;
#3821 = CARTESIAN_POINT ( 'NONE',  ( 0.000000000000000000, 0.000000000000000000, 0.000000000000000000 ) ) ;
#3822 = CARTESIAN_POINT ( 'NONE',  ( 1.494444360079884682, 25.24999999998935962, -3.688453560743198079 ) ) ;
#3823 = AXIS2_PLACEMENT_3D ( 'NONE', #6482, #4900, #2021 ) ;
#3824 = CARTESIAN_POINT ( 'NONE',  ( -11.89052879396032480, 10.31986211195247805, 6.864999999999974456 ) ) ;
#3825 = CARTESIAN_POINT ( 'NONE',  ( 0.8854030065253872817, 32.00789221972462428, -2.338155837120503122 ) ) ;
#3826 = CARTESIAN_POINT ( 'NONE',  ( -3.951178791589339934, 8.042980301707501667, 14.74599999999996136 ) ) ;
#3827 = CARTESIAN_POINT ( 'NONE',  ( 3.068478155885748127, 25.00000000000000000, -3.625871179020566881 ) ) ;
#3828 = ORIENTED_EDGE ( 'NONE', *, *, #4340, .F. ) ;
#3829 = DIRECTION ( 'NONE',  ( 0.000000000000000000, -1.000000000000000000, -0.000000000000000000 ) ) ;
#3830 = ORIENTED_EDGE ( 'NONE', *, *, #7102, .F. ) ;
#3831 = FACE_OUTER_BOUND ( 'NONE', #425, .T. ) ;
#3832 = CARTESIAN_POINT ( 'NONE',  ( 9.865116682798158010, 7.161469683741640502, 9.865116682798175773 ) ) ;
#3833 = CIRCLE ( 'NONE', #3110, 0.2500000000000000555 ) ;
#3834 = CARTESIAN_POINT ( 'NONE',  ( 1.020239620936821190, 31.79552231504558080, 1.167106859357373017 ) ) ;
#3835 = CARTESIAN_POINT ( 'NONE',  ( 12.93951735043241058, 10.97718053284915563, 7.648833593726399371 ) ) ;
#3836 = EDGE_LOOP ( 'NONE', ( #2468, #5265, #6434, #4896 ) ) ;
#3837 = CARTESIAN_POINT ( 'NONE',  ( 2.137027010401098437, 25.39722150271083478, -3.039418188669671395 ) ) ;
#3838 = CARTESIAN_POINT ( 'NONE',  ( -9.933175777675682383, 6.940088642316270651, 9.933175777675659290 ) ) ;
#3839 = TOROIDAL_SURFACE ( 'NONE', #7244, 4.500000000000000000, 0.2500000000000000000 ) ;
#3840 = DIRECTION ( 'NONE',  ( 3.052344535003915238E-08, 0.9999999999999995559, 6.120627887004214552E-09 ) ) ;
#3841 = DIRECTION ( 'NONE',  ( 0.000000000000000000, 0.000000000000000000, -1.000000000000000000 ) ) ;
#3842 = CARTESIAN_POINT ( 'NONE',  ( -2.463491856380378042, 32.02262282566650953, 0.4256851812637627019 ) ) ;
#3843 = CARTESIAN_POINT ( 'NONE',  ( 0.2295772381794002892, 2.507908586397196604, -14.99974925528157854 ) ) ;
#3844 = EDGE_LOOP ( 'NONE', ( #2334, #1055, #3810, #3159, #5418 ) ) ;
#3845 = ORIENTED_EDGE ( 'NONE', *, *, #3120, .T. ) ;
#3846 = CARTESIAN_POINT ( 'NONE',  ( -1.520863999602968475, 31.79552231504558080, 0.5500000000000000444 ) ) ;
#3847 = CARTESIAN_POINT ( 'NONE',  ( 1.406357922886261047, 31.93263418879432791, 1.766785633198174832 ) ) ;
#3848 = CIRCLE ( 'NONE', #2645, 0.2500000000000001110 ) ;
#3849 = CARTESIAN_POINT ( 'NONE',  ( 2.210002231628920288, 25.29493110256031230, 2.727836150021860639 ) ) ;
#3850 = CARTESIAN_POINT ( 'NONE',  ( -4.019237886466843435, 13.56292120682999247, 14.99999999999996270 ) ) ;
#3851 = CARTESIAN_POINT ( 'NONE',  ( 0.000000000000000000, 0.000000000000000000, 0.000000000000000000 ) ) ;
#3852 = AXIS2_PLACEMENT_3D ( 'NONE', #1059, #3355, #1099 ) ;
#3853 = EDGE_CURVE ( 'NONE', #310, #6682, #5919, .T. ) ;
#3854 = EDGE_LOOP ( 'NONE', ( #4613, #4520, #7068 ) ) ;
#3855 = AXIS2_PLACEMENT_3D ( 'NONE', #6658, #7363, #4497 ) ;
#3856 = AXIS2_PLACEMENT_3D ( 'NONE', #3813, #329, #6582 ) ;
#3857 = CARTESIAN_POINT ( 'NONE',  ( -4.739432689913655850, 25.25000000000000000, -0.3166666666666662078 ) ) ;
#3858 = VERTEX_POINT ( 'NONE', #4618 ) ;
#3859 = CARTESIAN_POINT ( 'NONE',  ( 14.97490735709164156, 4.053567333082989776, 0.9311422722691057308 ) ) ;
#3860 = CARTESIAN_POINT ( 'NONE',  ( -10.98076211353313880, 9.690940905122497284, 10.98076211353312992 ) ) ;
#3861 = CARTESIAN_POINT ( 'NONE',  ( 1.973287711064304117, 25.50000000000000000, -4.322866294630436812 ) ) ;
#3862 = AXIS2_PLACEMENT_3D ( 'NONE', #2189, #337, #2831 ) ;
#3863 = CARTESIAN_POINT ( 'NONE',  ( 1.856066881022708115, 25.45447768495442631, -3.214802140177297929 ) ) ;
#3864 = CARTESIAN_POINT ( 'NONE',  ( 12.77041060420530449, 9.947980301707499251, -7.372999999999980680 ) ) ;
#3865 = CARTESIAN_POINT ( 'NONE',  ( 2.757066073642293613, 25.50000000000000355, -3.870351840520567688 ) ) ;
#3866 = EDGE_LOOP ( 'NONE', ( #2196 ) ) ;
#3867 = EDGE_CURVE ( 'NONE', #6846, #6846, #2661, .T. ) ;
#3868 = VECTOR ( 'NONE', #4446, 1000.000000000000114 ) ;
#3869 = CARTESIAN_POINT ( 'NONE',  ( -2.504179498640967783, 31.97743070733877246, -0.1441736814772945907 ) ) ;
#3870 = B_SPLINE_CURVE_WITH_KNOTS ( 'NONE', 3,
 ( #5912, #3525, #2960, #6440 ),
 .UNSPECIFIED., .F., .F.,
 ( 4, 4 ),
 ( 0.000000000000000000, 1.000000000000000000 ),
 .UNSPECIFIED. ) ;
#3871 = ORIENTED_EDGE ( 'NONE', *, *, #2183, .F. ) ;
#3872 = CARTESIAN_POINT ( 'NONE',  ( -6.738000000000000433, 11.18313635040830789, 11.67055834139906167 ) ) ;
#3873 = CARTESIAN_POINT ( 'NONE',  ( 2.230565953296320902, 25.25000000000000000, -3.263453560742609394 ) ) ;
#3874 = ADVANCED_FACE ( 'NONE', ( #3506 ), #4100, .F. ) ;
#3875 = CARTESIAN_POINT ( 'NONE',  ( 0.8194935113886321343, 10.18509886544735643, 15.00865518364587636 ) ) ;
#3876 = CARTESIAN_POINT ( 'NONE',  ( 13.47599999999997245, 2.928136350408307109, -3.610883317201789566 ) ) ;
#3877 = CARTESIAN_POINT ( 'NONE',  ( 3.635794674885525879, 7.786755308982936441, 13.56897045256122247 ) ) ;
#3878 = DIRECTION ( 'NONE',  ( 0.000000000000000000, 0.000000000000000000, 1.000000000000000000 ) ) ;
#3879 = CARTESIAN_POINT ( 'NONE',  ( 1.720754082786086769, 31.82622343603207327, -1.870273989531019421 ) ) ;
#3880 = DIRECTION ( 'NONE',  ( -0.8660254037844435926, 0.000000000000000000, -0.4999999999999913958 ) ) ;
#3881 = CARTESIAN_POINT ( 'NONE',  ( 2.504802053199713274, 24.25000000000000000, 3.738444419044704592 ) ) ;
#3882 = CARTESIAN_POINT ( 'NONE',  ( -13.18885122060229698, 3.383568543744272628, -7.210355723228685676 ) ) ;
#3883 = EDGE_LOOP ( 'NONE', ( #2792, #525, #6588, #5786 ) ) ;
#3884 = ORIENTED_EDGE ( 'NONE', *, *, #6183, .F. ) ;
#3885 = CARTESIAN_POINT ( 'NONE',  ( 1.368086280847762737, 31.75000000000000000, 1.269594947566252685 ) ) ;
#3886 = CARTESIAN_POINT ( 'NONE',  ( 13.47599999999997245, 8.008136350408307180, -3.610883317201789566 ) ) ;
#3887 = CARTESIAN_POINT ( 'NONE',  ( 3.068478155885829839, 24.50000000000000711, 3.625871179020576207 ) ) ;
#3888 = CARTESIAN_POINT ( 'NONE',  ( 2.183593153315235735, 25.27054525462381918, 3.155103405000295069 ) ) ;
#3889 = CARTESIAN_POINT ( 'NONE',  ( -4.727528636757448943, 25.04979920281346750, 0.5499999756506157578 ) ) ;
#3890 = DIRECTION ( 'NONE',  ( 0.000000000000000000, -0.000000000000000000, 1.000000000000000000 ) ) ;
#3891 = CARTESIAN_POINT ( 'NONE',  ( -4.428317965096905340, 24.50000000000000000, -0.8000000000000000444 ) ) ;
#3892 = CARTESIAN_POINT ( 'NONE',  ( 1.086754632981141500, 24.50000000000000000, -2.982314239684263235 ) ) ;
#3893 = ORIENTED_EDGE ( 'NONE', *, *, #1785, .F. ) ;
#3894 = VERTEX_POINT ( 'NONE', #5570 ) ;
#3895 = CARTESIAN_POINT ( 'NONE',  ( -3.941516664322040064, 25.00000000000000000, 0.3000000000000000444 ) ) ;
#3896 = CARTESIAN_POINT ( 'NONE',  ( -14.90702954743872333, 4.348637119227914738, 3.994326528783080921 ) ) ;
#3897 = CARTESIAN_POINT ( 'NONE',  ( -13.72999999999997556, 10.10819544528581204, 3.678942412079292623 ) ) ;
#3898 = CARTESIAN_POINT ( 'NONE',  ( 2.690472954631005553, 25.06699722633505800, -3.560035853809382367 ) ) ;
#3899 = CARTESIAN_POINT ( 'NONE',  ( -7.372999999999991338, 12.91131363504083396, 12.77041060420529739 ) ) ;
#3900 = CARTESIAN_POINT ( 'NONE',  ( 1.378716217552673928, 25.04098548791480994, 3.488006538020382408 ) ) ;
#3901 = VERTEX_POINT ( 'NONE', #2417 ) ;
#3902 = DIRECTION ( 'NONE',  ( 0.000000000000000000, 0.000000000000000000, 1.000000000000000000 ) ) ;
#3903 = ORIENTED_EDGE ( 'NONE', *, *, #2345, .T. ) ;
#3904 = CARTESIAN_POINT ( 'NONE',  ( 13.47599999999997245, 8.008136350408307180, -3.610883317201789566 ) ) ;
#3905 =( NAMED_UNIT ( * ) SI_UNIT ( $, .STERADIAN. ) SOLID_ANGLE_UNIT ( ) );
#3906 = EDGE_CURVE ( 'NONE', #7422, #6139, #5045, .T. ) ;
#3907 = ADVANCED_FACE ( 'NONE', ( #2943 ), #6270, .F. ) ;
#3908 = EDGE_CURVE ( 'NONE', #1947, #5704, #6648, .T. ) ;
#3909 = CARTESIAN_POINT ( 'NONE',  ( -12.18416208605842854, 9.372576640247112678, 8.749069005704948054 ) ) ;
#3910 = CARTESIAN_POINT ( 'NONE',  ( 6.737999999999995993, 8.643136350408306967, -11.67055834139906345 ) ) ;
#3911 = CARTESIAN_POINT ( 'NONE',  ( -2.356506155432344762, 32.01376935690982606, 0.8366608110843793966 ) ) ;
#3912 = CARTESIAN_POINT ( 'NONE',  ( -3.819855862075181019, 25.25745661011706034, 0.5499999999998526068 ) ) ;
#3913 = CARTESIAN_POINT ( 'NONE',  ( 10.79482120841063519, 11.21494090512249642, 10.79482120841064408 ) ) ;
#3914 = CARTESIAN_POINT ( 'NONE',  ( -8.230191391581580973, 4.591331438150199062, 12.54076581762136655 ) ) ;
#3915 = ORIENTED_EDGE ( 'NONE', *, *, #2898, .F. ) ;
#3916 = DIRECTION ( 'NONE',  ( 0.000000000000000000, 1.000000000000000000, 0.000000000000000000 ) ) ;
#3917 = CARTESIAN_POINT ( 'NONE',  ( 6.737999999999965794, 7.651451523088355522, 11.67055834139907766 ) ) ;
#3918 = CARTESIAN_POINT ( 'NONE',  ( -3.704503664215420766, 25.45461152071267463, 0.2244021103899751513 ) ) ;
#3919 = CARTESIAN_POINT ( 'NONE',  ( 2.447072304243155028, 24.99999999998928502, 3.138453560743753812 ) ) ;
#3920 = CARTESIAN_POINT ( 'NONE',  ( -3.126137210125222055, 24.50000000000000000, -0.3000000000000000444 ) ) ;
#3921 = FACE_OUTER_BOUND ( 'NONE', #1826, .T. ) ;
#3922 = CARTESIAN_POINT ( 'NONE',  ( 0.5154135936514536720, 32.01184860762833040, -2.447717949796389458 ) ) ;
#3923 = ADVANCED_FACE ( 'NONE', ( #4158 ), #3465, .F. ) ;
#3924 = ORIENTED_EDGE ( 'NONE', *, *, #1170, .F. ) ;
#3925 = CARTESIAN_POINT ( 'NONE',  ( 2.958333333333356574, 25.22140452079103312, 5.123983639057914985 ) ) ;
#3926 = EDGE_CURVE ( 'NONE', #5460, #711, #4081, .T. ) ;
#3927 = EDGE_CURVE ( 'NONE', #3022, #5383, #1737, .T. ) ;
#3928 = CARTESIAN_POINT ( 'NONE',  ( -10.98076211353313347, 8.420940905122494158, -10.98076211353313347 ) ) ;
#3929 = CARTESIAN_POINT ( 'NONE',  ( 1.126063976043872428, 32.02295302177460457, -2.236618006254456947 ) ) ;
#3930 = DIRECTION ( 'NONE',  ( -0.4999999999999918399, 0.000000000000000000, 0.8660254037844433705 ) ) ;
#3931 = CARTESIAN_POINT ( 'NONE',  ( 14.99784946666663821, 1.689940905122495618, 0.2539908959123998167 ) ) ;
#3932 = CARTESIAN_POINT ( 'NONE',  ( 1.433647915074887313, 25.25740340517642579, 3.583151029074794103 ) ) ;
#3933 = ORIENTED_EDGE ( 'NONE', *, *, #3926, .T. ) ;
#3934 = CARTESIAN_POINT ( 'NONE',  ( -2.487656245580277314, 32.02284145127074311, -0.2858429254642214645 ) ) ;
#3935 = ORIENTED_EDGE ( 'NONE', *, *, #2600, .T. ) ;
#3936 = B_SPLINE_CURVE_WITH_KNOTS ( 'NONE', 3,
 ( #1632, #2803, #2230, #658 ),
 .UNSPECIFIED., .F., .F.,
 ( 4, 4 ),
 ( 2.000450335955178455E-07, 0.0007018484763783080366 ),
 .UNSPECIFIED. ) ;
#3937 = DIRECTION ( 'NONE',  ( 0.000000000000000000, 1.000000000000000000, 0.000000000000000000 ) ) ;
#3938 = FACE_BOUND ( 'NONE', #3651, .T. ) ;
#3939 = ORIENTED_EDGE ( 'NONE', *, *, #5812, .T. ) ;
#3940 = EDGE_CURVE ( 'NONE', #996, #3426, #3029, .T. ) ;
#3941 = FACE_OUTER_BOUND ( 'NONE', #7305, .T. ) ;
#3942 = B_SPLINE_CURVE_WITH_KNOTS ( 'NONE', 3,
 ( #1479, #6005, #6657, #6692, #4233, #6114 ),
 .UNSPECIFIED., .F., .F.,
 ( 4, 2, 4 ),
 ( 0.000000000000000000, 0.0001757429616478263642, 0.0003514859232956527284 ),
 .UNSPECIFIED. ) ;
#3943 = AXIS2_PLACEMENT_3D ( 'NONE', #351, #3725, #7062 ) ;
#3944 = CARTESIAN_POINT ( 'NONE',  ( -13.47599999999996889, 5.256469683741641141, -1.229236914732483852E-14 ) ) ;
#3945 = CARTESIAN_POINT ( 'NONE',  ( -2.515698540010676165, 31.79513059880542514, 0.3327259559394495358 ) ) ;
#3946 = FACE_OUTER_BOUND ( 'NONE', #7008, .T. ) ;
#3947 = CARTESIAN_POINT ( 'NONE',  ( 9.865116682798158010, 7.863118189755023302, 9.865116682798175773 ) ) ;
#3948 = AXIS2_PLACEMENT_3D ( 'NONE', #3821, #7308, #3326 ) ;
#3949 = CARTESIAN_POINT ( 'NONE',  ( 0.3755551958806164770, 2.500144047951528226, -14.99529799168305644 ) ) ;
#3950 = ORIENTED_EDGE ( 'NONE', *, *, #5278, .T. ) ;
#3951 = CARTESIAN_POINT ( 'NONE',  ( 1.985186810929051582, 24.25000000000000000, 4.038444419044706635 ) ) ;
#3952 = CARTESIAN_POINT ( 'NONE',  ( 1.373936023956086938, 32.02295302177460457, -2.093509012667759350 ) ) ;
#3953 = CARTESIAN_POINT ( 'NONE',  ( -3.712133762045476182, 25.45447768495442631, -4.592425496802573972E-16 ) ) ;
#3954 = CARTESIAN_POINT ( 'NONE',  ( 2.333715868434357965, 25.32899362095079709, 2.942114454557966052 ) ) ;
#3955 = CARTESIAN_POINT ( 'NONE',  ( 1.540125383044458562, 31.85855918567689216, 2.002123501580559850 ) ) ;
#3956 = VECTOR ( 'NONE', #5219, 1000.000000000000114 ) ;
#3957 = B_SPLINE_CURVE_WITH_KNOTS ( 'NONE', 3,
 ( #3334, #3973, #5047, #2129, #5691, #2814 ),
 .UNSPECIFIED., .F., .F.,
 ( 4, 2, 4 ),
 ( 0.000000000000000000, 0.0001375783185092445762, 0.0002751566370184891524 ),
 .UNSPECIFIED. ) ;
#3958 = LINE ( 'NONE', #3398, #379 ) ;
#3959 = CARTESIAN_POINT ( 'NONE',  ( 0.4763139720814399958, 0.000000000000000000, -0.2750000000000022427 ) ) ;
#3960 = ORIENTED_EDGE ( 'NONE', *, *, #3075, .F. ) ;
#3961 = CARTESIAN_POINT ( 'NONE',  ( 0.000000000000000000, 17.00000000000000000, -13.00000000000000000 ) ) ;
#3962 = AXIS2_PLACEMENT_3D ( 'NONE', #160, #3005, #6447 ) ;
#3963 = CARTESIAN_POINT ( 'NONE',  ( 0.000000000000000000, 32.25000000000000000, 0.000000000000000000 ) ) ;
#3964 = CARTESIAN_POINT ( 'NONE',  ( 11.89052879396030882, 12.01319544528581140, 6.864999999999999325 ) ) ;
#3965 = AXIS2_PLACEMENT_3D ( 'NONE', #4422, #6729, #1584 ) ;
#3966 = CARTESIAN_POINT ( 'NONE',  ( 3.994326528783094243, 2.655303785894582269, -14.90702954743871622 ) ) ;
#3967 = CARTESIAN_POINT ( 'NONE',  ( 14.45818868655338996, 11.69049864109185854, 2.899188835503228923 ) ) ;
#3968 = CARTESIAN_POINT ( 'NONE',  ( 2.230565953296367532, 25.25000000000000000, 3.263453560742579196 ) ) ;
#3969 = CARTESIAN_POINT ( 'NONE',  ( 1.494444360079600687, 24.99999999999997513, 3.688453560742590120 ) ) ;
#3970 = VECTOR ( 'NONE', #1553, 1000.000000000000000 ) ;
#3971 = VECTOR ( 'NONE', #2465, 1000.000000000000227 ) ;
#3972 = ORIENTED_EDGE ( 'NONE', *, *, #4706, .F. ) ;
#3973 = CARTESIAN_POINT ( 'NONE',  ( -2.131062432313102661, 32.00000000000000000, -0.7630818327711514915 ) ) ;
#3974 = ORIENTED_EDGE ( 'NONE', *, *, #6407, .T. ) ;
#3975 = VERTEX_POINT ( 'NONE', #5782 ) ;
#3976 = CARTESIAN_POINT ( 'NONE',  ( -2.233260202834125074, 31.84131709439716573, -0.5672744357169603457 ) ) ;
#3977 = DIRECTION ( 'NONE',  ( 0.000000000000000000, 0.000000000000000000, 1.000000000000000000 ) ) ;
#3978 = AXIS2_PLACEMENT_3D ( 'NONE', #6707, #4544, #7338 ) ;
#3979 = CIRCLE ( 'NONE', #6890, 0.2500000000000000000 ) ;
#3980 = EDGE_LOOP ( 'NONE', ( #1192, #43, #3400 ) ) ;
#3981 = B_SPLINE_CURVE_WITH_KNOTS ( 'NONE', 3,
 ( #4434, #7373, #512, #1554 ),
 .UNSPECIFIED., .F., .F.,
 ( 4, 4 ),
 ( 3.949624262653063330E-07, 0.0005304375256813089520 ),
 .UNSPECIFIED. ) ;
#3982 = LINE ( 'NONE', #111, #4330 ) ;
#3983 = CARTESIAN_POINT ( 'NONE',  ( -13.47599999999997600, 10.54813635040830633, 3.610883317201784237 ) ) ;
#3984 = CARTESIAN_POINT ( 'NONE',  ( 3.678942412079291735, 12.95972576154418654, 13.72999999999997556 ) ) ;
#3985 = CARTESIAN_POINT ( 'NONE',  ( -3.882270234431773215, 25.24999999998913225, 0.3063583215231651113 ) ) ;
#3986 = CIRCLE ( 'NONE', #6659, 4.750000000000000000 ) ;
#3987 = CARTESIAN_POINT ( 'NONE',  ( -13.47599999999996356, 5.746451523088355273, -3.610883317201815323 ) ) ;
#3988 = VECTOR ( 'NONE', #2619, 1000.000000000000000 ) ;
#3989 = CARTESIAN_POINT ( 'NONE',  ( 7.851246548400862224, 5.504791998510384587, 12.78224270727772449 ) ) ;
#3990 = VERTEX_POINT ( 'NONE', #63 ) ;
#3991 = ORIENTED_EDGE ( 'NONE', *, *, #2183, .T. ) ;
#3992 = CARTESIAN_POINT ( 'NONE',  ( 1.522431007383657331, 25.41533853840699564, -3.383440213801307106 ) ) ;
#3993 = CARTESIAN_POINT ( 'NONE',  ( -3.610883317201788678, 9.979784856421689554, -13.47599999999997245 ) ) ;
#3994 = CARTESIAN_POINT ( 'NONE',  ( -4.489988864128728885, 24.25000000000000000, 0.2999999999999999889 ) ) ;
#3995 = CARTESIAN_POINT ( 'NONE',  ( 1.874999999999970468, 25.25000000000000355, -3.247595264191664111 ) ) ;
#3996 = ADVANCED_FACE ( 'NONE', ( #4115 ), #2786, .F. ) ;
#3997 = CARTESIAN_POINT ( 'NONE',  ( 1.822876226197918337, 24.50000000000000000, -2.557314239684270518 ) ) ;
#3998 = EDGE_CURVE ( 'NONE', #4110, #1947, #2140, .T. ) ;
#3999 = EDGE_CURVE ( 'NONE', #4654, #2703, #5318, .T. ) ;
#4000 = FACE_OUTER_BOUND ( 'NONE', #3501, .T. ) ;
#4001 = EDGE_CURVE ( 'NONE', #527, #7097, #3684, .T. ) ;
#4002 = EDGE_CURVE ( 'NONE', #1897, #2563, #5202, .T. ) ;
#4003 = CARTESIAN_POINT ( 'NONE',  ( -4.730355883845620113, 24.00000000000000000, -0.4525158605578398774 ) ) ;
#4004 = ORIENTED_EDGE ( 'NONE', *, *, #240, .F. ) ;
#4005 = CARTESIAN_POINT ( 'NONE',  ( 13.47599999999996889, 3.067293936748331173, 1.064203512079386914E-14 ) ) ;
#4006 = CARTESIAN_POINT ( 'NONE',  ( 6.864999999999968239, 11.58986211195247762, 11.89052879396032836 ) ) ;
#4007 = CARTESIAN_POINT ( 'NONE',  ( 7.499999999999973355, 5.669274238455828119, 12.99038105676655874 ) ) ;
#4008 = CARTESIAN_POINT ( 'NONE',  ( 14.71206057089593244, 11.42910818975087395, 2.925272736253161643 ) ) ;
#4009 = DIRECTION ( 'NONE',  ( 0.5000000000000039968, -0.000000000000000000, 0.8660254037844363761 ) ) ;
#4010 = CARTESIAN_POINT ( 'NONE',  ( -12.90986628304717243, 6.654284087602081676, -7.453514773719366104 ) ) ;
#4011 = CARTESIAN_POINT ( 'NONE',  ( 1.613521857649818037, 31.87175867028609133, 1.632771654065314992 ) ) ;
#4012 = ORIENTED_EDGE ( 'NONE', *, *, #648, .F. ) ;
#4013 = CARTESIAN_POINT ( 'NONE',  ( -1.485671558401358228, 32.00000000000000000, 0.8000000000000005995 ) ) ;
#4014 = ORIENTED_EDGE ( 'NONE', *, *, #6694, .T. ) ;
#4015 = ORIENTED_EDGE ( 'NONE', *, *, #5833, .F. ) ;
#4016 = CARTESIAN_POINT ( 'NONE',  ( 1.860284069159995113, 24.27705500085220791, 4.082745497264292034 ) ) ;
#4017 = CARTESIAN_POINT ( 'NONE',  ( 1.767327651275274691, 25.13171604507416745, -4.105346824369854986 ) ) ;
#4018 = DIRECTION ( 'NONE',  ( 0.09104463009115217054, -0.9832820049844602783, -0.1576939250741931919 ) ) ;
#4019 = ORIENTED_EDGE ( 'NONE', *, *, #789, .F. ) ;
#4020 = EDGE_CURVE ( 'NONE', #4485, #2364, #3942, .T. ) ;
#4021 = CARTESIAN_POINT ( 'NONE',  ( -3.610883317201822429, 7.016451523088354847, 13.47599999999996179 ) ) ;
#4022 = CARTESIAN_POINT ( 'NONE',  ( 3.678942412079291735, 7.879725761544184692, 13.72999999999997556 ) ) ;
#4023 = CARTESIAN_POINT ( 'NONE',  ( -6.864999999999999325, 12.32472576154418498, 11.89052879396031059 ) ) ;
#4024 = ADVANCED_FACE ( 'NONE', ( #6083 ), #1512, .T. ) ;
#4025 = CARTESIAN_POINT ( 'NONE',  ( 12.41237061660187457, 6.811116449743305878, -8.426937685956627178 ) ) ;
#4026 = EDGE_LOOP ( 'NONE', ( #5577, #2502, #2939, #5128 ) ) ;
#4027 = VERTEX_POINT ( 'NONE', #3806 ) ;
#4028 = CARTESIAN_POINT ( 'NONE',  ( 2.615192378864694245, 25.00000000000000000, 5.129646071760513237 ) ) ;
#4029 = CARTESIAN_POINT ( 'NONE',  ( 13.47599999999997245, 8.709784856421689980, -3.610883317201789566 ) ) ;
#4030 = CARTESIAN_POINT ( 'NONE',  ( 14.70723124467802734, 14.88514555227603964, 2.949127414929262336 ) ) ;
#4031 = CARTESIAN_POINT ( 'NONE',  ( 1.545998400347342816, 31.79513059880542514, -2.012295865942959505 ) ) ;
#4032 = CARTESIAN_POINT ( 'NONE',  ( 10.05105758792065274, 6.721528778619144440, 10.05105758792067228 ) ) ;
#4033 =( BOUNDED_CURVE ( )  B_SPLINE_CURVE ( 3, ( #1832, #5312, #5985, #4708 ),
 .UNSPECIFIED., .F., .F. ) 
 B_SPLINE_CURVE_WITH_KNOTS ( ( 4, 4 ),
 ( 0.000000000000000000, 1.000000000000000000 ),
 .UNSPECIFIED. ) 
 CURVE ( )  GEOMETRIC_REPRESENTATION_ITEM ( )  RATIONAL_B_SPLINE_CURVE ( ( 1.000000000000000000, 0.9106836025229579912, 0.9106836025229579912, 1.000000000000000000 ) ) 
 REPRESENTATION_ITEM ( '' )  );
#4034 = EDGE_LOOP ( 'NONE', ( #6195, #1852, #1754, #5834, #1990, #2868, #6396 ) ) ;
#4035 = CARTESIAN_POINT ( 'NONE',  ( 14.45818863109507824, 14.44520448386300160, 2.899188824382595620 ) ) ;
#4036 = EDGE_LOOP ( 'NONE', ( #5027, #469, #3915, #7339 ) ) ;
#4037 = EDGE_CURVE ( 'NONE', #2815, #3990, #6655, .T. ) ;
#4038 = CARTESIAN_POINT ( 'NONE',  ( 3.951178791589331052, 7.828274238455829703, -14.74599999999996314 ) ) ;
#4039 = CARTESIAN_POINT ( 'NONE',  ( 9.933175777675682383, 3.004499231180391750, -9.933175777675669949 ) ) ;
#4040 = CARTESIAN_POINT ( 'NONE',  ( 14.98027912472515766, 11.69894734311715290, 1.114571631229646531 ) ) ;
#4041 = CARTESIAN_POINT ( 'NONE',  ( 2.148829980760710079, 25.34408468279957560, 3.070053027562015924 ) ) ;
#4042 = CARTESIAN_POINT ( 'NONE',  ( -12.90986628304717243, 11.73428408760207731, -7.453514773719366104 ) ) ;
#4043 = ADVANCED_FACE ( 'NONE', ( #3232, #207 ), #7256, .T. ) ;
#4044 = CARTESIAN_POINT ( 'NONE',  ( -2.463922979654538548, 32.02262672620886264, 0.4231826441742399525 ) ) ;
#4045 = ORIENTED_EDGE ( 'NONE', *, *, #2713, .F. ) ;
#4046 = FACE_OUTER_BOUND ( 'NONE', #1224, .T. ) ;
#4047 = ORIENTED_EDGE ( 'NONE', *, *, #806, .F. ) ;
#4048 = CARTESIAN_POINT ( 'NONE',  ( 1.405210028659026111, 32.00000000000000000, -0.9416683826658698298 ) ) ;
#4049 = ORIENTED_EDGE ( 'NONE', *, *, #1377, .T. ) ;
#4050 = DIRECTION ( 'NONE',  ( -1.000000000000000000, 0.000000000000000000, 1.734723475976805517E-15 ) ) ;
#4051 = CARTESIAN_POINT ( 'NONE',  ( -4.481119310797846644, 24.25000000000000000, 0.3663736594757788789 ) ) ;
#4052 = CARTESIAN_POINT ( 'NONE',  ( 2.643957722821864920, 25.50000000000000355, -3.946135775658336176 ) ) ;
#4053 = CARTESIAN_POINT ( 'NONE',  ( -2.217530681689084737, 31.88631336310442776, 0.5904321898784081757 ) ) ;
#4054 = ORIENTED_EDGE ( 'NONE', *, *, #6226, .F. ) ;
#4055 = CARTESIAN_POINT ( 'NONE',  ( 2.504802053199713718, 25.25000000000000000, 3.738444419044704148 ) ) ;
#4056 = CARTESIAN_POINT ( 'NONE',  ( -13.47599999999996356, 10.82645152308835357, -3.610883317201815323 ) ) ;
#4057 = CARTESIAN_POINT ( 'NONE',  ( -1.139052268350550682E-14, 7.668059094877517801, 13.72999999999997200 ) ) ;
#4058 = CARTESIAN_POINT ( 'NONE',  ( -3.678942412079296176, 5.339725761544184657, -13.72999999999997200 ) ) ;
#4059 = ADVANCED_FACE ( 'NONE', ( #6535 ), #2459, .T. ) ;
#4060 = CARTESIAN_POINT ( 'NONE',  ( 7.422136516002826312, 5.478043613835807513, 13.03929037578136274 ) ) ;
#4061 = VERTEX_POINT ( 'NONE', #6191 ) ;
#4062 = EDGE_LOOP ( 'NONE', ( #7280, #6000, #7163 ) ) ;
#4063 = CARTESIAN_POINT ( 'NONE',  ( 0.8269022799478872310, 31.93263418879432081, 2.101334504632097477 ) ) ;
#4064 = CARTESIAN_POINT ( 'NONE',  ( 1.521338659520862446, 0.000000000000000000, -4.235035853808945205 ) ) ;
#4065 = CARTESIAN_POINT ( 'NONE',  ( -4.686081471288718880, 25.26784911798275246, 0.7829494393106379846 ) ) ;
#4066 = CARTESIAN_POINT ( 'NONE',  ( -1.520863999602968919, 31.79552231504558080, 0.4464466094067265356 ) ) ;
#4067 = CIRCLE ( 'NONE', #6011, 5.750000000000000000 ) ;
#4068 = FACE_BOUND ( 'NONE', #903, .T. ) ;
#4069 = AXIS2_PLACEMENT_3D ( 'NONE', #6462, #5748, #2379 ) ;
#4070 = DIRECTION ( 'NONE',  ( 0.000000000000000000, 1.000000000000000000, 0.000000000000000000 ) ) ;
#4071 = LINE ( 'NONE', #1249, #6014 ) ;
#4072 = B_SPLINE_CURVE_WITH_KNOTS ( 'NONE', 3,
 ( #7429, #1052, #6832, #4455 ),
 .UNSPECIFIED., .F., .F.,
 ( 4, 4 ),
 ( 4.000170790266976810E-07, 0.001174032223689986656 ),
 .UNSPECIFIED. ) ;
#4073 = EDGE_LOOP ( 'NONE', ( #257, #6463, #5166, #6855 ) ) ;
#4074 = CARTESIAN_POINT ( 'NONE',  ( 7.372999999999971799, 5.923274238455828566, 12.77041060420530982 ) ) ;
#4075 = CARTESIAN_POINT ( 'NONE',  ( -1.248540535529918529E-14, 11.25949923118039209, 13.56897045256121714 ) ) ;
#4076 = B_SPLINE_CURVE_WITH_KNOTS ( 'NONE', 3,
 ( #3256, #5043, #3331, #6135, #6281, #3931 ),
 .UNSPECIFIED., .F., .F.,
 ( 4, 2, 4 ),
 ( -3.125066662737935030E-06, 0.0002648365181177168718, 0.0005327981028981716629 ),
 .UNSPECIFIED. ) ;
#4077 = CARTESIAN_POINT ( 'NONE',  ( -12.90986628304717243, 8.793637119227915022, -7.453514773719366104 ) ) ;
#4078 = DIRECTION ( 'NONE',  ( -0.000000000000000000, -1.000000000000000000, -0.000000000000000000 ) ) ;
#4079 = CARTESIAN_POINT ( 'NONE',  ( -3.529450790841135444, 25.18993509706624323, -0.5500000000000000444 ) ) ;
#4080 = CARTESIAN_POINT ( 'NONE',  ( 12.90986628304717065, 9.194284087602076383, 7.453514773719368769 ) ) ;
#4081 =( BOUNDED_CURVE ( )  B_SPLINE_CURVE ( 3, ( #5854, #3573, #4066, #1247 ),
 .UNSPECIFIED., .F., .F. ) 
 B_SPLINE_CURVE_WITH_KNOTS ( ( 4, 4 ),
 ( 4.712388980384687009, 6.283185307179586232 ),
 .UNSPECIFIED. ) 
 CURVE ( )  GEOMETRIC_REPRESENTATION_ITEM ( )  RATIONAL_B_SPLINE_CURVE ( ( 1.000000000000000000, 0.8047378541243643824, 0.8047378541243643824, 1.000000000000000000 ) ) 
 REPRESENTATION_ITEM ( '' )  );
#4082 = CARTESIAN_POINT ( 'NONE',  ( -2.464273286624675929, 32.02121782900725577, 0.4211568186037001338 ) ) ;
#4083 = EDGE_CURVE ( 'NONE', #1498, #5944, #3581, .T. ) ;
#4084 = ORIENTED_EDGE ( 'NONE', *, *, #3234, .F. ) ;
#4085 = CIRCLE ( 'NONE', #6026, 0.2500000000000002220 ) ;
#4086 = AXIS2_PLACEMENT_3D ( 'NONE', #4999, #993, #3285 ) ;
#4087 = DIRECTION ( 'NONE',  ( 1.000000000000000000, -0.000000000000000000, 0.000000000000000000 ) ) ;
#4088 = ORIENTED_EDGE ( 'NONE', *, *, #422, .F. ) ;
#4089 = CARTESIAN_POINT ( 'NONE',  ( 1.609412840037089065, 31.85707520959771344, -1.640669567218705716 ) ) ;
#4090 = ORIENTED_EDGE ( 'NONE', *, *, #1048, .F. ) ;
#4091 = CARTESIAN_POINT ( 'NONE',  ( -3.675115834356502909, 25.38517669140643918, -0.5500000000000572209 ) ) ;
#4092 = CARTESIAN_POINT ( 'NONE',  ( -10.98076211353314058, 4.424999999999998046, 10.98076211353312992 ) ) ;
#4093 = DIRECTION ( 'NONE',  ( 0.000000000000000000, 0.000000000000000000, -1.000000000000000000 ) ) ;
#4094 = CARTESIAN_POINT ( 'NONE',  ( 1.856066881022707893, 25.45447768495442631, -3.214802140177297929 ) ) ;
#4095 = CIRCLE ( 'NONE', #2885, 5.500000000000000000 ) ;
#4096 = CIRCLE ( 'NONE', #6871, 1.523999999999997579 ) ;
#4097 = EDGE_CURVE ( 'NONE', #6715, #996, #3979, .T. ) ;
#4098 = ORIENTED_EDGE ( 'NONE', *, *, #55, .T. ) ;
#4099 = EDGE_CURVE ( 'NONE', #4133, #7011, #2295, .T. ) ;
#4100 = TOROIDAL_SURFACE ( 'NONE', #856, 4.500000000000000000, 0.2500000000000000000 ) ;
#4101 = CARTESIAN_POINT ( 'NONE',  ( 0.9697001396633245784, 31.79513059880541803, 2.345021821882389279 ) ) ;
#4102 = AXIS2_PLACEMENT_3D ( 'NONE', #1921, #4796, #6492 ) ;
#4103 = CARTESIAN_POINT ( 'NONE',  ( -1.311753616059032242E-14, 12.30811818975502270, 13.47599999999996889 ) ) ;
#4104 = DIRECTION ( 'NONE',  ( -0.000000000000000000, -1.000000000000000000, -0.000000000000000000 ) ) ;
#4105 = CARTESIAN_POINT ( 'NONE',  ( 10.79482120841064230, 5.079646968374166072, -10.79482120841063875 ) ) ;
#4106 = EDGE_CURVE ( 'NONE', #2692, #1284, #6294, .T. ) ;
#4107 = AXIS2_PLACEMENT_3D ( 'NONE', #542, #7437, #4506 ) ;
#4108 = AXIS2_PLACEMENT_3D ( 'NONE', #3646, #712, #1836 ) ;
#4109 = CARTESIAN_POINT ( 'NONE',  ( 14.39273454890868287, 6.561109805411147633, -4.224837164320631722 ) ) ;
#4110 = VERTEX_POINT ( 'NONE', #2714 ) ;
#4111 = EDGE_LOOP ( 'NONE', ( #1731, #1708, #4668, #6180 ) ) ;
#4112 = CARTESIAN_POINT ( 'NONE',  ( -7.409090220399578541, 1.372053744518438645, 0.3000000000000000444 ) ) ;
#4113 = CARTESIAN_POINT ( 'NONE',  ( 6.737999999999965794, 12.73145152308835470, 11.67055834139907766 ) ) ;
#4114 = DIRECTION ( 'NONE',  ( -0.9999999999999995559, 3.052344535003915238E-08, 3.583277254738887647E-24 ) ) ;
#4115 = FACE_OUTER_BOUND ( 'NONE', #4333, .T. ) ;
#4116 = CARTESIAN_POINT ( 'NONE',  ( 0.000000000000000000, 14.50000000000000000, -13.00000000000000000 ) ) ;
#4117 = B_SPLINE_CURVE_WITH_KNOTS ( 'NONE', 3,
 ( #5564, #1061, #407, #5601, #1030, #4998 ),
 .UNSPECIFIED., .F., .F.,
 ( 4, 2, 4 ),
 ( 0.000000000000000000, 0.0004063670613842344272, 0.0008127341227684688543 ),
 .UNSPECIFIED. ) ;
#4118 = CARTESIAN_POINT ( 'NONE',  ( 2.133059622348381090, 25.45486940119457486, 3.029115729602145812 ) ) ;
#4119 = ORIENTED_EDGE ( 'NONE', *, *, #5927, .F. ) ;
#4120 = DIRECTION ( 'NONE',  ( -0.000000000000000000, -1.000000000000000000, -0.000000000000000000 ) ) ;
#4121 = CARTESIAN_POINT ( 'NONE',  ( 3.635794674885526323, 6.391165897847057131, 13.56897045256122425 ) ) ;
#4122 = CARTESIAN_POINT ( 'NONE',  ( 14.74599999999996491, 6.981607571789161248, -3.951178791589324391 ) ) ;
#4123 = CARTESIAN_POINT ( 'NONE',  ( 14.70728551350445734, 11.33854920223658524, 2.948856202116757697 ) ) ;
#4124 = CARTESIAN_POINT ( 'NONE',  ( 0.6253560291687054740, 31.84131709439716573, 2.217697286773619325 ) ) ;
#4125 = CARTESIAN_POINT ( 'NONE',  ( -3.994326528783100461, 8.135950754268746365, 14.90702954743871622 ) ) ;
#4126 = DIRECTION ( 'NONE',  ( -0.000000000000000000, -1.000000000000000000, -0.000000000000000000 ) ) ;
#4127 = B_SPLINE_CURVE_WITH_KNOTS ( 'NONE', 3,
 ( #5162, #670, #2319, #2241, #5802, #7457 ),
 .UNSPECIFIED., .F., .F.,
 ( 4, 2, 4 ),
 ( 0.000000000000000000, 0.0001375783185092406731, 0.0002751566370184812377 ),
 .UNSPECIFIED. ) ;
#4128 = ORIENTED_EDGE ( 'NONE', *, *, #1010, .T. ) ;
#4129 = DIRECTION ( 'NONE',  ( 0.8660254037844363761, -0.000000000000000000, -0.5000000000000041078 ) ) ;
#4130 = ORIENTED_EDGE ( 'NONE', *, *, #2445, .T. ) ;
#4131 = DIRECTION ( 'NONE',  ( -0.1594074307613841390, 0.000000000000000000, -0.9872128802938373582 ) ) ;
#4132 = DIRECTION ( 'NONE',  ( 0.000000000000000000, 0.000000000000000000, -1.000000000000000000 ) ) ;
#4133 = VERTEX_POINT ( 'NONE', #7362 ) ;
#4134 = B_SPLINE_CURVE_WITH_KNOTS ( 'NONE', 3,
 ( #5501, #3103, #6673, #4850, #4287, #2009 ),
 .UNSPECIFIED., .F., .F.,
 ( 4, 2, 4 ),
 ( 0.000000000000000000, 0.5000000000000000000, 1.000000000000000000 ),
 .UNSPECIFIED. ) ;
#4135 = PLANE ( 'NONE',  #2666 ) ;
#4136 = CARTESIAN_POINT ( 'NONE',  ( 12.99038105676654808, 5.906666666666666288, 7.499999999999991118 ) ) ;
#4137 = CARTESIAN_POINT ( 'NONE',  ( 0.3717199755998528699, 32.00000000000000000, 1.767157541830148615 ) ) ;
#4138 = CARTESIAN_POINT ( 'NONE',  ( -1.275043498623861238, 32.00000000000000000, -0.4312673116700897480 ) ) ;
#4139 = CARTESIAN_POINT ( 'NONE',  ( 3.610883317201783349, 12.51978485642169048, 13.47599999999997600 ) ) ;
#4140 = VERTEX_POINT ( 'NONE', #5624 ) ;
#4141 = DIRECTION ( 'NONE',  ( 0.000000000000000000, 0.000000000000000000, 1.000000000000000000 ) ) ;
#4142 = DIRECTION ( 'NONE',  ( -0.000000000000000000, -1.000000000000000000, -0.000000000000000000 ) ) ;
#4143 = CARTESIAN_POINT ( 'NONE',  ( 9.865116682798154457, 12.24146968374163791, 9.865116682798175773 ) ) ;
#4144 = CARTESIAN_POINT ( 'NONE',  ( -5.750000000000001776, 24.04289321881345387, -5.513555380255525107E-19 ) ) ;
#4145 = ADVANCED_FACE ( 'NONE', ( #6803, #1189 ), #1340, .T. ) ;
#4146 = CARTESIAN_POINT ( 'NONE',  ( 13.72999999999997200, 8.938059094877518262, 8.868362600661539474E-15 ) ) ;
#4147 = ADVANCED_FACE ( 'NONE', ( #1758 ), #5874, .T. ) ;
#4148 = ADVANCED_FACE ( 'NONE', ( #4457 ), #6519, .F. ) ;
#4149 = B_SPLINE_CURVE_WITH_KNOTS ( 'NONE', 3,
 ( #6837, #6263, #5143, #7435, #2860, #1733 ),
 .UNSPECIFIED., .F., .F.,
 ( 4, 2, 4 ),
 ( 0.000000000000000000, 0.0001375783185092406731, 0.0002751566370184813461 ),
 .UNSPECIFIED. ) ;
#4150 = CARTESIAN_POINT ( 'NONE',  ( 8.326343724653902711, 5.534988111589434823, 12.47686087530666654 ) ) ;
#4151 = VERTEX_POINT ( 'NONE', #1585 ) ;
#4152 = ORIENTED_EDGE ( 'NONE', *, *, #5810, .T. ) ;
#4153 = CARTESIAN_POINT ( 'NONE',  ( -5.916666666666666075, 25.22140452079103312, 5.555570322758251720E-17 ) ) ;
#4154 = CARTESIAN_POINT ( 'NONE',  ( 12.77764800572651538, 13.28457801691124196, 4.820464452850475645 ) ) ;
#4155 = ORIENTED_EDGE ( 'NONE', *, *, #1157, .T. ) ;
#4156 = CARTESIAN_POINT ( 'NONE',  ( 0.7789271125785415251, 32.02262672620886974, 2.110870093892576627 ) ) ;
#4157 =( BOUNDED_CURVE ( )  B_SPLINE_CURVE ( 2, ( #1248, #6269, #6422, #1100, #5745, #6307, #1209, #2341, #5221, #5710, #544, #2979, #4651, #5291, #6378, #3431, #580, #133, #2865, #2833, #3542, #4032, #64, #5147, #7439, #4576, #5184, #24, #2260, #3508, #6881, #5821, #2303, #4619, #656, #208, #5485, #1433, #6049, #323, #875, #1850, #3731, #3574, #2531, #7066, #3694, #246, #4159 ),
 .UNSPECIFIED., .F., .F. ) 
 B_SPLINE_CURVE_WITH_KNOTS ( ( 3, 2, 2, 2, 2, 2, 2, 2, 2, 2, 2, 2, 2, 2, 2, 2, 2, 2, 2, 2, 2, 2, 2, 2, 3 ),
 ( 0.000000000000000000, 0.04166666666666666435, 0.08333333333333332871, 0.1250000000000000000, 0.1666666666666666574, 0.2083333333333333426, 0.2500000000000000000, 0.2916666666666666297, 0.3333333333333333148, 0.3749999999999999445, 0.4166666666666666852, 0.4583333333333333703, 0.5000000000000000000, 0.5416666666666666297, 0.5833333333333332593, 0.6250000000000000000, 0.6666666666666666297, 0.7083333333333333703, 0.7499999999999998890, 0.7916666666666666297, 0.8333333333333333703, 0.8750000000000000000, 0.9166666666666667407, 0.9583333333333333703, 0.9842244457694817594 ),
 .UNSPECIFIED. ) 
 CURVE ( )  GEOMETRIC_REPRESENTATION_ITEM ( )  RATIONAL_B_SPLINE_CURVE ( ( 1.000000000000000000, 0.9659258262890683122, 1.000000000000000000, 0.9659258262890683122, 1.000000000000000000, 0.9659258262890683122, 1.000000000000000000, 0.9659258262890683122, 1.000000000000000000, 0.9659258262890683122, 1.000000000000000000, 0.9659258262890683122, 1.000000000000000000, 0.9659258262890683122, 1.000000000000000000, 0.9659258262890683122, 1.000000000000000000, 0.9659258262890683122, 1.000000000000000000, 0.9659258262890683122, 1.000000000000000000, 0.9659258262890683122, 1.000000000000000000, 0.9659258262890683122, 1.000000000000000000, 0.9659258262890683122, 1.000000000000000000, 0.9659258262890683122, 1.000000000000000000, 0.9659258262890683122, 1.000000000000000000, 0.9659258262890683122, 1.000000000000000000, 0.9659258262890683122, 1.000000000000000000, 0.9659258262890683122, 1.000000000000000000, 0.9659258262890683122, 1.000000000000000000, 0.9659258262890683122, 1.000000000000000000, 0.9659258262890683122, 1.000000000000000000, 0.9659258262890683122, 1.000000000000000000, 0.9659258262890683122, 1.000000000000000000, 0.9788267616947540217, 0.9839670606822353838 ) ) 
 REPRESENTATION_ITEM ( '' )  );
#4158 = FACE_OUTER_BOUND ( 'NONE', #5798, .T. ) ;
#4159 = CARTESIAN_POINT ( 'NONE',  ( 13.46201884230257129, 12.27708635942415327, 2.699434595651384328 ) ) ;
#4160 = LINE ( 'NONE', #1283, #377 ) ;
#4161 = ORIENTED_EDGE ( 'NONE', *, *, #2596, .F. ) ;
#4162 = CARTESIAN_POINT ( 'NONE',  ( -3.951178791589339934, 10.36827423845582707, 14.74599999999996314 ) ) ;
#4163 = CARTESIAN_POINT ( 'NONE',  ( 3.610883317201814435, 8.668862111952478244, -13.47599999999996712 ) ) ;
#4164 = CARTESIAN_POINT ( 'NONE',  ( -10.79482120841064763, 4.864940905122495884, 10.79482120841063342 ) ) ;
#4165 = DIRECTION ( 'NONE',  ( 0.8660254037844433705, 0.000000000000000000, 0.4999999999999918954 ) ) ;
#4166 = CARTESIAN_POINT ( 'NONE',  ( -12.90986628304717776, 12.58095075426874310, 7.453514773719354558 ) ) ;
#4167 = FACE_OUTER_BOUND ( 'NONE', #4034, .T. ) ;
#4168 = EDGE_CURVE ( 'NONE', #6352, #6755, #4960, .T. ) ;
#4169 = ORIENTED_EDGE ( 'NONE', *, *, #6380, .T. ) ;
#4170 = CARTESIAN_POINT ( 'NONE',  ( 0.5734963235813991256, 31.92177851209905626, 2.220325756053765698 ) ) ;
#4171 = ORIENTED_EDGE ( 'NONE', *, *, #1531, .T. ) ;
#4172 = CARTESIAN_POINT ( 'NONE',  ( 1.011010197040024483, 32.00000000000000000, -0.8885864049033772583 ) ) ;
#4173 = CARTESIAN_POINT ( 'NONE',  ( -1.783544617532631715, 32.00000000000000000, -0.8000000000000000444 ) ) ;
#4174 = CARTESIAN_POINT ( 'NONE',  ( 0.3385209649795317133, 31.77666635476308343, -1.686335510771826085 ) ) ;
#4175 = CARTESIAN_POINT ( 'NONE',  ( 12.99038105676655341, 6.753333333333332966, -7.499999999999983125 ) ) ;
#4176 = CARTESIAN_POINT ( 'NONE',  ( 2.690472954629910873, 24.50000000000000000, 3.560035853808919626 ) ) ;
#4177 = CARTESIAN_POINT ( 'NONE',  ( -1.482997761909760959, 32.00000000000000000, -0.3759803211577585902 ) ) ;
#4178 = ORIENTED_EDGE ( 'NONE', *, *, #7342, .T. ) ;
#4179 = DIRECTION ( 'NONE',  ( 0.000000000000000000, 0.000000000000000000, -1.000000000000000000 ) ) ;
#4180 = DIRECTION ( 'NONE',  ( 0.000000000000000000, 1.000000000000000000, 0.000000000000000000 ) ) ;
#4181 = CARTESIAN_POINT ( 'NONE',  ( -9.865116682798158010, 4.621469683741641354, -9.865116682798173997 ) ) ;
#4182 = DIRECTION ( 'NONE',  ( -0.5000000000000039968, -0.000000000000000000, -0.8660254037844363761 ) ) ;
#4183 = CARTESIAN_POINT ( 'NONE',  ( -3.678942412079325486, 7.456392428210850021, 13.72999999999996312 ) ) ;
#4184 = ADVANCED_FACE ( 'NONE', ( #3831 ), #3309, .F. ) ;
#4185 = CARTESIAN_POINT ( 'NONE',  ( -14.83473814546783842, 8.750729715036863254, -2.220485173322336525 ) ) ;
#4186 = CIRCLE ( 'NONE', #599, 0.2500000000000000000 ) ;
#4187 = VERTEX_POINT ( 'NONE', #5431 ) ;
#4188 = DIRECTION ( 'NONE',  ( 0.000000000000000000, 1.000000000000000000, 0.000000000000000000 ) ) ;
#4189 = CARTESIAN_POINT ( 'NONE',  ( -6.737999999999972012, 10.37739242821085384, -11.67055834139907589 ) ) ;
#4190 = DIRECTION ( 'NONE',  ( 9.588791965661763379E-20, 1.217578164130254284E-35, -1.000000000000000000 ) ) ;
#4191 = CARTESIAN_POINT ( 'NONE',  ( 0.000000000000000000, -6.505213034913026604E-16, 0.000000000000000000 ) ) ;
#4192 = DIRECTION ( 'NONE',  ( 1.000000000000000000, 0.000000000000000000, 0.000000000000000000 ) ) ;
#4193 = CARTESIAN_POINT ( 'NONE',  ( 0.7906286404969657955, 2.477501308171425887, -14.98000195217945141 ) ) ;
#4194 = ORIENTED_EDGE ( 'NONE', *, *, #5210, .T. ) ;
#4195 = CARTESIAN_POINT ( 'NONE',  ( 14.74599999999996314, 6.558274238455828353, 3.951178791589339934 ) ) ;
#4196 = CARTESIAN_POINT ( 'NONE',  ( 3.610883317201783349, 11.63219544528581295, 13.47599999999997777 ) ) ;
#4197 =( BOUNDED_CURVE ( )  B_SPLINE_CURVE ( 2, ( #2639, #6443, #2477, #5917, #6910, #5316, #2824, #4215, #6298, #5734, #2441, #3987, #4778, #708, #5173, #1346, #3644, #9, #2293, #7084, #6478, #3947, #1268, #501, #6258, #193, #1301, #4565, #536, #6517, #2251, #2788, #3561, #4610, #4748, #5139, #571, #5102, #1905, #6833, #5873, #7398, #5702, #4139, #1652, #6869, #1689, #2218, #7430 ),
 .UNSPECIFIED., .F., .F. ) 
 B_SPLINE_CURVE_WITH_KNOTS ( ( 3, 2, 2, 2, 2, 2, 2, 2, 2, 2, 2, 2, 2, 2, 2, 2, 2, 2, 2, 2, 2, 2, 2, 2, 3 ),
 ( 0.000000000000000000, 0.04166666666666666435, 0.08333333333333332871, 0.1250000000000000000, 0.1666666666666666574, 0.2083333333333333426, 0.2500000000000000000, 0.2916666666666666852, 0.3333333333333333148, 0.3750000000000000000, 0.4166666666666666852, 0.4583333333333333148, 0.5000000000000000000, 0.5416666666666666297, 0.5833333333333333703, 0.6250000000000000000, 0.6666666666666666297, 0.7083333333333333703, 0.7500000000000000000, 0.7916666666666666297, 0.8333333333333333703, 0.8750000000000000000, 0.9166666666666666297, 0.9583333333333333703, 0.9842244131687597486 ),
 .UNSPECIFIED. ) 
 CURVE ( )  GEOMETRIC_REPRESENTATION_ITEM ( )  RATIONAL_B_SPLINE_CURVE ( ( 1.000000000000000000, 0.9659258262890683122, 1.000000000000000000, 0.9659258262890683122, 1.000000000000000000, 0.9659258262890683122, 1.000000000000000000, 0.9659258262890683122, 1.000000000000000000, 0.9659258262890683122, 1.000000000000000000, 0.9659258262890683122, 1.000000000000000000, 0.9659258262890683122, 1.000000000000000000, 0.9659258262890683122, 1.000000000000000000, 0.9659258262890683122, 1.000000000000000000, 0.9659258262890683122, 1.000000000000000000, 0.9659258262890683122, 1.000000000000000000, 0.9659258262890683122, 1.000000000000000000, 0.9659258262890683122, 1.000000000000000000, 0.9659258262890683122, 1.000000000000000000, 0.9659258262890683122, 1.000000000000000000, 0.9659258262890683122, 1.000000000000000000, 0.9659258262890683122, 1.000000000000000000, 0.9659258262890683122, 1.000000000000000000, 0.9659258262890683122, 1.000000000000000000, 0.9659258262890683122, 1.000000000000000000, 0.9659258262890683122, 1.000000000000000000, 0.9659258262890683122, 1.000000000000000000, 0.9659258262890683122, 1.000000000000000000, 0.9788267883549779391, 0.9839670477374908852 ) ) 
 REPRESENTATION_ITEM ( '' )  );
#4198 = CIRCLE ( 'NONE', #1661, 0.2500000000000000000 ) ;
#4199 = CARTESIAN_POINT ( 'NONE',  ( 0.000000000000000000, 25.50000000000000355, 0.000000000000000000 ) ) ;
#4200 = CARTESIAN_POINT ( 'NONE',  ( -7.499999999999991118, 8.085313635040833447, 12.99038105676654986 ) ) ;
#4201 = CARTESIAN_POINT ( 'NONE',  ( 1.887450347125680050, 24.50000000000000711, -4.369159897985279706 ) ) ;
#4202 = ADVANCED_FACE ( 'NONE', ( #4934 ), #248, .T. ) ;
#4203 = AXIS2_PLACEMENT_3D ( 'NONE', #1465, #5473, #716 ) ;
#4204 = ORIENTED_EDGE ( 'NONE', *, *, #1475, .T. ) ;
#4205 = CARTESIAN_POINT ( 'NONE',  ( 2.133059622348381090, 25.45486940119457486, 3.029115729602145812 ) ) ;
#4206 = EDGE_LOOP ( 'NONE', ( #5522 ) ) ;
#4207 = DIRECTION ( 'NONE',  ( -1.734723475976806306E-15, 0.1583515888048807885, -0.9873827901695320097 ) ) ;
#4208 = AXIS2_PLACEMENT_3D ( 'NONE', #2768, #4516, #2311 ) ;
#4209 = SPHERICAL_SURFACE ( 'NONE', #2065, 0.2500000000000000000 ) ;
#4210 = CARTESIAN_POINT ( 'NONE',  ( 2.759226238622920935, 24.00000009264201850, 3.868904504390285659 ) ) ;
#4211 = CARTESIAN_POINT ( 'NONE',  ( 3.000000000000023981, 24.04289321881345387, 5.196152422706618701 ) ) ;
#4212 = CARTESIAN_POINT ( 'NONE',  ( 12.77041060420529561, 11.42660757178916064, 7.372999999999991338 ) ) ;
#4213 = CARTESIAN_POINT ( 'NONE',  ( -1.482997761648445545, 32.00000000000000000, -0.3000000000000000444 ) ) ;
#4214 = CARTESIAN_POINT ( 'NONE',  ( 0.8606692755285112462, 32.02261883812263932, 2.347178816826965164 ) ) ;
#4215 = CARTESIAN_POINT ( 'NONE',  ( -3.610883317201788678, 4.899784856421688595, -13.47599999999997245 ) ) ;
#4216 = VERTEX_POINT ( 'NONE', #6121 ) ;
#4217 = CARTESIAN_POINT ( 'NONE',  ( 2.690472954629910873, 25.06699781907633096, 3.560035853808919182 ) ) ;
#4218 = FACE_OUTER_BOUND ( 'NONE', #4036, .T. ) ;
#4219 = CARTESIAN_POINT ( 'NONE',  ( 9.865116682798173997, 3.351469683741640893, -9.865116682798158010 ) ) ;
#4220 = CARTESIAN_POINT ( 'NONE',  ( 1.344543335914598847, 32.00000000000000000, 1.205497712878353056 ) ) ;
#4221 = AXIS2_PLACEMENT_3D ( 'NONE', #5998, #3509, #5223 ) ;
#4222 = AXIS2_PLACEMENT_3D ( 'NONE', #3805, #982, #6113 ) ;
#4223 = VECTOR ( 'NONE', #5890, 999.9999999999998863 ) ;
#4224 = CIRCLE ( 'NONE', #733, 0.2500000000000000000 ) ;
#4225 = TOROIDAL_SURFACE ( 'NONE', #5421, 0.5079999999821835921, 0.5079999999924545984 ) ;
#4226 = CARTESIAN_POINT ( 'NONE',  ( 2.504802053199713274, 25.25000000000000000, 3.738444419044704148 ) ) ;
#4227 = EDGE_LOOP ( 'NONE', ( #4474, #4447, #2392 ) ) ;
#4228 = DIRECTION ( 'NONE',  ( -0.9832820049844602783, 0.1820892601823071999, 0.000000000000000000 ) ) ;
#4229 = CARTESIAN_POINT ( 'NONE',  ( -9.865116682798177550, 6.779059094877517566, 9.865116682798152681 ) ) ;
#4230 = CARTESIAN_POINT ( 'NONE',  ( -3.446115750463395244, 25.40973880238915683, -0.2999999999999992673 ) ) ;
#4231 = AXIS2_PLACEMENT_3D ( 'NONE', #2436, #3670, #1864 ) ;
#4232 = CARTESIAN_POINT ( 'NONE',  ( 2.605831711031814546, 25.22290488603395886, -3.652230613537650772 ) ) ;
#4233 = CARTESIAN_POINT ( 'NONE',  ( -3.882429419146936844, 25.24999999999987210, 0.3063412404433993874 ) ) ;
#4234 = CARTESIAN_POINT ( 'NONE',  ( 2.958333333333285964, 25.22140452079103312, -5.123983639057955841 ) ) ;
#4235 = AXIS2_PLACEMENT_3D ( 'NONE', #2626, #5541, #3757 ) ;
#4236 = EDGE_CURVE ( 'NONE', #1600, #3511, #5765, .T. ) ;
#4237 = CARTESIAN_POINT ( 'NONE',  ( 14.78966557908018942, 1.391109857237664560, -2.602610051899982402 ) ) ;
#4238 = VERTEX_POINT ( 'NONE', #3812 ) ;
#4239 = CARTESIAN_POINT ( 'NONE',  ( -4.674335634789280824, 24.36843829788319127, 0.8444444169628112506 ) ) ;
#4240 = CARTESIAN_POINT ( 'NONE',  ( -13.47599999999996356, 5.044803017074973361, -3.610883317201815323 ) ) ;
#4241 = EDGE_CURVE ( 'NONE', #6977, #5857, #4395, .T. ) ;
#4242 = LINE ( 'NONE', #2498, #3971 ) ;
#4243 = CARTESIAN_POINT ( 'NONE',  ( 10.98076211353313347, 14.22364696837416354, 10.98076211353313347 ) ) ;
#4244 = EDGE_CURVE ( 'NONE', #5627, #5857, #5800, .T. ) ;
#4245 = CARTESIAN_POINT ( 'NONE',  ( 1.693957842625148924, 32.15251890700114501, -1.840524502631102566 ) ) ;
#4246 = EDGE_CURVE ( 'NONE', #2470, #5650, #860, .T. ) ;
#4247 = VERTEX_POINT ( 'NONE', #881 ) ;
#4248 = DIRECTION ( 'NONE',  ( 0.000000000000000000, 0.000000000000000000, -1.000000000000000000 ) ) ;
#4249 = ORIENTED_EDGE ( 'NONE', *, *, #5214, .T. ) ;
#4250 = CARTESIAN_POINT ( 'NONE',  ( 0.9168877568771389708, 31.97766877619272918, -2.330189261802819711 ) ) ;
#4251 = DIRECTION ( 'NONE',  ( 0.09104463009115439098, -0.9832820049844601673, 0.1576939250741919984 ) ) ;
#4252 = DIRECTION ( 'NONE',  ( 0.1820892601823177748, 0.9832820049844583910, 0.000000000000000000 ) ) ;
#4253 = CARTESIAN_POINT ( 'NONE',  ( 14.89046887614206049, 11.30126731326589606, 2.035324612882551953 ) ) ;
#4254 = CARTESIAN_POINT ( 'NONE',  ( 3.951178791589316397, 10.79160757178916263, 14.74599999999996847 ) ) ;
#4255 = DIRECTION ( 'NONE',  ( -0.5000000000000037748, 0.000000000000000000, -0.8660254037844364872 ) ) ;
#4256 = CARTESIAN_POINT ( 'NONE',  ( 1.726996756480458250, 31.85936769608658992, 1.856315845882542392 ) ) ;
#4257 = ORIENTED_EDGE ( 'NONE', *, *, #2896, .F. ) ;
#4258 = DIRECTION ( 'NONE',  ( 0.000000000000000000, 0.000000000000000000, -1.000000000000000000 ) ) ;
#4259 = PLANE ( 'NONE',  #3962 ) ;
#4260 = CARTESIAN_POINT ( 'NONE',  ( 1.897888497387230311, 25.10564026390074233, 4.361615152827807762 ) ) ;
#4261 = CARTESIAN_POINT ( 'NONE',  ( -3.941516664322040064, 25.00000000000000000, 0.5500000000000000444 ) ) ;
#4262 = LINE ( 'NONE', #717, #1440 ) ;
#4263 = CARTESIAN_POINT ( 'NONE',  ( 3.951178791589330608, 10.58298030170750081, -14.74599999999996314 ) ) ;
#4264 = EDGE_CURVE ( 'NONE', #2204, #5579, #5565, .T. ) ;
#4265 = CARTESIAN_POINT ( 'NONE',  ( 1.856066881022707893, 25.45447768495442631, -3.214802140177297929 ) ) ;
#4266 = CARTESIAN_POINT ( 'NONE',  ( 1.849342663592144831, 7.500992506692515605, -14.88556175707374862 ) ) ;
#4267 = ADVANCED_FACE ( 'NONE', ( #1025 ), #5307, .T. ) ;
#4268 = ORIENTED_EDGE ( 'NONE', *, *, #3212, .F. ) ;
#4269 = CARTESIAN_POINT ( 'NONE',  ( 0.9168877568771389708, 31.97766877619272918, -2.330189261802819711 ) ) ;
#4270 = CARTESIAN_POINT ( 'NONE',  ( 11.67055834139907589, 4.027392428210851527, -6.737999999999973788 ) ) ;
#4271 = CARTESIAN_POINT ( 'NONE',  ( 3.951178791589316397, 8.466313635040833674, 14.74599999999996847 ) ) ;
#4272 = CARTESIAN_POINT ( 'NONE',  ( 14.74599999999996491, 4.444646968374167173, 0.000000000000000000 ) ) ;
#4273 = CARTESIAN_POINT ( 'NONE',  ( 0.8849772853722074339, 32.00845182462115446, 2.338214565021039526 ) ) ;
#4274 = DIRECTION ( 'NONE',  ( -0.000000000000000000, 0.000000000000000000, -1.000000000000000000 ) ) ;
#4275 = CARTESIAN_POINT ( 'NONE',  ( 13.96638732427445895, 1.552782489874009686, -5.472285903870512946 ) ) ;
#4276 = EDGE_LOOP ( 'NONE', ( #4919 ) ) ;
#4277 = CARTESIAN_POINT ( 'NONE',  ( 0.3777141280430832415, 32.00000000000000000, -1.254220060507219792 ) ) ;
#4278 = CARTESIAN_POINT ( 'NONE',  ( 13.47599999999996712, 7.610528778619144674, 1.064203512079386914E-14 ) ) ;
#4279 = CARTESIAN_POINT ( 'NONE',  ( 0.9697001396632918269, 31.79513059880542514, -2.345021821882401714 ) ) ;
#4280 = CARTESIAN_POINT ( 'NONE',  ( -14.99999999999996447, 7.026980301707499876, -4.019237886466835441 ) ) ;
#4281 = CARTESIAN_POINT ( 'NONE',  ( 1.598448410122813579, 32.02262672620886974, -1.922228571261979768 ) ) ;
#4282 = EDGE_CURVE ( 'NONE', #7011, #2813, #6288, .T. ) ;
#4283 = ORIENTED_EDGE ( 'NONE', *, *, #786, .F. ) ;
#4284 = CARTESIAN_POINT ( 'NONE',  ( 0.000000000000000000, 34.50000000000000000, 0.000000000000000000 ) ) ;
#4285 = ORIENTED_EDGE ( 'NONE', *, *, #2429, .T. ) ;
#4286 = CARTESIAN_POINT ( 'NONE',  ( 1.640878438426768060, 32.09787977043659879, 1.886945456497219897 ) ) ;
#4287 = CARTESIAN_POINT ( 'NONE',  ( 13.21297650602665108, 12.62836440689958017, 2.649496060710951451 ) ) ;
#4288 = DIRECTION ( 'NONE',  ( -0.9832820049844585020, 0.1820892601823167201, 0.000000000000000000 ) ) ;
#4289 = CARTESIAN_POINT ( 'NONE',  ( -12.77041060420530627, 9.733274238455827287, 7.372999999999977128 ) ) ;
#4290 = CARTESIAN_POINT ( 'NONE',  ( 1.648248977668357318, 25.25000000000000711, -3.590090676572468720 ) ) ;
#4291 = ORIENTED_EDGE ( 'NONE', *, *, #565, .F. ) ;
#4292 = CARTESIAN_POINT ( 'NONE',  ( 1.985186810928995182, 24.25000000000000000, -4.038444419044734168 ) ) ;
#4293 = CARTESIAN_POINT ( 'NONE',  ( 0.000000000000000000, 25.45710678118654968, 0.000000000000000000 ) ) ;
#4294 = CARTESIAN_POINT ( 'NONE',  ( 2.028329564721451650, 25.24553859854826854, 4.295809247837638623 ) ) ;
#4295 = CARTESIAN_POINT ( 'NONE',  ( 2.331268347650167883, 25.04111292965261626, 2.937875224207201263 ) ) ;
#4296 = CARTESIAN_POINT ( 'NONE',  ( 0.3385209649795570264, 31.77666635476307633, 1.686335510771822088 ) ) ;
#4297 = CARTESIAN_POINT ( 'NONE',  ( -14.74599999999996847, 12.27631363504083239, 3.951178791589316841 ) ) ;
#4298 = CARTESIAN_POINT ( 'NONE',  ( 1.822876226197918781, 24.50000000000000000, -2.557314239684270962 ) ) ;
#4299 = CARTESIAN_POINT ( 'NONE',  ( -15.03246112951312696, 8.959737068773085511, 1.658044657198487704 ) ) ;
#4300 = ORIENTED_EDGE ( 'NONE', *, *, #3443, .T. ) ;
#4301 = CARTESIAN_POINT ( 'NONE',  ( -1.482997761648446211, 32.00000000000000000, 0.5500000000000000444 ) ) ;
#4302 = CARTESIAN_POINT ( 'NONE',  ( -1.248540535529918371E-14, 7.575088642316272214, 13.56897045256121537 ) ) ;
#4303 = CARTESIAN_POINT ( 'NONE',  ( -3.951178791589339934, 13.12298030170749996, 14.74599999999996314 ) ) ;
#4304 = CARTESIAN_POINT ( 'NONE',  ( 1.860464512036361873, 25.22306038488437707, 4.082696420697971007 ) ) ;
#4305 = CARTESIAN_POINT ( 'NONE',  ( 10.79482120841064230, 2.324940905122495849, -10.79482120841063875 ) ) ;
#4306 = DIRECTION ( 'NONE',  ( 0.000000000000000000, 0.000000000000000000, 1.000000000000000000 ) ) ;
#4307 = CARTESIAN_POINT ( 'NONE',  ( 1.559559217908373929, 31.97766877619273629, 1.959142720775947311 ) ) ;
#4308 = ADVANCED_FACE ( 'NONE', ( #1755 ), #2397, .T. ) ;
#4309 = CARTESIAN_POINT ( 'NONE',  ( 2.770310593944646627, 2.369055285047847459, -14.74988081688017338 ) ) ;
#4310 = VERTEX_POINT ( 'NONE', #7423 ) ;
#4311 = CARTESIAN_POINT ( 'NONE',  ( -4.481229999802700092, 24.25000000000000000, 0.3655452639035873252 ) ) ;
#4312 = CARTESIAN_POINT ( 'NONE',  ( 6.737999999999965794, 6.763862111952477996, 11.67055834139907944 ) ) ;
#4313 = CARTESIAN_POINT ( 'NONE',  ( -3.941516664322040064, 25.00000000000000000, 0.5500000000000000444 ) ) ;
#4314 = EDGE_CURVE ( 'NONE', #1791, #7298, #6357, .T. ) ;
#4315 = CARTESIAN_POINT ( 'NONE',  ( 10.98076211353313170, 9.329587873496663519, 10.98076211353313703 ) ) ;
#4316 = CARTESIAN_POINT ( 'NONE',  ( 1.790930033544111399, 31.97645231355634365, -1.749816895292071406 ) ) ;
#4317 = ORIENTED_EDGE ( 'NONE', *, *, #2521, .F. ) ;
#4318 = CARTESIAN_POINT ( 'NONE',  ( 0.000000000000000000, 25.50000000000000355, 0.000000000000000000 ) ) ;
#4319 = ORIENTED_EDGE ( 'NONE', *, *, #4892, .F. ) ;
#4320 = CARTESIAN_POINT ( 'NONE',  ( 0.000000000000000000, 17.00000000000000000, 5.000000000000000000 ) ) ;
#4321 = AXIS2_PLACEMENT_3D ( 'NONE', #318, #5443, #4831 ) ;
#4322 = CARTESIAN_POINT ( 'NONE',  ( 14.99999999999996980, 4.884587873496668564, 0.000000000000000000 ) ) ;
#4323 = B_SPLINE_CURVE_WITH_KNOTS ( 'NONE', 3,
 ( #4659, #1712, #1217, #4008, #4123, #1176 ),
 .UNSPECIFIED., .F., .F.,
 ( 4, 2, 4 ),
 ( 0.0001709013469958943889, 0.0004348770973472426433, 0.0006988528476985909248 ),
 .UNSPECIFIED. ) ;
#4324 = CARTESIAN_POINT ( 'NONE',  ( 1.494444360079596024, 25.00000000000000000, 3.688453560742582127 ) ) ;
#4325 = CARTESIAN_POINT ( 'NONE',  ( -3.951178791589322614, 3.171607571789161639, -14.74599999999996491 ) ) ;
#4326 = CARTESIAN_POINT ( 'NONE',  ( 1.775794749511745430, 25.25000000000000355, -3.304871439239007724 ) ) ;
#4327 = ADVANCED_FACE ( 'NONE', ( #1186 ), #2959, .F. ) ;
#4328 = CARTESIAN_POINT ( 'NONE',  ( 1.699965975574895927, 24.45447768495442631, 2.344427440834086163 ) ) ;
#4329 = CIRCLE ( 'NONE', #4203, 0.2540000136817892051 ) ;
#4330 = VECTOR ( 'NONE', #2957, 1000.000000000000000 ) ;
#4331 = ORIENTED_EDGE ( 'NONE', *, *, #5639, .T. ) ;
#4332 = DIRECTION ( 'NONE',  ( 0.000000000000000000, 0.000000000000000000, -1.000000000000000000 ) ) ;
#4333 = EDGE_LOOP ( 'NONE', ( #682, #210, #6332, #5305 ) ) ;
#4334 = CARTESIAN_POINT ( 'NONE',  ( -10.05105758792067583, 5.451528778619143978, 10.05105758792064918 ) ) ;
#4335 = CARTESIAN_POINT ( 'NONE',  ( 1.180350733304196487, 24.45447768495442631, -2.644427440834104637 ) ) ;
#4336 = CARTESIAN_POINT ( 'NONE',  ( 0.2651849087427672336, 32.00000000000000000, -1.559313735343016649 ) ) ;
#4337 = EDGE_CURVE ( 'NONE', #109, #2236, #7197, .T. ) ;
#4338 = AXIS2_PLACEMENT_3D ( 'NONE', #2875, #2354, #3551 ) ;
#4339 =( BOUNDED_CURVE ( )  B_SPLINE_CURVE ( 2, ( #98, #734, #5750, #1742, #6385, #138, #1324, #4623, #3513, #7069, #5259, #3023, #6464, #584, #2869, #6342, #4765, #1890, #5226, #4689, #4074, #4731, #1853, #4195, #5337, #1285, #5788, #6960, #1775, #4038, #68, #622, #30, #1173, #5825, #7037, #2382, #5858, #6998, #5894, #1817, #4162, #176, #693, #2983, #2422, #2462, #3579, #6619 ),
 .UNSPECIFIED., .F., .T. ) 
 B_SPLINE_CURVE_WITH_KNOTS ( ( 3, 2, 2, 2, 2, 2, 2, 2, 2, 2, 2, 2, 2, 2, 2, 2, 2, 2, 2, 2, 2, 2, 2, 2, 3 ),
 ( 0.000000000000000000, 0.04166666666666666435, 0.08333333333333332871, 0.1250000000000000000, 0.1666666666666666574, 0.2083333333333333426, 0.2500000000000000000, 0.2916666666666666852, 0.3333333333333333148, 0.3750000000000000000, 0.4166666666666666852, 0.4583333333333333148, 0.5000000000000000000, 0.5416666666666666297, 0.5833333333333333703, 0.6250000000000000000, 0.6666666666666666297, 0.7083333333333333703, 0.7500000000000000000, 0.7916666666666666297, 0.8333333333333333703, 0.8750000000000000000, 0.9166666666666666297, 0.9583333333333333703, 0.9842244513201295897 ),
 .UNSPECIFIED. ) 
 CURVE ( )  GEOMETRIC_REPRESENTATION_ITEM ( )  RATIONAL_B_SPLINE_CURVE ( ( 1.000000000000000000, 0.9659258262890683122, 1.000000000000000000, 0.9659258262890683122, 1.000000000000000000, 0.9659258262890683122, 1.000000000000000000, 0.9659258262890683122, 1.000000000000000000, 0.9659258262890683122, 1.000000000000000000, 0.9659258262890683122, 1.000000000000000000, 0.9659258262890683122, 1.000000000000000000, 0.9659258262890683122, 1.000000000000000000, 0.9659258262890683122, 1.000000000000000000, 0.9659258262890683122, 1.000000000000000000, 0.9659258262890683122, 1.000000000000000000, 0.9659258262890683122, 1.000000000000000000, 0.9659258262890683122, 1.000000000000000000, 0.9659258262890683122, 1.000000000000000000, 0.9659258262890683122, 1.000000000000000000, 0.9659258262890683122, 1.000000000000000000, 0.9659258262890683122, 1.000000000000000000, 0.9659258262890683122, 1.000000000000000000, 0.9659258262890683122, 1.000000000000000000, 0.9659258262890683122, 1.000000000000000000, 0.9659258262890683122, 1.000000000000000000, 0.9659258262890683122, 1.000000000000000000, 0.9659258262890683122, 1.000000000000000000, 0.9788267571555442359, 0.9839670628862353663 ) ) 
 REPRESENTATION_ITEM ( '' )  );
#4340 = EDGE_CURVE ( 'NONE', #1082, #6454, #4127, .T. ) ;
#4341 = EDGE_CURVE ( 'NONE', #4965, #4654, #5685, .T. ) ;
#4342 = AXIS2_PLACEMENT_3D ( 'NONE', #638, #4018, #3526 ) ;
#4343 = VECTOR ( 'NONE', #3190, 999.9999999999998863 ) ;
#4344 = CARTESIAN_POINT ( 'NONE',  ( -13.77749913202785592, 8.539013212197810176, -5.975865430718502402 ) ) ;
#4345 = ORIENTED_EDGE ( 'NONE', *, *, #5756, .F. ) ;
#4346 = FACE_OUTER_BOUND ( 'NONE', #591, .T. ) ;
#4347 = CARTESIAN_POINT ( 'NONE',  ( 11.75107311511843555, 8.421755308982938004, 6.784485226280623671 ) ) ;
#4348 = CARTESIAN_POINT ( 'NONE',  ( 12.77041060420529561, 9.101313635040833461, 7.372999999999991338 ) ) ;
#4349 = LINE ( 'NONE', #3231, #849 ) ;
#4350 = DIRECTION ( 'NONE',  ( -0.5566226784888136381, 0.000000000000000000, 0.8307654264543865574 ) ) ;
#4351 = CARTESIAN_POINT ( 'NONE',  ( 2.690472954629910873, 24.50000000000000000, 3.560035853808919626 ) ) ;
#4352 = AXIS2_PLACEMENT_3D ( 'NONE', #2088, #4404, #6711 ) ;
#4353 = AXIS2_PLACEMENT_3D ( 'NONE', #6603, #5014, #3266 ) ;
#4354 = VECTOR ( 'NONE', #6991, 1000.000000000000227 ) ;
#4355 = CARTESIAN_POINT ( 'NONE',  ( 12.01828671470607723, 1.771685682633627135, -9.027260373484114808 ) ) ;
#4356 = ORIENTED_EDGE ( 'NONE', *, *, #1012, .T. ) ;
#4357 = AXIS2_PLACEMENT_3D ( 'NONE', #2624, #7162, #1980 ) ;
#4358 = CARTESIAN_POINT ( 'NONE',  ( 1.556761361664286358, 25.45486940119457486, -3.361841685541618663 ) ) ;
#4359 = CARTESIAN_POINT ( 'NONE',  ( 13.47599999999996889, 7.796469683741641177, 1.064203512079386914E-14 ) ) ;
#4360 = CARTESIAN_POINT ( 'NONE',  ( 1.737845010466973150, 25.00000000000000000, -4.110035853808946982 ) ) ;
#4361 = CARTESIAN_POINT ( 'NONE',  ( -14.99999999999996803, 7.238646968374168544, -1.836970198721026433E-15 ) ) ;
#4362 = CIRCLE ( 'NONE', #2056, 0.2500000000000006661 ) ;
#4363 = CARTESIAN_POINT ( 'NONE',  ( 6.864999999999994884, 9.784725761544184053, -11.89052879396031237 ) ) ;
#4364 = ORIENTED_EDGE ( 'NONE', *, *, #3423, .F. ) ;
#4365 = CARTESIAN_POINT ( 'NONE',  ( 3.134807621135287992, 25.00000000000000000, -4.829646071760553383 ) ) ;
#4366 = EDGE_LOOP ( 'NONE', ( #3893, #381, #4819, #3793 ) ) ;
#4367 = CARTESIAN_POINT ( 'NONE',  ( -3.704503664215362591, 25.45461152071267819, -0.2244021103908574455 ) ) ;
#4368 = DIRECTION ( 'NONE',  ( 0.8660254037844433705, -0.000000000000000000, 0.4999999999999918954 ) ) ;
#4369 = CIRCLE ( 'NONE', #1941, 13.00000000000000000 ) ;
#4370 = CARTESIAN_POINT ( 'NONE',  ( 7.499999999999987566, 2.282607571789162737, -12.99038105676655164 ) ) ;
#4371 = CARTESIAN_POINT ( 'NONE',  ( 14.86569873499188255, 12.08157814473874403, 2.031225595952581120 ) ) ;
#4372 = CARTESIAN_POINT ( 'NONE',  ( 1.406357922886234402, 31.93263418879432081, -1.766785633198196592 ) ) ;
#4373 = CARTESIAN_POINT ( 'NONE',  ( -2.233260202834127295, 31.84131709439716573, 0.5672744357169585694 ) ) ;
#4374 = AXIS2_PLACEMENT_3D ( 'NONE', #5347, #3036, #186 ) ;
#4375 = AXIS2_PLACEMENT_3D ( 'NONE', #4284, #886, #5498 ) ;
#4376 = ORIENTED_EDGE ( 'NONE', *, *, #3773, .T. ) ;
#4377 = DIRECTION ( 'NONE',  ( -0.8974320931210458818, -0.000000000000000000, 0.4411526246509007709 ) ) ;
#4378 = ORIENTED_EDGE ( 'NONE', *, *, #2445, .F. ) ;
#4379 = CARTESIAN_POINT ( 'NONE',  ( 1.970956466306588606, 25.49999990735798150, 4.324012269631167804 ) ) ;
#4380 = CARTESIAN_POINT ( 'NONE',  ( 2.757068172781240278, 24.00000000000000000, -3.870350434072604262 ) ) ;
#4381 = DIRECTION ( 'NONE',  ( 0.000000000000000000, 0.000000000000000000, 1.000000000000000000 ) ) ;
#4382 = CARTESIAN_POINT ( 'NONE',  ( -12.17654164815314566, 9.373272860352198421, 8.759671087998940564 ) ) ;
#4383 = ORIENTED_EDGE ( 'NONE', *, *, #3999, .F. ) ;
#4384 = CARTESIAN_POINT ( 'NONE',  ( 11.67055834139905990, 7.373136350408307393, 6.738000000000000433 ) ) ;
#4385 = CARTESIAN_POINT ( 'NONE',  ( -10.05105758792065274, 5.763059094877518440, -10.05105758792067050 ) ) ;
#4386 = EDGE_CURVE ( 'NONE', #4536, #6069, #1461, .T. ) ;
#4387 = CARTESIAN_POINT ( 'NONE',  ( 13.98183453252137376, 14.31110683264187600, 5.274752206651871056 ) ) ;
#4388 = DIRECTION ( 'NONE',  ( 0.000000000000000000, 0.000000000000000000, -1.000000000000000000 ) ) ;
#4389 = ADVANCED_FACE ( 'NONE', ( #6901 ), #6116, .T. ) ;
#4390 = DIRECTION ( 'NONE',  ( 0.000000000000000000, 0.000000000000000000, -1.000000000000000000 ) ) ;
#4391 = CARTESIAN_POINT ( 'NONE',  ( -1.275043498356853489, 32.00000000000000000, -0.5500000000000000444 ) ) ;
#4392 = ORIENTED_EDGE ( 'NONE', *, *, #5812, .F. ) ;
#4393 = ORIENTED_EDGE ( 'NONE', *, *, #4097, .T. ) ;
#4394 = DIRECTION ( 'NONE',  ( 0.09104463009115436323, -0.9832820049844601673, 0.1576939250741919152 ) ) ;
#4395 = LINE ( 'NONE', #912, #6400 ) ;
#4396 = CARTESIAN_POINT ( 'NONE',  ( 0.9638271223603787075, 31.85855918567689216, -2.334849457520024707 ) ) ;
#4397 = CARTESIAN_POINT ( 'NONE',  ( -14.99999999999996447, 12.29292120682999290, -4.019237886466835441 ) ) ;
#4398 = DIRECTION ( 'NONE',  ( 0.1820892601823072277, 0.9832820049844602783, 0.000000000000000000 ) ) ;
#4399 = ADVANCED_FACE ( 'NONE', ( #1226 ), #1642, .F. ) ;
#4400 = CARTESIAN_POINT ( 'NONE',  ( 0.000000000000000000, 24.50000000000000000, 0.3000000000000000444 ) ) ;
#4401 = ORIENTED_EDGE ( 'NONE', *, *, #6101, .F. ) ;
#4402 = CARTESIAN_POINT ( 'NONE',  ( 0.000000000000000000, 0.2499999999999993616, -14.99999999999996803 ) ) ;
#4403 = CARTESIAN_POINT ( 'NONE',  ( -4.489988864128728885, 24.25000000000000000, -0.2999999999999999889 ) ) ;
#4404 = DIRECTION ( 'NONE',  ( -0.09104463009115441874, 0.9832820049844601673, -0.1576939250741919707 ) ) ;
#4405 = CARTESIAN_POINT ( 'NONE',  ( 1.199283852281495477, 24.50000000000000000, 2.677220564848452167 ) ) ;
#4406 = CARTESIAN_POINT ( 'NONE',  ( 0.000000000000000000, 34.50000000000000000, 0.000000000000000000 ) ) ;
#4407 = ADVANCED_FACE ( 'NONE', ( #528 ), #4135, .T. ) ;
#4408 = CARTESIAN_POINT ( 'NONE',  ( 1.544862961987007122, 31.91936402391314687, 1.984497730891887857 ) ) ;
#4409 = EDGE_LOOP ( 'NONE', ( #4171, #4738, #4759, #6698, #3112, #2963, #443 ) ) ;
#4410 = CARTESIAN_POINT ( 'NONE',  ( -2.195059264586890713, 31.95426935736256269, 0.6500299111464683532 ) ) ;
#4411 = ORIENTED_EDGE ( 'NONE', *, *, #5255, .T. ) ;
#4412 = CARTESIAN_POINT ( 'NONE',  ( 1.605857473938780311, 24.99999999999998934, 4.470315623465029198 ) ) ;
#4413 = CARTESIAN_POINT ( 'NONE',  ( 2.865140506907696505, 24.05098849735050948, -3.789899636632743984 ) ) ;
#4414 = CARTESIAN_POINT ( 'NONE',  ( -4.428317965096905340, 24.50000000000000000, -0.5500000000000000444 ) ) ;
#4415 = EDGE_CURVE ( 'NONE', #681, #6040, #4864, .T. ) ;
#4416 = CARTESIAN_POINT ( 'NONE',  ( 11.84987360794126587, 10.87266375254273498, 9.247500207216862833 ) ) ;
#4417 = B_SPLINE_CURVE_WITH_KNOTS ( 'NONE', 3,
 ( #1533, #7126, #1383, #6029 ),
 .UNSPECIFIED., .F., .F.,
 ( 4, 4 ),
 ( 0.000000000000000000, 0.0001019972411728850136 ),
 .UNSPECIFIED. ) ;
#4418 = ORIENTED_EDGE ( 'NONE', *, *, #2114, .F. ) ;
#4419 = CARTESIAN_POINT ( 'NONE',  ( 13.47599999999996889, 2.716469683741640662, 1.064203512079386914E-14 ) ) ;
#4420 = CARTESIAN_POINT ( 'NONE',  ( -9.933175777675682383, 12.02008864231626895, 9.933175777675659290 ) ) ;
#4421 = CARTESIAN_POINT ( 'NONE',  ( -3.941516664322725738, 25.24999999998935962, 0.5500000000000035971 ) ) ;
#4422 = CARTESIAN_POINT ( 'NONE',  ( 0.000000000000000000, 18.25000000000000355, 0.000000000000000000 ) ) ;
#4423 = CARTESIAN_POINT ( 'NONE',  ( 1.598448410122844221, 32.02262672620886974, 1.922228571261948238 ) ) ;
#4424 = CARTESIAN_POINT ( 'NONE',  ( -2.500000000000000444, 32.00000000000000000, -4.585099806364144556E-16 ) ) ;
#4425 = EDGE_CURVE ( 'NONE', #3562, #1877, #1065, .T. ) ;
#4426 = CARTESIAN_POINT ( 'NONE',  ( -5.618092049681632005, 2.831274788276247900, -13.90817885973915224 ) ) ;
#4427 = ORIENTED_EDGE ( 'NONE', *, *, #918, .F. ) ;
#4428 = VERTEX_POINT ( 'NONE', #749 ) ;
#4429 = FACE_BOUND ( 'NONE', #4276, .T. ) ;
#4430 = DIRECTION ( 'NONE',  ( -0.8660254037844433705, 0.000000000000000000, -0.4999999999999918954 ) ) ;
#4431 = CARTESIAN_POINT ( 'NONE',  ( 2.284985238967176979, 25.25000000000000711, -3.222470824708809634 ) ) ;
#4432 = CARTESIAN_POINT ( 'NONE',  ( 4.019237886466835441, 11.02292120682999332, -14.99999999999996447 ) ) ;
#4433 = EDGE_CURVE ( 'NONE', #4216, #4151, #974, .T. ) ;
#4434 = CARTESIAN_POINT ( 'NONE',  ( 14.90398610486307085, 13.85861639986084803, 1.694461031138675855 ) ) ;
#4435 = ORIENTED_EDGE ( 'NONE', *, *, #1157, .F. ) ;
#4436 = DIRECTION ( 'NONE',  ( -0.8660254037844363761, 0.000000000000000000, 0.5000000000000041078 ) ) ;
#4437 = ORIENTED_EDGE ( 'NONE', *, *, #1235, .F. ) ;
#4438 = PRODUCT_CONTEXT ( 'NONE', #5364, 'mechanical' ) ;
#4439 = DIRECTION ( 'NONE',  ( -0.000000000000000000, -1.000000000000000000, -0.000000000000000000 ) ) ;
#4440 = CARTESIAN_POINT ( 'NONE',  ( 10.91270301865562509, 6.041970452561248095, 10.91270301865563219 ) ) ;
#4441 = LINE ( 'NONE', #1746, #2652 ) ;
#4442 = DIRECTION ( 'NONE',  ( 0.5000000000000039968, -0.000000000000000000, 0.8660254037844362651 ) ) ;
#4443 = CARTESIAN_POINT ( 'NONE',  ( -4.482468775166353279E-15, 8.254646968374165894, 14.74599999999996491 ) ) ;
#4444 = CARTESIAN_POINT ( 'NONE',  ( 0.5974360651977428383, 31.88631336310442776, -2.215653998953380110 ) ) ;
#4445 = VERTEX_POINT ( 'NONE', #3594 ) ;
#4446 = DIRECTION ( 'NONE',  ( 0.5000000000000039968, -0.000000000000000000, 0.8660254037844363761 ) ) ;
#4447 = ORIENTED_EDGE ( 'NONE', *, *, #918, .T. ) ;
#4448 = CARTESIAN_POINT ( 'NONE',  ( -3.610883317201822429, 11.39480301707497389, 13.47599999999996179 ) ) ;
#4449 = DIRECTION ( 'NONE',  ( 0.4916410024922220900, 0.1820892601823072277, -0.8515471954006441635 ) ) ;
#4450 =( BOUNDED_SURFACE ( )  B_SPLINE_SURFACE ( 3, 2, ( 
 ( #1673, #2842, #3969 ),
 ( #6751, #5156, #6282 ),
 ( #1041, #3932, #3900 ),
 ( #3332, #7385, #2235 ),
 ( #6789, #6138, #1607 ),
 ( #524, #5612, #2770 ) ),
 .UNSPECIFIED., .F., .F., .F. ) 
 B_SPLINE_SURFACE_WITH_KNOTS ( ( 4, 2, 4 ),
 ( 3, 3 ),
 ( 0.0003389209895188370278, 0.0006859456879695469784, 0.001032970386420256929 ),
 ( 0.000000000000000000, 1.000000000000000000 ),
 .UNSPECIFIED. ) 
 GEOMETRIC_REPRESENTATION_ITEM ( )  RATIONAL_B_SPLINE_SURFACE ( (
 ( 1.000000000000000000, 0.7071067811865420216, 1.000000000000000000),
 ( 1.000000000000000000, 0.7160278058401847723, 1.000000000000000000),
 ( 1.000000000000000000, 0.7259806387845285647, 1.000000000000000000),
 ( 1.000000000000000000, 0.7430539845802129895, 1.000000000000000000),
 ( 1.000000000000000000, 0.7497101219577678721, 1.000000000000000000),
 ( 1.000000000000000000, 0.7519653661432197378, 1.000000000000000000) ) ) 
 REPRESENTATION_ITEM ( '' )  SURFACE ( )  );
#4451 = CARTESIAN_POINT ( 'NONE',  ( 1.395804274366034381, 31.75000000000000000, 1.817603920623759306 ) ) ;
#4452 = CARTESIAN_POINT ( 'NONE',  ( -11.67055834139906167, 4.833136350408307358, -6.737999999999998657 ) ) ;
#4453 = CARTESIAN_POINT ( 'NONE',  ( 9.709082628276193679E-15, 5.128059094877517765, -13.72999999999997200 ) ) ;
#4454 = AXIS2_PLACEMENT_3D ( 'NONE', #4199, #1219, #2386 ) ;
#4455 = CARTESIAN_POINT ( 'NONE',  ( 14.90398610486307085, 13.85861639986084803, 1.694461031138675855 ) ) ;
#4456 = CARTESIAN_POINT ( 'NONE',  ( 13.98183600982799391, 11.55640092767034588, 5.274749647881749937 ) ) ;
#4457 = FACE_OUTER_BOUND ( 'NONE', #593, .T. ) ;
#4458 = CARTESIAN_POINT ( 'NONE',  ( -3.941516664322040064, 25.00000000000000000, -0.5500000000000000444 ) ) ;
#4459 = AXIS2_PLACEMENT_3D ( 'NONE', #460, #3840, #6297 ) ;
#4460 = CARTESIAN_POINT ( 'NONE',  ( -8.341529570418751760, 4.584026415179351943, 12.46671333639683432 ) ) ;
#4461 = ORIENTED_EDGE ( 'NONE', *, *, #3210, .F. ) ;
#4462 = EDGE_LOOP ( 'NONE', ( #6311, #2545, #3067, #7443 ) ) ;
#4463 = CARTESIAN_POINT ( 'NONE',  ( 2.757066073642347792, 24.00000000000000000, 3.870351840520530384 ) ) ;
#4464 = CARTESIAN_POINT ( 'NONE',  ( -9.865116682798158010, 9.701469683741640537, -9.865116682798173997 ) ) ;
#4465 = CYLINDRICAL_SURFACE ( 'NONE', #1578, 0.2500000000000000555 ) ;
#4466 = CIRCLE ( 'NONE', #4825, 0.2499999999999999445 ) ;
#4467 = VECTOR ( 'NONE', #1419, 1000.000000000000000 ) ;
#4468 = CARTESIAN_POINT ( 'NONE',  ( 2.095474967091777163, 25.50000000000000355, 4.262802442324967522 ) ) ;
#4469 = CARTESIAN_POINT ( 'NONE',  ( 7.499999999999985789, 10.81125454016333087, -12.99038105676655164 ) ) ;
#4470 = LINE ( 'NONE', #2757, #2640 ) ;
#4471 = DIRECTION ( 'NONE',  ( 0.000000000000000000, 1.000000000000000000, -0.000000000000000000 ) ) ;
#4472 = AXIS2_PLACEMENT_3D ( 'NONE', #2569, #6115, #984 ) ;
#4473 = CARTESIAN_POINT ( 'NONE',  ( 1.938119294742457477, 32.25000000000000000, 1.579143311845698339 ) ) ;
#4474 = ORIENTED_EDGE ( 'NONE', *, *, #7342, .F. ) ;
#4475 = CARTESIAN_POINT ( 'NONE',  ( 14.99784946666663643, 4.444646968374167173, 0.2539908959123997612 ) ) ;
#4476 = ADVANCED_FACE ( 'NONE', ( #853 ), #2211, .F. ) ;
#4477 = CARTESIAN_POINT ( 'NONE',  ( 4.019237886466823895, 5.457607571789161227, 14.99999999999997158 ) ) ;
#4478 = EDGE_CURVE ( 'NONE', #5627, #7077, #2292, .T. ) ;
#4479 = CARTESIAN_POINT ( 'NONE',  ( 3.678942412079291735, 6.298195445285810656, 13.72999999999997556 ) ) ;
#4480 = CIRCLE ( 'NONE', #7125, 4.500000000000000000 ) ;
#4481 = CARTESIAN_POINT ( 'NONE',  ( 2.605486560246043304, 25.22306038488437707, -3.652557740611905412 ) ) ;
#4482 = CARTESIAN_POINT ( 'NONE',  ( -12.77041060420530627, 12.48798030170749840, 7.372999999999977128 ) ) ;
#4483 = EDGE_CURVE ( 'NONE', #4965, #6725, #2420, .T. ) ;
#4484 = CARTESIAN_POINT ( 'NONE',  ( 0.000000000000000000, -6.505213034913026604E-16, 0.000000000000000000 ) ) ;
#4485 = VERTEX_POINT ( 'NONE', #2473 ) ;
#4486 = CIRCLE ( 'NONE', #1218, 0.2500000000000001665 ) ;
#4487 = FACE_OUTER_BOUND ( 'NONE', #4488, .T. ) ;
#4488 = EDGE_LOOP ( 'NONE', ( #2749, #6680, #869, #2651 ) ) ;
#4489 = DIRECTION ( 'NONE',  ( -0.1820892601823072277, -0.9832820049844602783, 0.000000000000000000 ) ) ;
#4490 = CARTESIAN_POINT ( 'NONE',  ( 1.494444360079544287, 25.00000000000000000, -3.688453560742601667 ) ) ;
#4491 = CARTESIAN_POINT ( 'NONE',  ( -2.601309770910106067, 9.999799098942705911, 14.77271948927995027 ) ) ;
#4492 = CARTESIAN_POINT ( 'NONE',  ( -3.610883317201822429, 6.314803017074973823, 13.47599999999996179 ) ) ;
#4493 = FACE_OUTER_BOUND ( 'NONE', #1816, .T. ) ;
#4494 = CARTESIAN_POINT ( 'NONE',  ( -3.824196276954674012, 25.27054525462380141, 0.3134954398006455922 ) ) ;
#4495 = CARTESIAN_POINT ( 'NONE',  ( 2.874999999999953815, 24.04289321881345387, -4.979646071760549297 ) ) ;
#4496 = CARTESIAN_POINT ( 'NONE',  ( -2.336637871645899089, 32.25000000000000000, -0.8888888888888896167 ) ) ;
#4497 = DIRECTION ( 'NONE',  ( 0.8660254037844432595, 0.000000000000000000, 0.4999999999999920064 ) ) ;
#4498 = ADVANCED_FACE ( 'NONE', ( #704 ), #6660, .F. ) ;
#4499 = B_SPLINE_CURVE_WITH_KNOTS ( 'NONE', 3,
 ( #6737, #4541, #7406, #6840, #7438, #4468 ),
 .UNSPECIFIED., .F., .F.,
 ( 4, 2, 4 ),
 ( 0.000000000000000000, 0.0004063670613842346440, 0.0008127341227684692880 ),
 .UNSPECIFIED. ) ;
#4500 = ADVANCED_FACE ( 'NONE', ( #6877 ), #6232, .T. ) ;
#4501 = CARTESIAN_POINT ( 'NONE',  ( 0.4208514707315120229, 2.497673202176740492, -14.99410828515961214 ) ) ;
#4502 = VERTEX_POINT ( 'NONE', #508 ) ;
#4503 = ORIENTED_EDGE ( 'NONE', *, *, #1653, .F. ) ;
#4504 = CARTESIAN_POINT ( 'NONE',  ( 1.605857473938750113, 24.50000000000000000, 4.470315623464975019 ) ) ;
#4505 = CARTESIAN_POINT ( 'NONE',  ( -2.471115058222140615, 31.85936769608598595, -0.5674651404244654973 ) ) ;
#4506 = DIRECTION ( 'NONE',  ( 0.000000000000000000, 0.000000000000000000, -1.000000000000000000 ) ) ;
#4507 = CARTESIAN_POINT ( 'NONE',  ( -4.481238330850582763, 25.25000000000000000, 0.3654829684898294739 ) ) ;
#4508 = CARTESIAN_POINT ( 'NONE',  ( 2.447072304242432050, 25.00000000000000000, -3.138453560742611170 ) ) ;
#4509 = CARTESIAN_POINT ( 'NONE',  ( 1.737845010467030882, 24.50000000000000000, 4.110035853808923889 ) ) ;
#4510 = CARTESIAN_POINT ( 'NONE',  ( 1.636110347628722428, 31.92177851209904205, 1.606825263225278189 ) ) ;
#4511 = VERTEX_POINT ( 'NONE', #3994 ) ;
#4512 = CARTESIAN_POINT ( 'NONE',  ( 0.6928203230275543634, 32.00000000000000000, 0.3999999999999934164 ) ) ;
#4513 = B_SPLINE_CURVE_WITH_KNOTS ( 'NONE', 3,
 ( #7177, #2490, #3055, #4304, #4792, #5404 ),
 .UNSPECIFIED., .F., .F.,
 ( 4, 2, 4 ),
 ( 0.000000000000000000, 0.0001996580279853907704, 0.0003993160559707815407 ),
 .UNSPECIFIED. ) ;
#4514 = CARTESIAN_POINT ( 'NONE',  ( -14.99999999999996803, 9.055940905122499274, -1.836970198721025645E-15 ) ) ;
#4515 = CARTESIAN_POINT ( 'NONE',  ( -10.05105758792067583, 5.451528778619143978, 10.05105758792064918 ) ) ;
#4516 = DIRECTION ( 'NONE',  ( -0.4999999999999917288, 0.000000000000000000, 0.8660254037844435926 ) ) ;
#4517 = CARTESIAN_POINT ( 'NONE',  ( -7.372999999999991338, 7.831313635040833887, 12.77041060420529739 ) ) ;
#4518 = CARTESIAN_POINT ( 'NONE',  ( 0.3586667192130830739, 32.00000000000000000, -2.221228980661139385 ) ) ;
#4519 = EDGE_CURVE ( 'NONE', #2074, #6215, #2795, .T. ) ;
#4520 = ORIENTED_EDGE ( 'NONE', *, *, #341, .T. ) ;
#4521 = CARTESIAN_POINT ( 'NONE',  ( -2.499999999999999556, 32.02295302174438518, -0.1439544869875588606 ) ) ;
#4522 = ORIENTED_EDGE ( 'NONE', *, *, #3075, .T. ) ;
#4523 = CARTESIAN_POINT ( 'NONE',  ( 3.068478155885748127, 24.36361589856473486, -3.625871179020568214 ) ) ;
#4524 = SURFACE_STYLE_USAGE ( .BOTH. , #5095 ) ;
#4525 = EDGE_LOOP ( 'NONE', ( #3696, #2318, #1696, #1555 ) ) ;
#4526 = CARTESIAN_POINT ( 'NONE',  ( 1.978977131645764054, 25.25000000000000000, -3.427688939027459636 ) ) ;
#4527 = CARTESIAN_POINT ( 'NONE',  ( 9.865116682798173997, 3.351469683741640448, -9.865116682798158010 ) ) ;
#4528 = CARTESIAN_POINT ( 'NONE',  ( -1.139052268350550682E-14, 12.74805909487751876, 13.72999999999997200 ) ) ;
#4529 = CARTESIAN_POINT ( 'NONE',  ( 2.874999999999953815, 25.45710678118654968, -4.979646071760548409 ) ) ;
#4530 = B_SPLINE_CURVE_WITH_KNOTS ( 'NONE', 3,
 ( #4518, #2733, #6893, #2127, #5576, #4444 ),
 .UNSPECIFIED., .F., .F.,
 ( 4, 2, 4 ),
 ( 0.000000000000000000, 0.0001375783185092446304, 0.0002751566370184892608 ),
 .UNSPECIFIED. ) ;
#4531 = DIRECTION ( 'NONE',  ( -0.09104463009114945049, 0.9832820049844612775, 0.1576939250741884735 ) ) ;
#4532 = DIRECTION ( 'NONE',  ( 0.000000000000000000, 1.000000000000000000, 0.000000000000000000 ) ) ;
#4533 = EDGE_CURVE ( 'NONE', #3901, #2236, #4480, .T. ) ;
#4534 =( BOUNDED_SURFACE ( )  B_SPLINE_SURFACE ( 3, 2, ( 
 ( #997, #3362, #5714 ),
 ( #6312, #3290, #6746 ),
 ( #5640, #6276, #1109 ),
 ( #3401, #1558, #2837 ) ),
 .UNSPECIFIED., .F., .F., .T. ) 
 B_SPLINE_SURFACE_WITH_KNOTS ( ( 4, 4 ),
 ( 3, 3 ),
 ( 0.0003358411011783765752, 0.0005258393205670589595 ),
 ( 0.000000000000000000, 1.000000000000000000 ),
 .UNSPECIFIED. ) 
 GEOMETRIC_REPRESENTATION_ITEM ( )  RATIONAL_B_SPLINE_SURFACE ( (
 ( 1.000000000000000000, 0.7519653661432138536, 1.000000000000000000),
 ( 1.000000000000000000, 0.7443705148068335831, 1.000000000000000000),
 ( 1.000000000000000000, 0.7377192712881975867, 1.000000000000000000),
 ( 1.000000000000000000, 0.7314725590611557138, 1.000000000000000000) ) ) 
 REPRESENTATION_ITEM ( '' )  SURFACE ( )  );
#4535 = CARTESIAN_POINT ( 'NONE',  ( -0.02761090376459545553, 2.521462472731931470, -14.99997989576376334 ) ) ;
#4536 = VERTEX_POINT ( 'NONE', #1135 ) ;
#4537 = EDGE_LOOP ( 'NONE', ( #3314, #118, #6958, #2055 ) ) ;
#4538 = CARTESIAN_POINT ( 'NONE',  ( 1.967885746251720969, 24.29452904006663871, 4.325132442043674530 ) ) ;
#4539 = CARTESIAN_POINT ( 'NONE',  ( 13.47599999999996889, 8.498118189755023977, 1.064203512079387072E-14 ) ) ;
#4540 = CARTESIAN_POINT ( 'NONE',  ( -4.019237886466831000, 6.366254540163328812, -14.99999999999996625 ) ) ;
#4541 = CARTESIAN_POINT ( 'NONE',  ( 1.605857473938750113, 25.13637761494144840, 4.470315623464976795 ) ) ;
#4542 = CARTESIAN_POINT ( 'NONE',  ( 14.99999999999996625, 10.17625454016332931, -4.019237886466831000 ) ) ;
#4543 = FACE_OUTER_BOUND ( 'NONE', #6894, .T. ) ;
#4544 = DIRECTION ( 'NONE',  ( -0.000000000000000000, -1.000000000000000000, -0.000000000000000000 ) ) ;
#4545 = EDGE_LOOP ( 'NONE', ( #2846, #5499, #4383, #1131 ) ) ;
#4546 = VERTEX_POINT ( 'NONE', #5532 ) ;
#4547 = FACE_OUTER_BOUND ( 'NONE', #6671, .T. ) ;
#4548 = CARTESIAN_POINT ( 'NONE',  ( 13.56897045256122070, 7.661165897847057593, -3.635794674885533428 ) ) ;
#4549 = DIRECTION ( 'NONE',  ( 0.000000000000000000, 1.000000000000000000, 0.000000000000000000 ) ) ;
#4550 = CARTESIAN_POINT ( 'NONE',  ( 3.068478155885748127, 25.13637761494144485, -3.625871179020566881 ) ) ;
#4551 = VERTEX_POINT ( 'NONE', #577 ) ;
#4552 = DIRECTION ( 'NONE',  ( 0.000000000000000000, 1.000000000000000000, 0.000000000000000000 ) ) ;
#4553 = EDGE_LOOP ( 'NONE', ( #7367, #2876, #3569, #7094 ) ) ;
#4554 = EDGE_LOOP ( 'NONE', ( #6274, #5284, #1094, #2750 ) ) ;
#4555 = CARTESIAN_POINT ( 'NONE',  ( -2.233260202834127295, 31.84131709439716573, -0.5672744357169587914 ) ) ;
#4556 = EDGE_LOOP ( 'NONE', ( #4699, #2092, #5336, #6424, #927, #3416 ) ) ;
#4557 = DIRECTION ( 'NONE',  ( 0.8660254037844368202, -1.734723475976817941E-15, -0.5000000000000035527 ) ) ;
#4558 = AXIS2_PLACEMENT_3D ( 'NONE', #2634, #6760, #2782 ) ;
#4559 = CARTESIAN_POINT ( 'NONE',  ( 1.146720213405935462E-14, 4.688118189755022591, -13.47599999999996889 ) ) ;
#4560 = CARTESIAN_POINT ( 'NONE',  ( -10.05105758792065274, 10.84305909487751585, -10.05105758792067050 ) ) ;
#4561 = ADVANCED_FACE ( 'NONE', ( #3429 ), #1098, .F. ) ;
#4562 = CARTESIAN_POINT ( 'NONE',  ( -2.476446974785523558, 31.97766877619272918, 0.3710465410268536934 ) ) ;
#4563 = CARTESIAN_POINT ( 'NONE',  ( -3.704695737619256857, 25.45460815007268707, 0.2223161977403619594 ) ) ;
#4564 = EDGE_CURVE ( 'NONE', #6783, #6783, #618, .T. ) ;
#4565 = CARTESIAN_POINT ( 'NONE',  ( 9.865116682798173997, 9.133118189755021987, -9.865116682798158010 ) ) ;
#4566 = EDGE_CURVE ( 'NONE', #5704, #4110, #14, .T. ) ;
#4567 = ADVANCED_FACE ( 'NONE', ( #6839 ), #679, .F. ) ;
#4568 = CIRCLE ( 'NONE', #4808, 0.2499999999999999167 ) ;
#4569 = CARTESIAN_POINT ( 'NONE',  ( 11.88566934588951973, 6.859562263968812523, -9.150973649899398765 ) ) ;
#4570 = EDGE_LOOP ( 'NONE', ( #1927 ) ) ;
#4571 = VERTEX_POINT ( 'NONE', #4324 ) ;
#4572 = CARTESIAN_POINT ( 'NONE',  ( -4.674335629824510896, 24.50000000000000000, -0.8444444444444445530 ) ) ;
#4573 = CARTESIAN_POINT ( 'NONE',  ( 9.865116682798154457, 7.863118189755023302, 9.865116682798175773 ) ) ;
#4574 = CARTESIAN_POINT ( 'NONE',  ( 14.70723124467802734, 14.88514555227603964, 2.949127414929262336 ) ) ;
#4575 = DIRECTION ( 'NONE',  ( -5.204170427930416550E-15, 0.000000000000000000, 1.000000000000000000 ) ) ;
#4576 = CARTESIAN_POINT ( 'NONE',  ( 13.72999999999997200, 7.568195445285810230, -3.678942412079297952 ) ) ;
#4577 = CIRCLE ( 'NONE', #5547, 4.500000000000000000 ) ;
#4578 =( BOUNDED_SURFACE ( )  B_SPLINE_SURFACE ( 3, 2, ( 
 ( #7409, #3857, #6742 ),
 ( #6204, #2726, #6170 ),
 ( #1034, #5037, #5636 ),
 ( #1664, #477, #5079 ),
 ( #1630, #7375, #2195 ),
 ( #4653, #6956, #1815 ) ),
 .UNSPECIFIED., .F., .F., .T. ) 
 B_SPLINE_SURFACE_WITH_KNOTS ( ( 4, 2, 4 ),
 ( 3, 3 ),
 ( 0.0003343555886378489061, 0.0007266738589179502729, 0.001118992129198051640 ),
 ( 0.000000000000000000, 1.000000000000000000 ),
 .UNSPECIFIED. ) 
 GEOMETRIC_REPRESENTATION_ITEM ( )  RATIONAL_B_SPLINE_SURFACE ( (
 ( 1.000000000000000000, 0.7071067811865523467, 1.000000000000000000),
 ( 1.000000000000000000, 0.7014278231336890101, 1.000000000000000000),
 ( 1.000000000000000000, 0.6852369950021240941, 1.000000000000000000),
 ( 1.000000000000000000, 0.6544534626343073702, 1.000000000000000000),
 ( 1.000000000000000000, 0.6406553719867907892, 1.000000000000000000),
 ( 1.000000000000000000, 0.6411794687223789646, 1.000000000000000000) ) ) 
 REPRESENTATION_ITEM ( '' )  SURFACE ( )  );
#4579 = CARTESIAN_POINT ( 'NONE',  ( 0.4082336825498705801, 32.00000000000000000, -2.227547754864862561 ) ) ;
#4580 = VECTOR ( 'NONE', #96, 1000.000000000000000 ) ;
#4581 = CARTESIAN_POINT ( 'NONE',  ( 1.559559217908344175, 31.97766877619272918, -1.959142720775971513 ) ) ;
#4582 = ORIENTED_EDGE ( 'NONE', *, *, #1327, .T. ) ;
#4583 = AXIS2_PLACEMENT_3D ( 'NONE', #2597, #7091, #6955 ) ;
#4584 = FACE_OUTER_BOUND ( 'NONE', #6384, .T. ) ;
#4585 = CARTESIAN_POINT ( 'NONE',  ( -13.56897045256121714, 4.909499231180392442, -1.165454554367648155E-14 ) ) ;
#4586 = STYLED_ITEM ( 'NONE', ( #6218 ), #2623 ) ;
#4587 = CARTESIAN_POINT ( 'NONE',  ( -2.755455298081538467E-15, 10.32594090512249885, 14.99999999999996803 ) ) ;
#4588 = FACE_OUTER_BOUND ( 'NONE', #1322, .T. ) ;
#4589 = CARTESIAN_POINT ( 'NONE',  ( 0.8664404815595192488, 32.02192468575398721, -2.345054786554569670 ) ) ;
#4590 = CARTESIAN_POINT ( 'NONE',  ( 10.79482120841063519, 13.96964696837416575, 10.79482120841064408 ) ) ;
#4591 = CARTESIAN_POINT ( 'NONE',  ( -2.463922979654538548, 32.02262672620886264, -0.4231826441742396749 ) ) ;
#4592 = ADVANCED_FACE ( 'NONE', ( #7332 ), #4465, .T. ) ;
#4593 = AXIS2_PLACEMENT_3D ( 'NONE', #5154, #482, #3930 ) ;
#4594 = ORIENTED_EDGE ( 'NONE', *, *, #5438, .T. ) ;
#4595 = ORIENTED_EDGE ( 'NONE', *, *, #464, .F. ) ;
#4596 = CARTESIAN_POINT ( 'NONE',  ( 0.7422491953738716841, 32.15569223156761325, 2.388740155652601782 ) ) ;
#4597 = ORIENTED_EDGE ( 'NONE', *, *, #2208, .T. ) ;
#4598 = DIRECTION ( 'NONE',  ( 0.4999999999999919509, -0.000000000000000000, -0.8660254037844432595 ) ) ;
#4599 = CARTESIAN_POINT ( 'NONE',  ( 1.923281625570701703, 25.25000000000000355, -4.063945513931386699 ) ) ;
#4600 = CARTESIAN_POINT ( 'NONE',  ( -2.503952505404849926, 31.85855918567689216, 0.3327259559394494248 ) ) ;
#4601 = AXIS2_PLACEMENT_3D ( 'NONE', #6730, #4531, #500 ) ;
#4602 = B_SPLINE_CURVE_WITH_KNOTS ( 'NONE', 3,
 ( #1112, #4625, #2840, #5087, #6819, #6928 ),
 .UNSPECIFIED., .F., .F.,
 ( 4, 2, 4 ),
 ( 0.000000000000000000, 0.0004060167135378137788, 0.0008120334270756275575 ),
 .UNSPECIFIED. ) ;
#4603 = ORIENTED_EDGE ( 'NONE', *, *, #5987, .F. ) ;
#4604 = CARTESIAN_POINT ( 'NONE',  ( 1.613521857649817814, 31.87175867028613752, -1.632771654065314104 ) ) ;
#4605 = CARTESIAN_POINT ( 'NONE',  ( 3.610883317201783349, 11.81813635040830590, 13.47599999999997600 ) ) ;
#4606 = FACE_OUTER_BOUND ( 'NONE', #4554, .T. ) ;
#4607 = CARTESIAN_POINT ( 'NONE',  ( -6.864999999999974456, 10.63139242821085162, -11.89052879396032303 ) ) ;
#4608 = AXIS2_PLACEMENT_3D ( 'NONE', #2774, #5158, #3902 ) ;
#4609 = B_SPLINE_CURVE_WITH_KNOTS ( 'NONE', 3,
 ( #4055, #1800, #1870, #1907, #4217, #159 ),
 .UNSPECIFIED., .F., .F.,
 ( 4, 2, 4 ),
 ( 0.000000000000000000, 0.0001995001702605717791, 0.0003990003405211435582 ),
 .UNSPECIFIED. ) ;
#4610 = CARTESIAN_POINT ( 'NONE',  ( -9.865116682798158010, 10.40311818975502156, -9.865116682798173997 ) ) ;
#4611 = CARTESIAN_POINT ( 'NONE',  ( -7.839868349053165986, 4.616651230747957690, 12.79160336526368447 ) ) ;
#4612 = ORIENTED_EDGE ( 'NONE', *, *, #3345, .F. ) ;
#4613 = ORIENTED_EDGE ( 'NONE', *, *, #6459, .T. ) ;
#4614 = CARTESIAN_POINT ( 'NONE',  ( 2.095474967091717211, 24.00000000000000000, -4.262802442324997720 ) ) ;
#4615 = CARTESIAN_POINT ( 'NONE',  ( -3.610883317201822429, 7.016451523088354847, 13.47599999999996179 ) ) ;
#4616 = EDGE_CURVE ( 'NONE', #6139, #4110, #7380, .T. ) ;
#4617 = CARTESIAN_POINT ( 'NONE',  ( -7.499999999999991118, 13.35125454016333002, 12.99038105676654986 ) ) ;
#4618 = CARTESIAN_POINT ( 'NONE',  ( 14.90398610486307085, 13.85861639986084803, 1.694461031138675855 ) ) ;
#4619 = CARTESIAN_POINT ( 'NONE',  ( -10.05105758792065274, 9.261528778619142699, -10.05105758792067050 ) ) ;
#4620 = CARTESIAN_POINT ( 'NONE',  ( 0.8166806798520150901, 32.09355210119237256, -2.363416531684533251 ) ) ;
#4621 = DIRECTION ( 'NONE',  ( 0.000000000000000000, 1.000000000000000000, 0.000000000000000000 ) ) ;
#4622 = ORIENTED_EDGE ( 'NONE', *, *, #5054, .F. ) ;
#4623 = CARTESIAN_POINT ( 'NONE',  ( -3.951178791589322170, 3.171607571789162083, -14.74599999999996491 ) ) ;
#4624 = CARTESIAN_POINT ( 'NONE',  ( 14.74599999999996491, 1.689940905122495618, 1.773672520132329273E-15 ) ) ;
#4625 = CARTESIAN_POINT ( 'NONE',  ( 2.757068172781294013, 25.50000000000000000, 3.870350434072565182 ) ) ;
#4626 = CARTESIAN_POINT ( 'NONE',  ( -14.90702954743872333, 12.36928408760207709, 3.994326528783080921 ) ) ;
#4627 = ADVANCED_FACE ( 'NONE', ( #2301 ), #170, .T. ) ;
#4628 = B_SPLINE_CURVE_WITH_KNOTS ( 'NONE', 3,
 ( #3827, #4550, #7450, #6212, #3865, #3407 ),
 .UNSPECIFIED., .F., .F.,
 ( 4, 2, 4 ),
 ( 0.000000000000000000, 0.0004063670613842346440, 0.0008127341227684692880 ),
 .UNSPECIFIED. ) ;
#4629 = CARTESIAN_POINT ( 'NONE',  ( 0.000000000000000000, 0.000000000000000000, 0.5500000000000000444 ) ) ;
#4630 = ORIENTED_EDGE ( 'NONE', *, *, #3395, .F. ) ;
#4631 = CARTESIAN_POINT ( 'NONE',  ( 1.762871426123119756, 25.45434689895079927, 3.277195756339162269 ) ) ;
#4632 = EDGE_LOOP ( 'NONE', ( #2007 ) ) ;
#4633 = CARTESIAN_POINT ( 'NONE',  ( -2.463922979654538548, 32.02262672620886264, 0.4231826441742399525 ) ) ;
#4634 = ORIENTED_EDGE ( 'NONE', *, *, #336, .T. ) ;
#4635 = CARTESIAN_POINT ( 'NONE',  ( -3.689820984012652794, 25.45486940119473473, -0.3327259559394531996 ) ) ;
#4636 = FACE_OUTER_BOUND ( 'NONE', #3883, .T. ) ;
#4637 = CARTESIAN_POINT ( 'NONE',  ( 2.906979305575972283, 24.50000000000000000, -3.435035853808957818 ) ) ;
#4638 = ORIENTED_EDGE ( 'NONE', *, *, #3998, .T. ) ;
#4639 = CARTESIAN_POINT ( 'NONE',  ( -2.918182946833629554, 24.25000000000000000, 0.5500000000000000444 ) ) ;
#4640 = CIRCLE ( 'NONE', #7025, 5.750000000000001776 ) ;
#4641 = CARTESIAN_POINT ( 'NONE',  ( -3.610883317201822429, 12.09645152308835314, 13.47599999999996179 ) ) ;
#4642 = CARTESIAN_POINT ( 'NONE',  ( 1.249999999999979350, 32.02295302177460457, -2.165063509461107927 ) ) ;
#4643 = CARTESIAN_POINT ( 'NONE',  ( 9.709082628276195257E-15, 5.128059094877517765, -13.72999999999997200 ) ) ;
#4644 = CARTESIAN_POINT ( 'NONE',  ( 12.04054586940427996, 6.845728432576758671, -8.947750523820261037 ) ) ;
#4645 = ORIENTED_EDGE ( 'NONE', *, *, #4001, .T. ) ;
#4646 = ORIENTED_EDGE ( 'NONE', *, *, #4933, .T. ) ;
#4647 = CARTESIAN_POINT ( 'NONE',  ( -2.369725253151772737, 32.25000000000000000, 0.8019115066011418547 ) ) ;
#4648 = CARTESIAN_POINT ( 'NONE',  ( 1.598448410122814245, 32.02262672620886264, -1.922228571261973551 ) ) ;
#4649 = CARTESIAN_POINT ( 'NONE',  ( -14.99999999999996447, 7.212921206829994603, -4.019237886466834553 ) ) ;
#4650 = EDGE_CURVE ( 'NONE', #937, #2355, #2778, .T. ) ;
#4651 = CARTESIAN_POINT ( 'NONE',  ( -13.72999999999997200, 4.816528778619145079, -1.054980265589085262E-14 ) ) ;
#4652 = CARTESIAN_POINT ( 'NONE',  ( 2.840078291288591128, 25.00000000000000000, 3.819159897985197727 ) ) ;
#4653 = CARTESIAN_POINT ( 'NONE',  ( -4.674335629824573068, 24.99999999999999289, -0.8444444444444454412 ) ) ;
#4654 = VERTEX_POINT ( 'NONE', #6490 ) ;
#4655 = DIRECTION ( 'NONE',  ( -0.5000000000000028866, 0.000000000000000000, -0.8660254037844370423 ) ) ;
#4656 = CARTESIAN_POINT ( 'NONE',  ( 11.75107311511843555, 7.026165897847058694, 6.784485226280622783 ) ) ;
#4657 = CARTESIAN_POINT ( 'NONE',  ( -14.74599999999996314, 4.018274238455828318, -3.951178791589331496 ) ) ;
#4658 = EDGE_CURVE ( 'NONE', #5000, #7298, #3780, .T. ) ;
#4659 = CARTESIAN_POINT ( 'NONE',  ( 14.75505934405264874, 11.69049863325152039, 2.699671045420841686 ) ) ;
#4660 = CARTESIAN_POINT ( 'NONE',  ( 1.938119294742435716, 32.25000000000000000, -1.579143311845724762 ) ) ;
#4661 = CARTESIAN_POINT ( 'NONE',  ( 14.90702954743871800, 9.829284087602076170, -3.994326528783088026 ) ) ;
#4662 = CARTESIAN_POINT ( 'NONE',  ( -2.464451171044282685, 32.02050611342582442, 0.4201494922127686493 ) ) ;
#4663 = EDGE_LOOP ( 'NONE', ( #4268, #6401, #1450, #3425, #6578, #6931, #5569, #574 ) ) ;
#4664 = FACE_OUTER_BOUND ( 'NONE', #3614, .T. ) ;
#4665 = ADVANCED_FACE ( 'NONE', ( #7031 ), #7010, .F. ) ;
#4666 = ORIENTED_EDGE ( 'NONE', *, *, #3608, .T. ) ;
#4667 = CARTESIAN_POINT ( 'NONE',  ( 2.875000000000023093, 25.45710678118654968, 4.979646071760509329 ) ) ;
#4668 = ORIENTED_EDGE ( 'NONE', *, *, #3306, .T. ) ;
#4669 = DIRECTION ( 'NONE',  ( 0.000000000000000000, 0.000000000000000000, 1.000000000000000000 ) ) ;
#4670 = CARTESIAN_POINT ( 'NONE',  ( -10.98076211353313347, 3.154999999999998916, -10.98076211353313525 ) ) ;
#4671 = CARTESIAN_POINT ( 'NONE',  ( 1.252089749376922079, 31.97743070672902377, -2.168683061557058256 ) ) ;
#4672 = CARTESIAN_POINT ( 'NONE',  ( 1.718899094552124085, 24.50000000000000000, -2.377220564848472328 ) ) ;
#4673 = EDGE_LOOP ( 'NONE', ( #4688 ) ) ;
#4674 = CARTESIAN_POINT ( 'NONE',  ( -6.738000000000000433, 6.804784856421687955, 11.67055834139906167 ) ) ;
#4675 = CARTESIAN_POINT ( 'NONE',  ( 1.607904173665440917, 31.84131709439716573, 1.650422851056654094 ) ) ;
#4676 = CARTESIAN_POINT ( 'NONE',  ( 13.72999999999997200, 9.149725761544182490, -3.678942412079297952 ) ) ;
#4677 = CIRCLE ( 'NONE', #3943, 5.916666666666682950 ) ;
#4678 = CARTESIAN_POINT ( 'NONE',  ( 14.38847957810718192, 6.561908633813261282, -4.239305637809925642 ) ) ;
#4679 = VERTEX_POINT ( 'NONE', #6420 ) ;
#4680 = EDGE_LOOP ( 'NONE', ( #5125, #4885, #7261, #6363 ) ) ;
#4681 = DIRECTION ( 'NONE',  ( -0.9832820049844602783, 0.1820892601823071721, 0.000000000000000000 ) ) ;
#4682 = CARTESIAN_POINT ( 'NONE',  ( -11.67055834139907411, 6.381451523088355060, 6.737999999999971124 ) ) ;
#4683 = DIRECTION ( 'NONE',  ( 0.09104463009115439098, -0.9832820049844602783, 0.1576939250741919707 ) ) ;
#4684 = CARTESIAN_POINT ( 'NONE',  ( 0.6375217491784320734, 31.75000000000000000, 1.104220060507214551 ) ) ;
#4685 = CIRCLE ( 'NONE', #1423, 13.99999999999993605 ) ;
#4686 = PLANE ( 'NONE',  #1576 ) ;
#4687 = TOROIDAL_SURFACE ( 'NONE', #6369, 2.250000000000000444, 0.2500000000000000000 ) ;
#4688 = ORIENTED_EDGE ( 'NONE', *, *, #6305, .F. ) ;
#4689 = CARTESIAN_POINT ( 'NONE',  ( 3.951178791589316397, 5.711607571789160787, 14.74599999999996847 ) ) ;
#4690 = CARTESIAN_POINT ( 'NONE',  ( 6.784485226280619230, 8.296165897847057380, -11.75107311511843555 ) ) ;
#4691 = CARTESIAN_POINT ( 'NONE',  ( 3.951178791589330608, 2.748274238455829632, -14.74599999999996314 ) ) ;
#4692 = FACE_OUTER_BOUND ( 'NONE', #2912, .T. ) ;
#4693 = CARTESIAN_POINT ( 'NONE',  ( 14.90702954743871800, 4.749284087602078763, -3.994326528783088026 ) ) ;
#4694 = CARTESIAN_POINT ( 'NONE',  ( 2.095474967091716767, 24.00000000000000000, -4.262802442324998609 ) ) ;
#4695 = EDGE_LOOP ( 'NONE', ( #1859, #402, #2487, #5767 ) ) ;
#4696 = CIRCLE ( 'NONE', #1569, 5.916666666666661634 ) ;
#4697 = EDGE_CURVE ( 'NONE', #2692, #6454, #3741, .T. ) ;
#4698 = DIRECTION ( 'NONE',  ( 0.000000000000000000, 0.000000000000000000, -1.000000000000000000 ) ) ;
#4699 = ORIENTED_EDGE ( 'NONE', *, *, #5165, .F. ) ;
#4700 = PLANE ( 'NONE',  #245 ) ;
#4701 = CARTESIAN_POINT ( 'NONE',  ( 1.892114596334623977, 25.25000000000000000, -3.477839047171838338 ) ) ;
#4702 = ADVANCED_FACE ( 'NONE', ( #2976 ), #5967, .F. ) ;
#4703 = VERTEX_POINT ( 'NONE', #4272 ) ;
#4704 = CARTESIAN_POINT ( 'NONE',  ( -3.882406974898033436, 25.24999999999997868, -0.3063436507278046173 ) ) ;
#4705 = CARTESIAN_POINT ( 'NONE',  ( 7.499999999999973355, 5.483333333333333393, 12.99038105676655697 ) ) ;
#4706 = EDGE_CURVE ( 'NONE', #4857, #1404, #4513, .T. ) ;
#4707 = FACE_OUTER_BOUND ( 'NONE', #6445, .T. ) ;
#4708 = CARTESIAN_POINT ( 'NONE',  ( 14.99999999999996980, 4.884587873496668564, 0.000000000000000000 ) ) ;
#4709 = CIRCLE ( 'NONE', #1083, 0.2500000000000001110 ) ;
#4710 = CIRCLE ( 'NONE', #1448, 0.2499999999999999722 ) ;
#4711 = ORIENTED_EDGE ( 'NONE', *, *, #4002, .T. ) ;
#4712 = AXIS2_PLACEMENT_3D ( 'NONE', #2575, #6623, #3781 ) ;
#4713 = CARTESIAN_POINT ( 'NONE',  ( 1.435791694192488421, 24.99999999999999289, -3.586864163426857655 ) ) ;
#4714 = AXIS2_PLACEMENT_3D ( 'NONE', #5390, #4895, #1946 ) ;
#4715 = CARTESIAN_POINT ( 'NONE',  ( 11.67055834139905990, 8.074784856421688417, 6.738000000000000433 ) ) ;
#4716 = DIRECTION ( 'NONE',  ( 0.000000000000000000, 0.000000000000000000, -1.000000000000000000 ) ) ;
#4717 = CARTESIAN_POINT ( 'NONE',  ( -14.74599999999996314, 6.772980301707501205, -3.951178791589331496 ) ) ;
#4718 = AXIS2_PLACEMENT_3D ( 'NONE', #6701, #5069, #6735 ) ;
#4719 = CARTESIAN_POINT ( 'NONE',  ( 7.133797705725156924, 5.460422418618591678, 13.19904715207490931 ) ) ;
#4720 = ORIENTED_EDGE ( 'NONE', *, *, #3699, .F. ) ;
#4721 = VERTEX_POINT ( 'NONE', #3090 ) ;
#4722 = DIRECTION ( 'NONE',  ( 0.000000000000000000, -0.1583515888048841747, 0.9873827901695313436 ) ) ;
#4723 = CARTESIAN_POINT ( 'NONE',  ( 13.21297536001010009, 13.60461643772358009, 2.649501488160569629 ) ) ;
#4724 = ORIENTED_EDGE ( 'NONE', *, *, #2020, .F. ) ;
#4725 = CARTESIAN_POINT ( 'NONE',  ( -14.99999999999996980, 12.71625454016333023, 4.019237886466825671 ) ) ;
#4726 = ADVANCED_FACE ( 'NONE', ( #7098 ), #2980, .F. ) ;
#4727 = CARTESIAN_POINT ( 'NONE',  ( 1.368086280847745417, 31.75000000000000000, -1.269594947566272225 ) ) ;
#4728 = CARTESIAN_POINT ( 'NONE',  ( 1.710950711025704951, 25.00000000000000000, 3.563453560742581239 ) ) ;
#4729 = DIRECTION ( 'NONE',  ( 0.8660254037844432595, 0.000000000000000000, 0.4999999999999920619 ) ) ;
#4730 = EDGE_LOOP ( 'NONE', ( #4090, #4887, #3724, #1074 ) ) ;
#4731 = CARTESIAN_POINT ( 'NONE',  ( 10.79482120841063342, 6.134940905122496346, 10.79482120841064230 ) ) ;
#4732 = CARTESIAN_POINT ( 'NONE',  ( 9.865116682798173997, 3.165528778619144834, -9.865116682798158010 ) ) ;
#4733 =( BOUNDED_SURFACE ( )  B_SPLINE_SURFACE ( 3, 2, ( 
 ( #1530, #2513, #7235 ),
 ( #3711, #2589, #1381 ),
 ( #3752, #4256, #4408 ),
 ( #3149, #5427, #782 ) ),
 .UNSPECIFIED., .F., .F., .T. ) 
 B_SPLINE_SURFACE_WITH_KNOTS ( ( 4, 4 ),
 ( 3, 3 ),
 ( 0.0003358411011783837309, 0.0005258393205670823783 ),
 ( 0.000000000000000000, 1.000000000000000000 ),
 .UNSPECIFIED. ) 
 GEOMETRIC_REPRESENTATION_ITEM ( )  RATIONAL_B_SPLINE_SURFACE ( (
 ( 1.000000000000000000, 0.7519653661432144087, 1.000000000000000000),
 ( 1.000000000000000000, 0.7443705148068389121, 1.000000000000000000),
 ( 1.000000000000000000, 0.7377192712881909253, 1.000000000000000000),
 ( 1.000000000000000000, 0.7314725590611532713, 1.000000000000000000) ) ) 
 REPRESENTATION_ITEM ( '' )  SURFACE ( )  );
#4734 = CARTESIAN_POINT ( 'NONE',  ( -10.79482120841063697, 8.674940905122493717, -10.79482120841064230 ) ) ;
#4735 = FACE_OUTER_BOUND ( 'NONE', #3537, .T. ) ;
#4736 = CARTESIAN_POINT ( 'NONE',  ( 14.90702954743872155, 4.537617420935414536, 6.492092003628005799E-16 ) ) ;
#4737 = CARTESIAN_POINT ( 'NONE',  ( 1.246743903150226318, 25.40973880238915328, -3.259423784282987846 ) ) ;
#4738 = ORIENTED_EDGE ( 'NONE', *, *, #5756, .T. ) ;
#4739 = CARTESIAN_POINT ( 'NONE',  ( 0.000000000000000000, 31.75000000000000000, 0.8000000000000000444 ) ) ;
#4740 = ORIENTED_EDGE ( 'NONE', *, *, #2294, .T. ) ;
#4741 = FACE_OUTER_BOUND ( 'NONE', #966, .T. ) ;
#4742 = CARTESIAN_POINT ( 'NONE',  ( -2.480081828363938978, 31.82622343603216564, 0.5550797545933021659 ) ) ;
#4743 = CARTESIAN_POINT ( 'NONE',  ( 2.241039367501984625, 25.18993509706624323, -2.781594046275522647 ) ) ;
#4744 = FACE_OUTER_BOUND ( 'NONE', #3434, .T. ) ;
#4745 = CARTESIAN_POINT ( 'NONE',  ( -4.489988864128728885, 24.00000000000000000, -0.2999999999999999889 ) ) ;
#4746 = CARTESIAN_POINT ( 'NONE',  ( 0.000000000000000000, 0.000000000000000000, 0.000000000000000000 ) ) ;
#4747 = EDGE_CURVE ( 'NONE', #7111, #5944, #4362, .T. ) ;
#4748 = CARTESIAN_POINT ( 'NONE',  ( -11.67055834139906167, 10.61478485642168934, -6.737999999999998657 ) ) ;
#4749 = ORIENTED_EDGE ( 'NONE', *, *, #6130, .F. ) ;
#4750 = CARTESIAN_POINT ( 'NONE',  ( 1.246743903150226318, 25.40973880238915328, -3.259423784282987846 ) ) ;
#4751 = CARTESIAN_POINT ( 'NONE',  ( -2.233260202834128627, 31.84131709439715863, -0.5672744357169583473 ) ) ;
#4752 = CARTESIAN_POINT ( 'NONE',  ( 2.210053939217010655, 25.29437220982748968, 2.727925710191569042 ) ) ;
#4753 = CARTESIAN_POINT ( 'NONE',  ( 14.99784946666663821, 1.689940905122495618, 0.2539908959123998167 ) ) ;
#4754 = CARTESIAN_POINT ( 'NONE',  ( -7.372999999999991338, 7.831313635040833887, 12.77041060420529739 ) ) ;
#4755 = CARTESIAN_POINT ( 'NONE',  ( -14.82901314244428903, 8.748649228632578101, -2.258463165344194667 ) ) ;
#4756 = ORIENTED_EDGE ( 'NONE', *, *, #6201, .T. ) ;
#4757 = CARTESIAN_POINT ( 'NONE',  ( 0.000000000000000000, 30.25000000000000000, 0.000000000000000000 ) ) ;
#4758 = CARTESIAN_POINT ( 'NONE',  ( -9.865116682798179326, 11.67311818975502291, 9.865116682798152681 ) ) ;
#4759 = ORIENTED_EDGE ( 'NONE', *, *, #1331, .T. ) ;
#4760 = CARTESIAN_POINT ( 'NONE',  ( 4.019237886466824783, 13.98625454016332981, 14.99999999999996980 ) ) ;
#4761 = CARTESIAN_POINT ( 'NONE',  ( 0.8973293703137625865, 31.75000000000000000, 0.9542200605072136410 ) ) ;
#4762 = CARTESIAN_POINT ( 'NONE',  ( 1.859690876073396337, 25.41533853840699564, -3.221079083731468451 ) ) ;
#4763 = CARTESIAN_POINT ( 'NONE',  ( 14.55466940837468570, 1.448916261842465136, -3.645345685767195310 ) ) ;
#4764 = ORIENTED_EDGE ( 'NONE', *, *, #3604, .T. ) ;
#4765 = CARTESIAN_POINT ( 'NONE',  ( -7.372999999999991338, 5.076607571789162776, 12.77041060420529739 ) ) ;
#4766 = CARTESIAN_POINT ( 'NONE',  ( -13.47599999999996712, 9.938862111952477818, -3.610883317201815323 ) ) ;
#4767 = CARTESIAN_POINT ( 'NONE',  ( -3.446115750463395244, 25.40973880238915683, -0.5500000000000000444 ) ) ;
#4768 = CARTESIAN_POINT ( 'NONE',  ( -7.499999999999981348, 11.47198030170750194, -12.99038105676655341 ) ) ;
#4769 = FACE_OUTER_BOUND ( 'NONE', #158, .T. ) ;
#4770 = ORIENTED_EDGE ( 'NONE', *, *, #5676, .F. ) ;
#4771 = CARTESIAN_POINT ( 'NONE',  ( -3.446115750463395244, 25.40973880238915683, -0.5500000000000000444 ) ) ;
#4772 = ORIENTED_EDGE ( 'NONE', *, *, #2521, .T. ) ;
#4773 = CARTESIAN_POINT ( 'NONE',  ( 0.000000000000000000, 34.25000000000000000, 2.500000000000000000 ) ) ;
#4774 = DIRECTION ( 'NONE',  ( 0.2215620895862580042, 0.9077658602273545041, 0.3561900945616850445 ) ) ;
#4775 = CARTESIAN_POINT ( 'NONE',  ( -4.489988864128728885, 24.25000000000000000, 0.2999999999999999889 ) ) ;
#4776 = CARTESIAN_POINT ( 'NONE',  ( -10.79482120841064763, 4.864940905122495884, 10.79482120841063342 ) ) ;
#4777 = CARTESIAN_POINT ( 'NONE',  ( 0.3777141280431012271, 31.75000000000000000, 1.254220060507215795 ) ) ;
#4778 = CARTESIAN_POINT ( 'NONE',  ( -13.47599999999996889, 5.958118189755022165, -1.229236914732483852E-14 ) ) ;
#4779 = EDGE_LOOP ( 'NONE', ( #3991, #2625, #4128, #411, #7282, #1213, #5613 ) ) ;
#4780 = CARTESIAN_POINT ( 'NONE',  ( 13.21297650602664930, 12.71702710125638092, 2.649496060710951451 ) ) ;
#4781 = DIRECTION ( 'NONE',  ( 0.000000000000000000, 0.000000000000000000, -1.000000000000000000 ) ) ;
#4782 = CARTESIAN_POINT ( 'NONE',  ( 2.159221228133000103, 25.25000000000000355, 3.056408987316443504 ) ) ;
#4783 = DIRECTION ( 'NONE',  ( 0.000000000000000000, 1.000000000000000000, 0.000000000000000000 ) ) ;
#4784 = CARTESIAN_POINT ( 'NONE',  ( 7.372999999999986009, 10.37131363504083481, -12.77041060420529917 ) ) ;
#4785 = DIRECTION ( 'NONE',  ( 0.000000000000000000, 0.000000000000000000, -1.000000000000000000 ) ) ;
#4786 = EDGE_CURVE ( 'NONE', #3209, #3209, #4369, .T. ) ;
#4787 = CARTESIAN_POINT ( 'NONE',  ( -0.004057241888264700135, 7.600213678365626890, -14.99999949536070254 ) ) ;
#4788 = EDGE_LOOP ( 'NONE', ( #505, #1118, #4878, #237 ) ) ;
#4789 = CARTESIAN_POINT ( 'NONE',  ( 2.447072304242434715, 25.24999999999997513, -3.138453560742616055 ) ) ;
#4790 = CARTESIAN_POINT ( 'NONE',  ( 9.865116682798173997, 9.319059094877514937, -9.865116682798158010 ) ) ;
#4791 = EDGE_CURVE ( 'NONE', #919, #5866, #2304, .T. ) ;
#4792 = CARTESIAN_POINT ( 'NONE',  ( 1.923270759015447862, 25.25000000000000000, 4.063949990277829549 ) ) ;
#4793 = EDGE_CURVE ( 'NONE', #567, #5539, #7207, .T. ) ;
#4794 = EDGE_CURVE ( 'NONE', #2525, #1808, #2620, .T. ) ;
#4795 = CARTESIAN_POINT ( 'NONE',  ( 0.000000000000000000, 32.00000000000000000, 0.000000000000000000 ) ) ;
#4796 = DIRECTION ( 'NONE',  ( -0.09104463009115762451, 0.9832820049844583910, 0.1576939250742015464 ) ) ;
#4797 = DIRECTION ( 'NONE',  ( -0.4999999999999919509, 0.000000000000000000, 0.8660254037844432595 ) ) ;
#4798 = ORIENTED_EDGE ( 'NONE', *, *, #3575, .T. ) ;
#4799 = DIRECTION ( 'NONE',  ( 0.000000000000000000, 1.000000000000000000, 0.000000000000000000 ) ) ;
#4800 = CARTESIAN_POINT ( 'NONE',  ( -3.610883317201788678, 4.198136350408307571, -13.47599999999997245 ) ) ;
#4801 = CARTESIAN_POINT ( 'NONE',  ( 0.000000000000000000, 25.25000000000000000, 0.000000000000000000 ) ) ;
#4802 = CARTESIAN_POINT ( 'NONE',  ( -2.755455298081539256E-15, 8.694587873496661956, 14.99999999999996803 ) ) ;
#4803 = CARTESIAN_POINT ( 'NONE',  ( 13.72999999999997200, 3.858059094877517303, 0.000000000000000000 ) ) ;
#4804 = ORIENTED_EDGE ( 'NONE', *, *, #1608, .F. ) ;
#4805 = DIRECTION ( 'NONE',  ( -0.4999999999999919509, 0.000000000000000000, 0.8660254037844432595 ) ) ;
#4806 = VERTEX_POINT ( 'NONE', #4780 ) ;
#4807 = CARTESIAN_POINT ( 'NONE',  ( 14.74599999999996491, 1.689940905122495618, 1.773672520132329273E-15 ) ) ;
#4808 = AXIS2_PLACEMENT_3D ( 'NONE', #3791, #1411, #857 ) ;
#4809 = CARTESIAN_POINT ( 'NONE',  ( 1.354491895698117787, 25.44964546629582713, -3.446048781789492477 ) ) ;
#4810 = CARTESIAN_POINT ( 'NONE',  ( 2.210056238764637193, 25.29434737471269301, -2.727929693124990340 ) ) ;
#4811 = CARTESIAN_POINT ( 'NONE',  ( -4.019237886466830112, 2.731666666666666465, -14.99999999999996625 ) ) ;
#4812 = CARTESIAN_POINT ( 'NONE',  ( -4.482468775166350124E-15, 5.499940905122495671, 14.74599999999996491 ) ) ;
#4813 = DIRECTION ( 'NONE',  ( -0.8660254037844364872, -0.000000000000000000, 0.5000000000000038858 ) ) ;
#4814 = CARTESIAN_POINT ( 'NONE',  ( 1.132205517510339599, 31.97732466739490320, 2.252096322325843669 ) ) ;
#4815 = ADVANCED_FACE ( 'NONE', ( #7086 ), #279, .T. ) ;
#4816 = DIRECTION ( 'NONE',  ( 3.052344535003915238E-08, 0.9999999999999995559, 6.120627887004214552E-09 ) ) ;
#4817 = ADVANCED_FACE ( 'NONE', ( #5319 ), #50, .F. ) ;
#4818 =( BOUNDED_SURFACE ( )  B_SPLINE_SURFACE ( 3, 2, ( 
 ( #4504, #2793, #7368 ),
 ( #2222, #3239, #2829 ),
 ( #2719, #6807, #5029 ),
 ( #1096, #4538, #7330 ),
 ( #470, #1592, #2145 ),
 ( #2751, #5068, #3951 ) ),
 .UNSPECIFIED., .F., .F., .T. ) 
 B_SPLINE_SURFACE_WITH_KNOTS ( ( 4, 2, 4 ),
 ( 3, 3 ),
 ( 0.0003323826445475364273, 0.0007246908430540055686, 0.001116999041560474710 ),
 ( 0.000000000000000000, 1.000000000000000000 ),
 .UNSPECIFIED. ) 
 GEOMETRIC_REPRESENTATION_ITEM ( )  RATIONAL_B_SPLINE_SURFACE ( (
 ( 1.000000000000000000, 0.6411794687223781875, 1.000000000000000000),
 ( 1.000000000000000000, 0.6406246728299567206, 1.000000000000000000),
 ( 1.000000000000000000, 0.6545041186311162384, 1.000000000000000000),
 ( 1.000000000000000000, 0.6852809834408375433, 1.000000000000000000),
 ( 1.000000000000000000, 0.7014220286130838922, 1.000000000000000000),
 ( 1.000000000000000000, 0.7071067811865425767, 1.000000000000000000) ) ) 
 REPRESENTATION_ITEM ( '' )  SURFACE ( )  );
#4819 = ORIENTED_EDGE ( 'NONE', *, *, #1144, .T. ) ;
#4820 = FACE_OUTER_BOUND ( 'NONE', #1151, .T. ) ;
#4821 = CARTESIAN_POINT ( 'NONE',  ( 1.521338659520921510, 0.000000000000000000, 4.235035853808925665 ) ) ;
#4822 = CARTESIAN_POINT ( 'NONE',  ( -3.678942412079296176, 3.758195445285811509, -13.72999999999997200 ) ) ;
#4823 = CARTESIAN_POINT ( 'NONE',  ( 0.1989519857387739843, 32.00000000000000000, 1.944594947566258503 ) ) ;
#4824 = CARTESIAN_POINT ( 'NONE',  ( 0.8630917472011654379, 32.02262282566650953, -2.346289120273381545 ) ) ;
#4825 = AXIS2_PLACEMENT_3D ( 'NONE', #2447, #5958, #3079 ) ;
#4826 = AXIS2_PLACEMENT_3D ( 'NONE', #4989, #5773, #1128 ) ;
#4827 = AXIS2_PLACEMENT_3D ( 'NONE', #1129, #4532, #3422 ) ;
#4828 = CARTESIAN_POINT ( 'NONE',  ( 2.672041968326337003, 25.13102599099469359, 3.582816158064983991 ) ) ;
#4829 = CARTESIAN_POINT ( 'NONE',  ( -14.77931950149308449, 8.731717118015213330, -2.567071045496403414 ) ) ;
#4830 = ORIENTED_EDGE ( 'NONE', *, *, #4241, .F. ) ;
#4831 = DIRECTION ( 'NONE',  ( 0.000000000000000000, 0.000000000000000000, -1.000000000000000000 ) ) ;
#4832 = CARTESIAN_POINT ( 'NONE',  ( -14.74599999999996847, 12.27631363504083239, 3.951178791589317285 ) ) ;
#4833 = CARTESIAN_POINT ( 'NONE',  ( 2.761861682218200276, 25.20535430580786596, -3.866718742581851664 ) ) ;
#4834 = CARTESIAN_POINT ( 'NONE',  ( 0.7059301055514192180, 31.89631837659146996, 2.413262737747507547 ) ) ;
#4835 = CARTESIAN_POINT ( 'NONE',  ( 1.150982338402406047, 32.00000000000000000, 0.8077734511004858176 ) ) ;
#4836 = EDGE_CURVE ( 'NONE', #7105, #3784, #2964, .T. ) ;
#4837 = AXIS2_PLACEMENT_3D ( 'NONE', #3520, #2877, #2315 ) ;
#4838 = EDGE_CURVE ( 'NONE', #4216, #2642, #5328, .T. ) ;
#4839 = CARTESIAN_POINT ( 'NONE',  ( 3.068478155885799197, 0.000000000000000000, 3.625871179020524249 ) ) ;
#4840 = VERTEX_POINT ( 'NONE', #6411 ) ;
#4841 = CARTESIAN_POINT ( 'NONE',  ( 0.000000000000000000, 17.25000000000000000, 0.000000000000000000 ) ) ;
#4842 = CARTESIAN_POINT ( 'NONE',  ( -1.311753616059032242E-14, 11.42052877861913984, 13.47599999999996712 ) ) ;
#4843 = CARTESIAN_POINT ( 'NONE',  ( 1.971076213836494562, 25.49999996525561130, -4.323953405080278145 ) ) ;
#4844 = CARTESIAN_POINT ( 'NONE',  ( 12.99038105676655341, 10.20198030170750236, -7.499999999999983125 ) ) ;
#4845 = CARTESIAN_POINT ( 'NONE',  ( 1.759045820679649541, 31.94316324104784144, -1.783803147567580405 ) ) ;
#4846 = ORIENTED_EDGE ( 'NONE', *, *, #3165, .F. ) ;
#4847 = FACE_OUTER_BOUND ( 'NONE', #7420, .T. ) ;
#4848 = VERTEX_POINT ( 'NONE', #6446 ) ;
#4849 = CARTESIAN_POINT ( 'NONE',  ( 0.000000000000000000, 18.00000000000000355, 6.000000000000001776 ) ) ;
#4850 = CARTESIAN_POINT ( 'NONE',  ( 13.23624110756844097, 12.53981133748521337, 2.654161131454918277 ) ) ;
#4851 = DIRECTION ( 'NONE',  ( -1.000000000000000000, 0.000000000000000000, -0.000000000000000000 ) ) ;
#4852 = CARTESIAN_POINT ( 'NONE',  ( -4.482468775166350124E-15, 10.57994090512249485, 14.74599999999996491 ) ) ;
#4853 = CARTESIAN_POINT ( 'NONE',  ( 1.554918736392436829, 25.45487408547744224, -3.362597560408747022 ) ) ;
#4854 = CARTESIAN_POINT ( 'NONE',  ( 1.384288433864073298, 31.99999985614607922, 2.101052595021148051 ) ) ;
#4855 = DIRECTION ( 'NONE',  ( 0.000000000000000000, 1.000000000000000000, 0.000000000000000000 ) ) ;
#4856 = EDGE_CURVE ( 'NONE', #6487, #3069, #4609, .T. ) ;
#4857 = VERTEX_POINT ( 'NONE', #6364 ) ;
#4858 = DIRECTION ( 'NONE',  ( 0.000000000000000000, 0.000000000000000000, -1.000000000000000000 ) ) ;
#4859 = CARTESIAN_POINT ( 'NONE',  ( 0.000000000000000000, 30.25000000000000000, 0.000000000000000000 ) ) ;
#4860 = CARTESIAN_POINT ( 'NONE',  ( -11.89052879396031059, 4.393195445285811296, -6.864999999999997549 ) ) ;
#4861 = CARTESIAN_POINT ( 'NONE',  ( -3.610883317201788678, 4.198136350408307571, -13.47599999999997245 ) ) ;
#4862 = CARTESIAN_POINT ( 'NONE',  ( -4.428317981554192428, 24.43423101369556960, -0.5500000000000000444 ) ) ;
#4863 = AXIS2_PLACEMENT_3D ( 'NONE', #7309, #1709, #6172 ) ;
#4864 =( BOUNDED_CURVE ( )  B_SPLINE_CURVE ( 3, ( #6021, #4174, #6439, #3708 ),
 .UNSPECIFIED., .F., .T. ) 
 B_SPLINE_CURVE_WITH_KNOTS ( ( 4, 4 ),
 ( 4.712388980384686121, 6.283185307179586232 ),
 .UNSPECIFIED. ) 
 CURVE ( )  GEOMETRIC_REPRESENTATION_ITEM ( )  RATIONAL_B_SPLINE_CURVE ( ( 1.000000000000000000, 0.8047378541243641603, 0.8047378541243641603, 1.000000000000000000 ) ) 
 REPRESENTATION_ITEM ( '' )  );
#4865 = CARTESIAN_POINT ( 'NONE',  ( -2.260176690481193518, 31.78190486314652574, 0.5500000000000009326 ) ) ;
#4866 = B_SPLINE_CURVE_WITH_KNOTS ( 'NONE', 3,
 ( #7141, #3657, #5969, #3058, #6615, #7034, #4307 ),
 .UNSPECIFIED., .F., .F.,
 ( 4, 3, 4 ),
 ( 0.000000000000000000, 3.738448279959626892E-06, 7.038398537639258977E-05 ),
 .UNSPECIFIED. ) ;
#4867 = CARTESIAN_POINT ( 'NONE',  ( -15.12053751319865746, 8.855611144232351961, -0.3055240897185576010 ) ) ;
#4868 = ORIENTED_EDGE ( 'NONE', *, *, #2346, .F. ) ;
#4869 = CARTESIAN_POINT ( 'NONE',  ( 2.331344161715465102, 25.04098548791461099, -2.938006538020328406 ) ) ;
#4870 = CARTESIAN_POINT ( 'NONE',  ( -1.311753616059032242E-14, 7.414059094877517353, 13.47599999999996889 ) ) ;
#4871 = CARTESIAN_POINT ( 'NONE',  ( -10.79482120841063519, 6.349646968374166534, -10.79482120841064052 ) ) ;
#4872 = DIRECTION ( 'NONE',  ( 0.000000000000000000, 0.000000000000000000, -1.000000000000000000 ) ) ;
#4873 = CARTESIAN_POINT ( 'NONE',  ( -7.453514773719355446, 8.370303785894581239, -12.90986628304717598 ) ) ;
#4874 = B_SPLINE_CURVE_WITH_KNOTS ( 'NONE', 3,
 ( #1122, #2961, #115, #1866, #2929, #5728 ),
 .UNSPECIFIED., .F., .F.,
 ( 4, 2, 4 ),
 ( 0.000000000000000000, 0.0004063670613842345356, 0.0008127341227684690712 ),
 .UNSPECIFIED. ) ;
#4875 = CARTESIAN_POINT ( 'NONE',  ( 14.70723124467802734, 14.88514555227603964, 2.949127414929262336 ) ) ;
#4876 = CARTESIAN_POINT ( 'NONE',  ( 2.671670815612360528, 24.36828395492583255, -3.583224055000050257 ) ) ;
#4877 = CARTESIAN_POINT ( 'NONE',  ( 7.767764453609670383, 2.081686448508613729, -12.97688382491705106 ) ) ;
#4878 = ORIENTED_EDGE ( 'NONE', *, *, #6137, .F. ) ;
#4879 = EDGE_CURVE ( 'NONE', #2186, #5000, #3629, .T. ) ;
#4880 = CARTESIAN_POINT ( 'NONE',  ( 0.4154583366848560444, 32.00000000000000000, -1.819594947566261833 ) ) ;
#4881 = CARTESIAN_POINT ( 'NONE',  ( 13.47599999999996534, 7.398862111952477782, 3.610883317201823761 ) ) ;
#4882 = FACE_OUTER_BOUND ( 'NONE', #3601, .T. ) ;
#4883 = CARTESIAN_POINT ( 'NONE',  ( 4.019237886466824783, 8.906254540163329736, 14.99999999999996980 ) ) ;
#4884 = CARTESIAN_POINT ( 'NONE',  ( -6.864999999999999325, 7.244725761544184017, 11.89052879396031059 ) ) ;
#4885 = ORIENTED_EDGE ( 'NONE', *, *, #4241, .T. ) ;
#4886 = CYLINDRICAL_SURFACE ( 'NONE', #3269, 0.2500000000000000555 ) ;
#4887 = ORIENTED_EDGE ( 'NONE', *, *, #4314, .F. ) ;
#4888 = VERTEX_POINT ( 'NONE', #4773 ) ;
#4889 = CARTESIAN_POINT ( 'NONE',  ( -3.691360681029616675, 25.41533853840699564, 0.3732561789972372313 ) ) ;
#4890 = ADVANCED_FACE ( 'NONE', ( #5240 ), #1682, .F. ) ;
#4891 = CARTESIAN_POINT ( 'NONE',  ( -10.98076211353314058, 9.505000000000000782, 10.98076211353312992 ) ) ;
#4892 = EDGE_CURVE ( 'NONE', #5884, #5469, #2064, .T. ) ;
#4893 = CARTESIAN_POINT ( 'NONE',  ( 10.05105758792067050, 2.911528778619144386, -10.05105758792065451 ) ) ;
#4894 = CARTESIAN_POINT ( 'NONE',  ( -1.783544617532631715, 31.75000000000000000, -0.5500000000000000444 ) ) ;
#4895 = DIRECTION ( 'NONE',  ( -0.000000000000000000, -1.000000000000000000, -0.000000000000000000 ) ) ;
#4896 = ORIENTED_EDGE ( 'NONE', *, *, #8, .T. ) ;
#4897 = DIRECTION ( 'NONE',  ( -0.000000000000000000, -1.000000000000000000, -0.000000000000000000 ) ) ;
#4898 = CARTESIAN_POINT ( 'NONE',  ( -2.433305269872445553, 31.90325221641045061, -0.6014500654764609600 ) ) ;
#4899 = DIRECTION ( 'NONE',  ( -0.000000000000000000, -1.000000000000000000, -0.000000000000000000 ) ) ;
#4900 = DIRECTION ( 'NONE',  ( -0.09104463009115439098, 0.9832820049844602783, -0.1576939250741919707 ) ) ;
#4901 = PLANE ( 'NONE',  #380 ) ;
#4902 = CARTESIAN_POINT ( 'NONE',  ( -12.77041060420529739, 11.64131363504083438, -7.372999999999989562 ) ) ;
#4903 = CARTESIAN_POINT ( 'NONE',  ( 0.000000000000000000, 31.75000000000000000, -0.8000000000000000444 ) ) ;
#4904 = CARTESIAN_POINT ( 'NONE',  ( 0.1369973994647927518, 7.592782597000002021, -14.99982134390604394 ) ) ;
#4905 = ORIENTED_EDGE ( 'NONE', *, *, #3779, .F. ) ;
#4906 = CARTESIAN_POINT ( 'NONE',  ( 0.6537603462598751136, 31.78198060840269790, 2.232346135695904454 ) ) ;
#4907 = CARTESIAN_POINT ( 'NONE',  ( 11.75107311511843555, 13.50175530898293808, 6.784485226280623671 ) ) ;
#4908 = CARTESIAN_POINT ( 'NONE',  ( -3.689820984012677663, 25.45486940119461394, 0.3327259559394504240 ) ) ;
#4909 = FACE_OUTER_BOUND ( 'NONE', #3442, .T. ) ;
#4910 = CARTESIAN_POINT ( 'NONE',  ( 1.600375769420724570, 32.00000049174457217, -1.920624220834153295 ) ) ;
#4911 = LINE ( 'NONE', #4391, #2287 ) ;
#4912 = CARTESIAN_POINT ( 'NONE',  ( 13.89590029346480726, 1.563041857983740845, -5.648359808846104002 ) ) ;
#4913 = ORIENTED_EDGE ( 'NONE', *, *, #3127, .T. ) ;
#4914 = LINE ( 'NONE', #6541, #6980 ) ;
#4915 = CARTESIAN_POINT ( 'NONE',  ( 11.67055834139907411, 8.219803017074974960, -6.737999999999973788 ) ) ;
#4916 = CARTESIAN_POINT ( 'NONE',  ( 1.169072924223855781, 28.58685396501239495, 2.624893702508813931 ) ) ;
#4917 = CARTESIAN_POINT ( 'NONE',  ( 12.99038105676654986, 14.43531363504083664, 7.499999999999991118 ) ) ;
#4918 = CARTESIAN_POINT ( 'NONE',  ( 13.72999999999997200, 8.938059094877516486, 8.868362600661537896E-15 ) ) ;
#4919 = ORIENTED_EDGE ( 'NONE', *, *, #5053, .F. ) ;
#4920 = VERTEX_POINT ( 'NONE', #3794 ) ;
#4921 = CARTESIAN_POINT ( 'NONE',  ( 1.982865496367002489, 25.40973880238915683, -2.834423784282994685 ) ) ;
#4922 = AXIS2_PLACEMENT_3D ( 'NONE', #5779, #6418, #2904 ) ;
#4923 = CARTESIAN_POINT ( 'NONE',  ( 0.9168877568771724995, 31.97766877619272918, 2.330189261802807277 ) ) ;
#4924 = CARTESIAN_POINT ( 'NONE',  ( -12.99038105676655519, 9.293333333333333002, 7.499999999999979572 ) ) ;
#4925 = CARTESIAN_POINT ( 'NONE',  ( -11.89052879396031059, 4.393195445285811296, -6.864999999999997549 ) ) ;
#4926 = CARTESIAN_POINT ( 'NONE',  ( 1.657913903846744308, 25.45461152071272792, -3.320395336818272369 ) ) ;
#4927 =( BOUNDED_SURFACE ( )  B_SPLINE_SURFACE ( 3, 1, ( 
 ( #173, #7100 ),
 ( #2492, #3621 ),
 ( #2458, #1395 ),
 ( #4762, #1886 ) ),
 .UNSPECIFIED., .F., .F., .F. ) 
 B_SPLINE_SURFACE_WITH_KNOTS ( ( 4, 4 ),
 ( 2, 2 ),
 ( 0.000000000000000000, 1.000000000000000000 ),
 ( 0.000000000000000000, 1.000000000000000000 ),
 .UNSPECIFIED. ) 
 GEOMETRIC_REPRESENTATION_ITEM ( )  RATIONAL_B_SPLINE_SURFACE ( (
 ( 1.000000000000000000, 1.000000000000000000),
 ( 0.9981293039644412168, 0.9981293039644412168),
 ( 0.9981293039644412168, 0.9981293039644412168),
 ( 1.000000000000000000, 1.000000000000000000) ) ) 
 REPRESENTATION_ITEM ( '' )  SURFACE ( )  );
#4928 = CIRCLE ( 'NONE', #715, 13.50000000000000000 ) ;
#4929 = ORIENTED_EDGE ( 'NONE', *, *, #3817, .T. ) ;
#4930 = EDGE_CURVE ( 'NONE', #3250, #3250, #1704, .T. ) ;
#4931 = CARTESIAN_POINT ( 'NONE',  ( 0.000000000000000000, 16.00000000000000711, 0.000000000000000000 ) ) ;
#4932 = VERTEX_POINT ( 'NONE', #6598 ) ;
#4933 = EDGE_CURVE ( 'NONE', #4546, #4546, #2550, .T. ) ;
#4934 = FACE_OUTER_BOUND ( 'NONE', #4788, .T. ) ;
#4935 = CARTESIAN_POINT ( 'NONE',  ( 3.610883317201783349, 6.738136350408305830, 13.47599999999997600 ) ) ;
#4936 = CARTESIAN_POINT ( 'NONE',  ( 0.000000000000000000, 32.00000000000000000, 0.000000000000000000 ) ) ;
#4937 = AXIS2_PLACEMENT_3D ( 'NONE', #2823, #6189, #1583 ) ;
#4938 = AXIS2_PLACEMENT_3D ( 'NONE', #5168, #6863, #51 ) ;
#4939 = CONICAL_SURFACE ( 'NONE', #6758, 0.2540000136817892051, 1.047197720974541335 ) ;
#4940 = CARTESIAN_POINT ( 'NONE',  ( -2.658486461338928741, 9.996645492697767921, 14.76256430640920847 ) ) ;
#4941 = VERTEX_POINT ( 'NONE', #3186 ) ;
#4942 = CARTESIAN_POINT ( 'NONE',  ( -3.635794674885563182, 7.363421975649604434, 13.56897045256121004 ) ) ;
#4943 = DIRECTION ( 'NONE',  ( 0.1820892601823036194, 0.9832820049844609445, 0.000000000000000000 ) ) ;
#4944 = CARTESIAN_POINT ( 'NONE',  ( 1.973287711064364292, 24.00000000000000000, 4.322866294630409278 ) ) ;
#4945 = CARTESIAN_POINT ( 'NONE',  ( 14.74114837766835073, 14.48982781975174738, 2.775701473582119494 ) ) ;
#4946 = CARTESIAN_POINT ( 'NONE',  ( -4.428317965096905340, 25.00000000000000000, -0.5500000000000000444 ) ) ;
#4947 = CIRCLE ( 'NONE', #4472, 0.2500000000000006661 ) ;
#4948 = AXIS2_PLACEMENT_3D ( 'NONE', #7083, #156, #5953 ) ;
#4949 = AXIS2_PLACEMENT_3D ( 'NONE', #3128, #3730, #4350 ) ;
#4950 = CARTESIAN_POINT ( 'NONE',  ( -14.32874051509101143, 3.540297197877228186, -4.541169609005381247 ) ) ;
#4951 = ORIENTED_EDGE ( 'NONE', *, *, #5810, .F. ) ;
#4952 = VERTEX_POINT ( 'NONE', #6103 ) ;
#4953 = DIRECTION ( 'NONE',  ( 3.052344535003915238E-08, 0.9999999999999995559, 6.120627887004214552E-09 ) ) ;
#4954 = CARTESIAN_POINT ( 'NONE',  ( 1.146720213405935462E-14, 9.066469683741640750, -13.47599999999996889 ) ) ;
#4955 = EDGE_CURVE ( 'NONE', #3178, #3523, #1415, .T. ) ;
#4956 = CARTESIAN_POINT ( 'NONE',  ( 1.924101630062457602, 25.25000000000000000, -4.063607719173946364 ) ) ;
#4957 = DIRECTION ( 'NONE',  ( -1.734723475976807094E-15, 0.000000000000000000, -1.000000000000000000 ) ) ;
#4958 = CIRCLE ( 'NONE', #3978, 1.269999999999996909 ) ;
#4959 = EDGE_CURVE ( 'NONE', #602, #1284, #6408, .T. ) ;
#4960 = CIRCLE ( 'NONE', #6159, 5.916666666666619001 ) ;
#4961 = B_SPLINE_CURVE_WITH_KNOTS ( 'NONE', 3,
 ( #6066, #1528, #7161, #6592 ),
 .UNSPECIFIED., .F., .F.,
 ( 4, 4 ),
 ( 3.948876346260504202E-07, 0.0005304374488233738966 ),
 .UNSPECIFIED. ) ;
#4962 = DIRECTION ( 'NONE',  ( -0.4999999999999919509, 0.000000000000000000, 0.8660254037844432595 ) ) ;
#4963 = ORIENTED_EDGE ( 'NONE', *, *, #3451, .F. ) ;
#4964 = CARTESIAN_POINT ( 'NONE',  ( 2.447072304242476459, 25.00000000000000000, 3.138453560742577864 ) ) ;
#4965 = VERTEX_POINT ( 'NONE', #4292 ) ;
#4966 = CARTESIAN_POINT ( 'NONE',  ( 0.000000000000000000, 0.2499999999999993616, -15.99999999999996980 ) ) ;
#4967 = LINE ( 'NONE', #6129, #3988 ) ;
#4968 = AXIS2_PLACEMENT_3D ( 'NONE', #6942, #1231, #2365 ) ;
#4969 = CARTESIAN_POINT ( 'NONE',  ( -12.99038105676654986, 3.552607571789163199, -7.499999999999991118 ) ) ;
#4970 = CARTESIAN_POINT ( 'NONE',  ( 0.9978286624168924979, 32.02284278307601539, -2.296571548936924501 ) ) ;
#4971 = CARTESIAN_POINT ( 'NONE',  ( 0.9018637844021787364, 31.99361857213138549, -2.332958034702370842 ) ) ;
#4972 = CARTESIAN_POINT ( 'NONE',  ( -6.000000000000000000, 25.45710678118654968, 5.633817792092876095E-17 ) ) ;
#4973 = CARTESIAN_POINT ( 'NONE',  ( -1.520863999602968475, 31.79552231504558080, -0.3000000000000000444 ) ) ;
#4974 = CIRCLE ( 'NONE', #4374, 0.2499999999999998612 ) ;
#4975 = ORIENTED_EDGE ( 'NONE', *, *, #6740, .T. ) ;
#4976 = CARTESIAN_POINT ( 'NONE',  ( -4.739432689913659402, 25.50000000000000355, 0.3166666666666667074 ) ) ;
#4977 = ORIENTED_EDGE ( 'NONE', *, *, #7153, .T. ) ;
#4978 = CARTESIAN_POINT ( 'NONE',  ( -13.72999999999996668, 9.684862111952478259, -3.678942412079319269 ) ) ;
#4979 = CARTESIAN_POINT ( 'NONE',  ( 9.865116682798173997, 8.431469683741640964, -9.865116682798158010 ) ) ;
#4980 = EDGE_CURVE ( 'NONE', #5944, #2156, #3600, .T. ) ;
#4981 = CARTESIAN_POINT ( 'NONE',  ( 0.5006243786661596085, 31.79552231504558080, 1.467106859357375059 ) ) ;
#4982 =( BOUNDED_SURFACE ( )  B_SPLINE_SURFACE ( 3, 1, ( 
 ( #6593, #5538 ),
 ( #309, #7198 ),
 ( #2014, #555 ),
 ( #1638, #6178 ) ),
 .UNSPECIFIED., .F., .F., .T. ) 
 B_SPLINE_SURFACE_WITH_KNOTS ( ( 4, 4 ),
 ( 2, 2 ),
 ( 0.000000000000000000, 1.000000000000000000 ),
 ( 0.000000000000000000, 1.000000000000000000 ),
 .UNSPECIFIED. ) 
 GEOMETRIC_REPRESENTATION_ITEM ( )  RATIONAL_B_SPLINE_SURFACE ( (
 ( 1.000000000000000000, 1.000000000000000000),
 ( 0.9924384853131026363, 0.9924384853131026363),
 ( 0.9924384853131026363, 0.9924384853131026363),
 ( 1.000000000000000000, 1.000000000000000000) ) ) 
 REPRESENTATION_ITEM ( '' )  SURFACE ( )  );
#4983 = CARTESIAN_POINT ( 'NONE',  ( -12.23674451022062648, 9.367752855791065869, 8.675463956591773496 ) ) ;
#4984 = ORIENTED_EDGE ( 'NONE', *, *, #6428, .T. ) ;
#4985 = TOROIDAL_SURFACE ( 'NONE', #1722, 2.250000000000000444, 0.2500000000000000000 ) ;
#4986 = CARTESIAN_POINT ( 'NONE',  ( 0.000000000000000000, 17.00000000000000000, 0.000000000000000000 ) ) ;
#4987 = CARTESIAN_POINT ( 'NONE',  ( 9.933175777675661067, 8.210088642316268448, 9.933175777675678830 ) ) ;
#4988 = CARTESIAN_POINT ( 'NONE',  ( 12.77041060420530449, 4.867980301707500956, -7.372999999999980680 ) ) ;
#4989 = CARTESIAN_POINT ( 'NONE',  ( 2.504802053199713274, 24.00000000000000000, 3.738444419044704592 ) ) ;
#4990 = CARTESIAN_POINT ( 'NONE',  ( -2.209606671210030626, 31.92177851209913797, -0.6135004928284728543 ) ) ;
#4991 = CARTESIAN_POINT ( 'NONE',  ( 0.3586667192130830739, 32.25000000000000000, -2.221228980661139385 ) ) ;
#4992 = CARTESIAN_POINT ( 'NONE',  ( -7.496923146641912616, 2.943945792725301214, -13.00110463415846063 ) ) ;
#4993 = ORIENTED_EDGE ( 'NONE', *, *, #3447, .T. ) ;
#4994 = ORIENTED_EDGE ( 'NONE', *, *, #1199, .T. ) ;
#4995 = CARTESIAN_POINT ( 'NONE',  ( 3.068478155885799197, 24.50000000000000000, 3.625871179020524249 ) ) ;
#4996 = CARTESIAN_POINT ( 'NONE',  ( 12.77764832227437708, 12.58292954800934993, 4.820463904573494496 ) ) ;
#4997 = CARTESIAN_POINT ( 'NONE',  ( 1.967885746251691881, 25.20547095993337905, -4.325132442043699399 ) ) ;
#4998 = CARTESIAN_POINT ( 'NONE',  ( -4.739432689913659402, 24.00000000000000000, 0.3166666666666667074 ) ) ;
#4999 = CARTESIAN_POINT ( 'NONE',  ( 14.70723119991630945, 13.41867548515736175, 2.949127405953543501 ) ) ;
#5000 = VERTEX_POINT ( 'NONE', #4976 ) ;
#5001 = CARTESIAN_POINT ( 'NONE',  ( 0.1612077770969919110, 32.00000000000000000, 1.379220060507217127 ) ) ;
#5002 = ORIENTED_EDGE ( 'NONE', *, *, #4658, .T. ) ;
#5003 = VERTEX_POINT ( 'NONE', #516 ) ;
#5004 = LINE ( 'NONE', #4005, #7157 ) ;
#5005 = CARTESIAN_POINT ( 'NONE',  ( 10.98076211353313170, 10.77500000000000036, 10.98076211353313703 ) ) ;
#5006 = CARTESIAN_POINT ( 'NONE',  ( 10.05105758792067050, 7.991528778619144013, -10.05105758792065451 ) ) ;
#5007 = CARTESIAN_POINT ( 'NONE',  ( 1.434319203851778246, 32.00000000000000000, 0.8843137353430077230 ) ) ;
#5008 = FACE_OUTER_BOUND ( 'NONE', #773, .T. ) ;
#5009 = CARTESIAN_POINT ( 'NONE',  ( 1.620094616491305706, 31.88631336310443487, -1.625221809074981705 ) ) ;
#5010 = ORIENTED_EDGE ( 'NONE', *, *, #3457, .T. ) ;
#5011 = CARTESIAN_POINT ( 'NONE',  ( -2.504179498753885014, 31.97743070672902377, -4.592425496802574958E-16 ) ) ;
#5012 = EDGE_LOOP ( 'NONE', ( #2888 ) ) ;
#5013 = CARTESIAN_POINT ( 'NONE',  ( -4.714782025971556934, 25.44931955175317029, -0.5858691380415931294 ) ) ;
#5014 = DIRECTION ( 'NONE',  ( -0.000000000000000000, -1.000000000000000000, -0.000000000000000000 ) ) ;
#5015 = CARTESIAN_POINT ( 'NONE',  ( 1.607904173665416936, 31.84131709439716573, -1.650422851056678075 ) ) ;
#5016 = CARTESIAN_POINT ( 'NONE',  ( 14.70723730674942509, 11.25055938711616932, 2.949096607938945347 ) ) ;
#5017 = DIRECTION ( 'NONE',  ( -0.000000000000000000, -1.000000000000000000, -0.000000000000000000 ) ) ;
#5018 = CARTESIAN_POINT ( 'NONE',  ( -3.635794674885563182, 12.44342197564960095, 13.56897045256121004 ) ) ;
#5019 = CARTESIAN_POINT ( 'NONE',  ( -3.883177796878311216, 25.24373902360522592, 0.5499999999994035216 ) ) ;
#5020 = EDGE_CURVE ( 'NONE', #6150, #3227, #6717, .T. ) ;
#5021 = CARTESIAN_POINT ( 'NONE',  ( 1.559559217908345730, 31.97766877619273629, -1.959142720775968849 ) ) ;
#5022 = CARTESIAN_POINT ( 'NONE',  ( -2.455119096088929531, 32.09355210119237967, -0.4744420503104393450 ) ) ;
#5023 = DIRECTION ( 'NONE',  ( 0.4999999999999919509, 0.000000000000000000, -0.8660254037844432595 ) ) ;
#5024 = EDGE_CURVE ( 'NONE', #371, #371, #2673, .T. ) ;
#5025 = ADVANCED_FACE ( 'NONE', ( #228, #4820 ), #1820, .F. ) ;
#5026 = CARTESIAN_POINT ( 'NONE',  ( -9.887866163711599654, 4.479069535964050885, 11.32094353121847519 ) ) ;
#5027 = ORIENTED_EDGE ( 'NONE', *, *, #3680, .T. ) ;
#5028 = ORIENTED_EDGE ( 'NONE', *, *, #1238, .F. ) ;
#5029 = CARTESIAN_POINT ( 'NONE',  ( 1.766788825810480912, 24.36897400900530641, 4.105464303581205954 ) ) ;
#5030 = CARTESIAN_POINT ( 'NONE',  ( 3.610883317201783349, 6.738136350408305830, 13.47599999999997600 ) ) ;
#5031 = EDGE_CURVE ( 'NONE', #527, #2727, #4417, .T. ) ;
#5032 = CARTESIAN_POINT ( 'NONE',  ( -3.749999997376924910, 25.24999999999828759, 0.1145523546351796124 ) ) ;
#5033 = DIRECTION ( 'NONE',  ( 0.5000000000000039968, 0.000000000000000000, 0.8660254037844363761 ) ) ;
#5034 = CARTESIAN_POINT ( 'NONE',  ( 10.98076211353313525, 10.59958787349666309, -10.98076211353313525 ) ) ;
#5035 = CARTESIAN_POINT ( 'NONE',  ( -0.4763139720814438260, 24.50000000000000000, -0.2749999999999955813 ) ) ;
#5036 = DIRECTION ( 'NONE',  ( 0.8660254037844433705, -0.000000000000000000, 0.4999999999999918954 ) ) ;
#5037 = CARTESIAN_POINT ( 'NONE',  ( -4.729607501474432318, 25.20535430580764924, -0.4584830072489531338 ) ) ;
#5038 = ORIENTED_EDGE ( 'NONE', *, *, #5927, .T. ) ;
#5039 = DIRECTION ( 'NONE',  ( 0.000000000000000000, 0.000000000000000000, 1.000000000000000000 ) ) ;
#5040 = CARTESIAN_POINT ( 'NONE',  ( 12.90986628304717598, 2.020303785894581594, -7.453514773719358999 ) ) ;
#5041 = CARTESIAN_POINT ( 'NONE',  ( -3.678942412079296176, 8.838195445285812468, -13.72999999999997200 ) ) ;
#5042 = FACE_BOUND ( 'NONE', #4206, .T. ) ;
#5043 = CARTESIAN_POINT ( 'NONE',  ( 14.99999999999996625, 1.339320008594557576, 0.0003046869315062968237 ) ) ;
#5044 = LINE ( 'NONE', #6244, #1690 ) ;
#5045 = B_SPLINE_CURVE_WITH_KNOTS ( 'NONE', 3,
 ( #3541, #2377, #7065, #2908, #1317, #5933 ),
 .UNSPECIFIED., .F., .F.,
 ( 4, 2, 4 ),
 ( 0.0001220441349826426568, 0.0003862386172766852895, 0.0006504330995707279222 ),
 .UNSPECIFIED. ) ;
#5046 = ORIENTED_EDGE ( 'NONE', *, *, #8, .F. ) ;
#5047 = CARTESIAN_POINT ( 'NONE',  ( -2.156052608492577960, 31.99173094480054758, -0.7239529866866218910 ) ) ;
#5048 = ORIENTED_EDGE ( 'NONE', *, *, #3773, .F. ) ;
#5049 = CARTESIAN_POINT ( 'NONE',  ( -2.494884717839878530, 31.97751036993874152, -0.2483899028059177727 ) ) ;
#5050 = CYLINDRICAL_SURFACE ( 'NONE', #5670, 0.2499999999999995559 ) ;
#5051 = ADVANCED_FACE ( 'NONE', ( #3715, #3221 ), #1948, .T. ) ;
#5052 = AXIS2_PLACEMENT_3D ( 'NONE', #6734, #3916, #6230 ) ;
#5053 = EDGE_CURVE ( 'NONE', #5003, #5003, #7132, .T. ) ;
#5054 = EDGE_CURVE ( 'NONE', #5831, #2355, #2900, .T. ) ;
#5055 = AXIS2_PLACEMENT_3D ( 'NONE', #5257, #136, #4729 ) ;
#5056 = CARTESIAN_POINT ( 'NONE',  ( -2.583170139375428054, 10.00079922574034264, 14.77590041120669717 ) ) ;
#5057 = CARTESIAN_POINT ( 'NONE',  ( -13.47599999999997600, 5.468136350408305368, 3.610883317201784237 ) ) ;
#5058 = CARTESIAN_POINT ( 'NONE',  ( -2.463922979654544321, 32.02262672620886264, 0.4231826441742314038 ) ) ;
#5059 = FACE_OUTER_BOUND ( 'NONE', #986, .T. ) ;
#5060 = CARTESIAN_POINT ( 'NONE',  ( 14.81845831661015822, 11.79191779567839404, 1.102531743283236443 ) ) ;
#5061 = CARTESIAN_POINT ( 'NONE',  ( 0.000000000000000000, 25.50000000000000355, 0.000000000000000000 ) ) ;
#5062 = CARTESIAN_POINT ( 'NONE',  ( 2.671623986576936449, 24.36815153150211444, 3.583280421332524224 ) ) ;
#5063 = VECTOR ( 'NONE', #868, 1000.000000000000000 ) ;
#5064 = AXIS2_PLACEMENT_3D ( 'NONE', #6256, #1086, #3383 ) ;
#5065 = CARTESIAN_POINT ( 'NONE',  ( -0.0006136263482802572101, 2.520032319723805703, -14.99999999327623534 ) ) ;
#5066 = ORIENTED_EDGE ( 'NONE', *, *, #6740, .F. ) ;
#5067 = EDGE_LOOP ( 'NONE', ( #1185, #49, #6252, #2735 ) ) ;
#5068 = CARTESIAN_POINT ( 'NONE',  ( 2.095474967091778051, 24.25000000000000000, 4.262802442324971075 ) ) ;
#5069 = DIRECTION ( 'NONE',  ( -0.4999999999999920619, -5.374305534199887149E-15, 0.8660254037844432595 ) ) ;
#5070 = CARTESIAN_POINT ( 'NONE',  ( 1.303260983927293060, 24.50000000000000000, 2.857314239684248580 ) ) ;
#5071 = EDGE_CURVE ( 'NONE', #2727, #1808, #5991, .T. ) ;
#5072 = AXIS2_PLACEMENT_3D ( 'NONE', #4991, #5556, #3344 ) ;
#5073 =( GEOMETRIC_REPRESENTATION_CONTEXT ( 3 ) GLOBAL_UNCERTAINTY_ASSIGNED_CONTEXT ( ( #2631 ) ) GLOBAL_UNIT_ASSIGNED_CONTEXT ( ( #5163, #1008, #3905 ) ) REPRESENTATION_CONTEXT ( 'NONE', 'WORKASPACE' ) );
#5074 = CARTESIAN_POINT ( 'NONE',  ( 2.134635541821273907, 25.45487408547744224, -3.027897906740667722 ) ) ;
#5075 = CARTESIAN_POINT ( 'NONE',  ( 12.99038105676654808, 14.62125454016332782, 7.499999999999991118 ) ) ;
#5076 = DIRECTION ( 'NONE',  ( 0.000000000000000000, 1.000000000000000000, 0.000000000000000000 ) ) ;
#5077 = CARTESIAN_POINT ( 'NONE',  ( 0.4567590970726421173, 31.99011754388531159, -2.229221042039868372 ) ) ;
#5078 = CIRCLE ( 'NONE', #3369, 0.2500000000000001110 ) ;
#5079 = CARTESIAN_POINT ( 'NONE',  ( -4.438788853166785842, 25.13083000848441273, -0.5227706404698573284 ) ) ;
#5080 = EDGE_LOOP ( 'NONE', ( #6752, #6071, #5506, #5225 ) ) ;
#5081 = VERTEX_POINT ( 'NONE', #2085 ) ;
#5082 = LINE ( 'NONE', #6784, #2339 ) ;
#5083 = ORIENTED_EDGE ( 'NONE', *, *, #1651, .T. ) ;
#5084 = CARTESIAN_POINT ( 'NONE',  ( -7.453514773719368769, 4.983637119227916301, 12.90986628304717243 ) ) ;
#5085 = CARTESIAN_POINT ( 'NONE',  ( 1.664986631322523447, 25.26784911798275246, -4.449740317994924865 ) ) ;
#5086 = AXIS2_PLACEMENT_3D ( 'NONE', #4795, #942, #4306 ) ;
#5087 = CARTESIAN_POINT ( 'NONE',  ( 3.021094839966171897, 25.26784911798275246, 3.666790878684255794 ) ) ;
#5088 = CARTESIAN_POINT ( 'NONE',  ( 2.676604605143670608E-15, 5.714646968374166747, -14.74599999999996491 ) ) ;
#5089 = CARTESIAN_POINT ( 'NONE',  ( -2.454581920095604719, 32.09787977043659168, -0.4775696839510935043 ) ) ;
#5090 = ORIENTED_EDGE ( 'NONE', *, *, #5583, .F. ) ;
#5091 = VECTOR ( 'NONE', #7200, 999.9999999999998863 ) ;
#5092 = CARTESIAN_POINT ( 'NONE',  ( 0.3777141280430830750, 32.00000000000000000, -1.254220060507220902 ) ) ;
#5093 = ORIENTED_EDGE ( 'NONE', *, *, #6448, .F. ) ;
#5094 = CARTESIAN_POINT ( 'NONE',  ( -13.47599999999996356, 10.12480301707497432, -3.610883317201815323 ) ) ;
#5095 = SURFACE_SIDE_STYLE ('',( #2848 ) ) ;
#5096 = EDGE_LOOP ( 'NONE', ( #2547, #3818, #2099, #2938 ) ) ;
#5097 = CARTESIAN_POINT ( 'NONE',  ( 8.454612724712173843, 10.62327030909668046, 12.39030007869165217 ) ) ;
#5098 = CARTESIAN_POINT ( 'NONE',  ( 2.333664711512272838, 25.32907009483792393, -2.942025848169921076 ) ) ;
#5099 = CARTESIAN_POINT ( 'NONE',  ( -13.72999999999997200, 11.47805909487751741, -1.054980265589084946E-14 ) ) ;
#5100 = CARTESIAN_POINT ( 'NONE',  ( 0.9168877568772976216, 31.97766877619274339, -2.330189261802765088 ) ) ;
#5101 = CARTESIAN_POINT ( 'NONE',  ( 0.8973293703137493749, 31.75000000000000000, -0.9542200605072255204 ) ) ;
#5102 = CARTESIAN_POINT ( 'NONE',  ( -13.47599999999997600, 11.24978485642168913, 3.610883317201784237 ) ) ;
#5103 = CARTESIAN_POINT ( 'NONE',  ( -0.001888021447740232620, 2.520099474887990354, -14.99999992420521799 ) ) ;
#5104 = EDGE_LOOP ( 'NONE', ( #350, #4283, #6333, #4418 ) ) ;
#5105 = EDGE_LOOP ( 'NONE', ( #7036, #5841, #1472, #4319 ) ) ;
#5106 = CARTESIAN_POINT ( 'NONE',  ( 1.395804274366009068, 31.75000000000000000, -1.817603920623778624 ) ) ;
#5107 = CARTESIAN_POINT ( 'NONE',  ( 13.47599999999996889, 3.418118189755022129, 1.064203512079387072E-14 ) ) ;
#5108 = CARTESIAN_POINT ( 'NONE',  ( -3.957954263291591168, 25.25000000000000000, -5.043990431826353084E-16 ) ) ;
#5109 = CARTESIAN_POINT ( 'NONE',  ( -4.438998466887706051, 25.13171604507416745, 0.5221227693698117234 ) ) ;
#5110 = CARTESIAN_POINT ( 'NONE',  ( -5.916666666666667851, 24.27859547920896688, -5.673368579683220943E-19 ) ) ;
#5111 = CARTESIAN_POINT ( 'NONE',  ( 3.678942412079291291, 12.95972576154418476, 13.72999999999997556 ) ) ;
#5112 =( BOUNDED_SURFACE ( )  B_SPLINE_SURFACE ( 3, 2, ( 
 ( #7051, #4213, #1867 ),
 ( #4138, #4177, #3597 ),
 ( #6513, #752, #3042 ),
 ( #5351, #1344, #781 ),
 ( #3074, #1945, #266 ),
 ( #1495, #2089, #4894 ) ),
 .UNSPECIFIED., .F., .F., .T. ) 
 B_SPLINE_SURFACE_WITH_KNOTS ( ( 4, 2, 4 ),
 ( 3, 3 ),
 ( 3.141592653589793116, 3.926990816987241395, 4.712388980384689674 ),
 ( 0.000000000000000000, 1.000000000000000000 ),
 .UNSPECIFIED. ) 
 GEOMETRIC_REPRESENTATION_ITEM ( )  RATIONAL_B_SPLINE_SURFACE ( (
 ( 1.000000000000000000, 0.7687942703292982571, 1.000000000000000000),
 ( 1.000000000000000000, 0.7688833480577332846, 1.000000000000000000),
 ( 1.000000000000000000, 0.7624685499305910996, 1.000000000000000000),
 ( 1.000000000000000000, 0.7400337300384872696, 1.000000000000000000),
 ( 1.000000000000000000, 0.7240319495158330509, 1.000000000000000000),
 ( 1.000000000000000000, 0.7071067811865475727, 1.000000000000000000) ) ) 
 REPRESENTATION_ITEM ( '' )  SURFACE ( )  );
#5113 = EDGE_CURVE ( 'NONE', #2791, #5831, #5805, .T. ) ;
#5114 = CARTESIAN_POINT ( 'NONE',  ( 0.3985185769034259584, 32.25000000000000000, -2.468032200734599169 ) ) ;
#5115 = CARTESIAN_POINT ( 'NONE',  ( 1.702182504520900252, 31.99011754388521922, 1.510175502494632838 ) ) ;
#5116 = VERTEX_POINT ( 'NONE', #1462 ) ;
#5117 = CARTESIAN_POINT ( 'NONE',  ( 0.000000000000000000, 16.00000000000000711, -14.99999999999996803 ) ) ;
#5118 = DIRECTION ( 'NONE',  ( 0.000000000000000000, 0.000000000000000000, -1.000000000000000000 ) ) ;
#5119 = CARTESIAN_POINT ( 'NONE',  ( -11.89052879396032480, 10.31986211195247805, 6.864999999999974456 ) ) ;
#5120 = CARTESIAN_POINT ( 'NONE',  ( 7.499999999999973355, 10.74927423845583085, 12.99038105676655874 ) ) ;
#5121 = CARTESIAN_POINT ( 'NONE',  ( 1.303260983927292838, 24.25000000000000000, 2.857314239684248580 ) ) ;
#5122 = FACE_OUTER_BOUND ( 'NONE', #1534, .T. ) ;
#5123 = CARTESIAN_POINT ( 'NONE',  ( 10.79482120841063519, 8.889646968374167457, 10.79482120841064408 ) ) ;
#5124 = CARTESIAN_POINT ( 'NONE',  ( 2.690472954629861135, 0.000000000000000000, -3.560035853808956041 ) ) ;
#5125 = ORIENTED_EDGE ( 'NONE', *, *, #1883, .T. ) ;
#5126 = EDGE_CURVE ( 'NONE', #1404, #5866, #2425, .T. ) ;
#5127 = FACE_OUTER_BOUND ( 'NONE', #2858, .T. ) ;
#5128 = ORIENTED_EDGE ( 'NONE', *, *, #2843, .F. ) ;
#5129 = ADVANCED_FACE ( 'NONE', ( #5127 ), #1492, .T. ) ;
#5130 = ORIENTED_EDGE ( 'NONE', *, *, #6345, .T. ) ;
#5131 = CARTESIAN_POINT ( 'NONE',  ( -2.460515426982965437, 31.88938372160084711, -0.5861348679485205437 ) ) ;
#5132 = EDGE_CURVE ( 'NONE', #1539, #4536, #6856, .T. ) ;
#5133 = ORIENTED_EDGE ( 'NONE', *, *, #4791, .F. ) ;
#5134 = CARTESIAN_POINT ( 'NONE',  ( 0.7226500278042384817, 31.88938372160084711, 2.423936300145020706 ) ) ;
#5135 = CARTESIAN_POINT ( 'NONE',  ( -2.233260202834125074, 31.84131709439716573, 0.5672744357169592355 ) ) ;
#5136 = CARTESIAN_POINT ( 'NONE',  ( -6.737999999999972012, 9.489803017074974534, -11.67055834139907411 ) ) ;
#5137 = CARTESIAN_POINT ( 'NONE',  ( -3.678942412079296176, 10.41972576154418384, -13.72999999999997200 ) ) ;
#5138 = DIRECTION ( 'NONE',  ( 0.000000000000000000, 0.000000000000000000, -1.000000000000000000 ) ) ;
#5139 = CARTESIAN_POINT ( 'NONE',  ( -13.47599999999996356, 10.82645152308835357, -3.610883317201815323 ) ) ;
#5140 = CARTESIAN_POINT ( 'NONE',  ( 11.72663014186885100, 6.873506698821910454, -9.353402953918456220 ) ) ;
#5141 = ORIENTED_EDGE ( 'NONE', *, *, #6360, .F. ) ;
#5142 = VERTEX_POINT ( 'NONE', #2274 ) ;
#5143 = CARTESIAN_POINT ( 'NONE',  ( 1.704987981862528867, 31.99173094480054758, 1.505219837506956537 ) ) ;
#5144 = CARTESIAN_POINT ( 'NONE',  ( 3.951178791589316397, 13.54631363504083197, 14.74599999999996847 ) ) ;
#5145 = DIRECTION ( 'NONE',  ( 0.000000000000000000, 1.000000000000000000, -0.000000000000000000 ) ) ;
#5146 = CARTESIAN_POINT ( 'NONE',  ( 1.856066881022708559, 25.45447768495442631, -3.214802140177298373 ) ) ;
#5147 = CARTESIAN_POINT ( 'NONE',  ( 13.72999999999996312, 7.144862111952477335, 3.678942412079326818 ) ) ;
#5148 = DIRECTION ( 'NONE',  ( -0.4999999999999920619, -4.336808689941944766E-16, 0.8660254037844432595 ) ) ;
#5149 = CARTESIAN_POINT ( 'NONE',  ( 0.1989519857387462565, 31.75000000000000000, -1.944594947566260279 ) ) ;
#5150 = EDGE_LOOP ( 'NONE', ( #3093 ) ) ;
#5151 = DIRECTION ( 'NONE',  ( -0.09104463009115218441, 0.9832820049844601673, 0.1576939250741932197 ) ) ;
#5152 = CARTESIAN_POINT ( 'NONE',  ( -6.784485226280597914, 9.142832564513724947, -11.75107311511845154 ) ) ;
#5153 = CARTESIAN_POINT ( 'NONE',  ( 4.019237886466834553, 7.574274238455827479, -14.99999999999996447 ) ) ;
#5154 = CARTESIAN_POINT ( 'NONE',  ( 0.6375217491784163082, 31.75000000000000000, -1.104220060507222989 ) ) ;
#5155 = CARTESIAN_POINT ( 'NONE',  ( 7.453514773719350117, 13.85095075426874445, 12.90986628304717954 ) ) ;
#5156 = CARTESIAN_POINT ( 'NONE',  ( 1.465342801191264810, 25.24375365629812507, 3.638048182168958089 ) ) ;
#5157 = EDGE_LOOP ( 'NONE', ( #4119, #3552, #897 ) ) ;
#5158 = DIRECTION ( 'NONE',  ( 0.000000000000000000, 1.000000000000000000, 0.000000000000000000 ) ) ;
#5159 = PRODUCT_DEFINITION_FORMATION_WITH_SPECIFIED_SOURCE ( 'Symmetric', '', #1028, .NOT_KNOWN. ) ;
#5160 = ORIENTED_EDGE ( 'NONE', *, *, #2148, .T. ) ;
#5161 = ORIENTED_EDGE ( 'NONE', *, *, #6494, .T. ) ;
#5162 = CARTESIAN_POINT ( 'NONE',  ( 0.3586667192131141602, 32.00000000000000000, 2.221228980661134500 ) ) ;
#5163 =( LENGTH_UNIT ( ) NAMED_UNIT ( * ) SI_UNIT ( .MILLI., .METRE. ) );
#5164 = DIRECTION ( 'NONE',  ( 0.000000000000000000, 0.000000000000000000, -1.000000000000000000 ) ) ;
#5165 = EDGE_CURVE ( 'NONE', #5884, #1172, #3957, .T. ) ;
#5166 = ORIENTED_EDGE ( 'NONE', *, *, #3184, .F. ) ;
#5167 = EDGE_CURVE ( 'NONE', #4551, #109, #6285, .T. ) ;
#5168 = CARTESIAN_POINT ( 'NONE',  ( 1.822876226197954752, 24.50000000000000000, 2.557314239684246093 ) ) ;
#5169 = CIRCLE ( 'NONE', #5768, 0.2499999999999998612 ) ;
#5170 = CARTESIAN_POINT ( 'NONE',  ( -3.610883317201788678, 9.979784856421689554, -13.47599999999997245 ) ) ;
#5171 = CARTESIAN_POINT ( 'NONE',  ( 9.709082628276193679E-15, 10.20805909487751784, -13.72999999999997200 ) ) ;
#5172 = CARTESIAN_POINT ( 'NONE',  ( 13.72999999999997200, 3.858059094877518191, 8.868362600661539474E-15 ) ) ;
#5173 = CARTESIAN_POINT ( 'NONE',  ( -11.67055834139907411, 6.381451523088355060, 6.737999999999971124 ) ) ;
#5174 = CIRCLE ( 'NONE', #5653, 0.2500000000000001110 ) ;
#5175 = CIRCLE ( 'NONE', #5558, 5.000000000000000000 ) ;
#5176 = CARTESIAN_POINT ( 'NONE',  ( 8.277016735610200016, 5.531821523342322244, 12.50965398576109067 ) ) ;
#5177 = ORIENTED_EDGE ( 'NONE', *, *, #1191, .F. ) ;
#5178 = EDGE_LOOP ( 'NONE', ( #1723, #6349, #3974, #2019, #3903 ) ) ;
#5179 = CARTESIAN_POINT ( 'NONE',  ( 3.444737489064396474, 1.372053744518438645, -6.566460349796912510 ) ) ;
#5180 = CARTESIAN_POINT ( 'NONE',  ( 6.737999999999995993, 9.344784856421687991, -11.67055834139906345 ) ) ;
#5181 = EDGE_CURVE ( 'NONE', #3975, #4310, #3144, .T. ) ;
#5182 = CARTESIAN_POINT ( 'NONE',  ( -4.019237886466843435, 8.482921206829992400, 14.99999999999996092 ) ) ;
#5183 = CARTESIAN_POINT ( 'NONE',  ( 2.417902870520628245, 25.24373902360582989, 3.087930619508185703 ) ) ;
#5184 = CARTESIAN_POINT ( 'NONE',  ( 11.89052879396032303, 7.779862111952478010, -6.864999999999977121 ) ) ;
#5185 = TOROIDAL_SURFACE ( 'NONE', #1914, 6.000000000000000000, 0.2500000000000000000 ) ;
#5186 = PLANE ( 'NONE',  #6503 ) ;
#5187 = EDGE_CURVE ( 'NONE', #5081, #5081, #3986, .T. ) ;
#5188 = CARTESIAN_POINT ( 'NONE',  ( -4.686081471288718880, 24.23215088201724399, -0.7829494393106379846 ) ) ;
#5189 = ORIENTED_EDGE ( 'NONE', *, *, #600, .F. ) ;
#5190 = DIRECTION ( 'NONE',  ( -0.5000000000000041078, -1.502314598737154101E-15, -0.8660254037844363761 ) ) ;
#5191 = CARTESIAN_POINT ( 'NONE',  ( -11.75107311511843555, 4.486165897847059547, -6.784485226280620118 ) ) ;
#5192 = TOROIDAL_SURFACE ( 'NONE', #3965, 6.000000000000001776, 0.2500000000000000000 ) ;
#5193 = CARTESIAN_POINT ( 'NONE',  ( -3.387586103372675208E-15, 10.48697045256124838, 14.90702954743872155 ) ) ;
#5194 = FACE_OUTER_BOUND ( 'NONE', #6874, .T. ) ;
#5195 = CARTESIAN_POINT ( 'NONE',  ( 14.90702954743872155, 9.617617420935411943, 6.492092003628005799E-16 ) ) ;
#5196 = DIRECTION ( 'NONE',  ( -1.000000000000000000, 0.000000000000000000, -0.000000000000000000 ) ) ;
#5197 = AXIS2_PLACEMENT_3D ( 'NONE', #4672, #673, #3672 ) ;
#5198 = ORIENTED_EDGE ( 'NONE', *, *, #6797, .T. ) ;
#5199 = CARTESIAN_POINT ( 'NONE',  ( 2.039382577144063902, 24.25000000000000000, 2.432314239684245205 ) ) ;
#5200 = ORIENTED_EDGE ( 'NONE', *, *, #6794, .F. ) ;
#5201 = CARTESIAN_POINT ( 'NONE',  ( 0.000000000000000000, 25.25000000000000000, 0.000000000000000000 ) ) ;
#5202 = CIRCLE ( 'NONE', #3622, 0.2500000000000002220 ) ;
#5203 = ORIENTED_EDGE ( 'NONE', *, *, #4650, .T. ) ;
#5204 = CARTESIAN_POINT ( 'NONE',  ( -3.529433465346047072, 25.18995545337767084, -0.5500000000000000444 ) ) ;
#5205 = CARTESIAN_POINT ( 'NONE',  ( -3.689820984012683880, 25.45486940119457842, -0.3327259559394480926 ) ) ;
#5206 = CARTESIAN_POINT ( 'NONE',  ( 0.1989519857387462565, 32.00000000000000000, -1.944594947566260279 ) ) ;
#5207 = CIRCLE ( 'NONE', #3385, 0.2500000000000014433 ) ;
#5208 = ORIENTED_EDGE ( 'NONE', *, *, #4236, .T. ) ;
#5209 = CARTESIAN_POINT ( 'NONE',  ( 0.7674306736971626686, 31.78990666390663122, 2.429228918130273751 ) ) ;
#5210 = EDGE_CURVE ( 'NONE', #1809, #4445, #3499, .T. ) ;
#5211 = CARTESIAN_POINT ( 'NONE',  ( 13.47599999999996889, 8.498118189755023977, 1.064203512079386914E-14 ) ) ;
#5212 = CARTESIAN_POINT ( 'NONE',  ( 13.72999999999996312, 8.726392428210852259, 3.678942412079326818 ) ) ;
#5213 = CARTESIAN_POINT ( 'NONE',  ( 3.678942412079318824, 4.916392428210851762, -13.72999999999996668 ) ) ;
#5214 = EDGE_CURVE ( 'NONE', #6884, #1591, #4486, .T. ) ;
#5215 = CARTESIAN_POINT ( 'NONE',  ( -1.957961612988258882, 4.956804571244523672, 14.89987990751255431 ) ) ;
#5216 = ORIENTED_EDGE ( 'NONE', *, *, #6797, .F. ) ;
#5217 = ORIENTED_EDGE ( 'NONE', *, *, #6767, .F. ) ;
#5218 = CARTESIAN_POINT ( 'NONE',  ( 0.9168877568771724995, 31.97766877619272918, 2.330189261802807277 ) ) ;
#5219 = DIRECTION ( 'NONE',  ( -0.09104463009115439098, 0.9832820049844601673, -0.1576939250741919984 ) ) ;
#5220 = DIRECTION ( 'NONE',  ( -1.000000000000000000, 0.000000000000000000, -9.588791965661763379E-20 ) ) ;
#5221 = CARTESIAN_POINT ( 'NONE',  ( -6.864999999999974456, 3.969862111952477957, -11.89052879396032303 ) ) ;
#5222 = ADVANCED_FACE ( 'NONE', ( #1117, #558 ), #625, .T. ) ;
#5223 = DIRECTION ( 'NONE',  ( 0.000000000000000000, 0.000000000000000000, 1.000000000000000000 ) ) ;
#5224 = CARTESIAN_POINT ( 'NONE',  ( 1.560256553802889412, 31.97879113482694891, -1.958324566778665288 ) ) ;
#5225 = ORIENTED_EDGE ( 'NONE', *, *, #6694, .F. ) ;
#5226 = CARTESIAN_POINT ( 'NONE',  ( -4.482468775166353279E-15, 5.499940905122495671, 14.74599999999996491 ) ) ;
#5227 = CARTESIAN_POINT ( 'NONE',  ( -3.678942412079325486, 10.95486211195247783, 13.72999999999996312 ) ) ;
#5228 = CARTESIAN_POINT ( 'NONE',  ( -12.77041060420530627, 4.653274238455828993, 7.372999999999977128 ) ) ;
#5229 = CARTESIAN_POINT ( 'NONE',  ( 0.6072608021747792906, 31.87175867028613752, 2.213736745318861221 ) ) ;
#5230 = CARTESIAN_POINT ( 'NONE',  ( -10.91270301865563397, 7.712617420935412582, 10.91270301865562331 ) ) ;
#5231 = CARTESIAN_POINT ( 'NONE',  ( 14.12613205331770061, 14.24967513514986273, 2.832604085179204034 ) ) ;
#5232 = VERTEX_POINT ( 'NONE', #5092 ) ;
#5233 = VERTEX_POINT ( 'NONE', #7453 ) ;
#5234 = CARTESIAN_POINT ( 'NONE',  ( 1.613686410386517167, 31.87212313210237369, -1.632582539455117221 ) ) ;
#5235 = EDGE_LOOP ( 'NONE', ( #5356, #548, #4612, #4711 ) ) ;
#5236 = CARTESIAN_POINT ( 'NONE',  ( -3.941516664322045393, 25.24999999999997513, -0.5500000000000000444 ) ) ;
#5237 = DIRECTION ( 'NONE',  ( 0.8660254037844362651, -1.151093080151707588E-15, -0.5000000000000041078 ) ) ;
#5238 = CARTESIAN_POINT ( 'NONE',  ( 0.4816912596888976994, 32.00000000000000000, 1.434313735343011320 ) ) ;
#5239 = ORIENTED_EDGE ( 'NONE', *, *, #3457, .F. ) ;
#5240 = FACE_OUTER_BOUND ( 'NONE', #2396, .T. ) ;
#5241 = CARTESIAN_POINT ( 'NONE',  ( 6.737999999999965794, 12.73145152308835470, 11.67055834139907766 ) ) ;
#5242 = CARTESIAN_POINT ( 'NONE',  ( 1.405210028659038768, 32.00000000000000000, 0.9416683826658519552 ) ) ;
#5243 = CARTESIAN_POINT ( 'NONE',  ( 12.77041060420530449, 4.867980301707500956, -7.372999999999980680 ) ) ;
#5244 = CARTESIAN_POINT ( 'NONE',  ( 8.029332911773405357, 5.516003115426614478, 12.67151334940092156 ) ) ;
#5245 = ORIENTED_EDGE ( 'NONE', *, *, #1833, .F. ) ;
#5246 = EDGE_LOOP ( 'NONE', ( #89 ) ) ;
#5247 = DIRECTION ( 'NONE',  ( -0.5000000000000039968, 0.000000000000000000, -0.8660254037844362651 ) ) ;
#5248 = CARTESIAN_POINT ( 'NONE',  ( -7.372999999999991338, 12.91131363504083396, 12.77041060420529739 ) ) ;
#5249 = B_SPLINE_CURVE_WITH_KNOTS ( 'NONE', 3,
 ( #2054, #820, #1413, #1497, #1459, #858 ),
 .UNSPECIFIED., .F., .F.,
 ( 4, 2, 4 ),
 ( 0.000000000000000000, 0.0001782399534140002406, 0.0003564799068280004811 ),
 .UNSPECIFIED. ) ;
#5250 = CARTESIAN_POINT ( 'NONE',  ( -14.99999999999996980, 7.636254540163329274, 4.019237886466825671 ) ) ;
#5251 = DIRECTION ( 'NONE',  ( -0.9999999999999995559, 3.052344476714833430E-08, 0.000000000000000000 ) ) ;
#5252 = EDGE_CURVE ( 'NONE', #4247, #2253, #6354, .T. ) ;
#5253 = FACE_OUTER_BOUND ( 'NONE', #1962, .T. ) ;
#5254 = ADVANCED_FACE ( 'NONE', ( #4487 ), #958, .F. ) ;
#5255 = EDGE_CURVE ( 'NONE', #1718, #6630, #6308, .T. ) ;
#5256 = ADVANCED_FACE ( 'NONE', ( #6932 ), #5634, .T. ) ;
#5257 = CARTESIAN_POINT ( 'NONE',  ( 1.822876226197919003, 24.50000000000000000, -2.557314239684271406 ) ) ;
#5258 = VERTEX_POINT ( 'NONE', #1751 ) ;
#5259 = CARTESIAN_POINT ( 'NONE',  ( -12.77041060420529739, 3.806607571789162314, -7.372999999999989562 ) ) ;
#5260 = CARTESIAN_POINT ( 'NONE',  ( -6.784485226280597914, 4.062832564513724876, -11.75107311511845154 ) ) ;
#5261 = CARTESIAN_POINT ( 'NONE',  ( 3.994326528783094243, 7.735303785894581452, -14.90702954743871622 ) ) ;
#5262 = CARTESIAN_POINT ( 'NONE',  ( -3.710074357537775036, 25.04098002785078592, -0.5500000000000000444 ) ) ;
#5263 = CARTESIAN_POINT ( 'NONE',  ( -3.994326528783085806, 11.09928408760207397, -14.90702954743871800 ) ) ;
#5264 = DIRECTION ( 'NONE',  ( 0.000000000000000000, 1.000000000000000000, 0.000000000000000000 ) ) ;
#5265 = ORIENTED_EDGE ( 'NONE', *, *, #5132, .T. ) ;
#5266 = CYLINDRICAL_SURFACE ( 'NONE', #3747, 0.2500000000000000000 ) ;
#5267 = ORIENTED_EDGE ( 'NONE', *, *, #5357, .T. ) ;
#5268 = CARTESIAN_POINT ( 'NONE',  ( 1.559559217908343065, 31.97766877619272918, -1.959142720775972846 ) ) ;
#5269 = CARTESIAN_POINT ( 'NONE',  ( -2.102974084481309625, 32.25000000000000000, -0.8000000000000000444 ) ) ;
#5270 = ORIENTED_EDGE ( 'NONE', *, *, #6695, .F. ) ;
#5271 = CARTESIAN_POINT ( 'NONE',  ( 2.835339194498495363, 24.50000000000000000, -3.810951541562896949 ) ) ;
#5272 = CARTESIAN_POINT ( 'NONE',  ( 14.99999999999996625, 1.461666666666666003, -4.019237886466831000 ) ) ;
#5273 = CARTESIAN_POINT ( 'NONE',  ( 0.3702340178104164270, 31.77376204665335280, 1.687377520676469178 ) ) ;
#5274 = CARTESIAN_POINT ( 'NONE',  ( 2.044879343725517273, 25.45460815007268707, -3.097202523200044855 ) ) ;
#5275 = ORIENTED_EDGE ( 'NONE', *, *, #1412, .T. ) ;
#5276 = CARTESIAN_POINT ( 'NONE',  ( 3.068478081698651661, 24.36846202106579895, -3.625871241803129141 ) ) ;
#5277 = CARTESIAN_POINT ( 'NONE',  ( 14.99211250247682159, 1.885545500740441138, 0.5927515629203937708 ) ) ;
#5278 = EDGE_CURVE ( 'NONE', #5116, #1639, #1347, .T. ) ;
#5279 = CARTESIAN_POINT ( 'NONE',  ( -11.67055834139906167, 5.534784856421689270, -6.737999999999998657 ) ) ;
#5280 = CARTESIAN_POINT ( 'NONE',  ( 1.125331757280001677, 32.02295302174438518, -2.237040752954882805 ) ) ;
#5281 = CARTESIAN_POINT ( 'NONE',  ( 10.05105758792065274, 13.38305909487751499, 10.05105758792067228 ) ) ;
#5282 = EDGE_CURVE ( 'NONE', #699, #5391, #700, .T. ) ;
#5283 = CARTESIAN_POINT ( 'NONE',  ( 11.36150999280120821, 6.905227859693274794, -9.811093139406981578 ) ) ;
#5284 = ORIENTED_EDGE ( 'NONE', *, *, #783, .F. ) ;
#5285 = ORIENTED_EDGE ( 'NONE', *, *, #3908, .F. ) ;
#5286 = CARTESIAN_POINT ( 'NONE',  ( 0.000000000000000000, 18.00000000000000355, 0.000000000000000000 ) ) ;
#5287 = CARTESIAN_POINT ( 'NONE',  ( 11.67055834139905990, 13.15478485642168849, 6.738000000000000433 ) ) ;
#5288 = CARTESIAN_POINT ( 'NONE',  ( 4.019237886466834553, 11.02292120682999332, -14.99999999999996447 ) ) ;
#5289 = CARTESIAN_POINT ( 'NONE',  ( -4.428317965096905340, 25.00000000000000000, 0.5500000000000000444 ) ) ;
#5290 = AXIS2_PLACEMENT_3D ( 'NONE', #3637, #6061, #3176 ) ;
#5291 = CARTESIAN_POINT ( 'NONE',  ( -13.72999999999997556, 5.028195445285811083, 3.678942412079292179 ) ) ;
#5292 = VECTOR ( 'NONE', #5335, 1000.000000000000000 ) ;
#5293 = CARTESIAN_POINT ( 'NONE',  ( 0.8973293703137493749, 32.00000000000000000, -0.9542200605072255204 ) ) ;
#5294 = ORIENTED_EDGE ( 'NONE', *, *, #1566, .T. ) ;
#5295 = EDGE_CURVE ( 'NONE', #1573, #692, #5207, .T. ) ;
#5296 = CARTESIAN_POINT ( 'NONE',  ( 0.000000000000000000, 25.45710678118654968, 0.000000000000000000 ) ) ;
#5297 = CARTESIAN_POINT ( 'NONE',  ( 1.146720213405935462E-14, 3.800528778619145065, -13.47599999999996712 ) ) ;
#5298 = CARTESIAN_POINT ( 'NONE',  ( 7.372999999999986009, 7.616607571789161923, -12.77041060420529917 ) ) ;
#5299 = AXIS2_PLACEMENT_3D ( 'NONE', #3851, #3357, #6202 ) ;
#5300 = SPHERICAL_SURFACE ( 'NONE', #1310, 0.2500000000000000000 ) ;
#5301 = CARTESIAN_POINT ( 'NONE',  ( 14.45818868655710610, 14.44520464715354002, 2.899188835504000306 ) ) ;
#5302 = PLANE ( 'NONE',  #1075 ) ;
#5303 = ORIENTED_EDGE ( 'NONE', *, *, #1011, .F. ) ;
#5304 = CARTESIAN_POINT ( 'NONE',  ( 1.956699065102741386, 25.45434689895079927, 3.165289316797886610 ) ) ;
#5305 = ORIENTED_EDGE ( 'NONE', *, *, #4793, .F. ) ;
#5306 = CARTESIAN_POINT ( 'NONE',  ( 1.333604902303733075, 31.76195118383341764, -1.209871448013025930 ) ) ;
#5307 =( BOUNDED_SURFACE ( )  B_SPLINE_SURFACE ( 3, 2, ( 
 ( #1483, #989, #6663 ),
 ( #3778, #2188, #2720 ),
 ( #1593, #4505, #6808 ),
 ( #6089, #5131, #3976 ) ),
 .UNSPECIFIED., .F., .F., .T. ) 
 B_SPLINE_SURFACE_WITH_KNOTS ( ( 4, 4 ),
 ( 3, 3 ),
 ( 0.0003358411011783784183, 0.0005258393205670681752 ),
 ( 0.000000000000000000, 1.000000000000000000 ),
 .UNSPECIFIED. ) 
 GEOMETRIC_REPRESENTATION_ITEM ( )  RATIONAL_B_SPLINE_SURFACE ( (
 ( 1.000000000000000000, 0.7519653661432137426, 1.000000000000000000),
 ( 1.000000000000000000, 0.7443705148068417987, 1.000000000000000000),
 ( 1.000000000000000000, 0.7377192712881891490, 1.000000000000000000),
 ( 1.000000000000000000, 0.7314725590611552697, 1.000000000000000000) ) ) 
 REPRESENTATION_ITEM ( '' )  SURFACE ( )  );
#5308 = DIRECTION ( 'NONE',  ( -1.000000000000000000, -0.000000000000000000, -0.000000000000000000 ) ) ;
#5309 = CARTESIAN_POINT ( 'NONE',  ( -1.549173935030762284, 31.79061622867472536, 0.4304966950240369794 ) ) ;
#5310 = CARTESIAN_POINT ( 'NONE',  ( 10.98076211353313525, 6.964999999999999858, -10.98076211353313525 ) ) ;
#5311 = DIRECTION ( 'NONE',  ( 0.000000000000000000, 1.000000000000000000, 0.000000000000000000 ) ) ;
#5312 = CARTESIAN_POINT ( 'NONE',  ( 14.90702954743872155, 4.537617420935414536, 6.492092003628005799E-16 ) ) ;
#5313 = CIRCLE ( 'NONE', #267, 0.2500000000000000000 ) ;
#5314 = CIRCLE ( 'NONE', #6267, 0.2499999999999997780 ) ;
#5315 = B_SPLINE_CURVE_WITH_KNOTS ( 'NONE', 3,
 ( #4660, #1856, #1932, #6964, #770, #6499 ),
 .UNSPECIFIED., .F., .F.,
 ( 4, 2, 4 ),
 ( 0.000000000000000000, 0.0002760886600346430060, 0.0005521773200692860119 ),
 .UNSPECIFIED. ) ;
#5316 = CARTESIAN_POINT ( 'NONE',  ( 3.610883317201814435, 4.476451523088354811, -13.47599999999996356 ) ) ;
#5317 = EDGE_LOOP ( 'NONE', ( #4646 ) ) ;
#5318 = CIRCLE ( 'NONE', #4949, 0.2499999999999999167 ) ;
#5319 = FACE_OUTER_BOUND ( 'NONE', #3836, .T. ) ;
#5320 = FACE_OUTER_BOUND ( 'NONE', #2005, .T. ) ;
#5321 = VECTOR ( 'NONE', #3368, 1000.000000000000000 ) ;
#5322 = CARTESIAN_POINT ( 'NONE',  ( 11.67055834139907411, 3.139803017074974001, -6.737999999999973788 ) ) ;
#5323 = CARTESIAN_POINT ( 'NONE',  ( 3.134807621135355493, 25.25000000000000000, 4.829646071760510750 ) ) ;
#5324 = CARTESIAN_POINT ( 'NONE',  ( -10.79482120841064763, 7.619646968374166995, 10.79482120841063342 ) ) ;
#5325 = AXIS2_PLACEMENT_3D ( 'NONE', #1994, #1393, #242 ) ;
#5326 = AXIS2_PLACEMENT_3D ( 'NONE', #4318, #1449, #4248 ) ;
#5327 = CARTESIAN_POINT ( 'NONE',  ( 4.945477182776998326, 7.329166776156929686, -14.17315185169129954 ) ) ;
#5328 = B_SPLINE_CURVE_WITH_KNOTS ( 'NONE', 3,
 ( #2932, #1349, #787, #6978 ),
 .UNSPECIFIED., .F., .F.,
 ( 4, 4 ),
 ( 0.000000000000000000, 0.0001006850096840647234 ),
 .UNSPECIFIED. ) ;
#5329 = VERTEX_POINT ( 'NONE', #183 ) ;
#5330 = FACE_OUTER_BOUND ( 'NONE', #2306, .T. ) ;
#5331 = CARTESIAN_POINT ( 'NONE',  ( -3.610883317201822429, 12.09645152308835314, 13.47599999999996179 ) ) ;
#5332 = CARTESIAN_POINT ( 'NONE',  ( 12.99038105676654808, 14.62125454016332782, 7.499999999999991118 ) ) ;
#5333 = DIRECTION ( 'NONE',  ( 0.000000000000000000, 1.000000000000000000, 0.000000000000000000 ) ) ;
#5334 = AXIS2_PLACEMENT_3D ( 'NONE', #6865, #1685, #3418 ) ;
#5335 = DIRECTION ( 'NONE',  ( 1.000000000000000000, -0.000000000000000000, 0.000000000000000000 ) ) ;
#5336 = ORIENTED_EDGE ( 'NONE', *, *, #7319, .F. ) ;
#5337 = CARTESIAN_POINT ( 'NONE',  ( 14.74599999999996491, 6.769940905122496133, 1.773672520132329273E-15 ) ) ;
#5338 = CARTESIAN_POINT ( 'NONE',  ( 9.865116682798158010, 6.975528778619144887, 9.865116682798173997 ) ) ;
#5339 = CARTESIAN_POINT ( 'NONE',  ( 2.676604605143670608E-15, 8.039940905122495707, -14.74599999999996491 ) ) ;
#5340 = FACE_BOUND ( 'NONE', #6416, .T. ) ;
#5341 = CARTESIAN_POINT ( 'NONE',  ( -7.499999999999991118, 8.271254540163329949, 12.99038105676654986 ) ) ;
#5342 = DIRECTION ( 'NONE',  ( -0.09104463009115028316, 0.9832820049844610555, 0.1576939250741899168 ) ) ;
#5343 = VERTEX_POINT ( 'NONE', #2432 ) ;
#5344 = DIRECTION ( 'NONE',  ( 0.8917546034477370487, -0.4525193114440191899, 0.000000000000000000 ) ) ;
#5345 = VERTEX_POINT ( 'NONE', #4771 ) ;
#5346 = LINE ( 'NONE', #3102, #363 ) ;
#5347 = CARTESIAN_POINT ( 'NONE',  ( 2.999999999999952038, 24.04289321881345387, -5.196152422706660445 ) ) ;
#5348 = CARTESIAN_POINT ( 'NONE',  ( 1.303260983927251981, 24.50000000000000000, -2.857314239684265456 ) ) ;
#5349 = CARTESIAN_POINT ( 'NONE',  ( 9.184850993605128223E-16, 7.599999999999998757, -14.99999999999996803 ) ) ;
#5350 = CARTESIAN_POINT ( 'NONE',  ( -2.476446974785523558, 31.97766877619272918, 0.3710465410268536934 ) ) ;
#5351 = CARTESIAN_POINT ( 'NONE',  ( -1.518113755658755393, 32.00000000000000000, -0.7461133911384478790 ) ) ;
#5352 = FACE_OUTER_BOUND ( 'NONE', #1609, .T. ) ;
#5353 = ADVANCED_FACE ( 'NONE', ( #4046 ), #3550, .T. ) ;
#5354 = EDGE_CURVE ( 'NONE', #2016, #2074, #2878, .T. ) ;
#5355 =( BOUNDED_SURFACE ( )  B_SPLINE_SURFACE ( 3, 2, ( 
 ( #6908, #1687, #644 ),
 ( #5732, #3911, #1648 ),
 ( #5809, #1616, #6831 ),
 ( #1196, #6296, #569 ),
 ( #3497, #6329, #2853 ),
 ( #5058, #4, #6222 ) ),
 .UNSPECIFIED., .F., .F., .T. ) 
 B_SPLINE_SURFACE_WITH_KNOTS ( ( 4, 2, 4 ),
 ( 3, 3 ),
 ( 0.0003919704058547718306, 0.0006464269487765036178, 0.0009008834916982354050 ),
 ( 0.000000000000000000, 1.000000000000000000 ),
 .UNSPECIFIED. ) 
 GEOMETRIC_REPRESENTATION_ITEM ( )  RATIONAL_B_SPLINE_SURFACE ( (
 ( 1.000000000000000000, 0.7071067811865473507, 1.000000000000000000),
 ( 1.000000000000000000, 0.7272618525990741656, 1.000000000000000000),
 ( 1.000000000000000000, 0.7404978363822307674, 1.000000000000000000),
 ( 1.000000000000000000, 0.7548269348957721281, 1.000000000000000000),
 ( 1.000000000000000000, 0.7562122370880282052, 1.000000000000000000),
 ( 1.000000000000000000, 0.7556112545594111385, 1.000000000000000000) ) ) 
 REPRESENTATION_ITEM ( '' )  SURFACE ( )  );
#5356 = ORIENTED_EDGE ( 'NONE', *, *, #1608, .T. ) ;
#5357 = EDGE_CURVE ( 'NONE', #1846, #3479, #5450, .T. ) ;
#5358 = CARTESIAN_POINT ( 'NONE',  ( 2.672041968326280603, 24.36897400900531707, -3.582816158064995538 ) ) ;
#5359 = CARTESIAN_POINT ( 'NONE',  ( 14.93310617151988851, 3.768520966047985254, 1.423528882571530874 ) ) ;
#5360 = ADVANCED_FACE ( 'NONE', ( #4664 ), #5266, .F. ) ;
#5361 = CARTESIAN_POINT ( 'NONE',  ( -13.47599999999997600, 5.468136350408306257, 3.610883317201784237 ) ) ;
#5362 = DIRECTION ( 'NONE',  ( 0.000000000000000000, 0.000000000000000000, -1.000000000000000000 ) ) ;
#5363 = CARTESIAN_POINT ( 'NONE',  ( 2.828251775976645011, 25.10583232768639306, 3.824470014863476930 ) ) ;
#5364 = APPLICATION_CONTEXT ( 'automotive_design' ) ;
#5365 = CARTESIAN_POINT ( 'NONE',  ( -6.726520138444251451, 7.973477665494223210, -13.43794580844408770 ) ) ;
#5366 = ORIENTED_EDGE ( 'NONE', *, *, #6679, .T. ) ;
#5367 = CARTESIAN_POINT ( 'NONE',  ( 2.230565953296323567, 25.24999999999997868, -3.263453560742613835 ) ) ;
#5368 = CARTESIAN_POINT ( 'NONE',  ( -6.737999999999999545, 12.07072576154418542, 11.67055834139906167 ) ) ;
#5369 = CARTESIAN_POINT ( 'NONE',  ( 3.024221676524057933, 25.26166002693508972, -3.664185098766242099 ) ) ;
#5370 = DIRECTION ( 'NONE',  ( -0.000000000000000000, -1.000000000000000000, -0.000000000000000000 ) ) ;
#5371 = CARTESIAN_POINT ( 'NONE',  ( 2.690472954629861135, 24.43300218092367970, -3.560035853808956041 ) ) ;
#5372 = CARTESIAN_POINT ( 'NONE',  ( 14.45771830041841177, 1.469733127889632396, -4.018128199778776555 ) ) ;
#5373 = EDGE_LOOP ( 'NONE', ( #4376, #3101, #6743, #1842 ) ) ;
#5374 = CARTESIAN_POINT ( 'NONE',  ( -4.730182704929492665, 24.00000009264201850, 0.4551077652408861418 ) ) ;
#5375 = CARTESIAN_POINT ( 'NONE',  ( 3.610883317201814435, 3.774803017074974232, -13.47599999999996356 ) ) ;
#5376 = ADVANCED_FACE ( 'NONE', ( #4847, #1937 ), #6629, .T. ) ;
#5377 = DIRECTION ( 'NONE',  ( -0.000000000000000000, -1.000000000000000000, -0.000000000000000000 ) ) ;
#5378 = EDGE_CURVE ( 'NONE', #5000, #5329, #2180, .T. ) ;
#5379 = CARTESIAN_POINT ( 'NONE',  ( -14.99999999999996447, 7.212921206829993714, -4.019237886466835441 ) ) ;
#5380 = CARTESIAN_POINT ( 'NONE',  ( 3.678942412079318824, 4.916392428210849985, -13.72999999999996668 ) ) ;
#5381 = EDGE_LOOP ( 'NONE', ( #1364 ) ) ;
#5382 = FACE_OUTER_BOUND ( 'NONE', #5759, .T. ) ;
#5383 = VERTEX_POINT ( 'NONE', #2616 ) ;
#5384 = CARTESIAN_POINT ( 'NONE',  ( 1.879338362879535484, 32.25000000000000000, 1.651286515918364062 ) ) ;
#5385 = FACE_OUTER_BOUND ( 'NONE', #6119, .T. ) ;
#5386 = DIRECTION ( 'NONE',  ( -0.09104463009114975580, 0.9832820049844611665, 0.1576939250741893894 ) ) ;
#5387 = CARTESIAN_POINT ( 'NONE',  ( 14.99999999999996803, 1.249999999999999334, 0.000000000000000000 ) ) ;
#5388 = CARTESIAN_POINT ( 'NONE',  ( -14.74599999999996491, 4.229940905122496098, -3.579536690155008394E-15 ) ) ;
#5389 = DIRECTION ( 'NONE',  ( 0.000000000000000000, -1.000000000000000000, 0.000000000000000000 ) ) ;
#5390 = CARTESIAN_POINT ( 'NONE',  ( 0.000000000000000000, 25.45710678118654968, 0.000000000000000000 ) ) ;
#5391 = VERTEX_POINT ( 'NONE', #7191 ) ;
#5392 = DIRECTION ( 'NONE',  ( -0.000000000000000000, -1.000000000000000000, -0.000000000000000000 ) ) ;
#5393 = CARTESIAN_POINT ( 'NONE',  ( -5.750000000000000000, 25.45710678118654968, 5.399075384089005436E-17 ) ) ;
#5394 = CARTESIAN_POINT ( 'NONE',  ( 1.553075510546313875, 25.45487879750228899, 3.363351961385737443 ) ) ;
#5395 = EDGE_CURVE ( 'NONE', #2525, #4187, #3140, .T. ) ;
#5396 = CARTESIAN_POINT ( 'NONE',  ( 1.612310625312143308, 31.75000000000000000, 1.692603920623758418 ) ) ;
#5397 = EDGE_CURVE ( 'NONE', #4027, #107, #2789, .T. ) ;
#5398 = DIRECTION ( 'NONE',  ( 0.4999999999999893974, 0.000000000000000000, -0.8660254037844449249 ) ) ;
#5399 = CARTESIAN_POINT ( 'NONE',  ( -1.161450665767163937, 7.661648178252287167, -14.96479379579162661 ) ) ;
#5400 = ORIENTED_EDGE ( 'NONE', *, *, #3815, .F. ) ;
#5401 = CARTESIAN_POINT ( 'NONE',  ( 2.417970745354400819, 25.24375365629835599, -3.088048182168965816 ) ) ;
#5402 = CARTESIAN_POINT ( 'NONE',  ( 9.865116682798156234, 13.12905909487751366, 9.865116682798175773 ) ) ;
#5403 = CARTESIAN_POINT ( 'NONE',  ( -7.372999999999978016, 6.137980301707500530, -12.77041060420530449 ) ) ;
#5404 = CARTESIAN_POINT ( 'NONE',  ( 1.985186810929052026, 25.25000000000000000, 4.038444419044706635 ) ) ;
#5405 = CARTESIAN_POINT ( 'NONE',  ( 0.5974360651977436154, 31.88631336310447750, 2.215653998953379222 ) ) ;
#5406 = CARTESIAN_POINT ( 'NONE',  ( 2.557839241874968028, 24.24999999999999645, -3.697583503341796973 ) ) ;
#5407 = DIRECTION ( 'NONE',  ( -0.5000000000000039968, 0.000000000000000000, -0.8660254037844363761 ) ) ;
#5408 = ORIENTED_EDGE ( 'NONE', *, *, #6350, .F. ) ;
#5409 = B_SPLINE_CURVE_WITH_KNOTS ( 'NONE', 3,
 ( #5544, #388, #2705, #5013, #7317, #6795 ),
 .UNSPECIFIED., .F., .F.,
 ( 4, 2, 4 ),
 ( 0.000000000000000000, 0.0004063670613842344272, 0.0008127341227684688543 ),
 .UNSPECIFIED. ) ;
#5410 = CARTESIAN_POINT ( 'NONE',  ( 1.001306501959559947, 32.00000000000000000, 1.134313735343010165 ) ) ;
#5411 = CARTESIAN_POINT ( 'NONE',  ( 13.21297560241063884, 12.53108619613388441, 2.649500279316903573 ) ) ;
#5412 = CIRCLE ( 'NONE', #6485, 0.2499999999999996947 ) ;
#5413 = CARTESIAN_POINT ( 'NONE',  ( 0.9458438739738839196, 31.92006045487152122, -2.330140047070756282 ) ) ;
#5414 = CARTESIAN_POINT ( 'NONE',  ( 10.98076211353313347, 10.41364696837416659, -10.98076211353313347 ) ) ;
#5415 = CARTESIAN_POINT ( 'NONE',  ( 1.636110347628638939, 31.92177851209903494, -1.606825263225202916 ) ) ;
#5416 = VERTEX_POINT ( 'NONE', #6059 ) ;
#5417 = DIRECTION ( 'NONE',  ( 0.000000000000000000, -0.1583515888048810938, 0.9873827901695320097 ) ) ;
#5418 = ORIENTED_EDGE ( 'NONE', *, *, #5833, .T. ) ;
#5419 = LINE ( 'NONE', #5463, #6622 ) ;
#5420 = ADVANCED_FACE ( 'NONE', ( #3666 ), #4886, .T. ) ;
#5421 = AXIS2_PLACEMENT_3D ( 'NONE', #738, #7002, #2988 ) ;
#5422 = FACE_OUTER_BOUND ( 'NONE', #1269, .T. ) ;
#5423 = CARTESIAN_POINT ( 'NONE',  ( -1.714581860444686079, 31.76195118383386884, 0.5500000000000005995 ) ) ;
#5424 = CARTESIAN_POINT ( 'NONE',  ( -10.98076211353313347, 3.340940905122495419, -10.98076211353313347 ) ) ;
#5425 = CARTESIAN_POINT ( 'NONE',  ( 7.372999999999986009, 7.616607571789161923, -12.77041060420529917 ) ) ;
#5426 = CARTESIAN_POINT ( 'NONE',  ( 1.569189297813655459, 25.25000000000000711, -3.397382153727444454 ) ) ;
#5427 = CARTESIAN_POINT ( 'NONE',  ( 1.737865399178749826, 31.88938372160084711, 1.837801432196493279 ) ) ;
#5428 = ORIENTED_EDGE ( 'NONE', *, *, #5746, .F. ) ;
#5429 = DIRECTION ( 'NONE',  ( 0.09104463009115217054, -0.9832820049844601673, -0.1576939250741931919 ) ) ;
#5430 = CARTESIAN_POINT ( 'NONE',  ( 0.000000000000000000, 24.27859547920898819, 0.000000000000000000 ) ) ;
#5431 = CARTESIAN_POINT ( 'NONE',  ( 1.737845010466973150, 25.00000000000000000, -4.110035853808946982 ) ) ;
#5432 = CARTESIAN_POINT ( 'NONE',  ( 3.610883317201814435, 3.774803017074973788, -13.47599999999996356 ) ) ;
#5433 = CARTESIAN_POINT ( 'NONE',  ( 0.4154583366848830228, 31.75000000000000000, 1.819594947566257614 ) ) ;
#5434 = CIRCLE ( 'NONE', #7354, 5.750000000000000000 ) ;
#5435 = CARTESIAN_POINT ( 'NONE',  ( 12.77041060420530449, 9.947980301707501027, -7.372999999999980680 ) ) ;
#5436 = CIRCLE ( 'NONE', #3010, 0.2500000000000001665 ) ;
#5437 = AXIS2_PLACEMENT_3D ( 'NONE', #3620, #1848, #1770 ) ;
#5438 = EDGE_CURVE ( 'NONE', #6398, #7124, #6581, .T. ) ;
#5439 = VECTOR ( 'NONE', #3001, 1000.000000000000000 ) ;
#5440 = CARTESIAN_POINT ( 'NONE',  ( -2.233260202834127295, 31.84131709439716573, 0.5672744357169585694 ) ) ;
#5441 = CARTESIAN_POINT ( 'NONE',  ( -0.001757647249115693771, 7.600092565013797596, -14.99999994109030688 ) ) ;
#5442 = ORIENTED_EDGE ( 'NONE', *, *, #6716, .T. ) ;
#5443 = DIRECTION ( 'NONE',  ( -0.000000000000000000, -1.000000000000000000, -0.000000000000000000 ) ) ;
#5444 = CARTESIAN_POINT ( 'NONE',  ( 14.74599999999996491, 9.736313635040831471, -3.951178791589323946 ) ) ;
#5445 = AXIS2_PLACEMENT_3D ( 'NONE', #113, #636, #2278 ) ;
#5446 = CARTESIAN_POINT ( 'NONE',  ( 2.690472957026377010, 25.06578085489580587, -3.560035857959839678 ) ) ;
#5447 = CARTESIAN_POINT ( 'NONE',  ( 0.8654745695340467782, 32.02262672620891237, 2.345411215435336594 ) ) ;
#5448 = CARTESIAN_POINT ( 'NONE',  ( 2.605619283237392558, 24.27705500085221502, -3.652426010780202237 ) ) ;
#5449 = EDGE_CURVE ( 'NONE', #2380, #4840, #5456, .T. ) ;
#5450 = CIRCLE ( 'NONE', #4837, 0.2500000000000000555 ) ;
#5451 = EDGE_CURVE ( 'NONE', #5460, #2253, #519, .T. ) ;
#5452 = CARTESIAN_POINT ( 'NONE',  ( 11.41290141862777041, 1.823232229050458786, -9.781620562312740574 ) ) ;
#5453 = EDGE_LOOP ( 'NONE', ( #859, #4984, #6668, #1683, #3371, #4331, #2668, #5497, #4772, #4152, #813, #1336, #5567, #3809, #2414, #6283, #4291, #452 ) ) ;
#5454 = CARTESIAN_POINT ( 'NONE',  ( 14.70723117849958150, 12.71702705381265019, 2.949127401659014769 ) ) ;
#5455 = CARTESIAN_POINT ( 'NONE',  ( 6.737999999999995104, 3.377195445285811282, -11.67055834139906345 ) ) ;
#5456 = CIRCLE ( 'NONE', #3753, 0.2540000000000025016 ) ;
#5457 = CARTESIAN_POINT ( 'NONE',  ( -3.824211332547925224, 24.99999999999999289, 0.5500000000000000444 ) ) ;
#5458 = CARTESIAN_POINT ( 'NONE',  ( 7.499999999999973355, 14.01198030170750286, 12.99038105676655874 ) ) ;
#5459 = CARTESIAN_POINT ( 'NONE',  ( 1.862079128997022659, 32.01184860762801776, -1.670220240456294025 ) ) ;
#5460 = VERTEX_POINT ( 'NONE', #6017 ) ;
#5461 = CARTESIAN_POINT ( 'NONE',  ( 0.000000000000000000, 24.00000000000000000, 0.000000000000000000 ) ) ;
#5462 = EDGE_LOOP ( 'NONE', ( #3735, #6125, #1156, #4749 ) ) ;
#5463 = CARTESIAN_POINT ( 'NONE',  ( 1.236745971882930784, 31.79552231504558080, 1.042106859357371684 ) ) ;
#5464 = CARTESIAN_POINT ( 'NONE',  ( 1.288491612180008739, 25.18979614807487621, -3.331732937422174246 ) ) ;
#5465 = CARTESIAN_POINT ( 'NONE',  ( 0.000000000000000000, 0.000000000000000000, -0.5500000000000000444 ) ) ;
#5466 = CARTESIAN_POINT ( 'NONE',  ( 14.74599999999996491, 1.901607571789162066, -3.951178791589324391 ) ) ;
#5467 = CARTESIAN_POINT ( 'NONE',  ( 1.695688811907169580, 31.75000000000000000, 1.837019176049300651 ) ) ;
#5468 = CARTESIAN_POINT ( 'NONE',  ( 1.303260983927292838, 24.50000000000000000, 2.857314239684248580 ) ) ;
#5469 = VERTEX_POINT ( 'NONE', #3743 ) ;
#5470 = CARTESIAN_POINT ( 'NONE',  ( -2.156052608492577516, 31.99173094480054758, 0.7239529866866217800 ) ) ;
#5471 = CARTESIAN_POINT ( 'NONE',  ( -2.471442170154534157, 31.99327752608016695, -0.3851342533988476036 ) ) ;
#5472 = CARTESIAN_POINT ( 'NONE',  ( 13.72999999999996312, 7.144862111952478223, 3.678942412079326818 ) ) ;
#5473 = DIRECTION ( 'NONE',  ( 3.052344535003915238E-08, 0.9999999999999995559, 6.120627887004214552E-09 ) ) ;
#5474 = CARTESIAN_POINT ( 'NONE',  ( -4.727528638414264073, 24.49999999999999645, -0.5499999999999999334 ) ) ;
#5475 = PRODUCT_RELATED_PRODUCT_CATEGORY ( 'part', '', ( #1028 ) ) ;
#5476 = CARTESIAN_POINT ( 'NONE',  ( 14.74599999999996491, 9.736313635040831471, -3.951178791589324391 ) ) ;
#5477 = DIRECTION ( 'NONE',  ( 1.000000000000000000, -0.000000000000000000, 0.000000000000000000 ) ) ;
#5478 = CARTESIAN_POINT ( 'NONE',  ( 1.991468639408085606, 7.493254769212109423, -14.86731804638416854 ) ) ;
#5479 = ORIENTED_EDGE ( 'NONE', *, *, #603, .F. ) ;
#5480 = CARTESIAN_POINT ( 'NONE',  ( 0.6596826811492637610, 31.75000000000000000, 2.242603920623763347 ) ) ;
#5481 = CARTESIAN_POINT ( 'NONE',  ( 3.635794674885556077, 4.823421975649603510, -13.56897045256121181 ) ) ;
#5482 = CARTESIAN_POINT ( 'NONE',  ( 14.45818863109507824, 14.44520448386300160, 2.899188824382595620 ) ) ;
#5483 = CARTESIAN_POINT ( 'NONE',  ( 1.744307365268192189, 32.00000000000000000, -1.421228980661152441 ) ) ;
#5484 = CARTESIAN_POINT ( 'NONE',  ( 0.7226500278042434777, 31.88938372160084000, 2.423936300145024703 ) ) ;
#5485 = CARTESIAN_POINT ( 'NONE',  ( -13.72999999999997200, 9.896528778619144262, -1.054980265589085262E-14 ) ) ;
#5486 = CARTESIAN_POINT ( 'NONE',  ( 13.90004715131224522, 1.562445964776978613, -5.638154264487479139 ) ) ;
#5487 = ORIENTED_EDGE ( 'NONE', *, *, #6130, .T. ) ;
#5488 = CARTESIAN_POINT ( 'NONE',  ( -4.438788853166785842, 24.36916999151558727, 0.5227706404698573284 ) ) ;
#5489 = CARTESIAN_POINT ( 'NONE',  ( 9.865116682798173997, 8.431469683741640964, -9.865116682798158010 ) ) ;
#5490 = ADVANCED_FACE ( 'NONE', ( #3100 ), #1335, .T. ) ;
#5491 = CARTESIAN_POINT ( 'NONE',  ( 1.897962300895228216, 25.10583232768639306, -4.361572893725998767 ) ) ;
#5492 = CARTESIAN_POINT ( 'NONE',  ( 10.98076211353313347, 9.143646968374165240, 10.98076211353313347 ) ) ;
#5493 = ADVANCED_FACE ( 'NONE', ( #850 ), #7113, .T. ) ;
#5494 = FACE_OUTER_BOUND ( 'NONE', #7418, .T. ) ;
#5495 = B_SPLINE_CURVE_WITH_KNOTS ( 'NONE', 3,
 ( #774, #2503, #1556, #3287 ),
 .UNSPECIFIED., .F., .F.,
 ( 4, 4 ),
 ( 0.000000000000000000, 0.0003004499869527099297 ),
 .UNSPECIFIED. ) ;
#5496 = ADVANCED_FACE ( 'NONE', ( #1372 ), #5696, .F. ) ;
#5497 = ORIENTED_EDGE ( 'NONE', *, *, #6158, .T. ) ;
#5498 = DIRECTION ( 'NONE',  ( 0.000000000000000000, -0.000000000000000000, 1.000000000000000000 ) ) ;
#5499 = ORIENTED_EDGE ( 'NONE', *, *, #2370, .F. ) ;
#5500 = CYLINDRICAL_SURFACE ( 'NONE', #5290, 0.2500000000000000000 ) ;
#5501 = CARTESIAN_POINT ( 'NONE',  ( 13.46201884230257129, 12.27708635942415327, 2.699434595651384328 ) ) ;
#5502 = DIRECTION ( 'NONE',  ( -1.000000000000000000, 0.000000000000000000, 0.000000000000000000 ) ) ;
#5503 = CARTESIAN_POINT ( 'NONE',  ( 10.79482120841063519, 11.21494090512249642, 10.79482120841064408 ) ) ;
#5504 = DIRECTION ( 'NONE',  ( 0.000000000000000000, -1.000000000000000000, 0.000000000000000000 ) ) ;
#5505 = CARTESIAN_POINT ( 'NONE',  ( 0.9697001396632918269, 31.79513059880542514, -2.345021821882401714 ) ) ;
#5506 = ORIENTED_EDGE ( 'NONE', *, *, #3772, .F. ) ;
#5507 = DIRECTION ( 'NONE',  ( -0.000000000000000000, -1.000000000000000000, -0.000000000000000000 ) ) ;
#5508 = ORIENTED_EDGE ( 'NONE', *, *, #1643, .F. ) ;
#5509 = CARTESIAN_POINT ( 'NONE',  ( 0.000000000000000000, 25.22140452079089812, 0.000000000000000000 ) ) ;
#5510 = CARTESIAN_POINT ( 'NONE',  ( 6.737999999999965794, 12.02980301707497368, 11.67055834139907766 ) ) ;
#5511 = CARTESIAN_POINT ( 'NONE',  ( 2.183860319413725382, 25.27020840619747233, -3.155742451538712690 ) ) ;
#5512 = EDGE_CURVE ( 'NONE', #7316, #4140, #332, .T. ) ;
#5513 = CARTESIAN_POINT ( 'NONE',  ( -1.488155721736910797, 10.06076891696790199, 14.94381406648779276 ) ) ;
#5514 = EDGE_LOOP ( 'NONE', ( #4740 ) ) ;
#5515 = DIRECTION ( 'NONE',  ( -0.8660254037844363761, 0.000000000000000000, 0.5000000000000039968 ) ) ;
#5516 = CARTESIAN_POINT ( 'NONE',  ( 6.784485226280591696, 13.07842197564960252, 11.75107311511845509 ) ) ;
#5517 = CARTESIAN_POINT ( 'NONE',  ( -3.700680251343269500, 25.39746793755892540, 0.3310178972078698934 ) ) ;
#5518 = CARTESIAN_POINT ( 'NONE',  ( 1.720058617860014794, 31.78990666390662057, -1.879228918130294579 ) ) ;
#5519 = CARTESIAN_POINT ( 'NONE',  ( 1.252089749376922301, 31.97743070672902377, -2.168683061557058256 ) ) ;
#5520 = CARTESIAN_POINT ( 'NONE',  ( -12.51800233047739219, 4.270043262734116496, 8.487299719585996272 ) ) ;
#5521 = VERTEX_POINT ( 'NONE', #920 ) ;
#5522 = ORIENTED_EDGE ( 'NONE', *, *, #3347, .T. ) ;
#5523 = CARTESIAN_POINT ( 'NONE',  ( -4.489988864128728885, 24.25000000000000000, -0.2999999999999999889 ) ) ;
#5524 = CARTESIAN_POINT ( 'NONE',  ( 0.5807266027665374253, 32.23152675840152170, -2.433057749437857353 ) ) ;
#5525 = FACE_OUTER_BOUND ( 'NONE', #3044, .T. ) ;
#5526 = CARTESIAN_POINT ( 'NONE',  ( -4.734450261957743322, 25.24554359087114364, 0.3912367671147217174 ) ) ;
#5527 = CARTESIAN_POINT ( 'NONE',  ( 10.05105758792065274, 8.303059094877516699, 10.05105758792067228 ) ) ;
#5528 = ADVANCED_FACE ( 'NONE', ( #5382 ), #6669, .T. ) ;
#5529 = ORIENTED_EDGE ( 'NONE', *, *, #1977, .F. ) ;
#5530 = DIRECTION ( 'NONE',  ( 0.8660254037844425934, 0.000000000000000000, 0.4999999999999933942 ) ) ;
#5531 = ORIENTED_EDGE ( 'NONE', *, *, #5295, .T. ) ;
#5532 = CARTESIAN_POINT ( 'NONE',  ( 0.000000000000000000, 30.50000000000000000, 5.000000000000000000 ) ) ;
#5533 = VECTOR ( 'NONE', #6163, 1000.000000000000000 ) ;
#5534 = CARTESIAN_POINT ( 'NONE',  ( -4.438998466887706051, 24.36828395492583255, -0.5221227693698117234 ) ) ;
#5535 = CARTESIAN_POINT ( 'NONE',  ( 2.095474967091717655, 25.50000000000000355, -4.262802442324997720 ) ) ;
#5536 = DIRECTION ( 'NONE',  ( 0.000000000000000000, -0.3774219175405030824, 0.9260414116874309265 ) ) ;
#5537 = FACE_OUTER_BOUND ( 'NONE', #2025, .T. ) ;
#5538 = CARTESIAN_POINT ( 'NONE',  ( 0.9091031933177806668, 32.01680792274016341, 2.325543957693566366 ) ) ;
#5539 = VERTEX_POINT ( 'NONE', #3207 ) ;
#5540 = AXIS2_PLACEMENT_3D ( 'NONE', #913, #6012, #1518 ) ;
#5541 = DIRECTION ( 'NONE',  ( -0.000000000000000000, -1.000000000000000000, -0.000000000000000000 ) ) ;
#5542 = ORIENTED_EDGE ( 'NONE', *, *, #7382, .F. ) ;
#5543 = CARTESIAN_POINT ( 'NONE',  ( 1.887450347125740446, 24.99999999999999289, 4.369159897985255725 ) ) ;
#5544 = CARTESIAN_POINT ( 'NONE',  ( -4.674335629824510896, 25.00000000000000000, -0.8444444444444445530 ) ) ;
#5545 = CARTESIAN_POINT ( 'NONE',  ( -4.726214076872039094, 24.39416767231361405, -0.5371028788625313855 ) ) ;
#5546 = EDGE_CURVE ( 'NONE', #6052, #7316, #5495, .T. ) ;
#5547 = AXIS2_PLACEMENT_3D ( 'NONE', #1739, #6339, #619 ) ;
#5548 = VECTOR ( 'NONE', #5960, 1000.000000000000000 ) ;
#5549 = CARTESIAN_POINT ( 'NONE',  ( 6.086423802949727069, 10.47740639749285840, 13.72552163825726446 ) ) ;
#5550 = ORIENTED_EDGE ( 'NONE', *, *, #2758, .F. ) ;
#5551 = CARTESIAN_POINT ( 'NONE',  ( 1.559559217908244477, 31.97766877619274339, 1.959142720776059665 ) ) ;
#5552 = CARTESIAN_POINT ( 'NONE',  ( -13.56897045256122247, 6.516755308982936867, 3.635794674885526767 ) ) ;
#5553 = CARTESIAN_POINT ( 'NONE',  ( 7.372999999999986009, 5.291313635040833852, -12.77041060420529917 ) ) ;
#5554 = CARTESIAN_POINT ( 'NONE',  ( -12.77041060420530627, 9.733274238455827287, 7.372999999999977128 ) ) ;
#5555 = CARTESIAN_POINT ( 'NONE',  ( -2.356506155432344762, 32.01376935690982606, -0.8366608110843875012 ) ) ;
#5556 = DIRECTION ( 'NONE',  ( 0.9872128802938398007, 0.000000000000000000, 0.1594074307613701502 ) ) ;
#5557 = AXIS2_PLACEMENT_3D ( 'NONE', #5592, #5023, #5625 ) ;
#5558 = AXIS2_PLACEMENT_3D ( 'NONE', #3330, #179, #3063 ) ;
#5559 = CARTESIAN_POINT ( 'NONE',  ( -6.098065621218547783, 2.859405590734618752, -13.70822286350295016 ) ) ;
#5560 = ORIENTED_EDGE ( 'NONE', *, *, #5020, .F. ) ;
#5561 = CARTESIAN_POINT ( 'NONE',  ( -4.428317965096966624, 24.50000000000000355, 0.5500000000000014877 ) ) ;
#5562 = CARTESIAN_POINT ( 'NONE',  ( -3.610883317201822429, 11.39480301707497389, 13.47599999999996179 ) ) ;
#5563 = CARTESIAN_POINT ( 'NONE',  ( 1.844271042346433909, 25.44598371290203431, -4.378451940901848971 ) ) ;
#5564 = CARTESIAN_POINT ( 'NONE',  ( -4.674335629824510896, 24.50000000000000000, 0.8444444444444445530 ) ) ;
#5565 = CIRCLE ( 'NONE', #1693, 0.2499999999999998890 ) ;
#5566 = CARTESIAN_POINT ( 'NONE',  ( 1.001306501959543960, 32.00000000000000000, -1.134313735343023488 ) ) ;
#5567 = ORIENTED_EDGE ( 'NONE', *, *, #1475, .F. ) ;
#5568 = CARTESIAN_POINT ( 'NONE',  ( 1.598448410122840890, 32.02262672620886974, 1.922228571261957342 ) ) ;
#5569 = ORIENTED_EDGE ( 'NONE', *, *, #6621, .F. ) ;
#5570 = CARTESIAN_POINT ( 'NONE',  ( 0.000000000000000000, 18.25000000000000355, 5.750000000000001776 ) ) ;
#5571 = CARTESIAN_POINT ( 'NONE',  ( -0.6928203230275489233, 32.00000000000000000, 0.4000000000000031863 ) ) ;
#5572 = AXIS2_PLACEMENT_3D ( 'NONE', #486, #2237, #6792 ) ;
#5573 = CARTESIAN_POINT ( 'NONE',  ( 14.22267327732402009, 11.11646002254784982, 5.365607264222585826 ) ) ;
#5574 = CARTESIAN_POINT ( 'NONE',  ( -10.05105758792067583, 10.53152877861914227, 10.05105758792064918 ) ) ;
#5575 = DIRECTION ( 'NONE',  ( 0.000000000000000000, 0.000000000000000000, -1.000000000000000000 ) ) ;
#5576 = CARTESIAN_POINT ( 'NONE',  ( 0.5715343299929408483, 31.92468505694712277, -2.220708607140628121 ) ) ;
#5577 = ORIENTED_EDGE ( 'NONE', *, *, #6350, .T. ) ;
#5578 = CARTESIAN_POINT ( 'NONE',  ( -2.471479363762427717, 31.99316153361964865, 0.3850295529924878668 ) ) ;
#5579 = VERTEX_POINT ( 'NONE', #4964 ) ;
#5580 = CARTESIAN_POINT ( 'NONE',  ( 1.737845012863503014, 25.06578085489580232, 4.110035857959740468 ) ) ;
#5581 = DIRECTION ( 'NONE',  ( 0.9832820049844586130, -0.1820892601823162482, 0.000000000000000000 ) ) ;
#5582 = ADVANCED_FACE ( 'NONE', ( #5680 ), #6814, .F. ) ;
#5583 = EDGE_CURVE ( 'NONE', #3151, #6093, #4958, .T. ) ;
#5584 = EDGE_CURVE ( 'NONE', #2186, #2364, #6237, .T. ) ;
#5585 = CARTESIAN_POINT ( 'NONE',  ( -12.29760855112341922, 9.362124458063922461, 8.589248411816026163 ) ) ;
#5586 = ORIENTED_EDGE ( 'NONE', *, *, #422, .T. ) ;
#5587 = DIRECTION ( 'NONE',  ( 0.000000000000000000, 0.000000000000000000, -1.000000000000000000 ) ) ;
#5588 = CARTESIAN_POINT ( 'NONE',  ( -9.933175777675664619, 10.75008864231627115, -9.933175777675678830 ) ) ;
#5589 = CARTESIAN_POINT ( 'NONE',  ( 0.9697001396633239123, 31.79513059880542514, 2.345021821882388835 ) ) ;
#5590 = FACE_OUTER_BOUND ( 'NONE', #7192, .T. ) ;
#5591 = CARTESIAN_POINT ( 'NONE',  ( -2.217530681689090066, 31.88631336310443487, -0.5904321898784014033 ) ) ;
#5592 = CARTESIAN_POINT ( 'NONE',  ( -0.2598076211353330112, 25.00000000000000000, -0.1499999999999975797 ) ) ;
#5593 =( BOUNDED_CURVE ( )  B_SPLINE_CURVE ( 3, ( #3885, #988, #2187, #1517 ),
 .UNSPECIFIED., .F., .T. ) 
 B_SPLINE_CURVE_WITH_KNOTS ( ( 4, 4 ),
 ( 4.712388980384687898, 6.283185307179586232 ),
 .UNSPECIFIED. ) 
 CURVE ( )  GEOMETRIC_REPRESENTATION_ITEM ( )  RATIONAL_B_SPLINE_CURVE ( ( 1.000000000000000000, 0.8047378541243646044, 0.8047378541243646044, 1.000000000000000000 ) ) 
 REPRESENTATION_ITEM ( '' )  );
#5594 = CARTESIAN_POINT ( 'NONE',  ( -0.1115857479124203050, 2.525948526270003658, -14.99967948725759648 ) ) ;
#5595 = ORIENTED_EDGE ( 'NONE', *, *, #2448, .T. ) ;
#5596 = ORIENTED_EDGE ( 'NONE', *, *, #1012, .F. ) ;
#5597 = FACE_OUTER_BOUND ( 'NONE', #895, .T. ) ;
#5598 = CARTESIAN_POINT ( 'NONE',  ( 3.610883317201783349, 11.81813635040830590, 13.47599999999997600 ) ) ;
#5599 = B_SPLINE_CURVE_WITH_KNOTS ( 'NONE', 3,
 ( #6441, #4600, #3452, #5350 ),
 .UNSPECIFIED., .F., .F.,
 ( 4, 4 ),
 ( 0.000000000000000000, 0.0001906956393606335583 ),
 .UNSPECIFIED. ) ;
#5600 = CARTESIAN_POINT ( 'NONE',  ( 2.157624602584966578, 25.25000000000000711, -3.057648872117058048 ) ) ;
#5601 = CARTESIAN_POINT ( 'NONE',  ( -4.714782025971556934, 24.05068044824682971, 0.5858691380415931294 ) ) ;
#5602 = CARTESIAN_POINT ( 'NONE',  ( -1.139052268350550682E-14, 12.74805909487751876, 13.72999999999997200 ) ) ;
#5603 = ORIENTED_EDGE ( 'NONE', *, *, #5746, .T. ) ;
#5604 = ADVANCED_FACE ( 'NONE', ( #6781 ), #3359, .T. ) ;
#5605 = DIRECTION ( 'NONE',  ( 0.000000000000000000, 0.000000000000000000, -1.000000000000000000 ) ) ;
#5606 = ORIENTED_EDGE ( 'NONE', *, *, #1412, .F. ) ;
#5607 = DIRECTION ( 'NONE',  ( -0.1820892601823072832, -0.9832820049844602783, 0.000000000000000000 ) ) ;
#5608 = CARTESIAN_POINT ( 'NONE',  ( -10.98076211353313880, 4.610940905122494549, 10.98076211353312992 ) ) ;
#5609 = FACE_OUTER_BOUND ( 'NONE', #4553, .T. ) ;
#5610 = CARTESIAN_POINT ( 'NONE',  ( 2.671623986576875165, 25.13184846849791398, -3.583280421332580179 ) ) ;
#5611 = CARTESIAN_POINT ( 'NONE',  ( -7.372999999999978016, 11.21798030170750060, -12.77041060420530449 ) ) ;
#5612 = CARTESIAN_POINT ( 'NONE',  ( 1.354491895698151538, 25.44964546629596569, 3.446048781789449844 ) ) ;
#5613 = ORIENTED_EDGE ( 'NONE', *, *, #5881, .F. ) ;
#5614 = CARTESIAN_POINT ( 'NONE',  ( -2.487660045000894993, 32.00000017303140254, -0.2858103744138842939 ) ) ;
#5615 = ORIENTED_EDGE ( 'NONE', *, *, #5214, .F. ) ;
#5616 = CARTESIAN_POINT ( 'NONE',  ( 6.737999999999995993, 8.643136350408306967, -11.67055834139906345 ) ) ;
#5617 = CARTESIAN_POINT ( 'NONE',  ( 0.2841180277200280324, 31.79552231504558080, -1.592106859357379722 ) ) ;
#5618 = ADVANCED_FACE ( 'NONE', ( #1106 ), #5836, .T. ) ;
#5619 = CARTESIAN_POINT ( 'NONE',  ( -10.47271712060018523, 9.514559314577670790, 10.76444098496210877 ) ) ;
#5620 = CARTESIAN_POINT ( 'NONE',  ( -9.865116682798158010, 4.621469683741641354, -9.865116682798173997 ) ) ;
#5621 = CARTESIAN_POINT ( 'NONE',  ( -13.56897045256121537, 6.305088642316271752, -1.165454554367647997E-14 ) ) ;
#5622 = DIRECTION ( 'NONE',  ( 0.000000000000000000, 1.000000000000000000, 0.000000000000000000 ) ) ;
#5623 = CARTESIAN_POINT ( 'NONE',  ( 1.540162840307088388, 31.85815509605183138, -2.002188275425757613 ) ) ;
#5624 = CARTESIAN_POINT ( 'NONE',  ( 2.504802053199661760, 25.25000000000000000, -3.738444419044739675 ) ) ;
#5625 = DIRECTION ( 'NONE',  ( -0.8660254037844432595, 0.000000000000000000, -0.4999999999999920064 ) ) ;
#5626 = CARTESIAN_POINT ( 'NONE',  ( -6.426229114366942774, 2.878942189783181060, -13.55587414972207405 ) ) ;
#5627 = VERTEX_POINT ( 'NONE', #3892 ) ;
#5628 = ORIENTED_EDGE ( 'NONE', *, *, #1235, .T. ) ;
#5629 = CARTESIAN_POINT ( 'NONE',  ( 11.67055834139905990, 12.45313635040830746, 6.738000000000000433 ) ) ;
#5630 = CARTESIAN_POINT ( 'NONE',  ( 4.019237886466834553, 5.942921206829995029, -14.99999999999996447 ) ) ;
#5631 = CARTESIAN_POINT ( 'NONE',  ( 2.386241903119069363, 25.25745661011703547, 3.033092215352079624 ) ) ;
#5632 = CARTESIAN_POINT ( 'NONE',  ( 1.660472048566014713, 31.95426935736254137, -1.575962130371412417 ) ) ;
#5633 = CARTESIAN_POINT ( 'NONE',  ( -13.72999999999997200, 11.47805909487751741, -1.054980265589084946E-14 ) ) ;
#5634 =( BOUNDED_SURFACE ( )  B_SPLINE_SURFACE ( 3, 1, ( 
 ( #632, #1260 ),
 ( #3589, #1860 ),
 ( #1293, #7007 ),
 ( #6470, #108 ) ),
 .UNSPECIFIED., .F., .F., .T. ) 
 B_SPLINE_SURFACE_WITH_KNOTS ( ( 4, 4 ),
 ( 2, 2 ),
 ( 0.000000000000000000, 1.000000000000000000 ),
 ( 0.000000000000000000, 1.000000000000000000 ),
 .UNSPECIFIED. ) 
 GEOMETRIC_REPRESENTATION_ITEM ( )  RATIONAL_B_SPLINE_SURFACE ( (
 ( 1.000000000000000000, 1.000000000000000000),
 ( 0.9981293039644412168, 0.9981293039644412168),
 ( 0.9981293039644412168, 0.9981293039644412168),
 ( 1.000000000000000000, 1.000000000000000000) ) ) 
 REPRESENTATION_ITEM ( '' )  SURFACE ( )  );
#5635 = CARTESIAN_POINT ( 'NONE',  ( 1.584592631793856121, 31.75000000000000000, -1.144594947566274223 ) ) ;
#5636 = CARTESIAN_POINT ( 'NONE',  ( -4.465840347318728476, 25.22290488603394465, -0.4306011529718524744 ) ) ;
#5637 = EDGE_LOOP ( 'NONE', ( #2410, #6607, #811, #2082 ) ) ;
#5638 =( NAMED_UNIT ( * ) PLANE_ANGLE_UNIT ( ) SI_UNIT ( $, .RADIAN. ) );
#5639 = EDGE_CURVE ( 'NONE', #6682, #3122, #546, .T. ) ;
#5640 = CARTESIAN_POINT ( 'NONE',  ( 0.6423981066206090329, 31.81212974382016512, -2.224309905979891422 ) ) ;
#5641 = CARTESIAN_POINT ( 'NONE',  ( -14.90702954743871622, 3.925303785894582287, -3.994326528783094243 ) ) ;
#5642 = CARTESIAN_POINT ( 'NONE',  ( 1.688688166494485055, 28.58685396501239495, -2.324893702508834092 ) ) ;
#5643 = CARTESIAN_POINT ( 'NONE',  ( 1.563799494366400200, 25.39639373968525859, 3.370552073001491511 ) ) ;
#5644 = DIRECTION ( 'NONE',  ( 0.000000000000000000, 0.000000000000000000, 1.000000000000000000 ) ) ;
#5645 = CARTESIAN_POINT ( 'NONE',  ( 0.1240611599544582805, 32.00000000000000000, 1.400666669913944062 ) ) ;
#5646 = AXIS2_PLACEMENT_3D ( 'NONE', #804, #2538, #911 ) ;
#5647 = EDGE_CURVE ( 'NONE', #583, #681, #3258, .T. ) ;
#5648 = EDGE_LOOP ( 'NONE', ( #5778, #2220, #1557 ) ) ;
#5649 = CARTESIAN_POINT ( 'NONE',  ( -2.463922979654538548, 32.02262672620886264, 0.4231826441742421174 ) ) ;
#5650 = VERTEX_POINT ( 'NONE', #7442 ) ;
#5651 = CARTESIAN_POINT ( 'NONE',  ( 9.865116682798158010, 12.24146968374164146, 9.865116682798175773 ) ) ;
#5652 = CARTESIAN_POINT ( 'NONE',  ( -2.467184998304224663, 32.00948652079846823, -0.4041899874061207210 ) ) ;
#5653 = AXIS2_PLACEMENT_3D ( 'NONE', #1719, #5909, #6321 ) ;
#5654 = CIRCLE ( 'NONE', #6626, 15.99999999999996980 ) ;
#5655 = CARTESIAN_POINT ( 'NONE',  ( -12.84140690291757636, 9.309016905314292600, 7.756059324772496488 ) ) ;
#5656 = CARTESIAN_POINT ( 'NONE',  ( 2.241030704754478187, 25.18995545337768505, -2.781579041956709464 ) ) ;
#5657 = CARTESIAN_POINT ( 'NONE',  ( 2.230565953296367532, 25.25000000000000000, 3.263453560742579196 ) ) ;
#5658 = CARTESIAN_POINT ( 'NONE',  ( 0.7061018048000422542, 31.89620105565714070, -2.413351271210058435 ) ) ;
#5659 = CARTESIAN_POINT ( 'NONE',  ( -2.233260202834127295, 31.84131709439716573, 0.5672744357169585694 ) ) ;
#5660 = CARTESIAN_POINT ( 'NONE',  ( -2.499999999999999556, 32.02295302177460457, -4.585445847114865633E-16 ) ) ;
#5661 = ADVANCED_FACE ( 'NONE', ( #2800 ), #4578, .F. ) ;
#5662 = CIRCLE ( 'NONE', #1080, 0.2499999999999997780 ) ;
#5663 = CARTESIAN_POINT ( 'NONE',  ( -0.8413996659239979525, 2.565272101693614193, -14.98269065380135601 ) ) ;
#5664 = ORIENTED_EDGE ( 'NONE', *, *, #6226, .T. ) ;
#5665 = ORIENTED_EDGE ( 'NONE', *, *, #2017, .F. ) ;
#5666 = CARTESIAN_POINT ( 'NONE',  ( 0.8973293703137625865, 32.00000000000000000, 0.9542200605072136410 ) ) ;
#5667 = CARTESIAN_POINT ( 'NONE',  ( -6.737999999999972012, 10.19145152308835378, -11.67055834139907411 ) ) ;
#5668 = CARTESIAN_POINT ( 'NONE',  ( 14.59703433459071853, 14.55436123192880160, 2.927030480219185549 ) ) ;
#5669 = AXIS2_PLACEMENT_3D ( 'NONE', #3807, #943, #1621 ) ;
#5670 = AXIS2_PLACEMENT_3D ( 'NONE', #1121, #3414, #5763 ) ;
#5671 = CARTESIAN_POINT ( 'NONE',  ( -4.489988864128728885, 25.25000000000000000, 0.2999999999999999889 ) ) ;
#5672 = EDGE_CURVE ( 'NONE', #5539, #692, #1792, .T. ) ;
#5673 = CARTESIAN_POINT ( 'NONE',  ( 4.019237886466824783, 13.98625454016332981, 14.99999999999996980 ) ) ;
#5674 = EDGE_CURVE ( 'NONE', #6793, #559, #4160, .T. ) ;
#5675 = DIRECTION ( 'NONE',  ( -0.09104463009115212890, 0.9832820049844601673, 0.1576939250741931364 ) ) ;
#5676 = EDGE_CURVE ( 'NONE', #6630, #5142, #1139, .T. ) ;
#5677 = AXIS2_PLACEMENT_3D ( 'NONE', #4191, #5333, #6377 ) ;
#5678 = LINE ( 'NONE', #2227, #1680 ) ;
#5679 = AXIS2_PLACEMENT_3D ( 'NONE', #226, #4816, #7123 ) ;
#5680 = FACE_OUTER_BOUND ( 'NONE', #2244, .T. ) ;
#5681 = ORIENTED_EDGE ( 'NONE', *, *, #7170, .F. ) ;
#5682 = DIRECTION ( 'NONE',  ( 0.8660254037844432595, -6.176597015448187347E-16, 0.4999999999999920064 ) ) ;
#5683 = CARTESIAN_POINT ( 'NONE',  ( 14.90702954743871622, 6.465303785894580990, 3.994326528783101793 ) ) ;
#5684 = CARTESIAN_POINT ( 'NONE',  ( -13.72999999999997200, 9.896528778619144262, -1.054980265589085262E-14 ) ) ;
#5685 = CIRCLE ( 'NONE', #5445, 4.500000000000000000 ) ;
#5686 = LINE ( 'NONE', #6280, #2268 ) ;
#5687 = CARTESIAN_POINT ( 'NONE',  ( 7.372999999999971799, 8.677980301707501454, 12.77041060420530982 ) ) ;
#5688 = CARTESIAN_POINT ( 'NONE',  ( 1.985186810928995627, 25.25000000000000000, -4.038444419044734168 ) ) ;
#5689 = ORIENTED_EDGE ( 'NONE', *, *, #1813, .T. ) ;
#5690 = AXIS2_PLACEMENT_3D ( 'NONE', #273, #5507, #4258 ) ;
#5691 = CARTESIAN_POINT ( 'NONE',  ( -2.208957233183018065, 31.92468505694712277, -0.6153910546614890231 ) ) ;
#5692 = ORIENTED_EDGE ( 'NONE', *, *, #4747, .F. ) ;
#5693 = DIRECTION ( 'NONE',  ( 0.8660254037844362651, 0.000000000000000000, -0.5000000000000039968 ) ) ;
#5694 = CARTESIAN_POINT ( 'NONE',  ( -2.471046007932456323, 31.99451305623288278, -0.3862493881941108653 ) ) ;
#5695 = AXIS2_PLACEMENT_3D ( 'NONE', #5269, #7079, #1084 ) ;
#5696 = TOROIDAL_SURFACE ( 'NONE', #6537, 4.500000000000000000, 0.2500000000000000000 ) ;
#5697 = EDGE_LOOP ( 'NONE', ( #1042, #1784, #3490, #149 ) ) ;
#5698 = CARTESIAN_POINT ( 'NONE',  ( 0.5006243786661385142, 31.79552231504558080, -1.467106859357381943 ) ) ;
#5699 = CARTESIAN_POINT ( 'NONE',  ( 1.737523670746600635, 31.90325221641045061, 1.806579146133738378 ) ) ;
#5700 = CARTESIAN_POINT ( 'NONE',  ( 14.75505934405264874, 11.69049863325152039, 2.699671045420841686 ) ) ;
#5701 = DIRECTION ( 'NONE',  ( 0.09104463009115441874, -0.9832820049844601673, 0.1576939250741919707 ) ) ;
#5702 = CARTESIAN_POINT ( 'NONE',  ( -1.311753616059032242E-14, 12.30811818975502270, 13.47599999999996889 ) ) ;
#5703 = CARTESIAN_POINT ( 'NONE',  ( 14.39910064000739354, 6.559911490432857484, -4.203129641345062062 ) ) ;
#5704 = VERTEX_POINT ( 'NONE', #4035 ) ;
#5705 = ORIENTED_EDGE ( 'NONE', *, *, #6736, .F. ) ;
#5706 = CARTESIAN_POINT ( 'NONE',  ( 0.000000000000000000, 25.45710678118654968, 0.000000000000000000 ) ) ;
#5707 = DIRECTION ( 'NONE',  ( 0.000000000000000000, 0.000000000000000000, -1.000000000000000000 ) ) ;
#5708 = CARTESIAN_POINT ( 'NONE',  ( -4.718050444834180013, 25.25000000000000000, -0.3000000000000000444 ) ) ;
#5709 = CARTESIAN_POINT ( 'NONE',  ( -4.428317965096905340, 25.06699781907633096, 0.5500000000000000444 ) ) ;
#5710 = CARTESIAN_POINT ( 'NONE',  ( -10.05105758792065274, 4.181528778619145292, -10.05105758792067050 ) ) ;
#5711 = DIRECTION ( 'NONE',  ( 0.000000000000000000, 1.000000000000000000, 0.000000000000000000 ) ) ;
#5712 = CARTESIAN_POINT ( 'NONE',  ( 1.724996102581078494, 32.00000000000000000, 1.467314617200978111 ) ) ;
#5713 = EDGE_LOOP ( 'NONE', ( #5824 ) ) ;
#5714 = CARTESIAN_POINT ( 'NONE',  ( 0.9697001396632917158, 31.79513059880542514, -2.345021821882401714 ) ) ;
#5715 = CARTESIAN_POINT ( 'NONE',  ( 11.75107311511845154, 7.872832564513725373, -6.784485226280599690 ) ) ;
#5716 = CARTESIAN_POINT ( 'NONE',  ( -14.99999999999997158, 9.267607571789158172, 4.019237886466824783 ) ) ;
#5717 = ADVANCED_FACE ( 'NONE', ( #66, #6383 ), #3510, .F. ) ;
#5718 = CARTESIAN_POINT ( 'NONE',  ( 2.133059622348381090, 25.45486940119457486, 3.029115729602145812 ) ) ;
#5719 = CARTESIAN_POINT ( 'NONE',  ( 14.99999999999996447, 4.910313635040831848, -4.019237886466831000 ) ) ;
#5720 = ADVANCED_FACE ( 'NONE', ( #6923 ), #4687, .T. ) ;
#5721 = CARTESIAN_POINT ( 'NONE',  ( -2.439834255522081108, 32.15569223156760614, -0.5515634186939757377 ) ) ;
#5722 = ORIENTED_EDGE ( 'NONE', *, *, #4083, .T. ) ;
#5723 = DIRECTION ( 'NONE',  ( 0.000000000000000000, 0.000000000000000000, 1.000000000000000000 ) ) ;
#5724 = EDGE_LOOP ( 'NONE', ( #1140 ) ) ;
#5725 = ORIENTED_EDGE ( 'NONE', *, *, #491, .F. ) ;
#5726 = CARTESIAN_POINT ( 'NONE',  ( -3.126137210125222055, 24.50000000000000000, -0.3000000000000000444 ) ) ;
#5727 = FACE_BOUND ( 'NONE', #6948, .T. ) ;
#5728 = CARTESIAN_POINT ( 'NONE',  ( 2.095474967091717211, 24.00000000000000000, -4.262802442324997720 ) ) ;
#5729 = EDGE_LOOP ( 'NONE', ( #3828, #3238, #2665, #6182, #1741, #3758 ) ) ;
#5730 = CARTESIAN_POINT ( 'NONE',  ( 1.710950711025655213, 25.25000000000000000, -3.563453560742603887 ) ) ;
#5731 = CARTESIAN_POINT ( 'NONE',  ( 9.865116682798173997, 9.133118189755020211, -9.865116682798158010 ) ) ;
#5732 = CARTESIAN_POINT ( 'NONE',  ( -2.370206104252278401, 32.24999998118632050, 0.8006474848475699790 ) ) ;
#5733 = CARTESIAN_POINT ( 'NONE',  ( 11.89052879396032303, 4.281392428210851087, -6.864999999999977121 ) ) ;
#5734 = CARTESIAN_POINT ( 'NONE',  ( -9.865116682798158010, 5.323118189755022378, -9.865116682798173997 ) ) ;
#5735 = EDGE_CURVE ( 'NONE', #4485, #6912, #2141, .T. ) ;
#5736 = EDGE_CURVE ( 'NONE', #109, #4857, #6883, .T. ) ;
#5737 = CARTESIAN_POINT ( 'NONE',  ( 8.224022920506191880, 5.528426034407811329, 12.54466345707110797 ) ) ;
#5738 = EDGE_LOOP ( 'NONE', ( #6238, #343, #1656 ) ) ;
#5739 = ORIENTED_EDGE ( 'NONE', *, *, #7384, .F. ) ;
#5740 = CARTESIAN_POINT ( 'NONE',  ( -3.126137210125222055, 24.50000000000000000, 0.3000000000000000444 ) ) ;
#5741 = CARTESIAN_POINT ( 'NONE',  ( -6.738000000000000433, 6.804784856421687955, 11.67055834139906167 ) ) ;
#5742 = CARTESIAN_POINT ( 'NONE',  ( 14.68396660803343146, 14.70792963266527664, 2.944462337146377173 ) ) ;
#5743 =( BOUNDED_SURFACE ( )  B_SPLINE_SURFACE ( 3, 2, ( 
 ( #6015, #3066, #1935 ),
 ( #7073, #2043, #331 ),
 ( #7224, #5459, #3783 ),
 ( #846, #4316, #4245 ),
 ( #5415, #4845, #1444 ),
 ( #6092, #7188, #4281 ) ),
 .UNSPECIFIED., .F., .F., .T. ) 
 B_SPLINE_SURFACE_WITH_KNOTS ( ( 4, 2, 4 ),
 ( 3, 3 ),
 ( 0.0001962040697717505047, 0.0004506371868516306192, 0.0007050703039315107338 ),
 ( 0.000000000000000000, 1.000000000000000000 ),
 .UNSPECIFIED. ) 
 GEOMETRIC_REPRESENTATION_ITEM ( )  RATIONAL_B_SPLINE_SURFACE ( (
 ( 1.000000000000000000, 0.7071067811865477948, 1.000000000000000000),
 ( 1.000000000000000000, 0.7272618525990555138, 1.000000000000000000),
 ( 1.000000000000000000, 0.7404978363822546372, 1.000000000000000000),
 ( 1.000000000000000000, 0.7548269348957478142, 1.000000000000000000),
 ( 1.000000000000000000, 0.7562122370880458577, 1.000000000000000000),
 ( 1.000000000000000000, 0.7556112545594111385, 1.000000000000000000) ) ) 
 REPRESENTATION_ITEM ( '' )  SURFACE ( )  );
#5744 = CARTESIAN_POINT ( 'NONE',  ( 2.068402832832975768, 25.24999999999873879, -3.126877652627669146 ) ) ;
#5745 = CARTESIAN_POINT ( 'NONE',  ( 6.864999999999994884, 3.123195445285811278, -11.89052879396031237 ) ) ;
#5746 = EDGE_CURVE ( 'NONE', #2355, #2791, #6984, .T. ) ;
#5747 = CARTESIAN_POINT ( 'NONE',  ( 0.5974360651977517200, 31.88631336310443487, -2.215653998953382331 ) ) ;
#5748 = DIRECTION ( 'NONE',  ( 0.1820892601823033141, 0.9832820049844610555, -0.000000000000000000 ) ) ;
#5749 = ORIENTED_EDGE ( 'NONE', *, *, #341, .F. ) ;
#5750 = CARTESIAN_POINT ( 'NONE',  ( 12.77041060420530449, 2.113274238455828957, -7.372999999999980680 ) ) ;
#5751 = CARTESIAN_POINT ( 'NONE',  ( -11.75107311511845332, 10.41283256451372452, 6.784485226280597026 ) ) ;
#5752 = CARTESIAN_POINT ( 'NONE',  ( 10.91270301865563042, 2.231970452561248486, -10.91270301865563042 ) ) ;
#5753 = CARTESIAN_POINT ( 'NONE',  ( 5.750000000000002665, 17.00000000000000000, 0.000000000000000000 ) ) ;
#5754 = CARTESIAN_POINT ( 'NONE',  ( -3.387586103372677180E-15, 8.347617420935414145, 14.90702954743872155 ) ) ;
#5755 = CARTESIAN_POINT ( 'NONE',  ( 1.463250254096337022, 25.40973880238915328, -3.134423784282990066 ) ) ;
#5756 = EDGE_CURVE ( 'NONE', #3185, #3426, #4071, .T. ) ;
#5757 = VERTEX_POINT ( 'NONE', #6340 ) ;
#5758 = DIRECTION ( 'NONE',  ( 0.4235261699687600800, 0.8346194343508465119, 0.3521874261745667201 ) ) ;
#5759 = EDGE_LOOP ( 'NONE', ( #2608, #434, #701 ) ) ;
#5760 = CARTESIAN_POINT ( 'NONE',  ( 1.150568157495848176, 32.00000000000000711, -1.091344410496725814 ) ) ;
#5761 = ORIENTED_EDGE ( 'NONE', *, *, #6223, .F. ) ;
#5762 = CARTESIAN_POINT ( 'NONE',  ( 1.737845010467030882, 24.50000000000000000, 4.110035853808923889 ) ) ;
#5763 = DIRECTION ( 'NONE',  ( -0.9832820049844610555, 0.1820892601823029811, 0.000000000000000000 ) ) ;
#5764 = CARTESIAN_POINT ( 'NONE',  ( 0.1989519857387742896, 32.00000000000000000, 1.944594947566259613 ) ) ;
#5765 = B_SPLINE_CURVE_WITH_KNOTS ( 'NONE', 3,
 ( #7300, #2113, #437, #5524, #2076, #471 ),
 .UNSPECIFIED., .F., .F.,
 ( 4, 2, 4 ),
 ( 0.000000000000000000, 0.0002762685011671178748, 0.0005525370023342357495 ),
 .UNSPECIFIED. ) ;
#5766 = EDGE_CURVE ( 'NONE', #5521, #6715, #6849, .T. ) ;
#5767 = ORIENTED_EDGE ( 'NONE', *, *, #4020, .T. ) ;
#5768 = AXIS2_PLACEMENT_3D ( 'NONE', #1024, #540, #7403 ) ;
#5769 = CARTESIAN_POINT ( 'NONE',  ( -6.737999999999972012, 10.19145152308835378, -11.67055834139907411 ) ) ;
#5770 = CARTESIAN_POINT ( 'NONE',  ( 6.864999999999968239, 13.17139242821085077, 11.89052879396032836 ) ) ;
#5771 = CARTESIAN_POINT ( 'NONE',  ( -10.05105758792067583, 12.11305909487751542, 10.05105758792064918 ) ) ;
#5772 = EDGE_CURVE ( 'NONE', #6977, #7011, #832, .T. ) ;
#5773 = DIRECTION ( 'NONE',  ( -0.8307654264543790079, 9.655864276356549175E-16, 0.5566226784888252954 ) ) ;
#5774 = AXIS2_PLACEMENT_3D ( 'NONE', #489, #3522, #4131 ) ;
#5775 = AXIS2_PLACEMENT_3D ( 'NONE', #1289, #4165, #3584 ) ;
#5776 = CARTESIAN_POINT ( 'NONE',  ( 8.303496001177801844, 5.533520504496483028, 12.49208014622398366 ) ) ;
#5777 = ORIENTED_EDGE ( 'NONE', *, *, #2448, .F. ) ;
#5778 = ORIENTED_EDGE ( 'NONE', *, *, #1013, .T. ) ;
#5779 = CARTESIAN_POINT ( 'NONE',  ( -4.489988864128729773, 24.00000000000000000, 0.3000000000000000444 ) ) ;
#5780 = CARTESIAN_POINT ( 'NONE',  ( -2.102974084481309625, 32.00000000000000000, 0.8000000000000000444 ) ) ;
#5781 = CARTESIAN_POINT ( 'NONE',  ( -14.99999999999996447, 12.29292120682999467, -4.019237886466834553 ) ) ;
#5782 = CARTESIAN_POINT ( 'NONE',  ( 2.958333333333357018, 24.27859547920896688, 5.123983639057915873 ) ) ;
#5783 = FACE_OUTER_BOUND ( 'NONE', #1487, .T. ) ;
#5784 = CARTESIAN_POINT ( 'NONE',  ( -3.957954263291591168, 25.25000000000000000, 0.1003002162887594029 ) ) ;
#5785 = DIRECTION ( 'NONE',  ( -0.4999999999999919509, -0.000000000000000000, 0.8660254037844432595 ) ) ;
#5786 = ORIENTED_EDGE ( 'NONE', *, *, #55, .F. ) ;
#5787 = CIRCLE ( 'NONE', #3130, 0.2500000000000000000 ) ;
#5788 = CARTESIAN_POINT ( 'NONE',  ( 12.77041060420530449, 7.193274238455829028, -7.372999999999980680 ) ) ;
#5789 = CARTESIAN_POINT ( 'NONE',  ( -6.864999999999999325, 10.74319544528581183, 11.89052879396031059 ) ) ;
#5790 = CIRCLE ( 'NONE', #736, 0.2500000000000002220 ) ;
#5791 = CARTESIAN_POINT ( 'NONE',  ( 12.77041060420530449, 2.113274238455828957, -7.372999999999980680 ) ) ;
#5792 = CARTESIAN_POINT ( 'NONE',  ( 0.000000000000000000, 16.00000000000000000, 0.000000000000000000 ) ) ;
#5793 = CARTESIAN_POINT ( 'NONE',  ( -14.90702954743872333, 7.289284087602078799, 3.994326528783080921 ) ) ;
#5794 = CARTESIAN_POINT ( 'NONE',  ( 1.970956466306531762, 24.00000009264201850, -4.324012269631194449 ) ) ;
#5795 = AXIS2_PLACEMENT_3D ( 'NONE', #3920, #6234, #4957 ) ;
#5796 = AXIS2_PLACEMENT_3D ( 'NONE', #893, #7312, #1457 ) ;
#5797 = VERTEX_POINT ( 'NONE', #7035 ) ;
#5798 = EDGE_LOOP ( 'NONE', ( #6533, #1132, #6471, #5739 ) ) ;
#5799 = CARTESIAN_POINT ( 'NONE',  ( 1.737523670747063820, 31.90325221640959441, -1.806579146135726788 ) ) ;
#5800 = CIRCLE ( 'NONE', #4718, 0.2499999999999998612 ) ;
#5801 = ORIENTED_EDGE ( 'NONE', *, *, #1478, .F. ) ;
#5802 = CARTESIAN_POINT ( 'NONE',  ( 0.5715343299929659393, 31.92468505694712988, 2.220708607140621904 ) ) ;
#5803 = CARTESIAN_POINT ( 'NONE',  ( 12.99038105676655341, 1.673333333333332673, -7.499999999999983125 ) ) ;
#5804 = CARTESIAN_POINT ( 'NONE',  ( 0.1129037269997354986, 32.00000000000000000, 1.687781773804305718 ) ) ;
#5805 = CIRCLE ( 'NONE', #6777, 5.750000000000001776 ) ;
#5806 = VERTEX_POINT ( 'NONE', #1851 ) ;
#5807 = CARTESIAN_POINT ( 'NONE',  ( 1.252089749376922079, 31.97743070672902377, -2.168683061557058256 ) ) ;
#5808 = CARTESIAN_POINT ( 'NONE',  ( 13.47599999999997245, 8.709784856421689980, -3.610883317201789566 ) ) ;
#5809 = CARTESIAN_POINT ( 'NONE',  ( -2.398824018558418647, 32.23023509435623879, 0.7089900883397438625 ) ) ;
#5810 = EDGE_CURVE ( 'NONE', #2156, #2253, #582, .T. ) ;
#5811 = CARTESIAN_POINT ( 'NONE',  ( 14.74599999999996491, 4.444646968374167173, 1.773672520132326906E-15 ) ) ;
#5812 = EDGE_CURVE ( 'NONE', #3645, #6687, #627, .T. ) ;
#5813 = EDGE_CURVE ( 'NONE', #4932, #2903, #2911, .T. ) ;
#5814 = CARTESIAN_POINT ( 'NONE',  ( -6.051291826187884304, 4.726796181752584758, 13.74783603030628676 ) ) ;
#5815 = EDGE_LOOP ( 'NONE', ( #6815, #5046, #5705, #3470 ) ) ;
#5816 = ORIENTED_EDGE ( 'NONE', *, *, #336, .F. ) ;
#5817 = CARTESIAN_POINT ( 'NONE',  ( 0.9697001396633241344, 31.79513059880542514, 2.345021821882388835 ) ) ;
#5818 = CARTESIAN_POINT ( 'NONE',  ( -3.610883317201788678, 4.899784856421688595, -13.47599999999997245 ) ) ;
#5819 = CARTESIAN_POINT ( 'NONE',  ( -4.674335629824510896, 25.00000000000000000, 0.8444444444444445530 ) ) ;
#5820 = CARTESIAN_POINT ( 'NONE',  ( 1.916472326521004854, 24.45447768495442631, 2.219427440834084830 ) ) ;
#5821 = CARTESIAN_POINT ( 'NONE',  ( -3.678942412079296176, 8.838195445285812468, -13.72999999999997200 ) ) ;
#5822 = CARTESIAN_POINT ( 'NONE',  ( 2.690472954629909985, 25.00000000000000000, 3.560035853808918294 ) ) ;
#5823 = CARTESIAN_POINT ( 'NONE',  ( 1.560967886602618648, 31.97990502346324959, -1.957506571077175517 ) ) ;
#5824 = ORIENTED_EDGE ( 'NONE', *, *, #5024, .F. ) ;
#5825 = CARTESIAN_POINT ( 'NONE',  ( -12.77041060420529739, 8.886607571789163273, -7.372999999999989562 ) ) ;
#5826 = CARTESIAN_POINT ( 'NONE',  ( -1.139052268350551155E-14, 11.16652877861914561, 13.72999999999997200 ) ) ;
#5827 = CARTESIAN_POINT ( 'NONE',  ( 7.453514773719350117, 10.91030378589458216, 12.90986628304717954 ) ) ;
#5828 = CARTESIAN_POINT ( 'NONE',  ( -14.90702954743872155, 7.077617420935413683, -2.474793802369385375E-15 ) ) ;
#5829 = FACE_OUTER_BOUND ( 'NONE', #2958, .T. ) ;
#5830 = EDGE_CURVE ( 'NONE', #7269, #4061, #3131, .T. ) ;
#5831 = VERTEX_POINT ( 'NONE', #1363 ) ;
#5832 = CARTESIAN_POINT ( 'NONE',  ( 0.5854085817458590801, 32.23023509435594747, 2.431937583449669482 ) ) ;
#5833 = EDGE_CURVE ( 'NONE', #7456, #4151, #5943, .T. ) ;
#5834 = ORIENTED_EDGE ( 'NONE', *, *, #2483, .T. ) ;
#5835 = CARTESIAN_POINT ( 'NONE',  ( 0.8973293703137499300, 32.00000000000000000, -0.9542200605072265196 ) ) ;
#5836 =( BOUNDED_SURFACE ( )  B_SPLINE_SURFACE ( 3, 2, ( 
 ( #4473, #1064, #442 ),
 ( #6126, #7306, #5712 ),
 ( #955, #2835, #5115 ),
 ( #3248, #2155, #1598 ),
 ( #3399, #2119, #4510 ),
 ( #5568, #2694, #6844 ) ),
 .UNSPECIFIED., .F., .F., .T. ) 
 B_SPLINE_SURFACE_WITH_KNOTS ( ( 4, 2, 4 ),
 ( 3, 3 ),
 ( 0.0001962040697717501523, 0.0004506371868516285050, 0.0007050703039315068307 ),
 ( 0.000000000000000000, 1.000000000000000000 ),
 .UNSPECIFIED. ) 
 GEOMETRIC_REPRESENTATION_ITEM ( )  RATIONAL_B_SPLINE_SURFACE ( (
 ( 1.000000000000000000, 0.7071067811865475727, 1.000000000000000000),
 ( 1.000000000000000000, 0.7272618525990550697, 1.000000000000000000),
 ( 1.000000000000000000, 0.7404978363822544152, 1.000000000000000000),
 ( 1.000000000000000000, 0.7548269348957475922, 1.000000000000000000),
 ( 1.000000000000000000, 0.7562122370880455247, 1.000000000000000000),
 ( 1.000000000000000000, 0.7556112545594108054, 1.000000000000000000) ) ) 
 REPRESENTATION_ITEM ( '' )  SURFACE ( )  );
#5837 = ORIENTED_EDGE ( 'NONE', *, *, #877, .F. ) ;
#5838 = DIRECTION ( 'NONE',  ( 0.000000000000000000, 1.000000000000000000, 0.000000000000000000 ) ) ;
#5839 = CARTESIAN_POINT ( 'NONE',  ( 0.05001545617311114328, 32.00000000000000000, -1.686629311255593455 ) ) ;
#5840 = CYLINDRICAL_SURFACE ( 'NONE', #4948, 5.750000000000001776 ) ;
#5841 = ORIENTED_EDGE ( 'NONE', *, *, #1796, .F. ) ;
#5842 = CARTESIAN_POINT ( 'NONE',  ( 2.690472962858590389, 24.43423101369556960, -3.560035868061533382 ) ) ;
#5843 = CARTESIAN_POINT ( 'NONE',  ( 0.9461939677112051195, 31.91936402391278804, 2.330139435892530475 ) ) ;
#5844 = CARTESIAN_POINT ( 'NONE',  ( 11.67055834139907411, 8.921451523088354207, -6.737999999999973788 ) ) ;
#5845 = DIRECTION ( 'NONE',  ( -0.000000000000000000, -1.000000000000000000, -0.000000000000000000 ) ) ;
#5846 = CARTESIAN_POINT ( 'NONE',  ( -7.372999999999978016, 6.137980301707500530, -12.77041060420530449 ) ) ;
#5847 = B_SPLINE_CURVE_WITH_KNOTS ( 'NONE', 3,
 ( #2480, #1384, #1416, #862 ),
 .UNSPECIFIED., .F., .F.,
 ( 4, 4 ),
 ( 0.000000000000000000, 5.299399598851480605E-05 ),
 .UNSPECIFIED. ) ;
#5848 = EDGE_CURVE ( 'NONE', #1897, #1877, #766, .T. ) ;
#5849 = CARTESIAN_POINT ( 'NONE',  ( 12.99429986782852176, 6.752605807931873372, -7.512526868388766488 ) ) ;
#5850 = ORIENTED_EDGE ( 'NONE', *, *, #5113, .F. ) ;
#5851 = ORIENTED_EDGE ( 'NONE', *, *, #2038, .F. ) ;
#5852 = CARTESIAN_POINT ( 'NONE',  ( -13.47599999999997777, 11.43572576154418563, 3.610883317201784237 ) ) ;
#5853 = DIRECTION ( 'NONE',  ( 0.8502208435324433156, 0.5264261745230576217, 0.000000000000000000 ) ) ;
#5854 = CARTESIAN_POINT ( 'NONE',  ( -1.783544617532631271, 31.75000000000000000, 0.5500000000000000444 ) ) ;
#5855 = FACE_OUTER_BOUND ( 'NONE', #7239, .T. ) ;
#5856 = CARTESIAN_POINT ( 'NONE',  ( 1.150982338402395611, 31.99999999999999289, -0.8077734511005025819 ) ) ;
#5857 = VERTEX_POINT ( 'NONE', #6661 ) ;
#5858 = CARTESIAN_POINT ( 'NONE',  ( -14.74599999999996847, 9.521607571789163060, 3.951178791589317285 ) ) ;
#5859 = CARTESIAN_POINT ( 'NONE',  ( 9.933175777675668172, 11.89449923118039010, 9.933175777675682383 ) ) ;
#5860 = CARTESIAN_POINT ( 'NONE',  ( 7.453514773719363440, 7.523637119227917225, -12.90986628304717421 ) ) ;
#5861 = CARTESIAN_POINT ( 'NONE',  ( 3.994326528783094243, 5.595950754268746330, -14.90702954743871622 ) ) ;
#5862 = CARTESIAN_POINT ( 'NONE',  ( 13.79407547554032654, 14.05414578643672563, 2.766019345975812893 ) ) ;
#5863 = EDGE_CURVE ( 'NONE', #2236, #699, #174, .T. ) ;
#5864 = ORIENTED_EDGE ( 'NONE', *, *, #464, .T. ) ;
#5865 = CARTESIAN_POINT ( 'NONE',  ( 0.3985185769034602643, 32.00000000000000000, 2.468032200734593395 ) ) ;
#5866 = VERTEX_POINT ( 'NONE', #6086 ) ;
#5867 = CARTESIAN_POINT ( 'NONE',  ( -2.487803634196402491, 32.02284278307602250, 0.2841408041911634430 ) ) ;
#5868 = DIRECTION ( 'NONE',  ( -0.9999999999999994449, 3.052344517188614704E-08, 0.000000000000000000 ) ) ;
#5869 = CARTESIAN_POINT ( 'NONE',  ( 2.199371847313114081, 25.40973880238915683, -2.709423784282996461 ) ) ;
#5870 = CARTESIAN_POINT ( 'NONE',  ( 14.99999999999996625, 6.541666666666665186, -4.019237886466831000 ) ) ;
#5871 = CARTESIAN_POINT ( 'NONE',  ( 0.1989519857387462565, 32.00000000000000000, -1.944594947566260279 ) ) ;
#5872 = FACE_OUTER_BOUND ( 'NONE', #4632, .T. ) ;
#5873 = CARTESIAN_POINT ( 'NONE',  ( -6.738000000000000433, 11.88478485642168891, 11.67055834139906167 ) ) ;
#5874 =( BOUNDED_SURFACE ( )  B_SPLINE_SURFACE ( 3, 2, ( 
 ( #6939, #1544, #4496 ),
 ( #1620, #5555, #7397 ),
 ( #2217, #462, #6764 ),
 ( #983, #398, #2682 ),
 ( #4990, #2744, #5022 ),
 ( #5591, #7325, #2138 ) ),
 .UNSPECIFIED., .F., .F., .T. ) 
 B_SPLINE_SURFACE_WITH_KNOTS ( ( 4, 2, 4 ),
 ( 3, 3 ),
 ( 0.0003919704058547737822, 0.0006464269487765066536, 0.0009008834916982395250 ),
 ( 0.000000000000000000, 1.000000000000000000 ),
 .UNSPECIFIED. ) 
 GEOMETRIC_REPRESENTATION_ITEM ( )  RATIONAL_B_SPLINE_SURFACE ( (
 ( 1.000000000000000000, 0.7071067811865473507, 1.000000000000000000),
 ( 1.000000000000000000, 0.7272618525990733884, 1.000000000000000000),
 ( 1.000000000000000000, 0.7404978363822314336, 1.000000000000000000),
 ( 1.000000000000000000, 0.7548269348957714620, 1.000000000000000000),
 ( 1.000000000000000000, 0.7562122370880287603, 1.000000000000000000),
 ( 1.000000000000000000, 0.7556112545594111385, 1.000000000000000000) ) ) 
 REPRESENTATION_ITEM ( '' )  SURFACE ( )  );
#5875 = ORIENTED_EDGE ( 'NONE', *, *, #2106, .T. ) ;
#5876 = CARTESIAN_POINT ( 'NONE',  ( 0.000000000000000000, 25.50000000000000355, 0.000000000000000000 ) ) ;
#5877 = CARTESIAN_POINT ( 'NONE',  ( 0.6928203230275491453, 31.75000000000000000, -0.4000000000000032974 ) ) ;
#5878 = FACE_OUTER_BOUND ( 'NONE', #5893, .T. ) ;
#5879 = DIRECTION ( 'NONE',  ( -1.000000000000000000, 0.000000000000000000, 0.000000000000000000 ) ) ;
#5880 = CARTESIAN_POINT ( 'NONE',  ( 6.864999999999994884, 4.704725761544184870, -11.89052879396031237 ) ) ;
#5881 = EDGE_CURVE ( 'NONE', #4679, #4571, #3405, .T. ) ;
#5882 = CONICAL_SURFACE ( 'NONE', #5052, 13.25000000000000000, 0.2449786631268645598 ) ;
#5883 = CARTESIAN_POINT ( 'NONE',  ( 1.918453973136580837, 7.497230913332469271, -14.87683806657328134 ) ) ;
#5884 = VERTEX_POINT ( 'NONE', #3059 ) ;
#5885 = CARTESIAN_POINT ( 'NONE',  ( 0.9158305467840203162, 31.97879113482695601, 2.330384095403789324 ) ) ;
#5886 = CARTESIAN_POINT ( 'NONE',  ( 3.610883317201783349, 12.51978485642168870, 13.47599999999997600 ) ) ;
#5887 = ORIENTED_EDGE ( 'NONE', *, *, #6376, .F. ) ;
#5888 = CARTESIAN_POINT ( 'NONE',  ( -10.98076211353314058, 8.059587873496662169, 10.98076211353312814 ) ) ;
#5889 = EDGE_CURVE ( 'NONE', #6469, #5343, #1697, .T. ) ;
#5890 = DIRECTION ( 'NONE',  ( -0.1820892601823072277, -0.9832820049844602783, -0.000000000000000000 ) ) ;
#5891 = FACE_OUTER_BOUND ( 'NONE', #5178, .T. ) ;
#5892 = DIRECTION ( 'NONE',  ( 0.000000000000000000, 0.000000000000000000, 1.000000000000000000 ) ) ;
#5893 = EDGE_LOOP ( 'NONE', ( #5189, #6213, #7262, #1716 ) ) ;
#5894 = CARTESIAN_POINT ( 'NONE',  ( -10.79482120841064763, 9.944940905122495067, 10.79482120841063164 ) ) ;
#5895 = CARTESIAN_POINT ( 'NONE',  ( 13.47599999999997245, 2.928136350408307109, -3.610883317201789566 ) ) ;
#5896 = CARTESIAN_POINT ( 'NONE',  ( -3.951178791589339934, 5.288274238455828780, 14.74599999999996136 ) ) ;
#5897 = CLOSED_SHELL ( 'NONE', ( #3310, #3613, #2615, #1904, #5582, #6922, #405, #1261, #4407, #5051, #1963, #3353, #3377, #2969, #2923, #1562, #5025, #5717, #6917, #1782, #5997, #4817, #5376, #5490, #6136, #5256, #2442, #7335, #5, #4561, #1795, #154, #3675, #1179, #6722, #1567, #2811, #2419, #5661, #232, #3774, #2494, #4327, #3040, #4389, #4308, #6597, #953, #7446, #2173, #1328, #3576, #6920, #7189, #688, #5604, #7399, #4567, #4267, #171, #1849, #6217, #4148, #7090, #6919, #4147, #2990, #3507, #2062, #385, #1352, #5493, #3083, #4726, #4890, #268, #1736, #6826, #2579, #5254, #5528, #6359, #3677, #5420, #2899, #105, #6721, #151, #790, #4476, #5970, #1370, #2134, #6994, #243, #6595, #5360, #5129, #2243, #732, #642, #3056, #3291, #2205, #3996, #2756, #6702, #4500, #5496, #7247, #6355, #7327, #466, #4627, #4024, #4592, #4498, #4184, #338, #2807, #4399, #5353, #1862, #578, #6085, #4702, #3874, #6791, #3530, #4059, #5720, #3923, #7059, #235, #1588, #867, #5618, #2381, #564, #7142, #7019, #428, #3719, #1496, #784, #5222, #6827, #6551, #2693, #4043, #1790, #1514, #1421, #2103, #7431, #1275, #2825, #4145, #935, #2153, #2193, #7058, #4202, #690, #2734, #3907, #1587, #2887, #3762, #7005, #6512, #3441, #4665, #4815, #1420, #3217, #2133, #3491, #2674, #6885, #1101, #6644, #1033 ) ) ;
#5898 = EDGE_CURVE ( 'NONE', #441, #5142, #2026, .T. ) ;
#5899 = CARTESIAN_POINT ( 'NONE',  ( 1.584592631793871886, 32.00000000000000000, 1.144594947566251575 ) ) ;
#5900 = CARTESIAN_POINT ( 'NONE',  ( -2.755455298081539256E-15, 8.508646968374167230, 14.99999999999996803 ) ) ;
#5901 = EDGE_CURVE ( 'NONE', #1067, #1067, #5654, .T. ) ;
#5902 = CARTESIAN_POINT ( 'NONE',  ( -2.471332816216366357, 31.99361857213138549, 0.3854420693056991309 ) ) ;
#5903 = EDGE_CURVE ( 'NONE', #2931, #1846, #3982, .T. ) ;
#5904 = EDGE_LOOP ( 'NONE', ( #3687 ) ) ;
#5905 = CIRCLE ( 'NONE', #4221, 2.500000000000000000 ) ;
#5906 = CIRCLE ( 'NONE', #6035, 0.2499999999999998890 ) ;
#5907 = CARTESIAN_POINT ( 'NONE',  ( -3.689820984012683880, 25.45486940119457842, -0.3327259559394480926 ) ) ;
#5908 = ORIENTED_EDGE ( 'NONE', *, *, #3853, .T. ) ;
#5909 = DIRECTION ( 'NONE',  ( -0.09104463009115253136, 0.9832820049844610555, -0.1576939250741887233 ) ) ;
#5910 = CARTESIAN_POINT ( 'NONE',  ( -2.217530681689084737, 31.88631336310442776, 0.5904321898784081757 ) ) ;
#5911 = CARTESIAN_POINT ( 'NONE',  ( -1.482997761908788403, 32.00000000000000000, 0.3759803211577627535 ) ) ;
#5912 = CARTESIAN_POINT ( 'NONE',  ( 13.21297650602664930, 12.71702710125638092, 2.649496060710951451 ) ) ;
#5913 = CARTESIAN_POINT ( 'NONE',  ( -10.79482120841063697, 3.594940905122495423, -10.79482120841064230 ) ) ;
#5914 = CARTESIAN_POINT ( 'NONE',  ( 2.039382577144063458, 24.50000000000000000, 2.432314239684244761 ) ) ;
#5915 = AXIS2_PLACEMENT_3D ( 'NONE', #7215, #3312, #1053 ) ;
#5916 = VECTOR ( 'NONE', #2052, 1000.000000000000000 ) ;
#5917 = CARTESIAN_POINT ( 'NONE',  ( 9.865116682798173997, 4.053118189755021028, -9.865116682798158010 ) ) ;
#5918 = ORIENTED_EDGE ( 'NONE', *, *, #3037, .F. ) ;
#5919 = CIRCLE ( 'NONE', #6392, 0.2499999999999999722 ) ;
#5920 = CARTESIAN_POINT ( 'NONE',  ( 2.643957722821864920, 24.00000000000000000, -3.946135775658336176 ) ) ;
#5921 = CARTESIAN_POINT ( 'NONE',  ( 14.92258079999996845, 3.597334032765081790, 1.522032282006974935 ) ) ;
#5922 = CARTESIAN_POINT ( 'NONE',  ( 13.47599999999997245, 2.928136350408307109, -3.610883317201789566 ) ) ;
#5923 = DIRECTION ( 'NONE',  ( 0.000000000000000000, 0.000000000000000000, 1.000000000000000000 ) ) ;
#5924 = CARTESIAN_POINT ( 'NONE',  ( -13.72999999999996668, 11.26639242821085318, -3.678942412079319269 ) ) ;
#5925 = VECTOR ( 'NONE', #4436, 1000.000000000000000 ) ;
#5926 = AXIS2_PLACEMENT_3D ( 'NONE', #5061, #1019, #3311 ) ;
#5927 = EDGE_CURVE ( 'NONE', #699, #4932, #6251, .T. ) ;
#5928 = VECTOR ( 'NONE', #6070, 999.9999999999998863 ) ;
#5929 = ORIENTED_EDGE ( 'NONE', *, *, #5903, .F. ) ;
#5930 = FACE_OUTER_BOUND ( 'NONE', #3667, .T. ) ;
#5931 = CARTESIAN_POINT ( 'NONE',  ( 9.865116682798154457, 12.94311818975502426, 9.865116682798175773 ) ) ;
#5932 = CARTESIAN_POINT ( 'NONE',  ( -7.499999999999991118, 8.271254540163329949, 12.99038105676654986 ) ) ;
#5933 = CARTESIAN_POINT ( 'NONE',  ( 14.99999999999996980, 4.884587873496668564, 0.000000000000000000 ) ) ;
#5934 = CIRCLE ( 'NONE', #5695, 0.2499999999999999445 ) ;
#5935 = CARTESIAN_POINT ( 'NONE',  ( 2.504802053199661760, 24.25000000000000000, -3.738444419044739231 ) ) ;
#5936 = CARTESIAN_POINT ( 'NONE',  ( 13.90968315663419475, 1.561057531508079688, -5.614364650213673258 ) ) ;
#5937 = ORIENTED_EDGE ( 'NONE', *, *, #2078, .F. ) ;
#5938 = CARTESIAN_POINT ( 'NONE',  ( -4.739432689913659402, 24.00000000000000000, 0.3166666666666662633 ) ) ;
#5939 = CARTESIAN_POINT ( 'NONE',  ( 6.737999999999965794, 11.84386211195247540, 11.67055834139907944 ) ) ;
#5940 = CARTESIAN_POINT ( 'NONE',  ( 0.6166147573477765986, 31.85628794847269418, 2.214305517852308114 ) ) ;
#5941 = CARTESIAN_POINT ( 'NONE',  ( 4.019237886466834553, 10.83698030170749860, -14.99999999999996447 ) ) ;
#5942 = CARTESIAN_POINT ( 'NONE',  ( -3.678942412079296176, 10.41972576154418562, -13.72999999999997200 ) ) ;
#5943 = B_SPLINE_CURVE_WITH_KNOTS ( 'NONE', 3,
 ( #324, #2535, #3734, #2493 ),
 .UNSPECIFIED., .F., .F.,
 ( 4, 4 ),
 ( 5.421010862427522170E-20, 0.0001938939034487256567 ),
 .UNSPECIFIED. ) ;
#5944 = VERTEX_POINT ( 'NONE', #5910 ) ;
#5945 = DIRECTION ( 'NONE',  ( -0.4999999999999879541, 0.000000000000000000, 0.8660254037844457020 ) ) ;
#5946 = ORIENTED_EDGE ( 'NONE', *, *, #1478, .T. ) ;
#5947 = VERTEX_POINT ( 'NONE', #7078 ) ;
#5948 = PLANE ( 'NONE',  #756 ) ;
#5949 = CARTESIAN_POINT ( 'NONE',  ( 2.605831711031869613, 24.27709511396606956, 3.652230613537570836 ) ) ;
#5950 = CARTESIAN_POINT ( 'NONE',  ( 13.21297645056471026, 13.41867553260109425, 2.649496049589595614 ) ) ;
#5951 = EDGE_CURVE ( 'NONE', #4536, #4511, #3593, .T. ) ;
#5952 = CARTESIAN_POINT ( 'NONE',  ( -3.951178791589339934, 5.288274238455828780, 14.74599999999996136 ) ) ;
#5953 = DIRECTION ( 'NONE',  ( 0.000000000000000000, 0.000000000000000000, -1.000000000000000000 ) ) ;
#5954 = CARTESIAN_POINT ( 'NONE',  ( 1.130292643901110283, 32.02306389446474810, 2.248312659949958547 ) ) ;
#5955 = CARTESIAN_POINT ( 'NONE',  ( -1.783544617532631715, 32.00000000000000000, -0.8000000000000000444 ) ) ;
#5956 = ORIENTED_EDGE ( 'NONE', *, *, #5354, .F. ) ;
#5957 = DIRECTION ( 'NONE',  ( 0.000000000000000000, 1.000000000000000000, -0.000000000000000000 ) ) ;
#5958 = DIRECTION ( 'NONE',  ( -0.8974320931210459928, -0.000000000000000000, 0.4411526246509008264 ) ) ;
#5959 = CARTESIAN_POINT ( 'NONE',  ( 12.77764800572655979, 13.28457801691124551, 4.820464452850399262 ) ) ;
#5960 = DIRECTION ( 'NONE',  ( -0.000000000000000000, -1.000000000000000000, -0.000000000000000000 ) ) ;
#5961 = CARTESIAN_POINT ( 'NONE',  ( 2.605712924672003883, 25.22299185172013480, 3.652346811438499596 ) ) ;
#5962 = CARTESIAN_POINT ( 'NONE',  ( -0.05062255099258141516, 7.602667197697719814, -14.99993527127406168 ) ) ;
#5963 = ORIENTED_EDGE ( 'NONE', *, *, #6452, .F. ) ;
#5964 = DIRECTION ( 'NONE',  ( -0.1820892601823071721, -0.9832820049844601673, 0.000000000000000000 ) ) ;
#5965 = CARTESIAN_POINT ( 'NONE',  ( 3.610883317201813991, 9.742392428210848720, -13.47599999999996356 ) ) ;
#5966 = CARTESIAN_POINT ( 'NONE',  ( 10.79482120841063342, 8.889646968374167457, 10.79482120841064230 ) ) ;
#5967 = CYLINDRICAL_SURFACE ( 'NONE', #5325, 0.2500000000000002220 ) ;
#5968 = CARTESIAN_POINT ( 'NONE',  ( 1.376947820037059289, 31.97743070733820403, -2.096596220720669201 ) ) ;
#5969 = CARTESIAN_POINT ( 'NONE',  ( 1.596869147200187022, 32.02121782900725577, 1.923544858782481715 ) ) ;
#5970 = ADVANCED_FACE ( 'NONE', ( #5385 ), #7181, .T. ) ;
#5971 = CARTESIAN_POINT ( 'NONE',  ( 1.288411423339144601, 25.18993509706624323, 3.331594046275498933 ) ) ;
#5972 = EDGE_LOOP ( 'NONE', ( #3173 ) ) ;
#5973 = DIRECTION ( 'NONE',  ( -0.000000000000000000, -1.000000000000000000, -0.000000000000000000 ) ) ;
#5974 = CARTESIAN_POINT ( 'NONE',  ( -9.865116682798179326, 5.705528778619144425, 9.865116682798152681 ) ) ;
#5975 = CARTESIAN_POINT ( 'NONE',  ( 0.9168877568771389708, 31.97766877619272918, -2.330189261802819711 ) ) ;
#5976 = CARTESIAN_POINT ( 'NONE',  ( -10.98076211353313347, 6.603646968374166093, -10.98076211353313347 ) ) ;
#5977 = CARTESIAN_POINT ( 'NONE',  ( 3.678942412079318824, 9.996392428210851833, -13.72999999999996668 ) ) ;
#5978 = ORIENTED_EDGE ( 'NONE', *, *, #472, .F. ) ;
#5979 = DIRECTION ( 'NONE',  ( 0.000000000000000000, -0.1583515888048946108, -0.9873827901695297893 ) ) ;
#5980 = ORIENTED_EDGE ( 'NONE', *, *, #5397, .F. ) ;
#5981 = CARTESIAN_POINT ( 'NONE',  ( -3.957954263291591168, 25.25000000000000000, -5.043990431826353084E-16 ) ) ;
#5982 = CARTESIAN_POINT ( 'NONE',  ( -4.481120867445740785, 24.24999999999999645, -0.3663620105895936119 ) ) ;
#5983 = CARTESIAN_POINT ( 'NONE',  ( 2.761861682218331726, 24.29464569419235787, 3.866718742581794821 ) ) ;
#5984 = CARTESIAN_POINT ( 'NONE',  ( 14.74599999999996491, 6.769940905122496133, 1.773672520132325329E-15 ) ) ;
#5985 = CARTESIAN_POINT ( 'NONE',  ( 14.99999999999996803, 4.698646968374166732, 7.703719777548943412E-31 ) ) ;
#5986 = CARTESIAN_POINT ( 'NONE',  ( 1.604893074669145214, 31.97774935185006129, 1.922142638901849221 ) ) ;
#5987 = EDGE_CURVE ( 'NONE', #292, #1498, #1069, .T. ) ;
#5988 =( BOUNDED_SURFACE ( )  B_SPLINE_SURFACE ( 3, 2, ( 
 ( #6811, #2116, #7334 ),
 ( #1595, #3889, #914 ),
 ( #7407, #6200, #2226 ),
 ( #3243, #2690, #6091 ),
 ( #3204, #5526, #4507 ),
 ( #365, #3356, #3284 ) ),
 .UNSPECIFIED., .F., .F., .T. ) 
 B_SPLINE_SURFACE_WITH_KNOTS ( ( 4, 2, 4 ),
 ( 3, 3 ),
 ( 0.0003323826445475364273, 0.0007246908430540056770, 0.001116999041560474927 ),
 ( 0.000000000000000000, 1.000000000000000000 ),
 .UNSPECIFIED. ) 
 GEOMETRIC_REPRESENTATION_ITEM ( )  RATIONAL_B_SPLINE_SURFACE ( (
 ( 1.000000000000000000, 0.6411794687223780764, 1.000000000000000000),
 ( 1.000000000000000000, 0.6406246728299462845, 1.000000000000000000),
 ( 1.000000000000000000, 0.6545041186311312265, 1.000000000000000000),
 ( 1.000000000000000000, 0.6852809834408234435, 1.000000000000000000),
 ( 1.000000000000000000, 0.7014220286130821158, 1.000000000000000000),
 ( 1.000000000000000000, 0.7071067811865523467, 1.000000000000000000) ) ) 
 REPRESENTATION_ITEM ( '' )  SURFACE ( )  );
#5989 = FACE_OUTER_BOUND ( 'NONE', #5381, .T. ) ;
#5990 = ORIENTED_EDGE ( 'NONE', *, *, #4879, .T. ) ;
#5991 = LINE ( 'NONE', #6640, #1467 ) ;
#5992 = CARTESIAN_POINT ( 'NONE',  ( -2.460515426983058251, 31.88938372160081514, -0.5861348679485085533 ) ) ;
#5993 = CARTESIAN_POINT ( 'NONE',  ( -13.72999999999997556, 5.028195445285811083, 3.678942412079292623 ) ) ;
#5994 = CARTESIAN_POINT ( 'NONE',  ( -2.500000000000000000, 32.02295302177460457, -4.105135772943446133E-17 ) ) ;
#5995 = CARTESIAN_POINT ( 'NONE',  ( 1.333604902303747508, 31.76195118383389016, 1.209871448013003947 ) ) ;
#5996 = CARTESIAN_POINT ( 'NONE',  ( -10.79482120841063697, 11.42964696837416660, -10.79482120841064230 ) ) ;
#5997 = ADVANCED_FACE ( 'NONE', ( #3941 ), #5948, .F. ) ;
#5998 = CARTESIAN_POINT ( 'NONE',  ( 0.000000000000000000, 34.25000000000000000, 0.000000000000000000 ) ) ;
#5999 = CARTESIAN_POINT ( 'NONE',  ( 3.460037270292961153, 7.412610749582305480, -14.59885597639393850 ) ) ;
#6000 = ORIENTED_EDGE ( 'NONE', *, *, #6695, .T. ) ;
#6001 = CARTESIAN_POINT ( 'NONE',  ( 2.183614732012261861, 25.27049273080755043, -3.155156648713017375 ) ) ;
#6002 = CARTESIAN_POINT ( 'NONE',  ( 6.737999999999995993, 4.450725761544184422, -11.67055834139906345 ) ) ;
#6003 = CARTESIAN_POINT ( 'NONE',  ( -3.951178791589339934, 8.042980301707501667, 14.74599999999996314 ) ) ;
#6004 = DIRECTION ( 'NONE',  ( 0.09324017297625954159, 0.8346194343508341884, 0.5428781354477731913 ) ) ;
#6005 = CARTESIAN_POINT ( 'NONE',  ( -3.700871862111484223, 25.39645508342649194, 0.3309877733050117787 ) ) ;
#6006 = DIRECTION ( 'NONE',  ( 0.000000000000000000, -0.1583515888048807885, -0.9873827901695320097 ) ) ;
#6007 = DIRECTION ( 'NONE',  ( 0.000000000000000000, 1.000000000000000000, 0.000000000000000000 ) ) ;
#6008 = ORIENTED_EDGE ( 'NONE', *, *, #7292, .F. ) ;
#6009 = LINE ( 'NONE', #5410, #3712 ) ;
#6010 = CARTESIAN_POINT ( 'NONE',  ( -9.865116682798179326, 5.891469683741640928, 9.865116682798152681 ) ) ;
#6011 = AXIS2_PLACEMENT_3D ( 'NONE', #5296, #2947, #1251 ) ;
#6012 = DIRECTION ( 'NONE',  ( 0.2215620895862582262, 0.9077658602273539490, -0.3561900945616864878 ) ) ;
#6013 = CARTESIAN_POINT ( 'NONE',  ( 14.22267300742533003, 14.56510696249446113, 5.365607731700828609 ) ) ;
#6014 = VECTOR ( 'NONE', #5785, 1000.000000000000000 ) ;
#6015 = CARTESIAN_POINT ( 'NONE',  ( 1.744307365268192189, 32.00000000000000000, -1.421228980661152885 ) ) ;
#6016 = ORIENTED_EDGE ( 'NONE', *, *, #1833, .T. ) ;
#6017 = CARTESIAN_POINT ( 'NONE',  ( -1.783544617532631271, 31.75000000000000000, 0.5500000000000000444 ) ) ;
#6018 = ORIENTED_EDGE ( 'NONE', *, *, #1796, .T. ) ;
#6019 = CARTESIAN_POINT ( 'NONE',  ( 14.99784946666663643, 4.444646968374167173, 0.2539908959123997612 ) ) ;
#6020 = CARTESIAN_POINT ( 'NONE',  ( -4.428317965096905340, 24.43300218092367970, -0.5500000000000000444 ) ) ;
#6021 = CARTESIAN_POINT ( 'NONE',  ( 0.4154583366848570991, 31.75000000000000000, -1.819594947566262277 ) ) ;
#6022 = CARTESIAN_POINT ( 'NONE',  ( 14.74599999999996491, 6.981607571789161248, -3.951178791589324391 ) ) ;
#6023 = CARTESIAN_POINT ( 'NONE',  ( -4.428317965096905340, 25.00000000000000000, -0.5500000000000000444 ) ) ;
#6024 = CARTESIAN_POINT ( 'NONE',  ( 1.602339697521306228, 32.02261892321258330, 1.918986058768361591 ) ) ;
#6025 = CARTESIAN_POINT ( 'NONE',  ( -1.275043498356853489, 32.00000000000000000, -0.3000000000000000444 ) ) ;
#6026 = AXIS2_PLACEMENT_3D ( 'NONE', #4637, #5311, #1797 ) ;
#6027 = AXIS2_PLACEMENT_3D ( 'NONE', #2691, #5076, #3890 ) ;
#6028 = ORIENTED_EDGE ( 'NONE', *, *, #3738, .F. ) ;
#6029 = CARTESIAN_POINT ( 'NONE',  ( 0.6596826811492318976, 31.75000000000000000, -2.242603920623771785 ) ) ;
#6030 = DIRECTION ( 'NONE',  ( 0.000000000000000000, 0.000000000000000000, -1.000000000000000000 ) ) ;
#6031 = CARTESIAN_POINT ( 'NONE',  ( 1.924043515127846993, 25.25000000000000000, 4.063631651982033688 ) ) ;
#6032 = CARTESIAN_POINT ( 'NONE',  ( 2.241112758782706660, 25.18981771911717615, 2.781721163702470356 ) ) ;
#6033 = CARTESIAN_POINT ( 'NONE',  ( -4.734450261956355099, 24.25445640912885636, -0.3912367671146288473 ) ) ;
#6034 = CIRCLE ( 'NONE', #1928, 2.250000000000000444 ) ;
#6035 = AXIS2_PLACEMENT_3D ( 'NONE', #4211, #5237, #3485 ) ;
#6036 = CIRCLE ( 'NONE', #5679, 1.270000088504638525 ) ;
#6037 = CARTESIAN_POINT ( 'NONE',  ( 0.000000000000000000, 32.25000000000000000, 0.000000000000000000 ) ) ;
#6038 = EDGE_CURVE ( 'NONE', #7097, #1600, #1707, .T. ) ;
#6039 = CARTESIAN_POINT ( 'NONE',  ( 3.148022608257933008, 7.429880174179909424, -14.66956261793516880 ) ) ;
#6040 = VERTEX_POINT ( 'NONE', #5698 ) ;
#6041 = CARTESIAN_POINT ( 'NONE',  ( 1.144084804959620394, 31.97743070672902377, -2.231039745290194443 ) ) ;
#6042 = CARTESIAN_POINT ( 'NONE',  ( 6.784485226280591696, 7.998421975649605109, 11.75107311511845509 ) ) ;
#6043 = EDGE_CURVE ( 'NONE', #4310, #2791, #4974, .T. ) ;
#6044 = CARTESIAN_POINT ( 'NONE',  ( 7.372999999999971799, 13.75798030170749975, 12.77041060420530982 ) ) ;
#6045 = AXIS2_PLACEMENT_3D ( 'NONE', #5070, #5145, #3179 ) ;
#6046 = CARTESIAN_POINT ( 'NONE',  ( -14.90702954743872333, 9.428637119227913033, 3.994326528783080921 ) ) ;
#6047 = EDGE_CURVE ( 'NONE', #5884, #1481, #5934, .T. ) ;
#6048 = CARTESIAN_POINT ( 'NONE',  ( 0.6161551044088771079, 31.85707520959770633, 2.214127188258354195 ) ) ;
#6049 = CARTESIAN_POINT ( 'NONE',  ( -11.89052879396032480, 10.31986211195247805, 6.864999999999974456 ) ) ;
#6050 = AXIS2_PLACEMENT_3D ( 'NONE', #7164, #2057, #3678 ) ;
#6051 = CARTESIAN_POINT ( 'NONE',  ( 13.52621744447005447, 1.616021593148106339, -6.555309835863787349 ) ) ;
#6052 = VERTEX_POINT ( 'NONE', #3381 ) ;
#6053 = CARTESIAN_POINT ( 'NONE',  ( 3.228231138118285770, 1.372053744518438423, -6.691460349796910734 ) ) ;
#6054 = CARTESIAN_POINT ( 'NONE',  ( 6.737999999999965794, 6.949803017074974498, 11.67055834139907766 ) ) ;
#6055 = DIRECTION ( 'NONE',  ( -0.09104463009115441874, 0.9832820049844601673, -0.1576939250741919707 ) ) ;
#6056 = CARTESIAN_POINT ( 'NONE',  ( -4.019237886466830112, 11.26031363504083238, -14.99999999999996447 ) ) ;
#6057 = CARTESIAN_POINT ( 'NONE',  ( -13.72999999999997556, 6.609725761544184230, 3.678942412079292179 ) ) ;
#6058 = ORIENTED_EDGE ( 'NONE', *, *, #1010, .F. ) ;
#6059 = CARTESIAN_POINT ( 'NONE',  ( 14.45818868655338996, 11.69049864109185854, 2.899188835503228923 ) ) ;
#6060 = VERTEX_POINT ( 'NONE', #4173 ) ;
#6061 = DIRECTION ( 'NONE',  ( -1.000000000000000000, 0.000000000000000000, 0.000000000000000000 ) ) ;
#6062 = CARTESIAN_POINT ( 'NONE',  ( 1.675821028116179834, 25.24999999998913225, -3.515323808135588202 ) ) ;
#6063 = CARTESIAN_POINT ( 'NONE',  ( 2.840078291288622214, 24.50000000000000355, 3.819159897985249241 ) ) ;
#6064 = CARTESIAN_POINT ( 'NONE',  ( 7.499999999999973355, 10.56333333333333258, 12.99038105676655697 ) ) ;
#6065 = CARTESIAN_POINT ( 'NONE',  ( -3.678942412079296176, 3.758195445285811509, -13.72999999999997200 ) ) ;
#6066 = CARTESIAN_POINT ( 'NONE',  ( 14.94623666666663730, 2.276528778619144155, 1.268861499135693904 ) ) ;
#6067 = EDGE_CURVE ( 'NONE', #4941, #6052, #2324, .T. ) ;
#6068 = CARTESIAN_POINT ( 'NONE',  ( 0.000000000000000000, 25.45710678118654968, 0.000000000000000000 ) ) ;
#6069 = VERTEX_POINT ( 'NONE', #6293 ) ;
#6070 = DIRECTION ( 'NONE',  ( 0.1820892601823072832, 0.9832820049844602783, -0.000000000000000000 ) ) ;
#6071 = ORIENTED_EDGE ( 'NONE', *, *, #1333, .F. ) ;
#6072 = CARTESIAN_POINT ( 'NONE',  ( -3.678942412079296176, 8.838195445285812468, -13.72999999999997200 ) ) ;
#6073 = B_SPLINE_CURVE_WITH_KNOTS ( 'NONE', 3,
 ( #4562, #2784, #6801, #6153 ),
 .UNSPECIFIED., .F., .F.,
 ( 4, 4 ),
 ( 0.0001815771153211018024, 0.0005534111019894840961 ),
 .UNSPECIFIED. ) ;
#6074 = CARTESIAN_POINT ( 'NONE',  ( -9.865116682798179326, 5.891469683741640040, 9.865116682798152681 ) ) ;
#6075 = CARTESIAN_POINT ( 'NONE',  ( 1.607904173665440917, 31.84131709439716573, 1.650422851056654094 ) ) ;
#6076 = CARTESIAN_POINT ( 'NONE',  ( -8.309123597040267484, 9.665247239009371327, 12.52575734255868767 ) ) ;
#6077 = ORIENTED_EDGE ( 'NONE', *, *, #1090, .T. ) ;
#6078 =( BOUNDED_SURFACE ( )  B_SPLINE_SURFACE ( 3, 2, ( 
 ( #3863, #961, #2013 ),
 ( #6176, #4326, #1000 ),
 ( #4926, #6712, #6637 ),
 ( #4853, #5426, #4290 ) ),
 .UNSPECIFIED., .F., .F., .T. ) 
 B_SPLINE_SURFACE_WITH_KNOTS ( ( 4, 4 ),
 ( 3, 3 ),
 ( 0.000000000000000000, 0.0003665512004500909413 ),
 ( 0.000000000000000000, 1.000000000000000000 ),
 .UNSPECIFIED. ) 
 GEOMETRIC_REPRESENTATION_ITEM ( )  RATIONAL_B_SPLINE_SURFACE ( (
 ( 1.000000000000000000, 0.7687942703292987012, 1.000000000000000000),
 ( 1.000000000000000000, 0.7687940678965454744, 1.000000000000000000),
 ( 1.000000000000000000, 0.7686200530945879184, 1.000000000000000000),
 ( 1.000000000000000000, 0.7682784840441196916, 1.000000000000000000) ) ) 
 REPRESENTATION_ITEM ( '' )  SURFACE ( )  );
#6079 = CYLINDRICAL_SURFACE ( 'NONE', #709, 0.2499999999999995559 ) ;
#6080 = CARTESIAN_POINT ( 'NONE',  ( -13.56897045256121537, 11.38508864231627093, -1.165454554367647997E-14 ) ) ;
#6081 = CARTESIAN_POINT ( 'NONE',  ( -12.77041060420529739, 6.561313635040834313, -7.372999999999989562 ) ) ;
#6082 = DIRECTION ( 'NONE',  ( -0.000000000000000000, -1.000000000000000000, -0.000000000000000000 ) ) ;
#6083 = FACE_OUTER_BOUND ( 'NONE', #2314, .T. ) ;
#6084 = FACE_OUTER_BOUND ( 'NONE', #2982, .T. ) ;
#6085 = ADVANCED_FACE ( 'NONE', ( #2472 ), #4209, .T. ) ;
#6086 = CARTESIAN_POINT ( 'NONE',  ( 2.095474967091777163, 25.50000000000000355, 4.262802442324967522 ) ) ;
#6087 = ORIENTED_EDGE ( 'NONE', *, *, #7222, .T. ) ;
#6088 = CARTESIAN_POINT ( 'NONE',  ( 0.3717199755997356303, 31.99999999999999645, -1.767157541830032708 ) ) ;
#6089 = CARTESIAN_POINT ( 'NONE',  ( -2.476446974785520894, 31.97766877619273629, -0.3710465410268566910 ) ) ;
#6090 = CARTESIAN_POINT ( 'NONE',  ( 1.605857565403556064, 25.13153797893420460, -4.470315590608359813 ) ) ;
#6091 = CARTESIAN_POINT ( 'NONE',  ( -4.465881584472863430, 25.22299185172014191, 0.4304401820161232184 ) ) ;
#6092 = CARTESIAN_POINT ( 'NONE',  ( 1.620094616491304818, 31.88631336310443487, -1.625221809074988366 ) ) ;
#6093 = VERTEX_POINT ( 'NONE', #1828 ) ;
#6094 = CARTESIAN_POINT ( 'NONE',  ( 1.169072924223820031, 28.58685396501239495, -2.624893702508829030 ) ) ;
#6095 = EDGE_LOOP ( 'NONE', ( #5946, #3409, #1023, #1277 ) ) ;
#6096 = CARTESIAN_POINT ( 'NONE',  ( 1.435884116008681044, 24.99999994423126282, -3.587024242708230837 ) ) ;
#6097 = CARTESIAN_POINT ( 'NONE',  ( 14.99999999999996803, 1.435940905122495170, -1.590103938402623224E-31 ) ) ;
#6098 = CARTESIAN_POINT ( 'NONE',  ( 11.89052879396030882, 12.01319544528581140, 6.864999999999999325 ) ) ;
#6099 = LINE ( 'NONE', #5007, #2872 ) ;
#6100 = CARTESIAN_POINT ( 'NONE',  ( 0.000000000000000000, 30.50000000000000000, 0.000000000000000000 ) ) ;
#6101 = EDGE_CURVE ( 'NONE', #3858, #956, #6291, .T. ) ;
#6102 = ORIENTED_EDGE ( 'NONE', *, *, #1011, .T. ) ;
#6103 = CARTESIAN_POINT ( 'NONE',  ( -3.126137210125222055, 24.50000000000000000, 0.5500000000000000444 ) ) ;
#6104 = ORIENTED_EDGE ( 'NONE', *, *, #1559, .T. ) ;
#6105 = CARTESIAN_POINT ( 'NONE',  ( 11.89052879396032303, 7.779862111952478010, -6.864999999999977121 ) ) ;
#6106 = CARTESIAN_POINT ( 'NONE',  ( 14.53347419419000630, 11.64616727677398700, 2.914285256494677512 ) ) ;
#6107 = CARTESIAN_POINT ( 'NONE',  ( 2.133059622348338014, 25.45486940119457842, -3.029115729602175122 ) ) ;
#6108 = CARTESIAN_POINT ( 'NONE',  ( -12.41777355800861038, 9.350865567728012806, 8.415720912586943214 ) ) ;
#6109 = ORIENTED_EDGE ( 'NONE', *, *, #6495, .T. ) ;
#6110 = CARTESIAN_POINT ( 'NONE',  ( 13.47599999999996889, 7.796469683741641177, 1.064203512079386914E-14 ) ) ;
#6111 = CARTESIAN_POINT ( 'NONE',  ( 6.784485226280618342, 9.691755308982937578, -11.75107311511843911 ) ) ;
#6112 = CARTESIAN_POINT ( 'NONE',  ( -3.529611168522895248, 25.18979614807487621, 0.5500000000000000444 ) ) ;
#6113 = DIRECTION ( 'NONE',  ( 0.000000000000000000, 0.000000000000000000, -1.000000000000000000 ) ) ;
#6114 = CARTESIAN_POINT ( 'NONE',  ( -3.941516664322040064, 25.25000000000000000, 0.3000000000000000444 ) ) ;
#6115 = DIRECTION ( 'NONE',  ( -0.09324017297625945833, -0.8346194343508346325, 0.5428781354477727472 ) ) ;
#6116 =( BOUNDED_SURFACE ( )  B_SPLINE_SURFACE ( 3, 2, ( 
 ( #6323, #5236, #3524 ),
 ( #4704, #2360, #1153 ),
 ( #3449, #596, #2882 ),
 ( #6859, #6973, #5204 ),
 ( #6249, #4091, #46 ),
 ( #4635, #6403, #6936 ) ),
 .UNSPECIFIED., .F., .F., .T. ) 
 B_SPLINE_SURFACE_WITH_KNOTS ( ( 4, 2, 4 ),
 ( 3, 3 ),
 ( 0.0003389209895188330162, 0.0006859456879695410153, 0.001032970386420249123 ),
 ( 0.000000000000000000, 1.000000000000000000 ),
 .UNSPECIFIED. ) 
 GEOMETRIC_REPRESENTATION_ITEM ( )  RATIONAL_B_SPLINE_SURFACE ( (
 ( 1.000000000000000000, 0.7071067811865467956, 1.000000000000000000),
 ( 1.000000000000000000, 0.7160278058402561596, 1.000000000000000000),
 ( 1.000000000000000000, 0.7259806387844283115, 1.000000000000000000),
 ( 1.000000000000000000, 0.7430539845803205701, 1.000000000000000000),
 ( 1.000000000000000000, 0.7497101219576838282, 1.000000000000000000),
 ( 1.000000000000000000, 0.7519653661432201819, 1.000000000000000000) ) ) 
 REPRESENTATION_ITEM ( '' )  SURFACE ( )  );
#6117 = CARTESIAN_POINT ( 'NONE',  ( -0.04501744762176686926, 2.522390762447094925, -14.99993835606111325 ) ) ;
#6118 = ORIENTED_EDGE ( 'NONE', *, *, #6179, .F. ) ;
#6119 = EDGE_LOOP ( 'NONE', ( #317, #4666, #6873, #4603 ) ) ;
#6120 = CARTESIAN_POINT ( 'NONE',  ( 0.3777141280430830195, 31.75000000000000000, -1.254220060507220680 ) ) ;
#6121 = CARTESIAN_POINT ( 'NONE',  ( -2.271993306461388862, 31.75000000000000000, -0.5500000000000000444 ) ) ;
#6122 = DIRECTION ( 'NONE',  ( 0.000000000000000000, 0.000000000000000000, -1.000000000000000000 ) ) ;
#6123 = CARTESIAN_POINT ( 'NONE',  ( -2.755455298081539256E-15, 13.77458787349666203, 14.99999999999996803 ) ) ;
#6124 = LINE ( 'NONE', #5566, #2523 ) ;
#6125 = ORIENTED_EDGE ( 'NONE', *, *, #3306, .F. ) ;
#6126 = CARTESIAN_POINT ( 'NONE',  ( 1.878484113480380024, 32.24999998118632050, 1.652334956063477911 ) ) ;
#6127 = ORIENTED_EDGE ( 'NONE', *, *, #1103, .T. ) ;
#6128 = CIRCLE ( 'NONE', #234, 0.2500000000000000000 ) ;
#6129 = CARTESIAN_POINT ( 'NONE',  ( 0.04867855779665643257, 32.00000000000000000, -1.684313735343014651 ) ) ;
#6130 = EDGE_CURVE ( 'NONE', #657, #2931, #6508, .T. ) ;
#6131 = CARTESIAN_POINT ( 'NONE',  ( 12.99038105676654808, 10.98666666666666458, 7.499999999999991118 ) ) ;
#6132 = EDGE_CURVE ( 'NONE', #5232, #6715, #3177, .T. ) ;
#6133 = CARTESIAN_POINT ( 'NONE',  ( -3.678942412079325486, 10.95486211195247783, 13.72999999999996312 ) ) ;
#6134 = FACE_OUTER_BOUND ( 'NONE', #6095, .T. ) ;
#6135 = CARTESIAN_POINT ( 'NONE',  ( 14.99964401006981163, 1.580709089527964295, 0.1124006125142143764 ) ) ;
#6136 = ADVANCED_FACE ( 'NONE', ( #1973 ), #3755, .T. ) ;
#6137 = EDGE_CURVE ( 'NONE', #3192, #4806, #4134, .T. ) ;
#6138 = CARTESIAN_POINT ( 'NONE',  ( 1.361243945096918484, 25.38517669140636812, 3.457743674402956380 ) ) ;
#6139 = VERTEX_POINT ( 'NONE', #4322 ) ;
#6140 = CIRCLE ( 'NONE', #4454, 4.750000000000000000 ) ;
#6141 = DIRECTION ( 'NONE',  ( 0.000000000000000000, 0.000000000000000000, 1.000000000000000000 ) ) ;
#6142 = ORIENTED_EDGE ( 'NONE', *, *, #5766, .T. ) ;
#6143 = CARTESIAN_POINT ( 'NONE',  ( 2.095474967091774943, 25.25000000000000000, 4.262802442324963970 ) ) ;
#6144 = CARTESIAN_POINT ( 'NONE',  ( 11.67055834139905990, 12.45313635040830746, 6.738000000000000433 ) ) ;
#6145 = CARTESIAN_POINT ( 'NONE',  ( -4.713986131243509625, 24.05401628709796924, -0.5920403963148345161 ) ) ;
#6146 = AXIS2_PLACEMENT_3D ( 'NONE', #5755, #5342, #144 ) ;
#6147 = AXIS2_PLACEMENT_3D ( 'NONE', #6521, #3603, #2592 ) ;
#6148 = CIRCLE ( 'NONE', #2532, 0.2499999999999997780 ) ;
#6149 = CARTESIAN_POINT ( 'NONE',  ( -2.593129992277819262, 10.00025010917931212, 14.77415596604791936 ) ) ;
#6150 = VERTEX_POINT ( 'NONE', #1524 ) ;
#6151 = CARTESIAN_POINT ( 'NONE',  ( 2.313871889259824677, 25.38517669140637878, -2.907743674402824219 ) ) ;
#6152 = CARTESIAN_POINT ( 'NONE',  ( 13.56897045256121004, 8.633421975649604008, 3.635794674885564959 ) ) ;
#6153 = CARTESIAN_POINT ( 'NONE',  ( -2.504179498753885014, 31.97743070672902377, 0.000000000000000000 ) ) ;
#6154 = CARTESIAN_POINT ( 'NONE',  ( 14.99999999999996803, 2.716469683741640662, 0.000000000000000000 ) ) ;
#6155 = CARTESIAN_POINT ( 'NONE',  ( -2.220782659824614313, 31.87175867028608423, 0.5809650912535305745 ) ) ;
#6156 = CARTESIAN_POINT ( 'NONE',  ( 1.598448410122844221, 32.02262672620886974, 1.922228571261948238 ) ) ;
#6157 = AXIS2_PLACEMENT_3D ( 'NONE', #4972, #6852, #1637 ) ;
#6158 = EDGE_CURVE ( 'NONE', #7144, #1082, #2549, .T. ) ;
#6159 = AXIS2_PLACEMENT_3D ( 'NONE', #5509, #4899, #1385 ) ;
#6160 = CARTESIAN_POINT ( 'NONE',  ( -12.69553289212558944, 3.331555971544744921, -8.047264800399645424 ) ) ;
#6161 = ORIENTED_EDGE ( 'NONE', *, *, #2366, .F. ) ;
#6162 = EDGE_LOOP ( 'NONE', ( #3279, #57, #6341, #7252 ) ) ;
#6163 = DIRECTION ( 'NONE',  ( -0.000000000000000000, -0.000000000000000000, 1.000000000000000000 ) ) ;
#6164 = CARTESIAN_POINT ( 'NONE',  ( 2.230565953296367532, 25.00000000000000000, 3.263453560742579196 ) ) ;
#6165 = CARTESIAN_POINT ( 'NONE',  ( 2.206449206315687750, 25.24999999998912870, 3.208965486612519680 ) ) ;
#6166 = CARTESIAN_POINT ( 'NONE',  ( 14.99999999999996803, 9.964587873496663306, 7.703719777548943412E-31 ) ) ;
#6167 = VECTOR ( 'NONE', #6480, 1000.000000000000000 ) ;
#6168 = CARTESIAN_POINT ( 'NONE',  ( -11.89052879396032480, 11.90139242821085119, 6.864999999999974456 ) ) ;
#6169 = VERTEX_POINT ( 'NONE', #4923 ) ;
#6170 = CARTESIAN_POINT ( 'NONE',  ( -4.481229999802700092, 25.25000000000000000, -0.3655452639035874363 ) ) ;
#6171 = EDGE_LOOP ( 'NONE', ( #6835, #666, #4597, #2325 ) ) ;
#6172 = DIRECTION ( 'NONE',  ( -1.000000000000000000, 0.000000000000000000, -1.836970198721024018E-16 ) ) ;
#6173 = AXIS2_PLACEMENT_3D ( 'NONE', #259, #2546, #217 ) ;
#6174 = CARTESIAN_POINT ( 'NONE',  ( 9.184850993605126251E-16, 7.785940905122495259, -14.99999999999996803 ) ) ;
#6175 = CARTESIAN_POINT ( 'NONE',  ( 6.864999999999968239, 6.509862111952478436, 11.89052879396032836 ) ) ;
#6176 = CARTESIAN_POINT ( 'NONE',  ( 1.758341878141661541, 25.45447768545453471, -3.271223696790285906 ) ) ;
#6177 = CARTESIAN_POINT ( 'NONE',  ( 3.951178791589330608, 10.58298030170750081, -14.74599999999996314 ) ) ;
#6178 = CARTESIAN_POINT ( 'NONE',  ( 1.559428548321163399, 32.01680792274016341, 1.950078438921519552 ) ) ;
#6179 = EDGE_CURVE ( 'NONE', #7402, #527, #161, .T. ) ;
#6180 = ORIENTED_EDGE ( 'NONE', *, *, #4533, .T. ) ;
#6181 = CARTESIAN_POINT ( 'NONE',  ( -1.275043498356853711, 32.00000000000000000, 0.5928932188134529158 ) ) ;
#6182 = ORIENTED_EDGE ( 'NONE', *, *, #1745, .F. ) ;
#6183 = EDGE_CURVE ( 'NONE', #6529, #2571, #7103, .T. ) ;
#6184 = CARTESIAN_POINT ( 'NONE',  ( 13.47599999999996889, 7.796469683741641177, 1.064203512079386914E-14 ) ) ;
#6185 = CARTESIAN_POINT ( 'NONE',  ( -5.767728874658722305, 9.820689745980253349, 13.85961723552824232 ) ) ;
#6186 = VECTOR ( 'NONE', #7341, 1000.000000000000000 ) ;
#6187 = CARTESIAN_POINT ( 'NONE',  ( -9.865116682798179326, 5.891469683741640928, 9.865116682798152681 ) ) ;
#6188 = CARTESIAN_POINT ( 'NONE',  ( 1.082368573205377308E-14, 10.11508864231626958, -13.56897045256121537 ) ) ;
#6189 = DIRECTION ( 'NONE',  ( -0.8660254037844433705, -0.000000000000000000, -0.4999999999999922284 ) ) ;
#6190 = CARTESIAN_POINT ( 'NONE',  ( -3.712133762045476182, 25.45447768495442631, 0.000000000000000000 ) ) ;
#6191 = CARTESIAN_POINT ( 'NONE',  ( 3.068478155885799197, 25.00000000000000000, 3.625871179020524249 ) ) ;
#6192 = CARTESIAN_POINT ( 'NONE',  ( 0.000000000000000000, 24.75000000000000000, 0.000000000000000000 ) ) ;
#6193 = CARTESIAN_POINT ( 'NONE',  ( -14.93441391581897548, 3.698090961672866328, -1.702143438444028600 ) ) ;
#6194 = EDGE_LOOP ( 'NONE', ( #674, #5133, #4868, #1799 ) ) ;
#6195 = ORIENTED_EDGE ( 'NONE', *, *, #3234, .T. ) ;
#6196 = DIRECTION ( 'NONE',  ( 8.881784197001252323E-16, 0.000000000000000000, -1.000000000000000000 ) ) ;
#6197 = CARTESIAN_POINT ( 'NONE',  ( -11.67055834139906167, 9.913136350408308317, -6.737999999999998657 ) ) ;
#6198 = CARTESIAN_POINT ( 'NONE',  ( 10.98076211353313525, 5.519587873496662134, -10.98076211353313525 ) ) ;
#6199 = DIRECTION ( 'NONE',  ( -0.000000000000000000, -1.000000000000000000, -0.000000000000000000 ) ) ;
#6200 = CARTESIAN_POINT ( 'NONE',  ( -4.726214076872039094, 25.10583232768638950, 0.5371028788625313855 ) ) ;
#6201 = EDGE_CURVE ( 'NONE', #1404, #6487, #3031, .T. ) ;
#6202 = DIRECTION ( 'NONE',  ( 0.000000000000000000, 0.000000000000000000, -1.000000000000000000 ) ) ;
#6203 = CARTESIAN_POINT ( 'NONE',  ( -3.957954263291591168, 25.25000000000000000, -5.043990431826353084E-16 ) ) ;
#6204 = CARTESIAN_POINT ( 'NONE',  ( -4.730182704929492665, 25.49999990735798150, -0.4551077652408863639 ) ) ;
#6205 = ORIENTED_EDGE ( 'NONE', *, *, #7147, .F. ) ;
#6206 = VERTEX_POINT ( 'NONE', #444 ) ;
#6207 = CARTESIAN_POINT ( 'NONE',  ( -2.463922979654538548, 32.02262672620886264, -0.4231826441742396749 ) ) ;
#6208 = CARTESIAN_POINT ( 'NONE',  ( -12.99038105676654986, 8.632607571789163714, -7.499999999999991118 ) ) ;
#6209 = CARTESIAN_POINT ( 'NONE',  ( 3.678942412079318824, 8.414862111952478685, -13.72999999999996668 ) ) ;
#6210 = CARTESIAN_POINT ( 'NONE',  ( 14.70723117849958150, 12.71702706962722651, 2.949127401659014769 ) ) ;
#6211 = CARTESIAN_POINT ( 'NONE',  ( -3.951178791589339934, 13.12298030170749996, 14.74599999999996136 ) ) ;
#6212 = CARTESIAN_POINT ( 'NONE',  ( 2.864768569823057387, 25.44931955175316673, -3.790186438776861344 ) ) ;
#6213 = ORIENTED_EDGE ( 'NONE', *, *, #826, .F. ) ;
#6214 = CARTESIAN_POINT ( 'NONE',  ( -2.452302663864947885, 31.89198469374245803, 0.5908283459694957385 ) ) ;
#6215 = VERTEX_POINT ( 'NONE', #2506 ) ;
#6216 = CARTESIAN_POINT ( 'NONE',  ( -1.728818262894561197, 32.04552231504558080, -0.3000000000000000444 ) ) ;
#6217 = ADVANCED_FACE ( 'NONE', ( #5422 ), #165, .T. ) ;
#6218 = PRESENTATION_STYLE_ASSIGNMENT (( #4524 ) ) ;
#6219 = B_SPLINE_CURVE_WITH_KNOTS ( 'NONE', 3,
 ( #1698, #6373, #2974, #6334, #4647, #1133 ),
 .UNSPECIFIED., .F., .F.,
 ( 4, 2, 4 ),
 ( 0.000000000000000000, 0.0002762685011671178748, 0.0005525370023342357495 ),
 .UNSPECIFIED. ) ;
#6220 = CARTESIAN_POINT ( 'NONE',  ( 2.735968493776920418, 10.28886671279678922, 14.77991124593948236 ) ) ;
#6221 = CARTESIAN_POINT ( 'NONE',  ( 3.610883317201814435, 3.774803017074974232, -13.47599999999996356 ) ) ;
#6222 = CARTESIAN_POINT ( 'NONE',  ( -2.217530681689090066, 31.88631336310443487, 0.5904321898784012923 ) ) ;
#6223 = EDGE_CURVE ( 'NONE', #5469, #583, #4967, .T. ) ;
#6224 = CARTESIAN_POINT ( 'NONE',  ( 0.6253560291687185746, 31.84131709439718705, -2.217697286773614440 ) ) ;
#6225 = CARTESIAN_POINT ( 'NONE',  ( 1.849579109663501919, 24.05098849735050948, 4.376234282710271373 ) ) ;
#6226 = EDGE_CURVE ( 'NONE', #441, #67, #3251, .T. ) ;
#6227 = DIRECTION ( 'NONE',  ( -0.000000000000000000, -1.000000000000000000, -0.000000000000000000 ) ) ;
#6228 = CARTESIAN_POINT ( 'NONE',  ( 0.3717803762426190040, 2.500349959490154372, -14.99539205610736126 ) ) ;
#6229 = EDGE_LOOP ( 'NONE', ( #2879 ) ) ;
#6230 = DIRECTION ( 'NONE',  ( 0.000000000000000000, 0.000000000000000000, 1.000000000000000000 ) ) ;
#6231 = CARTESIAN_POINT ( 'NONE',  ( 11.67055834139907411, 8.921451523088354207, -6.737999999999973788 ) ) ;
#6232 = SPHERICAL_SURFACE ( 'NONE', #6045, 0.2500000000000000000 ) ;
#6233 = DIRECTION ( 'NONE',  ( 5.204170427930418917E-15, -0.1583515888048807885, -0.9873827901695320097 ) ) ;
#6234 = DIRECTION ( 'NONE',  ( 1.000000000000000000, 0.000000000000000000, -1.734723475976806897E-15 ) ) ;
#6235 = CYLINDRICAL_SURFACE ( 'NONE', #5299, 15.99999999999996980 ) ;
#6236 = CARTESIAN_POINT ( 'NONE',  ( 0.7469620542538595309, 32.15251890700085369, -2.387272775968764194 ) ) ;
#6237 = LINE ( 'NONE', #6273, #746 ) ;
#6238 = ORIENTED_EDGE ( 'NONE', *, *, #6522, .F. ) ;
#6239 = DIRECTION ( 'NONE',  ( 0.000000000000000000, 1.000000000000000000, 0.000000000000000000 ) ) ;
#6240 = CARTESIAN_POINT ( 'NONE',  ( 1.562001501366091202E-15, 2.866970452561248717, -14.90702954743872155 ) ) ;
#6241 = CARTESIAN_POINT ( 'NONE',  ( 13.72999999999996312, 7.144862111952478223, 3.678942412079326818 ) ) ;
#6242 = CARTESIAN_POINT ( 'NONE',  ( 1.584185102006842927, 25.34430790962910152, 3.395783750317811656 ) ) ;
#6243 = CARTESIAN_POINT ( 'NONE',  ( 3.951178791589330608, 5.502980301707499855, -14.74599999999996314 ) ) ;
#6244 = CARTESIAN_POINT ( 'NONE',  ( 0.000000000000000000, 31.75000000000000000, -0.5500000000000000444 ) ) ;
#6245 = TOROIDAL_SURFACE ( 'NONE', #479, 5.000000000000000000, 0.2500000000000000000 ) ;
#6246 = ORIENTED_EDGE ( 'NONE', *, *, #2920, .F. ) ;
#6247 = CARTESIAN_POINT ( 'NONE',  ( -2.500000000000000444, 32.00000000000000000, -4.585099806364144556E-16 ) ) ;
#6248 = ORIENTED_EDGE ( 'NONE', *, *, #3940, .T. ) ;
#6249 = CARTESIAN_POINT ( 'NONE',  ( -3.700726869312957135, 25.39722150271080281, -0.3310105852461884268 ) ) ;
#6250 = AXIS2_PLACEMENT_3D ( 'NONE', #4921, #6589, #4207 ) ;
#6251 = CIRCLE ( 'NONE', #124, 0.2500000000000002776 ) ;
#6252 = ORIENTED_EDGE ( 'NONE', *, *, #3150, .F. ) ;
#6253 = FACE_OUTER_BOUND ( 'NONE', #4462, .T. ) ;
#6254 = DIRECTION ( 'NONE',  ( 0.000000000000000000, -0.3652683775886292894, 0.9309022571321708961 ) ) ;
#6255 = FACE_OUTER_BOUND ( 'NONE', #4366, .T. ) ;
#6256 = CARTESIAN_POINT ( 'NONE',  ( 14.99999999999996803, 3.858059094877517303, 0.000000000000000000 ) ) ;
#6257 = CIRCLE ( 'NONE', #3002, 0.2500000000000000000 ) ;
#6258 = CARTESIAN_POINT ( 'NONE',  ( 13.47599999999996889, 8.498118189755023977, 1.064203512079386914E-14 ) ) ;
#6259 = EDGE_CURVE ( 'NONE', #3185, #4721, #3050, .T. ) ;
#6260 = CARTESIAN_POINT ( 'NONE',  ( -5.351978804093890041, 2.815781511327728026, -14.01351305532976710 ) ) ;
#6261 = VERTEX_POINT ( 'NONE', #2728 ) ;
#6262 = ORIENTED_EDGE ( 'NONE', *, *, #5987, .T. ) ;
#6263 = CARTESIAN_POINT ( 'NONE',  ( 1.726379468502764469, 32.00000000000000000, 1.464013287048216982 ) ) ;
#6264 = CARTESIAN_POINT ( 'NONE',  ( -13.47599999999996889, 11.03811818975502135, -1.229236914732484010E-14 ) ) ;
#6265 = EDGE_CURVE ( 'NONE', #2364, #7105, #6904, .T. ) ;
#6266 = CARTESIAN_POINT ( 'NONE',  ( 12.99038105676655341, 5.307921206829996130, -7.499999999999983125 ) ) ;
#6267 = AXIS2_PLACEMENT_3D ( 'NONE', #6703, #1441, #2647 ) ;
#6268 = DIRECTION ( 'NONE',  ( -0.000000000000000000, -1.000000000000000000, -0.000000000000000000 ) ) ;
#6269 = CARTESIAN_POINT ( 'NONE',  ( 13.72999999999997200, 2.488195445285811047, -3.678942412079297952 ) ) ;
#6270 = TOROIDAL_SURFACE ( 'NONE', #2413, 0.5080000000000084448, 0.5080000000000084448 ) ;
#6271 = CARTESIAN_POINT ( 'NONE',  ( 1.086754632981141944, 24.50000000000000000, -2.982314239684264567 ) ) ;
#6272 = CIRCLE ( 'NONE', #2416, 15.74999999999996803 ) ;
#6273 = CARTESIAN_POINT ( 'NONE',  ( -5.750000000000002665, 25.25000000000000000, 0.3000000000000000444 ) ) ;
#6274 = ORIENTED_EDGE ( 'NONE', *, *, #3165, .T. ) ;
#6275 = CARTESIAN_POINT ( 'NONE',  ( 0.000000000000000000, 17.25000000000000000, 4.750000000000000000 ) ) ;
#6276 = CARTESIAN_POINT ( 'NONE',  ( 0.7441183017413769418, 31.85936769608591845, -2.423780986306963481 ) ) ;
#6277 = CARTESIAN_POINT ( 'NONE',  ( -3.635794674885563627, 5.967832564513725124, 13.56897045256121181 ) ) ;
#6278 = CARTESIAN_POINT ( 'NONE',  ( 14.99999999999996270, 6.304274238455827906, 4.019237886466843435 ) ) ;
#6279 = AXIS2_PLACEMENT_3D ( 'NONE', #7064, #1812, #4114 ) ;
#6280 = CARTESIAN_POINT ( 'NONE',  ( 14.92258079999996667, 3.067293936748331173, 1.522032282006973380 ) ) ;
#6281 = CARTESIAN_POINT ( 'NONE',  ( 14.99914416678086759, 1.645797472476836276, 0.1775404493410120965 ) ) ;
#6282 = CARTESIAN_POINT ( 'NONE',  ( 1.436019076132674321, 25.00000007791573253, 3.587258000499876420 ) ) ;
#6283 = ORIENTED_EDGE ( 'NONE', *, *, #6223, .T. ) ;
#6284 = AXIS2_PLACEMENT_3D ( 'NONE', #4639, #5957, #4141 ) ;
#6285 = LINE ( 'NONE', #3296, #3868 ) ;
#6286 = ORIENTED_EDGE ( 'NONE', *, *, #1875, .F. ) ;
#6287 = ORIENTED_EDGE ( 'NONE', *, *, #1013, .F. ) ;
#6288 = LINE ( 'NONE', #5271, #6768 ) ;
#6289 = FACE_BOUND ( 'NONE', #4663, .T. ) ;
#6290 = EDGE_CURVE ( 'NONE', #6060, #5884, #6886, .T. ) ;
#6291 = CIRCLE ( 'NONE', #2430, 1.270000081174941009 ) ;
#6292 = ORIENTED_EDGE ( 'NONE', *, *, #10, .T. ) ;
#6293 = CARTESIAN_POINT ( 'NONE',  ( -2.880316708879106624, 24.45447768495442631, 0.3000000000000000444 ) ) ;
#6294 = B_SPLINE_CURVE_WITH_KNOTS ( 'NONE', 3,
 ( #6362, #2787, #3276, #4423 ),
 .UNSPECIFIED., .F., .F.,
 ( 4, 4 ),
 ( 0.003455724438342591253, 0.004300101188483251326 ),
 .UNSPECIFIED. ) ;
#6295 = CARTESIAN_POINT ( 'NONE',  ( -6.738000000000000433, 11.18313635040830789, 11.67055834139906167 ) ) ;
#6296 = CARTESIAN_POINT ( 'NONE',  ( -2.410850900066218383, 31.97645231355604523, 0.6760824578036082055 ) ) ;
#6297 = DIRECTION ( 'NONE',  ( -0.9999999999999995559, 3.052344587360208216E-08, 0.000000000000000000 ) ) ;
#6298 = CARTESIAN_POINT ( 'NONE',  ( -6.737999999999972012, 5.111451523088355486, -11.67055834139907411 ) ) ;
#6299 = CARTESIAN_POINT ( 'NONE',  ( 15.02218539249256679, 6.303951063922694331, 0.5153119322109558365 ) ) ;
#6300 = ORIENTED_EDGE ( 'NONE', *, *, #5898, .T. ) ;
#6301 = ORIENTED_EDGE ( 'NONE', *, *, #4340, .T. ) ;
#6302 = CARTESIAN_POINT ( 'NONE',  ( 0.9147664753264731496, 31.97990502346324249, 2.330591129828171404 ) ) ;
#6303 = CARTESIAN_POINT ( 'NONE',  ( 13.47599999999997245, 3.629784856421688577, -3.610883317201789566 ) ) ;
#6304 = CARTESIAN_POINT ( 'NONE',  ( 0.000000000000000000, 24.25000000000000000, 0.000000000000000000 ) ) ;
#6305 = EDGE_CURVE ( 'NONE', #7377, #7377, #2323, .T. ) ;
#6306 = CARTESIAN_POINT ( 'NONE',  ( 2.447072304242819740, 25.24999999998935962, 3.138453560743173387 ) ) ;
#6307 = CARTESIAN_POINT ( 'NONE',  ( 3.678942412079318824, 3.334862111952478170, -13.72999999999996668 ) ) ;
#6308 = B_SPLINE_CURVE_WITH_KNOTS ( 'NONE', 3,
 ( #7044, #4631, #5304, #4205 ),
 .UNSPECIFIED., .F., .F.,
 ( 4, 4 ),
 ( 7.818293051731876896E-19, 0.0006669470001760962078 ),
 .UNSPECIFIED. ) ;
#6309 = CARTESIAN_POINT ( 'NONE',  ( 0.5734963235812380322, 31.92177851209913086, -2.220325756053639132 ) ) ;
#6310 = DIRECTION ( 'NONE',  ( 0.000000000000000000, -0.000000000000000000, 1.000000000000000000 ) ) ;
#6311 = ORIENTED_EDGE ( 'NONE', *, *, #465, .T. ) ;
#6312 = CARTESIAN_POINT ( 'NONE',  ( 0.6538448422934639570, 31.78152431302689607, -2.232492487119181135 ) ) ;
#6313 = CARTESIAN_POINT ( 'NONE',  ( 10.05105758792065274, 11.80152877861914362, 10.05105758792067228 ) ) ;
#6314 = CARTESIAN_POINT ( 'NONE',  ( -7.499999999999991118, 4.822607571789162328, 12.99038105676654986 ) ) ;
#6315 = CARTESIAN_POINT ( 'NONE',  ( 1.641022971126624208, 25.27020840619747943, 3.469149740698442841 ) ) ;
#6316 = CARTESIAN_POINT ( 'NONE',  ( 9.184850993605136112E-16, 5.968646968374167194, -14.99999999999996803 ) ) ;
#6317 = CARTESIAN_POINT ( 'NONE',  ( 1.609337451527692586, 31.85628794847218614, 1.641156803137639120 ) ) ;
#6318 = ORIENTED_EDGE ( 'NONE', *, *, #4879, .F. ) ;
#6319 = DIRECTION ( 'NONE',  ( 0.000000000000000000, 0.000000000000000000, 1.000000000000000000 ) ) ;
#6320 = ORIENTED_EDGE ( 'NONE', *, *, #6761, .T. ) ;
#6321 = DIRECTION ( 'NONE',  ( 0.000000000000000000, -0.1583515888048807885, -0.9873827901695320097 ) ) ;
#6322 = ORIENTED_EDGE ( 'NONE', *, *, #3213, .F. ) ;
#6323 = CARTESIAN_POINT ( 'NONE',  ( -3.941516664322045393, 25.24999999999997868, -0.2999999999999994893 ) ) ;
#6324 = CARTESIAN_POINT ( 'NONE',  ( 1.985186810928995627, 25.25000000000000000, -4.038444419044734168 ) ) ;
#6325 = CARTESIAN_POINT ( 'NONE',  ( 0.3698479050203820617, 32.00000000000000000, 1.542093458425223051 ) ) ;
#6326 = EDGE_LOOP ( 'NONE', ( #1631, #5816, #5837, #3060 ) ) ;
#6327 = CARTESIAN_POINT ( 'NONE',  ( 0.6423981066205720625, 31.81212974382020064, 2.224309905979792390 ) ) ;
#6328 = CARTESIAN_POINT ( 'NONE',  ( -6.738000000000000433, 11.88478485642168891, 11.67055834139906167 ) ) ;
#6329 = CARTESIAN_POINT ( 'NONE',  ( -2.424341751484019980, 31.94316324104812921, 0.6314767933456083560 ) ) ;
#6330 = CARTESIAN_POINT ( 'NONE',  ( 3.678942412079318824, 9.996392428210851833, -13.72999999999996668 ) ) ;
#6331 = CARTESIAN_POINT ( 'NONE',  ( 8.313766208851337325, 5.534180016551292880, 12.48524523377107975 ) ) ;
#6332 = ORIENTED_EDGE ( 'NONE', *, *, #5672, .F. ) ;
#6333 = ORIENTED_EDGE ( 'NONE', *, *, #2262, .F. ) ;
#6334 = CARTESIAN_POINT ( 'NONE',  ( -2.397453121271053256, 32.23152675840151460, 0.7136048840696501694 ) ) ;
#6335 = CARTESIAN_POINT ( 'NONE',  ( -11.67055834139906167, 10.61478485642168934, -6.737999999999998657 ) ) ;
#6336 = CARTESIAN_POINT ( 'NONE',  ( -7.499999999999980460, 11.65792120682999489, -12.99038105676655341 ) ) ;
#6337 = CARTESIAN_POINT ( 'NONE',  ( 1.147066104981128154, 31.79552231504557369, -1.093883554654025314 ) ) ;
#6338 = LINE ( 'NONE', #687, #848 ) ;
#6339 = DIRECTION ( 'NONE',  ( -0.000000000000000000, -1.000000000000000000, 0.000000000000000000 ) ) ;
#6340 = CARTESIAN_POINT ( 'NONE',  ( 13.47599999999997067, 2.716469683741640662, 0.000000000000000000 ) ) ;
#6341 = ORIENTED_EDGE ( 'NONE', *, *, #2672, .F. ) ;
#6342 = CARTESIAN_POINT ( 'NONE',  ( -10.79482120841064763, 4.864940905122495884, 10.79482120841063164 ) ) ;
#6343 = CARTESIAN_POINT ( 'NONE',  ( -3.635794674885563627, 11.04783256451372253, 13.56897045256121181 ) ) ;
#6344 = CARTESIAN_POINT ( 'NONE',  ( 3.994326528783080921, 10.69863711922791438, 14.90702954743872333 ) ) ;
#6345 = EDGE_CURVE ( 'NONE', #5757, #3187, #5004, .T. ) ;
#6346 = CARTESIAN_POINT ( 'NONE',  ( 13.47599999999996889, 3.418118189755022129, 0.000000000000000000 ) ) ;
#6347 = CARTESIAN_POINT ( 'NONE',  ( -10.91270301865563397, 12.79261742093541088, 10.91270301865562331 ) ) ;
#6348 = CARTESIAN_POINT ( 'NONE',  ( -2.464097259202315815, 32.02192468575398721, 0.4221679253794937692 ) ) ;
#6349 = ORIENTED_EDGE ( 'NONE', *, *, #2987, .T. ) ;
#6350 = EDGE_CURVE ( 'NONE', #3178, #4502, #647, .T. ) ;
#6351 = CARTESIAN_POINT ( 'NONE',  ( 0.6652959308047932119, 31.94316324104820737, 2.415279940913115375 ) ) ;
#6352 = VERTEX_POINT ( 'NONE', #3925 ) ;
#6353 = CARTESIAN_POINT ( 'NONE',  ( -1.783544617532631715, 31.75000000000000000, -0.8000000000000000444 ) ) ;
#6354 =( BOUNDED_CURVE ( )  B_SPLINE_CURVE ( 3, ( #419, #6181, #4013, #2702 ),
 .UNSPECIFIED., .F., .T. ) 
 B_SPLINE_CURVE_WITH_KNOTS ( ( 4, 4 ),
 ( 0.000000000000000000, 1.570796326794898778 ),
 .UNSPECIFIED. ) 
 CURVE ( )  GEOMETRIC_REPRESENTATION_ITEM ( )  RATIONAL_B_SPLINE_CURVE ( ( 1.000000000000000000, 0.8047378541243644934, 0.8047378541243644934, 1.000000000000000000 ) ) 
 REPRESENTATION_ITEM ( '' )  );
#6355 = ADVANCED_FACE ( 'NONE', ( #4547 ), #4985, .T. ) ;
#6356 = ORIENTED_EDGE ( 'NONE', *, *, #5165, .T. ) ;
#6357 = LINE ( 'NONE', #3413, #1934 ) ;
#6358 = CARTESIAN_POINT ( 'NONE',  ( -14.99999999999996447, 3.578333333333332256, -4.019237886466835441 ) ) ;
#6359 = ADVANCED_FACE ( 'NONE', ( #4584 ), #4534, .T. ) ;
#6360 = EDGE_CURVE ( 'NONE', #839, #7422, #810, .T. ) ;
#6361 = CARTESIAN_POINT ( 'NONE',  ( 0.3777141280431015602, 32.00000000000000000, 1.254220060507216461 ) ) ;
#6362 = CARTESIAN_POINT ( 'NONE',  ( 0.8654745695317127563, 32.02262672620886974, 2.345411215436196795 ) ) ;
#6363 = ORIENTED_EDGE ( 'NONE', *, *, #4341, .T. ) ;
#6364 = CARTESIAN_POINT ( 'NONE',  ( 1.737845010467030660, 25.00000000000000000, 4.110035853808923889 ) ) ;
#6365 = AXIS2_PLACEMENT_3D ( 'NONE', #4112, #652, #4681 ) ;
#6366 = CARTESIAN_POINT ( 'NONE',  ( -3.610883317201788678, 9.278136350408304978, -13.47599999999997245 ) ) ;
#6367 = CARTESIAN_POINT ( 'NONE',  ( 11.89052879396032303, 9.361392428210852046, -6.864999999999977121 ) ) ;
#6368 = CARTESIAN_POINT ( 'NONE',  ( 9.709082628276195257E-15, 10.20805909487751784, -13.72999999999997200 ) ) ;
#6369 = AXIS2_PLACEMENT_3D ( 'NONE', #6995, #4621, #5892 ) ;
#6370 = CARTESIAN_POINT ( 'NONE',  ( 11.76631651106891141, 6.870050800004576352, -9.303461534933804344 ) ) ;
#6371 = ORIENTED_EDGE ( 'NONE', *, *, #2843, .T. ) ;
#6372 = ORIENTED_EDGE ( 'NONE', *, *, #3738, .T. ) ;
#6373 = CARTESIAN_POINT ( 'NONE',  ( -2.454581920095604719, 32.09787977043658458, 0.4775696839510946701 ) ) ;
#6374 = FACE_OUTER_BOUND ( 'NONE', #4537, .T. ) ;
#6375 = CARTESIAN_POINT ( 'NONE',  ( -12.99038105676655519, 12.92792120682999624, 7.499999999999979572 ) ) ;
#6376 = EDGE_CURVE ( 'NONE', #4151, #2016, #5082, .T. ) ;
#6377 = DIRECTION ( 'NONE',  ( 0.000000000000000000, 0.000000000000000000, -1.000000000000000000 ) ) ;
#6378 = CARTESIAN_POINT ( 'NONE',  ( -11.89052879396032480, 5.239862111952477974, 6.864999999999974456 ) ) ;
#6379 = CIRCLE ( 'NONE', #3235, 0.2500000000000000000 ) ;
#6380 = EDGE_CURVE ( 'NONE', #3894, #3894, #4640, .T. ) ;
#6381 = EDGE_CURVE ( 'NONE', #2120, #1203, #7092, .T. ) ;
#6382 = FACE_OUTER_BOUND ( 'NONE', #947, .T. ) ;
#6383 = FACE_OUTER_BOUND ( 'NONE', #7376, .T. ) ;
#6384 = EDGE_LOOP ( 'NONE', ( #2775, #2582, #785, #6118 ) ) ;
#6385 = CARTESIAN_POINT ( 'NONE',  ( 7.372999999999986009, 2.536607571789162296, -12.77041060420529917 ) ) ;
#6386 = CARTESIAN_POINT ( 'NONE',  ( 13.56897045256122070, 2.581165897847058854, -3.635794674885533428 ) ) ;
#6387 = AXIS2_PLACEMENT_3D ( 'NONE', #2777, #7390, #6937 ) ;
#6388 = CARTESIAN_POINT ( 'NONE',  ( 7.372999999999971799, 5.923274238455828566, 12.77041060420530982 ) ) ;
#6389 = CARTESIAN_POINT ( 'NONE',  ( 13.46201884230257129, 12.27708635942415327, 2.699434595651384328 ) ) ;
#6390 = PLANE ( 'NONE',  #2891 ) ;
#6391 = CARTESIAN_POINT ( 'NONE',  ( -7.453514773719368769, 13.00428408760207866, 12.90986628304717243 ) ) ;
#6392 = AXIS2_PLACEMENT_3D ( 'NONE', #4761, #1208, #2340 ) ;
#6393 = CARTESIAN_POINT ( 'NONE',  ( -4.674335629824510896, 24.50000000000000000, 0.8444444444444445530 ) ) ;
#6394 = B_SPLINE_CURVE_WITH_KNOTS ( 'NONE', 3,
 ( #7055, #3080, #4295, #6032, #4752, #197 ),
 .UNSPECIFIED., .F., .F.,
 ( 4, 2, 4 ),
 ( 0.000000000000000000, 0.0003518349666765775230, 0.0007036699333531550461 ),
 .UNSPECIFIED. ) ;
#6395 = AXIS2_PLACEMENT_3D ( 'NONE', #1318, #837, #3129 ) ;
#6396 = ORIENTED_EDGE ( 'NONE', *, *, #2805, .T. ) ;
#6397 = CARTESIAN_POINT ( 'NONE',  ( 0.4536835609661856727, 32.01376935690982606, 2.459124600321046294 ) ) ;
#6398 = VERTEX_POINT ( 'NONE', #6207 ) ;
#6399 = CARTESIAN_POINT ( 'NONE',  ( 1.737823001505937270, 31.89202803486757531, -1.828184554347959567 ) ) ;
#6400 = VECTOR ( 'NONE', #4430, 1000.000000000000000 ) ;
#6401 = ORIENTED_EDGE ( 'NONE', *, *, #4791, .T. ) ;
#6402 = B_SPLINE_CURVE_WITH_KNOTS ( 'NONE', 3,
 ( #6023, #6749, #1564, #2622, #925, #3710 ),
 .UNSPECIFIED., .F., .F.,
 ( 4, 2, 4 ),
 ( 0.000000000000000000, 0.0001996580279853903909, 0.0003993160559707807818 ),
 .UNSPECIFIED. ) ;
#6403 = CARTESIAN_POINT ( 'NONE',  ( -3.661611735559153757, 25.44964546629595503, -0.5499999999999997113 ) ) ;
#6404 = CARTESIAN_POINT ( 'NONE',  ( 0.000000000000000000, 0.2499999999999993616, 0.000000000000000000 ) ) ;
#6405 = CARTESIAN_POINT ( 'NONE',  ( 0.4154583366848570991, 31.75000000000000000, -1.819594947566262277 ) ) ;
#6406 = DIRECTION ( 'NONE',  ( 0.000000000000000000, 0.000000000000000000, -1.000000000000000000 ) ) ;
#6407 = EDGE_CURVE ( 'NONE', #260, #567, #1036, .T. ) ;
#6408 = CIRCLE ( 'NONE', #866, 0.2499999999999996669 ) ;
#6409 =( BOUNDED_SURFACE ( )  B_SPLINE_SURFACE ( 3, 2, ( 
 ( #938, #1647, #5551 ),
 ( #2100, #1581, #3272 ),
 ( #7288, #7393, #426 ),
 ( #3304, #5699, #1615 ) ),
 .UNSPECIFIED., .F., .F., .T. ) 
 B_SPLINE_SURFACE_WITH_KNOTS ( ( 4, 4 ),
 ( 3, 3 ),
 ( 0.0009591289067543076622, 0.001061295098466788402 ),
 ( 0.000000000000000000, 1.000000000000000000 ),
 .UNSPECIFIED. ) 
 GEOMETRIC_REPRESENTATION_ITEM ( )  RATIONAL_B_SPLINE_SURFACE ( (
 ( 1.000000000000000000, 0.7314725590610072770, 1.000000000000000000),
 ( 1.000000000000000000, 0.7364911722574255526, 1.000000000000000000),
 ( 1.000000000000000000, 0.7449905211635341473, 1.000000000000000000),
 ( 1.000000000000000000, 0.7556112545594111385, 1.000000000000000000) ) ) 
 REPRESENTATION_ITEM ( '' )  SURFACE ( )  );
#6410 = EDGE_LOOP ( 'NONE', ( #2555, #4194, #3271, #6559, #3744, #5208, #6018, #1916, #4594, #6845, #1938, #7027, #2221, #2185 ) ) ;
#6411 = CARTESIAN_POINT ( 'NONE',  ( 14.74599999999996491, 1.689940905122495618, 1.773672520132329273E-15 ) ) ;
#6412 = CARTESIAN_POINT ( 'NONE',  ( 1.146720213405935462E-14, 9.768118189755021774, -13.47599999999996889 ) ) ;
#6413 = CARTESIAN_POINT ( 'NONE',  ( 1.276194789775406013, 31.77376204665290871, 1.164320825107278523 ) ) ;
#6414 = CARTESIAN_POINT ( 'NONE',  ( 2.676604605143668242E-15, 5.714646968374167635, -14.74599999999996491 ) ) ;
#6415 = CARTESIAN_POINT ( 'NONE',  ( 14.38584794971638381, 6.562401158773403687, -4.248224593866444465 ) ) ;
#6416 = EDGE_LOOP ( 'NONE', ( #5864 ) ) ;
#6417 = ORIENTED_EDGE ( 'NONE', *, *, #4838, .F. ) ;
#6418 = DIRECTION ( 'NONE',  ( -0.06666666666666672125, 1.493843320028147150E-17, -0.9977753031397178507 ) ) ;
#6419 = CARTESIAN_POINT ( 'NONE',  ( -11.67055834139906167, 10.80072576154418584, -6.737999999999999545 ) ) ;
#6420 = CARTESIAN_POINT ( 'NONE',  ( 1.246743903150272503, 25.40973880238915683, 3.259423784282970971 ) ) ;
#6421 = CARTESIAN_POINT ( 'NONE',  ( 1.020239620936804759, 31.79552231504558080, -1.167106859357386561 ) ) ;
#6422 = CARTESIAN_POINT ( 'NONE',  ( 11.89052879396032303, 2.699862111952477939, -6.864999999999977121 ) ) ;
#6423 = CARTESIAN_POINT ( 'NONE',  ( 1.561692449004630001, 31.98101028358551190, -1.956688798734370183 ) ) ;
#6424 = ORIENTED_EDGE ( 'NONE', *, *, #1651, .F. ) ;
#6425 = CARTESIAN_POINT ( 'NONE',  ( 1.822876226197954752, 24.50000000000000000, 2.557314239684245649 ) ) ;
#6426 = CARTESIAN_POINT ( 'NONE',  ( 9.933175777675682383, 8.084499231180391376, -9.933175777675669949 ) ) ;
#6427 = CARTESIAN_POINT ( 'NONE',  ( 12.77041060420530449, 7.193274238455829028, -7.372999999999980680 ) ) ;
#6428 = EDGE_CURVE ( 'NONE', #5521, #2815, #517, .T. ) ;
#6429 = CARTESIAN_POINT ( 'NONE',  ( -3.952474966237778276, 25.25000000000000000, -0.2003002109521675733 ) ) ;
#6430 = CARTESIAN_POINT ( 'NONE',  ( 12.90986628304717598, 10.04095075426874395, -7.453514773719358999 ) ) ;
#6431 = DIRECTION ( 'NONE',  ( 0.000000000000000000, 0.000000000000000000, -1.000000000000000000 ) ) ;
#6432 = ORIENTED_EDGE ( 'NONE', *, *, #5053, .T. ) ;
#6433 = CARTESIAN_POINT ( 'NONE',  ( -3.700883467180792863, 25.39639373968526925, -0.3309859479541428784 ) ) ;
#6434 = ORIENTED_EDGE ( 'NONE', *, *, #5951, .T. ) ;
#6435 = CARTESIAN_POINT ( 'NONE',  ( 1.736981784120049221, 31.89631837659135627, -1.817984773577054014 ) ) ;
#6436 = EDGE_CURVE ( 'NONE', #218, #5258, #3936, .T. ) ;
#6437 = DIRECTION ( 'NONE',  ( 0.000000000000000000, 1.000000000000000000, 0.000000000000000000 ) ) ;
#6438 = EDGE_LOOP ( 'NONE', ( #6028 ) ) ;
#6439 = CARTESIAN_POINT ( 'NONE',  ( 0.3737978946218149523, 31.79552231504558080, -1.540330164060743634 ) ) ;
#6440 = CARTESIAN_POINT ( 'NONE',  ( 13.21297645056471026, 13.41867553260109425, 2.649496049589595614 ) ) ;
#6441 = CARTESIAN_POINT ( 'NONE',  ( -2.515698540010676165, 31.79513059880542514, 0.3327259559394495358 ) ) ;
#6442 = LINE ( 'NONE', #224, #3592 ) ;
#6443 = CARTESIAN_POINT ( 'NONE',  ( 13.47599999999997245, 3.629784856421688577, -3.610883317201789566 ) ) ;
#6444 = B_SPLINE_CURVE_WITH_KNOTS ( 'NONE', 3,
 ( #5015, #2285, #4604, #7425 ),
 .UNSPECIFIED., .F., .F.,
 ( 4, 4 ),
 ( 0.000000000000000000, 5.299399598833522829E-05 ),
 .UNSPECIFIED. ) ;
#6445 = EDGE_LOOP ( 'NONE', ( #6569, #6127, #4019, #556 ) ) ;
#6446 = CARTESIAN_POINT ( 'NONE',  ( 1.249999999999979572, 32.02295302177460457, -2.165063509461108371 ) ) ;
#6447 = DIRECTION ( 'NONE',  ( 0.4999999999999919509, 0.000000000000000000, -0.8660254037844432595 ) ) ;
#6448 = EDGE_CURVE ( 'NONE', #1203, #6352, #1783, .T. ) ;
#6449 = CARTESIAN_POINT ( 'NONE',  ( 12.77764800572655979, 12.58292951089786627, 4.820464452850399262 ) ) ;
#6450 = LINE ( 'NONE', #5323, #1320 ) ;
#6451 = CARTESIAN_POINT ( 'NONE',  ( 13.01848556432378246, 13.72451895914522524, 4.911321564989170163 ) ) ;
#6452 = EDGE_CURVE ( 'NONE', #6352, #7307, #5412, .T. ) ;
#6453 = CARTESIAN_POINT ( 'NONE',  ( 13.24083643409761279, 6.725124135876098919, -7.064903190230357843 ) ) ;
#6454 = VERTEX_POINT ( 'NONE', #6925 ) ;
#6455 = CARTESIAN_POINT ( 'NONE',  ( 1.140188218607286252, 32.01680792274015630, -2.224869275186686757 ) ) ;
#6456 = CARTESIAN_POINT ( 'NONE',  ( -6.737999999999972012, 5.297392428210851101, -11.67055834139907589 ) ) ;
#6457 = EDGE_CURVE ( 'NONE', #7307, #2120, #4067, .T. ) ;
#6458 = CARTESIAN_POINT ( 'NONE',  ( -14.99999999999996803, 7.424587873496662382, -1.836970198721026433E-15 ) ) ;
#6459 = EDGE_CURVE ( 'NONE', #2931, #5391, #3833, .T. ) ;
#6460 = DIRECTION ( 'NONE',  ( 0.8660254037844363761, 0.000000000000000000, -0.5000000000000041078 ) ) ;
#6461 = CARTESIAN_POINT ( 'NONE',  ( 1.463250254096380543, 25.40973880238915683, 3.134423784282969638 ) ) ;
#6462 = CARTESIAN_POINT ( 'NONE',  ( -3.446115750463394800, 25.40973880238915683, 0.3000000000000000444 ) ) ;
#6463 = ORIENTED_EDGE ( 'NONE', *, *, #5395, .F. ) ;
#6464 = CARTESIAN_POINT ( 'NONE',  ( -14.74599999999996491, 4.229940905122496098, -3.579536690155012338E-15 ) ) ;
#6465 = CARTESIAN_POINT ( 'NONE',  ( -6.737999999999972900, 9.303862111952476255, -11.67055834139907589 ) ) ;
#6466 = CARTESIAN_POINT ( 'NONE',  ( -10.79482120841063697, 3.594940905122495423, -10.79482120841064230 ) ) ;
#6467 = CARTESIAN_POINT ( 'NONE',  ( 12.90986628304717065, 14.27428408760207823, 7.453514773719368769 ) ) ;
#6468 = CARTESIAN_POINT ( 'NONE',  ( 1.661166541437862465, 24.23833997306491383, -4.451145347928544993 ) ) ;
#6469 = VERTEX_POINT ( 'NONE', #6497 ) ;
#6470 = CARTESIAN_POINT ( 'NONE',  ( -3.719381752146852627, 25.41533853840699564, -4.592425496802573972E-16 ) ) ;
#6471 = ORIENTED_EDGE ( 'NONE', *, *, #3853, .F. ) ;
#6472 = CARTESIAN_POINT ( 'NONE',  ( 0.8654745695317127563, 32.02262672620886974, 2.345411215436196795 ) ) ;
#6473 = CARTESIAN_POINT ( 'NONE',  ( 0.4763139720814399958, 24.50000000000000000, -0.2750000000000022427 ) ) ;
#6474 = CARTESIAN_POINT ( 'NONE',  ( -1.783544617532630605, 32.00000000000000000, 0.8000000000000000444 ) ) ;
#6475 = FACE_OUTER_BOUND ( 'NONE', #409, .T. ) ;
#6476 = CARTESIAN_POINT ( 'NONE',  ( 12.77041060420530449, 2.113274238455828957, -7.372999999999980680 ) ) ;
#6477 = FACE_OUTER_BOUND ( 'NONE', #1676, .T. ) ;
#6478 = CARTESIAN_POINT ( 'NONE',  ( 6.737999999999965794, 7.651451523088355522, 11.67055834139907766 ) ) ;
#6479 = ORIENTED_EDGE ( 'NONE', *, *, #2342, .T. ) ;
#6480 = DIRECTION ( 'NONE',  ( -1.000000000000000000, 0.000000000000000000, 0.000000000000000000 ) ) ;
#6481 = CARTESIAN_POINT ( 'NONE',  ( -2.476446974785539989, 31.97766877619271497, -0.3710465410267531627 ) ) ;
#6482 = CARTESIAN_POINT ( 'NONE',  ( 3.964352731335151425, 1.372053744518439755, 6.266460349796864726 ) ) ;
#6483 = FACE_OUTER_BOUND ( 'NONE', #2273, .T. ) ;
#6484 = CARTESIAN_POINT ( 'NONE',  ( -6.864999999999974456, 5.551392428210851548, -11.89052879396032303 ) ) ;
#6485 = AXIS2_PLACEMENT_3D ( 'NONE', #3472, #2913, #4655 ) ;
#6486 = CARTESIAN_POINT ( 'NONE',  ( -4.274564179514702467, 7.831624935809454513, -14.39631538379413023 ) ) ;
#6487 = VERTEX_POINT ( 'NONE', #1214 ) ;
#6488 = CARTESIAN_POINT ( 'NONE',  ( -2.857761090718351493, 28.58685396501239495, -0.2999999999999984901 ) ) ;
#6489 = CARTESIAN_POINT ( 'NONE',  ( -6.737999999999999545, 6.990725761544185346, 11.67055834139906167 ) ) ;
#6490 = CARTESIAN_POINT ( 'NONE',  ( 2.504802053199661760, 24.25000000000000000, -3.738444419044739231 ) ) ;
#6491 = DIRECTION ( 'NONE',  ( 0.000000000000000000, 0.000000000000000000, -1.000000000000000000 ) ) ;
#6492 = DIRECTION ( 'NONE',  ( 0.000000000000000000, -0.1583515888048947495, 0.9873827901695297893 ) ) ;
#6493 = TOROIDAL_SURFACE ( 'NONE', #615, 13.99999999999993960, 2.000000000000000000 ) ;
#6494 = EDGE_CURVE ( 'NONE', #4840, #5416, #4339, .T. ) ;
#6495 = EDGE_CURVE ( 'NONE', #310, #1516, #6009, .T. ) ;
#6496 = VERTEX_POINT ( 'NONE', #4358 ) ;
#6497 = CARTESIAN_POINT ( 'NONE',  ( 14.99999999999996980, 1.249999999999999334, 0.000000000000000000 ) ) ;
#6498 = CARTESIAN_POINT ( 'NONE',  ( 13.47599999999996889, 2.716469683741640662, 1.064203512079386914E-14 ) ) ;
#6499 = CARTESIAN_POINT ( 'NONE',  ( 1.598448410122814245, 32.02262672620886264, -1.922228571261973551 ) ) ;
#6500 = CARTESIAN_POINT ( 'NONE',  ( -12.99038105676655519, 7.661980301707499663, 7.499999999999981348 ) ) ;
#6501 = CARTESIAN_POINT ( 'NONE',  ( -11.89052879396032480, 6.821392428210851122, 6.864999999999974456 ) ) ;
#6502 = ORIENTED_EDGE ( 'NONE', *, *, #4980, .F. ) ;
#6503 = AXIS2_PLACEMENT_3D ( 'NONE', #199, #7205, #3685 ) ;
#6504 = CIRCLE ( 'NONE', #7000, 4.750000000000000000 ) ;
#6505 = DIRECTION ( 'NONE',  ( 0.000000000000000000, 1.000000000000000000, 0.000000000000000000 ) ) ;
#6506 = ORIENTED_EDGE ( 'NONE', *, *, #5255, .F. ) ;
#6507 = CARTESIAN_POINT ( 'NONE',  ( 14.90702954743872155, 1.596970452561248699, 6.492092003627991008E-16 ) ) ;
#6508 = LINE ( 'NONE', #6473, #514 ) ;
#6509 = CARTESIAN_POINT ( 'NONE',  ( 2.706115156078042538, 24.25446140145172791, 3.904489554213545155 ) ) ;
#6510 = CARTESIAN_POINT ( 'NONE',  ( -7.499999999999991118, 4.636666666666665826, 12.99038105676654986 ) ) ;
#6511 = CARTESIAN_POINT ( 'NONE',  ( 14.45818868655712208, 11.69049858390187779, 2.899188835503919925 ) ) ;
#6512 = ADVANCED_FACE ( 'NONE', ( #2572 ), #2514, .T. ) ;
#6513 = CARTESIAN_POINT ( 'NONE',  ( -1.329846300186226626, 32.00000000000000000, -0.5609933900481002267 ) ) ;
#6514 = CARTESIAN_POINT ( 'NONE',  ( 0.8606991938946086940, 32.00000049755555409, 2.347167846287231185 ) ) ;
#6515 = AXIS2_PLACEMENT_3D ( 'NONE', #6192, #7259, #399 ) ;
#6516 = TOROIDAL_SURFACE ( 'NONE', #22, 0.5080000000000102212, 0.5080000000000101101 ) ;
#6517 = CARTESIAN_POINT ( 'NONE',  ( 3.610883317201814435, 9.556451523088353994, -13.47599999999996356 ) ) ;
#6518 = ORIENTED_EDGE ( 'NONE', *, *, #6381, .F. ) ;
#6519 = TOROIDAL_SURFACE ( 'NONE', #5926, 4.500000000000000000, 0.2500000000000000000 ) ;
#6520 = CARTESIAN_POINT ( 'NONE',  ( 2.840078269372986686, 24.45020079718654316, -3.819159908725549446 ) ) ;
#6521 = CARTESIAN_POINT ( 'NONE',  ( 1.744307365268211951, 32.25000000000000000, 1.421228980661127794 ) ) ;
#6522 = EDGE_CURVE ( 'NONE', #7422, #4703, #3225, .T. ) ;
#6523 = CARTESIAN_POINT ( 'NONE',  ( -11.67055834139906167, 4.833136350408307358, -6.737999999999998657 ) ) ;
#6524 = DIRECTION ( 'NONE',  ( 0.000000000000000000, -1.000000000000000000, 0.000000000000000000 ) ) ;
#6525 = AXIS2_PLACEMENT_3D ( 'NONE', #1078, #3375, #5693 ) ;
#6526 = CYLINDRICAL_SURFACE ( 'NONE', #2039, 0.2500000000000000000 ) ;
#6527 = AXIS2_PLACEMENT_3D ( 'NONE', #311, #861, #6141 ) ;
#6528 = CARTESIAN_POINT ( 'NONE',  ( -0.001794217139843207187, 7.600094493792910022, -15.00000027283733850 ) ) ;
#6529 = VERTEX_POINT ( 'NONE', #5523 ) ;
#6530 = CARTESIAN_POINT ( 'NONE',  ( 1.252089749376922079, 31.97743070672902377, -2.168683061557058256 ) ) ;
#6531 = CARTESIAN_POINT ( 'NONE',  ( 13.47599999999997067, 3.815725761544184635, -3.610883317201789122 ) ) ;
#6532 = CARTESIAN_POINT ( 'NONE',  ( -3.951178791589322170, 5.926313635040832750, -14.74599999999996491 ) ) ;
#6533 = ORIENTED_EDGE ( 'NONE', *, *, #2920, .T. ) ;
#6534 = CARTESIAN_POINT ( 'NONE',  ( 2.672127081582927666, 25.13083000848440207, -3.582718588642714863 ) ) ;
#6535 = FACE_OUTER_BOUND ( 'NONE', #478, .T. ) ;
#6536 = CARTESIAN_POINT ( 'NONE',  ( 1.435656102228233921, 32.00000000000000000, 0.8866293112555859723 ) ) ;
#6537 = AXIS2_PLACEMENT_3D ( 'NONE', #5461, #3635, #301 ) ;
#6538 = CARTESIAN_POINT ( 'NONE',  ( 4.186014827459664467, 2.290410698744889118, -14.43647115678403914 ) ) ;
#6539 = EDGE_LOOP ( 'NONE', ( #2955, #1829, #3665, #2495 ) ) ;
#6540 = EDGE_CURVE ( 'NONE', #5627, #681, #840, .T. ) ;
#6541 = CARTESIAN_POINT ( 'NONE',  ( -2.438749679651439628, 31.75000000000000000, 0.5500000000000000444 ) ) ;
#6542 = CARTESIAN_POINT ( 'NONE',  ( -13.47599999999996712, 4.858862111952477747, -3.610883317201815323 ) ) ;
#6543 = DIRECTION ( 'NONE',  ( 1.000000000000000000, 0.000000000000000000, 0.000000000000000000 ) ) ;
#6544 = CARTESIAN_POINT ( 'NONE',  ( 7.499999999999973355, 8.931980301707501013, 12.99038105676655874 ) ) ;
#6545 = CARTESIAN_POINT ( 'NONE',  ( -10.05105758792065274, 5.763059094877518440, -10.05105758792067050 ) ) ;
#6546 = ORIENTED_EDGE ( 'NONE', *, *, #6360, .T. ) ;
#6547 = CARTESIAN_POINT ( 'NONE',  ( 14.99999999999996803, 1.689940905122495618, 0.000000000000000000 ) ) ;
#6548 = ORIENTED_EDGE ( 'NONE', *, *, #4083, .F. ) ;
#6549 = CARTESIAN_POINT ( 'NONE',  ( 14.99999999999996980, 1.249999999999999334, 0.000000000000000000 ) ) ;
#6550 = CARTESIAN_POINT ( 'NONE',  ( -3.719381752146851738, 25.41533853840699564, -4.592425496802573972E-16 ) ) ;
#6551 = ADVANCED_FACE ( 'NONE', ( #2496, #1398 ), #944, .T. ) ;
#6552 = CARTESIAN_POINT ( 'NONE',  ( 2.331351150850303533, 25.04098002785078236, -2.938018643556968623 ) ) ;
#6553 = CARTESIAN_POINT ( 'NONE',  ( 15.07370641185083571, 11.35197689055590331, 1.121522863776518220 ) ) ;
#6554 = CARTESIAN_POINT ( 'NONE',  ( 3.951178791589330608, 2.748274238455829632, -14.74599999999996314 ) ) ;
#6555 = DIRECTION ( 'NONE',  ( 0.8660254037844363761, 0.000000000000000000, -0.5000000000000039968 ) ) ;
#6556 = CARTESIAN_POINT ( 'NONE',  ( 1.384334446268490115, 32.02305901559073931, 2.101018891552302037 ) ) ;
#6557 = LINE ( 'NONE', #3183, #3736 ) ;
#6558 = EDGE_CURVE ( 'NONE', #5460, #6949, #4914, .T. ) ;
#6559 = ORIENTED_EDGE ( 'NONE', *, *, #2177, .T. ) ;
#6560 = CARTESIAN_POINT ( 'NONE',  ( -2.217530681689084737, 31.88631336310442776, 0.5904321898784081757 ) ) ;
#6561 = CARTESIAN_POINT ( 'NONE',  ( -4.428317965096905340, 25.00000000000000000, -0.8000000000000000444 ) ) ;
#6562 = CARTESIAN_POINT ( 'NONE',  ( 13.72999999999997200, 2.276528778619144600, 8.868362600661542630E-15 ) ) ;
#6563 = CARTESIAN_POINT ( 'NONE',  ( 11.67055834139905990, 13.15478485642168849, 6.738000000000000433 ) ) ;
#6564 = CARTESIAN_POINT ( 'NONE',  ( 1.540109393435889373, 31.85873187344912694, -2.002095806766197583 ) ) ;
#6565 = CARTESIAN_POINT ( 'NONE',  ( 2.676604605143668242E-15, 10.79464696837416682, -14.74599999999996491 ) ) ;
#6566 = B_SPLINE_CURVE_WITH_KNOTS ( 'NONE', 3,
 ( #2950, #1779, #6429, #1255 ),
 .UNSPECIFIED., .F., .F.,
 ( 4, 4 ),
 ( 0.000000000000000000, 0.0003004499869527098754 ),
 .UNSPECIFIED. ) ;
#6567 = CARTESIAN_POINT ( 'NONE',  ( 2.706046110194514132, 25.24554359087115785, 3.904535816251664571 ) ) ;
#6568 = CARTESIAN_POINT ( 'NONE',  ( -14.51801747496779171, 8.663821880173255607, -3.792878995443829560 ) ) ;
#6569 = ORIENTED_EDGE ( 'NONE', *, *, #7417, .T. ) ;
#6570 = CARTESIAN_POINT ( 'NONE',  ( 0.4154583366848830228, 31.75000000000000000, 1.819594947566257614 ) ) ;
#6571 = CARTESIAN_POINT ( 'NONE',  ( 11.67055834139905990, 13.34072576154418144, 6.737999999999999545 ) ) ;
#6572 = CARTESIAN_POINT ( 'NONE',  ( 7.372999999999971799, 8.677980301707501454, 12.77041060420530982 ) ) ;
#6573 = CARTESIAN_POINT ( 'NONE',  ( 3.068478134568350946, 25.13156170211680873, -3.625871197060990703 ) ) ;
#6574 = CARTESIAN_POINT ( 'NONE',  ( 0.7143427661185203226, 31.89202803486811533, 2.419091143758981932 ) ) ;
#6575 = DIRECTION ( 'NONE',  ( -0.8660254037844364872, 0.000000000000000000, 0.5000000000000037748 ) ) ;
#6576 = B_SPLINE_CURVE_WITH_KNOTS ( 'NONE', 3,
 ( #1047, #5652, #5694, #1644 ),
 .UNSPECIFIED., .F., .F.,
 ( 4, 4 ),
 ( 0.000000000000000000, 6.997314467057543495E-05 ),
 .UNSPECIFIED. ) ;
#6577 = CARTESIAN_POINT ( 'NONE',  ( 13.89313190601349213, 1.563439309094301510, -5.655165721551672853 ) ) ;
#6578 = ORIENTED_EDGE ( 'NONE', *, *, #2746, .F. ) ;
#6579 = DIRECTION ( 'NONE',  ( 0.000000000000000000, 0.000000000000000000, -1.000000000000000000 ) ) ;
#6580 = CARTESIAN_POINT ( 'NONE',  ( -13.47599999999997600, 5.468136350408305368, 3.610883317201784237 ) ) ;
#6581 = B_SPLINE_CURVE_WITH_KNOTS ( 'NONE', 3,
 ( #1969, #2047, #2006, #1405 ),
 .UNSPECIFIED., .F., .F.,
 ( 4, 4 ),
 ( 0.003483317596655934826, 0.003910289856223599786 ),
 .UNSPECIFIED. ) ;
#6582 = DIRECTION ( 'NONE',  ( -0.9832820049844586130, 0.1820892601823164147, 0.000000000000000000 ) ) ;
#6583 = CARTESIAN_POINT ( 'NONE',  ( -12.99038105676655519, 12.74198030170750329, 7.499999999999981348 ) ) ;
#6584 = CARTESIAN_POINT ( 'NONE',  ( 10.05105758792067050, 4.493059094877517978, -10.05105758792065451 ) ) ;
#6585 = B_SPLINE_CURVE_WITH_KNOTS ( 'NONE', 3,
 ( #723, #2335, #3015, #5218 ),
 .UNSPECIFIED., .F., .F.,
 ( 4, 4 ),
 ( 0.0001815771153210976553, 0.0009252450886578658749 ),
 .UNSPECIFIED. ) ;
#6586 = ORIENTED_EDGE ( 'NONE', *, *, #5031, .T. ) ;
#6587 = CARTESIAN_POINT ( 'NONE',  ( -0.4763139720814438260, 25.00000000000000000, -0.2749999999999955813 ) ) ;
#6588 = ORIENTED_EDGE ( 'NONE', *, *, #3608, .F. ) ;
#6589 = DIRECTION ( 'NONE',  ( -0.09104463009115025540, 0.9832820049844609445, 0.1576939250741899445 ) ) ;
#6590 = DIRECTION ( 'NONE',  ( -0.4192507152599302400, 0.9077658602273540600, 0.01378335081642429946 ) ) ;
#6591 = CARTESIAN_POINT ( 'NONE',  ( 2.690472957026448064, 24.43421914510422610, 3.560035857959839234 ) ) ;
#6592 = CARTESIAN_POINT ( 'NONE',  ( 14.92258079999996667, 2.716469683741640662, 1.522032282006972492 ) ) ;
#6593 = CARTESIAN_POINT ( 'NONE',  ( 1.520350358533819168, 25.41533853840699919, 3.384255103830180467 ) ) ;
#6594 = EDGE_CURVE ( 'NONE', #5258, #4806, #7451, .T. ) ;
#6595 = ADVANCED_FACE ( 'NONE', ( #3777 ), #915, .F. ) ;
#6596 = ORIENTED_EDGE ( 'NONE', *, *, #4425, .T. ) ;
#6597 = ADVANCED_FACE ( 'NONE', ( #1365 ), #3268, .F. ) ;
#6598 = CARTESIAN_POINT ( 'NONE',  ( 1.180350733304234234, 24.45447768495442631, 2.644427440834088205 ) ) ;
#6599 = FACE_OUTER_BOUND ( 'NONE', #3335, .T. ) ;
#6600 = EDGE_CURVE ( 'NONE', #3185, #3022, #4198, .T. ) ;
#6601 = CARTESIAN_POINT ( 'NONE',  ( -13.72999999999997200, 4.816528778619145079, -1.054980265589085419E-14 ) ) ;
#6602 = CARTESIAN_POINT ( 'NONE',  ( 1.567317148049546471, 25.25000000000000355, 3.398144956169283137 ) ) ;
#6603 = CARTESIAN_POINT ( 'NONE',  ( 14.99999999999996803, 3.418118189755022129, 0.000000000000000000 ) ) ;
#6604 = CARTESIAN_POINT ( 'NONE',  ( -12.77041060420530627, 12.48798030170750017, 7.372999999999977128 ) ) ;
#6605 = DIRECTION ( 'NONE',  ( 0.000000000000000000, 0.000000000000000000, 1.000000000000000000 ) ) ;
#6606 = CARTESIAN_POINT ( 'NONE',  ( -14.35057724897317222, 9.115313053074530103, 4.471233895151284443 ) ) ;
#6607 = ORIENTED_EDGE ( 'NONE', *, *, #7379, .F. ) ;
#6608 =( BOUNDED_SURFACE ( )  B_SPLINE_SURFACE ( 3, 2, ( 
 ( #389, #5474, #4414 ),
 ( #7168, #1575, #4862 ),
 ( #3117, #5545, #3798 ),
 ( #6145, #865, #2022 ),
 ( #1987, #6033, #315 ),
 ( #1537, #6757, #6720 ) ),
 .UNSPECIFIED., .F., .F., .T. ) 
 B_SPLINE_SURFACE_WITH_KNOTS ( ( 4, 2, 4 ),
 ( 3, 3 ),
 ( 0.0003323826445475364273, 0.0007246908430540056770, 0.001116999041560474927 ),
 ( 0.000000000000000000, 1.000000000000000000 ),
 .UNSPECIFIED. ) 
 GEOMETRIC_REPRESENTATION_ITEM ( )  RATIONAL_B_SPLINE_SURFACE ( (
 ( 1.000000000000000000, 0.6411794687223780764, 1.000000000000000000),
 ( 1.000000000000000000, 0.6406246728299459514, 1.000000000000000000),
 ( 1.000000000000000000, 0.6545041186311312265, 1.000000000000000000),
 ( 1.000000000000000000, 0.6852809834408234435, 1.000000000000000000),
 ( 1.000000000000000000, 0.7014220286130965487, 1.000000000000000000),
 ( 1.000000000000000000, 0.7071067811865425767, 1.000000000000000000) ) ) 
 REPRESENTATION_ITEM ( '' )  SURFACE ( )  );
#6609 = PLANE ( 'NONE',  #2985 ) ;
#6610 = CARTESIAN_POINT ( 'NONE',  ( 13.56897045256122070, 9.056755308982937791, -3.635794674885532984 ) ) ;
#6611 = CARTESIAN_POINT ( 'NONE',  ( 14.74599999999996491, 4.444646968374167173, 0.000000000000000000 ) ) ;
#6612 = CARTESIAN_POINT ( 'NONE',  ( 2.643957722821864031, 25.50000000000000355, -3.946135775658337064 ) ) ;
#6613 = CARTESIAN_POINT ( 'NONE',  ( -10.91270301865563397, 9.851970452561248592, 10.91270301865562331 ) ) ;
#6614 = CARTESIAN_POINT ( 'NONE',  ( 0.6072608021747841756, 31.87175867028608423, -2.213736745318861221 ) ) ;
#6615 = CARTESIAN_POINT ( 'NONE',  ( 1.582200849690526212, 32.00789221972461718, 1.935859414798366984 ) ) ;
#6616 = CIRCLE ( 'NONE', #4922, 0.2499999999999999445 ) ;
#6617 = CARTESIAN_POINT ( 'NONE',  ( 14.20821804104537733, 1.514850005136494149, -4.814083487061051159 ) ) ;
#6618 = ORIENTED_EDGE ( 'NONE', *, *, #1884, .F. ) ;
#6619 = CARTESIAN_POINT ( 'NONE',  ( 14.45818868655338996, 11.69049864109185854, 2.899188835503228923 ) ) ;
#6620 = CARTESIAN_POINT ( 'NONE',  ( -9.865116682798158010, 9.515528778619144035, -9.865116682798173997 ) ) ;
#6621 = EDGE_CURVE ( 'NONE', #7269, #6699, #1242, .T. ) ;
#6622 = VECTOR ( 'NONE', #7228, 1000.000000000000114 ) ;
#6623 = DIRECTION ( 'NONE',  ( 0.000000000000000000, 1.000000000000000000, 0.000000000000000000 ) ) ;
#6624 = EDGE_CURVE ( 'NONE', #1877, #7316, #5169, .T. ) ;
#6625 = CARTESIAN_POINT ( 'NONE',  ( -10.98076211353313347, 11.68364696837416616, -10.98076211353313347 ) ) ;
#6626 = AXIS2_PLACEMENT_3D ( 'NONE', #3302, #2997, #4132 ) ;
#6627 = CARTESIAN_POINT ( 'NONE',  ( 3.678942412079291291, 7.879725761544183804, 13.72999999999997556 ) ) ;
#6628 = ORIENTED_EDGE ( 'NONE', *, *, #6864, .F. ) ;
#6629 = CYLINDRICAL_SURFACE ( 'NONE', #1102, 2.500000000000000000 ) ;
#6630 = VERTEX_POINT ( 'NONE', #2112 ) ;
#6631 = CARTESIAN_POINT ( 'NONE',  ( 1.816726518504502064, 32.23152675840152170, 1.719452865368191530 ) ) ;
#6632 = CARTESIAN_POINT ( 'NONE',  ( 0.000000000000000000, 25.25000000000000000, 0.000000000000000000 ) ) ;
#6633 = ORIENTED_EDGE ( 'NONE', *, *, #5881, .T. ) ;
#6634 = CARTESIAN_POINT ( 'NONE',  ( 0.2598076211353308462, 24.50000000000000000, -0.1500000000000012157 ) ) ;
#6635 = CARTESIAN_POINT ( 'NONE',  ( -4.019237886466843435, 9.928333333333332789, 14.99999999999996270 ) ) ;
#6636 = CARTESIAN_POINT ( 'NONE',  ( 6.864999999999994884, 3.123195445285811278, -11.89052879396031237 ) ) ;
#6637 = CARTESIAN_POINT ( 'NONE',  ( 1.761353821297698685, 25.25000000000000711, -3.543688823261770260 ) ) ;
#6638 = AXIS2_PLACEMENT_3D ( 'NONE', #4745, #48, #7050 ) ;
#6639 = ORIENTED_EDGE ( 'NONE', *, *, #6179, .T. ) ;
#6640 = CARTESIAN_POINT ( 'NONE',  ( 3.464357858429333969, 1.459508085374384478, -7.100443826400261393 ) ) ;
#6641 = EDGE_LOOP ( 'NONE', ( #1936, #3132, #2035, #1889 ) ) ;
#6642 = CARTESIAN_POINT ( 'NONE',  ( 10.05105758792067050, 7.991528778619144013, -10.05105758792065451 ) ) ;
#6643 = CARTESIAN_POINT ( 'NONE',  ( 0.5974360651977428383, 31.88631336310442776, -2.215653998953380110 ) ) ;
#6644 = ADVANCED_FACE ( 'NONE', ( #3316, #4429 ), #5882, .T. ) ;
#6645 = CARTESIAN_POINT ( 'NONE',  ( 0.8973293703137614763, 32.00000000000000000, 0.9542200605072138631 ) ) ;
#6646 = AXIS2_PLACEMENT_3D ( 'NONE', #2849, #5164, #2280 ) ;
#6647 = AXIS2_PLACEMENT_3D ( 'NONE', #7242, #2063, #4381 ) ;
#6648 = CIRCLE ( 'NONE', #3374, 0.2540001560009872983 ) ;
#6649 = CONICAL_SURFACE ( 'NONE', #1091, 0.2540000000000025016, 1.047197551196602516 ) ;
#6650 = CARTESIAN_POINT ( 'NONE',  ( -9.849461271966319487, 9.560668728016583628, 11.35448125664884245 ) ) ;
#6651 = EDGE_LOOP ( 'NONE', ( #3297, #3871, #3924, #7006 ) ) ;
#6652 = CARTESIAN_POINT ( 'NONE',  ( -3.446115750463394800, 25.40973880238915683, 0.5500000000000000444 ) ) ;
#6653 = CARTESIAN_POINT ( 'NONE',  ( 11.75107311511845154, 9.268421975649607347, -6.784485226280598802 ) ) ;
#6654 = CARTESIAN_POINT ( 'NONE',  ( 14.74599999999996314, 9.312980301707501241, 3.951178791589339934 ) ) ;
#6655 = CIRCLE ( 'NONE', #5086, 2.250000000000000444 ) ;
#6656 = CARTESIAN_POINT ( 'NONE',  ( 1.545998400347344592, 31.79513059880541448, -2.012295865942960393 ) ) ;
#6657 = CARTESIAN_POINT ( 'NONE',  ( -3.733158903214387259, 25.34408468279958271, 0.3259148379713763255 ) ) ;
#6658 = CARTESIAN_POINT ( 'NONE',  ( -0.2598076211353330112, 24.50000000000000000, -0.1499999999999975797 ) ) ;
#6659 = AXIS2_PLACEMENT_3D ( 'NONE', #6754, #4552, #6319 ) ;
#6660 =( BOUNDED_SURFACE ( )  B_SPLINE_SURFACE ( 3, 2, ( 
 ( #2507, #7080, #2998 ),
 ( #4210, #6509, #1341 ),
 ( #3639, #5983, #5949 ),
 ( #1975, #778, #3071 ),
 ( #7117, #1942, #6591 ),
 ( #3887, #6063, #7370 ) ),
 .UNSPECIFIED., .F., .F., .T. ) 
 B_SPLINE_SURFACE_WITH_KNOTS ( ( 4, 2, 4 ),
 ( 3, 3 ),
 ( 0.0003343555886378479303, 0.0007266738589179492971, 0.001118992129198050555 ),
 ( 0.000000000000000000, 1.000000000000000000 ),
 .UNSPECIFIED. ) 
 GEOMETRIC_REPRESENTATION_ITEM ( )  RATIONAL_B_SPLINE_SURFACE ( (
 ( 1.000000000000000000, 0.7071067811865420216, 1.000000000000000000),
 ( 1.000000000000000000, 0.7014278231337379710, 1.000000000000000000),
 ( 1.000000000000000000, 0.6852369950020856804, 1.000000000000000000),
 ( 1.000000000000000000, 0.6544534626343271322, 1.000000000000000000),
 ( 1.000000000000000000, 0.6406553719867768004, 1.000000000000000000),
 ( 1.000000000000000000, 0.6411794687223786315, 1.000000000000000000) ) ) 
 REPRESENTATION_ITEM ( '' )  SURFACE ( )  );
#6661 = CARTESIAN_POINT ( 'NONE',  ( 1.303260983927252648, 24.25000000000000000, -2.857314239684266344 ) ) ;
#6662 = ORIENTED_EDGE ( 'NONE', *, *, #3210, .T. ) ;
#6663 = CARTESIAN_POINT ( 'NONE',  ( -2.271993306461389750, 31.74999999999999289, -0.5499999999999992673 ) ) ;
#6664 = VECTOR ( 'NONE', #4368, 1000.000000000000000 ) ;
#6665 = CARTESIAN_POINT ( 'NONE',  ( -3.467479934271109343, 25.29437220982749679, 0.5500000000000000444 ) ) ;
#6666 = CARTESIAN_POINT ( 'NONE',  ( 14.99999999999996447, 9.990313635040832807, -4.019237886466831000 ) ) ;
#6667 = CARTESIAN_POINT ( 'NONE',  ( 10.05105758792067050, 9.573059094877518049, -10.05105758792065451 ) ) ;
#6668 = ORIENTED_EDGE ( 'NONE', *, *, #4037, .T. ) ;
#6669 = SPHERICAL_SURFACE ( 'NONE', #394, 0.2500000000000000000 ) ;
#6670 = B_SPLINE_CURVE_WITH_KNOTS ( 'NONE', 3,
 ( #4767, #661, #4079, #5262, #103, #7040 ),
 .UNSPECIFIED., .F., .F.,
 ( 4, 2, 4 ),
 ( 0.000000000000000000, 0.0003520133843547311263, 0.0007040267687094622527 ),
 .UNSPECIFIED. ) ;
#6671 = EDGE_LOOP ( 'NONE', ( #4582, #4317, #1611, #6862 ) ) ;
#6672 = VERTEX_POINT ( 'NONE', #185 ) ;
#6673 = CARTESIAN_POINT ( 'NONE',  ( 13.32317327079864455, 12.38624303472351329, 2.671592966282026360 ) ) ;
#6674 = CARTESIAN_POINT ( 'NONE',  ( 9.184850993605126251E-16, 2.705940905122496520, -14.99999999999996803 ) ) ;
#6675 = CARTESIAN_POINT ( 'NONE',  ( 13.72999999999997200, 7.356528778619145115, 8.868362600661541052E-15 ) ) ;
#6676 = CARTESIAN_POINT ( 'NONE',  ( 0.000000000000000000, 25.50000000000000355, 0.000000000000000000 ) ) ;
#6677 = CARTESIAN_POINT ( 'NONE',  ( -1.275043498356853489, 32.00000000000000000, -0.3000000000000000444 ) ) ;
#6678 = CARTESIAN_POINT ( 'NONE',  ( -1.485671558401359116, 32.00000000000000000, -0.8000000000000003775 ) ) ;
#6679 = EDGE_CURVE ( 'NONE', #5232, #6040, #7216, .T. ) ;
#6680 = ORIENTED_EDGE ( 'NONE', *, *, #7151, .F. ) ;
#6681 = DIRECTION ( 'NONE',  ( -0.4411526246509007709, 0.000000000000000000, -0.8974320931210458818 ) ) ;
#6682 = VERTEX_POINT ( 'NONE', #5666 ) ;
#6683 = CARTESIAN_POINT ( 'NONE',  ( 11.89052879396030882, 6.933195445285811331, 6.864999999999999325 ) ) ;
#6684 = CARTESIAN_POINT ( 'NONE',  ( 3.068478155885748127, 24.50000000000000000, -3.625871179020566881 ) ) ;
#6685 = DIRECTION ( 'NONE',  ( -0.000000000000000000, -1.000000000000000000, -0.000000000000000000 ) ) ;
#6686 = CARTESIAN_POINT ( 'NONE',  ( -12.19075611302117501, 9.371973695831064433, 8.739883570985448102 ) ) ;
#6687 = VERTEX_POINT ( 'NONE', #4572 ) ;
#6688 = CARTESIAN_POINT ( 'NONE',  ( -13.47599999999996356, 5.044803017074973361, -3.610883317201815323 ) ) ;
#6689 = CARTESIAN_POINT ( 'NONE',  ( -11.75107311511845332, 6.728421975649603759, 6.784485226280597914 ) ) ;
#6690 = CARTESIAN_POINT ( 'NONE',  ( -3.661611735559183956, 25.44964546629582358, 0.5500000000000001554 ) ) ;
#6691 = FACE_OUTER_BOUND ( 'NONE', #3634, .T. ) ;
#6692 = CARTESIAN_POINT ( 'NONE',  ( -3.824846520828283136, 25.27027490810532129, 0.3134132495424956644 ) ) ;
#6693 = CARTESIAN_POINT ( 'NONE',  ( 0.000000000000000000, 24.04289321881345387, 0.000000000000000000 ) ) ;
#6694 = EDGE_CURVE ( 'NONE', #4428, #711, #436, .T. ) ;
#6695 = EDGE_CURVE ( 'NONE', #515, #7307, #3582, .T. ) ;
#6696 = EDGE_CURVE ( 'NONE', #1846, #310, #5593, .T. ) ;
#6697 = CARTESIAN_POINT ( 'NONE',  ( 0.01037081357480639128, 2.519453828392602013, -14.99999788568877968 ) ) ;
#6698 = ORIENTED_EDGE ( 'NONE', *, *, #4282, .T. ) ;
#6699 = VERTEX_POINT ( 'NONE', #948 ) ;
#6700 = CARTESIAN_POINT ( 'NONE',  ( 0.3702340178104524537, 31.77376204665290871, -1.687377520676471176 ) ) ;
#6701 = CARTESIAN_POINT ( 'NONE',  ( 1.303260983927252203, 24.50000000000000000, -2.857314239684265011 ) ) ;
#6702 = ADVANCED_FACE ( 'NONE', ( #5597 ), #4818, .F. ) ;
#6703 = CARTESIAN_POINT ( 'NONE',  ( 2.906979305576019801, 24.50000000000000000, 3.435035853808918294 ) ) ;
#6704 = CARTESIAN_POINT ( 'NONE',  ( 12.99038105676655341, 10.38792120682999531, -7.499999999999983125 ) ) ;
#6705 = CARTESIAN_POINT ( 'NONE',  ( 14.75505936953721609, 14.44520447602266344, 2.699670906134864268 ) ) ;
#6706 = ORIENTED_EDGE ( 'NONE', *, *, #5512, .T. ) ;
#6707 = CARTESIAN_POINT ( 'NONE',  ( 14.99999999999996803, 2.276528778619144155, 0.000000000000000000 ) ) ;
#6708 = ORIENTED_EDGE ( 'NONE', *, *, #3120, .F. ) ;
#6709 = VERTEX_POINT ( 'NONE', #412 ) ;
#6710 = CARTESIAN_POINT ( 'NONE',  ( 1.378660294793557339, 25.04109048251859448, -3.487909676960395888 ) ) ;
#6711 = DIRECTION ( 'NONE',  ( 0.000000000000000000, 0.1583515888048807885, 0.9873827901695320097 ) ) ;
#6712 = CARTESIAN_POINT ( 'NONE',  ( 1.673754065284849935, 25.24999999999873168, -3.354728224806953651 ) ) ;
#6713 = CARTESIAN_POINT ( 'NONE',  ( 12.77041060420530449, 4.867980301707500068, -7.372999999999980680 ) ) ;
#6714 = DIRECTION ( 'NONE',  ( 0.000000000000000000, 0.000000000000000000, -1.000000000000000000 ) ) ;
#6715 = VERTEX_POINT ( 'NONE', #1624 ) ;
#6716 = EDGE_CURVE ( 'NONE', #3990, #602, #4149, .T. ) ;
#6717 = LINE ( 'NONE', #1499, #5091 ) ;
#6718 = ORIENTED_EDGE ( 'NONE', *, *, #2894, .T. ) ;
#6719 = CARTESIAN_POINT ( 'NONE',  ( 11.67055834139907411, 8.219803017074974960, -6.737999999999973788 ) ) ;
#6720 = CARTESIAN_POINT ( 'NONE',  ( -4.489988864128728885, 24.25000000000000000, -0.3000000000000000999 ) ) ;
#6721 = ADVANCED_FACE ( 'NONE', ( #611 ), #1278, .T. ) ;
#6722 = ADVANCED_FACE ( 'NONE', ( #128 ), #7135, .T. ) ;
#6723 =( BOUNDED_SURFACE ( )  B_SPLINE_SURFACE ( 1, 2, ( 
 ( #2051, #5466, #6476, #7196, #2621, #6554, #1902, #4325, #189, #5913, #751, #3107, #5388, #2475, #1378, #4776, #2012, #5952, #4812, #3709, #3750, #3181, #1978, #3671, #5984, #6022, #3641, #2587, #5425, #818, #7160, #7231, #3041, #306, #7119, #1944, #264, #7082, #4289, #892, #1299, #2553, #4852, #4254, #223, #5503, #4212, #1410, #6511 ),
 ( #855, #3145, #1343, #4893, #6636, #1455, #780, #6065, #3596, #339, #4925, #3073, #2509, #3292, #2767, #4515, #6748, #1527, #6818, #4479, #6175, #999, #2697, #6241, #6675, #3253, #2200, #5006, #2730, #6209, #7345, #5041, #3790, #924, #3365, #2161, #5684, #3897, #3824, #5574, #521, #6133, #1494, #1071, #481, #6786, #6098, #2808, #1563 ) ),
 .UNSPECIFIED., .F., .F., .T. ) 
 B_SPLINE_SURFACE_WITH_KNOTS ( ( 2, 2 ),
 ( 3, 2, 2, 2, 2, 2, 2, 2, 2, 2, 2, 2, 2, 2, 2, 2, 2, 2, 2, 2, 2, 2, 2, 2, 3 ),
 ( 0.000000000000000000, 1.000000000000000000 ),
 ( 0.000000000000000000, 0.04166666666666666435, 0.08333333333333332871, 0.1250000000000000000, 0.1666666666666666574, 0.2083333333333333426, 0.2500000000000000000, 0.2916666666666666852, 0.3333333333333333148, 0.3750000000000000000, 0.4166666666666666852, 0.4583333333333333148, 0.5000000000000000000, 0.5416666666666666297, 0.5833333333333333703, 0.6250000000000000000, 0.6666666666666666297, 0.7083333333333333703, 0.7500000000000000000, 0.7916666666666666297, 0.8333333333333333703, 0.8750000000000000000, 0.9166666666666666297, 0.9583333333333333703, 0.9842244457694817594 ),
 .UNSPECIFIED. ) 
 GEOMETRIC_REPRESENTATION_ITEM ( )  RATIONAL_B_SPLINE_SURFACE ( (
 ( 1.000000000000000000, 0.9659258262890683122, 1.000000000000000000, 0.9659258262890683122, 1.000000000000000000, 0.9659258262890683122, 1.000000000000000000, 0.9659258262890683122, 1.000000000000000000, 0.9659258262890683122, 1.000000000000000000, 0.9659258262890683122, 1.000000000000000000, 0.9659258262890683122, 1.000000000000000000, 0.9659258262890683122, 1.000000000000000000, 0.9659258262890683122, 1.000000000000000000, 0.9659258262890683122, 1.000000000000000000, 0.9659258262890683122, 1.000000000000000000, 0.9659258262890683122, 1.000000000000000000, 0.9659258262890683122, 1.000000000000000000, 0.9659258262890683122, 1.000000000000000000, 0.9659258262890683122, 1.000000000000000000, 0.9659258262890683122, 1.000000000000000000, 0.9659258262890683122, 1.000000000000000000, 0.9659258262890683122, 1.000000000000000000, 0.9659258262890683122, 1.000000000000000000, 0.9659258262890683122, 1.000000000000000000, 0.9659258262890683122, 1.000000000000000000, 0.9659258262890683122, 1.000000000000000000, 0.9659258262890683122, 1.000000000000000000, 0.9788267616947540217, 0.9839670606822353838),
 ( 1.000000000000000000, 0.9659258262890683122, 1.000000000000000000, 0.9659258262890683122, 1.000000000000000000, 0.9659258262890683122, 1.000000000000000000, 0.9659258262890683122, 1.000000000000000000, 0.9659258262890683122, 1.000000000000000000, 0.9659258262890683122, 1.000000000000000000, 0.9659258262890683122, 1.000000000000000000, 0.9659258262890683122, 1.000000000000000000, 0.9659258262890683122, 1.000000000000000000, 0.9659258262890683122, 1.000000000000000000, 0.9659258262890683122, 1.000000000000000000, 0.9659258262890683122, 1.000000000000000000, 0.9659258262890683122, 1.000000000000000000, 0.9659258262890683122, 1.000000000000000000, 0.9659258262890683122, 1.000000000000000000, 0.9659258262890683122, 1.000000000000000000, 0.9659258262890683122, 1.000000000000000000, 0.9659258262890683122, 1.000000000000000000, 0.9659258262890683122, 1.000000000000000000, 0.9659258262890683122, 1.000000000000000000, 0.9659258262890683122, 1.000000000000000000, 0.9659258262890683122, 1.000000000000000000, 0.9659258262890683122, 1.000000000000000000, 0.9788267616947540217, 0.9839670606822353838) ) ) 
 REPRESENTATION_ITEM ( '' )  SURFACE ( )  );
#6724 = CARTESIAN_POINT ( 'NONE',  ( -2.885785179126967304, 9.984090474769040213, 14.72024924193885553 ) ) ;
#6725 = VERTEX_POINT ( 'NONE', #4614 ) ;
#6726 = CARTESIAN_POINT ( 'NONE',  ( 1.146720213405935462E-14, 3.986469683741640679, -13.47599999999996889 ) ) ;
#6727 = CARTESIAN_POINT ( 'NONE',  ( -6.784485226280623671, 12.23175530898293673, 11.75107311511843733 ) ) ;
#6728 = DIRECTION ( 'NONE',  ( -0.000000000000000000, -1.000000000000000000, -0.000000000000000000 ) ) ;
#6729 = DIRECTION ( 'NONE',  ( 0.000000000000000000, 1.000000000000000000, 0.000000000000000000 ) ) ;
#6730 = CARTESIAN_POINT ( 'NONE',  ( 1.822876226197919447, 24.50000000000000000, -2.557314239684271406 ) ) ;
#6731 = CARTESIAN_POINT ( 'NONE',  ( -2.504179498753885014, 31.97743070672902377, -4.592425496802574958E-16 ) ) ;
#6732 = CARTESIAN_POINT ( 'NONE',  ( -10.59801411737771204, 4.426645447501191377, 10.65906921296800824 ) ) ;
#6733 = EDGE_LOOP ( 'NONE', ( #4393, #6248, #2478, #6142 ) ) ;
#6734 = CARTESIAN_POINT ( 'NONE',  ( 0.000000000000000000, 14.50000000000000000, 0.000000000000000000 ) ) ;
#6735 = DIRECTION ( 'NONE',  ( 0.8660254037844432595, 0.000000000000000000, 0.4999999999999920619 ) ) ;
#6736 = EDGE_CURVE ( 'NONE', #2433, #4511, #6616, .T. ) ;
#6737 = CARTESIAN_POINT ( 'NONE',  ( 1.605857473938750335, 25.00000000000000000, 4.470315623464975907 ) ) ;
#6738 = CARTESIAN_POINT ( 'NONE',  ( 1.105687751958445819, 24.29552231504557724, 3.015107363698613430 ) ) ;
#6739 = PLANE ( 'NONE',  #6027 ) ;
#6740 = EDGE_CURVE ( 'NONE', #325, #6169, #3466, .T. ) ;
#6741 = EDGE_LOOP ( 'NONE', ( #4798, #2198, #7173, #250 ) ) ;
#6742 = CARTESIAN_POINT ( 'NONE',  ( -4.489988864128729773, 25.25000000000000000, -0.2999999999999998224 ) ) ;
#6743 = ORIENTED_EDGE ( 'NONE', *, *, #6265, .F. ) ;
#6744 = APPLICATION_PROTOCOL_DEFINITION ( 'draft international standard', 'automotive_design', 1998, #1505 ) ;
#6745 = AXIS2_PLACEMENT_3D ( 'NONE', #6120, #1550, #6772 ) ;
#6746 = CARTESIAN_POINT ( 'NONE',  ( 0.9638644895244140587, 31.85815509605161111, -2.334914283383699107 ) ) ;
#6747 = CARTESIAN_POINT ( 'NONE',  ( -4.019237886466830112, 7.997607571789162151, -14.99999999999996447 ) ) ;
#6748 = CARTESIAN_POINT ( 'NONE',  ( -6.864999999999999325, 5.663195445285810870, 11.89052879396031059 ) ) ;
#6749 = CARTESIAN_POINT ( 'NONE',  ( -4.428317965097845921, 25.06699722633505800, -0.5500000000007783107 ) ) ;
#6750 = CARTESIAN_POINT ( 'NONE',  ( 7.372999999999986009, 10.37131363504083303, -12.77041060420529917 ) ) ;
#6751 = CARTESIAN_POINT ( 'NONE',  ( 1.675902103630820594, 25.24999999999997513, 3.515434893455405607 ) ) ;
#6752 = ORIENTED_EDGE ( 'NONE', *, *, #1147, .T. ) ;
#6753 = VECTOR ( 'NONE', #7233, 1000.000000000000114 ) ;
#6754 = CARTESIAN_POINT ( 'NONE',  ( 0.000000000000000000, 30.25000000000000000, 0.000000000000000000 ) ) ;
#6755 = VERTEX_POINT ( 'NONE', #4153 ) ;
#6756 = CARTESIAN_POINT ( 'NONE',  ( 3.610883317201814435, 8.854803017074976523, -13.47599999999996356 ) ) ;
#6757 = CARTESIAN_POINT ( 'NONE',  ( -4.739432689913662067, 24.25000000000000000, -0.3166666666666669849 ) ) ;
#6758 = AXIS2_PLACEMENT_3D ( 'NONE', #3640, #7081, #671 ) ;
#6759 = DIRECTION ( 'NONE',  ( 0.09104463009115953964, -0.9832820049844582799, 0.1576939250742008525 ) ) ;
#6760 = DIRECTION ( 'NONE',  ( -0.000000000000000000, -1.000000000000000000, -0.000000000000000000 ) ) ;
#6761 = EDGE_CURVE ( 'NONE', #4952, #4536, #6128, .T. ) ;
#6762 = CARTESIAN_POINT ( 'NONE',  ( 1.082368573205377308E-14, 5.035088642316271290, -13.56897045256121537 ) ) ;
#6763 = FACE_OUTER_BOUND ( 'NONE', #7208, .T. ) ;
#6764 = CARTESIAN_POINT ( 'NONE',  ( -2.398824018558419979, 32.23023509435623879, -0.7089900883397397546 ) ) ;
#6765 = CARTESIAN_POINT ( 'NONE',  ( -2.463497251076431027, 32.00000049174456507, 0.4256539615023604006 ) ) ;
#6766 = AXIS2_PLACEMENT_3D ( 'NONE', #5642, #3214, #2660 ) ;
#6767 = EDGE_CURVE ( 'NONE', #2692, #6169, #293, .T. ) ;
#6768 = VECTOR ( 'NONE', #4598, 1000.000000000000000 ) ;
#6769 = CARTESIAN_POINT ( 'NONE',  ( -8.335254909499775877, 4.584438818001671301, 12.47090797548021790 ) ) ;
#6770 = B_SPLINE_CURVE_WITH_KNOTS ( 'NONE', 3,
 ( #5205, #2320, #3376, #1679 ),
 .UNSPECIFIED., .F., .F.,
 ( 4, 4 ),
 ( 0.000000000000000000, 0.0003334735000880474534 ),
 .UNSPECIFIED. ) ;
#6771 = ORIENTED_EDGE ( 'NONE', *, *, #2208, .F. ) ;
#6772 = DIRECTION ( 'NONE',  ( 0.4999999999999916733, 0.000000000000000000, -0.8660254037844434816 ) ) ;
#6773 = DIRECTION ( 'NONE',  ( -1.734723475976813603E-15, 0.3774219175405061355, 0.9260414116874295942 ) ) ;
#6774 = DIRECTION ( 'NONE',  ( -0.8660254037844362651, 0.000000000000000000, 0.5000000000000039968 ) ) ;
#6775 = CARTESIAN_POINT ( 'NONE',  ( 2.086311233111107111, 25.25000000000000000, -3.365719563426029293 ) ) ;
#6776 = CARTESIAN_POINT ( 'NONE',  ( -14.99999999999996980, 12.71625454016333023, 4.019237886466825671 ) ) ;
#6777 = AXIS2_PLACEMENT_3D ( 'NONE', #2556, #1982, #4858 ) ;
#6778 = CARTESIAN_POINT ( 'NONE',  ( 1.556761361664286358, 25.45486940119457486, -3.361841685541618663 ) ) ;
#6779 = EDGE_CURVE ( 'NONE', #5650, #6169, #6585, .T. ) ;
#6780 = DIRECTION ( 'NONE',  ( 0.000000000000000000, 0.000000000000000000, 1.000000000000000000 ) ) ;
#6781 = FACE_OUTER_BOUND ( 'NONE', #821, .T. ) ;
#6782 = ORIENTED_EDGE ( 'NONE', *, *, #4786, .F. ) ;
#6783 = VERTEX_POINT ( 'NONE', #7273 ) ;
#6784 = CARTESIAN_POINT ( 'NONE',  ( -2.515698540010676165, 31.79513059880542514, -0.3327259559394480926 ) ) ;
#6785 = CARTESIAN_POINT ( 'NONE',  ( 14.70723134043328173, 11.43649864109838354, 2.949126361988585465 ) ) ;
#6786 = CARTESIAN_POINT ( 'NONE',  ( 10.05105758792065274, 11.80152877861914362, 10.05105758792067228 ) ) ;
#6787 = CARTESIAN_POINT ( 'NONE',  ( -3.712133762045476182, 25.45447768495442631, 0.000000000000000000 ) ) ;
#6788 = CARTESIAN_POINT ( 'NONE',  ( -10.79482120841064763, 12.69964696837416795, 10.79482120841063342 ) ) ;
#6789 = CARTESIAN_POINT ( 'NONE',  ( 1.563699858911771212, 25.39722150271081702, 3.370428773915746579 ) ) ;
#6790 = ORIENTED_EDGE ( 'NONE', *, *, #3575, .F. ) ;
#6791 = ADVANCED_FACE ( 'NONE', ( #5330 ), #2454, .T. ) ;
#6792 = DIRECTION ( 'NONE',  ( 0.000000000000000000, 0.000000000000000000, 1.000000000000000000 ) ) ;
#6793 = VERTEX_POINT ( 'NONE', #683 ) ;
#6794 = EDGE_CURVE ( 'NONE', #7111, #621, #6219, .T. ) ;
#6795 = CARTESIAN_POINT ( 'NONE',  ( -4.739432689913659402, 25.50000000000000355, -0.3166666666666667074 ) ) ;
#6796 = FILL_AREA_STYLE_COLOUR ( '', #1081 ) ;
#6797 = EDGE_CURVE ( 'NONE', #6169, #4027, #3512, .T. ) ;
#6798 = CARTESIAN_POINT ( 'NONE',  ( -2.734503532575732976, 9.992449925468006811, 14.74875911113595528 ) ) ;
#6799 = CARTESIAN_POINT ( 'NONE',  ( 9.865116682798173997, 8.431469683741640964, -9.865116682798158010 ) ) ;
#6800 = CARTESIAN_POINT ( 'NONE',  ( 13.72999999999997200, 8.938059094877516486, 8.868362600661537896E-15 ) ) ;
#6801 = CARTESIAN_POINT ( 'NONE',  ( -2.504179498753882793, 31.97743070672902377, 0.1247133674662773278 ) ) ;
#6802 = CARTESIAN_POINT ( 'NONE',  ( 1.607904173665418046, 31.84131709439716573, -1.650422851056676077 ) ) ;
#6803 = FACE_OUTER_BOUND ( 'NONE', #4570, .T. ) ;
#6804 = FACE_OUTER_BOUND ( 'NONE', #1759, .T. ) ;
#6805 = CARTESIAN_POINT ( 'NONE',  ( -8.733647829469106227, 4.558054668982042479, 12.19761244352463692 ) ) ;
#6806 = ORIENTED_EDGE ( 'NONE', *, *, #2078, .T. ) ;
#6807 = CARTESIAN_POINT ( 'NONE',  ( 1.897962300895313259, 24.39416767231361760, 4.361572893725974787 ) ) ;
#6808 = CARTESIAN_POINT ( 'NONE',  ( -2.247507937778254750, 31.81212974382021486, -0.5558218733134727696 ) ) ;
#6809 = CARTESIAN_POINT ( 'NONE',  ( 14.45818863109507824, 14.44520448386300160, 2.899188824382595620 ) ) ;
#6810 = CARTESIAN_POINT ( 'NONE',  ( 1.974205247866669177, 25.25000000000000000, -3.190319084603661537 ) ) ;
#6811 = CARTESIAN_POINT ( 'NONE',  ( -4.674335629824510896, 25.00000000000000000, 0.8444444444444445530 ) ) ;
#6812 = DIRECTION ( 'NONE',  ( -0.4999999999999919509, 0.000000000000000000, 0.8660254037844432595 ) ) ;
#6813 = DIRECTION ( 'NONE',  ( -0.8660254037844432595, 0.000000000000000000, -0.4999999999999920619 ) ) ;
#6814 = PLANE ( 'NONE',  #1338 ) ;
#6815 = ORIENTED_EDGE ( 'NONE', *, *, #603, .T. ) ;
#6816 = CARTESIAN_POINT ( 'NONE',  ( 0.000000000000000000, 25.22140452079101536, 0.000000000000000000 ) ) ;
#6817 = CARTESIAN_POINT ( 'NONE',  ( 10.98076211353313347, 10.96094090512249508, 10.98076211353313347 ) ) ;
#6818 = CARTESIAN_POINT ( 'NONE',  ( -1.139052268350550998E-14, 6.086528778619144653, 13.72999999999997200 ) ) ;
#6819 = CARTESIAN_POINT ( 'NONE',  ( 3.068478155885799197, 25.13638410143528290, 3.625871179020524249 ) ) ;
#6820 = CARTESIAN_POINT ( 'NONE',  ( 0.05001545617313649800, 32.00000000000000000, 1.686629311255592789 ) ) ;
#6821 = ORIENTED_EDGE ( 'NONE', *, *, #2484, .F. ) ;
#6822 = CARTESIAN_POINT ( 'NONE',  ( -2.220755856683186646, 31.87187825835952637, 0.5810428773050703155 ) ) ;
#6823 = ORIENTED_EDGE ( 'NONE', *, *, #5813, .F. ) ;
#6824 = CARTESIAN_POINT ( 'NONE',  ( -11.67055834139907411, 5.679803017074974036, 6.737999999999971124 ) ) ;
#6825 = LINE ( 'NONE', #5617, #1681 ) ;
#6826 = ADVANCED_FACE ( 'NONE', ( #3503 ), #1810, .T. ) ;
#6827 = ADVANCED_FACE ( 'NONE', ( #6988, #1244 ), #6245, .T. ) ;
#6828 = EDGE_LOOP ( 'NONE', ( #6718, #1391, #6246, #4130 ) ) ;
#6829 = EDGE_CURVE ( 'NONE', #107, #325, #3417, .T. ) ;
#6830 = CARTESIAN_POINT ( 'NONE',  ( -2.918182946833629554, 24.25000000000000000, 0.3000000000000000444 ) ) ;
#6831 = CARTESIAN_POINT ( 'NONE',  ( -2.158941601593658000, 31.99011754388531159, 0.7190455395453654308 ) ) ;
#6832 = CARTESIAN_POINT ( 'NONE',  ( 14.86570461295724854, 14.05409471265739185, 2.031173893195117319 ) ) ;
#6833 = CARTESIAN_POINT ( 'NONE',  ( -9.865116682798179326, 11.67311818975502291, 9.865116682798152681 ) ) ;
#6834 = CARTESIAN_POINT ( 'NONE',  ( -3.531479786050444325, 2.712381194002992935, -14.59300261660466802 ) ) ;
#6835 = ORIENTED_EDGE ( 'NONE', *, *, #2443, .F. ) ;
#6836 = ORIENTED_EDGE ( 'NONE', *, *, #4314, .T. ) ;
#6837 = CARTESIAN_POINT ( 'NONE',  ( 1.744307365268211951, 32.00000000000000000, 1.421228980661127794 ) ) ;
#6838 = CARTESIAN_POINT ( 'NONE',  ( -9.865116682798158010, 10.40311818975501978, -9.865116682798173997 ) ) ;
#6839 = FACE_OUTER_BOUND ( 'NONE', #4026, .T. ) ;
#6840 = CARTESIAN_POINT ( 'NONE',  ( 1.850013456148488000, 25.44931955175317029, 4.376055576818420612 ) ) ;
#6841 = CARTESIAN_POINT ( 'NONE',  ( 1.637422903190044687, 31.92468505694713699, -1.605317552479146093 ) ) ;
#6842 = FACE_OUTER_BOUND ( 'NONE', #2238, .T. ) ;
#6843 = EDGE_CURVE ( 'NONE', #1601, #1601, #4685, .T. ) ;
#6844 = CARTESIAN_POINT ( 'NONE',  ( 1.620094616491327688, 31.88631336310443487, 1.625221809074965718 ) ) ;
#6845 = ORIENTED_EDGE ( 'NONE', *, *, #7292, .T. ) ;
#6846 = VERTEX_POINT ( 'NONE', #3961 ) ;
#6847 = CARTESIAN_POINT ( 'NONE',  ( 1.605139167279045820, 31.81243608798292044, -1.668298437048868932 ) ) ;
#6848 = CARTESIAN_POINT ( 'NONE',  ( 13.30413145885445303, 12.37005664869512955, 2.667779089054899355 ) ) ;
#6849 =( BOUNDED_CURVE ( )  B_SPLINE_CURVE ( 3, ( #730, #3543, #5856, #5293 ),
 .UNSPECIFIED., .F., .T. ) 
 B_SPLINE_CURVE_WITH_KNOTS ( ( 4, 4 ),
 ( 1.570796326794896780, 3.141592653589793116 ),
 .UNSPECIFIED. ) 
 CURVE ( )  GEOMETRIC_REPRESENTATION_ITEM ( )  RATIONAL_B_SPLINE_CURVE ( ( 1.000000000000000000, 0.8047378541243650485, 0.8047378541243650485, 1.000000000000000000 ) ) 
 REPRESENTATION_ITEM ( '' )  );
#6850 = CARTESIAN_POINT ( 'NONE',  ( -4.019237886466842546, 10.11427423845582929, 14.99999999999996270 ) ) ;
#6851 = CARTESIAN_POINT ( 'NONE',  ( 2.557848551782382351, 25.25000000000000000, -3.697576330802084144 ) ) ;
#6852 = DIRECTION ( 'NONE',  ( -9.389696320154806331E-18, 1.402650045078052969E-32, -1.000000000000000000 ) ) ;
#6853 = DIRECTION ( 'NONE',  ( 1.000000000000000000, -0.000000000000000000, -0.000000000000000000 ) ) ;
#6854 = AXIS2_PLACEMENT_3D ( 'NONE', #5706, #1056, #6196 ) ;
#6855 = ORIENTED_EDGE ( 'NONE', *, *, #11, .F. ) ;
#6856 = LINE ( 'NONE', #7350, #35 ) ;
#6857 = EDGE_LOOP ( 'NONE', ( #487 ) ) ;
#6858 = ORIENTED_EDGE ( 'NONE', *, *, #5451, .F. ) ;
#6859 = CARTESIAN_POINT ( 'NONE',  ( -3.732377155866374530, 25.34497773983819258, -0.3260281755170583162 ) ) ;
#6860 = CARTESIAN_POINT ( 'NONE',  ( 1.737845010466973150, 25.00000000000000000, -4.110035853808946982 ) ) ;
#6861 = TOROIDAL_SURFACE ( 'NONE', #1667, 6.000000000000000888, 0.2500000000000000000 ) ;
#6862 = ORIENTED_EDGE ( 'NONE', *, *, #1401, .F. ) ;
#6863 = DIRECTION ( 'NONE',  ( 0.8660254037844365982, 0.000000000000000000, -0.5000000000000036637 ) ) ;
#6864 = EDGE_CURVE ( 'NONE', #4310, #937, #4677, .T. ) ;
#6865 = CARTESIAN_POINT ( 'NONE',  ( 0.7789271125785162120, 32.02262672620886264, -2.110870093892585952 ) ) ;
#6866 = CARTESIAN_POINT ( 'NONE',  ( 9.865116682798154457, 7.863118189755023302, 9.865116682798175773 ) ) ;
#6867 = CARTESIAN_POINT ( 'NONE',  ( 0.9022943077816915070, 31.99316153361955628, -2.332878690443630720 ) ) ;
#6868 = CIRCLE ( 'NONE', #6146, 0.2500000000000001110 ) ;
#6869 = CARTESIAN_POINT ( 'NONE',  ( 9.865116682798158010, 12.94311818975502248, 9.865116682798175773 ) ) ;
#6870 = VECTOR ( 'NONE', #1104, 1000.000000000000000 ) ;
#6871 = AXIS2_PLACEMENT_3D ( 'NONE', #6154, #2603, #4388 ) ;
#6872 = CARTESIAN_POINT ( 'NONE',  ( 9.787304203961342708, 7.026011612332699663, -11.39345565654420689 ) ) ;
#6873 = ORIENTED_EDGE ( 'NONE', *, *, #270, .F. ) ;
#6874 = EDGE_LOOP ( 'NONE', ( #1665, #1460, #6104, #2058 ) ) ;
#6875 = DIRECTION ( 'NONE',  ( -0.8660254037844362651, 0.000000000000000000, 0.5000000000000041078 ) ) ;
#6876 = CARTESIAN_POINT ( 'NONE',  ( 11.67055834139905990, 8.074784856421688417, 6.738000000000000433 ) ) ;
#6877 = FACE_OUTER_BOUND ( 'NONE', #5157, .T. ) ;
#6878 = VECTOR ( 'NONE', #4078, 1000.000000000000000 ) ;
#6879 = VECTOR ( 'NONE', #1747, 1000.000000000000000 ) ;
#6880 = CARTESIAN_POINT ( 'NONE',  ( 2.199371847313148276, 25.40973880238919946, 2.709423784282960046 ) ) ;
#6881 = CARTESIAN_POINT ( 'NONE',  ( 9.709082628276196834E-15, 8.626528778619144688, -13.72999999999997200 ) ) ;
#6882 = CARTESIAN_POINT ( 'NONE',  ( 0.5854085817456036178, 32.23023509435623879, -2.431937583449739204 ) ) ;
#6883 = LINE ( 'NONE', #3577, #2394 ) ;
#6884 = VERTEX_POINT ( 'NONE', #2027 ) ;
#6885 = ADVANCED_FACE ( 'NONE', ( #1473, #763 ), #2526, .F. ) ;
#6886 = LINE ( 'NONE', #2696, #6186 ) ;
#6887 = CARTESIAN_POINT ( 'NONE',  ( 13.47599999999996712, 2.530528778619144603, 1.064203512079386914E-14 ) ) ;
#6888 = CARTESIAN_POINT ( 'NONE',  ( 15.07370641185083393, 11.53791779567839804, 1.121522863776518220 ) ) ;
#6889 = CARTESIAN_POINT ( 'NONE',  ( -0.6928203230275545854, 31.75000000000000000, -0.3999999999999935829 ) ) ;
#6890 = AXIS2_PLACEMENT_3D ( 'NONE', #5101, #3880, #3343 ) ;
#6891 = CARTESIAN_POINT ( 'NONE',  ( 1.556761361664332766, 25.45486940119457842, 3.361841685541596902 ) ) ;
#6892 = CARTESIAN_POINT ( 'NONE',  ( 10.98076211353313347, 5.333646968374166519, -10.98076211353313347 ) ) ;
#6893 = CARTESIAN_POINT ( 'NONE',  ( 0.4510646266300361584, 31.99173094480054758, -2.229172824193592639 ) ) ;
#6894 = EDGE_LOOP ( 'NONE', ( #418, #630, #2297, #6706, #5010 ) ) ;
#6895 = AXIS2_PLACEMENT_3D ( 'NONE', #344, #4377, #6681 ) ;
#6896 = CARTESIAN_POINT ( 'NONE',  ( 1.985186810928995627, 25.50000000000000355, -4.038444419044734168 ) ) ;
#6897 = ORIENTED_EDGE ( 'NONE', *, *, #4794, .T. ) ;
#6898 = CARTESIAN_POINT ( 'NONE',  ( 1.001306501959543738, 32.00000000000000000, -1.134313735343023044 ) ) ;
#6899 =( BOUNDED_CURVE ( )  B_SPLINE_CURVE ( 2, ( #7167, #5922, #5322, #4219, #3605, #5432, #162, #4861, #1872, #4181, #6523, #2559, #1307, #5361, #6824, #6074, #2209, #421, #2670, #4935, #7241, #3832, #347, #1046, #6184, #3904, #6719, #4979, #5616, #6756, #2131, #3189, #2629, #2776, #1574, #5094, #3298, #3224, #7284, #7389, #3872, #4448, #899, #1007, #5510, #5651, #6144, #2061, #455 ),
 .UNSPECIFIED., .F., .T. ) 
 B_SPLINE_CURVE_WITH_KNOTS ( ( 3, 2, 2, 2, 2, 2, 2, 2, 2, 2, 2, 2, 2, 2, 2, 2, 2, 2, 2, 2, 2, 2, 2, 2, 3 ),
 ( 0.000000000000000000, 0.04166666666666666435, 0.08333333333333332871, 0.1250000000000000000, 0.1666666666666666574, 0.2083333333333333426, 0.2500000000000000000, 0.2916666666666666852, 0.3333333333333333148, 0.3750000000000000000, 0.4166666666666666852, 0.4583333333333333148, 0.5000000000000000000, 0.5416666666666666297, 0.5833333333333333703, 0.6249999999999998890, 0.6666666666666666297, 0.7083333333333333703, 0.7500000000000000000, 0.7916666666666666297, 0.8333333333333333703, 0.8750000000000001110, 0.9166666666666666297, 0.9583333333333333703, 0.9842244204149968034 ),
 .UNSPECIFIED. ) 
 CURVE ( )  GEOMETRIC_REPRESENTATION_ITEM ( )  RATIONAL_B_SPLINE_CURVE ( ( 1.000000000000000000, 0.9659258262890683122, 1.000000000000000000, 0.9659258262890683122, 1.000000000000000000, 0.9659258262890683122, 1.000000000000000000, 0.9659258262890683122, 1.000000000000000000, 0.9659258262890683122, 1.000000000000000000, 0.9659258262890683122, 1.000000000000000000, 0.9659258262890683122, 1.000000000000000000, 0.9659258262890683122, 1.000000000000000000, 0.9659258262890683122, 1.000000000000000000, 0.9659258262890683122, 1.000000000000000000, 0.9659258262890683122, 1.000000000000000000, 0.9659258262890683122, 1.000000000000000000, 0.9659258262890683122, 1.000000000000000000, 0.9659258262890683122, 1.000000000000000000, 0.9659258262890683122, 1.000000000000000000, 0.9659258262890683122, 1.000000000000000000, 0.9659258262890683122, 1.000000000000000000, 0.9659258262890683122, 1.000000000000000000, 0.9659258262890683122, 1.000000000000000000, 0.9659258262890683122, 1.000000000000000000, 0.9659258262890683122, 1.000000000000000000, 0.9659258262890683122, 1.000000000000000000, 0.9659258262890683122, 1.000000000000000000, 0.9788267824291490005, 0.9839670506147417672 ) ) 
 REPRESENTATION_ITEM ( '' )  );
#6900 = ORIENTED_EDGE ( 'NONE', *, *, #5395, .T. ) ;
#6901 = FACE_OUTER_BOUND ( 'NONE', #2264, .T. ) ;
#6902 = FILL_AREA_STYLE ('',( #6796 ) ) ;
#6903 = CYLINDRICAL_SURFACE ( 'NONE', #4342, 0.2500000000000004441 ) ;
#6904 = CIRCLE ( 'NONE', #3633, 0.2500000000000000000 ) ;
#6905 = ORIENTED_EDGE ( 'NONE', *, *, #382, .F. ) ;
#6906 = CARTESIAN_POINT ( 'NONE',  ( 14.97490295877040900, 2.081050532995735836, 0.9311940811939838358 ) ) ;
#6907 = CARTESIAN_POINT ( 'NONE',  ( -13.47599999999997600, 11.24978485642168913, 3.610883317201784237 ) ) ;
#6908 = CARTESIAN_POINT ( 'NONE',  ( -2.336637871645899089, 32.25000000000000000, 0.8888888888888899498 ) ) ;
#6909 = CARTESIAN_POINT ( 'NONE',  ( -10.05105758792065274, 10.84305909487751585, -10.05105758792067050 ) ) ;
#6910 = CARTESIAN_POINT ( 'NONE',  ( 6.737999999999995993, 4.264784856421688808, -11.67055834139906345 ) ) ;
#6911 = EDGE_LOOP ( 'NONE', ( #3053, #1787, #795, #1623 ) ) ;
#6912 = VERTEX_POINT ( 'NONE', #6652 ) ;
#6913 = CARTESIAN_POINT ( 'NONE',  ( 1.248443710857372713, 32.01680792274015630, -2.162367937594844580 ) ) ;
#6914 = CARTESIAN_POINT ( 'NONE',  ( -9.865116682798158010, 5.323118189755021490, -9.865116682798173997 ) ) ;
#6915 = CARTESIAN_POINT ( 'NONE',  ( 7.499999999999973355, 14.19792120682999581, 12.99038105676655697 ) ) ;
#6916 = DIRECTION ( 'NONE',  ( 3.052344535003915238E-08, 0.9999999999999995559, 6.120627887004214552E-09 ) ) ;
#6917 = ADVANCED_FACE ( 'NONE', ( #1991 ), #833, .F. ) ;
#6918 = DIRECTION ( 'NONE',  ( 0.000000000000000000, 0.000000000000000000, -1.000000000000000000 ) ) ;
#6919 = ADVANCED_FACE ( 'NONE', ( #3766 ), #1060, .F. ) ;
#6920 = ADVANCED_FACE ( 'NONE', ( #4346 ), #6079, .T. ) ;
#6921 = CYLINDRICAL_SURFACE ( 'NONE', #3361, 0.2499999999999998612 ) ;
#6922 = ADVANCED_FACE ( 'NONE', ( #1878 ), #6609, .T. ) ;
#6923 = FACE_OUTER_BOUND ( 'NONE', #2685, .T. ) ;
#6924 = ORIENTED_EDGE ( 'NONE', *, *, #2896, .T. ) ;
#6925 = CARTESIAN_POINT ( 'NONE',  ( 0.5974360651977713710, 31.88631336310443487, 2.215653998953373005 ) ) ;
#6926 = CARTESIAN_POINT ( 'NONE',  ( 1.082368573205377624E-14, 8.719499231180391163, -13.56897045256121714 ) ) ;
#6927 = CARTESIAN_POINT ( 'NONE',  ( 14.74599999999996491, 1.901607571789162066, -3.951178791589324391 ) ) ;
#6928 = CARTESIAN_POINT ( 'NONE',  ( 3.068478155885799197, 25.00000000000000000, 3.625871179020524249 ) ) ;
#6929 = CARTESIAN_POINT ( 'NONE',  ( 14.99999999999996803, 4.698646968374166732, 7.703719777548943412E-31 ) ) ;
#6930 = CARTESIAN_POINT ( 'NONE',  ( 1.368086280847762737, 31.75000000000000000, 1.269594947566252685 ) ) ;
#6931 = ORIENTED_EDGE ( 'NONE', *, *, #1353, .T. ) ;
#6932 = FACE_OUTER_BOUND ( 'NONE', #3844, .T. ) ;
#6933 = ORIENTED_EDGE ( 'NONE', *, *, #4747, .T. ) ;
#6934 = FACE_OUTER_BOUND ( 'NONE', #6733, .T. ) ;
#6935 = ORIENTED_EDGE ( 'NONE', *, *, #4236, .F. ) ;
#6936 = CARTESIAN_POINT ( 'NONE',  ( -3.446115750463336180, 25.40973880238947302, -0.5500000000000000444 ) ) ;
#6937 = DIRECTION ( 'NONE',  ( 0.000000000000000000, 0.000000000000000000, -1.000000000000000000 ) ) ;
#6938 = CARTESIAN_POINT ( 'NONE',  ( 0.1240611599544366589, 32.00000000000000000, -1.400666669913944284 ) ) ;
#6939 = CARTESIAN_POINT ( 'NONE',  ( -2.102974084481309180, 32.00000000000000000, -0.8000000000000003775 ) ) ;
#6940 =( BOUNDED_SURFACE ( )  B_SPLINE_SURFACE ( 3, 2, ( 
 ( #5107, #6303, #1205, #3504, #2794, #7436, #1166, #5818, #2375, #6914, #1134, #3428, #612, #2256, #4682, #576, #5741, #4615, #6989, #7404, #3917, #4573, #6876, #2861, #4539, #4029, #6231, #3352, #5180, #2300, #1699, #3993, #5667, #6838, #6335, #1658, #6264, #2905, #1956, #4758, #3689, #5331, #204, #5886, #4113, #5931, #5287, #4154, #1918 ),
 ( #2527, #6531, #4270, #2489, #6002, #7137, #764, #1359, #6456, #284, #169, #7063, #3653, #2455, #834, #4229, #6489, #2565, #4870, #1314, #3616, #3124, #239, #7030, #1279, #724, #1811, #4790, #2412, #5965, #3571, #3016, #4189, #1879, #6419, #1245, #3538, #5852, #3054, #684, #5368, #7096, #797, #3088, #2975, #5402, #6571, #129, #4723 ),
 ( #1845, #2069, #3161, #395, #459, #5481, #6762, #427, #3767, #7210, #3305, #1474, #5621, #5552, #6689, #3838, #2028, #4942, #4302, #3877, #6042, #4987, #4347, #6152, #2679, #6610, #6653, #2710, #6111, #352, #6188, #2601, #7175, #5588, #2101, #2742, #6080, #1992, #7289, #4420, #6727, #5018, #905, #3194, #5516, #871, #4907, #2635, #1428 ),
 ( #3273, #7322, #939, #7254, #2136, #319, #4453, #1582, #1509, #4385, #1016, #3803, #3229, #1541, #979, #3726, #1051, #2178, #4057, #4022, #2783, #2893, #1762, #5212, #6800, #498, #6367, #53, #3341, #2248, #5171, #5137, #7394, #4560, #1126, #3455, #5099, #534, #7358, #2822, #3420, #1726, #4528, #3984, #5770, #2329, #7428, #1159, #2215 ) ),
 .UNSPECIFIED., .F., .F., .T. ) 
 B_SPLINE_SURFACE_WITH_KNOTS ( ( 4, 4 ),
 ( 3, 2, 2, 2, 2, 2, 2, 2, 2, 2, 2, 2, 2, 2, 2, 2, 2, 2, 2, 2, 2, 2, 2, 2, 3 ),
 ( 0.000000000000000000, 1.000000000000000000 ),
 ( 0.000000000000000000, 0.04166666666666666435, 0.08333333333333332871, 0.1250000000000000000, 0.1666666666666666574, 0.2083333333333333426, 0.2500000000000000000, 0.2916666666666666852, 0.3333333333333333148, 0.3750000000000000000, 0.4166666666666666852, 0.4583333333333333148, 0.5000000000000000000, 0.5416666666666666297, 0.5833333333333333703, 0.6250000000000000000, 0.6666666666666666297, 0.7083333333333333703, 0.7500000000000000000, 0.7916666666666666297, 0.8333333333333333703, 0.8750000000000000000, 0.9166666666666666297, 0.9583333333333333703, 0.9842244131687587494 ),
 .UNSPECIFIED. ) 
 GEOMETRIC_REPRESENTATION_ITEM ( )  RATIONAL_B_SPLINE_SURFACE ( (
 ( 1.000000000000000000, 0.9659258262890683122, 1.000000000000000000, 0.9659258262890683122, 1.000000000000000000, 0.9659258262890683122, 1.000000000000000000, 0.9659258262890683122, 1.000000000000000000, 0.9659258262890683122, 1.000000000000000000, 0.9659258262890683122, 1.000000000000000000, 0.9659258262890683122, 1.000000000000000000, 0.9659258262890683122, 1.000000000000000000, 0.9659258262890683122, 1.000000000000000000, 0.9659258262890683122, 1.000000000000000000, 0.9659258262890683122, 1.000000000000000000, 0.9659258262890683122, 1.000000000000000000, 0.9659258262890683122, 1.000000000000000000, 0.9659258262890683122, 1.000000000000000000, 0.9659258262890683122, 1.000000000000000000, 0.9659258262890683122, 1.000000000000000000, 0.9659258262890683122, 1.000000000000000000, 0.9659258262890683122, 1.000000000000000000, 0.9659258262890683122, 1.000000000000000000, 0.9659258262890683122, 1.000000000000000000, 0.9659258262890683122, 1.000000000000000000, 0.9659258262890683122, 1.000000000000000000, 0.9659258262890683122, 1.000000000000000000, 0.9788267883549787163, 0.9839670477374904412),
 ( 0.9106836025229583242, 0.8796528112548940292, 0.9106836025229583242, 0.8796528112548940292, 0.9106836025229583242, 0.8796528112548940292, 0.9106836025229583242, 0.8796528112548940292, 0.9106836025229583242, 0.8796528112548940292, 0.9106836025229583242, 0.8796528112548940292, 0.9106836025229583242, 0.8796528112548940292, 0.9106836025229583242, 0.8796528112548940292, 0.9106836025229583242, 0.8796528112548940292, 0.9106836025229583242, 0.8796528112548940292, 0.9106836025229583242, 0.8796528112548940292, 0.9106836025229583242, 0.8796528112548940292, 0.9106836025229583242, 0.8796528112548940292, 0.9106836025229583242, 0.8796528112548940292, 0.9106836025229583242, 0.8796528112548940292, 0.9106836025229583242, 0.8796528112548940292, 0.9106836025229583242, 0.8796528112548940292, 0.9106836025229583242, 0.8796528112548940292, 0.9106836025229583242, 0.8796528112548940292, 0.9106836025229583242, 0.8796528112548940292, 0.9106836025229583242, 0.8796528112548940292, 0.9106836025229583242, 0.8796528112548940292, 0.9106836025229583242, 0.8796528112548940292, 0.9106836025229583242, 0.8914015058650893719, 0.8960826557974574946),
 ( 0.9106836025229583242, 0.8796528112548940292, 0.9106836025229583242, 0.8796528112548940292, 0.9106836025229583242, 0.8796528112548940292, 0.9106836025229583242, 0.8796528112548940292, 0.9106836025229583242, 0.8796528112548940292, 0.9106836025229583242, 0.8796528112548940292, 0.9106836025229583242, 0.8796528112548940292, 0.9106836025229583242, 0.8796528112548940292, 0.9106836025229583242, 0.8796528112548940292, 0.9106836025229583242, 0.8796528112548940292, 0.9106836025229583242, 0.8796528112548940292, 0.9106836025229583242, 0.8796528112548940292, 0.9106836025229583242, 0.8796528112548940292, 0.9106836025229583242, 0.8796528112548940292, 0.9106836025229583242, 0.8796528112548940292, 0.9106836025229583242, 0.8796528112548940292, 0.9106836025229583242, 0.8796528112548940292, 0.9106836025229583242, 0.8796528112548940292, 0.9106836025229583242, 0.8796528112548940292, 0.9106836025229583242, 0.8796528112548940292, 0.9106836025229583242, 0.8796528112548940292, 0.9106836025229583242, 0.8796528112548940292, 0.9106836025229583242, 0.8796528112548940292, 0.9106836025229583242, 0.8914015058650893719, 0.8960826557974574946),
 ( 1.000000000000000000, 0.9659258262890683122, 1.000000000000000000, 0.9659258262890683122, 1.000000000000000000, 0.9659258262890683122, 1.000000000000000000, 0.9659258262890683122, 1.000000000000000000, 0.9659258262890683122, 1.000000000000000000, 0.9659258262890683122, 1.000000000000000000, 0.9659258262890683122, 1.000000000000000000, 0.9659258262890683122, 1.000000000000000000, 0.9659258262890683122, 1.000000000000000000, 0.9659258262890683122, 1.000000000000000000, 0.9659258262890683122, 1.000000000000000000, 0.9659258262890683122, 1.000000000000000000, 0.9659258262890683122, 1.000000000000000000, 0.9659258262890683122, 1.000000000000000000, 0.9659258262890683122, 1.000000000000000000, 0.9659258262890683122, 1.000000000000000000, 0.9659258262890683122, 1.000000000000000000, 0.9659258262890683122, 1.000000000000000000, 0.9659258262890683122, 1.000000000000000000, 0.9659258262890683122, 1.000000000000000000, 0.9659258262890683122, 1.000000000000000000, 0.9659258262890683122, 1.000000000000000000, 0.9659258262890683122, 1.000000000000000000, 0.9788267883549787163, 0.9839670477374904412) ) ) 
 REPRESENTATION_ITEM ( '' )  SURFACE ( )  );
#6941 = ORIENTED_EDGE ( 'NONE', *, *, #6540, .F. ) ;
#6942 = CARTESIAN_POINT ( 'NONE',  ( -4.489988864128728885, 25.50000000000000355, 0.2999999999999999889 ) ) ;
#6943 = EDGE_CURVE ( 'NONE', #5258, #4920, #641, .T. ) ;
#6944 = CARTESIAN_POINT ( 'NONE',  ( -11.67055834139907411, 11.46145152308835513, 6.737999999999971124 ) ) ;
#6945 = CARTESIAN_POINT ( 'NONE',  ( 1.249999999999979794, 32.00000000000000711, -2.165063509461108815 ) ) ;
#6946 = CARTESIAN_POINT ( 'NONE',  ( -13.72999999999997556, 6.609725761544185119, 3.678942412079292623 ) ) ;
#6947 = CARTESIAN_POINT ( 'NONE',  ( 14.68138199937009958, 6.498611205353303610, -3.084679499140963621 ) ) ;
#6948 = EDGE_LOOP ( 'NONE', ( #2818, #1035, #4804, #300, #302, #3521, #4012, #3786 ) ) ;
#6949 = VERTEX_POINT ( 'NONE', #1955 ) ;
#6950 = CARTESIAN_POINT ( 'NONE',  ( 0.9638111327518715798, 31.85873187344912694, 2.334821762705627357 ) ) ;
#6951 = CARTESIAN_POINT ( 'NONE',  ( -4.489988864128728885, 25.25000000000000000, 0.2999999999999999889 ) ) ;
#6952 = CARTESIAN_POINT ( 'NONE',  ( 10.98076211353313525, 10.59958787349666309, -10.98076211353313525 ) ) ;
#6953 = CARTESIAN_POINT ( 'NONE',  ( 1.291148909142420864, 31.77666635476307633, -1.136335510771835144 ) ) ;
#6954 = CARTESIAN_POINT ( 'NONE',  ( 1.620094616491305706, 31.88631336310443487, -1.625221809074981705 ) ) ;
#6955 = DIRECTION ( 'NONE',  ( 0.000000000000000000, 0.000000000000000000, -1.000000000000000000 ) ) ;
#6956 = CARTESIAN_POINT ( 'NONE',  ( -4.727528638414324469, 25.00000000000000000, -0.5500000000000014877 ) ) ;
#6957 =( BOUNDED_SURFACE ( )  B_SPLINE_SURFACE ( 3, 2, ( 
 ( #3763, #4652, #5822 ),
 ( #2910, #1211, #2522 ),
 ( #3084, #5363, #4828 ),
 ( #1422, #760, #5961 ),
 ( #793, #6567, #829 ),
 ( #2561, #2485, #4226 ) ),
 .UNSPECIFIED., .F., .F., .T. ) 
 B_SPLINE_SURFACE_WITH_KNOTS ( ( 4, 2, 4 ),
 ( 3, 3 ),
 ( 0.0003323826445475366442, 0.0007246908430540056770, 0.001116999041560474710 ),
 ( 0.000000000000000000, 1.000000000000000000 ),
 .UNSPECIFIED. ) 
 GEOMETRIC_REPRESENTATION_ITEM ( )  RATIONAL_B_SPLINE_SURFACE ( (
 ( 1.000000000000000000, 0.6411794687223776323, 1.000000000000000000),
 ( 1.000000000000000000, 0.6406246728299351822, 1.000000000000000000),
 ( 1.000000000000000000, 0.6545041186311451042, 1.000000000000000000),
 ( 1.000000000000000000, 0.6852809834408082335, 1.000000000000000000),
 ( 1.000000000000000000, 0.7014220286130922188, 1.000000000000000000),
 ( 1.000000000000000000, 0.7071067811865523467, 1.000000000000000000) ) ) 
 REPRESENTATION_ITEM ( '' )  SURFACE ( )  );
#6958 = ORIENTED_EDGE ( 'NONE', *, *, #2675, .F. ) ;
#6959 = EDGE_CURVE ( 'NONE', #7402, #567, #387, .T. ) ;
#6960 = CARTESIAN_POINT ( 'NONE',  ( 10.79482120841064052, 7.404940905122496808, -10.79482120841063697 ) ) ;
#6961 = CARTESIAN_POINT ( 'NONE',  ( 3.635794674885556521, 8.507832564513725160, -13.56897045256121359 ) ) ;
#6962 = CARTESIAN_POINT ( 'NONE',  ( -7.372999999999991338, 5.076607571789162776, 12.77041060420529739 ) ) ;
#6963 = LINE ( 'NONE', #1778, #6878 ) ;
#6964 = CARTESIAN_POINT ( 'NONE',  ( 1.697585060148199210, 32.15569223156760614, -1.837176736958643364 ) ) ;
#6965 = CARTESIAN_POINT ( 'NONE',  ( -7.499999999999981348, 6.391980301707500089, -12.99038105676655341 ) ) ;
#6966 = B_SPLINE_CURVE_WITH_KNOTS ( 'NONE', 3,
 ( #7314, #2700, #963, #5721, #5089, #4591 ),
 .UNSPECIFIED., .F., .F.,
 ( 4, 2, 4 ),
 ( 0.000000000000000000, 0.0002760886600346431686, 0.0005521773200692863372 ),
 .UNSPECIFIED. ) ;
#6967 = CARTESIAN_POINT ( 'NONE',  ( 1.620094616491330131, 31.88631336310443487, 1.625221809074957502 ) ) ;
#6968 = EDGE_LOOP ( 'NONE', ( #3636, #4204, #651, #1250 ) ) ;
#6969 = CARTESIAN_POINT ( 'NONE',  ( -2.463497251076430583, 32.00000049174457217, -0.4256539615023590684 ) ) ;
#6970 = VERTEX_POINT ( 'NONE', #6570 ) ;
#6971 = CARTESIAN_POINT ( 'NONE',  ( -2.500000000000000000, 32.02295302177460457, -4.105135772943446133E-17 ) ) ;
#6972 = ORIENTED_EDGE ( 'NONE', *, *, #1924, .T. ) ;
#6973 = CARTESIAN_POINT ( 'NONE',  ( -3.714701478861678563, 25.32907009483791327, -0.5499999999999877209 ) ) ;
#6974 = CARTESIAN_POINT ( 'NONE',  ( -14.99999999999996803, 3.789999999999999591, -1.836970198721025645E-15 ) ) ;
#6975 = CARTESIAN_POINT ( 'NONE',  ( 0.3470575478373234546, 32.00000000000000000, 1.690189953205635920 ) ) ;
#6976 = FACE_OUTER_BOUND ( 'NONE', #3360, .T. ) ;
#6977 = VERTEX_POINT ( 'NONE', #1917 ) ;
#6978 = CARTESIAN_POINT ( 'NONE',  ( -2.233260202834127295, 31.84131709439716573, -0.5672744357169587914 ) ) ;
#6979 = DIRECTION ( 'NONE',  ( 0.000000000000000000, 0.000000000000000000, -1.000000000000000000 ) ) ;
#6980 = VECTOR ( 'NONE', #2609, 1000.000000000000000 ) ;
#6981 = CARTESIAN_POINT ( 'NONE',  ( 1.146720213405935462E-14, 9.066469683741640750, -13.47599999999996889 ) ) ;
#6982 = CARTESIAN_POINT ( 'NONE',  ( 1.545998400347345481, 31.79513059880542514, -2.012295865942957729 ) ) ;
#6983 = CARTESIAN_POINT ( 'NONE',  ( -13.72999999999997556, 11.68972576154418697, 3.678942412079292623 ) ) ;
#6984 = CIRCLE ( 'NONE', #3713, 5.750000000000001776 ) ;
#6985 = CARTESIAN_POINT ( 'NONE',  ( 13.88058036256020955, 6.647408849975286138, -5.767140976768829752 ) ) ;
#6986 = ORIENTED_EDGE ( 'NONE', *, *, #2856, .T. ) ;
#6987 = ORIENTED_EDGE ( 'NONE', *, *, #7016, .F. ) ;
#6988 = FACE_OUTER_BOUND ( 'NONE', #3866, .T. ) ;
#6989 = CARTESIAN_POINT ( 'NONE',  ( -1.311753616059032400E-14, 7.228118189755021739, 13.47599999999996889 ) ) ;
#6990 = CARTESIAN_POINT ( 'NONE',  ( 4.019237886466824783, 8.906254540163329736, 14.99999999999996980 ) ) ;
#6991 = DIRECTION ( 'NONE',  ( 0.09104463009115218441, -0.9832820049844601673, -0.1576939250741932197 ) ) ;
#6992 = CARTESIAN_POINT ( 'NONE',  ( 0.000000000000000000, 0.000000000000000000, 0.000000000000000000 ) ) ;
#6993 = VECTOR ( 'NONE', #3679, 999.9999999999998863 ) ;
#6994 = ADVANCED_FACE ( 'NONE', ( #5930 ), #3219, .T. ) ;
#6995 = CARTESIAN_POINT ( 'NONE',  ( 0.000000000000000000, 32.25000000000000000, 0.000000000000000000 ) ) ;
#6996 = ORIENTED_EDGE ( 'NONE', *, *, #1237, .F. ) ;
#6997 = TOROIDAL_SURFACE ( 'NONE', #1323, 6.000000000000000888, 0.2500000000000000000 ) ;
#6998 = CARTESIAN_POINT ( 'NONE',  ( -12.77041060420530627, 9.733274238455827287, 7.372999999999977128 ) ) ;
#6999 = CARTESIAN_POINT ( 'NONE',  ( 13.01848556432378246, 12.14298864288685387, 4.911321564989170163 ) ) ;
#7000 = AXIS2_PLACEMENT_3D ( 'NONE', #163, #4783, #5923 ) ;
#7001 = CARTESIAN_POINT ( 'NONE',  ( 3.951178791589316397, 5.711607571789160787, 14.74599999999996847 ) ) ;
#7002 = DIRECTION ( 'NONE',  ( 3.052344535003915238E-08, 0.9999999999999995559, 6.120627887004214552E-09 ) ) ;
#7003 = CARTESIAN_POINT ( 'NONE',  ( 14.13452045101659493, 14.40407741505570627, 5.332351533095340379 ) ) ;
#7004 = CARTESIAN_POINT ( 'NONE',  ( 1.985186810928994960, 24.25000000000000000, -4.038444419044735056 ) ) ;
#7005 = ADVANCED_FACE ( 'NONE', ( #3382 ), #358, .T. ) ;
#7006 = ORIENTED_EDGE ( 'NONE', *, *, #2115, .F. ) ;
#7007 = CARTESIAN_POINT ( 'NONE',  ( -2.496887421714787170, 32.01680792274015630, -0.1250026751836853800 ) ) ;
#7008 = EDGE_LOOP ( 'NONE', ( #2390, #7114, #5245, #6286 ) ) ;
#7009 = CARTESIAN_POINT ( 'NONE',  ( -0.4763139720814438260, 0.000000000000000000, -0.2749999999999955813 ) ) ;
#7010 = TOROIDAL_SURFACE ( 'NONE', #6279, 0.5080001131307189111, 0.5080001131307199103 ) ;
#7011 = VERTEX_POINT ( 'NONE', #978 ) ;
#7012 = CARTESIAN_POINT ( 'NONE',  ( -1.520416062516207312, 32.00000000000000000, 0.4507490479285337082 ) ) ;
#7013 = CARTESIAN_POINT ( 'NONE',  ( 10.98076211353313170, 5.694999999999998508, 10.98076211353313703 ) ) ;
#7014 = CARTESIAN_POINT ( 'NONE',  ( 0.1790886229563119492, 32.00000000000000000, 1.432177374114070867 ) ) ;
#7015 = CARTESIAN_POINT ( 'NONE',  ( 0.1989519857387739843, 31.75000000000000000, 1.944594947566258503 ) ) ;
#7016 = EDGE_CURVE ( 'NONE', #6206, #6206, #4928, .T. ) ;
#7017 = AXIS2_PLACEMENT_3D ( 'NONE', #1150, #3444, #7076 ) ;
#7018 = ORIENTED_EDGE ( 'NONE', *, *, #4856, .T. ) ;
#7019 = ADVANCED_FACE ( 'NONE', ( #6255 ), #6409, .T. ) ;
#7020 = DIRECTION ( 'NONE',  ( 0.000000000000000000, -1.000000000000000000, -0.000000000000000000 ) ) ;
#7021 = CARTESIAN_POINT ( 'NONE',  ( -13.47599999999997600, 6.169784856421687280, 3.610883317201784237 ) ) ;
#7022 = DIRECTION ( 'NONE',  ( 0.1820892601823072277, 0.9832820049844602783, 0.000000000000000000 ) ) ;
#7023 = CARTESIAN_POINT ( 'NONE',  ( -14.74599999999996491, 6.984646968374168097, -3.579536690155009972E-15 ) ) ;
#7024 = VECTOR ( 'NONE', #3068, 1000.000000000000000 ) ;
#7025 = AXIS2_PLACEMENT_3D ( 'NONE', #445, #7378, #5039 ) ;
#7026 = CARTESIAN_POINT ( 'NONE',  ( 14.88755197649587991, 6.434119756204726315, -1.895704681701089189 ) ) ;
#7027 = ORIENTED_EDGE ( 'NONE', *, *, #1401, .T. ) ;
#7028 = EDGE_LOOP ( 'NONE', ( #3578, #146, #1752, #3206 ) ) ;
#7029 = DIRECTION ( 'NONE',  ( -0.9078521015395825122, -0.4192905457199858077, 0.000000000000000000 ) ) ;
#7030 = CARTESIAN_POINT ( 'NONE',  ( 13.47599999999996179, 8.472392428210849147, 3.610883317201821985 ) ) ;
#7031 = FACE_OUTER_BOUND ( 'NONE', #7272, .T. ) ;
#7032 = ADVANCED_BREP_SHAPE_REPRESENTATION ( 'Cap 1', ( #2623, #3948 ), #934 ) ;
#7033 = CARTESIAN_POINT ( 'NONE',  ( 14.99999999999996803, 4.884587873496668564, 0.000000000000000000 ) ) ;
#7034 = CARTESIAN_POINT ( 'NONE',  ( 1.569469031814412441, 31.99361857213137839, 1.947515965396839244 ) ) ;
#7035 = CARTESIAN_POINT ( 'NONE',  ( -2.880316708879106624, 24.45447768495442631, -0.3000000000000000444 ) ) ;
#7036 = ORIENTED_EDGE ( 'NONE', *, *, #6047, .T. ) ;
#7037 = CARTESIAN_POINT ( 'NONE',  ( -14.74599999999996314, 9.098274238455829277, -3.951178791589331940 ) ) ;
#7038 = CARTESIAN_POINT ( 'NONE',  ( -13.47599999999997777, 5.282195445285812418, 3.610883317201784681 ) ) ;
#7039 = CARTESIAN_POINT ( 'NONE',  ( 10.91270301865562509, 11.12197045256124639, 10.91270301865563219 ) ) ;
#7040 = CARTESIAN_POINT ( 'NONE',  ( -3.941516664322040064, 25.00000000000000000, -0.5500000000000000444 ) ) ;
#7041 = CARTESIAN_POINT ( 'NONE',  ( -7.453514773719355446, 6.230950754268747893, -12.90986628304717598 ) ) ;
#7042 = CARTESIAN_POINT ( 'NONE',  ( 1.217812852905669319, 32.00000000000000000, 1.009313735343008833 ) ) ;
#7043 = ORIENTED_EDGE ( 'NONE', *, *, #7074, .T. ) ;
#7044 = CARTESIAN_POINT ( 'NONE',  ( 1.556761361664332766, 25.45486940119457842, 3.361841685541596902 ) ) ;
#7045 = ORIENTED_EDGE ( 'NONE', *, *, #3817, .F. ) ;
#7046 = CARTESIAN_POINT ( 'NONE',  ( 1.147408041651418298, 31.79061622867471826, -1.126375635105334894 ) ) ;
#7047 = CARTESIAN_POINT ( 'NONE',  ( -5.750000000000002665, 25.25000000000000000, 0.5500000000000000444 ) ) ;
#7048 = CARTESIAN_POINT ( 'NONE',  ( -1.520863999611699047, 31.79552231499842918, 0.3656336558358729838 ) ) ;
#7049 = CARTESIAN_POINT ( 'NONE',  ( -12.99038105676654986, 3.366666666666666252, -7.499999999999989342 ) ) ;
#7050 = DIRECTION ( 'NONE',  ( 0.9977753031397177397, 0.000000000000000000, 0.06666666666666670737 ) ) ;
#7051 = CARTESIAN_POINT ( 'NONE',  ( -1.275043498356854599, 32.00000000000000000, -0.2999999999999999889 ) ) ;
#7052 = ORIENTED_EDGE ( 'NONE', *, *, #5451, .T. ) ;
#7053 = CARTESIAN_POINT ( 'NONE',  ( 1.494444360079544287, 25.00000000000000000, -3.688453560742601667 ) ) ;
#7054 = DIRECTION ( 'NONE',  ( -0.000000000000000000, -1.000000000000000000, -0.000000000000000000 ) ) ;
#7055 = CARTESIAN_POINT ( 'NONE',  ( 2.447072304242476459, 25.00000000000000000, 3.138453560742577864 ) ) ;
#7056 = CARTESIAN_POINT ( 'NONE',  ( 1.252089749376922079, 31.97743070672902377, -2.168683061557057812 ) ) ;
#7057 = CARTESIAN_POINT ( 'NONE',  ( -3.951178791589339934, 8.042980301707501667, 14.74599999999996136 ) ) ;
#7058 = ADVANCED_FACE ( 'NONE', ( #2214 ), #2250, .T. ) ;
#7059 = ADVANCED_FACE ( 'NONE', ( #791 ), #3006, .T. ) ;
#7060 = CARTESIAN_POINT ( 'NONE',  ( -14.83540628204983136, 8.750974533520267329, -2.216015342455503578 ) ) ;
#7061 = ORIENTED_EDGE ( 'NONE', *, *, #1883, .F. ) ;
#7062 = DIRECTION ( 'NONE',  ( 0.000000000000000000, 0.000000000000000000, 1.000000000000000000 ) ) ;
#7063 = CARTESIAN_POINT ( 'NONE',  ( -13.47599999999996356, 5.932392428210849999, -3.610883317201814879 ) ) ;
#7064 = CARTESIAN_POINT ( 'NONE',  ( 14.70723124467802734, 14.88514553646145799, 2.949127414929261448 ) ) ;
#7065 = CARTESIAN_POINT ( 'NONE',  ( 14.99964409224137363, 4.553889913000308098, 0.1123897279168534491 ) ) ;
#7066 = CARTESIAN_POINT ( 'NONE',  ( 10.05105758792065274, 11.80152877861914362, 10.05105758792067228 ) ) ;
#7067 = CARTESIAN_POINT ( 'NONE',  ( 0.5793616525551498198, 2.489026647744076559, -14.98902024180993209 ) ) ;
#7068 = ORIENTED_EDGE ( 'NONE', *, *, #3754, .F. ) ;
#7069 = CARTESIAN_POINT ( 'NONE',  ( -10.79482120841063519, 3.594940905122495423, -10.79482120841064052 ) ) ;
#7070 = CARTESIAN_POINT ( 'NONE',  ( -3.610883317201789122, 4.012195445285811068, -13.47599999999997245 ) ) ;
#7071 = DIRECTION ( 'NONE',  ( 0.000000000000000000, 1.000000000000000000, 0.000000000000000000 ) ) ;
#7072 = CARTESIAN_POINT ( 'NONE',  ( -12.99038105676654986, 6.815313635040833873, -7.499999999999991118 ) ) ;
#7073 = CARTESIAN_POINT ( 'NONE',  ( 1.724996102581031865, 32.00000000000000000, -1.467314617201000759 ) ) ;
#7074 = EDGE_CURVE ( 'NONE', #5579, #67, #6394, .T. ) ;
#7075 = ORIENTED_EDGE ( 'NONE', *, *, #2672, .T. ) ;
#7076 = DIRECTION ( 'NONE',  ( 0.000000000000000000, 0.000000000000000000, 1.000000000000000000 ) ) ;
#7077 = VERTEX_POINT ( 'NONE', #4335 ) ;
#7078 = CARTESIAN_POINT ( 'NONE',  ( 0.000000000000000000, 30.25000000000000000, 5.750000000000000000 ) ) ;
#7079 = DIRECTION ( 'NONE',  ( 0.3555555555555554026, 0.000000000000000000, -0.9346551486583597468 ) ) ;
#7080 = CARTESIAN_POINT ( 'NONE',  ( 2.643957722821920875, 24.24999999999999645, 3.946135775658301981 ) ) ;
#7081 = DIRECTION ( 'NONE',  ( 3.052344535003915238E-08, 0.9999999999999995559, 6.120627887004214552E-09 ) ) ;
#7082 = CARTESIAN_POINT ( 'NONE',  ( -14.74599999999996847, 9.521607571789163060, 3.951178791589316841 ) ) ;
#7083 = CARTESIAN_POINT ( 'NONE',  ( 0.000000000000000000, 0.000000000000000000, 0.000000000000000000 ) ) ;
#7084 = CARTESIAN_POINT ( 'NONE',  ( 3.610883317201783349, 7.439784856421687742, 13.47599999999997600 ) ) ;
#7085 = ORIENTED_EDGE ( 'NONE', *, *, #5813, .T. ) ;
#7086 = FACE_OUTER_BOUND ( 'NONE', #3588, .T. ) ;
#7087 = CARTESIAN_POINT ( 'NONE',  ( 0.6253560291686742767, 31.84131709439716573, -2.217697286773627319 ) ) ;
#7088 = CARTESIAN_POINT ( 'NONE',  ( 1.985186810928995182, 24.25000000000000000, -4.038444419044734168 ) ) ;
#7089 = CARTESIAN_POINT ( 'NONE',  ( 1.517843056682128378, 32.00000000000000000, 1.028981292588368568 ) ) ;
#7090 = ADVANCED_FACE ( 'NONE', ( #5878 ), #3648, .F. ) ;
#7091 = DIRECTION ( 'NONE',  ( 1.000000000000000000, 0.000000000000000000, 0.000000000000000000 ) ) ;
#7092 = CIRCLE ( 'NONE', #1302, 0.2499999999999998612 ) ;
#7093 = CARTESIAN_POINT ( 'NONE',  ( 0.01509093623182483287, 7.599205236159623844, -14.99999849110071182 ) ) ;
#7094 = ORIENTED_EDGE ( 'NONE', *, *, #1531, .F. ) ;
#7095 = CARTESIAN_POINT ( 'NONE',  ( -0.4763139720814399958, 0.000000000000000000, 0.2750000000000022427 ) ) ;
#7096 = CARTESIAN_POINT ( 'NONE',  ( -3.610883317201821541, 12.28239242821084964, 13.47599999999996179 ) ) ;
#7097 = VERTEX_POINT ( 'NONE', #6643 ) ;
#7098 = FACE_OUTER_BOUND ( 'NONE', #5235, .T. ) ;
#7099 = DIRECTION ( 'NONE',  ( 0.000000000000000000, 1.000000000000000000, 0.000000000000000000 ) ) ;
#7100 = CARTESIAN_POINT ( 'NONE',  ( 1.557682508429877100, 32.01680792274015630, -1.951472888667453720 ) ) ;
#7101 = VECTOR ( 'NONE', #4009, 1000.000000000000114 ) ;
#7102 = EDGE_CURVE ( 'NONE', #2212, #5416, #4329, .T. ) ;
#7103 = B_SPLINE_CURVE_WITH_KNOTS ( 'NONE', 3,
 ( #4403, #5982, #957, #5534, #6020, #815 ),
 .UNSPECIFIED., .F., .F.,
 ( 4, 2, 4 ),
 ( 0.000000000000000000, 0.0001995001702605718604, 0.0003990003405211437208 ),
 .UNSPECIFIED. ) ;
#7104 = CARTESIAN_POINT ( 'NONE',  ( 1.246743903150272503, 25.40973880238915683, 3.259423784282970971 ) ) ;
#7105 = VERTEX_POINT ( 'NONE', #4261 ) ;
#7106 = CARTESIAN_POINT ( 'NONE',  ( -4.713942604772727307, 24.05419023789846023, 0.5923802036589896902 ) ) ;
#7107 = CARTESIAN_POINT ( 'NONE',  ( -6.737999999999972012, 4.409803017074973575, -11.67055834139907411 ) ) ;
#7108 = DIRECTION ( 'NONE',  ( 0.000000000000000000, -0.000000000000000000, 1.000000000000000000 ) ) ;
#7109 = CARTESIAN_POINT ( 'NONE',  ( 12.99038105676654986, 9.355313635040834797, 7.499999999999991118 ) ) ;
#7110 = CARTESIAN_POINT ( 'NONE',  ( 11.89052879396032303, 9.361392428210852046, -6.864999999999977121 ) ) ;
#7111 = VERTEX_POINT ( 'NONE', #757 ) ;
#7112 = CIRCLE ( 'NONE', #6147, 0.2500000000000000555 ) ;
#7113 = CYLINDRICAL_SURFACE ( 'NONE', #2909, 0.2499999999999996669 ) ;
#7114 = ORIENTED_EDGE ( 'NONE', *, *, #2038, .T. ) ;
#7115 = CARTESIAN_POINT ( 'NONE',  ( 1.598448410122844221, 32.02262672620886974, 1.922228571261948238 ) ) ;
#7116 = CARTESIAN_POINT ( 'NONE',  ( 1.246743903150219879, 25.40973880238922433, -3.259423784282975856 ) ) ;
#7117 = CARTESIAN_POINT ( 'NONE',  ( 3.068478134568359383, 24.36843829788320548, 3.625871197060983597 ) ) ;
#7118 = CARTESIAN_POINT ( 'NONE',  ( -4.439023867045851723, 24.36815153150209667, 0.5220540310691801356 ) ) ;
#7119 = CARTESIAN_POINT ( 'NONE',  ( -12.77041060420529739, 8.886607571789163273, -7.372999999999989562 ) ) ;
#7120 = CIRCLE ( 'NONE', #7361, 0.2500000000000001110 ) ;
#7121 = CIRCLE ( 'NONE', #1806, 0.2499999999999998612 ) ;
#7122 = CIRCLE ( 'NONE', #3856, 0.2500000000000001665 ) ;
#7123 = DIRECTION ( 'NONE',  ( -0.9999999999999994449, 3.052344499572268312E-08, 0.000000000000000000 ) ) ;
#7124 = VERTEX_POINT ( 'NONE', #5994 ) ;
#7125 = AXIS2_PLACEMENT_3D ( 'NONE', #6304, #2147, #2011 ) ;
#7126 = CARTESIAN_POINT ( 'NONE',  ( 0.6421819475484950024, 31.81249996413568226, -2.224226042334852771 ) ) ;
#7127 = FACE_OUTER_BOUND ( 'NONE', #4409, .T. ) ;
#7128 = CARTESIAN_POINT ( 'NONE',  ( -13.72999999999996668, 4.604862111952478188, -3.678942412079319269 ) ) ;
#7129 = CARTESIAN_POINT ( 'NONE',  ( 1.767399880468908169, 24.36815153150209667, -4.105334452401751655 ) ) ;
#7130 = CARTESIAN_POINT ( 'NONE',  ( 0.000000000000000000, 15.50000000000000000, 0.000000000000000000 ) ) ;
#7131 = CARTESIAN_POINT ( 'NONE',  ( 12.77041060420529561, 9.101313635040833461, 7.372999999999991338 ) ) ;
#7132 = CIRCLE ( 'NONE', #5690, 13.25000000000000000 ) ;
#7133 = CARTESIAN_POINT ( 'NONE',  ( 1.319780771722494306, 7.529807377712962158, -14.95120483400146583 ) ) ;
#7134 = ORIENTED_EDGE ( 'NONE', *, *, #5024, .T. ) ;
#7135 =( BOUNDED_SURFACE ( )  B_SPLINE_SURFACE ( 3, 1, ( 
 ( #3992, #3570 ),
 ( #18, #90 ),
 ( #2299, #6455 ),
 ( #3461, #6913 ) ),
 .UNSPECIFIED., .F., .F., .T. ) 
 B_SPLINE_SURFACE_WITH_KNOTS ( ( 4, 4 ),
 ( 2, 2 ),
 ( 0.000000000000000000, 1.000000000000000000 ),
 ( 0.000000000000000000, 1.000000000000000000 ),
 .UNSPECIFIED. ) 
 GEOMETRIC_REPRESENTATION_ITEM ( )  RATIONAL_B_SPLINE_SURFACE ( (
 ( 1.000000000000000000, 1.000000000000000000),
 ( 0.9981293039644412168, 0.9981293039644412168),
 ( 0.9981293039644412168, 0.9981293039644412168),
 ( 1.000000000000000000, 1.000000000000000000) ) ) 
 REPRESENTATION_ITEM ( '' )  SURFACE ( )  );
#7136 = CARTESIAN_POINT ( 'NONE',  ( 0.6422192439386611440, 31.81243608798292044, 2.224240513997490787 ) ) ;
#7137 = CARTESIAN_POINT ( 'NONE',  ( 3.610883317201813991, 4.662392428210851314, -13.47599999999996356 ) ) ;
#7138 = CARTESIAN_POINT ( 'NONE',  ( -10.79482120841064763, 12.69964696837416795, 10.79482120841063164 ) ) ;
#7139 = CARTESIAN_POINT ( 'NONE',  ( 2.840078291288568479, 25.00000000000000000, -3.819159897985287877 ) ) ;
#7140 = CARTESIAN_POINT ( 'NONE',  ( 0.6253560291686742767, 31.84131709439716573, -2.217697286773627319 ) ) ;
#7141 = CARTESIAN_POINT ( 'NONE',  ( 1.598448410122844221, 32.02262672620886974, 1.922228571261948238 ) ) ;
#7142 = ADVANCED_FACE ( 'NONE', ( #1386 ), #3799, .F. ) ;
#7143 = CARTESIAN_POINT ( 'NONE',  ( 14.98688981474990101, 1.286497509349684432, -0.6768935495163307392 ) ) ;
#7144 = VERTEX_POINT ( 'NONE', #4823 ) ;
#7145 = CARTESIAN_POINT ( 'NONE',  ( 0.1129037269997119758, 32.00000000000000000, -1.687781773804307051 ) ) ;
#7146 = CARTESIAN_POINT ( 'NONE',  ( -11.67055834139906167, 4.833136350408307358, -6.737999999999998657 ) ) ;
#7147 = EDGE_CURVE ( 'NONE', #5116, #4965, #2240, .T. ) ;
#7148 = EDGE_CURVE ( 'NONE', #5757, #4806, #6899, .T. ) ;
#7149 = DIRECTION ( 'NONE',  ( 0.7752477178969742200, 0.000000000000000000, -0.6316573247382899492 ) ) ;
#7150 = CARTESIAN_POINT ( 'NONE',  ( -12.99038105676654986, 11.89531363504083572, -7.499999999999991118 ) ) ;
#7151 = EDGE_CURVE ( 'NONE', #3523, #7456, #1445, .T. ) ;
#7152 = CARTESIAN_POINT ( 'NONE',  ( -13.72999999999996668, 11.26639242821085318, -3.678942412079319269 ) ) ;
#7153 = EDGE_CURVE ( 'NONE', #2703, #6261, #994, .T. ) ;
#7154 = EDGE_LOOP ( 'NONE', ( #530 ) ) ;
#7155 = ORIENTED_EDGE ( 'NONE', *, *, #5054, .T. ) ;
#7156 = CARTESIAN_POINT ( 'NONE',  ( -3.949601454700480740, 25.25000000000000000, -0.2464672573347321816 ) ) ;
#7157 = VECTOR ( 'NONE', #3327, 1000.000000000000000 ) ;
#7158 = CARTESIAN_POINT ( 'NONE',  ( -3.710023889391015128, 25.41533853840699919, 0.2496545873540189364 ) ) ;
#7159 = CARTESIAN_POINT ( 'NONE',  ( -1.275043498356853711, 32.00000000000000000, 0.2999999999999991562 ) ) ;
#7160 = CARTESIAN_POINT ( 'NONE',  ( 2.676604605143666664E-15, 8.039940905122495707, -14.74599999999996491 ) ) ;
#7161 = CARTESIAN_POINT ( 'NONE',  ( 14.92258079999996845, 2.537255632861328714, 1.522032282006974047 ) ) ;
#7162 = DIRECTION ( 'NONE',  ( 0.1820892601823020374, 0.9832820049844612775, 0.000000000000000000 ) ) ;
#7163 = ORIENTED_EDGE ( 'NONE', *, *, #6457, .T. ) ;
#7164 = CARTESIAN_POINT ( 'NONE',  ( 0.000000000000000000, 24.04289321881345387, 0.000000000000000000 ) ) ;
#7165 = DIRECTION ( 'NONE',  ( -0.000000000000000000, -1.000000000000000000, -0.000000000000000000 ) ) ;
#7166 = CARTESIAN_POINT ( 'NONE',  ( -3.678942412079325486, 5.874862111952478649, 13.72999999999996312 ) ) ;
#7167 = CARTESIAN_POINT ( 'NONE',  ( 13.47599999999997067, 2.716469683741640662, 0.000000000000000000 ) ) ;
#7168 = CARTESIAN_POINT ( 'NONE',  ( -4.674335647102256353, 24.36846202106579895, -0.8444443488052573166 ) ) ;
#7169 = CARTESIAN_POINT ( 'NONE',  ( -14.74599999999996491, 12.06464696837416817, -3.579536690155009972E-15 ) ) ;
#7170 = EDGE_CURVE ( 'NONE', #5343, #5416, #7214, .T. ) ;
#7171 = CARTESIAN_POINT ( 'NONE',  ( -2.271993306461387974, 31.75000000000000000, 0.5500000000000000444 ) ) ;
#7172 = CARTESIAN_POINT ( 'NONE',  ( 7.502814517749253120, 7.177762293640235214, -13.02474878927990787 ) ) ;
#7173 = ORIENTED_EDGE ( 'NONE', *, *, #654, .F. ) ;
#7174 = CARTESIAN_POINT ( 'NONE',  ( 2.148537260280396044, 25.34497773983817481, -3.069319345726535087 ) ) ;
#7175 = CARTESIAN_POINT ( 'NONE',  ( -6.784485226280597914, 10.53842197564960514, -11.75107311511845154 ) ) ;
#7176 = CARTESIAN_POINT ( 'NONE',  ( 14.74599999999996491, 4.656313635040834065, -3.951178791589323946 ) ) ;
#7177 = CARTESIAN_POINT ( 'NONE',  ( 1.737845010467030660, 25.00000000000000000, 4.110035853808923889 ) ) ;
#7178 = CARTESIAN_POINT ( 'NONE',  ( -12.77041060420529739, 8.886607571789163273, -7.372999999999989562 ) ) ;
#7179 = CARTESIAN_POINT ( 'NONE',  ( 14.75505936953721609, 14.44520447602266344, 2.699670906134864268 ) ) ;
#7180 = CARTESIAN_POINT ( 'NONE',  ( 0.8973293703137625865, 32.00000000000000000, 0.9542200605072136410 ) ) ;
#7181 =( BOUNDED_SURFACE ( )  B_SPLINE_SURFACE ( 3, 2, ( 
 ( #2395, #1646, #1339 ),
 ( #2435, #4742, #7426 ),
 ( #3070, #2820, #703 ),
 ( #5135, #3638, #2246 ) ),
 .UNSPECIFIED., .F., .F., .T. ) 
 B_SPLINE_SURFACE_WITH_KNOTS ( ( 4, 4 ),
 ( 3, 3 ),
 ( 0.0003358411011784001024, 0.0005258393205670906182 ),
 ( 0.000000000000000000, 1.000000000000000000 ),
 .UNSPECIFIED. ) 
 GEOMETRIC_REPRESENTATION_ITEM ( )  RATIONAL_B_SPLINE_SURFACE ( (
 ( 1.000000000000000000, 0.7519653661432155189, 1.000000000000000000),
 ( 1.000000000000000000, 0.7443705148068364696, 1.000000000000000000),
 ( 1.000000000000000000, 0.7377192712881964765, 1.000000000000000000),
 ( 1.000000000000000000, 0.7314725590611556028, 1.000000000000000000) ) ) 
 REPRESENTATION_ITEM ( '' )  SURFACE ( )  );
#7182 = CARTESIAN_POINT ( 'NONE',  ( 5.109535798332439427, 2.238123066910291392, -14.13602007386087145 ) ) ;
#7183 = ORIENTED_EDGE ( 'NONE', *, *, #4519, .T. ) ;
#7184 = CARTESIAN_POINT ( 'NONE',  ( 0.3698479050200016993, 32.00000000000000711, -1.542093458425226604 ) ) ;
#7185 = CARTESIAN_POINT ( 'NONE',  ( -11.67055834139907589, 5.493862111952478422, 6.737999999999972012 ) ) ;
#7186 = CARTESIAN_POINT ( 'NONE',  ( 1.766788825810454044, 25.13102599099469359, -4.105464303581285890 ) ) ;
#7187 = CARTESIAN_POINT ( 'NONE',  ( 7.499999999999973355, 9.117921206829995739, 12.99038105676655697 ) ) ;
#7188 = CARTESIAN_POINT ( 'NONE',  ( 1.737523670746571991, 31.90325221641045061, -1.806579146133773239 ) ) ;
#7189 = ADVANCED_FACE ( 'NONE', ( #2096 ), #931, .T. ) ;
#7190 = ORIENTED_EDGE ( 'NONE', *, *, #6767, .T. ) ;
#7191 = CARTESIAN_POINT ( 'NONE',  ( 1.822876226197954752, 24.25000000000000000, 2.557314239684246093 ) ) ;
#7192 = EDGE_LOOP ( 'NONE', ( #3391 ) ) ;
#7193 = CARTESIAN_POINT ( 'NONE',  ( 0.000000000000000000, 15.50000000000000000, -13.50000000000000000 ) ) ;
#7194 = CARTESIAN_POINT ( 'NONE',  ( -2.468866350597551218, 32.01680792274015630, 0.3732561789972372313 ) ) ;
#7195 = CARTESIAN_POINT ( 'NONE',  ( -3.750000000000001332, 25.25000000000000355, -4.661984647462716094E-16 ) ) ;
#7196 = CARTESIAN_POINT ( 'NONE',  ( 10.79482120841064230, 2.324940905122495849, -10.79482120841063875 ) ) ;
#7197 = B_SPLINE_CURVE_WITH_KNOTS ( 'NONE', 3,
 ( #5762, #562, #2817, #4016, #78, #1793 ),
 .UNSPECIFIED., .F., .F.,
 ( 4, 2, 4 ),
 ( 0.000000000000000000, 0.0001978559813949902664, 0.0003957119627899805328 ),
 .UNSPECIFIED. ) ;
#7198 = CARTESIAN_POINT ( 'NONE',  ( 1.143992287396921270, 32.01680792274016341, 2.233670257357355027 ) ) ;
#7199 = ORIENTED_EDGE ( 'NONE', *, *, #6436, .T. ) ;
#7200 = DIRECTION ( 'NONE',  ( -0.1820892601823072277, -0.9832820049844602783, -0.000000000000000000 ) ) ;
#7201 = CARTESIAN_POINT ( 'NONE',  ( -2.463922979654666889, 32.02262672620886974, -0.4231826441742515543 ) ) ;
#7202 = CARTESIAN_POINT ( 'NONE',  ( 11.89052879396032303, 2.699862111952477939, -6.864999999999977121 ) ) ;
#7203 = CARTESIAN_POINT ( 'NONE',  ( 1.737845010466769757, 24.43300277366493845, -4.110035853810151352 ) ) ;
#7204 = LINE ( 'NONE', #2595, #965 ) ;
#7205 = DIRECTION ( 'NONE',  ( 0.000000000000000000, -1.000000000000000000, 0.000000000000000000 ) ) ;
#7206 = CARTESIAN_POINT ( 'NONE',  ( -7.615060721620759310, 8.027406354580891801, -12.96922768375042523 ) ) ;
#7207 = B_SPLINE_CURVE_WITH_KNOTS ( 'NONE', 3,
 ( #5807, #3045, #3078, #2326 ),
 .UNSPECIFIED., .F., .F.,
 ( 4, 4 ),
 ( 2.168404344971008868E-19, 0.0003718339866683833509 ),
 .UNSPECIFIED. ) ;
#7208 = EDGE_LOOP ( 'NONE', ( #2926, #5850, #2130, #1230 ) ) ;
#7209 = DIRECTION ( 'NONE',  ( 0.000000000000000000, 0.000000000000000000, 1.000000000000000000 ) ) ;
#7210 = CARTESIAN_POINT ( 'NONE',  ( -9.933175777675664619, 5.670088642316271965, -9.933175777675678830 ) ) ;
#7211 = CARTESIAN_POINT ( 'NONE',  ( 7.372999999999986009, 10.37131363504083481, -12.77041060420529917 ) ) ;
#7212 = CARTESIAN_POINT ( 'NONE',  ( 12.77041060420529561, 11.42660757178916064, 7.372999999999991338 ) ) ;
#7213 = CARTESIAN_POINT ( 'NONE',  ( 2.906979305575971839, 25.00000000000000000, -3.435035853808957818 ) ) ;
#7214 = B_SPLINE_CURVE_WITH_KNOTS ( 'NONE', 3,
 ( #1502, #1536, #2170, #3797, #6106, #3265 ),
 .UNSPECIFIED., .F., .F.,
 ( 4, 2, 4 ),
 ( 0.000000000000000000, 0.5000000000000000000, 1.000000000000000000 ),
 .UNSPECIFIED. ) ;
#7215 = CARTESIAN_POINT ( 'NONE',  ( -2.102974084481309180, 32.25000000000000000, 0.7999999999999998224 ) ) ;
#7216 = CIRCLE ( 'NONE', #6745, 0.2500000000000000555 ) ;
#7217 = CARTESIAN_POINT ( 'NONE',  ( 13.07563915829536860, 1.668028230838877191, -7.413386945897951108 ) ) ;
#7218 = ORIENTED_EDGE ( 'NONE', *, *, #2366, .T. ) ;
#7219 = CARTESIAN_POINT ( 'NONE',  ( 14.99999999999996803, 4.444646968374167173, 0.000000000000000000 ) ) ;
#7220 = CARTESIAN_POINT ( 'NONE',  ( -3.610883317201788678, 9.278136350408304978, -13.47599999999997245 ) ) ;
#7221 = CARTESIAN_POINT ( 'NONE',  ( 1.985186810928995182, 25.25000000000000000, -4.038444419044734168 ) ) ;
#7222 = EDGE_CURVE ( 'NONE', #1241, #5329, #5409, .T. ) ;
#7223 = CARTESIAN_POINT ( 'NONE',  ( -4.019237886466842546, 13.37698030170749952, 14.99999999999996270 ) ) ;
#7224 = CARTESIAN_POINT ( 'NONE',  ( 1.702182504520861617, 31.99011754388521211, -1.510175502494637723 ) ) ;
#7225 = ORIENTED_EDGE ( 'NONE', *, *, #2332, .F. ) ;
#7226 = DIRECTION ( 'NONE',  ( -0.09104463009115218441, 0.9832820049844601673, 0.1576939250741932197 ) ) ;
#7227 = ORIENTED_EDGE ( 'NONE', *, *, #5772, .F. ) ;
#7228 = DIRECTION ( 'NONE',  ( 0.8660254037844363761, 2.320087873977615496E-19, -0.5000000000000039968 ) ) ;
#7229 = VECTOR ( 'NONE', #5622, 1000.000000000000000 ) ;
#7230 = VERTEX_POINT ( 'NONE', #3336 ) ;
#7231 = CARTESIAN_POINT ( 'NONE',  ( -3.951178791589322614, 8.251607571789163487, -14.74599999999996491 ) ) ;
#7232 = B_SPLINE_CURVE_WITH_KNOTS ( 'NONE', 3,
 ( #5396, #1802, #2368, #4675 ),
 .UNSPECIFIED., .F., .F.,
 ( 4, 4 ),
 ( 0.000000000000000000, 0.0001006850096840645065 ),
 .UNSPECIFIED. ) ;
#7233 = DIRECTION ( 'NONE',  ( 0.5000000000000039968, -0.000000000000000000, 0.8660254037844363761 ) ) ;
#7234 = EDGE_CURVE ( 'NONE', #5806, #1082, #2389, .T. ) ;
#7235 = CARTESIAN_POINT ( 'NONE',  ( 1.545998400347373458, 31.79513059880541803, 2.012295865942937301 ) ) ;
#7236 = AXIS2_PLACEMENT_3D ( 'NONE', #5635, #5148, #6813 ) ;
#7237 = AXIS2_PLACEMENT_3D ( 'NONE', #6404, #1831, #1187 ) ;
#7238 = ORIENTED_EDGE ( 'NONE', *, *, #710, .T. ) ;
#7239 = EDGE_LOOP ( 'NONE', ( #6432 ) ) ;
#7240 = CARTESIAN_POINT ( 'NONE',  ( 1.661166541437917088, 25.26166002693508617, 4.451145347928525453 ) ) ;
#7241 = CARTESIAN_POINT ( 'NONE',  ( 6.737999999999965794, 6.949803017074974498, 11.67055834139907766 ) ) ;
#7242 = CARTESIAN_POINT ( 'NONE',  ( 0.000000000000000000, 24.00000000000000000, 0.000000000000000000 ) ) ;
#7243 = CIRCLE ( 'NONE', #5072, 0.2499999999999998335 ) ;
#7244 = AXIS2_PLACEMENT_3D ( 'NONE', #6676, #5504, #5575 ) ;
#7245 = PRODUCT_DEFINITION_CONTEXT ( 'detailed design', #1505, 'design' ) ;
#7246 = EDGE_CURVE ( 'NONE', #5806, #2692, #2704, .T. ) ;
#7247 = ADVANCED_FACE ( 'NONE', ( #6934 ), #202, .F. ) ;
#7248 = AXIS2_PLACEMENT_3D ( 'NONE', #2978, #5370, #1281 ) ;
#7249 = VECTOR ( 'NONE', #2428, 1000.000000000000114 ) ;
#7250 = EDGE_CURVE ( 'NONE', #6215, #2186, #1909, .T. ) ;
#7251 = CARTESIAN_POINT ( 'NONE',  ( -13.20553458031929495, 9.270352747680046690, 7.130680642880631304 ) ) ;
#7252 = ORIENTED_EDGE ( 'NONE', *, *, #852, .T. ) ;
#7253 = CARTESIAN_POINT ( 'NONE',  ( 2.307119839860989341, 25.44964546629597635, -2.896048781789474447 ) ) ;
#7254 = CARTESIAN_POINT ( 'NONE',  ( 10.05105758792067050, 4.493059094877517978, -10.05105758792065451 ) ) ;
#7255 = CARTESIAN_POINT ( 'NONE',  ( 2.676604605143668242E-15, 10.79464696837416682, -14.74599999999996491 ) ) ;
#7256 = TOROIDAL_SURFACE ( 'NONE', #748, 5.500000000000000000, 0.2500000000000000000 ) ;
#7257 = CARTESIAN_POINT ( 'NONE',  ( 2.095474967091777163, 24.00000000000000000, 4.262802442324968411 ) ) ;
#7258 = CARTESIAN_POINT ( 'NONE',  ( 1.600400109179172192, 32.02262282566651663, -1.920603939009624783 ) ) ;
#7259 = DIRECTION ( 'NONE',  ( -0.000000000000000000, -1.000000000000000000, -0.000000000000000000 ) ) ;
#7260 = CARTESIAN_POINT ( 'NONE',  ( -1.707675115633492835, 2.612251040444754757, -14.90881679828314788 ) ) ;
#7261 = ORIENTED_EDGE ( 'NONE', *, *, #289, .T. ) ;
#7262 = ORIENTED_EDGE ( 'NONE', *, *, #4002, .F. ) ;
#7263 = CARTESIAN_POINT ( 'NONE',  ( 0.4437839653735524137, 31.79552231499708270, -1.499923687283073903 ) ) ;
#7264 = CARTESIAN_POINT ( 'NONE',  ( 9.865116682798154457, 12.24146968374163791, 9.865116682798175773 ) ) ;
#7265 = AXIS2_PLACEMENT_3D ( 'NONE', #6632, #2050, #2584 ) ;
#7266 = FACE_BOUND ( 'NONE', #2067, .T. ) ;
#7267 = CARTESIAN_POINT ( 'NONE',  ( -12.99038105676655519, 12.92792120682999624, 7.499999999999979572 ) ) ;
#7268 = FACE_OUTER_BOUND ( 'NONE', #1294, .T. ) ;
#7269 = VERTEX_POINT ( 'NONE', #1295 ) ;
#7270 = EDGE_CURVE ( 'NONE', #6630, #67, #5174, .T. ) ;
#7271 = DIRECTION ( 'NONE',  ( -0.000000000000000000, -1.000000000000000000, -0.000000000000000000 ) ) ;
#7272 = EDGE_LOOP ( 'NONE', ( #977, #4638, #910 ) ) ;
#7273 = CARTESIAN_POINT ( 'NONE',  ( 0.000000000000000000, 17.00000000000000000, -13.99999999999993783 ) ) ;
#7274 = CARTESIAN_POINT ( 'NONE',  ( 1.433613958956220680, 25.25745661011725929, -3.583092215351958210 ) ) ;
#7275 = CARTESIAN_POINT ( 'NONE',  ( -14.99999999999996447, 3.764274238455828314, -4.019237886466835441 ) ) ;
#7276 = FACE_OUTER_BOUND ( 'NONE', #609, .T. ) ;
#7277 = DIRECTION ( 'NONE',  ( -0.5000000000000039968, 0.000000000000000000, -0.8660254037844363761 ) ) ;
#7278 = CARTESIAN_POINT ( 'NONE',  ( 14.74599999999996491, 4.444646968374166285, 1.773672520132329273E-15 ) ) ;
#7279 = CARTESIAN_POINT ( 'NONE',  ( -2.336637871645899089, 32.25000000000000000, -0.8888888888888887285 ) ) ;
#7280 = ORIENTED_EDGE ( 'NONE', *, *, #509, .T. ) ;
#7281 = DIRECTION ( 'NONE',  ( 0.000000000000000000, 0.000000000000000000, -1.000000000000000000 ) ) ;
#7282 = ORIENTED_EDGE ( 'NONE', *, *, #5736, .T. ) ;
#7283 = CARTESIAN_POINT ( 'NONE',  ( -13.72999999999997200, 9.896528778619144262, -1.054980265589085419E-14 ) ) ;
#7284 = CARTESIAN_POINT ( 'NONE',  ( -11.67055834139907411, 10.75980301707497411, 6.737999999999971124 ) ) ;
#7285 = CARTESIAN_POINT ( 'NONE',  ( 1.001306501959557727, 32.00000000000000000, 1.134313735343007945 ) ) ;
#7286 = CARTESIAN_POINT ( 'NONE',  ( 8.392638727330378856, 10.61925632631586147, 12.43239687845683683 ) ) ;
#7287 = ORIENTED_EDGE ( 'NONE', *, *, #1048, .T. ) ;
#7288 = CARTESIAN_POINT ( 'NONE',  ( 1.613575820775777325, 31.87187825835950505, 1.632709548838169766 ) ) ;
#7289 = CARTESIAN_POINT ( 'NONE',  ( -11.75107311511845332, 11.80842197564960294, 6.784485226280597914 ) ) ;
#7290 = CARTESIAN_POINT ( 'NONE',  ( 3.951178791589331052, 5.502980301707499855, -14.74599999999996314 ) ) ;
#7291 = LINE ( 'NONE', #397, #3733 ) ;
#7292 = EDGE_CURVE ( 'NONE', #7124, #7111, #2338, .T. ) ;
#7293 = CARTESIAN_POINT ( 'NONE',  ( 0.000000000000000000, 0.2499999999999993616, 0.000000000000000000 ) ) ;
#7294 = FACE_OUTER_BOUND ( 'NONE', #6911, .T. ) ;
#7295 =( BOUNDED_CURVE ( )  B_SPLINE_CURVE ( 2, ( #4803, #2614, #2501, #6584, #2578, #5380, #917, #884, #1403, #6545, #3205, #299, #2650, #6057, #6501, #2004, #4884, #367, #1332, #6627, #3742, #5527, #3172, #215, #4918, #3632, #7110, #6667, #4363, #5977, #1369, #5942, #809, #772, #256, #7152, #5633, #408, #6168, #2081, #1062, #3322, #5602, #5111, #3244, #2152, #1520, #7304, #2117 ),
 .UNSPECIFIED., .F., .F. ) 
 B_SPLINE_CURVE_WITH_KNOTS ( ( 3, 2, 2, 2, 2, 2, 2, 2, 2, 2, 2, 2, 2, 2, 2, 2, 2, 2, 2, 2, 2, 2, 2, 2, 3 ),
 ( 0.000000000000000000, 0.04166666666666666435, 0.08333333333333332871, 0.1250000000000000000, 0.1666666666666666574, 0.2083333333333333426, 0.2500000000000000000, 0.2916666666666666852, 0.3333333333333333148, 0.3749999999999999445, 0.4166666666666666852, 0.4583333333333333148, 0.5000000000000000000, 0.5416666666666666297, 0.5833333333333333703, 0.6250000000000000000, 0.6666666666666666297, 0.7083333333333333703, 0.7499999999999998890, 0.7916666666666666297, 0.8333333333333333703, 0.8750000000000000000, 0.9166666666666666297, 0.9583333333333333703, 0.9842244131687587494 ),
 .UNSPECIFIED. ) 
 CURVE ( )  GEOMETRIC_REPRESENTATION_ITEM ( )  RATIONAL_B_SPLINE_CURVE ( ( 1.000000000000000000, 0.9659258262890683122, 1.000000000000000000, 0.9659258262890683122, 1.000000000000000000, 0.9659258262890683122, 1.000000000000000000, 0.9659258262890683122, 1.000000000000000000, 0.9659258262890683122, 1.000000000000000000, 0.9659258262890683122, 1.000000000000000000, 0.9659258262890683122, 1.000000000000000000, 0.9659258262890683122, 1.000000000000000000, 0.9659258262890683122, 1.000000000000000000, 0.9659258262890683122, 1.000000000000000000, 0.9659258262890683122, 1.000000000000000000, 0.9659258262890683122, 1.000000000000000000, 0.9659258262890683122, 1.000000000000000000, 0.9659258262890683122, 1.000000000000000000, 0.9659258262890683122, 1.000000000000000000, 0.9659258262890683122, 1.000000000000000000, 0.9659258262890683122, 1.000000000000000000, 0.9659258262890683122, 1.000000000000000000, 0.9659258262890683122, 1.000000000000000000, 0.9659258262890683122, 1.000000000000000000, 0.9659258262890683122, 1.000000000000000000, 0.9659258262890683122, 1.000000000000000000, 0.9659258262890683122, 1.000000000000000000, 0.9788267883549787163, 0.9839670477374904412 ) ) 
 REPRESENTATION_ITEM ( '' )  );
#7296 = CARTESIAN_POINT ( 'NONE',  ( -14.79402755119869539, 3.960949584334377160, 3.142100272098100611 ) ) ;
#7297 = ORIENTED_EDGE ( 'NONE', *, *, #2533, .F. ) ;
#7298 = VERTEX_POINT ( 'NONE', #634 ) ;
#7299 = CARTESIAN_POINT ( 'NONE',  ( 3.068478155885799197, 24.36362238505854094, 3.625871179020523805 ) ) ;
#7300 = CARTESIAN_POINT ( 'NONE',  ( 0.8654745695316845566, 32.02262672620886264, -2.345411215436206565 ) ) ;
#7301 = FACE_OUTER_BOUND ( 'NONE', #6651, .T. ) ;
#7302 = LINE ( 'NONE', #6738, #3970 ) ;
#7303 = B_SPLINE_CURVE_WITH_KNOTS ( 'NONE', 3,
 ( #5950, #637, #2508, #1901, #1227, #2928 ),
 .UNSPECIFIED., .F., .F.,
 ( 4, 2, 4 ),
 ( 0.000000000000000000, 0.5000000000000000000, 1.000000000000000000 ),
 .UNSPECIFIED. ) ;
#7304 = CARTESIAN_POINT ( 'NONE',  ( 13.01848524180952182, 13.72451892203373802, 4.911322123600253775 ) ) ;
#7305 = EDGE_LOOP ( 'NONE', ( #633, #2348, #7183, #2094, #3032 ) ) ;
#7306 = CARTESIAN_POINT ( 'NONE',  ( 1.902822594466167860, 32.01376935690984027, 1.622463789236570975 ) ) ;
#7307 = VERTEX_POINT ( 'NONE', #4667 ) ;
#7308 = DIRECTION ( 'NONE',  ( 0.000000000000000000, 0.000000000000000000, 1.000000000000000000 ) ) ;
#7309 = CARTESIAN_POINT ( 'NONE',  ( -3.957954263291591168, 25.50000000000000355, -5.043990431826353084E-16 ) ) ;
#7310 = CARTESIAN_POINT ( 'NONE',  ( 14.99999999999996803, 6.515940905122494797, -1.590103938402623224E-31 ) ) ;
#7311 = CARTESIAN_POINT ( 'NONE',  ( 1.605857473938688162, 25.00000000000000000, -4.470315623464998112 ) ) ;
#7312 = DIRECTION ( 'NONE',  ( -6.982962677686265133E-15, -8.286202299030235609E-30, -1.000000000000000000 ) ) ;
#7313 = CARTESIAN_POINT ( 'NONE',  ( 10.79482120841064230, 10.15964696837416703, -10.79482120841063875 ) ) ;
#7314 = CARTESIAN_POINT ( 'NONE',  ( -2.336637871645899089, 32.25000000000000000, -0.8888888888888887285 ) ) ;
#7315 = EDGE_LOOP ( 'NONE', ( #6986, #4049, #6790, #3765 ) ) ;
#7316 = VERTEX_POINT ( 'NONE', #2276 ) ;
#7317 = CARTESIAN_POINT ( 'NONE',  ( -4.730356052295813463, 25.50000000000000355, -0.4525133394262046416 ) ) ;
#7318 = FACE_OUTER_BOUND ( 'NONE', #3703, .T. ) ;
#7319 = EDGE_CURVE ( 'NONE', #6150, #6060, #4186, .T. ) ;
#7320 = CARTESIAN_POINT ( 'NONE',  ( -11.87336559135424885, 9.400950442490824344, 9.180986855213985720 ) ) ;
#7321 = CARTESIAN_POINT ( 'NONE',  ( 6.737999999999995993, 3.563136350408307340, -11.67055834139906345 ) ) ;
#7322 = CARTESIAN_POINT ( 'NONE',  ( 13.72999999999997200, 4.069725761544183307, -3.678942412079297952 ) ) ;
#7323 = CARTESIAN_POINT ( 'NONE',  ( 0.000000000000000000, 24.04289321881345387, 0.000000000000000000 ) ) ;
#7324 = DIRECTION ( 'NONE',  ( -0.5000000000000039968, 0.000000000000000000, -0.8660254037844363761 ) ) ;
#7325 = CARTESIAN_POINT ( 'NONE',  ( -2.433305269872328758, 31.90325221641045061, -0.6014500654764525223 ) ) ;
#7326 = CARTESIAN_POINT ( 'NONE',  ( 2.058315696121291616, 24.29552231504557724, -2.465107363698637144 ) ) ;
#7327 = ADVANCED_FACE ( 'NONE', ( #150 ), #1729, .T. ) ;
#7328 = CARTESIAN_POINT ( 'NONE',  ( -8.928974945478417524, 4.544878846801588601, 12.05536229877807486 ) ) ;
#7329 = EDGE_LOOP ( 'NONE', ( #5090, #3845, #3208, #6322 ) ) ;
#7330 = CARTESIAN_POINT ( 'NONE',  ( 1.860168659800896629, 24.27700814827986875, 4.082786993454686986 ) ) ;
#7331 = DIRECTION ( 'NONE',  ( -0.8660254037844362651, 0.000000000000000000, 0.5000000000000041078 ) ) ;
#7332 = FACE_OUTER_BOUND ( 'NONE', #5462, .T. ) ;
#7333 = CARTESIAN_POINT ( 'NONE',  ( 0.000000000000000000, 16.00000000000000711, 0.000000000000000000 ) ) ;
#7334 = CARTESIAN_POINT ( 'NONE',  ( -4.428317965096905340, 25.00000000000000000, 0.5500000000000000444 ) ) ;
#7335 = ADVANCED_FACE ( 'NONE', ( #4741 ), #4700, .F. ) ;
#7336 = CARTESIAN_POINT ( 'NONE',  ( 2.690472954629861135, 25.00000000000000000, -3.560035853808956041 ) ) ;
#7337 = CARTESIAN_POINT ( 'NONE',  ( 0.4536835609661847846, 32.01376935690984027, -2.459124600321062726 ) ) ;
#7338 = DIRECTION ( 'NONE',  ( 0.000000000000000000, 0.000000000000000000, -1.000000000000000000 ) ) ;
#7339 = ORIENTED_EDGE ( 'NONE', *, *, #5736, .F. ) ;
#7340 = AXIS2_PLACEMENT_3D ( 'NONE', #6816, #4120, #2349 ) ;
#7341 = DIRECTION ( 'NONE',  ( -1.000000000000000000, 0.000000000000000000, 0.000000000000000000 ) ) ;
#7342 = EDGE_CURVE ( 'NONE', #6469, #4840, #2500, .T. ) ;
#7343 = VECTOR ( 'NONE', #5308, 1000.000000000000000 ) ;
#7344 = CARTESIAN_POINT ( 'NONE',  ( -7.453514773719355446, 3.290303785894582500, -12.90986628304717598 ) ) ;
#7345 = CARTESIAN_POINT ( 'NONE',  ( 9.709082628276196834E-15, 8.626528778619144688, -13.72999999999997200 ) ) ;
#7346 = CARTESIAN_POINT ( 'NONE',  ( 0.8674041394244745851, 32.02121782900726288, -2.344701677386198391 ) ) ;
#7347 = CARTESIAN_POINT ( 'NONE',  ( -14.74599999999996491, 12.06464696837416817, -3.579536690155012338E-15 ) ) ;
#7348 = LINE ( 'NONE', #1073, #5321 ) ;
#7349 = ORIENTED_EDGE ( 'NONE', *, *, #2574, .T. ) ;
#7350 = CARTESIAN_POINT ( 'NONE',  ( -3.126137210125222055, 24.25000000000000000, 0.5500000000000000444 ) ) ;
#7351 = ORIENTED_EDGE ( 'NONE', *, *, #3699, .T. ) ;
#7352 = CARTESIAN_POINT ( 'NONE',  ( 3.021094839966120826, 24.23215088201724399, -3.666790878684298427 ) ) ;
#7353 = VECTOR ( 'NONE', #4398, 999.9999999999998863 ) ;
#7354 = AXIS2_PLACEMENT_3D ( 'NONE', #4293, #4180, #4781 ) ;
#7355 = TOROIDAL_SURFACE ( 'NONE', #7237, 15.24999999999996803, 0.2500000000000000000 ) ;
#7356 = CARTESIAN_POINT ( 'NONE',  ( -2.620384248089608903, 9.998747236782714154, 14.76935342788758199 ) ) ;
#7357 = CARTESIAN_POINT ( 'NONE',  ( 11.67055834139907411, 8.219803017074974960, -6.737999999999973788 ) ) ;
#7358 = CARTESIAN_POINT ( 'NONE',  ( -11.89052879396032480, 11.90139242821085119, 6.864999999999974456 ) ) ;
#7359 = CARTESIAN_POINT ( 'NONE',  ( -3.709948533750129673, 25.04109048251859448, 0.5500000000000000444 ) ) ;
#7360 = CARTESIAN_POINT ( 'NONE',  ( 1.726996756481162132, 31.85936769608568397, -1.856315845882185123 ) ) ;
#7361 = AXIS2_PLACEMENT_3D ( 'NONE', #1702, #3283, #6233 ) ;
#7362 = CARTESIAN_POINT ( 'NONE',  ( 1.699965975574863064, 24.45447768495442631, -2.344427440834109255 ) ) ;
#7363 = DIRECTION ( 'NONE',  ( -0.4999999999999919509, 0.000000000000000000, 0.8660254037844432595 ) ) ;
#7364 = AXIS2_PLACEMENT_3D ( 'NONE', #6889, #1254, #3547 ) ;
#7365 = AXIS2_PLACEMENT_3D ( 'NONE', #1297, #4252, #4288 ) ;
#7366 = CARTESIAN_POINT ( 'NONE',  ( -0.1921929006034314158, 2.530277824599907355, -14.99915718200811021 ) ) ;
#7367 = ORIENTED_EDGE ( 'NONE', *, *, #7382, .T. ) ;
#7368 = CARTESIAN_POINT ( 'NONE',  ( 1.737845010467029994, 24.50000000000000000, 4.110035853808923001 ) ) ;
#7369 = DIRECTION ( 'NONE',  ( -0.1976886256736909431, -0.9077658602273436239, 0.3699734453781218235 ) ) ;
#7370 = CARTESIAN_POINT ( 'NONE',  ( 2.690472954629941960, 24.50000000000000355, 3.560035853808970696 ) ) ;
#7371 = CARTESIAN_POINT ( 'NONE',  ( 1.953791883811141661, 25.45447768545454181, -3.158380583403899156 ) ) ;
#7372 = CARTESIAN_POINT ( 'NONE',  ( -12.99038105676654986, 12.08125454016333045, -7.499999999999989342 ) ) ;
#7373 = CARTESIAN_POINT ( 'NONE',  ( 14.92152102994126395, 13.76907714214152634, 1.540228933195682881 ) ) ;
#7374 = DIRECTION ( 'NONE',  ( 0.000000000000000000, -1.000000000000000000, 0.000000000000000000 ) ) ;
#7375 = CARTESIAN_POINT ( 'NONE',  ( -4.727528637842966397, 25.04983612824399231, -0.5499999933497370375 ) ) ;
#7376 = EDGE_LOOP ( 'NONE', ( #1548 ) ) ;
#7377 = VERTEX_POINT ( 'NONE', #4402 ) ;
#7378 = DIRECTION ( 'NONE',  ( 0.000000000000000000, 1.000000000000000000, 0.000000000000000000 ) ) ;
#7379 = EDGE_CURVE ( 'NONE', #1284, #1809, #2440, .T. ) ;
#7380 =( BOUNDED_CURVE ( )  B_SPLINE_CURVE ( 2, ( #3354, #3318, #6266, #6198, #1027, #5630, #473, #4540, #2753, #1659, #2862, #4649, #6458, #5250, #1167, #5888, #5932, #5182, #1315, #6990, #1769, #3463, #3572, #725, #2376, #2942, #1280, #6952, #1735, #5288, #131, #2456, #6336, #21, #1882, #5781, #92, #4725, #6375, #3017, #4617, #1206, #1847, #4760, #6915, #3618, #5332, #62, #4030 ),
 .UNSPECIFIED., .F., .T. ) 
 B_SPLINE_CURVE_WITH_KNOTS ( ( 3, 2, 2, 2, 2, 2, 2, 2, 2, 2, 2, 2, 2, 2, 2, 2, 2, 2, 2, 2, 2, 2, 2, 2, 3 ),
 ( 0.000000000000000000, 0.04233451713759359136, 0.08466903427518718273, 0.1270035514127808018, 0.1693380685503743655, 0.2116725856879679846, 0.2540071028255616037, 0.2963416199631552228, 0.3386761371007487309, 0.3810106542383423500, 0.4233451713759359691, 0.4656796885135295327, 0.5080142056511232074, 0.5503487227887167155, 0.5926832399263104456, 0.6350177570639039537, 0.6773522742014974618, 0.7196867913390911919, 0.7620213084766847000, 0.8043558256142783192, 0.8466903427518719383, 0.8890248598894655574, 0.9313593770270590655, 0.9736938941646527956, 1.000000000000000000 ),
 .UNSPECIFIED. ) 
 CURVE ( )  GEOMETRIC_REPRESENTATION_ITEM ( )  RATIONAL_B_SPLINE_CURVE ( ( 1.000000000000000000, 0.9659258262890683122, 1.000000000000000000, 0.9659258262890683122, 1.000000000000000000, 0.9659258262890683122, 1.000000000000000000, 0.9659258262890683122, 1.000000000000000000, 0.9659258262890683122, 1.000000000000000000, 0.9659258262890683122, 1.000000000000000000, 0.9659258262890683122, 1.000000000000000000, 0.9659258262890683122, 1.000000000000000000, 0.9659258262890683122, 1.000000000000000000, 0.9659258262890683122, 1.000000000000000000, 0.9659258262890683122, 1.000000000000000000, 0.9659258262890683122, 1.000000000000000000, 0.9659258262890683122, 1.000000000000000000, 0.9659258262890683122, 1.000000000000000000, 0.9659258262890683122, 1.000000000000000000, 0.9659258262890683122, 1.000000000000000000, 0.9659258262890683122, 1.000000000000000000, 0.9659258262890683122, 1.000000000000000000, 0.9659258262890683122, 1.000000000000000000, 0.9659258262890683122, 1.000000000000000000, 0.9659258262890683122, 1.000000000000000000, 0.9659258262890683122, 1.000000000000000000, 0.9659258262890683122, 1.000000000000000000, 0.9788267616947543548, 0.9839670606822352728 ) ) 
 REPRESENTATION_ITEM ( '' )  );
#7381 = CARTESIAN_POINT ( 'NONE',  ( 10.98076211353313347, 7.150940905122494584, -10.98076211353313347 ) ) ;
#7382 = EDGE_CURVE ( 'NONE', #3562, #5383, #3587, .T. ) ;
#7383 = CYLINDRICAL_SURFACE ( 'NONE', #4352, 0.2500000000000001110 ) ;
#7384 = EDGE_CURVE ( 'NONE', #2903, #310, #5419, .T. ) ;
#7385 = CARTESIAN_POINT ( 'NONE',  ( 1.381036767349308247, 25.32907009483792748, 3.492025848169721058 ) ) ;
#7386 = B_SPLINE_CURVE_WITH_KNOTS ( 'NONE', 3,
 ( #4279, #4396, #5413, #5975 ),
 .UNSPECIFIED., .F., .F.,
 ( 4, 4 ),
 ( 0.000000000000000000, 0.0001906956393606340733 ),
 .UNSPECIFIED. ) ;
#7387 = ORIENTED_EDGE ( 'NONE', *, *, #6305, .T. ) ;
#7388 = ORIENTED_EDGE ( 'NONE', *, *, #2765, .F. ) ;
#7389 = CARTESIAN_POINT ( 'NONE',  ( -9.865116682798179326, 10.97146968374164011, 9.865116682798152681 ) ) ;
#7390 = DIRECTION ( 'NONE',  ( -0.000000000000000000, -1.000000000000000000, -0.000000000000000000 ) ) ;
#7391 = ORIENTED_EDGE ( 'NONE', *, *, #3148, .T. ) ;
#7392 = CARTESIAN_POINT ( 'NONE',  ( 7.937783143288782206, 10.59013943321337159, 12.72972378196746490 ) ) ;
#7393 = CARTESIAN_POINT ( 'NONE',  ( 1.736972606723147683, 31.89620105565678898, 1.818177736219808160 ) ) ;
#7394 = CARTESIAN_POINT ( 'NONE',  ( -6.864999999999974456, 10.63139242821085162, -11.89052879396032303 ) ) ;
#7395 = CARTESIAN_POINT ( 'NONE',  ( 1.303260983927293060, 24.50000000000000000, 2.857314239684249024 ) ) ;
#7396 = FACE_OUTER_BOUND ( 'NONE', #6171, .T. ) ;
#7397 = CARTESIAN_POINT ( 'NONE',  ( -2.370206104252276624, 32.24999998118632050, -0.8006474848475734207 ) ) ;
#7398 = CARTESIAN_POINT ( 'NONE',  ( -3.610883317201822429, 12.09645152308835314, 13.47599999999996179 ) ) ;
#7399 = ADVANCED_FACE ( 'NONE', ( #3745 ), #5500, .T. ) ;
#7400 = CARTESIAN_POINT ( 'NONE',  ( 0.3944290159756722591, 2.499114507061613644, -14.99481662302542873 ) ) ;
#7401 = ORIENTED_EDGE ( 'NONE', *, *, #1813, .F. ) ;
#7402 = VERTEX_POINT ( 'NONE', #4250 ) ;
#7403 = DIRECTION ( 'NONE',  ( 0.8660254037844432595, 0.000000000000000000, 0.4999999999999920619 ) ) ;
#7404 = CARTESIAN_POINT ( 'NONE',  ( 3.610883317201783349, 7.439784856421686854, 13.47599999999997600 ) ) ;
#7405 = CARTESIAN_POINT ( 'NONE',  ( -3.726813900398779467, 25.25000000000000355, 0.3397332816097152763 ) ) ;
#7406 = CARTESIAN_POINT ( 'NONE',  ( 1.665024920146232601, 25.26800461991650337, 4.449730802489754389 ) ) ;
#7407 = CARTESIAN_POINT ( 'NONE',  ( -4.685432490622229551, 25.26205197252755852, 0.7867016284757257782 ) ) ;
#7408 = CARTESIAN_POINT ( 'NONE',  ( 2.615192378864622302, 25.25000000000000000, -5.129646071760547876 ) ) ;
#7409 = CARTESIAN_POINT ( 'NONE',  ( -4.739432689913659402, 25.50000000000000355, -0.3166666666666662633 ) ) ;
#7410 = ORIENTED_EDGE ( 'NONE', *, *, #4697, .F. ) ;
#7411 = CARTESIAN_POINT ( 'NONE',  ( -1.248540535529918529E-14, 6.179499231180392016, 13.56897045256121714 ) ) ;
#7412 = CARTESIAN_POINT ( 'NONE',  ( -3.994326528783085806, 3.078637119227915164, -14.90702954743871800 ) ) ;
#7413 = CARTESIAN_POINT ( 'NONE',  ( -1.520863999602968475, 31.79552231504558080, 0.3000000000000000444 ) ) ;
#7414 = CYLINDRICAL_SURFACE ( 'NONE', #4593, 0.2499999999999999722 ) ;
#7415 = CARTESIAN_POINT ( 'NONE',  ( 12.77041060420529561, 9.101313635040831684, 7.372999999999991338 ) ) ;
#7416 = B_SPLINE_CURVE_WITH_KNOTS ( 'NONE', 3,
 ( #4648, #541, #3952, #91 ),
 .UNSPECIFIED., .F., .F.,
 ( 4, 4 ),
 ( 0.003483317596655922249, 0.003910289856223587643 ),
 .UNSPECIFIED. ) ;
#7417 = EDGE_CURVE ( 'NONE', #4840, #6093, #5346, .T. ) ;
#7418 = EDGE_LOOP ( 'NONE', ( #5531, #4364, #1119, #6102 ) ) ;
#7419 = CARTESIAN_POINT ( 'NONE',  ( -2.443074411523562084, 31.89620105565709096, 0.5951735349901482452 ) ) ;
#7420 = EDGE_LOOP ( 'NONE', ( #2536 ) ) ;
#7421 =( BOUNDED_SURFACE ( )  B_SPLINE_SURFACE ( 3, 2, ( 
 ( #6656, #5518, #3275 ),
 ( #5623, #3879, #430 ),
 ( #1543, #7360, #1018 ),
 ( #5021, #2637, #6802 ) ),
 .UNSPECIFIED., .F., .F., .T. ) 
 B_SPLINE_SURFACE_WITH_KNOTS ( ( 4, 4 ),
 ( 3, 3 ),
 ( 0.0003358411011784031381, 0.0005258393205671010266 ),
 ( 0.000000000000000000, 1.000000000000000000 ),
 .UNSPECIFIED. ) 
 GEOMETRIC_REPRESENTATION_ITEM ( )  RATIONAL_B_SPLINE_SURFACE ( (
 ( 1.000000000000000000, 0.7519653661432152969, 1.000000000000000000),
 ( 1.000000000000000000, 0.7443705148068393562, 1.000000000000000000),
 ( 1.000000000000000000, 0.7377192712881905923, 1.000000000000000000),
 ( 1.000000000000000000, 0.7314725590611550476, 1.000000000000000000) ) ) 
 REPRESENTATION_ITEM ( '' )  SURFACE ( )  );
#7422 = VERTEX_POINT ( 'NONE', #6019 ) ;
#7423 = CARTESIAN_POINT ( 'NONE',  ( 2.958333333333285964, 24.27859547920896688, -5.123983639057956729 ) ) ;
#7424 = ORIENTED_EDGE ( 'NONE', *, *, #6132, .F. ) ;
#7425 = CARTESIAN_POINT ( 'NONE',  ( 1.620094616491305706, 31.88631336310443487, -1.625221809074981705 ) ) ;
#7426 = CARTESIAN_POINT ( 'NONE',  ( -2.504027329831627569, 31.85815509605173546, 0.3327260079578165941 ) ) ;
#7427 = CARTESIAN_POINT ( 'NONE',  ( -11.67055834139906167, 9.913136350408308317, -6.737999999999998657 ) ) ;
#7428 = CARTESIAN_POINT ( 'NONE',  ( 11.89052879396030882, 13.59472576154418455, 6.864999999999999325 ) ) ;
#7429 = CARTESIAN_POINT ( 'NONE',  ( 14.75505936953721609, 14.44520447602266344, 2.699670906134864268 ) ) ;
#7430 = CARTESIAN_POINT ( 'NONE',  ( 13.21297645056471026, 13.41867553260109425, 2.649496049589595614 ) ) ;
#7431 = ADVANCED_FACE ( 'NONE', ( #303 ), #6861, .F. ) ;
#7432 = CARTESIAN_POINT ( 'NONE',  ( 10.91073385350178349, 6.942048340721073352, -10.32269548890060662 ) ) ;
#7433 = ORIENTED_EDGE ( 'NONE', *, *, #6043, .T. ) ;
#7434 = ORIENTED_EDGE ( 'NONE', *, *, #6843, .T. ) ;
#7435 = CARTESIAN_POINT ( 'NONE',  ( 1.660472048566037140, 31.95426935736254137, 1.575962130371389325 ) ) ;
#7436 = CARTESIAN_POINT ( 'NONE',  ( 3.610883317201814435, 4.476451523088355700, -13.47599999999996356 ) ) ;
#7437 = DIRECTION ( 'NONE',  ( -0.000000000000000000, -1.000000000000000000, -0.000000000000000000 ) ) ;
#7438 = CARTESIAN_POINT ( 'NONE',  ( 1.973289978653502974, 25.50000000000000355, 4.322865179946737690 ) ) ;
#7439 = CARTESIAN_POINT ( 'NONE',  ( 13.72999999999997200, 7.356528778619145115, 8.868362600661541052E-15 ) ) ;
#7440 = AXIS2_PLACEMENT_3D ( 'NONE', #5201, #2317, #110 ) ;
#7441 = CARTESIAN_POINT ( 'NONE',  ( 0.4917219907719989069, 32.24999998118632050, -2.452982440911210649 ) ) ;
#7442 = CARTESIAN_POINT ( 'NONE',  ( 1.559559217908373929, 31.97766877619273629, 1.959142720775947311 ) ) ;
#7443 = ORIENTED_EDGE ( 'NONE', *, *, #1238, .T. ) ;
#7444 = DIRECTION ( 'NONE',  ( 0.4999999999999919509, 0.000000000000000000, -0.8660254037844432595 ) ) ;
#7445 = CARTESIAN_POINT ( 'NONE',  ( -13.56897045256122425, 10.20116589784705852, 3.635794674885527211 ) ) ;
#7446 = ADVANCED_FACE ( 'NONE', ( #334 ), #446, .F. ) ;
#7447 = CARTESIAN_POINT ( 'NONE',  ( -12.99038105676655519, 9.479274238455829504, 7.499999999999981348 ) ) ;
#7448 = CARTESIAN_POINT ( 'NONE',  ( 1.675881529619108745, 25.25000000000000355, 3.515406703194403182 ) ) ;
#7449 = CARTESIAN_POINT ( 'NONE',  ( 1.562001501366092977E-15, 5.807617420935414998, -14.90702954743872155 ) ) ;
#7450 = CARTESIAN_POINT ( 'NONE',  ( 3.021067454885111303, 25.26800461991650337, -3.666819280025684691 ) ) ;
#7451 = CIRCLE ( 'NONE', #1546, 1.523999989070051964 ) ;
#7452 = ORIENTED_EDGE ( 'NONE', *, *, #1977, .T. ) ;
#7453 = CARTESIAN_POINT ( 'NONE',  ( -4.428317965096905340, 24.50000000000000000, 0.5500000000000000444 ) ) ;
#7454 = ORIENTED_EDGE ( 'NONE', *, *, #5126, .F. ) ;
#7455 = CARTESIAN_POINT ( 'NONE',  ( -2.500000000000000000, 32.02295302177460457, 0.1431089935866999563 ) ) ;
#7456 = VERTEX_POINT ( 'NONE', #888 ) ;
#7457 = CARTESIAN_POINT ( 'NONE',  ( 0.5974360651977713710, 31.88631336310443487, 2.215653998953373005 ) ) ;
#7458 = CARTESIAN_POINT ( 'NONE',  ( 1.860284069159937381, 25.22294499914778854, -4.082745497264316015 ) ) ;
#7459 = CARTESIAN_POINT ( 'NONE',  ( 0.5006243786661600526, 31.79552231504558080, 1.467106859357375725 ) ) ;
ENDSEC;
END-ISO-10303-21;
